time,实时出清价格
2025-06-11 00:00:00,385.901337
2025-06-11 00:15:00,355.282318
2025-06-11 00:30:00,327.877533
2025-06-11 00:45:00,307.676453
2025-06-11 01:00:00,279.498047
2025-06-11 01:15:00,286.978699
2025-06-11 01:30:00,275.223175
2025-06-11 01:45:00,294.305908
2025-06-11 02:00:00,266.678711
2025-06-11 02:15:00,270.019653
2025-06-11 02:30:00,265.994476
2025-06-11 02:45:00,267.070465
2025-06-11 03:00:00,265.998505
2025-06-11 03:15:00,266.486145
2025-06-11 03:30:00,266.375275
2025-06-11 03:45:00,266.696686
2025-06-11 04:00:00,277.603027
2025-06-11 04:15:00,275.694824
2025-06-11 04:30:00,277.69101
2025-06-11 04:45:00,294.659332
2025-06-11 05:00:00,358.709717
2025-06-11 05:15:00,328.315002
2025-06-11 05:30:00,355.738159
2025-06-11 05:45:00,341.316315
2025-06-11 06:00:00,438.17453
2025-06-11 06:15:00,436.042114
2025-06-11 06:30:00,415.999969
2025-06-11 06:45:00,311.158813
2025-06-11 07:00:00,276.000092
2025-06-11 07:15:00,266.000061
2025-06-11 07:30:00,170.000092
2025-06-11 07:45:00,149.90004
2025-06-11 08:00:00,129.999985
2025-06-11 08:15:00,20.0
2025-06-11 08:30:00,0.0
2025-06-11 08:45:00,0.0
2025-06-11 09:00:00,1.689393
2025-06-11 09:15:00,19.999989
2025-06-11 09:30:00,115.115059
2025-06-11 09:45:00,169.91748
2025-06-11 10:00:00,171.091171
2025-06-11 10:15:00,249.609314
2025-06-11 10:30:00,252.742523
2025-06-11 10:45:00,267.569489
2025-06-11 11:00:00,329.18277
2025-06-11 11:15:00,298.012299
2025-06-11 11:30:00,254.061447
2025-06-11 11:45:00,255.228333
2025-06-11 12:00:00,292.508148
2025-06-11 12:15:00,345.029755
2025-06-11 12:30:00,344.24649
2025-06-11 12:45:00,369.894531
2025-06-11 13:00:00,229.424484
2025-06-11 13:15:00,256.767487
2025-06-11 13:30:00,276.712524
2025-06-11 13:45:00,259.450623
2025-06-11 14:00:00,276.93045
2025-06-11 14:15:00,277.339661
2025-06-11 14:30:00,286.250366
2025-06-11 14:45:00,296.288727
2025-06-11 15:00:00,412.640228
2025-06-11 15:15:00,413.327637
2025-06-11 15:30:00,433.481903
2025-06-11 15:45:00,431.99234
2025-06-11 16:00:00,418.2005
2025-06-11 16:15:00,434.775116
2025-06-11 16:30:00,434.125305
2025-06-11 16:45:00,415.519135
2025-06-11 17:00:00,370.34552
2025-06-11 17:15:00,327.028961
2025-06-11 17:30:00,279.000153
2025-06-11 17:45:00,267.712341
2025-06-11 18:00:00,265.269836
2025-06-11 18:15:00,273.210846
2025-06-11 18:30:00,275.124634
2025-06-11 18:45:00,335.444305
2025-06-11 19:00:00,292.303894
2025-06-11 19:15:00,294.304474
2025-06-11 19:30:00,324.78656
2025-06-11 19:45:00,414.347504
2025-06-11 20:00:00,416.304871
2025-06-11 20:15:00,415.322418
2025-06-11 20:30:00,418.86908
2025-06-11 20:45:00,417.871002
2025-06-11 21:00:00,417.290436
2025-06-11 21:15:00,417.276733
2025-06-11 21:30:00,369.058197
2025-06-11 21:45:00,308.011047
2025-06-11 22:00:00,305.448578
2025-06-11 22:15:00,297.700714
2025-06-11 22:30:00,272.617981
2025-06-11 22:45:00,265.582428
2025-06-11 23:00:00,264.89212
2025-06-11 23:15:00,264.340515
2025-06-11 23:30:00,264.179199
2025-06-11 23:45:00,268.999908
2025-06-12 00:00:00,435.029724
2025-06-12 00:15:00,436.039215
2025-06-12 00:30:00,424.187195
2025-06-12 00:45:00,424.302429
2025-06-12 01:00:00,423.54776
2025-06-12 01:15:00,419.500244
2025-06-12 01:30:00,419.955566
2025-06-12 01:45:00,433.149231
2025-06-12 02:00:00,435.62146
2025-06-12 02:15:00,434.800018
2025-06-12 02:30:00,419.610107
2025-06-12 02:45:00,419.451752
2025-06-12 03:00:00,418.993866
2025-06-12 03:15:00,417.928925
2025-06-12 03:30:00,416.952637
2025-06-12 03:45:00,415.764923
2025-06-12 04:00:00,417.141418
2025-06-12 04:15:00,416.94931
2025-06-12 04:30:00,418.73877
2025-06-12 04:45:00,419.767334
2025-06-12 05:00:00,422.194763
2025-06-12 05:15:00,438.043945
2025-06-12 05:30:00,440.421417
2025-06-12 05:45:00,437.690582
2025-06-12 06:00:00,439.726471
2025-06-12 06:15:00,438.1716
2025-06-12 06:30:00,417.835785
2025-06-12 06:45:00,346.773621
2025-06-12 07:00:00,271.662567
2025-06-12 07:15:00,267.451019
2025-06-12 07:30:00,249.53511
2025-06-12 07:45:00,241.368378
2025-06-12 08:00:00,180.73056
2025-06-12 08:15:00,131.051849
2025-06-12 08:30:00,21.676891
2025-06-12 08:45:00,1.902744
2025-06-12 09:00:00,1.769385
2025-06-12 09:15:00,1.753075
2025-06-12 09:30:00,1.873969
2025-06-12 09:45:00,1.631295
2025-06-12 10:00:00,3.806172
2025-06-12 10:15:00,3.501584
2025-06-12 10:30:00,4.059175
2025-06-12 10:45:00,4.006243
2025-06-12 11:00:00,119.72905
2025-06-12 11:15:00,50.889549
2025-06-12 11:30:00,116.510429
2025-06-12 11:45:00,118.659508
2025-06-12 12:00:00,259.281525
2025-06-12 12:15:00,263.67099
2025-06-12 12:30:00,261.160583
2025-06-12 12:45:00,260.001526
2025-06-12 13:00:00,165.343353
2025-06-12 13:15:00,174.866943
2025-06-12 13:30:00,192.822678
2025-06-12 13:45:00,195.642914
2025-06-12 14:00:00,167.333633
2025-06-12 14:15:00,177.83844
2025-06-12 14:30:00,121.70121
2025-06-12 14:45:00,117.912682
2025-06-12 15:00:00,122.641487
2025-06-12 15:15:00,182.422714
2025-06-12 15:30:00,266.588318
2025-06-12 15:45:00,271.065674
2025-06-12 16:00:00,303.709717
2025-06-12 16:15:00,419.187164
2025-06-12 16:30:00,424.676575
2025-06-12 16:45:00,420.14502
2025-06-12 17:00:00,438.717834
2025-06-12 17:15:00,422.898712
2025-06-12 17:30:00,423.315735
2025-06-12 17:45:00,421.361969
2025-06-12 18:00:00,423.363892
2025-06-12 18:15:00,427.738129
2025-06-12 18:30:00,438.15329
2025-06-12 18:45:00,443.547913
2025-06-12 19:00:00,443.371429
2025-06-12 19:15:00,443.584473
2025-06-12 19:30:00,443.86618
2025-06-12 19:45:00,442.806824
2025-06-12 20:00:00,442.705963
2025-06-12 20:15:00,444.768005
2025-06-12 20:30:00,445.53891
2025-06-12 20:45:00,445.469788
2025-06-12 21:00:00,445.365723
2025-06-12 21:15:00,443.271301
2025-06-12 21:30:00,443.487793
2025-06-12 21:45:00,443.058716
2025-06-12 22:00:00,440.002258
2025-06-12 22:15:00,440.942322
2025-06-12 22:30:00,443.813812
2025-06-12 22:45:00,444.322205
2025-06-12 23:00:00,444.296936
2025-06-12 23:15:00,443.767059
2025-06-12 23:30:00,439.10614
2025-06-12 23:45:00,438.487366
2025-06-13 00:00:00,468.871368
2025-06-13 00:15:00,503.634735
2025-06-13 00:30:00,468.903442
2025-06-13 00:45:00,456.355499
2025-06-13 01:00:00,455.215454
2025-06-13 01:15:00,456.28949
2025-06-13 01:30:00,446.662537
2025-06-13 01:45:00,440.989838
2025-06-13 02:00:00,440.772705
2025-06-13 02:15:00,440.831848
2025-06-13 02:30:00,439.845703
2025-06-13 02:45:00,438.795074
2025-06-13 03:00:00,439.235199
2025-06-13 03:15:00,437.999603
2025-06-13 03:30:00,440.266541
2025-06-13 03:45:00,440.290955
2025-06-13 04:00:00,440.249908
2025-06-13 04:15:00,439.996429
2025-06-13 04:30:00,440.235992
2025-06-13 04:45:00,439.65686
2025-06-13 05:00:00,441.616302
2025-06-13 05:15:00,442.181641
2025-06-13 05:30:00,442.187897
2025-06-13 05:45:00,440.276917
2025-06-13 06:00:00,492.993744
2025-06-13 06:15:00,478.563477
2025-06-13 06:30:00,438.167297
2025-06-13 06:45:00,419.921783
2025-06-13 07:00:00,299.620331
2025-06-13 07:15:00,269.927704
2025-06-13 07:30:00,266.99588
2025-06-13 07:45:00,242.061722
2025-06-13 08:00:00,171.096405
2025-06-13 08:15:00,117.577576
2025-06-13 08:30:00,2.448969
2025-06-13 08:45:00,2.254486
2025-06-13 09:00:00,1.922445
2025-06-13 09:15:00,2.595976
2025-06-13 09:30:00,4.224468
2025-06-13 09:45:00,4.061364
2025-06-13 10:00:00,4.096447
2025-06-13 10:15:00,4.126845
2025-06-13 10:30:00,4.076232
2025-06-13 10:45:00,3.962159
2025-06-13 11:00:00,3.954147
2025-06-13 11:15:00,3.962075
2025-06-13 11:30:00,3.910131
2025-06-13 11:45:00,3.848125
2025-06-13 12:00:00,44.340347
2025-06-13 12:15:00,117.127556
2025-06-13 12:30:00,44.292351
2025-06-13 12:45:00,4.978104
2025-06-13 13:00:00,44.176441
2025-06-13 13:15:00,5.061609
2025-06-13 13:30:00,6.157823
2025-06-13 13:45:00,4.01622
2025-06-13 14:00:00,4.091043
2025-06-13 14:15:00,4.132558
2025-06-13 14:30:00,4.136867
2025-06-13 14:45:00,4.127375
2025-06-13 15:00:00,8.036109
2025-06-13 15:15:00,100.969688
2025-06-13 15:30:00,153.806122
2025-06-13 15:45:00,244.492889
2025-06-13 16:00:00,271.657532
2025-06-13 16:15:00,306.001801
2025-06-13 16:30:00,425.279938
2025-06-13 16:45:00,429.076508
2025-06-13 17:00:00,445.893463
2025-06-13 17:15:00,444.958893
2025-06-13 17:30:00,446.072113
2025-06-13 17:45:00,447.134705
2025-06-13 18:00:00,446.466309
2025-06-13 18:15:00,446.516602
2025-06-13 18:30:00,462.425201
2025-06-13 18:45:00,465.598358
2025-06-13 19:00:00,482.75
2025-06-13 19:15:00,501.790527
2025-06-13 19:30:00,544.395386
2025-06-13 19:45:00,560.42218
2025-06-13 20:00:00,588.722473
2025-06-13 20:15:00,579.812866
2025-06-13 20:30:00,632.009216
2025-06-13 20:45:00,655.803772
2025-06-13 21:00:00,711.551819
2025-06-13 21:15:00,736.749939
2025-06-13 21:30:00,860.544434
2025-06-13 21:45:00,997.071045
2025-06-13 22:00:00,995.908875
2025-06-13 22:15:00,991.969421
2025-06-13 22:30:00,834.867432
2025-06-13 22:45:00,799.205811
2025-06-13 23:00:00,997.316101
2025-06-13 23:15:00,956.884766
2025-06-13 23:30:00,828.468018
2025-06-13 23:45:00,717.335144
2025-06-14 00:00:00,975.603333
2025-06-14 00:15:00,952.947876
2025-06-14 00:30:00,893.184326
2025-06-14 00:45:00,727.739441
2025-06-14 01:00:00,647.937073
2025-06-14 01:15:00,628.365906
2025-06-14 01:30:00,652.216309
2025-06-14 01:45:00,560.770874
2025-06-14 02:00:00,492.335693
2025-06-14 02:15:00,446.446838
2025-06-14 02:30:00,439.753998
2025-06-14 02:45:00,439.768921
2025-06-14 03:00:00,441.822754
2025-06-14 03:15:00,439.637482
2025-06-14 03:30:00,439.871033
2025-06-14 03:45:00,440.045166
2025-06-14 04:00:00,438.926086
2025-06-14 04:15:00,438.918182
2025-06-14 04:30:00,439.130981
2025-06-14 04:45:00,438.98819
2025-06-14 05:00:00,439.17627
2025-06-14 05:15:00,439.007782
2025-06-14 05:30:00,439.037598
2025-06-14 05:45:00,438.980957
2025-06-14 06:00:00,441.838867
2025-06-14 06:15:00,438.913513
2025-06-14 06:30:00,384.0
2025-06-14 06:45:00,274.000092
2025-06-14 07:00:00,240.408325
2025-06-14 07:15:00,152.809982
2025-06-14 07:30:00,117.000046
2025-06-14 07:45:00,79.999969
2025-06-14 08:00:00,0.0
2025-06-14 08:15:00,39.999992
2025-06-14 08:30:00,21.083796
2025-06-14 08:45:00,2.520829
2025-06-14 09:00:00,1.94596
2025-06-14 09:15:00,4.254623
2025-06-14 09:30:00,5.186929
2025-06-14 09:45:00,97.350502
2025-06-14 10:00:00,111.03756
2025-06-14 10:15:00,130.89212
2025-06-14 10:30:00,122.196869
2025-06-14 10:45:00,109.033089
2025-06-14 11:00:00,76.263306
2025-06-14 11:15:00,113.847786
2025-06-14 11:30:00,40.673954
2025-06-14 11:45:00,34.830654
2025-06-14 12:00:00,115.067741
2025-06-14 12:15:00,210.496933
2025-06-14 12:30:00,117.565536
2025-06-14 12:45:00,124.862076
2025-06-14 13:00:00,188.224823
2025-06-14 13:15:00,160.947739
2025-06-14 13:30:00,189.9245
2025-06-14 13:45:00,189.863297
2025-06-14 14:00:00,237.025238
2025-06-14 14:15:00,261.731689
2025-06-14 14:30:00,348.562073
2025-06-14 14:45:00,411.448303
2025-06-14 15:00:00,436.681061
2025-06-14 15:15:00,441.065277
2025-06-14 15:30:00,442.324371
2025-06-14 15:45:00,585.101563
2025-06-14 16:00:00,745.264648
2025-06-14 16:15:00,984.110962
2025-06-14 16:30:00,1003.158203
2025-06-14 16:45:00,1000.779114
2025-06-14 17:00:00,997.457397
2025-06-14 17:15:00,997.317139
2025-06-14 17:30:00,994.685974
2025-06-14 17:45:00,998.460144
2025-06-14 18:00:00,997.24585
2025-06-14 18:15:00,997.26532
2025-06-14 18:30:00,888.065918
2025-06-14 18:45:00,646.55127
2025-06-14 19:00:00,474.19754
2025-06-14 19:15:00,468.383148
2025-06-14 19:30:00,473.085388
2025-06-14 19:45:00,450.851654
2025-06-14 20:00:00,454.94342
2025-06-14 20:15:00,456.593445
2025-06-14 20:30:00,444.08139
2025-06-14 20:45:00,442.071655
2025-06-14 21:00:00,439.462677
2025-06-14 21:15:00,437.853119
2025-06-14 21:30:00,437.865326
2025-06-14 21:45:00,437.013092
2025-06-14 22:00:00,437.08136
2025-06-14 22:15:00,438.811432
2025-06-14 22:30:00,453.959106
2025-06-14 22:45:00,438.568787
2025-06-14 23:00:00,436.442627
2025-06-14 23:15:00,437.830475
2025-06-14 23:30:00,437.911926
2025-06-14 23:45:00,450.945618
2025-06-15 00:00:00,447.859589
2025-06-15 00:15:00,439.109589
2025-06-15 00:30:00,438.964813
2025-06-15 00:45:00,438.965302
2025-06-15 01:00:00,438.000122
2025-06-15 01:15:00,437.000275
2025-06-15 01:30:00,436.000061
2025-06-15 01:45:00,436.000153
2025-06-15 02:00:00,435.000122
2025-06-15 02:15:00,419.000122
2025-06-15 02:30:00,418.000031
2025-06-15 02:45:00,417.000061
2025-06-15 03:00:00,416.999725
2025-06-15 03:15:00,415.999969
2025-06-15 03:30:00,320.000122
2025-06-15 03:45:00,299.999969
2025-06-15 04:00:00,416.0
2025-06-15 04:15:00,416.999969
2025-06-15 04:30:00,416.0
2025-06-15 04:45:00,415.999939
2025-06-15 05:00:00,417.000092
2025-06-15 05:15:00,418.000214
2025-06-15 05:30:00,418.000061
2025-06-15 05:45:00,416.000183
2025-06-15 06:00:00,418.999725
2025-06-15 06:15:00,416.000122
2025-06-15 06:30:00,268.000153
2025-06-15 06:45:00,200.000092
2025-06-15 07:00:00,140.000015
2025-06-15 07:15:00,90.000031
2025-06-15 07:30:00,20.000008
2025-06-15 07:45:00,39.999985
2025-06-15 08:00:00,20.000004
2025-06-15 08:15:00,0.0
2025-06-15 08:30:00,1.432063
2025-06-15 08:45:00,0.0
2025-06-15 09:00:00,0.0
2025-06-15 09:15:00,0.0
2025-06-15 09:30:00,0.0
2025-06-15 09:45:00,0.0
2025-06-15 10:00:00,0.0
2025-06-15 10:15:00,2.35524
2025-06-15 10:30:00,2.520905
2025-06-15 10:45:00,3.023479
2025-06-15 11:00:00,4.062132
2025-06-15 11:15:00,3.71466
2025-06-15 11:30:00,2.15179
2025-06-15 11:45:00,2.124808
2025-06-15 12:00:00,3.446117
2025-06-15 12:15:00,2.307158
2025-06-15 12:30:00,6.089376
2025-06-15 12:45:00,3.268462
2025-06-15 13:00:00,4.110097
2025-06-15 13:15:00,4.362363
2025-06-15 13:30:00,4.354218
2025-06-15 13:45:00,2.323267
2025-06-15 14:00:00,4.215007
2025-06-15 14:15:00,7.243128
2025-06-15 14:30:00,3.941786
2025-06-15 14:45:00,3.379194
2025-06-15 15:00:00,4.10352
2025-06-15 15:15:00,4.405763
2025-06-15 15:30:00,4.38627
2025-06-15 15:45:00,4.247383
2025-06-15 16:00:00,119.090431
2025-06-15 16:15:00,152.929489
2025-06-15 16:30:00,219.429153
2025-06-15 16:45:00,242.51358
2025-06-15 17:00:00,217.228989
2025-06-15 17:15:00,217.414429
2025-06-15 17:30:00,242.287415
2025-06-15 17:45:00,271.115814
2025-06-15 18:00:00,268.042969
2025-06-15 18:15:00,276.017853
2025-06-15 18:30:00,414.284149
2025-06-15 18:45:00,417.056488
2025-06-15 19:00:00,415.621613
2025-06-15 19:15:00,416.628143
2025-06-15 19:30:00,417.05658
2025-06-15 19:45:00,276.922394
2025-06-15 20:00:00,299.151611
2025-06-15 20:15:00,299.019531
2025-06-15 20:30:00,270.714783
2025-06-15 20:45:00,270.243134
2025-06-15 21:00:00,266.999847
2025-06-15 21:15:00,250.074005
2025-06-15 21:30:00,258.000031
2025-06-15 21:45:00,265.000092
2025-06-15 22:00:00,270.0
2025-06-15 22:15:00,280.0
2025-06-15 22:30:00,273.999969
2025-06-15 22:45:00,268.000031
2025-06-15 23:00:00,265.999878
2025-06-15 23:15:00,250.0
2025-06-15 23:30:00,240.080063
2025-06-15 23:45:00,298.000061
2025-06-16 00:00:00,284.000122
2025-06-16 00:15:00,276.641968
2025-06-16 00:30:00,274.000153
2025-06-16 00:45:00,267.000031
2025-06-16 01:00:00,267.000122
2025-06-16 01:15:00,265.999908
2025-06-16 01:30:00,268.999847
2025-06-16 01:45:00,266.000092
2025-06-16 02:00:00,266.000031
2025-06-16 02:15:00,240.000153
2025-06-16 02:30:00,186.096466
2025-06-16 02:45:00,153.222443
2025-06-16 03:00:00,268.999908
2025-06-16 03:15:00,266.000031
2025-06-16 03:30:00,266.0
2025-06-16 03:45:00,265.999878
2025-06-16 04:00:00,265.000092
2025-06-16 04:15:00,265.000061
2025-06-16 04:30:00,266.000031
2025-06-16 04:45:00,265.999969
2025-06-16 05:00:00,270.000153
2025-06-16 05:15:00,275.164978
2025-06-16 05:30:00,275.430145
2025-06-16 05:45:00,269.000031
2025-06-16 06:00:00,267.000122
2025-06-16 06:15:00,156.999863
2025-06-16 06:30:00,1.390114
2025-06-16 06:45:00,0.0
2025-06-16 07:00:00,0.0
2025-06-16 07:15:00,0.0
2025-06-16 07:30:00,0.0
2025-06-16 07:45:00,0.0
2025-06-16 08:00:00,0.0
2025-06-16 08:15:00,0.0
2025-06-16 08:30:00,2.158004
2025-06-16 08:45:00,4.71241
2025-06-16 09:00:00,2.885396
2025-06-16 09:15:00,2.743632
2025-06-16 09:30:00,5.753453
2025-06-16 09:45:00,5.440854
2025-06-16 10:00:00,5.873576
2025-06-16 10:15:00,6.217411
2025-06-16 10:30:00,9.992873
2025-06-16 10:45:00,9.569861
2025-06-16 11:00:00,9.851219
2025-06-16 11:15:00,9.491154
2025-06-16 11:30:00,9.193453
2025-06-16 11:45:00,9.150219
2025-06-16 12:00:00,9.929844
2025-06-16 12:15:00,7.725182
2025-06-16 12:30:00,9.773335
2025-06-16 12:45:00,22.396822
2025-06-16 13:00:00,23.708757
2025-06-16 13:15:00,19.379194
2025-06-16 13:30:00,25.073078
2025-06-16 13:45:00,11.854981
2025-06-16 14:00:00,9.271304
2025-06-16 14:15:00,9.207893
2025-06-16 14:30:00,8.908681
2025-06-16 14:45:00,8.956551
2025-06-16 15:00:00,68.665901
2025-06-16 15:15:00,9.077903
2025-06-16 15:30:00,117.291115
2025-06-16 15:45:00,136.492722
2025-06-16 16:00:00,252.77951
2025-06-16 16:15:00,292.541107
2025-06-16 16:30:00,418.240387
2025-06-16 16:45:00,422.013062
2025-06-16 17:00:00,432.190979
2025-06-16 17:15:00,424.305664
2025-06-16 17:30:00,424.49118
2025-06-16 17:45:00,422.220856
2025-06-16 18:00:00,347.329163
2025-06-16 18:15:00,414.26889
2025-06-16 18:30:00,434.700409
2025-06-16 18:45:00,434.782227
2025-06-16 19:00:00,451.76239
2025-06-16 19:15:00,469.139282
2025-06-16 19:30:00,489.266296
2025-06-16 19:45:00,463.115753
2025-06-16 20:00:00,456.172272
2025-06-16 20:15:00,439.832977
2025-06-16 20:30:00,449.460754
2025-06-16 20:45:00,435.773621
2025-06-16 21:00:00,437.104797
2025-06-16 21:15:00,450.612152
2025-06-16 21:30:00,444.076965
2025-06-16 21:45:00,446.503296
2025-06-16 22:00:00,454.383575
2025-06-16 22:15:00,452.734924
2025-06-16 22:30:00,454.397705
2025-06-16 22:45:00,454.41803
2025-06-16 23:00:00,458.513306
2025-06-16 23:15:00,457.129028
2025-06-16 23:30:00,438.265167
2025-06-16 23:45:00,439.525146
2025-06-17 00:00:00,550.35614
2025-06-17 00:15:00,438.85614
2025-06-17 00:30:00,437.034546
2025-06-17 00:45:00,435.877136
2025-06-17 01:00:00,434.750854
2025-06-17 01:15:00,418.91684
2025-06-17 01:30:00,417.746796
2025-06-17 01:45:00,415.564941
2025-06-17 02:00:00,414.698486
2025-06-17 02:15:00,417.439087
2025-06-17 02:30:00,415.974915
2025-06-17 02:45:00,412.042511
2025-06-17 03:00:00,417.039001
2025-06-17 03:15:00,415.309082
2025-06-17 03:30:00,415.314972
2025-06-17 03:45:00,392.179535
2025-06-17 04:00:00,367.072784
2025-06-17 04:15:00,354.86676
2025-06-17 04:30:00,377.876068
2025-06-17 04:45:00,377.830841
2025-06-17 05:00:00,415.818359
2025-06-17 05:15:00,415.853394
2025-06-17 05:30:00,415.853058
2025-06-17 05:45:00,414.842682
2025-06-17 06:00:00,355.026245
2025-06-17 06:15:00,298.935089
2025-06-17 06:30:00,247.999863
2025-06-17 06:45:00,150.110428
2025-06-17 07:00:00,116.658852
2025-06-17 07:15:00,3.290832
2025-06-17 07:30:00,3.855807
2025-06-17 07:45:00,3.953641
2025-06-17 08:00:00,4.513834
2025-06-17 08:15:00,4.490849
2025-06-17 08:30:00,4.739388
2025-06-17 08:45:00,4.957419
2025-06-17 09:00:00,7.915364
2025-06-17 09:15:00,8.085475
2025-06-17 09:30:00,8.296365
2025-06-17 09:45:00,70.283752
2025-06-17 10:00:00,109.365494
2025-06-17 10:15:00,177.309311
2025-06-17 10:30:00,182.881012
2025-06-17 10:45:00,248.891449
2025-06-17 11:00:00,262.869537
2025-06-17 11:15:00,251.215988
2025-06-17 11:30:00,222.94899
2025-06-17 11:45:00,181.876251
2025-06-17 12:00:00,249.739258
2025-06-17 12:15:00,282.365936
2025-06-17 12:30:00,250.16687
2025-06-17 12:45:00,246.773773
2025-06-17 13:00:00,257.038147
2025-06-17 13:15:00,253.074265
2025-06-17 13:30:00,248.121475
2025-06-17 13:45:00,216.030167
2025-06-17 14:00:00,250.685623
2025-06-17 14:15:00,176.732239
2025-06-17 14:30:00,139.475098
2025-06-17 14:45:00,132.625504
2025-06-17 15:00:00,116.137703
2025-06-17 15:15:00,190.918884
2025-06-17 15:30:00,254.885101
2025-06-17 15:45:00,285.722015
2025-06-17 16:00:00,405.120239
2025-06-17 16:15:00,415.84201
2025-06-17 16:30:00,413.500946
2025-06-17 16:45:00,388.61026
2025-06-17 17:00:00,414.313507
2025-06-17 17:15:00,413.611084
2025-06-17 17:30:00,420.46991
2025-06-17 17:45:00,431.204559
2025-06-17 18:00:00,426.231506
2025-06-17 18:15:00,436.241302
2025-06-17 18:30:00,453.275513
2025-06-17 18:45:00,466.606049
2025-06-17 19:00:00,449.705109
2025-06-17 19:15:00,456.162384
2025-06-17 19:30:00,477.998566
2025-06-17 19:45:00,506.073944
2025-06-17 20:00:00,524.592102
2025-06-17 20:15:00,561.456787
2025-06-17 20:30:00,613.164917
2025-06-17 20:45:00,641.403687
2025-06-17 21:00:00,636.160767
2025-06-17 21:15:00,642.061707
2025-06-17 21:30:00,725.875244
2025-06-17 21:45:00,747.462585
2025-06-17 22:00:00,757.464783
2025-06-17 22:15:00,746.58783
2025-06-17 22:30:00,598.119446
2025-06-17 22:45:00,483.342102
2025-06-17 23:00:00,468.916687
2025-06-17 23:15:00,450.249695
2025-06-17 23:30:00,440.030518
2025-06-17 23:45:00,439.577759
2025-06-18 00:00:00,445.372314
2025-06-18 00:15:00,442.278809
2025-06-18 00:30:00,442.104858
2025-06-18 00:45:00,440.172821
2025-06-18 01:00:00,438.822571
2025-06-18 01:15:00,435.087189
2025-06-18 01:30:00,429.88208
2025-06-18 01:45:00,424.999939
2025-06-18 02:00:00,421.947021
2025-06-18 02:15:00,424.865479
2025-06-18 02:30:00,419.999756
2025-06-18 02:45:00,421.94574
2025-06-18 03:00:00,419.000153
2025-06-18 03:15:00,415.000061
2025-06-18 03:30:00,394.000031
2025-06-18 03:45:00,350.307465
2025-06-18 04:00:00,335.550323
2025-06-18 04:15:00,300.84079
2025-06-18 04:30:00,304.966156
2025-06-18 04:45:00,350.308899
2025-06-18 05:00:00,359.376892
2025-06-18 05:15:00,374.000031
2025-06-18 05:30:00,360.348267
2025-06-18 05:45:00,301.190552
2025-06-18 06:00:00,288.434479
2025-06-18 06:15:00,289.504303
2025-06-18 06:30:00,254.707413
2025-06-18 06:45:00,211.817566
2025-06-18 07:00:00,153.152573
2025-06-18 07:15:00,117.291626
2025-06-18 07:30:00,43.914543
2025-06-18 07:45:00,125.977036
2025-06-18 08:00:00,144.181641
2025-06-18 08:15:00,162.090881
2025-06-18 08:30:00,167.875839
2025-06-18 08:45:00,162.605988
2025-06-18 09:00:00,155.777481
2025-06-18 09:15:00,157.031769
2025-06-18 09:30:00,160.226913
2025-06-18 09:45:00,217.401382
2025-06-18 10:00:00,262.51355
2025-06-18 10:15:00,256.902893
2025-06-18 10:30:00,254.999222
2025-06-18 10:45:00,257.145508
2025-06-18 11:00:00,344.418091
2025-06-18 11:15:00,399.414124
2025-06-18 11:30:00,408.629578
2025-06-18 11:45:00,411.823883
2025-06-18 12:00:00,415.433319
2025-06-18 12:15:00,414.54184
2025-06-18 12:30:00,432.463013
2025-06-18 12:45:00,435.968872
2025-06-18 13:00:00,458.449585
2025-06-18 13:15:00,462.895935
2025-06-18 13:30:00,459.768524
2025-06-18 13:45:00,441.043579
2025-06-18 14:00:00,437.283844
2025-06-18 14:15:00,441.138428
2025-06-18 14:30:00,435.773071
2025-06-18 14:45:00,434.341187
2025-06-18 15:00:00,437.123871
2025-06-18 15:15:00,440.468262
2025-06-18 15:30:00,518.98877
2025-06-18 15:45:00,593.615845
2025-06-18 16:00:00,727.82843
2025-06-18 16:15:00,731.22937
2025-06-18 16:30:00,733.135376
2025-06-18 16:45:00,603.242554
2025-06-18 17:00:00,542.471985
2025-06-18 17:15:00,466.952728
2025-06-18 17:30:00,450.779877
2025-06-18 17:45:00,445.010956
2025-06-18 18:00:00,439.285095
2025-06-18 18:15:00,433.976288
2025-06-18 18:30:00,431.668945
2025-06-18 18:45:00,431.474701
2025-06-18 19:00:00,426.279297
2025-06-18 19:15:00,429.38504
2025-06-18 19:30:00,434.566681
2025-06-18 19:45:00,441.624786
2025-06-18 20:00:00,439.668274
2025-06-18 20:15:00,440.107178
2025-06-18 20:30:00,440.274628
2025-06-18 20:45:00,440.036011
2025-06-18 21:00:00,434.516907
2025-06-18 21:15:00,431.823151
2025-06-18 21:30:00,432.121124
2025-06-18 21:45:00,429.127319
2025-06-18 22:00:00,422.587616
2025-06-18 22:15:00,416.409241
2025-06-18 22:30:00,345.1203
2025-06-18 22:45:00,300.15036
2025-06-18 23:00:00,290.686646
2025-06-18 23:15:00,273.854584
2025-06-18 23:30:00,261.696014
2025-06-18 23:45:00,250.177444
2025-06-19 00:00:00,219.440979
2025-06-19 00:15:00,213.024719
2025-06-19 00:30:00,177.008255
2025-06-19 00:45:00,141.896439
2025-06-19 01:00:00,134.777145
2025-06-19 01:15:00,141.417801
2025-06-19 01:30:00,152.590866
2025-06-19 01:45:00,202.514908
2025-06-19 02:00:00,182.152557
2025-06-19 02:15:00,171.181198
2025-06-19 02:30:00,137.494019
2025-06-19 02:45:00,84.393852
2025-06-19 03:00:00,62.391209
2025-06-19 03:15:00,42.491566
2025-06-19 03:30:00,82.506027
2025-06-19 03:45:00,84.533081
2025-06-19 04:00:00,82.663879
2025-06-19 04:15:00,82.699684
2025-06-19 04:30:00,84.720291
2025-06-19 04:45:00,82.463722
2025-06-19 05:00:00,62.8307
2025-06-19 05:15:00,82.74601
2025-06-19 05:30:00,62.732651
2025-06-19 05:45:00,62.591038
2025-06-19 06:00:00,25.190718
2025-06-19 06:15:00,37.04118
2025-06-19 06:30:00,24.287842
2025-06-19 06:45:00,4.888453
2025-06-19 07:00:00,5.191395
2025-06-19 07:15:00,5.332976
2025-06-19 07:30:00,5.402245
2025-06-19 07:45:00,25.307106
2025-06-19 08:00:00,65.022224
2025-06-19 08:15:00,94.833275
2025-06-19 08:30:00,139.646759
2025-06-19 08:45:00,174.792847
2025-06-19 09:00:00,161.675354
2025-06-19 09:15:00,174.503342
2025-06-19 09:30:00,174.272171
2025-06-19 09:45:00,204.108109
2025-06-19 10:00:00,177.928391
2025-06-19 10:15:00,176.09433
2025-06-19 10:30:00,166.754944
2025-06-19 10:45:00,149.224472
2025-06-19 11:00:00,104.575348
2025-06-19 11:15:00,86.417511
2025-06-19 11:30:00,28.709328
2025-06-19 11:45:00,9.85729
2025-06-19 12:00:00,28.965839
2025-06-19 12:15:00,30.873194
2025-06-19 12:30:00,28.670574
2025-06-19 12:45:00,8.96143
2025-06-19 13:00:00,30.469549
2025-06-19 13:15:00,10.555085
2025-06-19 13:30:00,10.304759
2025-06-19 13:45:00,4.523873
2025-06-19 14:00:00,4.578924
2025-06-19 14:15:00,4.626009
2025-06-19 14:30:00,4.715474
2025-06-19 14:45:00,4.472637
2025-06-19 15:00:00,4.513018
2025-06-19 15:15:00,22.384415
2025-06-19 15:30:00,4.161336
2025-06-19 15:45:00,23.796062
2025-06-19 16:00:00,43.756824
2025-06-19 16:15:00,63.661793
2025-06-19 16:30:00,63.719585
2025-06-19 16:45:00,23.800766
2025-06-19 17:00:00,24.017214
2025-06-19 17:15:00,22.296772
2025-06-19 17:30:00,3.122604
2025-06-19 17:45:00,3.173208
2025-06-19 18:00:00,3.210367
2025-06-19 18:15:00,3.169686
2025-06-19 18:30:00,3.491862
2025-06-19 18:45:00,3.741027
2025-06-19 19:00:00,4.304524
2025-06-19 19:15:00,4.448435
2025-06-19 19:30:00,4.662831
2025-06-19 19:45:00,4.537472
2025-06-19 20:00:00,4.730453
2025-06-19 20:15:00,4.747272
2025-06-19 20:30:00,4.65986
2025-06-19 20:45:00,4.513072
2025-06-19 21:00:00,4.267817
2025-06-19 21:15:00,4.198677
2025-06-19 21:30:00,4.059034
2025-06-19 21:45:00,3.913487
2025-06-19 22:00:00,3.842866
2025-06-19 22:15:00,3.876756
2025-06-19 22:30:00,3.837221
2025-06-19 22:45:00,3.649665
2025-06-19 23:00:00,3.126304
2025-06-19 23:15:00,2.658128
2025-06-19 23:30:00,3.035006
2025-06-19 23:45:00,3.207352
2025-06-20 00:00:00,0.0
2025-06-20 00:15:00,3.676443
2025-06-20 00:30:00,4.03269
2025-06-20 00:45:00,3.931073
2025-06-20 01:00:00,3.92866
2025-06-20 01:15:00,4.711867
2025-06-20 01:30:00,3.522599
2025-06-20 01:45:00,3.516968
2025-06-20 02:00:00,22.697493
2025-06-20 02:15:00,3.44708
2025-06-20 02:30:00,3.46118
2025-06-20 02:45:00,22.784595
2025-06-20 03:00:00,3.400281
2025-06-20 03:15:00,3.212245
2025-06-20 03:30:00,3.413358
2025-06-20 03:45:00,3.55242
2025-06-20 04:00:00,3.620076
2025-06-20 04:15:00,3.601143
2025-06-20 04:30:00,3.708081
2025-06-20 04:45:00,3.645879
2025-06-20 05:00:00,3.723407
2025-06-20 05:15:00,3.824003
2025-06-20 05:30:00,3.591465
2025-06-20 05:45:00,3.689847
2025-06-20 06:00:00,3.537993
2025-06-20 06:15:00,3.337395
2025-06-20 06:30:00,3.378454
2025-06-20 06:45:00,3.407935
2025-06-20 07:00:00,3.181034
2025-06-20 07:15:00,4.050985
2025-06-20 07:30:00,4.087755
2025-06-20 07:45:00,4.331716
2025-06-20 08:00:00,4.250506
2025-06-20 08:15:00,4.448378
2025-06-20 08:30:00,24.044991
2025-06-20 08:45:00,92.695976
2025-06-20 09:00:00,159.135986
2025-06-20 09:15:00,194.09964
2025-06-20 09:30:00,222.530151
2025-06-20 09:45:00,172.229767
2025-06-20 10:00:00,198.873856
2025-06-20 10:15:00,224.034531
2025-06-20 10:30:00,223.108536
2025-06-20 10:45:00,225.183228
2025-06-20 11:00:00,202.991837
2025-06-20 11:15:00,152.729431
2025-06-20 11:30:00,23.929787
2025-06-20 11:45:00,24.02944
2025-06-20 12:00:00,82.521904
2025-06-20 12:15:00,143.96405
2025-06-20 12:30:00,178.134979
2025-06-20 12:45:00,193.736694
2025-06-20 13:00:00,242.279861
2025-06-20 13:15:00,253.893509
2025-06-20 13:30:00,257.945496
2025-06-20 13:45:00,225.676956
2025-06-20 14:00:00,225.280655
2025-06-20 14:15:00,260.544617
2025-06-20 14:30:00,245.245529
2025-06-20 14:45:00,260.408844
2025-06-20 15:00:00,239.692276
2025-06-20 15:15:00,260.799377
2025-06-20 15:30:00,257.990051
2025-06-20 15:45:00,262.902435
2025-06-20 16:00:00,263.782288
2025-06-20 16:15:00,267.803345
2025-06-20 16:30:00,276.313568
2025-06-20 16:45:00,277.391022
2025-06-20 17:00:00,275.944397
2025-06-20 17:15:00,255.897003
2025-06-20 17:30:00,249.348679
2025-06-20 17:45:00,235.730591
2025-06-20 18:00:00,213.4841
2025-06-20 18:15:00,191.623428
2025-06-20 18:30:00,190.018417
2025-06-20 18:45:00,137.418915
2025-06-20 19:00:00,125.192017
2025-06-20 19:15:00,125.639099
2025-06-20 19:30:00,187.533035
2025-06-20 19:45:00,190.873291
2025-06-20 20:00:00,178.730988
2025-06-20 20:15:00,192.945938
2025-06-20 20:30:00,192.968979
2025-06-20 20:45:00,121.39566
2025-06-20 21:00:00,58.621288
2025-06-20 21:15:00,34.508919
2025-06-20 21:30:00,9.461251
2025-06-20 21:45:00,2.268707
2025-06-20 22:00:00,2.02329
2025-06-20 22:15:00,2.092189
2025-06-20 22:30:00,12.637389
2025-06-20 22:45:00,20.954283
2025-06-20 23:00:00,152.113007
2025-06-20 23:15:00,144.017883
2025-06-20 23:30:00,144.102341
2025-06-20 23:45:00,143.963638
2025-06-21 00:00:00,232.210464
2025-06-21 00:15:00,271.161896
2025-06-21 00:30:00,261.426483
2025-06-21 00:45:00,248.029495
2025-06-21 01:00:00,238.741333
2025-06-21 01:15:00,240.628784
2025-06-21 01:30:00,239.645279
2025-06-21 01:45:00,223.202042
2025-06-21 02:00:00,219.591187
2025-06-21 02:15:00,198.287079
2025-06-21 02:30:00,196.83371
2025-06-21 02:45:00,167.59877
2025-06-21 03:00:00,169.179428
2025-06-21 03:15:00,155.930481
2025-06-21 03:30:00,158.421204
2025-06-21 03:45:00,156.789063
2025-06-21 04:00:00,150.097641
2025-06-21 04:15:00,150.071808
2025-06-21 04:30:00,148.253922
2025-06-21 04:45:00,150.301331
2025-06-21 05:00:00,150.514709
2025-06-21 05:15:00,150.537109
2025-06-21 05:30:00,150.485687
2025-06-21 05:45:00,150.553848
2025-06-21 06:00:00,61.901623
2025-06-21 06:15:00,81.535896
2025-06-21 06:30:00,23.010956
2025-06-21 06:45:00,23.09313
2025-06-21 07:00:00,23.145777
2025-06-21 07:15:00,23.132498
2025-06-21 07:30:00,61.79813
2025-06-21 07:45:00,91.32795
2025-06-21 08:00:00,134.114685
2025-06-21 08:15:00,162.5345
2025-06-21 08:30:00,157.844116
2025-06-21 08:45:00,161.404984
2025-06-21 09:00:00,151.441376
2025-06-21 09:15:00,200.047318
2025-06-21 09:30:00,203.045914
2025-06-21 09:45:00,171.569519
2025-06-21 10:00:00,179.526672
2025-06-21 10:15:00,203.267578
2025-06-21 10:30:00,216.226868
2025-06-21 10:45:00,222.16626
2025-06-21 11:00:00,187.383209
2025-06-21 11:15:00,169.999969
2025-06-21 11:30:00,99.905914
2025-06-21 11:45:00,20.0
2025-06-21 12:00:00,79.93792
2025-06-21 12:15:00,99.533478
2025-06-21 12:30:00,23.018356
2025-06-21 12:45:00,0.021328
2025-06-21 13:00:00,0.02203
2025-06-21 13:15:00,0.022695
2025-06-21 13:30:00,0.0
2025-06-21 13:45:00,0.0
2025-06-21 14:00:00,0.0
2025-06-21 14:15:00,0.0
2025-06-21 14:30:00,0.0
2025-06-21 14:45:00,0.0
2025-06-21 15:00:00,3.026201
2025-06-21 15:15:00,2.981487
2025-06-21 15:30:00,2.975239
2025-06-21 15:45:00,22.295109
2025-06-21 16:00:00,79.903099
2025-06-21 16:15:00,147.328339
2025-06-21 16:30:00,159.153885
2025-06-21 16:45:00,177.126007
2025-06-21 17:00:00,147.348938
2025-06-21 17:15:00,80.326828
2025-06-21 17:30:00,79.175514
2025-06-21 17:45:00,19.718683
2025-06-21 18:00:00,19.801001
2025-06-21 18:15:00,19.798555
2025-06-21 18:30:00,79.150848
2025-06-21 18:45:00,79.100571
2025-06-21 19:00:00,149.230438
2025-06-21 19:15:00,159.010574
2025-06-21 19:30:00,176.934311
2025-06-21 19:45:00,194.840286
2025-06-21 20:00:00,184.345291
2025-06-21 20:15:00,197.972397
2025-06-21 20:30:00,184.239105
2025-06-21 20:45:00,176.848389
2025-06-21 21:00:00,204.658218
2025-06-21 21:15:00,236.168518
2025-06-21 21:30:00,238.6651
2025-06-21 21:45:00,256.729279
2025-06-21 22:00:00,256.757935
2025-06-21 22:15:00,244.691483
2025-06-21 22:30:00,237.151459
2025-06-21 22:45:00,237.151154
2025-06-21 23:00:00,256.187988
2025-06-21 23:15:00,239.203323
2025-06-21 23:30:00,234.190842
2025-06-21 23:45:00,219.377808
2025-06-22 00:00:00,257.355499
2025-06-22 00:15:00,261.565521
2025-06-22 00:30:00,261.68866
2025-06-22 00:45:00,237.974945
2025-06-22 01:00:00,237.758987
2025-06-22 01:15:00,168.085632
2025-06-22 01:30:00,161.712952
2025-06-22 01:45:00,161.734131
2025-06-22 02:00:00,160.462845
2025-06-22 02:15:00,148.283539
2025-06-22 02:30:00,157.937241
2025-06-22 02:45:00,146.587677
2025-06-22 03:00:00,148.204407
2025-06-22 03:15:00,128.750473
2025-06-22 03:30:00,129.625824
2025-06-22 03:45:00,148.098343
2025-06-22 04:00:00,144.99231
2025-06-22 04:15:00,129.794067
2025-06-22 04:30:00,130.811813
2025-06-22 04:45:00,82.452675
2025-06-22 05:00:00,120.006714
2025-06-22 05:15:00,123.041756
2025-06-22 05:30:00,159.816055
2025-06-22 05:45:00,218.557816
2025-06-22 06:00:00,256.489594
2025-06-22 06:15:00,219.074951
2025-06-22 06:30:00,154.029373
2025-06-22 06:45:00,116.302925
2025-06-22 07:00:00,31.989065
2025-06-22 07:15:00,0.0
2025-06-22 07:30:00,0.0
2025-06-22 07:45:00,0.0
2025-06-22 08:00:00,0.0
2025-06-22 08:15:00,0.0
2025-06-22 08:30:00,0.0
2025-06-22 08:45:00,0.0
2025-06-22 09:00:00,0.0
2025-06-22 09:15:00,2.896326
2025-06-22 09:30:00,2.898484
2025-06-22 09:45:00,0.0
2025-06-22 10:00:00,2.90823
2025-06-22 10:15:00,0.0
2025-06-22 10:30:00,0.0
2025-06-22 10:45:00,0.0
2025-06-22 11:00:00,0.0
2025-06-22 11:15:00,0.0
2025-06-22 11:30:00,0.0
2025-06-22 11:45:00,0.0
2025-06-22 12:00:00,0.0
2025-06-22 12:15:00,0.0
2025-06-22 12:30:00,2.499114
2025-06-22 12:45:00,2.531232
2025-06-22 13:00:00,2.813406
2025-06-22 13:15:00,2.744502
2025-06-22 13:30:00,2.798254
2025-06-22 13:45:00,2.741626
2025-06-22 14:00:00,2.708848
2025-06-22 14:15:00,2.58704
2025-06-22 14:30:00,2.68965
2025-06-22 14:45:00,2.891213
2025-06-22 15:00:00,2.834985
2025-06-22 15:15:00,2.795095
2025-06-22 15:30:00,2.746713
2025-06-22 15:45:00,2.820433
2025-06-22 16:00:00,2.950636
2025-06-22 16:15:00,4.535003
2025-06-22 16:30:00,4.97733
2025-06-22 16:45:00,5.259348
2025-06-22 17:00:00,5.838785
2025-06-22 17:15:00,81.331047
2025-06-22 17:30:00,133.445251
2025-06-22 17:45:00,164.36882
2025-06-22 18:00:00,193.929428
2025-06-22 18:15:00,162.908447
2025-06-22 18:30:00,170.504745
2025-06-22 18:45:00,201.796799
2025-06-22 19:00:00,188.289795
2025-06-22 19:15:00,225.392883
2025-06-22 19:30:00,262.10498
2025-06-22 19:45:00,183.905167
2025-06-22 20:00:00,269.144104
2025-06-22 20:15:00,227.130096
2025-06-22 20:30:00,272.253693
2025-06-22 20:45:00,272.0
2025-06-22 21:00:00,299.999969
2025-06-22 21:15:00,272.000031
2025-06-22 21:30:00,288.000122
2025-06-22 21:45:00,260.000061
2025-06-22 22:00:00,256.624268
2025-06-22 22:15:00,255.67601
2025-06-22 22:30:00,219.704849
2025-06-22 22:45:00,256.265076
2025-06-22 23:00:00,258.428345
2025-06-22 23:15:00,262.362274
2025-06-22 23:30:00,243.237183
2025-06-22 23:45:00,228.345535
2025-06-23 00:00:00,237.656296
2025-06-23 00:15:00,266.417755
2025-06-23 00:30:00,256.94635
2025-06-23 00:45:00,257.147156
2025-06-23 01:00:00,257.152771
2025-06-23 01:15:00,243.173096
2025-06-23 01:30:00,215.415955
2025-06-23 01:45:00,179.415283
2025-06-23 02:00:00,177.838684
2025-06-23 02:15:00,158.160187
2025-06-23 02:30:00,148.45723
2025-06-23 02:45:00,154.274765
2025-06-23 03:00:00,149.890579
2025-06-23 03:15:00,154.284561
2025-06-23 03:30:00,149.479248
2025-06-23 03:45:00,159.088837
2025-06-23 04:00:00,158.448959
2025-06-23 04:15:00,156.23027
2025-06-23 04:30:00,160.811691
2025-06-23 04:45:00,162.159836
2025-06-23 05:00:00,184.02951
2025-06-23 05:15:00,208.86882
2025-06-23 05:30:00,238.042587
2025-06-23 05:45:00,237.837418
2025-06-23 06:00:00,257.315613
2025-06-23 06:15:00,200.974808
2025-06-23 06:30:00,156.069183
2025-06-23 06:45:00,159.398407
2025-06-23 07:00:00,179.441895
2025-06-23 07:15:00,158.984787
2025-06-23 07:30:00,190.477188
2025-06-23 07:45:00,163.822144
2025-06-23 08:00:00,202.000015
2025-06-23 08:15:00,199.999863
2025-06-23 08:30:00,236.669937
2025-06-23 08:45:00,258.82782
2025-06-23 09:00:00,237.126633
2025-06-23 09:15:00,209.066589
2025-06-23 09:30:00,209.338989
2025-06-23 09:45:00,155.312149
2025-06-23 10:00:00,148.778244
2025-06-23 10:15:00,144.594223
2025-06-23 10:30:00,129.322189
2025-06-23 10:45:00,160.106735
2025-06-23 11:00:00,225.40419
2025-06-23 11:15:00,177.403915
2025-06-23 11:30:00,152.671417
2025-06-23 11:45:00,157.614365
2025-06-23 12:00:00,197.175812
2025-06-23 12:15:00,236.581131
2025-06-23 12:30:00,194.518066
2025-06-23 12:45:00,152.199127
2025-06-23 13:00:00,121.360443
2025-06-23 13:15:00,98.502892
2025-06-23 13:30:00,108.426125
2025-06-23 13:45:00,52.939827
2025-06-23 14:00:00,2.536158
2025-06-23 14:15:00,21.801353
2025-06-23 14:30:00,3.06678
2025-06-23 14:45:00,3.112011
2025-06-23 15:00:00,3.738311
2025-06-23 15:15:00,3.956851
2025-06-23 15:30:00,3.941992
2025-06-23 15:45:00,4.289886
2025-06-23 16:00:00,24.468086
2025-06-23 16:15:00,24.592445
2025-06-23 16:30:00,23.990101
2025-06-23 16:45:00,23.515959
2025-06-23 17:00:00,117.963013
2025-06-23 17:15:00,132.859192
2025-06-23 17:30:00,158.470688
2025-06-23 17:45:00,148.717087
2025-06-23 18:00:00,125.634262
2025-06-23 18:15:00,154.601669
2025-06-23 18:30:00,164.489731
2025-06-23 18:45:00,166.272095
2025-06-23 19:00:00,166.123886
2025-06-23 19:15:00,166.34201
2025-06-23 19:30:00,222.81012
2025-06-23 19:45:00,186.068283
2025-06-23 20:00:00,232.666702
2025-06-23 20:15:00,241.218964
2025-06-23 20:30:00,225.612839
2025-06-23 20:45:00,225.600159
2025-06-23 21:00:00,191.71463
2025-06-23 21:15:00,181.465637
2025-06-23 21:30:00,179.324554
2025-06-23 21:45:00,201.713135
2025-06-23 22:00:00,180.000061
2025-06-23 22:15:00,161.355194
2025-06-23 22:30:00,133.857849
2025-06-23 22:45:00,146.989914
2025-06-23 23:00:00,150.773819
2025-06-23 23:15:00,130.626465
2025-06-23 23:30:00,131.907227
2025-06-23 23:45:00,132.678192
2025-06-24 00:00:00,232.468765
2025-06-24 00:15:00,270.586914
2025-06-24 00:30:00,270.852844
2025-06-24 00:45:00,262.01181
2025-06-24 01:00:00,260.361115
2025-06-24 01:15:00,240.710724
2025-06-24 01:30:00,238.886826
2025-06-24 01:45:00,260.140839
2025-06-24 02:00:00,246.5495
2025-06-24 02:15:00,240.525574
2025-06-24 02:30:00,240.491348
2025-06-24 02:45:00,240.000092
2025-06-24 03:00:00,215.099991
2025-06-24 03:15:00,200.000015
2025-06-24 03:30:00,210.140839
2025-06-24 03:45:00,209.999954
2025-06-24 04:00:00,180.500977
2025-06-24 04:15:00,180.495132
2025-06-24 04:30:00,193.50415
2025-06-24 04:45:00,180.475403
2025-06-24 05:00:00,163.880447
2025-06-24 05:15:00,161.978958
2025-06-24 05:30:00,163.833817
2025-06-24 05:45:00,161.817261
2025-06-24 06:00:00,162.071533
2025-06-24 06:15:00,161.700027
2025-06-24 06:30:00,113.013321
2025-06-24 06:45:00,110.803551
2025-06-24 07:00:00,0.0
2025-06-24 07:15:00,0.0
2025-06-24 07:30:00,0.0
2025-06-24 07:45:00,0.0
2025-06-24 08:00:00,0.0
2025-06-24 08:15:00,0.0
2025-06-24 08:30:00,3.639871
2025-06-24 08:45:00,3.543326
2025-06-24 09:00:00,4.191479
2025-06-24 09:15:00,4.45695
2025-06-24 09:30:00,3.944992
2025-06-24 09:45:00,3.658807
2025-06-24 10:00:00,4.156822
2025-06-24 10:15:00,4.399713
2025-06-24 10:30:00,4.459271
2025-06-24 10:45:00,4.178348
2025-06-24 11:00:00,4.220256
2025-06-24 11:15:00,3.532366
2025-06-24 11:30:00,3.293238
2025-06-24 11:45:00,3.259179
2025-06-24 12:00:00,3.989524
2025-06-24 12:15:00,4.137125
2025-06-24 12:30:00,4.45855
2025-06-24 12:45:00,4.273101
2025-06-24 13:00:00,8.26929
2025-06-24 13:15:00,7.36797
2025-06-24 13:30:00,6.5687
2025-06-24 13:45:00,6.542939
2025-06-24 14:00:00,6.646289
2025-06-24 14:15:00,7.92301
2025-06-24 14:30:00,6.726568
2025-06-24 14:45:00,8.112939
2025-06-24 15:00:00,9.297984
2025-06-24 15:15:00,6.943045
2025-06-24 15:30:00,9.259482
2025-06-24 15:45:00,28.439205
2025-06-24 16:00:00,94.576515
2025-06-24 16:15:00,122.456619
2025-06-24 16:30:00,151.03804
2025-06-24 16:45:00,219.13269
2025-06-24 17:00:00,242.067307
2025-06-24 17:15:00,245.481247
2025-06-24 17:30:00,265.046021
2025-06-24 17:45:00,273.357117
2025-06-24 18:00:00,254.237045
2025-06-24 18:15:00,243.218109
2025-06-24 18:30:00,262.08667
2025-06-24 18:45:00,269.922638
2025-06-24 19:00:00,270.816345
2025-06-24 19:15:00,271.789703
2025-06-24 19:30:00,303.82724
2025-06-24 19:45:00,350.000183
2025-06-24 20:00:00,350.000092
2025-06-24 20:15:00,416.0
2025-06-24 20:30:00,374.999908
2025-06-24 20:45:00,295.000122
2025-06-24 21:00:00,272.000061
2025-06-24 21:15:00,269.000061
2025-06-24 21:30:00,251.999985
2025-06-24 21:45:00,261.200012
2025-06-24 22:00:00,252.000061
2025-06-24 22:15:00,272.000122
2025-06-24 22:30:00,295.999939
2025-06-24 22:45:00,350.0
2025-06-24 23:00:00,302.999908
2025-06-24 23:15:00,400.000061
2025-06-24 23:30:00,399.999939
2025-06-24 23:45:00,299.499908
2025-06-25 00:00:00,341.740448
2025-06-25 00:15:00,342.000031
2025-06-25 00:30:00,337.999969
2025-06-25 00:45:00,338.0
2025-06-25 01:00:00,335.893768
2025-06-25 01:15:00,332.0
2025-06-25 01:30:00,332.000031
2025-06-25 01:45:00,337.850281
2025-06-25 02:00:00,337.857635
2025-06-25 02:15:00,341.779846
2025-06-25 02:30:00,341.787384
2025-06-25 02:45:00,341.791901
2025-06-25 03:00:00,341.78833
2025-06-25 03:15:00,341.788544
2025-06-25 03:30:00,337.868835
2025-06-25 03:45:00,337.868622
2025-06-25 04:00:00,340.814758
2025-06-25 04:15:00,337.875427
2025-06-25 04:30:00,337.876099
2025-06-25 04:45:00,337.870911
2025-06-25 05:00:00,337.446899
2025-06-25 05:15:00,343.747833
2025-06-25 05:30:00,346.689667
2025-06-25 05:45:00,341.784302
2025-06-25 06:00:00,346.674561
2025-06-25 06:15:00,334.928375
2025-06-25 06:30:00,326.999878
2025-06-25 06:45:00,321.999939
2025-06-25 07:00:00,311.999664
2025-06-25 07:15:00,311.999878
2025-06-25 07:30:00,312.000061
2025-06-25 07:45:00,321.000031
2025-06-25 08:00:00,323.999847
2025-06-25 08:15:00,332.000122
2025-06-25 08:30:00,338.000275
2025-06-25 08:45:00,335.999939
2025-06-25 09:00:00,331.999786
2025-06-25 09:15:00,332.000153
2025-06-25 09:30:00,331.942871
2025-06-25 09:45:00,337.944031
2025-06-25 10:00:00,346.999908
2025-06-25 10:15:00,351.320648
2025-06-25 10:30:00,373.634827
2025-06-25 10:45:00,445.571991
2025-06-25 11:00:00,401.827881
2025-06-25 11:15:00,397.165497
2025-06-25 11:30:00,354.166412
2025-06-25 11:45:00,346.44043
2025-06-25 12:00:00,362.023132
2025-06-25 12:15:00,353.624237
2025-06-25 12:30:00,346.618286
2025-06-25 12:45:00,346.411255
2025-06-25 13:00:00,341.733704
2025-06-25 13:15:00,337.837555
2025-06-25 13:30:00,337.836639
2025-06-25 13:45:00,327.000031
2025-06-25 14:00:00,321.999939
2025-06-25 14:15:00,318.000092
2025-06-25 14:30:00,311.999817
2025-06-25 14:45:00,291.999847
2025-06-25 15:00:00,299.110291
2025-06-25 15:15:00,268.819458
2025-06-25 15:30:00,307.108582
2025-06-25 15:45:00,292.285461
2025-06-25 16:00:00,321.178833
2025-06-25 16:15:00,317.866211
2025-06-25 16:30:00,312.584747
2025-06-25 16:45:00,321.60379
2025-06-25 17:00:00,322.542389
2025-06-25 17:15:00,298.77832
2025-06-25 17:30:00,218.49881
2025-06-25 17:45:00,197.356567
2025-06-25 18:00:00,167.807297
2025-06-25 18:15:00,164.777771
2025-06-25 18:30:00,151.995544
2025-06-25 18:45:00,173.004227
2025-06-25 19:00:00,174.35347
2025-06-25 19:15:00,214.713486
2025-06-25 19:30:00,271.0755
2025-06-25 19:45:00,310.544434
2025-06-25 20:00:00,313.349823
2025-06-25 20:15:00,320.293732
2025-06-25 20:30:00,317.450897
2025-06-25 20:45:00,311.932495
2025-06-25 21:00:00,283.850861
2025-06-25 21:15:00,216.546127
2025-06-25 21:30:00,184.302521
2025-06-25 21:45:00,171.0
2025-06-25 22:00:00,157.007401
2025-06-25 22:15:00,174.978287
2025-06-25 22:30:00,206.777145
2025-06-25 22:45:00,178.068344
2025-06-25 23:00:00,261.444733
2025-06-25 23:15:00,210.700531
2025-06-25 23:30:00,175.454819
2025-06-25 23:45:00,169.608734
2025-06-26 00:00:00,168.419296
2025-06-26 00:15:00,210.165771
2025-06-26 00:30:00,210.73674
2025-06-26 00:45:00,180.973083
2025-06-26 01:00:00,174.15625
2025-06-26 01:15:00,151.523468
2025-06-26 01:30:00,151.504562
2025-06-26 01:45:00,151.586609
2025-06-26 02:00:00,151.430145
2025-06-26 02:15:00,151.421555
2025-06-26 02:30:00,173.844391
2025-06-26 02:45:00,160.311813
2025-06-26 03:00:00,151.050629
2025-06-26 03:15:00,150.99968
2025-06-26 03:30:00,145.951492
2025-06-26 03:45:00,145.796097
2025-06-26 04:00:00,145.865738
2025-06-26 04:15:00,131.511887
2025-06-26 04:30:00,131.666138
2025-06-26 04:45:00,151.377716
2025-06-26 05:00:00,174.06044
2025-06-26 05:15:00,161.248108
2025-06-26 05:30:00,151.32814
2025-06-26 05:45:00,151.139359
2025-06-26 06:00:00,161.008667
2025-06-26 06:15:00,160.256134
2025-06-26 06:30:00,133.076065
2025-06-26 06:45:00,126.01458
2025-06-26 07:00:00,124.206139
2025-06-26 07:15:00,125.150078
2025-06-26 07:30:00,129.0392
2025-06-26 07:45:00,150.394928
2025-06-26 08:00:00,259.075806
2025-06-26 08:15:00,272.0
2025-06-26 08:30:00,284.693054
2025-06-26 08:45:00,300.831635
2025-06-26 09:00:00,270.619812
2025-06-26 09:15:00,261.203796
2025-06-26 09:30:00,220.674072
2025-06-26 09:45:00,238.199997
2025-06-26 10:00:00,192.033646
2025-06-26 10:15:00,150.302277
2025-06-26 10:30:00,126.815453
2025-06-26 10:45:00,144.905411
2025-06-26 11:00:00,80.76667
2025-06-26 11:15:00,4.138622
2025-06-26 11:30:00,0.0
2025-06-26 11:45:00,0.0
2025-06-26 12:00:00,4.615403
2025-06-26 12:15:00,4.607505
2025-06-26 12:30:00,5.080855
2025-06-26 12:45:00,5.082443
2025-06-26 13:00:00,5.972927
2025-06-26 13:15:00,5.970544
2025-06-26 13:30:00,5.494113
2025-06-26 13:45:00,5.55684
2025-06-26 14:00:00,5.029475
2025-06-26 14:15:00,5.346244
2025-06-26 14:30:00,5.221725
2025-06-26 14:45:00,5.091147
2025-06-26 15:00:00,24.565662
2025-06-26 15:15:00,121.626984
2025-06-26 15:30:00,134.121521
2025-06-26 15:45:00,129.368027
2025-06-26 16:00:00,214.410889
2025-06-26 16:15:00,152.795486
2025-06-26 16:30:00,150.321625
2025-06-26 16:45:00,135.906204
2025-06-26 17:00:00,124.138611
2025-06-26 17:15:00,125.060883
2025-06-26 17:30:00,107.042374
2025-06-26 17:45:00,147.302414
2025-06-26 18:00:00,136.514572
2025-06-26 18:15:00,154.064255
2025-06-26 18:30:00,207.479202
2025-06-26 18:45:00,216.903717
2025-06-26 19:00:00,259.618927
2025-06-26 19:15:00,258.179932
2025-06-26 19:30:00,268.696838
2025-06-26 19:45:00,261.565643
2025-06-26 20:00:00,260.133148
2025-06-26 20:15:00,267.999969
2025-06-26 20:30:00,275.000031
2025-06-26 20:45:00,272.000061
2025-06-26 21:00:00,265.999969
2025-06-26 21:15:00,265.000031
2025-06-26 21:30:00,260.000061
2025-06-26 21:45:00,210.000015
2025-06-26 22:00:00,259.913879
2025-06-26 22:15:00,238.241257
2025-06-26 22:30:00,255.482376
2025-06-26 22:45:00,263.615417
2025-06-26 23:00:00,261.758545
2025-06-26 23:15:00,227.629593
2025-06-26 23:30:00,227.056961
2025-06-26 23:45:00,177.73999
2025-06-27 00:00:00,335.651154
2025-06-27 00:15:00,341.880371
2025-06-27 00:30:00,343.496429
2025-06-27 00:45:00,341.435303
2025-06-27 01:00:00,346.240692
2025-06-27 01:15:00,345.621521
2025-06-27 01:30:00,345.054596
2025-06-27 01:45:00,340.48584
2025-06-27 02:00:00,345.325714
2025-06-27 02:15:00,340.590393
2025-06-27 02:30:00,341.454193
2025-06-27 02:45:00,341.49704
2025-06-27 03:00:00,340.426849
2025-06-27 03:15:00,337.694031
2025-06-27 03:30:00,337.550385
2025-06-27 03:45:00,335.418121
2025-06-27 04:00:00,334.571503
2025-06-27 04:15:00,335.67157
2025-06-27 04:30:00,335.804688
2025-06-27 04:45:00,338.074219
2025-06-27 05:00:00,338.061646
2025-06-27 05:15:00,340.962646
2025-06-27 05:30:00,340.77829
2025-06-27 05:45:00,340.56131
2025-06-27 06:00:00,340.700989
2025-06-27 06:15:00,337.408417
2025-06-27 06:30:00,331.455536
2025-06-27 06:45:00,331.364868
2025-06-27 07:00:00,326.214966
2025-06-27 07:15:00,321.186646
2025-06-27 07:30:00,318.236389
2025-06-27 07:45:00,326.688995
2025-06-27 08:00:00,332.208893
2025-06-27 08:15:00,332.200104
2025-06-27 08:30:00,332.21582
2025-06-27 08:45:00,336.684875
2025-06-27 09:00:00,333.047211
2025-06-27 09:15:00,336.02417
2025-06-27 09:30:00,346.835266
2025-06-27 09:45:00,345.808594
2025-06-27 10:00:00,342.337494
2025-06-27 10:15:00,340.135559
2025-06-27 10:30:00,342.183807
2025-06-27 10:45:00,341.692932
2025-06-27 11:00:00,341.513824
2025-06-27 11:15:00,334.65744
2025-06-27 11:30:00,334.672028
2025-06-27 11:45:00,335.8703
2025-06-27 12:00:00,345.623108
2025-06-27 12:15:00,350.673401
2025-06-27 12:30:00,339.674438
2025-06-27 12:45:00,335.497101
2025-06-27 13:00:00,330.612366
2025-06-27 13:15:00,315.379822
2025-06-27 13:30:00,311.072144
2025-06-27 13:45:00,174.1017
2025-06-27 14:00:00,175.108368
2025-06-27 14:15:00,145.231827
2025-06-27 14:30:00,200.333389
2025-06-27 14:45:00,295.311615
2025-06-27 15:00:00,321.421783
2025-06-27 15:15:00,315.150696
2025-06-27 15:30:00,215.250992
2025-06-27 15:45:00,253.334015
2025-06-27 16:00:00,214.931396
2025-06-27 16:15:00,320.782654
2025-06-27 16:30:00,326.450958
2025-06-27 16:45:00,325.485565
2025-06-27 17:00:00,324.727997
2025-06-27 17:15:00,315.786652
2025-06-27 17:30:00,315.661926
2025-06-27 17:45:00,302.771301
2025-06-27 18:00:00,311.924133
2025-06-27 18:15:00,319.411224
2025-06-27 18:30:00,330.112213
2025-06-27 18:45:00,328.999817
2025-06-27 19:00:00,329.000122
2025-06-27 19:15:00,332.24649
2025-06-27 19:30:00,334.999908
2025-06-27 19:45:00,332.236633
2025-06-27 20:00:00,332.234833
2025-06-27 20:15:00,332.234833
2025-06-27 20:30:00,332.000183
2025-06-27 20:45:00,335.0
2025-06-27 21:00:00,331.999969
2025-06-27 21:15:00,335.000153
2025-06-27 21:30:00,335.0
2025-06-27 21:45:00,335.999908
2025-06-27 22:00:00,333.858124
2025-06-27 22:15:00,334.879639
2025-06-27 22:30:00,331.920258
2025-06-27 22:45:00,331.924896
2025-06-27 23:00:00,338.0
2025-06-27 23:15:00,331.908234
2025-06-27 23:30:00,328.999908
2025-06-27 23:45:00,326.999969
2025-06-28 00:00:00,298.611542
2025-06-28 00:15:00,320.557922
2025-06-28 00:30:00,322.039063
2025-06-28 00:45:00,318.119629
2025-06-28 01:00:00,321.573639
2025-06-28 01:15:00,314.436462
2025-06-28 01:30:00,312.000031
2025-06-28 01:45:00,292.714233
2025-06-28 02:00:00,299.000092
2025-06-28 02:15:00,289.667572
2025-06-28 02:30:00,218.861435
2025-06-28 02:45:00,179.638275
2025-06-28 03:00:00,175.972122
2025-06-28 03:15:00,164.941101
2025-06-28 03:30:00,144.892471
2025-06-28 03:45:00,143.930435
2025-06-28 04:00:00,127.986954
2025-06-28 04:15:00,125.238152
2025-06-28 04:30:00,93.21788
2025-06-28 04:45:00,85.160446
2025-06-28 05:00:00,93.417381
2025-06-28 05:15:00,84.166801
2025-06-28 05:30:00,128.158142
2025-06-28 05:45:00,93.105186
2025-06-28 06:00:00,84.774628
2025-06-28 06:15:00,84.839912
2025-06-28 06:30:00,62.665962
2025-06-28 06:45:00,62.507401
2025-06-28 07:00:00,29.801004
2025-06-28 07:15:00,22.947794
2025-06-28 07:30:00,3.314657
2025-06-28 07:45:00,3.347785
2025-06-28 08:00:00,3.325643
2025-06-28 08:15:00,3.247774
2025-06-28 08:30:00,3.118603
2025-06-28 08:45:00,2.913397
2025-06-28 09:00:00,2.842926
2025-06-28 09:15:00,0.0
2025-06-28 09:30:00,3.367624
2025-06-28 09:45:00,3.858166
2025-06-28 10:00:00,3.74008
2025-06-28 10:15:00,3.908347
2025-06-28 10:30:00,4.456961
2025-06-28 10:45:00,4.168397
2025-06-28 11:00:00,4.37953
2025-06-28 11:15:00,3.921072
2025-06-28 11:30:00,4.095806
2025-06-28 11:45:00,4.146506
2025-06-28 12:00:00,4.329424
2025-06-28 12:15:00,6.10466
2025-06-28 12:30:00,5.415517
2025-06-28 12:45:00,10.675741
2025-06-28 13:00:00,7.364369
2025-06-28 13:15:00,11.063397
2025-06-28 13:30:00,11.082874
2025-06-28 13:45:00,10.336007
2025-06-28 14:00:00,9.644495
2025-06-28 14:15:00,29.648489
2025-06-28 14:30:00,26.496592
2025-06-28 14:45:00,26.070032
2025-06-28 15:00:00,26.074442
2025-06-28 15:15:00,117.60434
2025-06-28 15:30:00,167.726334
2025-06-28 15:45:00,283.852814
2025-06-28 16:00:00,317.586456
2025-06-28 16:15:00,327.59787
2025-06-28 16:30:00,332.440704
2025-06-28 16:45:00,325.681274
2025-06-28 17:00:00,325.5513
2025-06-28 17:15:00,307.212097
2025-06-28 17:30:00,326.218475
2025-06-28 17:45:00,331.79834
2025-06-28 18:00:00,325.32254
2025-06-28 18:15:00,318.400269
2025-06-28 18:30:00,307.178436
2025-06-28 18:45:00,312.54541
2025-06-28 19:00:00,308.107788
2025-06-28 19:15:00,316.454834
2025-06-28 19:30:00,278.167328
2025-06-28 19:45:00,282.702728
2025-06-28 20:00:00,307.840729
2025-06-28 20:15:00,314.399292
2025-06-28 20:30:00,315.332153
2025-06-28 20:45:00,309.250916
2025-06-28 21:00:00,255.531921
2025-06-28 21:15:00,270.184479
2025-06-28 21:30:00,191.11998
2025-06-28 21:45:00,168.76091
2025-06-28 22:00:00,166.000031
2025-06-28 22:15:00,166.000076
2025-06-28 22:30:00,162.0
2025-06-28 22:45:00,151.000061
2025-06-28 23:00:00,177.000076
2025-06-28 23:15:00,169.610565
2025-06-28 23:30:00,178.613464
2025-06-28 23:45:00,179.953506
2025-06-29 00:00:00,200.930817
2025-06-29 00:15:00,191.793518
2025-06-29 00:30:00,179.788315
2025-06-29 00:45:00,154.115646
2025-06-29 01:00:00,170.653519
2025-06-29 01:15:00,164.594498
2025-06-29 01:30:00,153.993225
2025-06-29 01:45:00,152.675797
2025-06-29 02:00:00,153.696976
2025-06-29 02:15:00,144.888275
2025-06-29 02:30:00,124.970444
2025-06-29 02:45:00,55.991249
2025-06-29 03:00:00,55.904789
2025-06-29 03:15:00,43.013229
2025-06-29 03:30:00,30.387678
2025-06-29 03:45:00,24.641447
2025-06-29 04:00:00,23.785984
2025-06-29 04:15:00,23.783215
2025-06-29 04:30:00,30.479134
2025-06-29 04:45:00,43.161465
2025-06-29 05:00:00,56.046265
2025-06-29 05:15:00,82.867195
2025-06-29 05:30:00,124.873505
2025-06-29 05:45:00,124.624306
2025-06-29 06:00:00,127.68795
2025-06-29 06:15:00,143.829178
2025-06-29 06:30:00,114.682709
2025-06-29 06:45:00,29.888752
2025-06-29 07:00:00,3.398928
2025-06-29 07:15:00,3.308223
2025-06-29 07:30:00,3.24433
2025-06-29 07:45:00,3.33836
2025-06-29 08:00:00,3.365217
2025-06-29 08:15:00,29.729597
2025-06-29 08:30:00,55.413582
2025-06-29 08:45:00,152.266418
2025-06-29 09:00:00,153.214645
2025-06-29 09:15:00,168.084641
2025-06-29 09:30:00,164.124054
2025-06-29 09:45:00,163.63588
2025-06-29 10:00:00,167.842697
2025-06-29 10:15:00,167.999924
2025-06-29 10:30:00,142.188126
2025-06-29 10:45:00,167.793869
2025-06-29 11:00:00,178.667953
2025-06-29 11:15:00,209.033798
2025-06-29 11:30:00,172.000061
2025-06-29 11:45:00,144.097702
2025-06-29 12:00:00,167.67775
2025-06-29 12:15:00,151.044052
2025-06-29 12:30:00,152.921738
2025-06-29 12:45:00,54.573769
2025-06-29 13:00:00,128.119293
2025-06-29 13:15:00,154.361526
2025-06-29 13:30:00,179.878952
2025-06-29 13:45:00,269.076782
2025-06-29 14:00:00,269.00766
2025-06-29 14:15:00,290.615906
2025-06-29 14:30:00,250.391541
2025-06-29 14:45:00,209.600906
2025-06-29 15:00:00,179.239029
2025-06-29 15:15:00,143.49176
2025-06-29 15:30:00,141.28035
2025-06-29 15:45:00,142.206207
2025-06-29 16:00:00,125.508743
2025-06-29 16:15:00,23.831919
2025-06-29 16:30:00,37.919811
2025-06-29 16:45:00,3.789403
2025-06-29 17:00:00,24.200825
2025-06-29 17:15:00,4.636787
2025-06-29 17:30:00,31.68368
2025-06-29 17:45:00,89.980835
2025-06-29 18:00:00,115.253075
2025-06-29 18:15:00,145.78244
2025-06-29 18:30:00,166.039154
2025-06-29 18:45:00,180.359634
2025-06-29 19:00:00,174.609528
2025-06-29 19:15:00,210.536514
2025-06-29 19:30:00,224.154984
2025-06-29 19:45:00,240.412552
2025-06-29 20:00:00,288.3013
2025-06-29 20:15:00,288.29361
2025-06-29 20:30:00,251.307861
2025-06-29 20:45:00,268.769684
2025-06-29 21:00:00,228.957611
2025-06-29 21:15:00,289.999939
2025-06-29 21:30:00,292.000183
2025-06-29 21:45:00,288.000061
2025-06-29 22:00:00,267.999969
2025-06-29 22:15:00,249.999969
2025-06-29 22:30:00,299.000122
2025-06-29 22:45:00,273.999939
2025-06-29 23:00:00,312.0
2025-06-29 23:15:00,268.000031
2025-06-29 23:30:00,282.000061
2025-06-29 23:45:00,268.091583
2025-06-30 00:00:00,413.999908
2025-06-30 00:15:00,412.999908
2025-06-30 00:30:00,400.000031
2025-06-30 00:45:00,275.0
2025-06-30 01:00:00,269.0
2025-06-30 01:15:00,260.0
2025-06-30 01:30:00,249.999939
2025-06-30 01:45:00,259.999939
2025-06-30 02:00:00,258.000092
2025-06-30 02:15:00,240.411224
2025-06-30 02:30:00,220.000076
2025-06-30 02:45:00,208.0
2025-06-30 03:00:00,208.000061
2025-06-30 03:15:00,188.0
2025-06-30 03:30:00,150.20311
2025-06-30 03:45:00,150.198486
2025-06-30 04:00:00,150.2034
2025-06-30 04:15:00,150.21257
2025-06-30 04:30:00,144.810089
2025-06-30 04:45:00,150.19664
2025-06-30 05:00:00,150.195633
2025-06-30 05:15:00,150.205368
2025-06-30 05:30:00,188.308136
2025-06-30 05:45:00,151.342682
2025-06-30 06:00:00,151.257843
2025-06-30 06:15:00,106.045212
2025-06-30 06:30:00,3.416283
2025-06-30 06:45:00,3.207449
2025-06-30 07:00:00,0.0
2025-06-30 07:15:00,0.0
2025-06-30 07:30:00,0.0
2025-06-30 07:45:00,0.0
2025-06-30 08:00:00,0.0
2025-06-30 08:15:00,0.0
2025-06-30 08:30:00,0.0
2025-06-30 08:45:00,3.965666
2025-06-30 09:00:00,4.35
2025-06-30 09:15:00,4.406776
2025-06-30 09:30:00,4.270931
2025-06-30 09:45:00,4.286497
2025-06-30 10:00:00,4.339905
2025-06-30 10:15:00,4.645644
2025-06-30 10:30:00,5.615201
2025-06-30 10:45:00,10.426327
2025-06-30 11:00:00,12.284363
2025-06-30 11:15:00,11.595914
2025-06-30 11:30:00,11.310995
2025-06-30 11:45:00,11.077974
2025-06-30 12:00:00,12.256312
2025-06-30 12:15:00,13.126263
2025-06-30 12:30:00,13.839704
2025-06-30 12:45:00,6.34634
2025-06-30 13:00:00,6.567637
2025-06-30 13:15:00,6.526444
2025-06-30 13:30:00,6.344021
2025-06-30 13:45:00,6.363945
2025-06-30 14:00:00,6.321136
2025-06-30 14:15:00,6.522264
2025-06-30 14:30:00,6.371634
2025-06-30 14:45:00,6.420977
2025-06-30 15:00:00,61.69323
2025-06-30 15:15:00,103.743134
2025-06-30 15:30:00,146.000793
2025-06-30 15:45:00,236.356918
2025-06-30 16:00:00,321.118439
2025-06-30 16:15:00,385.712433
2025-06-30 16:30:00,427.136932
2025-06-30 16:45:00,417.338806
2025-06-30 17:00:00,428.766327
2025-06-30 17:15:00,370.90918
2025-06-30 17:30:00,358.553986
2025-06-30 17:45:00,315.863831
2025-06-30 18:00:00,270.787659
2025-06-30 18:15:00,147.763474
2025-06-30 18:30:00,193.677383
2025-06-30 18:45:00,234.505905
2025-06-30 19:00:00,212.384583
2025-06-30 19:15:00,269.713867
2025-06-30 19:30:00,275.937225
2025-06-30 19:45:00,305.102966
2025-06-30 20:00:00,350.572723
2025-06-30 20:15:00,349.937042
2025-06-30 20:30:00,359.159973
2025-06-30 20:45:00,329.009216
2025-06-30 21:00:00,306.883789
2025-06-30 21:15:00,292.768555
2025-06-30 21:30:00,292.395172
2025-06-30 21:45:00,292.250519
2025-06-30 22:00:00,295.62915
2025-06-30 22:15:00,360.636841
2025-06-30 22:30:00,413.000122
2025-06-30 22:45:00,409.999969
2025-06-30 23:00:00,419.000092
2025-06-30 23:15:00,393.000122
2025-06-30 23:30:00,318.000061
2025-06-30 23:45:00,299.999908
2025-07-01 00:00:00,260.0
2025-07-01 00:15:00,267.999969
2025-07-01 00:30:00,252.508041
2025-07-01 00:45:00,230.771301
2025-07-01 01:00:00,228.46376
2025-07-01 01:15:00,253.034073
2025-07-01 01:30:00,265.920654
2025-07-01 01:45:00,260.840118
2025-07-01 02:00:00,251.657578
2025-07-01 02:15:00,250.792847
2025-07-01 02:30:00,251.413651
2025-07-01 02:45:00,242.707916
2025-07-01 03:00:00,237.834915
2025-07-01 03:15:00,217.19838
2025-07-01 03:30:00,211.840942
2025-07-01 03:45:00,212.273331
2025-07-01 04:00:00,212.174057
2025-07-01 04:15:00,212.386642
2025-07-01 04:30:00,212.346603
2025-07-01 04:45:00,212.819992
2025-07-01 05:00:00,220.893433
2025-07-01 05:15:00,231.672592
2025-07-01 05:30:00,239.595642
2025-07-01 05:45:00,214.206039
2025-07-01 06:00:00,199.462891
2025-07-01 06:15:00,151.084625
2025-07-01 06:30:00,110.125526
2025-07-01 06:45:00,3.274638
2025-07-01 07:00:00,3.063679
2025-07-01 07:15:00,0.0
2025-07-01 07:30:00,0.0
2025-07-01 07:45:00,0.0
2025-07-01 08:00:00,0.0
2025-07-01 08:15:00,0.0
2025-07-01 08:30:00,4.642234
2025-07-01 08:45:00,5.368296
2025-07-01 09:00:00,5.636495
2025-07-01 09:15:00,5.649882
2025-07-01 09:30:00,5.627691
2025-07-01 09:45:00,8.057464
2025-07-01 10:00:00,1.089022
2025-07-01 10:15:00,6.701728
2025-07-01 10:30:00,6.621986
2025-07-01 10:45:00,6.44321
2025-07-01 11:00:00,6.307225
2025-07-01 11:15:00,6.235311
2025-07-01 11:30:00,6.145454
2025-07-01 11:45:00,6.084002
2025-07-01 12:00:00,15.310918
2025-07-01 12:15:00,15.563733
2025-07-01 12:30:00,15.874771
2025-07-01 12:45:00,15.531785
2025-07-01 13:00:00,18.009342
2025-07-01 13:15:00,17.968287
2025-07-01 13:30:00,17.20293
2025-07-01 13:45:00,16.977901
2025-07-01 14:00:00,15.463074
2025-07-01 14:15:00,16.339327
2025-07-01 14:30:00,14.585876
2025-07-01 14:45:00,14.870236
2025-07-01 15:00:00,100.606674
2025-07-01 15:15:00,44.373978
2025-07-01 15:30:00,102.779846
2025-07-01 15:45:00,151.53978
2025-07-01 16:00:00,43.636318
2025-07-01 16:15:00,97.628967
2025-07-01 16:30:00,183.979919
2025-07-01 16:45:00,228.933182
2025-07-01 17:00:00,264.554291
2025-07-01 17:15:00,333.107849
2025-07-01 17:30:00,389.562988
2025-07-01 17:45:00,423.968506
2025-07-01 18:00:00,427.874908
2025-07-01 18:15:00,437.714722
2025-07-01 18:30:00,438.773468
2025-07-01 18:45:00,428.575623
2025-07-01 19:00:00,431.511017
2025-07-01 19:15:00,399.074646
2025-07-01 19:30:00,414.285614
2025-07-01 19:45:00,405.721344
2025-07-01 20:00:00,396.749451
2025-07-01 20:15:00,423.852661
2025-07-01 20:30:00,430.955475
2025-07-01 20:45:00,418.025818
2025-07-01 21:00:00,421.513092
2025-07-01 21:15:00,426.621643
2025-07-01 21:30:00,420.752014
2025-07-01 21:45:00,416.927887
2025-07-01 22:00:00,417.412476
2025-07-01 22:15:00,423.127899
2025-07-01 22:30:00,422.598206
2025-07-01 22:45:00,418.846649
2025-07-01 23:00:00,368.99939
2025-07-01 23:15:00,404.064117
2025-07-01 23:30:00,358.70462
2025-07-01 23:45:00,410.000092
2025-07-02 00:00:00,439.999878
2025-07-02 00:15:00,442.000061
2025-07-02 00:30:00,438.999939
2025-07-02 00:45:00,430.0
2025-07-02 01:00:00,435.999878
2025-07-02 01:15:00,436.000153
2025-07-02 01:30:00,433.295135
2025-07-02 01:45:00,433.000031
2025-07-02 02:00:00,422.444153
2025-07-02 02:15:00,420.493713
2025-07-02 02:30:00,417.233826
2025-07-02 02:45:00,415.38443
2025-07-02 03:00:00,407.435059
2025-07-02 03:15:00,334.453247
2025-07-02 03:30:00,302.491638
2025-07-02 03:45:00,273.575958
2025-07-02 04:00:00,272.54718
2025-07-02 04:15:00,272.627411
2025-07-02 04:30:00,272.569
2025-07-02 04:45:00,272.629089
2025-07-02 05:00:00,277.605408
2025-07-02 05:15:00,272.457092
2025-07-02 05:30:00,275.000031
2025-07-02 05:45:00,262.999847
2025-07-02 06:00:00,245.999802
2025-07-02 06:15:00,161.000122
2025-07-02 06:30:00,41.509773
2025-07-02 06:45:00,3.527902
2025-07-02 07:00:00,0.0
2025-07-02 07:15:00,0.0
2025-07-02 07:30:00,0.0
2025-07-02 07:45:00,4.510841
2025-07-02 08:00:00,5.026091
2025-07-02 08:15:00,5.379576
2025-07-02 08:30:00,5.86909
2025-07-02 08:45:00,5.978903
2025-07-02 09:00:00,5.768167
2025-07-02 09:15:00,6.323354
2025-07-02 09:30:00,6.386103
2025-07-02 09:45:00,5.961672
2025-07-02 10:00:00,6.737376
2025-07-02 10:15:00,6.791111
2025-07-02 10:30:00,6.626649
2025-07-02 10:45:00,6.702201
2025-07-02 11:00:00,6.625923
2025-07-02 11:15:00,6.571165
2025-07-02 11:30:00,6.344226
2025-07-02 11:45:00,6.140794
2025-07-02 12:00:00,8.141053
2025-07-02 12:15:00,8.402808
2025-07-02 12:30:00,8.168801
2025-07-02 12:45:00,8.412924
2025-07-02 13:00:00,8.825292
2025-07-02 13:15:00,8.797957
2025-07-02 13:30:00,8.734973
2025-07-02 13:45:00,21.496777
2025-07-02 14:00:00,42.107231
2025-07-02 14:15:00,85.874092
2025-07-02 14:30:00,44.771065
2025-07-02 14:45:00,42.52277
2025-07-02 15:00:00,60.830326
2025-07-02 15:15:00,63.328411
2025-07-02 15:30:00,86.932251
2025-07-02 15:45:00,102.82093
2025-07-02 16:00:00,102.73394
2025-07-02 16:15:00,142.399979
2025-07-02 16:30:00,256.186279
2025-07-02 16:45:00,312.616333
2025-07-02 17:00:00,414.273956
2025-07-02 17:15:00,459.662018
2025-07-02 17:30:00,484.254303
2025-07-02 17:45:00,476.469788
2025-07-02 18:00:00,495.340912
2025-07-02 18:15:00,573.240295
2025-07-02 18:30:00,612.447205
2025-07-02 18:45:00,591.870605
2025-07-02 19:00:00,588.169739
2025-07-02 19:15:00,476.594879
2025-07-02 19:30:00,464.70929
2025-07-02 19:45:00,452.669403
2025-07-02 20:00:00,461.440918
2025-07-02 20:15:00,486.80188
2025-07-02 20:30:00,544.977234
2025-07-02 20:45:00,550.875793
2025-07-02 21:00:00,533.180237
2025-07-02 21:15:00,500.46933
2025-07-02 21:30:00,531.948242
2025-07-02 21:45:00,534.682983
2025-07-02 22:00:00,527.756653
2025-07-02 22:15:00,519.685608
2025-07-02 22:30:00,512.068481
2025-07-02 22:45:00,488.662231
2025-07-02 23:00:00,449.631866
2025-07-02 23:15:00,462.113098
2025-07-02 23:30:00,445.999969
2025-07-02 23:45:00,444.999939
2025-07-03 00:00:00,446.108093
2025-07-03 00:15:00,445.740356
2025-07-03 00:30:00,440.133118
2025-07-03 00:45:00,440.077118
2025-07-03 01:00:00,440.047607
2025-07-03 01:15:00,444.999878
2025-07-03 01:30:00,445.499817
2025-07-03 01:45:00,445.400024
2025-07-03 02:00:00,445.500153
2025-07-03 02:15:00,441.999878
2025-07-03 02:30:00,440.000122
2025-07-03 02:45:00,439.999908
2025-07-03 03:00:00,436.000031
2025-07-03 03:15:00,432.999939
2025-07-03 03:30:00,429.999908
2025-07-03 03:45:00,425.400024
2025-07-03 04:00:00,425.900024
2025-07-03 04:15:00,422.924469
2025-07-03 04:30:00,417.124237
2025-07-03 04:45:00,422.454102
2025-07-03 05:00:00,419.179749
2025-07-03 05:15:00,422.714172
2025-07-03 05:30:00,415.158203
2025-07-03 05:45:00,407.123322
2025-07-03 06:00:00,297.671906
2025-07-03 06:15:00,269.902985
2025-07-03 06:30:00,220.722046
2025-07-03 06:45:00,118.917709
2025-07-03 07:00:00,24.932285
2025-07-03 07:15:00,4.091284
2025-07-03 07:30:00,4.507697
2025-07-03 07:45:00,4.694019
2025-07-03 08:00:00,5.36997
2025-07-03 08:15:00,5.473874
2025-07-03 08:30:00,6.325731
2025-07-03 08:45:00,5.78137
2025-07-03 09:00:00,6.363846
2025-07-03 09:15:00,6.551809
2025-07-03 09:30:00,5.900048
2025-07-03 09:45:00,6.524848
2025-07-03 10:00:00,8.060171
2025-07-03 10:15:00,7.79551
2025-07-03 10:30:00,7.897329
2025-07-03 10:45:00,7.808131
2025-07-03 11:00:00,7.427825
2025-07-03 11:15:00,7.251875
2025-07-03 11:30:00,7.455796
2025-07-03 11:45:00,25.071421
2025-07-03 12:00:00,68.214371
2025-07-03 12:15:00,130.82428
2025-07-03 12:30:00,136.094955
2025-07-03 12:45:00,82.618385
2025-07-03 13:00:00,91.052658
2025-07-03 13:15:00,89.212425
2025-07-03 13:30:00,90.960136
2025-07-03 13:45:00,92.912605
2025-07-03 14:00:00,146.653763
2025-07-03 14:15:00,175.449738
2025-07-03 14:30:00,184.107422
2025-07-03 14:45:00,144.825073
2025-07-03 15:00:00,139.176559
2025-07-03 15:15:00,85.464874
2025-07-03 15:30:00,87.230225
2025-07-03 15:45:00,161.359375
2025-07-03 16:00:00,263.812897
2025-07-03 16:15:00,262.8237
2025-07-03 16:30:00,292.189209
2025-07-03 16:45:00,314.298004
2025-07-03 17:00:00,401.512634
2025-07-03 17:15:00,434.193207
2025-07-03 17:30:00,444.353302
2025-07-03 17:45:00,445.175446
2025-07-03 18:00:00,462.052795
2025-07-03 18:15:00,471.377411
2025-07-03 18:30:00,475.932312
2025-07-03 18:45:00,512.244934
2025-07-03 19:00:00,553.113037
2025-07-03 19:15:00,542.761292
2025-07-03 19:30:00,551.742554
2025-07-03 19:45:00,512.345764
2025-07-03 20:00:00,479.833618
2025-07-03 20:15:00,534.457947
2025-07-03 20:30:00,563.558228
2025-07-03 20:45:00,566.065613
2025-07-03 21:00:00,555.025269
2025-07-03 21:15:00,542.914856
2025-07-03 21:30:00,542.094116
2025-07-03 21:45:00,529.713562
2025-07-03 22:00:00,549.346497
2025-07-03 22:15:00,598.830505
2025-07-03 22:30:00,584.283569
2025-07-03 22:45:00,548.652527
2025-07-03 23:00:00,573.000244
2025-07-03 23:15:00,539.999939
2025-07-03 23:30:00,470.03772
2025-07-03 23:45:00,446.13678
2025-07-04 00:00:00,530.714905
2025-07-04 00:15:00,502.64502
2025-07-04 00:30:00,481.557159
2025-07-04 00:45:00,477.084381
2025-07-04 01:00:00,481.781586
2025-07-04 01:15:00,482.618683
2025-07-04 01:30:00,482.682037
2025-07-04 01:45:00,481.881927
2025-07-04 02:00:00,482.17865
2025-07-04 02:15:00,478.573761
2025-07-04 02:30:00,466.825317
2025-07-04 02:45:00,463.002075
2025-07-04 03:00:00,462.562805
2025-07-04 03:15:00,462.149536
2025-07-04 03:30:00,460.226929
2025-07-04 03:45:00,459.244568
2025-07-04 04:00:00,457.323395
2025-07-04 04:15:00,457.277924
2025-07-04 04:30:00,457.403015
2025-07-04 04:45:00,457.253662
2025-07-04 05:00:00,457.245911
2025-07-04 05:15:00,457.133667
2025-07-04 05:30:00,457.095551
2025-07-04 05:45:00,456.361176
2025-07-04 06:00:00,455.323395
2025-07-04 06:15:00,447.570892
2025-07-04 06:30:00,428.976379
2025-07-04 06:45:00,302.336945
2025-07-04 07:00:00,277.06369
2025-07-04 07:15:00,216.923035
2025-07-04 07:30:00,222.315002
2025-07-04 07:45:00,158.719162
2025-07-04 08:00:00,146.094879
2025-07-04 08:15:00,142.629776
2025-07-04 08:30:00,1.109443
2025-07-04 08:45:00,6.172352
2025-07-04 09:00:00,6.553998
2025-07-04 09:15:00,6.239361
2025-07-04 09:30:00,5.686281
2025-07-04 09:45:00,99.694664
2025-07-04 10:00:00,113.590904
2025-07-04 10:15:00,195.228912
2025-07-04 10:30:00,172.620255
2025-07-04 10:45:00,258.587341
2025-07-04 11:00:00,223.155075
2025-07-04 11:15:00,215.988342
2025-07-04 11:30:00,191.772659
2025-07-04 11:45:00,163.877579
2025-07-04 12:00:00,232.690811
2025-07-04 12:15:00,215.78743
2025-07-04 12:30:00,193.138107
2025-07-04 12:45:00,255.533615
2025-07-04 13:00:00,226.966599
2025-07-04 13:15:00,220.531479
2025-07-04 13:30:00,207.930145
2025-07-04 13:45:00,198.289703
2025-07-04 14:00:00,166.178574
2025-07-04 14:15:00,143.369781
2025-07-04 14:30:00,150.14006
2025-07-04 14:45:00,144.226196
2025-07-04 15:00:00,231.195221
2025-07-04 15:15:00,229.000534
2025-07-04 15:30:00,283.595703
2025-07-04 15:45:00,264.657196
2025-07-04 16:00:00,325.339386
2025-07-04 16:15:00,421.95929
2025-07-04 16:30:00,455.838745
2025-07-04 16:45:00,466.268402
2025-07-04 17:00:00,558.098999
2025-07-04 17:15:00,533.034302
2025-07-04 17:30:00,555.58606
2025-07-04 17:45:00,577.542358
2025-07-04 18:00:00,642.05127
2025-07-04 18:15:00,651.594543
2025-07-04 18:30:00,644.581604
2025-07-04 18:45:00,652.758667
2025-07-04 19:00:00,604.642944
2025-07-04 19:15:00,625.261414
2025-07-04 19:30:00,654.732178
2025-07-04 19:45:00,643.177917
2025-07-04 20:00:00,644.819275
2025-07-04 20:15:00,655.09314
2025-07-04 20:30:00,652.516846
2025-07-04 20:45:00,650.266968
2025-07-04 21:00:00,647.461365
2025-07-04 21:15:00,690.347229
2025-07-04 21:30:00,664.305969
2025-07-04 21:45:00,661.054932
2025-07-04 22:00:00,722.477112
2025-07-04 22:15:00,798.965698
2025-07-04 22:30:00,766.269104
2025-07-04 22:45:00,738.485107
2025-07-04 23:00:00,742.37793
2025-07-04 23:15:00,670.256226
2025-07-04 23:30:00,584.983765
2025-07-04 23:45:00,575.667542
2025-07-05 00:00:00,555.879517
2025-07-05 00:15:00,612.006653
2025-07-05 00:30:00,560.288635
2025-07-05 00:45:00,521.990906
2025-07-05 01:00:00,487.167877
2025-07-05 01:15:00,488.802704
2025-07-05 01:30:00,488.270081
2025-07-05 01:45:00,482.671478
2025-07-05 02:00:00,463.440521
2025-07-05 02:15:00,464.685211
2025-07-05 02:30:00,456.359467
2025-07-05 02:45:00,448.892426
2025-07-05 03:00:00,446.142944
2025-07-05 03:15:00,434.603424
2025-07-05 03:30:00,426.50351
2025-07-05 03:45:00,411.173737
2025-07-05 04:00:00,407.866241
2025-07-05 04:15:00,409.435181
2025-07-05 04:30:00,409.399017
2025-07-05 04:45:00,410.457581
2025-07-05 05:00:00,405.591705
2025-07-05 05:15:00,405.419495
2025-07-05 05:30:00,414.605804
2025-07-05 05:45:00,431.647247
2025-07-05 06:00:00,431.703278
2025-07-05 06:15:00,412.34021
2025-07-05 06:30:00,345.864807
2025-07-05 06:45:00,315.230347
2025-07-05 07:00:00,298.391357
2025-07-05 07:15:00,286.577393
2025-07-05 07:30:00,267.823151
2025-07-05 07:45:00,254.235092
2025-07-05 08:00:00,143.430237
2025-07-05 08:15:00,6.22907
2025-07-05 08:30:00,6.269736
2025-07-05 08:45:00,6.419295
2025-07-05 09:00:00,2.51793
2025-07-05 09:15:00,5.49008
2025-07-05 09:30:00,6.507968
2025-07-05 09:45:00,6.41928
2025-07-05 10:00:00,6.345829
2025-07-05 10:15:00,6.259467
2025-07-05 10:30:00,7.928942
2025-07-05 10:45:00,95.531281
2025-07-05 11:00:00,133.591064
2025-07-05 11:15:00,80.589516
2025-07-05 11:30:00,82.047516
2025-07-05 11:45:00,95.167038
2025-07-05 12:00:00,295.320923
2025-07-05 12:15:00,269.761749
2025-07-05 12:30:00,283.510712
2025-07-05 12:45:00,272.772919
2025-07-05 13:00:00,266.276672
2025-07-05 13:15:00,157.156113
2025-07-05 13:30:00,168.976822
2025-07-05 13:45:00,164.035767
2025-07-05 14:00:00,169.068161
2025-07-05 14:15:00,179.427994
2025-07-05 14:30:00,243.054428
2025-07-05 14:45:00,248.941162
2025-07-05 15:00:00,309.128845
2025-07-05 15:15:00,325.96347
2025-07-05 15:30:00,331.371216
2025-07-05 15:45:00,349.115021
2025-07-05 16:00:00,386.293396
2025-07-05 16:15:00,415.497528
2025-07-05 16:30:00,432.248474
2025-07-05 16:45:00,441.526276
2025-07-05 17:00:00,443.359955
2025-07-05 17:15:00,436.510803
2025-07-05 17:30:00,444.368347
2025-07-05 17:45:00,450.112305
2025-07-05 18:00:00,477.310303
2025-07-05 18:15:00,488.928223
2025-07-05 18:30:00,526.596008
2025-07-05 18:45:00,523.648315
2025-07-05 19:00:00,495.882904
2025-07-05 19:15:00,536.127991
2025-07-05 19:30:00,536.901733
2025-07-05 19:45:00,616.007141
2025-07-05 20:00:00,702.441284
2025-07-05 20:15:00,578.31012
2025-07-05 20:30:00,555.127747
2025-07-05 20:45:00,504.756439
2025-07-05 21:00:00,507.433899
2025-07-05 21:15:00,523.152588
2025-07-05 21:30:00,501.597687
2025-07-05 21:45:00,488.254913
2025-07-05 22:00:00,495.544495
2025-07-05 22:15:00,556.334656
2025-07-05 22:30:00,666.590027
2025-07-05 22:45:00,872.255981
2025-07-05 23:00:00,985.533142
2025-07-05 23:15:00,921.738892
2025-07-05 23:30:00,715.056458
2025-07-05 23:45:00,611.046326
2025-07-06 00:00:00,931.407043
2025-07-06 00:15:00,922.672668
2025-07-06 00:30:00,694.858093
2025-07-06 00:45:00,586.347107
2025-07-06 01:00:00,568.795349
2025-07-06 01:15:00,563.534424
2025-07-06 01:30:00,535.613586
2025-07-06 01:45:00,533.847717
2025-07-06 02:00:00,529.825989
2025-07-06 02:15:00,523.398682
2025-07-06 02:30:00,491.696136
2025-07-06 02:45:00,427.746124
2025-07-06 03:00:00,451.813843
2025-07-06 03:15:00,445.401611
2025-07-06 03:30:00,406.932251
2025-07-06 03:45:00,403.043457
2025-07-06 04:00:00,401.731903
2025-07-06 04:15:00,395.63092
2025-07-06 04:30:00,386.165771
2025-07-06 04:45:00,381.694733
2025-07-06 05:00:00,379.216492
2025-07-06 05:15:00,374.905365
2025-07-06 05:30:00,361.802277
2025-07-06 05:45:00,354.33429
2025-07-06 06:00:00,346.948608
2025-07-06 06:15:00,344.000061
2025-07-06 06:30:00,332.512787
2025-07-06 06:45:00,318.000305
2025-07-06 07:00:00,291.278778
2025-07-06 07:15:00,243.293747
2025-07-06 07:30:00,159.847382
2025-07-06 07:45:00,46.145512
2025-07-06 08:00:00,19.966181
2025-07-06 08:15:00,4.612305
2025-07-06 08:30:00,4.798418
2025-07-06 08:45:00,5.859239
2025-07-06 09:00:00,5.877274
2025-07-06 09:15:00,5.693945
2025-07-06 09:30:00,5.291156
2025-07-06 09:45:00,6.464369
2025-07-06 10:00:00,5.955847
2025-07-06 10:15:00,5.255115
2025-07-06 10:30:00,5.898555
2025-07-06 10:45:00,5.685266
2025-07-06 11:00:00,45.890171
2025-07-06 11:15:00,78.823555
2025-07-06 11:30:00,33.275906
2025-07-06 11:45:00,44.291325
2025-07-06 12:00:00,186.277878
2025-07-06 12:15:00,208.291382
2025-07-06 12:30:00,239.656403
2025-07-06 12:45:00,241.092773
2025-07-06 13:00:00,249.762314
2025-07-06 13:15:00,243.151031
2025-07-06 13:30:00,232.888275
2025-07-06 13:45:00,223.077057
2025-07-06 14:00:00,211.513107
2025-07-06 14:15:00,196.541092
2025-07-06 14:30:00,242.163773
2025-07-06 14:45:00,270.362671
2025-07-06 15:00:00,273.556732
2025-07-06 15:15:00,290.392853
2025-07-06 15:30:00,291.504669
2025-07-06 15:45:00,311.864746
2025-07-06 16:00:00,329.844116
2025-07-06 16:15:00,339.690918
2025-07-06 16:30:00,343.667877
2025-07-06 16:45:00,359.957611
2025-07-06 17:00:00,362.801086
2025-07-06 17:15:00,361.980408
2025-07-06 17:30:00,364.755554
2025-07-06 17:45:00,376.568024
2025-07-06 18:00:00,402.202667
2025-07-06 18:15:00,408.614471
2025-07-06 18:30:00,412.388428
2025-07-06 18:45:00,395.90036
2025-07-06 19:00:00,397.703613
2025-07-06 19:15:00,396.671021
2025-07-06 19:30:00,390.92157
2025-07-06 19:45:00,402.984344
2025-07-06 20:00:00,469.330505
2025-07-06 20:15:00,491.071899
2025-07-06 20:30:00,470.057526
2025-07-06 20:45:00,457.484283
2025-07-06 21:00:00,491.309998
2025-07-06 21:15:00,512.90033
2025-07-06 21:30:00,460.148499
2025-07-06 21:45:00,413.777374
2025-07-06 22:00:00,347.858246
2025-07-06 22:15:00,475.477203
2025-07-06 22:30:00,402.489807
2025-07-06 22:45:00,376.299438
2025-07-06 23:00:00,378.21048
2025-07-06 23:15:00,374.306854
2025-07-06 23:30:00,370.479431
2025-07-06 23:45:00,371.00061
2025-07-07 00:00:00,376.834808
2025-07-07 00:15:00,378.460907
2025-07-07 00:30:00,369.304749
2025-07-07 00:45:00,360.975525
2025-07-07 01:00:00,360.828583
2025-07-07 01:15:00,358.577728
2025-07-07 01:30:00,360.283356
2025-07-07 01:45:00,354.818634
2025-07-07 02:00:00,351.608215
2025-07-07 02:15:00,351.331482
2025-07-07 02:30:00,350.25827
2025-07-07 02:45:00,346.999939
2025-07-07 03:00:00,350.25415
2025-07-07 03:15:00,347.515381
2025-07-07 03:30:00,347.098816
2025-07-07 03:45:00,346.911133
2025-07-07 04:00:00,346.798218
2025-07-07 04:15:00,346.282623
2025-07-07 04:30:00,346.039337
2025-07-07 04:45:00,344.849396
2025-07-07 05:00:00,345.176453
2025-07-07 05:15:00,343.646393
2025-07-07 05:30:00,343.612152
2025-07-07 05:45:00,341.864838
2025-07-07 06:00:00,337.917114
2025-07-07 06:15:00,327.000092
2025-07-07 06:30:00,295.000275
2025-07-07 06:45:00,251.999954
2025-07-07 07:00:00,198.999969
2025-07-07 07:15:00,151.190216
2025-07-07 07:30:00,23.760311
2025-07-07 07:45:00,4.34505
2025-07-07 08:00:00,4.695962
2025-07-07 08:15:00,5.03231
2025-07-07 08:30:00,6.618504
2025-07-07 08:45:00,6.489284
2025-07-07 09:00:00,6.611166
2025-07-07 09:15:00,6.438889
2025-07-07 09:30:00,6.393605
2025-07-07 09:45:00,5.334513
2025-07-07 10:00:00,6.419397
2025-07-07 10:15:00,6.443562
2025-07-07 10:30:00,72.361465
2025-07-07 10:45:00,51.134552
2025-07-07 11:00:00,118.342941
2025-07-07 11:15:00,120.828087
2025-07-07 11:30:00,67.221916
2025-07-07 11:45:00,76.86795
2025-07-07 12:00:00,201.039886
2025-07-07 12:15:00,243.46463
2025-07-07 12:30:00,274.519714
2025-07-07 12:45:00,273.833191
2025-07-07 13:00:00,262.886017
2025-07-07 13:15:00,269.523834
2025-07-07 13:30:00,269.817719
2025-07-07 13:45:00,267.63446
2025-07-07 14:00:00,276.024323
2025-07-07 14:15:00,306.391113
2025-07-07 14:30:00,321.494385
2025-07-07 14:45:00,318.17572
2025-07-07 15:00:00,309.255157
2025-07-07 15:15:00,306.36087
2025-07-07 15:30:00,304.35257
2025-07-07 15:45:00,319.522369
2025-07-07 16:00:00,328.973145
2025-07-07 16:15:00,345.619934
2025-07-07 16:30:00,357.980865
2025-07-07 16:45:00,376.932709
2025-07-07 17:00:00,371.40033
2025-07-07 17:15:00,379.055634
2025-07-07 17:30:00,382.252319
2025-07-07 17:45:00,407.957977
2025-07-07 18:00:00,455.245758
2025-07-07 18:15:00,457.110504
2025-07-07 18:30:00,466.713409
2025-07-07 18:45:00,466.142822
2025-07-07 19:00:00,431.176025
2025-07-07 19:15:00,455.939728
2025-07-07 19:30:00,487.444458
2025-07-07 19:45:00,611.717834
2025-07-07 20:00:00,742.285156
2025-07-07 20:15:00,752.157776
2025-07-07 20:30:00,752.942993
2025-07-07 20:45:00,794.245972
2025-07-07 21:00:00,726.353271
2025-07-07 21:15:00,732.512085
2025-07-07 21:30:00,720.605164
2025-07-07 21:45:00,666.942505
2025-07-07 22:00:00,689.420288
2025-07-07 22:15:00,691.881714
2025-07-07 22:30:00,730.50647
2025-07-07 22:45:00,480.576782
2025-07-07 23:00:00,529.692627
2025-07-07 23:15:00,460.253937
2025-07-07 23:30:00,412.146667
2025-07-07 23:45:00,387.723175
2025-07-08 00:00:00,501.275452
2025-07-08 00:15:00,530.053711
2025-07-08 00:30:00,426.439178
2025-07-08 00:45:00,392.861389
2025-07-08 01:00:00,407.16568
2025-07-08 01:15:00,418.15094
2025-07-08 01:30:00,409.293549
2025-07-08 01:45:00,409.518585
2025-07-08 02:00:00,390.541565
2025-07-08 02:15:00,375.088104
2025-07-08 02:30:00,366.982849
2025-07-08 02:45:00,363.410889
2025-07-08 03:00:00,360.624359
2025-07-08 03:15:00,354.633484
2025-07-08 03:30:00,354.396179
2025-07-08 03:45:00,351.276031
2025-07-08 04:00:00,347.44281
2025-07-08 04:15:00,347.515564
2025-07-08 04:30:00,347.148651
2025-07-08 04:45:00,346.43045
2025-07-08 05:00:00,346.469055
2025-07-08 05:15:00,346.911713
2025-07-08 05:30:00,346.799835
2025-07-08 05:45:00,343.893921
2025-07-08 06:00:00,341.511108
2025-07-08 06:15:00,335.864197
2025-07-08 06:30:00,320.179901
2025-07-08 06:45:00,303.594421
2025-07-08 07:00:00,261.179962
2025-07-08 07:15:00,211.730499
2025-07-08 07:30:00,173.802536
2025-07-08 07:45:00,167.715988
2025-07-08 08:00:00,166.873886
2025-07-08 08:15:00,168.359772
2025-07-08 08:30:00,62.618343
2025-07-08 08:45:00,20.54574
2025-07-08 09:00:00,18.372889
2025-07-08 09:15:00,20.812838
2025-07-08 09:30:00,20.563782
2025-07-08 09:45:00,46.691269
2025-07-08 10:00:00,93.038727
2025-07-08 10:15:00,115.714043
2025-07-08 10:30:00,193.271515
2025-07-08 10:45:00,202.360168
2025-07-08 11:00:00,215.297394
2025-07-08 11:15:00,246.844193
2025-07-08 11:30:00,276.896484
2025-07-08 11:45:00,287.068756
2025-07-08 12:00:00,323.957672
2025-07-08 12:15:00,339.950134
2025-07-08 12:30:00,361.480591
2025-07-08 12:45:00,341.452667
2025-07-08 13:00:00,343.955536
2025-07-08 13:15:00,344.436646
2025-07-08 13:30:00,330.989014
2025-07-08 13:45:00,323.647552
2025-07-08 14:00:00,316.993713
2025-07-08 14:15:00,324.86441
2025-07-08 14:30:00,320.63092
2025-07-08 14:45:00,335.86145
2025-07-08 15:00:00,346.536438
2025-07-08 15:15:00,340.562988
2025-07-08 15:30:00,344.928589
2025-07-08 15:45:00,349.348999
2025-07-08 16:00:00,351.1185
2025-07-08 16:15:00,361.287354
2025-07-08 16:30:00,369.309326
2025-07-08 16:45:00,375.22937
2025-07-08 17:00:00,401.857941
2025-07-08 17:15:00,401.310181
2025-07-08 17:30:00,393.28186
2025-07-08 17:45:00,388.635559
2025-07-08 18:00:00,420.120819
2025-07-08 18:15:00,410.100769
2025-07-08 18:30:00,419.571503
2025-07-08 18:45:00,423.503784
2025-07-08 19:00:00,396.39975
2025-07-08 19:15:00,419.400848
2025-07-08 19:30:00,400.627808
2025-07-08 19:45:00,446.268982
2025-07-08 20:00:00,464.112946
2025-07-08 20:15:00,485.820709
2025-07-08 20:30:00,433.968964
2025-07-08 20:45:00,398.798889
2025-07-08 21:00:00,393.319641
2025-07-08 21:15:00,393.136871
2025-07-08 21:30:00,385.661713
2025-07-08 21:45:00,384.640411
2025-07-08 22:00:00,375.61908
2025-07-08 22:15:00,380.653778
2025-07-08 22:30:00,383.458771
2025-07-08 22:45:00,388.930145
2025-07-08 23:00:00,386.625946
2025-07-08 23:15:00,365.727051
2025-07-08 23:30:00,363.487213
2025-07-08 23:45:00,363.412109
2025-07-09 00:00:00,457.858948
2025-07-09 00:15:00,458.026428
2025-07-09 00:30:00,447.925751
2025-07-09 00:45:00,444.950439
2025-07-09 01:00:00,444.949432
2025-07-09 01:15:00,445.040375
2025-07-09 01:30:00,444.136261
2025-07-09 01:45:00,444.330566
2025-07-09 02:00:00,444.316193
2025-07-09 02:15:00,444.411316
2025-07-09 02:30:00,442.316315
2025-07-09 02:45:00,439.233307
2025-07-09 03:00:00,439.292633
2025-07-09 03:15:00,438.110291
2025-07-09 03:30:00,435.087738
2025-07-09 03:45:00,435.046204
2025-07-09 04:00:00,434.981384
2025-07-09 04:15:00,433.138092
2025-07-09 04:30:00,431.9823
2025-07-09 04:45:00,432.670135
2025-07-09 05:00:00,432.253662
2025-07-09 05:15:00,432.267822
2025-07-09 05:30:00,429.290863
2025-07-09 05:45:00,429.999878
2025-07-09 06:00:00,425.000336
2025-07-09 06:15:00,416.668274
2025-07-09 06:30:00,309.974854
2025-07-09 06:45:00,281.675079
2025-07-09 07:00:00,242.910721
2025-07-09 07:15:00,167.159119
2025-07-09 07:30:00,133.409348
2025-07-09 07:45:00,128.326843
2025-07-09 08:00:00,141.454391
2025-07-09 08:15:00,144.760895
2025-07-09 08:30:00,142.888535
2025-07-09 08:45:00,129.638046
2025-07-09 09:00:00,127.228012
2025-07-09 09:15:00,100.265755
2025-07-09 09:30:00,126.727821
2025-07-09 09:45:00,132.672577
2025-07-09 10:00:00,125.063187
2025-07-09 10:15:00,86.213982
2025-07-09 10:30:00,80.69136
2025-07-09 10:45:00,37.887356
2025-07-09 11:00:00,113.485611
2025-07-09 11:15:00,91.138557
2025-07-09 11:30:00,130.12204
2025-07-09 11:45:00,172.370163
2025-07-09 12:00:00,235.574905
2025-07-09 12:15:00,253.399506
2025-07-09 12:30:00,274.416412
2025-07-09 12:45:00,240.542068
2025-07-09 13:00:00,283.682556
2025-07-09 13:15:00,306.638824
2025-07-09 13:30:00,302.708099
2025-07-09 13:45:00,287.772308
2025-07-09 14:00:00,245.378571
2025-07-09 14:15:00,305.744995
2025-07-09 14:30:00,300.812958
2025-07-09 14:45:00,319.437286
2025-07-09 15:00:00,287.56427
2025-07-09 15:15:00,288.882538
2025-07-09 15:30:00,332.273529
2025-07-09 15:45:00,355.861938
2025-07-09 16:00:00,364.474609
2025-07-09 16:15:00,393.138031
2025-07-09 16:30:00,424.487518
2025-07-09 16:45:00,435.072601
2025-07-09 17:00:00,446.267365
2025-07-09 17:15:00,444.684052
2025-07-09 17:30:00,442.313934
2025-07-09 17:45:00,448.906433
2025-07-09 18:00:00,455.6492
2025-07-09 18:15:00,452.839203
2025-07-09 18:30:00,456.935425
2025-07-09 18:45:00,451.453278
2025-07-09 19:00:00,441.278351
2025-07-09 19:15:00,443.164001
2025-07-09 19:30:00,441.459473
2025-07-09 19:45:00,447.012695
2025-07-09 20:00:00,437.968323
2025-07-09 20:15:00,441.420624
2025-07-09 20:30:00,463.901306
2025-07-09 20:45:00,458.322418
2025-07-09 21:00:00,444.611328
2025-07-09 21:15:00,443.829193
2025-07-09 21:30:00,442.840546
2025-07-09 21:45:00,440.980347
2025-07-09 22:00:00,439.403015
2025-07-09 22:15:00,449.829193
2025-07-09 22:30:00,439.463104
2025-07-09 22:45:00,443.132111
2025-07-09 23:00:00,441.932556
2025-07-09 23:15:00,440.009979
2025-07-09 23:30:00,437.340088
2025-07-09 23:45:00,438.933136
2025-07-10 00:00:00,447.546204
2025-07-10 00:15:00,446.727142
2025-07-10 00:30:00,442.150452
2025-07-10 00:45:00,438.00705
2025-07-10 01:00:00,435.980286
2025-07-10 01:15:00,438.760803
2025-07-10 01:30:00,438.700073
2025-07-10 01:45:00,438.72168
2025-07-10 02:00:00,435.493591
2025-07-10 02:15:00,435.434631
2025-07-10 02:30:00,435.48645
2025-07-10 02:45:00,436.127594
2025-07-10 03:00:00,433.290833
2025-07-10 03:15:00,430.082855
2025-07-10 03:30:00,430.08313
2025-07-10 03:45:00,430.47467
2025-07-10 04:00:00,426.4758
2025-07-10 04:15:00,426.607208
2025-07-10 04:30:00,426.305725
2025-07-10 04:45:00,424.467987
2025-07-10 05:00:00,421.962494
2025-07-10 05:15:00,421.260956
2025-07-10 05:30:00,420.643127
2025-07-10 05:45:00,412.54541
2025-07-10 06:00:00,396.95813
2025-07-10 06:15:00,312.888336
2025-07-10 06:30:00,266.667419
2025-07-10 06:45:00,167.92186
2025-07-10 07:00:00,136.736115
2025-07-10 07:15:00,22.931532
2025-07-10 07:30:00,11.300738
2025-07-10 07:45:00,19.046455
2025-07-10 08:00:00,27.160402
2025-07-10 08:15:00,27.257786
2025-07-10 08:30:00,14.788708
2025-07-10 08:45:00,8.712561
2025-07-10 09:00:00,8.368849
2025-07-10 09:15:00,6.609089
2025-07-10 09:30:00,11.630173
2025-07-10 09:45:00,76.965218
2025-07-10 10:00:00,66.797516
2025-07-10 10:15:00,60.544708
2025-07-10 10:30:00,78.136688
2025-07-10 10:45:00,64.426575
2025-07-10 11:00:00,146.066742
2025-07-10 11:15:00,147.605484
2025-07-10 11:30:00,164.317184
2025-07-10 11:45:00,165.152542
2025-07-10 12:00:00,272.292908
2025-07-10 12:15:00,275.13501
2025-07-10 12:30:00,284.498779
2025-07-10 12:45:00,274.198303
2025-07-10 13:00:00,280.936859
2025-07-10 13:15:00,268.344452
2025-07-10 13:30:00,232.834824
2025-07-10 13:45:00,230.629654
2025-07-10 14:00:00,246.689972
2025-07-10 14:15:00,220.623383
2025-07-10 14:30:00,203.010925
2025-07-10 14:45:00,104.671387
2025-07-10 15:00:00,144.021637
2025-07-10 15:15:00,124.904167
2025-07-10 15:30:00,99.707672
2025-07-10 15:45:00,165.078568
2025-07-10 16:00:00,222.423904
2025-07-10 16:15:00,251.029114
2025-07-10 16:30:00,290.521484
2025-07-10 16:45:00,312.272217
2025-07-10 17:00:00,395.707001
2025-07-10 17:15:00,416.600159
2025-07-10 17:30:00,434.960602
2025-07-10 17:45:00,431.150482
2025-07-10 18:00:00,428.040863
2025-07-10 18:15:00,427.892303
2025-07-10 18:30:00,434.621948
2025-07-10 18:45:00,420.04953
2025-07-10 19:00:00,427.079773
2025-07-10 19:15:00,412.468109
2025-07-10 19:30:00,427.525085
2025-07-10 19:45:00,425.147247
2025-07-10 20:00:00,451.194031
2025-07-10 20:15:00,454.224945
2025-07-10 20:30:00,451.802734
2025-07-10 20:45:00,444.337738
2025-07-10 21:00:00,445.871857
2025-07-10 21:15:00,457.755707
2025-07-10 21:30:00,451.344604
2025-07-10 21:45:00,452.571259
2025-07-10 22:00:00,441.289886
2025-07-10 22:15:00,437.736633
2025-07-10 22:30:00,442.407104
2025-07-10 22:45:00,445.406738
2025-07-10 23:00:00,444.437439
2025-07-10 23:15:00,442.447327
2025-07-10 23:30:00,440.566376
2025-07-10 23:45:00,439.574341
2025-07-11 00:00:00,446.425537
2025-07-11 00:15:00,450.905609
2025-07-11 00:30:00,444.678131
2025-07-11 00:45:00,442.957672
2025-07-11 01:00:00,444.622498
2025-07-11 01:15:00,444.701019
2025-07-11 01:30:00,444.724213
2025-07-11 01:45:00,449.608337
2025-07-11 02:00:00,449.23645
2025-07-11 02:15:00,444.910156
2025-07-11 02:30:00,444.681274
2025-07-11 02:45:00,443.587769
2025-07-11 03:00:00,442.786835
2025-07-11 03:15:00,438.491577
2025-07-11 03:30:00,439.601105
2025-07-11 03:45:00,438.187866
2025-07-11 04:00:00,438.540314
2025-07-11 04:15:00,435.169617
2025-07-11 04:30:00,435.614075
2025-07-11 04:45:00,435.286865
2025-07-11 05:00:00,432.381195
2025-07-11 05:15:00,429.163849
2025-07-11 05:30:00,429.201569
2025-07-11 05:45:00,424.36203
2025-07-11 06:00:00,417.879028
2025-07-11 06:15:00,409.505249
2025-07-11 06:30:00,271.450104
2025-07-11 06:45:00,161.351303
2025-07-11 07:00:00,51.901905
2025-07-11 07:15:00,9.571995
2025-07-11 07:30:00,8.068972
2025-07-11 07:45:00,112.882561
2025-07-11 08:00:00,142.252487
2025-07-11 08:15:00,128.417221
2025-07-11 08:30:00,12.770226
2025-07-11 08:45:00,6.404295
2025-07-11 09:00:00,5.143963
2025-07-11 09:15:00,5.006814
2025-07-11 09:30:00,5.020107
2025-07-11 09:45:00,5.148628
2025-07-11 10:00:00,6.104896
2025-07-11 10:15:00,5.853572
2025-07-11 10:30:00,6.332429
2025-07-11 10:45:00,8.134706
2025-07-11 11:00:00,24.722462
2025-07-11 11:15:00,109.430855
2025-07-11 11:30:00,131.649582
2025-07-11 11:45:00,131.311798
2025-07-11 12:00:00,279.002319
2025-07-11 12:15:00,324.651947
2025-07-11 12:30:00,296.433258
2025-07-11 12:45:00,248.789505
2025-07-11 13:00:00,232.48201
2025-07-11 13:15:00,168.160095
2025-07-11 13:30:00,168.060944
2025-07-11 13:45:00,200.756226
2025-07-11 14:00:00,158.405106
2025-07-11 14:15:00,219.391602
2025-07-11 14:30:00,217.647781
2025-07-11 14:45:00,266.667023
2025-07-11 15:00:00,290.67627
2025-07-11 15:15:00,311.545105
2025-07-11 15:30:00,310.395782
2025-07-11 15:45:00,348.664063
2025-07-11 16:00:00,375.541656
2025-07-11 16:15:00,420.061005
2025-07-11 16:30:00,424.098572
2025-07-11 16:45:00,421.220276
2025-07-11 17:00:00,422.478516
2025-07-11 17:15:00,423.502869
2025-07-11 17:30:00,376.352753
2025-07-11 17:45:00,398.454224
2025-07-11 18:00:00,375.359283
2025-07-11 18:15:00,381.831116
2025-07-11 18:30:00,386.196472
2025-07-11 18:45:00,401.089264
2025-07-11 19:00:00,375.69989
2025-07-11 19:15:00,375.402252
2025-07-11 19:30:00,423.65625
2025-07-11 19:45:00,430.934967
2025-07-11 20:00:00,432.683868
2025-07-11 20:15:00,434.888885
2025-07-11 20:30:00,444.124023
2025-07-11 20:45:00,442.12793
2025-07-11 21:00:00,437.740234
2025-07-11 21:15:00,437.232697
2025-07-11 21:30:00,441.847046
2025-07-11 21:45:00,444.50827
2025-07-11 22:00:00,441.332855
2025-07-11 22:15:00,437.997681
2025-07-11 22:30:00,441.449341
2025-07-11 22:45:00,443.793671
2025-07-11 23:00:00,447.468475
2025-07-11 23:15:00,448.464355
2025-07-11 23:30:00,443.242035
2025-07-11 23:45:00,436.927429
2025-07-12 00:00:00,445.367615
2025-07-12 00:15:00,444.759979
2025-07-12 00:30:00,442.430542
2025-07-12 00:45:00,441.441467
2025-07-12 01:00:00,448.956085
2025-07-12 01:15:00,446.846466
2025-07-12 01:30:00,444.122375
2025-07-12 01:45:00,443.527008
2025-07-12 02:00:00,444.608246
2025-07-12 02:15:00,444.6492
2025-07-12 02:30:00,444.101135
2025-07-12 02:45:00,441.960999
2025-07-12 03:00:00,439.867798
2025-07-12 03:15:00,435.177124
2025-07-12 03:30:00,435.193481
2025-07-12 03:45:00,432.222229
2025-07-12 04:00:00,432.140961
2025-07-12 04:15:00,429.054565
2025-07-12 04:30:00,428.992798
2025-07-12 04:45:00,429.160706
2025-07-12 05:00:00,429.274048
2025-07-12 05:15:00,425.002106
2025-07-12 05:30:00,423.428497
2025-07-12 05:45:00,415.239563
2025-07-12 06:00:00,408.80484
2025-07-12 06:15:00,301.998016
2025-07-12 06:30:00,262.568359
2025-07-12 06:45:00,145.273911
2025-07-12 07:00:00,46.456722
2025-07-12 07:15:00,4.269407
2025-07-12 07:30:00,7.999202
2025-07-12 07:45:00,10.351797
2025-07-12 08:00:00,12.490246
2025-07-12 08:15:00,121.312408
2025-07-12 08:30:00,12.511385
2025-07-12 08:45:00,11.665007
2025-07-12 09:00:00,12.255829
2025-07-12 09:15:00,3.634205
2025-07-12 09:30:00,52.494839
2025-07-12 09:45:00,53.318939
2025-07-12 10:00:00,41.579025
2025-07-12 10:15:00,118.061569
2025-07-12 10:30:00,93.693413
2025-07-12 10:45:00,160.33049
2025-07-12 11:00:00,218.184174
2025-07-12 11:15:00,255.698425
2025-07-12 11:30:00,233.542007
2025-07-12 11:45:00,153.699936
2025-07-12 12:00:00,264.04892
2025-07-12 12:15:00,259.537292
2025-07-12 12:30:00,261.70459
2025-07-12 12:45:00,161.860474
2025-07-12 13:00:00,203.936966
2025-07-12 13:15:00,174.15921
2025-07-12 13:30:00,221.203629
2025-07-12 13:45:00,141.343826
2025-07-12 14:00:00,101.893028
2025-07-12 14:15:00,62.958771
2025-07-12 14:30:00,77.141975
2025-07-12 14:45:00,179.322113
2025-07-12 15:00:00,206.541229
2025-07-12 15:15:00,232.204697
2025-07-12 15:30:00,250.219421
2025-07-12 15:45:00,266.641968
2025-07-12 16:00:00,272.747437
2025-07-12 16:15:00,291.212494
2025-07-12 16:30:00,312.318939
2025-07-12 16:45:00,355.688354
2025-07-12 17:00:00,411.710358
2025-07-12 17:15:00,424.134552
2025-07-12 17:30:00,422.36261
2025-07-12 17:45:00,423.006348
2025-07-12 18:00:00,427.924774
2025-07-12 18:15:00,427.132202
2025-07-12 18:30:00,428.989685
2025-07-12 18:45:00,427.953918
2025-07-12 19:00:00,427.844269
2025-07-12 19:15:00,429.816162
2025-07-12 19:30:00,433.885559
2025-07-12 19:45:00,438.918701
2025-07-12 20:00:00,441.029877
2025-07-12 20:15:00,451.409271
2025-07-12 20:30:00,453.080505
2025-07-12 20:45:00,453.222443
2025-07-12 21:00:00,454.267456
2025-07-12 21:15:00,467.515869
2025-07-12 21:30:00,451.219147
2025-07-12 21:45:00,451.342072
2025-07-12 22:00:00,452.684418
2025-07-12 22:15:00,454.58078
2025-07-12 22:30:00,451.924835
2025-07-12 22:45:00,452.093842
2025-07-12 23:00:00,449.268463
2025-07-12 23:15:00,447.382782
2025-07-12 23:30:00,448.885895
2025-07-12 23:45:00,446.765594
2025-07-13 00:00:00,445.874298
2025-07-13 00:15:00,452.778015
2025-07-13 00:30:00,449.4953
2025-07-13 00:45:00,444.489716
2025-07-13 01:00:00,446.785767
2025-07-13 01:15:00,444.878296
2025-07-13 01:30:00,444.828888
2025-07-13 01:45:00,445.17511
2025-07-13 02:00:00,452.509491
2025-07-13 02:15:00,449.380615
2025-07-13 02:30:00,445.056519
2025-07-13 02:45:00,444.381744
2025-07-13 03:00:00,444.326813
2025-07-13 03:15:00,444.472107
2025-07-13 03:30:00,442.164246
2025-07-13 03:45:00,440.441559
2025-07-13 04:00:00,439.443512
2025-07-13 04:15:00,439.343781
2025-07-13 04:30:00,438.267395
2025-07-13 04:45:00,438.242798
2025-07-13 05:00:00,438.276825
2025-07-13 05:15:00,438.440033
2025-07-13 05:30:00,438.422272
2025-07-13 05:45:00,435.268646
2025-07-13 06:00:00,432.021362
2025-07-13 06:15:00,421.807465
2025-07-13 06:30:00,354.2258
2025-07-13 06:45:00,272.307922
2025-07-13 07:00:00,227.565643
2025-07-13 07:15:00,141.999954
2025-07-13 07:30:00,21.35099
2025-07-13 07:45:00,2.229741
2025-07-13 08:00:00,2.552601
2025-07-13 08:15:00,0.0
2025-07-13 08:30:00,0.0
2025-07-13 08:45:00,0.0
2025-07-13 09:00:00,0.0
2025-07-13 09:15:00,0.0
2025-07-13 09:30:00,0.0
2025-07-13 09:45:00,3.960628
2025-07-13 10:00:00,4.174187
2025-07-13 10:15:00,4.951231
2025-07-13 10:30:00,10.642317
2025-07-13 10:45:00,5.234597
2025-07-13 11:00:00,5.458953
2025-07-13 11:15:00,5.419149
2025-07-13 11:30:00,5.432434
2025-07-13 11:45:00,7.572129
2025-07-13 12:00:00,24.20611
2025-07-13 12:15:00,110.051651
2025-07-13 12:30:00,82.001976
2025-07-13 12:45:00,44.336967
2025-07-13 13:00:00,43.887756
2025-07-13 13:15:00,50.070431
2025-07-13 13:30:00,81.028946
2025-07-13 13:45:00,82.000145
2025-07-13 14:00:00,82.129211
2025-07-13 14:15:00,5.850858
2025-07-13 14:30:00,5.99057
2025-07-13 14:45:00,5.868278
2025-07-13 15:00:00,52.828506
2025-07-13 15:15:00,95.125648
2025-07-13 15:30:00,114.626709
2025-07-13 15:45:00,164.606979
2025-07-13 16:00:00,226.640793
2025-07-13 16:15:00,269.168671
2025-07-13 16:30:00,330.348541
2025-07-13 16:45:00,426.573883
2025-07-13 17:00:00,434.566925
2025-07-13 17:15:00,442.035858
2025-07-13 17:30:00,441.260834
2025-07-13 17:45:00,443.508087
2025-07-13 18:00:00,449.029205
2025-07-13 18:15:00,449.706299
2025-07-13 18:30:00,450.123718
2025-07-13 18:45:00,456.576935
2025-07-13 19:00:00,458.794861
2025-07-13 19:15:00,459.626892
2025-07-13 19:30:00,459.496033
2025-07-13 19:45:00,464.537567
2025-07-13 20:00:00,499.361816
2025-07-13 20:15:00,580.82489
2025-07-13 20:30:00,630.469055
2025-07-13 20:45:00,663.173523
2025-07-13 21:00:00,651.434387
2025-07-13 21:15:00,712.869995
2025-07-13 21:30:00,720.826477
2025-07-13 21:45:00,727.282776
2025-07-13 22:00:00,725.31842
2025-07-13 22:15:00,745.204102
2025-07-13 22:30:00,759.778748
2025-07-13 22:45:00,756.111206
2025-07-13 23:00:00,821.605713
2025-07-13 23:15:00,729.377625
2025-07-13 23:30:00,647.333618
2025-07-13 23:45:00,579.365601
2025-07-14 00:00:00,624.394775
2025-07-14 00:15:00,640.729187
2025-07-14 00:30:00,616.885193
2025-07-14 00:45:00,590.918945
2025-07-14 01:00:00,590.686401
2025-07-14 01:15:00,588.763123
2025-07-14 01:30:00,590.640686
2025-07-14 01:45:00,574.709167
2025-07-14 02:00:00,557.760986
2025-07-14 02:15:00,512.732056
2025-07-14 02:30:00,490.92981
2025-07-14 02:45:00,467.510803
2025-07-14 03:00:00,467.568512
2025-07-14 03:15:00,464.68866
2025-07-14 03:30:00,464.322937
2025-07-14 03:45:00,459.291748
2025-07-14 04:00:00,458.253784
2025-07-14 04:15:00,455.231903
2025-07-14 04:30:00,452.094055
2025-07-14 04:45:00,449.164215
2025-07-14 05:00:00,452.138031
2025-07-14 05:15:00,449.155212
2025-07-14 05:30:00,449.271973
2025-07-14 05:45:00,444.832825
2025-07-14 06:00:00,444.166016
2025-07-14 06:15:00,439.102539
2025-07-14 06:30:00,428.81723
2025-07-14 06:45:00,418.998138
2025-07-14 07:00:00,412.585052
2025-07-14 07:15:00,355.000122
2025-07-14 07:30:00,296.000183
2025-07-14 07:45:00,275.797333
2025-07-14 08:00:00,270.927704
2025-07-14 08:15:00,265.965424
2025-07-14 08:30:00,263.459351
2025-07-14 08:45:00,265.859314
2025-07-14 09:00:00,234.947327
2025-07-14 09:15:00,218.577637
2025-07-14 09:30:00,243.272186
2025-07-14 09:45:00,246.409134
2025-07-14 10:00:00,199.511475
2025-07-14 10:15:00,174.347763
2025-07-14 10:30:00,233.346146
2025-07-14 10:45:00,274.224884
2025-07-14 11:00:00,226.680634
2025-07-14 11:15:00,281.874329
2025-07-14 11:30:00,298.540741
2025-07-14 11:45:00,301.022705
2025-07-14 12:00:00,360.45282
2025-07-14 12:15:00,370.237061
2025-07-14 12:30:00,378.492584
2025-07-14 12:45:00,351.936646
2025-07-14 13:00:00,364.988983
2025-07-14 13:15:00,357.95343
2025-07-14 13:30:00,366.737823
2025-07-14 13:45:00,354.537231
2025-07-14 14:00:00,325.999023
2025-07-14 14:15:00,289.81601
2025-07-14 14:30:00,286.825348
2025-07-14 14:45:00,314.770447
2025-07-14 15:00:00,333.036072
2025-07-14 15:15:00,368.107758
2025-07-14 15:30:00,375.948547
2025-07-14 15:45:00,394.648651
2025-07-14 16:00:00,411.697418
2025-07-14 16:15:00,447.807312
2025-07-14 16:30:00,455.721313
2025-07-14 16:45:00,450.858063
2025-07-14 17:00:00,469.057343
2025-07-14 17:15:00,469.299957
2025-07-14 17:30:00,577.532227
2025-07-14 17:45:00,602.010071
2025-07-14 18:00:00,601.785095
2025-07-14 18:15:00,628.452759
2025-07-14 18:30:00,662.552856
2025-07-14 18:45:00,651.770447
2025-07-14 19:00:00,584.018616
2025-07-14 19:15:00,637.991516
2025-07-14 19:30:00,695.638184
2025-07-14 19:45:00,777.841248
2025-07-14 20:00:00,905.345825
2025-07-14 20:15:00,992.003662
2025-07-14 20:30:00,984.018127
2025-07-14 20:45:00,961.172852
2025-07-14 21:00:00,871.767395
2025-07-14 21:15:00,922.930481
2025-07-14 21:30:00,919.073303
2025-07-14 21:45:00,894.836304
2025-07-14 22:00:00,836.407715
2025-07-14 22:15:00,830.438416
2025-07-14 22:30:00,871.607544
2025-07-14 22:45:00,824.021301
2025-07-14 23:00:00,750.790344
2025-07-14 23:15:00,735.294128
2025-07-14 23:30:00,656.822021
2025-07-14 23:45:00,600.749573
2025-07-15 00:00:00,647.003296
2025-07-15 00:15:00,636.233826
2025-07-15 00:30:00,628.695923
2025-07-15 00:45:00,585.107727
2025-07-15 01:00:00,527.287292
2025-07-15 01:15:00,532.045776
2025-07-15 01:30:00,497.226257
2025-07-15 01:45:00,487.250519
2025-07-15 02:00:00,462.156342
2025-07-15 02:15:00,458.808411
2025-07-15 02:30:00,459.661682
2025-07-15 02:45:00,455.895477
2025-07-15 03:00:00,461.220093
2025-07-15 03:15:00,459.472717
2025-07-15 03:30:00,458.448761
2025-07-15 03:45:00,455.482971
2025-07-15 04:00:00,455.405029
2025-07-15 04:15:00,454.325775
2025-07-15 04:30:00,454.334381
2025-07-15 04:45:00,449.230408
2025-07-15 05:00:00,455.372345
2025-07-15 05:15:00,449.263123
2025-07-15 05:30:00,444.823975
2025-07-15 05:45:00,444.182831
2025-07-15 06:00:00,444.111908
2025-07-15 06:15:00,438.99292
2025-07-15 06:30:00,432.690308
2025-07-15 06:45:00,424.999939
2025-07-15 07:00:00,410.076996
2025-07-15 07:15:00,291.122162
2025-07-15 07:30:00,271.310944
2025-07-15 07:45:00,266.234344
2025-07-15 08:00:00,267.259552
2025-07-15 08:15:00,258.287292
2025-07-15 08:30:00,139.713364
2025-07-15 08:45:00,123.913773
2025-07-15 09:00:00,100.180061
2025-07-15 09:15:00,100.475204
2025-07-15 09:30:00,129.814911
2025-07-15 09:45:00,175.52359
2025-07-15 10:00:00,210.964554
2025-07-15 10:15:00,270.036835
2025-07-15 10:30:00,175.145126
2025-07-15 10:45:00,215.444077
2025-07-15 11:00:00,215.924271
2025-07-15 11:15:00,158.828247
2025-07-15 11:30:00,164.038101
2025-07-15 11:45:00,259.252899
2025-07-15 12:00:00,311.977386
2025-07-15 12:15:00,295.420502
2025-07-15 12:30:00,292.806885
2025-07-15 12:45:00,284.863892
2025-07-15 13:00:00,293.94043
2025-07-15 13:15:00,293.134796
2025-07-15 13:30:00,359.848694
2025-07-15 13:45:00,344.146851
2025-07-15 14:00:00,340.102936
2025-07-15 14:15:00,382.51355
2025-07-15 14:30:00,388.054993
2025-07-15 14:45:00,404.840027
2025-07-15 15:00:00,422.904297
2025-07-15 15:15:00,433.126068
2025-07-15 15:30:00,463.046509
2025-07-15 15:45:00,479.945282
2025-07-15 16:00:00,500.549683
2025-07-15 16:15:00,550.036987
2025-07-15 16:30:00,596.14679
2025-07-15 16:45:00,563.38385
2025-07-15 17:00:00,548.955994
2025-07-15 17:15:00,564.542603
2025-07-15 17:30:00,565.994873
2025-07-15 17:45:00,613.798828
2025-07-15 18:00:00,732.841858
2025-07-15 18:15:00,752.00647
2025-07-15 18:30:00,749.291138
2025-07-15 18:45:00,678.353333
2025-07-15 19:00:00,589.376648
2025-07-15 19:15:00,582.301331
2025-07-15 19:30:00,631.417786
2025-07-15 19:45:00,746.568604
2025-07-15 20:00:00,742.172729
2025-07-15 20:15:00,885.495483
2025-07-15 20:30:00,783.315002
2025-07-15 20:45:00,720.501892
2025-07-15 21:00:00,631.930969
2025-07-15 21:15:00,594.416931
2025-07-15 21:30:00,596.288696
2025-07-15 21:45:00,519.160034
2025-07-15 22:00:00,480.2258
2025-07-15 22:15:00,483.25769
2025-07-15 22:30:00,485.414581
2025-07-15 22:45:00,489.972137
2025-07-15 23:00:00,499.864258
2025-07-15 23:15:00,472.539948
2025-07-15 23:30:00,479.74292
2025-07-15 23:45:00,486.550354
2025-07-16 00:00:00,456.002197
2025-07-16 00:15:00,467.925537
2025-07-16 00:30:00,463.959808
2025-07-16 00:45:00,470.607025
2025-07-16 01:00:00,462.63916
2025-07-16 01:15:00,461.526825
2025-07-16 01:30:00,461.456604
2025-07-16 01:45:00,461.376892
2025-07-16 02:00:00,461.571259
2025-07-16 02:15:00,455.226105
2025-07-16 02:30:00,453.488403
2025-07-16 02:45:00,448.61496
2025-07-16 03:00:00,449.227539
2025-07-16 03:15:00,449.241058
2025-07-16 03:30:00,441.557312
2025-07-16 03:45:00,441.507477
2025-07-16 04:00:00,432.827209
2025-07-16 04:15:00,428.231598
2025-07-16 04:30:00,427.061493
2025-07-16 04:45:00,425.370911
2025-07-16 05:00:00,426.089233
2025-07-16 05:15:00,369.63559
2025-07-16 05:30:00,365.147339
2025-07-16 05:45:00,364.683929
2025-07-16 06:00:00,343.870728
2025-07-16 06:15:00,345.460022
2025-07-16 06:30:00,325.481781
2025-07-16 06:45:00,305.45993
2025-07-16 07:00:00,288.320099
2025-07-16 07:15:00,286.013947
2025-07-16 07:30:00,287.169128
2025-07-16 07:45:00,287.876282
2025-07-16 08:00:00,288.569092
2025-07-16 08:15:00,283.11499
2025-07-16 08:30:00,171.174713
2025-07-16 08:45:00,140.878525
2025-07-16 09:00:00,157.742752
2025-07-16 09:15:00,191.679276
2025-07-16 09:30:00,194.857315
2025-07-16 09:45:00,191.000809
2025-07-16 10:00:00,243.772125
2025-07-16 10:15:00,269.746429
2025-07-16 10:30:00,269.994537
2025-07-16 10:45:00,267.949982
2025-07-16 11:00:00,269.135101
2025-07-16 11:15:00,265.533569
2025-07-16 11:30:00,272.535278
2025-07-16 11:45:00,266.905487
2025-07-16 12:00:00,294.566315
2025-07-16 12:15:00,290.020782
2025-07-16 12:30:00,302.419403
2025-07-16 12:45:00,297.182617
2025-07-16 13:00:00,310.173492
2025-07-16 13:15:00,308.017944
2025-07-16 13:30:00,303.268036
2025-07-16 13:45:00,301.941498
2025-07-16 14:00:00,297.829041
2025-07-16 14:15:00,305.403076
2025-07-16 14:30:00,303.950256
2025-07-16 14:45:00,316.996277
2025-07-16 15:00:00,326.450806
2025-07-16 15:15:00,348.07608
2025-07-16 15:30:00,416.412872
2025-07-16 15:45:00,440.416595
2025-07-16 16:00:00,477.79071
2025-07-16 16:15:00,689.036133
2025-07-16 16:30:00,869.365112
2025-07-16 16:45:00,904.579956
2025-07-16 17:00:00,950.303833
2025-07-16 17:15:00,881.962463
2025-07-16 17:30:00,958.758118
2025-07-16 17:45:00,962.981445
2025-07-16 18:00:00,960.176636
2025-07-16 18:15:00,967.38562
2025-07-16 18:30:00,961.787842
2025-07-16 18:45:00,798.74469
2025-07-16 19:00:00,611.920959
2025-07-16 19:15:00,546.416992
2025-07-16 19:30:00,547.997559
2025-07-16 19:45:00,701.148621
2025-07-16 20:00:00,917.55072
2025-07-16 20:15:00,976.345886
2025-07-16 20:30:00,934.315369
2025-07-16 20:45:00,929.053345
2025-07-16 21:00:00,703.960022
2025-07-16 21:15:00,693.664429
2025-07-16 21:30:00,561.053467
2025-07-16 21:45:00,551.363586
2025-07-16 22:00:00,520.052551
2025-07-16 22:15:00,538.620972
2025-07-16 22:30:00,519.810791
2025-07-16 22:45:00,609.273865
2025-07-16 23:00:00,610.184692
2025-07-16 23:15:00,685.035034
2025-07-16 23:30:00,654.823914
2025-07-16 23:45:00,635.267151
2025-07-17 00:00:00,493.36264
2025-07-17 00:15:00,579.859436
2025-07-17 00:30:00,651.750854
2025-07-17 00:45:00,488.338562
2025-07-17 01:00:00,578.786377
2025-07-17 01:15:00,419.613281
2025-07-17 01:30:00,394.003082
2025-07-17 01:45:00,367.753784
2025-07-17 02:00:00,366.673553
2025-07-17 02:15:00,366.60434
2025-07-17 02:30:00,365.744171
2025-07-17 02:45:00,362.743835
2025-07-17 03:00:00,365.029144
2025-07-17 03:15:00,362.93399
2025-07-17 03:30:00,362.656647
2025-07-17 03:45:00,352.824524
2025-07-17 04:00:00,352.781616
2025-07-17 04:15:00,350.803009
2025-07-17 04:30:00,351.412018
2025-07-17 04:45:00,345.460083
2025-07-17 05:00:00,345.459991
2025-07-17 05:15:00,345.460205
2025-07-17 05:30:00,345.459991
2025-07-17 05:45:00,345.459808
2025-07-17 06:00:00,345.460114
2025-07-17 06:15:00,345.45993
2025-07-17 06:30:00,345.459747
2025-07-17 06:45:00,345.388733
2025-07-17 07:00:00,345.050018
2025-07-17 07:15:00,344.760406
2025-07-17 07:30:00,343.80484
2025-07-17 07:45:00,327.968597
2025-07-17 08:00:00,343.305542
2025-07-17 08:15:00,344.334534
2025-07-17 08:30:00,344.392639
2025-07-17 08:45:00,347.437439
2025-07-17 09:00:00,353.219543
2025-07-17 09:15:00,356.790253
2025-07-17 09:30:00,369.524475
2025-07-17 09:45:00,369.013611
2025-07-17 10:00:00,368.10202
2025-07-17 10:15:00,369.9953
2025-07-17 10:30:00,370.114716
2025-07-17 10:45:00,370.089722
2025-07-17 11:00:00,359.941101
2025-07-17 11:15:00,356.074127
2025-07-17 11:30:00,359.932465
2025-07-17 11:45:00,342.711884
2025-07-17 12:00:00,351.164795
2025-07-17 12:15:00,351.5065
2025-07-17 12:30:00,357.497284
2025-07-17 12:45:00,350.005432
2025-07-17 13:00:00,345.932434
2025-07-17 13:15:00,334.494446
2025-07-17 13:30:00,323.449768
2025-07-17 13:45:00,323.193634
2025-07-17 14:00:00,333.940338
2025-07-17 14:15:00,337.412445
2025-07-17 14:30:00,354.757568
2025-07-17 14:45:00,380.239014
2025-07-17 15:00:00,397.459015
2025-07-17 15:15:00,389.635803
2025-07-17 15:30:00,369.111603
2025-07-17 15:45:00,351.526642
2025-07-17 16:00:00,345.331787
2025-07-17 16:15:00,346.209229
2025-07-17 16:30:00,344.230042
2025-07-17 16:45:00,343.384949
2025-07-17 17:00:00,349.01947
2025-07-17 17:15:00,349.519562
2025-07-17 17:30:00,353.128387
2025-07-17 17:45:00,352.932404
2025-07-17 18:00:00,356.901794
2025-07-17 18:15:00,356.440857
2025-07-17 18:30:00,356.329132
2025-07-17 18:45:00,356.658112
2025-07-17 19:00:00,362.493469
2025-07-17 19:15:00,372.278961
2025-07-17 19:30:00,373.852997
2025-07-17 19:45:00,420.176086
2025-07-17 20:00:00,448.376343
2025-07-17 20:15:00,811.009399
2025-07-17 20:30:00,811.180786
2025-07-17 20:45:00,587.881958
2025-07-17 21:00:00,590.353882
2025-07-17 21:15:00,573.612061
2025-07-17 21:30:00,422.927795
2025-07-17 21:45:00,393.497284
2025-07-17 22:00:00,373.979889
2025-07-17 22:15:00,373.520752
2025-07-17 22:30:00,371.179199
2025-07-17 22:45:00,370.83728
2025-07-17 23:00:00,365.746368
2025-07-17 23:15:00,354.174042
2025-07-17 23:30:00,354.046539
2025-07-17 23:45:00,354.571899
2025-07-18 00:00:00,393.884216
2025-07-18 00:15:00,387.049927
2025-07-18 00:30:00,391.210205
2025-07-18 00:45:00,386.164886
2025-07-18 01:00:00,386.154358
2025-07-18 01:15:00,385.091064
2025-07-18 01:30:00,385.944733
2025-07-18 01:45:00,384.018616
2025-07-18 02:00:00,384.18399
2025-07-18 02:15:00,383.238007
2025-07-18 02:30:00,380.15564
2025-07-18 02:45:00,380.350647
2025-07-18 03:00:00,374.600372
2025-07-18 03:15:00,374.59668
2025-07-18 03:30:00,371.714386
2025-07-18 03:45:00,367.34967
2025-07-18 04:00:00,366.646515
2025-07-18 04:15:00,366.373627
2025-07-18 04:30:00,366.689697
2025-07-18 04:45:00,366.358368
2025-07-18 05:00:00,366.659698
2025-07-18 05:15:00,366.999847
2025-07-18 05:30:00,365.000275
2025-07-18 05:45:00,363.991791
2025-07-18 06:00:00,364.088196
2025-07-18 06:15:00,360.9375
2025-07-18 06:30:00,354.591675
2025-07-18 06:45:00,352.040802
2025-07-18 07:00:00,344.210663
2025-07-18 07:15:00,312.740265
2025-07-18 07:30:00,275.337189
2025-07-18 07:45:00,273.856506
2025-07-18 08:00:00,319.774597
2025-07-18 08:15:00,329.45108
2025-07-18 08:30:00,292.307495
2025-07-18 08:45:00,250.885529
2025-07-18 09:00:00,237.287582
2025-07-18 09:15:00,234.608353
2025-07-18 09:30:00,233.41774
2025-07-18 09:45:00,206.274002
2025-07-18 10:00:00,208.636826
2025-07-18 10:15:00,206.897644
2025-07-18 10:30:00,220.658752
2025-07-18 10:45:00,249.382904
2025-07-18 11:00:00,236.146027
2025-07-18 11:15:00,224.612839
2025-07-18 11:30:00,223.701569
2025-07-18 11:45:00,214.190491
2025-07-18 12:00:00,236.735107
2025-07-18 12:15:00,243.46344
2025-07-18 12:30:00,254.007477
2025-07-18 12:45:00,223.989731
2025-07-18 13:00:00,250.147614
2025-07-18 13:15:00,217.930542
2025-07-18 13:30:00,224.735794
2025-07-18 13:45:00,136.546417
2025-07-18 14:00:00,137.966827
2025-07-18 14:15:00,141.297028
2025-07-18 14:30:00,169.535202
2025-07-18 14:45:00,218.153091
2025-07-18 15:00:00,299.888123
2025-07-18 15:15:00,331.649048
2025-07-18 15:30:00,331.194946
2025-07-18 15:45:00,329.686676
2025-07-18 16:00:00,331.385742
2025-07-18 16:15:00,360.348938
2025-07-18 16:30:00,372.308777
2025-07-18 16:45:00,381.459045
2025-07-18 17:00:00,399.56192
2025-07-18 17:15:00,398.6409
2025-07-18 17:30:00,396.99826
2025-07-18 17:45:00,385.463409
2025-07-18 18:00:00,384.480957
2025-07-18 18:15:00,381.426941
2025-07-18 18:30:00,382.64212
2025-07-18 18:45:00,374.240784
2025-07-18 19:00:00,375.892761
2025-07-18 19:15:00,379.577209
2025-07-18 19:30:00,375.626404
2025-07-18 19:45:00,375.50061
2025-07-18 20:00:00,382.175262
2025-07-18 20:15:00,375.873138
2025-07-18 20:30:00,383.504333
2025-07-18 20:45:00,377.939484
2025-07-18 21:00:00,369.447845
2025-07-18 21:15:00,374.35791
2025-07-18 21:30:00,374.824371
2025-07-18 21:45:00,379.249359
2025-07-18 22:00:00,384.821533
2025-07-18 22:15:00,385.279175
2025-07-18 22:30:00,376.097382
2025-07-18 22:45:00,375.124573
2025-07-18 23:00:00,375.121399
2025-07-18 23:15:00,375.032593
2025-07-18 23:30:00,376.070557
2025-07-18 23:45:00,372.283905
2025-07-19 00:00:00,358.466522
2025-07-19 00:15:00,361.722046
2025-07-19 00:30:00,361.274017
2025-07-19 00:45:00,356.586609
2025-07-19 01:00:00,357.505859
2025-07-19 01:15:00,355.389893
2025-07-19 01:30:00,357.979553
2025-07-19 01:45:00,355.63147
2025-07-19 02:00:00,348.742371
2025-07-19 02:15:00,342.831848
2025-07-19 02:30:00,334.014984
2025-07-19 02:45:00,329.642334
2025-07-19 03:00:00,331.43631
2025-07-19 03:15:00,328.828735
2025-07-19 03:30:00,324.577881
2025-07-19 03:45:00,322.738068
2025-07-19 04:00:00,322.61441
2025-07-19 04:15:00,319.53598
2025-07-19 04:30:00,315.298065
2025-07-19 04:45:00,310.579102
2025-07-19 05:00:00,310.503143
2025-07-19 05:15:00,308.578979
2025-07-19 05:30:00,306.274414
2025-07-19 05:45:00,299.084564
2025-07-19 06:00:00,299.004608
2025-07-19 06:15:00,285.653595
2025-07-19 06:30:00,260.976074
2025-07-19 06:45:00,220.000092
2025-07-19 07:00:00,150.870392
2025-07-19 07:15:00,141.985367
2025-07-19 07:30:00,63.004578
2025-07-19 07:45:00,3.947905
2025-07-19 08:00:00,4.206537
2025-07-19 08:15:00,4.360155
2025-07-19 08:30:00,4.27905
2025-07-19 08:45:00,4.269047
2025-07-19 09:00:00,4.259315
2025-07-19 09:15:00,4.426278
2025-07-19 09:30:00,4.424949
2025-07-19 09:45:00,4.622726
2025-07-19 10:00:00,4.540704
2025-07-19 10:15:00,4.633328
2025-07-19 10:30:00,5.506551
2025-07-19 10:45:00,4.866443
2025-07-19 11:00:00,4.851776
2025-07-19 11:15:00,4.564965
2025-07-19 11:30:00,4.718325
2025-07-19 11:45:00,6.713687
2025-07-19 12:00:00,6.047001
2025-07-19 12:15:00,6.165511
2025-07-19 12:30:00,6.111211
2025-07-19 12:45:00,6.208852
2025-07-19 13:00:00,6.223454
2025-07-19 13:15:00,6.434859
2025-07-19 13:30:00,5.87907
2025-07-19 13:45:00,4.858734
2025-07-19 14:00:00,51.438389
2025-07-19 14:15:00,72.688057
2025-07-19 14:30:00,79.045197
2025-07-19 14:45:00,80.411659
2025-07-19 15:00:00,130.077377
2025-07-19 15:15:00,144.406158
2025-07-19 15:30:00,154.283234
2025-07-19 15:45:00,185.754852
2025-07-19 16:00:00,221.757355
2025-07-19 16:15:00,272.01947
2025-07-19 16:30:00,298.867126
2025-07-19 16:45:00,309.322144
2025-07-19 17:00:00,319.673492
2025-07-19 17:15:00,328.367706
2025-07-19 17:30:00,338.782684
2025-07-19 17:45:00,342.194244
2025-07-19 18:00:00,348.253296
2025-07-19 18:15:00,348.444672
2025-07-19 18:30:00,349.852936
2025-07-19 18:45:00,340.376892
2025-07-19 19:00:00,337.128052
2025-07-19 19:15:00,343.79364
2025-07-19 19:30:00,345.684875
2025-07-19 19:45:00,344.724091
2025-07-19 20:00:00,351.728271
2025-07-19 20:15:00,355.466766
2025-07-19 20:30:00,356.681763
2025-07-19 20:45:00,354.583008
2025-07-19 21:00:00,348.179749
2025-07-19 21:15:00,348.758057
2025-07-19 21:30:00,349.927307
2025-07-19 21:45:00,361.161957
2025-07-19 22:00:00,355.153839
2025-07-19 22:15:00,353.692566
2025-07-19 22:30:00,358.032043
2025-07-19 22:45:00,348.923828
2025-07-19 23:00:00,347.370728
2025-07-19 23:15:00,345.253815
2025-07-19 23:30:00,346.421204
2025-07-19 23:45:00,345.488861
2025-07-20 00:00:00,362.940369
2025-07-20 00:15:00,364.000702
2025-07-20 00:30:00,361.846832
2025-07-20 00:45:00,356.822113
2025-07-20 01:00:00,359.21283
2025-07-20 01:15:00,355.889771
2025-07-20 01:30:00,353.207184
2025-07-20 01:45:00,348.481018
2025-07-20 02:00:00,347.008423
2025-07-20 02:15:00,343.286072
2025-07-20 02:30:00,340.246063
2025-07-20 02:45:00,330.990753
2025-07-20 03:00:00,331.574219
2025-07-20 03:15:00,328.848663
2025-07-20 03:30:00,324.829407
2025-07-20 03:45:00,323.178925
2025-07-20 04:00:00,322.991058
2025-07-20 04:15:00,320.360687
2025-07-20 04:30:00,320.195404
2025-07-20 04:45:00,319.926971
2025-07-20 05:00:00,319.803253
2025-07-20 05:15:00,319.95816
2025-07-20 05:30:00,315.869354
2025-07-20 05:45:00,309.907135
2025-07-20 06:00:00,304.92984
2025-07-20 06:15:00,299.999969
2025-07-20 06:30:00,284.999847
2025-07-20 06:45:00,259.999969
2025-07-20 07:00:00,240.999939
2025-07-20 07:15:00,203.159103
2025-07-20 07:30:00,151.213547
2025-07-20 07:45:00,98.775093
2025-07-20 08:00:00,75.309982
2025-07-20 08:15:00,3.770883
2025-07-20 08:30:00,1.989719
2025-07-20 08:45:00,1.862166
2025-07-20 09:00:00,3.939343
2025-07-20 09:15:00,4.60649
2025-07-20 09:30:00,4.826209
2025-07-20 09:45:00,4.108071
2025-07-20 10:00:00,4.820392
2025-07-20 10:15:00,5.09141
2025-07-20 10:30:00,5.127133
2025-07-20 10:45:00,5.235034
2025-07-20 11:00:00,5.111515
2025-07-20 11:15:00,5.173776
2025-07-20 11:30:00,5.358552
2025-07-20 11:45:00,5.256772
2025-07-20 12:00:00,7.958008
2025-07-20 12:15:00,76.133057
2025-07-20 12:30:00,118.702438
2025-07-20 12:45:00,132.092194
2025-07-20 13:00:00,136.74794
2025-07-20 13:15:00,141.817444
2025-07-20 13:30:00,149.715332
2025-07-20 13:45:00,147.301132
2025-07-20 14:00:00,181.684982
2025-07-20 14:15:00,206.421768
2025-07-20 14:30:00,184.172882
2025-07-20 14:45:00,180.669312
2025-07-20 15:00:00,199.72464
2025-07-20 15:15:00,200.418671
2025-07-20 15:30:00,240.165802
2025-07-20 15:45:00,245.009262
2025-07-20 16:00:00,272.602875
2025-07-20 16:15:00,287.788544
2025-07-20 16:30:00,301.676239
2025-07-20 16:45:00,309.907715
2025-07-20 17:00:00,325.29715
2025-07-20 17:15:00,326.349396
2025-07-20 17:30:00,340.12851
2025-07-20 17:45:00,345.970764
2025-07-20 18:00:00,362.244354
2025-07-20 18:15:00,345.169678
2025-07-20 18:30:00,346.388336
2025-07-20 18:45:00,331.66922
2025-07-20 19:00:00,331.120636
2025-07-20 19:15:00,330.815094
2025-07-20 19:30:00,340.667023
2025-07-20 19:45:00,344.71991
2025-07-20 20:00:00,349.64267
2025-07-20 20:15:00,358.212463
2025-07-20 20:30:00,358.913361
2025-07-20 20:45:00,357.422302
2025-07-20 21:00:00,358.227173
2025-07-20 21:15:00,357.995392
2025-07-20 21:30:00,358.024902
2025-07-20 21:45:00,359.501282
2025-07-20 22:00:00,360.013062
2025-07-20 22:15:00,357.423004
2025-07-20 22:30:00,354.96698
2025-07-20 22:45:00,351.110626
2025-07-20 23:00:00,348.854919
2025-07-20 23:15:00,346.659119
2025-07-20 23:30:00,343.541595
2025-07-20 23:45:00,345.142303
2025-07-21 00:00:00,370.636536
2025-07-21 00:15:00,376.200531
2025-07-21 00:30:00,374.739594
2025-07-21 00:45:00,368.114197
2025-07-21 01:00:00,367.929535
2025-07-21 01:15:00,366.258942
2025-07-21 01:30:00,356.255981
2025-07-21 01:45:00,350.407806
2025-07-21 02:00:00,345.113251
2025-07-21 02:15:00,341.245667
2025-07-21 02:30:00,328.929169
2025-07-21 02:45:00,324.144714
2025-07-21 03:00:00,306.215179
2025-07-21 03:15:00,304.0
2025-07-21 03:30:00,301.999969
2025-07-21 03:45:00,303.200134
2025-07-21 04:00:00,321.000061
2025-07-21 04:15:00,320.000031
2025-07-21 04:30:00,317.000031
2025-07-21 04:45:00,315.999969
2025-07-21 05:00:00,316.000153
2025-07-21 05:15:00,306.000061
2025-07-21 05:30:00,301.999939
2025-07-21 05:45:00,300.000153
2025-07-21 06:00:00,300.000061
2025-07-21 06:15:00,289.69989
2025-07-21 06:30:00,278.000061
2025-07-21 06:45:00,264.999908
2025-07-21 07:00:00,254.802246
2025-07-21 07:15:00,172.91127
2025-07-21 07:30:00,149.980103
2025-07-21 07:45:00,137.132919
2025-07-21 08:00:00,80.655357
2025-07-21 08:15:00,72.248192
2025-07-21 08:30:00,11.425268
2025-07-21 08:45:00,90.377419
2025-07-21 09:00:00,153.746033
2025-07-21 09:15:00,191.515167
2025-07-21 09:30:00,196.946518
2025-07-21 09:45:00,221.293549
2025-07-21 10:00:00,245.130234
2025-07-21 10:15:00,250.926636
2025-07-21 10:30:00,237.168488
2025-07-21 10:45:00,238.126587
2025-07-21 11:00:00,226.714996
2025-07-21 11:15:00,222.51149
2025-07-21 11:30:00,224.634949
2025-07-21 11:45:00,209.031281
2025-07-21 12:00:00,255.801498
2025-07-21 12:15:00,250.267548
2025-07-21 12:30:00,235.572723
2025-07-21 12:45:00,241.192642
2025-07-21 13:00:00,249.001541
2025-07-21 13:15:00,246.407669
2025-07-21 13:30:00,266.013031
2025-07-21 13:45:00,262.814392
2025-07-21 14:00:00,265.159729
2025-07-21 14:15:00,263.081696
2025-07-21 14:30:00,264.032806
2025-07-21 14:45:00,269.48999
2025-07-21 15:00:00,285.695618
2025-07-21 15:15:00,289.677826
2025-07-21 15:30:00,302.526733
2025-07-21 15:45:00,295.305725
2025-07-21 16:00:00,302.442169
2025-07-21 16:15:00,311.17215
2025-07-21 16:30:00,329.806122
2025-07-21 16:45:00,335.379486
2025-07-21 17:00:00,338.825378
2025-07-21 17:15:00,349.66748
2025-07-21 17:30:00,357.573914
2025-07-21 17:45:00,361.229858
2025-07-21 18:00:00,361.521454
2025-07-21 18:15:00,346.386871
2025-07-21 18:30:00,340.587799
2025-07-21 18:45:00,326.170074
2025-07-21 19:00:00,318.038422
2025-07-21 19:15:00,323.178772
2025-07-21 19:30:00,329.05368
2025-07-21 19:45:00,340.293152
2025-07-21 20:00:00,376.471161
2025-07-21 20:15:00,389.92218
2025-07-21 20:30:00,388.800049
2025-07-21 20:45:00,386.467865
2025-07-21 21:00:00,378.899323
2025-07-21 21:15:00,374.12973
2025-07-21 21:30:00,367.981476
2025-07-21 21:45:00,350.088196
2025-07-21 22:00:00,359.213379
2025-07-21 22:15:00,361.159241
2025-07-21 22:30:00,350.397156
2025-07-21 22:45:00,347.675964
2025-07-21 23:00:00,346.100189
2025-07-21 23:15:00,344.233521
2025-07-21 23:30:00,334.176697
2025-07-21 23:45:00,343.070526
2025-07-22 00:00:00,326.688873
2025-07-22 00:15:00,331.474548
2025-07-22 00:30:00,329.029572
2025-07-22 00:45:00,329.92926
2025-07-22 01:00:00,329.243896
2025-07-22 01:15:00,329.122894
2025-07-22 01:30:00,328.899963
2025-07-22 01:45:00,321.909912
2025-07-22 02:00:00,324.999878
2025-07-22 02:15:00,319.922119
2025-07-22 02:30:00,319.999969
2025-07-22 02:45:00,319.805603
2025-07-22 03:00:00,313.534546
2025-07-22 03:15:00,309.979126
2025-07-22 03:30:00,307.708069
2025-07-22 03:45:00,303.999908
2025-07-22 04:00:00,305.0
2025-07-22 04:15:00,304.158691
2025-07-22 04:30:00,303.173065
2025-07-22 04:45:00,304.16391
2025-07-22 05:00:00,304.167603
2025-07-22 05:15:00,303.182312
2025-07-22 05:30:00,302.202545
2025-07-22 05:45:00,300.222107
2025-07-22 06:00:00,300.221588
2025-07-22 06:15:00,298.125885
2025-07-22 06:30:00,282.110046
2025-07-22 06:45:00,274.000031
2025-07-22 07:00:00,270.000092
2025-07-22 07:15:00,261.000031
2025-07-22 07:30:00,260.500519
2025-07-22 07:45:00,273.73349
2025-07-22 08:00:00,275.784698
2025-07-22 08:15:00,286.867645
2025-07-22 08:30:00,292.502594
2025-07-22 08:45:00,299.596832
2025-07-22 09:00:00,299.646606
2025-07-22 09:15:00,318.00769
2025-07-22 09:30:00,317.787628
2025-07-22 09:45:00,319.714508
2025-07-22 10:00:00,328.852692
2025-07-22 10:15:00,331.533508
2025-07-22 10:30:00,335.189575
2025-07-22 10:45:00,335.743195
2025-07-22 11:00:00,336.244995
2025-07-22 11:15:00,331.942627
2025-07-22 11:30:00,324.12677
2025-07-22 11:45:00,316.848022
2025-07-22 12:00:00,313.504639
2025-07-22 12:15:00,316.73056
2025-07-22 12:30:00,312.722504
2025-07-22 12:45:00,303.296814
2025-07-22 13:00:00,299.228119
2025-07-22 13:15:00,292.127808
2025-07-22 13:30:00,290.958649
2025-07-22 13:45:00,287.436279
2025-07-22 14:00:00,286.272003
2025-07-22 14:15:00,288.084656
2025-07-22 14:30:00,295.27713
2025-07-22 14:45:00,298.798859
2025-07-22 15:00:00,306.746948
2025-07-22 15:15:00,317.907379
2025-07-22 15:30:00,317.251862
2025-07-22 15:45:00,316.888489
2025-07-22 16:00:00,309.280579
2025-07-22 16:15:00,309.030273
2025-07-22 16:30:00,312.754059
2025-07-22 16:45:00,310.079773
2025-07-22 17:00:00,310.512604
2025-07-22 17:15:00,314.284302
2025-07-22 17:30:00,319.554199
2025-07-22 17:45:00,320.056915
2025-07-22 18:00:00,320.238251
2025-07-22 18:15:00,314.141205
2025-07-22 18:30:00,303.193756
2025-07-22 18:45:00,300.280914
2025-07-22 19:00:00,290.495636
2025-07-22 19:15:00,295.393005
2025-07-22 19:30:00,300.297119
2025-07-22 19:45:00,301.111237
2025-07-22 20:00:00,300.654907
2025-07-22 20:15:00,304.096558
2025-07-22 20:30:00,302.051392
2025-07-22 20:45:00,301.290222
2025-07-22 21:00:00,294.650574
2025-07-22 21:15:00,287.190735
2025-07-22 21:30:00,281.156006
2025-07-22 21:45:00,290.000183
2025-07-22 22:00:00,284.0
2025-07-22 22:15:00,296.000122
2025-07-22 22:30:00,300.000031
2025-07-22 22:45:00,299.999969
2025-07-22 23:00:00,301.000031
2025-07-22 23:15:00,300.999969
2025-07-22 23:30:00,299.999939
2025-07-22 23:45:00,299.999939
2025-07-23 00:00:00,288.999969
2025-07-23 00:15:00,293.849915
2025-07-23 00:30:00,295.999939
2025-07-23 00:45:00,295.000031
2025-07-23 01:00:00,293.850006
2025-07-23 01:15:00,290.000214
2025-07-23 01:30:00,290.000183
2025-07-23 01:45:00,286.000092
2025-07-23 02:00:00,284.867188
2025-07-23 02:15:00,281.000061
2025-07-23 02:30:00,280.0
2025-07-23 02:45:00,275.0
2025-07-23 03:00:00,271.627472
2025-07-23 03:15:00,270.0
2025-07-23 03:30:00,265.599854
2025-07-23 03:45:00,261.000153
2025-07-23 04:00:00,260.932648
2025-07-23 04:15:00,260.000061
2025-07-23 04:30:00,260.000092
2025-07-23 04:45:00,260.0
2025-07-23 05:00:00,265.600067
2025-07-23 05:15:00,260.999939
2025-07-23 05:30:00,265.600067
2025-07-23 05:45:00,260.000092
2025-07-23 06:00:00,259.999939
2025-07-23 06:15:00,255.000244
2025-07-23 06:30:00,250.999908
2025-07-23 06:45:00,235.000137
2025-07-23 07:00:00,226.999985
2025-07-23 07:15:00,219.192429
2025-07-23 07:30:00,219.231277
2025-07-23 07:45:00,214.942886
2025-07-23 08:00:00,241.358917
2025-07-23 08:15:00,250.335175
2025-07-23 08:30:00,251.505219
2025-07-23 08:45:00,253.098053
2025-07-23 09:00:00,250.386627
2025-07-23 09:15:00,254.463425
2025-07-23 09:30:00,257.717682
2025-07-23 09:45:00,258.478577
2025-07-23 10:00:00,259.423645
2025-07-23 10:15:00,253.554626
2025-07-23 10:30:00,239.350159
2025-07-23 10:45:00,239.2435
2025-07-23 11:00:00,217.070236
2025-07-23 11:15:00,192.088089
2025-07-23 11:30:00,179.639221
2025-07-23 11:45:00,154.245026
2025-07-23 12:00:00,172.274094
2025-07-23 12:15:00,179.692413
2025-07-23 12:30:00,164.996597
2025-07-23 12:45:00,164.299789
2025-07-23 13:00:00,172.101105
2025-07-23 13:15:00,179.534912
2025-07-23 13:30:00,182.835449
2025-07-23 13:45:00,169.388809
2025-07-23 14:00:00,146.568756
2025-07-23 14:15:00,145.298721
2025-07-23 14:30:00,96.947502
2025-07-23 14:45:00,169.215378
2025-07-23 15:00:00,201.969757
2025-07-23 15:15:00,233.214706
2025-07-23 15:30:00,250.454514
2025-07-23 15:45:00,274.841278
2025-07-23 16:00:00,276.851837
2025-07-23 16:15:00,277.995544
2025-07-23 16:30:00,283.030212
2025-07-23 16:45:00,290.492188
2025-07-23 17:00:00,295.756989
2025-07-23 17:15:00,298.015503
2025-07-23 17:30:00,301.073792
2025-07-23 17:45:00,312.665924
2025-07-23 18:00:00,318.619659
2025-07-23 18:15:00,312.598053
2025-07-23 18:30:00,302.280762
2025-07-23 18:45:00,301.601288
2025-07-23 19:00:00,297.25766
2025-07-23 19:15:00,314.756348
2025-07-23 19:30:00,319.369293
2025-07-23 19:45:00,317.901001
2025-07-23 20:00:00,317.094177
2025-07-23 20:15:00,320.731232
2025-07-23 20:30:00,320.628082
2025-07-23 20:45:00,316.346466
2025-07-23 21:00:00,316.495667
2025-07-23 21:15:00,312.366486
2025-07-23 21:30:00,311.001312
2025-07-23 21:45:00,307.153076
2025-07-23 22:00:00,314.799683
2025-07-23 22:15:00,326.14563
2025-07-23 22:30:00,319.486664
2025-07-23 22:45:00,322.170563
2025-07-23 23:00:00,320.735626
2025-07-23 23:15:00,320.743835
2025-07-23 23:30:00,319.68396
2025-07-23 23:45:00,316.867279
2025-07-24 00:00:00,324.33194
2025-07-24 00:15:00,328.345184
2025-07-24 00:30:00,321.000092
2025-07-24 00:45:00,319.916351
2025-07-24 01:00:00,318.963989
2025-07-24 01:15:00,316.000061
2025-07-24 01:30:00,315.000031
2025-07-24 01:45:00,310.000122
2025-07-24 02:00:00,310.000092
2025-07-24 02:15:00,305.999939
2025-07-24 02:30:00,302.0
2025-07-24 02:45:00,300.958191
2025-07-24 03:00:00,299.964447
2025-07-24 03:15:00,298.974915
2025-07-24 03:30:00,296.035248
2025-07-24 03:45:00,293.364594
2025-07-24 04:00:00,293.27597
2025-07-24 04:15:00,293.344086
2025-07-24 04:30:00,293.850037
2025-07-24 04:45:00,288.354218
2025-07-24 05:00:00,292.214447
2025-07-24 05:15:00,290.181946
2025-07-24 05:30:00,286.947113
2025-07-24 05:45:00,285.907349
2025-07-24 06:00:00,280.781097
2025-07-24 06:15:00,276.235626
2025-07-24 06:30:00,259.896667
2025-07-24 06:45:00,244.458847
2025-07-24 07:00:00,233.456787
2025-07-24 07:15:00,200.231049
2025-07-24 07:30:00,161.017868
2025-07-24 07:45:00,118.460342
2025-07-24 08:00:00,79.130165
2025-07-24 08:15:00,64.298744
2025-07-24 08:30:00,9.711748
2025-07-24 08:45:00,5.765962
2025-07-24 09:00:00,5.942071
2025-07-24 09:15:00,5.694729
2025-07-24 09:30:00,5.792201
2025-07-24 09:45:00,5.781352
2025-07-24 10:00:00,5.713384
2025-07-24 10:15:00,5.758448
2025-07-24 10:30:00,5.628115
2025-07-24 10:45:00,10.174338
2025-07-24 11:00:00,58.19054
2025-07-24 11:15:00,23.096035
2025-07-24 11:30:00,43.05209
2025-07-24 11:45:00,57.311886
2025-07-24 12:00:00,74.519928
2025-07-24 12:15:00,107.137001
2025-07-24 12:30:00,128.809021
2025-07-24 12:45:00,116.378593
2025-07-24 13:00:00,141.650894
2025-07-24 13:15:00,154.213577
2025-07-24 13:30:00,158.42981
2025-07-24 13:45:00,133.981445
2025-07-24 14:00:00,134.842926
2025-07-24 14:15:00,117.600967
2025-07-24 14:30:00,148.010284
2025-07-24 14:45:00,148.608505
2025-07-24 15:00:00,185.491058
2025-07-24 15:15:00,212.974274
2025-07-24 15:30:00,224.927582
2025-07-24 15:45:00,227.53299
2025-07-24 16:00:00,271.012573
2025-07-24 16:15:00,282.707397
2025-07-24 16:30:00,295.102631
2025-07-24 16:45:00,297.582489
2025-07-24 17:00:00,304.030365
2025-07-24 17:15:00,312.426727
2025-07-24 17:30:00,316.11911
2025-07-24 17:45:00,320.295197
2025-07-24 18:00:00,323.753693
2025-07-24 18:15:00,338.038879
2025-07-24 18:30:00,338.509552
2025-07-24 18:45:00,332.985352
2025-07-24 19:00:00,335.775482
2025-07-24 19:15:00,340.298645
2025-07-24 19:30:00,351.111023
2025-07-24 19:45:00,346.425293
2025-07-24 20:00:00,358.270569
2025-07-24 20:15:00,380.27652
2025-07-24 20:30:00,392.914124
2025-07-24 20:45:00,357.959259
2025-07-24 21:00:00,349.061646
2025-07-24 21:15:00,338.809937
2025-07-24 21:30:00,341.189056
2025-07-24 21:45:00,348.560913
2025-07-24 22:00:00,348.498016
2025-07-24 22:15:00,362.035339
2025-07-24 22:30:00,357.689056
2025-07-24 22:45:00,354.995544
2025-07-24 23:00:00,354.973175
2025-07-24 23:15:00,353.808807
2025-07-24 23:30:00,353.745911
2025-07-24 23:45:00,351.729492
2025-07-25 00:00:00,402.092377
2025-07-25 00:15:00,389.565308
2025-07-25 00:30:00,377.046295
2025-07-25 00:45:00,356.651215
2025-07-25 01:00:00,350.443085
2025-07-25 01:15:00,348.464569
2025-07-25 01:30:00,336.702026
2025-07-25 01:45:00,333.337555
2025-07-25 02:00:00,330.999969
2025-07-25 02:15:00,328.899963
2025-07-25 02:30:00,322.000061
2025-07-25 02:45:00,320.199982
2025-07-25 03:00:00,316.000031
2025-07-25 03:15:00,315.000122
2025-07-25 03:30:00,309.999969
2025-07-25 03:45:00,315.000031
2025-07-25 04:00:00,311.000153
2025-07-25 04:15:00,310.999969
2025-07-25 04:30:00,310.000061
2025-07-25 04:45:00,309.999939
2025-07-25 05:00:00,314.999878
2025-07-25 05:15:00,312.000061
2025-07-25 05:30:00,310.728058
2025-07-25 05:45:00,310.000092
2025-07-25 06:00:00,309.000092
2025-07-25 06:15:00,302.000122
2025-07-25 06:30:00,293.850342
2025-07-25 06:45:00,279.353485
2025-07-25 07:00:00,272.580017
2025-07-25 07:15:00,255.64595
2025-07-25 07:30:00,231.89003
2025-07-25 07:45:00,204.669846
2025-07-25 08:00:00,198.365646
2025-07-25 08:15:00,171.758255
2025-07-25 08:30:00,112.678787
2025-07-25 08:45:00,123.011803
2025-07-25 09:00:00,98.167152
2025-07-25 09:15:00,125.683594
2025-07-25 09:30:00,101.088608
2025-07-25 09:45:00,74.725128
2025-07-25 10:00:00,75.676826
2025-07-25 10:15:00,100.96019
2025-07-25 10:30:00,132.095047
2025-07-25 10:45:00,131.945755
2025-07-25 11:00:00,133.021622
2025-07-25 11:15:00,115.638039
2025-07-25 11:30:00,114.668892
2025-07-25 11:45:00,113.847374
2025-07-25 12:00:00,175.46756
2025-07-25 12:15:00,195.504929
2025-07-25 12:30:00,213.079163
2025-07-25 12:45:00,202.977188
2025-07-25 13:00:00,214.828186
2025-07-25 13:15:00,202.780548
2025-07-25 13:30:00,206.872482
2025-07-25 13:45:00,209.235062
2025-07-25 14:00:00,203.703003
2025-07-25 14:15:00,201.457047
2025-07-25 14:30:00,216.484344
2025-07-25 14:45:00,246.665665
2025-07-25 15:00:00,259.998016
2025-07-25 15:15:00,265.313965
2025-07-25 15:30:00,280.578796
2025-07-25 15:45:00,284.939667
2025-07-25 16:00:00,304.049744
2025-07-25 16:15:00,308.32489
2025-07-25 16:30:00,324.09436
2025-07-25 16:45:00,323.149323
2025-07-25 17:00:00,335.549774
2025-07-25 17:15:00,334.416443
2025-07-25 17:30:00,343.884369
2025-07-25 17:45:00,350.13739
2025-07-25 18:00:00,345.809021
2025-07-25 18:15:00,351.238586
2025-07-25 18:30:00,352.277863
2025-07-25 18:45:00,341.294189
2025-07-25 19:00:00,337.300751
2025-07-25 19:15:00,346.49472
2025-07-25 19:30:00,360.959137
2025-07-25 19:45:00,366.873383
2025-07-25 20:00:00,444.07962
2025-07-25 20:15:00,560.571228
2025-07-25 20:30:00,654.380859
2025-07-25 20:45:00,642.242065
2025-07-25 21:00:00,525.292969
2025-07-25 21:15:00,474.473755
2025-07-25 21:30:00,433.441132
2025-07-25 21:45:00,416.796143
2025-07-25 22:00:00,394.330475
2025-07-25 22:15:00,416.270172
2025-07-25 22:30:00,391.006714
2025-07-25 22:45:00,392.42923
2025-07-25 23:00:00,399.598297
2025-07-25 23:15:00,398.895142
2025-07-25 23:30:00,391.175873
2025-07-25 23:45:00,364.286499
2025-07-26 00:00:00,394.229126
2025-07-26 00:15:00,399.975983
2025-07-26 00:30:00,380.433319
2025-07-26 00:45:00,364.000183
2025-07-26 01:00:00,355.346741
2025-07-26 01:15:00,345.569489
2025-07-26 01:30:00,339.999969
2025-07-26 01:45:00,338.399811
2025-07-26 02:00:00,334.999908
2025-07-26 02:15:00,329.476776
2025-07-26 02:30:00,321.033264
2025-07-26 02:45:00,316.000549
2025-07-26 03:00:00,313.703033
2025-07-26 03:15:00,310.886536
2025-07-26 03:30:00,309.911987
2025-07-26 03:45:00,308.927063
2025-07-26 04:00:00,307.951538
2025-07-26 04:15:00,305.000061
2025-07-26 04:30:00,304.999847
2025-07-26 04:45:00,302.000092
2025-07-26 05:00:00,301.999939
2025-07-26 05:15:00,300.999847
2025-07-26 05:30:00,300.000122
2025-07-26 05:45:00,300.0
2025-07-26 06:00:00,299.999756
2025-07-26 06:15:00,296.000031
2025-07-26 06:30:00,283.152344
2025-07-26 06:45:00,275.199829
2025-07-26 07:00:00,269.676758
2025-07-26 07:15:00,257.450348
2025-07-26 07:30:00,255.200226
2025-07-26 07:45:00,255.673767
2025-07-26 08:00:00,250.176926
2025-07-26 08:15:00,250.778198
2025-07-26 08:30:00,236.233093
2025-07-26 08:45:00,236.809357
2025-07-26 09:00:00,216.142838
2025-07-26 09:15:00,197.473068
2025-07-26 09:30:00,164.235962
2025-07-26 09:45:00,147.576355
2025-07-26 10:00:00,152.302002
2025-07-26 10:15:00,147.328552
2025-07-26 10:30:00,133.414352
2025-07-26 10:45:00,152.408127
2025-07-26 11:00:00,152.058136
2025-07-26 11:15:00,101.728844
2025-07-26 11:30:00,89.391548
2025-07-26 11:45:00,69.582794
2025-07-26 12:00:00,108.471451
2025-07-26 12:15:00,139.945282
2025-07-26 12:30:00,179.210571
2025-07-26 12:45:00,160.886337
2025-07-26 13:00:00,183.621002
2025-07-26 13:15:00,173.894226
2025-07-26 13:30:00,183.394516
2025-07-26 13:45:00,173.253387
2025-07-26 14:00:00,183.989761
2025-07-26 14:15:00,190.583755
2025-07-26 14:30:00,212.457565
2025-07-26 14:45:00,234.409714
2025-07-26 15:00:00,249.687012
2025-07-26 15:15:00,251.428391
2025-07-26 15:30:00,255.717529
2025-07-26 15:45:00,252.789642
2025-07-26 16:00:00,248.40416
2025-07-26 16:15:00,263.263855
2025-07-26 16:30:00,267.2164
2025-07-26 16:45:00,275.784027
2025-07-26 17:00:00,280.96225
2025-07-26 17:15:00,287.53891
2025-07-26 17:30:00,292.970917
2025-07-26 17:45:00,297.605774
2025-07-26 18:00:00,304.314514
2025-07-26 18:15:00,306.2164
2025-07-26 18:30:00,306.24707
2025-07-26 18:45:00,301.827057
2025-07-26 19:00:00,303.20108
2025-07-26 19:15:00,301.356903
2025-07-26 19:30:00,307.125549
2025-07-26 19:45:00,305.328186
2025-07-26 20:00:00,313.76651
2025-07-26 20:15:00,309.972076
2025-07-26 20:30:00,310.680634
2025-07-26 20:45:00,312.846985
2025-07-26 21:00:00,313.79599
2025-07-26 21:15:00,315.462555
2025-07-26 21:30:00,316.306213
2025-07-26 21:45:00,314.342316
2025-07-26 22:00:00,318.517181
2025-07-26 22:15:00,331.301086
2025-07-26 22:30:00,324.695679
2025-07-26 22:45:00,331.15625
2025-07-26 23:00:00,342.879211
2025-07-26 23:15:00,341.118927
2025-07-26 23:30:00,340.028931
2025-07-26 23:45:00,333.296814
2025-07-27 00:00:00,361.159943
2025-07-27 00:15:00,394.161743
2025-07-27 00:30:00,391.179962
2025-07-27 00:45:00,365.133331
2025-07-27 01:00:00,364.546112
2025-07-27 01:15:00,350.414612
2025-07-27 01:30:00,348.980286
2025-07-27 01:45:00,348.998627
2025-07-27 02:00:00,345.17514
2025-07-27 02:15:00,338.000214
2025-07-27 02:30:00,332.000031
2025-07-27 02:45:00,328.000153
2025-07-27 03:00:00,323.999878
2025-07-27 03:15:00,320.000031
2025-07-27 03:30:00,315.999908
2025-07-27 03:45:00,314.999939
2025-07-27 04:00:00,313.850098
2025-07-27 04:15:00,309.980652
2025-07-27 04:30:00,309.980347
2025-07-27 04:45:00,309.999908
2025-07-27 05:00:00,310.0
2025-07-27 05:15:00,308.000214
2025-07-27 05:30:00,308.000122
2025-07-27 05:45:00,300.000183
2025-07-27 06:00:00,298.400055
2025-07-27 06:15:00,290.000153
2025-07-27 06:30:00,282.000061
2025-07-27 06:45:00,272.423798
2025-07-27 07:00:00,270.125458
2025-07-27 07:15:00,258.721863
2025-07-27 07:30:00,249.631104
2025-07-27 07:45:00,242.921356
2025-07-27 08:00:00,216.510056
2025-07-27 08:15:00,232.816925
2025-07-27 08:30:00,196.517776
2025-07-27 08:45:00,172.831299
2025-07-27 09:00:00,151.913208
2025-07-27 09:15:00,130.078506
2025-07-27 09:30:00,113.850082
2025-07-27 09:45:00,110.159142
2025-07-27 10:00:00,120.91008
2025-07-27 10:15:00,81.060081
2025-07-27 10:30:00,29.320137
2025-07-27 10:45:00,52.041725
2025-07-27 11:00:00,111.434074
2025-07-27 11:15:00,110.189056
2025-07-27 11:30:00,117.365501
2025-07-27 11:45:00,143.686935
2025-07-27 12:00:00,168.919159
2025-07-27 12:15:00,167.446533
2025-07-27 12:30:00,176.213959
2025-07-27 12:45:00,159.996506
2025-07-27 13:00:00,175.214813
2025-07-27 13:15:00,170.030884
2025-07-27 13:30:00,165.648743
2025-07-27 13:45:00,143.001328
2025-07-27 14:00:00,145.982361
2025-07-27 14:15:00,144.298615
2025-07-27 14:30:00,119.220566
2025-07-27 14:45:00,145.904739
2025-07-27 15:00:00,188.221497
2025-07-27 15:15:00,202.398087
2025-07-27 15:30:00,228.143494
2025-07-27 15:45:00,239.17186
2025-07-27 16:00:00,264.300201
2025-07-27 16:15:00,289.176544
2025-07-27 16:30:00,292.480225
2025-07-27 16:45:00,298.162384
2025-07-27 17:00:00,299.514557
2025-07-27 17:15:00,299.059448
2025-07-27 17:30:00,299.74762
2025-07-27 17:45:00,299.838837
2025-07-27 18:00:00,299.227295
2025-07-27 18:15:00,296.993896
2025-07-27 18:30:00,298.470123
2025-07-27 18:45:00,295.95816
2025-07-27 19:00:00,297.93689
2025-07-27 19:15:00,302.393738
2025-07-27 19:30:00,305.825287
2025-07-27 19:45:00,305.458557
2025-07-27 20:00:00,311.053558
2025-07-27 20:15:00,315.057251
2025-07-27 20:30:00,318.112091
2025-07-27 20:45:00,316.047485
2025-07-27 21:00:00,317.398987
2025-07-27 21:15:00,319.935944
2025-07-27 21:30:00,319.847229
2025-07-27 21:45:00,319.266205
2025-07-27 22:00:00,325.262238
2025-07-27 22:15:00,341.415741
2025-07-27 22:30:00,341.187378
2025-07-27 22:45:00,340.461121
2025-07-27 23:00:00,340.455658
2025-07-27 23:15:00,340.360199
2025-07-27 23:30:00,340.212158
2025-07-27 23:45:00,340.216736
2025-07-28 00:00:00,355.583466
2025-07-28 00:15:00,378.251862
2025-07-28 00:30:00,365.069244
2025-07-28 00:45:00,354.43927
2025-07-28 01:00:00,355.842346
2025-07-28 01:15:00,349.696411
2025-07-28 01:30:00,338.600677
2025-07-28 01:45:00,338.592102
2025-07-28 02:00:00,333.679565
2025-07-28 02:15:00,321.626007
2025-07-28 02:30:00,315.911285
2025-07-28 02:45:00,314.950256
2025-07-28 03:00:00,313.802521
2025-07-28 03:15:00,310.000031
2025-07-28 03:30:00,306.33493
2025-07-28 03:45:00,300.000061
2025-07-28 04:00:00,295.107697
2025-07-28 04:15:00,291.140381
2025-07-28 04:30:00,290.172211
2025-07-28 04:45:00,290.175873
2025-07-28 05:00:00,290.176392
2025-07-28 05:15:00,289.211121
2025-07-28 05:30:00,286.540314
2025-07-28 05:45:00,282.000397
2025-07-28 06:00:00,280.000092
2025-07-28 06:15:00,275.000122
2025-07-28 06:30:00,269.000122
2025-07-28 06:45:00,260.000092
2025-07-28 07:00:00,251.000076
2025-07-28 07:15:00,236.153793
2025-07-28 07:30:00,213.546036
2025-07-28 07:45:00,210.465698
2025-07-28 08:00:00,202.986984
2025-07-28 08:15:00,190.771881
2025-07-28 08:30:00,191.960312
2025-07-28 08:45:00,172.796021
2025-07-28 09:00:00,185.178665
2025-07-28 09:15:00,158.717545
2025-07-28 09:30:00,149.210083
2025-07-28 09:45:00,144.567734
2025-07-28 10:00:00,139.18248
2025-07-28 10:15:00,127.77636
2025-07-28 10:30:00,148.135529
2025-07-28 10:45:00,177.799698
2025-07-28 11:00:00,187.037994
2025-07-28 11:15:00,184.291946
2025-07-28 11:30:00,201.024673
2025-07-28 11:45:00,182.002853
2025-07-28 12:00:00,229.082504
2025-07-28 12:15:00,255.57312
2025-07-28 12:30:00,263.338165
2025-07-28 12:45:00,252.045044
2025-07-28 13:00:00,253.793655
2025-07-28 13:15:00,249.289764
2025-07-28 13:30:00,238.33844
2025-07-28 13:45:00,216.788437
2025-07-28 14:00:00,219.352386
2025-07-28 14:15:00,218.674805
2025-07-28 14:30:00,194.840118
2025-07-28 14:45:00,216.721252
2025-07-28 15:00:00,237.54158
2025-07-28 15:15:00,240.838104
2025-07-28 15:30:00,253.26442
2025-07-28 15:45:00,271.960205
2025-07-28 16:00:00,276.447266
2025-07-28 16:15:00,280.583557
2025-07-28 16:30:00,288.943634
2025-07-28 16:45:00,288.698059
2025-07-28 17:00:00,297.028564
2025-07-28 17:15:00,306.436707
2025-07-28 17:30:00,310.412415
2025-07-28 17:45:00,314.580963
2025-07-28 18:00:00,322.212524
2025-07-28 18:15:00,317.036835
2025-07-28 18:30:00,320.70343
2025-07-28 18:45:00,318.864777
2025-07-28 19:00:00,319.647064
2025-07-28 19:15:00,331.314697
2025-07-28 19:30:00,349.974335
2025-07-28 19:45:00,354.952301
2025-07-28 20:00:00,381.168701
2025-07-28 20:15:00,402.019806
2025-07-28 20:30:00,394.126648
2025-07-28 20:45:00,396.729218
2025-07-28 21:00:00,383.995544
2025-07-28 21:15:00,385.853851
2025-07-28 21:30:00,357.220459
2025-07-28 21:45:00,367.644104
2025-07-28 22:00:00,365.419281
2025-07-28 22:15:00,424.278687
2025-07-28 22:30:00,425.753784
2025-07-28 22:45:00,408.651733
2025-07-28 23:00:00,438.91272
2025-07-28 23:15:00,407.205658
2025-07-28 23:30:00,400.2276
2025-07-28 23:45:00,372.52182
2025-07-29 00:00:00,407.626923
2025-07-29 00:15:00,447.83905
2025-07-29 00:30:00,404.559387
2025-07-29 00:45:00,371.836151
2025-07-29 01:00:00,367.457825
2025-07-29 01:15:00,357.0
2025-07-29 01:30:00,354.999969
2025-07-29 01:45:00,350.000122
2025-07-29 02:00:00,346.555878
2025-07-29 02:15:00,340.800018
2025-07-29 02:30:00,335.061951
2025-07-29 02:45:00,331.0
2025-07-29 03:00:00,327.999847
2025-07-29 03:15:00,322.034668
2025-07-29 03:30:00,319.999939
2025-07-29 03:45:00,318.000122
2025-07-29 04:00:00,316.0
2025-07-29 04:15:00,316.000061
2025-07-29 04:30:00,314.999878
2025-07-29 04:45:00,313.850098
2025-07-29 05:00:00,313.849945
2025-07-29 05:15:00,312.000061
2025-07-29 05:30:00,308.999969
2025-07-29 05:45:00,303.900238
2025-07-29 06:00:00,298.000183
2025-07-29 06:15:00,290.0
2025-07-29 06:30:00,275.000244
2025-07-29 06:45:00,263.839386
2025-07-29 07:00:00,256.0
2025-07-29 07:15:00,249.670731
2025-07-29 07:30:00,240.04921
2025-07-29 07:45:00,228.54184
2025-07-29 08:00:00,208.035645
2025-07-29 08:15:00,189.14975
2025-07-29 08:30:00,148.226364
2025-07-29 08:45:00,137.389328
2025-07-29 09:00:00,145.576706
2025-07-29 09:15:00,121.624847
2025-07-29 09:30:00,123.290527
2025-07-29 09:45:00,118.198395
2025-07-29 10:00:00,139.815247
2025-07-29 10:15:00,156.607315
2025-07-29 10:30:00,176.680878
2025-07-29 10:45:00,168.819016
2025-07-29 11:00:00,198.103973
2025-07-29 11:15:00,207.697754
2025-07-29 11:30:00,227.374924
2025-07-29 11:45:00,209.121338
2025-07-29 12:00:00,242.554092
2025-07-29 12:15:00,254.605331
2025-07-29 12:30:00,249.23407
2025-07-29 12:45:00,244.803741
2025-07-29 13:00:00,249.921219
2025-07-29 13:15:00,252.943771
2025-07-29 13:30:00,250.760605
2025-07-29 13:45:00,254.237564
2025-07-29 14:00:00,236.829056
2025-07-29 14:15:00,240.292618
2025-07-29 14:30:00,250.662735
2025-07-29 14:45:00,251.115448
2025-07-29 15:00:00,259.262299
2025-07-29 15:15:00,273.976196
2025-07-29 15:30:00,276.490295
2025-07-29 15:45:00,285.173401
2025-07-29 16:00:00,295.033539
2025-07-29 16:15:00,299.545685
2025-07-29 16:30:00,330.635254
2025-07-29 16:45:00,346.918701
2025-07-29 17:00:00,393.264526
2025-07-29 17:15:00,368.416046
2025-07-29 17:30:00,353.298279
2025-07-29 17:45:00,354.521118
2025-07-29 18:00:00,353.165558
2025-07-29 18:15:00,351.622192
2025-07-29 18:30:00,349.532196
2025-07-29 18:45:00,339.880463
2025-07-29 19:00:00,342.741333
2025-07-29 19:15:00,342.954102
2025-07-29 19:30:00,369.664459
2025-07-29 19:45:00,508.276367
2025-07-29 20:00:00,514.708252
2025-07-29 20:15:00,615.742737
2025-07-29 20:30:00,691.243347
2025-07-29 20:45:00,573.56958
2025-07-29 21:00:00,679.497742
2025-07-29 21:15:00,580.554382
2025-07-29 21:30:00,627.545288
2025-07-29 21:45:00,805.85498
2025-07-29 22:00:00,840.145203
2025-07-29 22:15:00,838.800171
2025-07-29 22:30:00,717.74054
2025-07-29 22:45:00,793.088318
2025-07-29 23:00:00,798.301636
2025-07-29 23:15:00,503.695465
2025-07-29 23:30:00,455.307251
2025-07-29 23:45:00,406.054565
2025-07-30 00:00:00,501.591095
2025-07-30 00:15:00,631.555481
2025-07-30 00:30:00,476.965942
2025-07-30 00:45:00,416.16803
2025-07-30 01:00:00,412.477844
2025-07-30 01:15:00,398.003418
2025-07-30 01:30:00,383.348846
2025-07-30 01:45:00,373.507202
2025-07-30 02:00:00,366.681366
2025-07-30 02:15:00,369.819702
2025-07-30 02:30:00,357.850494
2025-07-30 02:45:00,351.962128
2025-07-30 03:00:00,348.677002
2025-07-30 03:15:00,340.155151
2025-07-30 03:30:00,334.983734
2025-07-30 03:45:00,327.748596
2025-07-30 04:00:00,326.633484
2025-07-30 04:15:00,322.270264
2025-07-30 04:30:00,320.985687
2025-07-30 04:45:00,320.986359
2025-07-30 05:00:00,321.12851
2025-07-30 05:15:00,318.319061
2025-07-30 05:30:00,315.925629
2025-07-30 05:45:00,313.291992
2025-07-30 06:00:00,306.590881
2025-07-30 06:15:00,294.90033
2025-07-30 06:30:00,274.899994
2025-07-30 06:45:00,260.0
2025-07-30 07:00:00,255.000137
2025-07-30 07:15:00,240.080978
2025-07-30 07:30:00,228.300415
2025-07-30 07:45:00,211.186081
2025-07-30 08:00:00,202.283859
2025-07-30 08:15:00,180.269989
2025-07-30 08:30:00,146.198425
2025-07-30 08:45:00,130.883606
2025-07-30 09:00:00,106.872147
2025-07-30 09:15:00,104.687424
2025-07-30 09:30:00,114.637108
2025-07-30 09:45:00,97.314865
2025-07-30 10:00:00,146.834457
2025-07-30 10:15:00,159.576187
2025-07-30 10:30:00,152.008133
2025-07-30 10:45:00,175.727097
2025-07-30 11:00:00,179.844818
2025-07-30 11:15:00,165.672333
2025-07-30 11:30:00,161.417007
2025-07-30 11:45:00,164.972382
2025-07-30 12:00:00,199.991531
2025-07-30 12:15:00,197.755859
2025-07-30 12:30:00,186.744049
2025-07-30 12:45:00,170.931961
2025-07-30 13:00:00,167.739487
2025-07-30 13:15:00,170.35051
2025-07-30 13:30:00,167.993622
2025-07-30 13:45:00,173.172668
2025-07-30 14:00:00,166.110413
2025-07-30 14:15:00,181.397797
2025-07-30 14:30:00,192.891861
2025-07-30 14:45:00,195.401413
2025-07-30 15:00:00,234.966461
2025-07-30 15:15:00,255.934296
2025-07-30 15:30:00,268.839264
2025-07-30 15:45:00,276.842621
2025-07-30 16:00:00,289.75885
2025-07-30 16:15:00,286.732513
2025-07-30 16:30:00,300.378632
2025-07-30 16:45:00,302.889893
2025-07-30 17:00:00,309.229218
2025-07-30 17:15:00,315.282776
2025-07-30 17:30:00,318.669739
2025-07-30 17:45:00,339.084625
2025-07-30 18:00:00,348.653839
2025-07-30 18:15:00,356.838409
2025-07-30 18:30:00,356.172974
2025-07-30 18:45:00,357.243866
2025-07-30 19:00:00,354.32724
2025-07-30 19:15:00,364.404968
2025-07-30 19:30:00,363.447052
2025-07-30 19:45:00,358.132385
2025-07-30 20:00:00,363.246033
2025-07-30 20:15:00,378.643402
2025-07-30 20:30:00,364.536713
2025-07-30 20:45:00,366.387817
2025-07-30 21:00:00,351.848267
2025-07-30 21:15:00,358.592194
2025-07-30 21:30:00,367.527496
2025-07-30 21:45:00,367.296204
2025-07-30 22:00:00,382.79837
2025-07-30 22:15:00,393.544525
2025-07-30 22:30:00,397.002594
2025-07-30 22:45:00,401.734039
2025-07-30 23:00:00,404.760345
2025-07-30 23:15:00,398.453217
2025-07-30 23:30:00,371.368011
2025-07-30 23:45:00,355.392365
2025-07-31 00:00:00,400.129517
2025-07-31 00:15:00,418.995697
2025-07-31 00:30:00,413.977173
2025-07-31 00:45:00,397.006348
2025-07-31 01:00:00,393.953827
2025-07-31 01:15:00,369.7258
2025-07-31 01:30:00,356.458618
2025-07-31 01:45:00,354.364319
2025-07-31 02:00:00,351.104919
2025-07-31 02:15:00,340.90686
2025-07-31 02:30:00,335.999908
2025-07-31 02:45:00,331.999969
2025-07-31 03:00:00,320.799957
2025-07-31 03:15:00,318.399933
2025-07-31 03:30:00,315.000153
2025-07-31 03:45:00,311.999939
2025-07-31 04:00:00,308.000153
2025-07-31 04:15:00,302.000153
2025-07-31 04:30:00,300.0
2025-07-31 04:45:00,299.650085
2025-07-31 05:00:00,298.000092
2025-07-31 05:15:00,295.000061
2025-07-31 05:30:00,294.999908
2025-07-31 05:45:00,290.000122
2025-07-31 06:00:00,288.091156
2025-07-31 06:15:00,275.035675
2025-07-31 06:30:00,268.364044
2025-07-31 06:45:00,253.999969
2025-07-31 07:00:00,240.232178
2025-07-31 07:15:00,225.154587
2025-07-31 07:30:00,183.883453
2025-07-31 07:45:00,165.412964
2025-07-31 08:00:00,168.04982
2025-07-31 08:15:00,173.642792
2025-07-31 08:30:00,179.415497
2025-07-31 08:45:00,165.095551
2025-07-31 09:00:00,139.989304
2025-07-31 09:15:00,99.210495
2025-07-31 09:30:00,61.857944
2025-07-31 09:45:00,24.990202
2025-07-31 10:00:00,67.27198
2025-07-31 10:15:00,68.019524
2025-07-31 10:30:00,80.522919
2025-07-31 10:45:00,118.067215
2025-07-31 11:00:00,149.937851
2025-07-31 11:15:00,158.944061
2025-07-31 11:30:00,143.498947
2025-07-31 11:45:00,158.710693
2025-07-31 12:00:00,213.508026
2025-07-31 12:15:00,233.990982
2025-07-31 12:30:00,245.889725
2025-07-31 12:45:00,243.646851
2025-07-31 13:00:00,235.988297
2025-07-31 13:15:00,227.701599
2025-07-31 13:30:00,202.55307
2025-07-31 13:45:00,178.008255
2025-07-31 14:00:00,184.288223
2025-07-31 14:15:00,219.867691
2025-07-31 14:30:00,225.535599
2025-07-31 14:45:00,234.233871
2025-07-31 15:00:00,239.422318
2025-07-31 15:15:00,243.214386
2025-07-31 15:30:00,249.004913
2025-07-31 15:45:00,261.579193
2025-07-31 16:00:00,266.131195
2025-07-31 16:15:00,273.152954
2025-07-31 16:30:00,280.119904
2025-07-31 16:45:00,287.338043
2025-07-31 17:00:00,290.320099
2025-07-31 17:15:00,294.139404
2025-07-31 17:30:00,300.503998
2025-07-31 17:45:00,316.359741
2025-07-31 18:00:00,321.187897
2025-07-31 18:15:00,323.03186
2025-07-31 18:30:00,330.403168
2025-07-31 18:45:00,323.200531
2025-07-31 19:00:00,323.204987
2025-07-31 19:15:00,331.214111
2025-07-31 19:30:00,335.187927
2025-07-31 19:45:00,330.733185
2025-07-31 20:00:00,339.312866
2025-07-31 20:15:00,337.801605
2025-07-31 20:30:00,339.222076
2025-07-31 20:45:00,348.318329
2025-07-31 21:00:00,347.261871
2025-07-31 21:15:00,341.778351
2025-07-31 21:30:00,340.389801
2025-07-31 21:45:00,339.422821
2025-07-31 22:00:00,347.242188
2025-07-31 22:15:00,346.945129
2025-07-31 22:30:00,342.582062
2025-07-31 22:45:00,358.602448
2025-07-31 23:00:00,372.023956
2025-07-31 23:15:00,370.465607
2025-07-31 23:30:00,354.07782
2025-07-31 23:45:00,351.508423
2025-08-01 00:00:00,464.946716
2025-08-01 00:15:00,475.492645
2025-08-01 00:30:00,473.75296
2025-08-01 00:45:00,464.194885
2025-08-01 01:00:00,462.981445
2025-08-01 01:15:00,460.263458
2025-08-01 01:30:00,457.170074
2025-08-01 01:45:00,457.121979
2025-08-01 02:00:00,453.86792
2025-08-01 02:15:00,449.056183
2025-08-01 02:30:00,448.943542
2025-08-01 02:45:00,446.432129
2025-08-01 03:00:00,442.903473
2025-08-01 03:15:00,442.528748
2025-08-01 03:30:00,436.196136
2025-08-01 03:45:00,436.241028
2025-08-01 04:00:00,428.540436
2025-08-01 04:15:00,428.576996
2025-08-01 04:30:00,400.000061
2025-08-01 04:45:00,400.0
2025-08-01 05:00:00,399.514252
2025-08-01 05:15:00,380.000031
2025-08-01 05:30:00,366.999939
2025-08-01 05:45:00,350.330597
2025-08-01 06:00:00,346.340729
2025-08-01 06:15:00,327.243011
2025-08-01 06:30:00,305.406616
2025-08-01 06:45:00,293.271851
2025-08-01 07:00:00,251.489746
2025-08-01 07:15:00,245.862396
2025-08-01 07:30:00,206.918518
2025-08-01 07:45:00,181.258957
2025-08-01 08:00:00,192.756775
2025-08-01 08:15:00,175.486725
2025-08-01 08:30:00,144.352295
2025-08-01 08:45:00,151.319366
2025-08-01 09:00:00,142.923431
2025-08-01 09:15:00,139.921661
2025-08-01 09:30:00,106.936203
2025-08-01 09:45:00,127.327499
2025-08-01 10:00:00,147.461487
2025-08-01 10:15:00,152.52713
2025-08-01 10:30:00,168.707703
2025-08-01 10:45:00,168.936874
2025-08-01 11:00:00,217.431061
2025-08-01 11:15:00,148.362381
2025-08-01 11:30:00,148.077087
2025-08-01 11:45:00,149.933746
2025-08-01 12:00:00,196.371414
2025-08-01 12:15:00,205.90683
2025-08-01 12:30:00,223.072937
2025-08-01 12:45:00,237.573318
2025-08-01 13:00:00,270.980927
2025-08-01 13:15:00,278.556976
2025-08-01 13:30:00,281.195251
2025-08-01 13:45:00,290.101349
2025-08-01 14:00:00,297.62674
2025-08-01 14:15:00,297.284058
2025-08-01 14:30:00,316.064697
2025-08-01 14:45:00,321.99585
2025-08-01 15:00:00,317.373901
2025-08-01 15:15:00,348.500488
2025-08-01 15:30:00,350.07135
2025-08-01 15:45:00,352.379272
2025-08-01 16:00:00,385.018036
2025-08-01 16:15:00,428.476044
2025-08-01 16:30:00,438.496155
2025-08-01 16:45:00,437.017975
2025-08-01 17:00:00,438.402863
2025-08-01 17:15:00,441.913269
2025-08-01 17:30:00,447.167969
2025-08-01 17:45:00,451.934753
2025-08-01 18:00:00,450.561157
2025-08-01 18:15:00,454.42691
2025-08-01 18:30:00,458.306244
2025-08-01 18:45:00,454.365997
2025-08-01 19:00:00,454.519165
2025-08-01 19:15:00,458.514374
2025-08-01 19:30:00,457.01474
2025-08-01 19:45:00,454.984222
2025-08-01 20:00:00,458.613373
2025-08-01 20:15:00,461.070557
2025-08-01 20:30:00,462.71347
2025-08-01 20:45:00,467.594177
2025-08-01 21:00:00,469.686554
2025-08-01 21:15:00,467.596924
2025-08-01 21:30:00,466.655487
2025-08-01 21:45:00,462.268311
2025-08-01 22:00:00,463.883575
2025-08-01 22:15:00,461.062439
2025-08-01 22:30:00,462.802612
2025-08-01 22:45:00,461.067627
2025-08-01 23:00:00,463.122742
2025-08-01 23:15:00,467.939545
2025-08-01 23:30:00,463.282928
2025-08-01 23:45:00,465.669067
2025-08-02 00:00:00,480.787842
2025-08-02 00:15:00,478.938019
2025-08-02 00:30:00,480.915466
2025-08-02 00:45:00,475.67453
2025-08-02 01:00:00,473.855194
2025-08-02 01:15:00,471.259155
2025-08-02 01:30:00,462.484528
2025-08-02 01:45:00,461.922119
2025-08-02 02:00:00,457.415741
2025-08-02 02:15:00,457.181519
2025-08-02 02:30:00,453.532074
2025-08-02 02:45:00,448.80368
2025-08-02 03:00:00,448.755707
2025-08-02 03:15:00,445.657928
2025-08-02 03:30:00,442.073792
2025-08-02 03:45:00,441.90332
2025-08-02 04:00:00,439.044495
2025-08-02 04:15:00,435.958801
2025-08-02 04:30:00,436.115234
2025-08-02 04:45:00,436.149292
2025-08-02 05:00:00,436.091858
2025-08-02 05:15:00,431.939819
2025-08-02 05:30:00,432.057587
2025-08-02 05:45:00,409.075867
2025-08-02 06:00:00,391.813446
2025-08-02 06:15:00,350.0
2025-08-02 06:30:00,334.000031
2025-08-02 06:45:00,299.999969
2025-08-02 07:00:00,275.999878
2025-08-02 07:15:00,250.000076
2025-08-02 07:30:00,235.123688
2025-08-02 07:45:00,225.640518
2025-08-02 08:00:00,237.570251
2025-08-02 08:15:00,219.357834
2025-08-02 08:30:00,204.308578
2025-08-02 08:45:00,204.455872
2025-08-02 09:00:00,136.607193
2025-08-02 09:15:00,105.076378
2025-08-02 09:30:00,101.341522
2025-08-02 09:45:00,99.758881
2025-08-02 10:00:00,101.30954
2025-08-02 10:15:00,97.012947
2025-08-02 10:30:00,96.658005
2025-08-02 10:45:00,82.296295
2025-08-02 11:00:00,95.020515
2025-08-02 11:15:00,75.903191
2025-08-02 11:30:00,78.064064
2025-08-02 11:45:00,88.099083
2025-08-02 12:00:00,97.81324
2025-08-02 12:15:00,100.697845
2025-08-02 12:30:00,148.075531
2025-08-02 12:45:00,97.180534
2025-08-02 13:00:00,98.681557
2025-08-02 13:15:00,93.760468
2025-08-02 13:30:00,84.807137
2025-08-02 13:45:00,76.503746
2025-08-02 14:00:00,78.356651
2025-08-02 14:15:00,90.366615
2025-08-02 14:30:00,100.130592
2025-08-02 14:45:00,103.908852
2025-08-02 15:00:00,154.566208
2025-08-02 15:15:00,182.338486
2025-08-02 15:30:00,205.290527
2025-08-02 15:45:00,271.849823
2025-08-02 16:00:00,300.602631
2025-08-02 16:15:00,313.401184
2025-08-02 16:30:00,327.28952
2025-08-02 16:45:00,344.053925
2025-08-02 17:00:00,401.449615
2025-08-02 17:15:00,432.388214
2025-08-02 17:30:00,442.126648
2025-08-02 17:45:00,451.304291
2025-08-02 18:00:00,459.847412
2025-08-02 18:15:00,464.512451
2025-08-02 18:30:00,468.388763
2025-08-02 18:45:00,475.379974
2025-08-02 19:00:00,476.834808
2025-08-02 19:15:00,484.196747
2025-08-02 19:30:00,487.529816
2025-08-02 19:45:00,488.574371
2025-08-02 20:00:00,502.36261
2025-08-02 20:15:00,507.425751
2025-08-02 20:30:00,522.929382
2025-08-02 20:45:00,523.817505
2025-08-02 21:00:00,547.547668
2025-08-02 21:15:00,548.364624
2025-08-02 21:30:00,521.005127
2025-08-02 21:45:00,508.847137
2025-08-02 22:00:00,508.714569
2025-08-02 22:15:00,498.844482
2025-08-02 22:30:00,500.030579
2025-08-02 22:45:00,496.356995
2025-08-02 23:00:00,490.510895
2025-08-02 23:15:00,489.183319
2025-08-02 23:30:00,491.607819
2025-08-02 23:45:00,490.728668
2025-08-03 00:00:00,490.40567
2025-08-03 00:15:00,494.396301
2025-08-03 00:30:00,483.312927
2025-08-03 00:45:00,473.985748
2025-08-03 01:00:00,469.418915
2025-08-03 01:15:00,470.138397
2025-08-03 01:30:00,465.511658
2025-08-03 01:45:00,465.354431
2025-08-03 02:00:00,461.637329
2025-08-03 02:15:00,461.157288
2025-08-03 02:30:00,457.910248
2025-08-03 02:45:00,457.717468
2025-08-03 03:00:00,454.859558
2025-08-03 03:15:00,448.878113
2025-08-03 03:30:00,446.934631
2025-08-03 03:45:00,445.875244
2025-08-03 04:00:00,442.929291
2025-08-03 04:15:00,436.730011
2025-08-03 04:30:00,436.890381
2025-08-03 04:45:00,433.562469
2025-08-03 05:00:00,433.566101
2025-08-03 05:15:00,433.354797
2025-08-03 05:30:00,415.912872
2025-08-03 05:45:00,391.840088
2025-08-03 06:00:00,395.325439
2025-08-03 06:15:00,384.911682
2025-08-03 06:30:00,330.999634
2025-08-03 06:45:00,298.142548
2025-08-03 07:00:00,275.503204
2025-08-03 07:15:00,252.218857
2025-08-03 07:30:00,211.102646
2025-08-03 07:45:00,161.958572
2025-08-03 08:00:00,153.685196
2025-08-03 08:15:00,103.957375
2025-08-03 08:30:00,76.887718
2025-08-03 08:45:00,24.539268
2025-08-03 09:00:00,5.0569
2025-08-03 09:15:00,5.10573
2025-08-03 09:30:00,5.119131
2025-08-03 09:45:00,4.759756
2025-08-03 10:00:00,4.427372
2025-08-03 10:15:00,4.306742
2025-08-03 10:30:00,22.039007
2025-08-03 10:45:00,39.938663
2025-08-03 11:00:00,40.049305
2025-08-03 11:15:00,39.031727
2025-08-03 11:30:00,57.14698
2025-08-03 11:45:00,39.674683
2025-08-03 12:00:00,58.324696
2025-08-03 12:15:00,72.374763
2025-08-03 12:30:00,75.617393
2025-08-03 12:45:00,67.409973
2025-08-03 13:00:00,59.660271
2025-08-03 13:15:00,60.261726
2025-08-03 13:30:00,64.562614
2025-08-03 13:45:00,63.769798
2025-08-03 14:00:00,64.924782
2025-08-03 14:15:00,90.815231
2025-08-03 14:30:00,101.50071
2025-08-03 14:45:00,100.100784
2025-08-03 15:00:00,160.277008
2025-08-03 15:15:00,214.544952
2025-08-03 15:30:00,267.792297
2025-08-03 15:45:00,290.111328
2025-08-03 16:00:00,310.116394
2025-08-03 16:15:00,326.509583
2025-08-03 16:30:00,338.73822
2025-08-03 16:45:00,383.547089
2025-08-03 17:00:00,433.26712
2025-08-03 17:15:00,443.61087
2025-08-03 17:30:00,454.236359
2025-08-03 17:45:00,459.513245
2025-08-03 18:00:00,464.246246
2025-08-03 18:15:00,470.26297
2025-08-03 18:30:00,485.772644
2025-08-03 18:45:00,475.476685
2025-08-03 19:00:00,473.904175
2025-08-03 19:15:00,478.018829
2025-08-03 19:30:00,477.604797
2025-08-03 19:45:00,492.150574
2025-08-03 20:00:00,501.371826
2025-08-03 20:15:00,511.603699
2025-08-03 20:30:00,528.389526
2025-08-03 20:45:00,552.272583
2025-08-03 21:00:00,528.162048
2025-08-03 21:15:00,506.27533
2025-08-03 21:30:00,506.343933
2025-08-03 21:45:00,502.486847
2025-08-03 22:00:00,496.915283
2025-08-03 22:15:00,494.429565
2025-08-03 22:30:00,532.553589
2025-08-03 22:45:00,504.780945
2025-08-03 23:00:00,507.947327
2025-08-03 23:15:00,492.081512
2025-08-03 23:30:00,476.164917
2025-08-03 23:45:00,478.085205
2025-08-04 00:00:00,532.714478
2025-08-04 00:15:00,571.026489
2025-08-04 00:30:00,513.852844
2025-08-04 00:45:00,486.781342
2025-08-04 01:00:00,472.437958
2025-08-04 01:15:00,472.436707
2025-08-04 01:30:00,472.173462
2025-08-04 01:45:00,468.444458
2025-08-04 02:00:00,466.297394
2025-08-04 02:15:00,464.976349
2025-08-04 02:30:00,462.240387
2025-08-04 02:45:00,461.342285
2025-08-04 03:00:00,459.121674
2025-08-04 03:15:00,458.731598
2025-08-04 03:30:00,456.085632
2025-08-04 03:45:00,450.968262
2025-08-04 04:00:00,448.956207
2025-08-04 04:15:00,447.945923
2025-08-04 04:30:00,447.594727
2025-08-04 04:45:00,447.309845
2025-08-04 05:00:00,446.399597
2025-08-04 05:15:00,444.673492
2025-08-04 05:30:00,442.863037
2025-08-04 05:45:00,440.25058
2025-08-04 06:00:00,435.344971
2025-08-04 06:15:00,415.710876
2025-08-04 06:30:00,378.81723
2025-08-04 06:45:00,341.765411
2025-08-04 07:00:00,313.624847
2025-08-04 07:15:00,299.91571
2025-08-04 07:30:00,292.013702
2025-08-04 07:45:00,283.44458
2025-08-04 08:00:00,294.569031
2025-08-04 08:15:00,288.208466
2025-08-04 08:30:00,282.090057
2025-08-04 08:45:00,292.91037
2025-08-04 09:00:00,276.584656
2025-08-04 09:15:00,276.72699
2025-08-04 09:30:00,274.190308
2025-08-04 09:45:00,288.16626
2025-08-04 10:00:00,296.533478
2025-08-04 10:15:00,296.758301
2025-08-04 10:30:00,288.709503
2025-08-04 10:45:00,292.193542
2025-08-04 11:00:00,294.221954
2025-08-04 11:15:00,290.04364
2025-08-04 11:30:00,288.69339
2025-08-04 11:45:00,302.778748
2025-08-04 12:00:00,363.518494
2025-08-04 12:15:00,355.94339
2025-08-04 12:30:00,358.72934
2025-08-04 12:45:00,354.765686
2025-08-04 13:00:00,345.146179
2025-08-04 13:15:00,348.163452
2025-08-04 13:30:00,352.667694
2025-08-04 13:45:00,350.255615
2025-08-04 14:00:00,361.041443
2025-08-04 14:15:00,377.967529
2025-08-04 14:30:00,393.77774
2025-08-04 14:45:00,432.320007
2025-08-04 15:00:00,431.157532
2025-08-04 15:15:00,433.274506
2025-08-04 15:30:00,437.914337
2025-08-04 15:45:00,452.184418
2025-08-04 16:00:00,452.74408
2025-08-04 16:15:00,459.163086
2025-08-04 16:30:00,469.567322
2025-08-04 16:45:00,483.297546
2025-08-04 17:00:00,484.495087
2025-08-04 17:15:00,513.21814
2025-08-04 17:30:00,562.393494
2025-08-04 17:45:00,631.008667
2025-08-04 18:00:00,765.433533
2025-08-04 18:15:00,627.296509
2025-08-04 18:30:00,621.716003
2025-08-04 18:45:00,551.656738
2025-08-04 19:00:00,607.304321
2025-08-04 19:15:00,606.051086
2025-08-04 19:30:00,629.451904
2025-08-04 19:45:00,596.831604
2025-08-04 20:00:00,597.120667
2025-08-04 20:15:00,614.475281
2025-08-04 20:30:00,614.760254
2025-08-04 20:45:00,601.888367
2025-08-04 21:00:00,570.023682
2025-08-04 21:15:00,525.541138
2025-08-04 21:30:00,511.679718
2025-08-04 21:45:00,507.216187
2025-08-04 22:00:00,537.015625
2025-08-04 22:15:00,539.723267
2025-08-04 22:30:00,527.689941
2025-08-04 22:45:00,503.891022
2025-08-04 23:00:00,507.613007
2025-08-04 23:15:00,507.795502
2025-08-04 23:30:00,561.898376
2025-08-04 23:45:00,493.142151
2025-08-05 00:00:00,482.066742
2025-08-05 00:15:00,480.140015
2025-08-05 00:30:00,466.309937
2025-08-05 00:45:00,462.590149
2025-08-05 01:00:00,461.589691
2025-08-05 01:15:00,453.366852
2025-08-05 01:30:00,456.09787
2025-08-05 01:45:00,449.270172
2025-08-05 02:00:00,448.40921
2025-08-05 02:15:00,450.554321
2025-08-05 02:30:00,447.506256
2025-08-05 02:45:00,449.623352
2025-08-05 03:00:00,437.32193
2025-08-05 03:15:00,434.490997
2025-08-05 03:30:00,431.587097
2025-08-05 03:45:00,407.721497
2025-08-05 04:00:00,398.119873
2025-08-05 04:15:00,397.001587
2025-08-05 04:30:00,379.983826
2025-08-05 04:45:00,371.098175
2025-08-05 05:00:00,371.176117
2025-08-05 05:15:00,368.625549
2025-08-05 05:30:00,367.410431
2025-08-05 05:45:00,367.40799
2025-08-05 06:00:00,367.411041
2025-08-05 06:15:00,347.76004
2025-08-05 06:30:00,347.760193
2025-08-05 06:45:00,327.760254
2025-08-05 07:00:00,327.760132
2025-08-05 07:15:00,310.894806
2025-08-05 07:30:00,308.812347
2025-08-05 07:45:00,308.799957
2025-08-05 08:00:00,308.944061
2025-08-05 08:15:00,305.299133
2025-08-05 08:30:00,305.972076
2025-08-05 08:45:00,308.171692
2025-08-05 09:00:00,297.820007
2025-08-05 09:15:00,291.147797
2025-08-05 09:30:00,295.241882
2025-08-05 09:45:00,299.520538
2025-08-05 10:00:00,303.218658
2025-08-05 10:15:00,299.3172
2025-08-05 10:30:00,312.051605
2025-08-05 10:45:00,288.533356
2025-08-05 11:00:00,288.940247
2025-08-05 11:15:00,292.446106
2025-08-05 11:30:00,288.971069
2025-08-05 11:45:00,289.756073
2025-08-05 12:00:00,295.894531
2025-08-05 12:15:00,308.475098
2025-08-05 12:30:00,320.578613
2025-08-05 12:45:00,319.986725
2025-08-05 13:00:00,320.108063
2025-08-05 13:15:00,321.093445
2025-08-05 13:30:00,321.790741
2025-08-05 13:45:00,318.524048
2025-08-05 14:00:00,332.551453
2025-08-05 14:15:00,335.765289
2025-08-05 14:30:00,343.115997
2025-08-05 14:45:00,344.071625
2025-08-05 15:00:00,361.284241
2025-08-05 15:15:00,364.042419
2025-08-05 15:30:00,379.821075
2025-08-05 15:45:00,369.435883
2025-08-05 16:00:00,375.596313
2025-08-05 16:15:00,401.53299
2025-08-05 16:30:00,444.379272
2025-08-05 16:45:00,447.400879
2025-08-05 17:00:00,456.7453
2025-08-05 17:15:00,468.32074
2025-08-05 17:30:00,477.641937
2025-08-05 17:45:00,507.119965
2025-08-05 18:00:00,528.390869
2025-08-05 18:15:00,504.215942
2025-08-05 18:30:00,552.928711
2025-08-05 18:45:00,486.662811
2025-08-05 19:00:00,484.008118
2025-08-05 19:15:00,487.501526
2025-08-05 19:30:00,501.75647
2025-08-05 19:45:00,496.568237
2025-08-05 20:00:00,510.506775
2025-08-05 20:15:00,513.196899
2025-08-05 20:30:00,512.86676
2025-08-05 20:45:00,508.950348
2025-08-05 21:00:00,498.333069
2025-08-05 21:15:00,491.739532
2025-08-05 21:30:00,480.472595
2025-08-05 21:45:00,439.682678
2025-08-05 22:00:00,423.177429
2025-08-05 22:15:00,421.218658
2025-08-05 22:30:00,400.037903
2025-08-05 22:45:00,443.1828
2025-08-05 23:00:00,448.890259
2025-08-05 23:15:00,436.304352
2025-08-05 23:30:00,442.811829
2025-08-05 23:45:00,442.457428
2025-08-06 00:00:00,506.626862
2025-08-06 00:15:00,378.68045
2025-08-06 00:30:00,375.247925
2025-08-06 00:45:00,362.599792
2025-08-06 01:00:00,350.734528
2025-08-06 01:15:00,348.775757
2025-08-06 01:30:00,332.445709
2025-08-06 01:45:00,338.279358
2025-08-06 02:00:00,344.342346
2025-08-06 02:15:00,345.424072
2025-08-06 02:30:00,331.564636
2025-08-06 02:45:00,337.597565
2025-08-06 03:00:00,346.978943
2025-08-06 03:15:00,344.378693
2025-08-06 03:30:00,339.836456
2025-08-06 03:45:00,337.746826
2025-08-06 04:00:00,331.729889
2025-08-06 04:15:00,331.827698
2025-08-06 04:30:00,327.85202
2025-08-06 04:45:00,328.250366
2025-08-06 05:00:00,330.427948
2025-08-06 05:15:00,328.289307
2025-08-06 05:30:00,323.669586
2025-08-06 05:45:00,322.010071
2025-08-06 06:00:00,322.425659
2025-08-06 06:15:00,312.513062
2025-08-06 06:30:00,298.656158
2025-08-06 06:45:00,290.934723
2025-08-06 07:00:00,281.123688
2025-08-06 07:15:00,278.800049
2025-08-06 07:30:00,280.474884
2025-08-06 07:45:00,280.071533
2025-08-06 08:00:00,262.678772
2025-08-06 08:15:00,261.983765
2025-08-06 08:30:00,261.707275
2025-08-06 08:45:00,262.653076
2025-08-06 09:00:00,262.136597
2025-08-06 09:15:00,262.175842
2025-08-06 09:30:00,282.802826
2025-08-06 09:45:00,283.637543
2025-08-06 10:00:00,282.526398
2025-08-06 10:15:00,278.683044
2025-08-06 10:30:00,277.724457
2025-08-06 10:45:00,276.022369
2025-08-06 11:00:00,285.491943
2025-08-06 11:15:00,272.821259
2025-08-06 11:30:00,271.571716
2025-08-06 11:45:00,273.52771
2025-08-06 12:00:00,291.737701
2025-08-06 12:15:00,309.498871
2025-08-06 12:30:00,314.28125
2025-08-06 12:45:00,314.169403
2025-08-06 13:00:00,313.843048
2025-08-06 13:15:00,319.327057
2025-08-06 13:30:00,312.363251
2025-08-06 13:45:00,324.849976
2025-08-06 14:00:00,357.430176
2025-08-06 14:15:00,456.774353
2025-08-06 14:30:00,518.994751
2025-08-06 14:45:00,693.564758
2025-08-06 15:00:00,704.700073
2025-08-06 15:15:00,702.368469
2025-08-06 15:30:00,500.343048
2025-08-06 15:45:00,365.861664
2025-08-06 16:00:00,378.690216
2025-08-06 16:15:00,378.830017
2025-08-06 16:30:00,398.505524
2025-08-06 16:45:00,394.838318
2025-08-06 17:00:00,406.409302
2025-08-06 17:15:00,397.475922
2025-08-06 17:30:00,395.626556
2025-08-06 17:45:00,397.506073
2025-08-06 18:00:00,382.19696
2025-08-06 18:15:00,374.294006
2025-08-06 18:30:00,352.831726
2025-08-06 18:45:00,351.203003
2025-08-06 19:00:00,349.056976
2025-08-06 19:15:00,353.810974
2025-08-06 19:30:00,352.579437
2025-08-06 19:45:00,352.038269
2025-08-06 20:00:00,349.355957
2025-08-06 20:15:00,363.240417
2025-08-06 20:30:00,369.919983
2025-08-06 20:45:00,356.508057
2025-08-06 21:00:00,350.584747
2025-08-06 21:15:00,344.958954
2025-08-06 21:30:00,334.015198
2025-08-06 21:45:00,326.06134
2025-08-06 22:00:00,320.141876
2025-08-06 22:15:00,323.944397
2025-08-06 22:30:00,327.794312
2025-08-06 22:45:00,333.533844
2025-08-06 23:00:00,341.791351
2025-08-06 23:15:00,338.746643
2025-08-06 23:30:00,337.935638
2025-08-06 23:45:00,337.025177
2025-08-07 00:00:00,324.037231
2025-08-07 00:15:00,332.606018
2025-08-07 00:30:00,326.019989
2025-08-07 00:45:00,321.467804
2025-08-07 01:00:00,320.076569
2025-08-07 01:15:00,315.999969
2025-08-07 01:30:00,315.999939
2025-08-07 01:45:00,320.0
2025-08-07 02:00:00,320.999969
2025-08-07 02:15:00,319.683502
2025-08-07 02:30:00,320.0
2025-08-07 02:45:00,319.999969
2025-08-07 03:00:00,314.399933
2025-08-07 03:15:00,319.495422
2025-08-07 03:30:00,313.548309
2025-08-07 03:45:00,308.705475
2025-08-07 04:00:00,306.720428
2025-08-07 04:15:00,304.407837
2025-08-07 04:30:00,303.802582
2025-08-07 04:45:00,303.451172
2025-08-07 05:00:00,303.415314
2025-08-07 05:15:00,303.352417
2025-08-07 05:30:00,303.637634
2025-08-07 05:45:00,303.425049
2025-08-07 06:00:00,302.982269
2025-08-07 06:15:00,298.666656
2025-08-07 06:30:00,280.999786
2025-08-07 06:45:00,280.000244
2025-08-07 07:00:00,273.999817
2025-08-07 07:15:00,266.099945
2025-08-07 07:30:00,264.768982
2025-08-07 07:45:00,269.008362
2025-08-07 08:00:00,269.243652
2025-08-07 08:15:00,281.430023
2025-08-07 08:30:00,287.780609
2025-08-07 08:45:00,294.286865
2025-08-07 09:00:00,296.307953
2025-08-07 09:15:00,297.500366
2025-08-07 09:30:00,296.882843
2025-08-07 09:45:00,295.134338
2025-08-07 10:00:00,292.613739
2025-08-07 10:15:00,292.523834
2025-08-07 10:30:00,292.242126
2025-08-07 10:45:00,288.720367
2025-08-07 11:00:00,283.876526
2025-08-07 11:15:00,271.65567
2025-08-07 11:30:00,272.381378
2025-08-07 11:45:00,269.97879
2025-08-07 12:00:00,271.084442
2025-08-07 12:15:00,274.628967
2025-08-07 12:30:00,273.014709
2025-08-07 12:45:00,268.145905
2025-08-07 13:00:00,269.268494
2025-08-07 13:15:00,261.234467
2025-08-07 13:30:00,270.075958
2025-08-07 13:45:00,264.933258
2025-08-07 14:00:00,271.962677
2025-08-07 14:15:00,271.064819
2025-08-07 14:30:00,274.471771
2025-08-07 14:45:00,279.871338
2025-08-07 15:00:00,277.2966
2025-08-07 15:15:00,276.624115
2025-08-07 15:30:00,289.889099
2025-08-07 15:45:00,296.296906
2025-08-07 16:00:00,297.315094
2025-08-07 16:15:00,297.733093
2025-08-07 16:30:00,297.800995
2025-08-07 16:45:00,307.632446
2025-08-07 17:00:00,319.337372
2025-08-07 17:15:00,325.831696
2025-08-07 17:30:00,328.766327
2025-08-07 17:45:00,330.687347
2025-08-07 18:00:00,337.291077
2025-08-07 18:15:00,330.014221
2025-08-07 18:30:00,325.49884
2025-08-07 18:45:00,327.051788
2025-08-07 19:00:00,328.58374
2025-08-07 19:15:00,320.092834
2025-08-07 19:30:00,309.482056
2025-08-07 19:45:00,308.973328
2025-08-07 20:00:00,311.109497
2025-08-07 20:15:00,308.552368
2025-08-07 20:30:00,307.08374
2025-08-07 20:45:00,301.054901
2025-08-07 21:00:00,296.5914
2025-08-07 21:15:00,292.515045
2025-08-07 21:30:00,292.11438
2025-08-07 21:45:00,283.038666
2025-08-07 22:00:00,276.647583
2025-08-07 22:15:00,297.129944
2025-08-07 22:30:00,289.88681
2025-08-07 22:45:00,300.182678
2025-08-07 23:00:00,306.394379
2025-08-07 23:15:00,301.000061
2025-08-07 23:30:00,300.000122
2025-08-07 23:45:00,300.000061
2025-08-08 00:00:00,387.381805
2025-08-08 00:15:00,399.735901
2025-08-08 00:30:00,374.999878
2025-08-08 00:45:00,335.287811
2025-08-08 01:00:00,359.999908
2025-08-08 01:15:00,381.204681
2025-08-08 01:30:00,344.289246
2025-08-08 01:45:00,399.098633
2025-08-08 02:00:00,399.105957
2025-08-08 02:15:00,399.040558
2025-08-08 02:30:00,359.771606
2025-08-08 02:45:00,349.30127
2025-08-08 03:00:00,332.54483
2025-08-08 03:15:00,300.0
2025-08-08 03:30:00,299.999878
2025-08-08 03:45:00,300.0
2025-08-08 04:00:00,300.0
2025-08-08 04:15:00,300.0
2025-08-08 04:30:00,299.700104
2025-08-08 04:45:00,297.999908
2025-08-08 05:00:00,298.599854
2025-08-08 05:15:00,289.999817
2025-08-08 05:30:00,287.550385
2025-08-08 05:45:00,285.999817
2025-08-08 06:00:00,287.200012
2025-08-08 06:15:00,260.261017
2025-08-08 06:30:00,235.638062
2025-08-08 06:45:00,150.0
2025-08-08 07:00:00,150.462708
2025-08-08 07:15:00,150.456726
2025-08-08 07:30:00,150.968674
2025-08-08 07:45:00,152.166977
2025-08-08 08:00:00,147.76796
2025-08-08 08:15:00,153.266205
2025-08-08 08:30:00,153.304306
2025-08-08 08:45:00,150.524429
2025-08-08 09:00:00,231.687103
2025-08-08 09:15:00,254.17337
2025-08-08 09:30:00,254.523514
2025-08-08 09:45:00,250.234924
2025-08-08 10:00:00,245.970047
2025-08-08 10:15:00,182.82962
2025-08-08 10:30:00,142.17749
2025-08-08 10:45:00,143.311768
2025-08-08 11:00:00,143.896149
2025-08-08 11:15:00,142.938736
2025-08-08 11:30:00,141.610443
2025-08-08 11:45:00,119.821594
2025-08-08 12:00:00,142.719101
2025-08-08 12:15:00,143.516235
2025-08-08 12:30:00,142.998169
2025-08-08 12:45:00,149.553711
2025-08-08 13:00:00,147.098541
2025-08-08 13:15:00,146.849884
2025-08-08 13:30:00,147.122131
2025-08-08 13:45:00,149.501953
2025-08-08 14:00:00,140.288971
2025-08-08 14:15:00,139.674744
2025-08-08 14:30:00,140.953827
2025-08-08 14:45:00,141.627411
2025-08-08 15:00:00,140.718994
2025-08-08 15:15:00,143.689972
2025-08-08 15:30:00,144.209015
2025-08-08 15:45:00,214.051376
2025-08-08 16:00:00,234.539398
2025-08-08 16:15:00,281.437347
2025-08-08 16:30:00,296.953217
2025-08-08 16:45:00,301.597198
2025-08-08 17:00:00,358.827423
2025-08-08 17:15:00,299.902405
2025-08-08 17:30:00,301.074219
2025-08-08 17:45:00,299.469482
2025-08-08 18:00:00,290.309082
2025-08-08 18:15:00,322.558746
2025-08-08 18:30:00,376.410004
2025-08-08 18:45:00,398.005554
2025-08-08 19:00:00,398.945068
2025-08-08 19:15:00,401.371582
2025-08-08 19:30:00,404.698425
2025-08-08 19:45:00,407.825226
2025-08-08 20:00:00,406.733032
2025-08-08 20:15:00,408.76886
2025-08-08 20:30:00,412.677856
2025-08-08 20:45:00,406.804016
2025-08-08 21:00:00,403.992554
2025-08-08 21:15:00,387.239563
2025-08-08 21:30:00,366.37677
2025-08-08 21:45:00,311.825714
2025-08-08 22:00:00,309.403595
2025-08-08 22:15:00,309.623444
2025-08-08 22:30:00,309.039734
2025-08-08 22:45:00,326.200684
2025-08-08 23:00:00,337.544647
2025-08-08 23:15:00,305.66925
2025-08-08 23:30:00,305.417542
2025-08-08 23:45:00,305.076508
2025-08-09 00:00:00,309.332092
2025-08-09 00:15:00,299.615112
2025-08-09 00:30:00,299.395386
2025-08-09 00:45:00,287.931549
2025-08-09 01:00:00,290.740356
2025-08-09 01:15:00,287.295319
2025-08-09 01:30:00,280.167267
2025-08-09 01:45:00,287.649384
2025-08-09 02:00:00,290.201172
2025-08-09 02:15:00,287.527161
2025-08-09 02:30:00,280.279419
2025-08-09 02:45:00,256.296112
2025-08-09 03:00:00,254.303192
2025-08-09 03:15:00,250.286728
2025-08-09 03:30:00,200.278931
2025-08-09 03:45:00,150.252075
2025-08-09 04:00:00,150.229645
2025-08-09 04:15:00,150.231155
2025-08-09 04:30:00,150.21138
2025-08-09 04:45:00,150.173203
2025-08-09 05:00:00,150.185516
2025-08-09 05:15:00,150.165878
2025-08-09 05:30:00,150.161438
2025-08-09 05:45:00,149.999985
2025-08-09 06:00:00,150.317307
2025-08-09 06:15:00,155.104034
2025-08-09 06:30:00,142.505203
2025-08-09 06:45:00,116.466537
2025-08-09 07:00:00,98.025475
2025-08-09 07:15:00,72.466476
2025-08-09 07:30:00,25.508375
2025-08-09 07:45:00,71.820213
2025-08-09 08:00:00,79.955078
2025-08-09 08:15:00,79.621117
2025-08-09 08:30:00,71.112724
2025-08-09 08:45:00,11.125265
2025-08-09 09:00:00,13.019773
2025-08-09 09:15:00,12.087097
2025-08-09 09:30:00,12.746433
2025-08-09 09:45:00,14.083527
2025-08-09 10:00:00,14.176921
2025-08-09 10:15:00,14.168042
2025-08-09 10:30:00,14.096819
2025-08-09 10:45:00,29.217464
2025-08-09 11:00:00,57.27594
2025-08-09 11:15:00,58.577507
2025-08-09 11:30:00,65.548592
2025-08-09 11:45:00,64.240463
2025-08-09 12:00:00,118.478897
2025-08-09 12:15:00,138.540665
2025-08-09 12:30:00,138.677948
2025-08-09 12:45:00,149.934998
2025-08-09 13:00:00,187.194809
2025-08-09 13:15:00,217.287445
2025-08-09 13:30:00,234.627426
2025-08-09 13:45:00,237.956833
2025-08-09 14:00:00,267.898499
2025-08-09 14:15:00,283.736603
2025-08-09 14:30:00,338.712677
2025-08-09 14:45:00,315.010162
2025-08-09 15:00:00,398.468079
2025-08-09 15:15:00,419.347839
2025-08-09 15:30:00,416.072876
2025-08-09 15:45:00,405.894135
2025-08-09 16:00:00,405.993011
2025-08-09 16:15:00,407.778046
2025-08-09 16:30:00,421.01944
2025-08-09 16:45:00,424.578125
2025-08-09 17:00:00,421.796753
2025-08-09 17:15:00,425.185577
2025-08-09 17:30:00,425.494904
2025-08-09 17:45:00,423.023987
2025-08-09 18:00:00,419.570129
2025-08-09 18:15:00,411.169434
2025-08-09 18:30:00,408.505585
2025-08-09 18:45:00,405.127594
2025-08-09 19:00:00,405.39563
2025-08-09 19:15:00,409.588898
2025-08-09 19:30:00,420.120789
2025-08-09 19:45:00,416.332489
2025-08-09 20:00:00,428.437561
2025-08-09 20:15:00,430.450867
2025-08-09 20:30:00,426.930389
2025-08-09 20:45:00,424.2229
2025-08-09 21:00:00,389.572021
2025-08-09 21:15:00,375.097473
2025-08-09 21:30:00,323.528442
2025-08-09 21:45:00,310.308777
2025-08-09 22:00:00,307.804657
2025-08-09 22:15:00,308.688232
2025-08-09 22:30:00,305.293091
2025-08-09 22:45:00,321.015472
2025-08-09 23:00:00,366.477386
2025-08-09 23:15:00,320.505829
2025-08-09 23:30:00,320.203552
2025-08-09 23:45:00,350.0
2025-08-10 00:00:00,303.55661
2025-08-10 00:15:00,307.372803
2025-08-10 00:30:00,304.78363
2025-08-10 00:45:00,304.668732
2025-08-10 01:00:00,304.505249
2025-08-10 01:15:00,294.795929
2025-08-10 01:30:00,289.177032
2025-08-10 01:45:00,299.6828
2025-08-10 02:00:00,299.685242
2025-08-10 02:15:00,298.463776
2025-08-10 02:30:00,289.716187
2025-08-10 02:45:00,283.885406
2025-08-10 03:00:00,282.210266
2025-08-10 03:15:00,279.293671
2025-08-10 03:30:00,270.562225
2025-08-10 03:45:00,262.968201
2025-08-10 04:00:00,259.884827
2025-08-10 04:15:00,259.883118
2025-08-10 04:30:00,251.999893
2025-08-10 04:45:00,250.240189
2025-08-10 05:00:00,251.0
2025-08-10 05:15:00,252.000046
2025-08-10 05:30:00,249.999847
2025-08-10 05:45:00,236.050156
2025-08-10 06:00:00,234.000076
2025-08-10 06:15:00,231.999954
2025-08-10 06:30:00,200.000015
2025-08-10 06:45:00,199.000046
2025-08-10 07:00:00,199.000076
2025-08-10 07:15:00,170.0
2025-08-10 07:30:00,164.999969
2025-08-10 07:45:00,167.999893
2025-08-10 08:00:00,190.922241
2025-08-10 08:15:00,193.113159
2025-08-10 08:30:00,243.039154
2025-08-10 08:45:00,236.955719
2025-08-10 09:00:00,237.075134
2025-08-10 09:15:00,202.235138
2025-08-10 09:30:00,213.135376
2025-08-10 09:45:00,218.789185
2025-08-10 10:00:00,246.196945
2025-08-10 10:15:00,254.209824
2025-08-10 10:30:00,258.037994
2025-08-10 10:45:00,246.183319
2025-08-10 11:00:00,241.483353
2025-08-10 11:15:00,244.928284
2025-08-10 11:30:00,207.850677
2025-08-10 11:45:00,197.053131
2025-08-10 12:00:00,252.611664
2025-08-10 12:15:00,259.101563
2025-08-10 12:30:00,260.842438
2025-08-10 12:45:00,252.548431
2025-08-10 13:00:00,250.466583
2025-08-10 13:15:00,252.779282
2025-08-10 13:30:00,251.316086
2025-08-10 13:45:00,251.952805
2025-08-10 14:00:00,256.758606
2025-08-10 14:15:00,248.874817
2025-08-10 14:30:00,250.907883
2025-08-10 14:45:00,248.295135
2025-08-10 15:00:00,252.732132
2025-08-10 15:15:00,258.515564
2025-08-10 15:30:00,250.03038
2025-08-10 15:45:00,249.218277
2025-08-10 16:00:00,253.984482
2025-08-10 16:15:00,257.921448
2025-08-10 16:30:00,252.908936
2025-08-10 16:45:00,258.823334
2025-08-10 17:00:00,270.38562
2025-08-10 17:15:00,263.787384
2025-08-10 17:30:00,266.277893
2025-08-10 17:45:00,254.721329
2025-08-10 18:00:00,239.217758
2025-08-10 18:15:00,191.696518
2025-08-10 18:30:00,184.699646
2025-08-10 18:45:00,146.97226
2025-08-10 19:00:00,159.81868
2025-08-10 19:15:00,158.521851
2025-08-10 19:30:00,160.521957
2025-08-10 19:45:00,178.634949
2025-08-10 20:00:00,174.395859
2025-08-10 20:15:00,167.940155
2025-08-10 20:30:00,158.928329
2025-08-10 20:45:00,138.698349
2025-08-10 21:00:00,129.380783
2025-08-10 21:15:00,126.38858
2025-08-10 21:30:00,96.044128
2025-08-10 21:45:00,60.579178
2025-08-10 22:00:00,54.942219
2025-08-10 22:15:00,60.201397
2025-08-10 22:30:00,96.843147
2025-08-10 22:45:00,104.389557
2025-08-10 23:00:00,128.653992
2025-08-10 23:15:00,119.571739
2025-08-10 23:30:00,128.849838
2025-08-10 23:45:00,118.542847
2025-08-11 00:00:00,179.271606
2025-08-11 00:15:00,122.397293
2025-08-11 00:30:00,136.906448
2025-08-11 00:45:00,143.620544
2025-08-11 01:00:00,170.351334
2025-08-11 01:15:00,175.953857
2025-08-11 01:30:00,134.329132
2025-08-11 01:45:00,141.732025
2025-08-11 02:00:00,141.821518
2025-08-11 02:15:00,132.616821
2025-08-11 02:30:00,116.300232
2025-08-11 02:45:00,95.811172
2025-08-11 03:00:00,57.315399
2025-08-11 03:15:00,24.948605
2025-08-11 03:30:00,22.156998
2025-08-11 03:45:00,5.94458
2025-08-11 04:00:00,5.989234
2025-08-11 04:15:00,6.081122
2025-08-11 04:30:00,6.263016
2025-08-11 04:45:00,6.12343
2025-08-11 05:00:00,5.991583
2025-08-11 05:15:00,0.273058
2025-08-11 05:30:00,0.574736
2025-08-11 05:45:00,5.199456
2025-08-11 06:00:00,0.62406
2025-08-11 06:15:00,0.308713
2025-08-11 06:30:00,0.307324
2025-08-11 06:45:00,0.201937
2025-08-11 07:00:00,0.287226
2025-08-11 07:15:00,0.286017
2025-08-11 07:30:00,0.121775
2025-08-11 07:45:00,3.742373
2025-08-11 08:00:00,0.123444
2025-08-11 08:15:00,0.183893
2025-08-11 08:30:00,6.281621
2025-08-11 08:45:00,5.784285
2025-08-11 09:00:00,6.267223
2025-08-11 09:15:00,24.518394
2025-08-11 09:30:00,62.641518
2025-08-11 09:45:00,96.83493
2025-08-11 10:00:00,109.827026
2025-08-11 10:15:00,119.397438
2025-08-11 10:30:00,119.223885
2025-08-11 10:45:00,129.897263
2025-08-11 11:00:00,107.775681
2025-08-11 11:15:00,109.547295
2025-08-11 11:30:00,74.029449
2025-08-11 11:45:00,28.169716
2025-08-11 12:00:00,107.908661
2025-08-11 12:15:00,108.193527
2025-08-11 12:30:00,53.909573
2025-08-11 12:45:00,28.844469
2025-08-11 13:00:00,28.409506
2025-08-11 13:15:00,28.347061
2025-08-11 13:30:00,28.328833
2025-08-11 13:45:00,5.909042
2025-08-11 14:00:00,6.023474
2025-08-11 14:15:00,5.799287
2025-08-11 14:30:00,0.176314
2025-08-11 14:45:00,0.318702
2025-08-11 15:00:00,8.985068
2025-08-11 15:15:00,28.813261
2025-08-11 15:30:00,6.619942
2025-08-11 15:45:00,8.625761
2025-08-11 16:00:00,28.492733
2025-08-11 16:15:00,41.170288
2025-08-11 16:30:00,103.413673
2025-08-11 16:45:00,107.335846
2025-08-11 17:00:00,122.905441
2025-08-11 17:15:00,99.346207
2025-08-11 17:30:00,48.274834
2025-08-11 17:45:00,47.910892
2025-08-11 18:00:00,24.303972
2025-08-11 18:15:00,24.005985
2025-08-11 18:30:00,24.371336
2025-08-11 18:45:00,67.927834
2025-08-11 19:00:00,96.255112
2025-08-11 19:15:00,126.579575
2025-08-11 19:30:00,153.032898
2025-08-11 19:45:00,152.318268
2025-08-11 20:00:00,152.984512
2025-08-11 20:15:00,148.539261
2025-08-11 20:30:00,107.578003
2025-08-11 20:45:00,97.150635
2025-08-11 21:00:00,76.608307
2025-08-11 21:15:00,82.636536
2025-08-11 21:30:00,19.35738
2025-08-11 21:45:00,19.846802
2025-08-11 22:00:00,39.407619
2025-08-11 22:15:00,34.025154
2025-08-11 22:30:00,17.363861
2025-08-11 22:45:00,56.619892
2025-08-11 23:00:00,83.278244
2025-08-11 23:15:00,34.168255
2025-08-11 23:30:00,4.237096
2025-08-11 23:45:00,17.126261
2025-08-12 00:00:00,4.325537
2025-08-12 00:15:00,0.172134
2025-08-12 00:30:00,0.255311
2025-08-12 00:45:00,0.174137
2025-08-12 01:00:00,0.257983
2025-08-12 01:15:00,0.166069
2025-08-12 01:30:00,0.164314
2025-08-12 01:45:00,0.15231
2025-08-12 02:00:00,0.150672
2025-08-12 02:15:00,4.69733
2025-08-12 02:30:00,0.562824
2025-08-12 02:45:00,6.143838
2025-08-12 03:00:00,6.129349
2025-08-12 03:15:00,6.145043
2025-08-12 03:30:00,6.177726
2025-08-12 03:45:00,5.665415
2025-08-12 04:00:00,5.880661
2025-08-12 04:15:00,6.021768
2025-08-12 04:30:00,5.906017
2025-08-12 04:45:00,5.887618
2025-08-12 05:00:00,0.202895
2025-08-12 05:15:00,0.200483
2025-08-12 05:30:00,0.201407
2025-08-12 05:45:00,0.613281
2025-08-12 06:00:00,20.0
2025-08-12 06:15:00,20.000002
2025-08-12 06:30:00,25.192228
2025-08-12 06:45:00,25.026566
2025-08-12 07:00:00,24.857376
2025-08-12 07:15:00,0.272044
2025-08-12 07:30:00,0.190905
2025-08-12 07:45:00,0.179913
2025-08-12 08:00:00,0.173027
2025-08-12 08:15:00,26.003633
2025-08-12 08:30:00,26.204634
2025-08-12 08:45:00,27.633686
2025-08-12 09:00:00,30.571281
2025-08-12 09:15:00,30.86787
2025-08-12 09:30:00,31.17761
2025-08-12 09:45:00,30.924364
2025-08-12 10:00:00,11.627905
2025-08-12 10:15:00,11.864485
2025-08-12 10:30:00,30.703083
2025-08-12 10:45:00,30.797277
2025-08-12 11:00:00,30.117138
2025-08-12 11:15:00,29.274361
2025-08-12 11:30:00,29.140774
2025-08-12 11:45:00,24.113894
2025-08-12 12:00:00,9.442761
2025-08-12 12:15:00,8.458698
2025-08-12 12:30:00,5.77492
2025-08-12 12:45:00,9.574206
2025-08-12 13:00:00,5.845033
2025-08-12 13:15:00,6.564837
2025-08-12 13:30:00,9.098947
2025-08-12 13:45:00,8.780425
2025-08-12 14:00:00,10.472047
2025-08-12 14:15:00,8.06389
2025-08-12 14:30:00,1.745199
2025-08-12 14:45:00,5.745608
2025-08-12 15:00:00,8.409637
2025-08-12 15:15:00,5.664914
2025-08-12 15:30:00,5.447665
2025-08-12 15:45:00,5.772468
2025-08-12 16:00:00,8.893095
2025-08-12 16:15:00,5.598228
2025-08-12 16:30:00,8.516365
2025-08-12 16:45:00,52.241539
2025-08-12 17:00:00,93.103561
2025-08-12 17:15:00,67.832626
2025-08-12 17:30:00,69.506332
2025-08-12 17:45:00,20.320358
2025-08-12 18:00:00,19.780123
2025-08-12 18:15:00,2.164187
2025-08-12 18:30:00,0.136768
2025-08-12 18:45:00,4.25821
2025-08-12 19:00:00,23.984734
2025-08-12 19:15:00,24.43749
2025-08-12 19:30:00,24.485088
2025-08-12 19:45:00,23.147495
2025-08-12 20:00:00,25.417862
2025-08-12 20:15:00,30.607435
2025-08-12 20:30:00,8.602902
2025-08-12 20:45:00,0.714883
2025-08-12 21:00:00,0.696723
2025-08-12 21:15:00,0.365545
2025-08-12 21:30:00,0.318691
2025-08-12 21:45:00,0.663855
2025-08-12 22:00:00,0.184061
2025-08-12 22:15:00,0.198157
2025-08-12 22:30:00,0.209827
2025-08-12 22:45:00,0.19805
2025-08-12 23:00:00,0.194863
2025-08-12 23:15:00,0.285625
2025-08-12 23:30:00,0.278449
2025-08-12 23:45:00,0.608342
2025-08-13 00:00:00,88.644035
2025-08-13 00:15:00,22.704823
2025-08-13 00:30:00,5.671917
2025-08-13 00:45:00,5.681366
2025-08-13 01:00:00,6.521893
2025-08-13 01:15:00,6.804862
2025-08-13 01:30:00,6.745952
2025-08-13 01:45:00,6.039063
2025-08-13 02:00:00,5.185358
2025-08-13 02:15:00,5.838485
2025-08-13 02:30:00,5.167653
2025-08-13 02:45:00,3.320332
2025-08-13 03:00:00,3.361158
2025-08-13 03:15:00,3.459108
2025-08-13 03:30:00,5.315815
2025-08-13 03:45:00,3.543039
2025-08-13 04:00:00,3.745795
2025-08-13 04:15:00,5.531199
2025-08-13 04:30:00,3.727521
2025-08-13 04:45:00,5.635528
2025-08-13 05:00:00,5.541374
2025-08-13 05:15:00,3.750523
2025-08-13 05:30:00,3.76981
2025-08-13 05:45:00,1.55436
2025-08-13 06:00:00,0.833094
2025-08-13 06:15:00,0.762776
2025-08-13 06:30:00,0.798655
2025-08-13 06:45:00,0.780641
2025-08-13 07:00:00,1.42654
2025-08-13 07:15:00,0.773185
2025-08-13 07:30:00,1.157021
2025-08-13 07:45:00,1.122755
2025-08-13 08:00:00,5.895546
2025-08-13 08:15:00,10.12732
2025-08-13 08:30:00,10.429187
2025-08-13 08:45:00,11.050675
2025-08-13 09:00:00,11.684722
2025-08-13 09:15:00,12.179547
2025-08-13 09:30:00,11.900916
2025-08-13 09:45:00,11.567477
2025-08-13 10:00:00,11.494184
2025-08-13 10:15:00,12.045761
2025-08-13 10:30:00,11.673586
2025-08-13 10:45:00,11.628718
2025-08-13 11:00:00,10.832758
2025-08-13 11:15:00,11.048631
2025-08-13 11:30:00,10.612812
2025-08-13 11:45:00,10.348621
2025-08-13 12:00:00,10.671994
2025-08-13 12:15:00,10.022298
2025-08-13 12:30:00,10.091877
2025-08-13 12:45:00,11.349839
2025-08-13 13:00:00,11.013268
2025-08-13 13:15:00,10.510481
2025-08-13 13:30:00,10.587323
2025-08-13 13:45:00,10.487325
2025-08-13 14:00:00,10.461918
2025-08-13 14:15:00,11.168959
2025-08-13 14:30:00,11.43301
2025-08-13 14:45:00,11.285263
2025-08-13 15:00:00,11.715423
2025-08-13 15:15:00,11.840811
2025-08-13 15:30:00,12.051019
2025-08-13 15:45:00,12.296924
2025-08-13 16:00:00,11.816169
2025-08-13 16:15:00,30.05575
2025-08-13 16:30:00,48.770287
2025-08-13 16:45:00,141.149826
2025-08-13 17:00:00,161.360138
2025-08-13 17:15:00,161.115555
2025-08-13 17:30:00,178.787384
2025-08-13 17:45:00,139.998062
2025-08-13 18:00:00,157.860916
2025-08-13 18:15:00,156.522675
2025-08-13 18:30:00,157.971573
2025-08-13 18:45:00,176.287384
2025-08-13 19:00:00,177.549255
2025-08-13 19:15:00,157.791779
2025-08-13 19:30:00,159.5746
2025-08-13 19:45:00,157.203018
2025-08-13 20:00:00,156.169861
2025-08-13 20:15:00,157.228165
2025-08-13 20:30:00,137.525497
2025-08-13 20:45:00,125.017761
2025-08-13 21:00:00,146.316162
2025-08-13 21:15:00,213.942169
2025-08-13 21:30:00,205.649796
2025-08-13 21:45:00,156.021866
2025-08-13 22:00:00,150.399536
2025-08-13 22:15:00,178.054581
2025-08-13 22:30:00,175.484375
2025-08-13 22:45:00,165.255508
2025-08-13 23:00:00,191.845078
2025-08-13 23:15:00,163.771362
2025-08-13 23:30:00,165.353012
2025-08-13 23:45:00,164.962692
2025-08-14 00:00:00,138.596909
2025-08-14 00:15:00,145.720963
2025-08-14 00:30:00,145.951874
2025-08-14 00:45:00,150.000031
2025-08-14 01:00:00,150.000031
2025-08-14 01:15:00,149.999985
2025-08-14 01:30:00,147.300049
2025-08-14 01:45:00,144.999985
2025-08-14 02:00:00,145.0
2025-08-14 02:15:00,129.999954
2025-08-14 02:30:00,120.999954
2025-08-14 02:45:00,116.626236
2025-08-14 03:00:00,80.773254
2025-08-14 03:15:00,20.860043
2025-08-14 03:30:00,20.871658
2025-08-14 03:45:00,21.144234
2025-08-14 04:00:00,21.235491
2025-08-14 04:15:00,21.154528
2025-08-14 04:30:00,22.640318
2025-08-14 04:45:00,21.116848
2025-08-14 05:00:00,21.14876
2025-08-14 05:15:00,22.18849
2025-08-14 05:30:00,2.616068
2025-08-14 05:45:00,2.557687
2025-08-14 06:00:00,21.175577
2025-08-14 06:15:00,1.987528
2025-08-14 06:30:00,1.961751
2025-08-14 06:45:00,2.021228
2025-08-14 07:00:00,2.013576
2025-08-14 07:15:00,0.0
2025-08-14 07:30:00,0.0
2025-08-14 07:45:00,0.0
2025-08-14 08:00:00,0.0
2025-08-14 08:15:00,1.359549
2025-08-14 08:30:00,0.0
2025-08-14 08:45:00,0.0
2025-08-14 09:00:00,1.576149
2025-08-14 09:15:00,8.974309
2025-08-14 09:30:00,8.865499
2025-08-14 09:45:00,8.573755
2025-08-14 10:00:00,9.628681
2025-08-14 10:15:00,9.868334
2025-08-14 10:30:00,9.83382
2025-08-14 10:45:00,9.885046
2025-08-14 11:00:00,10.342077
2025-08-14 11:15:00,9.230478
2025-08-14 11:30:00,8.737013
2025-08-14 11:45:00,8.51188
2025-08-14 12:00:00,8.785518
2025-08-14 12:15:00,52.865768
2025-08-14 12:30:00,63.146358
2025-08-14 12:45:00,112.009285
2025-08-14 13:00:00,119.776085
2025-08-14 13:15:00,123.702026
2025-08-14 13:30:00,121.351807
2025-08-14 13:45:00,143.53566
2025-08-14 14:00:00,143.122787
2025-08-14 14:15:00,139.875107
2025-08-14 14:30:00,146.681595
2025-08-14 14:45:00,145.400192
2025-08-14 15:00:00,63.579842
2025-08-14 15:15:00,67.325317
2025-08-14 15:30:00,57.409763
2025-08-14 15:45:00,30.968367
2025-08-14 16:00:00,155.876678
2025-08-14 16:15:00,157.287247
2025-08-14 16:30:00,162.269196
2025-08-14 16:45:00,164.086441
2025-08-14 17:00:00,162.77002
2025-08-14 17:15:00,166.2715
2025-08-14 17:30:00,159.207321
2025-08-14 17:45:00,162.906342
2025-08-14 18:00:00,195.349518
2025-08-14 18:15:00,194.707184
2025-08-14 18:30:00,196.035309
2025-08-14 18:45:00,263.837524
2025-08-14 19:00:00,236.016434
2025-08-14 19:15:00,196.686111
2025-08-14 19:30:00,260.562592
2025-08-14 19:45:00,202.356262
2025-08-14 20:00:00,235.558167
2025-08-14 20:15:00,203.438202
2025-08-14 20:30:00,228.0289
2025-08-14 20:45:00,203.192032
2025-08-14 21:00:00,200.514282
2025-08-14 21:15:00,200.983261
2025-08-14 21:30:00,193.480453
2025-08-14 21:45:00,190.80394
2025-08-14 22:00:00,165.719925
2025-08-14 22:15:00,190.100296
2025-08-14 22:30:00,186.604858
2025-08-14 22:45:00,214.266525
2025-08-14 23:00:00,282.693298
2025-08-14 23:15:00,280.200043
2025-08-14 23:30:00,275.582611
2025-08-14 23:45:00,268.49826
2025-08-15 00:00:00,413.898682
2025-08-15 00:15:00,403.403198
2025-08-15 00:30:00,400.864044
2025-08-15 00:45:00,378.751099
2025-08-15 01:00:00,300.0
2025-08-15 01:15:00,349.999969
2025-08-15 01:30:00,369.999969
2025-08-15 01:45:00,366.593048
2025-08-15 02:00:00,369.999817
2025-08-15 02:15:00,383.911499
2025-08-15 02:30:00,377.000092
2025-08-15 02:45:00,370.000061
2025-08-15 03:00:00,332.000061
2025-08-15 03:15:00,317.523773
2025-08-15 03:30:00,297.631134
2025-08-15 03:45:00,297.864258
2025-08-15 04:00:00,297.81485
2025-08-15 04:15:00,297.990906
2025-08-15 04:30:00,295.315338
2025-08-15 04:45:00,298.124237
2025-08-15 05:00:00,298.14325
2025-08-15 05:15:00,294.953003
2025-08-15 05:30:00,278.265564
2025-08-15 05:45:00,294.58493
2025-08-15 06:00:00,297.21698
2025-08-15 06:15:00,297.280548
2025-08-15 06:30:00,186.999802
2025-08-15 06:45:00,148.13269
2025-08-15 07:00:00,125.711983
2025-08-15 07:15:00,2.124271
2025-08-15 07:30:00,1.683671
2025-08-15 07:45:00,0.0
2025-08-15 08:00:00,4.775003
2025-08-15 08:15:00,7.510602
2025-08-15 08:30:00,7.489745
2025-08-15 08:45:00,8.820595
2025-08-15 09:00:00,9.11321
2025-08-15 09:15:00,7.982375
2025-08-15 09:30:00,7.845194
2025-08-15 09:45:00,8.032746
2025-08-15 10:00:00,8.508174
2025-08-15 10:15:00,8.900167
2025-08-15 10:30:00,8.966965
2025-08-15 10:45:00,8.741812
2025-08-15 11:00:00,54.215363
2025-08-15 11:15:00,8.537917
2025-08-15 11:30:00,8.567131
2025-08-15 11:45:00,9.19432
2025-08-15 12:00:00,58.31263
2025-08-15 12:15:00,47.317242
2025-08-15 12:30:00,56.677429
2025-08-15 12:45:00,27.874788
2025-08-15 13:00:00,27.925297
2025-08-15 13:15:00,28.184954
2025-08-15 13:30:00,33.87711
2025-08-15 13:45:00,27.909962
2025-08-15 14:00:00,90.224838
2025-08-15 14:15:00,111.489296
2025-08-15 14:30:00,124.226738
2025-08-15 14:45:00,83.564865
2025-08-15 15:00:00,77.101303
2025-08-15 15:15:00,79.541832
2025-08-15 15:30:00,64.381653
2025-08-15 15:45:00,52.569096
2025-08-15 16:00:00,55.058163
2025-08-15 16:15:00,89.196716
2025-08-15 16:30:00,72.897514
2025-08-15 16:45:00,153.378769
2025-08-15 17:00:00,128.215073
2025-08-15 17:15:00,157.873459
2025-08-15 17:30:00,178.878769
2025-08-15 17:45:00,184.02771
2025-08-15 18:00:00,288.690674
2025-08-15 18:15:00,294.326599
2025-08-15 18:30:00,301.748383
2025-08-15 18:45:00,325.802429
2025-08-15 19:00:00,326.075226
2025-08-15 19:15:00,321.868927
2025-08-15 19:30:00,323.316559
2025-08-15 19:45:00,322.323975
2025-08-15 20:00:00,324.987244
2025-08-15 20:15:00,328.846191
2025-08-15 20:30:00,330.165741
2025-08-15 20:45:00,333.515442
2025-08-15 21:00:00,325.445343
2025-08-15 21:15:00,327.252106
2025-08-15 21:30:00,325.325073
2025-08-15 21:45:00,342.661346
2025-08-15 22:00:00,336.532928
2025-08-15 22:15:00,389.844757
2025-08-15 22:30:00,326.623138
2025-08-15 22:45:00,358.713654
2025-08-15 23:00:00,413.133423
2025-08-15 23:15:00,369.999878
2025-08-15 23:30:00,349.999969
2025-08-15 23:45:00,319.999756
2025-08-16 00:00:00,322.449951
2025-08-16 00:15:00,350.403992
2025-08-16 00:30:00,297.060547
2025-08-16 00:45:00,296.96524
2025-08-16 01:00:00,294.192749
2025-08-16 01:15:00,273.0
2025-08-16 01:30:00,272.834961
2025-08-16 01:45:00,272.999847
2025-08-16 02:00:00,298.984039
2025-08-16 02:15:00,298.983795
2025-08-16 02:30:00,287.99469
2025-08-16 02:45:00,288.497498
2025-08-16 03:00:00,279.615509
2025-08-16 03:15:00,271.604706
2025-08-16 03:30:00,267.601135
2025-08-16 03:45:00,258.52002
2025-08-16 04:00:00,238.585129
2025-08-16 04:15:00,149.205383
2025-08-16 04:30:00,149.205902
2025-08-16 04:45:00,149.089722
2025-08-16 05:00:00,149.087982
2025-08-16 05:15:00,149.983688
2025-08-16 05:30:00,148.827011
2025-08-16 05:45:00,148.853302
2025-08-16 06:00:00,148.911514
2025-08-16 06:15:00,148.984146
2025-08-16 06:30:00,129.070908
2025-08-16 06:45:00,64.390762
2025-08-16 07:00:00,19.809294
2025-08-16 07:15:00,0.0
2025-08-16 07:30:00,0.0
2025-08-16 07:45:00,1.493876
2025-08-16 08:00:00,4.953316
2025-08-16 08:15:00,8.809779
2025-08-16 08:30:00,8.541533
2025-08-16 08:45:00,7.955215
2025-08-16 09:00:00,7.984725
2025-08-16 09:15:00,7.996856
2025-08-16 09:30:00,8.186881
2025-08-16 09:45:00,7.871826
2025-08-16 10:00:00,8.116705
2025-08-16 10:15:00,8.052135
2025-08-16 10:30:00,8.438988
2025-08-16 10:45:00,8.197088
2025-08-16 11:00:00,8.239674
2025-08-16 11:15:00,8.169422
2025-08-16 11:30:00,8.370532
2025-08-16 11:45:00,8.686815
2025-08-16 12:00:00,9.314342
2025-08-16 12:15:00,9.266946
2025-08-16 12:30:00,9.253406
2025-08-16 12:45:00,9.681469
2025-08-16 13:00:00,9.596295
2025-08-16 13:15:00,9.418033
2025-08-16 13:30:00,9.468079
2025-08-16 13:45:00,9.214235
2025-08-16 14:00:00,9.279634
2025-08-16 14:15:00,9.799427
2025-08-16 14:30:00,9.886811
2025-08-16 14:45:00,9.6782
2025-08-16 15:00:00,9.577248
2025-08-16 15:15:00,9.595237
2025-08-16 15:30:00,25.612431
2025-08-16 15:45:00,27.465759
2025-08-16 16:00:00,88.528114
2025-08-16 16:15:00,138.908936
2025-08-16 16:30:00,157.630432
2025-08-16 16:45:00,267.586121
2025-08-16 17:00:00,289.814972
2025-08-16 17:15:00,284.028625
2025-08-16 17:30:00,311.527832
2025-08-16 17:45:00,321.126678
2025-08-16 18:00:00,364.160004
2025-08-16 18:15:00,418.797974
2025-08-16 18:30:00,427.884216
2025-08-16 18:45:00,434.796051
2025-08-16 19:00:00,437.777191
2025-08-16 19:15:00,439.689392
2025-08-16 19:30:00,445.236816
2025-08-16 19:45:00,441.866943
2025-08-16 20:00:00,440.927185
2025-08-16 20:15:00,439.943939
2025-08-16 20:30:00,438.162323
2025-08-16 20:45:00,439.447144
2025-08-16 21:00:00,441.294861
2025-08-16 21:15:00,445.384521
2025-08-16 21:30:00,441.895721
2025-08-16 21:45:00,440.614288
2025-08-16 22:00:00,441.520142
2025-08-16 22:15:00,454.726654
2025-08-16 22:30:00,436.550476
2025-08-16 22:45:00,425.948792
2025-08-16 23:00:00,430.16275
2025-08-16 23:15:00,428.489746
2025-08-16 23:30:00,424.062317
2025-08-16 23:45:00,416.187225
2025-08-17 00:00:00,462.184875
2025-08-17 00:15:00,463.096405
2025-08-17 00:30:00,450.909973
2025-08-17 00:45:00,448.03064
2025-08-17 01:00:00,447.996765
2025-08-17 01:15:00,437.660187
2025-08-17 01:30:00,436.180603
2025-08-17 01:45:00,432.756226
2025-08-17 02:00:00,435.717682
2025-08-17 02:15:00,435.813629
2025-08-17 02:30:00,435.790955
2025-08-17 02:45:00,431.586426
2025-08-17 03:00:00,431.49762
2025-08-17 03:15:00,431.318909
2025-08-17 03:30:00,428.439636
2025-08-17 03:45:00,339.999939
2025-08-17 04:00:00,349.509827
2025-08-17 04:15:00,319.129822
2025-08-17 04:30:00,319.144989
2025-08-17 04:45:00,317.666199
2025-08-17 05:00:00,319.068237
2025-08-17 05:15:00,317.787476
2025-08-17 05:30:00,305.716797
2025-08-17 05:45:00,300.000061
2025-08-17 06:00:00,300.000122
2025-08-17 06:15:00,300.000122
2025-08-17 06:30:00,288.999542
2025-08-17 06:45:00,150.000015
2025-08-17 07:00:00,149.999985
2025-08-17 07:15:00,145.000046
2025-08-17 07:30:00,42.390678
2025-08-17 07:45:00,0.0
2025-08-17 08:00:00,4.825091
2025-08-17 08:15:00,7.968769
2025-08-17 08:30:00,7.681722
2025-08-17 08:45:00,9.381812
2025-08-17 09:00:00,8.644052
2025-08-17 09:15:00,8.54456
2025-08-17 09:30:00,8.168938
2025-08-17 09:45:00,8.431479
2025-08-17 10:00:00,8.488697
2025-08-17 10:15:00,8.802671
2025-08-17 10:30:00,8.925447
2025-08-17 10:45:00,8.821624
2025-08-17 11:00:00,8.246696
2025-08-17 11:15:00,8.744574
2025-08-17 11:30:00,8.583007
2025-08-17 11:45:00,8.670959
2025-08-17 12:00:00,9.51463
2025-08-17 12:15:00,10.626753
2025-08-17 12:30:00,9.157481
2025-08-17 12:45:00,10.880518
2025-08-17 13:00:00,10.828381
2025-08-17 13:15:00,9.380679
2025-08-17 13:30:00,9.275591
2025-08-17 13:45:00,9.293079
2025-08-17 14:00:00,9.163984
2025-08-17 14:15:00,9.116334
2025-08-17 14:30:00,26.31048
2025-08-17 14:45:00,9.351234
2025-08-17 15:00:00,9.620591
2025-08-17 15:15:00,28.665344
2025-08-17 15:30:00,57.718613
2025-08-17 15:45:00,83.718246
2025-08-17 16:00:00,142.340485
2025-08-17 16:15:00,159.26001
2025-08-17 16:30:00,163.072021
2025-08-17 16:45:00,298.232697
2025-08-17 17:00:00,337.469482
2025-08-17 17:15:00,435.889191
2025-08-17 17:30:00,440.854004
2025-08-17 17:45:00,450.828003
2025-08-17 18:00:00,460.478638
2025-08-17 18:15:00,473.139893
2025-08-17 18:30:00,475.449066
2025-08-17 18:45:00,477.904175
2025-08-17 19:00:00,477.235413
2025-08-17 19:15:00,474.465698
2025-08-17 19:30:00,486.611023
2025-08-17 19:45:00,474.384949
2025-08-17 20:00:00,473.747955
2025-08-17 20:15:00,477.768585
2025-08-17 20:30:00,484.395355
2025-08-17 20:45:00,483.397583
2025-08-17 21:00:00,483.657227
2025-08-17 21:15:00,481.733154
2025-08-17 21:30:00,472.511261
2025-08-17 21:45:00,470.48349
2025-08-17 22:00:00,470.498199
2025-08-17 22:15:00,487.523071
2025-08-17 22:30:00,489.747009
2025-08-17 22:45:00,476.00531
2025-08-17 23:00:00,473.26535
2025-08-17 23:15:00,470.938568
2025-08-17 23:30:00,467.036865
2025-08-17 23:45:00,468.947418
2025-08-18 00:00:00,490.625458
2025-08-18 00:15:00,530.764221
2025-08-18 00:30:00,479.009308
2025-08-18 00:45:00,460.655823
2025-08-18 01:00:00,460.156586
2025-08-18 01:15:00,457.230225
2025-08-18 01:30:00,453.904388
2025-08-18 01:45:00,451.956268
2025-08-18 02:00:00,454.088226
2025-08-18 02:15:00,454.155212
2025-08-18 02:30:00,454.010956
2025-08-18 02:45:00,451.180023
2025-08-18 03:00:00,450.193329
2025-08-18 03:15:00,438.022064
2025-08-18 03:30:00,435.798126
2025-08-18 03:45:00,433.416809
2025-08-18 04:00:00,432.3396
2025-08-18 04:15:00,429.591125
2025-08-18 04:30:00,397.707275
2025-08-18 04:45:00,378.7435
2025-08-18 05:00:00,397.862915
2025-08-18 05:15:00,354.295288
2025-08-18 05:30:00,319.179016
2025-08-18 05:45:00,300.000244
2025-08-18 06:00:00,320.000061
2025-08-18 06:15:00,306.0
2025-08-18 06:30:00,288.999969
2025-08-18 06:45:00,150.0
2025-08-18 07:00:00,149.999969
2025-08-18 07:15:00,149.999954
2025-08-18 07:30:00,130.283508
2025-08-18 07:45:00,101.259964
2025-08-18 08:00:00,62.895226
2025-08-18 08:15:00,8.419827
2025-08-18 08:30:00,8.524029
2025-08-18 08:45:00,27.626228
2025-08-18 09:00:00,4.801387
2025-08-18 09:15:00,4.593862
2025-08-18 09:30:00,8.796348
2025-08-18 09:45:00,26.509188
2025-08-18 10:00:00,42.719036
2025-08-18 10:15:00,49.417625
2025-08-18 10:30:00,55.582775
2025-08-18 10:45:00,60.503262
2025-08-18 11:00:00,59.99194
2025-08-18 11:15:00,41.453197
2025-08-18 11:30:00,36.460026
2025-08-18 11:45:00,42.356697
2025-08-18 12:00:00,15.912183
2025-08-18 12:15:00,27.547949
2025-08-18 12:30:00,81.400375
2025-08-18 12:45:00,80.740997
2025-08-18 13:00:00,108.745033
2025-08-18 13:15:00,138.850739
2025-08-18 13:30:00,133.170929
2025-08-18 13:45:00,142.947906
2025-08-18 14:00:00,150.656998
2025-08-18 14:15:00,148.51091
2025-08-18 14:30:00,151.152405
2025-08-18 14:45:00,151.913544
2025-08-18 15:00:00,156.699753
2025-08-18 15:15:00,156.324646
2025-08-18 15:30:00,156.853424
2025-08-18 15:45:00,157.016418
2025-08-18 16:00:00,217.180527
2025-08-18 16:15:00,280.877045
2025-08-18 16:30:00,306.708618
2025-08-18 16:45:00,434.542328
2025-08-18 17:00:00,439.63324
2025-08-18 17:15:00,443.529907
2025-08-18 17:30:00,458.266876
2025-08-18 17:45:00,457.366608
2025-08-18 18:00:00,457.691467
2025-08-18 18:15:00,458.607147
2025-08-18 18:30:00,461.608734
2025-08-18 18:45:00,467.180054
2025-08-18 19:00:00,468.206238
2025-08-18 19:15:00,483.192841
2025-08-18 19:30:00,492.463379
2025-08-18 19:45:00,483.697327
2025-08-18 20:00:00,482.033112
2025-08-18 20:15:00,484.248779
2025-08-18 20:30:00,491.002258
2025-08-18 20:45:00,492.339905
2025-08-18 21:00:00,492.805176
2025-08-18 21:15:00,483.020569
2025-08-18 21:30:00,480.259277
2025-08-18 21:45:00,463.385681
2025-08-18 22:00:00,456.944702
2025-08-18 22:15:00,469.338501
2025-08-18 22:30:00,468.90863
2025-08-18 22:45:00,464.371735
2025-08-18 23:00:00,469.285339
2025-08-18 23:15:00,453.469818
2025-08-18 23:30:00,451.355499
2025-08-18 23:45:00,448.958588
2025-08-19 00:00:00,453.216522
2025-08-19 00:15:00,452.806244
2025-08-19 00:30:00,453.403992
2025-08-19 00:45:00,449.138062
2025-08-19 01:00:00,448.155029
2025-08-19 01:15:00,437.012024
2025-08-19 01:30:00,434.737
2025-08-19 01:45:00,432.790863
2025-08-19 02:00:00,434.326935
2025-08-19 02:15:00,434.356598
2025-08-19 02:30:00,434.971985
2025-08-19 02:45:00,428.252502
2025-08-19 03:00:00,426.97821
2025-08-19 03:15:00,390.969604
2025-08-19 03:30:00,358.164429
2025-08-19 03:45:00,319.997986
2025-08-19 04:00:00,320.707367
2025-08-19 04:15:00,298.20871
2025-08-19 04:30:00,297.878693
2025-08-19 04:45:00,297.911957
2025-08-19 05:00:00,297.3013
2025-08-19 05:15:00,293.350342
2025-08-19 05:30:00,290.670135
2025-08-19 05:45:00,289.664734
2025-08-19 06:00:00,300.000092
2025-08-19 06:15:00,299.999969
2025-08-19 06:30:00,280.0
2025-08-19 06:45:00,150.000046
2025-08-19 07:00:00,149.999969
2025-08-19 07:15:00,149.000137
2025-08-19 07:30:00,130.000107
2025-08-19 07:45:00,122.979912
2025-08-19 08:00:00,51.46526
2025-08-19 08:15:00,28.13607
2025-08-19 08:30:00,8.772495
2025-08-19 08:45:00,8.966199
2025-08-19 09:00:00,7.714901
2025-08-19 09:15:00,7.736505
2025-08-19 09:30:00,25.324663
2025-08-19 09:45:00,41.026325
2025-08-19 10:00:00,56.303074
2025-08-19 10:15:00,56.226086
2025-08-19 10:30:00,50.69923
2025-08-19 10:45:00,53.655411
2025-08-19 11:00:00,99.473259
2025-08-19 11:15:00,60.080959
2025-08-19 11:30:00,81.739113
2025-08-19 11:45:00,69.635162
2025-08-19 12:00:00,112.000122
2025-08-19 12:15:00,105.352249
2025-08-19 12:30:00,105.413528
2025-08-19 12:45:00,77.574715
2025-08-19 13:00:00,105.871872
2025-08-19 13:15:00,114.314369
2025-08-19 13:30:00,99.515953
2025-08-19 13:45:00,125.513344
2025-08-19 14:00:00,145.660477
2025-08-19 14:15:00,146.184967
2025-08-19 14:30:00,149.084595
2025-08-19 14:45:00,126.852997
2025-08-19 15:00:00,122.400284
2025-08-19 15:15:00,87.931198
2025-08-19 15:30:00,76.541763
2025-08-19 15:45:00,116.788368
2025-08-19 16:00:00,112.682503
2025-08-19 16:15:00,147.570068
2025-08-19 16:30:00,156.996658
2025-08-19 16:45:00,298.950043
2025-08-19 17:00:00,304.403198
2025-08-19 17:15:00,364.452881
2025-08-19 17:30:00,345.677612
2025-08-19 17:45:00,428.617706
2025-08-19 18:00:00,437.424103
2025-08-19 18:15:00,435.698669
2025-08-19 18:30:00,439.200226
2025-08-19 18:45:00,437.896759
2025-08-19 19:00:00,439.188873
2025-08-19 19:15:00,440.793823
2025-08-19 19:30:00,448.310272
2025-08-19 19:45:00,446.548706
2025-08-19 20:00:00,459.077209
2025-08-19 20:15:00,449.820953
2025-08-19 20:30:00,450.996582
2025-08-19 20:45:00,445.895813
2025-08-19 21:00:00,441.938446
2025-08-19 21:15:00,443.867432
2025-08-19 21:30:00,439.916504
2025-08-19 21:45:00,434.999939
2025-08-19 22:00:00,431.766479
2025-08-19 22:15:00,433.047638
2025-08-19 22:30:00,427.508423
2025-08-19 22:45:00,429.799561
2025-08-19 23:00:00,434.220978
2025-08-19 23:15:00,431.288116
2025-08-19 23:30:00,396.037842
2025-08-19 23:45:00,390.362274
2025-08-20 00:00:00,431.843048
2025-08-20 00:15:00,451.421448
2025-08-20 00:30:00,439.471375
2025-08-20 00:45:00,437.828247
2025-08-20 01:00:00,435.831543
2025-08-20 01:15:00,357.154236
2025-08-20 01:30:00,323.781586
2025-08-20 01:45:00,303.477997
2025-08-20 02:00:00,302.657135
2025-08-20 02:15:00,301.692993
2025-08-20 02:30:00,303.184601
2025-08-20 02:45:00,300.258728
2025-08-20 03:00:00,301.963776
2025-08-20 03:15:00,292.229919
2025-08-20 03:30:00,282.681915
2025-08-20 03:45:00,283.092072
2025-08-20 04:00:00,243.925735
2025-08-20 04:15:00,249.157608
2025-08-20 04:30:00,193.270477
2025-08-20 04:45:00,194.308426
2025-08-20 05:00:00,177.404434
2025-08-20 05:15:00,176.30629
2025-08-20 05:30:00,151.816177
2025-08-20 05:45:00,151.795471
2025-08-20 06:00:00,152.32518
2025-08-20 06:15:00,152.171219
2025-08-20 06:30:00,152.141953
2025-08-20 06:45:00,150.000092
2025-08-20 07:00:00,135.000031
2025-08-20 07:15:00,126.400078
2025-08-20 07:30:00,81.385994
2025-08-20 07:45:00,60.803486
2025-08-20 08:00:00,5.684381
2025-08-20 08:15:00,2.325937
2025-08-20 08:30:00,8.421535
2025-08-20 08:45:00,7.527174
2025-08-20 09:00:00,10.94648
2025-08-20 09:15:00,11.216488
2025-08-20 09:30:00,11.244361
2025-08-20 09:45:00,6.289016
2025-08-20 10:00:00,10.317997
2025-08-20 10:15:00,13.361417
2025-08-20 10:30:00,13.617691
2025-08-20 10:45:00,34.3727
2025-08-20 11:00:00,61.317753
2025-08-20 11:15:00,67.142838
2025-08-20 11:30:00,70.953453
2025-08-20 11:45:00,103.142281
2025-08-20 12:00:00,132.048645
2025-08-20 12:15:00,151.178955
2025-08-20 12:30:00,148.537521
2025-08-20 12:45:00,127.532173
2025-08-20 13:00:00,135.594681
2025-08-20 13:15:00,113.573181
2025-08-20 13:30:00,111.736069
2025-08-20 13:45:00,108.131523
2025-08-20 14:00:00,127.331856
2025-08-20 14:15:00,162.592285
2025-08-20 14:30:00,150.249054
2025-08-20 14:45:00,165.754272
2025-08-20 15:00:00,170.912384
2025-08-20 15:15:00,154.558746
2025-08-20 15:30:00,158.358688
2025-08-20 15:45:00,158.997055
2025-08-20 16:00:00,160.559204
2025-08-20 16:15:00,161.562561
2025-08-20 16:30:00,177.243591
2025-08-20 16:45:00,294.501404
2025-08-20 17:00:00,298.020905
2025-08-20 17:15:00,298.011719
2025-08-20 17:30:00,299.435852
2025-08-20 17:45:00,306.145538
2025-08-20 18:00:00,328.570435
2025-08-20 18:15:00,397.806671
2025-08-20 18:30:00,429.763641
2025-08-20 18:45:00,431.667358
2025-08-20 19:00:00,396.057861
2025-08-20 19:15:00,437.264709
2025-08-20 19:30:00,442.662994
2025-08-20 19:45:00,442.554565
2025-08-20 20:00:00,465.515503
2025-08-20 20:15:00,455.042114
2025-08-20 20:30:00,464.395172
2025-08-20 20:45:00,454.94696
2025-08-20 21:00:00,455.763489
2025-08-20 21:15:00,449.957703
2025-08-20 21:30:00,444.042542
2025-08-20 21:45:00,442.348694
2025-08-20 22:00:00,443.718323
2025-08-20 22:15:00,441.24884
2025-08-20 22:30:00,431.039154
2025-08-20 22:45:00,430.802917
2025-08-20 23:00:00,430.442963
2025-08-20 23:15:00,426.050812
2025-08-20 23:30:00,423.669434
2025-08-20 23:45:00,325.569702
2025-08-21 00:00:00,389.989685
2025-08-21 00:15:00,428.403015
2025-08-21 00:30:00,345.577332
2025-08-21 00:45:00,300.838501
2025-08-21 01:00:00,290.072571
2025-08-21 01:15:00,287.352783
2025-08-21 01:30:00,287.00705
2025-08-21 01:45:00,287.027863
2025-08-21 02:00:00,296.276123
2025-08-21 02:15:00,295.745392
2025-08-21 02:30:00,304.471069
2025-08-21 02:45:00,296.570251
2025-08-21 03:00:00,292.508148
2025-08-21 03:15:00,291.450104
2025-08-21 03:30:00,287.13382
2025-08-21 03:45:00,286.866028
2025-08-21 04:00:00,285.937408
2025-08-21 04:15:00,282.997559
2025-08-21 04:30:00,280.18277
2025-08-21 04:45:00,251.021637
2025-08-21 05:00:00,261.58136
2025-08-21 05:15:00,204.282074
2025-08-21 05:30:00,221.75473
2025-08-21 05:45:00,222.46788
2025-08-21 06:00:00,248.595306
2025-08-21 06:15:00,205.265152
2025-08-21 06:30:00,152.214554
2025-08-21 06:45:00,152.091019
2025-08-21 07:00:00,149.999924
2025-08-21 07:15:00,152.038864
2025-08-21 07:30:00,137.131073
2025-08-21 07:45:00,121.703331
2025-08-21 08:00:00,114.064827
2025-08-21 08:15:00,70.633995
2025-08-21 08:30:00,16.31307
2025-08-21 08:45:00,8.324599
2025-08-21 09:00:00,16.160198
2025-08-21 09:15:00,9.927049
2025-08-21 09:30:00,10.229929
2025-08-21 09:45:00,10.387763
2025-08-21 10:00:00,44.425228
2025-08-21 10:15:00,73.376343
2025-08-21 10:30:00,92.554985
2025-08-21 10:45:00,147.701614
2025-08-21 11:00:00,149.194229
2025-08-21 11:15:00,143.368011
2025-08-21 11:30:00,142.104004
2025-08-21 11:45:00,141.405273
2025-08-21 12:00:00,150.845627
2025-08-21 12:15:00,158.536346
2025-08-21 12:30:00,157.260651
2025-08-21 12:45:00,161.453506
2025-08-21 13:00:00,188.437515
2025-08-21 13:15:00,158.137741
2025-08-21 13:30:00,158.572662
2025-08-21 13:45:00,153.13652
2025-08-21 14:00:00,158.14064
2025-08-21 14:15:00,158.602417
2025-08-21 14:30:00,159.39151
2025-08-21 14:45:00,161.33934
2025-08-21 15:00:00,164.987213
2025-08-21 15:15:00,153.159393
2025-08-21 15:30:00,153.660797
2025-08-21 15:45:00,148.845398
2025-08-21 16:00:00,153.507309
2025-08-21 16:15:00,158.76445
2025-08-21 16:30:00,159.083984
2025-08-21 16:45:00,159.319611
2025-08-21 17:00:00,220.877029
2025-08-21 17:15:00,289.953918
2025-08-21 17:30:00,295.685852
2025-08-21 17:45:00,338.087372
2025-08-21 18:00:00,421.72049
2025-08-21 18:15:00,421.957001
2025-08-21 18:30:00,370.143707
2025-08-21 18:45:00,370.149078
2025-08-21 19:00:00,364.309357
2025-08-21 19:15:00,429.526215
2025-08-21 19:30:00,441.594299
2025-08-21 19:45:00,419.726379
2025-08-21 20:00:00,428.99411
2025-08-21 20:15:00,423.9711
2025-08-21 20:30:00,431.875061
2025-08-21 20:45:00,430.848083
2025-08-21 21:00:00,423.442291
2025-08-21 21:15:00,423.625122
2025-08-21 21:30:00,420.27713
2025-08-21 21:45:00,340.543091
2025-08-21 22:00:00,312.343353
2025-08-21 22:15:00,314.264893
2025-08-21 22:30:00,325.233643
2025-08-21 22:45:00,340.272278
2025-08-21 23:00:00,393.989655
2025-08-21 23:15:00,387.004944
2025-08-21 23:30:00,399.812195
2025-08-21 23:45:00,296.386322
2025-08-22 00:00:00,409.145691
2025-08-22 00:15:00,409.373474
2025-08-22 00:30:00,408.275604
2025-08-22 00:45:00,319.751984
2025-08-22 01:00:00,312.835846
2025-08-22 01:15:00,307.010498
2025-08-22 01:30:00,295.809998
2025-08-22 01:45:00,291.128601
2025-08-22 02:00:00,293.4617
2025-08-22 02:15:00,293.121094
2025-08-22 02:30:00,292.846588
2025-08-22 02:45:00,289.070953
2025-08-22 03:00:00,286.769989
2025-08-22 03:15:00,281.69278
2025-08-22 03:30:00,267.735168
2025-08-22 03:45:00,255.029282
2025-08-22 04:00:00,253.121033
2025-08-22 04:15:00,202.921432
2025-08-22 04:30:00,202.874344
2025-08-22 04:45:00,154.856125
2025-08-22 05:00:00,202.951553
2025-08-22 05:15:00,198.592911
2025-08-22 05:30:00,175.544815
2025-08-22 05:45:00,152.826294
2025-08-22 06:00:00,151.503448
2025-08-22 06:15:00,151.511276
2025-08-22 06:30:00,151.294571
2025-08-22 06:45:00,151.044357
2025-08-22 07:00:00,152.386108
2025-08-22 07:15:00,136.0
2025-08-22 07:30:00,130.000031
2025-08-22 07:45:00,127.913269
2025-08-22 08:00:00,115.289978
2025-08-22 08:15:00,81.76841
2025-08-22 08:30:00,47.284462
2025-08-22 08:45:00,14.246323
2025-08-22 09:00:00,7.439587
2025-08-22 09:15:00,7.489279
2025-08-22 09:30:00,3.775238
2025-08-22 09:45:00,4.099715
2025-08-22 10:00:00,4.324287
2025-08-22 10:15:00,41.137016
2025-08-22 10:30:00,63.883923
2025-08-22 10:45:00,55.272423
2025-08-22 11:00:00,109.578972
2025-08-22 11:15:00,115.671036
2025-08-22 11:30:00,141.876694
2025-08-22 11:45:00,139.684784
2025-08-22 12:00:00,145.847092
2025-08-22 12:15:00,146.339279
2025-08-22 12:30:00,148.190506
2025-08-22 12:45:00,143.571045
2025-08-22 13:00:00,148.908798
2025-08-22 13:15:00,147.5728
2025-08-22 13:30:00,148.520233
2025-08-22 13:45:00,148.459213
2025-08-22 14:00:00,150.859512
2025-08-22 14:15:00,151.587723
2025-08-22 14:30:00,177.749893
2025-08-22 14:45:00,150.104599
2025-08-22 15:00:00,140.247513
2025-08-22 15:15:00,149.890488
2025-08-22 15:30:00,149.340576
2025-08-22 15:45:00,154.843201
2025-08-22 16:00:00,155.86496
2025-08-22 16:15:00,157.579346
2025-08-22 16:30:00,157.687714
2025-08-22 16:45:00,206.178741
2025-08-22 17:00:00,251.339584
2025-08-22 17:15:00,269.674652
2025-08-22 17:30:00,282.887146
2025-08-22 17:45:00,283.62439
2025-08-22 18:00:00,284.263489
2025-08-22 18:15:00,288.315247
2025-08-22 18:30:00,290.142517
2025-08-22 18:45:00,291.665558
2025-08-22 19:00:00,320.159515
2025-08-22 19:15:00,429.386902
2025-08-22 19:30:00,434.596313
2025-08-22 19:45:00,433.894714
2025-08-22 20:00:00,430.383209
2025-08-22 20:15:00,431.728241
2025-08-22 20:30:00,431.519135
2025-08-22 20:45:00,445.640686
2025-08-22 21:00:00,436.044128
2025-08-22 21:15:00,442.822968
2025-08-22 21:30:00,430.681549
2025-08-22 21:45:00,299.369629
2025-08-22 22:00:00,297.775574
2025-08-22 22:15:00,307.045166
2025-08-22 22:30:00,292.169464
2025-08-22 22:45:00,288.657928
2025-08-22 23:00:00,294.395081
2025-08-22 23:15:00,284.889801
2025-08-22 23:30:00,279.929626
2025-08-22 23:45:00,284.15741
2025-08-23 00:00:00,368.288605
2025-08-23 00:15:00,317.674988
2025-08-23 00:30:00,300.700317
2025-08-23 00:45:00,291.784058
2025-08-23 01:00:00,293.345245
2025-08-23 01:15:00,285.04068
2025-08-23 01:30:00,227.713593
2025-08-23 01:45:00,171.278397
2025-08-23 02:00:00,248.042374
2025-08-23 02:15:00,230.086166
2025-08-23 02:30:00,189.267868
2025-08-23 02:45:00,157.034912
2025-08-23 03:00:00,153.649811
2025-08-23 03:15:00,150.454849
2025-08-23 03:30:00,150.52002
2025-08-23 03:45:00,150.720749
2025-08-23 04:00:00,150.63678
2025-08-23 04:15:00,150.775818
2025-08-23 04:30:00,151.45401
2025-08-23 04:45:00,152.318558
2025-08-23 05:00:00,151.292221
2025-08-23 05:15:00,150.747559
2025-08-23 05:30:00,150.688263
2025-08-23 05:45:00,149.954529
2025-08-23 06:00:00,148.948227
2025-08-23 06:15:00,148.931717
2025-08-23 06:30:00,149.999969
2025-08-23 06:45:00,148.999878
2025-08-23 07:00:00,148.999969
2025-08-23 07:15:00,151.587204
2025-08-23 07:30:00,138.810501
2025-08-23 07:45:00,153.032516
2025-08-23 08:00:00,152.91214
2025-08-23 08:15:00,152.642288
2025-08-23 08:30:00,140.477112
2025-08-23 08:45:00,136.578506
2025-08-23 09:00:00,122.320656
2025-08-23 09:15:00,118.272057
2025-08-23 09:30:00,102.778435
2025-08-23 09:45:00,97.817322
2025-08-23 10:00:00,96.140961
2025-08-23 10:15:00,97.647392
2025-08-23 10:30:00,73.099197
2025-08-23 10:45:00,63.603794
2025-08-23 11:00:00,39.205307
2025-08-23 11:15:00,36.998539
2025-08-23 11:30:00,26.065741
2025-08-23 11:45:00,39.755325
2025-08-23 12:00:00,61.067837
2025-08-23 12:15:00,82.423729
2025-08-23 12:30:00,30.875444
2025-08-23 12:45:00,8.54897
2025-08-23 13:00:00,8.97328
2025-08-23 13:15:00,6.314948
2025-08-23 13:30:00,8.385771
2025-08-23 13:45:00,28.129814
2025-08-23 14:00:00,44.978561
2025-08-23 14:15:00,12.236012
2025-08-23 14:30:00,55.275509
2025-08-23 14:45:00,17.049864
2025-08-23 15:00:00,36.639439
2025-08-23 15:15:00,12.209664
2025-08-23 15:30:00,12.442622
2025-08-23 15:45:00,52.036587
2025-08-23 16:00:00,51.833324
2025-08-23 16:15:00,122.444901
2025-08-23 16:30:00,154.063507
2025-08-23 16:45:00,161.536026
2025-08-23 17:00:00,165.63179
2025-08-23 17:15:00,160.276047
2025-08-23 17:30:00,251.497803
2025-08-23 17:45:00,285.277313
2025-08-23 18:00:00,292.158752
2025-08-23 18:15:00,299.450439
2025-08-23 18:30:00,312.106903
2025-08-23 18:45:00,314.554443
2025-08-23 19:00:00,314.565521
2025-08-23 19:15:00,315.991608
2025-08-23 19:30:00,322.897491
2025-08-23 19:45:00,338.430359
2025-08-23 20:00:00,319.443176
2025-08-23 20:15:00,321.052704
2025-08-23 20:30:00,325.875488
2025-08-23 20:45:00,406.737946
2025-08-23 21:00:00,382.232758
2025-08-23 21:15:00,376.425232
2025-08-23 21:30:00,394.068878
2025-08-23 21:45:00,366.371704
2025-08-23 22:00:00,336.066223
2025-08-23 22:15:00,340.497314
2025-08-23 22:30:00,333.51181
2025-08-23 22:45:00,301.852539
2025-08-23 23:00:00,296.301147
2025-08-23 23:15:00,288.390472
2025-08-23 23:30:00,295.705231
2025-08-23 23:45:00,290.638763
2025-08-24 00:00:00,407.046783
2025-08-24 00:15:00,414.219238
2025-08-24 00:30:00,417.376404
2025-08-24 00:45:00,339.272705
2025-08-24 01:00:00,305.672211
2025-08-24 01:15:00,292.561127
2025-08-24 01:30:00,285.43396
2025-08-24 01:45:00,280.976166
2025-08-24 02:00:00,278.968262
2025-08-24 02:15:00,260.473969
2025-08-24 02:30:00,257.923035
2025-08-24 02:45:00,198.093338
2025-08-24 03:00:00,149.140076
2025-08-24 03:15:00,151.710159
2025-08-24 03:30:00,149.571518
2025-08-24 03:45:00,148.859528
2025-08-24 04:00:00,149.212784
2025-08-24 04:15:00,149.321915
2025-08-24 04:30:00,149.139984
2025-08-24 04:45:00,149.29657
2025-08-24 05:00:00,149.227524
2025-08-24 05:15:00,149.34993
2025-08-24 05:30:00,149.237778
2025-08-24 05:45:00,149.168686
2025-08-24 06:00:00,147.656082
2025-08-24 06:15:00,147.008041
2025-08-24 06:30:00,146.256348
2025-08-24 06:45:00,146.532104
2025-08-24 07:00:00,140.702209
2025-08-24 07:15:00,132.661118
2025-08-24 07:30:00,127.596588
2025-08-24 07:45:00,135.804092
2025-08-24 08:00:00,147.690338
2025-08-24 08:15:00,151.430893
2025-08-24 08:30:00,151.373032
2025-08-24 08:45:00,128.291901
2025-08-24 09:00:00,118.280258
2025-08-24 09:15:00,112.276192
2025-08-24 09:30:00,105.468819
2025-08-24 09:45:00,117.527916
2025-08-24 10:00:00,131.014297
2025-08-24 10:15:00,121.794395
2025-08-24 10:30:00,89.105019
2025-08-24 10:45:00,99.896416
2025-08-24 11:00:00,101.384254
2025-08-24 11:15:00,91.035469
2025-08-24 11:30:00,117.931396
2025-08-24 11:45:00,135.901428
2025-08-24 12:00:00,140.289688
2025-08-24 12:15:00,149.839157
2025-08-24 12:30:00,149.772141
2025-08-24 12:45:00,134.718048
2025-08-24 13:00:00,120.673683
2025-08-24 13:15:00,116.83197
2025-08-24 13:30:00,107.91394
2025-08-24 13:45:00,105.367126
2025-08-24 14:00:00,118.375473
2025-08-24 14:15:00,136.660324
2025-08-24 14:30:00,153.978958
2025-08-24 14:45:00,141.124222
2025-08-24 15:00:00,155.401016
2025-08-24 15:15:00,127.062798
2025-08-24 15:30:00,134.580322
2025-08-24 15:45:00,142.259155
2025-08-24 16:00:00,147.951248
2025-08-24 16:15:00,150.818924
2025-08-24 16:30:00,290.375183
2025-08-24 16:45:00,296.799622
2025-08-24 17:00:00,318.969666
2025-08-24 17:15:00,371.318237
2025-08-24 17:30:00,435.409424
2025-08-24 17:45:00,439.224884
2025-08-24 18:00:00,445.64035
2025-08-24 18:15:00,446.702545
2025-08-24 18:30:00,450.109985
2025-08-24 18:45:00,445.470184
2025-08-24 19:00:00,449.641693
2025-08-24 19:15:00,466.893463
2025-08-24 19:30:00,471.378876
2025-08-24 19:45:00,471.672241
2025-08-24 20:00:00,471.615936
2025-08-24 20:15:00,470.840332
2025-08-24 20:30:00,471.126587
2025-08-24 20:45:00,465.112366
2025-08-24 21:00:00,464.921722
2025-08-24 21:15:00,463.466339
2025-08-24 21:30:00,461.780548
2025-08-24 21:45:00,462.388947
2025-08-24 22:00:00,461.478363
2025-08-24 22:15:00,458.519806
2025-08-24 22:30:00,447.613312
2025-08-24 22:45:00,445.609314
2025-08-24 23:00:00,448.066528
2025-08-24 23:15:00,445.704224
2025-08-24 23:30:00,432.980164
2025-08-24 23:45:00,431.463989
2025-08-25 00:00:00,452.595886
2025-08-25 00:15:00,450.404053
2025-08-25 00:30:00,448.070892
2025-08-25 00:45:00,445.933289
2025-08-25 01:00:00,435.107483
2025-08-25 01:15:00,429.674652
2025-08-25 01:30:00,427.455414
2025-08-25 01:45:00,391.589264
2025-08-25 02:00:00,410.685822
2025-08-25 02:15:00,390.331482
2025-08-25 02:30:00,392.541931
2025-08-25 02:45:00,350.000092
2025-08-25 03:00:00,311.969482
2025-08-25 03:15:00,297.290253
2025-08-25 03:30:00,297.227631
2025-08-25 03:45:00,284.518799
2025-08-25 04:00:00,284.429901
2025-08-25 04:15:00,283.832703
2025-08-25 04:30:00,281.687622
2025-08-25 04:45:00,282.088806
2025-08-25 05:00:00,282.142914
2025-08-25 05:15:00,280.418304
2025-08-25 05:30:00,282.65274
2025-08-25 05:45:00,282.303894
2025-08-25 06:00:00,284.199249
2025-08-25 06:15:00,284.727509
2025-08-25 06:30:00,280.226166
2025-08-25 06:45:00,256.888306
2025-08-25 07:00:00,221.576385
2025-08-25 07:15:00,219.999985
2025-08-25 07:30:00,150.000046
2025-08-25 07:45:00,150.751205
2025-08-25 08:00:00,158.036606
2025-08-25 08:15:00,150.612991
2025-08-25 08:30:00,150.86203
2025-08-25 08:45:00,151.503036
2025-08-25 09:00:00,158.818237
2025-08-25 09:15:00,155.350403
2025-08-25 09:30:00,139.465317
2025-08-25 09:45:00,139.355255
2025-08-25 10:00:00,143.834122
2025-08-25 10:15:00,139.910187
2025-08-25 10:30:00,142.112503
2025-08-25 10:45:00,142.147812
2025-08-25 11:00:00,140.837906
2025-08-25 11:15:00,135.204514
2025-08-25 11:30:00,136.199326
2025-08-25 11:45:00,140.946518
2025-08-25 12:00:00,139.821808
2025-08-25 12:15:00,152.456619
2025-08-25 12:30:00,155.501221
2025-08-25 12:45:00,151.010773
2025-08-25 13:00:00,151.04422
2025-08-25 13:15:00,155.912857
2025-08-25 13:30:00,157.671829
2025-08-25 13:45:00,215.294632
2025-08-25 14:00:00,252.443619
2025-08-25 14:15:00,288.657166
2025-08-25 14:30:00,308.376343
2025-08-25 14:45:00,324.222809
2025-08-25 15:00:00,325.04541
2025-08-25 15:15:00,326.257782
2025-08-25 15:30:00,326.004578
2025-08-25 15:45:00,296.504791
2025-08-25 16:00:00,370.959503
2025-08-25 16:15:00,441.060883
2025-08-25 16:30:00,440.546661
2025-08-25 16:45:00,440.990997
2025-08-25 17:00:00,444.682373
2025-08-25 17:15:00,445.894165
2025-08-25 17:30:00,459.063324
2025-08-25 17:45:00,456.526215
2025-08-25 18:00:00,410.467743
2025-08-25 18:15:00,448.707062
2025-08-25 18:30:00,445.808044
2025-08-25 18:45:00,450.389709
2025-08-25 19:00:00,449.115692
2025-08-25 19:15:00,466.181732
2025-08-25 19:30:00,468.546356
2025-08-25 19:45:00,469.525391
2025-08-25 20:00:00,471.265717
2025-08-25 20:15:00,470.159698
2025-08-25 20:30:00,468.141388
2025-08-25 20:45:00,452.792725
2025-08-25 21:00:00,446.350342
2025-08-25 21:15:00,449.219971
2025-08-25 21:30:00,441.062012
2025-08-25 21:45:00,441.471802
2025-08-25 22:00:00,362.003754
2025-08-25 22:15:00,417.191895
2025-08-25 22:30:00,433.955231
2025-08-25 22:45:00,424.644348
2025-08-25 23:00:00,435.009674
2025-08-25 23:15:00,426.738342
2025-08-25 23:30:00,373.031738
2025-08-25 23:45:00,352.823639
2025-08-26 00:00:00,427.588287
2025-08-26 00:15:00,431.436676
2025-08-26 00:30:00,427.689026
2025-08-26 00:45:00,420.395294
2025-08-26 01:00:00,355.167847
2025-08-26 01:15:00,328.413361
2025-08-26 01:30:00,298.915924
2025-08-26 01:45:00,291.724152
2025-08-26 02:00:00,298.819153
2025-08-26 02:15:00,300.210419
2025-08-26 02:30:00,303.281067
2025-08-26 02:45:00,298.128845
2025-08-26 03:00:00,289.535278
2025-08-26 03:15:00,285.541809
2025-08-26 03:30:00,283.100586
2025-08-26 03:45:00,281.454926
2025-08-26 04:00:00,281.380524
2025-08-26 04:15:00,270.635742
2025-08-26 04:30:00,282.07901
2025-08-26 04:45:00,281.527954
2025-08-26 05:00:00,283.457031
2025-08-26 05:15:00,281.624542
2025-08-26 05:30:00,281.740814
2025-08-26 05:45:00,266.10199
2025-08-26 06:00:00,282.4534
2025-08-26 06:15:00,283.317932
2025-08-26 06:30:00,257.997711
2025-08-26 06:45:00,210.317352
2025-08-26 07:00:00,231.739349
2025-08-26 07:15:00,196.332611
2025-08-26 07:30:00,151.705719
2025-08-26 07:45:00,155.526642
2025-08-26 08:00:00,155.615173
2025-08-26 08:15:00,157.255005
2025-08-26 08:30:00,161.611313
2025-08-26 08:45:00,153.370819
2025-08-26 09:00:00,158.107803
2025-08-26 09:15:00,147.139679
2025-08-26 09:30:00,139.089096
2025-08-26 09:45:00,139.646423
2025-08-26 10:00:00,154.244141
2025-08-26 10:15:00,152.281677
2025-08-26 10:30:00,156.366867
2025-08-26 10:45:00,148.935562
2025-08-26 11:00:00,149.661148
2025-08-26 11:15:00,147.177948
2025-08-26 11:30:00,146.912338
2025-08-26 11:45:00,119.188362
2025-08-26 12:00:00,134.96611
2025-08-26 12:15:00,136.321732
2025-08-26 12:30:00,144.218704
2025-08-26 12:45:00,138.716812
2025-08-26 13:00:00,137.722672
2025-08-26 13:15:00,126.68483
2025-08-26 13:30:00,126.0672
2025-08-26 13:45:00,114.770393
2025-08-26 14:00:00,73.719284
2025-08-26 14:15:00,71.286682
2025-08-26 14:30:00,93.992897
2025-08-26 14:45:00,76.372795
2025-08-26 15:00:00,76.950226
2025-08-26 15:15:00,69.471466
2025-08-26 15:30:00,134.564423
2025-08-26 15:45:00,141.012924
2025-08-26 16:00:00,153.669662
2025-08-26 16:15:00,243.308746
2025-08-26 16:30:00,268.631134
2025-08-26 16:45:00,281.495728
2025-08-26 17:00:00,292.280151
2025-08-26 17:15:00,400.081207
2025-08-26 17:30:00,421.962921
2025-08-26 17:45:00,440.555023
2025-08-26 18:00:00,443.108521
2025-08-26 18:15:00,439.131561
2025-08-26 18:30:00,398.07251
2025-08-26 18:45:00,345.353638
2025-08-26 19:00:00,330.802704
2025-08-26 19:15:00,381.459686
2025-08-26 19:30:00,435.015076
2025-08-26 19:45:00,444.422913
2025-08-26 20:00:00,446.519623
2025-08-26 20:15:00,441.443604
2025-08-26 20:30:00,442.583649
2025-08-26 20:45:00,415.016327
2025-08-26 21:00:00,416.361084
2025-08-26 21:15:00,337.200745
2025-08-26 21:30:00,326.599792
2025-08-26 21:45:00,319.962158
2025-08-26 22:00:00,318.215729
2025-08-26 22:15:00,320.500519
2025-08-26 22:30:00,326.777252
2025-08-26 22:45:00,349.380157
2025-08-26 23:00:00,425.929596
2025-08-26 23:15:00,425.308441
2025-08-26 23:30:00,395.109161
2025-08-26 23:45:00,386.777283
2025-08-27 00:00:00,411.517426
2025-08-27 00:15:00,456.740051
2025-08-27 00:30:00,356.729004
2025-08-27 00:45:00,335.293488
2025-08-27 01:00:00,321.788818
2025-08-27 01:15:00,311.118134
2025-08-27 01:30:00,304.402588
2025-08-27 01:45:00,304.37677
2025-08-27 02:00:00,304.687653
2025-08-27 02:15:00,304.412018
2025-08-27 02:30:00,307.952301
2025-08-27 02:45:00,298.870361
2025-08-27 03:00:00,289.91095
2025-08-27 03:15:00,271.115875
2025-08-27 03:30:00,272.406799
2025-08-27 03:45:00,271.058502
2025-08-27 04:00:00,253.701202
2025-08-27 04:15:00,170.192017
2025-08-27 04:30:00,158.620834
2025-08-27 04:45:00,158.640076
2025-08-27 05:00:00,158.718903
2025-08-27 05:15:00,160.678207
2025-08-27 05:30:00,160.754135
2025-08-27 05:45:00,161.263565
2025-08-27 06:00:00,160.469193
2025-08-27 06:15:00,160.819382
2025-08-27 06:30:00,155.7379
2025-08-27 06:45:00,150.000092
2025-08-27 07:00:00,122.698677
2025-08-27 07:15:00,133.737762
2025-08-27 07:30:00,122.264641
2025-08-27 07:45:00,121.779434
2025-08-27 08:00:00,110.543526
2025-08-27 08:15:00,94.711334
2025-08-27 08:30:00,62.771854
2025-08-27 08:45:00,25.284782
2025-08-27 09:00:00,8.111775
2025-08-27 09:15:00,7.818328
2025-08-27 09:30:00,7.724582
2025-08-27 09:45:00,7.550286
2025-08-27 10:00:00,7.334528
2025-08-27 10:15:00,6.917979
2025-08-27 10:30:00,7.993575
2025-08-27 10:45:00,24.760195
2025-08-27 11:00:00,41.867001
2025-08-27 11:15:00,31.918158
2025-08-27 11:30:00,49.504517
2025-08-27 11:45:00,32.224686
2025-08-27 12:00:00,36.218952
2025-08-27 12:15:00,62.013275
2025-08-27 12:30:00,61.115963
2025-08-27 12:45:00,61.929409
2025-08-27 13:00:00,60.929184
2025-08-27 13:15:00,63.957157
2025-08-27 13:30:00,64.859406
2025-08-27 13:45:00,55.650421
2025-08-27 14:00:00,67.521271
2025-08-27 14:15:00,52.887569
2025-08-27 14:30:00,53.095413
2025-08-27 14:45:00,58.551949
2025-08-27 15:00:00,53.37933
2025-08-27 15:15:00,46.392448
2025-08-27 15:30:00,51.884785
2025-08-27 15:45:00,62.189774
2025-08-27 16:00:00,150.394318
2025-08-27 16:15:00,157.016418
2025-08-27 16:30:00,179.686584
2025-08-27 16:45:00,238.878967
2025-08-27 17:00:00,304.957947
2025-08-27 17:15:00,311.624207
2025-08-27 17:30:00,330.162506
2025-08-27 17:45:00,391.814423
2025-08-27 18:00:00,414.21228
2025-08-27 18:15:00,426.751617
2025-08-27 18:30:00,399.246704
2025-08-27 18:45:00,445.337006
2025-08-27 19:00:00,396.255798
2025-08-27 19:15:00,345.853882
2025-08-27 19:30:00,417.667725
2025-08-27 19:45:00,390.495239
2025-08-27 20:00:00,360.091187
2025-08-27 20:15:00,353.69278
2025-08-27 20:30:00,351.104614
2025-08-27 20:45:00,352.030396
2025-08-27 21:00:00,354.087433
2025-08-27 21:15:00,336.264221
2025-08-27 21:30:00,301.735657
2025-08-27 21:45:00,221.823166
2025-08-27 22:00:00,195.948273
2025-08-27 22:15:00,207.300583
2025-08-27 22:30:00,198.029282
2025-08-27 22:45:00,266.982941
2025-08-27 23:00:00,306.096375
2025-08-27 23:15:00,304.360229
2025-08-27 23:30:00,303.088776
2025-08-27 23:45:00,299.515259
2025-08-28 00:00:00,329.435059
2025-08-28 00:15:00,326.598663
2025-08-28 00:30:00,323.109283
2025-08-28 00:45:00,314.786011
2025-08-28 01:00:00,313.470306
2025-08-28 01:15:00,309.442932
2025-08-28 01:30:00,297.528748
2025-08-28 01:45:00,289.543304
2025-08-28 02:00:00,301.402588
2025-08-28 02:15:00,293.393768
2025-08-28 02:30:00,292.235565
2025-08-28 02:45:00,288.309143
2025-08-28 03:00:00,266.385803
2025-08-28 03:15:00,170.978622
2025-08-28 03:30:00,161.806061
2025-08-28 03:45:00,150.51767
2025-08-28 04:00:00,150.39006
2025-08-28 04:15:00,150.34021
2025-08-28 04:30:00,150.418655
2025-08-28 04:45:00,150.530197
2025-08-28 05:00:00,151.426559
2025-08-28 05:15:00,151.442444
2025-08-28 05:30:00,151.510132
2025-08-28 05:45:00,151.445679
2025-08-28 06:00:00,151.738052
2025-08-28 06:15:00,151.792007
2025-08-28 06:30:00,151.819336
2025-08-28 06:45:00,132.987137
2025-08-28 07:00:00,132.135208
2025-08-28 07:15:00,123.015961
2025-08-28 07:30:00,49.604725
2025-08-28 07:45:00,14.939032
2025-08-28 08:00:00,7.024419
2025-08-28 08:15:00,7.817889
2025-08-28 08:30:00,8.195529
2025-08-28 08:45:00,8.216441
2025-08-28 09:00:00,6.726585
2025-08-28 09:15:00,7.586888
2025-08-28 09:30:00,6.253762
2025-08-28 09:45:00,6.087264
2025-08-28 10:00:00,5.764528
2025-08-28 10:15:00,5.661054
2025-08-28 10:30:00,5.551861
2025-08-28 10:45:00,14.866883
2025-08-28 11:00:00,42.174633
2025-08-28 11:15:00,46.684036
2025-08-28 11:30:00,46.48457
2025-08-28 11:45:00,45.480106
2025-08-28 12:00:00,50.220139
2025-08-28 12:15:00,73.010674
2025-08-28 12:30:00,59.157806
2025-08-28 12:45:00,68.143753
2025-08-28 13:00:00,72.993225
2025-08-28 13:15:00,57.216988
2025-08-28 13:30:00,77.413612
2025-08-28 13:45:00,75.306946
2025-08-28 14:00:00,73.745163
2025-08-28 14:15:00,104.050117
2025-08-28 14:30:00,149.313248
2025-08-28 14:45:00,139.745483
2025-08-28 15:00:00,168.054413
2025-08-28 15:15:00,153.843445
2025-08-28 15:30:00,156.637817
2025-08-28 15:45:00,157.165726
2025-08-28 16:00:00,169.452927
2025-08-28 16:15:00,266.565613
2025-08-28 16:30:00,309.470917
2025-08-28 16:45:00,318.779999
2025-08-28 17:00:00,403.740356
2025-08-28 17:15:00,401.832184
2025-08-28 17:30:00,449.920044
2025-08-28 17:45:00,472.093292
2025-08-28 18:00:00,474.286285
2025-08-28 18:15:00,475.685577
2025-08-28 18:30:00,475.324463
2025-08-28 18:45:00,473.474091
2025-08-28 19:00:00,472.281006
2025-08-28 19:15:00,474.445679
2025-08-28 19:30:00,477.025513
2025-08-28 19:45:00,473.870148
2025-08-28 20:00:00,485.064331
2025-08-28 20:15:00,484.858643
2025-08-28 20:30:00,482.909668
2025-08-28 20:45:00,475.719666
2025-08-28 21:00:00,461.155396
2025-08-28 21:15:00,481.014465
2025-08-28 21:30:00,460.374542
2025-08-28 21:45:00,407.367188
2025-08-28 22:00:00,393.891785
2025-08-28 22:15:00,397.031433
2025-08-28 22:30:00,459.895996
2025-08-28 22:45:00,461.738251
2025-08-28 23:00:00,464.747009
2025-08-28 23:15:00,463.067291
2025-08-28 23:30:00,464.958618
2025-08-28 23:45:00,462.88266
2025-08-29 00:00:00,482.154846
2025-08-29 00:15:00,479.062897
2025-08-29 00:30:00,480.103607
2025-08-29 00:45:00,477.855896
2025-08-29 01:00:00,472.002686
2025-08-29 01:15:00,471.182404
2025-08-29 01:30:00,461.207397
2025-08-29 01:45:00,462.141785
2025-08-29 02:00:00,465.175537
2025-08-29 02:15:00,462.150787
2025-08-29 02:30:00,462.154449
2025-08-29 02:45:00,458.236237
2025-08-29 03:00:00,456.051361
2025-08-29 03:15:00,349.099609
2025-08-29 03:30:00,324.064606
2025-08-29 03:45:00,314.037323
2025-08-29 04:00:00,313.01712
2025-08-29 04:15:00,309.998291
2025-08-29 04:30:00,308.094147
2025-08-29 04:45:00,308.081848
2025-08-29 05:00:00,308.002106
2025-08-29 05:15:00,307.990448
2025-08-29 05:30:00,301.171173
2025-08-29 05:45:00,306.082092
2025-08-29 06:00:00,308.641113
2025-08-29 06:15:00,246.82193
2025-08-29 06:30:00,201.742554
2025-08-29 06:45:00,191.744217
2025-08-29 07:00:00,160.933624
2025-08-29 07:15:00,139.063644
2025-08-29 07:30:00,102.932739
2025-08-29 07:45:00,109.024742
2025-08-29 08:00:00,108.452934
2025-08-29 08:15:00,121.707268
2025-08-29 08:30:00,107.429794
2025-08-29 08:45:00,131.497864
2025-08-29 09:00:00,104.971397
2025-08-29 09:15:00,101.06646
2025-08-29 09:30:00,75.755486
2025-08-29 09:45:00,65.212219
2025-08-29 10:00:00,80.858879
2025-08-29 10:15:00,89.626999
2025-08-29 10:30:00,78.674942
2025-08-29 10:45:00,90.413315
2025-08-29 11:00:00,122.559181
2025-08-29 11:15:00,91.032906
2025-08-29 11:30:00,86.683357
2025-08-29 11:45:00,90.504593
2025-08-29 12:00:00,152.904968
2025-08-29 12:15:00,140.525925
2025-08-29 12:30:00,119.199867
2025-08-29 12:45:00,107.32563
2025-08-29 13:00:00,134.008926
2025-08-29 13:15:00,128.931702
2025-08-29 13:30:00,129.303131
2025-08-29 13:45:00,154.508087
2025-08-29 14:00:00,163.248138
2025-08-29 14:15:00,151.117599
2025-08-29 14:30:00,136.894989
2025-08-29 14:45:00,209.003113
2025-08-29 15:00:00,223.666214
2025-08-29 15:15:00,306.511078
2025-08-29 15:30:00,314.872925
2025-08-29 15:45:00,347.349548
2025-08-29 16:00:00,463.885437
2025-08-29 16:15:00,469.098694
2025-08-29 16:30:00,466.766724
2025-08-29 16:45:00,469.586395
2025-08-29 17:00:00,466.451874
2025-08-29 17:15:00,459.709473
2025-08-29 17:30:00,336.224548
2025-08-29 17:45:00,335.50528
2025-08-29 18:00:00,340.045685
2025-08-29 18:15:00,332.037842
2025-08-29 18:30:00,335.066711
2025-08-29 18:45:00,326.965088
2025-08-29 19:00:00,332.37854
2025-08-29 19:15:00,336.555176
2025-08-29 19:30:00,459.913391
2025-08-29 19:45:00,342.603149
2025-08-29 20:00:00,341.646698
2025-08-29 20:15:00,338.781189
2025-08-29 20:30:00,338.660187
2025-08-29 20:45:00,333.783752
2025-08-29 21:00:00,334.870056
2025-08-29 21:15:00,291.683319
2025-08-29 21:30:00,232.966766
2025-08-29 21:45:00,231.183289
2025-08-29 22:00:00,215.014084
2025-08-29 22:15:00,205.404694
2025-08-29 22:30:00,204.800446
2025-08-29 22:45:00,251.281693
2025-08-29 23:00:00,311.437805
2025-08-29 23:15:00,307.062988
2025-08-29 23:30:00,304.910339
2025-08-29 23:45:00,203.480881
2025-08-30 00:00:00,323.406982
2025-08-30 00:15:00,323.440216
2025-08-30 00:30:00,313.430695
2025-08-30 00:45:00,313.67804
2025-08-30 01:00:00,312.182068
2025-08-30 01:15:00,299.000122
2025-08-30 01:30:00,271.000092
2025-08-30 01:45:00,266.340668
2025-08-30 02:00:00,268.999969
2025-08-30 02:15:00,260.475616
2025-08-30 02:30:00,269.000061
2025-08-30 02:45:00,225.641174
2025-08-30 03:00:00,202.991608
2025-08-30 03:15:00,181.268494
2025-08-30 03:30:00,180.129364
2025-08-30 03:45:00,176.382828
2025-08-30 04:00:00,174.023346
2025-08-30 04:15:00,171.57901
2025-08-30 04:30:00,167.831604
2025-08-30 04:45:00,168.075485
2025-08-30 05:00:00,169.199326
2025-08-30 05:15:00,166.439423
2025-08-30 05:30:00,153.543777
2025-08-30 05:45:00,153.423782
2025-08-30 06:00:00,142.94664
2025-08-30 06:15:00,73.611855
2025-08-30 06:30:00,47.000004
2025-08-30 06:45:00,40.117081
2025-08-30 07:00:00,20.581469
2025-08-30 07:15:00,21.52286
2025-08-30 07:30:00,5.48192
2025-08-30 07:45:00,7.583925
2025-08-30 08:00:00,7.744483
2025-08-30 08:15:00,28.467764
2025-08-30 08:30:00,28.476402
2025-08-30 08:45:00,27.667479
2025-08-30 09:00:00,7.817201
2025-08-30 09:15:00,8.3584
2025-08-30 09:30:00,9.084961
2025-08-30 09:45:00,5.108936
2025-08-30 10:00:00,4.961067
2025-08-30 10:15:00,2.266698
2025-08-30 10:30:00,2.251393
2025-08-30 10:45:00,4.925208
2025-08-30 11:00:00,4.964478
2025-08-30 11:15:00,5.048696
2025-08-30 11:30:00,4.979785
2025-08-30 11:45:00,5.025566
2025-08-30 12:00:00,4.859352
2025-08-30 12:15:00,4.777146
2025-08-30 12:30:00,4.628233
2025-08-30 12:45:00,17.560238
2025-08-30 13:00:00,13.737582
2025-08-30 13:15:00,18.053791
2025-08-30 13:30:00,18.116014
2025-08-30 13:45:00,18.339863
2025-08-30 14:00:00,18.54353
2025-08-30 14:15:00,18.253782
2025-08-30 14:30:00,38.990417
2025-08-30 14:45:00,43.51268
2025-08-30 15:00:00,163.232834
2025-08-30 15:15:00,185.436707
2025-08-30 15:30:00,205.358307
2025-08-30 15:45:00,230.146301
2025-08-30 16:00:00,285.142303
2025-08-30 16:15:00,313.866364
2025-08-30 16:30:00,330.790009
2025-08-30 16:45:00,319.666504
2025-08-30 17:00:00,336.753418
2025-08-30 17:15:00,337.663757
2025-08-30 17:30:00,334.557068
2025-08-30 17:45:00,333.747711
2025-08-30 18:00:00,332.057953
2025-08-30 18:15:00,338.411499
2025-08-30 18:30:00,334.188934
2025-08-30 18:45:00,318.674896
2025-08-30 19:00:00,331.898346
2025-08-30 19:15:00,331.89386
2025-08-30 19:30:00,338.499084
2025-08-30 19:45:00,332.741669
2025-08-30 20:00:00,323.555054
2025-08-30 20:15:00,324.350525
2025-08-30 20:30:00,294.10321
2025-08-30 20:45:00,295.123138
2025-08-30 21:00:00,270.632843
2025-08-30 21:15:00,224.131042
2025-08-30 21:30:00,167.797485
2025-08-30 21:45:00,170.713379
2025-08-30 22:00:00,137.425323
2025-08-30 22:15:00,165.775375
2025-08-30 22:30:00,171.769165
2025-08-30 22:45:00,215.842911
2025-08-30 23:00:00,276.788544
2025-08-30 23:15:00,293.560974
2025-08-30 23:30:00,265.854706
2025-08-30 23:45:00,257.45578
2025-08-31 00:00:00,277.000092
2025-08-31 00:15:00,295.000092
2025-08-31 00:30:00,294.079956
2025-08-31 00:45:00,231.01001
2025-08-31 01:00:00,218.750763
2025-08-31 01:15:00,193.87529
2025-08-31 01:30:00,173.864548
2025-08-31 01:45:00,169.128616
2025-08-31 02:00:00,176.0
2025-08-31 02:15:00,169.09996
2025-08-31 02:30:00,169.300018
2025-08-31 02:45:00,171.000031
2025-08-31 03:00:00,169.09993
2025-08-31 03:15:00,169.000076
2025-08-31 03:30:00,166.999985
2025-08-31 03:45:00,150.000076
2025-08-31 04:00:00,146.000046
2025-08-31 04:15:00,127.000023
2025-08-31 04:30:00,146.000046
2025-08-31 04:45:00,137.020126
2025-08-31 05:00:00,146.000015
2025-08-31 05:15:00,146.000031
2025-08-31 05:30:00,128.999985
2025-08-31 05:45:00,69.000008
2025-08-31 06:00:00,59.000004
2025-08-31 06:15:00,51.600067
2025-08-31 06:30:00,44.999973
2025-08-31 06:45:00,39.999989
2025-08-31 07:00:00,20.761057
2025-08-31 07:15:00,20.751244
2025-08-31 07:30:00,1.548861
2025-08-31 07:45:00,1.508908
2025-08-31 08:00:00,9.769257
2025-08-31 08:15:00,9.293926
2025-08-31 08:30:00,37.762222
2025-08-31 08:45:00,35.366589
2025-08-31 09:00:00,26.761314
2025-08-31 09:15:00,30.211641
2025-08-31 09:30:00,29.243671
2025-08-31 09:45:00,10.056039
2025-08-31 10:00:00,9.946024
2025-08-31 10:15:00,9.677024
2025-08-31 10:30:00,9.815618
2025-08-31 10:45:00,10.146089
2025-08-31 11:00:00,10.170543
2025-08-31 11:15:00,9.809936
2025-08-31 11:30:00,9.69332
2025-08-31 11:45:00,9.150454
2025-08-31 12:00:00,2.497595
2025-08-31 12:15:00,26.900824
2025-08-31 12:30:00,64.37085
2025-08-31 12:45:00,63.302601
2025-08-31 13:00:00,64.694077
2025-08-31 13:15:00,37.286575
2025-08-31 13:30:00,39.674324
2025-08-31 13:45:00,10.345518
2025-08-31 14:00:00,10.994643
2025-08-31 14:15:00,2.769831
2025-08-31 14:30:00,8.863515
2025-08-31 14:45:00,8.79144
2025-08-31 15:00:00,27.679876
2025-08-31 15:15:00,8.993406
2025-08-31 15:30:00,29.022127
2025-08-31 15:45:00,9.184391
2025-08-31 16:00:00,9.367136
2025-08-31 16:15:00,38.227901
2025-08-31 16:30:00,80.436867
2025-08-31 16:45:00,145.536575
2025-08-31 17:00:00,172.858963
2025-08-31 17:15:00,288.186157
2025-08-31 17:30:00,303.647308
2025-08-31 17:45:00,303.055084
2025-08-31 18:00:00,305.739044
2025-08-31 18:15:00,309.247803
2025-08-31 18:30:00,321.655365
2025-08-31 18:45:00,321.603607
2025-08-31 19:00:00,324.383087
2025-08-31 19:15:00,324.422089
2025-08-31 19:30:00,326.868011
2025-08-31 19:45:00,324.086639
2025-08-31 20:00:00,331.586151
2025-08-31 20:15:00,333.132172
2025-08-31 20:30:00,323.882782
2025-08-31 20:45:00,323.639832
2025-08-31 21:00:00,322.161499
2025-08-31 21:15:00,321.246979
2025-08-31 21:30:00,310.036591
2025-08-31 21:45:00,316.676422
2025-08-31 22:00:00,304.318878
2025-08-31 22:15:00,309.121429
2025-08-31 22:30:00,322.449432
2025-08-31 22:45:00,330.412354
2025-08-31 23:00:00,335.231384
2025-08-31 23:15:00,335.000183
2025-08-31 23:30:00,335.000092
2025-08-31 23:45:00,324.999878
2025-09-01 00:00:00,362.506744
2025-09-01 00:15:00,360.498962
2025-09-01 00:30:00,340.999969
2025-09-01 00:45:00,343.000031
2025-09-01 01:00:00,341.000061
2025-09-01 01:15:00,340.999969
2025-09-01 01:30:00,339.150024
2025-09-01 01:45:00,339.100128
2025-09-01 02:00:00,339.100098
2025-09-01 02:15:00,339.050293
2025-09-01 02:30:00,339.050049
2025-09-01 02:45:00,339.050018
2025-09-01 03:00:00,336.999908
2025-09-01 03:15:00,337.000122
2025-09-01 03:30:00,336.000031
2025-09-01 03:45:00,334.782471
2025-09-01 04:00:00,324.938232
2025-09-01 04:15:00,322.969177
2025-09-01 04:30:00,324.93811
2025-09-01 04:45:00,322.694611
2025-09-01 05:00:00,332.537231
2025-09-01 05:15:00,323.953278
2025-09-01 05:30:00,324.999939
2025-09-01 05:45:00,324.000244
2025-09-01 06:00:00,323.000153
2025-09-01 06:15:00,323.000336
2025-09-01 06:30:00,324.999939
2025-09-01 06:45:00,323.000153
2025-09-01 07:00:00,324.000183
2025-09-01 07:15:00,324.999786
2025-09-01 07:30:00,319.249756
2025-09-01 07:45:00,317.000092
2025-09-01 08:00:00,316.000031
2025-09-01 08:15:00,317.000305
2025-09-01 08:30:00,319.000275
2025-09-01 08:45:00,322.860352
2025-09-01 09:00:00,316.062744
2025-09-01 09:15:00,316.263641
2025-09-01 09:30:00,268.208191
2025-09-01 09:45:00,261.12204
2025-09-01 10:00:00,250.511978
2025-09-01 10:15:00,204.789581
2025-09-01 10:30:00,210.900864
2025-09-01 10:45:00,225.383514
2025-09-01 11:00:00,224.47377
2025-09-01 11:15:00,224.431503
2025-09-01 11:30:00,170.685959
2025-09-01 11:45:00,134.622986
2025-09-01 12:00:00,37.401077
2025-09-01 12:15:00,143.471573
2025-09-01 12:30:00,150.878128
2025-09-01 12:45:00,169.040207
2025-09-01 13:00:00,173.918106
2025-09-01 13:15:00,155.753326
2025-09-01 13:30:00,47.541473
2025-09-01 13:45:00,9.36958
2025-09-01 14:00:00,5.483728
2025-09-01 14:15:00,9.652987
2025-09-01 14:30:00,29.272802
2025-09-01 14:45:00,135.120056
2025-09-01 15:00:00,285.132477
2025-09-01 15:15:00,267.386383
2025-09-01 15:30:00,286.119568
2025-09-01 15:45:00,302.596069
2025-09-01 16:00:00,318.297668
2025-09-01 16:15:00,321.536407
2025-09-01 16:30:00,337.054504
2025-09-01 16:45:00,339.000061
2025-09-01 17:00:00,345.695679
2025-09-01 17:15:00,359.000183
2025-09-01 17:30:00,360.999878
2025-09-01 17:45:00,380.000214
2025-09-01 18:00:00,415.599823
2025-09-01 18:15:00,474.899597
2025-09-01 18:30:00,490.3974
2025-09-01 18:45:00,701.27301
2025-09-01 19:00:00,787.54657
2025-09-01 19:15:00,931.639465
2025-09-01 19:30:00,759.469055
2025-09-01 19:45:00,581.4823
2025-09-01 20:00:00,565.196594
2025-09-01 20:15:00,536.921082
2025-09-01 20:30:00,549.333679
2025-09-01 20:45:00,500.535034
2025-09-01 21:00:00,482.204376
2025-09-01 21:15:00,475.196564
2025-09-01 21:30:00,403.711456
2025-09-01 21:45:00,366.138
2025-09-01 22:00:00,365.427521
2025-09-01 22:15:00,366.153107
2025-09-01 22:30:00,363.963867
2025-09-01 22:45:00,381.700165
2025-09-01 23:00:00,462.999908
2025-09-01 23:15:00,404.0
2025-09-01 23:30:00,399.0
2025-09-01 23:45:00,383.000031
2025-09-02 00:00:00,481.333069
2025-09-02 00:15:00,499.050018
2025-09-02 00:30:00,484.000214
2025-09-02 00:45:00,480.999817
2025-09-02 01:00:00,481.000092
2025-09-02 01:15:00,480.999786
2025-09-02 01:30:00,484.000153
2025-09-02 01:45:00,481.407532
2025-09-02 02:00:00,473.820221
2025-09-02 02:15:00,471.021973
2025-09-02 02:30:00,468.772919
2025-09-02 02:45:00,477.288116
2025-09-02 03:00:00,468.687836
2025-09-02 03:15:00,466.575348
2025-09-02 03:30:00,466.567505
2025-09-02 03:45:00,466.488739
2025-09-02 04:00:00,466.470276
2025-09-02 04:15:00,465.448151
2025-09-02 04:30:00,465.418884
2025-09-02 04:45:00,466.429535
2025-09-02 05:00:00,466.554688
2025-09-02 05:15:00,466.647614
2025-09-02 05:30:00,468.662872
2025-09-02 05:45:00,466.41745
2025-09-02 06:00:00,475.259094
2025-09-02 06:15:00,464.148254
2025-09-02 06:30:00,453.163391
2025-09-02 06:45:00,446.126465
2025-09-02 07:00:00,318.329681
2025-09-02 07:15:00,293.293274
2025-09-02 07:30:00,178.845581
2025-09-02 07:45:00,158.710495
2025-09-02 08:00:00,109.999992
2025-09-02 08:15:00,102.878586
2025-09-02 08:30:00,57.10041
2025-09-02 08:45:00,27.412033
2025-09-02 09:00:00,4.306377
2025-09-02 09:15:00,9.438356
2025-09-02 09:30:00,9.956729
2025-09-02 09:45:00,9.591901
2025-09-02 10:00:00,9.277395
2025-09-02 10:15:00,28.154413
2025-09-02 10:30:00,23.667652
2025-09-02 10:45:00,23.662458
2025-09-02 11:00:00,61.41198
2025-09-02 11:15:00,43.733974
2025-09-02 11:30:00,43.151268
2025-09-02 11:45:00,42.948555
2025-09-02 12:00:00,130.875259
2025-09-02 12:15:00,192.330933
2025-09-02 12:30:00,197.767181
2025-09-02 12:45:00,195.483917
2025-09-02 13:00:00,296.292419
2025-09-02 13:15:00,194.412994
2025-09-02 13:30:00,166.112518
2025-09-02 13:45:00,146.26593
2025-09-02 14:00:00,166.834808
2025-09-02 14:15:00,161.052383
2025-09-02 14:30:00,163.439941
2025-09-02 14:45:00,213.898453
2025-09-02 15:00:00,319.654938
2025-09-02 15:15:00,359.294739
2025-09-02 15:30:00,462.024414
2025-09-02 15:45:00,469.126587
2025-09-02 16:00:00,484.706421
2025-09-02 16:15:00,488.416687
2025-09-02 16:30:00,491.403076
2025-09-02 16:45:00,488.752594
2025-09-02 17:00:00,514.916138
2025-09-02 17:15:00,553.421082
2025-09-02 17:30:00,623.276428
2025-09-02 17:45:00,591.205811
2025-09-02 18:00:00,550.639099
2025-09-02 18:15:00,514.311768
2025-09-02 18:30:00,503.603821
2025-09-02 18:45:00,496.717438
2025-09-02 19:00:00,499.046509
2025-09-02 19:15:00,511.632507
2025-09-02 19:30:00,549.329956
2025-09-02 19:45:00,516.788452
2025-09-02 20:00:00,511.265045
2025-09-02 20:15:00,499.909515
2025-09-02 20:30:00,495.164398
2025-09-02 20:45:00,482.97525
2025-09-02 21:00:00,480.102142
2025-09-02 21:15:00,479.315063
2025-09-02 21:30:00,477.320892
2025-09-02 21:45:00,477.525299
2025-09-02 22:00:00,476.186279
2025-09-02 22:15:00,478.941132
2025-09-02 22:30:00,476.772186
2025-09-02 22:45:00,475.646057
2025-09-02 23:00:00,488.205505
2025-09-02 23:15:00,474.929047
2025-09-02 23:30:00,475.154144
2025-09-02 23:45:00,474.141083
2025-09-03 00:00:00,451.019958
2025-09-03 00:15:00,454.168335
2025-09-03 00:30:00,448.907196
2025-09-03 00:45:00,437.189819
2025-09-03 01:00:00,437.590759
2025-09-03 01:15:00,437.667206
2025-09-03 01:30:00,439.431885
2025-09-03 01:45:00,437.528931
2025-09-03 02:00:00,437.42041
2025-09-03 02:15:00,436.171265
2025-09-03 02:30:00,435.543182
2025-09-03 02:45:00,433.796173
2025-09-03 03:00:00,431.622711
2025-09-03 03:15:00,431.623138
2025-09-03 03:30:00,430.316742
2025-09-03 03:45:00,429.360626
2025-09-03 04:00:00,430.285217
2025-09-03 04:15:00,427.48941
2025-09-03 04:30:00,426.476318
2025-09-03 04:45:00,424.958466
2025-09-03 05:00:00,427.46994
2025-09-03 05:15:00,427.502594
2025-09-03 05:30:00,426.71756
2025-09-03 05:45:00,426.858887
2025-09-03 06:00:00,425.836212
2025-09-03 06:15:00,429.61676
2025-09-03 06:30:00,410.922943
2025-09-03 06:45:00,405.279083
2025-09-03 07:00:00,271.148132
2025-09-03 07:15:00,262.870941
2025-09-03 07:30:00,158.344391
2025-09-03 07:45:00,130.361694
2025-09-03 08:00:00,120.530617
2025-09-03 08:15:00,121.883041
2025-09-03 08:30:00,135.129196
2025-09-03 08:45:00,215.862152
2025-09-03 09:00:00,131.56636
2025-09-03 09:15:00,118.785881
2025-09-03 09:30:00,101.590218
2025-09-03 09:45:00,99.850891
2025-09-03 10:00:00,98.182327
2025-09-03 10:15:00,108.173119
2025-09-03 10:30:00,108.226501
2025-09-03 10:45:00,148.245575
2025-09-03 11:00:00,222.806656
2025-09-03 11:15:00,173.589142
2025-09-03 11:30:00,165.043198
2025-09-03 11:45:00,186.305435
2025-09-03 12:00:00,268.48056
2025-09-03 12:15:00,356.444794
2025-09-03 12:30:00,412.580536
2025-09-03 12:45:00,302.914703
2025-09-03 13:00:00,338.536896
2025-09-03 13:15:00,296.152588
2025-09-03 13:30:00,326.871094
2025-09-03 13:45:00,336.571289
2025-09-03 14:00:00,418.263489
2025-09-03 14:15:00,427.007355
2025-09-03 14:30:00,440.345734
2025-09-03 14:45:00,442.636108
2025-09-03 15:00:00,437.719635
2025-09-03 15:15:00,456.697235
2025-09-03 15:30:00,497.310852
2025-09-03 15:45:00,539.506104
2025-09-03 16:00:00,662.136902
2025-09-03 16:15:00,783.772827
2025-09-03 16:30:00,887.631592
2025-09-03 16:45:00,882.823669
2025-09-03 17:00:00,954.532715
2025-09-03 17:15:00,874.252075
2025-09-03 17:30:00,874.972961
2025-09-03 17:45:00,558.385132
2025-09-03 18:00:00,471.229828
2025-09-03 18:15:00,452.159485
2025-09-03 18:30:00,448.029327
2025-09-03 18:45:00,451.728271
2025-09-03 19:00:00,457.632141
2025-09-03 19:15:00,497.568329
2025-09-03 19:30:00,551.736328
2025-09-03 19:45:00,508.592926
2025-09-03 20:00:00,512.966431
2025-09-03 20:15:00,494.715179
2025-09-03 20:30:00,467.305634
2025-09-03 20:45:00,452.427795
2025-09-03 21:00:00,447.62384
2025-09-03 21:15:00,448.76004
2025-09-03 21:30:00,450.069458
2025-09-03 21:45:00,467.796936
2025-09-03 22:00:00,507.681976
2025-09-03 22:15:00,560.745789
2025-09-03 22:30:00,512.305237
2025-09-03 22:45:00,469.731262
2025-09-03 23:00:00,493.906708
2025-09-03 23:15:00,450.472992
2025-09-03 23:30:00,437.362823
2025-09-03 23:45:00,437.195221
2025-09-04 00:00:00,436.131592
2025-09-04 00:15:00,482.274445
2025-09-04 00:30:00,474.89325
2025-09-04 00:45:00,414.818115
2025-09-04 01:00:00,398.594543
2025-09-04 01:15:00,470.020721
2025-09-04 01:30:00,489.546021
2025-09-04 01:45:00,465.84494
2025-09-04 02:00:00,454.795898
2025-09-04 02:15:00,396.410278
2025-09-04 02:30:00,376.841583
2025-09-04 02:45:00,358.717285
2025-09-04 03:00:00,377.727692
2025-09-04 03:15:00,358.175354
2025-09-04 03:30:00,372.246979
2025-09-04 03:45:00,356.914368
2025-09-04 04:00:00,358.085144
2025-09-04 04:15:00,357.765808
2025-09-04 04:30:00,356.563171
2025-09-04 04:45:00,357.806213
2025-09-04 05:00:00,356.929474
2025-09-04 05:15:00,364.143768
2025-09-04 05:30:00,362.334259
2025-09-04 05:45:00,361.229401
2025-09-04 06:00:00,353.980621
2025-09-04 06:15:00,356.444733
2025-09-04 06:30:00,355.470856
2025-09-04 06:45:00,354.851013
2025-09-04 07:00:00,343.315186
2025-09-04 07:15:00,343.221649
2025-09-04 07:30:00,335.158447
2025-09-04 07:45:00,339.695465
2025-09-04 08:00:00,337.940491
2025-09-04 08:15:00,337.376923
2025-09-04 08:30:00,336.983429
2025-09-04 08:45:00,335.626587
2025-09-04 09:00:00,336.31073
2025-09-04 09:15:00,322.609131
2025-09-04 09:30:00,322.621429
2025-09-04 09:45:00,316.521637
2025-09-04 10:00:00,312.90686
2025-09-04 10:15:00,277.588928
2025-09-04 10:30:00,274.419739
2025-09-04 10:45:00,248.902054
2025-09-04 11:00:00,220.670944
2025-09-04 11:15:00,211.319107
2025-09-04 11:30:00,212.158157
2025-09-04 11:45:00,200.52626
2025-09-04 12:00:00,267.414001
2025-09-04 12:15:00,307.307037
2025-09-04 12:30:00,300.697784
2025-09-04 12:45:00,259.203491
2025-09-04 13:00:00,291.438934
2025-09-04 13:15:00,249.638
2025-09-04 13:30:00,245.550064
2025-09-04 13:45:00,275.307129
2025-09-04 14:00:00,310.975189
2025-09-04 14:15:00,326.514435
2025-09-04 14:30:00,329.654358
2025-09-04 14:45:00,337.601593
2025-09-04 15:00:00,342.563263
2025-09-04 15:15:00,345.006805
2025-09-04 15:30:00,359.16507
2025-09-04 15:45:00,380.740448
2025-09-04 16:00:00,507.018646
2025-09-04 16:15:00,657.394043
2025-09-04 16:30:00,775.503723
2025-09-04 16:45:00,791.147766
2025-09-04 17:00:00,767.057861
2025-09-04 17:15:00,673.19751
2025-09-04 17:30:00,662.977234
2025-09-04 17:45:00,530.266174
2025-09-04 18:00:00,503.555786
2025-09-04 18:15:00,497.16272
2025-09-04 18:30:00,506.111359
2025-09-04 18:45:00,528.055969
2025-09-04 19:00:00,601.302917
2025-09-04 19:15:00,789.15094
2025-09-04 19:30:00,941.606201
2025-09-04 19:45:00,963.138916
2025-09-04 20:00:00,849.51593
2025-09-04 20:15:00,956.722107
2025-09-04 20:30:00,939.304077
2025-09-04 20:45:00,786.29718
2025-09-04 21:00:00,785.487183
2025-09-04 21:15:00,891.842224
2025-09-04 21:30:00,788.672913
2025-09-04 21:45:00,954.950378
2025-09-04 22:00:00,769.117737
2025-09-04 22:15:00,726.101379
2025-09-04 22:30:00,646.289734
2025-09-04 22:45:00,589.989197
2025-09-04 23:00:00,628.342957
2025-09-04 23:15:00,528.457031
2025-09-04 23:30:00,503.053497
2025-09-04 23:45:00,481.65741
2025-09-05 00:00:00,524.646667
2025-09-05 00:15:00,724.249695
2025-09-05 00:30:00,620.60144
2025-09-05 00:45:00,564.961121
2025-09-05 01:00:00,506.196899
2025-09-05 01:15:00,488.290222
2025-09-05 01:30:00,500.888489
2025-09-05 01:45:00,457.506592
2025-09-05 02:00:00,449.94516
2025-09-05 02:15:00,443.273254
2025-09-05 02:30:00,443.14209
2025-09-05 02:45:00,431.659546
2025-09-05 03:00:00,431.583557
2025-09-05 03:15:00,429.95575
2025-09-05 03:30:00,431.177368
2025-09-05 03:45:00,428.887421
2025-09-05 04:00:00,428.855469
2025-09-05 04:15:00,428.489197
2025-09-05 04:30:00,428.455109
2025-09-05 04:45:00,429.79126
2025-09-05 05:00:00,429.729034
2025-09-05 05:15:00,428.590942
2025-09-05 05:30:00,428.066254
2025-09-05 05:45:00,428.631165
2025-09-05 06:00:00,428.704651
2025-09-05 06:15:00,427.036469
2025-09-05 06:30:00,425.709442
2025-09-05 06:45:00,426.46759
2025-09-05 07:00:00,409.386108
2025-09-05 07:15:00,404.549652
2025-09-05 07:30:00,329.565887
2025-09-05 07:45:00,308.937988
2025-09-05 08:00:00,317.291809
2025-09-05 08:15:00,302.716766
2025-09-05 08:30:00,271.673859
2025-09-05 08:45:00,271.388519
2025-09-05 09:00:00,226.318909
2025-09-05 09:15:00,123.435463
2025-09-05 09:30:00,133.803864
2025-09-05 09:45:00,150.865768
2025-09-05 10:00:00,157.858582
2025-09-05 10:15:00,176.915939
2025-09-05 10:30:00,147.73587
2025-09-05 10:45:00,150.701569
2025-09-05 11:00:00,140.501434
2025-09-05 11:15:00,96.959312
2025-09-05 11:30:00,96.741287
2025-09-05 11:45:00,84.354881
2025-09-05 12:00:00,112.43586
2025-09-05 12:15:00,185.604385
2025-09-05 12:30:00,199.053879
2025-09-05 12:45:00,115.610481
2025-09-05 13:00:00,198.94696
2025-09-05 13:15:00,203.802261
2025-09-05 13:30:00,258.538391
2025-09-05 13:45:00,264.795166
2025-09-05 14:00:00,330.110596
2025-09-05 14:15:00,366.936646
2025-09-05 14:30:00,347.25705
2025-09-05 14:45:00,398.302612
2025-09-05 15:00:00,403.820099
2025-09-05 15:15:00,416.663818
2025-09-05 15:30:00,418.693848
2025-09-05 15:45:00,432.905243
2025-09-05 16:00:00,437.197235
2025-09-05 16:15:00,438.811768
2025-09-05 16:30:00,459.279633
2025-09-05 16:45:00,474.974182
2025-09-05 17:00:00,462.349213
2025-09-05 17:15:00,464.877716
2025-09-05 17:30:00,468.782684
2025-09-05 17:45:00,464.288788
2025-09-05 18:00:00,470.306885
2025-09-05 18:15:00,475.933014
2025-09-05 18:30:00,500.673584
2025-09-05 18:45:00,535.420776
2025-09-05 19:00:00,593.702576
2025-09-05 19:15:00,611.474121
2025-09-05 19:30:00,677.710876
2025-09-05 19:45:00,610.113159
2025-09-05 20:00:00,612.560608
2025-09-05 20:15:00,564.574646
2025-09-05 20:30:00,545.539246
2025-09-05 20:45:00,491.721375
2025-09-05 21:00:00,536.622803
2025-09-05 21:15:00,471.867126
2025-09-05 21:30:00,496.35553
2025-09-05 21:45:00,459.568573
2025-09-05 22:00:00,449.34082
2025-09-05 22:15:00,448.271912
2025-09-05 22:30:00,445.66745
2025-09-05 22:45:00,443.692932
2025-09-05 23:00:00,446.791626
2025-09-05 23:15:00,440.673615
2025-09-05 23:30:00,432.447083
2025-09-05 23:45:00,431.352692
2025-09-06 00:00:00,365.892487
2025-09-06 00:15:00,370.641907
2025-09-06 00:30:00,354.664642
2025-09-06 00:45:00,355.38504
2025-09-06 01:00:00,339.851685
2025-09-06 01:15:00,335.52359
2025-09-06 01:30:00,339.747742
2025-09-06 01:45:00,338.624878
2025-09-06 02:00:00,337.398895
2025-09-06 02:15:00,335.083191
2025-09-06 02:30:00,332.479095
2025-09-06 02:45:00,333.327576
2025-09-06 03:00:00,334.790741
2025-09-06 03:15:00,332.874634
2025-09-06 03:30:00,332.309174
2025-09-06 03:45:00,330.059601
2025-09-06 04:00:00,330.002625
2025-09-06 04:15:00,320.965454
2025-09-06 04:30:00,316.092041
2025-09-06 04:45:00,319.40863
2025-09-06 05:00:00,318.596832
2025-09-06 05:15:00,319.009064
2025-09-06 05:30:00,318.962341
2025-09-06 05:45:00,315.005951
2025-09-06 06:00:00,315.006714
2025-09-06 06:15:00,316.000031
2025-09-06 06:30:00,316.000122
2025-09-06 06:45:00,300.000153
2025-09-06 07:00:00,250.776306
2025-09-06 07:15:00,265.520294
2025-09-06 07:30:00,265.519836
2025-09-06 07:45:00,295.387909
2025-09-06 08:00:00,315.329254
2025-09-06 08:15:00,315.337738
2025-09-06 08:30:00,315.360077
2025-09-06 08:45:00,315.112976
2025-09-06 09:00:00,300.685852
2025-09-06 09:15:00,314.990967
2025-09-06 09:30:00,314.940735
2025-09-06 09:45:00,316.683746
2025-09-06 10:00:00,317.629211
2025-09-06 10:15:00,318.113007
2025-09-06 10:30:00,302.533234
2025-09-06 10:45:00,314.880798
2025-09-06 11:00:00,284.05191
2025-09-06 11:15:00,249.572037
2025-09-06 11:30:00,175.483765
2025-09-06 11:45:00,104.955147
2025-09-06 12:00:00,91.618065
2025-09-06 12:15:00,37.218372
2025-09-06 12:30:00,27.384533
2025-09-06 12:45:00,9.0667
2025-09-06 13:00:00,9.205424
2025-09-06 13:15:00,8.869093
2025-09-06 13:30:00,8.529475
2025-09-06 13:45:00,5.160024
2025-09-06 14:00:00,8.454511
2025-09-06 14:15:00,8.48393
2025-09-06 14:30:00,8.315535
2025-09-06 14:45:00,28.161434
2025-09-06 15:00:00,28.066011
2025-09-06 15:15:00,28.70512
2025-09-06 15:30:00,31.730663
2025-09-06 15:45:00,87.815712
2025-09-06 16:00:00,133.871567
2025-09-06 16:15:00,181.406952
2025-09-06 16:30:00,240.226242
2025-09-06 16:45:00,240.388077
2025-09-06 17:00:00,284.76178
2025-09-06 17:15:00,300.852631
2025-09-06 17:30:00,301.956024
2025-09-06 17:45:00,315.493042
2025-09-06 18:00:00,319.430023
2025-09-06 18:15:00,321.541382
2025-09-06 18:30:00,322.556091
2025-09-06 18:45:00,335.172302
2025-09-06 19:00:00,339.863586
2025-09-06 19:15:00,342.246582
2025-09-06 19:30:00,342.343689
2025-09-06 19:45:00,341.377411
2025-09-06 20:00:00,340.767303
2025-09-06 20:15:00,340.832825
2025-09-06 20:30:00,340.843964
2025-09-06 20:45:00,339.920654
2025-09-06 21:00:00,338.170776
2025-09-06 21:15:00,337.230011
2025-09-06 21:30:00,337.010223
2025-09-06 21:45:00,337.570374
2025-09-06 22:00:00,335.78653
2025-09-06 22:15:00,338.619781
2025-09-06 22:30:00,338.210693
2025-09-06 22:45:00,338.673981
2025-09-06 23:00:00,339.661102
2025-09-06 23:15:00,338.669098
2025-09-06 23:30:00,338.58548
2025-09-06 23:45:00,338.256622
2025-09-07 00:00:00,333.289642
2025-09-07 00:15:00,334.511017
2025-09-07 00:30:00,333.41507
2025-09-07 00:45:00,333.499359
2025-09-07 01:00:00,333.395996
2025-09-07 01:15:00,332.335999
2025-09-07 01:30:00,333.34668
2025-09-07 01:45:00,333.143066
2025-09-07 02:00:00,332.656403
2025-09-07 02:15:00,332.483459
2025-09-07 02:30:00,329.274048
2025-09-07 02:45:00,329.122498
2025-09-07 03:00:00,328.964935
2025-09-07 03:15:00,325.273193
2025-09-07 03:30:00,324.479095
2025-09-07 03:45:00,324.71048
2025-09-07 04:00:00,324.644989
2025-09-07 04:15:00,324.87616
2025-09-07 04:30:00,327.294983
2025-09-07 04:45:00,327.325714
2025-09-07 05:00:00,327.332275
2025-09-07 05:15:00,325.959137
2025-09-07 05:30:00,325.812531
2025-09-07 05:45:00,326.839264
2025-09-07 06:00:00,327.634613
2025-09-07 06:15:00,332.552551
2025-09-07 06:30:00,330.658295
2025-09-07 06:45:00,318.648834
2025-09-07 07:00:00,313.407806
2025-09-07 07:15:00,316.212524
2025-09-07 07:30:00,314.36087
2025-09-07 07:45:00,304.786804
2025-09-07 08:00:00,301.000183
2025-09-07 08:15:00,283.999847
2025-09-07 08:30:00,260.287506
2025-09-07 08:45:00,232.993988
2025-09-07 09:00:00,171.012924
2025-09-07 09:15:00,104.747414
2025-09-07 09:30:00,5.024475
2025-09-07 09:45:00,5.095282
2025-09-07 10:00:00,5.068505
2025-09-07 10:15:00,7.435802
2025-09-07 10:30:00,9.284455
2025-09-07 10:45:00,8.226785
2025-09-07 11:00:00,8.17135
2025-09-07 11:15:00,8.212778
2025-09-07 11:30:00,8.213858
2025-09-07 11:45:00,7.909449
2025-09-07 12:00:00,7.481034
2025-09-07 12:15:00,8.593708
2025-09-07 12:30:00,9.350238
2025-09-07 12:45:00,9.619867
2025-09-07 13:00:00,10.056911
2025-09-07 13:15:00,9.846778
2025-09-07 13:30:00,9.800744
2025-09-07 13:45:00,9.856462
2025-09-07 14:00:00,133.817734
2025-09-07 14:15:00,142.098816
2025-09-07 14:30:00,160.929764
2025-09-07 14:45:00,235.834152
2025-09-07 15:00:00,263.092468
2025-09-07 15:15:00,301.024536
2025-09-07 15:30:00,303.228424
2025-09-07 15:45:00,316.634125
2025-09-07 16:00:00,319.484711
2025-09-07 16:15:00,334.314514
2025-09-07 16:30:00,338.091766
2025-09-07 16:45:00,340.855804
2025-09-07 17:00:00,341.207581
2025-09-07 17:15:00,340.389404
2025-09-07 17:30:00,340.512787
2025-09-07 17:45:00,335.871155
2025-09-07 18:00:00,333.392761
2025-09-07 18:15:00,333.529663
2025-09-07 18:30:00,344.393738
2025-09-07 18:45:00,344.315063
2025-09-07 19:00:00,348.489075
2025-09-07 19:15:00,353.616577
2025-09-07 19:30:00,356.654633
2025-09-07 19:45:00,351.390503
2025-09-07 20:00:00,351.435486
2025-09-07 20:15:00,350.54483
2025-09-07 20:30:00,350.545288
2025-09-07 20:45:00,348.629791
2025-09-07 21:00:00,348.855957
2025-09-07 21:15:00,352.879486
2025-09-07 21:30:00,353.221741
2025-09-07 21:45:00,352.102112
2025-09-07 22:00:00,349.156738
2025-09-07 22:15:00,352.106476
2025-09-07 22:30:00,351.527161
2025-09-07 22:45:00,349.734558
2025-09-07 23:00:00,352.627838
2025-09-07 23:15:00,353.756226
2025-09-07 23:30:00,348.080109
2025-09-07 23:45:00,349.21347
2025-09-08 00:00:00,354.600433
2025-09-08 00:15:00,355.464447
2025-09-08 00:30:00,351.663574
2025-09-08 00:45:00,342.071808
2025-09-08 01:00:00,338.102631
2025-09-08 01:15:00,337.913788
2025-09-08 01:30:00,337.93808
2025-09-08 01:45:00,337.695587
2025-09-08 02:00:00,339.843018
2025-09-08 02:15:00,336.939087
2025-09-08 02:30:00,336.935059
2025-09-08 02:45:00,337.372314
2025-09-08 03:00:00,335.882782
2025-09-08 03:15:00,337.200714
2025-09-08 03:30:00,337.222351
2025-09-08 03:45:00,335.971436
2025-09-08 04:00:00,334.07193
2025-09-08 04:15:00,335.151245
2025-09-08 04:30:00,334.148834
2025-09-08 04:45:00,334.198669
2025-09-08 05:00:00,334.073669
2025-09-08 05:15:00,333.053101
2025-09-08 05:30:00,332.957825
2025-09-08 05:45:00,333.31778
2025-09-08 06:00:00,333.664612
2025-09-08 06:15:00,331.490631
2025-09-08 06:30:00,331.503021
2025-09-08 06:45:00,322.447205
2025-09-08 07:00:00,315.606384
2025-09-08 07:15:00,304.405029
2025-09-08 07:30:00,299.744965
2025-09-08 07:45:00,298.980896
2025-09-08 08:00:00,302.650421
2025-09-08 08:15:00,303.631409
2025-09-08 08:30:00,319.193756
2025-09-08 08:45:00,323.54715
2025-09-08 09:00:00,327.429321
2025-09-08 09:15:00,332.644196
2025-09-08 09:30:00,339.998047
2025-09-08 09:45:00,338.263062
2025-09-08 10:00:00,337.438202
2025-09-08 10:15:00,338.033325
2025-09-08 10:30:00,339.713898
2025-09-08 10:45:00,340.381561
2025-09-08 11:00:00,336.311859
2025-09-08 11:15:00,337.189697
2025-09-08 11:30:00,339.433289
2025-09-08 11:45:00,340.054932
2025-09-08 12:00:00,338.920929
2025-09-08 12:15:00,341.187103
2025-09-08 12:30:00,339.464905
2025-09-08 12:45:00,333.844788
2025-09-08 13:00:00,326.122528
2025-09-08 13:15:00,327.974518
2025-09-08 13:30:00,328.12915
2025-09-08 13:45:00,327.140045
2025-09-08 14:00:00,333.495209
2025-09-08 14:15:00,337.18103
2025-09-08 14:30:00,339.996002
2025-09-08 14:45:00,343.433136
2025-09-08 15:00:00,357.965759
2025-09-08 15:15:00,365.562073
2025-09-08 15:30:00,365.016998
2025-09-08 15:45:00,364.607971
2025-09-08 16:00:00,346.427979
2025-09-08 16:15:00,344.516876
2025-09-08 16:30:00,338.866791
2025-09-08 16:45:00,334.558289
2025-09-08 17:00:00,324.991669
2025-09-08 17:15:00,302.114288
2025-09-08 17:30:00,232.039124
2025-09-08 17:45:00,168.391068
2025-09-08 18:00:00,169.591766
2025-09-08 18:15:00,114.593102
2025-09-08 18:30:00,163.519592
2025-09-08 18:45:00,184.526749
2025-09-08 19:00:00,233.368225
2025-09-08 19:15:00,253.15831
2025-09-08 19:30:00,230.823944
2025-09-08 19:45:00,190.387405
2025-09-08 20:00:00,220.917679
2025-09-08 20:15:00,178.164536
2025-09-08 20:30:00,160.207565
2025-09-08 20:45:00,136.338501
2025-09-08 21:00:00,141.919373
2025-09-08 21:15:00,197.215378
2025-09-08 21:30:00,188.097504
2025-09-08 21:45:00,174.101242
2025-09-08 22:00:00,157.836395
2025-09-08 22:15:00,176.323364
2025-09-08 22:30:00,168.006973
2025-09-08 22:45:00,195.161911
2025-09-08 23:00:00,266.917755
2025-09-08 23:15:00,250.804886
2025-09-08 23:30:00,227.968491
2025-09-08 23:45:00,105.851707
2025-09-09 00:00:00,32.84269
2025-09-09 00:15:00,119.361931
2025-09-09 00:30:00,204.312912
2025-09-09 00:45:00,290.144501
2025-09-09 01:00:00,256.753387
2025-09-09 01:15:00,267.289673
2025-09-09 01:30:00,257.048187
2025-09-09 01:45:00,257.476959
2025-09-09 02:00:00,257.470551
2025-09-09 02:15:00,267.587646
2025-09-09 02:30:00,249.390472
2025-09-09 02:45:00,231.479874
2025-09-09 03:00:00,203.253403
2025-09-09 03:15:00,231.514999
2025-09-09 03:30:00,226.51651
2025-09-09 03:45:00,173.045532
2025-09-09 04:00:00,171.0495
2025-09-09 04:15:00,167.085648
2025-09-09 04:30:00,170.944839
2025-09-09 04:45:00,182.836411
2025-09-09 05:00:00,226.119492
2025-09-09 05:15:00,232.84581
2025-09-09 05:30:00,245.848816
2025-09-09 05:45:00,231.522491
2025-09-09 06:00:00,228.380905
2025-09-09 06:15:00,204.882584
2025-09-09 06:30:00,206.26239
2025-09-09 06:45:00,204.819061
2025-09-09 07:00:00,177.906982
2025-09-09 07:15:00,233.783386
2025-09-09 07:30:00,210.065063
2025-09-09 07:45:00,236.605301
2025-09-09 08:00:00,252.254135
2025-09-09 08:15:00,252.230042
2025-09-09 08:30:00,252.430679
2025-09-09 08:45:00,252.348846
2025-09-09 09:00:00,177.569412
2025-09-09 09:15:00,174.470886
2025-09-09 09:30:00,177.410095
2025-09-09 09:45:00,218.136078
2025-09-09 10:00:00,240.080353
2025-09-09 10:15:00,265.085266
2025-09-09 10:30:00,286.954346
2025-09-09 10:45:00,304.358704
2025-09-09 11:00:00,313.720154
2025-09-09 11:15:00,255.897339
2025-09-09 11:30:00,185.315933
2025-09-09 11:45:00,217.978348
2025-09-09 12:00:00,303.05127
2025-09-09 12:15:00,304.835358
2025-09-09 12:30:00,296.89328
2025-09-09 12:45:00,281.14978
2025-09-09 13:00:00,319.185852
2025-09-09 13:15:00,316.14328
2025-09-09 13:30:00,274.072876
2025-09-09 13:45:00,234.612289
2025-09-09 14:00:00,239.997452
2025-09-09 14:15:00,257.986511
2025-09-09 14:30:00,313.311188
2025-09-09 14:45:00,313.599823
2025-09-09 15:00:00,319.390106
2025-09-09 15:15:00,317.227356
2025-09-09 15:30:00,319.500519
2025-09-09 15:45:00,314.713043
2025-09-09 16:00:00,322.50882
2025-09-09 16:15:00,323.243805
2025-09-09 16:30:00,336.565735
2025-09-09 16:45:00,334.66037
2025-09-09 17:00:00,335.792603
2025-09-09 17:15:00,334.060822
2025-09-09 17:30:00,335.882721
2025-09-09 17:45:00,333.999451
2025-09-09 18:00:00,323.277557
2025-09-09 18:15:00,318.498596
2025-09-09 18:30:00,321.40506
2025-09-09 18:45:00,323.336548
2025-09-09 19:00:00,319.570129
2025-09-09 19:15:00,319.845947
2025-09-09 19:30:00,301.368805
2025-09-09 19:45:00,244.801773
2025-09-09 20:00:00,242.405121
2025-09-09 20:15:00,195.323822
2025-09-09 20:30:00,182.537888
2025-09-09 20:45:00,160.553329
2025-09-09 21:00:00,171.098999
2025-09-09 21:15:00,172.581207
2025-09-09 21:30:00,131.087524
2025-09-09 21:45:00,118.872391
2025-09-09 22:00:00,150.074387
2025-09-09 22:15:00,150.166
2025-09-09 22:30:00,148.364792
2025-09-09 22:45:00,171.284195
2025-09-09 23:00:00,268.990631
2025-09-09 23:15:00,278.024963
2025-09-09 23:30:00,282.499359
2025-09-09 23:45:00,205.490036
2025-09-10 00:00:00,76.880814
2025-09-10 00:15:00,128.757614
2025-09-10 00:30:00,295.684143
2025-09-10 00:45:00,313.911407
2025-09-10 01:00:00,313.914612
2025-09-10 01:15:00,315.937897
2025-09-10 01:30:00,313.909454
2025-09-10 01:45:00,309.766418
2025-09-10 02:00:00,311.903412
2025-09-10 02:15:00,309.642578
2025-09-10 02:30:00,309.6138
2025-09-10 02:45:00,309.679199
2025-09-10 03:00:00,309.515778
2025-09-10 03:15:00,309.650909
2025-09-10 03:30:00,309.65448
2025-09-10 03:45:00,307.654022
2025-09-10 04:00:00,305.542786
2025-09-10 04:15:00,305.589966
2025-09-10 04:30:00,307.56015
2025-09-10 04:45:00,309.652283
2025-09-10 05:00:00,309.548584
2025-09-10 05:15:00,311.795624
2025-09-10 05:30:00,312.830841
2025-09-10 05:45:00,312.886292
2025-09-10 06:00:00,312.865173
2025-09-10 06:15:00,311.795837
2025-09-10 06:30:00,316.944611
2025-09-10 06:45:00,316.978485
2025-09-10 07:00:00,317.096283
2025-09-10 07:15:00,318.066895
2025-09-10 07:30:00,318.418427
2025-09-10 07:45:00,323.247955
2025-09-10 08:00:00,337.598267
2025-09-10 08:15:00,338.822998
2025-09-10 08:30:00,338.39563
2025-09-10 08:45:00,339.86676
2025-09-10 09:00:00,338.060608
2025-09-10 09:15:00,338.0495
2025-09-10 09:30:00,337.14917
2025-09-10 09:45:00,337.078827
2025-09-10 10:00:00,339.977356
2025-09-10 10:15:00,348.70871
2025-09-10 10:30:00,367.74823
2025-09-10 10:45:00,377.287842
2025-09-10 11:00:00,395.085602
2025-09-10 11:15:00,373.858063
2025-09-10 11:30:00,375.774445
2025-09-10 11:45:00,352.964539
2025-09-10 12:00:00,406.150024
2025-09-10 12:15:00,413.856659
2025-09-10 12:30:00,383.116608
2025-09-10 12:45:00,367.853638
2025-09-10 13:00:00,359.150177
2025-09-10 13:15:00,354.351563
2025-09-10 13:30:00,348.613861
2025-09-10 13:45:00,337.40976
2025-09-10 14:00:00,337.395599
2025-09-10 14:15:00,337.386475
2025-09-10 14:30:00,337.373657
2025-09-10 14:45:00,336.4328
2025-09-10 15:00:00,336.414673
2025-09-10 15:15:00,337.056549
2025-09-10 15:30:00,337.117004
2025-09-10 15:45:00,336.157928
2025-09-10 16:00:00,319.868073
2025-09-10 16:15:00,319.832001
2025-09-10 16:30:00,329.313171
2025-09-10 16:45:00,331.472382
2025-09-10 17:00:00,331.458252
2025-09-10 17:15:00,319.584747
2025-09-10 17:30:00,317.422852
2025-09-10 17:45:00,317.060638
2025-09-10 18:00:00,317.45813
2025-09-10 18:15:00,316.434235
2025-09-10 18:30:00,317.122742
2025-09-10 18:45:00,318.394165
2025-09-10 19:00:00,318.462067
2025-09-10 19:15:00,318.523132
2025-09-10 19:30:00,318.480011
2025-09-10 19:45:00,315.406281
2025-09-10 20:00:00,317.416138
2025-09-10 20:15:00,317.562531
2025-09-10 20:30:00,315.729126
2025-09-10 20:45:00,314.701813
2025-09-10 21:00:00,311.678802
2025-09-10 21:15:00,311.650726
2025-09-10 21:30:00,310.833649
2025-09-10 21:45:00,309.62381
2025-09-10 22:00:00,316.453491
2025-09-10 22:15:00,315.448517
2025-09-10 22:30:00,313.032532
2025-09-10 22:45:00,311.692444
2025-09-10 23:00:00,317.000092
2025-09-10 23:15:00,317.000061
2025-09-10 23:30:00,316.000031
2025-09-10 23:45:00,310.000031
2025-09-11 00:00:00,231.013824
2025-09-11 00:15:00,232.9151
2025-09-11 00:30:00,310.444305
2025-09-11 00:45:00,314.000092
2025-09-11 01:00:00,314.0
2025-09-11 01:15:00,317.000122
2025-09-11 01:30:00,310.000183
2025-09-11 01:45:00,310.000092
2025-09-11 02:00:00,310.000061
2025-09-11 02:15:00,304.0
2025-09-11 02:30:00,299.999969
2025-09-11 02:45:00,300.000031
2025-09-11 03:00:00,299.000153
2025-09-11 03:15:00,299.999939
2025-09-11 03:30:00,297.999695
2025-09-11 03:45:00,295.650116
2025-09-11 04:00:00,293.999878
2025-09-11 04:15:00,295.650055
2025-09-11 04:30:00,296.999939
2025-09-11 04:45:00,296.000183
2025-09-11 05:00:00,298.0
2025-09-11 05:15:00,300.000092
2025-09-11 05:30:00,302.999847
2025-09-11 05:45:00,308.950073
2025-09-11 06:00:00,309.999908
2025-09-11 06:15:00,308.970459
2025-09-11 06:30:00,300.801453
2025-09-11 06:45:00,301.722504
2025-09-11 07:00:00,300.246002
2025-09-11 07:15:00,301.998169
2025-09-11 07:30:00,301.25824
2025-09-11 07:45:00,305.673157
2025-09-11 08:00:00,311.567078
2025-09-11 08:15:00,314.494293
2025-09-11 08:30:00,305.039001
2025-09-11 08:45:00,300.92627
2025-09-11 09:00:00,284.180817
2025-09-11 09:15:00,288.110779
2025-09-11 09:30:00,291.66507
2025-09-11 09:45:00,295.016846
2025-09-11 10:00:00,298.322021
2025-09-11 10:15:00,294.424469
2025-09-11 10:30:00,293.437805
2025-09-11 10:45:00,287.15918
2025-09-11 11:00:00,267.940918
2025-09-11 11:15:00,226.34288
2025-09-11 11:30:00,153.246017
2025-09-11 11:45:00,152.612564
2025-09-11 12:00:00,153.528427
2025-09-11 12:15:00,194.258957
2025-09-11 12:30:00,194.170029
2025-09-11 12:45:00,159.576355
2025-09-11 13:00:00,257.403656
2025-09-11 13:15:00,294.491333
2025-09-11 13:30:00,300.010803
2025-09-11 13:45:00,310.698517
2025-09-11 14:00:00,316.73584
2025-09-11 14:15:00,319.231354
2025-09-11 14:30:00,319.529449
2025-09-11 14:45:00,320.868286
2025-09-11 15:00:00,321.639893
2025-09-11 15:15:00,329.647125
2025-09-11 15:30:00,320.827393
2025-09-11 15:45:00,323.283173
2025-09-11 16:00:00,323.722382
2025-09-11 16:15:00,320.353119
2025-09-11 16:30:00,332.891235
2025-09-11 16:45:00,340.528381
2025-09-11 17:00:00,340.825043
2025-09-11 17:15:00,338.134796
2025-09-11 17:30:00,338.176941
2025-09-11 17:45:00,347.908905
2025-09-11 18:00:00,337.579224
2025-09-11 18:15:00,334.336853
2025-09-11 18:30:00,346.587463
2025-09-11 18:45:00,352.960876
2025-09-11 19:00:00,356.707764
2025-09-11 19:15:00,355.902039
2025-09-11 19:30:00,348.736115
2025-09-11 19:45:00,339.032257
2025-09-11 20:00:00,348.718414
2025-09-11 20:15:00,351.334259
2025-09-11 20:30:00,349.098389
2025-09-11 20:45:00,344.6091
2025-09-11 21:00:00,334.58374
2025-09-11 21:15:00,333.369812
2025-09-11 21:30:00,332.14859
2025-09-11 21:45:00,332.23764
2025-09-11 22:00:00,318.128479
2025-09-11 22:15:00,318.611328
2025-09-11 22:30:00,314.654053
2025-09-11 22:45:00,318.035645
2025-09-11 23:00:00,309.172363
2025-09-11 23:15:00,305.574402
2025-09-11 23:30:00,293.435913
2025-09-11 23:45:00,230.477875
2025-09-12 00:00:00,318.707245
2025-09-12 00:15:00,317.707092
2025-09-12 00:30:00,317.704712
2025-09-12 00:45:00,317.081329
2025-09-12 01:00:00,317.066284
2025-09-12 01:15:00,317.999908
2025-09-12 01:30:00,318.000031
2025-09-12 01:45:00,318.000031
2025-09-12 02:00:00,318.000031
2025-09-12 02:15:00,317.000061
2025-09-12 02:30:00,313.999908
2025-09-12 02:45:00,317.999878
2025-09-12 03:00:00,317.999969
2025-09-12 03:15:00,318.000031
2025-09-12 03:30:00,316.999847
2025-09-12 03:45:00,317.0
2025-09-12 04:00:00,317.000031
2025-09-12 04:15:00,315.000092
2025-09-12 04:30:00,314.999908
2025-09-12 04:45:00,315.000092
2025-09-12 05:00:00,317.000092
2025-09-12 05:15:00,318.0
2025-09-12 05:30:00,317.999969
2025-09-12 05:45:00,317.999969
2025-09-12 06:00:00,318.000031
2025-09-12 06:15:00,317.999939
2025-09-12 06:30:00,318.0
2025-09-12 06:45:00,313.999786
2025-09-12 07:00:00,304.999847
2025-09-12 07:15:00,310.024261
2025-09-12 07:30:00,314.347717
2025-09-12 07:45:00,314.343536
2025-09-12 08:00:00,318.896912
2025-09-12 08:15:00,320.890015
2025-09-12 08:30:00,320.920074
2025-09-12 08:45:00,322.854065
2025-09-12 09:00:00,319.482361
2025-09-12 09:15:00,320.900726
2025-09-12 09:30:00,321.06369
2025-09-12 09:45:00,321.384125
2025-09-12 10:00:00,326.355316
2025-09-12 10:15:00,323.552795
2025-09-12 10:30:00,321.760498
2025-09-12 10:45:00,320.706818
2025-09-12 11:00:00,333.030487
2025-09-12 11:15:00,333.135498
2025-09-12 11:30:00,323.298157
2025-09-12 11:45:00,318.727722
2025-09-12 12:00:00,320.694336
2025-09-12 12:15:00,318.741364
2025-09-12 12:30:00,318.668823
2025-09-12 12:45:00,314.719818
2025-09-12 13:00:00,310.836975
2025-09-12 13:15:00,298.088501
2025-09-12 13:30:00,282.891815
2025-09-12 13:45:00,251.784424
2025-09-12 14:00:00,295.772308
2025-09-12 14:15:00,285.559662
2025-09-12 14:30:00,301.428528
2025-09-12 14:45:00,300.177643
2025-09-12 15:00:00,313.073578
2025-09-12 15:15:00,317.329956
2025-09-12 15:30:00,319.045837
2025-09-12 15:45:00,321.636078
2025-09-12 16:00:00,319.592712
2025-09-12 16:15:00,321.218933
2025-09-12 16:30:00,321.121307
2025-09-12 16:45:00,320.956207
2025-09-12 17:00:00,319.209045
2025-09-12 17:15:00,319.223969
2025-09-12 17:30:00,318.193298
2025-09-12 17:45:00,311.343292
2025-09-12 18:00:00,311.299164
2025-09-12 18:15:00,305.970764
2025-09-12 18:30:00,311.25766
2025-09-12 18:45:00,311.389984
2025-09-12 19:00:00,305.743835
2025-09-12 19:15:00,305.716339
2025-09-12 19:30:00,291.887848
2025-09-12 19:45:00,291.539124
2025-09-12 20:00:00,295.625549
2025-09-12 20:15:00,292.588898
2025-09-12 20:30:00,280.923065
2025-09-12 20:45:00,261.017029
2025-09-12 21:00:00,225.402374
2025-09-12 21:15:00,220.684448
2025-09-12 21:30:00,225.409973
2025-09-12 21:45:00,238.499969
2025-09-12 22:00:00,239.000092
2025-09-12 22:15:00,259.999908
2025-09-12 22:30:00,260.000122
2025-09-12 22:45:00,275.649841
2025-09-12 23:00:00,294.000122
2025-09-12 23:15:00,291.000092
2025-09-12 23:30:00,280.000061
2025-09-12 23:45:00,279.127441
2025-09-13 00:00:00,196.995331
2025-09-13 00:15:00,264.000031
2025-09-13 00:30:00,259.999908
2025-09-13 00:45:00,280.000031
2025-09-13 01:00:00,280.000092
2025-09-13 01:15:00,280.000061
2025-09-13 01:30:00,283.999695
2025-09-13 01:45:00,293.000153
2025-09-13 02:00:00,289.864197
2025-09-13 02:15:00,290.000061
2025-09-13 02:30:00,287.843658
2025-09-13 02:45:00,278.859192
2025-09-13 03:00:00,278.906403
2025-09-13 03:15:00,279.865753
2025-09-13 03:30:00,279.930786
2025-09-13 03:45:00,263.930603
2025-09-13 04:00:00,263.931213
2025-09-13 04:15:00,263.909729
2025-09-13 04:30:00,263.66748
2025-09-13 04:45:00,279.574768
2025-09-13 05:00:00,289.496063
2025-09-13 05:15:00,283.507843
2025-09-13 05:30:00,289.302399
2025-09-13 05:45:00,289.572357
2025-09-13 06:00:00,289.584259
2025-09-13 06:15:00,279.562042
2025-09-13 06:30:00,263.5495
2025-09-13 06:45:00,252.554535
2025-09-13 07:00:00,252.750504
2025-09-13 07:15:00,259.764496
2025-09-13 07:30:00,284.000092
2025-09-13 07:45:00,284.000061
2025-09-13 08:00:00,288.999939
2025-09-13 08:15:00,292.999939
2025-09-13 08:30:00,300.0
2025-09-13 08:45:00,293.999908
2025-09-13 09:00:00,254.000015
2025-09-13 09:15:00,241.300186
2025-09-13 09:30:00,239.0
2025-09-13 09:45:00,223.489975
2025-09-13 10:00:00,221.000153
2025-09-13 10:15:00,235.150116
2025-09-13 10:30:00,223.490112
2025-09-13 10:45:00,264.449799
2025-09-13 11:00:00,264.000092
2025-09-13 11:15:00,263.999908
2025-09-13 11:30:00,250.027466
2025-09-13 11:45:00,250.000168
2025-09-13 12:00:00,259.622253
2025-09-13 12:15:00,272.832794
2025-09-13 12:30:00,264.0
2025-09-13 12:45:00,186.988159
2025-09-13 13:00:00,215.038452
2025-09-13 13:15:00,212.391693
2025-09-13 13:30:00,220.77536
2025-09-13 13:45:00,234.740875
2025-09-13 14:00:00,247.664215
2025-09-13 14:15:00,257.069061
2025-09-13 14:30:00,285.207031
2025-09-13 14:45:00,297.762909
2025-09-13 15:00:00,320.510284
2025-09-13 15:15:00,324.30896
2025-09-13 15:30:00,317.616516
2025-09-13 15:45:00,312.174896
2025-09-13 16:00:00,305.845154
2025-09-13 16:15:00,301.246948
2025-09-13 16:30:00,295.224579
2025-09-13 16:45:00,295.823944
2025-09-13 17:00:00,295.821075
2025-09-13 17:15:00,302.065094
2025-09-13 17:30:00,278.694946
2025-09-13 17:45:00,283.715515
2025-09-13 18:00:00,281.416351
2025-09-13 18:15:00,273.150269
2025-09-13 18:30:00,289.656311
2025-09-13 18:45:00,289.736237
2025-09-13 19:00:00,296.601257
2025-09-13 19:15:00,299.695526
2025-09-13 19:30:00,299.578278
2025-09-13 19:45:00,296.046936
2025-09-13 20:00:00,308.11142
2025-09-13 20:15:00,296.075562
2025-09-13 20:30:00,296.119568
2025-09-13 20:45:00,279.26178
2025-09-13 21:00:00,273.086853
2025-09-13 21:15:00,287.373718
2025-09-13 21:30:00,287.999207
2025-09-13 21:45:00,298.505798
2025-09-13 22:00:00,303.198792
2025-09-13 22:15:00,313.00766
2025-09-13 22:30:00,313.063293
2025-09-13 22:45:00,312.996246
2025-09-13 23:00:00,320.954132
2025-09-13 23:15:00,313.098755
2025-09-13 23:30:00,313.018311
2025-09-13 23:45:00,314.822021
2025-09-14 00:00:00,312.254974
2025-09-14 00:15:00,303.348877
2025-09-14 00:30:00,304.359924
2025-09-14 00:45:00,312.460907
2025-09-14 01:00:00,313.318207
2025-09-14 01:15:00,303.285583
2025-09-14 01:30:00,303.310425
2025-09-14 01:45:00,300.339722
2025-09-14 02:00:00,301.317505
2025-09-14 02:15:00,295.399231
2025-09-14 02:30:00,301.36554
2025-09-14 02:45:00,303.469421
2025-09-14 03:00:00,303.401428
2025-09-14 03:15:00,304.397858
2025-09-14 03:30:00,301.395966
2025-09-14 03:45:00,293.585083
2025-09-14 04:00:00,300.518616
2025-09-14 04:15:00,293.654572
2025-09-14 04:30:00,301.56781
2025-09-14 04:45:00,303.474915
2025-09-14 05:00:00,307.460785
2025-09-14 05:15:00,311.403137
2025-09-14 05:30:00,313.390686
2025-09-14 05:45:00,307.308228
2025-09-14 06:00:00,308.315155
2025-09-14 06:15:00,299.919342
2025-09-14 06:30:00,297.901031
2025-09-14 06:45:00,279.889008
2025-09-14 07:00:00,263.893005
2025-09-14 07:15:00,279.999786
2025-09-14 07:30:00,280.27359
2025-09-14 07:45:00,291.999939
2025-09-14 08:00:00,298.358307
2025-09-14 08:15:00,300.306274
2025-09-14 08:30:00,293.230377
2025-09-14 08:45:00,291.354767
2025-09-14 09:00:00,293.279053
2025-09-14 09:15:00,300.949219
2025-09-14 09:30:00,312.528961
2025-09-14 09:45:00,317.379395
2025-09-14 10:00:00,318.355225
2025-09-14 10:15:00,317.441162
2025-09-14 10:30:00,317.386444
2025-09-14 10:45:00,312.382263
2025-09-14 11:00:00,314.338226
2025-09-14 11:15:00,312.475372
2025-09-14 11:30:00,307.171753
2025-09-14 11:45:00,306.980927
2025-09-14 12:00:00,327.489288
2025-09-14 12:15:00,329.464691
2025-09-14 12:30:00,318.177704
2025-09-14 12:45:00,306.214874
2025-09-14 13:00:00,308.924896
2025-09-14 13:15:00,292.145599
2025-09-14 13:30:00,290.289703
2025-09-14 13:45:00,282.587585
2025-09-14 14:00:00,282.370636
2025-09-14 14:15:00,279.332489
2025-09-14 14:30:00,261.965485
2025-09-14 14:45:00,262.189697
2025-09-14 15:00:00,266.032867
2025-09-14 15:15:00,253.021912
2025-09-14 15:30:00,257.188446
2025-09-14 15:45:00,174.757248
2025-09-14 16:00:00,161.135818
2025-09-14 16:15:00,194.778091
2025-09-14 16:30:00,201.575485
2025-09-14 16:45:00,215.985153
2025-09-14 17:00:00,257.498322
2025-09-14 17:15:00,270.396179
2025-09-14 17:30:00,253.061234
2025-09-14 17:45:00,236.003647
2025-09-14 18:00:00,228.639511
2025-09-14 18:15:00,227.037048
2025-09-14 18:30:00,262.967712
2025-09-14 18:45:00,268.667236
2025-09-14 19:00:00,258.381622
2025-09-14 19:15:00,268.684784
2025-09-14 19:30:00,263.252441
2025-09-14 19:45:00,271.011108
2025-09-14 20:00:00,274.787537
2025-09-14 20:15:00,268.151154
2025-09-14 20:30:00,262.180573
2025-09-14 20:45:00,235.898849
2025-09-14 21:00:00,282.054657
2025-09-14 21:15:00,271.102509
2025-09-14 21:30:00,270.941284
2025-09-14 21:45:00,266.256317
2025-09-14 22:00:00,270.225098
2025-09-14 22:15:00,270.706085
2025-09-14 22:30:00,289.967255
2025-09-14 22:45:00,295.910248
2025-09-14 23:00:00,296.452087
2025-09-14 23:15:00,291.506287
2025-09-14 23:30:00,259.588104
2025-09-14 23:45:00,239.61142
2025-09-15 00:00:00,296.341156
2025-09-15 00:15:00,297.25528
2025-09-15 00:30:00,296.341614
2025-09-15 00:45:00,270.693115
2025-09-15 01:00:00,270.557983
2025-09-15 01:15:00,269.237305
2025-09-15 01:30:00,244.443466
2025-09-15 01:45:00,228.127502
2025-09-15 02:00:00,245.519547
2025-09-15 02:15:00,244.874298
2025-09-15 02:30:00,229.086487
2025-09-15 02:45:00,225.46022
2025-09-15 03:00:00,225.697327
2025-09-15 03:15:00,215.887894
2025-09-15 03:30:00,225.033508
2025-09-15 03:45:00,216.521255
2025-09-15 04:00:00,216.426712
2025-09-15 04:15:00,225.358505
2025-09-15 04:30:00,249.193176
2025-09-15 04:45:00,265.664459
2025-09-15 05:00:00,269.487335
2025-09-15 05:15:00,289.35257
2025-09-15 05:30:00,302.177094
2025-09-15 05:45:00,301.99234
2025-09-15 06:00:00,296.643005
2025-09-15 06:15:00,295.67099
2025-09-15 06:30:00,297.331573
2025-09-15 06:45:00,279.532837
2025-09-15 07:00:00,259.150269
2025-09-15 07:15:00,240.000061
2025-09-15 07:30:00,213.701553
2025-09-15 07:45:00,195.150116
2025-09-15 08:00:00,172.000137
2025-09-15 08:15:00,157.807693
2025-09-15 08:30:00,137.913605
2025-09-15 08:45:00,69.680618
2025-09-15 09:00:00,185.413467
2025-09-15 09:15:00,155.086502
2025-09-15 09:30:00,10.205529
2025-09-15 09:45:00,10.624874
2025-09-15 10:00:00,9.624123
2025-09-15 10:15:00,9.463961
2025-09-15 10:30:00,9.887637
2025-09-15 10:45:00,9.851335
2025-09-15 11:00:00,9.628516
2025-09-15 11:15:00,9.929018
2025-09-15 11:30:00,8.739851
2025-09-15 11:45:00,8.231654
2025-09-15 12:00:00,9.861738
2025-09-15 12:15:00,9.38844
2025-09-15 12:30:00,9.653542
2025-09-15 12:45:00,54.479435
2025-09-15 13:00:00,54.896912
2025-09-15 13:15:00,55.682377
2025-09-15 13:30:00,55.010906
2025-09-15 13:45:00,54.449696
2025-09-15 14:00:00,53.880367
2025-09-15 14:15:00,54.686321
2025-09-15 14:30:00,62.221218
2025-09-15 14:45:00,135.508026
2025-09-15 15:00:00,198.31041
2025-09-15 15:15:00,254.289215
2025-09-15 15:30:00,268.811981
2025-09-15 15:45:00,276.203125
2025-09-15 16:00:00,321.167114
2025-09-15 16:15:00,322.686005
2025-09-15 16:30:00,330.593719
2025-09-15 16:45:00,331.253754
2025-09-15 17:00:00,338.744476
2025-09-15 17:15:00,361.464813
2025-09-15 17:30:00,423.411346
2025-09-15 17:45:00,360.886475
2025-09-15 18:00:00,376.615479
2025-09-15 18:15:00,510.070068
2025-09-15 18:30:00,541.601563
2025-09-15 18:45:00,528.444946
2025-09-15 19:00:00,479.852509
2025-09-15 19:15:00,490.249237
2025-09-15 19:30:00,450.622772
2025-09-15 19:45:00,433.132507
2025-09-15 20:00:00,374.47702
2025-09-15 20:15:00,367.822693
2025-09-15 20:30:00,370.434753
2025-09-15 20:45:00,352.591614
2025-09-15 21:00:00,340.258667
2025-09-15 21:15:00,338.211243
2025-09-15 21:30:00,341.019165
2025-09-15 21:45:00,338.512604
2025-09-15 22:00:00,334.276428
2025-09-15 22:15:00,333.835388
2025-09-15 22:30:00,328.985809
2025-09-15 22:45:00,333.948547
2025-09-15 23:00:00,337.614258
2025-09-15 23:15:00,321.590698
2025-09-15 23:30:00,324.192474
2025-09-15 23:45:00,322.372314
2025-09-16 00:00:00,433.646729
2025-09-16 00:15:00,422.388824
2025-09-16 00:30:00,386.263916
2025-09-16 00:45:00,369.531219
2025-09-16 01:00:00,386.522247
2025-09-16 01:15:00,344.343231
2025-09-16 01:30:00,342.705078
2025-09-16 01:45:00,327.030945
2025-09-16 02:00:00,318.629974
2025-09-16 02:15:00,307.118011
2025-09-16 02:30:00,299.883667
2025-09-16 02:45:00,305.454865
2025-09-16 03:00:00,284.264862
2025-09-16 03:15:00,292.865143
2025-09-16 03:30:00,284.52536
2025-09-16 03:45:00,257.802399
2025-09-16 04:00:00,254.612305
2025-09-16 04:15:00,255.345963
2025-09-16 04:30:00,275.091003
2025-09-16 04:45:00,274.575348
2025-09-16 05:00:00,284.232941
2025-09-16 05:15:00,283.656006
2025-09-16 05:30:00,302.649719
2025-09-16 05:45:00,291.471954
2025-09-16 06:00:00,294.121704
2025-09-16 06:15:00,294.273041
2025-09-16 06:30:00,273.615387
2025-09-16 06:45:00,263.216156
2025-09-16 07:00:00,155.917862
2025-09-16 07:15:00,74.727692
2025-09-16 07:30:00,0.0
2025-09-16 07:45:00,9.909737
2025-09-16 08:00:00,11.64461
2025-09-16 08:15:00,11.817793
2025-09-16 08:30:00,11.599786
2025-09-16 08:45:00,14.701891
2025-09-16 09:00:00,29.215046
2025-09-16 09:15:00,74.642975
2025-09-16 09:30:00,91.198502
2025-09-16 09:45:00,55.846191
2025-09-16 10:00:00,65.741364
2025-09-16 10:15:00,33.608318
2025-09-16 10:30:00,11.624168
2025-09-16 10:45:00,49.680149
2025-09-16 11:00:00,55.883854
2025-09-16 11:15:00,52.778427
2025-09-16 11:30:00,30.952394
2025-09-16 11:45:00,31.317562
2025-09-16 12:00:00,51.454594
2025-09-16 12:15:00,54.952805
2025-09-16 12:30:00,54.422375
2025-09-16 12:45:00,52.380817
2025-09-16 13:00:00,49.419312
2025-09-16 13:15:00,56.159237
2025-09-16 13:30:00,52.735302
2025-09-16 13:45:00,54.076817
2025-09-16 14:00:00,58.751575
2025-09-16 14:15:00,56.867779
2025-09-16 14:30:00,57.554039
2025-09-16 14:45:00,59.332047
2025-09-16 15:00:00,87.430832
2025-09-16 15:15:00,212.026306
2025-09-16 15:30:00,253.274445
2025-09-16 15:45:00,287.029358
2025-09-16 16:00:00,380.292023
2025-09-16 16:15:00,428.094788
2025-09-16 16:30:00,448.866364
2025-09-16 16:45:00,461.849091
2025-09-16 17:00:00,655.884583
2025-09-16 17:15:00,591.645203
2025-09-16 17:30:00,627.907166
2025-09-16 17:45:00,719.498596
2025-09-16 18:00:00,733.918701
2025-09-16 18:15:00,735.119202
2025-09-16 18:30:00,779.429321
2025-09-16 18:45:00,739.241699
2025-09-16 19:00:00,710.765259
2025-09-16 19:15:00,721.470581
2025-09-16 19:30:00,758.15979
2025-09-16 19:45:00,614.83783
2025-09-16 20:00:00,563.664001
2025-09-16 20:15:00,570.286499
2025-09-16 20:30:00,615.312988
2025-09-16 20:45:00,741.589111
2025-09-16 21:00:00,853.45105
2025-09-16 21:15:00,864.758545
2025-09-16 21:30:00,790.986694
2025-09-16 21:45:00,456.677216
2025-09-16 22:00:00,436.617004
2025-09-16 22:15:00,438.621613
2025-09-16 22:30:00,438.769287
2025-09-16 22:45:00,434.862976
2025-09-16 23:00:00,463.073517
2025-09-16 23:15:00,552.81134
2025-09-16 23:30:00,502.543488
2025-09-16 23:45:00,487.958252
2025-09-17 00:00:00,334.901306
2025-09-17 00:15:00,426.56958
2025-09-17 00:30:00,350.232086
2025-09-17 00:45:00,338.339417
2025-09-17 01:00:00,329.205444
2025-09-17 01:15:00,322.299469
2025-09-17 01:30:00,318.922058
2025-09-17 01:45:00,319.177368
2025-09-17 02:00:00,325.42392
2025-09-17 02:15:00,323.282959
2025-09-17 02:30:00,321.477966
2025-09-17 02:45:00,320.490723
2025-09-17 03:00:00,261.497284
2025-09-17 03:15:00,284.13385
2025-09-17 03:30:00,253.573761
2025-09-17 03:45:00,259.323669
2025-09-17 04:00:00,235.764114
2025-09-17 04:15:00,244.052811
2025-09-17 04:30:00,270.623291
2025-09-17 04:45:00,287.037048
2025-09-17 05:00:00,294.450562
2025-09-17 05:15:00,303.288239
2025-09-17 05:30:00,304.334076
2025-09-17 05:45:00,304.352753
2025-09-17 06:00:00,307.52951
2025-09-17 06:15:00,310.7258
2025-09-17 06:30:00,306.719696
2025-09-17 06:45:00,227.30983
2025-09-17 07:00:00,191.475449
2025-09-17 07:15:00,112.873474
2025-09-17 07:30:00,60.788052
2025-09-17 07:45:00,47.49176
2025-09-17 08:00:00,14.641519
2025-09-17 08:15:00,57.687492
2025-09-17 08:30:00,61.55304
2025-09-17 08:45:00,52.010082
2025-09-17 09:00:00,6.566657
2025-09-17 09:15:00,6.363759
2025-09-17 09:30:00,6.316431
2025-09-17 09:45:00,7.645769
2025-09-17 10:00:00,9.738888
2025-09-17 10:15:00,54.095604
2025-09-17 10:30:00,64.31179
2025-09-17 10:45:00,73.287064
2025-09-17 11:00:00,79.636391
2025-09-17 11:15:00,64.663025
2025-09-17 11:30:00,47.907478
2025-09-17 11:45:00,48.118259
2025-09-17 12:00:00,52.383259
2025-09-17 12:15:00,63.191879
2025-09-17 12:30:00,73.520447
2025-09-17 12:45:00,62.513016
2025-09-17 13:00:00,97.270882
2025-09-17 13:15:00,110.916161
2025-09-17 13:30:00,100.495026
2025-09-17 13:45:00,142.901733
2025-09-17 14:00:00,147.74707
2025-09-17 14:15:00,200.94162
2025-09-17 14:30:00,240.130585
2025-09-17 14:45:00,296.68869
2025-09-17 15:00:00,283.38031
2025-09-17 15:15:00,284.378174
2025-09-17 15:30:00,252.407211
2025-09-17 15:45:00,256.341217
2025-09-17 16:00:00,299.741028
2025-09-17 16:15:00,292.123291
2025-09-17 16:30:00,312.381714
2025-09-17 16:45:00,329.397125
2025-09-17 17:00:00,306.144043
2025-09-17 17:15:00,318.325531
2025-09-17 17:30:00,315.760162
2025-09-17 17:45:00,318.802643
2025-09-17 18:00:00,326.888977
2025-09-17 18:15:00,325.284363
2025-09-17 18:30:00,327.320648
2025-09-17 18:45:00,324.641937
2025-09-17 19:00:00,324.468719
2025-09-17 19:15:00,323.006653
2025-09-17 19:30:00,316.702759
2025-09-17 19:45:00,229.602554
2025-09-17 20:00:00,221.585541
2025-09-17 20:15:00,216.415268
2025-09-17 20:30:00,192.341934
2025-09-17 20:45:00,214.959412
2025-09-17 21:00:00,179.910645
2025-09-17 21:15:00,176.51973
2025-09-17 21:30:00,163.336456
2025-09-17 21:45:00,197.636505
2025-09-17 22:00:00,129.700226
2025-09-17 22:15:00,131.009125
2025-09-17 22:30:00,130.163773
2025-09-17 22:45:00,126.436203
2025-09-17 23:00:00,140.120605
2025-09-17 23:15:00,81.08017
2025-09-17 23:30:00,62.971958
2025-09-17 23:45:00,67.871689
2025-09-18 00:00:00,107.467773
2025-09-18 00:15:00,212.309082
2025-09-18 00:30:00,251.922195
2025-09-18 00:45:00,151.033737
2025-09-18 01:00:00,148.615738
2025-09-18 01:15:00,153.671463
2025-09-18 01:30:00,153.781021
2025-09-18 01:45:00,146.859894
2025-09-18 02:00:00,161.555984
2025-09-18 02:15:00,159.510941
2025-09-18 02:30:00,129.216309
2025-09-18 02:45:00,136.471924
2025-09-18 03:00:00,120.041504
2025-09-18 03:15:00,127.718201
2025-09-18 03:30:00,122.296059
2025-09-18 03:45:00,98.15844
2025-09-18 04:00:00,92.177795
2025-09-18 04:15:00,68.871979
2025-09-18 04:30:00,50.768402
2025-09-18 04:45:00,47.494038
2025-09-18 05:00:00,48.932331
2025-09-18 05:15:00,87.654503
2025-09-18 05:30:00,48.187428
2025-09-18 05:45:00,51.019413
2025-09-18 06:00:00,49.998753
2025-09-18 06:15:00,51.174259
2025-09-18 06:30:00,56.705734
2025-09-18 06:45:00,43.907604
2025-09-18 07:00:00,50.385021
2025-09-18 07:15:00,66.895447
2025-09-18 07:30:00,123.763832
2025-09-18 07:45:00,135.25856
2025-09-18 08:00:00,219.188019
2025-09-18 08:15:00,380.06604
2025-09-18 08:30:00,414.424164
2025-09-18 08:45:00,304.59964
2025-09-18 09:00:00,258.968231
2025-09-18 09:15:00,311.881866
2025-09-18 09:30:00,275.299011
2025-09-18 09:45:00,276.009552
2025-09-18 10:00:00,239.565765
2025-09-18 10:15:00,238.6707
2025-09-18 10:30:00,236.989868
2025-09-18 10:45:00,223.469025
2025-09-18 11:00:00,223.029724
2025-09-18 11:15:00,236.862579
2025-09-18 11:30:00,223.259293
2025-09-18 11:45:00,146.75177
2025-09-18 12:00:00,181.174133
2025-09-18 12:15:00,203.744522
2025-09-18 12:30:00,168.92749
2025-09-18 12:45:00,139.394485
2025-09-18 13:00:00,136.712311
2025-09-18 13:15:00,105.330368
2025-09-18 13:30:00,105.000229
2025-09-18 13:45:00,97.054878
2025-09-18 14:00:00,129.619553
2025-09-18 14:15:00,131.693924
2025-09-18 14:30:00,138.686508
2025-09-18 14:45:00,173.735733
2025-09-18 15:00:00,142.603012
2025-09-18 15:15:00,182.671982
2025-09-18 15:30:00,154.831192
2025-09-18 15:45:00,146.042984
2025-09-18 16:00:00,157.693939
2025-09-18 16:15:00,174.09552
2025-09-18 16:30:00,227.092667
2025-09-18 16:45:00,144.368561
2025-09-18 17:00:00,228.677933
2025-09-18 17:15:00,205.543518
2025-09-18 17:30:00,171.502853
2025-09-18 17:45:00,139.279236
2025-09-18 18:00:00,144.485931
2025-09-18 18:15:00,186.328354
2025-09-18 18:30:00,186.956924
2025-09-18 18:45:00,205.959183
2025-09-18 19:00:00,199.028458
2025-09-18 19:15:00,180.306702
2025-09-18 19:30:00,142.586166
2025-09-18 19:45:00,141.185043
2025-09-18 20:00:00,144.913498
2025-09-18 20:15:00,144.278046
2025-09-18 20:30:00,140.74382
2025-09-18 20:45:00,107.060112
2025-09-18 21:00:00,130.843445
2025-09-18 21:15:00,148.856827
2025-09-18 21:30:00,120.298347
2025-09-18 21:45:00,123.945946
2025-09-18 22:00:00,128.949295
2025-09-18 22:15:00,130.631058
2025-09-18 22:30:00,152.047089
2025-09-18 22:45:00,129.90947
2025-09-18 23:00:00,103.513268
2025-09-18 23:15:00,77.533699
2025-09-18 23:30:00,98.673828
2025-09-18 23:45:00,269.436707
2025-09-19 00:00:00,103.273201
2025-09-19 00:15:00,119.17662
2025-09-19 00:30:00,104.348732
2025-09-19 00:45:00,144.037857
2025-09-19 01:00:00,104.852982
2025-09-19 01:15:00,103.154152
2025-09-19 01:30:00,91.005348
2025-09-19 01:45:00,127.885101
2025-09-19 02:00:00,118.519264
2025-09-19 02:15:00,63.322556
2025-09-19 02:30:00,44.310314
2025-09-19 02:45:00,27.238815
2025-09-19 03:00:00,18.064224
2025-09-19 03:15:00,25.217052
2025-09-19 03:30:00,6.492539
2025-09-19 03:45:00,6.672772
2025-09-19 04:00:00,26.482111
2025-09-19 04:15:00,18.232279
2025-09-19 04:30:00,26.91857
2025-09-19 04:45:00,26.815508
2025-09-19 05:00:00,83.958603
2025-09-19 05:15:00,49.362301
2025-09-19 05:30:00,46.369682
2025-09-19 05:45:00,27.441467
2025-09-19 06:00:00,45.482418
2025-09-19 06:15:00,18.150341
2025-09-19 06:30:00,45.932495
2025-09-19 06:45:00,26.727276
2025-09-19 07:00:00,26.615753
2025-09-19 07:15:00,125.413574
2025-09-19 07:30:00,147.941101
2025-09-19 07:45:00,277.976257
2025-09-19 08:00:00,263.272949
2025-09-19 08:15:00,283.026489
2025-09-19 08:30:00,242.977432
2025-09-19 08:45:00,252.481079
2025-09-19 09:00:00,235.553726
2025-09-19 09:15:00,183.286285
2025-09-19 09:30:00,214.288391
2025-09-19 09:45:00,170.080185
2025-09-19 10:00:00,128.865646
2025-09-19 10:15:00,151.172867
2025-09-19 10:30:00,79.696404
2025-09-19 10:45:00,79.642632
2025-09-19 11:00:00,58.426575
2025-09-19 11:15:00,41.303886
2025-09-19 11:30:00,49.210812
2025-09-19 11:45:00,53.804707
2025-09-19 12:00:00,51.544945
2025-09-19 12:15:00,60.062046
2025-09-19 12:30:00,56.405289
2025-09-19 12:45:00,48.232231
2025-09-19 13:00:00,51.101807
2025-09-19 13:15:00,34.439503
2025-09-19 13:30:00,42.789318
2025-09-19 13:45:00,21.208824
2025-09-19 14:00:00,26.334789
2025-09-19 14:15:00,24.469624
2025-09-19 14:30:00,11.747959
2025-09-19 14:45:00,20.822599
2025-09-19 15:00:00,23.973923
2025-09-19 15:15:00,18.112381
2025-09-19 15:30:00,12.605533
2025-09-19 15:45:00,11.262607
2025-09-19 16:00:00,52.108578
2025-09-19 16:15:00,32.273445
2025-09-19 16:30:00,110.50161
2025-09-19 16:45:00,117.119194
2025-09-19 17:00:00,116.346451
2025-09-19 17:15:00,54.201267
2025-09-19 17:30:00,45.948223
2025-09-19 17:45:00,36.759373
2025-09-19 18:00:00,36.276478
2025-09-19 18:15:00,60.850857
2025-09-19 18:30:00,100.18206
2025-09-19 18:45:00,63.279617
2025-09-19 19:00:00,68.729385
2025-09-19 19:15:00,50.26252
2025-09-19 19:30:00,43.510925
2025-09-19 19:45:00,57.011909
2025-09-19 20:00:00,31.798159
2025-09-19 20:15:00,23.243193
2025-09-19 20:30:00,35.223301
2025-09-19 20:45:00,32.052757
2025-09-19 21:00:00,24.627932
2025-09-19 21:15:00,25.02648
2025-09-19 21:30:00,25.293673
2025-09-19 21:45:00,23.982859
2025-09-19 22:00:00,22.671652
2025-09-19 22:15:00,20.359037
2025-09-19 22:30:00,36.332966
2025-09-19 22:45:00,20.207306
2025-09-19 23:00:00,28.431118
2025-09-19 23:15:00,8.354841
2025-09-19 23:30:00,7.441964
2025-09-19 23:45:00,7.625834
2025-09-20 00:00:00,20.235626
2025-09-20 00:15:00,49.962822
2025-09-20 00:30:00,52.028351
2025-09-20 00:45:00,51.398788
2025-09-20 01:00:00,80.912155
2025-09-20 01:15:00,98.515129
2025-09-20 01:30:00,48.875118
2025-09-20 01:45:00,24.036972
2025-09-20 02:00:00,50.929985
2025-09-20 02:15:00,86.733719
2025-09-20 02:30:00,49.107872
2025-09-20 02:45:00,6.849658
2025-09-20 03:00:00,18.770575
2025-09-20 03:15:00,6.766904
2025-09-20 03:30:00,18.920164
2025-09-20 03:45:00,6.782456
2025-09-20 04:00:00,6.920075
2025-09-20 04:15:00,6.538384
2025-09-20 04:30:00,24.757641
2025-09-20 04:45:00,28.720989
2025-09-20 05:00:00,89.732506
2025-09-20 05:15:00,48.699955
2025-09-20 05:30:00,48.73016
2025-09-20 05:45:00,62.442665
2025-09-20 06:00:00,88.173645
2025-09-20 06:15:00,88.209648
2025-09-20 06:30:00,23.897614
2025-09-20 06:45:00,0.0
2025-09-20 07:00:00,0.15901
2025-09-20 07:15:00,0.365248
2025-09-20 07:30:00,6.655985
2025-09-20 07:45:00,7.53834
2025-09-20 08:00:00,8.598727
2025-09-20 08:15:00,8.357465
2025-09-20 08:30:00,7.658572
2025-09-20 08:45:00,9.848735
2025-09-20 09:00:00,9.227807
2025-09-20 09:15:00,7.587754
2025-09-20 09:30:00,20.682405
2025-09-20 09:45:00,16.596148
2025-09-20 10:00:00,17.592146
2025-09-20 10:15:00,17.992847
2025-09-20 10:30:00,17.554979
2025-09-20 10:45:00,18.008327
2025-09-20 11:00:00,1.774872
2025-09-20 11:15:00,0.0
2025-09-20 11:30:00,18.204029
2025-09-20 11:45:00,17.636801
2025-09-20 12:00:00,20.863628
2025-09-20 12:15:00,19.939417
2025-09-20 12:30:00,1.881271
2025-09-20 12:45:00,1.794809
2025-09-20 13:00:00,24.479353
2025-09-20 13:15:00,24.731792
2025-09-20 13:30:00,25.410721
2025-09-20 13:45:00,25.541063
2025-09-20 14:00:00,25.359715
2025-09-20 14:15:00,19.859539
2025-09-20 14:30:00,19.337816
2025-09-20 14:45:00,16.123037
2025-09-20 15:00:00,15.224854
2025-09-20 15:15:00,14.89999
2025-09-20 15:30:00,15.640169
2025-09-20 15:45:00,15.723982
2025-09-20 16:00:00,19.06686
2025-09-20 16:15:00,24.503611
2025-09-20 16:30:00,25.880335
2025-09-20 16:45:00,26.27387
2025-09-20 17:00:00,25.993063
2025-09-20 17:15:00,9.512517
2025-09-20 17:30:00,9.329411
2025-09-20 17:45:00,8.269757
2025-09-20 18:00:00,14.959068
2025-09-20 18:15:00,8.185472
2025-09-20 18:30:00,20.2831
2025-09-20 18:45:00,26.841162
2025-09-20 19:00:00,139.002609
2025-09-20 19:15:00,175.603775
2025-09-20 19:30:00,174.231873
2025-09-20 19:45:00,94.659576
2025-09-20 20:00:00,100.133156
2025-09-20 20:15:00,10.879972
2025-09-20 20:30:00,7.06919
2025-09-20 20:45:00,6.784983
2025-09-20 21:00:00,7.254888
2025-09-20 21:15:00,7.246926
2025-09-20 21:30:00,7.35921
2025-09-20 21:45:00,7.439252
2025-09-20 22:00:00,7.548303
2025-09-20 22:15:00,12.364658
2025-09-20 22:30:00,7.437543
2025-09-20 22:45:00,7.393081
2025-09-20 23:00:00,9.338052
2025-09-20 23:15:00,5.609655
2025-09-20 23:30:00,6.28796
2025-09-20 23:45:00,6.666268
2025-09-21 00:00:00,11.301902
2025-09-21 00:15:00,12.127262
2025-09-21 00:30:00,12.845662
2025-09-21 00:45:00,13.333053
2025-09-21 01:00:00,13.193933
2025-09-21 01:15:00,12.587169
2025-09-21 01:30:00,12.267752
2025-09-21 01:45:00,12.965604
2025-09-21 02:00:00,12.129455
2025-09-21 02:15:00,11.952668
2025-09-21 02:30:00,11.92632
2025-09-21 02:45:00,12.608801
2025-09-21 03:00:00,12.20308
2025-09-21 03:15:00,12.226626
2025-09-21 03:30:00,12.244237
2025-09-21 03:45:00,12.972855
2025-09-21 04:00:00,12.731986
2025-09-21 04:15:00,12.599531
2025-09-21 04:30:00,12.589877
2025-09-21 04:45:00,12.170921
2025-09-21 05:00:00,11.449045
2025-09-21 05:15:00,9.672729
2025-09-21 05:30:00,9.593493
2025-09-21 05:45:00,10.009138
2025-09-21 06:00:00,7.769401
2025-09-21 06:15:00,17.727711
2025-09-21 06:30:00,11.560223
2025-09-21 06:45:00,11.373495
2025-09-21 07:00:00,12.586728
2025-09-21 07:15:00,13.297163
2025-09-21 07:30:00,7.836352
2025-09-21 07:45:00,8.628077
2025-09-21 08:00:00,7.454232
2025-09-21 08:15:00,2.248291
2025-09-21 08:30:00,7.253908
2025-09-21 08:45:00,6.967315
2025-09-21 09:00:00,6.782528
2025-09-21 09:15:00,1.816327
2025-09-21 09:30:00,1.656884
2025-09-21 09:45:00,5.265475
2025-09-21 10:00:00,5.408655
2025-09-21 10:15:00,1.621824
2025-09-21 10:30:00,5.486123
2025-09-21 10:45:00,1.675136
2025-09-21 11:00:00,1.687511
2025-09-21 11:15:00,1.706005
2025-09-21 11:30:00,1.783845
2025-09-21 11:45:00,1.840862
2025-09-21 12:00:00,1.759075
2025-09-21 12:15:00,1.677972
2025-09-21 12:30:00,1.762213
2025-09-21 12:45:00,5.808799
2025-09-21 13:00:00,5.713719
2025-09-21 13:15:00,1.705951
2025-09-21 13:30:00,2.383203
2025-09-21 13:45:00,2.462131
2025-09-21 14:00:00,2.691416
2025-09-21 14:15:00,2.648506
2025-09-21 14:30:00,2.80918
2025-09-21 14:45:00,1.711595
2025-09-21 15:00:00,1.637439
2025-09-21 15:15:00,1.564055
2025-09-21 15:30:00,1.570583
2025-09-21 15:45:00,1.497514
2025-09-21 16:00:00,22.498398
2025-09-21 16:15:00,9.829333
2025-09-21 16:30:00,26.577713
2025-09-21 16:45:00,23.368576
2025-09-21 17:00:00,12.690997
2025-09-21 17:15:00,12.608513
2025-09-21 17:30:00,12.18192
2025-09-21 17:45:00,10.235385
2025-09-21 18:00:00,24.798649
2025-09-21 18:15:00,19.789255
2025-09-21 18:30:00,20.356379
2025-09-21 18:45:00,139.331863
2025-09-21 19:00:00,31.182283
2025-09-21 19:15:00,59.614433
2025-09-21 19:30:00,59.015003
2025-09-21 19:45:00,10.310398
2025-09-21 20:00:00,10.098414
2025-09-21 20:15:00,9.109316
2025-09-21 20:30:00,9.340922
2025-09-21 20:45:00,7.249777
2025-09-21 21:00:00,8.105214
2025-09-21 21:15:00,5.175046
2025-09-21 21:30:00,5.218166
2025-09-21 21:45:00,9.978866
2025-09-21 22:00:00,5.879412
2025-09-21 22:15:00,6.254836
2025-09-21 22:30:00,6.461436
2025-09-21 22:45:00,5.931517
2025-09-21 23:00:00,5.897255
2025-09-21 23:15:00,6.154465
2025-09-21 23:30:00,6.301534
2025-09-21 23:45:00,7.074993
2025-09-22 00:00:00,9.187715
2025-09-22 00:15:00,11.42665
2025-09-22 00:30:00,98.86338
2025-09-22 00:45:00,12.119674
2025-09-22 01:00:00,12.518109
2025-09-22 01:15:00,12.09339
2025-09-22 01:30:00,12.105573
2025-09-22 01:45:00,11.923927
2025-09-22 02:00:00,7.119837
2025-09-22 02:15:00,11.090849
2025-09-22 02:30:00,11.04561
2025-09-22 02:45:00,11.480177
2025-09-22 03:00:00,11.183498
2025-09-22 03:15:00,11.72699
2025-09-22 03:30:00,11.833497
2025-09-22 03:45:00,12.03043
2025-09-22 04:00:00,12.333289
2025-09-22 04:15:00,12.183342
2025-09-22 04:30:00,12.264753
2025-09-22 04:45:00,11.810266
2025-09-22 05:00:00,12.003464
2025-09-22 05:15:00,11.776404
2025-09-22 05:30:00,11.885993
2025-09-22 05:45:00,11.953053
2025-09-22 06:00:00,12.07765
2025-09-22 06:15:00,33.662567
2025-09-22 06:30:00,134.455688
2025-09-22 06:45:00,116.238708
2025-09-22 07:00:00,133.143051
2025-09-22 07:15:00,151.797409
2025-09-22 07:30:00,151.695648
2025-09-22 07:45:00,280.279205
2025-09-22 08:00:00,305.749298
2025-09-22 08:15:00,283.07486
2025-09-22 08:30:00,226.225525
2025-09-22 08:45:00,300.124786
2025-09-22 09:00:00,317.661041
2025-09-22 09:15:00,318.493103
2025-09-22 09:30:00,302.324707
2025-09-22 09:45:00,289.289154
2025-09-22 10:00:00,292.074615
2025-09-22 10:15:00,245.323486
2025-09-22 10:30:00,146.182312
2025-09-22 10:45:00,125.787224
2025-09-22 11:00:00,121.985497
2025-09-22 11:15:00,96.621216
2025-09-22 11:30:00,34.806351
2025-09-22 11:45:00,27.800407
2025-09-22 12:00:00,14.803199
2025-09-22 12:15:00,17.543591
2025-09-22 12:30:00,16.947922
2025-09-22 12:45:00,18.706848
2025-09-22 13:00:00,18.753983
2025-09-22 13:15:00,18.229351
2025-09-22 13:30:00,17.980661
2025-09-22 13:45:00,17.122089
2025-09-22 14:00:00,19.67655
2025-09-22 14:15:00,27.632711
2025-09-22 14:30:00,34.77623
2025-09-22 14:45:00,120.968536
2025-09-22 15:00:00,133.840866
2025-09-22 15:15:00,121.486687
2025-09-22 15:30:00,63.354858
2025-09-22 15:45:00,42.832104
2025-09-22 16:00:00,44.320045
2025-09-22 16:15:00,67.531219
2025-09-22 16:30:00,67.875641
2025-09-22 16:45:00,142.252289
2025-09-22 17:00:00,142.345718
2025-09-22 17:15:00,33.014633
2025-09-22 17:30:00,123.292137
2025-09-22 17:45:00,37.186562
2025-09-22 18:00:00,124.553169
2025-09-22 18:15:00,139.970963
2025-09-22 18:30:00,207.082565
2025-09-22 18:45:00,144.078033
2025-09-22 19:00:00,218.154968
2025-09-22 19:15:00,216.960388
2025-09-22 19:30:00,141.371765
2025-09-22 19:45:00,142.37262
2025-09-22 20:00:00,141.878433
2025-09-22 20:15:00,123.587624
2025-09-22 20:30:00,83.802025
2025-09-22 20:45:00,41.174664
2025-09-22 21:00:00,67.432159
2025-09-22 21:15:00,122.066544
2025-09-22 21:30:00,57.30508
2025-09-22 21:45:00,121.505272
2025-09-22 22:00:00,135.88829
2025-09-22 22:15:00,140.902649
2025-09-22 22:30:00,86.115692
2025-09-22 22:45:00,24.889418
2025-09-22 23:00:00,7.378167
2025-09-22 23:15:00,6.92504
2025-09-22 23:30:00,6.724983
2025-09-22 23:45:00,7.724226
2025-09-23 00:00:00,212.972763
2025-09-23 00:15:00,273.797302
2025-09-23 00:30:00,143.033508
2025-09-23 00:45:00,110.615517
2025-09-23 01:00:00,152.499817
2025-09-23 01:15:00,222.408966
2025-09-23 01:30:00,145.86467
2025-09-23 01:45:00,5.050725
2025-09-23 02:00:00,12.591329
2025-09-23 02:15:00,12.672096
2025-09-23 02:30:00,12.71904
2025-09-23 02:45:00,13.341662
2025-09-23 03:00:00,12.646809
2025-09-23 03:15:00,12.661721
2025-09-23 03:30:00,13.067837
2025-09-23 03:45:00,13.250412
2025-09-23 04:00:00,13.613117
2025-09-23 04:15:00,14.309862
2025-09-23 04:30:00,13.770886
2025-09-23 04:45:00,13.765136
2025-09-23 05:00:00,13.344357
2025-09-23 05:15:00,12.756309
2025-09-23 05:30:00,12.626553
2025-09-23 05:45:00,12.81562
2025-09-23 06:00:00,42.018375
2025-09-23 06:15:00,86.892021
2025-09-23 06:30:00,87.262512
2025-09-23 06:45:00,56.547169
2025-09-23 07:00:00,25.913717
2025-09-23 07:15:00,296.999969
2025-09-23 07:30:00,312.000031
2025-09-23 07:45:00,152.134323
2025-09-23 08:00:00,161.496185
2025-09-23 08:15:00,96.796631
2025-09-23 08:30:00,39.593803
2025-09-23 08:45:00,27.764456
2025-09-23 09:00:00,8.515148
2025-09-23 09:15:00,8.68818
2025-09-23 09:30:00,8.484562
2025-09-23 09:45:00,8.604682
2025-09-23 10:00:00,89.199936
2025-09-23 10:15:00,26.981453
2025-09-23 10:30:00,7.393892
2025-09-23 10:45:00,13.922486
2025-09-23 11:00:00,14.646084
2025-09-23 11:15:00,15.271115
2025-09-23 11:30:00,13.983544
2025-09-23 11:45:00,11.795732
2025-09-23 12:00:00,13.984098
2025-09-23 12:15:00,14.939144
2025-09-23 12:30:00,13.059389
2025-09-23 12:45:00,15.764112
2025-09-23 13:00:00,19.304813
2025-09-23 13:15:00,11.20178
2025-09-23 13:30:00,10.95529
2025-09-23 13:45:00,14.077557
2025-09-23 14:00:00,13.847691
2025-09-23 14:15:00,14.661277
2025-09-23 14:30:00,14.519911
2025-09-23 14:45:00,13.024734
2025-09-23 15:00:00,10.349883
2025-09-23 15:15:00,13.377523
2025-09-23 15:30:00,13.202586
2025-09-23 15:45:00,4.392686
2025-09-23 16:00:00,12.142615
2025-09-23 16:15:00,11.988403
2025-09-23 16:30:00,21.059225
2025-09-23 16:45:00,29.111414
2025-09-23 17:00:00,17.387079
2025-09-23 17:15:00,16.648462
2025-09-23 17:30:00,29.295233
2025-09-23 17:45:00,26.728117
2025-09-23 18:00:00,80.11972
2025-09-23 18:15:00,76.677055
2025-09-23 18:30:00,143.341553
2025-09-23 18:45:00,141.35527
2025-09-23 19:00:00,124.008659
2025-09-23 19:15:00,63.968548
2025-09-23 19:30:00,44.218323
2025-09-23 19:45:00,30.926064
2025-09-23 20:00:00,7.061549
2025-09-23 20:15:00,20.576113
2025-09-23 20:30:00,18.748356
2025-09-23 20:45:00,4.768927
2025-09-23 21:00:00,4.022331
2025-09-23 21:15:00,3.896781
2025-09-23 21:30:00,3.993393
2025-09-23 21:45:00,4.331554
2025-09-23 22:00:00,7.533435
2025-09-23 22:15:00,10.808909
2025-09-23 22:30:00,3.214334
2025-09-23 22:45:00,15.46555
2025-09-23 23:00:00,3.532226
2025-09-23 23:15:00,6.717637
2025-09-23 23:30:00,7.120508
2025-09-23 23:45:00,4.913248
2025-09-24 00:00:00,13.005095
2025-09-24 00:15:00,13.863169
2025-09-24 00:30:00,10.484476
2025-09-24 00:45:00,11.069175
2025-09-24 01:00:00,11.168293
2025-09-24 01:15:00,10.629498
2025-09-24 01:30:00,10.938587
2025-09-24 01:45:00,8.752762
2025-09-24 02:00:00,16.005537
2025-09-24 02:15:00,9.232756
2025-09-24 02:30:00,9.026124
2025-09-24 02:45:00,9.004674
2025-09-24 03:00:00,9.493239
2025-09-24 03:15:00,9.235908
2025-09-24 03:30:00,9.075332
2025-09-24 03:45:00,9.195977
2025-09-24 04:00:00,9.276177
2025-09-24 04:15:00,9.075941
2025-09-24 04:30:00,9.445731
2025-09-24 04:45:00,9.065841
2025-09-24 05:00:00,2.529778
2025-09-24 05:15:00,8.234146
2025-09-24 05:30:00,2.473815
2025-09-24 05:45:00,2.601812
2025-09-24 06:00:00,21.578869
2025-09-24 06:15:00,2.983226
2025-09-24 06:30:00,2.826973
2025-09-24 06:45:00,6.807173
2025-09-24 07:00:00,7.728956
2025-09-24 07:15:00,8.185303
2025-09-24 07:30:00,8.382124
2025-09-24 07:45:00,5.281693
2025-09-24 08:00:00,9.077433
2025-09-24 08:15:00,4.974148
2025-09-24 08:30:00,5.252069
2025-09-24 08:45:00,4.155567
2025-09-24 09:00:00,11.082179
2025-09-24 09:15:00,7.000722
2025-09-24 09:30:00,9.225519
2025-09-24 09:45:00,19.483976
2025-09-24 10:00:00,2.635214
2025-09-24 10:15:00,6.580169
2025-09-24 10:30:00,21.964121
2025-09-24 10:45:00,18.62162
2025-09-24 11:00:00,20.862751
2025-09-24 11:15:00,37.720959
2025-09-24 11:30:00,35.481915
2025-09-24 11:45:00,39.213501
2025-09-24 12:00:00,41.323807
2025-09-24 12:15:00,41.718422
2025-09-24 12:30:00,41.101818
2025-09-24 12:45:00,40.80217
2025-09-24 13:00:00,48.724846
2025-09-24 13:15:00,39.724876
2025-09-24 13:30:00,39.090935
2025-09-24 13:45:00,39.096607
2025-09-24 14:00:00,43.531677
2025-09-24 14:15:00,30.750244
2025-09-24 14:30:00,31.754498
2025-09-24 14:45:00,28.371702
2025-09-24 15:00:00,36.08252
2025-09-24 15:15:00,21.847864
2025-09-24 15:30:00,24.531595
2025-09-24 15:45:00,22.968292
2025-09-24 16:00:00,34.415401
2025-09-24 16:15:00,33.140823
2025-09-24 16:30:00,37.059582
2025-09-24 16:45:00,41.76527
2025-09-24 17:00:00,48.594681
2025-09-24 17:15:00,51.270615
2025-09-24 17:30:00,16.513224
2025-09-24 17:45:00,43.738968
2025-09-24 18:00:00,46.022846
2025-09-24 18:15:00,48.365955
2025-09-24 18:30:00,71.353813
2025-09-24 18:45:00,107.367027
2025-09-24 19:00:00,57.910275
2025-09-24 19:15:00,58.005413
2025-09-24 19:30:00,57.856876
2025-09-24 19:45:00,53.170471
2025-09-24 20:00:00,27.721022
2025-09-24 20:15:00,67.004723
2025-09-24 20:30:00,26.153835
2025-09-24 20:45:00,32.448421
2025-09-24 21:00:00,49.922184
2025-09-24 21:15:00,35.482327
2025-09-24 21:30:00,31.633724
2025-09-24 21:45:00,40.833405
2025-09-24 22:00:00,36.424896
2025-09-24 22:15:00,28.105639
2025-09-24 22:30:00,25.234667
2025-09-24 22:45:00,24.848934
2025-09-24 23:00:00,25.631651
2025-09-24 23:15:00,24.443439
2025-09-24 23:30:00,21.601055
2025-09-24 23:45:00,21.133034
2025-09-25 00:00:00,14.261698
2025-09-25 00:15:00,16.877062
2025-09-25 00:30:00,30.057404
2025-09-25 00:45:00,29.429817
2025-09-25 01:00:00,29.264753
2025-09-25 01:15:00,26.942556
2025-09-25 01:30:00,29.293768
2025-09-25 01:45:00,25.92942
2025-09-25 02:00:00,25.784452
2025-09-25 02:15:00,26.369745
2025-09-25 02:30:00,30.304798
2025-09-25 02:45:00,30.461126
2025-09-25 03:00:00,30.889578
2025-09-25 03:15:00,31.106058
2025-09-25 03:30:00,30.835207
2025-09-25 03:45:00,30.971735
2025-09-25 04:00:00,31.023294
2025-09-25 04:15:00,31.032053
2025-09-25 04:30:00,30.881086
2025-09-25 04:45:00,31.246958
2025-09-25 05:00:00,32.236023
2025-09-25 05:15:00,32.355179
2025-09-25 05:30:00,29.399654
2025-09-25 05:45:00,29.546505
2025-09-25 06:00:00,25.134653
2025-09-25 06:15:00,25.240669
2025-09-25 06:30:00,29.119158
2025-09-25 06:45:00,28.511333
2025-09-25 07:00:00,19.931768
2025-09-25 07:15:00,155.510345
2025-09-25 07:30:00,57.503643
2025-09-25 07:45:00,48.104939
2025-09-25 08:00:00,0.0
2025-09-25 08:15:00,4.65943
2025-09-25 08:30:00,6.748143
2025-09-25 08:45:00,0.0
2025-09-25 09:00:00,8.950082
2025-09-25 09:15:00,11.12051
2025-09-25 09:30:00,10.823149
2025-09-25 09:45:00,34.491795
2025-09-25 10:00:00,15.682565
2025-09-25 10:15:00,33.516487
2025-09-25 10:30:00,27.048409
2025-09-25 10:45:00,15.824174
2025-09-25 11:00:00,16.291918
2025-09-25 11:15:00,12.335176
2025-09-25 11:30:00,7.483365
2025-09-25 11:45:00,12.416877
2025-09-25 12:00:00,11.793416
2025-09-25 12:15:00,17.809128
2025-09-25 12:30:00,36.680832
2025-09-25 12:45:00,19.548231
2025-09-25 13:00:00,19.05072
2025-09-25 13:15:00,18.45075
2025-09-25 13:30:00,17.565174
2025-09-25 13:45:00,14.015722
2025-09-25 14:00:00,15.10562
2025-09-25 14:15:00,8.198259
2025-09-25 14:30:00,7.561318
2025-09-25 14:45:00,8.308477
2025-09-25 15:00:00,8.185921
2025-09-25 15:15:00,8.421669
2025-09-25 15:30:00,8.32999
2025-09-25 15:45:00,11.590288
2025-09-25 16:00:00,20.80871
2025-09-25 16:15:00,16.81851
2025-09-25 16:30:00,172.426285
2025-09-25 16:45:00,173.754349
2025-09-25 17:00:00,295.945374
2025-09-25 17:15:00,220.649216
2025-09-25 17:30:00,131.147461
2025-09-25 17:45:00,235.419571
2025-09-25 18:00:00,275.103638
2025-09-25 18:15:00,266.623566
2025-09-25 18:30:00,259.122162
2025-09-25 18:45:00,258.688416
2025-09-25 19:00:00,229.297516
2025-09-25 19:15:00,63.335224
2025-09-25 19:30:00,113.625839
2025-09-25 19:45:00,43.668098
2025-09-25 20:00:00,7.390715
2025-09-25 20:15:00,43.941891
2025-09-25 20:30:00,111.192871
2025-09-25 20:45:00,18.58746
2025-09-25 21:00:00,18.466654
2025-09-25 21:15:00,59.449913
2025-09-25 21:30:00,30.028625
2025-09-25 21:45:00,30.497812
2025-09-25 22:00:00,6.014532
2025-09-25 22:15:00,26.50506
2025-09-25 22:30:00,24.983486
2025-09-25 22:45:00,6.363738
2025-09-25 23:00:00,8.46242
2025-09-25 23:15:00,6.670636
2025-09-25 23:30:00,21.302752
2025-09-25 23:45:00,8.482887
2025-09-26 00:00:00,16.969553
2025-09-26 00:15:00,14.727329
2025-09-26 00:30:00,15.003415
2025-09-26 00:45:00,14.705833
2025-09-26 01:00:00,30.693991
2025-09-26 01:15:00,78.282242
2025-09-26 01:30:00,27.484774
2025-09-26 01:45:00,79.098526
2025-09-26 02:00:00,94.437859
2025-09-26 02:15:00,14.033958
2025-09-26 02:30:00,33.698154
2025-09-26 02:45:00,31.142742
2025-09-26 03:00:00,35.123116
2025-09-26 03:15:00,41.61549
2025-09-26 03:30:00,13.97246
2025-09-26 03:45:00,14.343493
2025-09-26 04:00:00,51.175491
2025-09-26 04:15:00,15.635409
2025-09-26 04:30:00,53.14695
2025-09-26 04:45:00,15.589183
2025-09-26 05:00:00,31.584808
2025-09-26 05:15:00,33.50367
2025-09-26 05:30:00,42.163322
2025-09-26 05:45:00,33.119129
2025-09-26 06:00:00,151.891769
2025-09-26 06:15:00,311.365662
2025-09-26 06:30:00,21.852608
2025-09-26 06:45:00,150.671875
2025-09-26 07:00:00,15.207273
2025-09-26 07:15:00,44.635571
2025-09-26 07:30:00,10.444491
2025-09-26 07:45:00,146.082443
2025-09-26 08:00:00,97.434509
2025-09-26 08:15:00,146.967819
2025-09-26 08:30:00,8.06208
2025-09-26 08:45:00,12.872212
2025-09-26 09:00:00,15.450603
2025-09-26 09:15:00,13.301898
2025-09-26 09:30:00,12.978074
2025-09-26 09:45:00,14.642616
2025-09-26 10:00:00,14.098992
2025-09-26 10:15:00,9.723899
2025-09-26 10:30:00,9.482166
2025-09-26 10:45:00,9.048165
2025-09-26 11:00:00,7.37885
2025-09-26 11:15:00,8.017534
2025-09-26 11:30:00,7.672253
2025-09-26 11:45:00,8.335127
2025-09-26 12:00:00,8.063772
2025-09-26 12:15:00,8.275123
2025-09-26 12:30:00,7.836265
2025-09-26 12:45:00,14.607296
2025-09-26 13:00:00,14.09632
2025-09-26 13:15:00,7.980678
2025-09-26 13:30:00,10.07448
2025-09-26 13:45:00,8.158343
2025-09-26 14:00:00,7.702825
2025-09-26 14:15:00,7.653093
2025-09-26 14:30:00,7.337534
2025-09-26 14:45:00,150.025009
2025-09-26 15:00:00,48.613998
2025-09-26 15:15:00,293.030212
2025-09-26 15:30:00,319.936462
2025-09-26 15:45:00,324.2677
2025-09-26 16:00:00,329.700104
2025-09-26 16:15:00,325.112488
2025-09-26 16:30:00,325.191223
2025-09-26 16:45:00,325.043396
2025-09-26 17:00:00,329.202026
2025-09-26 17:15:00,326.379761
2025-09-26 17:30:00,330.008301
2025-09-26 17:45:00,340.38913
2025-09-26 18:00:00,347.862671
2025-09-26 18:15:00,361.649658
2025-09-26 18:30:00,369.695984
2025-09-26 18:45:00,342.439667
2025-09-26 19:00:00,333.875977
2025-09-26 19:15:00,320.422638
2025-09-26 19:30:00,315.514618
2025-09-26 19:45:00,315.839722
2025-09-26 20:00:00,296.256165
2025-09-26 20:15:00,323.040009
2025-09-26 20:30:00,311.006744
2025-09-26 20:45:00,310.146454
2025-09-26 21:00:00,309.453003
2025-09-26 21:15:00,298.785492
2025-09-26 21:30:00,295.880493
2025-09-26 21:45:00,309.207336
2025-09-26 22:00:00,322.579254
2025-09-26 22:15:00,326.958588
2025-09-26 22:30:00,322.933655
2025-09-26 22:45:00,322.862701
2025-09-26 23:00:00,322.800903
2025-09-26 23:15:00,320.788269
2025-09-26 23:30:00,319.916931
2025-09-26 23:45:00,319.837036
2025-09-27 00:00:00,316.790863
2025-09-27 00:15:00,315.524567
2025-09-27 00:30:00,296.564636
2025-09-27 00:45:00,274.975281
2025-09-27 01:00:00,274.592346
2025-09-27 01:15:00,202.220917
2025-09-27 01:30:00,291.575684
2025-09-27 01:45:00,27.155987
2025-09-27 02:00:00,34.279667
2025-09-27 02:15:00,163.577957
2025-09-27 02:30:00,151.287018
2025-09-27 02:45:00,150.923294
2025-09-27 03:00:00,151.224762
2025-09-27 03:15:00,145.587204
2025-09-27 03:30:00,144.692108
2025-09-27 03:45:00,67.882561
2025-09-27 04:00:00,25.975565
2025-09-27 04:15:00,68.229027
2025-09-27 04:30:00,15.256553
2025-09-27 04:45:00,59.151661
2025-09-27 05:00:00,142.991379
2025-09-27 05:15:00,149.533325
2025-09-27 05:30:00,151.449112
2025-09-27 05:45:00,290.524017
2025-09-27 06:00:00,296.592316
2025-09-27 06:15:00,299.57785
2025-09-27 06:30:00,299.604584
2025-09-27 06:45:00,13.510561
2025-09-27 07:00:00,10.456211
2025-09-27 07:15:00,23.999817
2025-09-27 07:30:00,16.583981
2025-09-27 07:45:00,154.909805
2025-09-27 08:00:00,56.760689
2025-09-27 08:15:00,141.240265
2025-09-27 08:30:00,7.117044
2025-09-27 08:45:00,7.272146
2025-09-27 09:00:00,7.299397
2025-09-27 09:15:00,14.266114
2025-09-27 09:30:00,7.371568
2025-09-27 09:45:00,6.802944
2025-09-27 10:00:00,7.169558
2025-09-27 10:15:00,11.639064
2025-09-27 10:30:00,11.663065
2025-09-27 10:45:00,11.979971
2025-09-27 11:00:00,11.368267
2025-09-27 11:15:00,12.299634
2025-09-27 11:30:00,11.87457
2025-09-27 11:45:00,12.112265
2025-09-27 12:00:00,21.089211
2025-09-27 12:15:00,22.124874
2025-09-27 12:30:00,52.662132
2025-09-27 12:45:00,83.514122
2025-09-27 13:00:00,196.942078
2025-09-27 13:15:00,190.411102
2025-09-27 13:30:00,62.629745
2025-09-27 13:45:00,137.60437
2025-09-27 14:00:00,139.982132
2025-09-27 14:15:00,286.24826
2025-09-27 14:30:00,184.925079
2025-09-27 14:45:00,277.824158
2025-09-27 15:00:00,281.892212
2025-09-27 15:15:00,155.867111
2025-09-27 15:30:00,196.018478
2025-09-27 15:45:00,288.699249
2025-09-27 16:00:00,284.653015
2025-09-27 16:15:00,320.976563
2025-09-27 16:30:00,329.459564
2025-09-27 16:45:00,344.862457
2025-09-27 17:00:00,350.460785
2025-09-27 17:15:00,367.512268
2025-09-27 17:30:00,394.818726
2025-09-27 17:45:00,380.477051
2025-09-27 18:00:00,466.529205
2025-09-27 18:15:00,509.293274
2025-09-27 18:30:00,519.258423
2025-09-27 18:45:00,494.349487
2025-09-27 19:00:00,508.043091
2025-09-27 19:15:00,503.645142
2025-09-27 19:30:00,455.40976
2025-09-27 19:45:00,434.479248
2025-09-27 20:00:00,342.256256
2025-09-27 20:15:00,329.059174
2025-09-27 20:30:00,330.605927
2025-09-27 20:45:00,327.208282
2025-09-27 21:00:00,319.784271
2025-09-27 21:15:00,322.032684
2025-09-27 21:30:00,317.391571
2025-09-27 21:45:00,304.376831
2025-09-27 22:00:00,307.478027
2025-09-27 22:15:00,307.428314
2025-09-27 22:30:00,245.480911
2025-09-27 22:45:00,162.082062
2025-09-27 23:00:00,126.015656
2025-09-27 23:15:00,7.666451
2025-09-27 23:30:00,7.868789
2025-09-27 23:45:00,7.362997
2025-09-28 00:00:00,131.358109
2025-09-28 00:15:00,282.664978
2025-09-28 00:30:00,26.787165
2025-09-28 00:45:00,29.166609
2025-09-28 01:00:00,28.326166
2025-09-28 01:15:00,158.149124
2025-09-28 01:30:00,151.060379
2025-09-28 01:45:00,149.133835
2025-09-28 02:00:00,7.493196
2025-09-28 02:15:00,26.287418
2025-09-28 02:30:00,26.446844
2025-09-28 02:45:00,30.372952
2025-09-28 03:00:00,14.306578
2025-09-28 03:15:00,14.13518
2025-09-28 03:30:00,29.557093
2025-09-28 03:45:00,13.710233
2025-09-28 04:00:00,13.933169
2025-09-28 04:15:00,16.117027
2025-09-28 04:30:00,15.86246
2025-09-28 04:45:00,28.566984
2025-09-28 05:00:00,25.135946
2025-09-28 05:15:00,15.523011
2025-09-28 05:30:00,15.837301
2025-09-28 05:45:00,24.600838
2025-09-28 06:00:00,296.230103
2025-09-28 06:15:00,295.871246
2025-09-28 06:30:00,294.340332
2025-09-28 06:45:00,25.88936
2025-09-28 07:00:00,24.924948
2025-09-28 07:15:00,17.757214
2025-09-28 07:30:00,10.094049
2025-09-28 07:45:00,7.270505
2025-09-28 08:00:00,7.211407
2025-09-28 08:15:00,7.177725
2025-09-28 08:30:00,7.04898
2025-09-28 08:45:00,6.605517
2025-09-28 09:00:00,11.881108
2025-09-28 09:15:00,6.847904
2025-09-28 09:30:00,6.508411
2025-09-28 09:45:00,11.278736
2025-09-28 10:00:00,15.466773
2025-09-28 10:15:00,19.474453
2025-09-28 10:30:00,37.446835
2025-09-28 10:45:00,57.730797
2025-09-28 11:00:00,147.948837
2025-09-28 11:15:00,130.44957
2025-09-28 11:30:00,53.81403
2025-09-28 11:45:00,11.605095
2025-09-28 12:00:00,139.084503
2025-09-28 12:15:00,175.070236
2025-09-28 12:30:00,179.991119
2025-09-28 12:45:00,161.564514
2025-09-28 13:00:00,145.605942
2025-09-28 13:15:00,76.750725
2025-09-28 13:30:00,31.56102
2025-09-28 13:45:00,10.159416
2025-09-28 14:00:00,9.935093
2025-09-28 14:15:00,28.116619
2025-09-28 14:30:00,41.145107
2025-09-28 14:45:00,5.856894
2025-09-28 15:00:00,7.60476
2025-09-28 15:15:00,308.892303
2025-09-28 15:30:00,310.028564
2025-09-28 15:45:00,355.446228
2025-09-28 16:00:00,324.933167
2025-09-28 16:15:00,323.907776
2025-09-28 16:30:00,343.204926
2025-09-28 16:45:00,438.010986
2025-09-28 17:00:00,443.057465
2025-09-28 17:15:00,490.032074
2025-09-28 17:30:00,493.46109
2025-09-28 17:45:00,414.38266
2025-09-28 18:00:00,403.590393
2025-09-28 18:15:00,463.303894
2025-09-28 18:30:00,481.56897
2025-09-28 18:45:00,368.852539
2025-09-28 19:00:00,343.667145
2025-09-28 19:15:00,316.15509
2025-09-28 19:30:00,352.573059
2025-09-28 19:45:00,155.518082
2025-09-28 20:00:00,261.947266
2025-09-28 20:15:00,276.667908
2025-09-28 20:30:00,153.999939
2025-09-28 20:45:00,93.172623
2025-09-28 21:00:00,47.739971
2025-09-28 21:15:00,57.698292
2025-09-28 21:30:00,33.046959
2025-09-28 21:45:00,55.992691
2025-09-28 22:00:00,33.064991
2025-09-28 22:15:00,92.315933
2025-09-28 22:30:00,45.780716
2025-09-28 22:45:00,46.959354
2025-09-28 23:00:00,38.080078
2025-09-28 23:15:00,38.096291
2025-09-28 23:30:00,3.925911
2025-09-28 23:45:00,23.944286
2025-09-29 00:00:00,50.903809
2025-09-29 00:15:00,105.027481
2025-09-29 00:30:00,27.796741
2025-09-29 00:45:00,30.223158
2025-09-29 01:00:00,31.655521
2025-09-29 01:15:00,35.075092
2025-09-29 01:30:00,36.655083
2025-09-29 01:45:00,18.272167
2025-09-29 02:00:00,36.960136
2025-09-29 02:15:00,18.992319
2025-09-29 02:30:00,22.61113
2025-09-29 02:45:00,23.09367
2025-09-29 03:00:00,22.924339
2025-09-29 03:15:00,19.572813
2025-09-29 03:30:00,23.275755
2025-09-29 03:45:00,18.602512
2025-09-29 04:00:00,18.828238
2025-09-29 04:15:00,19.146265
2025-09-29 04:30:00,19.190128
2025-09-29 04:45:00,21.914927
2025-09-29 05:00:00,59.267036
2025-09-29 05:15:00,33.385948
2025-09-29 05:30:00,19.469948
2025-09-29 05:45:00,59.543781
2025-09-29 06:00:00,71.550804
2025-09-29 06:15:00,54.188641
2025-09-29 06:30:00,16.788843
2025-09-29 06:45:00,19.815102
2025-09-29 07:00:00,19.388329
2025-09-29 07:15:00,16.141098
2025-09-29 07:30:00,15.806989
2025-09-29 07:45:00,62.384556
2025-09-29 08:00:00,69.471146
2025-09-29 08:15:00,70.721779
2025-09-29 08:30:00,27.862015
2025-09-29 08:45:00,153.91124
2025-09-29 09:00:00,153.350784
2025-09-29 09:15:00,63.506657
2025-09-29 09:30:00,60.980778
2025-09-29 09:45:00,154.106873
2025-09-29 10:00:00,160.621643
2025-09-29 10:15:00,152.294876
2025-09-29 10:30:00,13.890275
2025-09-29 10:45:00,148.761459
2025-09-29 11:00:00,150.019257
2025-09-29 11:15:00,155.717972
2025-09-29 11:30:00,65.368835
2025-09-29 11:45:00,144.990082
2025-09-29 12:00:00,297.906921
2025-09-29 12:15:00,300.079834
2025-09-29 12:30:00,301.803009
2025-09-29 12:45:00,301.328308
2025-09-29 13:00:00,308.725403
2025-09-29 13:15:00,320.918793
2025-09-29 13:30:00,321.914276
2025-09-29 13:45:00,310.59314
2025-09-29 14:00:00,311.438629
2025-09-29 14:15:00,320.257019
2025-09-29 14:30:00,304.636047
2025-09-29 14:45:00,305.384705
2025-09-29 15:00:00,290.124054
2025-09-29 15:15:00,305.505127
2025-09-29 15:30:00,322.83786
2025-09-29 15:45:00,340.067078
2025-09-29 16:00:00,364.291168
2025-09-29 16:15:00,363.813568
2025-09-29 16:30:00,382.863892
2025-09-29 16:45:00,456.053131
2025-09-29 17:00:00,475.933624
2025-09-29 17:15:00,455.890381
2025-09-29 17:30:00,455.878357
2025-09-29 17:45:00,522.28125
2025-09-29 18:00:00,521.130493
2025-09-29 18:15:00,504.179047
2025-09-29 18:30:00,582.096069
2025-09-29 18:45:00,640.852051
2025-09-29 19:00:00,878.730042
2025-09-29 19:15:00,577.76886
2025-09-29 19:30:00,534.152405
2025-09-29 19:45:00,360.46701
2025-09-29 20:00:00,381.972321
2025-09-29 20:15:00,365.447632
2025-09-29 20:30:00,347.970398
2025-09-29 20:45:00,334.216309
2025-09-29 21:00:00,323.59079
2025-09-29 21:15:00,323.437897
2025-09-29 21:30:00,335.830688
2025-09-29 21:45:00,331.071716
2025-09-29 22:00:00,323.649536
2025-09-29 22:15:00,324.960968
2025-09-29 22:30:00,324.326172
2025-09-29 22:45:00,321.708191
2025-09-29 23:00:00,187.401398
2025-09-29 23:15:00,169.935959
2025-09-29 23:30:00,26.054783
2025-09-29 23:45:00,29.398962
2025-09-30 00:00:00,30.215046
2025-09-30 00:15:00,283.635284
2025-09-30 00:30:00,30.901455
2025-09-30 00:45:00,30.597382
2025-09-30 01:00:00,30.560019
2025-09-30 01:15:00,30.411316
2025-09-30 01:30:00,305.279327
2025-09-30 01:45:00,31.007328
2025-09-30 02:00:00,319.119202
2025-09-30 02:15:00,30.421339
2025-09-30 02:30:00,312.391449
2025-09-30 02:45:00,169.147629
2025-09-30 03:00:00,29.807293
2025-09-30 03:15:00,29.420778
2025-09-30 03:30:00,29.202686
2025-09-30 03:45:00,28.934343
2025-09-30 04:00:00,28.726368
2025-09-30 04:15:00,28.843571
2025-09-30 04:30:00,28.904036
2025-09-30 04:45:00,29.093922
2025-09-30 05:00:00,28.640495
2025-09-30 05:15:00,163.657593
2025-09-30 05:30:00,162.503586
2025-09-30 05:45:00,165.411621
2025-09-30 06:00:00,30.556742
2025-09-30 06:15:00,27.475571
2025-09-30 06:30:00,164.431503
2025-09-30 06:45:00,17.073524
2025-09-30 07:00:00,14.758384
2025-09-30 07:15:00,14.831923
2025-09-30 07:30:00,25.152582
2025-09-30 07:45:00,7.503916
2025-09-30 08:00:00,6.966641
2025-09-30 08:15:00,6.957627
2025-09-30 08:30:00,7.109587
2025-09-30 08:45:00,7.176085
2025-09-30 09:00:00,12.423539
2025-09-30 09:15:00,12.785979
2025-09-30 09:30:00,12.433344
2025-09-30 09:45:00,33.453579
2025-09-30 10:00:00,108.641533
2025-09-30 10:15:00,121.790253
2025-09-30 10:30:00,123.635483
2025-09-30 10:45:00,5.930493
2025-09-30 11:00:00,71.086235
2025-09-30 11:15:00,63.382366
2025-09-30 11:30:00,31.508762
2025-09-30 11:45:00,28.770437
2025-09-30 12:00:00,32.482536
2025-09-30 12:15:00,65.910187
2025-09-30 12:30:00,66.484978
2025-09-30 12:45:00,40.688007
2025-09-30 13:00:00,42.077652
2025-09-30 13:15:00,41.257645
2025-09-30 13:30:00,14.933864
2025-09-30 13:45:00,33.04348
2025-09-30 14:00:00,39.57267
2025-09-30 14:15:00,35.893318
2025-09-30 14:30:00,12.667468
2025-09-30 14:45:00,16.24132
2025-09-30 15:00:00,17.361568
2025-09-30 15:15:00,16.738113
2025-09-30 15:30:00,16.522865
2025-09-30 15:45:00,15.549443
2025-09-30 16:00:00,55.572292
2025-09-30 16:15:00,158.489243
2025-09-30 16:30:00,302.538239
2025-09-30 16:45:00,303.255859
2025-09-30 17:00:00,322.412872
2025-09-30 17:15:00,316.632416
2025-09-30 17:30:00,317.809265
2025-09-30 17:45:00,318.059937
2025-09-30 18:00:00,320.913086
2025-09-30 18:15:00,325.287323
2025-09-30 18:30:00,325.037384
2025-09-30 18:45:00,322.738525
2025-09-30 19:00:00,315.122681
2025-09-30 19:15:00,311.124054
2025-09-30 19:30:00,278.357208
2025-09-30 19:45:00,37.996136
2025-09-30 20:00:00,125.774261
2025-09-30 20:15:00,34.681602
2025-09-30 20:30:00,35.65984
2025-09-30 20:45:00,35.201599
2025-09-30 21:00:00,39.73011
2025-09-30 21:15:00,30.404732
2025-09-30 21:30:00,28.793364
2025-09-30 21:45:00,60.591011
2025-09-30 22:00:00,133.105881
2025-09-30 22:15:00,309.109741
2025-09-30 22:30:00,284.937073
2025-09-30 22:45:00,263.10849
2025-09-30 23:00:00,60.622192
2025-09-30 23:15:00,162.071701
2025-09-30 23:30:00,124.707733
2025-09-30 23:45:00,57.583294
2025-10-01 00:00:00,28.521288
2025-10-01 00:15:00,316.902893
2025-10-01 00:30:00,323.464081
2025-10-01 00:45:00,319.19046
2025-10-01 01:00:00,311.230591
2025-10-01 01:15:00,302.973236
2025-10-01 01:30:00,300.326843
2025-10-01 01:45:00,285.173126
2025-10-01 02:00:00,297.973267
2025-10-01 02:15:00,281.495209
2025-10-01 02:30:00,281.695526
2025-10-01 02:45:00,189.993988
2025-10-01 03:00:00,155.168823
2025-10-01 03:15:00,162.996811
2025-10-01 03:30:00,154.974136
2025-10-01 03:45:00,56.687424
2025-10-01 04:00:00,25.989304
2025-10-01 04:15:00,58.108448
2025-10-01 04:30:00,22.453051
2025-10-01 04:45:00,56.232304
2025-10-01 05:00:00,96.969315
2025-10-01 05:15:00,260.143738
2025-10-01 05:30:00,22.10935
2025-10-01 05:45:00,55.777588
2025-10-01 06:00:00,28.779282
2025-10-01 06:15:00,154.736496
2025-10-01 06:30:00,187.119324
2025-10-01 06:45:00,80.686935
2025-10-01 07:00:00,8.085119
2025-10-01 07:15:00,10.132129
2025-10-01 07:30:00,23.797026
2025-10-01 07:45:00,7.266263
2025-10-01 08:00:00,21.362125
2025-10-01 08:15:00,22.540077
2025-10-01 08:30:00,20.934998
2025-10-01 08:45:00,18.135305
2025-10-01 09:00:00,16.451292
2025-10-01 09:15:00,20.351189
2025-10-01 09:30:00,21.872475
2025-10-01 09:45:00,0.0
2025-10-01 10:00:00,0.0
2025-10-01 10:15:00,0.0
2025-10-01 10:30:00,0.0
2025-10-01 10:45:00,0.0
2025-10-01 11:00:00,0.0
2025-10-01 11:15:00,0.0
2025-10-01 11:30:00,0.0
2025-10-01 11:45:00,0.0
2025-10-01 12:00:00,0.0
2025-10-01 12:15:00,0.0
2025-10-01 12:30:00,0.0
2025-10-01 12:45:00,4.681677
2025-10-01 13:00:00,0.0
2025-10-01 13:15:00,0.0
2025-10-01 13:30:00,0.0
2025-10-01 13:45:00,0.0
2025-10-01 14:00:00,0.0
2025-10-01 14:15:00,0.0
2025-10-01 14:30:00,0.0
2025-10-01 14:45:00,0.0
2025-10-01 15:00:00,0.0
2025-10-01 15:15:00,6.141244
2025-10-01 15:30:00,7.486124
2025-10-01 15:45:00,141.864182
2025-10-01 16:00:00,208.088898
2025-10-01 16:15:00,166.693802
2025-10-01 16:30:00,287.52475
2025-10-01 16:45:00,243.549332
2025-10-01 17:00:00,69.670677
2025-10-01 17:15:00,63.747112
2025-10-01 17:30:00,160.683258
2025-10-01 17:45:00,168.798294
2025-10-01 18:00:00,361.016998
2025-10-01 18:15:00,341.801422
2025-10-01 18:30:00,333.098785
2025-10-01 18:45:00,322.121979
2025-10-01 19:00:00,64.729401
2025-10-01 19:15:00,27.438984
2025-10-01 19:30:00,25.539043
2025-10-01 19:45:00,29.61149
2025-10-01 20:00:00,29.659533
2025-10-01 20:15:00,23.949154
2025-10-01 20:30:00,29.364086
2025-10-01 20:45:00,25.052189
2025-10-01 21:00:00,6.536433
2025-10-01 21:15:00,7.939678
2025-10-01 21:30:00,8.616265
2025-10-01 21:45:00,55.084789
2025-10-01 22:00:00,8.4048
2025-10-01 22:15:00,9.999996
2025-10-01 22:30:00,24.537848
2025-10-01 22:45:00,23.406643
2025-10-01 23:00:00,24.990957
2025-10-01 23:15:00,22.967207
2025-10-01 23:30:00,25.966616
2025-10-01 23:45:00,25.386604
2025-10-02 00:00:00,25.852518
2025-10-02 00:15:00,50.178383
2025-10-02 00:30:00,25.345362
2025-10-02 00:45:00,26.638706
2025-10-02 01:00:00,26.848721
2025-10-02 01:15:00,26.321354
2025-10-02 01:30:00,26.206917
2025-10-02 01:45:00,26.103537
2025-10-02 02:00:00,25.622633
2025-10-02 02:15:00,24.700579
2025-10-02 02:30:00,23.683594
2025-10-02 02:45:00,23.398714
2025-10-02 03:00:00,22.374235
2025-10-02 03:15:00,21.55518
2025-10-02 03:30:00,21.755939
2025-10-02 03:45:00,20.916189
2025-10-02 04:00:00,20.179056
2025-10-02 04:15:00,20.12413
2025-10-02 04:30:00,21.501503
2025-10-02 04:45:00,21.620586
2025-10-02 05:00:00,22.211124
2025-10-02 05:15:00,24.144609
2025-10-02 05:30:00,24.373137
2025-10-02 05:45:00,24.614
2025-10-02 06:00:00,0.0
2025-10-02 06:15:00,8.290213
2025-10-02 06:30:00,7.715673
2025-10-02 06:45:00,9.196074
2025-10-02 07:00:00,0.0
2025-10-02 07:15:00,0.0
2025-10-02 07:30:00,19.251959
2025-10-02 07:45:00,20.039196
2025-10-02 08:00:00,20.814796
2025-10-02 08:15:00,20.132404
2025-10-02 08:30:00,19.711071
2025-10-02 08:45:00,20.032118
2025-10-02 09:00:00,21.149118
2025-10-02 09:15:00,0.0
2025-10-02 09:30:00,0.0
2025-10-02 09:45:00,0.0
2025-10-02 10:00:00,0.0
2025-10-02 10:15:00,0.0
2025-10-02 10:30:00,0.0
2025-10-02 10:45:00,3.625406
2025-10-02 11:00:00,3.363915
2025-10-02 11:15:00,0.0
2025-10-02 11:30:00,0.0
2025-10-02 11:45:00,0.0
2025-10-02 12:00:00,0.0
2025-10-02 12:15:00,5.661591
2025-10-02 12:30:00,9.386312
2025-10-02 12:45:00,11.21349
2025-10-02 13:00:00,11.568386
2025-10-02 13:15:00,10.769868
2025-10-02 13:30:00,10.973002
2025-10-02 13:45:00,10.449183
2025-10-02 14:00:00,21.113445
2025-10-02 14:15:00,318.182953
2025-10-02 14:30:00,314.869354
2025-10-02 14:45:00,318.340668
2025-10-02 15:00:00,314.639038
2025-10-02 15:15:00,308.904755
2025-10-02 15:30:00,311.887329
2025-10-02 15:45:00,307.464966
2025-10-02 16:00:00,294.987122
2025-10-02 16:15:00,254.623764
2025-10-02 16:30:00,282.661865
2025-10-02 16:45:00,308.641449
2025-10-02 17:00:00,297.925262
2025-10-02 17:15:00,292.230713
2025-10-02 17:30:00,309.914063
2025-10-02 17:45:00,325.608856
2025-10-02 18:00:00,322.652649
2025-10-02 18:15:00,330.645447
2025-10-02 18:30:00,299.958282
2025-10-02 18:45:00,228.306
2025-10-02 19:00:00,64.341919
2025-10-02 19:15:00,229.065659
2025-10-02 19:30:00,227.512131
2025-10-02 19:45:00,68.054962
2025-10-02 20:00:00,50.975037
2025-10-02 20:15:00,60.977081
2025-10-02 20:30:00,50.087326
2025-10-02 20:45:00,51.061657
2025-10-02 21:00:00,75.966873
2025-10-02 21:15:00,63.539677
2025-10-02 21:30:00,28.511814
2025-10-02 21:45:00,29.266527
2025-10-02 22:00:00,29.147499
2025-10-02 22:15:00,62.325821
2025-10-02 22:30:00,29.822544
2025-10-02 22:45:00,53.233692
2025-10-02 23:00:00,25.937191
2025-10-02 23:15:00,65.585854
2025-10-02 23:30:00,25.483603
2025-10-02 23:45:00,25.34301
2025-10-03 00:00:00,0.0
2025-10-03 00:15:00,47.984192
2025-10-03 00:30:00,22.915501
2025-10-03 00:45:00,22.824081
2025-10-03 01:00:00,23.370749
2025-10-03 01:15:00,19.503254
2025-10-03 01:30:00,21.046553
2025-10-03 01:45:00,22.303383
2025-10-03 02:00:00,23.648209
2025-10-03 02:15:00,23.224646
2025-10-03 02:30:00,22.452354
2025-10-03 02:45:00,20.03755
2025-10-03 03:00:00,19.972334
2025-10-03 03:15:00,19.44314
2025-10-03 03:30:00,18.071781
2025-10-03 03:45:00,16.917967
2025-10-03 04:00:00,18.660757
2025-10-03 04:15:00,18.864332
2025-10-03 04:30:00,18.68581
2025-10-03 04:45:00,18.61511
2025-10-03 05:00:00,19.680744
2025-10-03 05:15:00,21.338175
2025-10-03 05:30:00,21.854902
2025-10-03 05:45:00,21.788097
2025-10-03 06:00:00,20.437811
2025-10-03 06:15:00,18.098135
2025-10-03 06:30:00,18.067564
2025-10-03 06:45:00,15.684455
2025-10-03 07:00:00,19.937599
2025-10-03 07:15:00,0.0
2025-10-03 07:30:00,0.0
2025-10-03 07:45:00,0.0
2025-10-03 08:00:00,0.0
2025-10-03 08:15:00,0.0
2025-10-03 08:30:00,0.0
2025-10-03 08:45:00,0.213191
2025-10-03 09:00:00,0.733081
2025-10-03 09:15:00,0.837348
2025-10-03 09:30:00,39.908401
2025-10-03 09:45:00,149.975708
2025-10-03 10:00:00,290.149078
2025-10-03 10:15:00,295.664307
2025-10-03 10:30:00,146.362686
2025-10-03 10:45:00,150.287949
2025-10-03 11:00:00,150.277283
2025-10-03 11:15:00,139.987488
2025-10-03 11:30:00,19.991594
2025-10-03 11:45:00,140.093857
2025-10-03 12:00:00,285.781219
2025-10-03 12:15:00,291.916931
2025-10-03 12:30:00,291.992188
2025-10-03 12:45:00,285.006805
2025-10-03 13:00:00,147.592987
2025-10-03 13:15:00,147.717178
2025-10-03 13:30:00,242.145294
2025-10-03 13:45:00,143.42926
2025-10-03 14:00:00,286.554626
2025-10-03 14:15:00,305.905914
2025-10-03 14:30:00,306.512939
2025-10-03 14:45:00,306.509521
2025-10-03 15:00:00,251.712265
2025-10-03 15:15:00,239.292587
2025-10-03 15:30:00,19.791336
2025-10-03 15:45:00,289.910706
2025-10-03 16:00:00,295.911865
2025-10-03 16:15:00,294.570862
2025-10-03 16:30:00,296.384216
2025-10-03 16:45:00,295.551666
2025-10-03 17:00:00,264.899841
2025-10-03 17:15:00,159.449982
2025-10-03 17:30:00,166.424347
2025-10-03 17:45:00,57.510265
2025-10-03 18:00:00,57.756134
2025-10-03 18:15:00,29.917971
2025-10-03 18:30:00,65.105133
2025-10-03 18:45:00,64.511833
2025-10-03 19:00:00,30.502121
2025-10-03 19:15:00,30.00873
2025-10-03 19:30:00,29.358074
2025-10-03 19:45:00,28.227554
2025-10-03 20:00:00,28.589785
2025-10-03 20:15:00,29.013544
2025-10-03 20:30:00,28.959925
2025-10-03 20:45:00,28.40604
2025-10-03 21:00:00,27.887066
2025-10-03 21:15:00,29.261646
2025-10-03 21:30:00,28.551025
2025-10-03 21:45:00,28.799789
2025-10-03 22:00:00,28.913557
2025-10-03 22:15:00,29.701487
2025-10-03 22:30:00,29.709303
2025-10-03 22:45:00,63.634434
2025-10-03 23:00:00,71.505333
2025-10-03 23:15:00,60.917843
2025-10-03 23:30:00,57.621941
2025-10-03 23:45:00,51.022533
2025-10-04 00:00:00,27.634779
2025-10-04 00:15:00,58.736115
2025-10-04 00:30:00,25.109285
2025-10-04 00:45:00,24.580175
2025-10-04 01:00:00,24.53628
2025-10-04 01:15:00,23.966665
2025-10-04 01:30:00,23.071604
2025-10-04 01:45:00,22.655764
2025-10-04 02:00:00,20.724632
2025-10-04 02:15:00,21.099771
2025-10-04 02:30:00,20.910336
2025-10-04 02:45:00,19.034382
2025-10-04 03:00:00,17.845058
2025-10-04 03:15:00,18.75832
2025-10-04 03:30:00,18.615797
2025-10-04 03:45:00,17.157606
2025-10-04 04:00:00,17.985703
2025-10-04 04:15:00,17.067997
2025-10-04 04:30:00,17.95734
2025-10-04 04:45:00,20.088339
2025-10-04 05:00:00,21.682823
2025-10-04 05:15:00,22.203362
2025-10-04 05:30:00,22.42321
2025-10-04 05:45:00,22.280958
2025-10-04 06:00:00,23.860369
2025-10-04 06:15:00,27.417534
2025-10-04 06:30:00,27.857218
2025-10-04 06:45:00,8.627842
2025-10-04 07:00:00,28.78953
2025-10-04 07:15:00,134.338226
2025-10-04 07:30:00,27.466705
2025-10-04 07:45:00,15.967213
2025-10-04 08:00:00,188.915848
2025-10-04 08:15:00,66.771324
2025-10-04 08:30:00,28.289574
2025-10-04 08:45:00,26.426388
2025-10-04 09:00:00,157.407135
2025-10-04 09:15:00,98.969009
2025-10-04 09:30:00,70.858604
2025-10-04 09:45:00,162.045532
2025-10-04 10:00:00,23.8647
2025-10-04 10:15:00,53.865757
2025-10-04 10:30:00,0.0
2025-10-04 10:45:00,299.96814
2025-10-04 11:00:00,283.037415
2025-10-04 11:15:00,283.416687
2025-10-04 11:30:00,260.709106
2025-10-04 11:45:00,163.762604
2025-10-04 12:00:00,281.068512
2025-10-04 12:15:00,279.945984
2025-10-04 12:30:00,197.305237
2025-10-04 12:45:00,154.514359
2025-10-04 13:00:00,62.210728
2025-10-04 13:15:00,22.494442
2025-10-04 13:30:00,50.496799
2025-10-04 13:45:00,0.0
2025-10-04 14:00:00,10.870464
2025-10-04 14:15:00,19.892406
2025-10-04 14:30:00,63.043243
2025-10-04 14:45:00,0.0
2025-10-04 15:00:00,0.0
2025-10-04 15:15:00,143.162292
2025-10-04 15:30:00,298.247406
2025-10-04 15:45:00,295.884216
2025-10-04 16:00:00,292.06192
2025-10-04 16:15:00,305.677734
2025-10-04 16:30:00,315.035736
2025-10-04 16:45:00,322.108337
2025-10-04 17:00:00,327.928925
2025-10-04 17:15:00,334.832306
2025-10-04 17:30:00,335.962128
2025-10-04 17:45:00,359.981598
2025-10-04 18:00:00,489.382263
2025-10-04 18:15:00,363.601379
2025-10-04 18:30:00,350.066376
2025-10-04 18:45:00,349.260345
2025-10-04 19:00:00,324.042572
2025-10-04 19:15:00,319.672302
2025-10-04 19:30:00,316.242249
2025-10-04 19:45:00,300.294556
2025-10-04 20:00:00,286.026886
2025-10-04 20:15:00,161.395706
2025-10-04 20:30:00,63.413811
2025-10-04 20:45:00,70.007187
2025-10-04 21:00:00,63.770618
2025-10-04 21:15:00,57.134392
2025-10-04 21:30:00,57.108128
2025-10-04 21:45:00,71.184433
2025-10-04 22:00:00,57.26849
2025-10-04 22:15:00,63.805397
2025-10-04 22:30:00,71.1353
2025-10-04 22:45:00,29.661337
2025-10-04 23:00:00,295.179535
2025-10-04 23:15:00,303.750488
2025-10-04 23:30:00,56.996857
2025-10-04 23:45:00,167.265503
2025-10-05 00:00:00,314.34137
2025-10-05 00:15:00,227.388382
2025-10-05 00:30:00,103.944748
2025-10-05 00:45:00,63.156132
2025-10-05 01:00:00,63.123299
2025-10-05 01:15:00,29.666101
2025-10-05 01:30:00,29.570974
2025-10-05 01:45:00,29.210566
2025-10-05 02:00:00,29.051336
2025-10-05 02:15:00,27.13715
2025-10-05 02:30:00,150.651489
2025-10-05 02:45:00,62.039299
2025-10-05 03:00:00,147.571899
2025-10-05 03:15:00,149.55748
2025-10-05 03:30:00,122.85965
2025-10-05 03:45:00,53.970901
2025-10-05 04:00:00,148.22493
2025-10-05 04:15:00,148.156143
2025-10-05 04:30:00,179.626144
2025-10-05 04:45:00,235.223984
2025-10-05 05:00:00,202.955704
2025-10-05 05:15:00,291.820068
2025-10-05 05:30:00,300.02243
2025-10-05 05:45:00,264.133911
2025-10-05 06:00:00,187.066864
2025-10-05 06:15:00,264.433136
2025-10-05 06:30:00,278.429291
2025-10-05 06:45:00,285.657776
2025-10-05 07:00:00,252.282394
2025-10-05 07:15:00,292.368103
2025-10-05 07:30:00,285.549957
2025-10-05 07:45:00,293.329041
2025-10-05 08:00:00,283.105957
2025-10-05 08:15:00,291.568695
2025-10-05 08:30:00,90.987671
2025-10-05 08:45:00,6.826077
2025-10-05 09:00:00,7.595675
2025-10-05 09:15:00,8.340353
2025-10-05 09:30:00,0.997929
2025-10-05 09:45:00,0.969898
2025-10-05 10:00:00,1.0873
2025-10-05 10:15:00,1.167654
2025-10-05 10:30:00,1.242354
2025-10-05 10:45:00,1.257834
2025-10-05 11:00:00,1.305085
2025-10-05 11:15:00,1.369371
2025-10-05 11:30:00,1.481214
2025-10-05 11:45:00,1.550921
2025-10-05 12:00:00,1.316779
2025-10-05 12:15:00,1.3506
2025-10-05 12:30:00,5.453094
2025-10-05 12:45:00,5.881247
2025-10-05 13:00:00,5.80058
2025-10-05 13:15:00,5.339773
2025-10-05 13:30:00,5.197079
2025-10-05 13:45:00,4.915184
2025-10-05 14:00:00,4.871182
2025-10-05 14:15:00,4.387208
2025-10-05 14:30:00,5.112805
2025-10-05 14:45:00,10.963597
2025-10-05 15:00:00,12.200001
2025-10-05 15:15:00,12.592401
2025-10-05 15:30:00,13.606304
2025-10-05 15:45:00,18.677279
2025-10-05 16:00:00,186.463943
2025-10-05 16:15:00,296.056458
2025-10-05 16:30:00,318.552185
2025-10-05 16:45:00,332.188599
2025-10-05 17:00:00,478.310455
2025-10-05 17:15:00,510.503693
2025-10-05 17:30:00,789.720154
2025-10-05 17:45:00,782.733276
2025-10-05 18:00:00,909.854919
2025-10-05 18:15:00,759.737549
2025-10-05 18:30:00,730.836731
2025-10-05 18:45:00,554.355469
2025-10-05 19:00:00,482.204224
2025-10-05 19:15:00,466.734894
2025-10-05 19:30:00,351.474945
2025-10-05 19:45:00,340.844849
2025-10-05 20:00:00,355.137665
2025-10-05 20:15:00,354.778229
2025-10-05 20:30:00,333.462402
2025-10-05 20:45:00,317.640167
2025-10-05 21:00:00,321.110229
2025-10-05 21:15:00,636.155029
2025-10-05 21:30:00,369.065125
2025-10-05 21:45:00,363.988922
2025-10-05 22:00:00,368.211182
2025-10-05 22:15:00,375.005341
2025-10-05 22:30:00,358.938843
2025-10-05 22:45:00,350.885132
2025-10-05 23:00:00,350.239502
2025-10-05 23:15:00,339.990234
2025-10-05 23:30:00,327.238373
2025-10-05 23:45:00,318.644318
2025-10-06 00:00:00,333.802673
2025-10-06 00:15:00,348.040039
2025-10-06 00:30:00,343.692474
2025-10-06 00:45:00,318.617004
2025-10-06 01:00:00,318.97699
2025-10-06 01:15:00,104.115456
2025-10-06 01:30:00,309.450256
2025-10-06 01:45:00,61.373837
2025-10-06 02:00:00,70.294563
2025-10-06 02:15:00,63.767467
2025-10-06 02:30:00,161.19162
2025-10-06 02:45:00,29.770985
2025-10-06 03:00:00,160.773468
2025-10-06 03:15:00,62.635757
2025-10-06 03:30:00,29.452499
2025-10-06 03:45:00,28.911646
2025-10-06 04:00:00,23.976286
2025-10-06 04:15:00,112.430687
2025-10-06 04:30:00,29.086016
2025-10-06 04:45:00,62.222267
2025-10-06 05:00:00,29.208048
2025-10-06 05:15:00,161.781052
2025-10-06 05:30:00,297.849304
2025-10-06 05:45:00,168.000153
2025-10-06 06:00:00,310.934784
2025-10-06 06:15:00,312.626068
2025-10-06 06:30:00,314.487762
2025-10-06 06:45:00,314.513123
2025-10-06 07:00:00,146.834183
2025-10-06 07:15:00,148.08812
2025-10-06 07:30:00,21.674507
2025-10-06 07:45:00,21.010006
2025-10-06 08:00:00,0.0
2025-10-06 08:15:00,0.0
2025-10-06 08:30:00,0.0
2025-10-06 08:45:00,0.0
2025-10-06 09:00:00,0.0
2025-10-06 09:15:00,0.0
2025-10-06 09:30:00,0.0
2025-10-06 09:45:00,0.0
2025-10-06 10:00:00,0.0
2025-10-06 10:15:00,0.0
2025-10-06 10:30:00,0.0
2025-10-06 10:45:00,9.317883
2025-10-06 11:00:00,10.064388
2025-10-06 11:15:00,9.081887
2025-10-06 11:30:00,0.0
2025-10-06 11:45:00,10.348732
2025-10-06 12:00:00,12.775731
2025-10-06 12:15:00,14.582022
2025-10-06 12:30:00,49.961685
2025-10-06 12:45:00,18.213484
2025-10-06 13:00:00,51.490643
2025-10-06 13:15:00,13.782385
2025-10-06 13:30:00,48.186985
2025-10-06 13:45:00,51.842705
2025-10-06 14:00:00,45.577404
2025-10-06 14:15:00,38.841747
2025-10-06 14:30:00,41.681152
2025-10-06 14:45:00,46.893528
2025-10-06 15:00:00,44.705189
2025-10-06 15:15:00,37.376377
2025-10-06 15:30:00,40.361744
2025-10-06 15:45:00,74.166016
2025-10-06 16:00:00,39.248238
2025-10-06 16:15:00,16.728403
2025-10-06 16:30:00,317.409119
2025-10-06 16:45:00,353.024323
2025-10-06 17:00:00,615.288696
2025-10-06 17:15:00,639.583679
2025-10-06 17:30:00,803.103394
2025-10-06 17:45:00,793.600525
2025-10-06 18:00:00,776.132568
2025-10-06 18:15:00,655.259888
2025-10-06 18:30:00,640.728821
2025-10-06 18:45:00,365.104675
2025-10-06 19:00:00,341.974304
2025-10-06 19:15:00,315.586548
2025-10-06 19:30:00,323.584991
2025-10-06 19:45:00,174.274811
2025-10-06 20:00:00,173.694473
2025-10-06 20:15:00,323.252167
2025-10-06 20:30:00,306.188904
2025-10-06 20:45:00,338.526001
2025-10-06 21:00:00,314.739197
2025-10-06 21:15:00,333.191589
2025-10-06 21:30:00,322.860291
2025-10-06 21:45:00,317.950165
2025-10-06 22:00:00,306.457184
2025-10-06 22:15:00,312.085907
2025-10-06 22:30:00,315.919159
2025-10-06 22:45:00,308.305817
2025-10-06 23:00:00,166.455643
2025-10-06 23:15:00,158.146301
2025-10-06 23:30:00,57.464607
2025-10-06 23:45:00,166.554916
2025-10-07 00:00:00,361.942932
2025-10-07 00:15:00,319.707184
2025-10-07 00:30:00,314.813629
2025-10-07 00:45:00,166.131683
2025-10-07 01:00:00,57.263153
2025-10-07 01:15:00,57.60268
2025-10-07 01:30:00,57.293152
2025-10-07 01:45:00,24.412178
2025-10-07 02:00:00,24.309307
2025-10-07 02:15:00,24.134624
2025-10-07 02:30:00,23.993559
2025-10-07 02:45:00,23.740137
2025-10-07 03:00:00,23.444881
2025-10-07 03:15:00,26.77466
2025-10-07 03:30:00,26.71944
2025-10-07 03:45:00,26.414301
2025-10-07 04:00:00,22.557695
2025-10-07 04:15:00,21.805332
2025-10-07 04:30:00,23.384701
2025-10-07 04:45:00,126.42762
2025-10-07 05:00:00,24.597689
2025-10-07 05:15:00,162.130264
2025-10-07 05:30:00,55.80933
2025-10-07 05:45:00,154.158569
2025-10-07 06:00:00,95.424088
2025-10-07 06:15:00,163.400284
2025-10-07 06:30:00,270.863068
2025-10-07 06:45:00,274.151337
2025-10-07 07:00:00,212.876678
2025-10-07 07:15:00,198.910416
2025-10-07 07:30:00,84.107254
2025-10-07 07:45:00,83.618889
2025-10-07 08:00:00,34.42601
2025-10-07 08:15:00,0.0
2025-10-07 08:30:00,0.0
2025-10-07 08:45:00,0.0
2025-10-07 09:00:00,0.0
2025-10-07 09:15:00,146.0
2025-10-07 09:30:00,0.0
2025-10-07 09:45:00,0.873243
2025-10-07 10:00:00,85.000069
2025-10-07 10:15:00,0.0
2025-10-07 10:30:00,0.0
2025-10-07 10:45:00,0.0
2025-10-07 11:00:00,1.018423
2025-10-07 11:15:00,0.0
2025-10-07 11:30:00,0.0
2025-10-07 11:45:00,0.0
2025-10-07 12:00:00,0.0
2025-10-07 12:15:00,1.782335
2025-10-07 12:30:00,2.028694
2025-10-07 12:45:00,7.57224
2025-10-07 13:00:00,7.845361
2025-10-07 13:15:00,85.888733
2025-10-07 13:30:00,108.703087
2025-10-07 13:45:00,98.814949
2025-10-07 14:00:00,104.064842
2025-10-07 14:15:00,233.660858
2025-10-07 14:30:00,211.542709
2025-10-07 14:45:00,264.732391
2025-10-07 15:00:00,304.800568
2025-10-07 15:15:00,237.310486
2025-10-07 15:30:00,306.658966
2025-10-07 15:45:00,323.574524
2025-10-07 16:00:00,425.393463
2025-10-07 16:15:00,818.352966
2025-10-07 16:30:00,927.092468
2025-10-07 16:45:00,905.43396
2025-10-07 17:00:00,975.556335
2025-10-07 17:15:00,968.618652
2025-10-07 17:30:00,967.687256
2025-10-07 17:45:00,851.399536
2025-10-07 18:00:00,911.083862
2025-10-07 18:15:00,905.22345
2025-10-07 18:30:00,887.2453
2025-10-07 18:45:00,832.292908
2025-10-07 19:00:00,610.012634
2025-10-07 19:15:00,586.009338
2025-10-07 19:30:00,445.059875
2025-10-07 19:45:00,362.273773
2025-10-07 20:00:00,827.536743
2025-10-07 20:15:00,820.669189
2025-10-07 20:30:00,814.901062
2025-10-07 20:45:00,814.849426
2025-10-07 21:00:00,844.318054
2025-10-07 21:15:00,835.440247
2025-10-07 21:30:00,694.414063
2025-10-07 21:45:00,691.44812
2025-10-07 22:00:00,496.413727
2025-10-07 22:15:00,528.006531
2025-10-07 22:30:00,491.340515
2025-10-07 22:45:00,453.551788
2025-10-07 23:00:00,471.14624
2025-10-07 23:15:00,373.828735
2025-10-07 23:30:00,422.381927
2025-10-07 23:45:00,371.700165
2025-10-08 00:00:00,374.252441
2025-10-08 00:15:00,384.094788
2025-10-08 00:30:00,384.13385
2025-10-08 00:45:00,367.881927
2025-10-08 01:00:00,312.570374
2025-10-08 01:15:00,321.727448
2025-10-08 01:30:00,319.197449
2025-10-08 01:45:00,311.921783
2025-10-08 02:00:00,309.690887
2025-10-08 02:15:00,311.904572
2025-10-08 02:30:00,284.550262
2025-10-08 02:45:00,307.168762
2025-10-08 03:00:00,280.054382
2025-10-08 03:15:00,280.954285
2025-10-08 03:30:00,288.03717
2025-10-08 03:45:00,196.349976
2025-10-08 04:00:00,286.150787
2025-10-08 04:15:00,68.094742
2025-10-08 04:30:00,291.038605
2025-10-08 04:45:00,200.455139
2025-10-08 05:00:00,303.270233
2025-10-08 05:15:00,300.751953
2025-10-08 05:30:00,303.214508
2025-10-08 05:45:00,302.854431
2025-10-08 06:00:00,308.220367
2025-10-08 06:15:00,299.878876
2025-10-08 06:30:00,296.911743
2025-10-08 06:45:00,308.396545
2025-10-08 07:00:00,312.315674
2025-10-08 07:15:00,313.886902
2025-10-08 07:30:00,309.764984
2025-10-08 07:45:00,313.075439
2025-10-08 08:00:00,310.774139
2025-10-08 08:15:00,310.851379
2025-10-08 08:30:00,310.917725
2025-10-08 08:45:00,314.849396
2025-10-08 09:00:00,312.751709
2025-10-08 09:15:00,314.593719
2025-10-08 09:30:00,311.999176
2025-10-08 09:45:00,312.001221
2025-10-08 10:00:00,312.000336
2025-10-08 10:15:00,309.743073
2025-10-08 10:30:00,306.714172
2025-10-08 10:45:00,307.215088
2025-10-08 11:00:00,296.660187
2025-10-08 11:15:00,210.949402
2025-10-08 11:30:00,36.924854
2025-10-08 11:45:00,0.0
2025-10-08 12:00:00,42.105305
2025-10-08 12:15:00,19.732447
2025-10-08 12:30:00,19.146225
2025-10-08 12:45:00,10.771875
2025-10-08 13:00:00,11.385989
2025-10-08 13:15:00,11.33945
2025-10-08 13:30:00,11.988763
2025-10-08 13:45:00,11.838636
2025-10-08 14:00:00,11.574692
2025-10-08 14:15:00,95.234184
2025-10-08 14:30:00,110.888977
2025-10-08 14:45:00,168.990189
2025-10-08 15:00:00,302.232269
2025-10-08 15:15:00,302.467651
2025-10-08 15:30:00,302.770325
2025-10-08 15:45:00,342.690094
2025-10-08 16:00:00,684.518921
2025-10-08 16:15:00,871.723938
2025-10-08 16:30:00,975.27417
2025-10-08 16:45:00,972.161072
2025-10-08 17:00:00,975.635254
2025-10-08 17:15:00,983.825012
2025-10-08 17:30:00,987.235046
2025-10-08 17:45:00,934.096069
2025-10-08 18:00:00,931.892029
2025-10-08 18:15:00,895.423279
2025-10-08 18:30:00,903.636108
2025-10-08 18:45:00,886.186584
2025-10-08 19:00:00,862.444275
2025-10-08 19:15:00,879.79657
2025-10-08 19:30:00,871.955505
2025-10-08 19:45:00,880.033752
2025-10-08 20:00:00,829.407959
2025-10-08 20:15:00,865.332642
2025-10-08 20:30:00,748.593628
2025-10-08 20:45:00,724.025513
2025-10-08 21:00:00,814.066345
2025-10-08 21:15:00,855.899109
2025-10-08 21:30:00,661.52887
2025-10-08 21:45:00,521.286804
2025-10-08 22:00:00,452.994232
2025-10-08 22:15:00,730.698303
2025-10-08 22:30:00,596.063965
2025-10-08 22:45:00,459.407806
2025-10-08 23:00:00,363.786743
2025-10-08 23:15:00,339.754547
2025-10-08 23:30:00,343.073486
2025-10-08 23:45:00,355.165497
2025-10-09 00:00:00,341.736755
2025-10-09 00:15:00,351.464111
2025-10-09 00:30:00,347.837708
2025-10-09 00:45:00,326.684631
2025-10-09 01:00:00,321.375305
2025-10-09 01:15:00,311.751282
2025-10-09 01:30:00,312.729279
2025-10-09 01:45:00,311.6091
2025-10-09 02:00:00,313.788391
2025-10-09 02:15:00,310.523346
2025-10-09 02:30:00,313.776123
2025-10-09 02:45:00,307.593201
2025-10-09 03:00:00,306.961792
2025-10-09 03:15:00,308.431152
2025-10-09 03:30:00,308.314545
2025-10-09 03:45:00,307.879486
2025-10-09 04:00:00,307.852325
2025-10-09 04:15:00,308.595154
2025-10-09 04:30:00,308.391418
2025-10-09 04:45:00,308.532074
2025-10-09 05:00:00,308.704803
2025-10-09 05:15:00,311.563019
2025-10-09 05:30:00,310.677002
2025-10-09 05:45:00,313.931
2025-10-09 06:00:00,313.018585
2025-10-09 06:15:00,311.4888
2025-10-09 06:30:00,322.236481
2025-10-09 06:45:00,323.429718
2025-10-09 07:00:00,311.172729
2025-10-09 07:15:00,304.224304
2025-10-09 07:30:00,302.603149
2025-10-09 07:45:00,300.783844
2025-10-09 08:00:00,306.673553
2025-10-09 08:15:00,307.861176
2025-10-09 08:30:00,307.386292
2025-10-09 08:45:00,299.826508
2025-10-09 09:00:00,297.915588
2025-10-09 09:15:00,165.718063
2025-10-09 09:30:00,155.008347
2025-10-09 09:45:00,158.944366
2025-10-09 10:00:00,289.621704
2025-10-09 10:15:00,297.259552
2025-10-09 10:30:00,278.3573
2025-10-09 10:45:00,278.539764
2025-10-09 11:00:00,248.914856
2025-10-09 11:15:00,129.395432
2025-10-09 11:30:00,68.238251
2025-10-09 11:45:00,69.334961
2025-10-09 12:00:00,16.206024
2025-10-09 12:15:00,67.006378
2025-10-09 12:30:00,90.373642
2025-10-09 12:45:00,140.70755
2025-10-09 13:00:00,145.934479
2025-10-09 13:15:00,149.048004
2025-10-09 13:30:00,157.623016
2025-10-09 13:45:00,143.487152
2025-10-09 14:00:00,137.664169
2025-10-09 14:15:00,226.487595
2025-10-09 14:30:00,235.828827
2025-10-09 14:45:00,331.166382
2025-10-09 15:00:00,338.761017
2025-10-09 15:15:00,329.51767
2025-10-09 15:30:00,339.157043
2025-10-09 15:45:00,345.429321
2025-10-09 16:00:00,438.419128
2025-10-09 16:15:00,763.884338
2025-10-09 16:30:00,905.464905
2025-10-09 16:45:00,917.217346
2025-10-09 17:00:00,930.878967
2025-10-09 17:15:00,921.978027
2025-10-09 17:30:00,915.68042
2025-10-09 17:45:00,877.744446
2025-10-09 18:00:00,878.191101
2025-10-09 18:15:00,874.822571
2025-10-09 18:30:00,911.258301
2025-10-09 18:45:00,909.924133
2025-10-09 19:00:00,848.908997
2025-10-09 19:15:00,881.072144
2025-10-09 19:30:00,839.868042
2025-10-09 19:45:00,696.347534
2025-10-09 20:00:00,739.747986
2025-10-09 20:15:00,697.720581
2025-10-09 20:30:00,768.722473
2025-10-09 20:45:00,809.926086
2025-10-09 21:00:00,721.735291
2025-10-09 21:15:00,755.9823
2025-10-09 21:30:00,725.518127
2025-10-09 21:45:00,717.268799
2025-10-09 22:00:00,602.049438
2025-10-09 22:15:00,478.178772
2025-10-09 22:30:00,495.765411
2025-10-09 22:45:00,405.803284
2025-10-09 23:00:00,401.798187
2025-10-09 23:15:00,337.532104
2025-10-09 23:30:00,323.890564
2025-10-09 23:45:00,324.740326
2025-10-10 00:00:00,319.809937
2025-10-10 00:15:00,321.438232
2025-10-10 00:30:00,315.062958
2025-10-10 00:45:00,305.005646
2025-10-10 01:00:00,298.799896
2025-10-10 01:15:00,299.190002
2025-10-10 01:30:00,289.646454
2025-10-10 01:45:00,196.400391
2025-10-10 02:00:00,254.1203
2025-10-10 02:15:00,213.589661
2025-10-10 02:30:00,77.053589
2025-10-10 02:45:00,65.542778
2025-10-10 03:00:00,55.173023
2025-10-10 03:15:00,26.586132
2025-10-10 03:30:00,26.838383
2025-10-10 03:45:00,26.701084
2025-10-10 04:00:00,26.884893
2025-10-10 04:15:00,26.83884
2025-10-10 04:30:00,26.802053
2025-10-10 04:45:00,26.529329
2025-10-10 05:00:00,26.603689
2025-10-10 05:15:00,26.937172
2025-10-10 05:30:00,155.267609
2025-10-10 05:45:00,162.69577
2025-10-10 06:00:00,55.793468
2025-10-10 06:15:00,201.321548
2025-10-10 06:30:00,309.997681
2025-10-10 06:45:00,301.283173
2025-10-10 07:00:00,271.528259
2025-10-10 07:15:00,180.164322
2025-10-10 07:30:00,158.992065
2025-10-10 07:45:00,139.468109
2025-10-10 08:00:00,105.585182
2025-10-10 08:15:00,11.532414
2025-10-10 08:30:00,2.515025
2025-10-10 08:45:00,2.651047
2025-10-10 09:00:00,2.665688
2025-10-10 09:15:00,2.818165
2025-10-10 09:30:00,2.54575
2025-10-10 09:45:00,0.0
2025-10-10 10:00:00,0.0
2025-10-10 10:15:00,2.551438
2025-10-10 10:30:00,2.313721
2025-10-10 10:45:00,2.947762
2025-10-10 11:00:00,5.03711
2025-10-10 11:15:00,4.7296
2025-10-10 11:30:00,2.757895
2025-10-10 11:45:00,3.044945
2025-10-10 12:00:00,5.010343
2025-10-10 12:15:00,9.225025
2025-10-10 12:30:00,9.255198
2025-10-10 12:45:00,6.222782
2025-10-10 13:00:00,7.066415
2025-10-10 13:15:00,7.340775
2025-10-10 13:30:00,7.587026
2025-10-10 13:45:00,7.43844
2025-10-10 14:00:00,26.422594
2025-10-10 14:15:00,27.110235
2025-10-10 14:30:00,84.950371
2025-10-10 14:45:00,69.505562
2025-10-10 15:00:00,70.486816
2025-10-10 15:15:00,71.506409
2025-10-10 15:30:00,108.618492
2025-10-10 15:45:00,145.177826
2025-10-10 16:00:00,244.73558
2025-10-10 16:15:00,297.283447
2025-10-10 16:30:00,319.917542
2025-10-10 16:45:00,325.53598
2025-10-10 17:00:00,331.705841
2025-10-10 17:15:00,332.378418
2025-10-10 17:30:00,335.735748
2025-10-10 17:45:00,338.727264
2025-10-10 18:00:00,335.856567
2025-10-10 18:15:00,338.335419
2025-10-10 18:30:00,335.809479
2025-10-10 18:45:00,330.343109
2025-10-10 19:00:00,263.966553
2025-10-10 19:15:00,216.922302
2025-10-10 19:30:00,220.88356
2025-10-10 19:45:00,194.980164
2025-10-10 20:00:00,222.374847
2025-10-10 20:15:00,214.975784
2025-10-10 20:30:00,213.897675
2025-10-10 20:45:00,188.471985
2025-10-10 21:00:00,173.799225
2025-10-10 21:15:00,190.021561
2025-10-10 21:30:00,189.057236
2025-10-10 21:45:00,159.713013
2025-10-10 22:00:00,132.207291
2025-10-10 22:15:00,174.358429
2025-10-10 22:30:00,147.481659
2025-10-10 22:45:00,135.237534
2025-10-10 23:00:00,142.192444
2025-10-10 23:15:00,92.554749
2025-10-10 23:30:00,64.789948
2025-10-10 23:45:00,61.868725
2025-10-11 00:00:00,155.713684
2025-10-11 00:15:00,143.232895
2025-10-11 00:30:00,137.518402
2025-10-11 00:45:00,139.648117
2025-10-11 01:00:00,140.184601
2025-10-11 01:15:00,136.203674
2025-10-11 01:30:00,126.740303
2025-10-11 01:45:00,39.245262
2025-10-11 02:00:00,58.577877
2025-10-11 02:15:00,30.164829
2025-10-11 02:30:00,0.0
2025-10-11 02:45:00,0.0
2025-10-11 03:00:00,0.0
2025-10-11 03:15:00,0.0
2025-10-11 03:30:00,0.0
2025-10-11 03:45:00,0.0
2025-10-11 04:00:00,0.0
2025-10-11 04:15:00,0.0
2025-10-11 04:30:00,0.0
2025-10-11 04:45:00,0.0
2025-10-11 05:00:00,0.0
2025-10-11 05:15:00,0.0
2025-10-11 05:30:00,29.828165
2025-10-11 05:45:00,38.3596
2025-10-11 06:00:00,140.236588
2025-10-11 06:15:00,139.235229
2025-10-11 06:30:00,140.179047
2025-10-11 06:45:00,137.694839
2025-10-11 07:00:00,0.0
2025-10-11 07:15:00,0.0
2025-10-11 07:30:00,0.0
2025-10-11 07:45:00,19.699072
2025-10-11 08:00:00,141.999969
2025-10-11 08:15:00,141.999924
2025-10-11 08:30:00,141.999939
2025-10-11 08:45:00,19.999981
2025-10-11 09:00:00,0.0
2025-10-11 09:15:00,0.0
2025-10-11 09:30:00,19.572752
2025-10-11 09:45:00,140.975174
2025-10-11 10:00:00,146.930542
2025-10-11 10:15:00,271.534241
2025-10-11 10:30:00,147.493088
2025-10-11 10:45:00,246.579605
2025-10-11 11:00:00,282.43692
2025-10-11 11:15:00,140.130264
2025-10-11 11:30:00,138.330063
2025-10-11 11:45:00,85.866608
2025-10-11 12:00:00,136.597626
2025-10-11 12:15:00,140.456085
2025-10-11 12:30:00,0.0
2025-10-11 12:45:00,0.0
2025-10-11 13:00:00,0.0
2025-10-11 13:15:00,0.0
2025-10-11 13:30:00,0.0
2025-10-11 13:45:00,0.0
2025-10-11 14:00:00,0.0
2025-10-11 14:15:00,0.0
2025-10-11 14:30:00,0.0
2025-10-11 14:45:00,0.0
2025-10-11 15:00:00,0.0
2025-10-11 15:15:00,0.0
2025-10-11 15:30:00,0.0
2025-10-11 15:45:00,0.0
2025-10-11 16:00:00,0.0
2025-10-11 16:15:00,20.000008
2025-10-11 16:30:00,141.999969
2025-10-11 16:45:00,141.999924
2025-10-11 17:00:00,149.999939
2025-10-11 17:15:00,149.693909
2025-10-11 17:30:00,147.345993
2025-10-11 17:45:00,136.97052
2025-10-11 18:00:00,153.345795
2025-10-11 18:15:00,116.284325
2025-10-11 18:30:00,108.623619
2025-10-11 18:45:00,79.278191
2025-10-11 19:00:00,51.519051
2025-10-11 19:15:00,35.84919
2025-10-11 19:30:00,62.889088
2025-10-11 19:45:00,10.608732
2025-10-11 20:00:00,11.632987
2025-10-11 20:15:00,10.685328
2025-10-11 20:30:00,2.37226
2025-10-11 20:45:00,0.0
2025-10-11 21:00:00,0.0
2025-10-11 21:15:00,0.0
2025-10-11 21:30:00,0.0
2025-10-11 21:45:00,0.0
2025-10-11 22:00:00,0.0
2025-10-11 22:15:00,0.0
2025-10-11 22:30:00,0.0
2025-10-11 22:45:00,0.0
2025-10-11 23:00:00,0.0
2025-10-11 23:15:00,0.0
2025-10-11 23:30:00,0.0
2025-10-11 23:45:00,0.0
2025-10-12 00:00:00,6.608927
2025-10-12 00:15:00,3.340646
2025-10-12 00:30:00,3.373739
2025-10-12 00:45:00,3.232287
2025-10-12 01:00:00,3.172819
2025-10-12 01:15:00,0.0
2025-10-12 01:30:00,0.0
2025-10-12 01:45:00,0.0
2025-10-12 02:00:00,0.0
2025-10-12 02:15:00,0.0
2025-10-12 02:30:00,0.0
2025-10-12 02:45:00,3.177824
2025-10-12 03:00:00,3.124959
2025-10-12 03:15:00,0.0
2025-10-12 03:30:00,0.0
2025-10-12 03:45:00,0.0
2025-10-12 04:00:00,0.0
2025-10-12 04:15:00,3.249398
2025-10-12 04:30:00,4.34541
2025-10-12 04:45:00,3.094703
2025-10-12 05:00:00,3.035189
2025-10-12 05:15:00,5.236017
2025-10-12 05:30:00,61.342926
2025-10-12 05:45:00,3.188093
2025-10-12 06:00:00,78.610199
2025-10-12 06:15:00,74.50071
2025-10-12 06:30:00,106.237907
2025-10-12 06:45:00,97.928497
2025-10-12 07:00:00,0.0
2025-10-12 07:15:00,0.0
2025-10-12 07:30:00,85.548721
2025-10-12 07:45:00,139.801575
2025-10-12 08:00:00,143.649078
2025-10-12 08:15:00,287.19693
2025-10-12 08:30:00,305.229401
2025-10-12 08:45:00,307.904205
2025-10-12 09:00:00,307.723053
2025-10-12 09:15:00,313.993408
2025-10-12 09:30:00,311.9263
2025-10-12 09:45:00,316.185394
2025-10-12 10:00:00,316.471863
2025-10-12 10:15:00,325.866669
2025-10-12 10:30:00,316.022034
2025-10-12 10:45:00,315.110413
2025-10-12 11:00:00,316.341156
2025-10-12 11:15:00,327.975922
2025-10-12 11:30:00,327.272003
2025-10-12 11:45:00,316.920715
2025-10-12 12:00:00,316.639343
2025-10-12 12:15:00,316.677338
2025-10-12 12:30:00,315.890625
2025-10-12 12:45:00,315.295715
2025-10-12 13:00:00,309.183411
2025-10-12 13:15:00,304.84613
2025-10-12 13:30:00,303.871399
2025-10-12 13:45:00,293.401215
2025-10-12 14:00:00,293.265747
2025-10-12 14:15:00,295.86673
2025-10-12 14:30:00,290.121521
2025-10-12 14:45:00,287.366028
2025-10-12 15:00:00,157.592484
2025-10-12 15:15:00,141.488831
2025-10-12 15:30:00,58.902275
2025-10-12 15:45:00,38.368839
2025-10-12 16:00:00,22.801725
2025-10-12 16:15:00,95.265144
2025-10-12 16:30:00,149.317261
2025-10-12 16:45:00,141.135345
2025-10-12 17:00:00,90.533012
2025-10-12 17:15:00,21.662737
2025-10-12 17:30:00,2.120614
2025-10-12 17:45:00,17.653353
2025-10-12 18:00:00,22.999115
2025-10-12 18:15:00,9.140997
2025-10-12 18:30:00,12.478732
2025-10-12 18:45:00,12.779505
2025-10-12 19:00:00,7.777754
2025-10-12 19:15:00,2.335877
2025-10-12 19:30:00,85.413437
2025-10-12 19:45:00,91.429848
2025-10-12 20:00:00,3.569336
2025-10-12 20:15:00,47.254059
2025-10-12 20:30:00,36.33321
2025-10-12 20:45:00,35.457634
2025-10-12 21:00:00,0.0
2025-10-12 21:15:00,32.715729
2025-10-12 21:30:00,0.0
2025-10-12 21:45:00,0.0
2025-10-12 22:00:00,39.525414
2025-10-12 22:15:00,0.0
2025-10-12 22:30:00,18.573673
2025-10-12 22:45:00,0.0
2025-10-12 23:00:00,0.0
2025-10-12 23:15:00,0.0
2025-10-12 23:30:00,0.0
2025-10-12 23:45:00,0.0
2025-10-13 00:00:00,3.23927
2025-10-13 00:15:00,4.381426
2025-10-13 00:30:00,4.016696
2025-10-13 00:45:00,4.088482
2025-10-13 01:00:00,22.632946
2025-10-13 01:15:00,2.803789
2025-10-13 01:30:00,3.842793
2025-10-13 01:45:00,2.949308
2025-10-13 02:00:00,2.847284
2025-10-13 02:15:00,0.0
2025-10-13 02:30:00,0.0
2025-10-13 02:45:00,3.865875
2025-10-13 03:00:00,0.0
2025-10-13 03:15:00,3.023516
2025-10-13 03:30:00,3.121747
2025-10-13 03:45:00,3.023614
2025-10-13 04:00:00,3.032629
2025-10-13 04:15:00,0.0
2025-10-13 04:30:00,3.035426
2025-10-13 04:45:00,4.117432
2025-10-13 05:00:00,3.950881
2025-10-13 05:15:00,2.89695
2025-10-13 05:30:00,2.875548
2025-10-13 05:45:00,0.0
2025-10-13 06:00:00,0.0
2025-10-13 06:15:00,0.0
2025-10-13 06:30:00,25.07696
2025-10-13 06:45:00,20.223166
2025-10-13 07:00:00,0.0
2025-10-13 07:15:00,0.0
2025-10-13 07:30:00,17.742735
2025-10-13 07:45:00,0.0
2025-10-13 08:00:00,101.397377
2025-10-13 08:15:00,148.959671
2025-10-13 08:30:00,266.730499
2025-10-13 08:45:00,296.99231
2025-10-13 09:00:00,291.061188
2025-10-13 09:15:00,294.229706
2025-10-13 09:30:00,292.018677
2025-10-13 09:45:00,291.385529
2025-10-13 10:00:00,296.169159
2025-10-13 10:15:00,305.016327
2025-10-13 10:30:00,304.940796
2025-10-13 10:45:00,302.406067
2025-10-13 11:00:00,302.451721
2025-10-13 11:15:00,290.832336
2025-10-13 11:30:00,145.92485
2025-10-13 11:45:00,138.078217
2025-10-13 12:00:00,139.877289
2025-10-13 12:15:00,138.445358
2025-10-13 12:30:00,34.168926
2025-10-13 12:45:00,0.0
2025-10-13 13:00:00,137.233078
2025-10-13 13:15:00,61.668415
2025-10-13 13:30:00,8.34903
2025-10-13 13:45:00,0.0
2025-10-13 14:00:00,11.497097
2025-10-13 14:15:00,9.873884
2025-10-13 14:30:00,10.535583
2025-10-13 14:45:00,12.175593
2025-10-13 15:00:00,12.187195
2025-10-13 15:15:00,10.805922
2025-10-13 15:30:00,10.640231
2025-10-13 15:45:00,33.604309
2025-10-13 16:00:00,147.953629
2025-10-13 16:15:00,29.829575
2025-10-13 16:30:00,71.244965
2025-10-13 16:45:00,146.797424
2025-10-13 17:00:00,148.288239
2025-10-13 17:15:00,148.127625
2025-10-13 17:30:00,147.349014
2025-10-13 17:45:00,69.161621
2025-10-13 18:00:00,121.949753
2025-10-13 18:15:00,117.214699
2025-10-13 18:30:00,121.214424
2025-10-13 18:45:00,151.766251
2025-10-13 19:00:00,48.593658
2025-10-13 19:15:00,71.412987
2025-10-13 19:30:00,13.474429
2025-10-13 19:45:00,13.864223
2025-10-13 20:00:00,14.091269
2025-10-13 20:15:00,62.598351
2025-10-13 20:30:00,85.659836
2025-10-13 20:45:00,56.340084
2025-10-13 21:00:00,16.00037
2025-10-13 21:15:00,14.892862
2025-10-13 21:30:00,15.849518
2025-10-13 21:45:00,16.518568
2025-10-13 22:00:00,15.996088
2025-10-13 22:15:00,0.0
2025-10-13 22:30:00,16.011076
2025-10-13 22:45:00,15.945811
2025-10-13 23:00:00,11.194394
2025-10-13 23:15:00,8.43901
2025-10-13 23:30:00,12.596584
2025-10-13 23:45:00,12.613677
2025-10-14 00:00:00,133.646561
2025-10-14 00:15:00,52.736271
2025-10-14 00:30:00,17.676916
2025-10-14 00:45:00,20.324568
2025-10-14 01:00:00,20.372866
2025-10-14 01:15:00,72.757141
2025-10-14 01:30:00,53.622017
2025-10-14 01:45:00,89.790703
2025-10-14 02:00:00,82.3731
2025-10-14 02:15:00,84.731964
2025-10-14 02:30:00,83.267097
2025-10-14 02:45:00,82.760155
2025-10-14 03:00:00,81.385574
2025-10-14 03:15:00,90.062271
2025-10-14 03:30:00,82.212082
2025-10-14 03:45:00,82.700569
2025-10-14 04:00:00,87.897186
2025-10-14 04:15:00,60.80241
2025-10-14 04:30:00,19.393833
2025-10-14 04:45:00,19.793758
2025-10-14 05:00:00,16.188482
2025-10-14 05:15:00,16.203047
2025-10-14 05:30:00,15.692612
2025-10-14 05:45:00,19.129406
2025-10-14 06:00:00,94.504921
2025-10-14 06:15:00,19.76474
2025-10-14 06:30:00,18.193348
2025-10-14 06:45:00,86.688744
2025-10-14 07:00:00,16.074696
2025-10-14 07:15:00,15.981392
2025-10-14 07:30:00,15.452547
2025-10-14 07:45:00,15.583954
2025-10-14 08:00:00,15.632834
2025-10-14 08:15:00,12.190076
2025-10-14 08:30:00,11.797656
2025-10-14 08:45:00,0.0
2025-10-14 09:00:00,9.795253
2025-10-14 09:15:00,8.679882
2025-10-14 09:30:00,7.414299
2025-10-14 09:45:00,0.0
2025-10-14 10:00:00,0.0
2025-10-14 10:15:00,0.0
2025-10-14 10:30:00,0.0
2025-10-14 10:45:00,0.0
2025-10-14 11:00:00,0.0
2025-10-14 11:15:00,0.0
2025-10-14 11:30:00,0.0
2025-10-14 11:45:00,0.0
2025-10-14 12:00:00,0.0
2025-10-14 12:15:00,0.0
2025-10-14 12:30:00,0.0
2025-10-14 12:45:00,0.0
2025-10-14 13:00:00,5.185544
2025-10-14 13:15:00,4.741124
2025-10-14 13:30:00,0.0
2025-10-14 13:45:00,0.0
2025-10-14 14:00:00,0.0
2025-10-14 14:15:00,0.0
2025-10-14 14:30:00,0.0
2025-10-14 14:45:00,0.0
2025-10-14 15:00:00,0.0
2025-10-14 15:15:00,0.0
2025-10-14 15:30:00,90.327858
2025-10-14 15:45:00,214.138763
2025-10-14 16:00:00,312.241974
2025-10-14 16:15:00,314.99411
2025-10-14 16:30:00,316.77478
2025-10-14 16:45:00,319.923096
2025-10-14 17:00:00,320.161407
2025-10-14 17:15:00,309.287415
2025-10-14 17:30:00,299.494446
2025-10-14 17:45:00,309.944092
2025-10-14 18:00:00,318.451935
2025-10-14 18:15:00,273.805969
2025-10-14 18:30:00,315.947723
2025-10-14 18:45:00,285.605347
2025-10-14 19:00:00,239.435425
2025-10-14 19:15:00,128.171936
2025-10-14 19:30:00,13.643851
2025-10-14 19:45:00,14.020604
2025-10-14 20:00:00,84.574799
2025-10-14 20:15:00,89.327202
2025-10-14 20:30:00,92.694298
2025-10-14 20:45:00,55.208397
2025-10-14 21:00:00,92.266068
2025-10-14 21:15:00,13.396008
2025-10-14 21:30:00,85.281502
2025-10-14 21:45:00,14.005156
2025-10-14 22:00:00,14.23647
2025-10-14 22:15:00,14.622044
2025-10-14 22:30:00,85.066368
2025-10-14 22:45:00,53.067291
2025-10-14 23:00:00,54.383404
2025-10-14 23:15:00,83.63781
2025-10-14 23:30:00,50.267155
2025-10-14 23:45:00,11.392358
2025-10-15 00:00:00,115.214134
2025-10-15 00:15:00,112.558563
2025-10-15 00:30:00,90.978012
2025-10-15 00:45:00,58.431644
2025-10-15 01:00:00,59.341564
2025-10-15 01:15:00,84.266479
2025-10-15 01:30:00,83.637413
2025-10-15 01:45:00,85.728287
2025-10-15 02:00:00,18.551241
2025-10-15 02:15:00,21.791668
2025-10-15 02:30:00,22.167013
2025-10-15 02:45:00,21.811485
2025-10-15 03:00:00,21.437281
2025-10-15 03:15:00,53.729275
2025-10-15 03:30:00,20.742838
2025-10-15 03:45:00,21.802307
2025-10-15 04:00:00,20.429144
2025-10-15 04:15:00,20.076111
2025-10-15 04:30:00,20.185757
2025-10-15 04:45:00,53.735825
2025-10-15 05:00:00,22.119415
2025-10-15 05:15:00,21.458681
2025-10-15 05:30:00,107.761391
2025-10-15 05:45:00,65.173187
2025-10-15 06:00:00,296.087402
2025-10-15 06:15:00,286.777649
2025-10-15 06:30:00,294.97168
2025-10-15 06:45:00,310.412659
2025-10-15 07:00:00,306.690277
2025-10-15 07:15:00,310.486267
2025-10-15 07:30:00,304.552643
2025-10-15 07:45:00,314.87326
2025-10-15 08:00:00,313.640076
2025-10-15 08:15:00,323.229675
2025-10-15 08:30:00,326.435364
2025-10-15 08:45:00,324.443237
2025-10-15 09:00:00,325.567261
2025-10-15 09:15:00,338.06601
2025-10-15 09:30:00,341.503662
2025-10-15 09:45:00,418.466766
2025-10-15 10:00:00,418.823578
2025-10-15 10:15:00,343.455597
2025-10-15 10:30:00,332.30246
2025-10-15 10:45:00,333.099609
2025-10-15 11:00:00,338.690155
2025-10-15 11:15:00,335.673401
2025-10-15 11:30:00,330.165985
2025-10-15 11:45:00,320.095001
2025-10-15 12:00:00,334.268341
2025-10-15 12:15:00,334.059326
2025-10-15 12:30:00,321.365448
2025-10-15 12:45:00,319.393524
2025-10-15 13:00:00,320.398315
2025-10-15 13:15:00,320.712402
2025-10-15 13:30:00,320.594147
2025-10-15 13:45:00,322.864044
2025-10-15 14:00:00,324.039307
2025-10-15 14:15:00,334.53717
2025-10-15 14:30:00,335.065857
2025-10-15 14:45:00,335.083466
2025-10-15 15:00:00,323.947021
2025-10-15 15:15:00,334.432465
2025-10-15 15:30:00,336.497772
2025-10-15 15:45:00,324.832001
2025-10-15 16:00:00,321.785278
2025-10-15 16:15:00,320.668213
2025-10-15 16:30:00,322.111847
2025-10-15 16:45:00,317.422699
2025-10-15 17:00:00,320.550598
2025-10-15 17:15:00,318.022614
2025-10-15 17:30:00,317.810364
2025-10-15 17:45:00,301.933716
2025-10-15 18:00:00,265.926819
2025-10-15 18:15:00,249.053314
2025-10-15 18:30:00,263.224823
2025-10-15 18:45:00,265.675262
2025-10-15 19:00:00,145.516037
2025-10-15 19:15:00,89.613533
2025-10-15 19:30:00,56.712486
2025-10-15 19:45:00,55.650322
2025-10-15 20:00:00,89.968903
2025-10-15 20:15:00,99.338341
2025-10-15 20:30:00,93.99176
2025-10-15 20:45:00,14.05483
2025-10-15 21:00:00,15.253689
2025-10-15 21:15:00,15.506397
2025-10-15 21:30:00,16.412828
2025-10-15 21:45:00,17.103687
2025-10-15 22:00:00,17.467693
2025-10-15 22:15:00,16.797808
2025-10-15 22:30:00,16.873283
2025-10-15 22:45:00,16.942747
2025-10-15 23:00:00,14.74999
2025-10-15 23:15:00,16.680754
2025-10-15 23:30:00,15.672776
2025-10-15 23:45:00,16.83017
2025-10-16 00:00:00,21.030626
2025-10-16 00:15:00,22.376917
2025-10-16 00:30:00,18.361671
2025-10-16 00:45:00,18.501377
2025-10-16 01:00:00,20.506102
2025-10-16 01:15:00,99.549889
2025-10-16 01:30:00,22.734974
2025-10-16 01:45:00,126.381279
2025-10-16 02:00:00,17.659687
2025-10-16 02:15:00,16.636812
2025-10-16 02:30:00,63.745308
2025-10-16 02:45:00,147.041611
2025-10-16 03:00:00,26.96104
2025-10-16 03:15:00,16.006609
2025-10-16 03:30:00,15.475045
2025-10-16 03:45:00,16.685251
2025-10-16 04:00:00,16.275883
2025-10-16 04:15:00,0.036131
2025-10-16 04:30:00,13.954566
2025-10-16 04:45:00,15.466724
2025-10-16 05:00:00,56.131687
2025-10-16 05:15:00,56.212379
2025-10-16 05:30:00,56.261009
2025-10-16 05:45:00,55.075752
2025-10-16 06:00:00,38.295868
2025-10-16 06:15:00,91.736443
2025-10-16 06:30:00,107.875603
2025-10-16 06:45:00,106.753563
2025-10-16 07:00:00,137.661636
2025-10-16 07:15:00,103.42057
2025-10-16 07:30:00,191.490631
2025-10-16 07:45:00,234.977386
2025-10-16 08:00:00,213.627853
2025-10-16 08:15:00,309.197693
2025-10-16 08:30:00,309.791992
2025-10-16 08:45:00,299.307159
2025-10-16 09:00:00,306.345184
2025-10-16 09:15:00,306.107758
2025-10-16 09:30:00,306.130463
2025-10-16 09:45:00,294.030762
2025-10-16 10:00:00,307.828156
2025-10-16 10:15:00,288.162506
2025-10-16 10:30:00,291.882355
2025-10-16 10:45:00,283.74585
2025-10-16 11:00:00,305.909058
2025-10-16 11:15:00,306.605835
2025-10-16 11:30:00,310.059265
2025-10-16 11:45:00,314.927704
2025-10-16 12:00:00,323.650085
2025-10-16 12:15:00,337.766388
2025-10-16 12:30:00,328.006439
2025-10-16 12:45:00,326.496887
2025-10-16 13:00:00,326.515717
2025-10-16 13:15:00,329.010895
2025-10-16 13:30:00,319.843872
2025-10-16 13:45:00,312.542603
2025-10-16 14:00:00,309.483093
2025-10-16 14:15:00,318.896759
2025-10-16 14:30:00,314.533783
2025-10-16 14:45:00,310.685394
2025-10-16 15:00:00,314.205261
2025-10-16 15:15:00,311.507263
2025-10-16 15:30:00,314.241943
2025-10-16 15:45:00,323.366425
2025-10-16 16:00:00,330.607635
2025-10-16 16:15:00,334.129852
2025-10-16 16:30:00,333.086792
2025-10-16 16:45:00,324.989105
2025-10-16 17:00:00,329.455475
2025-10-16 17:15:00,321.125061
2025-10-16 17:30:00,319.743347
2025-10-16 17:45:00,319.930939
2025-10-16 18:00:00,324.863373
2025-10-16 18:15:00,323.412537
2025-10-16 18:30:00,324.527039
2025-10-16 18:45:00,305.607452
2025-10-16 19:00:00,160.174286
2025-10-16 19:15:00,28.256254
2025-10-16 19:30:00,27.888374
2025-10-16 19:45:00,28.373617
2025-10-16 20:00:00,21.975456
2025-10-16 20:15:00,21.959684
2025-10-16 20:30:00,28.583342
2025-10-16 20:45:00,31.130449
2025-10-16 21:00:00,110.761192
2025-10-16 21:15:00,32.000618
2025-10-16 21:30:00,29.52709
2025-10-16 21:45:00,28.418186
2025-10-16 22:00:00,21.708759
2025-10-16 22:15:00,29.123098
2025-10-16 22:30:00,15.991544
2025-10-16 22:45:00,14.637525
2025-10-16 23:00:00,14.231846
2025-10-16 23:15:00,14.357452
2025-10-16 23:30:00,14.763835
2025-10-16 23:45:00,16.225958
2025-10-17 00:00:00,28.358843
2025-10-17 00:15:00,31.906958
2025-10-17 00:30:00,25.893465
2025-10-17 00:45:00,25.562908
2025-10-17 01:00:00,28.358313
2025-10-17 01:15:00,15.337525
2025-10-17 01:30:00,24.553576
2025-10-17 01:45:00,24.760944
2025-10-17 02:00:00,24.892675
2025-10-17 02:15:00,25.084251
2025-10-17 02:30:00,26.578777
2025-10-17 02:45:00,25.965874
2025-10-17 03:00:00,25.930235
2025-10-17 03:15:00,21.103867
2025-10-17 03:30:00,22.332514
2025-10-17 03:45:00,25.626211
2025-10-17 04:00:00,25.58894
2025-10-17 04:15:00,25.985207
2025-10-17 04:30:00,26.427782
2025-10-17 04:45:00,29.651817
2025-10-17 05:00:00,25.852547
2025-10-17 05:15:00,26.643787
2025-10-17 05:30:00,30.898521
2025-10-17 05:45:00,28.971687
2025-10-17 06:00:00,164.763779
2025-10-17 06:15:00,300.60434
2025-10-17 06:30:00,317.348572
2025-10-17 06:45:00,313.727814
2025-10-17 07:00:00,313.440063
2025-10-17 07:15:00,312.33017
2025-10-17 07:30:00,312.354553
2025-10-17 07:45:00,309.082001
2025-10-17 08:00:00,323.525665
2025-10-17 08:15:00,325.65683
2025-10-17 08:30:00,337.600403
2025-10-17 08:45:00,337.840576
2025-10-17 09:00:00,322.414886
2025-10-17 09:15:00,322.658081
2025-10-17 09:30:00,339.400421
2025-10-17 09:45:00,340.980774
2025-10-17 10:00:00,340.339203
2025-10-17 10:15:00,333.825012
2025-10-17 10:30:00,322.039551
2025-10-17 10:45:00,321.019257
2025-10-17 11:00:00,321.011383
2025-10-17 11:15:00,314.861359
2025-10-17 11:30:00,313.346222
2025-10-17 11:45:00,302.571167
2025-10-17 12:00:00,316.700409
2025-10-17 12:15:00,320.562866
2025-10-17 12:30:00,321.877777
2025-10-17 12:45:00,326.676453
2025-10-17 13:00:00,325.233337
2025-10-17 13:15:00,325.72287
2025-10-17 13:30:00,326.440887
2025-10-17 13:45:00,319.761169
2025-10-17 14:00:00,311.556763
2025-10-17 14:15:00,306.099579
2025-10-17 14:30:00,311.549927
2025-10-17 14:45:00,317.484406
2025-10-17 15:00:00,325.471222
2025-10-17 15:15:00,326.22699
2025-10-17 15:30:00,319.024139
2025-10-17 15:45:00,318.235382
2025-10-17 16:00:00,306.390656
2025-10-17 16:15:00,297.676605
2025-10-17 16:30:00,310.809814
2025-10-17 16:45:00,198.140182
2025-10-17 17:00:00,216.440887
2025-10-17 17:15:00,124.27417
2025-10-17 17:30:00,187.591629
2025-10-17 17:45:00,90.261711
2025-10-17 18:00:00,153.522079
2025-10-17 18:15:00,33.821133
2025-10-17 18:30:00,122.068016
2025-10-17 18:45:00,162.300522
2025-10-17 19:00:00,69.27932
2025-10-17 19:15:00,30.098104
2025-10-17 19:30:00,114.008049
2025-10-17 19:45:00,41.271194
2025-10-17 20:00:00,43.25164
2025-10-17 20:15:00,58.832634
2025-10-17 20:30:00,57.681034
2025-10-17 20:45:00,56.270046
2025-10-17 21:00:00,26.936661
2025-10-17 21:15:00,34.680359
2025-10-17 21:30:00,22.696293
2025-10-17 21:45:00,32.983974
2025-10-17 22:00:00,22.800547
2025-10-17 22:15:00,32.051544
2025-10-17 22:30:00,29.504099
2025-10-17 22:45:00,31.598185
2025-10-17 23:00:00,21.461191
2025-10-17 23:15:00,25.034706
2025-10-17 23:30:00,21.30184
2025-10-17 23:45:00,19.136637
2025-10-18 00:00:00,19.221634
2025-10-18 00:15:00,12.686255
2025-10-18 00:30:00,11.872103
2025-10-18 00:45:00,10.986498
2025-10-18 01:00:00,9.247355
2025-10-18 01:15:00,6.691521
2025-10-18 01:30:00,6.686417
2025-10-18 01:45:00,46.499016
2025-10-18 02:00:00,47.707714
2025-10-18 02:15:00,65.073013
2025-10-18 02:30:00,7.264452
2025-10-18 02:45:00,7.328379
2025-10-18 03:00:00,6.791573
2025-10-18 03:15:00,7.049186
2025-10-18 03:30:00,7.192137
2025-10-18 03:45:00,7.327243
2025-10-18 04:00:00,7.284263
2025-10-18 04:15:00,7.253046
2025-10-18 04:30:00,7.10676
2025-10-18 04:45:00,6.85947
2025-10-18 05:00:00,7.447872
2025-10-18 05:15:00,7.301998
2025-10-18 05:30:00,7.322596
2025-10-18 05:45:00,6.267329
2025-10-18 06:00:00,6.266749
2025-10-18 06:15:00,24.511154
2025-10-18 06:30:00,134.835663
2025-10-18 06:45:00,123.354561
2025-10-18 07:00:00,61.908051
2025-10-18 07:15:00,6.033324
2025-10-18 07:30:00,24.847849
2025-10-18 07:45:00,26.632544
2025-10-18 08:00:00,29.704973
2025-10-18 08:15:00,145.151718
2025-10-18 08:30:00,182.374298
2025-10-18 08:45:00,47.133991
2025-10-18 09:00:00,109.223518
2025-10-18 09:15:00,121.34214
2025-10-18 09:30:00,53.102551
2025-10-18 09:45:00,97.586891
2025-10-18 10:00:00,34.88131
2025-10-18 10:15:00,41.426003
2025-10-18 10:30:00,42.302704
2025-10-18 10:45:00,54.131008
2025-10-18 11:00:00,53.972553
2025-10-18 11:15:00,11.134834
2025-10-18 11:30:00,11.227283
2025-10-18 11:45:00,11.134398
2025-10-18 12:00:00,11.31759
2025-10-18 12:15:00,13.563383
2025-10-18 12:30:00,11.613005
2025-10-18 12:45:00,14.325935
2025-10-18 13:00:00,14.339328
2025-10-18 13:15:00,13.628122
2025-10-18 13:30:00,13.789319
2025-10-18 13:45:00,12.910291
2025-10-18 14:00:00,10.0207
2025-10-18 14:15:00,9.94613
2025-10-18 14:30:00,9.822866
2025-10-18 14:45:00,34.054352
2025-10-18 15:00:00,98.141945
2025-10-18 15:15:00,151.764725
2025-10-18 15:30:00,151.595169
2025-10-18 15:45:00,156.079269
2025-10-18 16:00:00,100.350807
2025-10-18 16:15:00,159.618576
2025-10-18 16:30:00,247.255524
2025-10-18 16:45:00,291.999817
2025-10-18 17:00:00,229.896759
2025-10-18 17:15:00,306.54718
2025-10-18 17:30:00,298.573364
2025-10-18 17:45:00,284.424408
2025-10-18 18:00:00,246.030853
2025-10-18 18:15:00,228.53186
2025-10-18 18:30:00,165.32756
2025-10-18 18:45:00,54.58992
2025-10-18 19:00:00,4.400654
2025-10-18 19:15:00,4.175347
2025-10-18 19:30:00,2.493836
2025-10-18 19:45:00,0.349063
2025-10-18 20:00:00,4.117246
2025-10-18 20:15:00,0.507307
2025-10-18 20:30:00,0.479309
2025-10-18 20:45:00,0.0
2025-10-18 21:00:00,0.0
2025-10-18 21:15:00,2.135393
2025-10-18 21:30:00,0.0
2025-10-18 21:45:00,0.0
2025-10-18 22:00:00,0.0
2025-10-18 22:15:00,0.166267
2025-10-18 22:30:00,0.0
2025-10-18 22:45:00,5.154093
2025-10-18 23:00:00,5.253853
2025-10-18 23:15:00,5.098213
2025-10-18 23:30:00,0.0
2025-10-18 23:45:00,0.0
2025-10-19 00:00:00,22.124613
2025-10-19 00:15:00,10.4433
2025-10-19 00:30:00,6.401524
2025-10-19 00:45:00,6.428787
2025-10-19 01:00:00,100.858421
2025-10-19 01:15:00,5.798213
2025-10-19 01:30:00,6.163728
2025-10-19 01:45:00,5.892775
2025-10-19 02:00:00,6.03146
2025-10-19 02:15:00,6.184377
2025-10-19 02:30:00,6.355837
2025-10-19 02:45:00,6.34983
2025-10-19 03:00:00,6.465181
2025-10-19 03:15:00,6.489944
2025-10-19 03:30:00,6.415347
2025-10-19 03:45:00,7.128065
2025-10-19 04:00:00,6.710233
2025-10-19 04:15:00,6.697692
2025-10-19 04:30:00,6.746864
2025-10-19 04:45:00,7.255857
2025-10-19 05:00:00,7.507441
2025-10-19 05:15:00,6.997218
2025-10-19 05:30:00,0.0
2025-10-19 05:45:00,0.0
2025-10-19 06:00:00,0.0
2025-10-19 06:15:00,0.0
2025-10-19 06:30:00,6.071889
2025-10-19 06:45:00,6.671552
2025-10-19 07:00:00,6.522887
2025-10-19 07:15:00,0.0
2025-10-19 07:30:00,0.0
2025-10-19 07:45:00,6.060622
2025-10-19 08:00:00,5.9871
2025-10-19 08:15:00,0.0
2025-10-19 08:30:00,2.07292
2025-10-19 08:45:00,3.878409
2025-10-19 09:00:00,4.142694
2025-10-19 09:15:00,3.850667
2025-10-19 09:30:00,3.844535
2025-10-19 09:45:00,8.94943
2025-10-19 10:00:00,9.219616
2025-10-19 10:15:00,9.449981
2025-10-19 10:30:00,9.328347
2025-10-19 10:45:00,9.163359
2025-10-19 11:00:00,11.094751
2025-10-19 11:15:00,8.935579
2025-10-19 11:30:00,5.057389
2025-10-19 11:45:00,4.998829
2025-10-19 12:00:00,5.789953
2025-10-19 12:15:00,5.976101
2025-10-19 12:30:00,8.058673
2025-10-19 12:45:00,8.078059
2025-10-19 13:00:00,7.831791
2025-10-19 13:15:00,9.835905
2025-10-19 13:30:00,9.283023
2025-10-19 13:45:00,50.033161
2025-10-19 14:00:00,79.117798
2025-10-19 14:15:00,87.483742
2025-10-19 14:30:00,86.832085
2025-10-19 14:45:00,79.304451
2025-10-19 15:00:00,8.683455
2025-10-19 15:15:00,9.888482
2025-10-19 15:30:00,10.259941
2025-10-19 15:45:00,4.08698
2025-10-19 16:00:00,2.157333
2025-10-19 16:15:00,3.750649
2025-10-19 16:30:00,4.046031
2025-10-19 16:45:00,6.829347
2025-10-19 17:00:00,3.800682
2025-10-19 17:15:00,18.61591
2025-10-19 17:30:00,3.024481
2025-10-19 17:45:00,16.988455
2025-10-19 18:00:00,18.252939
2025-10-19 18:15:00,18.669432
2025-10-19 18:30:00,21.027243
2025-10-19 18:45:00,21.928373
2025-10-19 19:00:00,19.685343
2025-10-19 19:15:00,17.988466
2025-10-19 19:30:00,17.565924
2025-10-19 19:45:00,16.445803
2025-10-19 20:00:00,12.364407
2025-10-19 20:15:00,0.0
2025-10-19 20:30:00,0.0
2025-10-19 20:45:00,0.0
2025-10-19 21:00:00,0.0
2025-10-19 21:15:00,0.0
2025-10-19 21:30:00,0.0
2025-10-19 21:45:00,0.0
2025-10-19 22:00:00,0.0
2025-10-19 22:15:00,0.0
2025-10-19 22:30:00,0.204907
2025-10-19 22:45:00,0.238856
2025-10-19 23:00:00,12.788069
2025-10-19 23:15:00,14.215691
2025-10-19 23:30:00,0.268985
2025-10-19 23:45:00,11.289484
2025-10-20 00:00:00,14.113056
2025-10-20 00:15:00,12.561481
2025-10-20 00:30:00,0.301636
2025-10-20 00:45:00,0.321896
2025-10-20 01:00:00,0.295804
2025-10-20 01:15:00,0.28253
2025-10-20 01:30:00,0.318771
2025-10-20 01:45:00,0.328066
2025-10-20 02:00:00,0.312275
2025-10-20 02:15:00,0.311872
2025-10-20 02:30:00,0.308213
2025-10-20 02:45:00,0.552845
2025-10-20 03:00:00,0.296916
2025-10-20 03:15:00,0.310244
2025-10-20 03:30:00,0.303399
2025-10-20 03:45:00,0.301786
2025-10-20 04:00:00,0.313545
2025-10-20 04:15:00,0.310422
2025-10-20 04:30:00,0.553037
2025-10-20 04:45:00,0.302609
2025-10-20 05:00:00,0.0
2025-10-20 05:15:00,0.311464
2025-10-20 05:30:00,3.468938
2025-10-20 05:45:00,0.253869
2025-10-20 06:00:00,13.119401
2025-10-20 06:15:00,0.323637
2025-10-20 06:30:00,0.816504
2025-10-20 06:45:00,0.771357
2025-10-20 07:00:00,0.80017
2025-10-20 07:15:00,0.775608
2025-10-20 07:30:00,0.738924
2025-10-20 07:45:00,0.748428
2025-10-20 08:00:00,139.595215
2025-10-20 08:15:00,154.452408
2025-10-20 08:30:00,254.064011
2025-10-20 08:45:00,150.831573
2025-10-20 09:00:00,146.362595
2025-10-20 09:15:00,90.957893
2025-10-20 09:30:00,43.652508
2025-10-20 09:45:00,43.492039
2025-10-20 10:00:00,25.213612
2025-10-20 10:15:00,24.530647
2025-10-20 10:30:00,24.510763
2025-10-20 10:45:00,23.898737
2025-10-20 11:00:00,23.627047
2025-10-20 11:15:00,3.617537
2025-10-20 11:30:00,3.463598
2025-10-20 11:45:00,3.224768
2025-10-20 12:00:00,3.966386
2025-10-20 12:15:00,4.114417
2025-10-20 12:30:00,4.033803
2025-10-20 12:45:00,4.108834
2025-10-20 13:00:00,5.652263
2025-10-20 13:15:00,3.897274
2025-10-20 13:30:00,3.450285
2025-10-20 13:45:00,3.104277
2025-10-20 14:00:00,0.0
2025-10-20 14:15:00,0.0
2025-10-20 14:30:00,0.0
2025-10-20 14:45:00,0.0
2025-10-20 15:00:00,0.0
2025-10-20 15:15:00,2.24245
2025-10-20 15:30:00,22.306145
2025-10-20 15:45:00,4.184235
2025-10-20 16:00:00,4.679492
2025-10-20 16:15:00,6.02523
2025-10-20 16:30:00,6.399199
2025-10-20 16:45:00,17.342928
2025-10-20 17:00:00,18.732489
2025-10-20 17:15:00,33.23938
2025-10-20 17:30:00,33.482155
2025-10-20 17:45:00,43.523724
2025-10-20 18:00:00,19.586456
2025-10-20 18:15:00,52.08313
2025-10-20 18:30:00,58.312359
2025-10-20 18:45:00,47.294128
2025-10-20 19:00:00,39.541233
2025-10-20 19:15:00,17.820082
2025-10-20 19:30:00,17.288795
2025-10-20 19:45:00,12.823865
2025-10-20 20:00:00,0.0
2025-10-20 20:15:00,42.086136
2025-10-20 20:30:00,59.308121
2025-10-20 20:45:00,21.144947
2025-10-20 21:00:00,19.999992
2025-10-20 21:15:00,0.0
2025-10-20 21:30:00,0.0
2025-10-20 21:45:00,0.0
2025-10-20 22:00:00,0.192224
2025-10-20 22:15:00,0.422303
2025-10-20 22:30:00,0.583283
2025-10-20 22:45:00,0.604728
2025-10-20 23:00:00,0.253955
2025-10-20 23:15:00,0.247057
2025-10-20 23:30:00,0.0
2025-10-20 23:45:00,0.815672
2025-10-21 00:00:00,0.738805
2025-10-21 00:15:00,0.598591
2025-10-21 00:30:00,1.014849
2025-10-21 00:45:00,1.095047
2025-10-21 01:00:00,1.045202
2025-10-21 01:15:00,0.623802
2025-10-21 01:30:00,0.65382
2025-10-21 01:45:00,0.63867
2025-10-21 02:00:00,0.641046
2025-10-21 02:15:00,12.621438
2025-10-21 02:30:00,11.881304
2025-10-21 02:45:00,11.608186
2025-10-21 03:00:00,13.46176
2025-10-21 03:15:00,13.248699
2025-10-21 03:30:00,12.979626
2025-10-21 03:45:00,13.339371
2025-10-21 04:00:00,14.759048
2025-10-21 04:15:00,14.649648
2025-10-21 04:30:00,14.960546
2025-10-21 04:45:00,14.898238
2025-10-21 05:00:00,14.632619
2025-10-21 05:15:00,14.34024
2025-10-21 05:30:00,13.592666
2025-10-21 05:45:00,13.856026
2025-10-21 06:00:00,13.621817
2025-10-21 06:15:00,13.377911
2025-10-21 06:30:00,39.356621
2025-10-21 06:45:00,30.235575
2025-10-21 07:00:00,96.852104
2025-10-21 07:15:00,59.146698
2025-10-21 07:30:00,48.158154
2025-10-21 07:45:00,46.827
2025-10-21 08:00:00,43.281395
2025-10-21 08:15:00,63.309818
2025-10-21 08:30:00,63.934319
2025-10-21 08:45:00,64.837708
2025-10-21 09:00:00,24.41152
2025-10-21 09:15:00,24.481543
2025-10-21 09:30:00,23.987268
2025-10-21 09:45:00,46.210613
2025-10-21 10:00:00,151.895325
2025-10-21 10:15:00,143.985428
2025-10-21 10:30:00,90.654915
2025-10-21 10:45:00,23.438051
2025-10-21 11:00:00,98.82534
2025-10-21 11:15:00,23.409666
2025-10-21 11:30:00,3.632496
2025-10-21 11:45:00,3.44002
2025-10-21 12:00:00,90.444443
2025-10-21 12:15:00,144.206116
2025-10-21 12:30:00,144.131607
2025-10-21 12:45:00,24.406759
2025-10-21 13:00:00,24.521488
2025-10-21 13:15:00,25.560694
2025-10-21 13:30:00,6.023306
2025-10-21 13:45:00,2.480729
2025-10-21 14:00:00,0.673912
2025-10-21 14:15:00,3.715197
2025-10-21 14:30:00,0.591681
2025-10-21 14:45:00,3.106025
2025-10-21 15:00:00,3.150814
2025-10-21 15:15:00,23.28266
2025-10-21 15:30:00,253.431046
2025-10-21 15:45:00,291.610657
2025-10-21 16:00:00,287.201141
2025-10-21 16:15:00,286.940063
2025-10-21 16:30:00,297.184448
2025-10-21 16:45:00,283.146088
2025-10-21 17:00:00,320.322296
2025-10-21 17:15:00,319.028778
2025-10-21 17:30:00,320.766388
2025-10-21 17:45:00,320.747742
2025-10-21 18:00:00,321.533813
2025-10-21 18:15:00,321.052948
2025-10-21 18:30:00,306.008881
2025-10-21 18:45:00,160.339417
2025-10-21 19:00:00,20.439865
2025-10-21 19:15:00,159.093811
2025-10-21 19:30:00,160.397079
2025-10-21 19:45:00,39.54673
2025-10-21 20:00:00,20.250366
2025-10-21 20:15:00,148.007462
2025-10-21 20:30:00,147.441986
2025-10-21 20:45:00,154.504654
2025-10-21 21:00:00,153.994095
2025-10-21 21:15:00,93.940155
2025-10-21 21:30:00,149.024338
2025-10-21 21:45:00,80.904785
2025-10-21 22:00:00,30.332685
2025-10-21 22:15:00,31.26239
2025-10-21 22:30:00,14.637026
2025-10-21 22:45:00,12.864587
2025-10-21 23:00:00,13.613172
2025-10-21 23:15:00,16.253117
2025-10-21 23:30:00,16.773582
2025-10-21 23:45:00,16.915369
2025-10-22 00:00:00,13.92201
2025-10-22 00:15:00,96.470955
2025-10-22 00:30:00,12.714165
2025-10-22 00:45:00,6.14182
2025-10-22 01:00:00,10.950144
2025-10-22 01:15:00,12.639032
2025-10-22 01:30:00,12.675497
2025-10-22 01:45:00,0.324453
2025-10-22 02:00:00,0.316634
2025-10-22 02:15:00,0.304046
2025-10-22 02:30:00,0.312576
2025-10-22 02:45:00,0.312901
2025-10-22 03:00:00,0.317191
2025-10-22 03:15:00,0.322847
2025-10-22 03:30:00,0.327739
2025-10-22 03:45:00,0.33882
2025-10-22 04:00:00,14.564279
2025-10-22 04:15:00,14.133102
2025-10-22 04:30:00,13.672438
2025-10-22 04:45:00,13.293086
2025-10-22 05:00:00,14.106029
2025-10-22 05:15:00,0.352669
2025-10-22 05:30:00,0.329701
2025-10-22 05:45:00,0.318229
2025-10-22 06:00:00,14.747822
2025-10-22 06:15:00,62.16293
2025-10-22 06:30:00,100.668427
2025-10-22 06:45:00,123.310577
2025-10-22 07:00:00,14.827966
2025-10-22 07:15:00,13.643456
2025-10-22 07:30:00,12.301245
2025-10-22 07:45:00,2.443692
2025-10-22 08:00:00,13.720572
2025-10-22 08:15:00,13.37085
2025-10-22 08:30:00,13.071739
2025-10-22 08:45:00,0.0
2025-10-22 09:00:00,0.0
2025-10-22 09:15:00,0.0
2025-10-22 09:30:00,0.0
2025-10-22 09:45:00,0.0
2025-10-22 10:00:00,0.0
2025-10-22 10:15:00,0.0
2025-10-22 10:30:00,0.0
2025-10-22 10:45:00,0.0
2025-10-22 11:00:00,0.0
2025-10-22 11:15:00,0.0
2025-10-22 11:30:00,0.0
2025-10-22 11:45:00,0.0
2025-10-22 12:00:00,2.872911
2025-10-22 12:15:00,3.249227
2025-10-22 12:30:00,3.40333
2025-10-22 12:45:00,4.332744
2025-10-22 13:00:00,4.47306
2025-10-22 13:15:00,4.262533
2025-10-22 13:30:00,4.11381
2025-10-22 13:45:00,3.550569
2025-10-22 14:00:00,3.888932
2025-10-22 14:15:00,6.516491
2025-10-22 14:30:00,7.326153
2025-10-22 14:45:00,7.449785
2025-10-22 15:00:00,8.350172
2025-10-22 15:15:00,7.116125
2025-10-22 15:30:00,7.760925
2025-10-22 15:45:00,0.0
2025-10-22 16:00:00,8.110266
2025-10-22 16:15:00,93.992691
2025-10-22 16:30:00,160.372498
2025-10-22 16:45:00,162.238174
2025-10-22 17:00:00,330.771088
2025-10-22 17:15:00,330.433472
2025-10-22 17:30:00,344.537109
2025-10-22 17:45:00,342.34494
2025-10-22 18:00:00,340.327209
2025-10-22 18:15:00,327.385132
2025-10-22 18:30:00,325.569489
2025-10-22 18:45:00,312.337433
2025-10-22 19:00:00,159.314941
2025-10-22 19:15:00,157.720795
2025-10-22 19:30:00,157.70134
2025-10-22 19:45:00,108.018784
2025-10-22 20:00:00,107.481682
2025-10-22 20:15:00,38.20063
2025-10-22 20:30:00,102.876251
2025-10-22 20:45:00,23.81246
2025-10-22 21:00:00,20.288042
2025-10-22 21:15:00,18.145023
2025-10-22 21:30:00,16.147057
2025-10-22 21:45:00,63.360195
2025-10-22 22:00:00,15.168591
2025-10-22 22:15:00,16.131817
2025-10-22 22:30:00,16.534601
2025-10-22 22:45:00,17.06418
2025-10-22 23:00:00,16.658165
2025-10-22 23:15:00,17.203903
2025-10-22 23:30:00,15.094908
2025-10-22 23:45:00,13.976582
2025-10-23 00:00:00,136.19368
2025-10-23 00:15:00,135.156525
2025-10-23 00:30:00,0.223816
2025-10-23 00:45:00,0.239593
2025-10-23 01:00:00,0.269833
2025-10-23 01:15:00,12.257887
2025-10-23 01:30:00,14.168986
2025-10-23 01:45:00,14.036134
2025-10-23 02:00:00,13.173884
2025-10-23 02:15:00,13.460823
2025-10-23 02:30:00,14.707118
2025-10-23 02:45:00,15.455522
2025-10-23 03:00:00,15.185563
2025-10-23 03:15:00,15.471465
2025-10-23 03:30:00,15.420545
2025-10-23 03:45:00,15.474185
2025-10-23 04:00:00,14.806265
2025-10-23 04:15:00,15.393013
2025-10-23 04:30:00,14.644632
2025-10-23 04:45:00,15.486649
2025-10-23 05:00:00,17.15941
2025-10-23 05:15:00,19.702822
2025-10-23 05:30:00,18.811722
2025-10-23 05:45:00,17.885595
2025-10-23 06:00:00,16.592289
2025-10-23 06:15:00,18.69626
2025-10-23 06:30:00,0.574194
2025-10-23 06:45:00,15.426643
2025-10-23 07:00:00,1.528474
2025-10-23 07:15:00,1.658357
2025-10-23 07:30:00,2.416145
2025-10-23 07:45:00,2.563616
2025-10-23 08:00:00,13.349989
2025-10-23 08:15:00,5.055188
2025-10-23 08:30:00,5.920083
2025-10-23 08:45:00,0.0
2025-10-23 09:00:00,0.0
2025-10-23 09:15:00,0.0
2025-10-23 09:30:00,0.0
2025-10-23 09:45:00,0.0
2025-10-23 10:00:00,0.0
2025-10-23 10:15:00,0.0
2025-10-23 10:30:00,0.0
2025-10-23 10:45:00,0.0
2025-10-23 11:00:00,0.0
2025-10-23 11:15:00,0.0
2025-10-23 11:30:00,0.0
2025-10-23 11:45:00,0.0
2025-10-23 12:00:00,0.0
2025-10-23 12:15:00,0.0
2025-10-23 12:30:00,0.0
2025-10-23 12:45:00,2.919952
2025-10-23 13:00:00,3.321993
2025-10-23 13:15:00,4.212869
2025-10-23 13:30:00,2.905128
2025-10-23 13:45:00,2.762455
2025-10-23 14:00:00,5.368555
2025-10-23 14:15:00,0.132639
2025-10-23 14:30:00,0.125127
2025-10-23 14:45:00,1.759953
2025-10-23 15:00:00,5.951657
2025-10-23 15:15:00,5.134229
2025-10-23 15:30:00,6.208724
2025-10-23 15:45:00,6.059153
2025-10-23 16:00:00,16.752436
2025-10-23 16:15:00,94.147682
2025-10-23 16:30:00,89.743317
2025-10-23 16:45:00,163.890289
2025-10-23 17:00:00,327.591522
2025-10-23 17:15:00,328.053192
2025-10-23 17:30:00,329.191589
2025-10-23 17:45:00,328.002991
2025-10-23 18:00:00,328.249634
2025-10-23 18:15:00,328.525024
2025-10-23 18:30:00,309.019165
2025-10-23 18:45:00,157.402328
2025-10-23 19:00:00,107.649574
2025-10-23 19:15:00,101.720467
2025-10-23 19:30:00,44.556595
2025-10-23 19:45:00,45.003475
2025-10-23 20:00:00,0.432047
2025-10-23 20:15:00,16.558697
2025-10-23 20:30:00,20.942762
2025-10-23 20:45:00,21.333084
2025-10-23 21:00:00,22.009134
2025-10-23 21:15:00,19.319534
2025-10-23 21:30:00,19.804476
2025-10-23 21:45:00,19.93257
2025-10-23 22:00:00,21.435474
2025-10-23 22:15:00,2.979982
2025-10-23 22:30:00,18.353327
2025-10-23 22:45:00,17.513462
2025-10-23 23:00:00,0.369133
2025-10-23 23:15:00,12.531855
2025-10-23 23:30:00,11.975937
2025-10-23 23:45:00,15.005005
2025-10-24 00:00:00,0.395546
2025-10-24 00:15:00,15.453904
2025-10-24 00:30:00,15.200616
2025-10-24 00:45:00,14.050719
2025-10-24 01:00:00,0.381438
2025-10-24 01:15:00,0.391002
2025-10-24 01:30:00,0.396469
2025-10-24 01:45:00,0.385887
2025-10-24 02:00:00,0.382443
2025-10-24 02:15:00,0.390987
2025-10-24 02:30:00,0.404303
2025-10-24 02:45:00,0.388674
2025-10-24 03:00:00,0.379668
2025-10-24 03:15:00,0.397553
2025-10-24 03:30:00,0.413054
2025-10-24 03:45:00,0.408965
2025-10-24 04:00:00,0.248326
2025-10-24 04:15:00,0.382231
2025-10-24 04:30:00,0.411725
2025-10-24 04:45:00,0.357995
2025-10-24 05:00:00,40.914265
2025-10-24 05:15:00,144.45433
2025-10-24 05:30:00,149.229309
2025-10-24 05:45:00,27.929941
2025-10-24 06:00:00,277.792358
2025-10-24 06:15:00,287.87796
2025-10-24 06:30:00,306.456268
2025-10-24 06:45:00,309.419739
2025-10-24 07:00:00,308.724823
2025-10-24 07:15:00,307.2323
2025-10-24 07:30:00,302.732819
2025-10-24 07:45:00,291.135956
2025-10-24 08:00:00,142.678741
2025-10-24 08:15:00,2.522044
2025-10-24 08:30:00,0.0
2025-10-24 08:45:00,0.0
2025-10-24 09:00:00,0.0
2025-10-24 09:15:00,0.0
2025-10-24 09:30:00,0.0
2025-10-24 09:45:00,0.0
2025-10-24 10:00:00,0.0
2025-10-24 10:15:00,0.0
2025-10-24 10:30:00,0.0
2025-10-24 10:45:00,0.0
2025-10-24 11:00:00,0.0
2025-10-24 11:15:00,0.0
2025-10-24 11:30:00,0.0
2025-10-24 11:45:00,0.0
2025-10-24 12:00:00,0.0
2025-10-24 12:15:00,0.0
2025-10-24 12:30:00,0.0
2025-10-24 12:45:00,0.0
2025-10-24 13:00:00,0.0
2025-10-24 13:15:00,0.0
2025-10-24 13:30:00,6.073143
2025-10-24 13:45:00,0.0
2025-10-24 14:00:00,5.379292
2025-10-24 14:15:00,0.0
2025-10-24 14:30:00,5.065231
2025-10-24 14:45:00,4.917718
2025-10-24 15:00:00,4.899221
2025-10-24 15:15:00,0.0
2025-10-24 15:30:00,0.0
2025-10-24 15:45:00,0.0
2025-10-24 16:00:00,295.051239
2025-10-24 16:15:00,323.293488
2025-10-24 16:30:00,332.063782
2025-10-24 16:45:00,334.537262
2025-10-24 17:00:00,351.667145
2025-10-24 17:15:00,351.437531
2025-10-24 17:30:00,352.160583
2025-10-24 17:45:00,376.704956
2025-10-24 18:00:00,407.716583
2025-10-24 18:15:00,351.21167
2025-10-24 18:30:00,339.165558
2025-10-24 18:45:00,331.986847
2025-10-24 19:00:00,321.484894
2025-10-24 19:15:00,319.920319
2025-10-24 19:30:00,317.122467
2025-10-24 19:45:00,314.100861
2025-10-24 20:00:00,312.860046
2025-10-24 20:15:00,294.452667
2025-10-24 20:30:00,254.894531
2025-10-24 20:45:00,293.546875
2025-10-24 21:00:00,157.280518
2025-10-24 21:15:00,171.008041
2025-10-24 21:30:00,157.145218
2025-10-24 21:45:00,157.201263
2025-10-24 22:00:00,157.236313
2025-10-24 22:15:00,147.591537
2025-10-24 22:30:00,35.861092
2025-10-24 22:45:00,15.119344
2025-10-24 23:00:00,20.30625
2025-10-24 23:15:00,13.411423
2025-10-24 23:30:00,15.122557
2025-10-24 23:45:00,15.873249
2025-10-25 00:00:00,276.308533
2025-10-25 00:15:00,284.134674
2025-10-25 00:30:00,303.077393
2025-10-25 00:45:00,283.487946
2025-10-25 01:00:00,145.901154
2025-10-25 01:15:00,69.891563
2025-10-25 01:30:00,144.213409
2025-10-25 01:45:00,128.373184
2025-10-25 02:00:00,144.132782
2025-10-25 02:15:00,144.787506
2025-10-25 02:30:00,150.179138
2025-10-25 02:45:00,144.681824
2025-10-25 03:00:00,146.277878
2025-10-25 03:15:00,61.504314
2025-10-25 03:30:00,62.063854
2025-10-25 03:45:00,64.587837
2025-10-25 04:00:00,147.274094
2025-10-25 04:15:00,26.215538
2025-10-25 04:30:00,139.887146
2025-10-25 04:45:00,201.941864
2025-10-25 05:00:00,147.630676
2025-10-25 05:15:00,282.231506
2025-10-25 05:30:00,285.998932
2025-10-25 05:45:00,265.870361
2025-10-25 06:00:00,157.766464
2025-10-25 06:15:00,264.068665
2025-10-25 06:30:00,290.087677
2025-10-25 06:45:00,298.445618
2025-10-25 07:00:00,296.454926
2025-10-25 07:15:00,286.594727
2025-10-25 07:30:00,282.795898
2025-10-25 07:45:00,285.302856
2025-10-25 08:00:00,297.885193
2025-10-25 08:15:00,312.000061
2025-10-25 08:30:00,313.999664
2025-10-25 08:45:00,312.000061
2025-10-25 09:00:00,300.000244
2025-10-25 09:15:00,298.999939
2025-10-25 09:30:00,292.000061
2025-10-25 09:45:00,147.913757
2025-10-25 10:00:00,151.799942
2025-10-25 10:15:00,139.882996
2025-10-25 10:30:00,0.0
2025-10-25 10:45:00,0.0
2025-10-25 11:00:00,0.0
2025-10-25 11:15:00,0.0
2025-10-25 11:30:00,20.000011
2025-10-25 11:45:00,0.0
2025-10-25 12:00:00,0.0
2025-10-25 12:15:00,139.93631
2025-10-25 12:30:00,55.974285
2025-10-25 12:45:00,56.419693
2025-10-25 13:00:00,142.060684
2025-10-25 13:15:00,55.952618
2025-10-25 13:30:00,144.908661
2025-10-25 13:45:00,152.173737
2025-10-25 14:00:00,296.233154
2025-10-25 14:15:00,311.86731
2025-10-25 14:30:00,315.92572
2025-10-25 14:45:00,313.611298
2025-10-25 15:00:00,317.931335
2025-10-25 15:15:00,315.592743
2025-10-25 15:30:00,315.522461
2025-10-25 15:45:00,325.442566
2025-10-25 16:00:00,310.433868
2025-10-25 16:15:00,326.581909
2025-10-25 16:30:00,328.104767
2025-10-25 16:45:00,336.169922
2025-10-25 17:00:00,338.617615
2025-10-25 17:15:00,339.866333
2025-10-25 17:30:00,341.954712
2025-10-25 17:45:00,349.644531
2025-10-25 18:00:00,349.5
2025-10-25 18:15:00,359.324463
2025-10-25 18:30:00,349.588745
2025-10-25 18:45:00,339.884644
2025-10-25 19:00:00,329.410065
2025-10-25 19:15:00,328.683685
2025-10-25 19:30:00,319.541656
2025-10-25 19:45:00,306.638977
2025-10-25 20:00:00,315.480652
2025-10-25 20:15:00,321.123138
2025-10-25 20:30:00,322.860168
2025-10-25 20:45:00,324.415039
2025-10-25 21:00:00,321.062469
2025-10-25 21:15:00,321.812683
2025-10-25 21:30:00,322.326874
2025-10-25 21:45:00,318.149811
2025-10-25 22:00:00,315.896454
2025-10-25 22:15:00,313.24295
2025-10-25 22:30:00,314.253815
2025-10-25 22:45:00,305.321259
2025-10-25 23:00:00,305.16861
2025-10-25 23:15:00,297.849976
2025-10-25 23:30:00,296.417084
2025-10-25 23:45:00,296.993713
2025-10-26 00:00:00,160.130722
2025-10-26 00:15:00,305.417328
2025-10-26 00:30:00,301.962769
2025-10-26 00:45:00,297.129669
2025-10-26 01:00:00,159.160065
2025-10-26 01:15:00,156.205368
2025-10-26 01:30:00,147.923737
2025-10-26 01:45:00,153.854935
2025-10-26 02:00:00,21.051762
2025-10-26 02:15:00,20.759886
2025-10-26 02:30:00,20.513575
2025-10-26 02:45:00,21.253258
2025-10-26 03:00:00,20.060743
2025-10-26 03:15:00,20.348364
2025-10-26 03:30:00,21.064959
2025-10-26 03:45:00,21.1723
2025-10-26 04:00:00,21.20438
2025-10-26 04:15:00,20.730122
2025-10-26 04:30:00,17.298347
2025-10-26 04:45:00,19.259506
2025-10-26 05:00:00,19.151146
2025-10-26 05:15:00,19.864899
2025-10-26 05:30:00,18.926552
2025-10-26 05:45:00,101.229301
2025-10-26 06:00:00,149.565002
2025-10-26 06:15:00,206.809555
2025-10-26 06:30:00,287.479309
2025-10-26 06:45:00,296.388947
2025-10-26 07:00:00,286.729889
2025-10-26 07:15:00,276.872131
2025-10-26 07:30:00,294.971588
2025-10-26 07:45:00,286.411774
2025-10-26 08:00:00,294.978546
2025-10-26 08:15:00,297.725403
2025-10-26 08:30:00,309.865265
2025-10-26 08:45:00,311.744934
2025-10-26 09:00:00,311.750427
2025-10-26 09:15:00,310.755554
2025-10-26 09:30:00,311.785675
2025-10-26 09:45:00,309.823151
2025-10-26 10:00:00,292.197449
2025-10-26 10:15:00,145.268784
2025-10-26 10:30:00,0.0
2025-10-26 10:45:00,0.0
2025-10-26 11:00:00,0.0
2025-10-26 11:15:00,0.0
2025-10-26 11:30:00,0.0
2025-10-26 11:45:00,0.0
2025-10-26 12:00:00,0.0
2025-10-26 12:15:00,0.0
2025-10-26 12:30:00,1.847893
2025-10-26 12:45:00,4.357348
2025-10-26 13:00:00,3.884757
2025-10-26 13:15:00,3.763445
2025-10-26 13:30:00,3.760559
2025-10-26 13:45:00,1.853064
2025-10-26 14:00:00,0.0
2025-10-26 14:15:00,0.0
2025-10-26 14:30:00,2.040743
2025-10-26 14:45:00,6.068361
2025-10-26 15:00:00,4.444234
2025-10-26 15:15:00,9.355375
2025-10-26 15:30:00,153.744781
2025-10-26 15:45:00,291.02594
2025-10-26 16:00:00,313.261902
2025-10-26 16:15:00,326.953979
2025-10-26 16:30:00,330.403534
2025-10-26 16:45:00,339.879303
2025-10-26 17:00:00,331.414093
2025-10-26 17:15:00,339.980988
2025-10-26 17:30:00,366.038452
2025-10-26 17:45:00,362.545532
2025-10-26 18:00:00,499.554718
2025-10-26 18:15:00,477.058014
2025-10-26 18:30:00,424.241516
2025-10-26 18:45:00,380.824463
2025-10-26 19:00:00,343.732544
2025-10-26 19:15:00,344.634033
2025-10-26 19:30:00,328.381256
2025-10-26 19:45:00,312.553101
2025-10-26 20:00:00,313.751038
2025-10-26 20:15:00,312.660675
2025-10-26 20:30:00,312.493134
2025-10-26 20:45:00,309.449463
2025-10-26 21:00:00,309.093781
2025-10-26 21:15:00,310.502838
2025-10-26 21:30:00,309.671906
2025-10-26 21:45:00,305.411285
2025-10-26 22:00:00,286.003937
2025-10-26 22:15:00,287.018738
2025-10-26 22:30:00,205.931442
2025-10-26 22:45:00,62.648647
2025-10-26 23:00:00,146.899521
2025-10-26 23:15:00,64.430992
2025-10-26 23:30:00,53.969303
2025-10-26 23:45:00,14.234375
2025-10-27 00:00:00,283.091034
2025-10-27 00:15:00,293.14859
2025-10-27 00:30:00,202.587387
2025-10-27 00:45:00,150.758148
2025-10-27 01:00:00,153.341324
2025-10-27 01:15:00,69.299637
2025-10-27 01:30:00,66.896317
2025-10-27 01:45:00,67.022545
2025-10-27 02:00:00,16.785406
2025-10-27 02:15:00,17.076019
2025-10-27 02:30:00,16.43401
2025-10-27 02:45:00,16.307791
2025-10-27 03:00:00,16.618704
2025-10-27 03:15:00,18.805727
2025-10-27 03:30:00,16.137436
2025-10-27 03:45:00,16.000639
2025-10-27 04:00:00,15.66748
2025-10-27 04:15:00,15.763655
2025-10-27 04:30:00,19.035084
2025-10-27 04:45:00,16.706888
2025-10-27 05:00:00,17.475491
2025-10-27 05:15:00,18.603615
2025-10-27 05:30:00,18.948069
2025-10-27 05:45:00,66.916191
2025-10-27 06:00:00,77.213951
2025-10-27 06:15:00,141.944168
2025-10-27 06:30:00,297.360046
2025-10-27 06:45:00,301.64917
2025-10-27 07:00:00,298.942505
2025-10-27 07:15:00,296.743683
2025-10-27 07:30:00,277.142578
2025-10-27 07:45:00,38.987999
2025-10-27 08:00:00,0.0
2025-10-27 08:15:00,0.0
2025-10-27 08:30:00,0.0
2025-10-27 08:45:00,0.0
2025-10-27 09:00:00,0.0
2025-10-27 09:15:00,0.0
2025-10-27 09:30:00,0.0
2025-10-27 09:45:00,5.882561
2025-10-27 10:00:00,5.04649
2025-10-27 10:15:00,5.286552
2025-10-27 10:30:00,0.0
2025-10-27 10:45:00,8.363051
2025-10-27 11:00:00,4.283869
2025-10-27 11:15:00,5.276399
2025-10-27 11:30:00,5.048329
2025-10-27 11:45:00,0.0
2025-10-27 12:00:00,7.90834
2025-10-27 12:15:00,8.627295
2025-10-27 12:30:00,8.575217
2025-10-27 12:45:00,9.243368
2025-10-27 13:00:00,12.491994
2025-10-27 13:15:00,11.415098
2025-10-27 13:30:00,10.914226
2025-10-27 13:45:00,5.190092
2025-10-27 14:00:00,11.417364
2025-10-27 14:15:00,10.367385
2025-10-27 14:30:00,9.956179
2025-10-27 14:45:00,149.72171
2025-10-27 15:00:00,288.022949
2025-10-27 15:15:00,305.613464
2025-10-27 15:30:00,309.612915
2025-10-27 15:45:00,316.204163
2025-10-27 16:00:00,316.146301
2025-10-27 16:15:00,335.175232
2025-10-27 16:30:00,346.051361
2025-10-27 16:45:00,454.247345
2025-10-27 17:00:00,459.63443
2025-10-27 17:15:00,483.888519
2025-10-27 17:30:00,565.931396
2025-10-27 17:45:00,518.2771
2025-10-27 18:00:00,563.394043
2025-10-27 18:15:00,572.441406
2025-10-27 18:30:00,497.323792
2025-10-27 18:45:00,475.844543
2025-10-27 19:00:00,427.822906
2025-10-27 19:15:00,351.0
2025-10-27 19:30:00,340.000092
2025-10-27 19:45:00,332.000122
2025-10-27 20:00:00,329.999908
2025-10-27 20:15:00,320.000092
2025-10-27 20:30:00,320.000061
2025-10-27 20:45:00,319.999969
2025-10-27 21:00:00,320.000031
2025-10-27 21:15:00,330.000061
2025-10-27 21:30:00,320.0
2025-10-27 21:45:00,320.000061
2025-10-27 22:00:00,322.53302
2025-10-27 22:15:00,313.250305
2025-10-27 22:30:00,312.462372
2025-10-27 22:45:00,313.288696
2025-10-27 23:00:00,305.805847
2025-10-27 23:15:00,299.411041
2025-10-27 23:30:00,287.549316
2025-10-27 23:45:00,156.722916
2025-10-28 00:00:00,306.188843
2025-10-28 00:15:00,305.764954
2025-10-28 00:30:00,306.143005
2025-10-28 00:45:00,304.274353
2025-10-28 01:00:00,293.601227
2025-10-28 01:15:00,287.213501
2025-10-28 01:30:00,282.918701
2025-10-28 01:45:00,198.074249
2025-10-28 02:00:00,145.501801
2025-10-28 02:15:00,138.476913
2025-10-28 02:30:00,136.588425
2025-10-28 02:45:00,53.998074
2025-10-28 03:00:00,19.999996
2025-10-28 03:15:00,0.0
2025-10-28 03:30:00,0.0
2025-10-28 03:45:00,0.0
2025-10-28 04:00:00,0.0
2025-10-28 04:15:00,0.0
2025-10-28 04:30:00,51.943455
2025-10-28 04:45:00,62.850212
2025-10-28 05:00:00,146.540924
2025-10-28 05:15:00,282.654449
2025-10-28 05:30:00,284.887756
2025-10-28 05:45:00,286.918457
2025-10-28 06:00:00,303.337524
2025-10-28 06:15:00,307.716858
2025-10-28 06:30:00,314.760468
2025-10-28 06:45:00,315.93927
2025-10-28 07:00:00,316.116608
2025-10-28 07:15:00,308.290955
2025-10-28 07:30:00,309.875671
2025-10-28 07:45:00,289.877686
2025-10-28 08:00:00,148.023514
2025-10-28 08:15:00,8.232944
2025-10-28 08:30:00,7.570141
2025-10-28 08:45:00,8.643003
2025-10-28 09:00:00,8.265219
2025-10-28 09:15:00,7.148383
2025-10-28 09:30:00,3.791915
2025-10-28 09:45:00,7.576622
2025-10-28 10:00:00,6.775487
2025-10-28 10:15:00,6.973262
2025-10-28 10:30:00,4.465153
2025-10-28 10:45:00,8.2624
2025-10-28 11:00:00,7.155798
2025-10-28 11:15:00,4.981197
2025-10-28 11:30:00,6.288111
2025-10-28 11:45:00,8.825743
2025-10-28 12:00:00,10.332766
2025-10-28 12:15:00,12.350889
2025-10-28 12:30:00,10.9328
2025-10-28 12:45:00,12.640045
2025-10-28 13:00:00,12.697027
2025-10-28 13:15:00,11.67363
2025-10-28 13:30:00,11.780025
2025-10-28 13:45:00,11.884773
2025-10-28 14:00:00,11.386234
2025-10-28 14:15:00,10.760523
2025-10-28 14:30:00,10.015232
2025-10-28 14:45:00,9.393241
2025-10-28 15:00:00,6.558223
2025-10-28 15:15:00,11.145508
2025-10-28 15:30:00,12.133921
2025-10-28 15:45:00,12.186534
2025-10-28 16:00:00,151.725159
2025-10-28 16:15:00,315.816254
2025-10-28 16:30:00,317.775146
2025-10-28 16:45:00,330.43808
2025-10-28 17:00:00,340.188477
2025-10-28 17:15:00,385.889252
2025-10-28 17:30:00,350.026581
2025-10-28 17:45:00,387.58017
2025-10-28 18:00:00,352.939209
2025-10-28 18:15:00,341.228851
2025-10-28 18:30:00,348.85379
2025-10-28 18:45:00,337.585815
2025-10-28 19:00:00,328.641235
2025-10-28 19:15:00,319.195129
2025-10-28 19:30:00,330.569763
2025-10-28 19:45:00,319.799683
2025-10-28 20:00:00,321.655365
2025-10-28 20:15:00,318.321075
2025-10-28 20:30:00,316.038818
2025-10-28 20:45:00,312.554596
2025-10-28 21:00:00,316.979462
2025-10-28 21:15:00,322.675751
2025-10-28 21:30:00,313.936432
2025-10-28 21:45:00,262.733826
2025-10-28 22:00:00,291.693085
2025-10-28 22:15:00,262.949463
2025-10-28 22:30:00,240.031799
2025-10-28 22:45:00,218.094925
2025-10-28 23:00:00,166.188492
2025-10-28 23:15:00,161.979462
2025-10-28 23:30:00,95.106308
2025-10-28 23:45:00,80.275017
2025-10-29 00:00:00,142.842728
2025-10-29 00:15:00,137.100632
2025-10-29 00:30:00,152.376938
2025-10-29 00:45:00,143.291595
2025-10-29 01:00:00,68.991982
2025-10-29 01:15:00,0.0
2025-10-29 01:30:00,0.0
2025-10-29 01:45:00,0.0
2025-10-29 02:00:00,0.0
2025-10-29 02:15:00,0.0
2025-10-29 02:30:00,0.0
2025-10-29 02:45:00,0.0
2025-10-29 03:00:00,0.0
2025-10-29 03:15:00,0.0
2025-10-29 03:30:00,0.0
2025-10-29 03:45:00,0.0
2025-10-29 04:00:00,0.0
2025-10-29 04:15:00,0.0
2025-10-29 04:30:00,0.0
2025-10-29 04:45:00,0.0
2025-10-29 05:00:00,0.0
2025-10-29 05:15:00,0.0
2025-10-29 05:30:00,137.071854
2025-10-29 05:45:00,146.242798
2025-10-29 06:00:00,270.501556
2025-10-29 06:15:00,260.354614
2025-10-29 06:30:00,302.859131
2025-10-29 06:45:00,303.094116
2025-10-29 07:00:00,303.261169
2025-10-29 07:15:00,289.999847
2025-10-29 07:30:00,124.423019
2025-10-29 07:45:00,0.0
2025-10-29 08:00:00,5.832867
2025-10-29 08:15:00,9.035113
2025-10-29 08:30:00,10.759583
2025-10-29 08:45:00,9.529486
2025-10-29 09:00:00,10.555684
2025-10-29 09:15:00,10.389713
2025-10-29 09:30:00,9.175386
2025-10-29 09:45:00,9.127431
2025-10-29 10:00:00,4.961462
2025-10-29 10:15:00,9.24791
2025-10-29 10:30:00,48.001347
2025-10-29 10:45:00,41.421371
2025-10-29 11:00:00,128.727844
2025-10-29 11:15:00,6.811848
2025-10-29 11:30:00,4.566885
2025-10-29 11:45:00,7.839233
2025-10-29 12:00:00,6.760146
2025-10-29 12:15:00,4.526684
2025-10-29 12:30:00,4.527269
2025-10-29 12:45:00,8.506743
2025-10-29 13:00:00,8.302943
2025-10-29 13:15:00,9.114176
2025-10-29 13:30:00,9.615198
2025-10-29 13:45:00,8.798663
2025-10-29 14:00:00,73.36544
2025-10-29 14:15:00,304.422638
2025-10-29 14:30:00,301.020447
2025-10-29 14:45:00,323.090576
2025-10-29 15:00:00,325.614624
2025-10-29 15:15:00,322.789978
2025-10-29 15:30:00,334.108185
2025-10-29 15:45:00,341.999207
2025-10-29 16:00:00,350.757568
2025-10-29 16:15:00,478.145172
2025-10-29 16:30:00,486.59668
2025-10-29 16:45:00,573.609375
2025-10-29 17:00:00,581.303528
2025-10-29 17:15:00,569.812622
2025-10-29 17:30:00,570.04187
2025-10-29 17:45:00,571.476196
2025-10-29 18:00:00,692.394104
2025-10-29 18:15:00,658.60376
2025-10-29 18:30:00,567.9552
2025-10-29 18:45:00,476.986084
2025-10-29 19:00:00,384.946228
2025-10-29 19:15:00,373.472656
2025-10-29 19:30:00,344.548035
2025-10-29 19:45:00,332.773193
2025-10-29 20:00:00,342.95871
2025-10-29 20:15:00,333.511932
2025-10-29 20:30:00,325.938812
2025-10-29 20:45:00,325.086914
2025-10-29 21:00:00,333.077728
2025-10-29 21:15:00,322.81839
2025-10-29 21:30:00,300.882874
2025-10-29 21:45:00,301.887543
2025-10-29 22:00:00,134.765457
2025-10-29 22:15:00,134.020187
2025-10-29 22:30:00,235.28006
2025-10-29 22:45:00,132.932953
2025-10-29 23:00:00,107.274597
2025-10-29 23:15:00,106.487373
2025-10-29 23:30:00,186.747925
2025-10-29 23:45:00,124.369698
2025-10-30 00:00:00,159.31221
2025-10-30 00:15:00,284.494934
2025-10-30 00:30:00,283.627136
2025-10-30 00:45:00,284.625092
2025-10-30 01:00:00,302.506409
2025-10-30 01:15:00,302.6922
2025-10-30 01:30:00,290.350311
2025-10-30 01:45:00,299.286804
2025-10-30 02:00:00,162.604446
2025-10-30 02:15:00,288.693237
2025-10-30 02:30:00,307.96875
2025-10-30 02:45:00,296.667847
2025-10-30 03:00:00,296.85144
2025-10-30 03:15:00,288.388794
2025-10-30 03:30:00,296.35437
2025-10-30 03:45:00,296.526428
2025-10-30 04:00:00,288.705444
2025-10-30 04:15:00,157.122452
2025-10-30 04:30:00,290.728851
2025-10-30 04:45:00,286.679291
2025-10-30 05:00:00,290.838715
2025-10-30 05:15:00,277.039001
2025-10-30 05:30:00,313.211609
2025-10-30 05:45:00,312.823059
2025-10-30 06:00:00,315.49823
2025-10-30 06:15:00,323.411346
2025-10-30 06:30:00,341.106262
2025-10-30 06:45:00,573.69342
2025-10-30 07:00:00,574.919861
2025-10-30 07:15:00,332.827148
2025-10-30 07:30:00,332.75354
2025-10-30 07:45:00,340.167877
2025-10-30 08:00:00,388.258453
2025-10-30 08:15:00,438.022522
2025-10-30 08:30:00,432.640106
2025-10-30 08:45:00,522.936768
2025-10-30 09:00:00,432.84848
2025-10-30 09:15:00,345.771393
2025-10-30 09:30:00,351.89505
2025-10-30 09:45:00,352.899353
2025-10-30 10:00:00,338.895874
2025-10-30 10:15:00,331.831238
2025-10-30 10:30:00,334.148926
2025-10-30 10:45:00,318.594543
2025-10-30 11:00:00,318.995636
2025-10-30 11:15:00,320.554047
2025-10-30 11:30:00,314.825043
2025-10-30 11:45:00,304.590912
2025-10-30 12:00:00,319.229492
2025-10-30 12:15:00,318.513062
2025-10-30 12:30:00,312.488068
2025-10-30 12:45:00,311.13208
2025-10-30 13:00:00,296.594269
2025-10-30 13:15:00,309.644012
2025-10-30 13:30:00,311.76297
2025-10-30 13:45:00,308.379608
2025-10-30 14:00:00,309.57132
2025-10-30 14:15:00,286.535736
2025-10-30 14:30:00,289.14798
2025-10-30 14:45:00,294.228302
2025-10-30 15:00:00,308.805695
2025-10-30 15:15:00,310.453003
2025-10-30 15:30:00,312.387024
2025-10-30 15:45:00,314.033386
2025-10-30 16:00:00,315.76593
2025-10-30 16:15:00,359.36496
2025-10-30 16:30:00,357.155396
2025-10-30 16:45:00,429.184418
2025-10-30 17:00:00,357.878937
2025-10-30 17:15:00,347.104584
2025-10-30 17:30:00,371.963531
2025-10-30 17:45:00,425.691681
2025-10-30 18:00:00,429.332977
2025-10-30 18:15:00,399.145844
2025-10-30 18:30:00,387.002228
2025-10-30 18:45:00,344.670349
2025-10-30 19:00:00,339.487885
2025-10-30 19:15:00,339.999969
2025-10-30 19:30:00,352.000092
2025-10-30 19:45:00,340.000122
2025-10-30 20:00:00,352.000122
2025-10-30 20:15:00,340.000061
2025-10-30 20:30:00,340.000031
2025-10-30 20:45:00,339.999969
2025-10-30 21:00:00,337.999908
2025-10-30 21:15:00,337.412659
2025-10-30 21:30:00,333.188965
2025-10-30 21:45:00,326.371307
2025-10-30 22:00:00,320.000061
2025-10-30 22:15:00,320.0
2025-10-30 22:30:00,318.245361
2025-10-30 22:45:00,314.469849
2025-10-30 23:00:00,316.073792
2025-10-30 23:15:00,315.999939
2025-10-30 23:30:00,317.999969
2025-10-30 23:45:00,319.000183
2025-10-31 00:00:00,313.676361
2025-10-31 00:15:00,318.000031
2025-10-31 00:30:00,315.999969
2025-10-31 00:45:00,314.000092
2025-10-31 01:00:00,314.000092
2025-10-31 01:15:00,314.000275
2025-10-31 01:30:00,312.000092
2025-10-31 01:45:00,311.237976
2025-10-31 02:00:00,309.325989
2025-10-31 02:15:00,308.690948
2025-10-31 02:30:00,292.898621
2025-10-31 02:45:00,300.000061
2025-10-31 03:00:00,309.999939
2025-10-31 03:15:00,300.000092
2025-10-31 03:30:00,311.600098
2025-10-31 03:45:00,310.0
2025-10-31 04:00:00,296.000214
2025-10-31 04:15:00,300.0
2025-10-31 04:30:00,309.999939
2025-10-31 04:45:00,310.0
2025-10-31 05:00:00,310.000061
2025-10-31 05:15:00,311.600159
2025-10-31 05:30:00,312.0
2025-10-31 05:45:00,314.0
2025-10-31 06:00:00,316.000061
2025-10-31 06:15:00,318.626465
2025-10-31 06:30:00,320.000183
2025-10-31 06:45:00,331.850037
2025-10-31 07:00:00,331.824402
2025-10-31 07:15:00,320.000092
2025-10-31 07:30:00,317.871979
2025-10-31 07:45:00,313.865204
2025-10-31 08:00:00,311.866791
2025-10-31 08:15:00,293.873779
2025-10-31 08:30:00,141.939041
2025-10-31 08:45:00,0.0
2025-10-31 09:00:00,0.0
2025-10-31 09:15:00,0.0
2025-10-31 09:30:00,0.0
2025-10-31 09:45:00,5.197667
2025-10-31 10:00:00,60.337265
2025-10-31 10:15:00,8.742864
2025-10-31 10:30:00,8.428832
2025-10-31 10:45:00,147.11142
2025-10-31 11:00:00,150.729767
2025-10-31 11:15:00,156.61908
2025-10-31 11:30:00,294.506012
2025-10-31 11:45:00,298.297638
2025-10-31 12:00:00,314.572968
2025-10-31 12:15:00,317.265289
2025-10-31 12:30:00,320.133453
2025-10-31 12:45:00,321.109558
2025-10-31 13:00:00,320.420441
2025-10-31 13:15:00,315.514648
2025-10-31 13:30:00,315.502686
2025-10-31 13:45:00,299.88916
2025-10-31 14:00:00,146.818771
2025-10-31 14:15:00,295.863434
2025-10-31 14:30:00,139.555496
2025-10-31 14:45:00,149.935501
2025-10-31 15:00:00,297.873627
2025-10-31 15:15:00,311.876068
2025-10-31 15:30:00,317.882324
2025-10-31 15:45:00,319.886169
2025-10-31 16:00:00,319.883087
2025-10-31 16:15:00,335.888611
2025-10-31 16:30:00,333.884613
2025-10-31 16:45:00,335.883148
2025-10-31 17:00:00,337.887054
2025-10-31 17:15:00,337.617676
2025-10-31 17:30:00,339.999969
2025-10-31 17:45:00,345.697601
2025-10-31 18:00:00,348.637329
2025-10-31 18:15:00,342.34671
2025-10-31 18:30:00,339.999908
2025-10-31 18:45:00,331.118896
2025-10-31 19:00:00,324.850525
2025-10-31 19:15:00,320.000183
2025-10-31 19:30:00,320.000214
2025-10-31 19:45:00,319.999969
2025-10-31 20:00:00,320.000061
2025-10-31 20:15:00,320.000092
2025-10-31 20:30:00,320.000122
2025-10-31 20:45:00,319.0
2025-10-31 21:00:00,315.202576
2025-10-31 21:15:00,314.000183
2025-10-31 21:30:00,312.000092
2025-10-31 21:45:00,313.999878
2025-10-31 22:00:00,311.600128
2025-10-31 22:15:00,309.999908
2025-10-31 22:30:00,299.999969
2025-10-31 22:45:00,309.999969
2025-10-31 23:00:00,312.000153
2025-10-31 23:15:00,311.999908
2025-10-31 23:30:00,309.999969
2025-10-31 23:45:00,311.999969
2025-11-01 00:00:00,314.000031
2025-11-01 00:15:00,316.000061
2025-11-01 00:30:00,316.000092
2025-11-01 00:45:00,313.999939
2025-11-01 01:00:00,312.000092
2025-11-01 01:15:00,312.000122
2025-11-01 01:30:00,311.999969
2025-11-01 01:45:00,313.999878
2025-11-01 02:00:00,314.0
2025-11-01 02:15:00,311.999969
2025-11-01 02:30:00,311.999878
2025-11-01 02:45:00,311.999969
2025-11-01 03:00:00,312.000061
2025-11-01 03:15:00,311.999969
2025-11-01 03:30:00,311.999939
2025-11-01 03:45:00,311.999969
2025-11-01 04:00:00,312.0
2025-11-01 04:15:00,312.0
2025-11-01 04:30:00,312.000061
2025-11-01 04:45:00,312.999908
2025-11-01 05:00:00,314.000061
2025-11-01 05:15:00,313.999878
2025-11-01 05:30:00,312.0
2025-11-01 05:45:00,312.000122
2025-11-01 06:00:00,314.000061
2025-11-01 06:15:00,314.000214
2025-11-01 06:30:00,314.0
2025-11-01 06:45:00,314.000092
2025-11-01 07:00:00,314.0
2025-11-01 07:15:00,310.000061
2025-11-01 07:30:00,295.855042
2025-11-01 07:45:00,310.000122
2025-11-01 08:00:00,299.865448
2025-11-01 08:15:00,293.866821
2025-11-01 08:30:00,293.872345
2025-11-01 08:45:00,296.73526
2025-11-01 09:00:00,294.866943
2025-11-01 09:15:00,147.616638
2025-11-01 09:30:00,108.106178
2025-11-01 09:45:00,60.081516
2025-11-01 10:00:00,145.507935
2025-11-01 10:15:00,120.673607
2025-11-01 10:30:00,68.315208
2025-11-01 10:45:00,92.790878
2025-11-01 11:00:00,0.0
2025-11-01 11:15:00,0.0
2025-11-01 11:30:00,0.0
2025-11-01 11:45:00,16.764809
2025-11-01 12:00:00,40.033905
2025-11-01 12:15:00,48.527569
2025-11-01 12:30:00,55.707676
2025-11-01 12:45:00,55.522518
2025-11-01 13:00:00,144.444977
2025-11-01 13:15:00,304.699188
2025-11-01 13:30:00,308.013
2025-11-01 13:45:00,306.182709
2025-11-01 14:00:00,147.893982
2025-11-01 14:15:00,58.638203
2025-11-01 14:30:00,59.217686
2025-11-01 14:45:00,149.771957
2025-11-01 15:00:00,103.24791
2025-11-01 15:15:00,296.660278
2025-11-01 15:30:00,302.278015
2025-11-01 15:45:00,310.835571
2025-11-01 16:00:00,315.108978
2025-11-01 16:15:00,341.114716
2025-11-01 16:30:00,340.537415
2025-11-01 16:45:00,341.648651
2025-11-01 17:00:00,352.780548
2025-11-01 17:15:00,346.204071
2025-11-01 17:30:00,330.911774
2025-11-01 17:45:00,354.335052
2025-11-01 18:00:00,358.579773
2025-11-01 18:15:00,181.48259
2025-11-01 18:30:00,181.502441
2025-11-01 18:45:00,319.938019
2025-11-01 19:00:00,319.879395
2025-11-01 19:15:00,307.375671
2025-11-01 19:30:00,283.257141
2025-11-01 19:45:00,283.13858
2025-11-01 20:00:00,283.896118
2025-11-01 20:15:00,283.777283
2025-11-01 20:30:00,283.849213
2025-11-01 20:45:00,181.912048
2025-11-01 21:00:00,181.634125
2025-11-01 21:15:00,181.774902
2025-11-01 21:30:00,181.527451
2025-11-01 21:45:00,171.871826
2025-11-01 22:00:00,148.853287
2025-11-01 22:15:00,95.255646
2025-11-01 22:30:00,94.59359
2025-11-01 22:45:00,95.042908
2025-11-01 23:00:00,95.593414
2025-11-01 23:15:00,95.430695
2025-11-01 23:30:00,90.233368
2025-11-01 23:45:00,88.439613
2025-11-02 00:00:00,95.922737
2025-11-02 00:15:00,90.024979
2025-11-02 00:30:00,94.95475
2025-11-02 00:45:00,94.754288
2025-11-02 01:00:00,61.888718
2025-11-02 01:15:00,64.164627
2025-11-02 01:30:00,95.000587
2025-11-02 01:45:00,95.208847
2025-11-02 02:00:00,95.191299
2025-11-02 02:15:00,95.225395
2025-11-02 02:30:00,94.798767
2025-11-02 02:45:00,94.804817
2025-11-02 03:00:00,89.319916
2025-11-02 03:15:00,88.863289
2025-11-02 03:30:00,89.231033
2025-11-02 03:45:00,88.754219
2025-11-02 04:00:00,88.795746
2025-11-02 04:15:00,64.555656
2025-11-02 04:30:00,95.060692
2025-11-02 04:45:00,88.537384
2025-11-02 05:00:00,95.18396
2025-11-02 05:15:00,95.667671
2025-11-02 05:30:00,95.772835
2025-11-02 05:45:00,95.767227
2025-11-02 06:00:00,94.776672
2025-11-02 06:15:00,95.340355
2025-11-02 06:30:00,96.34169
2025-11-02 06:45:00,113.590874
2025-11-02 07:00:00,177.620438
2025-11-02 07:15:00,64.385971
2025-11-02 07:30:00,89.940384
2025-11-02 07:45:00,88.379517
2025-11-02 08:00:00,94.209084
2025-11-02 08:15:00,63.407974
2025-11-02 08:30:00,37.423286
2025-11-02 08:45:00,38.920811
2025-11-02 09:00:00,73.127632
2025-11-02 09:15:00,92.03804
2025-11-02 09:30:00,44.598145
2025-11-02 09:45:00,41.466976
2025-11-02 10:00:00,40.616238
2025-11-02 10:15:00,41.554092
2025-11-02 10:30:00,42.882187
2025-11-02 10:45:00,40.977211
2025-11-02 11:00:00,34.173969
2025-11-02 11:15:00,34.540443
2025-11-02 11:30:00,0.721334
2025-11-02 11:45:00,0.792993
2025-11-02 12:00:00,4.594337
2025-11-02 12:15:00,8.952978
2025-11-02 12:30:00,9.302902
2025-11-02 12:45:00,59.968582
2025-11-02 13:00:00,72.370255
2025-11-02 13:15:00,99.288101
2025-11-02 13:30:00,137.97113
2025-11-02 13:45:00,106.158241
2025-11-02 14:00:00,138.728745
2025-11-02 14:15:00,177.322205
2025-11-02 14:30:00,203.450272
2025-11-02 14:45:00,292.159912
2025-11-02 15:00:00,297.115356
2025-11-02 15:15:00,307.825836
2025-11-02 15:30:00,313.070557
2025-11-02 15:45:00,307.982269
2025-11-02 16:00:00,291.70285
2025-11-02 16:15:00,304.617493
2025-11-02 16:30:00,301.582642
2025-11-02 16:45:00,316.654541
2025-11-02 17:00:00,360.225189
2025-11-02 17:15:00,365.907013
2025-11-02 17:30:00,361.603394
2025-11-02 17:45:00,434.095612
2025-11-02 18:00:00,434.01651
2025-11-02 18:15:00,360.548279
2025-11-02 18:30:00,360.671509
2025-11-02 18:45:00,321.060974
2025-11-02 19:00:00,310.040558
2025-11-02 19:15:00,309.146942
2025-11-02 19:30:00,309.213654
2025-11-02 19:45:00,286.17868
2025-11-02 20:00:00,286.328705
2025-11-02 20:15:00,286.294434
2025-11-02 20:30:00,285.48175
2025-11-02 20:45:00,285.59021
2025-11-02 21:00:00,301.158722
2025-11-02 21:15:00,308.823273
2025-11-02 21:30:00,286.071899
2025-11-02 21:45:00,182.430908
2025-11-02 22:00:00,180.130051
2025-11-02 22:15:00,168.953705
2025-11-02 22:30:00,95.900864
2025-11-02 22:45:00,91.741035
2025-11-02 23:00:00,92.357323
2025-11-02 23:15:00,66.838463
2025-11-02 23:30:00,66.385239
2025-11-02 23:45:00,100.092087
2025-11-03 00:00:00,164.794052
2025-11-03 00:15:00,276.532593
2025-11-03 00:30:00,95.377525
2025-11-03 00:45:00,94.797081
2025-11-03 01:00:00,96.503387
2025-11-03 01:15:00,95.161461
2025-11-03 01:30:00,93.233238
2025-11-03 01:45:00,180.421448
2025-11-03 02:00:00,180.141769
2025-11-03 02:15:00,176.649551
2025-11-03 02:30:00,179.827652
2025-11-03 02:45:00,176.676422
2025-11-03 03:00:00,181.096329
2025-11-03 03:15:00,140.822113
2025-11-03 03:30:00,138.237198
2025-11-03 03:45:00,148.584686
2025-11-03 04:00:00,176.210068
2025-11-03 04:15:00,180.885834
2025-11-03 04:30:00,180.998703
2025-11-03 04:45:00,241.154785
2025-11-03 05:00:00,282.092316
2025-11-03 05:15:00,178.436569
2025-11-03 05:30:00,180.166687
2025-11-03 05:45:00,180.483902
2025-11-03 06:00:00,182.262955
2025-11-03 06:15:00,182.774063
2025-11-03 06:30:00,183.643112
2025-11-03 06:45:00,310.867462
2025-11-03 07:00:00,328.236542
2025-11-03 07:15:00,322.882416
2025-11-03 07:30:00,179.363251
2025-11-03 07:45:00,320.557159
2025-11-03 08:00:00,320.763794
2025-11-03 08:15:00,284.187286
2025-11-03 08:30:00,295.210022
2025-11-03 08:45:00,302.196838
2025-11-03 09:00:00,264.398743
2025-11-03 09:15:00,248.822311
2025-11-03 09:30:00,177.74585
2025-11-03 09:45:00,217.840363
2025-11-03 10:00:00,154.843369
2025-11-03 10:15:00,131.968552
2025-11-03 10:30:00,116.209717
2025-11-03 10:45:00,60.441734
2025-11-03 11:00:00,52.190083
2025-11-03 11:15:00,0.675498
2025-11-03 11:30:00,14.84664
2025-11-03 11:45:00,15.220763
2025-11-03 12:00:00,17.22644
2025-11-03 12:15:00,16.442379
2025-11-03 12:30:00,16.809935
2025-11-03 12:45:00,19.383385
2025-11-03 13:00:00,19.427898
2025-11-03 13:15:00,18.120964
2025-11-03 13:30:00,18.463051
2025-11-03 13:45:00,18.559954
2025-11-03 14:00:00,21.022221
2025-11-03 14:15:00,18.993021
2025-11-03 14:30:00,19.47706
2025-11-03 14:45:00,44.388542
2025-11-03 15:00:00,82.576294
2025-11-03 15:15:00,258.611938
2025-11-03 15:30:00,279.931946
2025-11-03 15:45:00,318.141663
2025-11-03 16:00:00,320.189575
2025-11-03 16:15:00,333.795776
2025-11-03 16:30:00,339.892151
2025-11-03 16:45:00,411.855164
2025-11-03 17:00:00,574.248047
2025-11-03 17:15:00,605.37616
2025-11-03 17:30:00,605.188049
2025-11-03 17:45:00,490.332855
2025-11-03 18:00:00,605.761292
2025-11-03 18:15:00,366.175964
2025-11-03 18:30:00,366.482269
2025-11-03 18:45:00,289.989166
2025-11-03 19:00:00,246.183929
2025-11-03 19:15:00,290.446289
2025-11-03 19:30:00,290.133545
2025-11-03 19:45:00,285.987823
2025-11-03 20:00:00,290.414764
2025-11-03 20:15:00,279.199585
2025-11-03 20:30:00,290.22583
2025-11-03 20:45:00,323.655273
2025-11-03 21:00:00,332.266479
2025-11-03 21:15:00,335.666595
2025-11-03 21:30:00,311.49472
2025-11-03 21:45:00,277.463989
2025-11-03 22:00:00,184.591354
2025-11-03 22:15:00,185.767456
2025-11-03 22:30:00,119.221687
2025-11-03 22:45:00,93.308266
2025-11-03 23:00:00,178.558914
2025-11-03 23:15:00,180.751328
2025-11-03 23:30:00,170.214066
2025-11-03 23:45:00,180.732986
2025-11-04 00:00:00,137.133545
2025-11-04 00:15:00,184.415466
2025-11-04 00:30:00,183.851501
2025-11-04 00:45:00,182.9935
2025-11-04 01:00:00,277.715088
2025-11-04 01:15:00,244.867325
2025-11-04 01:30:00,184.656006
2025-11-04 01:45:00,183.716171
2025-11-04 02:00:00,184.208771
2025-11-04 02:15:00,150.497498
2025-11-04 02:30:00,135.622986
2025-11-04 02:45:00,178.378815
2025-11-04 03:00:00,128.038223
2025-11-04 03:15:00,126.506264
2025-11-04 03:30:00,126.24749
2025-11-04 03:45:00,134.08075
2025-11-04 04:00:00,179.792358
2025-11-04 04:15:00,179.820694
2025-11-04 04:30:00,179.79213
2025-11-04 04:45:00,182.413635
2025-11-04 05:00:00,182.475677
2025-11-04 05:15:00,149.63652
2025-11-04 05:30:00,149.955627
2025-11-04 05:45:00,183.187225
2025-11-04 06:00:00,277.525848
2025-11-04 06:15:00,280.967712
2025-11-04 06:30:00,306.181519
2025-11-04 06:45:00,370.603271
2025-11-04 07:00:00,369.756683
2025-11-04 07:15:00,304.456696
2025-11-04 07:30:00,394.159454
2025-11-04 07:45:00,427.196991
2025-11-04 08:00:00,523.726074
2025-11-04 08:15:00,483.569061
2025-11-04 08:30:00,347.950287
2025-11-04 08:45:00,355.944824
2025-11-04 09:00:00,384.609131
2025-11-04 09:15:00,443.206085
2025-11-04 09:30:00,516.705811
2025-11-04 09:45:00,373.03479
2025-11-04 10:00:00,303.354614
2025-11-04 10:15:00,309.082886
2025-11-04 10:30:00,317.477966
2025-11-04 10:45:00,314.655945
2025-11-04 11:00:00,298.292725
2025-11-04 11:15:00,175.311646
2025-11-04 11:30:00,52.004196
2025-11-04 11:45:00,48.241993
2025-11-04 12:00:00,192.553299
2025-11-04 12:15:00,210.287125
2025-11-04 12:30:00,168.504944
2025-11-04 12:45:00,207.616425
2025-11-04 13:00:00,55.104218
2025-11-04 13:15:00,55.576015
2025-11-04 13:30:00,55.34259
2025-11-04 13:45:00,51.02264
2025-11-04 14:00:00,53.293034
2025-11-04 14:15:00,52.149731
2025-11-04 14:30:00,53.346073
2025-11-04 14:45:00,50.925762
2025-11-04 15:00:00,6.201
2025-11-04 15:15:00,91.093086
2025-11-04 15:30:00,255.91507
2025-11-04 15:45:00,314.800812
2025-11-04 16:00:00,319.720215
2025-11-04 16:15:00,332.406281
2025-11-04 16:30:00,334.411316
2025-11-04 16:45:00,326.221985
2025-11-04 17:00:00,328.872894
2025-11-04 17:15:00,441.361084
2025-11-04 17:30:00,658.129211
2025-11-04 17:45:00,455.259155
2025-11-04 18:00:00,485.637451
2025-11-04 18:15:00,455.759949
2025-11-04 18:30:00,445.08844
2025-11-04 18:45:00,420.589874
2025-11-04 19:00:00,244.655151
2025-11-04 19:15:00,289.397919
2025-11-04 19:30:00,280.98233
2025-11-04 19:45:00,245.755188
2025-11-04 20:00:00,289.627777
2025-11-04 20:15:00,289.707153
2025-11-04 20:30:00,314.060791
2025-11-04 20:45:00,314.119232
2025-11-04 21:00:00,313.989197
2025-11-04 21:15:00,313.910828
2025-11-04 21:30:00,289.632538
2025-11-04 21:45:00,246.28183
2025-11-04 22:00:00,312.386902
2025-11-04 22:15:00,290.699066
2025-11-04 22:30:00,247.233307
2025-11-04 22:45:00,247.215164
2025-11-04 23:00:00,282.056885
2025-11-04 23:15:00,186.370163
2025-11-04 23:30:00,181.65918
2025-11-04 23:45:00,245.069199
2025-11-05 00:00:00,153.588654
2025-11-05 00:15:00,314.066132
2025-11-05 00:30:00,313.000092
2025-11-05 00:45:00,300.000061
2025-11-05 01:00:00,312.999939
2025-11-05 01:15:00,300.0
2025-11-05 01:30:00,298.000092
2025-11-05 01:45:00,297.000092
2025-11-05 02:00:00,296.999847
2025-11-05 02:15:00,297.000122
2025-11-05 02:30:00,294.000153
2025-11-05 02:45:00,186.823685
2025-11-05 03:00:00,229.180069
2025-11-05 03:15:00,297.000153
2025-11-05 03:30:00,297.000061
2025-11-05 03:45:00,296.000244
2025-11-05 04:00:00,300.000031
2025-11-05 04:15:00,299.999969
2025-11-05 04:30:00,300.000061
2025-11-05 04:45:00,300.000061
2025-11-05 05:00:00,311.999939
2025-11-05 05:15:00,314.0
2025-11-05 05:30:00,314.000031
2025-11-05 05:45:00,314.000031
2025-11-05 06:00:00,315.999969
2025-11-05 06:15:00,317.452515
2025-11-05 06:30:00,319.520294
2025-11-05 06:45:00,325.004639
2025-11-05 07:00:00,322.631805
2025-11-05 07:15:00,314.000031
2025-11-05 07:30:00,300.000214
2025-11-05 07:45:00,314.023193
2025-11-05 08:00:00,296.999969
2025-11-05 08:15:00,255.028915
2025-11-05 08:30:00,22.939932
2025-11-05 08:45:00,4.492557
2025-11-05 09:00:00,4.048831
2025-11-05 09:15:00,4.977931
2025-11-05 09:30:00,4.682313
2025-11-05 09:45:00,4.214938
2025-11-05 10:00:00,3.908407
2025-11-05 10:15:00,4.837632
2025-11-05 10:30:00,4.960813
2025-11-05 10:45:00,4.717568
2025-11-05 11:00:00,4.632617
2025-11-05 11:15:00,4.564411
2025-11-05 11:30:00,3.787389
2025-11-05 11:45:00,3.914114
2025-11-05 12:00:00,4.910754
2025-11-05 12:15:00,5.503861
2025-11-05 12:30:00,5.563265
2025-11-05 12:45:00,6.317122
2025-11-05 13:00:00,6.710744
2025-11-05 13:15:00,6.510479
2025-11-05 13:30:00,6.344854
2025-11-05 13:45:00,6.350005
2025-11-05 14:00:00,6.327195
2025-11-05 14:15:00,6.082246
2025-11-05 14:30:00,6.546473
2025-11-05 14:45:00,6.388769
2025-11-05 15:00:00,6.967011
2025-11-05 15:15:00,6.743002
2025-11-05 15:30:00,112.768532
2025-11-05 15:45:00,154.423904
2025-11-05 16:00:00,301.95163
2025-11-05 16:15:00,318.402954
2025-11-05 16:30:00,319.516663
2025-11-05 16:45:00,321.138397
2025-11-05 17:00:00,327.344208
2025-11-05 17:15:00,328.660614
2025-11-05 17:30:00,345.400421
2025-11-05 17:45:00,337.141479
2025-11-05 18:00:00,335.534943
2025-11-05 18:15:00,314.320862
2025-11-05 18:30:00,292.989929
2025-11-05 18:45:00,276.281097
2025-11-05 19:00:00,253.780624
2025-11-05 19:15:00,287.281433
2025-11-05 19:30:00,243.177551
2025-11-05 19:45:00,284.880524
2025-11-05 20:00:00,277.103729
2025-11-05 20:15:00,276.525604
2025-11-05 20:30:00,278.588501
2025-11-05 20:45:00,280.945007
2025-11-05 21:00:00,275.646606
2025-11-05 21:15:00,279.542267
2025-11-05 21:30:00,282.562958
2025-11-05 21:45:00,314.05719
2025-11-05 22:00:00,286.452515
2025-11-05 22:15:00,300.258545
2025-11-05 22:30:00,298.142883
2025-11-05 22:45:00,296.120819
2025-11-05 23:00:00,300.000092
2025-11-05 23:15:00,294.000061
2025-11-05 23:30:00,211.000031
2025-11-05 23:45:00,239.999985
2025-11-06 00:00:00,302.84671
2025-11-06 00:15:00,320.251984
2025-11-06 00:30:00,318.162659
2025-11-06 00:45:00,318.118622
2025-11-06 01:00:00,332.013428
2025-11-06 01:15:00,347.239838
2025-11-06 01:30:00,347.23999
2025-11-06 01:45:00,347.239899
2025-11-06 02:00:00,340.000031
2025-11-06 02:15:00,337.999908
2025-11-06 02:30:00,334.999908
2025-11-06 02:45:00,336.0
2025-11-06 03:00:00,333.999969
2025-11-06 03:15:00,332.000092
2025-11-06 03:30:00,327.239899
2025-11-06 03:45:00,327.239807
2025-11-06 04:00:00,327.23996
2025-11-06 04:15:00,327.23999
2025-11-06 04:30:00,327.239899
2025-11-06 04:45:00,327.240082
2025-11-06 05:00:00,327.239807
2025-11-06 05:15:00,327.23999
2025-11-06 05:30:00,332.000061
2025-11-06 05:45:00,334.000061
2025-11-06 06:00:00,350.000031
2025-11-06 06:15:00,375.265106
2025-11-06 06:30:00,367.065063
2025-11-06 06:45:00,374.009857
2025-11-06 07:00:00,456.898895
2025-11-06 07:15:00,493.108185
2025-11-06 07:30:00,540.754456
2025-11-06 07:45:00,567.713562
2025-11-06 08:00:00,603.278076
2025-11-06 08:15:00,535.652161
2025-11-06 08:30:00,534.999817
2025-11-06 08:45:00,518.123657
2025-11-06 09:00:00,429.332855
2025-11-06 09:15:00,388.59314
2025-11-06 09:30:00,370.628906
2025-11-06 09:45:00,388.599304
2025-11-06 10:00:00,341.565399
2025-11-06 10:15:00,348.689789
2025-11-06 10:30:00,348.678009
2025-11-06 10:45:00,341.141205
2025-11-06 11:00:00,336.976807
2025-11-06 11:15:00,333.033447
2025-11-06 11:30:00,321.186707
2025-11-06 11:45:00,319.031433
2025-11-06 12:00:00,328.372955
2025-11-06 12:15:00,330.892181
2025-11-06 12:30:00,328.223999
2025-11-06 12:45:00,328.338287
2025-11-06 13:00:00,332.828033
2025-11-06 13:15:00,332.797058
2025-11-06 13:30:00,336.708527
2025-11-06 13:45:00,334.721649
2025-11-06 14:00:00,336.553009
2025-11-06 14:15:00,337.609375
2025-11-06 14:30:00,338.563293
2025-11-06 14:45:00,347.632507
2025-11-06 15:00:00,356.345398
2025-11-06 15:15:00,360.408722
2025-11-06 15:30:00,367.661469
2025-11-06 15:45:00,375.466949
2025-11-06 16:00:00,387.325409
2025-11-06 16:15:00,484.147888
2025-11-06 16:30:00,420.194122
2025-11-06 16:45:00,375.579895
2025-11-06 17:00:00,367.59375
2025-11-06 17:15:00,367.610443
2025-11-06 17:30:00,367.481842
2025-11-06 17:45:00,356.348877
2025-11-06 18:00:00,350.596863
2025-11-06 18:15:00,333.444336
2025-11-06 18:30:00,329.966614
2025-11-06 18:45:00,326.01001
2025-11-06 19:00:00,316.925659
2025-11-06 19:15:00,318.82428
2025-11-06 19:30:00,317.760681
2025-11-06 19:45:00,317.760254
2025-11-06 20:00:00,314.583344
2025-11-06 20:15:00,317.1492
2025-11-06 20:30:00,316.831573
2025-11-06 20:45:00,317.723358
2025-11-06 21:00:00,317.250671
2025-11-06 21:15:00,316.3479
2025-11-06 21:30:00,315.360962
2025-11-06 21:45:00,315.344177
2025-11-06 22:00:00,315.362549
2025-11-06 22:15:00,317.32135
2025-11-06 22:30:00,315.339417
2025-11-06 22:45:00,314.357819
2025-11-06 23:00:00,315.08432
2025-11-06 23:15:00,314.051788
2025-11-06 23:30:00,309.999969
2025-11-06 23:45:00,310.000122
2025-11-07 00:00:00,317.132721
2025-11-07 00:15:00,318.159332
2025-11-07 00:30:00,320.207184
2025-11-07 00:45:00,318.107483
2025-11-07 01:00:00,319.999939
2025-11-07 01:15:00,317.999969
2025-11-07 01:30:00,317.999969
2025-11-07 01:45:00,318.000092
2025-11-07 02:00:00,320.0
2025-11-07 02:15:00,319.999969
2025-11-07 02:30:00,320.000092
2025-11-07 02:45:00,320.0
2025-11-07 03:00:00,318.0
2025-11-07 03:15:00,318.000031
2025-11-07 03:30:00,317.999878
2025-11-07 03:45:00,317.999878
2025-11-07 04:00:00,317.999969
2025-11-07 04:15:00,317.000031
2025-11-07 04:30:00,318.0
2025-11-07 04:45:00,317.000031
2025-11-07 05:00:00,318.000031
2025-11-07 05:15:00,319.999939
2025-11-07 05:30:00,319.44632
2025-11-07 05:45:00,319.478424
2025-11-07 06:00:00,329.788849
2025-11-07 06:15:00,334.239532
2025-11-07 06:30:00,343.740753
2025-11-07 06:45:00,352.016174
2025-11-07 07:00:00,379.999603
2025-11-07 07:15:00,350.051697
2025-11-07 07:30:00,350.056641
2025-11-07 07:45:00,359.999756
2025-11-07 08:00:00,360.000092
2025-11-07 08:15:00,355.999939
2025-11-07 08:30:00,389.476959
2025-11-07 08:45:00,389.264496
2025-11-07 09:00:00,361.645477
2025-11-07 09:15:00,350.485596
2025-11-07 09:30:00,337.345367
2025-11-07 09:45:00,340.249939
2025-11-07 10:00:00,356.000183
2025-11-07 10:15:00,352.018799
2025-11-07 10:30:00,380.000153
2025-11-07 10:45:00,359.999939
2025-11-07 11:00:00,352.016846
2025-11-07 11:15:00,334.197113
2025-11-07 11:30:00,328.205475
2025-11-07 11:45:00,314.553162
2025-11-07 12:00:00,324.45343
2025-11-07 12:15:00,324.702637
2025-11-07 12:30:00,328.407715
2025-11-07 12:45:00,326.397278
2025-11-07 13:00:00,328.093292
2025-11-07 13:15:00,334.931671
2025-11-07 13:30:00,335.909851
2025-11-07 13:45:00,329.857758
2025-11-07 14:00:00,335.936707
2025-11-07 14:15:00,334.950287
2025-11-07 14:30:00,333.011627
2025-11-07 14:45:00,335.878448
2025-11-07 15:00:00,333.780975
2025-11-07 15:15:00,328.267548
2025-11-07 15:30:00,334.262878
2025-11-07 15:45:00,335.964661
2025-11-07 16:00:00,337.644684
2025-11-07 16:15:00,351.743927
2025-11-07 16:30:00,441.426361
2025-11-07 16:45:00,393.532654
2025-11-07 17:00:00,381.194763
2025-11-07 17:15:00,352.680756
2025-11-07 17:30:00,418.80954
2025-11-07 17:45:00,399.270569
2025-11-07 18:00:00,339.798889
2025-11-07 18:15:00,313.080292
2025-11-07 18:30:00,273.769287
2025-11-07 18:45:00,269.816132
2025-11-07 19:00:00,265.434296
2025-11-07 19:15:00,255.012619
2025-11-07 19:30:00,233.540558
2025-11-07 19:45:00,270.208557
2025-11-07 20:00:00,253.676468
2025-11-07 20:15:00,248.920898
2025-11-07 20:30:00,234.589447
2025-11-07 20:45:00,165.320251
2025-11-07 21:00:00,245.185715
2025-11-07 21:15:00,281.598206
2025-11-07 21:30:00,177.279236
2025-11-07 21:45:00,143.484222
2025-11-07 22:00:00,146.021576
2025-11-07 22:15:00,196.103531
2025-11-07 22:30:00,244.853592
2025-11-07 22:45:00,243.68309
2025-11-07 23:00:00,264.51062
2025-11-07 23:15:00,229.138062
2025-11-07 23:30:00,195.297073
2025-11-07 23:45:00,149.78064
2025-11-08 00:00:00,300.797333
2025-11-08 00:15:00,316.575378
2025-11-08 00:30:00,315.284912
2025-11-08 00:45:00,316.200256
2025-11-08 01:00:00,315.241943
2025-11-08 01:15:00,316.076996
2025-11-08 01:30:00,315.058899
2025-11-08 01:45:00,316.069611
2025-11-08 02:00:00,279.590271
2025-11-08 02:15:00,316.076019
2025-11-08 02:30:00,286.037201
2025-11-08 02:45:00,288.758148
2025-11-08 03:00:00,288.162842
2025-11-08 03:15:00,288.370941
2025-11-08 03:30:00,289.01239
2025-11-08 03:45:00,287.743103
2025-11-08 04:00:00,286.387115
2025-11-08 04:15:00,280.808655
2025-11-08 04:30:00,279.223602
2025-11-08 04:45:00,286.133942
2025-11-08 05:00:00,287.238739
2025-11-08 05:15:00,289.334564
2025-11-08 05:30:00,289.631958
2025-11-08 05:45:00,290.820129
2025-11-08 06:00:00,290.399963
2025-11-08 06:15:00,308.084229
2025-11-08 06:30:00,291.042084
2025-11-08 06:45:00,290.620056
2025-11-08 07:00:00,309.010529
2025-11-08 07:15:00,296.764862
2025-11-08 07:30:00,295.377014
2025-11-08 07:45:00,316.095856
2025-11-08 08:00:00,314.032898
2025-11-08 08:15:00,298.341858
2025-11-08 08:30:00,298.8573
2025-11-08 08:45:00,292.517456
2025-11-08 09:00:00,206.066223
2025-11-08 09:15:00,153.32869
2025-11-08 09:30:00,155.238129
2025-11-08 09:45:00,155.498016
2025-11-08 10:00:00,256.914703
2025-11-08 10:15:00,158.594543
2025-11-08 10:30:00,162.936996
2025-11-08 10:45:00,134.306351
2025-11-08 11:00:00,164.692795
2025-11-08 11:15:00,100.979889
2025-11-08 11:30:00,17.348587
2025-11-08 11:45:00,66.258377
2025-11-08 12:00:00,163.451004
2025-11-08 12:15:00,268.140869
2025-11-08 12:30:00,262.795746
2025-11-08 12:45:00,269.408875
2025-11-08 13:00:00,299.517242
2025-11-08 13:15:00,311.076263
2025-11-08 13:30:00,314.595032
2025-11-08 13:45:00,312.285645
2025-11-08 14:00:00,309.811554
2025-11-08 14:15:00,323.310364
2025-11-08 14:30:00,311.791107
2025-11-08 14:45:00,311.873566
2025-11-08 15:00:00,323.789948
2025-11-08 15:15:00,300.970306
2025-11-08 15:30:00,316.585876
2025-11-08 15:45:00,312.995789
2025-11-08 16:00:00,316.709839
2025-11-08 16:15:00,318.766724
2025-11-08 16:30:00,319.411194
2025-11-08 16:45:00,320.465363
2025-11-08 17:00:00,321.609955
2025-11-08 17:15:00,321.753265
2025-11-08 17:30:00,321.579102
2025-11-08 17:45:00,320.626923
2025-11-08 18:00:00,320.610992
2025-11-08 18:15:00,318.070404
2025-11-08 18:30:00,317.50589
2025-11-08 18:45:00,317.146759
2025-11-08 19:00:00,314.45163
2025-11-08 19:15:00,301.952637
2025-11-08 19:30:00,297.51004
2025-11-08 19:45:00,299.264954
2025-11-08 20:00:00,296.561584
2025-11-08 20:15:00,311.790741
2025-11-08 20:30:00,312.63028
2025-11-08 20:45:00,314.511292
2025-11-08 21:00:00,315.663239
2025-11-08 21:15:00,316.593201
2025-11-08 21:30:00,317.510101
2025-11-08 21:45:00,318.187805
2025-11-08 22:00:00,318.188538
2025-11-08 22:15:00,318.192261
2025-11-08 22:30:00,318.179504
2025-11-08 22:45:00,318.14389
2025-11-08 23:00:00,318.0
2025-11-08 23:15:00,316.999908
2025-11-08 23:30:00,324.178436
2025-11-08 23:45:00,315.000031
2025-11-09 00:00:00,325.04422
2025-11-09 00:15:00,326.395935
2025-11-09 00:30:00,320.0
2025-11-09 00:45:00,320.000061
2025-11-09 01:00:00,332.000153
2025-11-09 01:15:00,321.870087
2025-11-09 01:30:00,332.000061
2025-11-09 01:45:00,333.999908
2025-11-09 02:00:00,338.525543
2025-11-09 02:15:00,339.393616
2025-11-09 02:30:00,336.000092
2025-11-09 02:45:00,337.999725
2025-11-09 03:00:00,337.999786
2025-11-09 03:15:00,334.999908
2025-11-09 03:30:00,336.999756
2025-11-09 03:45:00,337.999908
2025-11-09 04:00:00,340.000061
2025-11-09 04:15:00,338.000122
2025-11-09 04:30:00,333.999878
2025-11-09 04:45:00,334.999908
2025-11-09 05:00:00,340.000092
2025-11-09 05:15:00,340.000031
2025-11-09 05:30:00,349.0
2025-11-09 05:45:00,350.000031
2025-11-09 06:00:00,340.000122
2025-11-09 06:15:00,339.999908
2025-11-09 06:30:00,340.000122
2025-11-09 06:45:00,335.999939
2025-11-09 07:00:00,338.000092
2025-11-09 07:15:00,335.999878
2025-11-09 07:30:00,334.000092
2025-11-09 07:45:00,339.999969
2025-11-09 08:00:00,353.000122
2025-11-09 08:15:00,350.000153
2025-11-09 08:30:00,349.095428
2025-11-09 08:45:00,332.547882
2025-11-09 09:00:00,321.16684
2025-11-09 09:15:00,319.219116
2025-11-09 09:30:00,319.245331
2025-11-09 09:45:00,320.588287
2025-11-09 10:00:00,321.702576
2025-11-09 10:15:00,320.251709
2025-11-09 10:30:00,332.297485
2025-11-09 10:45:00,315.262634
2025-11-09 11:00:00,342.251801
2025-11-09 11:15:00,329.628448
2025-11-09 11:30:00,313.19577
2025-11-09 11:45:00,303.516602
2025-11-09 12:00:00,297.695618
2025-11-09 12:15:00,302.727264
2025-11-09 12:30:00,304.385925
2025-11-09 12:45:00,313.79776
2025-11-09 13:00:00,314.031067
2025-11-09 13:15:00,317.884186
2025-11-09 13:30:00,306.351257
2025-11-09 13:45:00,299.181671
2025-11-09 14:00:00,277.157288
2025-11-09 14:15:00,289.641174
2025-11-09 14:30:00,283.484406
2025-11-09 14:45:00,286.371704
2025-11-09 15:00:00,286.038574
2025-11-09 15:15:00,277.247559
2025-11-09 15:30:00,318.275757
2025-11-09 15:45:00,317.003632
2025-11-09 16:00:00,319.548859
2025-11-09 16:15:00,332.506226
2025-11-09 16:30:00,350.945618
2025-11-09 16:45:00,380.503082
2025-11-09 17:00:00,416.022461
2025-11-09 17:15:00,408.080566
2025-11-09 17:30:00,413.933167
2025-11-09 17:45:00,434.880035
2025-11-09 18:00:00,441.191864
2025-11-09 18:15:00,393.411987
2025-11-09 18:30:00,357.355438
2025-11-09 18:45:00,357.363495
2025-11-09 19:00:00,337.847687
2025-11-09 19:15:00,338.189117
2025-11-09 19:30:00,336.338226
2025-11-09 19:45:00,332.794067
2025-11-09 20:00:00,331.030548
2025-11-09 20:15:00,320.178497
2025-11-09 20:30:00,320.32373
2025-11-09 20:45:00,319.064758
2025-11-09 21:00:00,332.589661
2025-11-09 21:15:00,336.325348
2025-11-09 21:30:00,330.208771
2025-11-09 21:45:00,330.607422
2025-11-09 22:00:00,330.160858
2025-11-09 22:15:00,321.869904
2025-11-09 22:30:00,320.0
2025-11-09 22:45:00,317.999939
2025-11-09 23:00:00,319.999939
2025-11-09 23:15:00,318.000031
2025-11-09 23:30:00,316.999908
2025-11-09 23:45:00,317.999908
2025-11-10 00:00:00,326.840057
2025-11-10 00:15:00,329.35025
2025-11-10 00:30:00,317.000061
2025-11-10 00:45:00,308.698303
2025-11-10 01:00:00,314.999969
2025-11-10 01:15:00,313.999878
2025-11-10 01:30:00,308.514008
2025-11-10 01:45:00,310.754211
2025-11-10 02:00:00,310.728302
2025-11-10 02:15:00,300.000061
2025-11-10 02:30:00,297.000061
2025-11-10 02:45:00,295.999878
2025-11-10 03:00:00,293.000061
2025-11-10 03:15:00,289.999939
2025-11-10 03:30:00,290.000092
2025-11-10 03:45:00,290.000122
2025-11-10 04:00:00,269.999756
2025-11-10 04:15:00,269.999969
2025-11-10 04:30:00,292.000031
2025-11-10 04:45:00,293.999969
2025-11-10 05:00:00,296.999878
2025-11-10 05:15:00,300.000092
2025-11-10 05:30:00,300.000092
2025-11-10 05:45:00,310.000153
2025-11-10 06:00:00,314.000336
2025-11-10 06:15:00,313.999878
2025-11-10 06:30:00,312.180664
2025-11-10 06:45:00,310.667175
2025-11-10 07:00:00,314.724396
2025-11-10 07:15:00,317.088989
2025-11-10 07:30:00,314.887146
2025-11-10 07:45:00,310.399292
2025-11-10 08:00:00,315.683594
2025-11-10 08:15:00,314.875244
2025-11-10 08:30:00,316.527008
2025-11-10 08:45:00,315.470367
2025-11-10 09:00:00,316.428162
2025-11-10 09:15:00,316.312775
2025-11-10 09:30:00,316.284332
2025-11-10 09:45:00,315.277557
2025-11-10 10:00:00,316.198517
2025-11-10 10:15:00,319.068024
2025-11-10 10:30:00,333.035736
2025-11-10 10:45:00,318.502808
2025-11-10 11:00:00,321.347015
2025-11-10 11:15:00,321.817444
2025-11-10 11:30:00,321.425476
2025-11-10 11:45:00,330.78598
2025-11-10 12:00:00,335.034302
2025-11-10 12:15:00,346.755127
2025-11-10 12:30:00,344.414856
2025-11-10 12:45:00,323.15921
2025-11-10 13:00:00,321.361755
2025-11-10 13:15:00,320.299866
2025-11-10 13:30:00,332.46051
2025-11-10 13:45:00,330.486053
2025-11-10 14:00:00,320.298645
2025-11-10 14:15:00,320.298767
2025-11-10 14:30:00,320.22821
2025-11-10 14:45:00,331.152374
2025-11-10 15:00:00,331.529419
2025-11-10 15:15:00,320.24411
2025-11-10 15:30:00,320.243988
2025-11-10 15:45:00,321.088135
2025-11-10 16:00:00,332.999817
2025-11-10 16:15:00,338.135986
2025-11-10 16:30:00,340.0
2025-11-10 16:45:00,336.635773
2025-11-10 17:00:00,340.687347
2025-11-10 17:15:00,335.723602
2025-11-10 17:30:00,439.586365
2025-11-10 17:45:00,364.109406
2025-11-10 18:00:00,349.128906
2025-11-10 18:15:00,341.582001
2025-11-10 18:30:00,335.841125
2025-11-10 18:45:00,339.266205
2025-11-10 19:00:00,314.890137
2025-11-10 19:15:00,330.08905
2025-11-10 19:30:00,321.069702
2025-11-10 19:45:00,312.670013
2025-11-10 20:00:00,308.659851
2025-11-10 20:15:00,307.231506
2025-11-10 20:30:00,304.925385
2025-11-10 20:45:00,302.316986
2025-11-10 21:00:00,314.256378
2025-11-10 21:15:00,319.639282
2025-11-10 21:30:00,316.849213
2025-11-10 21:45:00,315.899384
2025-11-10 22:00:00,318.000031
2025-11-10 22:15:00,317.999969
2025-11-10 22:30:00,317.999817
2025-11-10 22:45:00,317.000092
2025-11-10 23:00:00,317.999969
2025-11-10 23:15:00,317.999969
2025-11-10 23:30:00,314.0
2025-11-10 23:45:00,316.999939
2025-11-11 00:00:00,297.246735
2025-11-11 00:15:00,299.061584
2025-11-11 00:30:00,300.312714
2025-11-11 00:45:00,295.000183
2025-11-11 01:00:00,296.000122
2025-11-11 01:15:00,295.999939
2025-11-11 01:30:00,300.000061
2025-11-11 01:45:00,310.000031
2025-11-11 02:00:00,314.000092
2025-11-11 02:15:00,314.999908
2025-11-11 02:30:00,314.999969
2025-11-11 02:45:00,312.000122
2025-11-11 03:00:00,314.000061
2025-11-11 03:15:00,300.000031
2025-11-11 03:30:00,299.999939
2025-11-11 03:45:00,297.999908
2025-11-11 04:00:00,297.999878
2025-11-11 04:15:00,294.000122
2025-11-11 04:30:00,297.999725
2025-11-11 04:45:00,300.0
2025-11-11 05:00:00,314.0
2025-11-11 05:15:00,314.000031
2025-11-11 05:30:00,315.999969
2025-11-11 05:45:00,316.000153
2025-11-11 06:00:00,316.999847
2025-11-11 06:15:00,317.000153
2025-11-11 06:30:00,318.000183
2025-11-11 06:45:00,320.000153
2025-11-11 07:00:00,320.0
2025-11-11 07:15:00,319.999847
2025-11-11 07:30:00,317.999878
2025-11-11 07:45:00,317.000092
2025-11-11 08:00:00,316.999573
2025-11-11 08:15:00,298.000122
2025-11-11 08:30:00,251.07312
2025-11-11 08:45:00,151.219604
2025-11-11 09:00:00,3.213782
2025-11-11 09:15:00,3.469954
2025-11-11 09:30:00,3.252141
2025-11-11 09:45:00,3.842885
2025-11-11 10:00:00,3.8519
2025-11-11 10:15:00,4.05723
2025-11-11 10:30:00,4.527106
2025-11-11 10:45:00,4.697742
2025-11-11 11:00:00,4.738146
2025-11-11 11:15:00,4.696753
2025-11-11 11:30:00,4.272671
2025-11-11 11:45:00,4.382393
2025-11-11 12:00:00,4.415023
2025-11-11 12:15:00,4.751943
2025-11-11 12:30:00,4.96855
2025-11-11 12:45:00,5.079499
2025-11-11 13:00:00,5.149013
2025-11-11 13:15:00,5.252474
2025-11-11 13:30:00,5.219212
2025-11-11 13:45:00,5.239102
2025-11-11 14:00:00,5.27934
2025-11-11 14:15:00,82.605202
2025-11-11 14:30:00,87.352921
2025-11-11 14:45:00,165.126465
2025-11-11 15:00:00,206.552368
2025-11-11 15:15:00,281.79071
2025-11-11 15:30:00,330.515869
2025-11-11 15:45:00,336.084625
2025-11-11 16:00:00,341.93335
2025-11-11 16:15:00,367.856628
2025-11-11 16:30:00,404.786102
2025-11-11 16:45:00,397.053406
2025-11-11 17:00:00,476.500061
2025-11-11 17:15:00,476.499664
2025-11-11 17:30:00,522.44989
2025-11-11 17:45:00,453.999939
2025-11-11 18:00:00,456.80014
2025-11-11 18:15:00,447.999939
2025-11-11 18:30:00,409.719238
2025-11-11 18:45:00,379.999878
2025-11-11 19:00:00,357.267029
2025-11-11 19:15:00,340.943115
2025-11-11 19:30:00,322.45871
2025-11-11 19:45:00,322.399994
2025-11-11 20:00:00,320.617523
2025-11-11 20:15:00,320.535797
2025-11-11 20:30:00,318.788391
2025-11-11 20:45:00,316.70816
2025-11-11 21:00:00,318.63858
2025-11-11 21:15:00,298.301147
2025-11-11 21:30:00,297.790741
2025-11-11 21:45:00,271.377808
2025-11-11 22:00:00,233.109589
2025-11-11 22:15:00,233.062927
2025-11-11 22:30:00,252.1651
2025-11-11 22:45:00,152.554443
2025-11-11 23:00:00,150.500931
2025-11-11 23:15:00,152.340668
2025-11-11 23:30:00,147.999924
2025-11-11 23:45:00,145.999985
2025-11-12 00:00:00,316.353424
2025-11-12 00:15:00,314.414154
2025-11-12 00:30:00,313.169281
2025-11-12 00:45:00,314.104858
2025-11-12 01:00:00,312.822601
2025-11-12 01:15:00,312.115448
2025-11-12 01:30:00,307.316681
2025-11-12 01:45:00,314.000061
2025-11-12 02:00:00,311.053375
2025-11-12 02:15:00,310.087799
2025-11-12 02:30:00,310.000061
2025-11-12 02:45:00,300.0
2025-11-12 03:00:00,300.0
2025-11-12 03:15:00,310.000061
2025-11-12 03:30:00,300.000061
2025-11-12 03:45:00,300.000061
2025-11-12 04:00:00,313.999939
2025-11-12 04:15:00,313.999969
2025-11-12 04:30:00,315.699982
2025-11-12 04:45:00,315.700104
2025-11-12 05:00:00,318.000092
2025-11-12 05:15:00,317.999908
2025-11-12 05:30:00,319.999939
2025-11-12 05:45:00,320.000122
2025-11-12 06:00:00,319.999786
2025-11-12 06:15:00,333.999969
2025-11-12 06:30:00,340.000031
2025-11-12 06:45:00,377.630066
2025-11-12 07:00:00,476.330719
2025-11-12 07:15:00,464.783051
2025-11-12 07:30:00,340.000061
2025-11-12 07:45:00,320.000122
2025-11-12 08:00:00,339.999695
2025-11-12 08:15:00,340.0
2025-11-12 08:30:00,379.924194
2025-11-12 08:45:00,459.588837
2025-11-12 09:00:00,348.736328
2025-11-12 09:15:00,335.446777
2025-11-12 09:30:00,328.705414
2025-11-12 09:45:00,355.76532
2025-11-12 10:00:00,332.459473
2025-11-12 10:15:00,368.425507
2025-11-12 10:30:00,368.77652
2025-11-12 10:45:00,384.113373
2025-11-12 11:00:00,425.502991
2025-11-12 11:15:00,337.329681
2025-11-12 11:30:00,310.851044
2025-11-12 11:45:00,310.33844
2025-11-12 12:00:00,308.563354
2025-11-12 12:15:00,308.576813
2025-11-12 12:30:00,308.920959
2025-11-12 12:45:00,307.415039
2025-11-12 13:00:00,307.149475
2025-11-12 13:15:00,305.125214
2025-11-12 13:30:00,305.898315
2025-11-12 13:45:00,303.397064
2025-11-12 14:00:00,303.362183
2025-11-12 14:15:00,304.595032
2025-11-12 14:30:00,313.453552
2025-11-12 14:45:00,337.052399
2025-11-12 15:00:00,475.750641
2025-11-12 15:15:00,472.152039
2025-11-12 15:30:00,602.626038
2025-11-12 15:45:00,884.577454
2025-11-12 16:00:00,991.05365
2025-11-12 16:15:00,986.930969
2025-11-12 16:30:00,986.768127
2025-11-12 16:45:00,951.814758
2025-11-12 17:00:00,984.874084
2025-11-12 17:15:00,969.377808
2025-11-12 17:30:00,969.668823
2025-11-12 17:45:00,950.033569
2025-11-12 18:00:00,899.978943
2025-11-12 18:15:00,799.770325
2025-11-12 18:30:00,738.747131
2025-11-12 18:45:00,486.858398
2025-11-12 19:00:00,484.40802
2025-11-12 19:15:00,481.526917
2025-11-12 19:30:00,455.516205
2025-11-12 19:45:00,455.562897
2025-11-12 20:00:00,629.670288
2025-11-12 20:15:00,750.805908
2025-11-12 20:30:00,541.340393
2025-11-12 20:45:00,439.88736
2025-11-12 21:00:00,379.921173
2025-11-12 21:15:00,412.987732
2025-11-12 21:30:00,371.076782
2025-11-12 21:45:00,436.022064
2025-11-12 22:00:00,329.60611
2025-11-12 22:15:00,355.917786
2025-11-12 22:30:00,317.36084
2025-11-12 22:45:00,317.227997
2025-11-12 23:00:00,316.431549
2025-11-12 23:15:00,318.000153
2025-11-12 23:30:00,318.000122
2025-11-12 23:45:00,317.301086
2025-11-13 00:00:00,356.692688
2025-11-13 00:15:00,516.976013
2025-11-13 00:30:00,358.600159
2025-11-13 00:45:00,436.579193
2025-11-13 01:00:00,338.541504
2025-11-13 01:15:00,334.14621
2025-11-13 01:30:00,314.47168
2025-11-13 01:45:00,317.477966
2025-11-13 02:00:00,316.867371
2025-11-13 02:15:00,316.920807
2025-11-13 02:30:00,317.15976
2025-11-13 02:45:00,317.827881
2025-11-13 03:00:00,315.743561
2025-11-13 03:15:00,315.698395
2025-11-13 03:30:00,315.012482
2025-11-13 03:45:00,315.09021
2025-11-13 04:00:00,315.052612
2025-11-13 04:15:00,317.067688
2025-11-13 04:30:00,317.133087
2025-11-13 04:45:00,317.061707
2025-11-13 05:00:00,358.394501
2025-11-13 05:15:00,445.985931
2025-11-13 05:30:00,483.613373
2025-11-13 05:45:00,560.835571
2025-11-13 06:00:00,622.021606
2025-11-13 06:15:00,748.823181
2025-11-13 06:30:00,985.046814
2025-11-13 06:45:00,986.734558
2025-11-13 07:00:00,986.847717
2025-11-13 07:15:00,986.422546
2025-11-13 07:30:00,949.561218
2025-11-13 07:45:00,706.831238
2025-11-13 08:00:00,633.999451
2025-11-13 08:15:00,338.671356
2025-11-13 08:30:00,314.410095
2025-11-13 08:45:00,145.575882
2025-11-13 09:00:00,6.948184
2025-11-13 09:15:00,3.456502
2025-11-13 09:30:00,0.0
2025-11-13 09:45:00,3.622987
2025-11-13 10:00:00,4.119807
2025-11-13 10:15:00,4.562636
2025-11-13 10:30:00,4.099423
2025-11-13 10:45:00,4.447091
2025-11-13 11:00:00,3.795102
2025-11-13 11:15:00,5.719516
2025-11-13 11:30:00,4.93261
2025-11-13 11:45:00,6.301265
2025-11-13 12:00:00,10.558112
2025-11-13 12:15:00,10.976488
2025-11-13 12:30:00,9.575275
2025-11-13 12:45:00,11.578327
2025-11-13 13:00:00,12.394745
2025-11-13 13:15:00,5.463702
2025-11-13 13:30:00,11.437576
2025-11-13 13:45:00,11.853658
2025-11-13 14:00:00,12.015672
2025-11-13 14:15:00,4.987131
2025-11-13 14:30:00,6.182029
2025-11-13 14:45:00,5.969704
2025-11-13 15:00:00,9.185626
2025-11-13 15:15:00,155.252396
2025-11-13 15:30:00,314.297424
2025-11-13 15:45:00,320.23999
2025-11-13 16:00:00,657.864014
2025-11-13 16:15:00,975.328064
2025-11-13 16:30:00,980.240173
2025-11-13 16:45:00,985.555847
2025-11-13 17:00:00,985.514893
2025-11-13 17:15:00,985.704224
2025-11-13 17:30:00,985.614441
2025-11-13 17:45:00,984.867676
2025-11-13 18:00:00,983.349731
2025-11-13 18:15:00,948.507751
2025-11-13 18:30:00,948.12323
2025-11-13 18:45:00,948.142029
2025-11-13 19:00:00,948.502502
2025-11-13 19:15:00,948.475403
2025-11-13 19:30:00,949.102539
2025-11-13 19:45:00,933.090393
2025-11-13 20:00:00,948.833313
2025-11-13 20:15:00,948.811096
2025-11-13 20:30:00,898.202026
2025-11-13 20:45:00,896.52655
2025-11-13 21:00:00,899.438904
2025-11-13 21:15:00,898.390991
2025-11-13 21:30:00,899.517334
2025-11-13 21:45:00,878.669678
2025-11-13 22:00:00,731.581421
2025-11-13 22:15:00,649.415222
2025-11-13 22:30:00,599.802673
2025-11-13 22:45:00,538.625854
2025-11-13 23:00:00,593.160339
2025-11-13 23:15:00,502.919067
2025-11-13 23:30:00,374.913055
2025-11-13 23:45:00,357.214447
2025-11-14 00:00:00,335.13504
2025-11-14 00:15:00,337.119995
2025-11-14 00:30:00,337.051849
2025-11-14 00:45:00,335.068665
2025-11-14 01:00:00,334.735535
2025-11-14 01:15:00,336.107971
2025-11-14 01:30:00,334.373657
2025-11-14 01:45:00,334.970551
2025-11-14 02:00:00,335.070435
2025-11-14 02:15:00,337.131378
2025-11-14 02:30:00,335.092529
2025-11-14 02:45:00,335.075836
2025-11-14 03:00:00,335.073975
2025-11-14 03:15:00,334.049591
2025-11-14 03:30:00,335.086121
2025-11-14 03:45:00,335.098419
2025-11-14 04:00:00,335.084717
2025-11-14 04:15:00,335.101166
2025-11-14 04:30:00,335.096893
2025-11-14 04:45:00,335.118469
2025-11-14 05:00:00,335.119751
2025-11-14 05:15:00,335.099884
2025-11-14 05:30:00,337.037842
2025-11-14 05:45:00,337.041962
2025-11-14 06:00:00,356.369659
2025-11-14 06:15:00,384.099731
2025-11-14 06:30:00,516.219666
2025-11-14 06:45:00,524.612061
2025-11-14 07:00:00,813.101807
2025-11-14 07:15:00,681.777832
2025-11-14 07:30:00,356.051361
2025-11-14 07:45:00,332.416107
2025-11-14 08:00:00,334.418701
2025-11-14 08:15:00,318.000183
2025-11-14 08:30:00,311.999939
2025-11-14 08:45:00,286.757965
2025-11-14 09:00:00,27.278772
2025-11-14 09:15:00,0.0
2025-11-14 09:30:00,4.609199
2025-11-14 09:45:00,8.139397
2025-11-14 10:00:00,8.358536
2025-11-14 10:15:00,6.843973
2025-11-14 10:30:00,9.43994
2025-11-14 10:45:00,9.097618
2025-11-14 11:00:00,8.510421
2025-11-14 11:15:00,9.104327
2025-11-14 11:30:00,4.655006
2025-11-14 11:45:00,4.292906
2025-11-14 12:00:00,5.600281
2025-11-14 12:15:00,9.413889
2025-11-14 12:30:00,9.012508
2025-11-14 12:45:00,11.634152
2025-11-14 13:00:00,13.892791
2025-11-14 13:15:00,17.434925
2025-11-14 13:30:00,18.607986
2025-11-14 13:45:00,18.136347
2025-11-14 14:00:00,17.847052
2025-11-14 14:15:00,16.646433
2025-11-14 14:30:00,18.190329
2025-11-14 14:45:00,286.503693
2025-11-14 15:00:00,307.721588
2025-11-14 15:15:00,314.718842
2025-11-14 15:30:00,333.145355
2025-11-14 15:45:00,341.063507
2025-11-14 16:00:00,372.62207
2025-11-14 16:15:00,671.755554
2025-11-14 16:30:00,734.101318
2025-11-14 16:45:00,672.562317
2025-11-14 17:00:00,685.088135
2025-11-14 17:15:00,684.22522
2025-11-14 17:30:00,684.301575
2025-11-14 17:45:00,539.04895
2025-11-14 18:00:00,394.262817
2025-11-14 18:15:00,360.554138
2025-11-14 18:30:00,345.087982
2025-11-14 18:45:00,354.85257
2025-11-14 19:00:00,539.013489
2025-11-14 19:15:00,535.875793
2025-11-14 19:30:00,476.425659
2025-11-14 19:45:00,364.79599
2025-11-14 20:00:00,401.080017
2025-11-14 20:15:00,393.776367
2025-11-14 20:30:00,393.729797
2025-11-14 20:45:00,371.513977
2025-11-14 21:00:00,361.877411
2025-11-14 21:15:00,373.416229
2025-11-14 21:30:00,361.880371
2025-11-14 21:45:00,361.899689
2025-11-14 22:00:00,340.845886
2025-11-14 22:15:00,340.836548
2025-11-14 22:30:00,340.848969
2025-11-14 22:45:00,342.724976
2025-11-14 23:00:00,352.29364
2025-11-14 23:15:00,333.065125
2025-11-14 23:30:00,327.257507
2025-11-14 23:45:00,322.413055
2025-11-15 00:00:00,405.312927
2025-11-15 00:15:00,448.556
2025-11-15 00:30:00,405.40744
2025-11-15 00:45:00,388.57431
2025-11-15 01:00:00,361.365021
2025-11-15 01:15:00,351.264221
2025-11-15 01:30:00,336.542419
2025-11-15 01:45:00,336.544067
2025-11-15 02:00:00,336.676819
2025-11-15 02:15:00,336.664063
2025-11-15 02:30:00,334.840607
2025-11-15 02:45:00,332.892334
2025-11-15 03:00:00,335.02832
2025-11-15 03:15:00,332.162476
2025-11-15 03:30:00,331.378937
2025-11-15 03:45:00,327.04895
2025-11-15 04:00:00,332.916046
2025-11-15 04:15:00,332.921234
2025-11-15 04:30:00,333.213165
2025-11-15 04:45:00,335.201355
2025-11-15 05:00:00,337.095581
2025-11-15 05:15:00,346.839722
2025-11-15 05:30:00,346.801086
2025-11-15 05:45:00,375.841644
2025-11-15 06:00:00,402.528015
2025-11-15 06:15:00,454.514191
2025-11-15 06:30:00,536.232666
2025-11-15 06:45:00,533.222046
2025-11-15 07:00:00,598.129639
2025-11-15 07:15:00,500.344116
2025-11-15 07:30:00,340.868195
2025-11-15 07:45:00,338.380157
2025-11-15 08:00:00,337.721436
2025-11-15 08:15:00,318.635223
2025-11-15 08:30:00,294.045074
2025-11-15 08:45:00,130.41301
2025-11-15 09:00:00,0.8304
2025-11-15 09:15:00,0.0
2025-11-15 09:30:00,0.0
2025-11-15 09:45:00,0.224807
2025-11-15 10:00:00,0.211426
2025-11-15 10:15:00,0.428542
2025-11-15 10:30:00,0.236813
2025-11-15 10:45:00,0.0
2025-11-15 11:00:00,0.230756
2025-11-15 11:15:00,0.250112
2025-11-15 11:30:00,0.0
2025-11-15 11:45:00,0.278743
2025-11-15 12:00:00,0.0
2025-11-15 12:15:00,0.251917
2025-11-15 12:30:00,3.720291
2025-11-15 12:45:00,5.055469
2025-11-15 13:00:00,5.451644
2025-11-15 13:15:00,5.459961
2025-11-15 13:30:00,12.334194
2025-11-15 13:45:00,5.592839
2025-11-15 14:00:00,11.086827
2025-11-15 14:15:00,5.059256
2025-11-15 14:30:00,4.318105
2025-11-15 14:45:00,32.574093
2025-11-15 15:00:00,151.768921
2025-11-15 15:15:00,291.050598
2025-11-15 15:30:00,312.856873
2025-11-15 15:45:00,319.522552
2025-11-15 16:00:00,342.66394
2025-11-15 16:15:00,451.267761
2025-11-15 16:30:00,494.056732
2025-11-15 16:45:00,591.998535
2025-11-15 17:00:00,825.840942
2025-11-15 17:15:00,747.981628
2025-11-15 17:30:00,858.276428
2025-11-15 17:45:00,846.287598
2025-11-15 18:00:00,846.398621
2025-11-15 18:15:00,744.897278
2025-11-15 18:30:00,745.004517
2025-11-15 18:45:00,834.971863
2025-11-15 19:00:00,934.07251
2025-11-15 19:15:00,855.114014
2025-11-15 19:30:00,855.425415
2025-11-15 19:45:00,680.673767
2025-11-15 20:00:00,606.369141
2025-11-15 20:15:00,593.320251
2025-11-15 20:30:00,600.312317
2025-11-15 20:45:00,443.03363
2025-11-15 21:00:00,438.096588
2025-11-15 21:15:00,442.741333
2025-11-15 21:30:00,352.781525
2025-11-15 21:45:00,357.173767
2025-11-15 22:00:00,341.16861
2025-11-15 22:15:00,343.832916
2025-11-15 22:30:00,336.332245
2025-11-15 22:45:00,334.335815
2025-11-15 23:00:00,336.321838
2025-11-15 23:15:00,331.391785
2025-11-15 23:30:00,325.074799
2025-11-15 23:45:00,330.642151
2025-11-16 00:00:00,337.301605
2025-11-16 00:15:00,347.492401
2025-11-16 00:30:00,353.362
2025-11-16 00:45:00,347.67395
2025-11-16 01:00:00,337.638519
2025-11-16 01:15:00,335.603912
2025-11-16 01:30:00,331.071777
2025-11-16 01:45:00,317.730042
2025-11-16 02:00:00,313.209808
2025-11-16 02:15:00,315.736786
2025-11-16 02:30:00,312.485352
2025-11-16 02:45:00,312.444916
2025-11-16 03:00:00,312.445862
2025-11-16 03:15:00,311.446808
2025-11-16 03:30:00,311.253479
2025-11-16 03:45:00,311.429169
2025-11-16 04:00:00,311.298523
2025-11-16 04:15:00,312.342285
2025-11-16 04:30:00,312.480621
2025-11-16 04:45:00,312.498138
2025-11-16 05:00:00,313.295898
2025-11-16 05:15:00,317.803101
2025-11-16 05:30:00,332.732941
2025-11-16 05:45:00,332.734497
2025-11-16 06:00:00,337.746918
2025-11-16 06:15:00,344.791901
2025-11-16 06:30:00,355.828766
2025-11-16 06:45:00,377.857147
2025-11-16 07:00:00,394.908905
2025-11-16 07:15:00,385.857208
2025-11-16 07:30:00,335.68515
2025-11-16 07:45:00,333.343689
2025-11-16 08:00:00,315.596924
2025-11-16 08:15:00,297.563171
2025-11-16 08:30:00,135.409897
2025-11-16 08:45:00,1.020311
2025-11-16 09:00:00,1.107924
2025-11-16 09:15:00,1.325487
2025-11-16 09:30:00,1.490896
2025-11-16 09:45:00,1.618157
2025-11-16 10:00:00,1.797123
2025-11-16 10:15:00,0.0
2025-11-16 10:30:00,0.0
2025-11-16 10:45:00,1.519263
2025-11-16 11:00:00,1.649551
2025-11-16 11:15:00,0.0
2025-11-16 11:30:00,1.789313
2025-11-16 11:45:00,0.0
2025-11-16 12:00:00,1.767522
2025-11-16 12:15:00,0.0
2025-11-16 12:30:00,1.778018
2025-11-16 12:45:00,1.716907
2025-11-16 13:00:00,6.541734
2025-11-16 13:15:00,6.32611
2025-11-16 13:30:00,7.06762
2025-11-16 13:45:00,4.414403
2025-11-16 14:00:00,4.570821
2025-11-16 14:15:00,5.452991
2025-11-16 14:30:00,5.285342
2025-11-16 14:45:00,22.871714
2025-11-16 15:00:00,148.458908
2025-11-16 15:15:00,308.491852
2025-11-16 15:30:00,325.71875
2025-11-16 15:45:00,318.602234
2025-11-16 16:00:00,345.219757
2025-11-16 16:15:00,604.653076
2025-11-16 16:30:00,896.84137
2025-11-16 16:45:00,693.450928
2025-11-16 17:00:00,947.41687
2025-11-16 17:15:00,925.129639
2025-11-16 17:30:00,917.239868
2025-11-16 17:45:00,985.452087
2025-11-16 18:00:00,868.013611
2025-11-16 18:15:00,703.878296
2025-11-16 18:30:00,745.58252
2025-11-16 18:45:00,603.105408
2025-11-16 19:00:00,983.295776
2025-11-16 19:15:00,752.56958
2025-11-16 19:30:00,703.072266
2025-11-16 19:45:00,484.049286
2025-11-16 20:00:00,456.154419
2025-11-16 20:15:00,385.292084
2025-11-16 20:30:00,385.272705
2025-11-16 20:45:00,385.442017
2025-11-16 21:00:00,306.962738
2025-11-16 21:15:00,316.779755
2025-11-16 21:30:00,306.020264
2025-11-16 21:45:00,288.269196
2025-11-16 22:00:00,221.594864
2025-11-16 22:15:00,150.523407
2025-11-16 22:30:00,135.482986
2025-11-16 22:45:00,75.313637
2025-11-16 23:00:00,115.587311
2025-11-16 23:15:00,55.100704
2025-11-16 23:30:00,16.92313
2025-11-16 23:45:00,16.940681
2025-11-17 00:00:00,126.962379
2025-11-17 00:15:00,127.152184
2025-11-17 00:30:00,143.574722
2025-11-17 00:45:00,143.979202
2025-11-17 01:00:00,128.931885
2025-11-17 01:15:00,134.278412
2025-11-17 01:30:00,73.027077
2025-11-17 01:45:00,72.950623
2025-11-17 02:00:00,128.147812
2025-11-17 02:15:00,128.688919
2025-11-17 02:30:00,73.446915
2025-11-17 02:45:00,75.256462
2025-11-17 03:00:00,75.090752
2025-11-17 03:15:00,72.287643
2025-11-17 03:30:00,55.492935
2025-11-17 03:45:00,75.448059
2025-11-17 04:00:00,35.728474
2025-11-17 04:15:00,19.445375
2025-11-17 04:30:00,3.067261
2025-11-17 04:45:00,3.012717
2025-11-17 05:00:00,2.950311
2025-11-17 05:15:00,18.338181
2025-11-17 05:30:00,2.978835
2025-11-17 05:45:00,3.039445
2025-11-17 06:00:00,19.162319
2025-11-17 06:15:00,19.314529
2025-11-17 06:30:00,57.103249
2025-11-17 06:45:00,77.498474
2025-11-17 07:00:00,135.34198
2025-11-17 07:15:00,151.510208
2025-11-17 07:30:00,154.469894
2025-11-17 07:45:00,308.241669
2025-11-17 08:00:00,311.472931
2025-11-17 08:15:00,322.600098
2025-11-17 08:30:00,312.881317
2025-11-17 08:45:00,332.010468
2025-11-17 09:00:00,352.723053
2025-11-17 09:15:00,352.689453
2025-11-17 09:30:00,381.756714
2025-11-17 09:45:00,413.899811
2025-11-17 10:00:00,446.829865
2025-11-17 10:15:00,480.55426
2025-11-17 10:30:00,530.977173
2025-11-17 10:45:00,686.794739
2025-11-17 11:00:00,556.831543
2025-11-17 11:15:00,540.455933
2025-11-17 11:30:00,556.211975
2025-11-17 11:45:00,403.577057
2025-11-17 12:00:00,605.660706
2025-11-17 12:15:00,685.669678
2025-11-17 12:30:00,547.740967
2025-11-17 12:45:00,586.999146
2025-11-17 13:00:00,755.904297
2025-11-17 13:15:00,746.649353
2025-11-17 13:30:00,547.351013
2025-11-17 13:45:00,535.098083
2025-11-17 14:00:00,445.549225
2025-11-17 14:15:00,464.607849
2025-11-17 14:30:00,438.252747
2025-11-17 14:45:00,394.730164
2025-11-17 15:00:00,540.489563
2025-11-17 15:15:00,719.483521
2025-11-17 15:30:00,766.400208
2025-11-17 15:45:00,602.456299
2025-11-17 16:00:00,397.784668
2025-11-17 16:15:00,450.566803
2025-11-17 16:30:00,381.857574
2025-11-17 16:45:00,352.167419
2025-11-17 17:00:00,355.796326
2025-11-17 17:15:00,354.099945
2025-11-17 17:30:00,352.178223
2025-11-17 17:45:00,358.748718
2025-11-17 18:00:00,348.478149
2025-11-17 18:15:00,338.290955
2025-11-17 18:30:00,336.565094
2025-11-17 18:45:00,330.442505
2025-11-17 19:00:00,327.129028
2025-11-17 19:15:00,321.076874
2025-11-17 19:30:00,321.103058
2025-11-17 19:45:00,319.973907
2025-11-17 20:00:00,322.851349
2025-11-17 20:15:00,329.541321
2025-11-17 20:30:00,328.452698
2025-11-17 20:45:00,321.924225
2025-11-17 21:00:00,322.20578
2025-11-17 21:15:00,322.268982
2025-11-17 21:30:00,320.340302
2025-11-17 21:45:00,319.328308
2025-11-17 22:00:00,321.073639
2025-11-17 22:15:00,321.020905
2025-11-17 22:30:00,320.368347
2025-11-17 22:45:00,320.000122
2025-11-17 23:00:00,318.000031
2025-11-17 23:15:00,318.000092
2025-11-17 23:30:00,319.061066
2025-11-17 23:45:00,313.999969
2025-11-18 00:00:00,316.136993
2025-11-18 00:15:00,319.657867
2025-11-18 00:30:00,320.666046
2025-11-18 00:45:00,320.67038
2025-11-18 01:00:00,318.214935
2025-11-18 01:15:00,315.966461
2025-11-18 01:30:00,314.000122
2025-11-18 01:45:00,314.000061
2025-11-18 02:00:00,309.999969
2025-11-18 02:15:00,310.000031
2025-11-18 02:30:00,300.000031
2025-11-18 02:45:00,294.789795
2025-11-18 03:00:00,293.000061
2025-11-18 03:15:00,298.000153
2025-11-18 03:30:00,283.761688
2025-11-18 03:45:00,290.093048
2025-11-18 04:00:00,283.550995
2025-11-18 04:15:00,284.29538
2025-11-18 04:30:00,286.762726
2025-11-18 04:45:00,292.825287
2025-11-18 05:00:00,300.874451
2025-11-18 05:15:00,304.187256
2025-11-18 05:30:00,314.312744
2025-11-18 05:45:00,314.317566
2025-11-18 06:00:00,309.671844
2025-11-18 06:15:00,315.248627
2025-11-18 06:30:00,329.415802
2025-11-18 06:45:00,332.767792
2025-11-18 07:00:00,335.61792
2025-11-18 07:15:00,335.438751
2025-11-18 07:30:00,314.841888
2025-11-18 07:45:00,315.079559
2025-11-18 08:00:00,318.965912
2025-11-18 08:15:00,315.863312
2025-11-18 08:30:00,319.181366
2025-11-18 08:45:00,309.99469
2025-11-18 09:00:00,311.655243
2025-11-18 09:15:00,306.695709
2025-11-18 09:30:00,301.772491
2025-11-18 09:45:00,308.96701
2025-11-18 10:00:00,310.828125
2025-11-18 10:15:00,306.004883
2025-11-18 10:30:00,297.748016
2025-11-18 10:45:00,117.638199
2025-11-18 11:00:00,87.893845
2025-11-18 11:15:00,2.141488
2025-11-18 11:30:00,2.179083
2025-11-18 11:45:00,5.24039
2025-11-18 12:00:00,2.309431
2025-11-18 12:15:00,2.401224
2025-11-18 12:30:00,5.902206
2025-11-18 12:45:00,11.829026
2025-11-18 13:00:00,9.556984
2025-11-18 13:15:00,9.284764
2025-11-18 13:30:00,6.536059
2025-11-18 13:45:00,9.470149
2025-11-18 14:00:00,6.38537
2025-11-18 14:15:00,5.844961
2025-11-18 14:30:00,6.817923
2025-11-18 14:45:00,6.889563
2025-11-18 15:00:00,11.671181
2025-11-18 15:15:00,26.439972
2025-11-18 15:30:00,321.56662
2025-11-18 15:45:00,306.585968
2025-11-18 16:00:00,320.391968
2025-11-18 16:15:00,301.95636
2025-11-18 16:30:00,359.742432
2025-11-18 16:45:00,345.814789
2025-11-18 17:00:00,358.451996
2025-11-18 17:15:00,414.004944
2025-11-18 17:30:00,453.752625
2025-11-18 17:45:00,431.086884
2025-11-18 18:00:00,369.50531
2025-11-18 18:15:00,353.345703
2025-11-18 18:30:00,352.254883
2025-11-18 18:45:00,340.651215
2025-11-18 19:00:00,354.172577
2025-11-18 19:15:00,354.043884
2025-11-18 19:30:00,339.922058
2025-11-18 19:45:00,336.809296
2025-11-18 20:00:00,343.433929
2025-11-18 20:15:00,343.257843
2025-11-18 20:30:00,336.636871
2025-11-18 20:45:00,336.548492
2025-11-18 21:00:00,332.849182
2025-11-18 21:15:00,332.429596
2025-11-18 21:30:00,330.291199
2025-11-18 21:45:00,331.752716
2025-11-18 22:00:00,330.617188
2025-11-18 22:15:00,333.023285
2025-11-18 22:30:00,328.652802
2025-11-18 22:45:00,323.630035
2025-11-18 23:00:00,323.649017
2025-11-18 23:15:00,320.350464
2025-11-18 23:30:00,314.140198
2025-11-18 23:45:00,324.011627
2025-11-19 00:00:00,334.308228
2025-11-19 00:15:00,334.050049
2025-11-19 00:30:00,331.804779
2025-11-19 00:45:00,328.895294
2025-11-19 01:00:00,328.954468
2025-11-19 01:15:00,325.85907
2025-11-19 01:30:00,326.708771
2025-11-19 01:45:00,313.835663
2025-11-19 02:00:00,314.207794
2025-11-19 02:15:00,313.950012
2025-11-19 02:30:00,313.727936
2025-11-19 02:45:00,311.991272
2025-11-19 03:00:00,312.106873
2025-11-19 03:15:00,312.133057
2025-11-19 03:30:00,311.895569
2025-11-19 03:45:00,313.773499
2025-11-19 04:00:00,314.953003
2025-11-19 04:15:00,313.939423
2025-11-19 04:30:00,312.034851
2025-11-19 04:45:00,314.01889
2025-11-19 05:00:00,327.060425
2025-11-19 05:15:00,325.49826
2025-11-19 05:30:00,327.640533
2025-11-19 05:45:00,330.584839
2025-11-19 06:00:00,335.67218
2025-11-19 06:15:00,335.141968
2025-11-19 06:30:00,352.445343
2025-11-19 06:45:00,422.338837
2025-11-19 07:00:00,533.973938
2025-11-19 07:15:00,453.980194
2025-11-19 07:30:00,355.718018
2025-11-19 07:45:00,335.736481
2025-11-19 08:00:00,335.596344
2025-11-19 08:15:00,314.902405
2025-11-19 08:30:00,284.340332
2025-11-19 08:45:00,57.809963
2025-11-19 09:00:00,0.0
2025-11-19 09:15:00,1.999865
2025-11-19 09:30:00,1.210764
2025-11-19 09:45:00,0.934076
2025-11-19 10:00:00,8.17644
2025-11-19 10:15:00,7.752981
2025-11-19 10:30:00,8.821838
2025-11-19 10:45:00,6.064265
2025-11-19 11:00:00,8.865744
2025-11-19 11:15:00,4.358907
2025-11-19 11:30:00,5.341385
2025-11-19 11:45:00,5.26432
2025-11-19 12:00:00,6.435526
2025-11-19 12:15:00,6.706862
2025-11-19 12:30:00,10.177505
2025-11-19 12:45:00,9.988004
2025-11-19 13:00:00,10.954759
2025-11-19 13:15:00,8.69552
2025-11-19 13:30:00,7.699269
2025-11-19 13:45:00,9.739038
2025-11-19 14:00:00,10.03471
2025-11-19 14:15:00,10.412826
2025-11-19 14:30:00,7.216485
2025-11-19 14:45:00,10.061567
2025-11-19 15:00:00,9.448954
2025-11-19 15:15:00,179.014404
2025-11-19 15:30:00,242.050217
2025-11-19 15:45:00,299.199371
2025-11-19 16:00:00,316.719055
2025-11-19 16:15:00,330.057068
2025-11-19 16:30:00,342.213348
2025-11-19 16:45:00,355.729919
2025-11-19 17:00:00,360.103821
2025-11-19 17:15:00,386.899902
2025-11-19 17:30:00,370.058136
2025-11-19 17:45:00,359.620941
2025-11-19 18:00:00,343.936951
2025-11-19 18:15:00,345.714386
2025-11-19 18:30:00,345.790771
2025-11-19 18:45:00,347.41922
2025-11-19 19:00:00,347.498901
2025-11-19 19:15:00,347.772888
2025-11-19 19:30:00,347.639618
2025-11-19 19:45:00,338.002869
2025-11-19 20:00:00,342.000275
2025-11-19 20:15:00,347.595123
2025-11-19 20:30:00,347.671906
2025-11-19 20:45:00,347.648438
2025-11-19 21:00:00,338.19165
2025-11-19 21:15:00,338.695984
2025-11-19 21:30:00,333.50882
2025-11-19 21:45:00,330.529999
2025-11-19 22:00:00,324.219635
2025-11-19 22:15:00,330.501984
2025-11-19 22:30:00,324.573059
2025-11-19 22:45:00,314.809998
2025-11-19 23:00:00,315.142792
2025-11-19 23:15:00,315.584259
2025-11-19 23:30:00,310.277954
2025-11-19 23:45:00,314.999939
2025-11-20 00:00:00,311.734589
2025-11-20 00:15:00,314.392883
2025-11-20 00:30:00,316.095856
2025-11-20 00:45:00,313.503296
2025-11-20 01:00:00,313.187347
2025-11-20 01:15:00,311.618195
2025-11-20 01:30:00,315.417877
2025-11-20 01:45:00,314.818756
2025-11-20 02:00:00,310.117615
2025-11-20 02:15:00,318.000092
2025-11-20 02:30:00,315.476563
2025-11-20 02:45:00,313.811707
2025-11-20 03:00:00,313.05835
2025-11-20 03:15:00,311.423676
2025-11-20 03:30:00,312.322845
2025-11-20 03:45:00,311.843201
2025-11-20 04:00:00,312.301331
2025-11-20 04:15:00,306.648895
2025-11-20 04:30:00,314.880859
2025-11-20 04:45:00,311.500824
2025-11-20 05:00:00,312.506836
2025-11-20 05:15:00,314.34317
2025-11-20 05:30:00,318.000122
2025-11-20 05:45:00,320.000183
2025-11-20 06:00:00,333.617188
2025-11-20 06:15:00,342.999969
2025-11-20 06:30:00,360.000031
2025-11-20 06:45:00,400.000183
2025-11-20 07:00:00,481.000061
2025-11-20 07:15:00,430.000214
2025-11-20 07:30:00,356.250275
2025-11-20 07:45:00,335.700012
2025-11-20 08:00:00,336.000061
2025-11-20 08:15:00,320.000092
2025-11-20 08:30:00,310.000244
2025-11-20 08:45:00,149.999924
2025-11-20 09:00:00,4.723311
2025-11-20 09:15:00,3.493561
2025-11-20 09:30:00,0.0
2025-11-20 09:45:00,0.0
2025-11-20 10:00:00,0.0
2025-11-20 10:15:00,0.0
2025-11-20 10:30:00,4.460702
2025-11-20 10:45:00,6.5347
2025-11-20 11:00:00,3.76262
2025-11-20 11:15:00,3.308177
2025-11-20 11:30:00,0.0
2025-11-20 11:45:00,0.0
2025-11-20 12:00:00,0.0
2025-11-20 12:15:00,3.587477
2025-11-20 12:30:00,0.0
2025-11-20 12:45:00,4.975819
2025-11-20 13:00:00,5.249831
2025-11-20 13:15:00,4.996395
2025-11-20 13:30:00,5.082921
2025-11-20 13:45:00,4.80876
2025-11-20 14:00:00,5.035248
2025-11-20 14:15:00,3.784204
2025-11-20 14:30:00,3.831007
2025-11-20 14:45:00,0.0
2025-11-20 15:00:00,3.502344
2025-11-20 15:15:00,143.909698
2025-11-20 15:30:00,284.371948
2025-11-20 15:45:00,316.575012
2025-11-20 16:00:00,320.000153
2025-11-20 16:15:00,332.798462
2025-11-20 16:30:00,360.0
2025-11-20 16:45:00,371.969849
2025-11-20 17:00:00,392.000549
2025-11-20 17:15:00,416.519104
2025-11-20 17:30:00,424.124756
2025-11-20 17:45:00,399.221771
2025-11-20 18:00:00,379.300232
2025-11-20 18:15:00,367.442444
2025-11-20 18:30:00,361.520569
2025-11-20 18:45:00,367.432281
2025-11-20 19:00:00,372.583649
2025-11-20 19:15:00,367.542389
2025-11-20 19:30:00,385.502686
2025-11-20 19:45:00,367.648468
2025-11-20 20:00:00,385.553101
2025-11-20 20:15:00,387.552826
2025-11-20 20:30:00,387.62674
2025-11-20 20:45:00,385.599243
2025-11-20 21:00:00,394.541321
2025-11-20 21:15:00,399.529388
2025-11-20 21:30:00,387.000061
2025-11-20 21:45:00,354.394318
2025-11-20 22:00:00,347.0
2025-11-20 22:15:00,359.999908
2025-11-20 22:30:00,347.000153
2025-11-20 22:45:00,339.999817
2025-11-20 23:00:00,329.999908
2025-11-20 23:15:00,337.999939
2025-11-20 23:30:00,320.000122
2025-11-20 23:45:00,320.000092
2025-11-21 00:00:00,337.763763
2025-11-21 00:15:00,338.000061
2025-11-21 00:30:00,334.999847
2025-11-21 00:45:00,332.000031
2025-11-21 01:00:00,320.000183
2025-11-21 01:15:00,320.000153
2025-11-21 01:30:00,320.000122
2025-11-21 01:45:00,320.000061
2025-11-21 02:00:00,319.999908
2025-11-21 02:15:00,320.0
2025-11-21 02:30:00,320.0
2025-11-21 02:45:00,319.999969
2025-11-21 03:00:00,320.000183
2025-11-21 03:15:00,320.000092
2025-11-21 03:30:00,319.999847
2025-11-21 03:45:00,319.999908
2025-11-21 04:00:00,319.999969
2025-11-21 04:15:00,319.999969
2025-11-21 04:30:00,320.000122
2025-11-21 04:45:00,320.000061
2025-11-21 05:00:00,319.999847
2025-11-21 05:15:00,320.000092
2025-11-21 05:30:00,320.000153
2025-11-21 05:45:00,332.000061
2025-11-21 06:00:00,332.999878
2025-11-21 06:15:00,336.886261
2025-11-21 06:30:00,350.004517
2025-11-21 06:45:00,422.139557
2025-11-21 07:00:00,532.247498
2025-11-21 07:15:00,459.197327
2025-11-21 07:30:00,335.940704
2025-11-21 07:45:00,327.002869
2025-11-21 08:00:00,337.335632
2025-11-21 08:15:00,330.557434
2025-11-21 08:30:00,311.730286
2025-11-21 08:45:00,290.05426
2025-11-21 09:00:00,0.714038
2025-11-21 09:15:00,0.0
2025-11-21 09:30:00,0.0
2025-11-21 09:45:00,0.0
2025-11-21 10:00:00,0.0
2025-11-21 10:15:00,0.0
2025-11-21 10:30:00,3.644053
2025-11-21 10:45:00,3.561028
2025-11-21 11:00:00,3.460268
2025-11-21 11:15:00,3.776248
2025-11-21 11:30:00,0.0
2025-11-21 11:45:00,0.0
2025-11-21 12:00:00,0.0
2025-11-21 12:15:00,0.0
2025-11-21 12:30:00,3.823551
2025-11-21 12:45:00,3.92976
2025-11-21 13:00:00,4.26251
2025-11-21 13:15:00,3.733622
2025-11-21 13:30:00,6.772157
2025-11-21 13:45:00,0.0
2025-11-21 14:00:00,0.0
2025-11-21 14:15:00,0.0
2025-11-21 14:30:00,0.0
2025-11-21 14:45:00,0.0
2025-11-21 15:00:00,4.133378
2025-11-21 15:15:00,177.977188
2025-11-21 15:30:00,291.599121
2025-11-21 15:45:00,312.999878
2025-11-21 16:00:00,315.000183
2025-11-21 16:15:00,320.0
2025-11-21 16:30:00,347.212708
2025-11-21 16:45:00,368.199341
2025-11-21 17:00:00,408.237671
2025-11-21 17:15:00,439.283173
2025-11-21 17:30:00,424.812195
2025-11-21 17:45:00,359.999969
2025-11-21 18:00:00,343.000092
2025-11-21 18:15:00,342.598785
2025-11-21 18:30:00,340.462799
2025-11-21 18:45:00,365.634735
2025-11-21 19:00:00,365.118927
2025-11-21 19:15:00,364.368439
2025-11-21 19:30:00,364.036316
2025-11-21 19:45:00,340.01059
2025-11-21 20:00:00,367.552155
2025-11-21 20:15:00,367.451111
2025-11-21 20:30:00,367.475952
2025-11-21 20:45:00,367.390961
2025-11-21 21:00:00,346.315033
2025-11-21 21:15:00,346.275238
2025-11-21 21:30:00,338.384125
2025-11-21 21:45:00,338.359924
2025-11-21 22:00:00,323.531067
2025-11-21 22:15:00,336.37793
2025-11-21 22:30:00,336.135773
2025-11-21 22:45:00,325.086273
2025-11-21 23:00:00,325.281891
2025-11-21 23:15:00,320.621765
2025-11-21 23:30:00,318.000092
2025-11-21 23:45:00,318.0
2025-11-22 00:00:00,320.000031
2025-11-22 00:15:00,320.000122
2025-11-22 00:30:00,317.999939
2025-11-22 00:45:00,318.000092
2025-11-22 01:00:00,318.000031
2025-11-22 01:15:00,314.000092
2025-11-22 01:30:00,318.000214
2025-11-22 01:45:00,318.000153
2025-11-22 02:00:00,318.000183
2025-11-22 02:15:00,318.000153
2025-11-22 02:30:00,310.000092
2025-11-22 02:45:00,318.000122
2025-11-22 03:00:00,315.000183
2025-11-22 03:15:00,314.000153
2025-11-22 03:30:00,312.002686
2025-11-22 03:45:00,298.000305
2025-11-22 04:00:00,314.000153
2025-11-22 04:15:00,310.0
2025-11-22 04:30:00,314.000122
2025-11-22 04:45:00,310.0
2025-11-22 05:00:00,315.000092
2025-11-22 05:15:00,309.999939
2025-11-22 05:30:00,318.000122
2025-11-22 05:45:00,312.100067
2025-11-22 06:00:00,319.999939
2025-11-22 06:15:00,320.000061
2025-11-22 06:30:00,320.000214
2025-11-22 06:45:00,318.000183
2025-11-22 07:00:00,319.999969
2025-11-22 07:15:00,320.0
2025-11-22 07:30:00,312.099792
2025-11-22 07:45:00,310.000183
2025-11-22 08:00:00,310.000305
2025-11-22 08:15:00,290.000214
2025-11-22 08:30:00,139.999878
2025-11-22 08:45:00,0.0
2025-11-22 09:00:00,0.0
2025-11-22 09:15:00,0.0
2025-11-22 09:30:00,0.0
2025-11-22 09:45:00,0.0
2025-11-22 10:00:00,0.0
2025-11-22 10:15:00,0.0
2025-11-22 10:30:00,0.0
2025-11-22 10:45:00,0.0
2025-11-22 11:00:00,0.0
2025-11-22 11:15:00,0.0
2025-11-22 11:30:00,0.0
2025-11-22 11:45:00,0.0
2025-11-22 12:00:00,0.37178
2025-11-22 12:15:00,0.37972
2025-11-22 12:30:00,0.392829
2025-11-22 12:45:00,4.96781
2025-11-22 13:00:00,4.037939
2025-11-22 13:15:00,0.466656
2025-11-22 13:30:00,3.847616
2025-11-22 13:45:00,0.402968
2025-11-22 14:00:00,0.31108
2025-11-22 14:15:00,0.223747
2025-11-22 14:30:00,0.278888
2025-11-22 14:45:00,0.245205
2025-11-22 15:00:00,280.186951
2025-11-22 15:15:00,308.581055
2025-11-22 15:30:00,320.08374
2025-11-22 15:45:00,359.999847
2025-11-22 16:00:00,414.000153
2025-11-22 16:15:00,485.000183
2025-11-22 16:30:00,758.230042
2025-11-22 16:45:00,565.499878
2025-11-22 17:00:00,415.539795
2025-11-22 17:15:00,382.0
2025-11-22 17:30:00,415.500519
2025-11-22 17:45:00,430.000183
2025-11-22 18:00:00,373.999908
2025-11-22 18:15:00,357.099884
2025-11-22 18:30:00,356.999786
2025-11-22 18:45:00,354.000061
2025-11-22 19:00:00,351.999908
2025-11-22 19:15:00,340.000061
2025-11-22 19:30:00,340.000214
2025-11-22 19:45:00,340.000031
2025-11-22 20:00:00,349.081757
2025-11-22 20:15:00,350.648926
2025-11-22 20:30:00,351.075592
2025-11-22 20:45:00,342.504242
2025-11-22 21:00:00,348.501892
2025-11-22 21:15:00,347.497711
2025-11-22 21:30:00,333.383148
2025-11-22 21:45:00,336.327698
2025-11-22 22:00:00,318.704926
2025-11-22 22:15:00,333.642822
2025-11-22 22:30:00,320.757843
2025-11-22 22:45:00,314.999908
2025-11-22 23:00:00,318.000031
2025-11-22 23:15:00,318.000092
2025-11-22 23:30:00,314.0
2025-11-22 23:45:00,318.000031
2025-11-23 00:00:00,320.0
2025-11-23 00:15:00,332.000092
2025-11-23 00:30:00,319.756927
2025-11-23 00:45:00,319.804657
2025-11-23 01:00:00,319.510498
2025-11-23 01:15:00,317.513641
2025-11-23 01:30:00,320.000031
2025-11-23 01:45:00,320.000092
2025-11-23 02:00:00,320.000244
2025-11-23 02:15:00,315.000092
2025-11-23 02:30:00,318.000092
2025-11-23 02:45:00,318.000183
2025-11-23 03:00:00,318.000092
2025-11-23 03:15:00,318.000092
2025-11-23 03:30:00,318.000092
2025-11-23 03:45:00,314.000183
2025-11-23 04:00:00,312.100098
2025-11-23 04:15:00,314.000214
2025-11-23 04:30:00,314.000336
2025-11-23 04:45:00,313.999969
2025-11-23 05:00:00,314.000153
2025-11-23 05:15:00,314.0
2025-11-23 05:30:00,316.850281
2025-11-23 05:45:00,316.857361
2025-11-23 06:00:00,317.999878
2025-11-23 06:15:00,319.999939
2025-11-23 06:30:00,320.000275
2025-11-23 06:45:00,320.000183
2025-11-23 07:00:00,320.000122
2025-11-23 07:15:00,320.000122
2025-11-23 07:30:00,320.000183
2025-11-23 07:45:00,320.000061
2025-11-23 08:00:00,333.458588
2025-11-23 08:15:00,337.01825
2025-11-23 08:30:00,330.513702
2025-11-23 08:45:00,316.870117
2025-11-23 09:00:00,314.198853
2025-11-23 09:15:00,311.198059
2025-11-23 09:30:00,303.516602
2025-11-23 09:45:00,330.446442
2025-11-23 10:00:00,296.677277
2025-11-23 10:15:00,272.901611
2025-11-23 10:30:00,272.294312
2025-11-23 10:45:00,353.399933
2025-11-23 11:00:00,374.152618
2025-11-23 11:15:00,365.378265
2025-11-23 11:30:00,365.589325
2025-11-23 11:45:00,383.751892
2025-11-23 12:00:00,501.948639
2025-11-23 12:15:00,553.910156
2025-11-23 12:30:00,515.66571
2025-11-23 12:45:00,372.499634
2025-11-23 13:00:00,350.824982
2025-11-23 13:15:00,331.596832
2025-11-23 13:30:00,317.711151
2025-11-23 13:45:00,299.848846
2025-11-23 14:00:00,281.841949
2025-11-23 14:15:00,302.48407
2025-11-23 14:30:00,332.423218
2025-11-23 14:45:00,352.488525
2025-11-23 15:00:00,494.275543
2025-11-23 15:15:00,605.244446
2025-11-23 15:30:00,605.267944
2025-11-23 15:45:00,521.233948
2025-11-23 16:00:00,359.719666
2025-11-23 16:15:00,432.05899
2025-11-23 16:30:00,432.012115
2025-11-23 16:45:00,339.920319
2025-11-23 17:00:00,352.844238
2025-11-23 17:15:00,343.166412
2025-11-23 17:30:00,357.774536
2025-11-23 17:45:00,339.899597
2025-11-23 18:00:00,337.898529
2025-11-23 18:15:00,334.000122
2025-11-23 18:30:00,332.000092
2025-11-23 18:45:00,332.000031
2025-11-23 19:00:00,332.000183
2025-11-23 19:15:00,319.999969
2025-11-23 19:30:00,319.999939
2025-11-23 19:45:00,319.816498
2025-11-23 20:00:00,328.368042
2025-11-23 20:15:00,319.402283
2025-11-23 20:30:00,319.69278
2025-11-23 20:45:00,317.430847
2025-11-23 21:00:00,317.433258
2025-11-23 21:15:00,319.318024
2025-11-23 21:30:00,319.350311
2025-11-23 21:45:00,312.205566
2025-11-23 22:00:00,305.506866
2025-11-23 22:15:00,318.847076
2025-11-23 22:30:00,304.746887
2025-11-23 22:45:00,291.342316
2025-11-23 23:00:00,294.99762
2025-11-23 23:15:00,307.559875
2025-11-23 23:30:00,309.69165
2025-11-23 23:45:00,310.163208
2025-11-24 00:00:00,309.942871
2025-11-24 00:15:00,314.676483
2025-11-24 00:30:00,307.654053
2025-11-24 00:45:00,308.080017
2025-11-24 01:00:00,312.000031
2025-11-24 01:15:00,311.999969
2025-11-24 01:30:00,310.000122
2025-11-24 01:45:00,310.000092
2025-11-24 02:00:00,312.999939
2025-11-24 02:15:00,300.000031
2025-11-24 02:30:00,300.000092
2025-11-24 02:45:00,310.000214
2025-11-24 03:00:00,312.999878
2025-11-24 03:15:00,309.999939
2025-11-24 03:30:00,300.000031
2025-11-24 03:45:00,293.000061
2025-11-24 04:00:00,300.000031
2025-11-24 04:15:00,299.999939
2025-11-24 04:30:00,309.999847
2025-11-24 04:45:00,310.000214
2025-11-24 05:00:00,313.000061
2025-11-24 05:15:00,310.000031
2025-11-24 05:30:00,314.000031
2025-11-24 05:45:00,318.0
2025-11-24 06:00:00,315.000031
2025-11-24 06:15:00,317.999908
2025-11-24 06:30:00,319.999878
2025-11-24 06:45:00,321.017944
2025-11-24 07:00:00,340.0
2025-11-24 07:15:00,340.029877
2025-11-24 07:30:00,334.000153
2025-11-24 07:45:00,335.000305
2025-11-24 08:00:00,332.999756
2025-11-24 08:15:00,318.425446
2025-11-24 08:30:00,310.484833
2025-11-24 08:45:00,302.463104
2025-11-24 09:00:00,207.787918
2025-11-24 09:15:00,26.723558
2025-11-24 09:30:00,1.18989
2025-11-24 09:45:00,0.0
2025-11-24 10:00:00,85.760803
2025-11-24 10:15:00,88.312637
2025-11-24 10:30:00,70.0914
2025-11-24 10:45:00,14.057207
2025-11-24 11:00:00,2.590577
2025-11-24 11:15:00,0.0
2025-11-24 11:30:00,0.0
2025-11-24 11:45:00,0.0
2025-11-24 12:00:00,0.0
2025-11-24 12:15:00,0.0
2025-11-24 12:30:00,0.0
2025-11-24 12:45:00,0.0
2025-11-24 13:00:00,3.987005
2025-11-24 13:15:00,3.544557
2025-11-24 13:30:00,3.651572
2025-11-24 13:45:00,0.0
2025-11-24 14:00:00,0.0
2025-11-24 14:15:00,0.0
2025-11-24 14:30:00,0.0
2025-11-24 14:45:00,3.528673
2025-11-24 15:00:00,3.743161
2025-11-24 15:15:00,6.303871
2025-11-24 15:30:00,2.80126
2025-11-24 15:45:00,20.00001
2025-11-24 16:00:00,98.950966
2025-11-24 16:15:00,232.481934
2025-11-24 16:30:00,298.342224
2025-11-24 16:45:00,294.502625
2025-11-24 17:00:00,306.917603
2025-11-24 17:15:00,310.103363
2025-11-24 17:30:00,313.072754
2025-11-24 17:45:00,312.087952
2025-11-24 18:00:00,310.111359
2025-11-24 18:15:00,300.207489
2025-11-24 18:30:00,300.000092
2025-11-24 18:45:00,300.0
2025-11-24 19:00:00,297.999939
2025-11-24 19:15:00,289.999969
2025-11-24 19:30:00,289.999969
2025-11-24 19:45:00,179.999954
2025-11-24 20:00:00,184.179962
2025-11-24 20:15:00,150.000076
2025-11-24 20:30:00,150.000015
2025-11-24 20:45:00,140.18988
2025-11-24 21:00:00,81.300514
2025-11-24 21:15:00,140.187271
2025-11-24 21:30:00,148.035767
2025-11-24 21:45:00,155.0
2025-11-24 22:00:00,149.999985
2025-11-24 22:15:00,150.000046
2025-11-24 22:30:00,140.000061
2025-11-24 22:45:00,79.999985
2025-11-24 23:00:00,80.000038
2025-11-24 23:15:00,79.999992
2025-11-24 23:30:00,53.000008
2025-11-24 23:45:00,34.180008
2025-11-25 00:00:00,293.000061
2025-11-25 00:15:00,300.0
2025-11-25 00:30:00,310.0
2025-11-25 00:45:00,310.000092
2025-11-25 01:00:00,300.000061
2025-11-25 01:15:00,294.0
2025-11-25 01:30:00,299.999939
2025-11-25 01:45:00,297.999817
2025-11-25 02:00:00,310.000061
2025-11-25 02:15:00,299.999939
2025-11-25 02:30:00,312.999939
2025-11-25 02:45:00,313.999969
2025-11-25 03:00:00,314.0
2025-11-25 03:15:00,314.000031
2025-11-25 03:30:00,314.999969
2025-11-25 03:45:00,313.999939
2025-11-25 04:00:00,313.999847
2025-11-25 04:15:00,314.000061
2025-11-25 04:30:00,314.0
2025-11-25 04:45:00,318.000092
2025-11-25 05:00:00,318.000153
2025-11-25 05:15:00,319.999969
2025-11-25 05:30:00,320.000061
2025-11-25 05:45:00,320.000153
2025-11-25 06:00:00,320.0
2025-11-25 06:15:00,320.0
2025-11-25 06:30:00,333.000183
2025-11-25 06:45:00,335.000183
2025-11-25 07:00:00,340.0
2025-11-25 07:15:00,340.000275
2025-11-25 07:30:00,334.000031
2025-11-25 07:45:00,320.000214
2025-11-25 08:00:00,320.0
2025-11-25 08:15:00,317.999786
2025-11-25 08:30:00,277.999786
2025-11-25 08:45:00,0.0
2025-11-25 09:00:00,0.0
2025-11-25 09:15:00,0.0
2025-11-25 09:30:00,0.0
2025-11-25 09:45:00,0.0
2025-11-25 10:00:00,0.0
2025-11-25 10:15:00,0.0
2025-11-25 10:30:00,0.0
2025-11-25 10:45:00,0.0
2025-11-25 11:00:00,0.0
2025-11-25 11:15:00,0.0
2025-11-25 11:30:00,0.0
2025-11-25 11:45:00,0.0
2025-11-25 12:00:00,0.0
2025-11-25 12:15:00,0.0
2025-11-25 12:30:00,0.0
2025-11-25 12:45:00,3.30908
2025-11-25 13:00:00,0.0
2025-11-25 13:15:00,0.0
2025-11-25 13:30:00,0.0
2025-11-25 13:45:00,0.0
2025-11-25 14:00:00,0.0
2025-11-25 14:15:00,0.0
2025-11-25 14:30:00,0.0
2025-11-25 14:45:00,0.0
2025-11-25 15:00:00,0.0
2025-11-25 15:15:00,83.762604
2025-11-25 15:30:00,295.878601
2025-11-25 15:45:00,313.902893
2025-11-25 16:00:00,320.104034
2025-11-25 16:15:00,367.703918
2025-11-25 16:30:00,395.800781
2025-11-25 16:45:00,419.079193
2025-11-25 17:00:00,490.08078
2025-11-25 17:15:00,500.059845
2025-11-25 17:30:00,461.210266
2025-11-25 17:45:00,362.999969
2025-11-25 18:00:00,354.000183
2025-11-25 18:15:00,343.0
2025-11-25 18:30:00,339.999878
2025-11-25 18:45:00,339.999908
2025-11-25 19:00:00,338.000061
2025-11-25 19:15:00,338.000061
2025-11-25 19:30:00,338.000305
2025-11-25 19:45:00,333.999969
2025-11-25 20:00:00,334.000031
2025-11-25 20:15:00,334.000061
2025-11-25 20:30:00,320.000061
2025-11-25 20:45:00,319.999969
2025-11-25 21:00:00,319.999969
2025-11-25 21:15:00,320.000122
2025-11-25 21:30:00,319.999939
2025-11-25 21:45:00,318.0
2025-11-25 22:00:00,317.999939
2025-11-25 22:15:00,315.000092
2025-11-25 22:30:00,312.999939
2025-11-25 22:45:00,310.000183
2025-11-25 23:00:00,313.000092
2025-11-25 23:15:00,310.000031
2025-11-25 23:30:00,297.999908
2025-11-25 23:45:00,290.000031
2025-11-26 00:00:00,300.742126
2025-11-26 00:15:00,300.753479
2025-11-26 00:30:00,300.750427
2025-11-26 00:45:00,298.814148
2025-11-26 01:00:00,292.968994
2025-11-26 01:15:00,290.025543
2025-11-26 01:30:00,292.000183
2025-11-26 01:45:00,291.999969
2025-11-26 02:00:00,298.0
2025-11-26 02:15:00,297.999878
2025-11-26 02:30:00,298.000092
2025-11-26 02:45:00,298.0
2025-11-26 03:00:00,297.999969
2025-11-26 03:15:00,296.999969
2025-11-26 03:30:00,292.000214
2025-11-26 03:45:00,292.000061
2025-11-26 04:00:00,297.999878
2025-11-26 04:15:00,297.999878
2025-11-26 04:30:00,299.999969
2025-11-26 04:45:00,316.300323
2025-11-26 05:00:00,316.296753
2025-11-26 05:15:00,318.224243
2025-11-26 05:30:00,320.173065
2025-11-26 05:45:00,320.176178
2025-11-26 06:00:00,320.170898
2025-11-26 06:15:00,320.000122
2025-11-26 06:30:00,327.000061
2025-11-26 06:45:00,338.0
2025-11-26 07:00:00,340.000122
2025-11-26 07:15:00,340.029999
2025-11-26 07:30:00,339.999664
2025-11-26 07:45:00,338.000122
2025-11-26 08:00:00,326.999847
2025-11-26 08:15:00,315.607758
2025-11-26 08:30:00,294.573486
2025-11-26 08:45:00,80.343712
2025-11-26 09:00:00,3.425614
2025-11-26 09:15:00,0.0
2025-11-26 09:30:00,0.0
2025-11-26 09:45:00,6.594933
2025-11-26 10:00:00,4.474113
2025-11-26 10:15:00,3.349712
2025-11-26 10:30:00,3.605322
2025-11-26 10:45:00,7.585381
2025-11-26 11:00:00,3.294703
2025-11-26 11:15:00,3.663306
2025-11-26 11:30:00,3.06785
2025-11-26 11:45:00,3.123405
2025-11-26 12:00:00,3.990195
2025-11-26 12:15:00,3.983529
2025-11-26 12:30:00,6.966618
2025-11-26 12:45:00,8.087965
2025-11-26 13:00:00,8.289567
2025-11-26 13:15:00,8.000543
2025-11-26 13:30:00,8.320457
2025-11-26 13:45:00,8.191846
2025-11-26 14:00:00,4.501899
2025-11-26 14:15:00,7.557055
2025-11-26 14:30:00,7.08682
2025-11-26 14:45:00,147.930557
2025-11-26 15:00:00,306.291931
2025-11-26 15:15:00,336.03656
2025-11-26 15:30:00,339.92804
2025-11-26 15:45:00,376.241119
2025-11-26 16:00:00,656.008545
2025-11-26 16:15:00,994.683838
2025-11-26 16:30:00,995.497742
2025-11-26 16:45:00,998.903381
2025-11-26 17:00:00,1000.0
2025-11-26 17:15:00,1000.000122
2025-11-26 17:30:00,1000.000671
2025-11-26 17:45:00,801.000061
2025-11-26 18:00:00,801.000122
2025-11-26 18:15:00,559.999939
2025-11-26 18:30:00,497.000092
2025-11-26 18:45:00,495.000122
2025-11-26 19:00:00,494.999969
2025-11-26 19:15:00,476.417145
2025-11-26 19:30:00,439.007629
2025-11-26 19:45:00,397.999939
2025-11-26 20:00:00,419.0
2025-11-26 20:15:00,419.197052
2025-11-26 20:30:00,408.000031
2025-11-26 20:45:00,363.000031
2025-11-26 21:00:00,358.0
2025-11-26 21:15:00,349.999969
2025-11-26 21:30:00,340.029938
2025-11-26 21:45:00,340.029968
2025-11-26 22:00:00,340.000031
2025-11-26 22:15:00,346.999908
2025-11-26 22:30:00,337.999908
2025-11-26 22:45:00,327.000092
2025-11-26 23:00:00,319.999939
2025-11-26 23:15:00,318.000183
2025-11-26 23:30:00,317.000031
2025-11-26 23:45:00,300.0
2025-11-27 00:00:00,316.27948
2025-11-27 00:15:00,318.237885
2025-11-27 00:30:00,318.240021
2025-11-27 00:45:00,317.267639
2025-11-27 01:00:00,316.306976
2025-11-27 01:15:00,317.0
2025-11-27 01:30:00,315.999878
2025-11-27 01:45:00,313.505463
2025-11-27 02:00:00,307.967316
2025-11-27 02:15:00,302.431793
2025-11-27 02:30:00,293.133301
2025-11-27 02:45:00,276.682617
2025-11-27 03:00:00,285.712952
2025-11-27 03:15:00,286.550995
2025-11-27 03:30:00,297.368011
2025-11-27 03:45:00,299.999969
2025-11-27 04:00:00,300.0
2025-11-27 04:15:00,307.240021
2025-11-27 04:30:00,316.298462
2025-11-27 04:45:00,315.999878
2025-11-27 05:00:00,316.0
2025-11-27 05:15:00,317.999969
2025-11-27 05:30:00,320.000092
2025-11-27 05:45:00,320.000275
2025-11-27 06:00:00,326.899994
2025-11-27 06:15:00,337.999939
2025-11-27 06:30:00,356.0
2025-11-27 06:45:00,380.000031
2025-11-27 07:00:00,577.34967
2025-11-27 07:15:00,607.999878
2025-11-27 07:30:00,577.350037
2025-11-27 07:45:00,577.350037
2025-11-27 08:00:00,400.000122
2025-11-27 08:15:00,346.716278
2025-11-27 08:30:00,334.063385
2025-11-27 08:45:00,319.443115
2025-11-27 09:00:00,268.056274
2025-11-27 09:15:00,8.971534
2025-11-27 09:30:00,8.56624
2025-11-27 09:45:00,8.933732
2025-11-27 10:00:00,6.778018
2025-11-27 10:15:00,9.650461
2025-11-27 10:30:00,9.786245
2025-11-27 10:45:00,7.287551
2025-11-27 11:00:00,6.35692
2025-11-27 11:15:00,6.329345
2025-11-27 11:30:00,0.0
2025-11-27 11:45:00,2.98034
2025-11-27 12:00:00,6.504007
2025-11-27 12:15:00,6.913998
2025-11-27 12:30:00,6.938487
2025-11-27 12:45:00,8.036908
2025-11-27 13:00:00,8.324298
2025-11-27 13:15:00,7.618656
2025-11-27 13:30:00,7.397227
2025-11-27 13:45:00,6.955454
2025-11-27 14:00:00,7.065589
2025-11-27 14:15:00,7.563461
2025-11-27 14:30:00,7.537108
2025-11-27 14:45:00,91.319962
2025-11-27 15:00:00,173.42659
2025-11-27 15:15:00,301.957764
2025-11-27 15:30:00,317.565155
2025-11-27 15:45:00,339.636749
2025-11-27 16:00:00,388.468872
2025-11-27 16:15:00,459.717468
2025-11-27 16:30:00,981.120117
2025-11-27 16:45:00,986.522827
2025-11-27 17:00:00,1000.000366
2025-11-27 17:15:00,960.000183
2025-11-27 17:30:00,757.999939
2025-11-27 17:45:00,509.350098
2025-11-27 18:00:00,463.000275
2025-11-27 18:15:00,457.999908
2025-11-27 18:30:00,427.000214
2025-11-27 18:45:00,382.000153
2025-11-27 19:00:00,409.999695
2025-11-27 19:15:00,376.400085
2025-11-27 19:30:00,380.000092
2025-11-27 19:45:00,352.0
2025-11-27 20:00:00,366.900055
2025-11-27 20:15:00,359.609833
2025-11-27 20:30:00,358.0
2025-11-27 20:45:00,343.000061
2025-11-27 21:00:00,346.900085
2025-11-27 21:15:00,352.000031
2025-11-27 21:30:00,338.0
2025-11-27 21:45:00,329.817261
2025-11-27 22:00:00,320.000153
2025-11-27 22:15:00,319.999908
2025-11-27 22:30:00,320.418549
2025-11-27 22:45:00,316.999817
2025-11-27 23:00:00,317.999969
2025-11-27 23:15:00,316.0
2025-11-27 23:30:00,299.999878
2025-11-27 23:45:00,297.999969
2025-11-28 00:00:00,317.000092
2025-11-28 00:15:00,318.000031
2025-11-28 00:30:00,317.000183
2025-11-28 00:45:00,317.0
2025-11-28 01:00:00,316.000061
2025-11-28 01:15:00,316.0
2025-11-28 01:30:00,316.000031
2025-11-28 01:45:00,315.999969
2025-11-28 02:00:00,316.000092
2025-11-28 02:15:00,316.000061
2025-11-28 02:30:00,316.0
2025-11-28 02:45:00,315.999939
2025-11-28 03:00:00,316.000061
2025-11-28 03:15:00,316.0
2025-11-28 03:30:00,316.000031
2025-11-28 03:45:00,315.999969
2025-11-28 04:00:00,316.0
2025-11-28 04:15:00,315.999969
2025-11-28 04:30:00,316.0
2025-11-28 04:45:00,317.000092
2025-11-28 05:00:00,318.000092
2025-11-28 05:15:00,320.000092
2025-11-28 05:30:00,320.000061
2025-11-28 05:45:00,320.000061
2025-11-28 06:00:00,337.609985
2025-11-28 06:15:00,337.609955
2025-11-28 06:30:00,358.000092
2025-11-28 06:45:00,389.400146
2025-11-28 07:00:00,427.350281
2025-11-28 07:15:00,437.999756
2025-11-28 07:30:00,400.000092
2025-11-28 07:45:00,391.999817
2025-11-28 08:00:00,359.999725
2025-11-28 08:15:00,320.000092
2025-11-28 08:30:00,321.687012
2025-11-28 08:45:00,194.896866
2025-11-28 09:00:00,8.425359
2025-11-28 09:15:00,11.555599
2025-11-28 09:30:00,7.296253
2025-11-28 09:45:00,7.001063
2025-11-28 10:00:00,6.358474
2025-11-28 10:15:00,8.849445
2025-11-28 10:30:00,9.00546
2025-11-28 10:45:00,8.731073
2025-11-28 11:00:00,6.549407
2025-11-28 11:15:00,3.957762
2025-11-28 11:30:00,7.330591
2025-11-28 11:45:00,0.0
2025-11-28 12:00:00,0.0
2025-11-28 12:15:00,7.17896
2025-11-28 12:30:00,3.844598
2025-11-28 12:45:00,7.917598
2025-11-28 13:00:00,9.498294
2025-11-28 13:15:00,8.084284
2025-11-28 13:30:00,9.915226
2025-11-28 13:45:00,5.317276
2025-11-28 14:00:00,5.169526
2025-11-28 14:15:00,7.078582
2025-11-28 14:30:00,4.314789
2025-11-28 14:45:00,3.646639
2025-11-28 15:00:00,4.195162
2025-11-28 15:15:00,187.129852
2025-11-28 15:30:00,313.19046
2025-11-28 15:45:00,326.567322
2025-11-28 16:00:00,346.198486
2025-11-28 16:15:00,399.610046
2025-11-28 16:30:00,685.351868
2025-11-28 16:45:00,653.315125
2025-11-28 17:00:00,679.256165
2025-11-28 17:15:00,588.21814
2025-11-28 17:30:00,509.999878
2025-11-28 17:45:00,385.000061
2025-11-28 18:00:00,340.000092
2025-11-28 18:15:00,337.610168
2025-11-28 18:30:00,325.000122
2025-11-28 18:45:00,320.000092
2025-11-28 19:00:00,318.17157
2025-11-28 19:15:00,318.173401
2025-11-28 19:30:00,320.000122
2025-11-28 19:45:00,320.22052
2025-11-28 20:00:00,320.152344
2025-11-28 20:15:00,317.999969
2025-11-28 20:30:00,317.999908
2025-11-28 20:45:00,316.999908
2025-11-28 21:00:00,318.000061
2025-11-28 21:15:00,317.999969
2025-11-28 21:30:00,316.000183
2025-11-28 21:45:00,316.999969
2025-11-28 22:00:00,316.0
2025-11-28 22:15:00,316.000092
2025-11-28 22:30:00,300.0
2025-11-28 22:45:00,294.0
2025-11-28 23:00:00,297.000061
2025-11-28 23:15:00,290.000061
2025-11-28 23:30:00,272.000031
2025-11-28 23:45:00,256.5
2025-11-29 00:00:00,316.000122
2025-11-29 00:15:00,318.213104
2025-11-29 00:30:00,316.259155
2025-11-29 00:45:00,316.263
2025-11-29 01:00:00,312.380707
2025-11-29 01:15:00,317.619507
2025-11-29 01:30:00,313.708679
2025-11-29 01:45:00,300.000061
2025-11-29 02:00:00,315.999939
2025-11-29 02:15:00,299.000153
2025-11-29 02:30:00,300.000031
2025-11-29 02:45:00,299.334473
2025-11-29 03:00:00,298.0
2025-11-29 03:15:00,316.000092
2025-11-29 03:30:00,314.000092
2025-11-29 03:45:00,314.000092
2025-11-29 04:00:00,314.000031
2025-11-29 04:15:00,316.0
2025-11-29 04:30:00,318.0
2025-11-29 04:45:00,317.999817
2025-11-29 05:00:00,317.999878
2025-11-29 05:15:00,317.999939
2025-11-29 05:30:00,318.0
2025-11-29 05:45:00,320.000153
2025-11-29 06:00:00,332.000061
2025-11-29 06:15:00,334.000122
2025-11-29 06:30:00,340.000031
2025-11-29 06:45:00,352.000031
2025-11-29 07:00:00,352.000183
2025-11-29 07:15:00,356.000122
2025-11-29 07:30:00,347.000153
2025-11-29 07:45:00,338.000031
2025-11-29 08:00:00,320.000031
2025-11-29 08:15:00,316.000122
2025-11-29 08:30:00,292.0
2025-11-29 08:45:00,151.773346
2025-11-29 09:00:00,7.114754
2025-11-29 09:15:00,6.650085
2025-11-29 09:30:00,7.003086
2025-11-29 09:45:00,4.180941
2025-11-29 10:00:00,7.179694
2025-11-29 10:15:00,7.827169
2025-11-29 10:30:00,7.730892
2025-11-29 10:45:00,6.874523
2025-11-29 11:00:00,6.464646
2025-11-29 11:15:00,2.679239
2025-11-29 11:30:00,0.0
2025-11-29 11:45:00,0.0
2025-11-29 12:00:00,0.0
2025-11-29 12:15:00,8.390541
2025-11-29 12:30:00,4.112413
2025-11-29 12:45:00,4.575922
2025-11-29 13:00:00,9.439957
2025-11-29 13:15:00,4.961763
2025-11-29 13:30:00,4.762327
2025-11-29 13:45:00,4.900632
2025-11-29 14:00:00,4.716775
2025-11-29 14:15:00,4.409863
2025-11-29 14:30:00,3.628603
2025-11-29 14:45:00,58.231968
2025-11-29 15:00:00,122.731895
2025-11-29 15:15:00,291.45752
2025-11-29 15:30:00,313.397156
2025-11-29 15:45:00,335.58136
2025-11-29 16:00:00,355.574249
2025-11-29 16:15:00,507.773346
2025-11-29 16:30:00,608.000122
2025-11-29 16:45:00,577.000061
2025-11-29 17:00:00,607.999695
2025-11-29 17:15:00,570.000122
2025-11-29 17:30:00,577.000305
2025-11-29 17:45:00,449.951294
2025-11-29 18:00:00,399.47644
2025-11-29 18:15:00,351.999969
2025-11-29 18:30:00,343.000122
2025-11-29 18:45:00,346.900024
2025-11-29 19:00:00,340.002075
2025-11-29 19:15:00,340.000061
2025-11-29 19:30:00,339.999878
2025-11-29 19:45:00,337.610016
2025-11-29 20:00:00,337.610229
2025-11-29 20:15:00,326.899963
2025-11-29 20:30:00,320.000061
2025-11-29 20:45:00,322.999939
2025-11-29 21:00:00,320.000153
2025-11-29 21:15:00,319.999969
2025-11-29 21:30:00,320.000092
2025-11-29 21:45:00,320.000061
2025-11-29 22:00:00,317.999939
2025-11-29 22:15:00,318.0
2025-11-29 22:30:00,312.000092
2025-11-29 22:45:00,298.000153
2025-11-29 23:00:00,297.999969
2025-11-29 23:15:00,292.000153
2025-11-29 23:30:00,289.999847
2025-11-29 23:45:00,278.0
2025-11-30 00:00:00,200.0
2025-11-30 00:15:00,232.397339
2025-11-30 00:30:00,220.603546
2025-11-30 00:45:00,232.382599
2025-11-30 01:00:00,200.63649
2025-11-30 01:15:00,194.999893
2025-11-30 01:30:00,200.632858
2025-11-30 01:45:00,200.62355
2025-11-30 02:00:00,195.768967
2025-11-30 02:15:00,185.639725
2025-11-30 02:30:00,184.812912
2025-11-30 02:45:00,167.736862
2025-11-30 03:00:00,187.981781
2025-11-30 03:15:00,158.043503
2025-11-30 03:30:00,157.094254
2025-11-30 03:45:00,158.547165
2025-11-30 04:00:00,169.573029
2025-11-30 04:15:00,169.615143
2025-11-30 04:30:00,204.952362
2025-11-30 04:45:00,244.031662
2025-11-30 05:00:00,257.583679
2025-11-30 05:15:00,281.492676
2025-11-30 05:30:00,298.711548
2025-11-30 05:45:00,300.648712
2025-11-30 06:00:00,301.621735
2025-11-30 06:15:00,307.239838
2025-11-30 06:30:00,316.25415
2025-11-30 06:45:00,325.042297
2025-11-30 07:00:00,327.23996
2025-11-30 07:15:00,331.0
2025-11-30 07:30:00,325.038544
2025-11-30 07:45:00,325.036621
2025-11-30 08:00:00,314.420959
2025-11-30 08:15:00,254.8349
2025-11-30 08:30:00,118.16124
2025-11-30 08:45:00,19.993061
2025-11-30 09:00:00,0.0
2025-11-30 09:15:00,0.0
2025-11-30 09:30:00,0.0
2025-11-30 09:45:00,5.203097
2025-11-30 10:00:00,3.674227
2025-11-30 10:15:00,2.375216
2025-11-30 10:30:00,2.356879
2025-11-30 10:45:00,1.266728
2025-11-30 11:00:00,0.622223
2025-11-30 11:15:00,0.0
2025-11-30 11:30:00,0.0
2025-11-30 11:45:00,0.0
2025-11-30 12:00:00,0.0
2025-11-30 12:15:00,3.726315
2025-11-30 12:30:00,1.965311
2025-11-30 12:45:00,2.547857
2025-11-30 13:00:00,4.431994
2025-11-30 13:15:00,0.626282
2025-11-30 13:30:00,0.648127
2025-11-30 13:45:00,0.0
2025-11-30 14:00:00,0.0
2025-11-30 14:15:00,2.608871
2025-11-30 14:30:00,0.0
2025-11-30 14:45:00,26.228846
2025-11-30 15:00:00,59.362659
2025-11-30 15:15:00,184.443253
2025-11-30 15:30:00,310.117798
2025-11-30 15:45:00,339.000244
2025-11-30 16:00:00,347.240051
2025-11-30 16:15:00,355.999939
2025-11-30 16:30:00,352.249847
2025-11-30 16:45:00,346.999725
2025-11-30 17:00:00,357.000183
2025-11-30 17:15:00,360.800049
2025-11-30 17:30:00,367.239777
2025-11-30 17:45:00,355.000061
2025-11-30 18:00:00,349.999908
2025-11-30 18:15:00,345.000092
2025-11-30 18:30:00,344.999969
2025-11-30 18:45:00,346.899933
2025-11-30 19:00:00,344.999939
2025-11-30 19:15:00,344.999939
2025-11-30 19:30:00,344.999847
2025-11-30 19:45:00,344.999969
2025-11-30 20:00:00,344.999939
2025-11-30 20:15:00,342.02298
2025-11-30 20:30:00,339.020874
2025-11-30 20:45:00,336.038269
2025-11-30 21:00:00,336.000092
2025-11-30 21:15:00,332.000122
2025-11-30 21:30:00,324.999786
2025-11-30 21:45:00,314.000122
2025-11-30 22:00:00,294.000031
2025-11-30 22:15:00,254.999985
2025-11-30 22:30:00,166.180893
2025-11-30 22:45:00,155.342712
2025-11-30 23:00:00,155.000046
2025-11-30 23:15:00,146.484283
2025-11-30 23:30:00,114.999985
2025-11-30 23:45:00,92.34214
2025-12-01 00:00:00,94.944527
2025-12-01 00:15:00,115.665443
2025-12-01 00:30:00,95.424744
2025-12-01 00:45:00,87.775536
2025-12-01 01:00:00,85.930878
2025-12-01 01:15:00,75.305359
2025-12-01 01:30:00,86.30249
2025-12-01 01:45:00,66.664787
2025-12-01 02:00:00,66.679878
2025-12-01 02:15:00,62.090351
2025-12-01 02:30:00,62.193443
2025-12-01 02:45:00,66.602921
2025-12-01 03:00:00,73.992844
2025-12-01 03:15:00,85.182404
2025-12-01 03:30:00,85.205986
2025-12-01 03:45:00,74.251923
2025-12-01 04:00:00,85.461731
2025-12-01 04:15:00,86.345299
2025-12-01 04:30:00,95.661438
2025-12-01 04:45:00,118.056488
2025-12-01 05:00:00,124.831749
2025-12-01 05:15:00,156.731064
2025-12-01 05:30:00,178.399399
2025-12-01 05:45:00,240.80011
2025-12-01 06:00:00,265.999756
2025-12-01 06:15:00,280.000061
2025-12-01 06:30:00,294.000183
2025-12-01 06:45:00,312.000153
2025-12-01 07:00:00,326.899872
2025-12-01 07:15:00,335.999908
2025-12-01 07:30:00,334.999939
2025-12-01 07:45:00,324.999908
2025-12-01 08:00:00,303.4935
2025-12-01 08:15:00,292.687256
2025-12-01 08:30:00,213.01622
2025-12-01 08:45:00,137.922409
2025-12-01 09:00:00,94.140152
2025-12-01 09:15:00,74.972588
2025-12-01 09:30:00,29.736897
2025-12-01 09:45:00,24.098835
2025-12-01 10:00:00,4.170296
2025-12-01 10:15:00,4.111618
2025-12-01 10:30:00,6.373533
2025-12-01 10:45:00,4.13666
2025-12-01 11:00:00,4.355191
2025-12-01 11:15:00,4.283028
2025-12-01 11:30:00,4.300126
2025-12-01 11:45:00,3.546152
2025-12-01 12:00:00,3.414466
2025-12-01 12:15:00,3.645514
2025-12-01 12:30:00,3.384162
2025-12-01 12:45:00,3.911271
2025-12-01 13:00:00,3.817806
2025-12-01 13:15:00,3.903747
2025-12-01 13:30:00,4.826651
2025-12-01 13:45:00,3.781808
2025-12-01 14:00:00,24.852467
2025-12-01 14:15:00,43.651272
2025-12-01 14:30:00,73.397621
2025-12-01 14:45:00,143.385544
2025-12-01 15:00:00,218.766876
2025-12-01 15:15:00,307.068359
2025-12-01 15:30:00,336.999664
2025-12-01 15:45:00,345.0
2025-12-01 16:00:00,355.886993
2025-12-01 16:15:00,380.485138
2025-12-01 16:30:00,383.228851
2025-12-01 16:45:00,388.470978
2025-12-01 17:00:00,447.763947
2025-12-01 17:15:00,413.132385
2025-12-01 17:30:00,406.781921
2025-12-01 17:45:00,366.900177
2025-12-01 18:00:00,367.728271
2025-12-01 18:15:00,354.360779
2025-12-01 18:30:00,346.519196
2025-12-01 18:45:00,345.861938
2025-12-01 19:00:00,337.000031
2025-12-01 19:15:00,335.442871
2025-12-01 19:30:00,339.000092
2025-12-01 19:45:00,336.999878
2025-12-01 20:00:00,340.000061
2025-12-01 20:15:00,336.000092
2025-12-01 20:30:00,334.999817
2025-12-01 20:45:00,336.0
2025-12-01 21:00:00,337.000153
2025-12-01 21:15:00,345.0
2025-12-01 21:30:00,336.000092
2025-12-01 21:45:00,324.999969
2025-12-01 22:00:00,311.999939
2025-12-01 22:15:00,304.999939
2025-12-01 22:30:00,298.000061
2025-12-01 22:45:00,292.000031
2025-12-01 23:00:00,292.000092
2025-12-01 23:15:00,266.000031
2025-12-01 23:30:00,187.999985
2025-12-01 23:45:00,155.347549
2025-12-02 00:00:00,165.482666
2025-12-02 00:15:00,195.282593
2025-12-02 00:30:00,160.374298
2025-12-02 00:45:00,169.970795
2025-12-02 01:00:00,181.195953
2025-12-02 01:15:00,168.018585
2025-12-02 01:30:00,184.651505
2025-12-02 01:45:00,179.296814
2025-12-02 02:00:00,189.853455
2025-12-02 02:15:00,200.271957
2025-12-02 02:30:00,219.999847
2025-12-02 02:45:00,180.904526
2025-12-02 03:00:00,167.096771
2025-12-02 03:15:00,180.320694
2025-12-02 03:30:00,167.068893
2025-12-02 03:45:00,167.062775
2025-12-02 04:00:00,151.945724
2025-12-02 04:15:00,121.092827
2025-12-02 04:30:00,118.083107
2025-12-02 04:45:00,114.259964
2025-12-02 05:00:00,114.177437
2025-12-02 05:15:00,118.813225
2025-12-02 05:30:00,151.462173
2025-12-02 05:45:00,162.427277
2025-12-02 06:00:00,158.002762
2025-12-02 06:15:00,182.391266
2025-12-02 06:30:00,210.137665
2025-12-02 06:45:00,217.678741
2025-12-02 07:00:00,226.287323
2025-12-02 07:15:00,229.176178
2025-12-02 07:30:00,229.340439
2025-12-02 07:45:00,219.063934
2025-12-02 08:00:00,217.230911
2025-12-02 08:15:00,173.435959
2025-12-02 08:30:00,121.539246
2025-12-02 08:45:00,120.035767
2025-12-02 09:00:00,118.908058
2025-12-02 09:15:00,119.184708
2025-12-02 09:30:00,114.880356
2025-12-02 09:45:00,104.711525
2025-12-02 10:00:00,89.885292
2025-12-02 10:15:00,77.698349
2025-12-02 10:30:00,78.076538
2025-12-02 10:45:00,84.224228
2025-12-02 11:00:00,74.497726
2025-12-02 11:15:00,61.594257
2025-12-02 11:30:00,60.43856
2025-12-02 11:45:00,85.416786
2025-12-02 12:00:00,98.409065
2025-12-02 12:15:00,117.862724
2025-12-02 12:30:00,176.513382
2025-12-02 12:45:00,208.715225
2025-12-02 13:00:00,208.373627
2025-12-02 13:15:00,205.014969
2025-12-02 13:30:00,223.988312
2025-12-02 13:45:00,234.831207
2025-12-02 14:00:00,245.095078
2025-12-02 14:15:00,288.745453
2025-12-02 14:30:00,339.644196
2025-12-02 14:45:00,346.314362
2025-12-02 15:00:00,345.772339
2025-12-02 15:15:00,318.543213
2025-12-02 15:30:00,320.49588
2025-12-02 15:45:00,321.152924
2025-12-02 16:00:00,315.454437
2025-12-02 16:15:00,330.085144
2025-12-02 16:30:00,318.592896
2025-12-02 16:45:00,310.154602
2025-12-02 17:00:00,314.046021
2025-12-02 17:15:00,322.873383
2025-12-02 17:30:00,325.66272
2025-12-02 17:45:00,332.54126
2025-12-02 18:00:00,322.524719
2025-12-02 18:15:00,297.533813
2025-12-02 18:30:00,287.942688
2025-12-02 18:45:00,285.757263
2025-12-02 19:00:00,285.298157
2025-12-02 19:15:00,294.839905
2025-12-02 19:30:00,288.043915
2025-12-02 19:45:00,291.938873
2025-12-02 20:00:00,279.652832
2025-12-02 20:15:00,291.30835
2025-12-02 20:30:00,300.011993
2025-12-02 20:45:00,300.05426
2025-12-02 21:00:00,312.869659
2025-12-02 21:15:00,303.755463
2025-12-02 21:30:00,307.364441
2025-12-02 21:45:00,300.770935
2025-12-02 22:00:00,290.019165
2025-12-02 22:15:00,299.372711
2025-12-02 22:30:00,297.999939
2025-12-02 22:45:00,288.000122
2025-12-02 23:00:00,300.000031
2025-12-02 23:15:00,304.999939
2025-12-02 23:30:00,304.999939
2025-12-02 23:45:00,304.999847
2025-12-03 00:00:00,220.000046
2025-12-03 00:15:00,271.999969
2025-12-03 00:30:00,220.000015
2025-12-03 00:45:00,200.000061
2025-12-03 01:00:00,189.999985
2025-12-03 01:15:00,167.012665
2025-12-03 01:30:00,166.988449
2025-12-03 01:45:00,167.929886
2025-12-03 02:00:00,156.518616
2025-12-03 02:15:00,158.313553
2025-12-03 02:30:00,152.711624
2025-12-03 02:45:00,148.044678
2025-12-03 03:00:00,156.40918
2025-12-03 03:15:00,158.237183
2025-12-03 03:30:00,151.624603
2025-12-03 03:45:00,152.575058
2025-12-03 04:00:00,150.054062
2025-12-03 04:15:00,146.10202
2025-12-03 04:30:00,139.179993
2025-12-03 04:45:00,155.020889
2025-12-03 05:00:00,156.899994
2025-12-03 05:15:00,166.000076
2025-12-03 05:30:00,184.500076
2025-12-03 05:45:00,220.000092
2025-12-03 06:00:00,286.606567
2025-12-03 06:15:00,300.999878
2025-12-03 06:30:00,313.999786
2025-12-03 06:45:00,329.999756
2025-12-03 07:00:00,345.000092
2025-12-03 07:15:00,349.99823
2025-12-03 07:30:00,352.004303
2025-12-03 07:45:00,345.014709
2025-12-03 08:00:00,332.062103
2025-12-03 08:15:00,325.118073
2025-12-03 08:30:00,298.000092
2025-12-03 08:45:00,203.270096
2025-12-03 09:00:00,139.28627
2025-12-03 09:15:00,118.640533
2025-12-03 09:30:00,68.254272
2025-12-03 09:45:00,30.042461
2025-12-03 10:00:00,26.434834
2025-12-03 10:15:00,5.445868
2025-12-03 10:30:00,5.412
2025-12-03 10:45:00,4.70738
2025-12-03 11:00:00,4.732186
2025-12-03 11:15:00,4.368243
2025-12-03 11:30:00,4.049127
2025-12-03 11:45:00,3.982785
2025-12-03 12:00:00,3.936612
2025-12-03 12:15:00,4.136327
2025-12-03 12:30:00,4.057917
2025-12-03 12:45:00,4.813676
2025-12-03 13:00:00,7.098213
2025-12-03 13:15:00,6.877434
2025-12-03 13:30:00,5.958692
2025-12-03 13:45:00,6.266714
2025-12-03 14:00:00,6.239666
2025-12-03 14:15:00,9.399342
2025-12-03 14:30:00,30.220675
2025-12-03 14:45:00,65.451202
2025-12-03 15:00:00,100.818909
2025-12-03 15:15:00,307.904022
2025-12-03 15:30:00,312.224396
2025-12-03 15:45:00,348.054657
2025-12-03 16:00:00,359.129669
2025-12-03 16:15:00,380.079498
2025-12-03 16:30:00,376.020966
2025-12-03 16:45:00,356.012817
2025-12-03 17:00:00,355.00766
2025-12-03 17:15:00,354.999725
2025-12-03 17:30:00,356.000031
2025-12-03 17:45:00,355.000092
2025-12-03 18:00:00,356.000031
2025-12-03 18:15:00,346.000153
2025-12-03 18:30:00,340.000031
2025-12-03 18:45:00,337.000244
2025-12-03 19:00:00,331.999939
2025-12-03 19:15:00,330.000153
2025-12-03 19:30:00,330.000153
2025-12-03 19:45:00,326.000061
2025-12-03 20:00:00,330.000061
2025-12-03 20:15:00,330.000061
2025-12-03 20:30:00,330.000122
2025-12-03 20:45:00,329.999878
2025-12-03 21:00:00,335.999939
2025-12-03 21:15:00,331.999878
2025-12-03 21:30:00,330.999939
2025-12-03 21:45:00,325.000031
2025-12-03 22:00:00,313.999939
2025-12-03 22:15:00,304.999847
2025-12-03 22:30:00,291.999969
2025-12-03 22:45:00,279.999878
2025-12-03 23:00:00,279.999969
2025-12-03 23:15:00,219.999908
2025-12-03 23:30:00,195.000061
2025-12-03 23:45:00,169.999985
2025-12-04 00:00:00,317.170135
2025-12-04 00:15:00,318.999908
2025-12-04 00:30:00,330.0
2025-12-04 00:45:00,324.999969
2025-12-04 01:00:00,320.999969
2025-12-04 01:15:00,320.999939
2025-12-04 01:30:00,320.999969
2025-12-04 01:45:00,317.212433
2025-12-04 02:00:00,316.101654
2025-12-04 02:15:00,318.279663
2025-12-04 02:30:00,317.212402
2025-12-04 02:45:00,316.10144
2025-12-04 03:00:00,310.404663
2025-12-04 03:15:00,314.193817
2025-12-04 03:30:00,314.194
2025-12-04 03:45:00,310.325226
2025-12-04 04:00:00,306.477539
2025-12-04 04:15:00,305.653564
2025-12-04 04:30:00,302.815948
2025-12-04 04:45:00,310.379425
2025-12-04 05:00:00,312.296417
2025-12-04 05:15:00,315.47525
2025-12-04 05:30:00,317.210663
2025-12-04 05:45:00,317.213013
2025-12-04 06:00:00,321.000061
2025-12-04 06:15:00,330.999756
2025-12-04 06:30:00,340.056366
2025-12-04 06:45:00,353.068054
2025-12-04 07:00:00,370.152435
2025-12-04 07:15:00,377.308014
2025-12-04 07:30:00,373.488617
2025-12-04 07:45:00,372.097992
2025-12-04 08:00:00,378.763702
2025-12-04 08:15:00,391.977295
2025-12-04 08:30:00,400.115387
2025-12-04 08:45:00,450.152588
2025-12-04 09:00:00,490.899963
2025-12-04 09:15:00,642.94873
2025-12-04 09:30:00,544.859619
2025-12-04 09:45:00,440.233185
2025-12-04 10:00:00,403.984467
2025-12-04 10:15:00,422.232574
2025-12-04 10:30:00,404.560394
2025-12-04 10:45:00,455.056702
2025-12-04 11:00:00,424.072174
2025-12-04 11:15:00,398.19339
2025-12-04 11:30:00,386.418457
2025-12-04 11:45:00,358.942871
2025-12-04 12:00:00,372.515472
2025-12-04 12:15:00,381.495911
2025-12-04 12:30:00,384.241058
2025-12-04 12:45:00,390.371704
2025-12-04 13:00:00,389.655701
2025-12-04 13:15:00,391.485962
2025-12-04 13:30:00,391.531616
2025-12-04 13:45:00,378.362488
2025-12-04 14:00:00,370.483887
2025-12-04 14:15:00,385.520782
2025-12-04 14:30:00,402.090881
2025-12-04 14:45:00,393.319366
2025-12-04 15:00:00,407.104675
2025-12-04 15:15:00,479.753479
2025-12-04 15:30:00,642.478577
2025-12-04 15:45:00,685.267151
2025-12-04 16:00:00,680.266602
2025-12-04 16:15:00,679.859009
2025-12-04 16:30:00,679.981628
2025-12-04 16:45:00,679.323059
2025-12-04 17:00:00,485.756744
2025-12-04 17:15:00,485.049835
2025-12-04 17:30:00,453.067474
2025-12-04 17:45:00,406.059662
2025-12-04 18:00:00,386.901337
2025-12-04 18:15:00,363.897461
2025-12-04 18:30:00,352.686432
2025-12-04 18:45:00,346.552887
2025-12-04 19:00:00,346.000092
2025-12-04 19:15:00,344.999847
2025-12-04 19:30:00,345.000092
2025-12-04 19:45:00,345.000031
2025-12-04 20:00:00,342.000031
2025-12-04 20:15:00,341.000092
2025-12-04 20:30:00,342.000122
2025-12-04 20:45:00,341.000031
2025-12-04 21:00:00,345.000061
2025-12-04 21:15:00,342.000122
2025-12-04 21:30:00,337.170044
2025-12-04 21:45:00,326.000031
2025-12-04 22:00:00,318.999969
2025-12-04 22:15:00,317.999939
2025-12-04 22:30:00,311.999847
2025-12-04 22:45:00,299.400299
2025-12-04 23:00:00,288.071045
2025-12-04 23:15:00,262.756195
2025-12-04 23:30:00,232.555481
2025-12-04 23:45:00,202.503632
2025-12-05 00:00:00,376.000061
2025-12-05 00:15:00,344.999969
2025-12-05 00:30:00,337.170105
2025-12-05 00:45:00,337.170166
2025-12-05 01:00:00,325.000122
2025-12-05 01:15:00,325.0
2025-12-05 01:30:00,324.999939
2025-12-05 01:45:00,321.000153
2025-12-05 02:00:00,267.944794
2025-12-05 02:15:00,301.990021
2025-12-05 02:30:00,307.0
2025-12-05 02:45:00,284.071014
2025-12-05 03:00:00,283.031464
2025-12-05 03:15:00,262.392548
2025-12-05 03:30:00,259.134857
2025-12-05 03:45:00,254.33667
2025-12-05 04:00:00,243.892654
2025-12-05 04:15:00,254.39505
2025-12-05 04:30:00,254.370483
2025-12-05 04:45:00,224.828674
2025-12-05 05:00:00,254.515625
2025-12-05 05:15:00,264.172699
2025-12-05 05:30:00,283.111328
2025-12-05 05:45:00,296.326538
2025-12-05 06:00:00,314.616974
2025-12-05 06:15:00,321.23877
2025-12-05 06:30:00,341.106079
2025-12-05 06:45:00,359.866913
2025-12-05 07:00:00,373.719757
2025-12-05 07:15:00,383.619232
2025-12-05 07:30:00,383.592682
2025-12-05 07:45:00,400.672821
2025-12-05 08:00:00,824.661194
2025-12-05 08:15:00,677.261597
2025-12-05 08:30:00,409.092255
2025-12-05 08:45:00,379.361969
2025-12-05 09:00:00,377.477905
2025-12-05 09:15:00,370.524872
2025-12-05 09:30:00,367.870972
2025-12-05 09:45:00,372.953156
2025-12-05 10:00:00,354.60556
2025-12-05 10:15:00,351.570587
2025-12-05 10:30:00,341.672699
2025-12-05 10:45:00,328.121582
2025-12-05 11:00:00,349.938843
2025-12-05 11:15:00,303.292603
2025-12-05 11:30:00,284.488922
2025-12-05 11:45:00,216.487228
2025-12-05 12:00:00,220.71405
2025-12-05 12:15:00,161.240356
2025-12-05 12:30:00,142.36348
2025-12-05 12:45:00,120.847916
2025-12-05 13:00:00,105.903549
2025-12-05 13:15:00,107.062737
2025-12-05 13:30:00,64.963181
2025-12-05 13:45:00,66.548294
2025-12-05 14:00:00,44.487198
2025-12-05 14:15:00,83.973709
2025-12-05 14:30:00,101.558617
2025-12-05 14:45:00,128.259384
2025-12-05 15:00:00,206.314514
2025-12-05 15:15:00,296.898651
2025-12-05 15:30:00,313.838684
2025-12-05 15:45:00,345.256775
2025-12-05 16:00:00,353.646179
2025-12-05 16:15:00,364.66153
2025-12-05 16:30:00,387.354797
2025-12-05 16:45:00,385.763855
2025-12-05 17:00:00,376.007172
2025-12-05 17:15:00,374.140106
2025-12-05 17:30:00,383.544067
2025-12-05 17:45:00,374.789825
2025-12-05 18:00:00,384.398682
2025-12-05 18:15:00,371.168518
2025-12-05 18:30:00,356.754822
2025-12-05 18:45:00,354.72052
2025-12-05 19:00:00,336.858337
2025-12-05 19:15:00,328.788574
2025-12-05 19:30:00,323.566406
2025-12-05 19:45:00,316.232819
2025-12-05 20:00:00,309.740845
2025-12-05 20:15:00,304.441986
2025-12-05 20:30:00,300.155518
2025-12-05 20:45:00,295.309082
2025-12-05 21:00:00,306.841553
2025-12-05 21:15:00,325.08017
2025-12-05 21:30:00,316.640411
2025-12-05 21:45:00,317.182678
2025-12-05 22:00:00,301.073578
2025-12-05 22:15:00,298.890137
2025-12-05 22:30:00,261.258087
2025-12-05 22:45:00,255.610474
2025-12-05 23:00:00,257.6427
2025-12-05 23:15:00,246.362213
2025-12-05 23:30:00,218.721588
2025-12-05 23:45:00,231.359833
2025-12-06 00:00:00,187.770386
2025-12-06 00:15:00,184.420212
2025-12-06 00:30:00,182.892624
2025-12-06 00:45:00,121.779816
2025-12-06 01:00:00,126.859154
2025-12-06 01:15:00,112.844696
2025-12-06 01:30:00,111.881294
2025-12-06 01:45:00,105.07798
2025-12-06 02:00:00,111.9786
2025-12-06 02:15:00,113.513939
2025-12-06 02:30:00,116.299377
2025-12-06 02:45:00,150.010757
2025-12-06 03:00:00,125.103867
2025-12-06 03:15:00,135.654465
2025-12-06 03:30:00,104.545441
2025-12-06 03:45:00,120.967453
2025-12-06 04:00:00,108.880096
2025-12-06 04:15:00,123.625153
2025-12-06 04:30:00,109.325043
2025-12-06 04:45:00,109.585701
2025-12-06 05:00:00,159.352493
2025-12-06 05:15:00,170.103668
2025-12-06 05:30:00,193.166946
2025-12-06 05:45:00,220.906296
2025-12-06 06:00:00,285.197113
2025-12-06 06:15:00,305.440613
2025-12-06 06:30:00,319.263031
2025-12-06 06:45:00,329.688873
2025-12-06 07:00:00,331.434265
2025-12-06 07:15:00,329.129272
2025-12-06 07:30:00,329.247437
2025-12-06 07:45:00,318.19278
2025-12-06 08:00:00,317.99231
2025-12-06 08:15:00,267.300507
2025-12-06 08:30:00,178.656494
2025-12-06 08:45:00,119.073303
2025-12-06 09:00:00,51.663013
2025-12-06 09:15:00,35.505974
2025-12-06 09:30:00,7.502695
2025-12-06 09:45:00,7.351511
2025-12-06 10:00:00,7.346951
2025-12-06 10:15:00,7.700216
2025-12-06 10:30:00,7.658771
2025-12-06 10:45:00,8.077202
2025-12-06 11:00:00,7.215462
2025-12-06 11:15:00,7.971889
2025-12-06 11:30:00,8.139872
2025-12-06 11:45:00,7.766124
2025-12-06 12:00:00,8.261004
2025-12-06 12:15:00,8.035292
2025-12-06 12:30:00,8.815444
2025-12-06 12:45:00,8.14261
2025-12-06 13:00:00,8.440573
2025-12-06 13:15:00,8.458019
2025-12-06 13:30:00,8.394444
2025-12-06 13:45:00,8.145001
2025-12-06 14:00:00,6.19383
2025-12-06 14:15:00,6.617144
2025-12-06 14:30:00,7.897828
2025-12-06 14:45:00,28.156441
2025-12-06 15:00:00,67.644432
2025-12-06 15:15:00,98.018127
2025-12-06 15:30:00,179.080719
2025-12-06 15:45:00,313.997864
2025-12-06 16:00:00,333.418121
2025-12-06 16:15:00,353.377686
2025-12-06 16:30:00,360.492401
2025-12-06 16:45:00,359.434784
2025-12-06 17:00:00,363.309601
2025-12-06 17:15:00,360.575745
2025-12-06 17:30:00,372.866058
2025-12-06 17:45:00,360.414307
2025-12-06 18:00:00,359.442078
2025-12-06 18:15:00,354.37149
2025-12-06 18:30:00,348.964508
2025-12-06 18:45:00,344.235718
2025-12-06 19:00:00,344.501953
2025-12-06 19:15:00,343.090881
2025-12-06 19:30:00,343.098663
2025-12-06 19:45:00,340.330811
2025-12-06 20:00:00,341.245758
2025-12-06 20:15:00,340.372314
2025-12-06 20:30:00,344.878906
2025-12-06 20:45:00,344.90918
2025-12-06 21:00:00,344.88385
2025-12-06 21:15:00,348.946655
2025-12-06 21:30:00,341.23761
2025-12-06 21:45:00,339.437256
2025-12-06 22:00:00,331.502777
2025-12-06 22:15:00,331.517334
2025-12-06 22:30:00,324.728577
2025-12-06 22:45:00,324.714752
2025-12-06 23:00:00,320.171783
2025-12-06 23:15:00,316.222534
2025-12-06 23:30:00,315.627625
2025-12-06 23:45:00,305.481506
2025-12-07 00:00:00,310.835114
2025-12-07 00:15:00,310.514099
2025-12-07 00:30:00,312.891571
2025-12-07 00:45:00,304.806366
2025-12-07 01:00:00,305.617737
2025-12-07 01:15:00,305.187408
2025-12-07 01:30:00,305.183563
2025-12-07 01:45:00,305.258057
2025-12-07 02:00:00,305.576294
2025-12-07 02:15:00,305.672241
2025-12-07 02:30:00,305.702972
2025-12-07 02:45:00,310.631653
2025-12-07 03:00:00,295.658234
2025-12-07 03:15:00,295.661926
2025-12-07 03:30:00,296.617828
2025-12-07 03:45:00,295.798248
2025-12-07 04:00:00,290.66922
2025-12-07 04:15:00,290.645416
2025-12-07 04:30:00,292.483429
2025-12-07 04:45:00,296.403046
2025-12-07 05:00:00,296.473755
2025-12-07 05:15:00,296.80542
2025-12-07 05:30:00,307.924805
2025-12-07 05:45:00,310.343292
2025-12-07 06:00:00,320.955597
2025-12-07 06:15:00,319.145844
2025-12-07 06:30:00,328.377991
2025-12-07 06:45:00,335.107483
2025-12-07 07:00:00,339.708221
2025-12-07 07:15:00,347.317474
2025-12-07 07:30:00,354.15686
2025-12-07 07:45:00,352.643616
2025-12-07 08:00:00,345.958527
2025-12-07 08:15:00,333.001556
2025-12-07 08:30:00,331.480225
2025-12-07 08:45:00,312.916443
2025-12-07 09:00:00,272.32074
2025-12-07 09:15:00,173.099503
2025-12-07 09:30:00,158.964249
2025-12-07 09:45:00,144.8974
2025-12-07 10:00:00,139.197159
2025-12-07 10:15:00,100.318878
2025-12-07 10:30:00,85.671051
2025-12-07 10:45:00,71.401978
2025-12-07 11:00:00,66.518646
2025-12-07 11:15:00,31.568857
2025-12-07 11:30:00,27.919319
2025-12-07 11:45:00,8.811086
2025-12-07 12:00:00,8.980293
2025-12-07 12:15:00,28.027908
2025-12-07 12:30:00,51.056538
2025-12-07 12:45:00,56.664848
2025-12-07 13:00:00,79.175682
2025-12-07 13:15:00,79.112061
2025-12-07 13:30:00,71.553276
2025-12-07 13:45:00,71.220383
2025-12-07 14:00:00,90.105438
2025-12-07 14:15:00,89.246941
2025-12-07 14:30:00,75.643318
2025-12-07 14:45:00,153.196777
2025-12-07 15:00:00,160.95932
2025-12-07 15:15:00,314.375793
2025-12-07 15:30:00,329.263306
2025-12-07 15:45:00,339.028992
2025-12-07 16:00:00,342.116974
2025-12-07 16:15:00,355.567383
2025-12-07 16:30:00,364.185242
2025-12-07 16:45:00,355.548492
2025-12-07 17:00:00,355.562897
2025-12-07 17:15:00,354.879089
2025-12-07 17:30:00,355.102997
2025-12-07 17:45:00,347.716156
2025-12-07 18:00:00,348.962219
2025-12-07 18:15:00,336.542938
2025-12-07 18:30:00,340.191193
2025-12-07 18:45:00,347.740936
2025-12-07 19:00:00,342.965271
2025-12-07 19:15:00,340.329742
2025-12-07 19:30:00,337.415161
2025-12-07 19:45:00,338.86853
2025-12-07 20:00:00,339.09967
2025-12-07 20:15:00,337.28653
2025-12-07 20:30:00,341.23111
2025-12-07 20:45:00,341.139099
2025-12-07 21:00:00,333.413391
2025-12-07 21:15:00,341.322662
2025-12-07 21:30:00,331.375702
2025-12-07 21:45:00,312.258911
2025-12-07 22:00:00,306.322601
2025-12-07 22:15:00,296.873047
2025-12-07 22:30:00,291.553162
2025-12-07 22:45:00,292.044922
2025-12-07 23:00:00,288.268738
2025-12-07 23:15:00,279.500854
2025-12-07 23:30:00,279.549255
2025-12-07 23:45:00,256.963226
2025-12-08 00:00:00,187.266312
2025-12-08 00:15:00,169.166092
2025-12-08 00:30:00,140.361786
2025-12-08 00:45:00,97.427139
2025-12-08 01:00:00,91.517311
2025-12-08 01:15:00,77.353622
2025-12-08 01:30:00,75.201561
2025-12-08 01:45:00,67.549713
2025-12-08 02:00:00,65.859306
2025-12-08 02:15:00,67.868805
2025-12-08 02:30:00,67.855621
2025-12-08 02:45:00,64.469994
2025-12-08 03:00:00,64.448059
2025-12-08 03:15:00,58.478722
2025-12-08 03:30:00,58.547134
2025-12-08 03:45:00,58.587929
2025-12-08 04:00:00,68.238983
2025-12-08 04:15:00,76.006172
2025-12-08 04:30:00,91.880936
2025-12-08 04:45:00,136.306442
2025-12-08 05:00:00,169.62471
2025-12-08 05:15:00,201.882813
2025-12-08 05:30:00,257.056335
2025-12-08 05:45:00,248.576172
2025-12-08 06:00:00,278.07312
2025-12-08 06:15:00,297.164368
2025-12-08 06:30:00,312.10199
2025-12-08 06:45:00,314.320496
2025-12-08 07:00:00,338.150696
2025-12-08 07:15:00,347.096649
2025-12-08 07:30:00,357.202057
2025-12-08 07:45:00,348.413422
2025-12-08 08:00:00,334.700958
2025-12-08 08:15:00,322.664185
2025-12-08 08:30:00,304.742523
2025-12-08 08:45:00,242.177689
2025-12-08 09:00:00,141.603546
2025-12-08 09:15:00,111.526642
2025-12-08 09:30:00,64.280579
2025-12-08 09:45:00,38.311188
2025-12-08 10:00:00,34.67664
2025-12-08 10:15:00,28.592985
2025-12-08 10:30:00,9.668659
2025-12-08 10:45:00,9.902427
2025-12-08 11:00:00,7.068215
2025-12-08 11:15:00,7.886557
2025-12-08 11:30:00,10.009797
2025-12-08 11:45:00,6.344266
2025-12-08 12:00:00,6.330447
2025-12-08 12:15:00,10.879663
2025-12-08 12:30:00,9.819508
2025-12-08 12:45:00,11.306833
2025-12-08 13:00:00,11.646632
2025-12-08 13:15:00,12.301507
2025-12-08 13:30:00,9.156809
2025-12-08 13:45:00,12.536892
2025-12-08 14:00:00,11.754543
2025-12-08 14:15:00,11.382537
2025-12-08 14:30:00,11.593265
2025-12-08 14:45:00,77.030853
2025-12-08 15:00:00,86.173698
2025-12-08 15:15:00,186.329041
2025-12-08 15:30:00,313.946899
2025-12-08 15:45:00,335.157318
2025-12-08 16:00:00,349.971466
2025-12-08 16:15:00,389.33667
2025-12-08 16:30:00,480.446564
2025-12-08 16:45:00,396.580811
2025-12-08 17:00:00,396.368103
2025-12-08 17:15:00,396.237244
2025-12-08 17:30:00,376.289032
2025-12-08 17:45:00,358.419464
2025-12-08 18:00:00,358.524109
2025-12-08 18:15:00,348.728088
2025-12-08 18:30:00,345.946808
2025-12-08 18:45:00,339.709839
2025-12-08 19:00:00,336.809265
2025-12-08 19:15:00,333.123322
2025-12-08 19:30:00,321.324707
2025-12-08 19:45:00,316.093567
2025-12-08 20:00:00,317.516846
2025-12-08 20:15:00,316.684052
2025-12-08 20:30:00,305.875702
2025-12-08 20:45:00,303.764862
2025-12-08 21:00:00,297.967224
2025-12-08 21:15:00,303.616058
2025-12-08 21:30:00,294.541199
2025-12-08 21:45:00,288.381989
2025-12-08 22:00:00,279.165588
2025-12-08 22:15:00,261.906036
2025-12-08 22:30:00,252.802032
2025-12-08 22:45:00,257.23465
2025-12-08 23:00:00,266.649017
2025-12-08 23:15:00,247.844971
2025-12-08 23:30:00,247.539688
2025-12-08 23:45:00,218.607208
2025-12-09 00:00:00,258.095673
2025-12-09 00:15:00,258.1828
2025-12-09 00:30:00,257.476624
2025-12-09 00:45:00,258.45462
2025-12-09 01:00:00,258.237152
2025-12-09 01:15:00,249.755829
2025-12-09 01:30:00,249.73349
2025-12-09 01:45:00,235.740921
2025-12-09 02:00:00,258.264771
2025-12-09 02:15:00,268.083923
2025-12-09 02:30:00,258.259308
2025-12-09 02:45:00,261.710175
2025-12-09 03:00:00,268.085938
2025-12-09 03:15:00,258.327789
2025-12-09 03:30:00,258.63208
2025-12-09 03:45:00,258.810089
2025-12-09 04:00:00,262.002808
2025-12-09 04:15:00,262.074097
2025-12-09 04:30:00,259.040894
2025-12-09 04:45:00,261.940216
2025-12-09 05:00:00,280.393036
2025-12-09 05:15:00,291.255066
2025-12-09 05:30:00,301.983643
2025-12-09 05:45:00,313.150696
2025-12-09 06:00:00,326.952209
2025-12-09 06:15:00,326.727203
2025-12-09 06:30:00,343.737122
2025-12-09 06:45:00,356.75885
2025-12-09 07:00:00,400.662537
2025-12-09 07:15:00,420.826019
2025-12-09 07:30:00,421.076294
2025-12-09 07:45:00,431.486359
2025-12-09 08:00:00,397.180573
2025-12-09 08:15:00,364.493866
2025-12-09 08:30:00,342.676575
2025-12-09 08:45:00,314.039551
2025-12-09 09:00:00,293.285004
2025-12-09 09:15:00,257.526978
2025-12-09 09:30:00,182.202347
2025-12-09 09:45:00,166.02562
2025-12-09 10:00:00,138.072586
2025-12-09 10:15:00,90.383736
2025-12-09 10:30:00,57.644547
2025-12-09 10:45:00,38.700603
2025-12-09 11:00:00,32.25655
2025-12-09 11:15:00,9.975176
2025-12-09 11:30:00,8.04004
2025-12-09 11:45:00,8.144919
2025-12-09 12:00:00,10.698015
2025-12-09 12:15:00,11.521385
2025-12-09 12:30:00,7.860064
2025-12-09 12:45:00,12.158378
2025-12-09 13:00:00,12.408211
2025-12-09 13:15:00,9.120757
2025-12-09 13:30:00,9.039058
2025-12-09 13:45:00,8.157767
2025-12-09 14:00:00,8.886251
2025-12-09 14:15:00,8.150727
2025-12-09 14:30:00,27.546587
2025-12-09 14:45:00,52.034744
2025-12-09 15:00:00,85.421005
2025-12-09 15:15:00,169.710785
2025-12-09 15:30:00,301.266754
2025-12-09 15:45:00,339.587524
2025-12-09 16:00:00,330.246094
2025-12-09 16:15:00,353.936768
2025-12-09 16:30:00,340.688385
2025-12-09 16:45:00,331.758667
2025-12-09 17:00:00,343.538055
2025-12-09 17:15:00,346.457336
2025-12-09 17:30:00,346.447327
2025-12-09 17:45:00,341.298187
2025-12-09 18:00:00,338.518768
2025-12-09 18:15:00,331.324707
2025-12-09 18:30:00,331.301208
2025-12-09 18:45:00,331.563812
2025-12-09 19:00:00,323.791595
2025-12-09 19:15:00,323.802429
2025-12-09 19:30:00,321.930389
2025-12-09 19:45:00,321.950378
2025-12-09 20:00:00,318.215607
2025-12-09 20:15:00,318.119141
2025-12-09 20:30:00,324.00824
2025-12-09 20:45:00,323.338318
2025-12-09 21:00:00,321.425781
2025-12-09 21:15:00,326.647705
2025-12-09 21:30:00,321.753418
2025-12-09 21:45:00,311.894653
2025-12-09 22:00:00,312.92572
2025-12-09 22:15:00,310.641022
2025-12-09 22:30:00,319.84021
2025-12-09 22:45:00,312.71524
2025-12-09 23:00:00,308.787109
2025-12-09 23:15:00,296.732422
2025-12-09 23:30:00,291.076385
2025-12-09 23:45:00,292.093445
2025-12-10 00:00:00,306.893036
2025-12-10 00:15:00,310.235687
2025-12-10 00:30:00,307.551361
2025-12-10 00:45:00,306.929169
2025-12-10 01:00:00,306.101135
2025-12-10 01:15:00,305.800385
2025-12-10 01:30:00,297.187378
2025-12-10 01:45:00,305.94339
2025-12-10 02:00:00,306.246033
2025-12-10 02:15:00,306.034576
2025-12-10 02:30:00,306.668365
2025-12-10 02:45:00,305.95932
2025-12-10 03:00:00,305.985992
2025-12-10 03:15:00,305.666901
2025-12-10 03:30:00,296.500305
2025-12-10 03:45:00,291.919617
2025-12-10 04:00:00,296.970703
2025-12-10 04:15:00,306.186707
2025-12-10 04:30:00,306.251434
2025-12-10 04:45:00,305.862488
2025-12-10 05:00:00,307.05423
2025-12-10 05:15:00,306.682465
2025-12-10 05:30:00,309.536438
2025-12-10 05:45:00,312.580811
2025-12-10 06:00:00,317.613159
2025-12-10 06:15:00,326.223602
2025-12-10 06:30:00,329.86795
2025-12-10 06:45:00,338.585236
2025-12-10 07:00:00,352.497528
2025-12-10 07:15:00,379.535431
2025-12-10 07:30:00,382.38681
2025-12-10 07:45:00,397.583435
2025-12-10 08:00:00,492.94632
2025-12-10 08:15:00,504.157928
2025-12-10 08:30:00,493.086334
2025-12-10 08:45:00,635.27124
2025-12-10 09:00:00,498.036041
2025-12-10 09:15:00,530.327576
2025-12-10 09:30:00,792.965027
2025-12-10 09:45:00,984.766296
2025-12-10 10:00:00,944.187012
2025-12-10 10:15:00,403.639282
2025-12-10 10:30:00,370.824341
2025-12-10 10:45:00,347.589142
2025-12-10 11:00:00,381.967224
2025-12-10 11:15:00,312.852783
2025-12-10 11:30:00,295.387451
2025-12-10 11:45:00,114.787476
2025-12-10 12:00:00,134.469193
2025-12-10 12:15:00,93.022629
2025-12-10 12:30:00,146.534653
2025-12-10 12:45:00,116.319038
2025-12-10 13:00:00,122.562325
2025-12-10 13:15:00,136.850571
2025-12-10 13:30:00,132.108871
2025-12-10 13:45:00,87.006645
2025-12-10 14:00:00,82.543114
2025-12-10 14:15:00,106.035263
2025-12-10 14:30:00,162.318619
2025-12-10 14:45:00,289.066772
2025-12-10 15:00:00,298.57196
2025-12-10 15:15:00,315.283447
2025-12-10 15:30:00,332.34259
2025-12-10 15:45:00,353.105286
2025-12-10 16:00:00,365.370667
2025-12-10 16:15:00,501.246796
2025-12-10 16:30:00,426.453278
2025-12-10 16:45:00,374.36795
2025-12-10 17:00:00,386.470276
2025-12-10 17:15:00,369.044159
2025-12-10 17:30:00,357.977692
2025-12-10 17:45:00,366.922272
2025-12-10 18:00:00,452.000031
2025-12-10 18:15:00,400.000061
2025-12-10 18:30:00,370.0
2025-12-10 18:45:00,359.999969
2025-12-10 19:00:00,377.170105
2025-12-10 19:15:00,370.000153
2025-12-10 19:30:00,371.000061
2025-12-10 19:45:00,374.099915
2025-12-10 20:00:00,370.844757
2025-12-10 20:15:00,400.000031
2025-12-10 20:30:00,377.170105
2025-12-10 20:45:00,480.999878
2025-12-10 21:00:00,385.000153
2025-12-10 21:15:00,390.0
2025-12-10 21:30:00,401.445587
2025-12-10 21:45:00,398.629578
2025-12-10 22:00:00,398.632629
2025-12-10 22:15:00,375.589478
2025-12-10 22:30:00,354.679535
2025-12-10 22:45:00,346.254272
2025-12-10 23:00:00,344.872681
2025-12-10 23:15:00,334.073334
2025-12-10 23:30:00,333.516205
2025-12-10 23:45:00,325.227936
2025-12-11 00:00:00,354.000031
2025-12-11 00:15:00,356.329712
2025-12-11 00:30:00,354.999847
2025-12-11 00:45:00,352.000031
2025-12-11 01:00:00,352.000092
2025-12-11 01:15:00,352.000183
2025-12-11 01:30:00,352.0
2025-12-11 01:45:00,353.999969
2025-12-11 02:00:00,354.000061
2025-12-11 02:15:00,353.999969
2025-12-11 02:30:00,353.999878
2025-12-11 02:45:00,352.0
2025-12-11 03:00:00,352.0
2025-12-11 03:15:00,351.999969
2025-12-11 03:30:00,351.999817
2025-12-11 03:45:00,354.000092
2025-12-11 04:00:00,353.999969
2025-12-11 04:15:00,352.000092
2025-12-11 04:30:00,354.000153
2025-12-11 04:45:00,354.000031
2025-12-11 05:00:00,354.999847
2025-12-11 05:15:00,355.999908
2025-12-11 05:30:00,355.999969
2025-12-11 05:45:00,355.999939
2025-12-11 06:00:00,360.0
2025-12-11 06:15:00,371.999939
2025-12-11 06:30:00,380.000031
2025-12-11 06:45:00,417.550079
2025-12-11 07:00:00,480.503662
2025-12-11 07:15:00,568.908752
2025-12-11 07:30:00,568.941833
2025-12-11 07:45:00,484.142334
2025-12-11 08:00:00,423.106415
2025-12-11 08:15:00,379.382233
2025-12-11 08:30:00,361.626312
2025-12-11 08:45:00,355.903351
2025-12-11 09:00:00,354.019562
2025-12-11 09:15:00,330.999969
2025-12-11 09:30:00,300.000153
2025-12-11 09:45:00,185.254425
2025-12-11 10:00:00,25.474232
2025-12-11 10:15:00,48.676865
2025-12-11 10:30:00,23.466413
2025-12-11 10:45:00,23.486128
2025-12-11 11:00:00,44.806377
2025-12-11 11:15:00,5.680991
2025-12-11 11:30:00,3.32428
2025-12-11 11:45:00,3.341438
2025-12-11 12:00:00,3.206107
2025-12-11 12:15:00,7.862377
2025-12-11 12:30:00,3.139855
2025-12-11 12:45:00,5.334972
2025-12-11 13:00:00,8.090018
2025-12-11 13:15:00,4.811413
2025-12-11 13:30:00,24.162855
2025-12-11 13:45:00,24.911192
2025-12-11 14:00:00,80.566055
2025-12-11 14:15:00,151.410263
2025-12-11 14:30:00,199.999924
2025-12-11 14:45:00,331.999725
2025-12-11 15:00:00,352.0
2025-12-11 15:15:00,358.0
2025-12-11 15:30:00,381.000092
2025-12-11 15:45:00,482.903412
2025-12-11 16:00:00,505.348389
2025-12-11 16:15:00,529.234558
2025-12-11 16:30:00,529.125
2025-12-11 16:45:00,419.169678
2025-12-11 17:00:00,413.953827
2025-12-11 17:15:00,390.025269
2025-12-11 17:30:00,392.04068
2025-12-11 17:45:00,381.153015
2025-12-11 18:00:00,382.225677
2025-12-11 18:15:00,372.392059
2025-12-11 18:30:00,363.64209
2025-12-11 18:45:00,360.811401
2025-12-11 19:00:00,321.356018
2025-12-11 19:15:00,306.286194
2025-12-11 19:30:00,310.684692
2025-12-11 19:45:00,299.990295
2025-12-11 20:00:00,286.561432
2025-12-11 20:15:00,272.443604
2025-12-11 20:30:00,273.426178
2025-12-11 20:45:00,250.894867
2025-12-11 21:00:00,268.383759
2025-12-11 21:15:00,330.370819
2025-12-11 21:30:00,333.869232
2025-12-11 21:45:00,242.149902
2025-12-11 22:00:00,201.523315
2025-12-11 22:15:00,187.550583
2025-12-11 22:30:00,182.591843
2025-12-11 22:45:00,181.628616
2025-12-11 23:00:00,91.666084
2025-12-11 23:15:00,42.332703
2025-12-11 23:30:00,42.000004
2025-12-11 23:45:00,39.999996
2025-12-12 00:00:00,332.562866
2025-12-12 00:15:00,333.515717
2025-12-12 00:30:00,331.999878
2025-12-12 00:45:00,330.999969
2025-12-12 01:00:00,300.0
2025-12-12 01:15:00,319.999969
2025-12-12 01:30:00,330.000031
2025-12-12 01:45:00,248.299988
2025-12-12 02:00:00,297.999878
2025-12-12 02:15:00,259.999939
2025-12-12 02:30:00,248.300079
2025-12-12 02:45:00,182.000031
2025-12-12 03:00:00,181.000031
2025-12-12 03:15:00,180.000061
2025-12-12 03:30:00,179.999969
2025-12-12 03:45:00,159.999969
2025-12-12 04:00:00,79.999969
2025-12-12 04:15:00,77.999985
2025-12-12 04:30:00,128.071564
2025-12-12 04:45:00,90.0
2025-12-12 05:00:00,182.000076
2025-12-12 05:15:00,188.000031
2025-12-12 05:30:00,228.000031
2025-12-12 05:45:00,227.999924
2025-12-12 06:00:00,317.999878
2025-12-12 06:15:00,300.0
2025-12-12 06:30:00,331.477478
2025-12-12 06:45:00,331.458252
2025-12-12 07:00:00,333.4198
2025-12-12 07:15:00,337.87384
2025-12-12 07:30:00,341.187988
2025-12-12 07:45:00,346.612213
2025-12-12 08:00:00,358.954285
2025-12-12 08:15:00,363.888428
2025-12-12 08:30:00,366.008392
2025-12-12 08:45:00,366.107147
2025-12-12 09:00:00,378.654266
2025-12-12 09:15:00,382.556366
2025-12-12 09:30:00,372.518036
2025-12-12 09:45:00,377.699188
2025-12-12 10:00:00,378.37677
2025-12-12 10:15:00,391.353577
2025-12-12 10:30:00,391.456818
2025-12-12 10:45:00,377.409058
2025-12-12 11:00:00,384.511932
2025-12-12 11:15:00,374.22876
2025-12-12 11:30:00,369.172272
2025-12-12 11:45:00,360.986176
2025-12-12 12:00:00,358.832581
2025-12-12 12:15:00,352.106293
2025-12-12 12:30:00,339.438477
2025-12-12 12:45:00,346.925049
2025-12-12 13:00:00,349.255768
2025-12-12 13:15:00,343.371521
2025-12-12 13:30:00,345.283112
2025-12-12 13:45:00,344.118042
2025-12-12 14:00:00,342.257446
2025-12-12 14:15:00,356.071198
2025-12-12 14:30:00,360.192505
2025-12-12 14:45:00,369.517914
2025-12-12 15:00:00,372.172913
2025-12-12 15:15:00,370.990173
2025-12-12 15:30:00,387.408234
2025-12-12 15:45:00,387.341156
2025-12-12 16:00:00,387.254791
2025-12-12 16:15:00,410.681427
2025-12-12 16:30:00,426.518097
2025-12-12 16:45:00,421.965393
2025-12-12 17:00:00,454.578918
2025-12-12 17:15:00,437.099518
2025-12-12 17:30:00,487.661987
2025-12-12 17:45:00,442.161621
2025-12-12 18:00:00,433.429199
2025-12-12 18:15:00,404.033569
2025-12-12 18:30:00,419.98465
2025-12-12 18:45:00,432.155731
2025-12-12 19:00:00,407.429871
2025-12-12 19:15:00,407.387512
2025-12-12 19:30:00,434.707153
2025-12-12 19:45:00,482.854553
2025-12-12 20:00:00,441.643921
2025-12-12 20:15:00,578.230225
2025-12-12 20:30:00,578.230408
2025-12-12 20:45:00,550.000061
2025-12-12 21:00:00,527.000305
2025-12-12 21:15:00,629.000305
2025-12-12 21:30:00,482.999969
2025-12-12 21:45:00,483.000183
2025-12-12 22:00:00,430.800018
2025-12-12 22:15:00,429.200012
2025-12-12 22:30:00,400.000061
2025-12-12 22:45:00,391.999908
2025-12-12 23:00:00,393.900024
2025-12-12 23:15:00,392.000092
2025-12-12 23:30:00,387.000092
2025-12-12 23:45:00,377.000122
2025-12-13 00:00:00,428.231476
2025-12-13 00:15:00,437.606232
2025-12-13 00:30:00,414.580017
2025-12-13 00:45:00,416.084686
2025-12-13 01:00:00,410.157104
2025-12-13 01:15:00,416.082733
2025-12-13 01:30:00,420.117828
2025-12-13 01:45:00,416.15979
2025-12-13 02:00:00,428.436279
2025-12-13 02:15:00,416.270569
2025-12-13 02:30:00,398.194672
2025-12-13 02:45:00,386.853943
2025-12-13 03:00:00,386.865936
2025-12-13 03:15:00,380.359619
2025-12-13 03:30:00,378.73056
2025-12-13 03:45:00,377.137268
2025-12-13 04:00:00,380.335724
2025-12-13 04:15:00,378.143005
2025-12-13 04:30:00,378.115112
2025-12-13 04:45:00,387.285034
2025-12-13 05:00:00,396.470184
2025-12-13 05:15:00,398.447144
2025-12-13 05:30:00,416.561584
2025-12-13 05:45:00,416.530029
2025-12-13 06:00:00,394.417603
2025-12-13 06:15:00,380.752441
2025-12-13 06:30:00,398.301361
2025-12-13 06:45:00,398.385895
2025-12-13 07:00:00,420.410614
2025-12-13 07:15:00,439.537384
2025-12-13 07:30:00,481.516602
2025-12-13 07:45:00,570.16449
2025-12-13 08:00:00,726.058899
2025-12-13 08:15:00,716.000366
2025-12-13 08:30:00,566.000305
2025-12-13 08:45:00,536.660095
2025-12-13 09:00:00,459.000244
2025-12-13 09:15:00,387.942413
2025-12-13 09:30:00,363.979523
2025-12-13 09:45:00,357.645599
2025-12-13 10:00:00,334.636841
2025-12-13 10:15:00,298.000061
2025-12-13 10:30:00,330.999969
2025-12-13 10:45:00,272.699707
2025-12-13 11:00:00,173.888824
2025-12-13 11:15:00,3.796726
2025-12-13 11:30:00,3.007987
2025-12-13 11:45:00,3.246741
2025-12-13 12:00:00,3.554863
2025-12-13 12:15:00,3.752508
2025-12-13 12:30:00,3.899791
2025-12-13 12:45:00,6.290169
2025-12-13 13:00:00,6.897377
2025-12-13 13:15:00,7.840621
2025-12-13 13:30:00,8.745659
2025-12-13 13:45:00,7.112261
2025-12-13 14:00:00,7.923525
2025-12-13 14:15:00,4.786246
2025-12-13 14:30:00,6.58369
2025-12-13 14:45:00,26.109468
2025-12-13 15:00:00,26.260216
2025-12-13 15:15:00,196.950943
2025-12-13 15:30:00,337.55545
2025-12-13 15:45:00,367.078064
2025-12-13 16:00:00,398.273987
2025-12-13 16:15:00,492.332336
2025-12-13 16:30:00,524.417175
2025-12-13 16:45:00,447.719421
2025-12-13 17:00:00,572.837708
2025-12-13 17:15:00,576.684448
2025-12-13 17:30:00,587.799194
2025-12-13 17:45:00,519.738831
2025-12-13 18:00:00,573.599487
2025-12-13 18:15:00,533.169495
2025-12-13 18:30:00,573.654907
2025-12-13 18:45:00,607.462463
2025-12-13 19:00:00,585.75061
2025-12-13 19:15:00,584.760437
2025-12-13 19:30:00,572.603455
2025-12-13 19:45:00,584.784729
2025-12-13 20:00:00,635.388916
2025-12-13 20:15:00,682.817383
2025-12-13 20:30:00,682.816956
2025-12-13 20:45:00,650.363342
2025-12-13 21:00:00,672.374634
2025-12-13 21:15:00,925.299927
2025-12-13 21:30:00,925.299988
2025-12-13 21:45:00,925.300171
2025-12-13 22:00:00,779.000244
2025-12-13 22:15:00,716.999878
2025-12-13 22:30:00,579.200073
2025-12-13 22:45:00,526.500183
2025-12-13 23:00:00,536.660278
2025-12-13 23:15:00,479.000183
2025-12-13 23:30:00,416.000183
2025-12-13 23:45:00,416.0
2025-12-14 00:00:00,536.659973
2025-12-14 00:15:00,601.000488
2025-12-14 00:30:00,536.850586
2025-12-14 00:45:00,652.022705
2025-12-14 01:00:00,518.26178
2025-12-14 01:15:00,509.958221
2025-12-14 01:30:00,462.928955
2025-12-14 01:45:00,455.121796
2025-12-14 02:00:00,431.826355
2025-12-14 02:15:00,411.395569
2025-12-14 02:30:00,396.157867
2025-12-14 02:45:00,380.11377
2025-12-14 03:00:00,378.097107
2025-12-14 03:15:00,375.164703
2025-12-14 03:30:00,372.175201
2025-12-14 03:45:00,377.025208
2025-12-14 04:00:00,374.095642
2025-12-14 04:15:00,367.15921
2025-12-14 04:30:00,368.481628
2025-12-14 04:45:00,369.624542
2025-12-14 05:00:00,370.607147
2025-12-14 05:15:00,372.093994
2025-12-14 05:30:00,374.723236
2025-12-14 05:45:00,375.062622
2025-12-14 06:00:00,359.999939
2025-12-14 06:15:00,360.000183
2025-12-14 06:30:00,359.999847
2025-12-14 06:45:00,360.000183
2025-12-14 07:00:00,376.044128
2025-12-14 07:15:00,376.51239
2025-12-14 07:30:00,388.613556
2025-12-14 07:45:00,386.304016
2025-12-14 08:00:00,374.135651
2025-12-14 08:15:00,366.210846
2025-12-14 08:30:00,351.843903
2025-12-14 08:45:00,350.127899
2025-12-14 09:00:00,323.654877
2025-12-14 09:15:00,178.517242
2025-12-14 09:30:00,104.498283
2025-12-14 09:45:00,22.497906
2025-12-14 10:00:00,3.833503
2025-12-14 10:15:00,4.202458
2025-12-14 10:30:00,4.147258
2025-12-14 10:45:00,4.003112
2025-12-14 11:00:00,54.489056
2025-12-14 11:15:00,3.485482
2025-12-14 11:30:00,3.666311
2025-12-14 11:45:00,3.874802
2025-12-14 12:00:00,3.57017
2025-12-14 12:15:00,4.053744
2025-12-14 12:30:00,3.752161
2025-12-14 12:45:00,6.571233
2025-12-14 13:00:00,7.202253
2025-12-14 13:15:00,4.05972
2025-12-14 13:30:00,6.04125
2025-12-14 13:45:00,3.956408
2025-12-14 14:00:00,5.470405
2025-12-14 14:15:00,3.749135
2025-12-14 14:30:00,3.811613
2025-12-14 14:45:00,6.110921
2025-12-14 15:00:00,43.761459
2025-12-14 15:15:00,190.84726
2025-12-14 15:30:00,339.71225
2025-12-14 15:45:00,357.209686
2025-12-14 16:00:00,362.938568
2025-12-14 16:15:00,378.277008
2025-12-14 16:30:00,382.078705
2025-12-14 16:45:00,380.48761
2025-12-14 17:00:00,384.151093
2025-12-14 17:15:00,396.2659
2025-12-14 17:30:00,398.551575
2025-12-14 17:45:00,381.433258
2025-12-14 18:00:00,381.487
2025-12-14 18:15:00,377.765594
2025-12-14 18:30:00,377.548645
2025-12-14 18:45:00,377.52594
2025-12-14 19:00:00,364.311218
2025-12-14 19:15:00,364.247864
2025-12-14 19:30:00,371.955048
2025-12-14 19:45:00,372.875275
2025-12-14 20:00:00,378.314575
2025-12-14 20:15:00,378.323364
2025-12-14 20:30:00,380.448914
2025-12-14 20:45:00,379.319427
2025-12-14 21:00:00,380.25
2025-12-14 21:15:00,380.128082
2025-12-14 21:30:00,379.999908
2025-12-14 21:45:00,379.999908
2025-12-14 22:00:00,383.7966
2025-12-14 22:15:00,369.999969
2025-12-14 22:30:00,360.000092
2025-12-14 22:45:00,358.000031
2025-12-14 23:00:00,356.0
2025-12-14 23:15:00,351.999817
2025-12-14 23:30:00,340.000092
2025-12-14 23:45:00,337.999908
2025-12-15 00:00:00,353.999817
2025-12-15 00:15:00,357.295624
2025-12-15 00:30:00,356.000061
2025-12-15 00:45:00,352.0
2025-12-15 01:00:00,338.000061
2025-12-15 01:15:00,336.999847
2025-12-15 01:30:00,332.000031
2025-12-15 01:45:00,334.000092
2025-12-15 02:00:00,332.000061
2025-12-15 02:15:00,330.000092
2025-12-15 02:30:00,329.999786
2025-12-15 02:45:00,330.000031
2025-12-15 03:00:00,330.0
2025-12-15 03:15:00,330.000092
2025-12-15 03:30:00,329.999939
2025-12-15 03:45:00,298.000031
2025-12-15 04:00:00,299.999969
2025-12-15 04:15:00,299.999878
2025-12-15 04:30:00,299.999908
2025-12-15 04:45:00,299.999878
2025-12-15 05:00:00,299.999969
2025-12-15 05:15:00,330.999908
2025-12-15 05:30:00,331.000031
2025-12-15 05:45:00,330.000061
2025-12-15 06:00:00,330.999908
2025-12-15 06:15:00,330.999969
2025-12-15 06:30:00,330.999969
2025-12-15 06:45:00,332.000031
2025-12-15 07:00:00,352.078369
2025-12-15 07:15:00,356.016235
2025-12-15 07:30:00,360.000031
2025-12-15 07:45:00,360.000214
2025-12-15 08:00:00,360.000153
2025-12-15 08:15:00,370.936432
2025-12-15 08:30:00,380.928558
2025-12-15 08:45:00,528.0
2025-12-15 09:00:00,571.285522
2025-12-15 09:15:00,919.576538
2025-12-15 09:30:00,714.720276
2025-12-15 09:45:00,582.165771
2025-12-15 10:00:00,475.645599
2025-12-15 10:15:00,468.422333
2025-12-15 10:30:00,458.440277
2025-12-15 10:45:00,452.672577
2025-12-15 11:00:00,691.995789
2025-12-15 11:15:00,400.09201
2025-12-15 11:30:00,405.513702
2025-12-15 11:45:00,384.076508
2025-12-15 12:00:00,347.740173
2025-12-15 12:15:00,346.23996
2025-12-15 12:30:00,333.822632
2025-12-15 12:45:00,330.30957
2025-12-15 13:00:00,333.662079
2025-12-15 13:15:00,330.584839
2025-12-15 13:30:00,252.042328
2025-12-15 13:45:00,194.765381
2025-12-15 14:00:00,334.609955
2025-12-15 14:15:00,342.556915
2025-12-15 14:30:00,355.571045
2025-12-15 14:45:00,362.908569
2025-12-15 15:00:00,364.612793
2025-12-15 15:15:00,379.022949
2025-12-15 15:30:00,421.141998
2025-12-15 15:45:00,504.013062
2025-12-15 16:00:00,483.299744
2025-12-15 16:15:00,439.609131
2025-12-15 16:30:00,469.33609
2025-12-15 16:45:00,469.603973
2025-12-15 17:00:00,424.764832
2025-12-15 17:15:00,423.843201
2025-12-15 17:30:00,489.953064
2025-12-15 17:45:00,470.09256
2025-12-15 18:00:00,420.688049
2025-12-15 18:15:00,384.792999
2025-12-15 18:30:00,383.164581
2025-12-15 18:45:00,383.692902
2025-12-15 19:00:00,377.000061
2025-12-15 19:15:00,377.000244
2025-12-15 19:30:00,378.225311
2025-12-15 19:45:00,376.276611
2025-12-15 20:00:00,376.36145
2025-12-15 20:15:00,376.346527
2025-12-15 20:30:00,377.242889
2025-12-15 20:45:00,376.098358
2025-12-15 21:00:00,377.0
2025-12-15 21:15:00,376.999847
2025-12-15 21:30:00,374.000031
2025-12-15 21:45:00,373.999878
2025-12-15 22:00:00,360.000092
2025-12-15 22:15:00,360.000122
2025-12-15 22:30:00,360.000275
2025-12-15 22:45:00,360.000031
2025-12-15 23:00:00,360.000122
2025-12-15 23:15:00,360.000092
2025-12-15 23:30:00,359.999847
2025-12-15 23:45:00,358.000092
2025-12-16 00:00:00,360.000031
2025-12-16 00:15:00,360.000061
2025-12-16 00:30:00,360.000122
2025-12-16 00:45:00,360.0
2025-12-16 01:00:00,359.999878
2025-12-16 01:15:00,359.999817
2025-12-16 01:30:00,360.000031
2025-12-16 01:45:00,359.999878
2025-12-16 02:00:00,359.999908
2025-12-16 02:15:00,360.000061
2025-12-16 02:30:00,359.999908
2025-12-16 02:45:00,360.0
2025-12-16 03:00:00,357.999969
2025-12-16 03:15:00,358.000031
2025-12-16 03:30:00,358.0
2025-12-16 03:45:00,358.000031
2025-12-16 04:00:00,357.999908
2025-12-16 04:15:00,357.999939
2025-12-16 04:30:00,360.000092
2025-12-16 04:45:00,360.000092
2025-12-16 05:00:00,372.055939
2025-12-16 05:15:00,374.077454
2025-12-16 05:30:00,377.101593
2025-12-16 05:45:00,377.098755
2025-12-16 06:00:00,377.098297
2025-12-16 06:15:00,374.083649
2025-12-16 06:30:00,380.097839
2025-12-16 06:45:00,380.110504
2025-12-16 07:00:00,401.73584
2025-12-16 07:15:00,459.000031
2025-12-16 07:30:00,600.999756
2025-12-16 07:45:00,650.000671
2025-12-16 08:00:00,650.000122
2025-12-16 08:15:00,620.0
2025-12-16 08:30:00,570.0
2025-12-16 08:45:00,649.999878
2025-12-16 09:00:00,645.423401
2025-12-16 09:15:00,524.297363
2025-12-16 09:30:00,415.438873
2025-12-16 09:45:00,379.940277
2025-12-16 10:00:00,359.877838
2025-12-16 10:15:00,351.979431
2025-12-16 10:30:00,333.314819
2025-12-16 10:45:00,266.563171
2025-12-16 11:00:00,189.905594
2025-12-16 11:15:00,56.198189
2025-12-16 11:30:00,23.732872
2025-12-16 11:45:00,3.75211
2025-12-16 12:00:00,5.848523
2025-12-16 12:15:00,6.450802
2025-12-16 12:30:00,5.843779
2025-12-16 12:45:00,6.795773
2025-12-16 13:00:00,7.05062
2025-12-16 13:15:00,26.450882
2025-12-16 13:30:00,28.048248
2025-12-16 13:45:00,45.25256
2025-12-16 14:00:00,54.681271
2025-12-16 14:15:00,185.862289
2025-12-16 14:30:00,249.99292
2025-12-16 14:45:00,354.090759
2025-12-16 15:00:00,360.203918
2025-12-16 15:15:00,395.856506
2025-12-16 15:30:00,516.085022
2025-12-16 15:45:00,526.999878
2025-12-16 16:00:00,478.999969
2025-12-16 16:15:00,476.999603
2025-12-16 16:30:00,629.000061
2025-12-16 16:45:00,590.000061
2025-12-16 17:00:00,600.171692
2025-12-16 17:15:00,527.75946
2025-12-16 17:30:00,714.760437
2025-12-16 17:45:00,600.872009
2025-12-16 18:00:00,499.270325
2025-12-16 18:15:00,497.479889
2025-12-16 18:30:00,478.543823
2025-12-16 18:45:00,578.9104
2025-12-16 19:00:00,626.242798
2025-12-16 19:15:00,499.640381
2025-12-16 19:30:00,499.853943
2025-12-16 19:45:00,499.627869
2025-12-16 20:00:00,585.776184
2025-12-16 20:15:00,501.562897
2025-12-16 20:30:00,450.999817
2025-12-16 20:45:00,459.149933
2025-12-16 21:00:00,420.000092
2025-12-16 21:15:00,419.999969
2025-12-16 21:30:00,379.999969
2025-12-16 21:45:00,369.999908
2025-12-16 22:00:00,372.000061
2025-12-16 22:15:00,374.000214
2025-12-16 22:30:00,359.999969
2025-12-16 22:45:00,359.999878
2025-12-16 23:00:00,360.000183
2025-12-16 23:15:00,357.000092
2025-12-16 23:30:00,352.000061
2025-12-16 23:45:00,349.999817
2025-12-17 00:00:00,360.000153
2025-12-17 00:15:00,360.000061
2025-12-17 00:30:00,358.0
2025-12-17 00:45:00,354.000214
2025-12-17 01:00:00,350.000031
2025-12-17 01:15:00,338.000153
2025-12-17 01:30:00,333.000061
2025-12-17 01:45:00,329.999969
2025-12-17 02:00:00,330.0
2025-12-17 02:15:00,311.999695
2025-12-17 02:30:00,271.150085
2025-12-17 02:45:00,188.102966
2025-12-17 03:00:00,182.168259
2025-12-17 03:15:00,163.44162
2025-12-17 03:30:00,162.567734
2025-12-17 03:45:00,162.526749
2025-12-17 04:00:00,184.574646
2025-12-17 04:15:00,184.630356
2025-12-17 04:30:00,184.53566
2025-12-17 04:45:00,184.508987
2025-12-17 05:00:00,240.475525
2025-12-17 05:15:00,312.141113
2025-12-17 05:30:00,313.166138
2025-12-17 05:45:00,330.01651
2025-12-17 06:00:00,333.190308
2025-12-17 06:15:00,332.007324
2025-12-17 06:30:00,333.999878
2025-12-17 06:45:00,339.999908
2025-12-17 07:00:00,353.999878
2025-12-17 07:15:00,358.000122
2025-12-17 07:30:00,359.999725
2025-12-17 07:45:00,359.999908
2025-12-17 08:00:00,360.000092
2025-12-17 08:15:00,374.000092
2025-12-17 08:30:00,360.000153
2025-12-17 08:45:00,354.000092
2025-12-17 09:00:00,339.999786
2025-12-17 09:15:00,337.000031
2025-12-17 09:30:00,330.088531
2025-12-17 09:45:00,316.567108
2025-12-17 10:00:00,268.007385
2025-12-17 10:15:00,180.197479
2025-12-17 10:30:00,92.992264
2025-12-17 10:45:00,34.568211
2025-12-17 11:00:00,83.889854
2025-12-17 11:15:00,3.802482
2025-12-17 11:30:00,3.462001
2025-12-17 11:45:00,3.948552
2025-12-17 12:00:00,5.05954
2025-12-17 12:15:00,5.547753
2025-12-17 12:30:00,5.219517
2025-12-17 12:45:00,6.626126
2025-12-17 13:00:00,7.108784
2025-12-17 13:15:00,6.466187
2025-12-17 13:30:00,5.922425
2025-12-17 13:45:00,5.976563
2025-12-17 14:00:00,6.202977
2025-12-17 14:15:00,5.527769
2025-12-17 14:30:00,32.834641
2025-12-17 14:45:00,297.614655
2025-12-17 15:00:00,332.414459
2025-12-17 15:15:00,352.667725
2025-12-17 15:30:00,360.052338
2025-12-17 15:45:00,399.926971
2025-12-17 16:00:00,499.605835
2025-12-17 16:15:00,500.000122
2025-12-17 16:30:00,649.774902
2025-12-17 16:45:00,585.999878
2025-12-17 17:00:00,502.000214
2025-12-17 17:15:00,499.670776
2025-12-17 17:30:00,522.5
2025-12-17 17:45:00,470.0
2025-12-17 18:00:00,461.55014
2025-12-17 18:15:00,433.000092
2025-12-17 18:30:00,416.769775
2025-12-17 18:45:00,433.000061
2025-12-17 19:00:00,490.000305
2025-12-17 19:15:00,435.999969
2025-12-17 19:30:00,416.000092
2025-12-17 19:45:00,416.0
2025-12-17 20:00:00,433.652069
2025-12-17 20:15:00,499.717804
2025-12-17 20:30:00,567.489441
2025-12-17 20:45:00,499.670288
2025-12-17 21:00:00,600.000061
2025-12-17 21:15:00,519.999939
2025-12-17 21:30:00,522.5
2025-12-17 21:45:00,499.999908
2025-12-17 22:00:00,499.670013
2025-12-17 22:15:00,433.000061
2025-12-17 22:30:00,393.999817
2025-12-17 22:45:00,399.999969
2025-12-17 23:00:00,416.769958
2025-12-17 23:15:00,393.899994
2025-12-17 23:30:00,416.0
2025-12-17 23:45:00,400.000061
2025-12-18 00:00:00,540.550537
2025-12-18 00:15:00,517.483765
2025-12-18 00:30:00,415.437897
2025-12-18 00:45:00,433.000092
2025-12-18 01:00:00,419.999756
2025-12-18 01:15:00,416.769714
2025-12-18 01:30:00,400.000092
2025-12-18 01:45:00,393.900208
2025-12-18 02:00:00,383.001434
2025-12-18 02:15:00,380.000122
2025-12-18 02:30:00,373.999847
2025-12-18 02:45:00,359.999847
2025-12-18 03:00:00,359.999878
2025-12-18 03:15:00,360.000031
2025-12-18 03:30:00,353.999969
2025-12-18 03:45:00,353.999725
2025-12-18 04:00:00,353.999939
2025-12-18 04:15:00,349.999939
2025-12-18 04:30:00,354.000092
2025-12-18 04:45:00,357.999786
2025-12-18 05:00:00,359.999786
2025-12-18 05:15:00,360.000061
2025-12-18 05:30:00,373.999878
2025-12-18 05:45:00,374.000153
2025-12-18 06:00:00,378.000031
2025-12-18 06:15:00,378.000092
2025-12-18 06:30:00,373.999969
2025-12-18 06:45:00,381.150208
2025-12-18 07:00:00,383.000061
2025-12-18 07:15:00,420.000122
2025-12-18 07:30:00,445.800598
2025-12-18 07:45:00,498.999786
2025-12-18 08:00:00,498.000336
2025-12-18 08:15:00,433.0
2025-12-18 08:30:00,383.000122
2025-12-18 08:45:00,360.000183
2025-12-18 09:00:00,357.000122
2025-12-18 09:15:00,357.000031
2025-12-18 09:30:00,338.000183
2025-12-18 09:45:00,331.782288
2025-12-18 10:00:00,330.207764
2025-12-18 10:15:00,248.868347
2025-12-18 10:30:00,151.914337
2025-12-18 10:45:00,43.121361
2025-12-18 11:00:00,25.427885
2025-12-18 11:15:00,3.524471
2025-12-18 11:30:00,3.366156
2025-12-18 11:45:00,3.171412
2025-12-18 12:00:00,3.185312
2025-12-18 12:15:00,3.25805
2025-12-18 12:30:00,3.161401
2025-12-18 12:45:00,3.629035
2025-12-18 13:00:00,3.728935
2025-12-18 13:15:00,3.595689
2025-12-18 13:30:00,3.507581
2025-12-18 13:45:00,3.544004
2025-12-18 14:00:00,23.496227
2025-12-18 14:15:00,32.854137
2025-12-18 14:30:00,151.488098
2025-12-18 14:45:00,300.243195
2025-12-18 15:00:00,338.000244
2025-12-18 15:15:00,354.0
2025-12-18 15:30:00,373.999908
2025-12-18 15:45:00,496.181549
2025-12-18 16:00:00,378.320587
2025-12-18 16:15:00,377.042145
2025-12-18 16:30:00,364.309662
2025-12-18 16:45:00,359.205719
2025-12-18 17:00:00,355.094177
2025-12-18 17:15:00,349.218964
2025-12-18 17:30:00,348.113831
2025-12-18 17:45:00,348.726532
2025-12-18 18:00:00,340.78006
2025-12-18 18:15:00,330.75647
2025-12-18 18:30:00,332.74765
2025-12-18 18:45:00,330.596954
2025-12-18 19:00:00,330.884674
2025-12-18 19:15:00,332.973877
2025-12-18 19:30:00,333.993713
2025-12-18 19:45:00,340.822723
2025-12-18 20:00:00,348.941803
2025-12-18 20:15:00,354.858612
2025-12-18 20:30:00,360.398712
2025-12-18 20:45:00,360.250366
2025-12-18 21:00:00,361.999908
2025-12-18 21:15:00,355.999939
2025-12-18 21:30:00,336.000092
2025-12-18 21:45:00,332.000183
2025-12-18 22:00:00,329.999908
2025-12-18 22:15:00,312.999908
2025-12-18 22:30:00,311.999847
2025-12-18 22:45:00,330.000061
2025-12-18 23:00:00,330.000092
2025-12-18 23:15:00,299.999939
2025-12-18 23:30:00,190.000076
2025-12-18 23:45:00,267.000031
2025-12-19 00:00:00,350.0
2025-12-19 00:15:00,353.999878
2025-12-19 00:30:00,352.799927
2025-12-19 00:45:00,350.000031
2025-12-19 01:00:00,338.000153
2025-12-19 01:15:00,334.000153
2025-12-19 01:30:00,330.000092
2025-12-19 01:45:00,333.000122
2025-12-19 02:00:00,332.0
2025-12-19 02:15:00,330.000031
2025-12-19 02:30:00,312.000092
2025-12-19 02:45:00,300.0
2025-12-19 03:00:00,307.370209
2025-12-19 03:15:00,295.341797
2025-12-19 03:30:00,294.678497
2025-12-19 03:45:00,234.666977
2025-12-19 04:00:00,293.525879
2025-12-19 04:15:00,292.598877
2025-12-19 04:30:00,305.185486
2025-12-19 04:45:00,323.260498
2025-12-19 05:00:00,324.956665
2025-12-19 05:15:00,327.337738
2025-12-19 05:30:00,343.477905
2025-12-19 05:45:00,347.532959
2025-12-19 06:00:00,347.506256
2025-12-19 06:15:00,347.189117
2025-12-19 06:30:00,349.130981
2025-12-19 06:45:00,349.005676
2025-12-19 07:00:00,353.527771
2025-12-19 07:15:00,367.883331
2025-12-19 07:30:00,370.015411
2025-12-19 07:45:00,393.899719
2025-12-19 08:00:00,397.999786
2025-12-19 08:15:00,393.999878
2025-12-19 08:30:00,416.000275
2025-12-19 08:45:00,393.999786
2025-12-19 09:00:00,360.000458
2025-12-19 09:15:00,355.999939
2025-12-19 09:30:00,356.000153
2025-12-19 09:45:00,352.799866
2025-12-19 10:00:00,354.000031
2025-12-19 10:15:00,350.000092
2025-12-19 10:30:00,333.282043
2025-12-19 10:45:00,312.454681
2025-12-19 11:00:00,321.184113
2025-12-19 11:15:00,163.417969
2025-12-19 11:30:00,17.81065
2025-12-19 11:45:00,2.593506
2025-12-19 12:00:00,17.561728
2025-12-19 12:15:00,2.512924
2025-12-19 12:30:00,2.397837
2025-12-19 12:45:00,3.046956
2025-12-19 13:00:00,5.366295
2025-12-19 13:15:00,36.697498
2025-12-19 13:30:00,101.890533
2025-12-19 13:45:00,164.582474
2025-12-19 14:00:00,295.306274
2025-12-19 14:15:00,329.899567
2025-12-19 14:30:00,331.289886
2025-12-19 14:45:00,350.042969
2025-12-19 15:00:00,360.000336
2025-12-19 15:15:00,380.000427
2025-12-19 15:30:00,500.000031
2025-12-19 15:45:00,527.000427
2025-12-19 16:00:00,527.000122
2025-12-19 16:15:00,499.000305
2025-12-19 16:30:00,471.999969
2025-12-19 16:45:00,432.999939
2025-12-19 17:00:00,394.2341
2025-12-19 17:15:00,394.000122
2025-12-19 17:30:00,393.900238
2025-12-19 17:45:00,380.000183
2025-12-19 18:00:00,382.999969
2025-12-19 18:15:00,380.000183
2025-12-19 18:30:00,379.999969
2025-12-19 18:45:00,380.000244
2025-12-19 19:00:00,380.550903
2025-12-19 19:15:00,394.859955
2025-12-19 19:30:00,400.941711
2025-12-19 19:45:00,396.878662
2025-12-19 20:00:00,390.000031
2025-12-19 20:15:00,393.999939
2025-12-19 20:30:00,378.0
2025-12-19 20:45:00,380.000031
2025-12-19 21:00:00,397.999847
2025-12-19 21:15:00,472.000092
2025-12-19 21:30:00,500.000031
2025-12-19 21:45:00,502.799805
2025-12-19 22:00:00,566.77002
2025-12-19 22:15:00,498.000092
2025-12-19 22:30:00,436.000061
2025-12-19 22:45:00,445.80011
2025-12-19 23:00:00,497.999817
2025-12-19 23:15:00,455.999969
2025-12-19 23:30:00,415.999939
2025-12-19 23:45:00,383.000092
2025-12-20 00:00:00,393.999847
2025-12-20 00:15:00,416.000061
2025-12-20 00:30:00,383.000031
2025-12-20 00:45:00,374.000092
2025-12-20 01:00:00,360.000061
2025-12-20 01:15:00,360.000092
2025-12-20 01:30:00,359.999817
2025-12-20 01:45:00,361.999939
2025-12-20 02:00:00,360.000153
2025-12-20 02:15:00,360.000061
2025-12-20 02:30:00,350.74292
2025-12-20 02:45:00,347.642151
2025-12-20 03:00:00,343.574768
2025-12-20 03:15:00,343.483734
2025-12-20 03:30:00,333.406219
2025-12-20 03:45:00,331.552368
2025-12-20 04:00:00,331.537201
2025-12-20 04:15:00,330.46228
2025-12-20 04:30:00,334.089966
2025-12-20 04:45:00,343.90387
2025-12-20 05:00:00,344.0289
2025-12-20 05:15:00,343.953979
2025-12-20 05:30:00,343.812775
2025-12-20 05:45:00,343.693268
2025-12-20 06:00:00,331.59201
2025-12-20 06:15:00,323.514771
2025-12-20 06:30:00,306.367432
2025-12-20 06:45:00,293.148132
2025-12-20 07:00:00,293.23822
2025-12-20 07:15:00,305.397461
2025-12-20 07:30:00,305.441223
2025-12-20 07:45:00,323.683868
2025-12-20 08:00:00,334.092865
2025-12-20 08:15:00,344.452057
2025-12-20 08:30:00,355.520386
2025-12-20 08:45:00,369.565979
2025-12-20 09:00:00,358.039001
2025-12-20 09:15:00,357.665497
2025-12-20 09:30:00,369.912354
2025-12-20 09:45:00,376.054718
2025-12-20 10:00:00,417.318848
2025-12-20 10:15:00,503.502594
2025-12-20 10:30:00,503.980316
2025-12-20 10:45:00,501.009918
2025-12-20 11:00:00,500.621887
2025-12-20 11:15:00,397.564789
2025-12-20 11:30:00,375.809387
2025-12-20 11:45:00,370.808044
2025-12-20 12:00:00,376.490784
2025-12-20 12:15:00,376.599091
2025-12-20 12:30:00,374.562317
2025-12-20 12:45:00,371.875244
2025-12-20 13:00:00,408.027313
2025-12-20 13:15:00,444.036591
2025-12-20 13:30:00,457.881042
2025-12-20 13:45:00,477.399719
2025-12-20 14:00:00,495.30426
2025-12-20 14:15:00,462.669891
2025-12-20 14:30:00,452.104523
2025-12-20 14:45:00,405.793549
2025-12-20 15:00:00,377.789398
2025-12-20 15:15:00,376.97406
2025-12-20 15:30:00,387.349396
2025-12-20 15:45:00,393.808838
2025-12-20 16:00:00,378.18396
2025-12-20 16:15:00,375.070892
2025-12-20 16:30:00,375.134491
2025-12-20 16:45:00,358.066467
2025-12-20 17:00:00,355.184326
2025-12-20 17:15:00,355.323517
2025-12-20 17:30:00,357.606506
2025-12-20 17:45:00,355.362579
2025-12-20 18:00:00,354.122498
2025-12-20 18:15:00,350.733734
2025-12-20 18:30:00,347.680573
2025-12-20 18:45:00,347.658295
2025-12-20 19:00:00,348.075348
2025-12-20 19:15:00,350.631653
2025-12-20 19:30:00,351.851013
2025-12-20 19:45:00,350.869263
2025-12-20 20:00:00,356.967834
2025-12-20 20:15:00,355.129608
2025-12-20 20:30:00,358.093262
2025-12-20 20:45:00,356.771271
2025-12-20 21:00:00,356.028076
2025-12-20 21:15:00,356.852814
2025-12-20 21:30:00,358.556488
2025-12-20 21:45:00,358.549713
2025-12-20 22:00:00,358.551239
2025-12-20 22:15:00,358.52832
2025-12-20 22:30:00,358.511597
2025-12-20 22:45:00,361.999969
2025-12-20 23:00:00,377.999878
2025-12-20 23:15:00,377.999939
2025-12-20 23:30:00,374.0
2025-12-20 23:45:00,374.0
2025-12-21 00:00:00,374.592529
2025-12-21 00:15:00,393.493591
2025-12-21 00:30:00,394.927734
2025-12-21 00:45:00,379.061768
2025-12-21 01:00:00,379.137238
2025-12-21 01:15:00,387.069977
2025-12-21 01:30:00,375.963928
2025-12-21 01:45:00,377.256866
2025-12-21 02:00:00,375.61441
2025-12-21 02:15:00,376.022675
2025-12-21 02:30:00,374.024689
2025-12-21 02:45:00,370.268372
2025-12-21 03:00:00,362.004822
2025-12-21 03:15:00,360.000031
2025-12-21 03:30:00,360.000031
2025-12-21 03:45:00,360.0
2025-12-21 04:00:00,359.999878
2025-12-21 04:15:00,360.000031
2025-12-21 04:30:00,360.000092
2025-12-21 04:45:00,359.999878
2025-12-21 05:00:00,357.724091
2025-12-21 05:15:00,357.704712
2025-12-21 05:30:00,374.237976
2025-12-21 05:45:00,374.082886
2025-12-21 06:00:00,373.075378
2025-12-21 06:15:00,360.000214
2025-12-21 06:30:00,357.000031
2025-12-21 06:45:00,356.000122
2025-12-21 07:00:00,357.999969
2025-12-21 07:15:00,359.999969
2025-12-21 07:30:00,359.999969
2025-12-21 07:45:00,372.999847
2025-12-21 08:00:00,380.000244
2025-12-21 08:15:00,460.000275
2025-12-21 08:30:00,506.999573
2025-12-21 08:45:00,616.450195
2025-12-21 09:00:00,649.669983
2025-12-21 09:15:00,992.277405
2025-12-21 09:30:00,985.480042
2025-12-21 09:45:00,999.999634
2025-12-21 10:00:00,985.715332
2025-12-21 10:15:00,980.701782
2025-12-21 10:30:00,980.778564
2025-12-21 10:45:00,980.697266
2025-12-21 11:00:00,977.772583
2025-12-21 11:15:00,980.788208
2025-12-21 11:30:00,942.03894
2025-12-21 11:45:00,498.413513
2025-12-21 12:00:00,792.270447
2025-12-21 12:15:00,987.851257
2025-12-21 12:30:00,981.810242
2025-12-21 12:45:00,981.071899
2025-12-21 13:00:00,981.038574
2025-12-21 13:15:00,980.969971
2025-12-21 13:30:00,981.005005
2025-12-21 13:45:00,980.986511
2025-12-21 14:00:00,986.676025
2025-12-21 14:15:00,980.710999
2025-12-21 14:30:00,985.671448
2025-12-21 14:45:00,985.546753
2025-12-21 15:00:00,985.438965
2025-12-21 15:15:00,999.999756
2025-12-21 15:30:00,985.118347
2025-12-21 15:45:00,984.95929
2025-12-21 16:00:00,991.007935
2025-12-21 16:15:00,795.571411
2025-12-21 16:30:00,738.537109
2025-12-21 16:45:00,586.000183
2025-12-21 17:00:00,641.062744
2025-12-21 17:15:00,510.142029
2025-12-21 17:30:00,507.225281
2025-12-21 17:45:00,507.080841
2025-12-21 18:00:00,510.148315
2025-12-21 18:15:00,499.669922
2025-12-21 18:30:00,499.999878
2025-12-21 18:45:00,500.0
2025-12-21 19:00:00,507.000122
2025-12-21 19:15:00,506.999939
2025-12-21 19:30:00,544.000061
2025-12-21 19:45:00,527.000122
2025-12-21 20:00:00,599.999817
2025-12-21 20:15:00,567.960083
2025-12-21 20:30:00,567.960022
2025-12-21 20:45:00,527.000183
2025-12-21 21:00:00,544.000183
2025-12-21 21:15:00,648.999817
2025-12-21 21:30:00,648.999817
2025-12-21 21:45:00,649.000183
2025-12-21 22:00:00,614.899414
2025-12-21 22:15:00,509.999817
2025-12-21 22:30:00,499.669983
2025-12-21 22:45:00,497.999939
2025-12-21 23:00:00,499.670197
2025-12-21 23:15:00,456.000031
2025-12-21 23:30:00,415.999847
2025-12-21 23:45:00,400.0
2025-12-22 00:00:00,357.17038
2025-12-22 00:15:00,371.471039
2025-12-22 00:30:00,357.169983
2025-12-22 00:45:00,357.170105
2025-12-22 01:00:00,357.170105
2025-12-22 01:15:00,357.16983
2025-12-22 01:30:00,378.139496
2025-12-22 01:45:00,378.17984
2025-12-22 02:00:00,377.471405
2025-12-22 02:15:00,376.706604
2025-12-22 02:30:00,377.420898
2025-12-22 02:45:00,372.777832
2025-12-22 03:00:00,362.390076
2025-12-22 03:15:00,362.402496
2025-12-22 03:30:00,357.687927
2025-12-22 03:45:00,357.681732
2025-12-22 04:00:00,357.674835
2025-12-22 04:15:00,357.291779
2025-12-22 04:30:00,357.289551
2025-12-22 04:45:00,357.657898
2025-12-22 05:00:00,357.281769
2025-12-22 05:15:00,357.283569
2025-12-22 05:30:00,357.16983
2025-12-22 05:45:00,357.283234
2025-12-22 06:00:00,357.16983
2025-12-22 06:15:00,357.170044
2025-12-22 06:30:00,357.170013
2025-12-22 06:45:00,357.170319
2025-12-22 07:00:00,362.208496
2025-12-22 07:15:00,377.598022
2025-12-22 07:30:00,388.940094
2025-12-22 07:45:00,397.969849
2025-12-22 08:00:00,540.376831
2025-12-22 08:15:00,642.912048
2025-12-22 08:30:00,649.669861
2025-12-22 08:45:00,649.669983
2025-12-22 09:00:00,649.669861
2025-12-22 09:15:00,649.669922
2025-12-22 09:30:00,686.72644
2025-12-22 09:45:00,686.851746
2025-12-22 10:00:00,686.88739
2025-12-22 10:15:00,686.969482
2025-12-22 10:30:00,687.031616
2025-12-22 10:45:00,687.091614
2025-12-22 11:00:00,687.258179
2025-12-22 11:15:00,515.666626
2025-12-22 11:30:00,402.355591
2025-12-22 11:45:00,397.170074
2025-12-22 12:00:00,494.147003
2025-12-22 12:15:00,516.914001
2025-12-22 12:30:00,398.405823
2025-12-22 12:45:00,403.697937
2025-12-22 13:00:00,397.381561
2025-12-22 13:15:00,396.093353
2025-12-22 13:30:00,377.169983
2025-12-22 13:45:00,377.170074
2025-12-22 14:00:00,377.170624
2025-12-22 14:15:00,377.169983
2025-12-22 14:30:00,396.533264
2025-12-22 14:45:00,396.532623
2025-12-22 15:00:00,494.778717
2025-12-22 15:15:00,398.278229
2025-12-22 15:30:00,398.22525
2025-12-22 15:45:00,398.807709
2025-12-22 16:00:00,398.502777
2025-12-22 16:15:00,398.667664
2025-12-22 16:30:00,398.635956
2025-12-22 16:45:00,400.349304
2025-12-22 17:00:00,452.923492
2025-12-22 17:15:00,400.064209
2025-12-22 17:30:00,400.265381
2025-12-22 17:45:00,380.148468
2025-12-22 18:00:00,380.01413
2025-12-22 18:15:00,379.200073
2025-12-22 18:30:00,379.349365
2025-12-22 18:45:00,379.794067
2025-12-22 19:00:00,379.391785
2025-12-22 19:15:00,379.488403
2025-12-22 19:30:00,379.466309
2025-12-22 19:45:00,378.231873
2025-12-22 20:00:00,378.629578
2025-12-22 20:15:00,377.912079
2025-12-22 20:30:00,377.359558
2025-12-22 20:45:00,377.170044
2025-12-22 21:00:00,377.169891
2025-12-22 21:15:00,377.170044
2025-12-22 21:30:00,397.170258
2025-12-22 21:45:00,397.169983
2025-12-22 22:00:00,397.170013
2025-12-22 22:15:00,397.169922
2025-12-22 22:30:00,377.169952
2025-12-22 22:45:00,377.169739
2025-12-22 23:00:00,377.170013
2025-12-22 23:15:00,377.170074
2025-12-22 23:30:00,377.16983
2025-12-22 23:45:00,357.169891
2025-12-23 00:00:00,359.999908
2025-12-23 00:15:00,359.999908
2025-12-23 00:30:00,358.0
2025-12-23 00:45:00,356.0
2025-12-23 01:00:00,357.999878
2025-12-23 01:15:00,358.000122
2025-12-23 01:30:00,360.0
2025-12-23 01:45:00,356.696228
2025-12-23 02:00:00,357.999908
2025-12-23 02:15:00,356.714569
2025-12-23 02:30:00,356.000122
2025-12-23 02:45:00,356.000183
2025-12-23 03:00:00,356.104553
2025-12-23 03:15:00,354.416077
2025-12-23 03:30:00,354.393616
2025-12-23 03:45:00,354.65152
2025-12-23 04:00:00,356.570496
2025-12-23 04:15:00,356.623322
2025-12-23 04:30:00,356.689148
2025-12-23 04:45:00,354.618195
2025-12-23 05:00:00,354.093079
2025-12-23 05:15:00,354.081238
2025-12-23 05:30:00,352.000122
2025-12-23 05:45:00,352.000061
2025-12-23 06:00:00,354.0
2025-12-23 06:15:00,351.999817
2025-12-23 06:30:00,350.000092
2025-12-23 06:45:00,350.000183
2025-12-23 07:00:00,356.000061
2025-12-23 07:15:00,356.000061
2025-12-23 07:30:00,357.471619
2025-12-23 07:45:00,351.799438
2025-12-23 08:00:00,353.735657
2025-12-23 08:15:00,357.621063
2025-12-23 08:30:00,361.589233
2025-12-23 08:45:00,374.856293
2025-12-23 09:00:00,374.939606
2025-12-23 09:15:00,374.449707
2025-12-23 09:30:00,378.157837
2025-12-23 09:45:00,380.417389
2025-12-23 10:00:00,382.328033
2025-12-23 10:15:00,395.234161
2025-12-23 10:30:00,380.349518
2025-12-23 10:45:00,377.437347
2025-12-23 11:00:00,404.241669
2025-12-23 11:15:00,363.605743
2025-12-23 11:30:00,359.999908
2025-12-23 11:45:00,358.167755
2025-12-23 12:00:00,364.269073
2025-12-23 12:15:00,367.869293
2025-12-23 12:30:00,380.636963
2025-12-23 12:45:00,382.841919
2025-12-23 13:00:00,384.899811
2025-12-23 13:15:00,400.773926
2025-12-23 13:30:00,378.108093
2025-12-23 13:45:00,360.638947
2025-12-23 14:00:00,360.570282
2025-12-23 14:15:00,358.000061
2025-12-23 14:30:00,360.629486
2025-12-23 14:45:00,361.999908
2025-12-23 15:00:00,360.5336
2025-12-23 15:15:00,360.490326
2025-12-23 15:30:00,363.108154
2025-12-23 15:45:00,360.941162
2025-12-23 16:00:00,370.70752
2025-12-23 16:15:00,373.790161
2025-12-23 16:30:00,380.691711
2025-12-23 16:45:00,374.000031
2025-12-23 17:00:00,362.934906
2025-12-23 17:15:00,362.867523
2025-12-23 17:30:00,364.838104
2025-12-23 17:45:00,362.953888
2025-12-23 18:00:00,361.18927
2025-12-23 18:15:00,358.265533
2025-12-23 18:30:00,356.524689
2025-12-23 18:45:00,356.518982
2025-12-23 19:00:00,356.151276
2025-12-23 19:15:00,357.397949
2025-12-23 19:30:00,357.389954
2025-12-23 19:45:00,356.52771
2025-12-23 20:00:00,357.405518
2025-12-23 20:15:00,361.087891
2025-12-23 20:30:00,359.123138
2025-12-23 20:45:00,359.999908
2025-12-23 21:00:00,360.000244
2025-12-23 21:15:00,360.000061
2025-12-23 21:30:00,358.000122
2025-12-23 21:45:00,356.0
2025-12-23 22:00:00,360.0
2025-12-23 22:15:00,357.000122
2025-12-23 22:30:00,353.999817
2025-12-23 22:45:00,356.000122
2025-12-23 23:00:00,356.000061
2025-12-23 23:15:00,354.000031
2025-12-23 23:30:00,355.999939
2025-12-23 23:45:00,355.999878
2025-12-24 00:00:00,314.999969
2025-12-24 00:15:00,319.014282
2025-12-24 00:30:00,316.717957
2025-12-24 00:45:00,320.881409
2025-12-24 01:00:00,321.108032
2025-12-24 01:15:00,321.104797
2025-12-24 01:30:00,316.71637
2025-12-24 01:45:00,315.397644
2025-12-24 02:00:00,317.083679
2025-12-24 02:15:00,321.237671
2025-12-24 02:30:00,319.26059
2025-12-24 02:45:00,317.300476
2025-12-24 03:00:00,317.306488
2025-12-24 03:15:00,318.368439
2025-12-24 03:30:00,321.256683
2025-12-24 03:45:00,318.440643
2025-12-24 04:00:00,317.442108
2025-12-24 04:15:00,316.438049
2025-12-24 04:30:00,316.467468
2025-12-24 04:45:00,318.413757
2025-12-24 05:00:00,316.483978
2025-12-24 05:15:00,316.447418
2025-12-24 05:30:00,309.69278
2025-12-24 05:45:00,316.98996
2025-12-24 06:00:00,316.437775
2025-12-24 06:15:00,317.302673
2025-12-24 06:30:00,315.874664
2025-12-24 06:45:00,315.667358
2025-12-24 07:00:00,320.976654
2025-12-24 07:15:00,330.755981
2025-12-24 07:30:00,320.970154
2025-12-24 07:45:00,321.14093
2025-12-24 08:00:00,327.964081
2025-12-24 08:15:00,341.7099
2025-12-24 08:30:00,359.414001
2025-12-24 08:45:00,376.446899
2025-12-24 09:00:00,376.424774
2025-12-24 09:15:00,380.884277
2025-12-24 09:30:00,380.9823
2025-12-24 09:45:00,375.0
2025-12-24 10:00:00,375.000214
2025-12-24 10:15:00,390.000061
2025-12-24 10:30:00,390.000183
2025-12-24 10:45:00,375.96167
2025-12-24 11:00:00,403.901764
2025-12-24 11:15:00,522.000122
2025-12-24 11:30:00,537.500183
2025-12-24 11:45:00,450.850281
2025-12-24 12:00:00,986.611755
2025-12-24 12:15:00,986.081116
2025-12-24 12:30:00,986.329773
2025-12-24 12:45:00,986.131531
2025-12-24 13:00:00,985.980286
2025-12-24 13:15:00,985.508118
2025-12-24 13:30:00,985.987854
2025-12-24 13:45:00,467.999786
2025-12-24 14:00:00,399.999878
2025-12-24 14:15:00,437.500122
2025-12-24 14:30:00,412.099976
2025-12-24 14:45:00,395.552277
2025-12-24 15:00:00,410.496246
2025-12-24 15:15:00,361.0
2025-12-24 15:30:00,375.972595
2025-12-24 15:45:00,380.973206
2025-12-24 16:00:00,395.92334
2025-12-24 16:15:00,410.925385
2025-12-24 16:30:00,395.895538
2025-12-24 16:45:00,390.937561
2025-12-24 17:00:00,375.964996
2025-12-24 17:15:00,355.989563
2025-12-24 17:30:00,356.111206
2025-12-24 17:45:00,356.240417
2025-12-24 18:00:00,351.617554
2025-12-24 18:15:00,340.728912
2025-12-24 18:30:00,336.691467
2025-12-24 18:45:00,320.145111
2025-12-24 19:00:00,320.000092
2025-12-24 19:15:00,320.898285
2025-12-24 19:30:00,327.852966
2025-12-24 19:45:00,327.869537
2025-12-24 20:00:00,330.089905
2025-12-24 20:15:00,330.823517
2025-12-24 20:30:00,340.468384
2025-12-24 20:45:00,329.294098
2025-12-24 21:00:00,327.081207
2025-12-24 21:15:00,320.0
2025-12-24 21:30:00,319.999847
2025-12-24 21:45:00,319.999969
2025-12-24 22:00:00,325.999969
2025-12-24 22:15:00,319.999939
2025-12-24 22:30:00,329.000244
2025-12-24 22:45:00,340.0
2025-12-24 23:00:00,331.600128
2025-12-24 23:15:00,318.000122
2025-12-24 23:30:00,316.000092
2025-12-24 23:45:00,314.999939
2025-12-25 00:00:00,350.000031
2025-12-25 00:15:00,351.60022
2025-12-25 00:30:00,340.000092
2025-12-25 00:45:00,328.999908
2025-12-25 01:00:00,326.999878
2025-12-25 01:15:00,320.0
2025-12-25 01:30:00,316.0
2025-12-25 01:45:00,316.0
2025-12-25 02:00:00,314.999969
2025-12-25 02:15:00,305.000092
2025-12-25 02:30:00,304.999969
2025-12-25 02:45:00,298.000031
2025-12-25 03:00:00,297.609985
2025-12-25 03:15:00,288.026917
2025-12-25 03:30:00,288.16922
2025-12-25 03:45:00,288.030182
2025-12-25 04:00:00,284.999939
2025-12-25 04:15:00,285.000092
2025-12-25 04:30:00,285.0
2025-12-25 04:45:00,280.917999
2025-12-25 05:00:00,273.042419
2025-12-25 05:15:00,288.14624
2025-12-25 05:30:00,288.000122
2025-12-25 05:45:00,288.000061
2025-12-25 06:00:00,289.999878
2025-12-25 06:15:00,300.000092
2025-12-25 06:30:00,314.560059
2025-12-25 06:45:00,319.999847
2025-12-25 07:00:00,348.000153
2025-12-25 07:15:00,357.000031
2025-12-25 07:30:00,368.400208
2025-12-25 07:45:00,375.0
2025-12-25 08:00:00,371.599854
2025-12-25 08:15:00,376.000122
2025-12-25 08:30:00,360.000214
2025-12-25 08:45:00,319.999786
2025-12-25 09:00:00,316.0
2025-12-25 09:15:00,254.999985
2025-12-25 09:30:00,147.609924
2025-12-25 09:45:00,77.049065
2025-12-25 10:00:00,44.726978
2025-12-25 10:15:00,23.122454
2025-12-25 10:30:00,3.462405
2025-12-25 10:45:00,5.779677
2025-12-25 11:00:00,4.964639
2025-12-25 11:15:00,5.116978
2025-12-25 11:30:00,4.752
2025-12-25 11:45:00,4.781746
2025-12-25 12:00:00,5.449425
2025-12-25 12:15:00,5.739456
2025-12-25 12:30:00,5.725062
2025-12-25 12:45:00,6.448652
2025-12-25 13:00:00,6.475875
2025-12-25 13:15:00,6.369872
2025-12-25 13:30:00,6.031502
2025-12-25 13:45:00,6.237307
2025-12-25 14:00:00,6.422657
2025-12-25 14:15:00,6.499703
2025-12-25 14:30:00,6.432254
2025-12-25 14:45:00,6.318941
2025-12-25 15:00:00,58.245365
2025-12-25 15:15:00,143.72496
2025-12-25 15:30:00,175.770157
2025-12-25 15:45:00,259.497925
2025-12-25 16:00:00,304.009888
2025-12-25 16:15:00,317.591644
2025-12-25 16:30:00,356.696411
2025-12-25 16:45:00,358.468567
2025-12-25 17:00:00,369.984131
2025-12-25 17:15:00,358.105438
2025-12-25 17:30:00,361.083008
2025-12-25 17:45:00,371.773315
2025-12-25 18:00:00,388.98349
2025-12-25 18:15:00,376.157745
2025-12-25 18:30:00,380.123962
2025-12-25 18:45:00,379.127014
2025-12-25 19:00:00,389.414551
2025-12-25 19:15:00,395.424957
2025-12-25 19:30:00,422.434113
2025-12-25 19:45:00,413.406158
2025-12-25 20:00:00,426.770538
2025-12-25 20:15:00,427.144653
2025-12-25 20:30:00,450.993652
2025-12-25 20:45:00,476.881805
2025-12-25 21:00:00,537.995483
2025-12-25 21:15:00,693.139832
2025-12-25 21:30:00,519.999939
2025-12-25 21:45:00,475.999908
2025-12-25 22:00:00,437.499878
2025-12-25 22:15:00,400.000031
2025-12-25 22:30:00,395.0
2025-12-25 22:45:00,399.999969
2025-12-25 23:00:00,394.999878
2025-12-25 23:15:00,393.879974
2025-12-25 23:30:00,374.999969
2025-12-25 23:45:00,358.999969
2025-12-26 00:00:00,419.999969
2025-12-26 00:15:00,419.998657
2025-12-26 00:30:00,420.008759
2025-12-26 00:45:00,397.360077
2025-12-26 01:00:00,379.000061
2025-12-26 01:15:00,361.000153
2025-12-26 01:30:00,357.610138
2025-12-26 01:45:00,359.999908
2025-12-26 02:00:00,360.000061
2025-12-26 02:15:00,358.999969
2025-12-26 02:30:00,357.000031
2025-12-26 02:45:00,348.999847
2025-12-26 03:00:00,349.0
2025-12-26 03:15:00,350.0
2025-12-26 03:30:00,349.000122
2025-12-26 03:45:00,339.999908
2025-12-26 04:00:00,339.999939
2025-12-26 04:15:00,339.999969
2025-12-26 04:30:00,349.000031
2025-12-26 04:45:00,340.000122
2025-12-26 05:00:00,339.999969
2025-12-26 05:15:00,350.999969
2025-12-26 05:30:00,359.999939
2025-12-26 05:45:00,355.999878
2025-12-26 06:00:00,358.999786
2025-12-26 06:15:00,379.000183
2025-12-26 06:30:00,430.000061
2025-12-26 06:45:00,460.000214
2025-12-26 07:00:00,570.000244
2025-12-26 07:15:00,745.00061
2025-12-26 07:30:00,719.999939
2025-12-26 07:45:00,957.34967
2025-12-26 08:00:00,957.350769
2025-12-26 08:15:00,630.000305
2025-12-26 08:30:00,507.610199
2025-12-26 08:45:00,379.999908
2025-12-26 09:00:00,337.610168
2025-12-26 09:15:00,300.435913
2025-12-26 09:30:00,230.984863
2025-12-26 09:45:00,139.5616
2025-12-26 10:00:00,105.118774
2025-12-26 10:15:00,72.601982
2025-12-26 10:30:00,42.974892
2025-12-26 10:45:00,23.855463
2025-12-26 11:00:00,22.805313
2025-12-26 11:15:00,5.156851
2025-12-26 11:30:00,4.78966
2025-12-26 11:45:00,5.23568
2025-12-26 12:00:00,5.592681
2025-12-26 12:15:00,5.137285
2025-12-26 12:30:00,5.697961
2025-12-26 12:45:00,5.792954
2025-12-26 13:00:00,5.597478
2025-12-26 13:15:00,5.657824
2025-12-26 13:30:00,3.682517
2025-12-26 13:45:00,6.809893
2025-12-26 14:00:00,5.766098
2025-12-26 14:15:00,2.726366
2025-12-26 14:30:00,2.745713
2025-12-26 14:45:00,22.353619
2025-12-26 15:00:00,76.466057
2025-12-26 15:15:00,151.80307
2025-12-26 15:30:00,202.232864
2025-12-26 15:45:00,291.725891
2025-12-26 16:00:00,313.397003
2025-12-26 16:15:00,361.424194
2025-12-26 16:30:00,401.41095
2025-12-26 16:45:00,380.656403
2025-12-26 17:00:00,380.671783
2025-12-26 17:15:00,379.382172
2025-12-26 17:30:00,391.998199
2025-12-26 17:45:00,380.211609
2025-12-26 18:00:00,389.070465
2025-12-26 18:15:00,375.349274
2025-12-26 18:30:00,371.331543
2025-12-26 18:45:00,353.3461
2025-12-26 19:00:00,357.168457
2025-12-26 19:15:00,359.176544
2025-12-26 19:30:00,356.714294
2025-12-26 19:45:00,357.673187
2025-12-26 20:00:00,375.822754
2025-12-26 20:15:00,361.101379
2025-12-26 20:30:00,351.26297
2025-12-26 20:45:00,349.035126
2025-12-26 21:00:00,356.000122
2025-12-26 21:15:00,355.000031
2025-12-26 21:30:00,350.999878
2025-12-26 21:45:00,351.600037
2025-12-26 22:00:00,351.600037
2025-12-26 22:15:00,359.999878
2025-12-26 22:30:00,360.000061
2025-12-26 22:45:00,357.610138
2025-12-26 23:00:00,359.999969
2025-12-26 23:15:00,358.999939
2025-12-26 23:30:00,350.000092
2025-12-26 23:45:00,349.000122
2025-12-27 00:00:00,380.000092
2025-12-27 00:15:00,380.000122
2025-12-27 00:30:00,371.000031
2025-12-27 00:45:00,359.999969
2025-12-27 01:00:00,350.999939
2025-12-27 01:15:00,340.000092
2025-12-27 01:30:00,340.000092
2025-12-27 01:45:00,340.000122
2025-12-27 02:00:00,339.999939
2025-12-27 02:15:00,339.999969
2025-12-27 02:30:00,337.610138
2025-12-27 02:45:00,327.000275
2025-12-27 03:00:00,317.610016
2025-12-27 03:15:00,312.000061
2025-12-27 03:30:00,310.000122
2025-12-27 03:45:00,311.600128
2025-12-27 04:00:00,311.600037
2025-12-27 04:15:00,305.000153
2025-12-27 04:30:00,312.0
2025-12-27 04:45:00,317.610046
2025-12-27 05:00:00,315.000031
2025-12-27 05:15:00,317.610107
2025-12-27 05:30:00,320.000061
2025-12-27 05:45:00,320.000092
2025-12-27 06:00:00,320.000183
2025-12-27 06:15:00,327.000031
2025-12-27 06:30:00,336.600128
2025-12-27 06:45:00,340.000214
2025-12-27 07:00:00,355.000214
2025-12-27 07:15:00,357.610046
2025-12-27 07:30:00,360.000031
2025-12-27 07:45:00,390.000397
2025-12-27 08:00:00,403.000031
2025-12-27 08:15:00,394.999878
2025-12-27 08:30:00,375.000122
2025-12-27 08:45:00,355.0
2025-12-27 09:00:00,299.999939
2025-12-27 09:15:00,230.000137
2025-12-27 09:30:00,135.000061
2025-12-27 09:45:00,94.650047
2025-12-27 10:00:00,60.00005
2025-12-27 10:15:00,29.478832
2025-12-27 10:30:00,22.393984
2025-12-27 10:45:00,4.369093
2025-12-27 11:00:00,1.789722
2025-12-27 11:15:00,3.638061
2025-12-27 11:30:00,0.0
2025-12-27 11:45:00,2.069887
2025-12-27 12:00:00,4.065697
2025-12-27 12:15:00,4.43082
2025-12-27 12:30:00,4.391842
2025-12-27 12:45:00,5.214215
2025-12-27 13:00:00,5.305604
2025-12-27 13:15:00,5.273617
2025-12-27 13:30:00,5.672462
2025-12-27 13:45:00,4.848693
2025-12-27 14:00:00,5.542697
2025-12-27 14:15:00,0.0
2025-12-27 14:30:00,5.24259
2025-12-27 14:45:00,6.157678
2025-12-27 15:00:00,32.626545
2025-12-27 15:15:00,116.596214
2025-12-27 15:30:00,169.287933
2025-12-27 15:45:00,286.081024
2025-12-27 16:00:00,306.234589
2025-12-27 16:15:00,332.010925
2025-12-27 16:30:00,358.627716
2025-12-27 16:45:00,357.760254
2025-12-27 17:00:00,360.092285
2025-12-27 17:15:00,355.058655
2025-12-27 17:30:00,360.048187
2025-12-27 17:45:00,359.055908
2025-12-27 18:00:00,360.086456
2025-12-27 18:15:00,357.7435
2025-12-27 18:30:00,357.000031
2025-12-27 18:45:00,357.610046
2025-12-27 19:00:00,355.999908
2025-12-27 19:15:00,357.006256
2025-12-27 19:30:00,359.081482
2025-12-27 19:45:00,340.000427
2025-12-27 20:00:00,340.034973
2025-12-27 20:15:00,351.386566
2025-12-27 20:30:00,355.463928
2025-12-27 20:45:00,348.990753
2025-12-27 21:00:00,339.999969
2025-12-27 21:15:00,360.499115
2025-12-27 21:30:00,351.599823
2025-12-27 21:45:00,339.999878
2025-12-27 22:00:00,337.609985
2025-12-27 22:15:00,340.000153
2025-12-27 22:30:00,339.999908
2025-12-27 22:45:00,351.599884
2025-12-27 23:00:00,340.0
2025-12-27 23:15:00,351.599915
2025-12-27 23:30:00,350.000153
2025-12-27 23:45:00,340.000153
2025-12-28 00:00:00,360.000092
2025-12-28 00:15:00,362.078003
2025-12-28 00:30:00,362.078461
2025-12-28 00:45:00,360.000122
2025-12-28 01:00:00,360.000031
2025-12-28 01:15:00,357.0
2025-12-28 01:30:00,355.999939
2025-12-28 01:45:00,353.999908
2025-12-28 02:00:00,353.999969
2025-12-28 02:15:00,350.000061
2025-12-28 02:30:00,349.999939
2025-12-28 02:45:00,350.000061
2025-12-28 03:00:00,340.000214
2025-12-28 03:15:00,340.000183
2025-12-28 03:30:00,337.000122
2025-12-28 03:45:00,336.000031
2025-12-28 04:00:00,334.000092
2025-12-28 04:15:00,333.000183
2025-12-28 04:30:00,332.000031
2025-12-28 04:45:00,333.000183
2025-12-28 05:00:00,333.000153
2025-12-28 05:15:00,330.000092
2025-12-28 05:30:00,332.000122
2025-12-28 05:45:00,329.999969
2025-12-28 06:00:00,329.999939
2025-12-28 06:15:00,311.999908
2025-12-28 06:30:00,311.999908
2025-12-28 06:45:00,330.000031
2025-12-28 07:00:00,335.999969
2025-12-28 07:15:00,340.000488
2025-12-28 07:30:00,350.000031
2025-12-28 07:45:00,355.999878
2025-12-28 08:00:00,354.000153
2025-12-28 08:15:00,349.999817
2025-12-28 08:30:00,333.000244
2025-12-28 08:45:00,298.0
2025-12-28 09:00:00,128.0
2025-12-28 09:15:00,78.944664
2025-12-28 09:30:00,23.527487
2025-12-28 09:45:00,2.707794
2025-12-28 10:00:00,2.74923
2025-12-28 10:15:00,4.715656
2025-12-28 10:30:00,7.236063
2025-12-28 10:45:00,5.051436
2025-12-28 11:00:00,4.415483
2025-12-28 11:15:00,3.790139
2025-12-28 11:30:00,3.383236
2025-12-28 11:45:00,0.0
2025-12-28 12:00:00,5.1189
2025-12-28 12:15:00,5.554414
2025-12-28 12:30:00,6.151834
2025-12-28 12:45:00,2.669708
2025-12-28 13:00:00,7.239439
2025-12-28 13:15:00,6.66538
2025-12-28 13:30:00,2.755976
2025-12-28 13:45:00,6.791748
2025-12-28 14:00:00,5.841669
2025-12-28 14:15:00,7.234934
2025-12-28 14:30:00,2.472017
2025-12-28 14:45:00,5.893894
2025-12-28 15:00:00,6.119299
2025-12-28 15:15:00,24.941032
2025-12-28 15:30:00,173.058395
2025-12-28 15:45:00,279.62207
2025-12-28 16:00:00,334.855225
2025-12-28 16:15:00,352.52359
2025-12-28 16:30:00,357.717255
2025-12-28 16:45:00,356.958496
2025-12-28 17:00:00,361.469208
2025-12-28 17:15:00,360.123535
2025-12-28 17:30:00,360.301331
2025-12-28 17:45:00,360.000031
2025-12-28 18:00:00,360.000092
2025-12-28 18:15:00,360.000092
2025-12-28 18:30:00,357.046783
2025-12-28 18:45:00,357.049713
2025-12-28 19:00:00,356.202484
2025-12-28 19:15:00,356.790619
2025-12-28 19:30:00,357.844727
2025-12-28 19:45:00,360.92392
2025-12-28 20:00:00,361.289063
2025-12-28 20:15:00,361.386932
2025-12-28 20:30:00,375.230835
2025-12-28 20:45:00,380.434479
2025-12-28 21:00:00,379.999939
2025-12-28 21:15:00,395.999939
2025-12-28 21:30:00,380.000061
2025-12-28 21:45:00,399.999878
2025-12-28 22:00:00,378.180206
2025-12-28 22:15:00,376.0
2025-12-28 22:30:00,374.000061
2025-12-28 22:45:00,372.999969
2025-12-28 23:00:00,360.000061
2025-12-28 23:15:00,359.999878
2025-12-28 23:30:00,360.0
2025-12-28 23:45:00,360.000031
2025-12-29 00:00:00,378.179932
2025-12-29 00:15:00,393.999878
2025-12-29 00:30:00,380.000031
2025-12-29 00:45:00,380.000092
2025-12-29 01:00:00,373.999878
2025-12-29 01:15:00,374.000122
2025-12-29 01:30:00,372.999878
2025-12-29 01:45:00,372.999634
2025-12-29 02:00:00,373.000061
2025-12-29 02:15:00,373.000092
2025-12-29 02:30:00,359.999969
2025-12-29 02:45:00,360.000031
2025-12-29 03:00:00,360.000153
2025-12-29 03:15:00,359.999969
2025-12-29 03:30:00,359.999847
2025-12-29 03:45:00,360.148346
2025-12-29 04:00:00,359.999878
2025-12-29 04:15:00,360.673553
2025-12-29 04:30:00,363.572418
2025-12-29 04:45:00,373.249939
2025-12-29 05:00:00,373.085388
2025-12-29 05:15:00,359.999969
2025-12-29 05:30:00,360.000092
2025-12-29 05:45:00,360.000183
2025-12-29 06:00:00,359.999939
2025-12-29 06:15:00,360.000153
2025-12-29 06:30:00,359.999939
2025-12-29 06:45:00,380.000153
2025-12-29 07:00:00,438.960205
2025-12-29 07:15:00,464.899933
2025-12-29 07:30:00,507.000122
2025-12-29 07:45:00,526.999756
2025-12-29 08:00:00,510.067841
2025-12-29 08:15:00,460.169891
2025-12-29 08:30:00,405.229156
2025-12-29 08:45:00,383.179657
2025-12-29 09:00:00,367.963348
2025-12-29 09:15:00,367.800262
2025-12-29 09:30:00,361.75885
2025-12-29 09:45:00,341.764404
2025-12-29 10:00:00,339.064667
2025-12-29 10:15:00,311.904602
2025-12-29 10:30:00,222.802307
2025-12-29 10:45:00,204.88295
2025-12-29 11:00:00,252.957397
2025-12-29 11:15:00,153.762817
2025-12-29 11:30:00,102.060905
2025-12-29 11:45:00,34.6092
2025-12-29 12:00:00,102.283562
2025-12-29 12:15:00,82.167664
2025-12-29 12:30:00,84.438614
2025-12-29 12:45:00,82.547806
2025-12-29 13:00:00,120.887589
2025-12-29 13:15:00,143.886917
2025-12-29 13:30:00,183.701843
2025-12-29 13:45:00,243.953522
2025-12-29 14:00:00,318.928192
2025-12-29 14:15:00,356.457184
2025-12-29 14:30:00,362.042389
2025-12-29 14:45:00,361.903351
2025-12-29 15:00:00,381.6427
2025-12-29 15:15:00,441.12915
2025-12-29 15:30:00,510.739929
2025-12-29 15:45:00,885.000488
2025-12-29 16:00:00,915.017761
2025-12-29 16:15:00,915.004089
2025-12-29 16:30:00,914.972717
2025-12-29 16:45:00,914.945862
2025-12-29 17:00:00,657.764587
2025-12-29 17:15:00,507.02655
2025-12-29 17:30:00,527.018494
2025-12-29 17:45:00,507.020081
2025-12-29 18:00:00,464.93866
2025-12-29 18:15:00,500.0
2025-12-29 18:30:00,465.925018
2025-12-29 18:45:00,465.917389
2025-12-29 19:00:00,457.790588
2025-12-29 19:15:00,431.96582
2025-12-29 19:30:00,406.590088
2025-12-29 19:45:00,430.540955
2025-12-29 20:00:00,477.466675
2025-12-29 20:15:00,508.603668
2025-12-29 20:30:00,501.599579
2025-12-29 20:45:00,455.210297
2025-12-29 21:00:00,499.000122
2025-12-29 21:15:00,527.000183
2025-12-29 21:30:00,404.999939
2025-12-29 21:45:00,387.199982
2025-12-29 22:00:00,378.180145
2025-12-29 22:15:00,353.715027
2025-12-29 22:30:00,366.577545
2025-12-29 22:45:00,353.6474
2025-12-29 23:00:00,353.721558
2025-12-29 23:15:00,349.591705
2025-12-29 23:30:00,347.262329
2025-12-29 23:45:00,347.417572
2025-12-30 00:00:00,354.418304
2025-12-30 00:15:00,354.236176
2025-12-30 00:30:00,354.160583
2025-12-30 00:45:00,354.13031
2025-12-30 01:00:00,354.380005
2025-12-30 01:15:00,360.000092
2025-12-30 01:30:00,374.017944
2025-12-30 01:45:00,378.99826
2025-12-30 02:00:00,380.101776
2025-12-30 02:15:00,378.278168
2025-12-30 02:30:00,376.085632
2025-12-30 02:45:00,374.831177
2025-12-30 03:00:00,377.036652
2025-12-30 03:15:00,374.321716
2025-12-30 03:30:00,365.230591
2025-12-30 03:45:00,375.213989
2025-12-30 04:00:00,374.055939
2025-12-30 04:15:00,360.564026
2025-12-30 04:30:00,360.57489
2025-12-30 04:45:00,360.91687
2025-12-30 05:00:00,361.458374
2025-12-30 05:15:00,360.923553
2025-12-30 05:30:00,361.438019
2025-12-30 05:45:00,360.000153
2025-12-30 06:00:00,359.999878
2025-12-30 06:15:00,360.000061
2025-12-30 06:30:00,373.008636
2025-12-30 06:45:00,374.000183
2025-12-30 07:00:00,379.999969
2025-12-30 07:15:00,393.999725
2025-12-30 07:30:00,405.000244
2025-12-30 07:45:00,438.960022
2025-12-30 08:00:00,464.899963
2025-12-30 08:15:00,500.000122
2025-12-30 08:30:00,441.599701
2025-12-30 08:45:00,405.000244
2025-12-30 09:00:00,381.533813
2025-12-30 09:15:00,361.47757
2025-12-30 09:30:00,362.670044
2025-12-30 09:45:00,357.183258
2025-12-30 10:00:00,350.208069
2025-12-30 10:15:00,351.503204
2025-12-30 10:30:00,348.05481
2025-12-30 10:45:00,342.822418
2025-12-30 11:00:00,333.589417
2025-12-30 11:15:00,217.969925
2025-12-30 11:30:00,153.379227
2025-12-30 11:45:00,186.897232
2025-12-30 12:00:00,318.035492
2025-12-30 12:15:00,317.71579
2025-12-30 12:30:00,303.012146
2025-12-30 12:45:00,291.177246
2025-12-30 13:00:00,304.064911
2025-12-30 13:15:00,309.252075
2025-12-30 13:30:00,331.550079
2025-12-30 13:45:00,334.475311
2025-12-30 14:00:00,350.194092
2025-12-30 14:15:00,356.999908
2025-12-30 14:30:00,359.999939
2025-12-30 14:45:00,379.999695
2025-12-30 15:00:00,464.899719
2025-12-30 15:15:00,528.179932
2025-12-30 15:30:00,594.999939
2025-12-30 15:45:00,614.899414
2025-12-30 16:00:00,507.000092
2025-12-30 16:15:00,507.000183
2025-12-30 16:30:00,506.999939
2025-12-30 16:45:00,543.999817
2025-12-30 17:00:00,507.000092
2025-12-30 17:15:00,460.000031
2025-12-30 17:30:00,458.653442
2025-12-30 17:45:00,432.965973
2025-12-30 18:00:00,432.999146
2025-12-30 18:15:00,399.045654
2025-12-30 18:30:00,399.091797
2025-12-30 18:45:00,381.137634
2025-12-30 19:00:00,367.207275
2025-12-30 19:15:00,366.886047
2025-12-30 19:30:00,368.182739
2025-12-30 19:45:00,367.934784
2025-12-30 20:00:00,368.295868
2025-12-30 20:15:00,374.58194
2025-12-30 20:30:00,374.654907
2025-12-30 20:45:00,368.332062
2025-12-30 21:00:00,367.077179
2025-12-30 21:15:00,354.027527
2025-12-30 21:30:00,354.061462
2025-12-30 21:45:00,348.037109
2025-12-30 22:00:00,348.122223
2025-12-30 22:15:00,328.005585
2025-12-30 22:30:00,306.818146
2025-12-30 22:45:00,259.440247
2025-12-30 23:00:00,207.524734
2025-12-30 23:15:00,159.345245
2025-12-30 23:30:00,125.088219
2025-12-30 23:45:00,117.341164
2025-12-31 00:00:00,191.423462
2025-12-31 00:15:00,233.961395
2025-12-31 00:30:00,191.555969
2025-12-31 00:45:00,165.730637
2025-12-31 01:00:00,160.994598
2025-12-31 01:15:00,136.972992
2025-12-31 01:30:00,125.244591
2025-12-31 01:45:00,132.269852
2025-12-31 02:00:00,125.386948
2025-12-31 02:15:00,106.770882
2025-12-31 02:30:00,106.759521
2025-12-31 02:45:00,98.557816
2025-12-31 03:00:00,87.962685
2025-12-31 03:15:00,126.816788
2025-12-31 03:30:00,126.862358
2025-12-31 03:45:00,98.657562
2025-12-31 04:00:00,95.757294
2025-12-31 04:15:00,98.676559
2025-12-31 04:30:00,107.286613
2025-12-31 04:45:00,107.18882
2025-12-31 05:00:00,107.211044
2025-12-31 05:15:00,96.639679
2025-12-31 05:30:00,87.507042
2025-12-31 05:45:00,88.466019
2025-12-31 06:00:00,125.284561
2025-12-31 06:15:00,132.228043
2025-12-31 06:30:00,167.786133
2025-12-31 06:45:00,195.765823
2025-12-31 07:00:00,311.210022
2025-12-31 07:15:00,311.223907
2025-12-31 07:30:00,328.236053
2025-12-31 07:45:00,334.464783
2025-12-31 08:00:00,351.781738
2025-12-31 08:15:00,354.996735
2025-12-31 08:30:00,355.279694
2025-12-31 08:45:00,355.282806
2025-12-31 09:00:00,354.974548
2025-12-31 09:15:00,352.095306
2025-12-31 09:30:00,348.966553
2025-12-31 09:45:00,352.259064
2025-12-31 10:00:00,351.133331
2025-12-31 10:15:00,352.748962
2025-12-31 10:30:00,355.781342
2025-12-31 10:45:00,360.023285
2025-12-31 11:00:00,358.620361
2025-12-31 11:15:00,341.318817
2025-12-31 11:30:00,307.015808
2025-12-31 11:45:00,339.36557
2025-12-31 12:00:00,346.459045
2025-12-31 12:15:00,344.145142
2025-12-31 12:30:00,340.541992
2025-12-31 12:45:00,342.647034
2025-12-31 13:00:00,356.753571
2025-12-31 13:15:00,344.936371
2025-12-31 13:30:00,331.296173
2025-12-31 13:45:00,330.547607
2025-12-31 14:00:00,339.09317
2025-12-31 14:15:00,352.166412
2025-12-31 14:30:00,355.346527
2025-12-31 14:45:00,354.199005
2025-12-31 15:00:00,368.391785
2025-12-31 15:15:00,372.623566
2025-12-31 15:30:00,375.505127
2025-12-31 15:45:00,375.40094
2025-12-31 16:00:00,382.571777
2025-12-31 16:15:00,372.589264
2025-12-31 16:30:00,372.547455
2025-12-31 16:45:00,355.345612
2025-12-31 17:00:00,355.302002
2025-12-31 17:15:00,355.158081
2025-12-31 17:30:00,355.218384
2025-12-31 17:45:00,352.318695
2025-12-31 18:00:00,352.244385
2025-12-31 18:15:00,352.08316
2025-12-31 18:30:00,347.480255
2025-12-31 18:45:00,335.106934
2025-12-31 19:00:00,335.92157
2025-12-31 19:15:00,349.703125
2025-12-31 19:30:00,345.766479
2025-12-31 19:45:00,345.794067
2025-12-31 20:00:00,350.259857
2025-12-31 20:15:00,350.400665
2025-12-31 20:30:00,353.553284
2025-12-31 20:45:00,353.139069
2025-12-31 21:00:00,352.719147
2025-12-31 21:15:00,351.68811
2025-12-31 21:30:00,345.184479
2025-12-31 21:45:00,332.60141
2025-12-31 22:00:00,330.859833
2025-12-31 22:15:00,328.34491
2025-12-31 22:30:00,325.555023
2025-12-31 22:45:00,310.178436
2025-12-31 23:00:00,287.034912
2025-12-31 23:15:00,235.493469
2025-12-31 23:30:00,194.188232
2025-12-31 23:45:00,208.087082
2026-01-01 00:00:00,279.76
2026-01-01 00:15:00,278.94
2026-01-01 00:30:00,278.06
2026-01-01 00:45:00,278.04
2026-01-01 01:00:00,277.98
2026-01-01 01:15:00,282.1
2026-01-01 01:30:00,282.89
2026-01-01 01:45:00,282.1
2026-01-01 02:00:00,282.1
2026-01-01 02:15:00,282.1
2026-01-01 02:30:00,282.1
2026-01-01 02:45:00,282.1
2026-01-01 03:00:00,280.53
2026-01-01 03:15:00,280.53
2026-01-01 03:30:00,278.96
2026-01-01 03:45:00,278.96
2026-01-01 04:00:00,277.39
2026-01-01 04:15:00,277.39
2026-01-01 04:30:00,277.39
2026-01-01 04:45:00,277.39
2026-01-01 05:00:00,277.39
2026-01-01 05:15:00,277.39
2026-01-01 05:30:00,277.39
2026-01-01 05:45:00,277.39
2026-01-01 06:00:00,277.39
2026-01-01 06:15:00,278.96
2026-01-01 06:30:00,280.53
2026-01-01 06:45:00,280.53
2026-01-01 07:00:00,280.53
2026-01-01 07:15:00,280.53
2026-01-01 07:30:00,280.54
2026-01-01 07:45:00,280.54
2026-01-01 08:00:00,282.1
2026-01-01 08:15:00,285.27
2026-01-01 08:30:00,294.74
2026-01-01 08:45:00,297.92
2026-01-01 09:00:00,301.34
2026-01-01 09:15:00,309.2
2026-01-01 09:30:00,342.98
2026-01-01 09:45:00,415.04
2026-01-01 10:00:00,417.36
2026-01-01 10:15:00,468.34
2026-01-01 10:30:00,496.8
2026-01-01 10:45:00,518.89
2026-01-01 11:00:00,525.03
2026-01-01 11:15:00,486.65
2026-01-01 11:30:00,460.48
2026-01-01 11:45:00,466.06
2026-01-01 12:00:00,619.53
2026-01-01 12:15:00,730.14
2026-01-01 12:30:00,642.9
2026-01-01 12:45:00,583.06
2026-01-01 13:00:00,646.28
2026-01-01 13:15:00,694.14
2026-01-01 13:30:00,578.92
2026-01-01 13:45:00,485.58
2026-01-01 14:00:00,379.95
2026-01-01 14:15:00,368.78
2026-01-01 14:30:00,362.76
2026-01-01 14:45:00,351.02
2026-01-01 15:00:00,419.62
2026-01-01 15:15:00,479.89
2026-01-01 15:30:00,496.63
2026-01-01 15:45:00,496.52
2026-01-01 16:00:00,380.27
2026-01-01 16:15:00,368.78
2026-01-01 16:30:00,345.75
2026-01-01 16:45:00,311.96
2026-01-01 17:00:00,311.96
2026-01-01 17:15:00,312.0
2026-01-01 17:30:00,334.0
2026-01-01 17:45:00,350.48
2026-01-01 18:00:00,354.4
2026-01-01 18:15:00,332.67
2026-01-01 18:30:00,332.39
2026-01-01 18:45:00,332.39
2026-01-01 19:00:00,322.47
2026-01-01 19:15:00,314.02
2026-01-01 19:30:00,321.51
2026-01-01 19:45:00,329.94
2026-01-01 20:00:00,332.82
2026-01-01 20:15:00,337.11
2026-01-01 20:30:00,345.79
2026-01-01 20:45:00,342.65
2026-01-01 21:00:00,345.79
2026-01-01 21:15:00,415.69
2026-01-01 21:30:00,447.12
2026-01-01 21:45:00,532.07
2026-01-01 22:00:00,655.6
2026-01-01 22:15:00,733.01
2026-01-01 22:30:00,569.55
2026-01-01 22:45:00,534.34
2026-01-01 23:00:00,499.77
2026-01-01 23:15:00,460.48
2026-01-01 23:30:00,333.96
2026-01-01 23:45:00,333.96
2026-01-02 00:00:00,323.66
2026-01-02 00:15:00,328.96
2026-01-02 00:30:00,290.93
2026-01-02 00:45:00,286.62
2026-01-02 01:00:00,256.38
2026-01-02 01:15:00,254.56
2026-01-02 01:30:00,246.78
2026-01-02 01:45:00,241.83
2026-01-02 02:00:00,240.62
2026-01-02 02:15:00,232.74
2026-01-02 02:30:00,232.74
2026-01-02 02:45:00,230.92
2026-01-02 03:00:00,230.92
2026-01-02 03:15:00,229.71
2026-01-02 03:30:00,226.08
2026-01-02 03:45:00,221.83
2026-01-02 04:00:00,226.08
2026-01-02 04:15:00,226.08
2026-01-02 04:30:00,230.92
2026-01-02 04:45:00,230.91
2026-01-02 05:00:00,230.92
2026-01-02 05:15:00,232.73
2026-01-02 05:30:00,238.18
2026-01-02 05:45:00,238.18
2026-01-02 06:00:00,241.8
2026-01-02 06:15:00,243.02
2026-01-02 06:30:00,249.48
2026-01-02 06:45:00,256.36
2026-01-02 07:00:00,290.57
2026-01-02 07:15:00,290.93
2026-01-02 07:30:00,293.23
2026-01-02 07:45:00,328.96
2026-01-02 08:00:00,340.4
2026-01-02 08:15:00,389.72
2026-01-02 08:30:00,383.06
2026-01-02 08:45:00,321.84
2026-01-02 09:00:00,298.63
2026-01-02 09:15:00,291.04
2026-01-02 09:30:00,298.75
2026-01-02 09:45:00,360.91
2026-01-02 10:00:00,359.1
2026-01-02 10:15:00,320.0
2026-01-02 10:30:00,284.87
2026-01-02 10:45:00,290.09
2026-01-02 11:00:00,262.61
2026-01-02 11:15:00,250.99
2026-01-02 11:30:00,248.59
2026-01-02 11:45:00,246.37
2026-01-02 12:00:00,293.61
2026-01-02 12:15:00,362.08
2026-01-02 12:30:00,499.73
2026-01-02 12:45:00,561.24
2026-01-02 13:00:00,593.29
2026-01-02 13:15:00,593.03
2026-01-02 13:30:00,596.22
2026-01-02 13:45:00,563.36
2026-01-02 14:00:00,430.8
2026-01-02 14:15:00,438.57
2026-01-02 14:30:00,414.53
2026-01-02 14:45:00,414.57
2026-01-02 15:00:00,431.31
2026-01-02 15:15:00,506.12
2026-01-02 15:30:00,513.86
2026-01-02 15:45:00,566.69
2026-01-02 16:00:00,431.53
2026-01-02 16:15:00,508.55
2026-01-02 16:30:00,566.61
2026-01-02 16:45:00,432.21
2026-01-02 17:00:00,508.51
2026-01-02 17:15:00,480.6
2026-01-02 17:30:00,429.16
2026-01-02 17:45:00,417.85
2026-01-02 18:00:00,502.14
2026-01-02 18:15:00,502.13
2026-01-02 18:30:00,560.28
2026-01-02 18:45:00,470.03
2026-01-02 19:00:00,502.4
2026-01-02 19:15:00,502.57
2026-01-02 19:30:00,433.42
2026-01-02 19:45:00,433.45
2026-01-02 20:00:00,448.71
2026-01-02 20:15:00,507.87
2026-01-02 20:30:00,506.58
2026-01-02 20:45:00,538.29
2026-01-02 21:00:00,558.66
2026-01-02 21:15:00,507.18
2026-01-02 21:30:00,558.84
2026-01-02 21:45:00,559.0
2026-01-02 22:00:00,559.27
2026-01-02 22:15:00,552.78
2026-01-02 22:30:00,553.94
2026-01-02 22:45:00,423.07
2026-01-02 23:00:00,412.86
2026-01-02 23:15:00,382.76
2026-01-02 23:30:00,320.49
2026-01-02 23:45:00,302.47
2026-01-03 00:00:00,355.05
2026-01-03 00:15:00,413.12
2026-01-03 00:30:00,417.64
2026-01-03 00:45:00,417.54
2026-01-03 01:00:00,421.26
2026-01-03 01:15:00,413.19
2026-01-03 01:30:00,413.21
2026-01-03 01:45:00,413.13
2026-01-03 02:00:00,413.12
2026-01-03 02:15:00,368.33
2026-01-03 02:30:00,328.97
2026-01-03 02:45:00,314.78
2026-01-03 03:00:00,294.14
2026-01-03 03:15:00,291.35
2026-01-03 03:30:00,268.42
2026-01-03 03:45:00,260.36
2026-01-03 04:00:00,262.22
2026-01-03 04:15:00,263.15
2026-01-03 04:30:00,262.22
2026-01-03 04:45:00,260.36
2026-01-03 05:00:00,256.02
2026-01-03 05:15:00,248.58
2026-01-03 05:30:00,247.34
2026-01-03 05:45:00,246.1
2026-01-03 06:00:00,249.82
2026-01-03 06:15:00,248.58
2026-01-03 06:30:00,246.1
2026-01-03 06:45:00,251.67
2026-01-03 07:00:00,268.42
2026-01-03 07:15:00,279.44
2026-01-03 07:30:00,290.04
2026-01-03 07:45:00,324.11
2026-01-03 08:00:00,363.75
2026-01-03 08:15:00,395.67
2026-01-03 08:30:00,409.02
2026-01-03 08:45:00,414.89
2026-01-03 09:00:00,415.16
2026-01-03 09:15:00,412.49
2026-01-03 09:30:00,384.06
2026-01-03 09:45:00,384.33
2026-01-03 10:00:00,362.86
2026-01-03 10:15:00,304.89
2026-01-03 10:30:00,260.74
2026-01-03 10:45:00,269.75
2026-01-03 11:00:00,314.81
2026-01-03 11:15:00,326.63
2026-01-03 11:30:00,281.49
2026-01-03 11:45:00,261.46
2026-01-03 12:00:00,306.49
2026-01-03 12:15:00,332.98
2026-01-03 12:30:00,417.14
2026-01-03 12:45:00,391.01
2026-01-03 13:00:00,455.02
2026-01-03 13:15:00,521.0
2026-01-03 13:30:00,603.14
2026-01-03 13:45:00,611.06
2026-01-03 14:00:00,611.06
2026-01-03 14:15:00,575.71
2026-01-03 14:30:00,513.04
2026-01-03 14:45:00,520.0
2026-01-03 15:00:00,571.49
2026-01-03 15:15:00,608.07
2026-01-03 15:30:00,605.47
2026-01-03 15:45:00,614.94
2026-01-03 16:00:00,613.07
2026-01-03 16:15:00,612.98
2026-01-03 16:30:00,613.52
2026-01-03 16:45:00,589.39
2026-01-03 17:00:00,504.88
2026-01-03 17:15:00,504.86
2026-01-03 17:30:00,391.12
2026-01-03 17:45:00,367.78
2026-01-03 18:00:00,392.41
2026-01-03 18:15:00,332.73
2026-01-03 18:30:00,306.85
2026-01-03 18:45:00,289.72
2026-01-03 19:00:00,298.59
2026-01-03 19:15:00,324.55
2026-01-03 19:30:00,327.54
2026-01-03 19:45:00,328.85
2026-01-03 20:00:00,324.6
2026-01-03 20:15:00,337.37
2026-01-03 20:30:00,333.05
2026-01-03 20:45:00,366.84
2026-01-03 21:00:00,511.89
2026-01-03 21:15:00,505.07
2026-01-03 21:30:00,439.56
2026-01-03 21:45:00,416.69
2026-01-03 22:00:00,362.51
2026-01-03 22:15:00,382.34
2026-01-03 22:30:00,306.63
2026-01-03 22:45:00,279.51
2026-01-03 23:00:00,270.11
2026-01-03 23:15:00,268.89
2026-01-03 23:30:00,247.34
2026-01-03 23:45:00,243.62
2026-01-04 00:00:00,294.88
2026-01-04 00:15:00,302.19
2026-01-04 00:30:00,301.46
2026-01-04 00:45:00,294.72
2026-01-04 01:00:00,293.36
2026-01-04 01:15:00,291.7
2026-01-04 01:30:00,289.67
2026-01-04 01:45:00,289.68
2026-01-04 02:00:00,289.69
2026-01-04 02:15:00,289.69
2026-01-04 02:30:00,286.98
2026-01-04 02:45:00,286.98
2026-01-04 03:00:00,286.98
2026-01-04 03:15:00,280.91
2026-01-04 03:30:00,280.91
2026-01-04 03:45:00,280.24
2026-01-04 04:00:00,280.91
2026-01-04 04:15:00,280.24
2026-01-04 04:30:00,280.24
2026-01-04 04:45:00,280.91
2026-01-04 05:00:00,280.91
2026-01-04 05:15:00,280.91
2026-01-04 05:30:00,280.24
2026-01-04 05:45:00,280.24
2026-01-04 06:00:00,286.97
2026-01-04 06:15:00,286.97
2026-01-04 06:30:00,290.48
2026-01-04 06:45:00,302.19
2026-01-04 07:00:00,316.26
2026-01-04 07:15:00,382.26
2026-01-04 07:30:00,479.91
2026-01-04 07:45:00,562.49
2026-01-04 08:00:00,668.24
2026-01-04 08:15:00,668.77
2026-01-04 08:30:00,716.96
2026-01-04 08:45:00,728.78
2026-01-04 09:00:00,600.14
2026-01-04 09:15:00,527.79
2026-01-04 09:30:00,520.1
2026-01-04 09:45:00,488.06
2026-01-04 10:00:00,498.42
2026-01-04 10:15:00,505.16
2026-01-04 10:30:00,505.22
2026-01-04 10:45:00,596.31
2026-01-04 11:00:00,500.77
2026-01-04 11:15:00,547.46
2026-01-04 11:30:00,485.35
2026-01-04 11:45:00,485.31
2026-01-04 12:00:00,544.24
2026-01-04 12:15:00,591.11
2026-01-04 12:30:00,591.19
2026-01-04 12:45:00,607.07
2026-01-04 13:00:00,611.74
2026-01-04 13:15:00,608.59
2026-01-04 13:30:00,608.59
2026-01-04 13:45:00,559.65
2026-01-04 14:00:00,486.82
2026-01-04 14:15:00,486.86
2026-01-04 14:30:00,381.92
2026-01-04 14:45:00,426.33
2026-01-04 15:00:00,463.77
2026-01-04 15:15:00,494.82
2026-01-04 15:30:00,497.11
2026-01-04 15:45:00,497.15
2026-01-04 16:00:00,489.42
2026-01-04 16:15:00,502.49
2026-01-04 16:30:00,593.74
2026-01-04 16:45:00,505.45
2026-01-04 17:00:00,487.78
2026-01-04 17:15:00,394.43
2026-01-04 17:30:00,389.38
2026-01-04 17:45:00,430.07
2026-01-04 18:00:00,369.77
2026-01-04 18:15:00,309.77
2026-01-04 18:30:00,304.14
2026-01-04 18:45:00,292.46
2026-01-04 19:00:00,290.13
2026-01-04 19:15:00,287.64
2026-01-04 19:30:00,286.07
2026-01-04 19:45:00,281.21
2026-01-04 20:00:00,281.35
2026-01-04 20:15:00,287.33
2026-01-04 20:30:00,280.24
2026-01-04 20:45:00,277.31
2026-01-04 21:00:00,277.31
2026-01-04 21:15:00,277.31
2026-01-04 21:30:00,276.25
2026-01-04 21:45:00,276.13
2026-01-04 22:00:00,274.39
2026-01-04 22:15:00,272.92
2026-01-04 22:30:00,265.2
2026-01-04 22:45:00,266.47
2026-01-04 23:00:00,265.61
2026-01-04 23:15:00,264.88
2026-01-04 23:30:00,262.68
2026-01-04 23:45:00,261.22
2026-01-05 00:00:00,359.0
2026-01-05 00:15:00,358.84
2026-01-05 00:30:00,357.0
2026-01-05 00:45:00,357.0
2026-01-05 01:00:00,355.0
2026-01-05 01:15:00,353.86
2026-01-05 01:30:00,353.0
2026-01-05 01:45:00,351.89
2026-01-05 02:00:00,351.83
2026-01-05 02:15:00,351.84
2026-01-05 02:30:00,351.81
2026-01-05 02:45:00,343.31
2026-01-05 03:00:00,339.0
2026-01-05 03:15:00,339.0
2026-01-05 03:30:00,338.0
2026-01-05 03:45:00,338.0
2026-01-05 04:00:00,335.0
2026-01-05 04:15:00,337.0
2026-01-05 04:30:00,337.0
2026-01-05 04:45:00,338.0
2026-01-05 05:00:00,339.0
2026-01-05 05:15:00,353.0
2026-01-05 05:30:00,353.0
2026-01-05 05:45:00,354.78
2026-01-05 06:00:00,355.0
2026-01-05 06:15:00,355.78
2026-01-05 06:30:00,355.0
2026-01-05 06:45:00,357.0
2026-01-05 07:00:00,359.0
2026-01-05 07:15:00,361.0
2026-01-05 07:30:00,364.98
2026-01-05 07:45:00,373.32
2026-01-05 08:00:00,384.11
2026-01-05 08:15:00,384.19
2026-01-05 08:30:00,379.0
2026-01-05 08:45:00,377.34
2026-01-05 09:00:00,373.95
2026-01-05 09:15:00,378.36
2026-01-05 09:30:00,377.65
2026-01-05 09:45:00,378.24
2026-01-05 10:00:00,375.7
2026-01-05 10:15:00,369.46
2026-01-05 10:30:00,352.56
2026-01-05 10:45:00,353.2
2026-01-05 11:00:00,351.85
2026-01-05 11:15:00,351.98
2026-01-05 11:30:00,384.79
2026-01-05 11:45:00,353.26
2026-01-05 12:00:00,344.38
2026-01-05 12:15:00,341.08
2026-01-05 12:30:00,340.78
2026-01-05 12:45:00,341.11
2026-01-05 13:00:00,349.77
2026-01-05 13:15:00,353.05
2026-01-05 13:30:00,351.02
2026-01-05 13:45:00,349.69
2026-01-05 14:00:00,350.09
2026-01-05 14:15:00,349.35
2026-01-05 14:30:00,379.04
2026-01-05 14:45:00,352.93
2026-01-05 15:00:00,353.12
2026-01-05 15:15:00,355.36
2026-01-05 15:30:00,365.16
2026-01-05 15:45:00,374.65
2026-01-05 16:00:00,372.78
2026-01-05 16:15:00,374.97
2026-01-05 16:30:00,375.04
2026-01-05 16:45:00,373.0
2026-01-05 17:00:00,365.26
2026-01-05 17:15:00,364.15
2026-01-05 17:30:00,364.11
2026-01-05 17:45:00,363.18
2026-01-05 18:00:00,363.18
2026-01-05 18:15:00,363.17
2026-01-05 18:30:00,363.17
2026-01-05 18:45:00,363.17
2026-01-05 19:00:00,361.56
2026-01-05 19:15:00,361.29
2026-01-05 19:30:00,361.29
2026-01-05 19:45:00,364.0
2026-01-05 20:00:00,373.0
2026-01-05 20:15:00,365.26
2026-01-05 20:30:00,372.76
2026-01-05 20:45:00,364.0
2026-01-05 21:00:00,365.0
2026-01-05 21:15:00,373.0
2026-01-05 21:30:00,373.0
2026-01-05 21:45:00,365.98
2026-01-05 22:00:00,365.0
2026-01-05 22:15:00,373.0
2026-01-05 22:30:00,364.0
2026-01-05 22:45:00,361.0
2026-01-05 23:00:00,361.0
2026-01-05 23:15:00,359.0
2026-01-05 23:30:00,359.0
2026-01-05 23:45:00,357.0
2026-01-06 00:00:00,357.0
2026-01-06 00:15:00,358.81
2026-01-06 00:30:00,357.17
2026-01-06 00:45:00,356.57
2026-01-06 01:00:00,355.01
2026-01-06 01:15:00,353.03
2026-01-06 01:30:00,353.03
2026-01-06 01:45:00,351.47
2026-01-06 02:00:00,353.02
2026-01-06 02:15:00,353.0
2026-01-06 02:30:00,343.0
2026-01-06 02:45:00,339.0
2026-01-06 03:00:00,335.0
2026-01-06 03:15:00,335.04
2026-01-06 03:30:00,333.06
2026-01-06 03:45:00,335.04
2026-01-06 04:00:00,334.05
2026-01-06 04:15:00,335.04
2026-01-06 04:30:00,335.04
2026-01-06 04:45:00,333.18
2026-01-06 05:00:00,323.71
2026-01-06 05:15:00,333.07
2026-01-06 05:30:00,333.19
2026-01-06 05:45:00,333.17
2026-01-06 06:00:00,342.14
2026-01-06 06:15:00,342.13
2026-01-06 06:30:00,341.04
2026-01-06 06:45:00,350.51
2026-01-06 07:00:00,353.39
2026-01-06 07:15:00,354.14
2026-01-06 07:30:00,354.19
2026-01-06 07:45:00,354.5
2026-01-06 08:00:00,362.22
2026-01-06 08:15:00,356.2
2026-01-06 08:30:00,354.0
2026-01-06 08:45:00,341.33
2026-01-06 09:00:00,302.39
2026-01-06 09:15:00,280.64
2026-01-06 09:30:00,182.74
2026-01-06 09:45:00,88.35
2026-01-06 10:00:00,85.92
2026-01-06 10:15:00,48.34
2026-01-06 10:30:00,4.01
2026-01-06 10:45:00,4.1
2026-01-06 11:00:00,3.78
2026-01-06 11:15:00,3.94
2026-01-06 11:30:00,4.11
2026-01-06 11:45:00,3.66
2026-01-06 12:00:00,7.31
2026-01-06 12:15:00,7.84
2026-01-06 12:30:00,7.32
2026-01-06 12:45:00,8.2
2026-01-06 13:00:00,8.66
2026-01-06 13:15:00,8.77
2026-01-06 13:30:00,9.07
2026-01-06 13:45:00,8.42
2026-01-06 14:00:00,9.32
2026-01-06 14:15:00,8.42
2026-01-06 14:30:00,9.7
2026-01-06 14:45:00,9.29
2026-01-06 15:00:00,9.47
2026-01-06 15:15:00,9.11
2026-01-06 15:30:00,28.7
2026-01-06 15:45:00,89.98
2026-01-06 16:00:00,266.32
2026-01-06 16:15:00,352.79
2026-01-06 16:30:00,360.12
2026-01-06 16:45:00,363.34
2026-01-06 17:00:00,363.27
2026-01-06 17:15:00,360.86
2026-01-06 17:30:00,362.71
2026-01-06 17:45:00,361.32
2026-01-06 18:00:00,361.32
2026-01-06 18:15:00,361.31
2026-01-06 18:30:00,362.48
2026-01-06 18:45:00,362.68
2026-01-06 19:00:00,359.72
2026-01-06 19:15:00,361.56
2026-01-06 19:30:00,361.57
2026-01-06 19:45:00,363.43
2026-01-06 20:00:00,365.96
2026-01-06 20:15:00,365.05
2026-01-06 20:30:00,365.96
2026-01-06 20:45:00,365.06
2026-01-06 21:00:00,365.06
2026-01-06 21:15:00,373.0
2026-01-06 21:30:00,364.0
2026-01-06 21:45:00,365.0
2026-01-06 22:00:00,364.0
2026-01-06 22:15:00,365.0
2026-01-06 22:30:00,363.0
2026-01-06 22:45:00,359.0
2026-01-06 23:00:00,359.0
2026-01-06 23:15:00,360.77
2026-01-06 23:30:00,359.0
2026-01-06 23:45:00,359.0
2026-01-07 00:00:00,362.01
2026-01-07 00:15:00,361.81
2026-01-07 00:30:00,359.51
2026-01-07 00:45:00,358.0
2026-01-07 01:00:00,357.0
2026-01-07 01:15:00,354.83
2026-01-07 01:30:00,355.0
2026-01-07 01:45:00,355.08
2026-01-07 02:00:00,354.59
2026-01-07 02:15:00,355.11
2026-01-07 02:30:00,354.09
2026-01-07 02:45:00,353.06
2026-01-07 03:00:00,353.06
2026-01-07 03:15:00,353.08
2026-01-07 03:30:00,353.09
2026-01-07 03:45:00,354.1
2026-01-07 04:00:00,354.09
2026-01-07 04:15:00,354.11
2026-01-07 04:30:00,355.07
2026-01-07 04:45:00,355.08
2026-01-07 05:00:00,357.07
2026-01-07 05:15:00,361.05
2026-01-07 05:30:00,361.05
2026-01-07 05:45:00,363.01
2026-01-07 06:00:00,363.02
2026-01-07 06:15:00,372.09
2026-01-07 06:30:00,363.07
2026-01-07 06:45:00,373.08
2026-01-07 07:00:00,377.03
2026-01-07 07:15:00,378.0
2026-01-07 07:30:00,378.96
2026-01-07 07:45:00,380.88
2026-01-07 08:00:00,384.41
2026-01-07 08:15:00,384.31
2026-01-07 08:30:00,374.14
2026-01-07 08:45:00,361.72
2026-01-07 09:00:00,354.75
2026-01-07 09:15:00,354.3
2026-01-07 09:30:00,337.85
2026-01-07 09:45:00,278.02
2026-01-07 10:00:00,184.06
2026-01-07 10:15:00,46.67
2026-01-07 10:30:00,40.23
2026-01-07 10:45:00,7.73
2026-01-07 11:00:00,7.59
2026-01-07 11:15:00,7.43
2026-01-07 11:30:00,7.93
2026-01-07 11:45:00,8.68
2026-01-07 12:00:00,8.59
2026-01-07 12:15:00,8.0
2026-01-07 12:30:00,9.07
2026-01-07 12:45:00,8.65
2026-01-07 13:00:00,8.73
2026-01-07 13:15:00,8.62
2026-01-07 13:30:00,9.65
2026-01-07 13:45:00,9.44
2026-01-07 14:00:00,8.3
2026-01-07 14:15:00,8.63
2026-01-07 14:30:00,7.48
2026-01-07 14:45:00,8.3
2026-01-07 15:00:00,41.19
2026-01-07 15:15:00,191.59
2026-01-07 15:30:00,200.15
2026-01-07 15:45:00,336.52
2026-01-07 16:00:00,353.6
2026-01-07 16:15:00,358.57
2026-01-07 16:30:00,365.35
2026-01-07 16:45:00,363.21
2026-01-07 17:00:00,364.37
2026-01-07 17:15:00,373.0
2026-01-07 17:30:00,373.07
2026-01-07 17:45:00,373.0
2026-01-07 18:00:00,373.0
2026-01-07 18:15:00,373.0
2026-01-07 18:30:00,367.0
2026-01-07 18:45:00,364.22
2026-01-07 19:00:00,367.0
2026-01-07 19:15:00,364.0
2026-01-07 19:30:00,373.0
2026-01-07 19:45:00,364.0
2026-01-07 20:00:00,371.41
2026-01-07 20:15:00,371.28
2026-01-07 20:30:00,373.5
2026-01-07 20:45:00,373.99
2026-01-07 21:00:00,373.97
2026-01-07 21:15:00,374.29
2026-01-07 21:30:00,374.07
2026-01-07 21:45:00,372.93
2026-01-07 22:00:00,372.6
2026-01-07 22:15:00,372.6
2026-01-07 22:30:00,372.61
2026-01-07 22:45:00,365.0
2026-01-07 23:00:00,371.98
2026-01-07 23:15:00,367.28
2026-01-07 23:30:00,362.68
2026-01-07 23:45:00,362.68
2026-01-08 00:00:00,362.21
2026-01-08 00:15:00,362.45
2026-01-08 00:30:00,362.98
2026-01-08 00:45:00,363.1
2026-01-08 01:00:00,363.0
2026-01-08 01:15:00,361.04
2026-01-08 01:30:00,360.89
2026-01-08 01:45:00,360.54
2026-01-08 02:00:00,360.86
2026-01-08 02:15:00,360.32
2026-01-08 02:30:00,354.26
2026-01-08 02:45:00,353.24
2026-01-08 03:00:00,352.2
2026-01-08 03:15:00,350.22
2026-01-08 03:30:00,349.17
2026-01-08 03:45:00,351.1
2026-01-08 04:00:00,353.2
2026-01-08 04:15:00,353.27
2026-01-08 04:30:00,353.2
2026-01-08 04:45:00,353.22
2026-01-08 05:00:00,353.26
2026-01-08 05:15:00,356.66
2026-01-08 05:30:00,357.65
2026-01-08 05:45:00,358.4
2026-01-08 06:00:00,359.37
2026-01-08 06:15:00,359.46
2026-01-08 06:30:00,359.96
2026-01-08 06:45:00,361.86
2026-01-08 07:00:00,363.77
2026-01-08 07:15:00,363.25
2026-01-08 07:30:00,366.18
2026-01-08 07:45:00,371.82
2026-01-08 08:00:00,376.45
2026-01-08 08:15:00,367.75
2026-01-08 08:30:00,364.9
2026-01-08 08:45:00,361.46
2026-01-08 09:00:00,338.35
2026-01-08 09:15:00,339.24
2026-01-08 09:30:00,328.26
2026-01-08 09:45:00,194.31
2026-01-08 10:00:00,186.34
2026-01-08 10:15:00,104.1
2026-01-08 10:30:00,42.17
2026-01-08 10:45:00,39.71
2026-01-08 11:00:00,4.74
2026-01-08 11:15:00,7.66
2026-01-08 11:30:00,4.26
2026-01-08 11:45:00,3.95
2026-01-08 12:00:00,7.52
2026-01-08 12:15:00,7.84
2026-01-08 12:30:00,7.76
2026-01-08 12:45:00,9.12
2026-01-08 13:00:00,8.72
2026-01-08 13:15:00,8.5
2026-01-08 13:30:00,8.34
2026-01-08 13:45:00,8.27
2026-01-08 14:00:00,8.3
2026-01-08 14:15:00,4.67
2026-01-08 14:30:00,8.65
2026-01-08 14:45:00,8.55
2026-01-08 15:00:00,50.87
2026-01-08 15:15:00,193.52
2026-01-08 15:30:00,260.25
2026-01-08 15:45:00,339.43
2026-01-08 16:00:00,353.52
2026-01-08 16:15:00,358.21
2026-01-08 16:30:00,363.85
2026-01-08 16:45:00,364.09
2026-01-08 17:00:00,363.25
2026-01-08 17:15:00,372.93
2026-01-08 17:30:00,373.2
2026-01-08 17:45:00,373.44
2026-01-08 18:00:00,372.95
2026-01-08 18:15:00,375.03
2026-01-08 18:30:00,374.07
2026-01-08 18:45:00,375.03
2026-01-08 19:00:00,373.09
2026-01-08 19:15:00,374.84
2026-01-08 19:30:00,374.79
2026-01-08 19:45:00,373.0
2026-01-08 20:00:00,373.99
2026-01-08 20:15:00,374.01
2026-01-08 20:30:00,372.12
2026-01-08 20:45:00,371.26
2026-01-08 21:00:00,371.3
2026-01-08 21:15:00,361.36
2026-01-08 21:30:00,362.67
2026-01-08 21:45:00,363.18
2026-01-08 22:00:00,363.18
2026-01-08 22:15:00,363.16
2026-01-08 22:30:00,361.0
2026-01-08 22:45:00,359.0
2026-01-08 23:00:00,359.0
2026-01-08 23:15:00,359.0
2026-01-08 23:30:00,355.0
2026-01-08 23:45:00,355.0
2026-01-09 00:00:00,356.99
2026-01-09 00:15:00,356.58
2026-01-09 00:30:00,353.0
2026-01-09 00:45:00,352.67
2026-01-09 01:00:00,353.45
2026-01-09 01:15:00,341.96
2026-01-09 01:30:00,344.39
2026-01-09 01:45:00,353.63
2026-01-09 02:00:00,342.99
2026-01-09 02:15:00,342.99
2026-01-09 02:30:00,340.33
2026-01-09 02:45:00,335.34
2026-01-09 03:00:00,269.79
2026-01-09 03:15:00,233.73
2026-01-09 03:30:00,195.54
2026-01-09 03:45:00,192.69
2026-01-09 04:00:00,192.62
2026-01-09 04:15:00,199.41
2026-01-09 04:30:00,249.17
2026-01-09 04:45:00,332.2
2026-01-09 05:00:00,336.42
2026-01-09 05:15:00,339.78
2026-01-09 05:30:00,340.93
2026-01-09 05:45:00,353.07
2026-01-09 06:00:00,354.08
2026-01-09 06:15:00,355.06
2026-01-09 06:30:00,359.54
2026-01-09 06:45:00,361.43
2026-01-09 07:00:00,365.08
2026-01-09 07:15:00,364.89
2026-01-09 07:30:00,366.59
2026-01-09 07:45:00,367.53
2026-01-09 08:00:00,367.76
2026-01-09 08:15:00,367.16
2026-01-09 08:30:00,362.8
2026-01-09 08:45:00,353.0
2026-01-09 09:00:00,335.13
2026-01-09 09:15:00,308.06
2026-01-09 09:30:00,197.98
2026-01-09 09:45:00,137.46
2026-01-09 10:00:00,127.93
2026-01-09 10:15:00,46.35
2026-01-09 10:30:00,35.98
2026-01-09 10:45:00,40.7
2026-01-09 11:00:00,40.15
2026-01-09 11:15:00,7.8
2026-01-09 11:30:00,4.69
2026-01-09 11:45:00,4.09
2026-01-09 12:00:00,6.26
2026-01-09 12:15:00,5.72
2026-01-09 12:30:00,5.88
2026-01-09 12:45:00,5.76
2026-01-09 13:00:00,6.53
2026-01-09 13:15:00,8.0
2026-01-09 13:30:00,7.96
2026-01-09 13:45:00,4.85
2026-01-09 14:00:00,8.2
2026-01-09 14:15:00,8.22
2026-01-09 14:30:00,8.19
2026-01-09 14:45:00,37.18
2026-01-09 15:00:00,45.05
2026-01-09 15:15:00,179.18
2026-01-09 15:30:00,297.04
2026-01-09 15:45:00,353.1
2026-01-09 16:00:00,353.91
2026-01-09 16:15:00,360.86
2026-01-09 16:30:00,368.5
2026-01-09 16:45:00,368.64
2026-01-09 17:00:00,369.69
2026-01-09 17:15:00,380.53
2026-01-09 17:30:00,378.85
2026-01-09 17:45:00,380.83
2026-01-09 18:00:00,378.91
2026-01-09 18:15:00,369.09
2026-01-09 18:30:00,367.19
2026-01-09 18:45:00,366.26
2026-01-09 19:00:00,365.24
2026-01-09 19:15:00,363.06
2026-01-09 19:30:00,363.15
2026-01-09 19:45:00,363.36
2026-01-09 20:00:00,364.85
2026-01-09 20:15:00,364.84
2026-01-09 20:30:00,365.05
2026-01-09 20:45:00,363.94
2026-01-09 21:00:00,364.48
2026-01-09 21:15:00,364.7
2026-01-09 21:30:00,364.86
2026-01-09 21:45:00,364.87
2026-01-09 22:00:00,362.78
2026-01-09 22:15:00,363.59
2026-01-09 22:30:00,367.79
2026-01-09 22:45:00,366.05
2026-01-09 23:00:00,368.05
2026-01-09 23:15:00,368.04
2026-01-09 23:30:00,364.74
2026-01-09 23:45:00,365.78
2026-01-10 00:00:00,379.66
2026-01-10 00:15:00,377.79
2026-01-10 00:30:00,378.74
2026-01-10 00:45:00,378.98
2026-01-10 01:00:00,374.96
2026-01-10 01:15:00,374.97
2026-01-10 01:30:00,370.19
2026-01-10 01:45:00,372.95
2026-01-10 02:00:00,372.95
2026-01-10 02:15:00,367.97
2026-01-10 02:30:00,366.0
2026-01-10 02:45:00,366.0
2026-01-10 03:00:00,366.0
2026-01-10 03:15:00,368.0
2026-01-10 03:30:00,368.0
2026-01-10 03:45:00,368.0
2026-01-10 04:00:00,363.0
2026-01-10 04:15:00,366.0
2026-01-10 04:30:00,368.0
2026-01-10 04:45:00,373.0
2026-01-10 05:00:00,373.99
2026-01-10 05:15:00,375.0
2026-01-10 05:30:00,378.96
2026-01-10 05:45:00,378.99
2026-01-10 06:00:00,380.98
2026-01-10 06:15:00,378.97
2026-01-10 06:30:00,377.0
2026-01-10 06:45:00,376.97
2026-01-10 07:00:00,380.98
2026-01-10 07:15:00,378.0
2026-01-10 07:30:00,378.1
2026-01-10 07:45:00,378.96
2026-01-10 08:00:00,378.25
2026-01-10 08:15:00,375.35
2026-01-10 08:30:00,365.06
2026-01-10 08:45:00,357.43
2026-01-10 09:00:00,336.51
2026-01-10 09:15:00,338.78
2026-01-10 09:30:00,197.95
2026-01-10 09:45:00,186.96
2026-01-10 10:00:00,183.68
2026-01-10 10:15:00,53.79
2026-01-10 10:30:00,39.05
2026-01-10 10:45:00,41.29
2026-01-10 11:00:00,34.7
2026-01-10 11:15:00,3.72
2026-01-10 11:30:00,3.71
2026-01-10 11:45:00,5.56
2026-01-10 12:00:00,5.17
2026-01-10 12:15:00,5.08
2026-01-10 12:30:00,6.04
2026-01-10 12:45:00,6.04
2026-01-10 13:00:00,5.98
2026-01-10 13:15:00,6.04
2026-01-10 13:30:00,6.62
2026-01-10 13:45:00,4.09
2026-01-10 14:00:00,5.9
2026-01-10 14:15:00,3.83
2026-01-10 14:30:00,4.12
2026-01-10 14:45:00,5.82
2026-01-10 15:00:00,37.7
2026-01-10 15:15:00,193.02
2026-01-10 15:30:00,328.92
2026-01-10 15:45:00,350.93
2026-01-10 16:00:00,360.49
2026-01-10 16:15:00,360.84
2026-01-10 16:30:00,373.67
2026-01-10 16:45:00,380.68
2026-01-10 17:00:00,383.36
2026-01-10 17:15:00,388.42
2026-01-10 17:30:00,386.47
2026-01-10 17:45:00,387.39
2026-01-10 18:00:00,387.49
2026-01-10 18:15:00,387.85
2026-01-10 18:30:00,388.39
2026-01-10 18:45:00,391.3
2026-01-10 19:00:00,390.69
2026-01-10 19:15:00,386.52
2026-01-10 19:30:00,386.1
2026-01-10 19:45:00,383.99
2026-01-10 20:00:00,383.86
2026-01-10 20:15:00,383.76
2026-01-10 20:30:00,381.94
2026-01-10 20:45:00,378.78
2026-01-10 21:00:00,378.78
2026-01-10 21:15:00,376.7
2026-01-10 21:30:00,373.79
2026-01-10 21:45:00,373.0
2026-01-10 22:00:00,373.0
2026-01-10 22:15:00,374.56
2026-01-10 22:30:00,373.0
2026-01-10 22:45:00,373.0
2026-01-10 23:00:00,373.0
2026-01-10 23:15:00,366.0
2026-01-10 23:30:00,363.0
2026-01-10 23:45:00,363.0
2026-01-11 00:00:00,361.6
2026-01-11 00:15:00,363.44
2026-01-11 00:30:00,361.2
2026-01-11 00:45:00,358.69
2026-01-11 01:00:00,357.35
2026-01-11 01:15:00,356.41
2026-01-11 01:30:00,356.4
2026-01-11 01:45:00,356.41
2026-01-11 02:00:00,355.4
2026-01-11 02:15:00,354.59
2026-01-11 02:30:00,355.41
2026-01-11 02:45:00,354.44
2026-01-11 03:00:00,346.86
2026-01-11 03:15:00,346.68
2026-01-11 03:30:00,353.48
2026-01-11 03:45:00,346.13
2026-01-11 04:00:00,345.93
2026-01-11 04:15:00,346.15
2026-01-11 04:30:00,352.48
2026-01-11 04:45:00,348.48
2026-01-11 05:00:00,347.12
2026-01-11 05:15:00,348.97
2026-01-11 05:30:00,357.17
2026-01-11 05:45:00,358.29
2026-01-11 06:00:00,361.0
2026-01-11 06:15:00,361.0
2026-01-11 06:30:00,361.0
2026-01-11 06:45:00,359.53
2026-01-11 07:00:00,360.96
2026-01-11 07:15:00,361.79
2026-01-11 07:30:00,362.3
2026-01-11 07:45:00,365.84
2026-01-11 08:00:00,368.3
2026-01-11 08:15:00,370.27
2026-01-11 08:30:00,365.9
2026-01-11 08:45:00,345.26
2026-01-11 09:00:00,190.95
2026-01-11 09:15:00,154.83
2026-01-11 09:30:00,20.03
2026-01-11 09:45:00,4.52
2026-01-11 10:00:00,4.52
2026-01-11 10:15:00,4.67
2026-01-11 10:30:00,5.96
2026-01-11 10:45:00,6.54
2026-01-11 11:00:00,6.07
2026-01-11 11:15:00,3.84
2026-01-11 11:30:00,3.88
2026-01-11 11:45:00,4.29
2026-01-11 12:00:00,6.32
2026-01-11 12:15:00,6.28
2026-01-11 12:30:00,6.37
2026-01-11 12:45:00,7.54
2026-01-11 13:00:00,7.77
2026-01-11 13:15:00,7.73
2026-01-11 13:30:00,7.34
2026-01-11 13:45:00,7.75
2026-01-11 14:00:00,4.58
2026-01-11 14:15:00,4.63
2026-01-11 14:30:00,7.05
2026-01-11 14:45:00,6.69
2026-01-11 15:00:00,6.73
2026-01-11 15:15:00,46.57
2026-01-11 15:30:00,329.66
2026-01-11 15:45:00,346.56
2026-01-11 16:00:00,360.83
2026-01-11 16:15:00,365.82
2026-01-11 16:30:00,377.92
2026-01-11 16:45:00,381.1
2026-01-11 17:00:00,386.16
2026-01-11 17:15:00,402.9
2026-01-11 17:30:00,406.04
2026-01-11 17:45:00,405.93
2026-01-11 18:00:00,408.75
2026-01-11 18:15:00,391.61
2026-01-11 18:30:00,388.78
2026-01-11 18:45:00,389.3
2026-01-11 19:00:00,392.27
2026-01-11 19:15:00,386.47
2026-01-11 19:30:00,389.29
2026-01-11 19:45:00,386.46
2026-01-11 20:00:00,385.69
2026-01-11 20:15:00,386.71
2026-01-11 20:30:00,388.39
2026-01-11 20:45:00,388.57
2026-01-11 21:00:00,385.37
2026-01-11 21:15:00,386.0
2026-01-11 21:30:00,406.95
2026-01-11 21:45:00,396.23
2026-01-11 22:00:00,382.26
2026-01-11 22:15:00,380.31
2026-01-11 22:30:00,377.02
2026-01-11 22:45:00,375.62
2026-01-11 23:00:00,375.52
2026-01-11 23:15:00,374.59
2026-01-11 23:30:00,375.92
2026-01-11 23:45:00,363.03
2026-01-12 00:00:00,371.69
2026-01-12 00:15:00,380.98
2026-01-12 00:30:00,377.68
2026-01-12 00:45:00,371.61
2026-01-12 01:00:00,366.23
2026-01-12 01:15:00,362.41
2026-01-12 01:30:00,361.01
2026-01-12 01:45:00,361.09
2026-01-12 02:00:00,363.71
2026-01-12 02:15:00,364.14
2026-01-12 02:30:00,359.48
2026-01-12 02:45:00,357.62
2026-01-12 03:00:00,358.69
2026-01-12 03:15:00,358.69
2026-01-12 03:30:00,359.22
2026-01-12 03:45:00,358.53
2026-01-12 04:00:00,356.34
2026-01-12 04:15:00,355.4
2026-01-12 04:30:00,355.41
2026-01-12 04:45:00,356.35
2026-01-12 05:00:00,359.28
2026-01-12 05:15:00,360.04
2026-01-12 05:30:00,366.06
2026-01-12 05:45:00,368.0
2026-01-12 06:00:00,363.0
2026-01-12 06:15:00,363.0
2026-01-12 06:30:00,373.0
2026-01-12 06:45:00,378.09
2026-01-12 07:00:00,380.97
2026-01-12 07:15:00,377.33
2026-01-12 07:30:00,382.3
2026-01-12 07:45:00,398.98
2026-01-12 08:00:00,524.82
2026-01-12 08:15:00,524.84
2026-01-12 08:30:00,397.77
2026-01-12 08:45:00,472.18
2026-01-12 09:00:00,445.6
2026-01-12 09:15:00,396.16
2026-01-12 09:30:00,388.67
2026-01-12 09:45:00,389.21
2026-01-12 10:00:00,382.2
2026-01-12 10:15:00,370.42
2026-01-12 10:30:00,361.2
2026-01-12 10:45:00,270.99
2026-01-12 11:00:00,337.06
2026-01-12 11:15:00,44.97
2026-01-12 11:30:00,37.55
2026-01-12 11:45:00,4.75
2026-01-12 12:00:00,4.78
2026-01-12 12:15:00,6.96
2026-01-12 12:30:00,6.79
2026-01-12 12:45:00,7.17
2026-01-12 13:00:00,7.35
2026-01-12 13:15:00,7.47
2026-01-12 13:30:00,6.76
2026-01-12 13:45:00,6.74
2026-01-12 14:00:00,7.48
2026-01-12 14:15:00,4.66
2026-01-12 14:30:00,6.31
2026-01-12 14:45:00,6.9
2026-01-12 15:00:00,46.21
2026-01-12 15:15:00,198.07
2026-01-12 15:30:00,339.4
2026-01-12 15:45:00,361.71
2026-01-12 16:00:00,367.92
2026-01-12 16:15:00,380.86
2026-01-12 16:30:00,383.06
2026-01-12 16:45:00,385.13
2026-01-12 17:00:00,388.07
2026-01-12 17:15:00,384.18
2026-01-12 17:30:00,394.26
2026-01-12 17:45:00,385.42
2026-01-12 18:00:00,387.79
2026-01-12 18:15:00,382.13
2026-01-12 18:30:00,390.8
2026-01-12 18:45:00,390.74
2026-01-12 19:00:00,378.72
2026-01-12 19:15:00,377.79
2026-01-12 19:30:00,376.83
2026-01-12 19:45:00,365.51
2026-01-12 20:00:00,367.33
2026-01-12 20:15:00,370.09
2026-01-12 20:30:00,369.97
2026-01-12 20:45:00,373.48
2026-01-12 21:00:00,375.34
2026-01-12 21:15:00,367.1
2026-01-12 21:30:00,374.28
2026-01-12 21:45:00,381.72
2026-01-12 22:00:00,373.13
2026-01-12 22:15:00,376.03
2026-01-12 22:30:00,373.12
2026-01-12 22:45:00,362.75
2026-01-12 23:00:00,367.5
2026-01-12 23:15:00,362.75
2026-01-12 23:30:00,360.84
2026-01-12 23:45:00,360.85
2026-01-13 00:00:00,362.81
2026-01-13 00:15:00,363.0
2026-01-13 00:30:00,363.0
2026-01-13 00:45:00,361.0
2026-01-13 01:00:00,361.0
2026-01-13 01:15:00,357.97
2026-01-13 01:30:00,357.97
2026-01-13 01:45:00,357.96
2026-01-13 02:00:00,357.96
2026-01-13 02:15:00,356.97
2026-01-13 02:30:00,354.98
2026-01-13 02:45:00,354.98
2026-01-13 03:00:00,356.97
2026-01-13 03:15:00,356.97
2026-01-13 03:30:00,356.97
2026-01-13 03:45:00,357.77
2026-01-13 04:00:00,356.97
2026-01-13 04:15:00,356.97
2026-01-13 04:30:00,356.98
2026-01-13 04:45:00,357.97
2026-01-13 05:00:00,358.98
2026-01-13 05:15:00,359.99
2026-01-13 05:30:00,358.72
2026-01-13 05:45:00,358.42
2026-01-13 06:00:00,358.38
2026-01-13 06:15:00,363.0
2026-01-13 06:30:00,358.84
2026-01-13 06:45:00,367.2
2026-01-13 07:00:00,376.4
2026-01-13 07:15:00,384.13
2026-01-13 07:30:00,394.37
2026-01-13 07:45:00,390.81
2026-01-13 08:00:00,402.03
2026-01-13 08:15:00,387.68
2026-01-13 08:30:00,370.5
2026-01-13 08:45:00,366.18
2026-01-13 09:00:00,351.57
2026-01-13 09:15:00,347.87
2026-01-13 09:30:00,202.32
2026-01-13 09:45:00,164.36
2026-01-13 10:00:00,102.24
2026-01-13 10:15:00,37.61
2026-01-13 10:30:00,24.55
2026-01-13 10:45:00,17.64
2026-01-13 11:00:00,19.11
2026-01-13 11:15:00,4.79
2026-01-13 11:30:00,4.91
2026-01-13 11:45:00,4.37
2026-01-13 12:00:00,4.91
2026-01-13 12:15:00,6.95
2026-01-13 12:30:00,6.41
2026-01-13 12:45:00,7.53
2026-01-13 13:00:00,7.29
2026-01-13 13:15:00,6.62
2026-01-13 13:30:00,6.99
2026-01-13 13:45:00,6.24
2026-01-13 14:00:00,5.85
2026-01-13 14:15:00,4.31
2026-01-13 14:30:00,4.32
2026-01-13 14:45:00,6.51
2026-01-13 15:00:00,26.44
2026-01-13 15:15:00,186.13
2026-01-13 15:30:00,193.01
2026-01-13 15:45:00,337.92
2026-01-13 16:00:00,359.89
2026-01-13 16:15:00,366.24
2026-01-13 16:30:00,380.12
2026-01-13 16:45:00,380.46
2026-01-13 17:00:00,385.54
2026-01-13 17:15:00,380.48
2026-01-13 17:30:00,386.62
2026-01-13 17:45:00,380.16
2026-01-13 18:00:00,380.05
2026-01-13 18:15:00,367.06
2026-01-13 18:30:00,364.86
2026-01-13 18:45:00,363.09
2026-01-13 19:00:00,360.48
2026-01-13 19:15:00,360.9
2026-01-13 19:30:00,360.89
2026-01-13 19:45:00,360.33
2026-01-13 20:00:00,365.28
2026-01-13 20:15:00,367.2
2026-01-13 20:30:00,367.22
2026-01-13 20:45:00,364.12
2026-01-13 21:00:00,363.12
2026-01-13 21:15:00,363.67
2026-01-13 21:30:00,363.61
2026-01-13 21:45:00,363.57
2026-01-13 22:00:00,368.93
2026-01-13 22:15:00,364.38
2026-01-13 22:30:00,373.0
2026-01-13 22:45:00,370.0
2026-01-13 23:00:00,373.0
2026-01-13 23:15:00,368.0
2026-01-13 23:30:00,361.0
2026-01-13 23:45:00,360.0
2026-01-14 00:00:00,379.93
2026-01-14 00:15:00,379.87
2026-01-14 00:30:00,376.74
2026-01-14 00:45:00,373.49
2026-01-14 01:00:00,371.0
2026-01-14 01:15:00,361.0
2026-01-14 01:30:00,361.0
2026-01-14 01:45:00,359.0
2026-01-14 02:00:00,359.0
2026-01-14 02:15:00,359.0
2026-01-14 02:30:00,357.0
2026-01-14 02:45:00,357.0
2026-01-14 03:00:00,357.0
2026-01-14 03:15:00,355.0
2026-01-14 03:30:00,355.0
2026-01-14 03:45:00,355.0
2026-01-14 04:00:00,355.0
2026-01-14 04:15:00,357.0
2026-01-14 04:30:00,359.0
2026-01-14 04:45:00,359.0
2026-01-14 05:00:00,359.0
2026-01-14 05:15:00,361.31
2026-01-14 05:30:00,371.05
2026-01-14 05:45:00,377.45
2026-01-14 06:00:00,383.0
2026-01-14 06:15:00,381.0
2026-01-14 06:30:00,387.01
2026-01-14 06:45:00,383.0
2026-01-14 07:00:00,397.4
2026-01-14 07:15:00,429.12
2026-01-14 07:30:00,531.0
2026-01-14 07:45:00,676.9
2026-01-14 08:00:00,681.0
2026-01-14 08:15:00,560.0
2026-01-14 08:30:00,395.16
2026-01-14 08:45:00,379.57
2026-01-14 09:00:00,364.04
2026-01-14 09:15:00,362.13
2026-01-14 09:30:00,361.33
2026-01-14 09:45:00,361.32
2026-01-14 10:00:00,359.98
2026-01-14 10:15:00,342.35
2026-01-14 10:30:00,194.47
2026-01-14 10:45:00,49.99
2026-01-14 11:00:00,49.23
2026-01-14 11:15:00,13.42
2026-01-14 11:30:00,3.67
2026-01-14 11:45:00,9.84
2026-01-14 12:00:00,5.93
2026-01-14 12:15:00,4.56
2026-01-14 12:30:00,5.12
2026-01-14 12:45:00,6.63
2026-01-14 13:00:00,6.96
2026-01-14 13:15:00,6.91
2026-01-14 13:30:00,6.02
2026-01-14 13:45:00,3.33
2026-01-14 14:00:00,3.28
2026-01-14 14:15:00,3.96
2026-01-14 14:30:00,7.16
2026-01-14 14:45:00,40.5
2026-01-14 15:00:00,131.03
2026-01-14 15:15:00,196.8
2026-01-14 15:30:00,344.87
2026-01-14 15:45:00,359.32
2026-01-14 16:00:00,364.01
2026-01-14 16:15:00,377.91
2026-01-14 16:30:00,385.29
2026-01-14 16:45:00,395.98
2026-01-14 17:00:00,405.92
2026-01-14 17:15:00,445.57
2026-01-14 17:30:00,513.8
2026-01-14 17:45:00,440.86
2026-01-14 18:00:00,524.28
2026-01-14 18:15:00,394.0
2026-01-14 18:30:00,390.15
2026-01-14 18:45:00,381.92
2026-01-14 19:00:00,381.0
2026-01-14 19:15:00,379.13
2026-01-14 19:30:00,379.13
2026-01-14 19:45:00,375.36
2026-01-14 20:00:00,376.58
2026-01-14 20:15:00,378.12
2026-01-14 20:30:00,379.91
2026-01-14 20:45:00,378.45
2026-01-14 21:00:00,379.15
2026-01-14 21:15:00,379.13
2026-01-14 21:30:00,391.0
2026-01-14 21:45:00,390.54
2026-01-14 22:00:00,382.14
2026-01-14 22:15:00,398.4
2026-01-14 22:30:00,392.32
2026-01-14 22:45:00,395.0
2026-01-14 23:00:00,382.31
2026-01-14 23:15:00,383.0
2026-01-14 23:30:00,379.02
2026-01-14 23:45:00,381.0
2026-01-15 00:00:00,390.99
2026-01-15 00:15:00,414.3
2026-01-15 00:30:00,387.44
2026-01-15 00:45:00,380.0
2026-01-15 01:00:00,379.01
2026-01-15 01:15:00,378.79
2026-01-15 01:30:00,378.79
2026-01-15 01:45:00,378.79
2026-01-15 02:00:00,378.81
2026-01-15 02:15:00,378.8
2026-01-15 02:30:00,378.8
2026-01-15 02:45:00,378.77
2026-01-15 03:00:00,374.93
2026-01-15 03:15:00,374.93
2026-01-15 03:30:00,376.8
2026-01-15 03:45:00,374.85
2026-01-15 04:00:00,376.8
2026-01-15 04:15:00,374.85
2026-01-15 04:30:00,376.73
2026-01-15 04:45:00,374.82
2026-01-15 05:00:00,374.82
2026-01-15 05:15:00,374.88
2026-01-15 05:30:00,378.97
2026-01-15 05:45:00,378.98
2026-01-15 06:00:00,381.0
2026-01-15 06:15:00,392.98
2026-01-15 06:30:00,497.4
2026-01-15 06:45:00,529.0
2026-01-15 07:00:00,675.19
2026-01-15 07:15:00,688.06
2026-01-15 07:30:00,789.84
2026-01-15 07:45:00,789.99
2026-01-15 08:00:00,794.63
2026-01-15 08:15:00,795.81
2026-01-15 08:30:00,678.82
2026-01-15 08:45:00,390.05
2026-01-15 09:00:00,362.77
2026-01-15 09:15:00,356.91
2026-01-15 09:30:00,338.43
2026-01-15 09:45:00,250.43
2026-01-15 10:00:00,193.9
2026-01-15 10:15:00,43.48
2026-01-15 10:30:00,25.66
2026-01-15 10:45:00,5.91
2026-01-15 11:00:00,29.2
2026-01-15 11:15:00,4.01
2026-01-15 11:30:00,3.85
2026-01-15 11:45:00,3.89
2026-01-15 12:00:00,4.76
2026-01-15 12:15:00,6.24
2026-01-15 12:30:00,6.03
2026-01-15 12:45:00,6.71
2026-01-15 13:00:00,6.7
2026-01-15 13:15:00,6.83
2026-01-15 13:30:00,6.82
2026-01-15 13:45:00,5.38
2026-01-15 14:00:00,4.51
2026-01-15 14:15:00,4.54
2026-01-15 14:30:00,5.54
2026-01-15 14:45:00,6.06
2026-01-15 15:00:00,5.75
2026-01-15 15:15:00,40.58
2026-01-15 15:30:00,48.86
2026-01-15 15:45:00,194.04
2026-01-15 16:00:00,339.86
2026-01-15 16:15:00,353.03
2026-01-15 16:30:00,359.0
2026-01-15 16:45:00,361.0
2026-01-15 17:00:00,371.0
2026-01-15 17:15:00,374.69
2026-01-15 17:30:00,375.55
2026-01-15 17:45:00,375.81
2026-01-15 18:00:00,376.29
2026-01-15 18:15:00,364.04
2026-01-15 18:30:00,363.89
2026-01-15 18:45:00,362.24
2026-01-15 19:00:00,361.63
2026-01-15 19:15:00,360.0
2026-01-15 19:30:00,360.0
2026-01-15 19:45:00,360.0
2026-01-15 20:00:00,361.0
2026-01-15 20:15:00,361.0
2026-01-15 20:30:00,361.0
2026-01-15 20:45:00,361.0
2026-01-15 21:00:00,363.0
2026-01-15 21:15:00,361.0
2026-01-15 21:30:00,371.91
2026-01-15 21:45:00,363.42
2026-01-15 22:00:00,365.26
2026-01-15 22:15:00,373.69
2026-01-15 22:30:00,362.39
2026-01-15 22:45:00,359.91
2026-01-15 23:00:00,359.06
2026-01-15 23:15:00,359.06
2026-01-15 23:30:00,357.0
2026-01-15 23:45:00,357.0
2026-01-16 00:00:00,357.13
2026-01-16 00:15:00,355.92
2026-01-16 00:30:00,355.2
2026-01-16 00:45:00,355.0
2026-01-16 01:00:00,355.0
2026-01-16 01:15:00,355.0
2026-01-16 01:30:00,355.09
2026-01-16 01:45:00,355.09
2026-01-16 02:00:00,355.09
2026-01-16 02:15:00,355.0
2026-01-16 02:30:00,354.14
2026-01-16 02:45:00,354.17
2026-01-16 03:00:00,353.9
2026-01-16 03:15:00,353.0
2026-01-16 03:30:00,353.89
2026-01-16 03:45:00,354.0
2026-01-16 04:00:00,354.0
2026-01-16 04:15:00,353.0
2026-01-16 04:30:00,354.0
2026-01-16 04:45:00,354.0
2026-01-16 05:00:00,354.91
2026-01-16 05:15:00,355.0
2026-01-16 05:30:00,360.0
2026-01-16 05:45:00,360.31
2026-01-16 06:00:00,361.0
2026-01-16 06:15:00,361.0
2026-01-16 06:30:00,363.0
2026-01-16 06:45:00,373.0
2026-01-16 07:00:00,375.0
2026-01-16 07:15:00,378.1
2026-01-16 07:30:00,379.02
2026-01-16 07:45:00,379.0
2026-01-16 08:00:00,377.0
2026-01-16 08:15:00,379.0
2026-01-16 08:30:00,375.0
2026-01-16 08:45:00,374.0
2026-01-16 09:00:00,373.46
2026-01-16 09:15:00,372.6
2026-01-16 09:30:00,365.58
2026-01-16 09:45:00,361.96
2026-01-16 10:00:00,363.5
2026-01-16 10:15:00,365.29
2026-01-16 10:30:00,340.39
2026-01-16 10:45:00,351.16
2026-01-16 11:00:00,263.48
2026-01-16 11:15:00,206.21
2026-01-16 11:30:00,58.89
2026-01-16 11:45:00,44.51
2026-01-16 12:00:00,56.36
2026-01-16 12:15:00,45.09
2026-01-16 12:30:00,38.86
2026-01-16 12:45:00,7.12
2026-01-16 13:00:00,7.23
2026-01-16 13:15:00,31.73
2026-01-16 13:30:00,45.03
2026-01-16 13:45:00,73.88
2026-01-16 14:00:00,92.04
2026-01-16 14:15:00,194.23
2026-01-16 14:30:00,207.07
2026-01-16 14:45:00,263.29
2026-01-16 15:00:00,299.53
2026-01-16 15:15:00,360.29
2026-01-16 15:30:00,359.37
2026-01-16 15:45:00,358.9
2026-01-16 16:00:00,356.26
2026-01-16 16:15:00,359.8
2026-01-16 16:30:00,360.85
2026-01-16 16:45:00,360.16
2026-01-16 17:00:00,362.05
2026-01-16 17:15:00,361.03
2026-01-16 17:30:00,362.93
2026-01-16 17:45:00,362.28
2026-01-16 18:00:00,364.08
2026-01-16 18:15:00,359.14
2026-01-16 18:30:00,359.27
2026-01-16 18:45:00,358.19
2026-01-16 19:00:00,355.7
2026-01-16 19:15:00,347.76
2026-01-16 19:30:00,347.73
2026-01-16 19:45:00,346.66
2026-01-16 20:00:00,347.78
2026-01-16 20:15:00,347.23
2026-01-16 20:30:00,348.56
2026-01-16 20:45:00,348.86
2026-01-16 21:00:00,347.44
2026-01-16 21:15:00,347.25
2026-01-16 21:30:00,346.67
2026-01-16 21:45:00,346.31
2026-01-16 22:00:00,346.42
2026-01-16 22:15:00,346.43
2026-01-16 22:30:00,334.13
2026-01-16 22:45:00,329.35
2026-01-16 23:00:00,336.28
2026-01-16 23:15:00,346.65
2026-01-16 23:30:00,346.31
2026-01-16 23:45:00,328.8
2026-01-17 00:00:00,349.37
2026-01-17 00:15:00,348.35
2026-01-17 00:30:00,346.95
2026-01-17 00:45:00,347.1
2026-01-17 01:00:00,346.97
2026-01-17 01:15:00,346.98
2026-01-17 01:30:00,346.63
2026-01-17 01:45:00,336.74
2026-01-17 02:00:00,335.82
2026-01-17 02:15:00,335.61
2026-01-17 02:30:00,332.53
2026-01-17 02:45:00,328.37
2026-01-17 03:00:00,328.57
2026-01-17 03:15:00,328.49
2026-01-17 03:30:00,328.45
2026-01-17 03:45:00,328.44
2026-01-17 04:00:00,326.06
2026-01-17 04:15:00,325.88
2026-01-17 04:30:00,325.81
2026-01-17 04:45:00,328.19
2026-01-17 05:00:00,327.18
2026-01-17 05:15:00,328.24
2026-01-17 05:30:00,328.3
2026-01-17 05:45:00,328.31
2026-01-17 06:00:00,328.25
2026-01-17 06:15:00,326.03
2026-01-17 06:30:00,326.16
2026-01-17 06:45:00,275.09
2026-01-17 07:00:00,335.05
2026-01-17 07:15:00,353.05
2026-01-17 07:30:00,354.07
2026-01-17 07:45:00,355.3
2026-01-17 08:00:00,358.88
2026-01-17 08:15:00,363.1
2026-01-17 08:30:00,365.36
2026-01-17 08:45:00,366.78
2026-01-17 09:00:00,364.08
2026-01-17 09:15:00,360.68
2026-01-17 09:30:00,366.76
2026-01-17 09:45:00,366.31
2026-01-17 10:00:00,366.11
2026-01-17 10:15:00,360.49
2026-01-17 10:30:00,362.07
2026-01-17 10:45:00,357.9
2026-01-17 11:00:00,359.13
2026-01-17 11:15:00,356.98
2026-01-17 11:30:00,345.15
2026-01-17 11:45:00,336.43
2026-01-17 12:00:00,338.2
2026-01-17 12:15:00,336.16
2026-01-17 12:30:00,224.99
2026-01-17 12:45:00,191.13
2026-01-17 13:00:00,191.11
2026-01-17 13:15:00,251.45
2026-01-17 13:30:00,339.65
2026-01-17 13:45:00,336.02
2026-01-17 14:00:00,337.5
2026-01-17 14:15:00,354.77
2026-01-17 14:30:00,354.78
2026-01-17 14:45:00,355.49
2026-01-17 15:00:00,355.12
2026-01-17 15:15:00,357.41
2026-01-17 15:30:00,356.95
2026-01-17 15:45:00,358.08
2026-01-17 16:00:00,356.23
2026-01-17 16:15:00,359.55
2026-01-17 16:30:00,361.58
2026-01-17 16:45:00,359.76
2026-01-17 17:00:00,360.9
2026-01-17 17:15:00,359.21
2026-01-17 17:30:00,361.65
2026-01-17 17:45:00,363.56
2026-01-17 18:00:00,364.07
2026-01-17 18:15:00,361.78
2026-01-17 18:30:00,362.25
2026-01-17 18:45:00,364.71
2026-01-17 19:00:00,361.76
2026-01-17 19:15:00,359.61
2026-01-17 19:30:00,359.6
2026-01-17 19:45:00,361.08
2026-01-17 20:00:00,362.1
2026-01-17 20:15:00,361.63
2026-01-17 20:30:00,362.07
2026-01-17 20:45:00,356.6
2026-01-17 21:00:00,361.0
2026-01-17 21:15:00,359.0
2026-01-17 21:30:00,358.81
2026-01-17 21:45:00,358.57
2026-01-17 22:00:00,357.62
2026-01-17 22:15:00,356.74
2026-01-17 22:30:00,354.56
2026-01-17 22:45:00,354.23
2026-01-17 23:00:00,357.0
2026-01-17 23:15:00,357.0
2026-01-17 23:30:00,355.0
2026-01-17 23:45:00,355.0
2026-01-18 00:00:00,356.6
2026-01-18 00:15:00,354.23
2026-01-18 00:30:00,355.0
2026-01-18 00:45:00,354.69
2026-01-18 01:00:00,352.24
2026-01-18 01:15:00,354.13
2026-01-18 01:30:00,354.7
2026-01-18 01:45:00,354.12
2026-01-18 02:00:00,355.0
2026-01-18 02:15:00,355.0
2026-01-18 02:30:00,355.0
2026-01-18 02:45:00,354.94
2026-01-18 03:00:00,355.0
2026-01-18 03:15:00,355.0
2026-01-18 03:30:00,355.0
2026-01-18 03:45:00,354.42
2026-01-18 04:00:00,354.41
2026-01-18 04:15:00,354.95
2026-01-18 04:30:00,355.0
2026-01-18 04:45:00,354.39
2026-01-18 05:00:00,354.94
2026-01-18 05:15:00,355.0
2026-01-18 05:30:00,355.0
2026-01-18 05:45:00,355.0
2026-01-18 06:00:00,355.0
2026-01-18 06:15:00,353.0
2026-01-18 06:30:00,343.0
2026-01-18 06:45:00,353.0
2026-01-18 07:00:00,353.0
2026-01-18 07:15:00,353.0
2026-01-18 07:30:00,353.0
2026-01-18 07:45:00,354.0
2026-01-18 08:00:00,355.0
2026-01-18 08:15:00,355.0
2026-01-18 08:30:00,357.05
2026-01-18 08:45:00,356.97
2026-01-18 09:00:00,358.05
2026-01-18 09:15:00,360.22
2026-01-18 09:30:00,360.34
2026-01-18 09:45:00,364.7
2026-01-18 10:00:00,374.55
2026-01-18 10:15:00,374.37
2026-01-18 10:30:00,377.93
2026-01-18 10:45:00,376.91
2026-01-18 11:00:00,377.1
2026-01-18 11:15:00,366.66
2026-01-18 11:30:00,360.69
2026-01-18 11:45:00,359.1
2026-01-18 12:00:00,363.87
2026-01-18 12:15:00,374.83
2026-01-18 12:30:00,368.26
2026-01-18 12:45:00,376.04
2026-01-18 13:00:00,366.28
2026-01-18 13:15:00,382.14
2026-01-18 13:30:00,371.55
2026-01-18 13:45:00,361.51
2026-01-18 14:00:00,361.58
2026-01-18 14:15:00,362.59
2026-01-18 14:30:00,362.61
2026-01-18 14:45:00,361.51
2026-01-18 15:00:00,363.0
2026-01-18 15:15:00,363.0
2026-01-18 15:30:00,362.0
2026-01-18 15:45:00,359.08
2026-01-18 16:00:00,357.1
2026-01-18 16:15:00,357.24
2026-01-18 16:30:00,356.21
2026-01-18 16:45:00,363.76
2026-01-18 17:00:00,365.24
2026-01-18 17:15:00,356.26
2026-01-18 17:30:00,357.7
2026-01-18 17:45:00,358.6
2026-01-18 18:00:00,365.85
2026-01-18 18:15:00,366.12
2026-01-18 18:30:00,358.03
2026-01-18 18:45:00,358.94
2026-01-18 19:00:00,357.77
2026-01-18 19:15:00,357.49
2026-01-18 19:30:00,357.24
2026-01-18 19:45:00,356.05
2026-01-18 20:00:00,356.12
2026-01-18 20:15:00,355.98
2026-01-18 20:30:00,356.42
2026-01-18 20:45:00,355.77
2026-01-18 21:00:00,355.13
2026-01-18 21:15:00,355.16
2026-01-18 21:30:00,355.15
2026-01-18 21:45:00,354.95
2026-01-18 22:00:00,349.86
2026-01-18 22:15:00,348.68
2026-01-18 22:30:00,341.0
2026-01-18 22:45:00,343.0
2026-01-18 23:00:00,353.0
2026-01-18 23:15:00,334.0
2026-01-18 23:30:00,260.0
2026-01-18 23:45:00,220.0
2026-01-19 00:00:00,231.93
2026-01-19 00:15:00,240.09
2026-01-19 00:30:00,233.81
2026-01-19 00:45:00,233.81
2026-01-19 01:00:00,233.81
2026-01-19 01:15:00,232.43
2026-01-19 01:30:00,232.41
2026-01-19 01:45:00,232.43
2026-01-19 02:00:00,231.05
2026-01-19 02:15:00,230.36
2026-01-19 02:30:00,213.81
2026-01-19 02:45:00,174.49
2026-01-19 03:00:00,232.43
2026-01-19 03:15:00,231.05
2026-01-19 03:30:00,231.05
2026-01-19 03:45:00,231.05
2026-01-19 04:00:00,231.05
2026-01-19 04:15:00,231.05
2026-01-19 04:30:00,232.43
2026-01-19 04:45:00,232.43
2026-01-19 05:00:00,233.81
2026-01-19 05:15:00,236.57
2026-01-19 05:30:00,243.46
2026-01-19 05:45:00,243.46
2026-01-19 06:00:00,244.15
2026-01-19 06:15:00,244.15
2026-01-19 06:30:00,244.15
2026-01-19 06:45:00,244.82
2026-01-19 07:00:00,242.46
2026-01-19 07:15:00,248.99
2026-01-19 07:30:00,251.55
2026-01-19 07:45:00,260.37
2026-01-19 08:00:00,265.36
2026-01-19 08:15:00,282.82
2026-01-19 08:30:00,329.16
2026-01-19 08:45:00,533.62
2026-01-19 09:00:00,632.24
2026-01-19 09:15:00,662.12
2026-01-19 09:30:00,655.89
2026-01-19 09:45:00,656.02
2026-01-19 10:00:00,656.17
2026-01-19 10:15:00,657.51
2026-01-19 10:30:00,657.15
2026-01-19 10:45:00,655.28
2026-01-19 11:00:00,657.36
2026-01-19 11:15:00,634.77
2026-01-19 11:30:00,633.55
2026-01-19 11:45:00,450.19
2026-01-19 12:00:00,292.07
2026-01-19 12:15:00,341.07
2026-01-19 12:30:00,564.8
2026-01-19 12:45:00,589.1
2026-01-19 13:00:00,662.9
2026-01-19 13:15:00,662.89
2026-01-19 13:30:00,662.15
2026-01-19 13:45:00,634.38
2026-01-19 14:00:00,498.1
2026-01-19 14:15:00,552.62
2026-01-19 14:30:00,562.93
2026-01-19 14:45:00,497.87
2026-01-19 15:00:00,562.82
2026-01-19 15:15:00,580.3
2026-01-19 15:30:00,635.26
2026-01-19 15:45:00,664.47
2026-01-19 16:00:00,664.91
2026-01-19 16:15:00,635.71
2026-01-19 16:30:00,664.72
2026-01-19 16:45:00,635.75
2026-01-19 17:00:00,329.27
2026-01-19 17:15:00,311.33
2026-01-19 17:30:00,332.82
2026-01-19 17:45:00,360.17
2026-01-19 18:00:00,374.62
2026-01-19 18:15:00,524.7
2026-01-19 18:30:00,454.39
2026-01-19 18:45:00,456.48
2026-01-19 19:00:00,356.38
2026-01-19 19:15:00,345.48
2026-01-19 19:30:00,355.94
2026-01-19 19:45:00,349.67
2026-01-19 20:00:00,353.88
2026-01-19 20:15:00,336.05
2026-01-19 20:30:00,426.29
2026-01-19 20:45:00,327.79
2026-01-19 21:00:00,614.3
2026-01-19 21:15:00,428.38
2026-01-19 21:30:00,335.62
2026-01-19 21:45:00,309.28
2026-01-19 22:00:00,283.59
2026-01-19 22:15:00,269.38
2026-01-19 22:30:00,261.83
2026-01-19 22:45:00,259.43
2026-01-19 23:00:00,259.81
2026-01-19 23:15:00,256.43
2026-01-19 23:30:00,253.9
2026-01-19 23:45:00,250.17
2026-01-20 00:00:00,365.46
2026-01-20 00:15:00,365.97
2026-01-20 00:30:00,362.46
2026-01-20 00:45:00,372.4
2026-01-20 01:00:00,383.26
2026-01-20 01:15:00,372.48
2026-01-20 01:30:00,372.46
2026-01-20 01:45:00,372.46
2026-01-20 02:00:00,371.56
2026-01-20 02:15:00,370.66
2026-01-20 02:30:00,370.65
2026-01-20 02:45:00,368.86
2026-01-20 03:00:00,368.85
2026-01-20 03:15:00,367.05
2026-01-20 03:30:00,367.05
2026-01-20 03:45:00,367.04
2026-01-20 04:00:00,367.04
2026-01-20 04:15:00,367.04
2026-01-20 04:30:00,367.04
2026-01-20 04:45:00,367.04
2026-01-20 05:00:00,367.06
2026-01-20 05:15:00,368.86
2026-01-20 05:30:00,368.86
2026-01-20 05:45:00,368.03
2026-01-20 06:00:00,367.05
2026-01-20 06:15:00,367.04
2026-01-20 06:30:00,367.04
2026-01-20 06:45:00,368.84
2026-01-20 07:00:00,371.62
2026-01-20 07:15:00,381.42
2026-01-20 07:30:00,372.54
2026-01-20 07:45:00,388.37
2026-01-20 08:00:00,397.26
2026-01-20 08:15:00,435.64
2026-01-20 08:30:00,502.58
2026-01-20 08:45:00,554.15
2026-01-20 09:00:00,789.41
2026-01-20 09:15:00,865.85
2026-01-20 09:30:00,919.86
2026-01-20 09:45:00,917.53
2026-01-20 10:00:00,378.05
2026-01-20 10:15:00,389.92
2026-01-20 10:30:00,400.98
2026-01-20 10:45:00,462.86
2026-01-20 11:00:00,493.13
2026-01-20 11:15:00,526.43
2026-01-20 11:30:00,492.11
2026-01-20 11:45:00,428.56
2026-01-20 12:00:00,504.16
2026-01-20 12:15:00,511.32
2026-01-20 12:30:00,499.49
2026-01-20 12:45:00,511.08
2026-01-20 13:00:00,924.27
2026-01-20 13:15:00,874.47
2026-01-20 13:30:00,529.53
2026-01-20 13:45:00,478.77
2026-01-20 14:00:00,424.82
2026-01-20 14:15:00,424.18
2026-01-20 14:30:00,424.3
2026-01-20 14:45:00,398.29
2026-01-20 15:00:00,386.09
2026-01-20 15:15:00,386.55
2026-01-20 15:30:00,390.17
2026-01-20 15:45:00,383.89
2026-01-20 16:00:00,386.1
2026-01-20 16:15:00,387.39
2026-01-20 16:30:00,387.09
2026-01-20 16:45:00,387.45
2026-01-20 17:00:00,409.89
2026-01-20 17:15:00,392.29
2026-01-20 17:30:00,391.06
2026-01-20 17:45:00,389.06
2026-01-20 18:00:00,406.32
2026-01-20 18:15:00,435.96
2026-01-20 18:30:00,402.41
2026-01-20 18:45:00,407.73
2026-01-20 19:00:00,419.92
2026-01-20 19:15:00,387.77
2026-01-20 19:30:00,388.89
2026-01-20 19:45:00,391.76
2026-01-20 20:00:00,389.9
2026-01-20 20:15:00,401.79
2026-01-20 20:30:00,406.73
2026-01-20 20:45:00,398.51
2026-01-20 21:00:00,387.34
2026-01-20 21:15:00,373.81
2026-01-20 21:30:00,370.07
2026-01-20 21:45:00,366.58
2026-01-20 22:00:00,364.82
2026-01-20 22:15:00,364.05
2026-01-20 22:30:00,357.5
2026-01-20 22:45:00,353.93
2026-01-20 23:00:00,353.94
2026-01-20 23:15:00,353.93
2026-01-20 23:30:00,350.36
2026-01-20 23:45:00,350.16
2026-01-21 00:00:00,378.75
2026-01-21 00:15:00,379.04
2026-01-21 00:30:00,379.03
2026-01-21 00:45:00,377.05
2026-01-21 01:00:00,378.83
2026-01-21 01:15:00,378.3
2026-01-21 01:30:00,377.06
2026-01-21 01:45:00,376.1
2026-01-21 02:00:00,376.1
2026-01-21 02:15:00,376.23
2026-01-21 02:30:00,375.06
2026-01-21 02:45:00,374.12
2026-01-21 03:00:00,373.33
2026-01-21 03:15:00,372.35
2026-01-21 03:30:00,372.34
2026-01-21 03:45:00,372.35
2026-01-21 04:00:00,372.35
2026-01-21 04:15:00,372.4
2026-01-21 04:30:00,373.7
2026-01-21 04:45:00,373.43
2026-01-21 05:00:00,372.16
2026-01-21 05:15:00,373.12
2026-01-21 05:30:00,372.16
2026-01-21 05:45:00,372.15
2026-01-21 06:00:00,373.1
2026-01-21 06:15:00,373.1
2026-01-21 06:30:00,373.19
2026-01-21 06:45:00,374.14
2026-01-21 07:00:00,374.71
2026-01-21 07:15:00,375.87
2026-01-21 07:30:00,377.79
2026-01-21 07:45:00,378.75
2026-01-21 08:00:00,390.31
2026-01-21 08:15:00,392.19
2026-01-21 08:30:00,395.13
2026-01-21 08:45:00,403.83
2026-01-21 09:00:00,401.09
2026-01-21 09:15:00,400.2
2026-01-21 09:30:00,400.17
2026-01-21 09:45:00,400.16
2026-01-21 10:00:00,401.94
2026-01-21 10:15:00,401.85
2026-01-21 10:30:00,404.35
2026-01-21 10:45:00,403.67
2026-01-21 11:00:00,403.38
2026-01-21 11:15:00,403.34
2026-01-21 11:30:00,409.98
2026-01-21 11:45:00,406.07
2026-01-21 12:00:00,411.12
2026-01-21 12:15:00,413.41
2026-01-21 12:30:00,412.59
2026-01-21 12:45:00,410.54
2026-01-21 13:00:00,411.42
2026-01-21 13:15:00,404.23
2026-01-21 13:30:00,403.29
2026-01-21 13:45:00,395.59
2026-01-21 14:00:00,397.24
2026-01-21 14:15:00,395.53
2026-01-21 14:30:00,395.53
2026-01-21 14:45:00,395.18
2026-01-21 15:00:00,394.98
2026-01-21 15:15:00,396.28
2026-01-21 15:30:00,395.49
2026-01-21 15:45:00,408.29
2026-01-21 16:00:00,406.62
2026-01-21 16:15:00,405.97
2026-01-21 16:30:00,408.24
2026-01-21 16:45:00,408.68
2026-01-21 17:00:00,407.97
2026-01-21 17:15:00,406.36
2026-01-21 17:30:00,406.16
2026-01-21 17:45:00,409.07
2026-01-21 18:00:00,412.56
2026-01-21 18:15:00,409.62
2026-01-21 18:30:00,411.67
2026-01-21 18:45:00,409.67
2026-01-21 19:00:00,410.83
2026-01-21 19:15:00,411.01
2026-01-21 19:30:00,411.05
2026-01-21 19:45:00,409.35
2026-01-21 20:00:00,412.34
2026-01-21 20:15:00,412.19
2026-01-21 20:30:00,412.49
2026-01-21 20:45:00,420.22
2026-01-21 21:00:00,420.48
2026-01-21 21:15:00,397.52
2026-01-21 21:30:00,395.29
2026-01-21 21:45:00,394.5
2026-01-21 22:00:00,391.51
2026-01-21 22:15:00,389.78
2026-01-21 22:30:00,389.77
2026-01-21 22:45:00,377.61
2026-01-21 23:00:00,377.6
2026-01-21 23:15:00,379.0
2026-01-21 23:30:00,379.0
2026-01-21 23:45:00,378.0
2026-01-22 00:00:00,378.89
2026-01-22 00:15:00,379.16
2026-01-22 00:30:00,377.94
2026-01-22 00:45:00,377.0
2026-01-22 01:00:00,377.0
2026-01-22 01:15:00,377.0
2026-01-22 01:30:00,377.0
2026-01-22 01:45:00,376.0
2026-01-22 02:00:00,375.0
2026-01-22 02:15:00,377.0
2026-01-22 02:30:00,376.0
2026-01-22 02:45:00,377.0
2026-01-22 03:00:00,377.0
2026-01-22 03:15:00,376.0
2026-01-22 03:30:00,377.0
2026-01-22 03:45:00,377.0
2026-01-22 04:00:00,377.0
2026-01-22 04:15:00,377.0
2026-01-22 04:30:00,377.0
2026-01-22 04:45:00,377.0
2026-01-22 05:00:00,377.0
2026-01-22 05:15:00,377.0
2026-01-22 05:30:00,377.0
2026-01-22 05:45:00,377.75
2026-01-22 06:00:00,377.75
2026-01-22 06:15:00,377.94
2026-01-22 06:30:00,378.92
2026-01-22 06:45:00,378.93
2026-01-22 07:00:00,387.88
2026-01-22 07:15:00,393.03
2026-01-22 07:30:00,394.91
2026-01-22 07:45:00,396.83
2026-01-22 08:00:00,398.89
2026-01-22 08:15:00,400.58
2026-01-22 08:30:00,411.43
2026-01-22 08:45:00,399.14
2026-01-22 09:00:00,399.02
2026-01-22 09:15:00,400.17
2026-01-22 09:30:00,401.06
2026-01-22 09:45:00,397.78
2026-01-22 10:00:00,394.35
2026-01-22 10:15:00,388.03
2026-01-22 10:30:00,381.64
2026-01-22 10:45:00,381.31
2026-01-22 11:00:00,378.19
2026-01-22 11:15:00,376.33
2026-01-22 11:30:00,372.74
2026-01-22 11:45:00,359.36
2026-01-22 12:00:00,368.32
2026-01-22 12:15:00,357.43
2026-01-22 12:30:00,352.63
2026-01-22 12:45:00,279.16
2026-01-22 13:00:00,216.06
2026-01-22 13:15:00,208.93
2026-01-22 13:30:00,171.64
2026-01-22 13:45:00,147.11
2026-01-22 14:00:00,80.42
2026-01-22 14:15:00,132.09
2026-01-22 14:30:00,145.97
2026-01-22 14:45:00,169.55
2026-01-22 15:00:00,214.51
2026-01-22 15:15:00,351.41
2026-01-22 15:30:00,356.99
2026-01-22 15:45:00,367.96
2026-01-22 16:00:00,372.44
2026-01-22 16:15:00,375.39
2026-01-22 16:30:00,376.08
2026-01-22 16:45:00,376.18
2026-01-22 17:00:00,377.41
2026-01-22 17:15:00,376.24
2026-01-22 17:30:00,378.37
2026-01-22 17:45:00,387.77
2026-01-22 18:00:00,385.24
2026-01-22 18:15:00,389.65
2026-01-22 18:30:00,390.13
2026-01-22 18:45:00,390.1
2026-01-22 19:00:00,390.15
2026-01-22 19:15:00,392.02
2026-01-22 19:30:00,392.05
2026-01-22 19:45:00,396.39
2026-01-22 20:00:00,403.8
2026-01-22 20:15:00,409.39
2026-01-22 20:30:00,409.05
2026-01-22 20:45:00,407.93
2026-01-22 21:00:00,399.31
2026-01-22 21:15:00,397.48
2026-01-22 21:30:00,396.84
2026-01-22 21:45:00,394.0
2026-01-22 22:00:00,393.0
2026-01-22 22:15:00,393.0
2026-01-22 22:30:00,391.0
2026-01-22 22:45:00,381.0
2026-01-22 23:00:00,379.0
2026-01-22 23:15:00,379.0
2026-01-22 23:30:00,379.0
2026-01-22 23:45:00,378.0
2026-01-23 00:00:00,375.0
2026-01-23 00:15:00,375.0
2026-01-23 00:30:00,374.0
2026-01-23 00:45:00,373.0
2026-01-23 01:00:00,372.95
2026-01-23 01:15:00,371.0
2026-01-23 01:30:00,371.0
2026-01-23 01:45:00,371.0
2026-01-23 02:00:00,355.0
2026-01-23 02:15:00,353.0
2026-01-23 02:30:00,353.0
2026-01-23 02:45:00,260.0
2026-01-23 03:00:00,209.0
2026-01-23 03:15:00,201.0
2026-01-23 03:30:00,170.0
2026-01-23 03:45:00,170.0
2026-01-23 04:00:00,140.9
2026-01-23 04:15:00,150.0
2026-01-23 04:30:00,150.0
2026-01-23 04:45:00,150.0
2026-01-23 05:00:00,201.0
2026-01-23 05:15:00,204.0
2026-01-23 05:30:00,208.0
2026-01-23 05:45:00,213.0
2026-01-23 06:00:00,290.0
2026-01-23 06:15:00,300.0
2026-01-23 06:30:00,314.5
2026-01-23 06:45:00,351.0
2026-01-23 07:00:00,356.0
2026-01-23 07:15:00,359.0
2026-01-23 07:30:00,357.05
2026-01-23 07:45:00,371.03
2026-01-23 08:00:00,371.13
2026-01-23 08:15:00,371.13
2026-01-23 08:30:00,359.8
2026-01-23 08:45:00,356.84
2026-01-23 09:00:00,291.88
2026-01-23 09:15:00,211.55
2026-01-23 09:30:00,150.81
2026-01-23 09:45:00,151.31
2026-01-23 10:00:00,208.83
2026-01-23 10:15:00,150.43
2026-01-23 10:30:00,86.45
2026-01-23 10:45:00,68.77
2026-01-23 11:00:00,63.29
2026-01-23 11:15:00,12.14
2026-01-23 11:30:00,10.56
2026-01-23 11:45:00,10.0
2026-01-23 12:00:00,10.74
2026-01-23 12:15:00,12.18
2026-01-23 12:30:00,12.16
2026-01-23 12:45:00,12.44
2026-01-23 13:00:00,12.19
2026-01-23 13:15:00,13.57
2026-01-23 13:30:00,13.7
2026-01-23 13:45:00,12.26
2026-01-23 14:00:00,7.14
2026-01-23 14:15:00,7.45
2026-01-23 14:30:00,9.18
2026-01-23 14:45:00,10.4
2026-01-23 15:00:00,17.85
2026-01-23 15:15:00,54.33
2026-01-23 15:30:00,64.74
2026-01-23 15:45:00,71.39
2026-01-23 16:00:00,147.72
2026-01-23 16:15:00,172.03
2026-01-23 16:30:00,206.91
2026-01-23 16:45:00,242.17
2026-01-23 17:00:00,302.72
2026-01-23 17:15:00,353.92
2026-01-23 17:30:00,360.67
2026-01-23 17:45:00,362.08
2026-01-23 18:00:00,358.34
2026-01-23 18:15:00,354.4
2026-01-23 18:30:00,354.88
2026-01-23 18:45:00,354.16
2026-01-23 19:00:00,352.08
2026-01-23 19:15:00,356.39
2026-01-23 19:30:00,359.04
2026-01-23 19:45:00,357.01
2026-01-23 20:00:00,368.42
2026-01-23 20:15:00,379.69
2026-01-23 20:30:00,379.47
2026-01-23 20:45:00,378.93
2026-01-23 21:00:00,375.56
2026-01-23 21:15:00,372.07
2026-01-23 21:30:00,370.25
2026-01-23 21:45:00,373.02
2026-01-23 22:00:00,373.0
2026-01-23 22:15:00,371.13
2026-01-23 22:30:00,361.0
2026-01-23 22:45:00,359.0
2026-01-23 23:00:00,355.0
2026-01-23 23:15:00,351.0
2026-01-23 23:30:00,351.0
2026-01-23 23:45:00,289.0
2026-01-24 00:00:00,272.48
2026-01-24 00:15:00,288.85
2026-01-24 00:30:00,250.0
2026-01-24 00:45:00,213.0
2026-01-24 01:00:00,212.0
2026-01-24 01:15:00,208.89
2026-01-24 01:30:00,205.0
2026-01-24 01:45:00,204.0
2026-01-24 02:00:00,203.0
2026-01-24 02:15:00,204.0
2026-01-24 02:30:00,203.0
2026-01-24 02:45:00,201.0
2026-01-24 03:00:00,203.0
2026-01-24 03:15:00,201.0
2026-01-24 03:30:00,187.0
2026-01-24 03:45:00,150.0
2026-01-24 04:00:00,201.0
2026-01-24 04:15:00,160.0
2026-01-24 04:30:00,160.0
2026-01-24 04:45:00,139.0
2026-01-24 05:00:00,150.0
2026-01-24 05:15:00,140.9
2026-01-24 05:30:00,140.0
2026-01-24 05:45:00,133.46
2026-01-24 06:00:00,150.0
2026-01-24 06:15:00,140.9
2026-01-24 06:30:00,150.0
2026-01-24 06:45:00,203.0
2026-01-24 07:00:00,206.0
2026-01-24 07:15:00,204.0
2026-01-24 07:30:00,205.0
2026-01-24 07:45:00,207.0
2026-01-24 08:00:00,207.04
2026-01-24 08:15:00,210.0
2026-01-24 08:30:00,208.12
2026-01-24 08:45:00,201.23
2026-01-24 09:00:00,72.32
2026-01-24 09:15:00,55.78
2026-01-24 09:30:00,2.67
2026-01-24 09:45:00,8.04
2026-01-24 10:00:00,54.12
2026-01-24 10:15:00,5.31
2026-01-24 10:30:00,3.13
2026-01-24 10:45:00,7.81
2026-01-24 11:00:00,2.25
2026-01-24 11:15:00,2.93
2026-01-24 11:30:00,0.45
2026-01-24 11:45:00,0.0
2026-01-24 12:00:00,1.47
2026-01-24 12:15:00,1.99
2026-01-24 12:30:00,1.62
2026-01-24 12:45:00,4.03
2026-01-24 13:00:00,4.66
2026-01-24 13:15:00,5.41
2026-01-24 13:30:00,5.47
2026-01-24 13:45:00,4.18
2026-01-24 14:00:00,4.21
2026-01-24 14:15:00,4.3
2026-01-24 14:30:00,5.5
2026-01-24 14:45:00,4.27
2026-01-24 15:00:00,5.57
2026-01-24 15:15:00,5.66
2026-01-24 15:30:00,5.9
2026-01-24 15:45:00,5.18
2026-01-24 16:00:00,5.73
2026-01-24 16:15:00,56.07
2026-01-24 16:30:00,60.56
2026-01-24 16:45:00,66.78
2026-01-24 17:00:00,144.89
2026-01-24 17:15:00,144.0
2026-01-24 17:30:00,206.12
2026-01-24 17:45:00,208.15
2026-01-24 18:00:00,212.23
2026-01-24 18:15:00,212.16
2026-01-24 18:30:00,211.18
2026-01-24 18:45:00,211.37
2026-01-24 19:00:00,210.4
2026-01-24 19:15:00,210.77
2026-01-24 19:30:00,214.2
2026-01-24 19:45:00,211.47
2026-01-24 20:00:00,238.21
2026-01-24 20:15:00,252.5
2026-01-24 20:30:00,281.97
2026-01-24 20:45:00,216.06
2026-01-24 21:00:00,222.32
2026-01-24 21:15:00,232.16
2026-01-24 21:30:00,210.11
2026-01-24 21:45:00,281.11
2026-01-24 22:00:00,251.59
2026-01-24 22:15:00,289.0
2026-01-24 22:30:00,221.0
2026-01-24 22:45:00,211.0
2026-01-24 23:00:00,208.0
2026-01-24 23:15:00,203.0
2026-01-24 23:30:00,140.9
2026-01-24 23:45:00,124.5
2026-01-25 00:00:00,209.0
2026-01-25 00:15:00,210.0
2026-01-25 00:30:00,209.0
2026-01-25 00:45:00,205.0
2026-01-25 01:00:00,205.0
2026-01-25 01:15:00,209.0
2026-01-25 01:30:00,209.0
2026-01-25 01:45:00,209.0
2026-01-25 02:00:00,205.0
2026-01-25 02:15:00,207.89
2026-01-25 02:30:00,206.95
2026-01-25 02:45:00,205.0
2026-01-25 03:00:00,203.0
2026-01-25 03:15:00,201.0
2026-01-25 03:30:00,201.0
2026-01-25 03:45:00,201.0
2026-01-25 04:00:00,201.0
2026-01-25 04:15:00,201.0
2026-01-25 04:30:00,201.0
2026-01-25 04:45:00,201.0
2026-01-25 05:00:00,203.0
2026-01-25 05:15:00,204.0
2026-01-25 05:30:00,201.0
2026-01-25 05:45:00,150.0
2026-01-25 06:00:00,133.09
2026-01-25 06:15:00,71.0
2026-01-25 06:30:00,133.09
2026-01-25 06:45:00,134.79
2026-01-25 07:00:00,201.0
2026-01-25 07:15:00,204.0
2026-01-25 07:30:00,207.5
2026-01-25 07:45:00,208.48
2026-01-25 08:00:00,215.51
2026-01-25 08:15:00,205.45
2026-01-25 08:30:00,300.01
2026-01-25 08:45:00,296.65
2026-01-25 09:00:00,286.63
2026-01-25 09:15:00,266.53
2026-01-25 09:30:00,252.02
2026-01-25 09:45:00,301.18
2026-01-25 10:00:00,353.42
2026-01-25 10:15:00,353.03
2026-01-25 10:30:00,353.03
2026-01-25 10:45:00,353.1
2026-01-25 11:00:00,352.09
2026-01-25 11:15:00,357.04
2026-01-25 11:30:00,357.13
2026-01-25 11:45:00,358.16
2026-01-25 12:00:00,362.46
2026-01-25 12:15:00,371.21
2026-01-25 12:30:00,364.4
2026-01-25 12:45:00,359.27
2026-01-25 13:00:00,368.01
2026-01-25 13:15:00,371.3
2026-01-25 13:30:00,364.19
2026-01-25 13:45:00,359.49
2026-01-25 14:00:00,357.26
2026-01-25 14:15:00,357.21
2026-01-25 14:30:00,357.04
2026-01-25 14:45:00,357.04
2026-01-25 15:00:00,357.04
2026-01-25 15:15:00,357.27
2026-01-25 15:30:00,357.29
2026-01-25 15:45:00,357.28
2026-01-25 16:00:00,359.26
2026-01-25 16:15:00,357.28
2026-01-25 16:30:00,358.25
2026-01-25 16:45:00,356.34
2026-01-25 17:00:00,357.45
2026-01-25 17:15:00,357.33
2026-01-25 17:30:00,356.35
2026-01-25 17:45:00,355.91
2026-01-25 18:00:00,357.93
2026-01-25 18:15:00,355.91
2026-01-25 18:30:00,353.63
2026-01-25 18:45:00,350.84
2026-01-25 19:00:00,303.82
2026-01-25 19:15:00,300.27
2026-01-25 19:30:00,313.45
2026-01-25 19:45:00,252.15
2026-01-25 20:00:00,296.0
2026-01-25 20:15:00,278.67
2026-01-25 20:30:00,251.29
2026-01-25 20:45:00,216.13
2026-01-25 21:00:00,252.3
2026-01-25 21:15:00,351.41
2026-01-25 21:30:00,261.77
2026-01-25 21:45:00,274.04
2026-01-25 22:00:00,250.55
2026-01-25 22:15:00,223.02
2026-01-25 22:30:00,213.35
2026-01-25 22:45:00,209.08
2026-01-25 23:00:00,209.08
2026-01-25 23:15:00,206.0
2026-01-25 23:30:00,203.0
2026-01-25 23:45:00,150.0
2026-01-26 00:00:00,209.0
2026-01-26 00:15:00,209.0
2026-01-26 00:30:00,209.0
2026-01-26 00:45:00,207.0
2026-01-26 01:00:00,205.0
2026-01-26 01:15:00,201.0
2026-01-26 01:30:00,150.0
2026-01-26 01:45:00,100.0
2026-01-26 02:00:00,76.0
2026-01-26 02:15:00,127.4
2026-01-26 02:30:00,95.15
2026-01-26 02:45:00,60.23
2026-01-26 03:00:00,59.23
2026-01-26 03:15:00,59.06
2026-01-26 03:30:00,59.0
2026-01-26 03:45:00,58.0
2026-01-26 04:00:00,56.0
2026-01-26 04:15:00,53.0
2026-01-26 04:30:00,55.0
2026-01-26 04:45:00,55.0
2026-01-26 05:00:00,55.0
2026-01-26 05:15:00,59.25
2026-01-26 05:30:00,75.0
2026-01-26 05:45:00,133.46
2026-01-26 06:00:00,203.0
2026-01-26 06:15:00,133.09
2026-01-26 06:30:00,201.0
2026-01-26 06:45:00,203.0
2026-01-26 07:00:00,205.0
2026-01-26 07:15:00,209.0
2026-01-26 07:30:00,351.0
2026-01-26 07:45:00,356.01
2026-01-26 08:00:00,361.86
2026-01-26 08:15:00,371.12
2026-01-26 08:30:00,374.97
2026-01-26 08:45:00,374.97
2026-01-26 09:00:00,376.85
2026-01-26 09:15:00,376.95
2026-01-26 09:30:00,377.89
2026-01-26 09:45:00,378.86
2026-01-26 10:00:00,380.64
2026-01-26 10:15:00,393.46
2026-01-26 10:30:00,394.77
2026-01-26 10:45:00,395.66
2026-01-26 11:00:00,528.76
2026-01-26 11:15:00,400.12
2026-01-26 11:30:00,395.23
2026-01-26 11:45:00,392.8
2026-01-26 12:00:00,394.27
2026-01-26 12:15:00,392.23
2026-01-26 12:30:00,392.39
2026-01-26 12:45:00,388.03
2026-01-26 13:00:00,387.95
2026-01-26 13:15:00,391.18
2026-01-26 13:30:00,390.07
2026-01-26 13:45:00,378.5
2026-01-26 14:00:00,378.37
2026-01-26 14:15:00,377.31
2026-01-26 14:30:00,377.61
2026-01-26 14:45:00,377.99
2026-01-26 15:00:00,377.57
2026-01-26 15:15:00,378.49
2026-01-26 15:30:00,378.48
2026-01-26 15:45:00,377.14
2026-01-26 16:00:00,375.31
2026-01-26 16:15:00,373.84
2026-01-26 16:30:00,373.09
2026-01-26 16:45:00,373.07
2026-01-26 17:00:00,372.98
2026-01-26 17:15:00,372.89
2026-01-26 17:30:00,371.66
2026-01-26 17:45:00,370.94
2026-01-26 18:00:00,370.94
2026-01-26 18:15:00,370.08
2026-01-26 18:30:00,364.67
2026-01-26 18:45:00,368.84
2026-01-26 19:00:00,370.94
2026-01-26 19:15:00,370.83
2026-01-26 19:30:00,370.95
2026-01-26 19:45:00,371.11
2026-01-26 20:00:00,368.4
2026-01-26 20:15:00,369.16
2026-01-26 20:30:00,369.29
2026-01-26 20:45:00,369.14
2026-01-26 21:00:00,368.86
2026-01-26 21:15:00,371.06
2026-01-26 21:30:00,371.13
2026-01-26 21:45:00,373.0
2026-01-26 22:00:00,371.0
2026-01-26 22:15:00,371.0
2026-01-26 22:30:00,371.0
2026-01-26 22:45:00,371.0
2026-01-26 23:00:00,371.0
2026-01-26 23:15:00,371.0
2026-01-26 23:30:00,371.0
2026-01-26 23:45:00,371.0
2026-01-27 00:00:00,367.42
2026-01-27 00:15:00,367.57
2026-01-27 00:30:00,367.45
2026-01-27 00:45:00,365.36
2026-01-27 01:00:00,367.53
2026-01-27 01:15:00,367.45
2026-01-27 01:30:00,367.47
2026-01-27 01:45:00,367.49
2026-01-27 02:00:00,367.62
2026-01-27 02:15:00,367.7
2026-01-27 02:30:00,367.6
2026-01-27 02:45:00,353.59
2026-01-27 03:00:00,353.52
2026-01-27 03:15:00,351.45
2026-01-27 03:30:00,350.38
2026-01-27 03:45:00,348.32
2026-01-27 04:00:00,347.36
2026-01-27 04:15:00,347.41
2026-01-27 04:30:00,347.33
2026-01-27 04:45:00,347.34
2026-01-27 05:00:00,347.35
2026-01-27 05:15:00,349.44
2026-01-27 05:30:00,351.5
2026-01-27 05:45:00,349.45
2026-01-27 06:00:00,349.24
2026-01-27 06:15:00,347.28
2026-01-27 06:30:00,304.19
2026-01-27 06:45:00,288.13
2026-01-27 07:00:00,347.04
2026-01-27 07:15:00,349.08
2026-01-27 07:30:00,349.16
2026-01-27 07:45:00,351.17
2026-01-27 08:00:00,367.34
2026-01-27 08:15:00,369.05
2026-01-27 08:30:00,373.02
2026-01-27 08:45:00,372.96
2026-01-27 09:00:00,365.75
2026-01-27 09:15:00,354.09
2026-01-27 09:30:00,354.28
2026-01-27 09:45:00,352.52
2026-01-27 10:00:00,359.24
2026-01-27 10:15:00,359.01
2026-01-27 10:30:00,354.23
2026-01-27 10:45:00,324.75
2026-01-27 11:00:00,331.58
2026-01-27 11:15:00,306.42
2026-01-27 11:30:00,223.38
2026-01-27 11:45:00,208.73
2026-01-27 12:00:00,295.48
2026-01-27 12:15:00,279.71
2026-01-27 12:30:00,296.94
2026-01-27 12:45:00,297.36
2026-01-27 13:00:00,286.26
2026-01-27 13:15:00,287.05
2026-01-27 13:30:00,338.5
2026-01-27 13:45:00,277.93
2026-01-27 14:00:00,211.72
2026-01-27 14:15:00,270.49
2026-01-27 14:30:00,287.59
2026-01-27 14:45:00,347.8
2026-01-27 15:00:00,347.49
2026-01-27 15:15:00,353.22
2026-01-27 15:30:00,353.55
2026-01-27 15:45:00,356.85
2026-01-27 16:00:00,371.42
2026-01-27 16:15:00,359.38
2026-01-27 16:30:00,359.55
2026-01-27 16:45:00,357.54
2026-01-27 17:00:00,357.47
2026-01-27 17:15:00,359.4
2026-01-27 17:30:00,371.12
2026-01-27 17:45:00,362.51
2026-01-27 18:00:00,371.11
2026-01-27 18:15:00,361.76
2026-01-27 18:30:00,361.76
2026-01-27 18:45:00,371.19
2026-01-27 19:00:00,371.19
2026-01-27 19:15:00,371.18
2026-01-27 19:30:00,371.18
2026-01-27 19:45:00,371.18
2026-01-27 20:00:00,371.18
2026-01-27 20:15:00,371.18
2026-01-27 20:30:00,371.21
2026-01-27 20:45:00,373.0
2026-01-27 21:00:00,373.0
2026-01-27 21:15:00,373.0
2026-01-27 21:30:00,373.0
2026-01-27 21:45:00,373.0
2026-01-27 22:00:00,373.0
2026-01-27 22:15:00,371.0
2026-01-27 22:30:00,372.95
2026-01-27 22:45:00,370.52
2026-01-27 23:00:00,370.53
2026-01-27 23:15:00,352.02
2026-01-27 23:30:00,349.03
2026-01-27 23:45:00,346.89
2026-01-28 00:00:00,351.63
2026-01-28 00:15:00,351.51
2026-01-28 00:30:00,283.49
2026-01-28 00:45:00,213.08
2026-01-28 01:00:00,213.12
2026-01-28 01:15:00,216.0
2026-01-28 01:30:00,214.0
2026-01-28 01:45:00,212.0
2026-01-28 02:00:00,208.0
2026-01-28 02:15:00,208.0
2026-01-28 02:30:00,141.27
2026-01-28 02:45:00,150.0
2026-01-28 03:00:00,150.0
2026-01-28 03:15:00,150.0
2026-01-28 03:30:00,150.0
2026-01-28 03:45:00,125.78
2026-01-28 04:00:00,125.78
2026-01-28 04:15:00,150.0
2026-01-28 04:30:00,141.27
2026-01-28 04:45:00,120.0
2026-01-28 05:00:00,150.0
2026-01-28 05:15:00,210.0
2026-01-28 05:30:00,212.0
2026-01-28 05:45:00,212.0
2026-01-28 06:00:00,212.0
2026-01-28 06:15:00,212.0
2026-01-28 06:30:00,213.0
2026-01-28 06:45:00,216.0
2026-01-28 07:00:00,216.0
2026-01-28 07:15:00,213.57
2026-01-28 07:30:00,246.26
2026-01-28 07:45:00,352.44
2026-01-28 08:00:00,357.48
2026-01-28 08:15:00,359.04
2026-01-28 08:30:00,372.43
2026-01-28 08:45:00,372.68
2026-01-28 09:00:00,362.79
2026-01-28 09:15:00,372.44
2026-01-28 09:30:00,362.41
2026-01-28 09:45:00,357.83
2026-01-28 10:00:00,359.93
2026-01-28 10:15:00,354.17
2026-01-28 10:30:00,228.91
2026-01-28 10:45:00,212.78
2026-01-28 11:00:00,206.68
2026-01-28 11:15:00,119.22
2026-01-28 11:30:00,67.01
2026-01-28 11:45:00,63.73
2026-01-28 12:00:00,67.75
2026-01-28 12:15:00,68.88
2026-01-28 12:30:00,66.49
2026-01-28 12:45:00,63.22
2026-01-28 13:00:00,80.32
2026-01-28 13:15:00,71.36
2026-01-28 13:30:00,69.7
2026-01-28 13:45:00,71.58
2026-01-28 14:00:00,68.1
2026-01-28 14:15:00,120.66
2026-01-28 14:30:00,208.75
2026-01-28 14:45:00,213.56
2026-01-28 15:00:00,216.12
2026-01-28 15:15:00,220.45
2026-01-28 15:30:00,218.59
2026-01-28 15:45:00,210.39
2026-01-28 16:00:00,215.64
2026-01-28 16:15:00,216.83
2026-01-28 16:30:00,285.53
2026-01-28 16:45:00,254.03
2026-01-28 17:00:00,219.29
2026-01-28 17:15:00,218.25
2026-01-28 17:30:00,249.0
2026-01-28 17:45:00,243.7
2026-01-28 18:00:00,293.32
2026-01-28 18:15:00,352.28
2026-01-28 18:30:00,352.38
2026-01-28 18:45:00,352.2
2026-01-28 19:00:00,352.14
2026-01-28 19:15:00,344.45
2026-01-28 19:30:00,345.28
2026-01-28 19:45:00,346.73
2026-01-28 20:00:00,353.95
2026-01-28 20:15:00,357.59
2026-01-28 20:30:00,358.23
2026-01-28 20:45:00,356.47
2026-01-28 21:00:00,354.91
2026-01-28 21:15:00,359.94
2026-01-28 21:30:00,362.0
2026-01-28 21:45:00,362.0
2026-01-28 22:00:00,356.46
2026-01-28 22:15:00,355.78
2026-01-28 22:30:00,358.0
2026-01-28 22:45:00,300.0
2026-01-28 23:00:00,303.89
2026-01-28 23:15:00,216.0
2026-01-28 23:30:00,212.0
2026-01-28 23:45:00,208.0
2026-01-29 00:00:00,249.0
2026-01-29 00:15:00,352.0
2026-01-29 00:30:00,353.82
2026-01-29 00:45:00,351.82
2026-01-29 01:00:00,305.76
2026-01-29 01:15:00,303.77
2026-01-29 01:30:00,293.87
2026-01-29 01:45:00,242.84
2026-01-29 02:00:00,242.81
2026-01-29 02:15:00,242.85
2026-01-29 02:30:00,293.9
2026-01-29 02:45:00,294.44
2026-01-29 03:00:00,232.57
2026-01-29 03:15:00,210.45
2026-01-29 03:30:00,206.49
2026-01-29 03:45:00,206.48
2026-01-29 04:00:00,202.53
2026-01-29 04:15:00,184.57
2026-01-29 04:30:00,202.65
2026-01-29 04:45:00,148.58
2026-01-29 05:00:00,202.73
2026-01-29 05:15:00,204.74
2026-01-29 05:30:00,206.76
2026-01-29 05:45:00,202.79
2026-01-29 06:00:00,156.29
2026-01-29 06:15:00,76.42
2026-01-29 06:30:00,66.15
2026-01-29 06:45:00,97.34
2026-01-29 07:00:00,126.69
2026-01-29 07:15:00,202.87
2026-01-29 07:30:00,206.83
2026-01-29 07:45:00,211.14
2026-01-29 08:00:00,294.57
2026-01-29 08:15:00,359.22
2026-01-29 08:30:00,372.72
2026-01-29 08:45:00,375.61
2026-01-29 09:00:00,374.97
2026-01-29 09:15:00,374.99
2026-01-29 09:30:00,374.77
2026-01-29 09:45:00,374.97
2026-01-29 10:00:00,378.71
2026-01-29 10:15:00,380.88
2026-01-29 10:30:00,382.56
2026-01-29 10:45:00,380.67
2026-01-29 11:00:00,379.23
2026-01-29 11:15:00,383.2
2026-01-29 11:30:00,383.5
2026-01-29 11:45:00,384.52
2026-01-29 12:00:00,385.41
2026-01-29 12:15:00,385.39
2026-01-29 12:30:00,385.14
2026-01-29 12:45:00,384.33
2026-01-29 13:00:00,384.92
2026-01-29 13:15:00,384.96
2026-01-29 13:30:00,384.83
2026-01-29 13:45:00,384.28
2026-01-29 14:00:00,379.57
2026-01-29 14:15:00,380.6
2026-01-29 14:30:00,379.4
2026-01-29 14:45:00,379.52
2026-01-29 15:00:00,377.47
2026-01-29 15:15:00,381.99
2026-01-29 15:30:00,379.4
2026-01-29 15:45:00,382.39
2026-01-29 16:00:00,381.65
2026-01-29 16:15:00,382.01
2026-01-29 16:30:00,380.45
2026-01-29 16:45:00,378.31
2026-01-29 17:00:00,378.26
2026-01-29 17:15:00,366.38
2026-01-29 17:30:00,366.34
2026-01-29 17:45:00,366.2
2026-01-29 18:00:00,366.15
2026-01-29 18:15:00,364.29
2026-01-29 18:30:00,363.31
2026-01-29 18:45:00,360.55
2026-01-29 19:00:00,304.24
2026-01-29 19:15:00,289.1
2026-01-29 19:30:00,253.86
2026-01-29 19:45:00,221.46
2026-01-29 20:00:00,223.38
2026-01-29 20:15:00,221.89
2026-01-29 20:30:00,217.61
2026-01-29 20:45:00,219.36
2026-01-29 21:00:00,223.4
2026-01-29 21:15:00,213.76
2026-01-29 21:30:00,211.68
2026-01-29 21:45:00,209.57
2026-01-29 22:00:00,209.55
2026-01-29 22:15:00,209.51
2026-01-29 22:30:00,207.05
2026-01-29 22:45:00,203.03
2026-01-29 23:00:00,195.75
2026-01-29 23:15:00,76.17
2026-01-29 23:30:00,62.13
2026-01-29 23:45:00,62.34
2026-01-30 00:00:00,210.0
2026-01-30 00:15:00,207.92
2026-01-30 00:30:00,205.6
2026-01-30 00:45:00,207.52
2026-01-30 01:00:00,207.29
2026-01-30 01:15:00,206.23
2026-01-30 01:30:00,202.06
2026-01-30 01:45:00,170.61
2026-01-30 02:00:00,136.34
2026-01-30 02:15:00,133.16
2026-01-30 02:30:00,106.7
2026-01-30 02:45:00,100.51
2026-01-30 03:00:00,100.0
2026-01-30 03:15:00,77.1
2026-01-30 03:30:00,66.0
2026-01-30 03:45:00,66.0
2026-01-30 04:00:00,66.0
2026-01-30 04:15:00,66.0
2026-01-30 04:30:00,66.0
2026-01-30 04:45:00,66.0
2026-01-30 05:00:00,77.1
2026-01-30 05:15:00,80.0
2026-01-30 05:30:00,100.0
2026-01-30 05:45:00,100.0
2026-01-30 06:00:00,120.0
2026-01-30 06:15:00,100.0
2026-01-30 06:30:00,78.74
2026-01-30 06:45:00,172.69
2026-01-30 07:00:00,205.54
2026-01-30 07:15:00,208.0
2026-01-30 07:30:00,213.01
2026-01-30 07:45:00,357.35
2026-01-30 08:00:00,376.86
2026-01-30 08:15:00,378.92
2026-01-30 08:30:00,381.06
2026-01-30 08:45:00,380.15
2026-01-30 09:00:00,382.04
2026-01-30 09:15:00,381.61
2026-01-30 09:30:00,379.76
2026-01-30 09:45:00,381.69
2026-01-30 10:00:00,377.37
2026-01-30 10:15:00,380.92
2026-01-30 10:30:00,381.65
2026-01-30 10:45:00,381.87
2026-01-30 11:00:00,383.51
2026-01-30 11:15:00,383.28
2026-01-30 11:30:00,383.29
2026-01-30 11:45:00,381.37
2026-01-30 12:00:00,383.58
2026-01-30 12:15:00,384.52
2026-01-30 12:30:00,382.63
2026-01-30 12:45:00,382.24
2026-01-30 13:00:00,383.05
2026-01-30 13:15:00,385.39
2026-01-30 13:30:00,384.87
2026-01-30 13:45:00,384.79
2026-01-30 14:00:00,383.82
2026-01-30 14:15:00,383.37
2026-01-30 14:30:00,383.32
2026-01-30 14:45:00,383.08
2026-01-30 15:00:00,381.1
2026-01-30 15:15:00,382.06
2026-01-30 15:30:00,381.08
2026-01-30 15:45:00,378.98
2026-01-30 16:00:00,375.89
2026-01-30 16:15:00,380.11
2026-01-30 16:30:00,380.32
2026-01-30 16:45:00,380.76
2026-01-30 17:00:00,381.49
2026-01-30 17:15:00,379.81
2026-01-30 17:30:00,379.86
2026-01-30 17:45:00,379.86
2026-01-30 18:00:00,382.71
2026-01-30 18:15:00,381.74
2026-01-30 18:30:00,380.88
2026-01-30 18:45:00,381.62
2026-01-30 19:00:00,379.7
2026-01-30 19:15:00,376.43
2026-01-30 19:30:00,376.38
2026-01-30 19:45:00,377.78
2026-01-30 20:00:00,376.29
2026-01-30 20:15:00,377.21
2026-01-30 20:30:00,377.24
2026-01-30 20:45:00,379.82
2026-01-30 21:00:00,378.87
2026-01-30 21:15:00,377.84
2026-01-30 21:30:00,381.08
2026-01-30 21:45:00,378.82
2026-01-30 22:00:00,379.69
2026-01-30 22:15:00,378.37
2026-01-30 22:30:00,378.5
2026-01-30 22:45:00,379.19
2026-01-30 23:00:00,378.09
2026-01-30 23:15:00,376.1
2026-01-30 23:30:00,365.84
2026-01-30 23:45:00,364.0
2026-01-31 00:00:00,361.93
2026-01-31 00:15:00,366.0
2026-01-31 00:30:00,365.0
2026-01-31 00:45:00,364.0
2026-01-31 01:00:00,364.0
2026-01-31 01:15:00,363.0
2026-01-31 01:30:00,364.0
2026-01-31 01:45:00,363.0
2026-01-31 02:00:00,362.0
2026-01-31 02:15:00,360.0
2026-01-31 02:30:00,358.0
2026-01-31 02:45:00,300.0
2026-01-31 03:00:00,225.3
2026-01-31 03:15:00,228.0
2026-01-31 03:30:00,300.0
2026-01-31 03:45:00,249.0
2026-01-31 04:00:00,218.0
2026-01-31 04:15:00,228.0
2026-01-31 04:30:00,219.0
2026-01-31 04:45:00,218.0
2026-01-31 05:00:00,280.0
2026-01-31 05:15:00,340.0
2026-01-31 05:30:00,358.0
2026-01-31 05:45:00,342.0
2026-01-31 06:00:00,350.0
2026-01-31 06:15:00,320.0
2026-01-31 06:30:00,225.3
2026-01-31 06:45:00,219.0
2026-01-31 07:00:00,300.0
2026-01-31 07:15:00,300.0
2026-01-31 07:30:00,334.54
2026-01-31 07:45:00,349.7
2026-01-31 08:00:00,352.06
2026-01-31 08:15:00,352.1
2026-01-31 08:30:00,351.34
2026-01-31 08:45:00,353.31
2026-01-31 09:00:00,351.49
2026-01-31 09:15:00,351.77
2026-01-31 09:30:00,351.93
2026-01-31 09:45:00,356.55
2026-01-31 10:00:00,352.35
2026-01-31 10:15:00,352.89
2026-01-31 10:30:00,353.12
2026-01-31 10:45:00,353.2
2026-01-31 11:00:00,351.56
2026-01-31 11:15:00,344.88
2026-01-31 11:30:00,309.28
2026-01-31 11:45:00,232.08
2026-01-31 12:00:00,351.69
2026-01-31 12:15:00,361.48
2026-01-31 12:30:00,371.52
2026-01-31 12:45:00,371.21
2026-01-31 13:00:00,372.19
2026-01-31 13:15:00,366.15
2026-01-31 13:30:00,365.95
2026-01-31 13:45:00,371.39
2026-01-31 14:00:00,371.26
2026-01-31 14:15:00,371.72
2026-01-31 14:30:00,374.29
2026-01-31 14:45:00,374.44
2026-01-31 15:00:00,375.61
2026-01-31 15:15:00,373.31
2026-01-31 15:30:00,374.11
2026-01-31 15:45:00,375.2
2026-01-31 16:00:00,378.01
2026-01-31 16:15:00,377.99
2026-01-31 16:30:00,377.95
2026-01-31 16:45:00,366.25
2026-01-31 17:00:00,365.26
2026-01-31 17:15:00,358.73
2026-01-31 17:30:00,362.21
2026-01-31 17:45:00,361.99
2026-01-31 18:00:00,364.12
2026-01-31 18:15:00,363.16
2026-01-31 18:30:00,362.21
2026-01-31 18:45:00,361.84
2026-01-31 19:00:00,362.21
2026-01-31 19:15:00,361.94
2026-01-31 19:30:00,361.94
2026-01-31 19:45:00,361.43
2026-01-31 20:00:00,362.38
2026-01-31 20:15:00,362.74
2026-01-31 20:30:00,360.84
2026-01-31 20:45:00,360.81
2026-01-31 21:00:00,362.66
2026-01-31 21:15:00,363.38
2026-01-31 21:30:00,363.88
2026-01-31 21:45:00,364.86
2026-01-31 22:00:00,363.88
2026-01-31 22:15:00,360.55
2026-01-31 22:30:00,360.57
2026-01-31 22:45:00,358.59
2026-01-31 23:00:00,357.65
2026-01-31 23:15:00,360.7
2026-01-31 23:30:00,361.75
2026-01-31 23:45:00,359.73
2026-02-01 00:00:00,358.0
2026-02-01 00:15:00,300.0
2026-02-01 00:30:00,228.0
2026-02-01 00:45:00,218.0
2026-02-01 01:00:00,218.0
2026-02-01 01:15:00,218.0
2026-02-01 01:30:00,216.0
2026-02-01 01:45:00,218.0
2026-02-01 02:00:00,218.0
2026-02-01 02:15:00,217.16
2026-02-01 02:30:00,216.47
2026-02-01 02:45:00,213.27
2026-02-01 03:00:00,212.0
2026-02-01 03:15:00,212.0
2026-02-01 03:30:00,212.0
2026-02-01 03:45:00,208.0
2026-02-01 04:00:00,208.0
2026-02-01 04:15:00,197.3
2026-02-01 04:30:00,208.0
2026-02-01 04:45:00,210.0
2026-02-01 05:00:00,212.0
2026-02-01 05:15:00,215.01
2026-02-01 05:30:00,216.01
2026-02-01 05:45:00,215.3
2026-02-01 06:00:00,216.0
2026-02-01 06:15:00,215.3
2026-02-01 06:30:00,216.0
2026-02-01 06:45:00,218.0
2026-02-01 07:00:00,358.0
2026-02-01 07:15:00,358.0
2026-02-01 07:30:00,362.02
2026-02-01 07:45:00,363.0
2026-02-01 08:00:00,368.0
2026-02-01 08:15:00,366.0
2026-02-01 08:30:00,362.77
2026-02-01 08:45:00,361.9
2026-02-01 09:00:00,360.0
2026-02-01 09:15:00,330.0
2026-02-01 09:30:00,216.0
2026-02-01 09:45:00,215.93
2026-02-01 10:00:00,206.98
2026-02-01 10:15:00,67.84
2026-02-01 10:30:00,58.82
2026-02-01 10:45:00,56.89
2026-02-01 11:00:00,54.79
2026-02-01 11:15:00,0.73
2026-02-01 11:30:00,0.0
2026-02-01 11:45:00,0.73
2026-02-01 12:00:00,4.73
2026-02-01 12:15:00,19.2
2026-02-01 12:30:00,26.39
2026-02-01 12:45:00,8.41
2026-02-01 13:00:00,17.9
2026-02-01 13:15:00,64.28
2026-02-01 13:30:00,63.55
2026-02-01 13:45:00,7.93
2026-02-01 14:00:00,8.11
2026-02-01 14:15:00,56.89
2026-02-01 14:30:00,63.44
2026-02-01 14:45:00,62.63
2026-02-01 15:00:00,66.34
2026-02-01 15:15:00,99.41
2026-02-01 15:30:00,213.73
2026-02-01 15:45:00,215.8
2026-02-01 16:00:00,350.18
2026-02-01 16:15:00,359.66
2026-02-01 16:30:00,361.77
2026-02-01 16:45:00,361.77
2026-02-01 17:00:00,362.06
2026-02-01 17:15:00,362.0
2026-02-01 17:30:00,363.0
2026-02-01 17:45:00,365.0
2026-02-01 18:00:00,370.0
2026-02-01 18:15:00,365.0
2026-02-01 18:30:00,362.0
2026-02-01 18:45:00,363.0
2026-02-01 19:00:00,363.0
2026-02-01 19:15:00,362.0
2026-02-01 19:30:00,364.0
2026-02-01 19:45:00,363.0
2026-02-01 20:00:00,364.0
2026-02-01 20:15:00,363.0
2026-02-01 20:30:00,362.0
2026-02-01 20:45:00,362.0
2026-02-01 21:00:00,364.0
2026-02-01 21:15:00,365.0
2026-02-01 21:30:00,365.0
2026-02-01 21:45:00,365.0
2026-02-01 22:00:00,366.0
2026-02-01 22:15:00,365.0
2026-02-01 22:30:00,364.0
2026-02-01 22:45:00,362.0
2026-02-01 23:00:00,364.0
2026-02-01 23:15:00,362.0
2026-02-01 23:30:00,362.0
2026-02-01 23:45:00,358.0
2026-02-02 00:00:00,352.83
2026-02-02 00:15:00,362.0
2026-02-02 00:30:00,362.0
2026-02-02 00:45:00,342.0
2026-02-02 01:00:00,358.0
2026-02-02 01:15:00,280.0
2026-02-02 01:30:00,238.6
2026-02-02 01:45:00,358.0
2026-02-02 02:00:00,358.0
2026-02-02 02:15:00,358.0
2026-02-02 02:30:00,300.02
2026-02-02 02:45:00,278.0
2026-02-02 03:00:00,228.0
2026-02-02 03:15:00,226.0
2026-02-02 03:30:00,216.0
2026-02-02 03:45:00,214.0
2026-02-02 04:00:00,212.0
2026-02-02 04:15:00,215.0
2026-02-02 04:30:00,216.0
2026-02-02 04:45:00,216.0
2026-02-02 05:00:00,238.6
2026-02-02 05:15:00,320.0
2026-02-02 05:30:00,358.0
2026-02-02 05:45:00,358.0
2026-02-02 06:00:00,360.0
2026-02-02 06:15:00,365.0
2026-02-02 06:30:00,365.0
2026-02-02 06:45:00,366.0
2026-02-02 07:00:00,378.0
2026-02-02 07:15:00,381.94
2026-02-02 07:30:00,381.94
2026-02-02 07:45:00,381.94
2026-02-02 08:00:00,382.92
2026-02-02 08:15:00,382.78
2026-02-02 08:30:00,381.77
2026-02-02 08:45:00,379.92
2026-02-02 09:00:00,378.0
2026-02-02 09:15:00,370.0
2026-02-02 09:30:00,355.47
2026-02-02 09:45:00,214.07
2026-02-02 10:00:00,82.27
2026-02-02 10:15:00,67.11
2026-02-02 10:30:00,5.97
2026-02-02 10:45:00,6.06
2026-02-02 11:00:00,3.09
2026-02-02 11:15:00,6.65
2026-02-02 11:30:00,3.33
2026-02-02 11:45:00,3.27
2026-02-02 12:00:00,6.46
2026-02-02 12:15:00,7.15
2026-02-02 12:30:00,3.86
2026-02-02 12:45:00,7.6
2026-02-02 13:00:00,8.23
2026-02-02 13:15:00,7.18
2026-02-02 13:30:00,7.5
2026-02-02 13:45:00,7.2
2026-02-02 14:00:00,7.11
2026-02-02 14:15:00,8.11
2026-02-02 14:30:00,4.43
2026-02-02 14:45:00,4.34
2026-02-02 15:00:00,4.58
2026-02-02 15:15:00,4.3
2026-02-02 15:30:00,8.0
2026-02-02 15:45:00,75.5
2026-02-02 16:00:00,76.17
2026-02-02 16:15:00,218.3
2026-02-02 16:30:00,222.48
2026-02-02 16:45:00,362.97
2026-02-02 17:00:00,365.95
2026-02-02 17:15:00,378.63
2026-02-02 17:30:00,380.6
2026-02-02 17:45:00,379.89
2026-02-02 18:00:00,381.94
2026-02-02 18:15:00,380.0
2026-02-02 18:30:00,379.89
2026-02-02 18:45:00,379.89
2026-02-02 19:00:00,378.0
2026-02-02 19:15:00,379.9
2026-02-02 19:30:00,379.9
2026-02-02 19:45:00,379.9
2026-02-02 20:00:00,379.9
2026-02-02 20:15:00,380.0
2026-02-02 20:30:00,381.94
2026-02-02 20:45:00,379.9
2026-02-02 21:00:00,379.9
2026-02-02 21:15:00,381.94
2026-02-02 21:30:00,381.94
2026-02-02 21:45:00,381.94
2026-02-02 22:00:00,381.94
2026-02-02 22:15:00,381.36
2026-02-02 22:30:00,381.94
2026-02-02 22:45:00,381.94
2026-02-02 23:00:00,381.94
2026-02-02 23:15:00,381.94
2026-02-02 23:30:00,378.0
2026-02-02 23:45:00,378.0
2026-02-03 00:00:00,378.0
2026-02-03 00:15:00,378.0
2026-02-03 00:30:00,378.0
2026-02-03 00:45:00,378.0
2026-02-03 01:00:00,378.0
2026-02-03 01:15:00,375.06
2026-02-03 01:30:00,366.0
2026-02-03 01:45:00,364.0
2026-02-03 02:00:00,360.0
2026-02-03 02:15:00,320.0
2026-02-03 02:30:00,218.0
2026-02-03 02:45:00,215.3
2026-02-03 03:00:00,212.0
2026-02-03 03:15:00,208.0
2026-02-03 03:30:00,208.0
2026-02-03 03:45:00,208.0
2026-02-03 04:00:00,150.0
2026-02-03 04:15:00,148.59
2026-02-03 04:30:00,150.0
2026-02-03 04:45:00,150.0
2026-02-03 05:00:00,208.0
2026-02-03 05:15:00,210.0
2026-02-03 05:30:00,212.0
2026-02-03 05:45:00,214.5
2026-02-03 06:00:00,218.0
2026-02-03 06:15:00,218.0
2026-02-03 06:30:00,216.0
2026-02-03 06:45:00,214.5
2026-02-03 07:00:00,213.29
2026-02-03 07:15:00,231.29
2026-02-03 07:30:00,352.71
2026-02-03 07:45:00,357.88
2026-02-03 08:00:00,379.0
2026-02-03 08:15:00,382.83
2026-02-03 08:30:00,384.76
2026-02-03 08:45:00,386.48
2026-02-03 09:00:00,397.58
2026-02-03 09:15:00,401.85
2026-02-03 09:30:00,404.63
2026-02-03 09:45:00,464.5
2026-02-03 10:00:00,540.58
2026-02-03 10:15:00,504.8
2026-02-03 10:30:00,404.85
2026-02-03 10:45:00,547.32
2026-02-03 11:00:00,666.48
2026-02-03 11:15:00,542.5
2026-02-03 11:30:00,582.09
2026-02-03 11:45:00,543.25
2026-02-03 12:00:00,690.21
2026-02-03 12:15:00,836.64
2026-02-03 12:30:00,584.16
2026-02-03 12:45:00,434.77
2026-02-03 13:00:00,439.71
2026-02-03 13:15:00,414.56
2026-02-03 13:30:00,412.72
2026-02-03 13:45:00,399.98
2026-02-03 14:00:00,395.03
2026-02-03 14:15:00,395.01
2026-02-03 14:30:00,396.87
2026-02-03 14:45:00,387.66
2026-02-03 15:00:00,385.73
2026-02-03 15:15:00,385.53
2026-02-03 15:30:00,385.53
2026-02-03 15:45:00,385.72
2026-02-03 16:00:00,385.72
2026-02-03 16:15:00,385.56
2026-02-03 16:30:00,382.74
2026-02-03 16:45:00,379.95
2026-02-03 17:00:00,379.0
2026-02-03 17:15:00,382.06
2026-02-03 17:30:00,380.04
2026-02-03 17:45:00,379.06
2026-02-03 18:00:00,379.89
2026-02-03 18:15:00,380.09
2026-02-03 18:30:00,379.97
2026-02-03 18:45:00,378.04
2026-02-03 19:00:00,378.13
2026-02-03 19:15:00,378.19
2026-02-03 19:30:00,378.26
2026-02-03 19:45:00,376.79
2026-02-03 20:00:00,376.38
2026-02-03 20:15:00,376.36
2026-02-03 20:30:00,378.44
2026-02-03 20:45:00,376.02
2026-02-03 21:00:00,378.43
2026-02-03 21:15:00,378.45
2026-02-03 21:30:00,379.95
2026-02-03 21:45:00,381.94
2026-02-03 22:00:00,378.1
2026-02-03 22:15:00,379.0
2026-02-03 22:30:00,372.52
2026-02-03 22:45:00,371.24
2026-02-03 23:00:00,370.97
2026-02-03 23:15:00,366.0
2026-02-03 23:30:00,366.0
2026-02-03 23:45:00,362.0
2026-02-04 00:00:00,310.39
2026-02-04 00:15:00,314.61
2026-02-04 00:30:00,312.89
2026-02-04 00:45:00,311.18
2026-02-04 01:00:00,314.61
2026-02-04 01:15:00,314.61
2026-02-04 01:30:00,310.32
2026-02-04 01:45:00,310.32
2026-02-04 02:00:00,275.07
2026-02-04 02:15:00,275.07
2026-02-04 02:30:00,275.07
2026-02-04 02:45:00,309.46
2026-02-04 03:00:00,311.61
2026-02-04 03:15:00,311.18
2026-02-04 03:30:00,311.18
2026-02-04 03:45:00,310.32
2026-02-04 04:00:00,310.32
2026-02-04 04:15:00,310.32
2026-02-04 04:30:00,312.89
2026-02-04 04:45:00,311.18
2026-02-04 05:00:00,312.03
2026-02-04 05:15:00,312.03
2026-02-04 05:30:00,312.03
2026-02-04 05:45:00,314.61
2026-02-04 06:00:00,314.61
2026-02-04 06:15:00,314.61
2026-02-04 06:30:00,314.61
2026-02-04 06:45:00,316.33
2026-02-04 07:00:00,326.65
2026-02-04 07:15:00,326.65
2026-02-04 07:30:00,326.65
2026-02-04 07:45:00,323.21
2026-02-04 08:00:00,323.09
2026-02-04 08:15:00,323.22
2026-02-04 08:30:00,326.65
2026-02-04 08:45:00,311.42
2026-02-04 09:00:00,184.05
2026-02-04 09:15:00,204.49
2026-02-04 09:30:00,194.08
2026-02-04 09:45:00,304.73
2026-02-04 10:00:00,311.34
2026-02-04 10:15:00,326.73
2026-02-04 10:30:00,318.69
2026-02-04 10:45:00,326.9
2026-02-04 11:00:00,327.35
2026-02-04 11:15:00,324.34
2026-02-04 11:30:00,321.71
2026-02-04 11:45:00,304.75
2026-02-04 12:00:00,343.97
2026-02-04 12:15:00,418.76
2026-02-04 12:30:00,445.38
2026-02-04 12:45:00,436.57
2026-02-04 13:00:00,629.24
2026-02-04 13:15:00,661.77
2026-02-04 13:30:00,626.02
2026-02-04 13:45:00,576.99
2026-02-04 14:00:00,780.69
2026-02-04 14:15:00,840.25
2026-02-04 14:30:00,837.41
2026-02-04 14:45:00,846.39
2026-02-04 15:00:00,742.68
2026-02-04 15:15:00,647.94
2026-02-04 15:30:00,655.75
2026-02-04 15:45:00,595.35
2026-02-04 16:00:00,536.19
2026-02-04 16:15:00,509.74
2026-02-04 16:30:00,413.78
2026-02-04 16:45:00,371.46
2026-02-04 17:00:00,335.06
2026-02-04 17:15:00,334.65
2026-02-04 17:30:00,330.8
2026-02-04 17:45:00,332.28
2026-02-04 18:00:00,331.54
2026-02-04 18:15:00,331.52
2026-02-04 18:30:00,331.49
2026-02-04 18:45:00,331.52
2026-02-04 19:00:00,331.51
2026-02-04 19:15:00,330.31
2026-02-04 19:30:00,329.9
2026-02-04 19:45:00,329.14
2026-02-04 20:00:00,329.93
2026-02-04 20:15:00,330.91
2026-02-04 20:30:00,329.35
2026-02-04 20:45:00,328.43
2026-02-04 21:00:00,327.63
2026-02-04 21:15:00,326.53
2026-02-04 21:30:00,328.09
2026-02-04 21:45:00,329.53
2026-02-04 22:00:00,325.95
2026-02-04 22:15:00,325.8
2026-02-04 22:30:00,323.92
2026-02-04 22:45:00,323.08
2026-02-04 23:00:00,322.63
2026-02-04 23:15:00,322.17
2026-02-04 23:30:00,320.37
2026-02-04 23:45:00,320.17
2026-02-05 00:00:00,352.61
2026-02-05 00:15:00,352.39
2026-02-05 00:30:00,352.4
2026-02-05 00:45:00,348.37
2026-02-05 01:00:00,344.27
2026-02-05 01:15:00,292.0
2026-02-05 01:30:00,210.0
2026-02-05 01:45:00,210.0
2026-02-05 02:00:00,210.0
2026-02-05 02:15:00,210.0
2026-02-05 02:30:00,207.0
2026-02-05 02:45:00,210.0
2026-02-05 03:00:00,208.0
2026-02-05 03:15:00,210.0
2026-02-05 03:30:00,210.0
2026-02-05 03:45:00,210.0
2026-02-05 04:00:00,210.0
2026-02-05 04:15:00,209.0
2026-02-05 04:30:00,210.0
2026-02-05 04:45:00,210.0
2026-02-05 05:00:00,210.0
2026-02-05 05:15:00,226.5
2026-02-05 05:30:00,226.5
2026-02-05 05:45:00,351.0
2026-02-05 06:00:00,343.97
2026-02-05 06:15:00,345.11
2026-02-05 06:30:00,352.16
2026-02-05 06:45:00,362.4
2026-02-05 07:00:00,363.39
2026-02-05 07:15:00,363.34
2026-02-05 07:30:00,362.23
2026-02-05 07:45:00,359.44
2026-02-05 08:00:00,362.71
2026-02-05 08:15:00,368.46
2026-02-05 08:30:00,366.95
2026-02-05 08:45:00,369.04
2026-02-05 09:00:00,369.23
2026-02-05 09:15:00,371.34
2026-02-05 09:30:00,373.57
2026-02-05 09:45:00,379.53
2026-02-05 10:00:00,379.54
2026-02-05 10:15:00,373.93
2026-02-05 10:30:00,379.6
2026-02-05 10:45:00,389.67
2026-02-05 11:00:00,391.21
2026-02-05 11:15:00,385.88
2026-02-05 11:30:00,388.58
2026-02-05 11:45:00,373.14
2026-02-05 12:00:00,378.21
2026-02-05 12:15:00,379.78
2026-02-05 12:30:00,382.33
2026-02-05 12:45:00,376.17
2026-02-05 13:00:00,377.41
2026-02-05 13:15:00,384.12
2026-02-05 13:30:00,384.67
2026-02-05 13:45:00,381.78
2026-02-05 14:00:00,373.47
2026-02-05 14:15:00,375.16
2026-02-05 14:30:00,378.16
2026-02-05 14:45:00,380.39
2026-02-05 15:00:00,378.01
2026-02-05 15:15:00,378.1
2026-02-05 15:30:00,378.16
2026-02-05 15:45:00,379.16
2026-02-05 16:00:00,379.45
2026-02-05 16:15:00,379.3
2026-02-05 16:30:00,376.82
2026-02-05 16:45:00,375.21
2026-02-05 17:00:00,370.45
2026-02-05 17:15:00,369.87
2026-02-05 17:30:00,372.41
2026-02-05 17:45:00,372.9
2026-02-05 18:00:00,365.59
2026-02-05 18:15:00,365.38
2026-02-05 18:30:00,365.24
2026-02-05 18:45:00,365.51
2026-02-05 19:00:00,365.53
2026-02-05 19:15:00,365.55
2026-02-05 19:30:00,365.92
2026-02-05 19:45:00,365.65
2026-02-05 20:00:00,365.77
2026-02-05 20:15:00,366.45
2026-02-05 20:30:00,367.18
2026-02-05 20:45:00,369.26
2026-02-05 21:00:00,372.61
2026-02-05 21:15:00,374.33
2026-02-05 21:30:00,374.43
2026-02-05 21:45:00,376.49
2026-02-05 22:00:00,374.0
2026-02-05 22:15:00,374.0
2026-02-05 22:30:00,372.0
2026-02-05 22:45:00,370.0
2026-02-05 23:00:00,373.0
2026-02-05 23:15:00,370.0
2026-02-05 23:30:00,356.0
2026-02-05 23:45:00,300.0
2026-02-06 00:00:00,220.0
2026-02-06 00:15:00,350.0
2026-02-06 00:30:00,330.0
2026-02-06 00:45:00,210.0
2026-02-06 01:00:00,206.0
2026-02-06 01:15:00,204.0
2026-02-06 01:30:00,204.0
2026-02-06 01:45:00,202.8
2026-02-06 02:00:00,197.2
2026-02-06 02:15:00,194.76
2026-02-06 02:30:00,80.0
2026-02-06 02:45:00,79.68
2026-02-06 03:00:00,60.0
2026-02-06 03:15:00,60.0
2026-02-06 03:30:00,60.0
2026-02-06 03:45:00,56.0
2026-02-06 04:00:00,53.0
2026-02-06 04:15:00,53.0
2026-02-06 04:30:00,52.0
2026-02-06 04:45:00,51.0
2026-02-06 05:00:00,50.58
2026-02-06 05:15:00,50.6
2026-02-06 05:30:00,49.63
2026-02-06 05:45:00,48.66
2026-02-06 06:00:00,48.66
2026-02-06 06:15:00,38.95
2026-02-06 06:30:00,38.94
2026-02-06 06:45:00,38.95
2026-02-06 07:00:00,49.66
2026-02-06 07:15:00,54.57
2026-02-06 07:30:00,68.27
2026-02-06 07:45:00,80.0
2026-02-06 08:00:00,203.45
2026-02-06 08:15:00,207.45
2026-02-06 08:30:00,294.65
2026-02-06 08:45:00,294.59
2026-02-06 09:00:00,224.21
2026-02-06 09:15:00,298.88
2026-02-06 09:30:00,214.68
2026-02-06 09:45:00,302.63
2026-02-06 10:00:00,352.86
2026-02-06 10:15:00,353.97
2026-02-06 10:30:00,356.17
2026-02-06 10:45:00,356.26
2026-02-06 11:00:00,303.04
2026-02-06 11:15:00,368.03
2026-02-06 11:30:00,368.02
2026-02-06 11:45:00,364.95
2026-02-06 12:00:00,368.54
2026-02-06 12:15:00,370.17
2026-02-06 12:30:00,369.28
2026-02-06 12:45:00,368.01
2026-02-06 13:00:00,370.02
2026-02-06 13:15:00,360.0
2026-02-06 13:30:00,352.0
2026-02-06 13:45:00,254.0
2026-02-06 14:00:00,201.0
2026-02-06 14:15:00,73.0
2026-02-06 14:30:00,72.69
2026-02-06 14:45:00,63.94
2026-02-06 15:00:00,168.82
2026-02-06 15:15:00,224.15
2026-02-06 15:30:00,208.55
2026-02-06 15:45:00,213.14
2026-02-06 16:00:00,211.2
2026-02-06 16:15:00,214.31
2026-02-06 16:30:00,237.8
2026-02-06 16:45:00,214.84
2026-02-06 17:00:00,214.75
2026-02-06 17:15:00,297.55
2026-02-06 17:30:00,304.92
2026-02-06 17:45:00,335.37
2026-02-06 18:00:00,253.78
2026-02-06 18:15:00,209.89
2026-02-06 18:30:00,203.84
2026-02-06 18:45:00,201.06
2026-02-06 19:00:00,204.48
2026-02-06 19:15:00,174.23
2026-02-06 19:30:00,210.24
2026-02-06 19:45:00,177.42
2026-02-06 20:00:00,173.75
2026-02-06 20:15:00,139.75
2026-02-06 20:30:00,208.7
2026-02-06 20:45:00,206.77
2026-02-06 21:00:00,204.79
2026-02-06 21:15:00,212.22
2026-02-06 21:30:00,215.76
2026-02-06 21:45:00,347.37
2026-02-06 22:00:00,352.8
2026-02-06 22:15:00,352.8
2026-02-06 22:30:00,293.48
2026-02-06 22:45:00,292.53
2026-02-06 23:00:00,343.59
2026-02-06 23:15:00,343.58
2026-02-06 23:30:00,247.6
2026-02-06 23:45:00,200.46
2026-02-07 00:00:00,206.0
2026-02-07 00:15:00,254.0
2026-02-07 00:30:00,210.0
2026-02-07 00:45:00,210.0
2026-02-07 01:00:00,210.0
2026-02-07 01:15:00,300.0
2026-02-07 01:30:00,350.0
2026-02-07 01:45:00,299.0
2026-02-07 02:00:00,226.5
2026-02-07 02:15:00,210.0
2026-02-07 02:30:00,206.0
2026-02-07 02:45:00,201.0
2026-02-07 03:00:00,200.0
2026-02-07 03:15:00,201.0
2026-02-07 03:30:00,204.0
2026-02-07 03:45:00,204.0
2026-02-07 04:00:00,203.3
2026-02-07 04:15:00,201.0
2026-02-07 04:30:00,206.0
2026-02-07 04:45:00,203.0
2026-02-07 05:00:00,206.0
2026-02-07 05:15:00,206.0
2026-02-07 05:30:00,209.0
2026-02-07 05:45:00,206.0
2026-02-07 06:00:00,208.0
2026-02-07 06:15:00,208.0
2026-02-07 06:30:00,208.0
2026-02-07 06:45:00,206.0
2026-02-07 07:00:00,210.0
2026-02-07 07:15:00,210.0
2026-02-07 07:30:00,210.0
2026-02-07 07:45:00,260.0
2026-02-07 08:00:00,351.0
2026-02-07 08:15:00,352.0
2026-02-07 08:30:00,351.0
2026-02-07 08:45:00,226.5
2026-02-07 09:00:00,299.0
2026-02-07 09:15:00,353.0
2026-02-07 09:30:00,351.0
2026-02-07 09:45:00,351.75
2026-02-07 10:00:00,352.67
2026-02-07 10:15:00,350.36
2026-02-07 10:30:00,212.34
2026-02-07 10:45:00,230.77
2026-02-07 11:00:00,219.26
2026-02-07 11:15:00,205.93
2026-02-07 11:30:00,100.55
2026-02-07 11:45:00,54.09
2026-02-07 12:00:00,69.28
2026-02-07 12:15:00,94.79
2026-02-07 12:30:00,91.75
2026-02-07 12:45:00,74.2
2026-02-07 13:00:00,192.22
2026-02-07 13:15:00,200.53
2026-02-07 13:30:00,349.31
2026-02-07 13:45:00,349.58
2026-02-07 14:00:00,372.54
2026-02-07 14:15:00,371.79
2026-02-07 14:30:00,372.4
2026-02-07 14:45:00,372.48
2026-02-07 15:00:00,370.25
2026-02-07 15:15:00,364.97
2026-02-07 15:30:00,367.74
2026-02-07 15:45:00,369.54
2026-02-07 16:00:00,374.94
2026-02-07 16:15:00,375.69
2026-02-07 16:30:00,374.31
2026-02-07 16:45:00,372.91
2026-02-07 17:00:00,372.9
2026-02-07 17:15:00,373.0
2026-02-07 17:30:00,373.0
2026-02-07 17:45:00,370.33
2026-02-07 18:00:00,371.62
2026-02-07 18:15:00,371.56
2026-02-07 18:30:00,371.3
2026-02-07 18:45:00,371.05
2026-02-07 19:00:00,373.07
2026-02-07 19:15:00,372.68
2026-02-07 19:30:00,369.67
2026-02-07 19:45:00,368.8
2026-02-07 20:00:00,368.92
2026-02-07 20:15:00,368.92
2026-02-07 20:30:00,369.45
2026-02-07 20:45:00,370.05
2026-02-07 21:00:00,369.58
2026-02-07 21:15:00,368.86
2026-02-07 21:30:00,372.13
2026-02-07 21:45:00,373.67
2026-02-07 22:00:00,371.66
2026-02-07 22:15:00,376.0
2026-02-07 22:30:00,373.57
2026-02-07 22:45:00,371.74
2026-02-07 23:00:00,371.0
2026-02-07 23:15:00,372.0
2026-02-07 23:30:00,372.0
2026-02-07 23:45:00,371.0
2026-02-08 00:00:00,380.0
2026-02-08 00:15:00,380.0
2026-02-08 00:30:00,380.0
2026-02-08 00:45:00,370.0
2026-02-08 01:00:00,380.0
2026-02-08 01:15:00,380.0
2026-02-08 01:30:00,370.0
2026-02-08 01:45:00,366.0
2026-02-08 02:00:00,363.0
2026-02-08 02:15:00,360.0
2026-02-08 02:30:00,361.0
2026-02-08 02:45:00,360.0
2026-02-08 03:00:00,299.0
2026-02-08 03:15:00,230.0
2026-02-08 03:30:00,220.0
2026-02-08 03:45:00,220.0
2026-02-08 04:00:00,216.0
2026-02-08 04:15:00,217.0
2026-02-08 04:30:00,220.0
2026-02-08 04:45:00,220.0
2026-02-08 05:00:00,269.0
2026-02-08 05:15:00,360.0
2026-02-08 05:30:00,361.0
2026-02-08 05:45:00,340.0
2026-02-08 06:00:00,362.0
2026-02-08 06:15:00,363.0
2026-02-08 06:30:00,366.0
2026-02-08 06:45:00,366.0
2026-02-08 07:00:00,380.0
2026-02-08 07:15:00,380.0
2026-02-08 07:30:00,381.94
2026-02-08 07:45:00,382.0
2026-02-08 08:00:00,380.0
2026-02-08 08:15:00,366.0
2026-02-08 08:30:00,216.0
2026-02-08 08:45:00,71.18
2026-02-08 09:00:00,0.09
2026-02-08 09:15:00,0.09
2026-02-08 09:30:00,2.73
2026-02-08 09:45:00,6.37
2026-02-08 10:00:00,6.84
2026-02-08 10:15:00,4.93
2026-02-08 10:30:00,3.21
2026-02-08 10:45:00,4.08
2026-02-08 11:00:00,3.98
2026-02-08 11:15:00,4.0
2026-02-08 11:30:00,3.35
2026-02-08 11:45:00,3.28
2026-02-08 12:00:00,7.69
2026-02-08 12:15:00,4.25
2026-02-08 12:30:00,4.34
2026-02-08 12:45:00,4.51
2026-02-08 13:00:00,4.26
2026-02-08 13:15:00,4.48
2026-02-08 13:30:00,4.58
2026-02-08 13:45:00,5.13
2026-02-08 14:00:00,5.18
2026-02-08 14:15:00,4.91
2026-02-08 14:30:00,5.07
2026-02-08 14:45:00,5.15
2026-02-08 15:00:00,5.33
2026-02-08 15:15:00,5.41
2026-02-08 15:30:00,5.83
2026-02-08 15:45:00,6.29
2026-02-08 16:00:00,6.39
2026-02-08 16:15:00,6.07
2026-02-08 16:30:00,66.51
2026-02-08 16:45:00,216.67
2026-02-08 17:00:00,359.63
2026-02-08 17:15:00,370.21
2026-02-08 17:30:00,378.81
2026-02-08 17:45:00,380.03
2026-02-08 18:00:00,380.58
2026-02-08 18:15:00,381.43
2026-02-08 18:30:00,380.79
2026-02-08 18:45:00,377.28
2026-02-08 19:00:00,380.98
2026-02-08 19:15:00,380.02
2026-02-08 19:30:00,381.93
2026-02-08 19:45:00,380.0
2026-02-08 20:00:00,383.14
2026-02-08 20:15:00,383.15
2026-02-08 20:30:00,383.29
2026-02-08 20:45:00,381.98
2026-02-08 21:00:00,385.14
2026-02-08 21:15:00,385.66
2026-02-08 21:30:00,386.99
2026-02-08 21:45:00,386.0
2026-02-08 22:00:00,382.48
2026-02-08 22:15:00,382.49
2026-02-08 22:30:00,384.46
2026-02-08 22:45:00,383.0
2026-02-08 23:00:00,381.0
2026-02-08 23:15:00,380.0
2026-02-08 23:30:00,366.0
2026-02-08 23:45:00,366.0
2026-02-09 00:00:00,349.19
2026-02-09 00:15:00,349.19
2026-02-09 00:30:00,349.19
2026-02-09 00:45:00,349.19
2026-02-09 01:00:00,349.19
2026-02-09 01:15:00,347.33
2026-02-09 01:30:00,347.33
2026-02-09 01:45:00,346.41
2026-02-09 02:00:00,344.55
2026-02-09 02:15:00,343.62
2026-02-09 02:30:00,343.62
2026-02-09 02:45:00,343.62
2026-02-09 03:00:00,330.62
2026-02-09 03:15:00,330.62
2026-02-09 03:30:00,328.76
2026-02-09 03:45:00,326.9
2026-02-09 04:00:00,325.97
2026-02-09 04:15:00,325.05
2026-02-09 04:30:00,325.05
2026-02-09 04:45:00,326.9
2026-02-09 05:00:00,326.9
2026-02-09 05:15:00,330.62
2026-02-09 05:30:00,332.47
2026-02-09 05:45:00,330.62
2026-02-09 06:00:00,334.33
2026-02-09 06:15:00,332.47
2026-02-09 06:30:00,334.33
2026-02-09 06:45:00,343.62
2026-02-09 07:00:00,344.55
2026-02-09 07:15:00,345.94
2026-02-09 07:30:00,349.19
2026-02-09 07:45:00,347.33
2026-02-09 08:00:00,349.19
2026-02-09 08:15:00,350.12
2026-02-09 08:30:00,350.77
2026-02-09 08:45:00,352.67
2026-02-09 09:00:00,353.01
2026-02-09 09:15:00,352.66
2026-02-09 09:30:00,361.98
2026-02-09 09:45:00,363.59
2026-02-09 10:00:00,366.72
2026-02-09 10:15:00,368.41
2026-02-09 10:30:00,379.03
2026-02-09 10:45:00,376.68
2026-02-09 11:00:00,368.22
2026-02-09 11:15:00,368.6
2026-02-09 11:30:00,367.62
2026-02-09 11:45:00,369.48
2026-02-09 12:00:00,368.68
2026-02-09 12:15:00,463.13
2026-02-09 12:30:00,487.41
2026-02-09 12:45:00,465.36
2026-02-09 13:00:00,395.14
2026-02-09 13:15:00,476.76
2026-02-09 13:30:00,479.02
2026-02-09 13:45:00,466.27
2026-02-09 14:00:00,389.06
2026-02-09 14:15:00,466.23
2026-02-09 14:30:00,389.04
2026-02-09 14:45:00,382.86
2026-02-09 15:00:00,385.47
2026-02-09 15:15:00,461.63
2026-02-09 15:30:00,371.2
2026-02-09 15:45:00,371.56
2026-02-09 16:00:00,371.58
2026-02-09 16:15:00,371.55
2026-02-09 16:30:00,369.7
2026-02-09 16:45:00,363.12
2026-02-09 17:00:00,363.16
2026-02-09 17:15:00,367.8
2026-02-09 17:30:00,367.79
2026-02-09 17:45:00,369.63
2026-02-09 18:00:00,386.27
2026-02-09 18:15:00,377.09
2026-02-09 18:30:00,377.12
2026-02-09 18:45:00,373.52
2026-02-09 19:00:00,371.62
2026-02-09 19:15:00,370.8
2026-02-09 19:30:00,373.87
2026-02-09 19:45:00,371.78
2026-02-09 20:00:00,397.82
2026-02-09 20:15:00,387.34
2026-02-09 20:30:00,453.66
2026-02-09 20:45:00,469.86
2026-02-09 21:00:00,401.52
2026-02-09 21:15:00,473.28
2026-02-09 21:30:00,469.08
2026-02-09 21:45:00,386.5
2026-02-09 22:00:00,383.35
2026-02-09 22:15:00,383.35
2026-02-09 22:30:00,371.48
2026-02-09 22:45:00,371.48
2026-02-09 23:00:00,367.77
2026-02-09 23:15:00,362.19
2026-02-09 23:30:00,352.91
2026-02-09 23:45:00,351.05
2026-02-10 00:00:00,363.74
2026-02-10 00:15:00,363.74
2026-02-10 00:30:00,360.86
2026-02-10 00:45:00,359.91
2026-02-10 01:00:00,359.91
2026-02-10 01:15:00,357.04
2026-02-10 01:30:00,355.12
2026-02-10 01:45:00,354.16
2026-02-10 02:00:00,354.16
2026-02-10 02:15:00,344.59
2026-02-10 02:30:00,344.59
2026-02-10 02:45:00,344.59
2026-02-10 03:00:00,340.76
2026-02-10 03:15:00,340.76
2026-02-10 03:30:00,340.76
2026-02-10 03:45:00,338.85
2026-02-10 04:00:00,340.76
2026-02-10 04:15:00,337.89
2026-02-10 04:30:00,335.98
2026-02-10 04:45:00,336.93
2026-02-10 05:00:00,336.93
2026-02-10 05:15:00,336.93
2026-02-10 05:30:00,340.76
2026-02-10 05:45:00,342.68
2026-02-10 06:00:00,344.59
2026-02-10 06:15:00,340.76
2026-02-10 06:30:00,340.76
2026-02-10 06:45:00,344.59
2026-02-10 07:00:00,356.08
2026-02-10 07:15:00,356.84
2026-02-10 07:30:00,359.91
2026-02-10 07:45:00,361.82
2026-02-10 08:00:00,363.8
2026-02-10 08:15:00,373.41
2026-02-10 08:30:00,377.34
2026-02-10 08:45:00,383.1
2026-02-10 09:00:00,381.36
2026-02-10 09:15:00,512.79
2026-02-10 09:30:00,660.22
2026-02-10 09:45:00,677.17
2026-02-10 10:00:00,764.17
2026-02-10 10:15:00,655.6
2026-02-10 10:30:00,783.58
2026-02-10 10:45:00,925.87
2026-02-10 11:00:00,804.23
2026-02-10 11:15:00,660.06
2026-02-10 11:30:00,501.77
2026-02-10 11:45:00,380.91
2026-02-10 12:00:00,382.46
2026-02-10 12:15:00,374.58
2026-02-10 12:30:00,361.74
2026-02-10 12:45:00,359.74
2026-02-10 13:00:00,358.23
2026-02-10 13:15:00,354.18
2026-02-10 13:30:00,337.22
2026-02-10 13:45:00,276.58
2026-02-10 14:00:00,188.63
2026-02-10 14:15:00,77.78
2026-02-10 14:30:00,57.43
2026-02-10 14:45:00,60.1
2026-02-10 15:00:00,57.43
2026-02-10 15:15:00,162.23
2026-02-10 15:30:00,201.01
2026-02-10 15:45:00,336.78
2026-02-10 16:00:00,336.8
2026-02-10 16:15:00,339.23
2026-02-10 16:30:00,355.1
2026-02-10 16:45:00,356.0
2026-02-10 17:00:00,357.75
2026-02-10 17:15:00,359.66
2026-02-10 17:30:00,359.65
2026-02-10 17:45:00,363.38
2026-02-10 18:00:00,361.58
2026-02-10 18:15:00,359.75
2026-02-10 18:30:00,360.36
2026-02-10 18:45:00,359.65
2026-02-10 19:00:00,358.22
2026-02-10 19:15:00,357.18
2026-02-10 19:30:00,357.18
2026-02-10 19:45:00,354.13
2026-02-10 20:00:00,357.76
2026-02-10 20:15:00,357.0
2026-02-10 20:30:00,359.86
2026-02-10 20:45:00,360.06
2026-02-10 21:00:00,357.69
2026-02-10 21:15:00,366.0
2026-02-10 21:30:00,364.65
2026-02-10 21:45:00,363.41
2026-02-10 22:00:00,363.41
2026-02-10 22:15:00,363.41
2026-02-10 22:30:00,363.41
2026-02-10 22:45:00,363.41
2026-02-10 23:00:00,363.39
2026-02-10 23:15:00,363.74
2026-02-10 23:30:00,363.8
2026-02-10 23:45:00,363.74
2026-02-11 00:00:00,395.0
2026-02-11 00:15:00,393.0
2026-02-11 00:30:00,381.0
2026-02-11 00:45:00,381.0
2026-02-11 01:00:00,378.5
2026-02-11 01:15:00,377.0
2026-02-11 01:30:00,376.0
2026-02-11 01:45:00,376.0
2026-02-11 02:00:00,377.0
2026-02-11 02:15:00,376.0
2026-02-11 02:30:00,376.0
2026-02-11 02:45:00,377.0
2026-02-11 03:00:00,377.0
2026-02-11 03:15:00,377.0
2026-02-11 03:30:00,377.0
2026-02-11 03:45:00,379.18
2026-02-11 04:00:00,376.89
2026-02-11 04:15:00,376.98
2026-02-11 04:30:00,378.5
2026-02-11 04:45:00,378.5
2026-02-11 05:00:00,381.0
2026-02-11 05:15:00,381.0
2026-02-11 05:30:00,391.0
2026-02-11 05:45:00,388.0
2026-02-11 06:00:00,391.0
2026-02-11 06:15:00,381.0
2026-02-11 06:30:00,391.0
2026-02-11 06:45:00,393.0
2026-02-11 07:00:00,399.0
2026-02-11 07:15:00,413.0
2026-02-11 07:30:00,525.15
2026-02-11 07:45:00,660.88
2026-02-11 08:00:00,844.3
2026-02-11 08:15:00,845.51
2026-02-11 08:30:00,728.56
2026-02-11 08:45:00,728.75
2026-02-11 09:00:00,668.52
2026-02-11 09:15:00,618.9
2026-02-11 09:30:00,549.0
2026-02-11 09:45:00,514.9
2026-02-11 10:00:00,445.0
2026-02-11 10:15:00,400.81
2026-02-11 10:30:00,397.0
2026-02-11 10:45:00,393.0
2026-02-11 11:00:00,378.5
2026-02-11 11:15:00,375.5
2026-02-11 11:30:00,371.0
2026-02-11 11:45:00,203.0
2026-02-11 12:00:00,51.0
2026-02-11 12:15:00,0.0
2026-02-11 12:30:00,0.0
2026-02-11 12:45:00,1.2
2026-02-11 13:00:00,1.22
2026-02-11 13:15:00,1.3
2026-02-11 13:30:00,1.37
2026-02-11 13:45:00,4.73
2026-02-11 14:00:00,4.52
2026-02-11 14:15:00,4.63
2026-02-11 14:30:00,5.0
2026-02-11 14:45:00,4.93
2026-02-11 15:00:00,5.49
2026-02-11 15:15:00,5.18
2026-02-11 15:30:00,5.66
2026-02-11 15:45:00,5.18
2026-02-11 16:00:00,57.87
2026-02-11 16:15:00,61.62
2026-02-11 16:30:00,133.53
2026-02-11 16:45:00,208.53
2026-02-11 17:00:00,353.68
2026-02-11 17:15:00,361.0
2026-02-11 17:30:00,371.15
2026-02-11 17:45:00,373.0
2026-02-11 18:00:00,373.0
2026-02-11 18:15:00,373.0
2026-02-11 18:30:00,371.0
2026-02-11 18:45:00,373.0
2026-02-11 19:00:00,373.0
2026-02-11 19:15:00,373.0
2026-02-11 19:30:00,373.0
2026-02-11 19:45:00,373.0
2026-02-11 20:00:00,373.09
2026-02-11 20:15:00,373.0
2026-02-11 20:30:00,375.02
2026-02-11 20:45:00,375.07
2026-02-11 21:00:00,375.5
2026-02-11 21:15:00,377.32
2026-02-11 21:30:00,377.0
2026-02-11 21:45:00,381.0
2026-02-11 22:00:00,381.0
2026-02-11 22:15:00,381.0
2026-02-11 22:30:00,381.0
2026-02-11 22:45:00,378.5
2026-02-11 23:00:00,378.5
2026-02-11 23:15:00,379.0
2026-02-11 23:30:00,378.5
2026-02-11 23:45:00,379.0
2026-02-12 00:00:00,378.5
2026-02-12 00:15:00,377.0
2026-02-12 00:30:00,376.0
2026-02-12 00:45:00,374.0
2026-02-12 01:00:00,373.0
2026-02-12 01:15:00,373.05
2026-02-12 01:30:00,373.05
2026-02-12 01:45:00,361.0
2026-02-12 02:00:00,356.01
2026-02-12 02:15:00,354.07
2026-02-12 02:30:00,298.0
2026-02-12 02:45:00,271.3
2026-02-12 03:00:00,211.28
2026-02-12 03:15:00,270.0
2026-02-12 03:30:00,301.0
2026-02-12 03:45:00,330.66
2026-02-12 04:00:00,330.37
2026-02-12 04:15:00,320.87
2026-02-12 04:30:00,353.37
2026-02-12 04:45:00,353.36
2026-02-12 05:00:00,356.33
2026-02-12 05:15:00,371.09
2026-02-12 05:30:00,373.06
2026-02-12 05:45:00,373.06
2026-02-12 06:00:00,374.07
2026-02-12 06:15:00,375.0
2026-02-12 06:30:00,375.48
2026-02-12 06:45:00,376.01
2026-02-12 07:00:00,377.0
2026-02-12 07:15:00,378.5
2026-02-12 07:30:00,381.0
2026-02-12 07:45:00,391.0
2026-02-12 08:00:00,381.0
2026-02-12 08:15:00,377.0
2026-02-12 08:30:00,373.0
2026-02-12 08:45:00,357.0
2026-02-12 09:00:00,203.0
2026-02-12 09:15:00,64.34
2026-02-12 09:30:00,54.72
2026-02-12 09:45:00,4.57
2026-02-12 10:00:00,3.97
2026-02-12 10:15:00,3.59
2026-02-12 10:30:00,3.45
2026-02-12 10:45:00,3.67
2026-02-12 11:00:00,2.44
2026-02-12 11:15:00,3.57
2026-02-12 11:30:00,0.0
2026-02-12 11:45:00,0.0
2026-02-12 12:00:00,1.38
2026-02-12 12:15:00,1.49
2026-02-12 12:30:00,1.55
2026-02-12 12:45:00,5.42
2026-02-12 13:00:00,5.6
2026-02-12 13:15:00,5.42
2026-02-12 13:30:00,5.28
2026-02-12 13:45:00,4.91
2026-02-12 14:00:00,4.79
2026-02-12 14:15:00,1.66
2026-02-12 14:30:00,3.5
2026-02-12 14:45:00,3.67
2026-02-12 15:00:00,4.13
2026-02-12 15:15:00,3.58
2026-02-12 15:30:00,3.88
2026-02-12 15:45:00,11.51
2026-02-12 16:00:00,94.27
2026-02-12 16:15:00,206.74
2026-02-12 16:30:00,270.0
2026-02-12 16:45:00,353.0
2026-02-12 17:00:00,356.0
2026-02-12 17:15:00,373.0
2026-02-12 17:30:00,372.91
2026-02-12 17:45:00,372.88
2026-02-12 18:00:00,371.0
2026-02-12 18:15:00,371.0
2026-02-12 18:30:00,373.0
2026-02-12 18:45:00,371.0
2026-02-12 19:00:00,371.26
2026-02-12 19:15:00,373.36
2026-02-12 19:30:00,373.42
2026-02-12 19:45:00,372.96
2026-02-12 20:00:00,376.55
2026-02-12 20:15:00,376.58
2026-02-12 20:30:00,379.03
2026-02-12 20:45:00,379.41
2026-02-12 21:00:00,378.97
2026-02-12 21:15:00,381.4
2026-02-12 21:30:00,380.93
2026-02-12 21:45:00,390.84
2026-02-12 22:00:00,392.79
2026-02-12 22:15:00,380.9
2026-02-12 22:30:00,380.89
2026-02-12 22:45:00,378.5
2026-02-12 23:00:00,378.5
2026-02-12 23:15:00,377.0
2026-02-12 23:30:00,376.0
2026-02-12 23:45:00,374.98
2026-02-13 00:00:00,373.0
2026-02-13 00:15:00,373.0
2026-02-13 00:30:00,373.0
2026-02-13 00:45:00,371.0
2026-02-13 01:00:00,356.0
2026-02-13 01:15:00,351.0
2026-02-13 01:30:00,353.0
2026-02-13 01:45:00,220.77
2026-02-13 02:00:00,207.92
2026-02-13 02:15:00,205.01
2026-02-13 02:30:00,204.96
2026-02-13 02:45:00,204.92
2026-02-13 03:00:00,204.75
2026-02-13 03:15:00,202.67
2026-02-13 03:30:00,203.05
2026-02-13 03:45:00,203.05
2026-02-13 04:00:00,203.04
2026-02-13 04:15:00,203.04
2026-02-13 04:30:00,207.34
2026-02-13 04:45:00,208.51
2026-02-13 05:00:00,207.0
2026-02-13 05:15:00,207.0
2026-02-13 05:30:00,211.0
2026-02-13 05:45:00,355.0
2026-02-13 06:00:00,371.0
2026-02-13 06:15:00,371.0
2026-02-13 06:30:00,373.0
2026-02-13 06:45:00,373.0
2026-02-13 07:00:00,373.0
2026-02-13 07:15:00,373.0
2026-02-13 07:30:00,371.63
2026-02-13 07:45:00,376.0
2026-02-13 08:00:00,372.24
2026-02-13 08:15:00,373.0
2026-02-13 08:30:00,355.8
2026-02-13 08:45:00,203.06
2026-02-13 09:00:00,40.22
2026-02-13 09:15:00,20.62
2026-02-13 09:30:00,0.0
2026-02-13 09:45:00,1.49
2026-02-13 10:00:00,1.34
2026-02-13 10:15:00,5.3
2026-02-13 10:30:00,58.12
2026-02-13 10:45:00,6.05
2026-02-13 11:00:00,1.26
2026-02-13 11:15:00,0.0
2026-02-13 11:30:00,0.0
2026-02-13 11:45:00,0.0
2026-02-13 12:00:00,0.0
2026-02-13 12:15:00,4.21
2026-02-13 12:30:00,4.49
2026-02-13 12:45:00,5.21
2026-02-13 13:00:00,5.44
2026-02-13 13:15:00,5.72
2026-02-13 13:30:00,5.35
2026-02-13 13:45:00,5.06
2026-02-13 14:00:00,5.38
2026-02-13 14:15:00,1.57
2026-02-13 14:30:00,5.31
2026-02-13 14:45:00,5.27
2026-02-13 15:00:00,5.54
2026-02-13 15:15:00,5.43
2026-02-13 15:30:00,60.08
2026-02-13 15:45:00,357.97
2026-02-13 16:00:00,371.6
2026-02-13 16:15:00,375.05
2026-02-13 16:30:00,375.84
2026-02-13 16:45:00,376.03
2026-02-13 17:00:00,377.02
2026-02-13 17:15:00,378.0
2026-02-13 17:30:00,377.0
2026-02-13 17:45:00,377.0
2026-02-13 18:00:00,381.0
2026-02-13 18:15:00,377.0
2026-02-13 18:30:00,379.0
2026-02-13 18:45:00,381.0
2026-02-13 19:00:00,378.92
2026-02-13 19:15:00,377.02
2026-02-13 19:30:00,377.02
2026-02-13 19:45:00,376.04
2026-02-13 20:00:00,376.04
2026-02-13 20:15:00,375.84
2026-02-13 20:30:00,376.04
2026-02-13 20:45:00,376.04
2026-02-13 21:00:00,377.02
2026-02-13 21:15:00,377.0
2026-02-13 21:30:00,377.0
2026-02-13 21:45:00,377.0
2026-02-13 22:00:00,379.0
2026-02-13 22:15:00,379.0
2026-02-13 22:30:00,381.0
2026-02-13 22:45:00,381.0
2026-02-13 23:00:00,381.0
2026-02-13 23:15:00,381.0
2026-02-13 23:30:00,377.0
2026-02-13 23:45:00,375.8
2026-02-14 00:00:00,373.0
2026-02-14 00:15:00,373.0
2026-02-14 00:30:00,373.0
2026-02-14 00:45:00,371.0
2026-02-14 01:00:00,371.0
2026-02-14 01:15:00,371.0
2026-02-14 01:30:00,371.0
2026-02-14 01:45:00,358.0
2026-02-14 02:00:00,361.0
2026-02-14 02:15:00,357.0
2026-02-14 02:30:00,354.0
2026-02-14 02:45:00,353.0
2026-02-14 03:00:00,355.0
2026-02-14 03:15:00,358.0
2026-02-14 03:30:00,359.0
2026-02-14 03:45:00,357.0
2026-02-14 04:00:00,355.0
2026-02-14 04:15:00,357.0
2026-02-14 04:30:00,361.0
2026-02-14 04:45:00,371.0
2026-02-14 05:00:00,371.0
2026-02-14 05:15:00,361.0
2026-02-14 05:30:00,371.0
2026-02-14 05:45:00,371.0
2026-02-14 06:00:00,373.0
2026-02-14 06:15:00,373.0
2026-02-14 06:30:00,373.0
2026-02-14 06:45:00,371.0
2026-02-14 07:00:00,373.0
2026-02-14 07:15:00,375.0
2026-02-14 07:30:00,376.0
2026-02-14 07:45:00,377.0
2026-02-14 08:00:00,377.0
2026-02-14 08:15:00,377.0
2026-02-14 08:30:00,373.0
2026-02-14 08:45:00,211.0
2026-02-14 09:00:00,51.0
2026-02-14 09:15:00,0.0
2026-02-14 09:30:00,0.0
2026-02-14 09:45:00,3.02
2026-02-14 10:00:00,0.0
2026-02-14 10:15:00,0.0
2026-02-14 10:30:00,0.0
2026-02-14 10:45:00,0.0
2026-02-14 11:00:00,0.0
2026-02-14 11:15:00,0.0
2026-02-14 11:30:00,0.0
2026-02-14 11:45:00,0.0
2026-02-14 12:00:00,0.0
2026-02-14 12:15:00,0.0
2026-02-14 12:30:00,0.0
2026-02-14 12:45:00,0.0
2026-02-14 13:00:00,0.0
2026-02-14 13:15:00,0.0
2026-02-14 13:30:00,0.0
2026-02-14 13:45:00,0.0
2026-02-14 14:00:00,0.0
2026-02-14 14:15:00,0.0
2026-02-14 14:30:00,0.0
2026-02-14 14:45:00,3.95
2026-02-14 15:00:00,4.41
2026-02-14 15:15:00,4.13
2026-02-14 15:30:00,6.11
2026-02-14 15:45:00,3.52
2026-02-14 16:00:00,3.3
2026-02-14 16:15:00,3.01
2026-02-14 16:30:00,80.58
2026-02-14 16:45:00,102.85
2026-02-14 17:00:00,222.7
2026-02-14 17:15:00,351.17
2026-02-14 17:30:00,356.05
2026-02-14 17:45:00,357.0
2026-02-14 18:00:00,357.02
2026-02-14 18:15:00,300.0
2026-02-14 18:30:00,211.0
2026-02-14 18:45:00,208.25
2026-02-14 19:00:00,149.0
2026-02-14 19:15:00,100.38
2026-02-14 19:30:00,89.75
2026-02-14 19:45:00,80.7
2026-02-14 20:00:00,122.24
2026-02-14 20:15:00,88.1
2026-02-14 20:30:00,126.41
2026-02-14 20:45:00,178.06
2026-02-14 21:00:00,178.01
2026-02-14 21:15:00,203.11
2026-02-14 21:30:00,235.0
2026-02-14 21:45:00,219.0
2026-02-14 22:00:00,351.0
2026-02-14 22:15:00,355.0
2026-02-14 22:30:00,330.0
2026-02-14 22:45:00,298.0
2026-02-14 23:00:00,208.0
2026-02-14 23:15:00,203.0
2026-02-14 23:30:00,121.81
2026-02-14 23:45:00,121.81
2026-02-15 00:00:00,72.0
2026-02-15 00:15:00,72.0
2026-02-15 00:30:00,51.0
2026-02-15 00:45:00,40.0
2026-02-15 01:00:00,51.0
2026-02-15 01:15:00,51.0
2026-02-15 01:30:00,69.0
2026-02-15 01:45:00,70.5
2026-02-15 02:00:00,60.4
2026-02-15 02:15:00,58.5
2026-02-15 02:30:00,58.5
2026-02-15 02:45:00,58.5
2026-02-15 03:00:00,58.5
2026-02-15 03:15:00,119.78
2026-02-15 03:30:00,185.0
2026-02-15 03:45:00,201.0
2026-02-15 04:00:00,320.0
2026-02-15 04:15:00,341.0
2026-02-15 04:30:00,341.0
2026-02-15 04:45:00,341.0
2026-02-15 05:00:00,343.0
2026-02-15 05:15:00,343.0
2026-02-15 05:30:00,341.0
2026-02-15 05:45:00,295.0
2026-02-15 06:00:00,328.0
2026-02-15 06:15:00,341.0
2026-02-15 06:30:00,341.0
2026-02-15 06:45:00,330.0
2026-02-15 07:00:00,347.0
2026-02-15 07:15:00,350.0
2026-02-15 07:30:00,351.0
2026-02-15 07:45:00,320.0
2026-02-15 08:00:00,185.0
2026-02-15 08:15:00,60.0
2026-02-15 08:30:00,40.0
2026-02-15 08:45:00,0.0
2026-02-15 09:00:00,0.0
2026-02-15 09:15:00,2.23
2026-02-15 09:30:00,24.25
2026-02-15 09:45:00,6.18
2026-02-15 10:00:00,26.32
2026-02-15 10:15:00,24.94
2026-02-15 10:30:00,24.39
2026-02-15 10:45:00,4.54
2026-02-15 11:00:00,24.32
2026-02-15 11:15:00,46.45
2026-02-15 11:30:00,61.95
2026-02-15 11:45:00,84.67
2026-02-15 12:00:00,163.65
2026-02-15 12:15:00,95.26
2026-02-15 12:30:00,84.65
2026-02-15 12:45:00,77.74
2026-02-15 13:00:00,80.47
2026-02-15 13:15:00,91.16
2026-02-15 13:30:00,102.22
2026-02-15 13:45:00,86.86
2026-02-15 14:00:00,99.2
2026-02-15 14:15:00,77.01
2026-02-15 14:30:00,70.21
2026-02-15 14:45:00,98.0
2026-02-15 15:00:00,192.29
2026-02-15 15:15:00,201.58
2026-02-15 15:30:00,337.93
2026-02-15 15:45:00,275.84
2026-02-15 16:00:00,195.89
2026-02-15 16:15:00,185.0
2026-02-15 16:30:00,191.0
2026-02-15 16:45:00,185.0
2026-02-15 17:00:00,80.0
2026-02-15 17:15:00,80.58
2026-02-15 17:30:00,79.89
2026-02-15 17:45:00,80.0
2026-02-15 18:00:00,85.24
2026-02-15 18:15:00,78.76
2026-02-15 18:30:00,67.07
2026-02-15 18:45:00,47.13
2026-02-15 19:00:00,46.04
2026-02-15 19:15:00,55.73
2026-02-15 19:30:00,64.01
2026-02-15 19:45:00,121.33
2026-02-15 20:00:00,261.83
2026-02-15 20:15:00,344.14
2026-02-15 20:30:00,361.64
2026-02-15 20:45:00,362.46
2026-02-15 21:00:00,352.68
2026-02-15 21:15:00,362.58
2026-02-15 21:30:00,361.0
2026-02-15 21:45:00,352.01
2026-02-15 22:00:00,348.0
2026-02-15 22:15:00,347.0
2026-02-15 22:30:00,295.0
2026-02-15 22:45:00,341.0
2026-02-15 23:00:00,347.0
2026-02-15 23:15:00,345.0
2026-02-15 23:30:00,343.0
2026-02-15 23:45:00,260.0
2026-02-16 00:00:00,285.73
2026-02-16 00:15:00,276.23
2026-02-16 00:30:00,222.41
2026-02-16 00:45:00,158.3
2026-02-16 01:00:00,221.62
2026-02-16 01:15:00,261.19
2026-02-16 01:30:00,165.42
2026-02-16 01:45:00,205.79
2026-02-16 02:00:00,221.62
2026-02-16 02:15:00,178.09
2026-02-16 02:30:00,163.84
2026-02-16 02:45:00,159.09
2026-02-16 03:00:00,159.09
2026-02-16 03:15:00,158.3
2026-02-16 03:30:00,159.09
2026-02-16 03:45:00,159.09
2026-02-16 04:00:00,156.72
2026-02-16 04:15:00,152.76
2026-02-16 04:30:00,158.3
2026-02-16 04:45:00,152.76
2026-02-16 05:00:00,158.3
2026-02-16 05:15:00,159.09
2026-02-16 05:30:00,253.28
2026-02-16 05:45:00,261.19
2026-02-16 06:00:00,271.48
2026-02-16 06:15:00,269.9
2026-02-16 06:30:00,274.65
2026-02-16 06:45:00,276.23
2026-02-16 07:00:00,285.73
2026-02-16 07:15:00,287.31
2026-02-16 07:30:00,291.27
2026-02-16 07:45:00,293.65
2026-02-16 08:00:00,301.56
2026-02-16 08:15:00,306.31
2026-02-16 08:30:00,308.69
2026-02-16 08:45:00,322.14
2026-02-16 09:00:00,322.14
2026-02-16 09:15:00,323.72
2026-02-16 09:30:00,374.7
2026-02-16 09:45:00,374.7
2026-02-16 10:00:00,540.31
2026-02-16 10:15:00,660.41
2026-02-16 10:30:00,660.36
2026-02-16 10:45:00,660.41
2026-02-16 11:00:00,660.42
2026-02-16 11:15:00,660.39
2026-02-16 11:30:00,660.37
2026-02-16 11:45:00,651.72
2026-02-16 12:00:00,651.85
2026-02-16 12:15:00,609.03
2026-02-16 12:30:00,444.11
2026-02-16 12:45:00,337.09
2026-02-16 13:00:00,343.68
2026-02-16 13:15:00,321.86
2026-02-16 13:30:00,317.34
2026-02-16 13:45:00,308.28
2026-02-16 14:00:00,541.22
2026-02-16 14:15:00,660.14
2026-02-16 14:30:00,665.41
2026-02-16 14:45:00,665.41
2026-02-16 15:00:00,659.92
2026-02-16 15:15:00,659.93
2026-02-16 15:30:00,659.84
2026-02-16 15:45:00,665.41
2026-02-16 16:00:00,665.41
2026-02-16 16:15:00,665.41
2026-02-16 16:30:00,665.24
2026-02-16 16:45:00,545.06
2026-02-16 17:00:00,665.18
2026-02-16 17:15:00,665.16
2026-02-16 17:30:00,665.16
2026-02-16 17:45:00,322.38
2026-02-16 18:00:00,308.7
2026-02-16 18:15:00,309.86
2026-02-16 18:30:00,310.61
2026-02-16 18:45:00,310.62
2026-02-16 19:00:00,309.06
2026-02-16 19:15:00,307.5
2026-02-16 19:30:00,309.08
2026-02-16 19:45:00,307.77
2026-02-16 20:00:00,309.33
2026-02-16 20:15:00,309.34
2026-02-16 20:30:00,322.0
2026-02-16 20:45:00,309.34
2026-02-16 21:00:00,611.67
2026-02-16 21:15:00,308.54
2026-02-16 21:30:00,335.13
2026-02-16 21:45:00,309.81
2026-02-16 22:00:00,308.74
2026-02-16 22:15:00,308.61
2026-02-16 22:30:00,306.41
2026-02-16 22:45:00,308.9
2026-02-16 23:00:00,308.78
2026-02-16 23:15:00,308.73
2026-02-16 23:30:00,308.7
2026-02-16 23:45:00,318.97
2026-02-17 00:00:00,980.0
2026-02-17 00:15:00,608.0
2026-02-17 00:30:00,400.0
2026-02-17 00:45:00,1000.0
2026-02-17 01:00:00,1000.0
2026-02-17 01:15:00,1000.0
2026-02-17 01:30:00,473.84
2026-02-17 01:45:00,415.0
2026-02-17 02:00:00,394.0
2026-02-17 02:15:00,384.0
2026-02-17 02:30:00,382.0
2026-02-17 02:45:00,382.0
2026-02-17 03:00:00,384.0
2026-02-17 03:15:00,382.0
2026-02-17 03:30:00,382.0
2026-02-17 03:45:00,382.0
2026-02-17 04:00:00,382.0
2026-02-17 04:15:00,382.0
2026-02-17 04:30:00,382.0
2026-02-17 04:45:00,382.0
2026-02-17 05:00:00,382.0
2026-02-17 05:15:00,382.0
2026-02-17 05:30:00,390.0
2026-02-17 05:45:00,396.0
2026-02-17 06:00:00,402.3
2026-02-17 06:15:00,403.84
2026-02-17 06:30:00,422.0
2026-02-17 06:45:00,430.0
2026-02-17 07:00:00,496.0
2026-02-17 07:15:00,1000.0
2026-02-17 07:30:00,1000.0
2026-02-17 07:45:00,1000.0
2026-02-17 08:00:00,1000.0
2026-02-17 08:15:00,1000.0
2026-02-17 08:30:00,402.3
2026-02-17 08:45:00,381.0
2026-02-17 09:00:00,362.0
2026-02-17 09:15:00,354.0
2026-02-17 09:30:00,270.0
2026-02-17 09:45:00,60.0
2026-02-17 10:00:00,0.0
2026-02-17 10:15:00,0.0
2026-02-17 10:30:00,0.0
2026-02-17 10:45:00,0.0
2026-02-17 11:00:00,0.0
2026-02-17 11:15:00,0.0
2026-02-17 11:30:00,0.0
2026-02-17 11:45:00,0.0
2026-02-17 12:00:00,0.0
2026-02-17 12:15:00,0.0
2026-02-17 12:30:00,0.0
2026-02-17 12:45:00,0.0
2026-02-17 13:00:00,0.0
2026-02-17 13:15:00,0.0
2026-02-17 13:30:00,3.05
2026-02-17 13:45:00,0.0
2026-02-17 14:00:00,3.19
2026-02-17 14:15:00,0.0
2026-02-17 14:30:00,3.56
2026-02-17 14:45:00,5.31
2026-02-17 15:00:00,8.77
2026-02-17 15:15:00,8.6
2026-02-17 15:30:00,9.05
2026-02-17 15:45:00,5.14
2026-02-17 16:00:00,8.96
2026-02-17 16:15:00,48.23
2026-02-17 16:30:00,262.22
2026-02-17 16:45:00,354.0
2026-02-17 17:00:00,358.0
2026-02-17 17:15:00,353.98
2026-02-17 17:30:00,357.97
2026-02-17 17:45:00,371.98
2026-02-17 18:00:00,382.0
2026-02-17 18:15:00,382.0
2026-02-17 18:30:00,381.0
2026-02-17 18:45:00,378.0
2026-02-17 19:00:00,381.0
2026-02-17 19:15:00,382.0
2026-02-17 19:30:00,382.0
2026-02-17 19:45:00,382.0
2026-02-17 20:00:00,396.0
2026-02-17 20:15:00,382.0
2026-02-17 20:30:00,383.0
2026-02-17 20:45:00,384.0
2026-02-17 21:00:00,402.3
2026-02-17 21:15:00,403.0
2026-02-17 21:30:00,403.0
2026-02-17 21:45:00,420.0
2026-02-17 22:00:00,415.0
2026-02-17 22:15:00,453.84
2026-02-17 22:30:00,453.84
2026-02-17 22:45:00,450.0
2026-02-17 23:00:00,420.0
2026-02-17 23:15:00,454.4
2026-02-17 23:30:00,415.0
2026-02-17 23:45:00,392.0
2026-02-18 00:00:00,382.0
2026-02-18 00:15:00,381.0
2026-02-18 00:30:00,374.0
2026-02-18 00:45:00,381.0
2026-02-18 01:00:00,380.0
2026-02-18 01:15:00,374.0
2026-02-18 01:30:00,374.0
2026-02-18 01:45:00,374.0
2026-02-18 02:00:00,361.0
2026-02-18 02:15:00,362.0
2026-02-18 02:30:00,362.0
2026-02-18 02:45:00,361.0
2026-02-18 03:00:00,361.0
2026-02-18 03:15:00,360.0
2026-02-18 03:30:00,356.0
2026-02-18 03:45:00,356.0
2026-02-18 04:00:00,360.0
2026-02-18 04:15:00,360.0
2026-02-18 04:30:00,360.0
2026-02-18 04:45:00,356.0
2026-02-18 05:00:00,360.0
2026-02-18 05:15:00,361.0
2026-02-18 05:30:00,362.0
2026-02-18 05:45:00,362.0
2026-02-18 06:00:00,374.0
2026-02-18 06:15:00,374.0
2026-02-18 06:30:00,378.0
2026-02-18 06:45:00,380.0
2026-02-18 07:00:00,382.0
2026-02-18 07:15:00,382.0
2026-02-18 07:30:00,394.0
2026-02-18 07:45:00,382.0
2026-02-18 08:00:00,382.0
2026-02-18 08:15:00,374.0
2026-02-18 08:30:00,360.0
2026-02-18 08:45:00,341.0
2026-02-18 09:00:00,182.0
2026-02-18 09:15:00,0.0
2026-02-18 09:30:00,0.0
2026-02-18 09:45:00,0.0
2026-02-18 10:00:00,0.0
2026-02-18 10:15:00,0.0
2026-02-18 10:30:00,0.0
2026-02-18 10:45:00,0.0
2026-02-18 11:00:00,0.0
2026-02-18 11:15:00,0.0
2026-02-18 11:30:00,0.0
2026-02-18 11:45:00,0.0
2026-02-18 12:00:00,0.0
2026-02-18 12:15:00,0.0
2026-02-18 12:30:00,0.0
2026-02-18 12:45:00,0.0
2026-02-18 13:00:00,0.0
2026-02-18 13:15:00,2.92
2026-02-18 13:30:00,2.87
2026-02-18 13:45:00,3.08
2026-02-18 14:00:00,6.42
2026-02-18 14:15:00,5.85
2026-02-18 14:30:00,7.11
2026-02-18 14:45:00,6.29
2026-02-18 15:00:00,6.03
2026-02-18 15:15:00,2.8
2026-02-18 15:30:00,36.57
2026-02-18 15:45:00,235.0
2026-02-18 16:00:00,354.0
2026-02-18 16:15:00,362.0
2026-02-18 16:30:00,361.7
2026-02-18 16:45:00,374.0
2026-02-18 17:00:00,381.0
2026-02-18 17:15:00,381.0
2026-02-18 17:30:00,380.0
2026-02-18 17:45:00,381.0
2026-02-18 18:00:00,376.0
2026-02-18 18:15:00,374.0
2026-02-18 18:30:00,374.0
2026-02-18 18:45:00,374.0
2026-02-18 19:00:00,374.0
2026-02-18 19:15:00,374.0
2026-02-18 19:30:00,372.0
2026-02-18 19:45:00,374.0
2026-02-18 20:00:00,380.0
2026-02-18 20:15:00,380.0
2026-02-18 20:30:00,382.0
2026-02-18 20:45:00,396.0
2026-02-18 21:00:00,390.0
2026-02-18 21:15:00,401.0
2026-02-18 21:30:00,409.0
2026-02-18 21:45:00,398.0
2026-02-18 22:00:00,403.0
2026-02-18 22:15:00,423.0
2026-02-18 22:30:00,415.0
2026-02-18 22:45:00,402.3
2026-02-18 23:00:00,403.0
2026-02-18 23:15:00,425.0
2026-02-18 23:30:00,398.0
2026-02-18 23:45:00,382.0
2026-02-19 00:00:00,380.0
2026-02-19 00:15:00,376.0
2026-02-19 00:30:00,376.0
2026-02-19 00:45:00,374.0
2026-02-19 01:00:00,374.0
2026-02-19 01:15:00,362.0
2026-02-19 01:30:00,362.0
2026-02-19 01:45:00,362.0
2026-02-19 02:00:00,362.0
2026-02-19 02:15:00,362.0
2026-02-19 02:30:00,362.0
2026-02-19 02:45:00,362.0
2026-02-19 03:00:00,362.0
2026-02-19 03:15:00,361.0
2026-02-19 03:30:00,361.0
2026-02-19 03:45:00,361.0
2026-02-19 04:00:00,361.0
2026-02-19 04:15:00,362.0
2026-02-19 04:30:00,362.0
2026-02-19 04:45:00,362.0
2026-02-19 05:00:00,362.0
2026-02-19 05:15:00,372.0
2026-02-19 05:30:00,372.0
2026-02-19 05:45:00,362.0
2026-02-19 06:00:00,362.0
2026-02-19 06:15:00,362.0
2026-02-19 06:30:00,362.0
2026-02-19 06:45:00,361.0
2026-02-19 07:00:00,361.0
2026-02-19 07:15:00,362.0
2026-02-19 07:30:00,374.0
2026-02-19 07:45:00,372.0
2026-02-19 08:00:00,372.0
2026-02-19 08:15:00,372.0
2026-02-19 08:30:00,360.0
2026-02-19 08:45:00,360.0
2026-02-19 09:00:00,354.0
2026-02-19 09:15:00,352.0
2026-02-19 09:30:00,290.0
2026-02-19 09:45:00,160.0
2026-02-19 10:00:00,39.0
2026-02-19 10:15:00,0.0
2026-02-19 10:30:00,0.0
2026-02-19 10:45:00,0.0
2026-02-19 11:00:00,0.0
2026-02-19 11:15:00,0.0
2026-02-19 11:30:00,0.0
2026-02-19 11:45:00,0.0
2026-02-19 12:00:00,0.0
2026-02-19 12:15:00,0.0
2026-02-19 12:30:00,0.0
2026-02-19 12:45:00,0.0
2026-02-19 13:00:00,0.0
2026-02-19 13:15:00,0.0
2026-02-19 13:30:00,0.0
2026-02-19 13:45:00,0.0
2026-02-19 14:00:00,0.0
2026-02-19 14:15:00,0.0
2026-02-19 14:30:00,0.0
2026-02-19 14:45:00,0.0
2026-02-19 15:00:00,0.0
2026-02-19 15:15:00,3.66
2026-02-19 15:30:00,3.47
2026-02-19 15:45:00,3.01
2026-02-19 16:00:00,6.96
2026-02-19 16:15:00,6.23
2026-02-19 16:30:00,6.75
2026-02-19 16:45:00,6.51
2026-02-19 17:00:00,69.96
2026-02-19 17:15:00,192.0
2026-02-19 17:30:00,281.23
2026-02-19 17:45:00,338.0
2026-02-19 18:00:00,338.0
2026-02-19 18:15:00,332.0
2026-02-19 18:30:00,235.0
2026-02-19 18:45:00,80.0
2026-02-19 19:00:00,60.0
2026-02-19 19:15:00,125.0
2026-02-19 19:30:00,110.0
2026-02-19 19:45:00,150.0
2026-02-19 20:00:00,334.0
2026-02-19 20:15:00,340.0
2026-02-19 20:30:00,352.0
2026-02-19 20:45:00,354.0
2026-02-19 21:00:00,354.0
2026-02-19 21:15:00,354.0
2026-02-19 21:30:00,356.0
2026-02-19 21:45:00,359.52
2026-02-19 22:00:00,360.0
2026-02-19 22:15:00,358.0
2026-02-19 22:30:00,356.0
2026-02-19 22:45:00,356.0
2026-02-19 23:00:00,358.0
2026-02-19 23:15:00,354.0
2026-02-19 23:30:00,352.0
2026-02-19 23:45:00,338.0
2026-02-20 00:00:00,78.47
2026-02-20 00:15:00,58.5
2026-02-20 00:30:00,60.0
2026-02-20 00:45:00,58.5
2026-02-20 01:00:00,51.0
2026-02-20 01:15:00,44.63
2026-02-20 01:30:00,43.0
2026-02-20 01:45:00,41.0
2026-02-20 02:00:00,40.0
2026-02-20 02:15:00,40.0
2026-02-20 02:30:00,40.0
2026-02-20 02:45:00,40.0
2026-02-20 03:00:00,40.0
2026-02-20 03:15:00,24.63
2026-02-20 03:30:00,20.0
2026-02-20 03:45:00,20.0
2026-02-20 04:00:00,20.0
2026-02-20 04:15:00,20.0
2026-02-20 04:30:00,20.0
2026-02-20 04:45:00,20.0
2026-02-20 05:00:00,20.0
2026-02-20 05:15:00,20.0
2026-02-20 05:30:00,40.0
2026-02-20 05:45:00,43.0
2026-02-20 06:00:00,44.63
2026-02-20 06:15:00,43.0
2026-02-20 06:30:00,40.0
2026-02-20 06:45:00,20.0
2026-02-20 07:00:00,40.0
2026-02-20 07:15:00,80.0
2026-02-20 07:30:00,191.0
2026-02-20 07:45:00,191.0
2026-02-20 08:00:00,75.0
2026-02-20 08:15:00,51.0
2026-02-20 08:30:00,0.0
2026-02-20 08:45:00,0.0
2026-02-20 09:00:00,0.0
2026-02-20 09:15:00,0.0
2026-02-20 09:30:00,0.0
2026-02-20 09:45:00,0.0
2026-02-20 10:00:00,0.0
2026-02-20 10:15:00,0.0
2026-02-20 10:30:00,0.0
2026-02-20 10:45:00,0.0
2026-02-20 11:00:00,0.0
2026-02-20 11:15:00,0.0
2026-02-20 11:30:00,0.0
2026-02-20 11:45:00,0.0
2026-02-20 12:00:00,0.0
2026-02-20 12:15:00,0.0
2026-02-20 12:30:00,0.0
2026-02-20 12:45:00,0.0
2026-02-20 13:00:00,3.94
2026-02-20 13:15:00,0.0
2026-02-20 13:30:00,0.0
2026-02-20 13:45:00,3.84
2026-02-20 14:00:00,6.44
2026-02-20 14:15:00,6.45
2026-02-20 14:30:00,6.36
2026-02-20 14:45:00,6.44
2026-02-20 15:00:00,6.5
2026-02-20 15:15:00,6.58
2026-02-20 15:30:00,0.0
2026-02-20 15:45:00,4.35
2026-02-20 16:00:00,3.7
2026-02-20 16:15:00,3.16
2026-02-20 16:30:00,3.1
2026-02-20 16:45:00,2.89
2026-02-20 17:00:00,5.14
2026-02-20 17:15:00,2.58
2026-02-20 17:30:00,0.0
2026-02-20 17:45:00,20.0
2026-02-20 18:00:00,40.0
2026-02-20 18:15:00,40.0
2026-02-20 18:30:00,20.0
2026-02-20 18:45:00,0.0
2026-02-20 19:00:00,0.0
2026-02-20 19:15:00,21.95
2026-02-20 19:30:00,21.91
2026-02-20 19:45:00,21.76
2026-02-20 20:00:00,41.15
2026-02-20 20:15:00,41.07
2026-02-20 20:30:00,46.45
2026-02-20 20:45:00,41.93
2026-02-20 21:00:00,43.0
2026-02-20 21:15:00,58.5
2026-02-20 21:30:00,60.0
2026-02-20 21:45:00,80.0
2026-02-20 22:00:00,58.5
2026-02-20 22:15:00,60.0
2026-02-20 22:30:00,43.0
2026-02-20 22:45:00,40.0
2026-02-20 23:00:00,41.0
2026-02-20 23:15:00,41.0
2026-02-20 23:30:00,40.0
2026-02-20 23:45:00,40.0
2026-02-21 00:00:00,73.0
2026-02-21 00:15:00,72.0
2026-02-21 00:30:00,73.0
2026-02-21 00:45:00,44.1
2026-02-21 01:00:00,40.0
2026-02-21 01:15:00,40.0
2026-02-21 01:30:00,20.0
2026-02-21 01:45:00,0.0
2026-02-21 02:00:00,0.0
2026-02-21 02:15:00,0.0
2026-02-21 02:30:00,0.0
2026-02-21 02:45:00,0.0
2026-02-21 03:00:00,0.0
2026-02-21 03:15:00,0.0
2026-02-21 03:30:00,0.0
2026-02-21 03:45:00,0.0
2026-02-21 04:00:00,0.0
2026-02-21 04:15:00,0.0
2026-02-21 04:30:00,0.0
2026-02-21 04:45:00,0.0
2026-02-21 05:00:00,0.0
2026-02-21 05:15:00,0.0
2026-02-21 05:30:00,0.0
2026-02-21 05:45:00,0.0
2026-02-21 06:00:00,0.0
2026-02-21 06:15:00,20.0
2026-02-21 06:30:00,40.0
2026-02-21 06:45:00,44.1
2026-02-21 07:00:00,73.0
2026-02-21 07:15:00,193.0
2026-02-21 07:30:00,207.0
2026-02-21 07:45:00,80.0
2026-02-21 08:00:00,20.0
2026-02-21 08:15:00,0.0
2026-02-21 08:30:00,0.0
2026-02-21 08:45:00,0.0
2026-02-21 09:00:00,0.0
2026-02-21 09:15:00,0.0
2026-02-21 09:30:00,0.0
2026-02-21 09:45:00,0.0
2026-02-21 10:00:00,0.0
2026-02-21 10:15:00,0.0
2026-02-21 10:30:00,0.0
2026-02-21 10:45:00,0.0
2026-02-21 11:00:00,0.0
2026-02-21 11:15:00,0.0
2026-02-21 11:30:00,0.0
2026-02-21 11:45:00,0.0
2026-02-21 12:00:00,0.0
2026-02-21 12:15:00,0.0
2026-02-21 12:30:00,0.0
2026-02-21 12:45:00,6.44
2026-02-21 13:00:00,8.52
2026-02-21 13:15:00,8.72
2026-02-21 13:30:00,9.02
2026-02-21 13:45:00,4.15
2026-02-21 14:00:00,6.47
2026-02-21 14:15:00,6.51
2026-02-21 14:30:00,0.0
2026-02-21 14:45:00,0.0
2026-02-21 15:00:00,0.0
2026-02-21 15:15:00,0.0
2026-02-21 15:30:00,0.0
2026-02-21 15:45:00,0.0
2026-02-21 16:00:00,3.2
2026-02-21 16:15:00,0.0
2026-02-21 16:30:00,0.0
2026-02-21 16:45:00,2.79
2026-02-21 17:00:00,191.0
2026-02-21 17:15:00,349.0
2026-02-21 17:30:00,348.0
2026-02-21 17:45:00,361.0
2026-02-21 18:00:00,363.0
2026-02-21 18:15:00,361.0
2026-02-21 18:30:00,361.0
2026-02-21 18:45:00,347.0
2026-02-21 19:00:00,341.0
2026-02-21 19:15:00,295.0
2026-02-21 19:30:00,343.0
2026-02-21 19:45:00,343.0
2026-02-21 20:00:00,349.0
2026-02-21 20:15:00,349.0
2026-02-21 20:30:00,361.0
2026-02-21 20:45:00,361.0
2026-02-21 21:00:00,361.0
2026-02-21 21:15:00,361.0
2026-02-21 21:30:00,361.0
2026-02-21 21:45:00,361.0
2026-02-21 22:00:00,363.0
2026-02-21 22:15:00,365.0
2026-02-21 22:30:00,363.0
2026-02-21 22:45:00,363.0
2026-02-21 23:00:00,363.0
2026-02-21 23:15:00,365.0
2026-02-21 23:30:00,363.0
2026-02-21 23:45:00,363.0
2026-02-22 00:00:00,367.0
2026-02-22 00:15:00,343.66
2026-02-22 00:30:00,363.6
2026-02-22 00:45:00,356.08
2026-02-22 01:00:00,330.72
2026-02-22 01:15:00,350.0
2026-02-22 01:30:00,325.78
2026-02-22 01:45:00,320.0
2026-02-22 02:00:00,324.01
2026-02-22 02:15:00,327.79
2026-02-22 02:30:00,327.87
2026-02-22 02:45:00,327.82
2026-02-22 03:00:00,347.0
2026-02-22 03:15:00,349.0
2026-02-22 03:30:00,361.0
2026-02-22 03:45:00,361.0
2026-02-22 04:00:00,361.0
2026-02-22 04:15:00,361.0
2026-02-22 04:30:00,363.0
2026-02-22 04:45:00,363.0
2026-02-22 05:00:00,363.0
2026-02-22 05:15:00,364.24
2026-02-22 05:30:00,367.0
2026-02-22 05:45:00,367.0
2026-02-22 06:00:00,367.0
2026-02-22 06:15:00,367.0
2026-02-22 06:30:00,369.0
2026-02-22 06:45:00,369.0
2026-02-22 07:00:00,370.0
2026-02-22 07:15:00,370.0
2026-02-22 07:30:00,370.0
2026-02-22 07:45:00,363.0
2026-02-22 08:00:00,347.0
2026-02-22 08:15:00,150.0
2026-02-22 08:30:00,0.0
2026-02-22 08:45:00,0.0
2026-02-22 09:00:00,0.0
2026-02-22 09:15:00,0.0
2026-02-22 09:30:00,0.0
2026-02-22 09:45:00,0.0
2026-02-22 10:00:00,0.0
2026-02-22 10:15:00,0.0
2026-02-22 10:30:00,0.0
2026-02-22 10:45:00,0.0
2026-02-22 11:00:00,0.0
2026-02-22 11:15:00,0.0
2026-02-22 11:30:00,0.0
2026-02-22 11:45:00,0.0
2026-02-22 12:00:00,0.0
2026-02-22 12:15:00,0.0
2026-02-22 12:30:00,0.0
2026-02-22 12:45:00,0.0
2026-02-22 13:00:00,6.61
2026-02-22 13:15:00,6.49
2026-02-22 13:30:00,6.5
2026-02-22 13:45:00,0.0
2026-02-22 14:00:00,0.0
2026-02-22 14:15:00,0.0
2026-02-22 14:30:00,0.0
2026-02-22 14:45:00,0.0
2026-02-22 15:00:00,0.0
2026-02-22 15:15:00,3.14
2026-02-22 15:30:00,0.0
2026-02-22 15:45:00,3.11
2026-02-22 16:00:00,2.82
2026-02-22 16:15:00,2.48
2026-02-22 16:30:00,2.35
2026-02-22 16:45:00,201.0
2026-02-22 17:00:00,347.0
2026-02-22 17:15:00,350.0
2026-02-22 17:30:00,361.0
2026-02-22 17:45:00,361.0
2026-02-22 18:00:00,350.0
2026-02-22 18:15:00,201.0
2026-02-22 18:30:00,201.0
2026-02-22 18:45:00,72.55
2026-02-22 19:00:00,22.11
2026-02-22 19:15:00,24.96
2026-02-22 19:30:00,34.76
2026-02-22 19:45:00,21.96
2026-02-22 20:00:00,52.03
2026-02-22 20:15:00,42.21
2026-02-22 20:30:00,51.99
2026-02-22 20:45:00,51.0
2026-02-22 21:00:00,58.5
2026-02-22 21:15:00,60.0
2026-02-22 21:30:00,70.5
2026-02-22 21:45:00,70.5
2026-02-22 22:00:00,72.0
2026-02-22 22:15:00,98.0
2026-02-22 22:30:00,57.0
2026-02-22 22:45:00,60.0
2026-02-22 23:00:00,110.0
2026-02-22 23:15:00,72.0
2026-02-22 23:30:00,51.0
2026-02-22 23:45:00,40.0
2026-02-23 00:00:00,180.78
2026-02-23 00:15:00,182.56
2026-02-23 00:30:00,87.7
2026-02-23 00:45:00,182.0
2026-02-23 01:00:00,184.0
2026-02-23 01:15:00,184.0
2026-02-23 01:30:00,191.0
2026-02-23 01:45:00,192.0
2026-02-23 02:00:00,193.78
2026-02-23 02:15:00,250.54
2026-02-23 02:30:00,226.54
2026-02-23 02:45:00,259.48
2026-02-23 03:00:00,185.87
2026-02-23 03:15:00,184.86
2026-02-23 03:30:00,185.04
2026-02-23 03:45:00,183.19
2026-02-23 04:00:00,183.16
2026-02-23 04:15:00,185.8
2026-02-23 04:30:00,185.78
2026-02-23 04:45:00,287.47
2026-02-23 05:00:00,287.5
2026-02-23 05:15:00,202.71
2026-02-23 05:30:00,259.3
2026-02-23 05:45:00,270.0
2026-02-23 06:00:00,235.0
2026-02-23 06:15:00,332.0
2026-02-23 06:30:00,338.0
2026-02-23 06:45:00,300.0
2026-02-23 07:00:00,257.0
2026-02-23 07:15:00,342.0
2026-02-23 07:30:00,354.0
2026-02-23 07:45:00,354.0
2026-02-23 08:00:00,354.0
2026-02-23 08:15:00,354.0
2026-02-23 08:30:00,354.66
2026-02-23 08:45:00,354.65
2026-02-23 09:00:00,353.53
2026-02-23 09:15:00,352.71
2026-02-23 09:30:00,342.85
2026-02-23 09:45:00,352.76
2026-02-23 10:00:00,341.03
2026-02-23 10:15:00,342.96
2026-02-23 10:30:00,341.09
2026-02-23 10:45:00,352.16
2026-02-23 11:00:00,354.63
2026-02-23 11:15:00,354.0
2026-02-23 11:30:00,354.0
2026-02-23 11:45:00,356.0
2026-02-23 12:00:00,343.79
2026-02-23 12:15:00,345.15
2026-02-23 12:30:00,346.39
2026-02-23 12:45:00,349.34
2026-02-23 13:00:00,347.1
2026-02-23 13:15:00,361.0
2026-02-23 13:30:00,360.0
2026-02-23 13:45:00,354.0
2026-02-23 14:00:00,354.0
2026-02-23 14:15:00,354.0
2026-02-23 14:30:00,340.0
2026-02-23 14:45:00,340.0
2026-02-23 15:00:00,338.0
2026-02-23 15:15:00,340.0
2026-02-23 15:30:00,340.0
2026-02-23 15:45:00,339.0
2026-02-23 16:00:00,340.0
2026-02-23 16:15:00,341.0
2026-02-23 16:30:00,354.0
2026-02-23 16:45:00,354.0
2026-02-23 17:00:00,352.0
2026-02-23 17:15:00,352.0
2026-02-23 17:30:00,334.0
2026-02-23 17:45:00,332.0
2026-02-23 18:00:00,192.0
2026-02-23 18:15:00,182.0
2026-02-23 18:30:00,80.17
2026-02-23 18:45:00,62.99
2026-02-23 19:00:00,63.03
2026-02-23 19:15:00,64.37
2026-02-23 19:30:00,56.46
2026-02-23 19:45:00,50.41
2026-02-23 20:00:00,86.88
2026-02-23 20:15:00,65.14
2026-02-23 20:30:00,84.68
2026-02-23 20:45:00,84.59
2026-02-23 21:00:00,84.59
2026-02-23 21:15:00,64.63
2026-02-23 21:30:00,60.0
2026-02-23 21:45:00,42.0
2026-02-23 22:00:00,41.0
2026-02-23 22:15:00,44.63
2026-02-23 22:30:00,42.0
2026-02-23 22:45:00,40.0
2026-02-23 23:00:00,41.0
2026-02-23 23:15:00,47.0
2026-02-23 23:30:00,40.0
2026-02-23 23:45:00,20.0
2026-02-24 00:00:00,40.0
2026-02-24 00:15:00,40.0
2026-02-24 00:30:00,39.0
2026-02-24 00:45:00,32.0
2026-02-24 01:00:00,39.0
2026-02-24 01:15:00,34.0
2026-02-24 01:30:00,32.0
2026-02-24 01:45:00,32.0
2026-02-24 02:00:00,20.0
2026-02-24 02:15:00,20.0
2026-02-24 02:30:00,0.0
2026-02-24 02:45:00,20.0
2026-02-24 03:00:00,20.0
2026-02-24 03:15:00,39.0
2026-02-24 03:30:00,38.0
2026-02-24 03:45:00,34.0
2026-02-24 04:00:00,34.0
2026-02-24 04:15:00,20.0
2026-02-24 04:30:00,20.0
2026-02-24 04:45:00,20.0
2026-02-24 05:00:00,39.0
2026-02-24 05:15:00,41.0
2026-02-24 05:30:00,42.0
2026-02-24 05:45:00,60.0
2026-02-24 06:00:00,110.0
2026-02-24 06:15:00,180.0
2026-02-24 06:30:00,191.0
2026-02-24 06:45:00,332.0
2026-02-24 07:00:00,339.0
2026-02-24 07:15:00,352.0
2026-02-24 07:30:00,354.0
2026-02-24 07:45:00,352.0
2026-02-24 08:00:00,352.0
2026-02-24 08:15:00,354.0
2026-02-24 08:30:00,354.0
2026-02-24 08:45:00,354.0
2026-02-24 09:00:00,352.14
2026-02-24 09:15:00,352.0
2026-02-24 09:30:00,352.14
2026-02-24 09:45:00,342.0
2026-02-24 10:00:00,334.0
2026-02-24 10:15:00,334.0
2026-02-24 10:30:00,192.0
2026-02-24 10:45:00,336.0
2026-02-24 11:00:00,342.0
2026-02-24 11:15:00,342.0
2026-02-24 11:30:00,260.0
2026-02-24 11:45:00,179.43
2026-02-24 12:00:00,329.19
2026-02-24 12:15:00,325.5
2026-02-24 12:30:00,263.85
2026-02-24 12:45:00,322.88
2026-02-24 13:00:00,330.0
2026-02-24 13:15:00,342.39
2026-02-24 13:30:00,342.18
2026-02-24 13:45:00,334.34
2026-02-24 14:00:00,330.19
2026-02-24 14:15:00,332.0
2026-02-24 14:30:00,332.0
2026-02-24 14:45:00,342.0
2026-02-24 15:00:00,354.0
2026-02-24 15:15:00,354.0
2026-02-24 15:30:00,352.0
2026-02-24 15:45:00,354.0
2026-02-24 16:00:00,354.0
2026-02-24 16:15:00,353.92
2026-02-24 16:30:00,354.86
2026-02-24 16:45:00,362.0
2026-02-24 17:00:00,371.66
2026-02-24 17:15:00,372.0
2026-02-24 17:30:00,362.0
2026-02-24 17:45:00,361.0
2026-02-24 18:00:00,356.0
2026-02-24 18:15:00,354.0
2026-02-24 18:30:00,354.09
2026-02-24 18:45:00,355.45
2026-02-24 19:00:00,354.09
2026-02-24 19:15:00,354.56
2026-02-24 19:30:00,354.0
2026-02-24 19:45:00,354.0
2026-02-24 20:00:00,354.0
2026-02-24 20:15:00,354.0
2026-02-24 20:30:00,354.0
2026-02-24 20:45:00,354.0
2026-02-24 21:00:00,354.0
2026-02-24 21:15:00,354.0
2026-02-24 21:30:00,354.0
2026-02-24 21:45:00,352.0
2026-02-24 22:00:00,352.0
2026-02-24 22:15:00,352.0
2026-02-24 22:30:00,352.0
2026-02-24 22:45:00,352.0
2026-02-24 23:00:00,352.0
2026-02-24 23:15:00,352.0
2026-02-24 23:30:00,352.0
2026-02-24 23:45:00,352.0
2026-02-25 00:00:00,354.0
2026-02-25 00:15:00,354.0
2026-02-25 00:30:00,354.0
2026-02-25 00:45:00,354.0
2026-02-25 01:00:00,354.0
2026-02-25 01:15:00,342.0
2026-02-25 01:30:00,340.0
2026-02-25 01:45:00,334.0
2026-02-25 02:00:00,335.0
2026-02-25 02:15:00,334.0
2026-02-25 02:30:00,339.0
2026-02-25 02:45:00,335.0
2026-02-25 03:00:00,336.0
2026-02-25 03:15:00,340.0
2026-02-25 03:30:00,340.0
2026-02-25 03:45:00,341.0
2026-02-25 04:00:00,340.0
2026-02-25 04:15:00,340.0
2026-02-25 04:30:00,341.0
2026-02-25 04:45:00,340.0
2026-02-25 05:00:00,340.0
2026-02-25 05:15:00,340.0
2026-02-25 05:30:00,342.0
2026-02-25 05:45:00,354.0
2026-02-25 06:00:00,352.0
2026-02-25 06:15:00,352.0
2026-02-25 06:30:00,354.0
2026-02-25 06:45:00,354.0
2026-02-25 07:00:00,355.0
2026-02-25 07:15:00,362.0
2026-02-25 07:30:00,362.0
2026-02-25 07:45:00,372.0
2026-02-25 08:00:00,374.0
2026-02-25 08:15:00,374.0
2026-02-25 08:30:00,374.0
2026-02-25 08:45:00,374.0
2026-02-25 09:00:00,377.97
2026-02-25 09:15:00,374.99
2026-02-25 09:30:00,374.0
2026-02-25 09:45:00,374.13
2026-02-25 10:00:00,374.0
2026-02-25 10:15:00,376.0
2026-02-25 10:30:00,376.0
2026-02-25 10:45:00,380.0
2026-02-25 11:00:00,375.11
2026-02-25 11:15:00,374.0
2026-02-25 11:30:00,372.0
2026-02-25 11:45:00,362.0
2026-02-25 12:00:00,374.0
2026-02-25 12:15:00,375.17
2026-02-25 12:30:00,374.05
2026-02-25 12:45:00,374.37
2026-02-25 13:00:00,374.53
2026-02-25 13:15:00,378.02
2026-02-25 13:30:00,378.43
2026-02-25 13:45:00,379.74
2026-02-25 14:00:00,377.94
2026-02-25 14:15:00,373.89
2026-02-25 14:30:00,373.89
2026-02-25 14:45:00,374.88
2026-02-25 15:00:00,380.74
2026-02-25 15:15:00,391.44
2026-02-25 15:30:00,389.54
2026-02-25 15:45:00,381.03
2026-02-25 16:00:00,394.02
2026-02-25 16:15:00,404.0
2026-02-25 16:30:00,395.21
2026-02-25 16:45:00,390.23
2026-02-25 17:00:00,382.23
2026-02-25 17:15:00,375.96
2026-02-25 17:30:00,371.79
2026-02-25 17:45:00,372.1
2026-02-25 18:00:00,374.15
2026-02-25 18:15:00,372.11
2026-02-25 18:30:00,370.13
2026-02-25 18:45:00,362.11
2026-02-25 19:00:00,362.09
2026-02-25 19:15:00,362.1
2026-02-25 19:30:00,362.11
2026-02-25 19:45:00,361.1
2026-02-25 20:00:00,361.09
2026-02-25 20:15:00,359.04
2026-02-25 20:30:00,359.0
2026-02-25 20:45:00,360.99
2026-02-25 21:00:00,360.99
2026-02-25 21:15:00,360.91
2026-02-25 21:30:00,359.98
2026-02-25 21:45:00,360.9
2026-02-25 22:00:00,360.95
2026-02-25 22:15:00,359.95
2026-02-25 22:30:00,354.63
2026-02-25 22:45:00,354.83
2026-02-25 23:00:00,352.64
2026-02-25 23:15:00,357.94
2026-02-25 23:30:00,357.95
2026-02-25 23:45:00,359.92
2026-02-26 00:00:00,371.94
2026-02-26 00:15:00,373.88
2026-02-26 00:30:00,371.94
2026-02-26 00:45:00,370.01
2026-02-26 01:00:00,370.01
2026-02-26 01:15:00,370.01
2026-02-26 01:30:00,370.01
2026-02-26 01:45:00,370.01
2026-02-26 02:00:00,370.01
2026-02-26 02:15:00,371.95
2026-02-26 02:30:00,371.95
2026-02-26 02:45:00,371.95
2026-02-26 03:00:00,371.94
2026-02-26 03:15:00,370.01
2026-02-26 03:30:00,370.01
2026-02-26 03:45:00,370.01
2026-02-26 04:00:00,371.94
2026-02-26 04:15:00,370.01
2026-02-26 04:30:00,370.01
2026-02-26 04:45:00,370.01
2026-02-26 05:00:00,370.01
2026-02-26 05:15:00,370.01
2026-02-26 05:30:00,371.94
2026-02-26 05:45:00,371.94
2026-02-26 06:00:00,373.88
2026-02-26 06:15:00,373.88
2026-02-26 06:30:00,373.88
2026-02-26 06:45:00,373.88
2026-02-26 07:00:00,373.88
2026-02-26 07:15:00,377.75
2026-02-26 07:30:00,377.75
2026-02-26 07:45:00,377.75
2026-02-26 08:00:00,389.38
2026-02-26 08:15:00,383.57
2026-02-26 08:30:00,377.71
2026-02-26 08:45:00,376.79
2026-02-26 09:00:00,376.11
2026-02-26 09:15:00,375.82
2026-02-26 09:30:00,373.88
2026-02-26 09:45:00,372.03
2026-02-26 10:00:00,370.01
2026-02-26 10:15:00,370.01
2026-02-26 10:30:00,370.62
2026-02-26 10:45:00,370.62
2026-02-26 11:00:00,371.33
2026-02-26 11:15:00,370.61
2026-02-26 11:30:00,370.2
2026-02-26 11:45:00,368.35
2026-02-26 12:00:00,370.2
2026-02-26 12:15:00,370.2
2026-02-26 12:30:00,357.51
2026-02-26 12:45:00,357.54
2026-02-26 13:00:00,370.2
2026-02-26 13:15:00,370.59
2026-02-26 13:30:00,370.19
2026-02-26 13:45:00,370.01
2026-02-26 14:00:00,370.01
2026-02-26 14:15:00,370.01
2026-02-26 14:30:00,370.01
2026-02-26 14:45:00,370.01
2026-02-26 15:00:00,370.01
2026-02-26 15:15:00,370.01
2026-02-26 15:30:00,370.0
2026-02-26 15:45:00,370.01
2026-02-26 16:00:00,371.94
2026-02-26 16:15:00,373.88
2026-02-26 16:30:00,375.88
2026-02-26 16:45:00,377.85
2026-02-26 17:00:00,377.85
2026-02-26 17:15:00,377.92
2026-02-26 17:30:00,376.86
2026-02-26 17:45:00,375.86
2026-02-26 18:00:00,376.81
2026-02-26 18:15:00,375.82
2026-02-26 18:30:00,373.87
2026-02-26 18:45:00,375.81
2026-02-26 19:00:00,373.87
2026-02-26 19:15:00,375.8
2026-02-26 19:30:00,375.8
2026-02-26 19:45:00,375.79
2026-02-26 20:00:00,376.76
2026-02-26 20:15:00,375.82
2026-02-26 20:30:00,376.79
2026-02-26 20:45:00,375.82
2026-02-26 21:00:00,376.79
2026-02-26 21:15:00,376.79
2026-02-26 21:30:00,375.82
2026-02-26 21:45:00,373.88
2026-02-26 22:00:00,375.82
2026-02-26 22:15:00,373.88
2026-02-26 22:30:00,371.94
2026-02-26 22:45:00,370.01
2026-02-26 23:00:00,370.01
2026-02-26 23:15:00,371.94
2026-02-26 23:30:00,370.01
2026-02-26 23:45:00,370.01
2026-02-27 00:00:00,370.0
2026-02-27 00:15:00,368.0
2026-02-27 00:30:00,362.0
2026-02-27 00:45:00,251.0
2026-02-27 01:00:00,214.0
2026-02-27 01:15:00,265.3
2026-02-27 01:30:00,362.0
2026-02-27 01:45:00,364.0
2026-02-27 02:00:00,364.0
2026-02-27 02:15:00,364.0
2026-02-27 02:30:00,364.0
2026-02-27 02:45:00,362.0
2026-02-27 03:00:00,362.0
2026-02-27 03:15:00,323.18
2026-02-27 03:30:00,292.0
2026-02-27 03:45:00,270.3
2026-02-27 04:00:00,270.3
2026-02-27 04:15:00,270.3
2026-02-27 04:30:00,270.3
2026-02-27 04:45:00,360.0
2026-02-27 05:00:00,362.0
2026-02-27 05:15:00,362.0
2026-02-27 05:30:00,364.0
2026-02-27 05:45:00,362.0
2026-02-27 06:00:00,362.0
2026-02-27 06:15:00,364.0
2026-02-27 06:30:00,364.0
2026-02-27 06:45:00,380.0
2026-02-27 07:00:00,382.0
2026-02-27 07:15:00,382.0
2026-02-27 07:30:00,384.0
2026-02-27 07:45:00,384.0
2026-02-27 08:00:00,382.0
2026-02-27 08:15:00,382.0
2026-02-27 08:30:00,382.0
2026-02-27 08:45:00,382.0
2026-02-27 09:00:00,382.0
2026-02-27 09:15:00,382.0
2026-02-27 09:30:00,380.0
2026-02-27 09:45:00,366.0
2026-02-27 10:00:00,368.0
2026-02-27 10:15:00,382.0
2026-02-27 10:30:00,382.0
2026-02-27 10:45:00,382.0
2026-02-27 11:00:00,382.0
2026-02-27 11:15:00,380.0
2026-02-27 11:30:00,368.0
2026-02-27 11:45:00,292.17
2026-02-27 12:00:00,286.15
2026-02-27 12:15:00,277.21
2026-02-27 12:30:00,245.09
2026-02-27 12:45:00,185.71
2026-02-27 13:00:00,254.51
2026-02-27 13:15:00,293.42
2026-02-27 13:30:00,294.31
2026-02-27 13:45:00,256.2
2026-02-27 14:00:00,209.13
2026-02-27 14:15:00,361.96
2026-02-27 14:30:00,359.97
2026-02-27 14:45:00,362.0
2026-02-27 15:00:00,364.0
2026-02-27 15:15:00,380.0
2026-02-27 15:30:00,382.0
2026-02-27 15:45:00,382.0
2026-02-27 16:00:00,384.0
2026-02-27 16:15:00,384.0
2026-02-27 16:30:00,384.0
2026-02-27 16:45:00,382.85
2026-02-27 17:00:00,383.99
2026-02-27 17:15:00,384.01
2026-02-27 17:30:00,384.0
2026-02-27 17:45:00,384.01
2026-02-27 18:00:00,388.18
2026-02-27 18:15:00,384.0
2026-02-27 18:30:00,382.85
2026-02-27 18:45:00,383.99
2026-02-27 19:00:00,382.84
2026-02-27 19:15:00,382.84
2026-02-27 19:30:00,382.84
2026-02-27 19:45:00,381.99
2026-02-27 20:00:00,383.99
2026-02-27 20:15:00,382.84
2026-02-27 20:30:00,383.99
2026-02-27 20:45:00,383.99
2026-02-27 21:00:00,384.0
2026-02-27 21:15:00,384.0
2026-02-27 21:30:00,382.0
2026-02-27 21:45:00,382.0
2026-02-27 22:00:00,382.0
2026-02-27 22:15:00,382.0
2026-02-27 22:30:00,382.0
2026-02-27 22:45:00,382.0
2026-02-27 23:00:00,382.0
2026-02-27 23:15:00,382.0
2026-02-27 23:30:00,382.0
2026-02-27 23:45:00,368.0
2026-02-28 00:00:00,367.0
2026-02-28 00:15:00,352.0
2026-02-28 00:30:00,351.0
2026-02-28 00:45:00,353.0
2026-02-28 01:00:00,367.0
2026-02-28 01:15:00,352.0
2026-02-28 01:30:00,353.0
2026-02-28 01:45:00,352.0
2026-02-28 02:00:00,353.0
2026-02-28 02:15:00,367.0
2026-02-28 02:30:00,355.0
2026-02-28 02:45:00,353.0
2026-02-28 03:00:00,352.0
2026-02-28 03:15:00,351.0
2026-02-28 03:30:00,349.03
2026-02-28 03:45:00,351.0
2026-02-28 04:00:00,353.0
2026-02-28 04:15:00,352.0
2026-02-28 04:30:00,351.0
2026-02-28 04:45:00,349.03
2026-02-28 05:00:00,349.67
2026-02-28 05:15:00,349.0
2026-02-28 05:30:00,353.0
2026-02-28 05:45:00,351.0
2026-02-28 06:00:00,349.0
2026-02-28 06:15:00,353.0
2026-02-28 06:30:00,353.0
2026-02-28 06:45:00,353.0
2026-02-28 07:00:00,353.0
2026-02-28 07:15:00,367.0
2026-02-28 07:30:00,367.0
2026-02-28 07:45:00,355.0
2026-02-28 08:00:00,365.0
2026-02-28 08:15:00,349.0
2026-02-28 08:30:00,347.0
2026-02-28 08:45:00,200.96
2026-02-28 09:00:00,200.95
2026-02-28 09:15:00,349.0
2026-02-28 09:30:00,353.0
2026-02-28 09:45:00,347.0
2026-02-28 10:00:00,204.1
2026-02-28 10:15:00,201.77
2026-02-28 10:30:00,206.34
2026-02-28 10:45:00,294.04
2026-02-28 11:00:00,349.35
2026-02-28 11:15:00,352.95
2026-02-28 11:30:00,366.3
2026-02-28 11:45:00,368.16
2026-02-28 12:00:00,372.64
2026-02-28 12:15:00,374.02
2026-02-28 12:30:00,372.06
2026-02-28 12:45:00,368.93
2026-02-28 13:00:00,369.12
2026-02-28 13:15:00,371.92
2026-02-28 13:30:00,373.0
2026-02-28 13:45:00,374.98
2026-02-28 14:00:00,372.99
2026-02-28 14:15:00,372.0
2026-02-28 14:30:00,371.99
2026-02-28 14:45:00,371.98
2026-02-28 15:00:00,372.98
2026-02-28 15:15:00,371.99
2026-02-28 15:30:00,370.98
2026-02-28 15:45:00,371.0
2026-02-28 16:00:00,370.99
2026-02-28 16:15:00,371.0
2026-02-28 16:30:00,369.61
2026-02-28 16:45:00,369.73
2026-02-28 17:00:00,373.06
2026-02-28 17:15:00,369.72
2026-02-28 17:30:00,369.76
2026-02-28 17:45:00,370.99
2026-02-28 18:00:00,368.64
2026-02-28 18:15:00,372.74
2026-02-28 18:30:00,372.71
2026-02-28 18:45:00,371.54
2026-02-28 19:00:00,370.75
2026-02-28 19:15:00,371.95
2026-02-28 19:30:00,372.94
2026-02-28 19:45:00,370.99
2026-02-28 20:00:00,371.81
2026-02-28 20:15:00,371.96
2026-02-28 20:30:00,371.95
2026-02-28 20:45:00,371.94
2026-02-28 21:00:00,371.93
2026-02-28 21:15:00,372.0
2026-02-28 21:30:00,370.96
2026-02-28 21:45:00,371.0
2026-02-28 22:00:00,369.0
2026-02-28 22:15:00,368.0
2026-02-28 22:30:00,367.0
2026-02-28 22:45:00,351.36
2026-02-28 23:00:00,202.0
2026-02-28 23:15:00,299.0
2026-02-28 23:30:00,200.0
2026-02-28 23:45:00,139.0
2026-03-01 00:00:00,214.53
2026-03-01 00:15:00,213.73
2026-03-01 00:30:00,215.61
2026-03-01 00:45:00,235.52
2026-03-01 01:00:00,217.58
2026-03-01 01:15:00,214.11
2026-03-01 01:30:00,217.1
2026-03-01 01:45:00,219.86
2026-03-01 02:00:00,362.0
2026-03-01 02:15:00,302.11
2026-03-01 02:30:00,213.05
2026-03-01 02:45:00,214.27
2026-03-01 03:00:00,213.31
2026-03-01 03:15:00,212.31
2026-03-01 03:30:00,212.3
2026-03-01 03:45:00,90.44
2026-03-01 04:00:00,90.47
2026-03-01 04:15:00,66.87
2026-03-01 04:30:00,66.79
2026-03-01 04:45:00,80.65
2026-03-01 05:00:00,90.39
2026-03-01 05:15:00,212.46
2026-03-01 05:30:00,208.8
2026-03-01 05:45:00,90.36
2026-03-01 06:00:00,212.28
2026-03-01 06:15:00,212.28
2026-03-01 06:30:00,150.11
2026-03-01 06:45:00,211.97
2026-03-01 07:00:00,211.83
2026-03-01 07:15:00,213.85
2026-03-01 07:30:00,217.98
2026-03-01 07:45:00,235.5
2026-03-01 08:00:00,365.83
2026-03-01 08:15:00,283.84
2026-03-01 08:30:00,223.53
2026-03-01 08:45:00,365.32
2026-03-01 09:00:00,290.08
2026-03-01 09:15:00,365.6
2026-03-01 09:30:00,366.01
2026-03-01 09:45:00,367.21
2026-03-01 10:00:00,219.53
2026-03-01 10:15:00,365.54
2026-03-01 10:30:00,365.65
2026-03-01 10:45:00,365.78
2026-03-01 11:00:00,365.67
2026-03-01 11:15:00,365.63
2026-03-01 11:30:00,369.57
2026-03-01 11:45:00,367.71
2026-03-01 12:00:00,369.86
2026-03-01 12:15:00,370.02
2026-03-01 12:30:00,367.81
2026-03-01 12:45:00,368.3
2026-03-01 13:00:00,368.25
2026-03-01 13:15:00,368.16
2026-03-01 13:30:00,219.05
2026-03-01 13:45:00,218.9
2026-03-01 14:00:00,219.92
2026-03-01 14:15:00,218.04
2026-03-01 14:30:00,217.55
2026-03-01 14:45:00,223.6
2026-03-01 15:00:00,365.62
2026-03-01 15:15:00,371.79
2026-03-01 15:30:00,375.51
2026-03-01 15:45:00,385.02
2026-03-01 16:00:00,385.07
2026-03-01 16:15:00,386.86
2026-03-01 16:30:00,388.08
2026-03-01 16:45:00,386.84
2026-03-01 17:00:00,386.3
2026-03-01 17:15:00,385.57
2026-03-01 17:30:00,385.3
2026-03-01 17:45:00,385.38
2026-03-01 18:00:00,387.48
2026-03-01 18:15:00,388.78
2026-03-01 18:30:00,389.91
2026-03-01 18:45:00,390.34
2026-03-01 19:00:00,388.4
2026-03-01 19:15:00,388.67
2026-03-01 19:30:00,390.18
2026-03-01 19:45:00,389.93
2026-03-01 20:00:00,389.99
2026-03-01 20:15:00,387.34
2026-03-01 20:30:00,389.28
2026-03-01 20:45:00,387.04
2026-03-01 21:00:00,385.89
2026-03-01 21:15:00,386.75
2026-03-01 21:30:00,385.74
2026-03-01 21:45:00,386.4
2026-03-01 22:00:00,384.22
2026-03-01 22:15:00,384.17
2026-03-01 22:30:00,382.0
2026-03-01 22:45:00,382.0
2026-03-01 23:00:00,382.0
2026-03-01 23:15:00,383.02
2026-03-01 23:30:00,382.0
2026-03-01 23:45:00,382.0
2026-03-02 00:00:00,374.56
2026-03-02 00:15:00,372.89
2026-03-02 00:30:00,372.7
2026-03-02 00:45:00,370.74
2026-03-02 01:00:00,373.63
2026-03-02 01:15:00,371.72
2026-03-02 01:30:00,371.7
2026-03-02 01:45:00,371.69
2026-03-02 02:00:00,371.7
2026-03-02 02:15:00,370.75
2026-03-02 02:30:00,370.76
2026-03-02 02:45:00,369.79
2026-03-02 03:00:00,369.79
2026-03-02 03:15:00,369.77
2026-03-02 03:30:00,369.76
2026-03-02 03:45:00,369.81
2026-03-02 04:00:00,369.82
2026-03-02 04:15:00,369.83
2026-03-02 04:30:00,369.82
2026-03-02 04:45:00,369.84
2026-03-02 05:00:00,371.95
2026-03-02 05:15:00,372.92
2026-03-02 05:30:00,371.66
2026-03-02 05:45:00,371.63
2026-03-02 06:00:00,371.32
2026-03-02 06:15:00,371.0
2026-03-02 06:30:00,371.09
2026-03-02 06:45:00,371.22
2026-03-02 07:00:00,373.28
2026-03-02 07:15:00,377.09
2026-03-02 07:30:00,376.76
2026-03-02 07:45:00,378.47
2026-03-02 08:00:00,377.51
2026-03-02 08:15:00,377.53
2026-03-02 08:30:00,377.64
2026-03-02 08:45:00,378.57
2026-03-02 09:00:00,377.35
2026-03-02 09:15:00,373.65
2026-03-02 09:30:00,371.71
2026-03-02 09:45:00,373.57
2026-03-02 10:00:00,373.57
2026-03-02 10:15:00,373.57
2026-03-02 10:30:00,373.57
2026-03-02 10:45:00,373.65
2026-03-02 11:00:00,375.58
2026-03-02 11:15:00,371.71
2026-03-02 11:30:00,369.78
2026-03-02 11:45:00,358.16
2026-03-02 12:00:00,349.95
2026-03-02 12:15:00,343.55
2026-03-02 12:30:00,269.94
2026-03-02 12:45:00,347.45
2026-03-02 13:00:00,347.48
2026-03-02 13:15:00,344.26
2026-03-02 13:30:00,349.63
2026-03-02 13:45:00,367.03
2026-03-02 14:00:00,367.04
2026-03-02 14:15:00,366.97
2026-03-02 14:30:00,368.94
2026-03-02 14:45:00,368.77
2026-03-02 15:00:00,370.83
2026-03-02 15:15:00,368.08
2026-03-02 15:30:00,367.67
2026-03-02 15:45:00,369.64
2026-03-02 16:00:00,376.71
2026-03-02 16:15:00,387.03
2026-03-02 16:30:00,378.49
2026-03-02 16:45:00,389.14
2026-03-02 17:00:00,389.14
2026-03-02 17:15:00,391.06
2026-03-02 17:30:00,391.07
2026-03-02 17:45:00,391.07
2026-03-02 18:00:00,392.55
2026-03-02 18:15:00,392.6
2026-03-02 18:30:00,392.56
2026-03-02 18:45:00,392.55
2026-03-02 19:00:00,387.56
2026-03-02 19:15:00,389.79
2026-03-02 19:30:00,389.43
2026-03-02 19:45:00,388.86
2026-03-02 20:00:00,392.56
2026-03-02 20:15:00,390.12
2026-03-02 20:30:00,392.17
2026-03-02 20:45:00,394.39
2026-03-02 21:00:00,392.56
2026-03-02 21:15:00,392.73
2026-03-02 21:30:00,392.64
2026-03-02 21:45:00,394.47
2026-03-02 22:00:00,392.88
2026-03-02 22:15:00,396.84
2026-03-02 22:30:00,396.83
2026-03-02 22:45:00,394.76
2026-03-02 23:00:00,407.24
2026-03-02 23:15:00,443.68
2026-03-02 23:30:00,408.28
2026-03-02 23:45:00,396.8
2026-03-03 00:00:00,403.98
2026-03-03 00:15:00,401.84
2026-03-03 00:30:00,402.0
2026-03-03 00:45:00,400.0
2026-03-03 01:00:00,390.97
2026-03-03 01:15:00,389.97
2026-03-03 01:30:00,387.97
2026-03-03 01:45:00,389.96
2026-03-03 02:00:00,387.97
2026-03-03 02:15:00,385.98
2026-03-03 02:30:00,386.0
2026-03-03 02:45:00,383.98
2026-03-03 03:00:00,386.0
2026-03-03 03:15:00,383.98
2026-03-03 03:30:00,382.99
2026-03-03 03:45:00,383.99
2026-03-03 04:00:00,382.99
2026-03-03 04:15:00,382.99
2026-03-03 04:30:00,382.99
2026-03-03 04:45:00,382.0
2026-03-03 05:00:00,382.0
2026-03-03 05:15:00,382.0
2026-03-03 05:30:00,382.0
2026-03-03 05:45:00,382.0
2026-03-03 06:00:00,382.0
2026-03-03 06:15:00,382.0
2026-03-03 06:30:00,382.99
2026-03-03 06:45:00,383.98
2026-03-03 07:00:00,386.0
2026-03-03 07:15:00,389.93
2026-03-03 07:30:00,390.0
2026-03-03 07:45:00,390.0
2026-03-03 08:00:00,390.0
2026-03-03 08:15:00,386.0
2026-03-03 08:30:00,384.0
2026-03-03 08:45:00,382.49
2026-03-03 09:00:00,381.78
2026-03-03 09:15:00,382.56
2026-03-03 09:30:00,383.15
2026-03-03 09:45:00,364.6
2026-03-03 10:00:00,366.81
2026-03-03 10:15:00,367.57
2026-03-03 10:30:00,357.52
2026-03-03 10:45:00,250.53
2026-03-03 11:00:00,73.29
2026-03-03 11:15:00,65.63
2026-03-03 11:30:00,24.54
2026-03-03 11:45:00,7.1
2026-03-03 12:00:00,6.66
2026-03-03 12:15:00,7.56
2026-03-03 12:30:00,6.14
2026-03-03 12:45:00,8.12
2026-03-03 13:00:00,7.9
2026-03-03 13:15:00,7.11
2026-03-03 13:30:00,6.23
2026-03-03 13:45:00,5.97
2026-03-03 14:00:00,6.97
2026-03-03 14:15:00,7.42
2026-03-03 14:30:00,8.05
2026-03-03 14:45:00,3.5
2026-03-03 15:00:00,7.23
2026-03-03 15:15:00,8.31
2026-03-03 15:30:00,8.77
2026-03-03 15:45:00,28.82
2026-03-03 16:00:00,222.05
2026-03-03 16:15:00,357.54
2026-03-03 16:30:00,357.53
2026-03-03 16:45:00,373.69
2026-03-03 17:00:00,373.06
2026-03-03 17:15:00,373.67
2026-03-03 17:30:00,385.13
2026-03-03 17:45:00,387.11
2026-03-03 18:00:00,390.91
2026-03-03 18:15:00,389.03
2026-03-03 18:30:00,389.74
2026-03-03 18:45:00,385.04
2026-03-03 19:00:00,383.79
2026-03-03 19:15:00,385.37
2026-03-03 19:30:00,387.7
2026-03-03 19:45:00,389.04
2026-03-03 20:00:00,388.73
2026-03-03 20:15:00,390.62
2026-03-03 20:30:00,402.48
2026-03-03 20:45:00,402.09
2026-03-03 21:00:00,404.01
2026-03-03 21:15:00,407.91
2026-03-03 21:30:00,407.87
2026-03-03 21:45:00,407.84
2026-03-03 22:00:00,403.98
2026-03-03 22:15:00,402.0
2026-03-03 22:30:00,390.0
2026-03-03 22:45:00,388.0
2026-03-03 23:00:00,388.0
2026-03-03 23:15:00,386.0
2026-03-03 23:30:00,386.0
2026-03-03 23:45:00,386.0
2026-03-04 00:00:00,392.0
2026-03-04 00:15:00,392.0
2026-03-04 00:30:00,390.0
2026-03-04 00:45:00,390.0
2026-03-04 01:00:00,389.0
2026-03-04 01:15:00,388.0
2026-03-04 01:30:00,388.0
2026-03-04 01:45:00,388.0
2026-03-04 02:00:00,388.0
2026-03-04 02:15:00,390.0
2026-03-04 02:30:00,389.0
2026-03-04 02:45:00,388.0
2026-03-04 03:00:00,389.0
2026-03-04 03:15:00,388.0
2026-03-04 03:30:00,388.0
2026-03-04 03:45:00,388.0
2026-03-04 04:00:00,388.0
2026-03-04 04:15:00,388.0
2026-03-04 04:30:00,388.0
2026-03-04 04:45:00,388.0
2026-03-04 05:00:00,388.0
2026-03-04 05:15:00,388.0
2026-03-04 05:30:00,388.0
2026-03-04 05:45:00,388.0
2026-03-04 06:00:00,389.0
2026-03-04 06:15:00,390.0
2026-03-04 06:30:00,392.0
2026-03-04 06:45:00,394.0
2026-03-04 07:00:00,400.0
2026-03-04 07:15:00,408.99
2026-03-04 07:30:00,411.96
2026-03-04 07:45:00,411.96
2026-03-04 08:00:00,413.95
2026-03-04 08:15:00,431.87
2026-03-04 08:30:00,411.98
2026-03-04 08:45:00,408.0
2026-03-04 09:00:00,406.0
2026-03-04 09:15:00,392.0
2026-03-04 09:30:00,388.08
2026-03-04 09:45:00,374.65
2026-03-04 10:00:00,226.71
2026-03-04 10:15:00,73.45
2026-03-04 10:30:00,39.25
2026-03-04 10:45:00,2.01
2026-03-04 11:00:00,2.74
2026-03-04 11:15:00,2.88
2026-03-04 11:30:00,2.98
2026-03-04 11:45:00,2.23
2026-03-04 12:00:00,2.94
2026-03-04 12:15:00,7.75
2026-03-04 12:30:00,6.66
2026-03-04 12:45:00,9.02
2026-03-04 13:00:00,8.85
2026-03-04 13:15:00,28.22
2026-03-04 13:30:00,77.87
2026-03-04 13:45:00,78.16
2026-03-04 14:00:00,82.58
2026-03-04 14:15:00,222.34
2026-03-04 14:30:00,225.38
2026-03-04 14:45:00,354.42
2026-03-04 15:00:00,224.35
2026-03-04 15:15:00,228.15
2026-03-04 15:30:00,369.51
2026-03-04 15:45:00,388.05
2026-03-04 16:00:00,392.0
2026-03-04 16:15:00,394.0
2026-03-04 16:30:00,394.0
2026-03-04 16:45:00,394.0
2026-03-04 17:00:00,408.0
2026-03-04 17:15:00,395.95
2026-03-04 17:30:00,399.94
2026-03-04 17:45:00,393.98
2026-03-04 18:00:00,407.97
2026-03-04 18:15:00,399.98
2026-03-04 18:30:00,393.99
2026-03-04 18:45:00,393.99
2026-03-04 19:00:00,393.98
2026-03-04 19:15:00,394.98
2026-03-04 19:30:00,395.98
2026-03-04 19:45:00,393.99
2026-03-04 20:00:00,394.98
2026-03-04 20:15:00,399.97
2026-03-04 20:30:00,405.97
2026-03-04 20:45:00,399.97
2026-03-04 21:00:00,395.97
2026-03-04 21:15:00,395.0
2026-03-04 21:30:00,393.97
2026-03-04 21:45:00,391.97
2026-03-04 22:00:00,392.0
2026-03-04 22:15:00,392.0
2026-03-04 22:30:00,392.0
2026-03-04 22:45:00,392.0
2026-03-04 23:00:00,392.0
2026-03-04 23:15:00,394.0
2026-03-04 23:30:00,392.0
2026-03-04 23:45:00,389.0
2026-03-05 00:00:00,389.0
2026-03-05 00:15:00,389.0
2026-03-05 00:30:00,373.34
2026-03-05 00:45:00,373.26
2026-03-05 01:00:00,373.03
2026-03-05 01:15:00,385.0
2026-03-05 01:30:00,371.0
2026-03-05 01:45:00,371.0
2026-03-05 02:00:00,371.0
2026-03-05 02:15:00,372.0
2026-03-05 02:30:00,373.0
2026-03-05 02:45:00,371.0
2026-03-05 03:00:00,373.0
2026-03-05 03:15:00,371.0
2026-03-05 03:30:00,371.0
2026-03-05 03:45:00,369.0
2026-03-05 04:00:00,371.0
2026-03-05 04:15:00,371.0
2026-03-05 04:30:00,371.0
2026-03-05 04:45:00,369.0
2026-03-05 05:00:00,367.0
2026-03-05 05:15:00,369.0
2026-03-05 05:30:00,371.0
2026-03-05 05:45:00,369.0
2026-03-05 06:00:00,385.0
2026-03-05 06:15:00,387.0
2026-03-05 06:30:00,389.0
2026-03-05 06:45:00,389.0
2026-03-05 07:00:00,391.0
2026-03-05 07:15:00,392.99
2026-03-05 07:30:00,404.93
2026-03-05 07:45:00,404.55
2026-03-05 08:00:00,408.54
2026-03-05 08:15:00,412.99
2026-03-05 08:30:00,414.68
2026-03-05 08:45:00,425.87
2026-03-05 09:00:00,526.68
2026-03-05 09:15:00,708.82
2026-03-05 09:30:00,709.43
2026-03-05 09:45:00,673.9
2026-03-05 10:00:00,746.29
2026-03-05 10:15:00,747.26
2026-03-05 10:30:00,446.36
2026-03-05 10:45:00,410.34
2026-03-05 11:00:00,410.28
2026-03-05 11:15:00,392.56
2026-03-05 11:30:00,390.09
2026-03-05 11:45:00,389.95
2026-03-05 12:00:00,390.0
2026-03-05 12:15:00,369.11
2026-03-05 12:30:00,117.44
2026-03-05 12:45:00,65.8
2026-03-05 13:00:00,73.15
2026-03-05 13:15:00,70.95
2026-03-05 13:30:00,76.26
2026-03-05 13:45:00,42.38
2026-03-05 14:00:00,23.36
2026-03-05 14:15:00,4.86
2026-03-05 14:30:00,4.73
2026-03-05 14:45:00,5.01
2026-03-05 15:00:00,5.36
2026-03-05 15:15:00,5.75
2026-03-05 15:30:00,18.36
2026-03-05 15:45:00,92.33
2026-03-05 16:00:00,215.68
2026-03-05 16:15:00,220.65
2026-03-05 16:30:00,359.14
2026-03-05 16:45:00,365.23
2026-03-05 17:00:00,376.38
2026-03-05 17:15:00,375.79
2026-03-05 17:30:00,377.66
2026-03-05 17:45:00,390.99
2026-03-05 18:00:00,390.99
2026-03-05 18:15:00,387.76
2026-03-05 18:30:00,388.01
2026-03-05 18:45:00,388.01
2026-03-05 19:00:00,387.94
2026-03-05 19:15:00,391.11
2026-03-05 19:30:00,388.13
2026-03-05 19:45:00,387.89
2026-03-05 20:00:00,388.17
2026-03-05 20:15:00,387.89
2026-03-05 20:30:00,387.75
2026-03-05 20:45:00,387.81
2026-03-05 21:00:00,387.76
2026-03-05 21:15:00,387.6
2026-03-05 21:30:00,390.98
2026-03-05 21:45:00,391.0
2026-03-05 22:00:00,389.0
2026-03-05 22:15:00,376.8
2026-03-05 22:30:00,378.92
2026-03-05 22:45:00,376.96
2026-03-05 23:00:00,376.86
2026-03-05 23:15:00,373.7
2026-03-05 23:30:00,371.49
2026-03-05 23:45:00,359.29
2026-03-06 00:00:00,373.51
2026-03-06 00:15:00,377.52
2026-03-06 00:30:00,375.12
2026-03-06 00:45:00,368.26
2026-03-06 01:00:00,372.4
2026-03-06 01:15:00,370.09
2026-03-06 01:30:00,369.95
2026-03-06 01:45:00,357.78
2026-03-06 02:00:00,357.82
2026-03-06 02:15:00,359.95
2026-03-06 02:30:00,357.71
2026-03-06 02:45:00,359.42
2026-03-06 03:00:00,357.62
2026-03-06 03:15:00,358.35
2026-03-06 03:30:00,372.0
2026-03-06 03:45:00,373.0
2026-03-06 04:00:00,372.0
2026-03-06 04:15:00,371.0
2026-03-06 04:30:00,369.0
2026-03-06 04:45:00,369.0
2026-03-06 05:00:00,369.0
2026-03-06 05:15:00,367.0
2026-03-06 05:30:00,354.27
2026-03-06 05:45:00,354.33
2026-03-06 06:00:00,355.64
2026-03-06 06:15:00,358.84
2026-03-06 06:30:00,359.09
2026-03-06 06:45:00,384.25
2026-03-06 07:00:00,386.18
2026-03-06 07:15:00,387.0
2026-03-06 07:30:00,373.0
2026-03-06 07:45:00,369.0
2026-03-06 08:00:00,266.0
2026-03-06 08:15:00,221.0
2026-03-06 08:30:00,224.3
2026-03-06 08:45:00,318.57
2026-03-06 09:00:00,373.13
2026-03-06 09:15:00,372.24
2026-03-06 09:30:00,372.21
2026-03-06 09:45:00,372.56
2026-03-06 10:00:00,376.1
2026-03-06 10:15:00,384.49
2026-03-06 10:30:00,373.23
2026-03-06 10:45:00,393.31
2026-03-06 11:00:00,394.56
2026-03-06 11:15:00,385.51
2026-03-06 11:30:00,369.54
2026-03-06 11:45:00,313.9
2026-03-06 12:00:00,363.37
2026-03-06 12:15:00,360.04
2026-03-06 12:30:00,220.8
2026-03-06 12:45:00,226.29
2026-03-06 13:00:00,366.59
2026-03-06 13:15:00,264.92
2026-03-06 13:30:00,222.68
2026-03-06 13:45:00,223.53
2026-03-06 14:00:00,265.3
2026-03-06 14:15:00,224.07
2026-03-06 14:30:00,224.51
2026-03-06 14:45:00,226.26
2026-03-06 15:00:00,204.43
2026-03-06 15:15:00,226.46
2026-03-06 15:30:00,228.41
2026-03-06 15:45:00,371.0
2026-03-06 16:00:00,389.0
2026-03-06 16:15:00,389.0
2026-03-06 16:30:00,387.0
2026-03-06 16:45:00,387.0
2026-03-06 17:00:00,389.0
2026-03-06 17:15:00,389.0
2026-03-06 17:30:00,389.0
2026-03-06 17:45:00,388.43
2026-03-06 18:00:00,389.06
2026-03-06 18:15:00,389.06
2026-03-06 18:30:00,388.68
2026-03-06 18:45:00,387.29
2026-03-06 19:00:00,387.26
2026-03-06 19:15:00,387.26
2026-03-06 19:30:00,390.94
2026-03-06 19:45:00,390.94
2026-03-06 20:00:00,390.94
2026-03-06 20:15:00,390.94
2026-03-06 20:30:00,388.91
2026-03-06 20:45:00,388.44
2026-03-06 21:00:00,385.55
2026-03-06 21:15:00,375.69
2026-03-06 21:30:00,385.1
2026-03-06 21:45:00,387.0
2026-03-06 22:00:00,374.34
2026-03-06 22:15:00,373.28
2026-03-06 22:30:00,374.14
2026-03-06 22:45:00,358.94
2026-03-06 23:00:00,352.98
2026-03-06 23:15:00,355.21
2026-03-06 23:30:00,321.19
2026-03-06 23:45:00,304.99
2026-03-07 00:00:00,289.9
2026-03-07 00:15:00,357.2
2026-03-07 00:30:00,356.91
2026-03-07 00:45:00,354.49
2026-03-07 01:00:00,352.48
2026-03-07 01:15:00,215.66
2026-03-07 01:30:00,289.43
2026-03-07 01:45:00,215.65
2026-03-07 02:00:00,213.6
2026-03-07 02:15:00,221.0
2026-03-07 02:30:00,221.0
2026-03-07 02:45:00,217.0
2026-03-07 03:00:00,150.0
2026-03-07 03:15:00,96.2
2026-03-07 03:30:00,80.0
2026-03-07 03:45:00,73.1
2026-03-07 04:00:00,100.0
2026-03-07 04:15:00,135.7
2026-03-07 04:30:00,150.0
2026-03-07 04:45:00,150.0
2026-03-07 05:00:00,217.0
2026-03-07 05:15:00,223.0
2026-03-07 05:30:00,365.0
2026-03-07 05:45:00,367.0
2026-03-07 06:00:00,289.95
2026-03-07 06:15:00,354.04
2026-03-07 06:30:00,358.26
2026-03-07 06:45:00,357.36
2026-03-07 07:00:00,361.6
2026-03-07 07:15:00,363.09
2026-03-07 07:30:00,355.17
2026-03-07 07:45:00,219.09
2026-03-07 08:00:00,217.36
2026-03-07 08:15:00,371.0
2026-03-07 08:30:00,315.0
2026-03-07 08:45:00,201.0
2026-03-07 09:00:00,74.67
2026-03-07 09:15:00,72.43
2026-03-07 09:30:00,47.1
2026-03-07 09:45:00,76.51
2026-03-07 10:00:00,77.36
2026-03-07 10:15:00,76.47
2026-03-07 10:30:00,16.35
2026-03-07 10:45:00,16.68
2026-03-07 11:00:00,25.8
2026-03-07 11:15:00,8.01
2026-03-07 11:30:00,29.95
2026-03-07 11:45:00,26.77
2026-03-07 12:00:00,38.99
2026-03-07 12:15:00,74.07
2026-03-07 12:30:00,81.66
2026-03-07 12:45:00,264.95
2026-03-07 13:00:00,366.01
2026-03-07 13:15:00,380.08
2026-03-07 13:30:00,387.58
2026-03-07 13:45:00,392.31
2026-03-07 14:00:00,386.68
2026-03-07 14:15:00,391.98
2026-03-07 14:30:00,409.22
2026-03-07 14:45:00,410.74
2026-03-07 15:00:00,395.33
2026-03-07 15:15:00,405.99
2026-03-07 15:30:00,414.21
2026-03-07 15:45:00,415.52
2026-03-07 16:00:00,410.8
2026-03-07 16:15:00,410.57
2026-03-07 16:30:00,410.29
2026-03-07 16:45:00,406.2
2026-03-07 17:00:00,406.24
2026-03-07 17:15:00,402.14
2026-03-07 17:30:00,390.15
2026-03-07 17:45:00,392.75
2026-03-07 18:00:00,392.97
2026-03-07 18:15:00,392.96
2026-03-07 18:30:00,392.96
2026-03-07 18:45:00,388.42
2026-03-07 19:00:00,388.14
2026-03-07 19:15:00,388.9
2026-03-07 19:30:00,387.96
2026-03-07 19:45:00,388.09
2026-03-07 20:00:00,388.03
2026-03-07 20:15:00,388.02
2026-03-07 20:30:00,388.19
2026-03-07 20:45:00,391.0
2026-03-07 21:00:00,391.0
2026-03-07 21:15:00,387.78
2026-03-07 21:30:00,387.71
2026-03-07 21:45:00,389.78
2026-03-07 22:00:00,379.49
2026-03-07 22:15:00,379.63
2026-03-07 22:30:00,390.08
2026-03-07 22:45:00,390.04
2026-03-07 23:00:00,381.54
2026-03-07 23:15:00,381.46
2026-03-07 23:30:00,379.32
2026-03-07 23:45:00,379.09
2026-03-08 00:00:00,350.68
2026-03-08 00:15:00,350.83
2026-03-08 00:30:00,349.81
2026-03-08 00:45:00,349.69
2026-03-08 01:00:00,349.81
2026-03-08 01:15:00,349.57
2026-03-08 01:30:00,349.47
2026-03-08 01:45:00,344.54
2026-03-08 02:00:00,344.28
2026-03-08 02:15:00,346.97
2026-03-08 02:30:00,346.82
2026-03-08 02:45:00,344.7
2026-03-08 03:00:00,344.81
2026-03-08 03:15:00,344.59
2026-03-08 03:30:00,346.46
2026-03-08 03:45:00,346.4
2026-03-08 04:00:00,346.28
2026-03-08 04:15:00,346.16
2026-03-08 04:30:00,346.16
2026-03-08 04:45:00,346.06
2026-03-08 05:00:00,347.96
2026-03-08 05:15:00,348.1
2026-03-08 05:30:00,349.34
2026-03-08 05:45:00,350.42
2026-03-08 06:00:00,350.59
2026-03-08 06:15:00,350.58
2026-03-08 06:30:00,350.74
2026-03-08 06:45:00,350.8
2026-03-08 07:00:00,362.6
2026-03-08 07:15:00,364.17
2026-03-08 07:30:00,360.41
2026-03-08 07:45:00,360.71
2026-03-08 08:00:00,365.05
2026-03-08 08:15:00,369.64
2026-03-08 08:30:00,370.07
2026-03-08 08:45:00,370.11
2026-03-08 09:00:00,376.36
2026-03-08 09:15:00,376.16
2026-03-08 09:30:00,376.28
2026-03-08 09:45:00,377.51
2026-03-08 10:00:00,380.49
2026-03-08 10:15:00,381.14
2026-03-08 10:30:00,379.31
2026-03-08 10:45:00,384.94
2026-03-08 11:00:00,422.72
2026-03-08 11:15:00,591.4
2026-03-08 11:30:00,507.72
2026-03-08 11:45:00,508.5
2026-03-08 12:00:00,647.74
2026-03-08 12:15:00,595.07
2026-03-08 12:30:00,396.78
2026-03-08 12:45:00,381.81
2026-03-08 13:00:00,382.96
2026-03-08 13:15:00,381.74
2026-03-08 13:30:00,381.17
2026-03-08 13:45:00,376.03
2026-03-08 14:00:00,363.29
2026-03-08 14:15:00,362.45
2026-03-08 14:30:00,361.64
2026-03-08 14:45:00,361.42
2026-03-08 15:00:00,351.37
2026-03-08 15:15:00,361.43
2026-03-08 15:30:00,363.21
2026-03-08 15:45:00,353.13
2026-03-08 16:00:00,376.36
2026-03-08 16:15:00,377.97
2026-03-08 16:30:00,378.28
2026-03-08 16:45:00,376.43
2026-03-08 17:00:00,378.12
2026-03-08 17:15:00,376.43
2026-03-08 17:30:00,377.87
2026-03-08 17:45:00,377.9
2026-03-08 18:00:00,381.52
2026-03-08 18:15:00,381.49
2026-03-08 18:30:00,380.58
2026-03-08 18:45:00,379.81
2026-03-08 19:00:00,378.12
2026-03-08 19:15:00,378.12
2026-03-08 19:30:00,378.12
2026-03-08 19:45:00,378.12
2026-03-08 20:00:00,379.81
2026-03-08 20:15:00,378.12
2026-03-08 20:30:00,379.64
2026-03-08 20:45:00,380.62
2026-03-08 21:00:00,379.78
2026-03-08 21:15:00,379.77
2026-03-08 21:30:00,378.28
2026-03-08 21:45:00,378.28
2026-03-08 22:00:00,376.43
2026-03-08 22:15:00,376.43
2026-03-08 22:30:00,376.43
2026-03-08 22:45:00,365.34
2026-03-08 23:00:00,363.49
2026-03-08 23:15:00,351.04
2026-03-08 23:30:00,348.91
2026-03-08 23:45:00,346.95
2026-03-09 00:00:00,354.67
2026-03-09 00:15:00,355.21
2026-03-09 00:30:00,343.38
2026-03-09 00:45:00,341.09
2026-03-09 01:00:00,341.23
2026-03-09 01:15:00,338.94
2026-03-09 01:30:00,337.23
2026-03-09 01:45:00,337.06
2026-03-09 02:00:00,340.21
2026-03-09 02:15:00,341.96
2026-03-09 02:30:00,338.86
2026-03-09 02:45:00,334.88
2026-03-09 03:00:00,199.84
2026-03-09 03:15:00,203.0
2026-03-09 03:30:00,203.0
2026-03-09 03:45:00,202.0
2026-03-09 04:00:00,202.0
2026-03-09 04:15:00,201.0
2026-03-09 04:30:00,202.0
2026-03-09 04:45:00,202.0
2026-03-09 05:00:00,202.0
2026-03-09 05:15:00,204.0
2026-03-09 05:30:00,348.0
2026-03-09 05:45:00,348.0
2026-03-09 06:00:00,348.0
2026-03-09 06:15:00,350.0
2026-03-09 06:30:00,354.0
2026-03-09 06:45:00,357.63
2026-03-09 07:00:00,360.03
2026-03-09 07:15:00,362.33
2026-03-09 07:30:00,360.65
2026-03-09 07:45:00,358.68
2026-03-09 08:00:00,366.0
2026-03-09 08:15:00,339.5
2026-03-09 08:30:00,201.97
2026-03-09 08:45:00,112.39
2026-03-09 09:00:00,102.31
2026-03-09 09:15:00,54.19
2026-03-09 09:30:00,23.1
2026-03-09 09:45:00,3.7
2026-03-09 10:00:00,6.53
2026-03-09 10:15:00,6.57
2026-03-09 10:30:00,6.44
2026-03-09 10:45:00,3.92
2026-03-09 11:00:00,3.52
2026-03-09 11:15:00,6.86
2026-03-09 11:30:00,4.11
2026-03-09 11:45:00,4.22
2026-03-09 12:00:00,7.24
2026-03-09 12:15:00,7.53
2026-03-09 12:30:00,7.75
2026-03-09 12:45:00,7.92
2026-03-09 13:00:00,4.69
2026-03-09 13:15:00,7.56
2026-03-09 13:30:00,7.52
2026-03-09 13:45:00,7.5
2026-03-09 14:00:00,3.6
2026-03-09 14:15:00,3.72
2026-03-09 14:30:00,7.88
2026-03-09 14:45:00,3.5
2026-03-09 15:00:00,8.11
2026-03-09 15:15:00,8.53
2026-03-09 15:30:00,8.1
2026-03-09 15:45:00,9.08
2026-03-09 16:00:00,60.43
2026-03-09 16:15:00,102.48
2026-03-09 16:30:00,206.07
2026-03-09 16:45:00,338.56
2026-03-09 17:00:00,354.09
2026-03-09 17:15:00,358.16
2026-03-09 17:30:00,359.9
2026-03-09 17:45:00,359.34
2026-03-09 18:00:00,373.96
2026-03-09 18:15:00,362.83
2026-03-09 18:30:00,388.0
2026-03-09 18:45:00,378.0
2026-03-09 19:00:00,372.83
2026-03-09 19:15:00,376.94
2026-03-09 19:30:00,385.18
2026-03-09 19:45:00,385.18
2026-03-09 20:00:00,388.0
2026-03-09 20:15:00,385.31
2026-03-09 20:30:00,385.02
2026-03-09 20:45:00,385.26
2026-03-09 21:00:00,384.94
2026-03-09 21:15:00,379.14
2026-03-09 21:30:00,384.95
2026-03-09 21:45:00,374.42
2026-03-09 22:00:00,378.58
2026-03-09 22:15:00,376.2
2026-03-09 22:30:00,372.27
2026-03-09 22:45:00,363.43
2026-03-09 23:00:00,363.19
2026-03-09 23:15:00,370.7
2026-03-09 23:30:00,370.66
2026-03-09 23:45:00,370.99
2026-03-10 00:00:00,407.93
2026-03-10 00:15:00,397.04
2026-03-10 00:30:00,398.94
2026-03-10 00:45:00,396.5
2026-03-10 01:00:00,388.2
2026-03-10 01:15:00,376.35
2026-03-10 01:30:00,375.93
2026-03-10 01:45:00,373.99
2026-03-10 02:00:00,373.91
2026-03-10 02:15:00,387.44
2026-03-10 02:30:00,375.7
2026-03-10 02:45:00,375.86
2026-03-10 03:00:00,375.91
2026-03-10 03:15:00,375.6
2026-03-10 03:30:00,375.6
2026-03-10 03:45:00,376.17
2026-03-10 04:00:00,376.05
2026-03-10 04:15:00,374.1
2026-03-10 04:30:00,376.29
2026-03-10 04:45:00,374.45
2026-03-10 05:00:00,374.32
2026-03-10 05:15:00,374.5
2026-03-10 05:30:00,374.76
2026-03-10 05:45:00,374.76
2026-03-10 06:00:00,377.06
2026-03-10 06:15:00,375.24
2026-03-10 06:30:00,378.47
2026-03-10 06:45:00,382.06
2026-03-10 07:00:00,405.32
2026-03-10 07:15:00,405.41
2026-03-10 07:30:00,382.1
2026-03-10 07:45:00,380.69
2026-03-10 08:00:00,378.79
2026-03-10 08:15:00,373.0
2026-03-10 08:30:00,221.0
2026-03-10 08:45:00,42.89
2026-03-10 09:00:00,1.53
2026-03-10 09:15:00,5.32
2026-03-10 09:30:00,2.61
2026-03-10 09:45:00,3.58
2026-03-10 10:00:00,2.85
2026-03-10 10:15:00,3.37
2026-03-10 10:30:00,2.55
2026-03-10 10:45:00,2.65
2026-03-10 11:00:00,0.0
2026-03-10 11:15:00,3.44
2026-03-10 11:30:00,0.0
2026-03-10 11:45:00,1.22
2026-03-10 12:00:00,3.35
2026-03-10 12:15:00,4.87
2026-03-10 12:30:00,2.63
2026-03-10 12:45:00,5.4
2026-03-10 13:00:00,8.72
2026-03-10 13:15:00,2.89
2026-03-10 13:30:00,7.67
2026-03-10 13:45:00,2.75
2026-03-10 14:00:00,2.86
2026-03-10 14:15:00,5.26
2026-03-10 14:30:00,2.9
2026-03-10 14:45:00,2.91
2026-03-10 15:00:00,8.21
2026-03-10 15:15:00,3.18
2026-03-10 15:30:00,9.35
2026-03-10 15:45:00,8.79
2026-03-10 16:00:00,9.53
2026-03-10 16:15:00,7.93
2026-03-10 16:30:00,122.82
2026-03-10 16:45:00,223.01
2026-03-10 17:00:00,361.03
2026-03-10 17:15:00,359.56
2026-03-10 17:30:00,361.62
2026-03-10 17:45:00,359.76
2026-03-10 18:00:00,375.78
2026-03-10 18:15:00,378.61
2026-03-10 18:30:00,390.93
2026-03-10 18:45:00,390.93
2026-03-10 19:00:00,390.93
2026-03-10 19:15:00,390.92
2026-03-10 19:30:00,390.93
2026-03-10 19:45:00,389.0
2026-03-10 20:00:00,389.0
2026-03-10 20:15:00,389.0
2026-03-10 20:30:00,391.0
2026-03-10 20:45:00,379.88
2026-03-10 21:00:00,391.0
2026-03-10 21:15:00,385.41
2026-03-10 21:30:00,370.05
2026-03-10 21:45:00,359.52
2026-03-10 22:00:00,364.51
2026-03-10 22:15:00,376.05
2026-03-10 22:30:00,373.0
2026-03-10 22:45:00,363.36
2026-03-10 23:00:00,375.5
2026-03-10 23:15:00,356.9
2026-03-10 23:30:00,256.12
2026-03-10 23:45:00,353.79
2026-03-11 00:00:00,386.03
2026-03-11 00:15:00,388.0
2026-03-11 00:30:00,386.03
2026-03-11 00:45:00,386.03
2026-03-11 01:00:00,388.0
2026-03-11 01:15:00,386.03
2026-03-11 01:30:00,386.02
2026-03-11 01:45:00,380.11
2026-03-11 02:00:00,384.05
2026-03-11 02:15:00,386.02
2026-03-11 02:30:00,372.0
2026-03-11 02:45:00,372.0
2026-03-11 03:00:00,372.0
2026-03-11 03:15:00,371.0
2026-03-11 03:30:00,374.02
2026-03-11 03:45:00,384.06
2026-03-11 04:00:00,386.03
2026-03-11 04:15:00,386.03
2026-03-11 04:30:00,386.03
2026-03-11 04:45:00,386.03
2026-03-11 05:00:00,386.03
2026-03-11 05:15:00,388.0
2026-03-11 05:30:00,391.0
2026-03-11 05:45:00,392.0
2026-03-11 06:00:00,392.0
2026-03-11 06:15:00,392.0
2026-03-11 06:30:00,393.96
2026-03-11 06:45:00,406.2
2026-03-11 07:00:00,410.51
2026-03-11 07:15:00,406.3
2026-03-11 07:30:00,392.0
2026-03-11 07:45:00,392.0
2026-03-11 08:00:00,386.0
2026-03-11 08:15:00,391.0
2026-03-11 08:30:00,330.0
2026-03-11 08:45:00,170.0
2026-03-11 09:00:00,40.42
2026-03-11 09:15:00,1.74
2026-03-11 09:30:00,0.0
2026-03-11 09:45:00,3.79
2026-03-11 10:00:00,3.31
2026-03-11 10:15:00,3.22
2026-03-11 10:30:00,3.36
2026-03-11 10:45:00,7.09
2026-03-11 11:00:00,3.26
2026-03-11 11:15:00,3.08
2026-03-11 11:30:00,0.57
2026-03-11 11:45:00,1.82
2026-03-11 12:00:00,1.79
2026-03-11 12:15:00,5.23
2026-03-11 12:30:00,1.97
2026-03-11 12:45:00,5.93
2026-03-11 13:00:00,6.05
2026-03-11 13:15:00,8.95
2026-03-11 13:30:00,9.17
2026-03-11 13:45:00,5.62
2026-03-11 14:00:00,5.82
2026-03-11 14:15:00,5.74
2026-03-11 14:30:00,5.5
2026-03-11 14:45:00,6.07
2026-03-11 15:00:00,6.27
2026-03-11 15:15:00,9.08
2026-03-11 15:30:00,4.65
2026-03-11 15:45:00,10.09
2026-03-11 16:00:00,29.43
2026-03-11 16:15:00,207.35
2026-03-11 16:30:00,372.89
2026-03-11 16:45:00,386.05
2026-03-11 17:00:00,391.0
2026-03-11 17:15:00,388.0
2026-03-11 17:30:00,391.0
2026-03-11 17:45:00,392.0
2026-03-11 18:00:00,392.0
2026-03-11 18:15:00,395.0
2026-03-11 18:30:00,406.0
2026-03-11 18:45:00,395.0
2026-03-11 19:00:00,392.0
2026-03-11 19:15:00,392.0
2026-03-11 19:30:00,392.0
2026-03-11 19:45:00,392.0
2026-03-11 20:00:00,392.0
2026-03-11 20:15:00,392.0
2026-03-11 20:30:00,392.0
2026-03-11 20:45:00,392.0
2026-03-11 21:00:00,391.0
2026-03-11 21:15:00,392.0
2026-03-11 21:30:00,392.0
2026-03-11 21:45:00,391.0
2026-03-11 22:00:00,388.0
2026-03-11 22:15:00,391.0
2026-03-11 22:30:00,392.0
2026-03-11 22:45:00,391.0
2026-03-11 23:00:00,391.0
2026-03-11 23:15:00,392.0
2026-03-11 23:30:00,388.0
2026-03-11 23:45:00,386.0
2026-03-12 00:00:00,373.27
2026-03-12 00:15:00,377.26
2026-03-12 00:30:00,373.34
2026-03-12 00:45:00,373.29
2026-03-12 01:00:00,373.0
2026-03-12 01:15:00,371.03
2026-03-12 01:30:00,373.0
2026-03-12 01:45:00,369.43
2026-03-12 02:00:00,371.29
2026-03-12 02:15:00,371.55
2026-03-12 02:30:00,358.2
2026-03-12 02:45:00,357.54
2026-03-12 03:00:00,358.22
2026-03-12 03:15:00,358.23
2026-03-12 03:30:00,354.16
2026-03-12 03:45:00,357.4
2026-03-12 04:00:00,354.37
2026-03-12 04:15:00,354.5
2026-03-12 04:30:00,353.99
2026-03-12 04:45:00,352.51
2026-03-12 05:00:00,358.36
2026-03-12 05:15:00,358.32
2026-03-12 05:30:00,369.57
2026-03-12 05:45:00,370.1
2026-03-12 06:00:00,358.13
2026-03-12 06:15:00,371.24
2026-03-12 06:30:00,373.0
2026-03-12 06:45:00,377.0
2026-03-12 07:00:00,377.0
2026-03-12 07:15:00,377.0
2026-03-12 07:30:00,373.0
2026-03-12 07:45:00,359.0
2026-03-12 08:00:00,357.0
2026-03-12 08:15:00,353.0
2026-03-12 08:30:00,70.55
2026-03-12 08:45:00,9.95
2026-03-12 09:00:00,6.82
2026-03-12 09:15:00,5.64
2026-03-12 09:30:00,3.24
2026-03-12 09:45:00,7.19
2026-03-12 10:00:00,3.7
2026-03-12 10:15:00,3.69
2026-03-12 10:30:00,3.64
2026-03-12 10:45:00,4.57
2026-03-12 11:00:00,3.82
2026-03-12 11:15:00,1.43
2026-03-12 11:30:00,0.0
2026-03-12 11:45:00,0.0
2026-03-12 12:00:00,0.0
2026-03-12 12:15:00,1.53
2026-03-12 12:30:00,1.39
2026-03-12 12:45:00,5.87
2026-03-12 13:00:00,5.54
2026-03-12 13:15:00,1.7
2026-03-12 13:30:00,1.67
2026-03-12 13:45:00,1.66
2026-03-12 14:00:00,1.6
2026-03-12 14:15:00,1.48
2026-03-12 14:30:00,5.51
2026-03-12 14:45:00,5.17
2026-03-12 15:00:00,5.6
2026-03-12 15:15:00,9.82
2026-03-12 15:30:00,5.32
2026-03-12 15:45:00,7.91
2026-03-12 16:00:00,11.64
2026-03-12 16:15:00,212.34
2026-03-12 16:30:00,369.09
2026-03-12 16:45:00,377.0
2026-03-12 17:00:00,379.0
2026-03-12 17:15:00,376.0
2026-03-12 17:30:00,377.0
2026-03-12 17:45:00,376.96
2026-03-12 18:00:00,377.75
2026-03-12 18:15:00,376.97
2026-03-12 18:30:00,378.96
2026-03-12 18:45:00,376.97
2026-03-12 19:00:00,376.97
2026-03-12 19:15:00,374.09
2026-03-12 19:30:00,373.0
2026-03-12 19:45:00,373.0
2026-03-12 20:00:00,374.93
2026-03-12 20:15:00,373.0
2026-03-12 20:30:00,374.09
2026-03-12 20:45:00,373.0
2026-03-12 21:00:00,371.12
2026-03-12 21:15:00,371.1
2026-03-12 21:30:00,371.0
2026-03-12 21:45:00,371.0
2026-03-12 22:00:00,373.0
2026-03-12 22:15:00,373.0
2026-03-12 22:30:00,371.0
2026-03-12 22:45:00,371.0
2026-03-12 23:00:00,371.0
2026-03-12 23:15:00,373.0
2026-03-12 23:30:00,377.0
2026-03-12 23:45:00,375.0
2026-03-13 00:00:00,377.0
2026-03-13 00:15:00,377.0
2026-03-13 00:30:00,377.0
2026-03-13 00:45:00,377.0
2026-03-13 01:00:00,377.0
2026-03-13 01:15:00,377.0
2026-03-13 01:30:00,377.0
2026-03-13 01:45:00,377.0
2026-03-13 02:00:00,377.0
2026-03-13 02:15:00,377.0
2026-03-13 02:30:00,377.0
2026-03-13 02:45:00,377.0
2026-03-13 03:00:00,377.0
2026-03-13 03:15:00,377.05
2026-03-13 03:30:00,377.0
2026-03-13 03:45:00,377.06
2026-03-13 04:00:00,377.0
2026-03-13 04:15:00,377.06
2026-03-13 04:30:00,377.05
2026-03-13 04:45:00,377.0
2026-03-13 05:00:00,379.0
2026-03-13 05:15:00,379.0
2026-03-13 05:30:00,378.99
2026-03-13 05:45:00,388.99
2026-03-13 06:00:00,379.0
2026-03-13 06:15:00,391.0
2026-03-13 06:30:00,393.0
2026-03-13 06:45:00,392.9
2026-03-13 07:00:00,396.81
2026-03-13 07:15:00,391.0
2026-03-13 07:30:00,391.0
2026-03-13 07:45:00,379.0
2026-03-13 08:00:00,377.0
2026-03-13 08:15:00,377.0
2026-03-13 08:30:00,357.0
2026-03-13 08:45:00,203.0
2026-03-13 09:00:00,40.2
2026-03-13 09:15:00,1.13
2026-03-13 09:30:00,3.42
2026-03-13 09:45:00,2.21
2026-03-13 10:00:00,2.16
2026-03-13 10:15:00,3.37
2026-03-13 10:30:00,2.35
2026-03-13 10:45:00,1.44
2026-03-13 11:00:00,2.34
2026-03-13 11:15:00,0.29
2026-03-13 11:30:00,0.0
2026-03-13 11:45:00,0.0
2026-03-13 12:00:00,0.34
2026-03-13 12:15:00,1.61
2026-03-13 12:30:00,1.62
2026-03-13 12:45:00,1.84
2026-03-13 13:00:00,1.9
2026-03-13 13:15:00,1.86
2026-03-13 13:30:00,1.89
2026-03-13 13:45:00,1.67
2026-03-13 14:00:00,0.39
2026-03-13 14:15:00,0.36
2026-03-13 14:30:00,0.37
2026-03-13 14:45:00,1.69
2026-03-13 15:00:00,1.6
2026-03-13 15:15:00,7.5
2026-03-13 15:30:00,6.96
2026-03-13 15:45:00,6.87
2026-03-13 16:00:00,6.01
2026-03-13 16:15:00,62.45
2026-03-13 16:30:00,357.0
2026-03-13 16:45:00,377.0
2026-03-13 17:00:00,379.0
2026-03-13 17:15:00,377.0
2026-03-13 17:30:00,388.74
2026-03-13 17:45:00,390.58
2026-03-13 18:00:00,392.39
2026-03-13 18:15:00,396.46
2026-03-13 18:30:00,396.5
2026-03-13 18:45:00,392.57
2026-03-13 19:00:00,390.84
2026-03-13 19:15:00,379.2
2026-03-13 19:30:00,379.29
2026-03-13 19:45:00,377.37
2026-03-13 20:00:00,391.03
2026-03-13 20:15:00,390.67
2026-03-13 20:30:00,381.06
2026-03-13 20:45:00,377.79
2026-03-13 21:00:00,376.86
2026-03-13 21:15:00,376.95
2026-03-13 21:30:00,376.97
2026-03-13 21:45:00,377.0
2026-03-13 22:00:00,377.0
2026-03-13 22:15:00,377.0
2026-03-13 22:30:00,377.0
2026-03-13 22:45:00,377.0
2026-03-13 23:00:00,379.0
2026-03-13 23:15:00,379.08
2026-03-13 23:30:00,377.0
2026-03-13 23:45:00,377.0
2026-03-14 00:00:00,388.48
2026-03-14 00:15:00,389.01
2026-03-14 00:30:00,377.71
2026-03-14 00:45:00,377.22
2026-03-14 01:00:00,377.23
2026-03-14 01:15:00,377.0
2026-03-14 01:30:00,373.0
2026-03-14 01:45:00,373.0
2026-03-14 02:00:00,377.0
2026-03-14 02:15:00,377.09
2026-03-14 02:30:00,376.0
2026-03-14 02:45:00,373.0
2026-03-14 03:00:00,373.0
2026-03-14 03:15:00,371.06
2026-03-14 03:30:00,371.0
2026-03-14 03:45:00,371.09
2026-03-14 04:00:00,371.08
2026-03-14 04:15:00,371.34
2026-03-14 04:30:00,371.36
2026-03-14 04:45:00,371.41
2026-03-14 05:00:00,373.1
2026-03-14 05:15:00,371.09
2026-03-14 05:30:00,371.38
2026-03-14 05:45:00,373.0
2026-03-14 06:00:00,373.05
2026-03-14 06:15:00,373.0
2026-03-14 06:30:00,375.0
2026-03-14 06:45:00,375.94
2026-03-14 07:00:00,375.94
2026-03-14 07:15:00,373.0
2026-03-14 07:30:00,371.0
2026-03-14 07:45:00,370.95
2026-03-14 08:00:00,370.95
2026-03-14 08:15:00,373.0
2026-03-14 08:30:00,359.0
2026-03-14 08:45:00,209.0
2026-03-14 09:00:00,109.0
2026-03-14 09:15:00,91.04
2026-03-14 09:30:00,82.15
2026-03-14 09:45:00,231.87
2026-03-14 10:00:00,212.57
2026-03-14 10:15:00,224.49
2026-03-14 10:30:00,201.55
2026-03-14 10:45:00,155.04
2026-03-14 11:00:00,147.63
2026-03-14 11:15:00,85.84
2026-03-14 11:30:00,86.48
2026-03-14 11:45:00,70.53
2026-03-14 12:00:00,66.95
2026-03-14 12:15:00,76.45
2026-03-14 12:30:00,73.41
2026-03-14 12:45:00,91.2
2026-03-14 13:00:00,114.78
2026-03-14 13:15:00,76.44
2026-03-14 13:30:00,56.0
2026-03-14 13:45:00,33.01
2026-03-14 14:00:00,20.28
2026-03-14 14:15:00,33.45
2026-03-14 14:30:00,77.93
2026-03-14 14:45:00,201.02
2026-03-14 15:00:00,209.84
2026-03-14 15:15:00,212.04
2026-03-14 15:30:00,356.14
2026-03-14 15:45:00,369.09
2026-03-14 16:00:00,377.0
2026-03-14 16:15:00,377.0
2026-03-14 16:30:00,379.0
2026-03-14 16:45:00,380.0
2026-03-14 17:00:00,379.0
2026-03-14 17:15:00,377.0
2026-03-14 17:30:00,377.0
2026-03-14 17:45:00,371.0
2026-03-14 18:00:00,373.0
2026-03-14 18:15:00,369.0
2026-03-14 18:30:00,369.6
2026-03-14 18:45:00,360.36
2026-03-14 19:00:00,356.62
2026-03-14 19:15:00,358.52
2026-03-14 19:30:00,360.31
2026-03-14 19:45:00,369.64
2026-03-14 20:00:00,372.18
2026-03-14 20:15:00,372.23
2026-03-14 20:30:00,373.1
2026-03-14 20:45:00,372.23
2026-03-14 21:00:00,371.33
2026-03-14 21:15:00,371.88
2026-03-14 21:30:00,369.64
2026-03-14 21:45:00,369.54
2026-03-14 22:00:00,369.0
2026-03-14 22:15:00,369.0
2026-03-14 22:30:00,357.0
2026-03-14 22:45:00,353.0
2026-03-14 23:00:00,350.0
2026-03-14 23:15:00,300.0
2026-03-14 23:30:00,207.0
2026-03-14 23:45:00,201.0
2026-03-15 00:00:00,356.0
2026-03-15 00:15:00,359.0
2026-03-15 00:30:00,369.0
2026-03-15 00:45:00,369.0
2026-03-15 01:00:00,369.0
2026-03-15 01:15:00,359.0
2026-03-15 01:30:00,353.0
2026-03-15 01:45:00,351.0
2026-03-15 02:00:00,349.0
2026-03-15 02:15:00,287.1
2026-03-15 02:30:00,287.1
2026-03-15 02:45:00,207.0
2026-03-15 03:00:00,207.0
2026-03-15 03:15:00,207.0
2026-03-15 03:30:00,287.1
2026-03-15 03:45:00,287.1
2026-03-15 04:00:00,239.0
2026-03-15 04:15:00,209.02
2026-03-15 04:30:00,209.53
2026-03-15 04:45:00,207.0
2026-03-15 05:00:00,206.0
2026-03-15 05:15:00,287.66
2026-03-15 05:30:00,280.0
2026-03-15 05:45:00,203.0
2026-03-15 06:00:00,206.0
2026-03-15 06:15:00,202.0
2026-03-15 06:30:00,203.0
2026-03-15 06:45:00,201.0
2026-03-15 07:00:00,203.0
2026-03-15 07:15:00,207.0
2026-03-15 07:30:00,277.56
2026-03-15 07:45:00,330.26
2026-03-15 08:00:00,351.05
2026-03-15 08:15:00,354.8
2026-03-15 08:30:00,366.2
2026-03-15 08:45:00,368.68
2026-03-15 09:00:00,356.9
2026-03-15 09:15:00,359.0
2026-03-15 09:30:00,369.0
2026-03-15 09:45:00,371.09
2026-03-15 10:00:00,369.66
2026-03-15 10:15:00,371.1
2026-03-15 10:30:00,369.64
2026-03-15 10:45:00,371.1
2026-03-15 11:00:00,369.19
2026-03-15 11:15:00,369.0
2026-03-15 11:30:00,369.0
2026-03-15 11:45:00,355.0
2026-03-15 12:00:00,369.0
2026-03-15 12:15:00,369.0
2026-03-15 12:30:00,369.0
2026-03-15 12:45:00,369.0
2026-03-15 13:00:00,369.0
2026-03-15 13:15:00,371.0
2026-03-15 13:30:00,371.0
2026-03-15 13:45:00,371.0
2026-03-15 14:00:00,371.0
2026-03-15 14:15:00,371.0
2026-03-15 14:30:00,371.0
2026-03-15 14:45:00,371.0
2026-03-15 15:00:00,371.0
2026-03-15 15:15:00,372.86
2026-03-15 15:30:00,372.86
2026-03-15 15:45:00,374.72
2026-03-15 16:00:00,374.74
2026-03-15 16:15:00,372.86
2026-03-15 16:30:00,371.0
2026-03-15 16:45:00,371.0
2026-03-15 17:00:00,371.0
2026-03-15 17:15:00,371.0
2026-03-15 17:30:00,371.0
2026-03-15 17:45:00,369.0
2026-03-15 18:00:00,371.0
2026-03-15 18:15:00,368.26
2026-03-15 18:30:00,368.27
2026-03-15 18:45:00,368.47
2026-03-15 19:00:00,356.6
2026-03-15 19:15:00,348.12
2026-03-15 19:30:00,349.79
2026-03-15 19:45:00,344.75
2026-03-15 20:00:00,367.85
2026-03-15 20:15:00,365.63
2026-03-15 20:30:00,362.33
2026-03-15 20:45:00,362.25
2026-03-15 21:00:00,364.24
2026-03-15 21:15:00,362.33
2026-03-15 21:30:00,361.19
2026-03-15 21:45:00,358.74
2026-03-15 22:00:00,361.82
2026-03-15 22:15:00,361.7
2026-03-15 22:30:00,359.35
2026-03-15 22:45:00,349.67
2026-03-15 23:00:00,359.27
2026-03-15 23:15:00,342.1
2026-03-15 23:30:00,339.91
2026-03-15 23:45:00,336.97
2026-03-16 00:00:00,358.79
2026-03-16 00:15:00,370.16
2026-03-16 00:30:00,371.0
2026-03-16 00:45:00,372.86
2026-03-16 01:00:00,372.86
2026-03-16 01:15:00,372.85
2026-03-16 01:30:00,372.85
2026-03-16 01:45:00,371.0
2026-03-16 02:00:00,371.0
2026-03-16 02:15:00,371.01
2026-03-16 02:30:00,369.01
2026-03-16 02:45:00,369.01
2026-03-16 03:00:00,369.0
2026-03-16 03:15:00,369.0
2026-03-16 03:30:00,369.0
2026-03-16 03:45:00,369.02
2026-03-16 04:00:00,369.02
2026-03-16 04:15:00,369.02
2026-03-16 04:30:00,371.01
2026-03-16 04:45:00,369.01
2026-03-16 05:00:00,371.01
2026-03-16 05:15:00,371.0
2026-03-16 05:30:00,371.0
2026-03-16 05:45:00,371.0
2026-03-16 06:00:00,369.0
2026-03-16 06:15:00,369.0
2026-03-16 06:30:00,371.0
2026-03-16 06:45:00,371.0
2026-03-16 07:00:00,375.0
2026-03-16 07:15:00,375.92
2026-03-16 07:30:00,377.0
2026-03-16 07:45:00,377.0
2026-03-16 08:00:00,376.89
2026-03-16 08:15:00,375.51
2026-03-16 08:30:00,375.51
2026-03-16 08:45:00,376.9
2026-03-16 09:00:00,376.92
2026-03-16 09:15:00,378.89
2026-03-16 09:30:00,378.89
2026-03-16 09:45:00,378.89
2026-03-16 10:00:00,376.92
2026-03-16 10:15:00,378.87
2026-03-16 10:30:00,378.87
2026-03-16 10:45:00,378.89
2026-03-16 11:00:00,378.88
2026-03-16 11:15:00,376.92
2026-03-16 11:30:00,376.92
2026-03-16 11:45:00,374.94
2026-03-16 12:00:00,374.71
2026-03-16 12:15:00,374.74
2026-03-16 12:30:00,374.72
2026-03-16 12:45:00,375.74
2026-03-16 13:00:00,376.72
2026-03-16 13:15:00,375.94
2026-03-16 13:30:00,374.92
2026-03-16 13:45:00,374.92
2026-03-16 14:00:00,372.75
2026-03-16 14:15:00,372.83
2026-03-16 14:30:00,372.82
2026-03-16 14:45:00,372.83
2026-03-16 15:00:00,372.83
2026-03-16 15:15:00,374.91
2026-03-16 15:30:00,374.92
2026-03-16 15:45:00,374.91
2026-03-16 16:00:00,375.93
2026-03-16 16:15:00,374.91
2026-03-16 16:30:00,374.91
2026-03-16 16:45:00,375.53
2026-03-16 17:00:00,376.92
2026-03-16 17:15:00,375.92
2026-03-16 17:30:00,374.93
2026-03-16 17:45:00,370.7
2026-03-16 18:00:00,372.81
2026-03-16 18:15:00,372.83
2026-03-16 18:30:00,372.82
2026-03-16 18:45:00,370.74
2026-03-16 19:00:00,370.72
2026-03-16 19:15:00,370.64
2026-03-16 19:30:00,368.74
2026-03-16 19:45:00,369.0
2026-03-16 20:00:00,372.81
2026-03-16 20:15:00,371.0
2026-03-16 20:30:00,374.94
2026-03-16 20:45:00,372.97
2026-03-16 21:00:00,372.97
2026-03-16 21:15:00,372.97
2026-03-16 21:30:00,372.97
2026-03-16 21:45:00,372.81
2026-03-16 22:00:00,370.71
2026-03-16 22:15:00,370.7
2026-03-16 22:30:00,370.7
2026-03-16 22:45:00,369.72
2026-03-16 23:00:00,368.73
2026-03-16 23:15:00,368.73
2026-03-16 23:30:00,356.91
2026-03-16 23:45:00,355.53
2026-03-17 00:00:00,359.0
2026-03-17 00:15:00,365.39
2026-03-17 00:30:00,357.02
2026-03-17 00:45:00,355.0
2026-03-17 01:00:00,369.01
2026-03-17 01:15:00,359.05
2026-03-17 01:30:00,357.03
2026-03-17 01:45:00,355.02
2026-03-17 02:00:00,355.01
2026-03-17 02:15:00,355.05
2026-03-17 02:30:00,352.03
2026-03-17 02:45:00,351.1
2026-03-17 03:00:00,349.18
2026-03-17 03:15:00,332.36
2026-03-17 03:30:00,319.28
2026-03-17 03:45:00,286.83
2026-03-17 04:00:00,295.49
2026-03-17 04:15:00,295.51
2026-03-17 04:30:00,295.43
2026-03-17 04:45:00,286.69
2026-03-17 05:00:00,286.87
2026-03-17 05:15:00,295.31
2026-03-17 05:30:00,349.11
2026-03-17 05:45:00,352.12
2026-03-17 06:00:00,353.04
2026-03-17 06:15:00,353.0
2026-03-17 06:30:00,354.96
2026-03-17 06:45:00,356.98
2026-03-17 07:00:00,368.38
2026-03-17 07:15:00,367.99
2026-03-17 07:30:00,372.28
2026-03-17 07:45:00,369.78
2026-03-17 08:00:00,373.97
2026-03-17 08:15:00,373.1
2026-03-17 08:30:00,373.2
2026-03-17 08:45:00,374.32
2026-03-17 09:00:00,375.48
2026-03-17 09:15:00,375.6
2026-03-17 09:30:00,375.71
2026-03-17 09:45:00,377.75
2026-03-17 10:00:00,382.56
2026-03-17 10:15:00,384.4
2026-03-17 10:30:00,383.68
2026-03-17 10:45:00,388.88
2026-03-17 11:00:00,388.94
2026-03-17 11:15:00,389.16
2026-03-17 11:30:00,387.15
2026-03-17 11:45:00,376.83
2026-03-17 12:00:00,381.39
2026-03-17 12:15:00,390.47
2026-03-17 12:30:00,382.06
2026-03-17 12:45:00,379.17
2026-03-17 13:00:00,377.35
2026-03-17 13:15:00,379.23
2026-03-17 13:30:00,376.06
2026-03-17 13:45:00,375.46
2026-03-17 14:00:00,375.15
2026-03-17 14:15:00,373.51
2026-03-17 14:30:00,373.36
2026-03-17 14:45:00,374.09
2026-03-17 15:00:00,373.4
2026-03-17 15:15:00,373.3
2026-03-17 15:30:00,371.33
2026-03-17 15:45:00,372.97
2026-03-17 16:00:00,372.97
2026-03-17 16:15:00,372.97
2026-03-17 16:30:00,372.97
2026-03-17 16:45:00,372.97
2026-03-17 17:00:00,371.0
2026-03-17 17:15:00,371.0
2026-03-17 17:30:00,369.0
2026-03-17 17:45:00,359.0
2026-03-17 18:00:00,357.0
2026-03-17 18:15:00,369.0
2026-03-17 18:30:00,369.0
2026-03-17 18:45:00,369.0
2026-03-17 19:00:00,359.0
2026-03-17 19:15:00,359.0
2026-03-17 19:30:00,357.0
2026-03-17 19:45:00,359.0
2026-03-17 20:00:00,369.0
2026-03-17 20:15:00,369.0
2026-03-17 20:30:00,371.0
2026-03-17 20:45:00,371.0
2026-03-17 21:00:00,371.0
2026-03-17 21:15:00,371.0
2026-03-17 21:30:00,369.0
2026-03-17 21:45:00,371.0
2026-03-17 22:00:00,369.0
2026-03-17 22:15:00,359.0
2026-03-17 22:30:00,357.0
2026-03-17 22:45:00,356.89
2026-03-17 23:00:00,355.94
2026-03-17 23:15:00,356.81
2026-03-17 23:30:00,354.89
2026-03-17 23:45:00,352.78
2026-03-18 00:00:00,223.75
2026-03-18 00:15:00,295.17
2026-03-18 00:30:00,224.32
2026-03-18 00:45:00,223.19
2026-03-18 01:00:00,280.01
2026-03-18 01:15:00,266.14
2026-03-18 01:30:00,260.15
2026-03-18 01:45:00,223.25
2026-03-18 02:00:00,280.14
2026-03-18 02:15:00,280.26
2026-03-18 02:30:00,228.36
2026-03-18 02:45:00,270.21
2026-03-18 03:00:00,295.26
2026-03-18 03:15:00,300.27
2026-03-18 03:30:00,363.1
2026-03-18 03:45:00,363.18
2026-03-18 04:00:00,365.3
2026-03-18 04:15:00,365.29
2026-03-18 04:30:00,367.27
2026-03-18 04:45:00,373.04
2026-03-18 05:00:00,383.02
2026-03-18 05:15:00,383.01
2026-03-18 05:30:00,383.0
2026-03-18 05:45:00,383.99
2026-03-18 06:00:00,382.98
2026-03-18 06:15:00,382.99
2026-03-18 06:30:00,384.99
2026-03-18 06:45:00,383.0
2026-03-18 07:00:00,384.84
2026-03-18 07:15:00,384.84
2026-03-18 07:30:00,383.72
2026-03-18 07:45:00,384.85
2026-03-18 08:00:00,387.89
2026-03-18 08:15:00,389.0
2026-03-18 08:30:00,389.0
2026-03-18 08:45:00,391.0
2026-03-18 09:00:00,390.98
2026-03-18 09:15:00,390.98
2026-03-18 09:30:00,389.1
2026-03-18 09:45:00,391.7
2026-03-18 10:00:00,391.74
2026-03-18 10:15:00,392.42
2026-03-18 10:30:00,392.75
2026-03-18 10:45:00,393.31
2026-03-18 11:00:00,393.67
2026-03-18 11:15:00,401.65
2026-03-18 11:30:00,392.32
2026-03-18 11:45:00,385.24
2026-03-18 12:00:00,384.22
2026-03-18 12:15:00,349.49
2026-03-18 12:30:00,223.9
2026-03-18 12:45:00,151.52
2026-03-18 13:00:00,70.48
2026-03-18 13:15:00,68.53
2026-03-18 13:30:00,49.69
2026-03-18 13:45:00,5.7
2026-03-18 14:00:00,5.44
2026-03-18 14:15:00,5.68
2026-03-18 14:30:00,3.19
2026-03-18 14:45:00,3.09
2026-03-18 15:00:00,5.85
2026-03-18 15:15:00,6.59
2026-03-18 15:30:00,6.35
2026-03-18 15:45:00,6.81
2026-03-18 16:00:00,7.23
2026-03-18 16:15:00,10.26
2026-03-18 16:30:00,12.67
2026-03-18 16:45:00,79.65
2026-03-18 17:00:00,222.52
2026-03-18 17:15:00,228.5
2026-03-18 17:30:00,293.94
2026-03-18 17:45:00,335.37
2026-03-18 18:00:00,364.36
2026-03-18 18:15:00,371.9
2026-03-18 18:30:00,371.87
2026-03-18 18:45:00,373.0
2026-03-18 19:00:00,371.0
2026-03-18 19:15:00,371.0
2026-03-18 19:30:00,373.0
2026-03-18 19:45:00,371.0
2026-03-18 20:00:00,380.0
2026-03-18 20:15:00,383.0
2026-03-18 20:30:00,383.88
2026-03-18 20:45:00,385.0
2026-03-18 21:00:00,384.0
2026-03-18 21:15:00,384.0
2026-03-18 21:30:00,383.0
2026-03-18 21:45:00,383.0
2026-03-18 22:00:00,373.0
2026-03-18 22:15:00,371.0
2026-03-18 22:30:00,383.0
2026-03-18 22:45:00,383.0
2026-03-18 23:00:00,385.0
2026-03-18 23:15:00,383.0
2026-03-18 23:30:00,373.0
2026-03-18 23:45:00,371.0
2026-03-19 00:00:00,383.0
2026-03-19 00:15:00,385.03
2026-03-19 00:30:00,383.05
2026-03-19 00:45:00,383.0
2026-03-19 01:00:00,374.0
2026-03-19 01:15:00,371.0
2026-03-19 01:30:00,371.0
2026-03-19 01:45:00,368.01
2026-03-19 02:00:00,365.0
2026-03-19 02:15:00,366.01
2026-03-19 02:30:00,364.02
2026-03-19 02:45:00,300.0
2026-03-19 03:00:00,363.03
2026-03-19 03:15:00,363.03
2026-03-19 03:30:00,294.27
2026-03-19 03:45:00,290.06
2026-03-19 04:00:00,293.93
2026-03-19 04:15:00,290.48
2026-03-19 04:30:00,294.41
2026-03-19 04:45:00,270.6
2026-03-19 05:00:00,290.59
2026-03-19 05:15:00,290.52
2026-03-19 05:30:00,295.4
2026-03-19 05:45:00,332.0
2026-03-19 06:00:00,332.25
2026-03-19 06:15:00,365.02
2026-03-19 06:30:00,371.11
2026-03-19 06:45:00,373.0
2026-03-19 07:00:00,383.0
2026-03-19 07:15:00,369.0
2026-03-19 07:30:00,300.0
2026-03-19 07:45:00,270.0
2026-03-19 08:00:00,364.0
2026-03-19 08:15:00,365.0
2026-03-19 08:30:00,293.9
2026-03-19 08:45:00,215.0
2026-03-19 09:00:00,203.05
2026-03-19 09:15:00,156.41
2026-03-19 09:30:00,303.61
2026-03-19 09:45:00,272.1
2026-03-19 10:00:00,272.45
2026-03-19 10:15:00,285.55
2026-03-19 10:30:00,268.14
2026-03-19 10:45:00,336.7
2026-03-19 11:00:00,293.99
2026-03-19 11:15:00,269.24
2026-03-19 11:30:00,215.84
2026-03-19 11:45:00,70.86
2026-03-19 12:00:00,122.54
2026-03-19 12:15:00,146.98
2026-03-19 12:30:00,110.81
2026-03-19 12:45:00,121.91
2026-03-19 13:00:00,359.55
2026-03-19 13:15:00,372.26
2026-03-19 13:30:00,377.03
2026-03-19 13:45:00,378.17
2026-03-19 14:00:00,382.46
2026-03-19 14:15:00,382.04
2026-03-19 14:30:00,382.31
2026-03-19 14:45:00,381.66
2026-03-19 15:00:00,384.58
2026-03-19 15:15:00,389.08
2026-03-19 15:30:00,390.28
2026-03-19 15:45:00,390.22
2026-03-19 16:00:00,390.12
2026-03-19 16:15:00,389.95
2026-03-19 16:30:00,390.31
2026-03-19 16:45:00,390.09
2026-03-19 17:00:00,388.99
2026-03-19 17:15:00,389.72
2026-03-19 17:30:00,388.42
2026-03-19 17:45:00,387.65
2026-03-19 18:00:00,385.56
2026-03-19 18:15:00,385.78
2026-03-19 18:30:00,385.71
2026-03-19 18:45:00,385.78
2026-03-19 19:00:00,384.8
2026-03-19 19:15:00,384.61
2026-03-19 19:30:00,384.65
2026-03-19 19:45:00,384.61
2026-03-19 20:00:00,385.66
2026-03-19 20:15:00,385.51
2026-03-19 20:30:00,385.45
2026-03-19 20:45:00,387.47
2026-03-19 21:00:00,387.66
2026-03-19 21:15:00,389.61
2026-03-19 21:30:00,389.56
2026-03-19 21:45:00,387.09
2026-03-19 22:00:00,385.04
2026-03-19 22:15:00,387.0
2026-03-19 22:30:00,386.0
2026-03-19 22:45:00,385.0
2026-03-19 23:00:00,385.0
2026-03-19 23:15:00,383.0
2026-03-19 23:30:00,371.0
2026-03-19 23:45:00,365.0
2026-03-20 00:00:00,382.16
2026-03-20 00:15:00,384.15
2026-03-20 00:30:00,382.16
2026-03-20 00:45:00,383.16
2026-03-20 01:00:00,382.16
2026-03-20 01:15:00,370.18
2026-03-20 01:30:00,365.19
2026-03-20 01:45:00,363.2
2026-03-20 02:00:00,365.19
2026-03-20 02:15:00,364.2
2026-03-20 02:30:00,365.19
2026-03-20 02:45:00,363.2
2026-03-20 03:00:00,364.2
2026-03-20 03:15:00,364.2
2026-03-20 03:30:00,331.27
2026-03-20 03:45:00,362.2
2026-03-20 04:00:00,299.34
2026-03-20 04:15:00,299.34
2026-03-20 04:30:00,364.2
2026-03-20 04:45:00,364.2
2026-03-20 05:00:00,301.34
2026-03-20 05:15:00,362.2
2026-03-20 05:30:00,364.2
2026-03-20 05:45:00,366.19
2026-03-20 06:00:00,370.18
2026-03-20 06:15:00,370.18
2026-03-20 06:30:00,383.16
2026-03-20 06:45:00,384.15
2026-03-20 07:00:00,384.15
2026-03-20 07:15:00,385.15
2026-03-20 07:30:00,385.15
2026-03-20 07:45:00,385.15
2026-03-20 08:00:00,388.14
2026-03-20 08:15:00,390.14
2026-03-20 08:30:00,390.14
2026-03-20 08:45:00,395.4
2026-03-20 09:00:00,401.28
2026-03-20 09:15:00,488.95
2026-03-20 09:30:00,636.14
2026-03-20 09:45:00,655.3
2026-03-20 10:00:00,497.66
2026-03-20 10:15:00,651.86
2026-03-20 10:30:00,633.49
2026-03-20 10:45:00,618.24
2026-03-20 11:00:00,485.92
2026-03-20 11:15:00,406.11
2026-03-20 11:30:00,399.06
2026-03-20 11:45:00,382.54
2026-03-20 12:00:00,402.31
2026-03-20 12:15:00,614.16
2026-03-20 12:30:00,454.84
2026-03-20 12:45:00,410.85
2026-03-20 13:00:00,344.26
2026-03-20 13:15:00,346.74
2026-03-20 13:30:00,282.34
2026-03-20 13:45:00,271.71
2026-03-20 14:00:00,270.15
2026-03-20 14:15:00,194.42
2026-03-20 14:30:00,203.04
2026-03-20 14:45:00,87.12
2026-03-20 15:00:00,125.35
2026-03-20 15:15:00,200.47
2026-03-20 15:30:00,266.65
2026-03-20 15:45:00,273.85
2026-03-20 16:00:00,264.8
2026-03-20 16:15:00,336.25
2026-03-20 16:30:00,353.27
2026-03-20 16:45:00,379.52
2026-03-20 17:00:00,371.97
2026-03-20 17:15:00,355.39
2026-03-20 17:30:00,379.96
2026-03-20 17:45:00,382.44
2026-03-20 18:00:00,383.45
2026-03-20 18:15:00,384.3
2026-03-20 18:30:00,384.18
2026-03-20 18:45:00,384.29
2026-03-20 19:00:00,384.12
2026-03-20 19:15:00,384.11
2026-03-20 19:30:00,383.92
2026-03-20 19:45:00,381.01
2026-03-20 20:00:00,380.85
2026-03-20 20:15:00,380.72
2026-03-20 20:30:00,380.75
2026-03-20 20:45:00,381.4
2026-03-20 21:00:00,382.59
2026-03-20 21:15:00,386.15
2026-03-20 21:30:00,379.56
2026-03-20 21:45:00,385.15
2026-03-20 22:00:00,384.15
2026-03-20 22:15:00,384.15
2026-03-20 22:30:00,384.15
2026-03-20 22:45:00,383.16
2026-03-20 23:00:00,382.16
2026-03-20 23:15:00,382.16
2026-03-20 23:30:00,365.19
2026-03-20 23:45:00,299.34
2026-03-21 00:00:00,383.0
2026-03-21 00:15:00,384.0
2026-03-21 00:30:00,383.0
2026-03-21 00:45:00,374.0
2026-03-21 01:00:00,371.0
2026-03-21 01:15:00,366.0
2026-03-21 01:30:00,380.0
2026-03-21 01:45:00,373.0
2026-03-21 02:00:00,383.0
2026-03-21 02:15:00,385.0
2026-03-21 02:30:00,385.0
2026-03-21 02:45:00,383.01
2026-03-21 03:00:00,383.0
2026-03-21 03:15:00,383.0
2026-03-21 03:30:00,383.01
2026-03-21 03:45:00,383.0
2026-03-21 04:00:00,383.0
2026-03-21 04:15:00,383.01
2026-03-21 04:30:00,383.0
2026-03-21 04:45:00,383.0
2026-03-21 05:00:00,373.0
2026-03-21 05:15:00,383.01
2026-03-21 05:30:00,383.01
2026-03-21 05:45:00,385.0
2026-03-21 06:00:00,385.0
2026-03-21 06:15:00,385.0
2026-03-21 06:30:00,386.0
2026-03-21 06:45:00,386.0
2026-03-21 07:00:00,386.0
2026-03-21 07:15:00,386.0
2026-03-21 07:30:00,386.0
2026-03-21 07:45:00,385.0
2026-03-21 08:00:00,383.0
2026-03-21 08:15:00,383.0
2026-03-21 08:30:00,250.0
2026-03-21 08:45:00,190.0
2026-03-21 09:00:00,102.0
2026-03-21 09:15:00,66.56
2026-03-21 09:30:00,28.71
2026-03-21 09:45:00,3.85
2026-03-21 10:00:00,3.48
2026-03-21 10:15:00,3.53
2026-03-21 10:30:00,3.02
2026-03-21 10:45:00,3.88
2026-03-21 11:00:00,3.06
2026-03-21 11:15:00,4.04
2026-03-21 11:30:00,1.29
2026-03-21 11:45:00,0.84
2026-03-21 12:00:00,2.04
2026-03-21 12:15:00,2.33
2026-03-21 12:30:00,2.0
2026-03-21 12:45:00,8.41
2026-03-21 13:00:00,9.47
2026-03-21 13:15:00,9.23
2026-03-21 13:30:00,10.01
2026-03-21 13:45:00,9.78
2026-03-21 14:00:00,10.27
2026-03-21 14:15:00,9.89
2026-03-21 14:30:00,11.76
2026-03-21 14:45:00,12.1
2026-03-21 15:00:00,12.3
2026-03-21 15:15:00,11.61
2026-03-21 15:30:00,11.58
2026-03-21 15:45:00,10.81
2026-03-21 16:00:00,35.68
2026-03-21 16:15:00,215.53
2026-03-21 16:30:00,258.43
2026-03-21 16:45:00,374.06
2026-03-21 17:00:00,385.77
2026-03-21 17:15:00,382.57
2026-03-21 17:30:00,383.72
2026-03-21 17:45:00,386.91
2026-03-21 18:00:00,386.91
2026-03-21 18:15:00,388.72
2026-03-21 18:30:00,388.74
2026-03-21 18:45:00,386.86
2026-03-21 19:00:00,386.84
2026-03-21 19:15:00,386.84
2026-03-21 19:30:00,385.91
2026-03-21 19:45:00,385.35
2026-03-21 20:00:00,386.82
2026-03-21 20:15:00,387.01
2026-03-21 20:30:00,388.93
2026-03-21 20:45:00,388.93
2026-03-21 21:00:00,389.73
2026-03-21 21:15:00,390.96
2026-03-21 21:30:00,391.0
2026-03-21 21:45:00,391.0
2026-03-21 22:00:00,391.0
2026-03-21 22:15:00,391.0
2026-03-21 22:30:00,391.0
2026-03-21 22:45:00,389.0
2026-03-21 23:00:00,389.0
2026-03-21 23:15:00,387.0
2026-03-21 23:30:00,391.0
2026-03-21 23:45:00,389.0
2026-03-22 00:00:00,390.95
2026-03-22 00:15:00,390.95
2026-03-22 00:30:00,390.96
2026-03-22 00:45:00,389.0
2026-03-22 01:00:00,387.0
2026-03-22 01:15:00,387.0
2026-03-22 01:30:00,387.0
2026-03-22 01:45:00,386.0
2026-03-22 02:00:00,386.0
2026-03-22 02:15:00,386.0
2026-03-22 02:30:00,386.0
2026-03-22 02:45:00,385.0
2026-03-22 03:00:00,386.0
2026-03-22 03:15:00,386.0
2026-03-22 03:30:00,386.0
2026-03-22 03:45:00,386.0
2026-03-22 04:00:00,385.0
2026-03-22 04:15:00,385.0
2026-03-22 04:30:00,385.0
2026-03-22 04:45:00,385.0
2026-03-22 05:00:00,385.0
2026-03-22 05:15:00,385.0
2026-03-22 05:30:00,386.0
2026-03-22 05:45:00,386.0
2026-03-22 06:00:00,386.0
2026-03-22 06:15:00,386.0
2026-03-22 06:30:00,386.0
2026-03-22 06:45:00,385.0
2026-03-22 07:00:00,387.0
2026-03-22 07:15:00,387.0
2026-03-22 07:30:00,386.0
2026-03-22 07:45:00,386.0
2026-03-22 08:00:00,386.0
2026-03-22 08:15:00,387.0
2026-03-22 08:30:00,385.0
2026-03-22 08:45:00,365.72
2026-03-22 09:00:00,219.0
2026-03-22 09:15:00,80.21
2026-03-22 09:30:00,56.89
2026-03-22 09:45:00,4.74
2026-03-22 10:00:00,25.98
2026-03-22 10:15:00,18.58
2026-03-22 10:30:00,4.43
2026-03-22 10:45:00,4.62
2026-03-22 11:00:00,4.53
2026-03-22 11:15:00,5.04
2026-03-22 11:30:00,5.36
2026-03-22 11:45:00,4.91
2026-03-22 12:00:00,8.42
2026-03-22 12:15:00,5.1
2026-03-22 12:30:00,4.77
2026-03-22 12:45:00,5.73
2026-03-22 13:00:00,5.25
2026-03-22 13:15:00,5.01
2026-03-22 13:30:00,5.29
2026-03-22 13:45:00,5.12
2026-03-22 14:00:00,4.98
2026-03-22 14:15:00,4.81
2026-03-22 14:30:00,4.85
2026-03-22 14:45:00,5.13
2026-03-22 15:00:00,63.75
2026-03-22 15:15:00,158.82
2026-03-22 15:30:00,208.06
2026-03-22 15:45:00,370.25
2026-03-22 16:00:00,385.24
2026-03-22 16:15:00,387.1
2026-03-22 16:30:00,387.04
2026-03-22 16:45:00,387.0
2026-03-22 17:00:00,389.0
2026-03-22 17:15:00,387.0
2026-03-22 17:30:00,389.0
2026-03-22 17:45:00,387.0
2026-03-22 18:00:00,387.0
2026-03-22 18:15:00,387.0
2026-03-22 18:30:00,387.02
2026-03-22 18:45:00,387.03
2026-03-22 19:00:00,385.91
2026-03-22 19:15:00,387.0
2026-03-22 19:30:00,387.0
2026-03-22 19:45:00,387.0
2026-03-22 20:00:00,387.0
2026-03-22 20:15:00,387.0
2026-03-22 20:30:00,389.0
2026-03-22 20:45:00,391.0
2026-03-22 21:00:00,391.0
2026-03-22 21:15:00,391.0
2026-03-22 21:30:00,391.0
2026-03-22 21:45:00,391.0
2026-03-22 22:00:00,389.0
2026-03-22 22:15:00,389.0
2026-03-22 22:30:00,389.0
2026-03-22 22:45:00,388.0
2026-03-22 23:00:00,389.0
2026-03-22 23:15:00,389.0
2026-03-22 23:30:00,389.0
2026-03-22 23:45:00,387.0
2026-03-23 00:00:00,378.0
2026-03-23 00:15:00,378.0
2026-03-23 00:30:00,376.87
2026-03-23 00:45:00,378.0
2026-03-23 01:00:00,378.0
2026-03-23 01:15:00,376.0
2026-03-23 01:30:00,376.0
2026-03-23 01:45:00,376.0
2026-03-23 02:00:00,390.0
2026-03-23 02:15:00,389.0
2026-03-23 02:30:00,378.0
2026-03-23 02:45:00,378.0
2026-03-23 03:00:00,389.0
2026-03-23 03:15:00,388.0
2026-03-23 03:30:00,388.0
2026-03-23 03:45:00,390.0
2026-03-23 04:00:00,380.0
2026-03-23 04:15:00,388.0
2026-03-23 04:30:00,389.0
2026-03-23 04:45:00,389.0
2026-03-23 05:00:00,390.0
2026-03-23 05:15:00,390.0
2026-03-23 05:30:00,390.0
2026-03-23 05:45:00,390.0
2026-03-23 06:00:00,389.0
2026-03-23 06:15:00,389.0
2026-03-23 06:30:00,378.0
2026-03-23 06:45:00,378.0
2026-03-23 07:00:00,376.0
2026-03-23 07:15:00,376.0
2026-03-23 07:30:00,376.0
2026-03-23 07:45:00,378.0
2026-03-23 08:00:00,378.0
2026-03-23 08:15:00,376.0
2026-03-23 08:30:00,376.0
2026-03-23 08:45:00,376.0
2026-03-23 09:00:00,376.32
2026-03-23 09:15:00,377.0
2026-03-23 09:30:00,375.18
2026-03-23 09:45:00,372.97
2026-03-23 10:00:00,375.04
2026-03-23 10:15:00,375.01
2026-03-23 10:30:00,374.24
2026-03-23 10:45:00,374.72
2026-03-23 11:00:00,374.81
2026-03-23 11:15:00,373.4
2026-03-23 11:30:00,373.68
2026-03-23 11:45:00,372.75
2026-03-23 12:00:00,372.41
2026-03-23 12:15:00,371.09
2026-03-23 12:30:00,371.0
2026-03-23 12:45:00,365.28
2026-03-23 13:00:00,366.16
2026-03-23 13:15:00,370.78
2026-03-23 13:30:00,373.75
2026-03-23 13:45:00,376.02
2026-03-23 14:00:00,372.56
2026-03-23 14:15:00,371.23
2026-03-23 14:30:00,371.13
2026-03-23 14:45:00,371.0
2026-03-23 15:00:00,371.0
2026-03-23 15:15:00,372.0
2026-03-23 15:30:00,372.0
2026-03-23 15:45:00,371.19
2026-03-23 16:00:00,372.18
2026-03-23 16:15:00,372.13
2026-03-23 16:30:00,378.11
2026-03-23 16:45:00,376.1
2026-03-23 17:00:00,376.98
2026-03-23 17:15:00,376.06
2026-03-23 17:30:00,375.99
2026-03-23 17:45:00,373.96
2026-03-23 18:00:00,372.01
2026-03-23 18:15:00,373.0
2026-03-23 18:30:00,372.0
2026-03-23 18:45:00,373.0
2026-03-23 19:00:00,372.0
2026-03-23 19:15:00,371.0
2026-03-23 19:30:00,372.0
2026-03-23 19:45:00,371.0
2026-03-23 20:00:00,366.99
2026-03-23 20:15:00,365.88
2026-03-23 20:30:00,370.58
2026-03-23 20:45:00,365.96
2026-03-23 21:00:00,365.99
2026-03-23 21:15:00,364.76
2026-03-23 21:30:00,363.57
2026-03-23 21:45:00,370.0
2026-03-23 22:00:00,348.23
2026-03-23 22:15:00,346.16
2026-03-23 22:30:00,344.25
2026-03-23 22:45:00,348.44
2026-03-23 23:00:00,350.59
2026-03-23 23:15:00,360.58
2026-03-23 23:30:00,341.58
2026-03-23 23:45:00,337.76
2026-03-24 00:00:00,352.0
2026-03-24 00:15:00,356.86
2026-03-24 00:30:00,352.73
2026-03-24 00:45:00,334.85
2026-03-24 01:00:00,352.82
2026-03-24 01:15:00,225.21
2026-03-24 01:30:00,213.18
2026-03-24 01:45:00,345.1
2026-03-24 02:00:00,353.69
2026-03-24 02:15:00,329.92
2026-03-24 02:30:00,284.56
2026-03-24 02:45:00,254.49
2026-03-24 03:00:00,301.12
2026-03-24 03:15:00,300.09
2026-03-24 03:30:00,268.41
2026-03-24 03:45:00,250.72
2026-03-24 04:00:00,268.43
2026-03-24 04:15:00,250.73
2026-03-24 04:30:00,288.7
2026-03-24 04:45:00,281.96
2026-03-24 05:00:00,347.49
2026-03-24 05:15:00,347.34
2026-03-24 05:30:00,348.38
2026-03-24 05:45:00,352.84
2026-03-24 06:00:00,353.95
2026-03-24 06:15:00,369.34
2026-03-24 06:30:00,371.28
2026-03-24 06:45:00,371.25
2026-03-24 07:00:00,371.97
2026-03-24 07:15:00,372.77
2026-03-24 07:30:00,365.46
2026-03-24 07:45:00,372.65
2026-03-24 08:00:00,373.94
2026-03-24 08:15:00,372.92
2026-03-24 08:30:00,375.12
2026-03-24 08:45:00,375.61
2026-03-24 09:00:00,376.94
2026-03-24 09:15:00,376.24
2026-03-24 09:30:00,375.25
2026-03-24 09:45:00,374.86
2026-03-24 10:00:00,374.93
2026-03-24 10:15:00,360.88
2026-03-24 10:30:00,356.41
2026-03-24 10:45:00,330.3
2026-03-24 11:00:00,290.21
2026-03-24 11:15:00,326.87
2026-03-24 11:30:00,205.49
2026-03-24 11:45:00,61.21
2026-03-24 12:00:00,129.39
2026-03-24 12:15:00,272.82
2026-03-24 12:30:00,282.68
2026-03-24 12:45:00,203.89
2026-03-24 13:00:00,204.47
2026-03-24 13:15:00,206.45
2026-03-24 13:30:00,198.47
2026-03-24 13:45:00,211.69
2026-03-24 14:00:00,357.42
2026-03-24 14:15:00,356.22
2026-03-24 14:30:00,305.46
2026-03-24 14:45:00,211.4
2026-03-24 15:00:00,213.34
2026-03-24 15:15:00,299.42
2026-03-24 15:30:00,353.11
2026-03-24 15:45:00,255.36
2026-03-24 16:00:00,297.31
2026-03-24 16:15:00,345.2
2026-03-24 16:30:00,347.06
2026-03-24 16:45:00,354.75
2026-03-24 17:00:00,368.27
2026-03-24 17:15:00,367.66
2026-03-24 17:30:00,367.55
2026-03-24 17:45:00,369.98
2026-03-24 18:00:00,371.09
2026-03-24 18:15:00,374.35
2026-03-24 18:30:00,376.25
2026-03-24 18:45:00,380.88
2026-03-24 19:00:00,379.04
2026-03-24 19:15:00,379.04
2026-03-24 19:30:00,379.94
2026-03-24 19:45:00,379.01
2026-03-24 20:00:00,379.84
2026-03-24 20:15:00,381.67
2026-03-24 20:30:00,381.67
2026-03-24 20:45:00,381.76
2026-03-24 21:00:00,379.86
2026-03-24 21:15:00,381.75
2026-03-24 21:30:00,378.76
2026-03-24 21:45:00,377.75
2026-03-24 22:00:00,376.64
2026-03-24 22:15:00,375.85
2026-03-24 22:30:00,375.66
2026-03-24 22:45:00,376.11
2026-03-24 23:00:00,375.82
2026-03-24 23:15:00,373.58
2026-03-24 23:30:00,371.84
2026-03-24 23:45:00,359.52
2026-03-25 00:00:00,390.29
2026-03-25 00:15:00,382.21
2026-03-25 00:30:00,382.04
2026-03-25 00:45:00,367.56
2026-03-25 01:00:00,371.32
2026-03-25 01:15:00,382.26
2026-03-25 01:30:00,378.16
2026-03-25 01:45:00,381.05
2026-03-25 02:00:00,378.42
2026-03-25 02:15:00,371.27
2026-03-25 02:30:00,380.96
2026-03-25 02:45:00,371.43
2026-03-25 03:00:00,377.04
2026-03-25 03:15:00,377.15
2026-03-25 03:30:00,373.47
2026-03-25 03:45:00,375.54
2026-03-25 04:00:00,375.3
2026-03-25 04:15:00,375.41
2026-03-25 04:30:00,384.63
2026-03-25 04:45:00,387.54
2026-03-25 05:00:00,392.14
2026-03-25 05:15:00,387.42
2026-03-25 05:30:00,393.22
2026-03-25 05:45:00,389.28
2026-03-25 06:00:00,390.45
2026-03-25 06:15:00,388.44
2026-03-25 06:30:00,390.65
2026-03-25 06:45:00,392.55
2026-03-25 07:00:00,389.57
2026-03-25 07:15:00,388.58
2026-03-25 07:30:00,386.23
2026-03-25 07:45:00,374.9
2026-03-25 08:00:00,385.77
2026-03-25 08:15:00,370.54
2026-03-25 08:30:00,270.05
2026-03-25 08:45:00,51.91
2026-03-25 09:00:00,6.31
2026-03-25 09:15:00,7.07
2026-03-25 09:30:00,6.97
2026-03-25 09:45:00,6.9
2026-03-25 10:00:00,6.31
2026-03-25 10:15:00,6.91
2026-03-25 10:30:00,6.56
2026-03-25 10:45:00,6.49
2026-03-25 11:00:00,6.35
2026-03-25 11:15:00,7.08
2026-03-25 11:30:00,7.12
2026-03-25 11:45:00,7.35
2026-03-25 12:00:00,7.13
2026-03-25 12:15:00,9.97
2026-03-25 12:30:00,10.42
2026-03-25 12:45:00,10.81
2026-03-25 13:00:00,10.51
2026-03-25 13:15:00,10.41
2026-03-25 13:30:00,7.93
2026-03-25 13:45:00,10.32
2026-03-25 14:00:00,9.98
2026-03-25 14:15:00,10.07
2026-03-25 14:30:00,10.0
2026-03-25 14:45:00,66.07
2026-03-25 15:00:00,109.29
2026-03-25 15:15:00,280.08
2026-03-25 15:30:00,386.26
2026-03-25 15:45:00,395.95
2026-03-25 16:00:00,413.51
2026-03-25 16:15:00,414.27
2026-03-25 16:30:00,410.51
2026-03-25 16:45:00,398.27
2026-03-25 17:00:00,398.35
2026-03-25 17:15:00,394.89
2026-03-25 17:30:00,395.12
2026-03-25 17:45:00,389.9
2026-03-25 18:00:00,390.95
2026-03-25 18:15:00,391.57
2026-03-25 18:30:00,396.87
2026-03-25 18:45:00,396.84
2026-03-25 19:00:00,400.56
2026-03-25 19:15:00,400.66
2026-03-25 19:30:00,400.74
2026-03-25 19:45:00,397.7
2026-03-25 20:00:00,397.36
2026-03-25 20:15:00,398.03
2026-03-25 20:30:00,396.95
2026-03-25 20:45:00,397.11
2026-03-25 21:00:00,398.84
2026-03-25 21:15:00,398.56
2026-03-25 21:30:00,396.51
2026-03-25 21:45:00,394.58
2026-03-25 22:00:00,394.82
2026-03-25 22:15:00,392.09
2026-03-25 22:30:00,389.87
2026-03-25 22:45:00,392.83
2026-03-25 23:00:00,376.34
2026-03-25 23:15:00,378.44
2026-03-25 23:30:00,375.68
2026-03-25 23:45:00,287.49
2026-03-26 00:00:00,379.72
2026-03-26 00:15:00,378.86
2026-03-26 00:30:00,381.03
2026-03-26 00:45:00,380.84
2026-03-26 01:00:00,376.93
2026-03-26 01:15:00,376.86
2026-03-26 01:30:00,376.86
2026-03-26 01:45:00,377.83
2026-03-26 02:00:00,378.79
2026-03-26 02:15:00,379.53
2026-03-26 02:30:00,380.76
2026-03-26 02:45:00,380.71
2026-03-26 03:00:00,380.85
2026-03-26 03:15:00,380.96
2026-03-26 03:30:00,377.96
2026-03-26 03:45:00,377.96
2026-03-26 04:00:00,379.17
2026-03-26 04:15:00,374.97
2026-03-26 04:30:00,374.97
2026-03-26 04:45:00,376.9
2026-03-26 05:00:00,375.0
2026-03-26 05:15:00,376.9
2026-03-26 05:30:00,378.82
2026-03-26 05:45:00,377.87
2026-03-26 06:00:00,378.85
2026-03-26 06:15:00,379.71
2026-03-26 06:30:00,389.08
2026-03-26 06:45:00,379.17
2026-03-26 07:00:00,390.49
2026-03-26 07:15:00,390.34
2026-03-26 07:30:00,378.3
2026-03-26 07:45:00,376.82
2026-03-26 08:00:00,379.19
2026-03-26 08:15:00,390.34
2026-03-26 08:30:00,394.28
2026-03-26 08:45:00,390.64
2026-03-26 09:00:00,391.65
2026-03-26 09:15:00,387.59
2026-03-26 09:30:00,389.48
2026-03-26 09:45:00,386.42
2026-03-26 10:00:00,388.51
2026-03-26 10:15:00,379.04
2026-03-26 10:30:00,388.63
2026-03-26 10:45:00,376.41
2026-03-26 11:00:00,373.72
2026-03-26 11:15:00,371.99
2026-03-26 11:30:00,366.87
2026-03-26 11:45:00,341.03
2026-03-26 12:00:00,361.28
2026-03-26 12:15:00,372.65
2026-03-26 12:30:00,367.86
2026-03-26 12:45:00,365.48
2026-03-26 13:00:00,362.04
2026-03-26 13:15:00,349.52
2026-03-26 13:30:00,363.54
2026-03-26 13:45:00,365.24
2026-03-26 14:00:00,359.08
2026-03-26 14:15:00,358.29
2026-03-26 14:30:00,360.57
2026-03-26 14:45:00,367.64
2026-03-26 15:00:00,367.63
2026-03-26 15:15:00,372.1
2026-03-26 15:30:00,386.39
2026-03-26 15:45:00,388.48
2026-03-26 16:00:00,384.18
2026-03-26 16:15:00,368.85
2026-03-26 16:30:00,377.66
2026-03-26 16:45:00,370.56
2026-03-26 17:00:00,370.05
2026-03-26 17:15:00,370.54
2026-03-26 17:30:00,370.37
2026-03-26 17:45:00,368.42
2026-03-26 18:00:00,377.18
2026-03-26 18:15:00,380.21
2026-03-26 18:30:00,386.6
2026-03-26 18:45:00,386.67
2026-03-26 19:00:00,384.83
2026-03-26 19:15:00,374.82
2026-03-26 19:30:00,374.79
2026-03-26 19:45:00,372.78
2026-03-26 20:00:00,374.84
2026-03-26 20:15:00,372.55
2026-03-26 20:30:00,373.71
2026-03-26 20:45:00,381.1
2026-03-26 21:00:00,381.53
2026-03-26 21:15:00,379.26
2026-03-26 21:30:00,377.23
2026-03-26 21:45:00,374.67
2026-03-26 22:00:00,374.67
2026-03-26 22:15:00,374.71
2026-03-26 22:30:00,372.89
2026-03-26 22:45:00,371.27
2026-03-26 23:00:00,371.21
2026-03-26 23:15:00,371.15
2026-03-26 23:30:00,371.13
2026-03-26 23:45:00,372.32
2026-03-27 00:00:00,360.82
2026-03-27 00:15:00,372.05
2026-03-27 00:30:00,370.18
2026-03-27 00:45:00,372.05
2026-03-27 01:00:00,371.14
2026-03-27 01:15:00,361.67
2026-03-27 01:30:00,363.46
2026-03-27 01:45:00,363.4
2026-03-27 02:00:00,361.5
2026-03-27 02:15:00,361.31
2026-03-27 02:30:00,355.25
2026-03-27 02:45:00,355.31
2026-03-27 03:00:00,325.59
2026-03-27 03:15:00,255.42
2026-03-27 03:30:00,325.61
2026-03-27 03:45:00,353.65
2026-03-27 04:00:00,353.66
2026-03-27 04:15:00,355.57
2026-03-27 04:30:00,353.73
2026-03-27 04:45:00,355.78
2026-03-27 05:00:00,361.61
2026-03-27 05:15:00,359.68
2026-03-27 05:30:00,373.5
2026-03-27 05:45:00,373.4
2026-03-27 06:00:00,363.65
2026-03-27 06:15:00,375.76
2026-03-27 06:30:00,379.42
2026-03-27 06:45:00,378.05
2026-03-27 07:00:00,376.32
2026-03-27 07:15:00,372.84
2026-03-27 07:30:00,352.84
2026-03-27 07:45:00,212.14
2026-03-27 08:00:00,212.18
2026-03-27 08:15:00,131.24
2026-03-27 08:30:00,6.3
2026-03-27 08:45:00,6.39
2026-03-27 09:00:00,6.55
2026-03-27 09:15:00,6.4
2026-03-27 09:30:00,6.54
2026-03-27 09:45:00,6.27
2026-03-27 10:00:00,5.78
2026-03-27 10:15:00,5.95
2026-03-27 10:30:00,5.91
2026-03-27 10:45:00,6.43
2026-03-27 11:00:00,6.02
2026-03-27 11:15:00,6.61
2026-03-27 11:30:00,6.8
2026-03-27 11:45:00,7.44
2026-03-27 12:00:00,7.91
2026-03-27 12:15:00,7.91
2026-03-27 12:30:00,7.5
2026-03-27 12:45:00,8.44
2026-03-27 13:00:00,12.66
2026-03-27 13:15:00,12.84
2026-03-27 13:30:00,12.61
2026-03-27 13:45:00,9.09
2026-03-27 14:00:00,8.95
2026-03-27 14:15:00,12.55
2026-03-27 14:30:00,8.77
2026-03-27 14:45:00,12.22
2026-03-27 15:00:00,12.18
2026-03-27 15:15:00,11.83
2026-03-27 15:30:00,11.7
2026-03-27 15:45:00,8.52
2026-03-27 16:00:00,12.36
2026-03-27 16:15:00,8.59
2026-03-27 16:30:00,282.19
2026-03-27 16:45:00,379.42
2026-03-27 17:00:00,381.12
2026-03-27 17:15:00,381.46
2026-03-27 17:30:00,386.02
2026-03-27 17:45:00,396.29
2026-03-27 18:00:00,400.2
2026-03-27 18:15:00,401.98
2026-03-27 18:30:00,400.65
2026-03-27 18:45:00,400.36
2026-03-27 19:00:00,400.19
2026-03-27 19:15:00,397.49
2026-03-27 19:30:00,397.33
2026-03-27 19:45:00,396.99
2026-03-27 20:00:00,396.77
2026-03-27 20:15:00,396.23
2026-03-27 20:30:00,396.02
2026-03-27 20:45:00,382.93
2026-03-27 21:00:00,393.23
2026-03-27 21:15:00,392.74
2026-03-27 21:30:00,381.6
2026-03-27 21:45:00,379.3
2026-03-27 22:00:00,377.27
2026-03-27 22:15:00,378.5
2026-03-27 22:30:00,376.99
2026-03-27 22:45:00,376.56
2026-03-27 23:00:00,376.01
2026-03-27 23:15:00,376.0
2026-03-27 23:30:00,375.98
2026-03-27 23:45:00,375.81
2026-03-28 00:00:00,377.59
2026-03-28 00:15:00,379.47
2026-03-28 00:30:00,378.57
2026-03-28 00:45:00,377.59
2026-03-28 01:00:00,376.35
2026-03-28 01:15:00,374.16
2026-03-28 01:30:00,374.48
2026-03-28 01:45:00,374.47
2026-03-28 02:00:00,374.16
2026-03-28 02:15:00,376.35
2026-03-28 02:30:00,374.16
2026-03-28 02:45:00,374.16
2026-03-28 03:00:00,374.16
2026-03-28 03:15:00,372.16
2026-03-28 03:30:00,372.16
2026-03-28 03:45:00,372.16
2026-03-28 04:00:00,372.16
2026-03-28 04:15:00,372.16
2026-03-28 04:30:00,374.17
2026-03-28 04:45:00,374.17
2026-03-28 05:00:00,374.17
2026-03-28 05:15:00,374.17
2026-03-28 05:30:00,374.17
2026-03-28 05:45:00,374.48
2026-03-28 06:00:00,376.37
2026-03-28 06:15:00,376.07
2026-03-28 06:30:00,377.43
2026-03-28 06:45:00,375.99
2026-03-28 07:00:00,374.13
2026-03-28 07:15:00,370.41
2026-03-28 07:30:00,356.95
2026-03-28 07:45:00,284.06
2026-03-28 08:00:00,297.48
2026-03-28 08:15:00,207.83
2026-03-28 08:30:00,14.77
2026-03-28 08:45:00,7.07
2026-03-28 09:00:00,7.19
2026-03-28 09:15:00,7.91
2026-03-28 09:30:00,7.92
2026-03-28 09:45:00,7.96
2026-03-28 10:00:00,7.26
2026-03-28 10:15:00,6.87
2026-03-28 10:30:00,6.65
2026-03-28 10:45:00,7.26
2026-03-28 11:00:00,6.97
2026-03-28 11:15:00,7.48
2026-03-28 11:30:00,7.7
2026-03-28 11:45:00,8.14
2026-03-28 12:00:00,4.03
2026-03-28 12:15:00,13.32
2026-03-28 12:30:00,12.99
2026-03-28 12:45:00,13.97
2026-03-28 13:00:00,13.7
2026-03-28 13:15:00,13.44
2026-03-28 13:30:00,9.28
2026-03-28 13:45:00,13.13
2026-03-28 14:00:00,12.76
2026-03-28 14:15:00,8.74
2026-03-28 14:30:00,12.48
2026-03-28 14:45:00,8.37
2026-03-28 15:00:00,8.32
2026-03-28 15:15:00,8.73
2026-03-28 15:30:00,8.24
2026-03-28 15:45:00,8.17
2026-03-28 16:00:00,61.65
2026-03-28 16:15:00,133.32
2026-03-28 16:30:00,233.22
2026-03-28 16:45:00,363.48
2026-03-28 17:00:00,378.57
2026-03-28 17:15:00,376.81
2026-03-28 17:30:00,378.89
2026-03-28 17:45:00,380.65
2026-03-28 18:00:00,381.44
2026-03-28 18:15:00,382.29
2026-03-28 18:30:00,393.94
2026-03-28 18:45:00,393.91
2026-03-28 19:00:00,395.08
2026-03-28 19:15:00,394.35
2026-03-28 19:30:00,395.31
2026-03-28 19:45:00,396.16
2026-03-28 20:00:00,396.0
2026-03-28 20:15:00,394.02
2026-03-28 20:30:00,393.92
2026-03-28 20:45:00,393.77
2026-03-28 21:00:00,380.94
2026-03-28 21:15:00,379.54
2026-03-28 21:30:00,379.46
2026-03-28 21:45:00,378.19
2026-03-28 22:00:00,377.34
2026-03-28 22:15:00,375.44
2026-03-28 22:30:00,373.59
2026-03-28 22:45:00,371.76
2026-03-28 23:00:00,368.74
2026-03-28 23:15:00,368.71
2026-03-28 23:30:00,355.09
2026-03-28 23:45:00,292.97
2026-03-29 00:00:00,368.66
2026-03-29 00:15:00,370.43
2026-03-29 00:30:00,366.55
2026-03-29 00:45:00,370.38
2026-03-29 01:00:00,370.38
2026-03-29 01:15:00,356.61
2026-03-29 01:30:00,352.88
2026-03-29 01:45:00,350.98
2026-03-29 02:00:00,349.25
2026-03-29 02:15:00,354.98
2026-03-29 02:30:00,351.14
2026-03-29 02:45:00,351.15
2026-03-29 03:00:00,347.19
2026-03-29 03:15:00,350.97
2026-03-29 03:30:00,352.86
2026-03-29 03:45:00,350.96
2026-03-29 04:00:00,350.93
2026-03-29 04:15:00,352.87
2026-03-29 04:30:00,356.63
2026-03-29 04:45:00,358.47
2026-03-29 05:00:00,368.47
2026-03-29 05:15:00,370.14
2026-03-29 05:30:00,368.47
2026-03-29 05:45:00,370.14
2026-03-29 06:00:00,370.38
2026-03-29 06:15:00,370.39
2026-03-29 06:30:00,372.29
2026-03-29 06:45:00,372.28
2026-03-29 07:00:00,356.93
2026-03-29 07:15:00,294.32
2026-03-29 07:30:00,205.22
2026-03-29 07:45:00,44.45
2026-03-29 08:00:00,10.61
2026-03-29 08:15:00,6.5
2026-03-29 08:30:00,6.65
2026-03-29 08:45:00,6.93
2026-03-29 09:00:00,7.31
2026-03-29 09:15:00,7.42
2026-03-29 09:30:00,7.16
2026-03-29 09:45:00,6.69
2026-03-29 10:00:00,6.45
2026-03-29 10:15:00,6.7
2026-03-29 10:30:00,6.86
2026-03-29 10:45:00,7.09
2026-03-29 11:00:00,6.76
2026-03-29 11:15:00,6.79
2026-03-29 11:30:00,6.99
2026-03-29 11:45:00,6.98
2026-03-29 12:00:00,13.27
2026-03-29 12:15:00,31.04
2026-03-29 12:30:00,67.82
2026-03-29 12:45:00,112.8
2026-03-29 13:00:00,214.99
2026-03-29 13:15:00,213.54
2026-03-29 13:30:00,209.97
2026-03-29 13:45:00,304.65
2026-03-29 14:00:00,363.59
2026-03-29 14:15:00,375.89
2026-03-29 14:30:00,379.85
2026-03-29 14:45:00,379.78
2026-03-29 15:00:00,380.75
2026-03-29 15:15:00,393.1
2026-03-29 15:30:00,396.82
2026-03-29 15:45:00,396.58
2026-03-29 16:00:00,394.49
2026-03-29 16:15:00,394.08
2026-03-29 16:30:00,393.98
2026-03-29 16:45:00,394.02
2026-03-29 17:00:00,394.14
2026-03-29 17:15:00,390.38
2026-03-29 17:30:00,390.38
2026-03-29 17:45:00,378.38
2026-03-29 18:00:00,377.51
2026-03-29 18:15:00,377.55
2026-03-29 18:30:00,379.57
2026-03-29 18:45:00,380.0
2026-03-29 19:00:00,382.62
2026-03-29 19:15:00,382.87
2026-03-29 19:30:00,381.26
2026-03-29 19:45:00,380.39
2026-03-29 20:00:00,381.35
2026-03-29 20:15:00,381.38
2026-03-29 20:30:00,380.39
2026-03-29 20:45:00,378.43
2026-03-29 21:00:00,375.67
2026-03-29 21:15:00,377.37
2026-03-29 21:30:00,373.68
2026-03-29 21:45:00,371.81
2026-03-29 22:00:00,358.96
2026-03-29 22:15:00,357.19
2026-03-29 22:30:00,355.24
2026-03-29 22:45:00,301.01
2026-03-29 23:00:00,300.85
2026-03-29 23:15:00,353.13
2026-03-29 23:30:00,349.25
2026-03-29 23:45:00,341.55
2026-03-30 00:00:00,349.31
2026-03-30 00:15:00,355.61
2026-03-30 00:30:00,326.29
2026-03-30 00:45:00,332.5
2026-03-30 01:00:00,211.32
2026-03-30 01:15:00,207.1
2026-03-30 01:30:00,210.96
2026-03-30 01:45:00,210.0
2026-03-30 02:00:00,207.01
2026-03-30 02:15:00,209.89
2026-03-30 02:30:00,204.03
2026-03-30 02:45:00,131.01
2026-03-30 03:00:00,154.95
2026-03-30 03:15:00,65.14
2026-03-30 03:30:00,61.06
2026-03-30 03:45:00,62.71
2026-03-30 04:00:00,84.83
2026-03-30 04:15:00,84.7
2026-03-30 04:30:00,62.98
2026-03-30 04:45:00,59.02
2026-03-30 05:00:00,60.9
2026-03-30 05:15:00,55.16
2026-03-30 05:30:00,63.44
2026-03-30 05:45:00,60.58
2026-03-30 06:00:00,67.74
2026-03-30 06:15:00,69.87
2026-03-30 06:30:00,109.28
2026-03-30 06:45:00,204.77
2026-03-30 07:00:00,207.9
2026-03-30 07:15:00,208.04
2026-03-30 07:30:00,90.95
2026-03-30 07:45:00,105.65
2026-03-30 08:00:00,134.95
2026-03-30 08:15:00,170.7
2026-03-30 08:30:00,239.67
2026-03-30 08:45:00,358.48
2026-03-30 09:00:00,331.7
2026-03-30 09:15:00,376.09
2026-03-30 09:30:00,373.83
2026-03-30 09:45:00,370.22
2026-03-30 10:00:00,366.84
2026-03-30 10:15:00,366.48
2026-03-30 10:30:00,367.33
2026-03-30 10:45:00,370.68
2026-03-30 11:00:00,373.36
2026-03-30 11:15:00,360.59
2026-03-30 11:30:00,327.46
2026-03-30 11:45:00,201.54
2026-03-30 12:00:00,358.84
2026-03-30 12:15:00,360.68
2026-03-30 12:30:00,371.33
2026-03-30 12:45:00,373.16
2026-03-30 13:00:00,371.37
2026-03-30 13:15:00,357.73
2026-03-30 13:30:00,353.15
2026-03-30 13:45:00,104.44
2026-03-30 14:00:00,54.59
2026-03-30 14:15:00,44.75
2026-03-30 14:30:00,27.0
2026-03-30 14:45:00,24.9
2026-03-30 15:00:00,31.34
2026-03-30 15:15:00,40.69
2026-03-30 15:30:00,42.3
2026-03-30 15:45:00,27.47
2026-03-30 16:00:00,188.46
2026-03-30 16:15:00,246.12
2026-03-30 16:30:00,284.7
2026-03-30 16:45:00,353.18
2026-03-30 17:00:00,376.36
2026-03-30 17:15:00,376.48
2026-03-30 17:30:00,376.72
2026-03-30 17:45:00,361.48
2026-03-30 18:00:00,361.93
2026-03-30 18:15:00,378.06
2026-03-30 18:30:00,380.26
2026-03-30 18:45:00,379.96
2026-03-30 19:00:00,380.81
2026-03-30 19:15:00,380.88
2026-03-30 19:30:00,380.79
2026-03-30 19:45:00,376.0
2026-03-30 20:00:00,375.97
2026-03-30 20:15:00,377.62
2026-03-30 20:30:00,376.9
2026-03-30 20:45:00,374.66
2026-03-30 21:00:00,375.39
2026-03-30 21:15:00,372.98
2026-03-30 21:30:00,371.84
2026-03-30 21:45:00,371.72
2026-03-30 22:00:00,371.68
2026-03-30 22:15:00,358.87
2026-03-30 22:30:00,371.88
2026-03-30 22:45:00,371.96
2026-03-30 23:00:00,371.96
2026-03-30 23:15:00,371.92
2026-03-30 23:30:00,370.87
2026-03-30 23:45:00,368.89
2026-03-31 00:00:00,374.17
2026-03-31 00:15:00,375.18
2026-03-31 00:30:00,377.15
2026-03-31 00:45:00,375.17
2026-03-31 01:00:00,375.14
2026-03-31 01:15:00,375.02
2026-03-31 01:30:00,375.24
2026-03-31 01:45:00,375.09
2026-03-31 02:00:00,375.05
2026-03-31 02:15:00,377.11
2026-03-31 02:30:00,375.31
2026-03-31 02:45:00,375.08
2026-03-31 03:00:00,375.07
2026-03-31 03:15:00,375.13
2026-03-31 03:30:00,375.14
2026-03-31 03:45:00,375.19
2026-03-31 04:00:00,375.18
2026-03-31 04:15:00,375.15
2026-03-31 04:30:00,375.17
2026-03-31 04:45:00,375.14
2026-03-31 05:00:00,375.09
2026-03-31 05:15:00,375.07
2026-03-31 05:30:00,374.14
2026-03-31 05:45:00,374.14
2026-03-31 06:00:00,374.15
2026-03-31 06:15:00,374.17
2026-03-31 06:30:00,379.36
2026-03-31 06:45:00,379.38
2026-03-31 07:00:00,384.52
2026-03-31 07:15:00,384.44
2026-03-31 07:30:00,384.48
2026-03-31 07:45:00,388.58
2026-03-31 08:00:00,384.44
2026-03-31 08:15:00,381.05
2026-03-31 08:30:00,378.11
2026-03-31 08:45:00,377.24
2026-03-31 09:00:00,368.58
2026-03-31 09:15:00,364.58
2026-03-31 09:30:00,375.51
2026-03-31 09:45:00,365.06
2026-03-31 10:00:00,330.96
2026-03-31 10:15:00,151.81
2026-03-31 10:30:00,46.8
2026-03-31 10:45:00,6.57
2026-03-31 11:00:00,51.04
2026-03-31 11:15:00,23.24
2026-03-31 11:30:00,6.5
2026-03-31 11:45:00,6.18
2026-03-31 12:00:00,6.35
2026-03-31 12:15:00,6.62
2026-03-31 12:30:00,6.89
2026-03-31 12:45:00,41.71
2026-03-31 13:00:00,44.01
2026-03-31 13:15:00,7.63
2026-03-31 13:30:00,7.32
2026-03-31 13:45:00,7.84
2026-03-31 14:00:00,7.79
2026-03-31 14:15:00,7.39
2026-03-31 14:30:00,7.22
2026-03-31 14:45:00,7.66
2026-03-31 15:00:00,10.65
2026-03-31 15:15:00,11.62
2026-03-31 15:30:00,49.84
2026-03-31 15:45:00,41.39
2026-03-31 16:00:00,132.86
2026-03-31 16:15:00,282.66
2026-03-31 16:30:00,355.65
2026-03-31 16:45:00,372.07
2026-03-31 17:00:00,376.69
2026-03-31 17:15:00,369.06
2026-03-31 17:30:00,365.81
2026-03-31 17:45:00,368.16
2026-03-31 18:00:00,373.63
2026-03-31 18:15:00,375.62
2026-03-31 18:30:00,386.11
2026-03-31 18:45:00,387.03
2026-03-31 19:00:00,386.11
2026-03-31 19:15:00,390.36
2026-03-31 19:30:00,390.44
2026-03-31 19:45:00,390.47
2026-03-31 20:00:00,395.33
2026-03-31 20:15:00,391.31
2026-03-31 20:30:00,391.26
2026-03-31 20:45:00,390.38
2026-03-31 21:00:00,390.29
2026-03-31 21:15:00,386.27
2026-03-31 21:30:00,388.09
2026-03-31 21:45:00,389.69
2026-03-31 22:00:00,377.95
2026-03-31 22:15:00,376.97
2026-03-31 22:30:00,375.99
2026-03-31 22:45:00,372.3
2026-03-31 23:00:00,371.23
2026-03-31 23:15:00,374.16
2026-03-31 23:30:00,374.15
2026-03-31 23:45:00,370.08
2026-04-01 00:00:00,347.66
2026-04-01 00:15:00,349.14
2026-04-01 00:30:00,344.39
2026-04-01 00:45:00,332.91
2026-04-01 01:00:00,331.8
2026-04-01 01:15:00,328.98
2026-04-01 01:30:00,325.32
2026-04-01 01:45:00,199.76
2026-04-01 02:00:00,182.88
2026-04-01 02:15:00,182.83
2026-04-01 02:30:00,155.81
2026-04-01 02:45:00,139.0
2026-04-01 03:00:00,158.27
2026-04-01 03:15:00,182.44
2026-04-01 03:30:00,184.28
2026-04-01 03:45:00,183.82
2026-04-01 04:00:00,187.65
2026-04-01 04:15:00,187.58
2026-04-01 04:30:00,188.03
2026-04-01 04:45:00,199.59
2026-04-01 05:00:00,328.64
2026-04-01 05:15:00,328.83
2026-04-01 05:30:00,330.55
2026-04-01 05:45:00,343.32
2026-04-01 06:00:00,347.36
2026-04-01 06:15:00,346.03
2026-04-01 06:30:00,349.67
2026-04-01 06:45:00,347.46
2026-04-01 07:00:00,329.62
2026-04-01 07:15:00,253.92
2026-04-01 07:30:00,223.94
2026-04-01 07:45:00,44.98
2026-04-01 08:00:00,49.8
2026-04-01 08:15:00,25.94
2026-04-01 08:30:00,6.22
2026-04-01 08:45:00,6.96
2026-04-01 09:00:00,7.44
2026-04-01 09:15:00,7.67
2026-04-01 09:30:00,7.6
2026-04-01 09:45:00,7.71
2026-04-01 10:00:00,7.09
2026-04-01 10:15:00,7.73
2026-04-01 10:30:00,7.63
2026-04-01 10:45:00,8.49
2026-04-01 11:00:00,7.32
2026-04-01 11:15:00,7.99
2026-04-01 11:30:00,8.49
2026-04-01 11:45:00,8.73
2026-04-01 12:00:00,9.1
2026-04-01 12:15:00,10.02
2026-04-01 12:30:00,10.14
2026-04-01 12:45:00,12.28
2026-04-01 13:00:00,12.12
2026-04-01 13:15:00,11.61
2026-04-01 13:30:00,11.67
2026-04-01 13:45:00,11.79
2026-04-01 14:00:00,10.96
2026-04-01 14:15:00,10.33
2026-04-01 14:30:00,9.83
2026-04-01 14:45:00,9.31
2026-04-01 15:00:00,9.87
2026-04-01 15:15:00,10.01
2026-04-01 15:30:00,8.96
2026-04-01 15:45:00,8.84
2026-04-01 16:00:00,9.0
2026-04-01 16:15:00,8.23
2026-04-01 16:30:00,13.27
2026-04-01 16:45:00,38.5
2026-04-01 17:00:00,87.15
2026-04-01 17:15:00,87.36
2026-04-01 17:30:00,287.06
2026-04-01 17:45:00,331.85
2026-04-01 18:00:00,348.7
2026-04-01 18:15:00,350.3
2026-04-01 18:30:00,354.03
2026-04-01 18:45:00,353.76
2026-04-01 19:00:00,350.17
2026-04-01 19:15:00,352.09
2026-04-01 19:30:00,340.7
2026-04-01 19:45:00,332.09
2026-04-01 20:00:00,286.27
2026-04-01 20:15:00,191.24
2026-04-01 20:30:00,261.17
2026-04-01 20:45:00,187.19
2026-04-01 21:00:00,255.88
2026-04-01 21:15:00,195.69
2026-04-01 21:30:00,199.67
2026-04-01 21:45:00,225.62
2026-04-01 22:00:00,260.42
2026-04-01 22:15:00,225.43
2026-04-01 22:30:00,182.42
2026-04-01 22:45:00,186.64
2026-04-01 23:00:00,199.47
2026-04-01 23:15:00,189.56
2026-04-01 23:30:00,186.28
2026-04-01 23:45:00,198.91
2026-04-02 00:00:00,342.97
2026-04-02 00:15:00,349.06
2026-04-02 00:30:00,351.48
2026-04-02 00:45:00,350.1
2026-04-02 01:00:00,350.1
2026-04-02 01:15:00,349.0
2026-04-02 01:30:00,347.06
2026-04-02 01:45:00,351.22
2026-04-02 02:00:00,353.21
2026-04-02 02:15:00,353.23
2026-04-02 02:30:00,351.48
2026-04-02 02:45:00,351.42
2026-04-02 03:00:00,351.37
2026-04-02 03:15:00,351.44
2026-04-02 03:30:00,351.53
2026-04-02 03:45:00,351.51
2026-04-02 04:00:00,349.55
2026-04-02 04:15:00,347.07
2026-04-02 04:30:00,347.07
2026-04-02 04:45:00,347.07
2026-04-02 05:00:00,349.0
2026-04-02 05:15:00,350.03
2026-04-02 05:30:00,351.0
2026-04-02 05:45:00,351.07
2026-04-02 06:00:00,351.07
2026-04-02 06:15:00,351.07
2026-04-02 06:30:00,351.08
2026-04-02 06:45:00,349.21
2026-04-02 07:00:00,347.42
2026-04-02 07:15:00,345.83
2026-04-02 07:30:00,335.28
2026-04-02 07:45:00,326.65
2026-04-02 08:00:00,273.82
2026-04-02 08:15:00,289.47
2026-04-02 08:30:00,209.64
2026-04-02 08:45:00,185.31
2026-04-02 09:00:00,93.29
2026-04-02 09:15:00,144.85
2026-04-02 09:30:00,185.95
2026-04-02 09:45:00,225.28
2026-04-02 10:00:00,336.54
2026-04-02 10:15:00,356.43
2026-04-02 10:30:00,360.73
2026-04-02 10:45:00,380.01
2026-04-02 11:00:00,387.65
2026-04-02 11:15:00,358.75
2026-04-02 11:30:00,357.71
2026-04-02 11:45:00,351.36
2026-04-02 12:00:00,350.47
2026-04-02 12:15:00,351.49
2026-04-02 12:30:00,353.64
2026-04-02 12:45:00,351.89
2026-04-02 13:00:00,356.0
2026-04-02 13:15:00,351.51
2026-04-02 13:30:00,349.84
2026-04-02 13:45:00,346.48
2026-04-02 14:00:00,347.83
2026-04-02 14:15:00,349.87
2026-04-02 14:30:00,349.89
2026-04-02 14:45:00,353.43
2026-04-02 15:00:00,353.42
2026-04-02 15:15:00,353.83
2026-04-02 15:30:00,356.63
2026-04-02 15:45:00,369.79
2026-04-02 16:00:00,370.74
2026-04-02 16:15:00,371.33
2026-04-02 16:30:00,372.3
2026-04-02 16:45:00,371.33
2026-04-02 17:00:00,386.03
2026-04-02 17:15:00,374.18
2026-04-02 17:30:00,375.94
2026-04-02 17:45:00,373.37
2026-04-02 18:00:00,372.52
2026-04-02 18:15:00,372.97
2026-04-02 18:30:00,373.97
2026-04-02 18:45:00,378.5
2026-04-02 19:00:00,378.68
2026-04-02 19:15:00,377.96
2026-04-02 19:30:00,394.63
2026-04-02 19:45:00,379.72
2026-04-02 20:00:00,378.83
2026-04-02 20:15:00,380.36
2026-04-02 20:30:00,380.95
2026-04-02 20:45:00,388.77
2026-04-02 21:00:00,374.04
2026-04-02 21:15:00,372.25
2026-04-02 21:30:00,368.08
2026-04-02 21:45:00,366.67
2026-04-02 22:00:00,356.89
2026-04-02 22:15:00,354.65
2026-04-02 22:30:00,355.37
2026-04-02 22:45:00,353.5
2026-04-02 23:00:00,351.67
2026-04-02 23:15:00,353.63
2026-04-02 23:30:00,351.08
2026-04-02 23:45:00,351.08
2026-04-03 00:00:00,352.03
2026-04-03 00:15:00,360.43
2026-04-03 00:30:00,355.51
2026-04-03 00:45:00,354.54
2026-04-03 01:00:00,353.16
2026-04-03 01:15:00,351.08
2026-04-03 01:30:00,353.15
2026-04-03 01:45:00,355.23
2026-04-03 02:00:00,355.23
2026-04-03 02:15:00,355.23
2026-04-03 02:30:00,354.19
2026-04-03 02:45:00,353.15
2026-04-03 03:00:00,351.08
2026-04-03 03:15:00,351.08
2026-04-03 03:30:00,351.08
2026-04-03 03:45:00,351.08
2026-04-03 04:00:00,351.08
2026-04-03 04:15:00,351.08
2026-04-03 04:30:00,351.08
2026-04-03 04:45:00,351.08
2026-04-03 05:00:00,353.16
2026-04-03 05:15:00,355.53
2026-04-03 05:30:00,360.34
2026-04-03 05:45:00,367.08
2026-04-03 06:00:00,365.0
2026-04-03 06:15:00,369.0
2026-04-03 06:30:00,370.83
2026-04-03 06:45:00,369.81
2026-04-03 07:00:00,372.94
2026-04-03 07:15:00,372.95
2026-04-03 07:30:00,368.49
2026-04-03 07:45:00,362.41
2026-04-03 08:00:00,369.62
2026-04-03 08:15:00,374.49
2026-04-03 08:30:00,373.56
2026-04-03 08:45:00,367.0
2026-04-03 09:00:00,358.02
2026-04-03 09:15:00,355.99
2026-04-03 09:30:00,353.55
2026-04-03 09:45:00,449.37
2026-04-03 10:00:00,405.53
2026-04-03 10:15:00,94.67
2026-04-03 10:30:00,362.68
2026-04-03 10:45:00,394.18
2026-04-03 11:00:00,397.67
2026-04-03 11:15:00,398.87
2026-04-03 11:30:00,374.89
2026-04-03 11:45:00,385.29
2026-04-03 12:00:00,404.76
2026-04-03 12:15:00,401.84
2026-04-03 12:30:00,400.67
2026-04-03 12:45:00,404.94
2026-04-03 13:00:00,364.96
2026-04-03 13:15:00,340.42
2026-04-03 13:30:00,105.21
2026-04-03 13:45:00,102.91
2026-04-03 14:00:00,104.0
2026-04-03 14:15:00,104.7
2026-04-03 14:30:00,103.23
2026-04-03 14:45:00,102.9
2026-04-03 15:00:00,103.9
2026-04-03 15:15:00,242.09
2026-04-03 15:30:00,341.15
2026-04-03 15:45:00,344.87
2026-04-03 16:00:00,352.74
2026-04-03 16:15:00,353.06
2026-04-03 16:30:00,360.85
2026-04-03 16:45:00,360.95
2026-04-03 17:00:00,361.22
2026-04-03 17:15:00,360.56
2026-04-03 17:30:00,373.05
2026-04-03 17:45:00,372.94
2026-04-03 18:00:00,360.71
2026-04-03 18:15:00,373.14
2026-04-03 18:30:00,377.14
2026-04-03 18:45:00,376.0
2026-04-03 19:00:00,376.18
2026-04-03 19:15:00,373.31
2026-04-03 19:30:00,373.22
2026-04-03 19:45:00,361.31
2026-04-03 20:00:00,361.28
2026-04-03 20:15:00,366.05
2026-04-03 20:30:00,366.06
2026-04-03 20:45:00,360.24
2026-04-03 21:00:00,358.75
2026-04-03 21:15:00,353.59
2026-04-03 21:30:00,353.48
2026-04-03 21:45:00,352.56
2026-04-03 22:00:00,351.85
2026-04-03 22:15:00,349.7
2026-04-03 22:30:00,351.62
2026-04-03 22:45:00,349.72
2026-04-03 23:00:00,345.67
2026-04-03 23:15:00,347.74
2026-04-03 23:30:00,351.07
2026-04-03 23:45:00,350.04
2026-04-04 00:00:00,355.5
2026-04-04 00:15:00,365.6
2026-04-04 00:30:00,365.59
2026-04-04 00:45:00,367.45
2026-04-04 01:00:00,367.44
2026-04-04 01:15:00,365.61
2026-04-04 01:30:00,359.15
2026-04-04 01:45:00,355.24
2026-04-04 02:00:00,355.24
2026-04-04 02:15:00,354.2
2026-04-04 02:30:00,351.08
2026-04-04 02:45:00,354.2
2026-04-04 03:00:00,351.08
2026-04-04 03:15:00,351.0
2026-04-04 03:30:00,351.0
2026-04-04 03:45:00,351.0
2026-04-04 04:00:00,351.0
2026-04-04 04:15:00,351.0
2026-04-04 04:30:00,351.0
2026-04-04 04:45:00,350.57
2026-04-04 05:00:00,351.0
2026-04-04 05:15:00,351.0
2026-04-04 05:30:00,354.0
2026-04-04 05:45:00,355.0
2026-04-04 06:00:00,369.0
2026-04-04 06:15:00,367.07
2026-04-04 06:30:00,369.0
2026-04-04 06:45:00,354.19
2026-04-04 07:00:00,351.08
2026-04-04 07:15:00,351.67
2026-04-04 07:30:00,347.81
2026-04-04 07:45:00,328.59
2026-04-04 08:00:00,190.0
2026-04-04 08:15:00,33.56
2026-04-04 08:30:00,6.67
2026-04-04 08:45:00,7.08
2026-04-04 09:00:00,7.43
2026-04-04 09:15:00,8.29
2026-04-04 09:30:00,8.92
2026-04-04 09:45:00,9.68
2026-04-04 10:00:00,9.56
2026-04-04 10:15:00,9.84
2026-04-04 10:30:00,9.81
2026-04-04 10:45:00,10.2
2026-04-04 11:00:00,10.41
2026-04-04 11:15:00,11.1
2026-04-04 11:30:00,13.2
2026-04-04 11:45:00,8.31
2026-04-04 12:00:00,13.1
2026-04-04 12:15:00,17.73
2026-04-04 12:30:00,13.79
2026-04-04 12:45:00,17.58
2026-04-04 13:00:00,18.66
2026-04-04 13:15:00,20.25
2026-04-04 13:30:00,20.45
2026-04-04 13:45:00,14.71
2026-04-04 14:00:00,14.99
2026-04-04 14:15:00,14.55
2026-04-04 14:30:00,13.99
2026-04-04 14:45:00,13.01
2026-04-04 15:00:00,12.08
2026-04-04 15:15:00,10.91
2026-04-04 15:30:00,8.08
2026-04-04 15:45:00,7.97
2026-04-04 16:00:00,32.58
2026-04-04 16:15:00,73.25
2026-04-04 16:30:00,74.38
2026-04-04 16:45:00,267.0
2026-04-04 17:00:00,334.29
2026-04-04 17:15:00,338.87
2026-04-04 17:30:00,351.31
2026-04-04 17:45:00,356.02
2026-04-04 18:00:00,353.48
2026-04-04 18:15:00,357.32
2026-04-04 18:30:00,371.69
2026-04-04 18:45:00,369.59
2026-04-04 19:00:00,372.06
2026-04-04 19:15:00,361.39
2026-04-04 19:30:00,361.36
2026-04-04 19:45:00,358.98
2026-04-04 20:00:00,360.74
2026-04-04 20:15:00,361.3
2026-04-04 20:30:00,359.67
2026-04-04 20:45:00,357.48
2026-04-04 21:00:00,355.68
2026-04-04 21:15:00,357.88
2026-04-04 21:30:00,358.7
2026-04-04 21:45:00,351.77
2026-04-04 22:00:00,355.56
2026-04-04 22:15:00,355.52
2026-04-04 22:30:00,351.08
2026-04-04 22:45:00,350.57
2026-04-04 23:00:00,347.07
2026-04-04 23:15:00,335.54
2026-04-04 23:30:00,276.76
2026-04-04 23:45:00,244.44
2026-04-05 00:00:00,332.35
2026-04-05 00:15:00,342.91
2026-04-05 00:30:00,334.37
2026-04-05 00:45:00,346.04
2026-04-05 01:00:00,346.01
2026-04-05 01:15:00,335.47
2026-04-05 01:30:00,336.41
2026-04-05 01:45:00,326.96
2026-04-05 02:00:00,305.5
2026-04-05 02:15:00,283.02
2026-04-05 02:30:00,244.79
2026-04-05 02:45:00,244.68
2026-04-05 03:00:00,244.56
2026-04-05 03:15:00,204.9
2026-04-05 03:30:00,188.81
2026-04-05 03:45:00,189.06
2026-04-05 04:00:00,204.99
2026-04-05 04:15:00,189.2
2026-04-05 04:30:00,189.45
2026-04-05 04:45:00,190.39
2026-04-05 05:00:00,245.97
2026-04-05 05:15:00,205.28
2026-04-05 05:30:00,244.89
2026-04-05 05:45:00,263.86
2026-04-05 06:00:00,333.56
2026-04-05 06:15:00,335.51
2026-04-05 06:30:00,345.79
2026-04-05 06:45:00,334.45
2026-04-05 07:00:00,254.19
2026-04-05 07:15:00,155.54
2026-04-05 07:30:00,72.63
2026-04-05 07:45:00,23.57
2026-04-05 08:00:00,6.77
2026-04-05 08:15:00,7.29
2026-04-05 08:30:00,7.61
2026-04-05 08:45:00,8.7
2026-04-05 09:00:00,9.25
2026-04-05 09:15:00,14.72
2026-04-05 09:30:00,15.84
2026-04-05 09:45:00,15.29
2026-04-05 10:00:00,9.79
2026-04-05 10:15:00,9.5
2026-04-05 10:30:00,9.07
2026-04-05 10:45:00,8.76
2026-04-05 11:00:00,8.72
2026-04-05 11:15:00,8.9
2026-04-05 11:30:00,8.97
2026-04-05 11:45:00,8.7
2026-04-05 12:00:00,8.82
2026-04-05 12:15:00,8.69
2026-04-05 12:30:00,9.08
2026-04-05 12:45:00,9.09
2026-04-05 13:00:00,9.48
2026-04-05 13:15:00,13.9
2026-04-05 13:30:00,9.4
2026-04-05 13:45:00,9.26
2026-04-05 14:00:00,9.24
2026-04-05 14:15:00,9.58
2026-04-05 14:30:00,9.32
2026-04-05 14:45:00,8.63
2026-04-05 15:00:00,8.53
2026-04-05 15:15:00,8.56
2026-04-05 15:30:00,74.2
2026-04-05 15:45:00,247.07
2026-04-05 16:00:00,353.92
2026-04-05 16:15:00,356.51
2026-04-05 16:30:00,371.52
2026-04-05 16:45:00,373.55
2026-04-05 17:00:00,374.37
2026-04-05 17:15:00,361.17
2026-04-05 17:30:00,360.28
2026-04-05 17:45:00,369.77
2026-04-05 18:00:00,357.35
2026-04-05 18:15:00,356.29
2026-04-05 18:30:00,367.87
2026-04-05 18:45:00,360.94
2026-04-05 19:00:00,361.44
2026-04-05 19:15:00,360.05
2026-04-05 19:30:00,358.01
2026-04-05 19:45:00,358.1
2026-04-05 20:00:00,357.3
2026-04-05 20:15:00,356.5
2026-04-05 20:30:00,359.97
2026-04-05 20:45:00,358.0
2026-04-05 21:00:00,352.78
2026-04-05 21:15:00,349.4
2026-04-05 21:30:00,350.18
2026-04-05 21:45:00,346.18
2026-04-05 22:00:00,348.07
2026-04-05 22:15:00,348.09
2026-04-05 22:30:00,346.2
2026-04-05 22:45:00,345.96
2026-04-05 23:00:00,347.9
2026-04-05 23:15:00,345.91
2026-04-05 23:30:00,345.89
2026-04-05 23:45:00,336.61
2026-04-06 00:00:00,349.52
2026-04-06 00:15:00,348.06
2026-04-06 00:30:00,348.06
2026-04-06 00:45:00,348.03
2026-04-06 01:00:00,347.85
2026-04-06 01:15:00,347.08
2026-04-06 01:30:00,347.08
2026-04-06 01:45:00,347.57
2026-04-06 02:00:00,347.54
2026-04-06 02:15:00,347.55
2026-04-06 02:30:00,347.55
2026-04-06 02:45:00,347.55
2026-04-06 03:00:00,347.56
2026-04-06 03:15:00,347.56
2026-04-06 03:30:00,347.56
2026-04-06 03:45:00,349.29
2026-04-06 04:00:00,349.29
2026-04-06 04:15:00,347.59
2026-04-06 04:30:00,347.6
2026-04-06 04:45:00,350.58
2026-04-06 05:00:00,351.09
2026-04-06 05:15:00,351.09
2026-04-06 05:30:00,353.19
2026-04-06 05:45:00,355.27
2026-04-06 06:00:00,355.28
2026-04-06 06:15:00,355.62
2026-04-06 06:30:00,354.67
2026-04-06 06:45:00,351.78
2026-04-06 07:00:00,347.99
2026-04-06 07:15:00,346.05
2026-04-06 07:30:00,335.54
2026-04-06 07:45:00,348.1
2026-04-06 08:00:00,352.17
2026-04-06 08:15:00,355.2
2026-04-06 08:30:00,355.87
2026-04-06 08:45:00,355.75
2026-04-06 09:00:00,355.67
2026-04-06 09:15:00,352.64
2026-04-06 09:30:00,339.61
2026-04-06 09:45:00,336.58
2026-04-06 10:00:00,351.09
2026-04-06 10:15:00,355.12
2026-04-06 10:30:00,354.47
2026-04-06 10:45:00,355.76
2026-04-06 11:00:00,357.97
2026-04-06 11:15:00,353.66
2026-04-06 11:30:00,354.22
2026-04-06 11:45:00,354.01
2026-04-06 12:00:00,363.39
2026-04-06 12:15:00,361.53
2026-04-06 12:30:00,350.63
2026-04-06 12:45:00,359.35
2026-04-06 13:00:00,374.62
2026-04-06 13:15:00,370.51
2026-04-06 13:30:00,367.74
2026-04-06 13:45:00,355.98
2026-04-06 14:00:00,347.76
2026-04-06 14:15:00,350.73
2026-04-06 14:30:00,363.53
2026-04-06 14:45:00,367.53
2026-04-06 15:00:00,365.65
2026-04-06 15:15:00,364.85
2026-04-06 15:30:00,374.05
2026-04-06 15:45:00,373.43
2026-04-06 16:00:00,377.8
2026-04-06 16:15:00,376.76
2026-04-06 16:30:00,373.1
2026-04-06 16:45:00,373.99
2026-04-06 17:00:00,373.18
2026-04-06 17:15:00,370.25
2026-04-06 17:30:00,358.42
2026-04-06 17:45:00,356.58
2026-04-06 18:00:00,353.68
2026-04-06 18:15:00,344.98
2026-04-06 18:30:00,357.65
2026-04-06 18:45:00,359.0
2026-04-06 19:00:00,359.0
2026-04-06 19:15:00,357.39
2026-04-06 19:30:00,356.17
2026-04-06 19:45:00,356.38
2026-04-06 20:00:00,356.26
2026-04-06 20:15:00,358.26
2026-04-06 20:30:00,359.26
2026-04-06 20:45:00,356.35
2026-04-06 21:00:00,356.19
2026-04-06 21:15:00,354.01
2026-04-06 21:30:00,353.68
2026-04-06 21:45:00,353.73
2026-04-06 22:00:00,349.84
2026-04-06 22:15:00,351.73
2026-04-06 22:30:00,349.31
2026-04-06 22:45:00,349.37
2026-04-06 23:00:00,343.04
2026-04-06 23:15:00,346.42
2026-04-06 23:30:00,346.67
2026-04-06 23:45:00,346.7
2026-04-07 00:00:00,349.18
2026-04-07 00:15:00,354.06
2026-04-07 00:30:00,349.99
2026-04-07 00:45:00,351.76
2026-04-07 01:00:00,352.17
2026-04-07 01:15:00,352.02
2026-04-07 01:30:00,353.8
2026-04-07 01:45:00,351.96
2026-04-07 02:00:00,350.07
2026-04-07 02:15:00,350.7
2026-04-07 02:30:00,350.02
2026-04-07 02:45:00,350.86
2026-04-07 03:00:00,350.79
2026-04-07 03:15:00,350.9
2026-04-07 03:30:00,348.46
2026-04-07 03:45:00,348.12
2026-04-07 04:00:00,348.37
2026-04-07 04:15:00,348.98
2026-04-07 04:30:00,350.93
2026-04-07 04:45:00,343.91
2026-04-07 05:00:00,342.76
2026-04-07 05:15:00,340.58
2026-04-07 05:30:00,342.76
2026-04-07 05:45:00,344.71
2026-04-07 06:00:00,354.22
2026-04-07 06:15:00,343.59
2026-04-07 06:30:00,355.26
2026-04-07 06:45:00,340.5
2026-04-07 07:00:00,337.56
2026-04-07 07:15:00,334.91
2026-04-07 07:30:00,338.57
2026-04-07 07:45:00,328.7
2026-04-07 08:00:00,204.4
2026-04-07 08:15:00,204.25
2026-04-07 08:30:00,51.22
2026-04-07 08:45:00,11.77
2026-04-07 09:00:00,11.72
2026-04-07 09:15:00,6.81
2026-04-07 09:30:00,6.8
2026-04-07 09:45:00,6.67
2026-04-07 10:00:00,6.27
2026-04-07 10:15:00,6.5
2026-04-07 10:30:00,6.41
2026-04-07 10:45:00,22.05
2026-04-07 11:00:00,383.83
2026-04-07 11:15:00,45.83
2026-04-07 11:30:00,6.64
2026-04-07 11:45:00,6.64
2026-04-07 12:00:00,24.76
2026-04-07 12:15:00,43.46
2026-04-07 12:30:00,34.93
2026-04-07 12:45:00,67.84
2026-04-07 13:00:00,310.67
2026-04-07 13:15:00,353.27
2026-04-07 13:30:00,366.12
2026-04-07 13:45:00,364.0
2026-04-07 14:00:00,366.97
2026-04-07 14:15:00,354.36
2026-04-07 14:30:00,348.92
2026-04-07 14:45:00,354.16
2026-04-07 15:00:00,362.06
2026-04-07 15:15:00,371.73
2026-04-07 15:30:00,378.31
2026-04-07 15:45:00,375.02
2026-04-07 16:00:00,384.79
2026-04-07 16:15:00,508.99
2026-04-07 16:30:00,386.81
2026-04-07 16:45:00,368.15
2026-04-07 17:00:00,364.84
2026-04-07 17:15:00,360.11
2026-04-07 17:30:00,359.1
2026-04-07 17:45:00,353.66
2026-04-07 18:00:00,339.7
2026-04-07 18:15:00,339.56
2026-04-07 18:30:00,344.85
2026-04-07 18:45:00,369.59
2026-04-07 19:00:00,348.98
2026-04-07 19:15:00,343.97
2026-04-07 19:30:00,352.62
2026-04-07 19:45:00,346.79
2026-04-07 20:00:00,353.45
2026-04-07 20:15:00,338.34
2026-04-07 20:30:00,338.14
2026-04-07 20:45:00,337.69
2026-04-07 21:00:00,337.74
2026-04-07 21:15:00,338.16
2026-04-07 21:30:00,334.65
2026-04-07 21:45:00,342.34
2026-04-07 22:00:00,336.45
2026-04-07 22:15:00,334.77
2026-04-07 22:30:00,337.31
2026-04-07 22:45:00,335.98
2026-04-07 23:00:00,334.3
2026-04-07 23:15:00,336.59
2026-04-07 23:30:00,334.25
2026-04-07 23:45:00,344.17
2026-04-08 00:00:00,349.53
2026-04-08 00:15:00,342.32
2026-04-08 00:30:00,343.9
2026-04-08 00:45:00,353.87
2026-04-08 01:00:00,352.89
2026-04-08 01:15:00,350.74
2026-04-08 01:30:00,350.74
2026-04-08 01:45:00,350.73
2026-04-08 02:00:00,344.88
2026-04-08 02:15:00,349.83
2026-04-08 02:30:00,348.87
2026-04-08 02:45:00,348.86
2026-04-08 03:00:00,348.86
2026-04-08 03:15:00,347.06
2026-04-08 03:30:00,347.06
2026-04-08 03:45:00,347.07
2026-04-08 04:00:00,347.06
2026-04-08 04:15:00,338.06
2026-04-08 04:30:00,338.16
2026-04-08 04:45:00,338.17
2026-04-08 05:00:00,338.23
2026-04-08 05:15:00,340.09
2026-04-08 05:30:00,339.99
2026-04-08 05:45:00,349.0
2026-04-08 06:00:00,351.07
2026-04-08 06:15:00,345.25
2026-04-08 06:30:00,343.15
2026-04-08 06:45:00,343.38
2026-04-08 07:00:00,343.58
2026-04-08 07:15:00,343.83
2026-04-08 07:30:00,334.51
2026-04-08 07:45:00,351.54
2026-04-08 08:00:00,353.34
2026-04-08 08:15:00,353.37
2026-04-08 08:30:00,353.64
2026-04-08 08:45:00,349.91
2026-04-08 09:00:00,350.52
2026-04-08 09:15:00,338.9
2026-04-08 09:30:00,335.17
2026-04-08 09:45:00,316.98
2026-04-08 10:00:00,350.62
2026-04-08 10:15:00,354.03
2026-04-08 10:30:00,354.76
2026-04-08 10:45:00,354.55
2026-04-08 11:00:00,354.58
2026-04-08 11:15:00,353.54
2026-04-08 11:30:00,349.41
2026-04-08 11:45:00,336.76
2026-04-08 12:00:00,342.64
2026-04-08 12:15:00,342.8
2026-04-08 12:30:00,344.7
2026-04-08 12:45:00,345.21
2026-04-08 13:00:00,350.63
2026-04-08 13:15:00,348.66
2026-04-08 13:30:00,342.8
2026-04-08 13:45:00,327.05
2026-04-08 14:00:00,186.37
2026-04-08 14:15:00,227.49
2026-04-08 14:30:00,270.52
2026-04-08 14:45:00,333.82
2026-04-08 15:00:00,347.74
2026-04-08 15:15:00,351.14
2026-04-08 15:30:00,353.83
2026-04-08 15:45:00,354.72
2026-04-08 16:00:00,353.58
2026-04-08 16:15:00,355.42
2026-04-08 16:30:00,356.83
2026-04-08 16:45:00,356.86
2026-04-08 17:00:00,356.87
2026-04-08 17:15:00,354.78
2026-04-08 17:30:00,355.62
2026-04-08 17:45:00,356.47
2026-04-08 18:00:00,355.14
2026-04-08 18:15:00,362.93
2026-04-08 18:30:00,364.74
2026-04-08 18:45:00,367.82
2026-04-08 19:00:00,366.72
2026-04-08 19:15:00,366.78
2026-04-08 19:30:00,374.55
2026-04-08 19:45:00,371.2
2026-04-08 20:00:00,364.69
2026-04-08 20:15:00,359.1
2026-04-08 20:30:00,361.42
2026-04-08 20:45:00,360.04
2026-04-08 21:00:00,347.18
2026-04-08 21:15:00,365.26
2026-04-08 21:30:00,357.75
2026-04-08 21:45:00,365.77
2026-04-08 22:00:00,344.08
2026-04-08 22:15:00,342.15
2026-04-08 22:30:00,342.23
2026-04-08 22:45:00,345.88
2026-04-08 23:00:00,344.48
2026-04-08 23:15:00,342.31
2026-04-08 23:30:00,341.25
2026-04-08 23:45:00,347.48
2026-04-09 00:00:00,303.66
2026-04-09 00:15:00,307.39
2026-04-09 00:30:00,292.25
2026-04-09 00:45:00,292.09
2026-04-09 01:00:00,289.52
2026-04-09 01:15:00,287.69
2026-04-09 01:30:00,288.17
2026-04-09 01:45:00,285.41
2026-04-09 02:00:00,285.95
2026-04-09 02:15:00,288.32
2026-04-09 02:30:00,288.73
2026-04-09 02:45:00,286.55
2026-04-09 03:00:00,284.45
2026-04-09 03:15:00,280.45
2026-04-09 03:30:00,284.57
2026-04-09 03:45:00,289.56
2026-04-09 04:00:00,298.07
2026-04-09 04:15:00,297.23
2026-04-09 04:30:00,293.83
2026-04-09 04:45:00,305.64
2026-04-09 05:00:00,308.76
2026-04-09 05:15:00,308.76
2026-04-09 05:30:00,310.39
2026-04-09 05:45:00,310.39
2026-04-09 06:00:00,312.36
2026-04-09 06:15:00,310.78
2026-04-09 06:30:00,310.79
2026-04-09 06:45:00,310.8
2026-04-09 07:00:00,315.41
2026-04-09 07:15:00,323.39
2026-04-09 07:30:00,329.12
2026-04-09 07:45:00,331.21
2026-04-09 08:00:00,401.49
2026-04-09 08:15:00,385.1
2026-04-09 08:30:00,344.7
2026-04-09 08:45:00,342.78
2026-04-09 09:00:00,345.77
2026-04-09 09:15:00,345.9
2026-04-09 09:30:00,333.06
2026-04-09 09:45:00,335.61
2026-04-09 10:00:00,588.71
2026-04-09 10:15:00,826.9
2026-04-09 10:30:00,826.91
2026-04-09 10:45:00,827.07
2026-04-09 11:00:00,826.55
2026-04-09 11:15:00,826.81
2026-04-09 11:30:00,604.38
2026-04-09 11:45:00,403.95
2026-04-09 12:00:00,798.06
2026-04-09 12:15:00,798.02
2026-04-09 12:30:00,798.12
2026-04-09 12:45:00,798.09
2026-04-09 13:00:00,797.95
2026-04-09 13:15:00,592.91
2026-04-09 13:30:00,536.69
2026-04-09 13:45:00,327.28
2026-04-09 14:00:00,321.48
2026-04-09 14:15:00,320.11
2026-04-09 14:30:00,307.9
2026-04-09 14:45:00,320.0
2026-04-09 15:00:00,307.81
2026-04-09 15:15:00,309.05
2026-04-09 15:30:00,324.05
2026-04-09 15:45:00,325.06
2026-04-09 16:00:00,320.95
2026-04-09 16:15:00,326.27
2026-04-09 16:30:00,326.35
2026-04-09 16:45:00,328.56
2026-04-09 17:00:00,335.95
2026-04-09 17:15:00,330.52
2026-04-09 17:30:00,333.4
2026-04-09 17:45:00,329.49
2026-04-09 18:00:00,333.41
2026-04-09 18:15:00,334.02
2026-04-09 18:30:00,334.09
2026-04-09 18:45:00,332.83
2026-04-09 19:00:00,332.89
2026-04-09 19:15:00,333.03
2026-04-09 19:30:00,333.01
2026-04-09 19:45:00,331.48
2026-04-09 20:00:00,333.17
2026-04-09 20:15:00,333.77
2026-04-09 20:30:00,333.04
2026-04-09 20:45:00,322.48
2026-04-09 21:00:00,319.28
2026-04-09 21:15:00,317.03
2026-04-09 21:30:00,314.65
2026-04-09 21:45:00,314.76
2026-04-09 22:00:00,314.86
2026-04-09 22:15:00,314.76
2026-04-09 22:30:00,314.74
2026-04-09 22:45:00,312.65
2026-04-09 23:00:00,304.97
2026-04-09 23:15:00,296.68
2026-04-09 23:30:00,298.19
2026-04-09 23:45:00,306.92
2026-04-10 00:00:00,349.26
2026-04-10 00:15:00,353.31
2026-04-10 00:30:00,353.82
2026-04-10 00:45:00,353.23
2026-04-10 01:00:00,354.99
2026-04-10 01:15:00,351.0
2026-04-10 01:30:00,351.0
2026-04-10 01:45:00,350.79
2026-04-10 02:00:00,350.79
2026-04-10 02:15:00,350.79
2026-04-10 02:30:00,350.75
2026-04-10 02:45:00,350.76
2026-04-10 03:00:00,350.74
2026-04-10 03:15:00,350.76
2026-04-10 03:30:00,350.76
2026-04-10 03:45:00,350.76
2026-04-10 04:00:00,355.47
2026-04-10 04:15:00,357.53
2026-04-10 04:30:00,357.8
2026-04-10 04:45:00,357.65
2026-04-10 05:00:00,366.31
2026-04-10 05:15:00,357.46
2026-04-10 05:30:00,358.33
2026-04-10 05:45:00,367.44
2026-04-10 06:00:00,371.95
2026-04-10 06:15:00,372.85
2026-04-10 06:30:00,373.05
2026-04-10 06:45:00,370.19
2026-04-10 07:00:00,370.25
2026-04-10 07:15:00,368.45
2026-04-10 07:30:00,372.09
2026-04-10 07:45:00,370.22
2026-04-10 08:00:00,369.95
2026-04-10 08:15:00,371.49
2026-04-10 08:30:00,371.41
2026-04-10 08:45:00,370.73
2026-04-10 09:00:00,360.11
2026-04-10 09:15:00,359.24
2026-04-10 09:30:00,370.0
2026-04-10 09:45:00,365.97
2026-04-10 10:00:00,352.59
2026-04-10 10:15:00,346.71
2026-04-10 10:30:00,344.53
2026-04-10 10:45:00,325.28
2026-04-10 11:00:00,309.94
2026-04-10 11:15:00,45.67
2026-04-10 11:30:00,13.66
2026-04-10 11:45:00,7.17
2026-04-10 12:00:00,6.7
2026-04-10 12:15:00,7.34
2026-04-10 12:30:00,11.68
2026-04-10 12:45:00,14.96
2026-04-10 13:00:00,14.83
2026-04-10 13:15:00,15.02
2026-04-10 13:30:00,19.73
2026-04-10 13:45:00,19.79
2026-04-10 14:00:00,19.22
2026-04-10 14:15:00,26.64
2026-04-10 14:30:00,54.6
2026-04-10 14:45:00,66.74
2026-04-10 15:00:00,87.8
2026-04-10 15:15:00,145.59
2026-04-10 15:30:00,289.69
2026-04-10 15:45:00,255.56
2026-04-10 16:00:00,360.84
2026-04-10 16:15:00,527.31
2026-04-10 16:30:00,646.75
2026-04-10 16:45:00,690.18
2026-04-10 17:00:00,671.66
2026-04-10 17:15:00,385.75
2026-04-10 17:30:00,383.98
2026-04-10 17:45:00,386.2
2026-04-10 18:00:00,373.54
2026-04-10 18:15:00,373.25
2026-04-10 18:30:00,384.26
2026-04-10 18:45:00,393.97
2026-04-10 19:00:00,380.15
2026-04-10 19:15:00,366.58
2026-04-10 19:30:00,372.6
2026-04-10 19:45:00,368.75
2026-04-10 20:00:00,368.07
2026-04-10 20:15:00,370.21
2026-04-10 20:30:00,371.88
2026-04-10 20:45:00,366.63
2026-04-10 21:00:00,365.73
2026-04-10 21:15:00,363.96
2026-04-10 21:30:00,361.48
2026-04-10 21:45:00,372.39
2026-04-10 22:00:00,363.94
2026-04-10 22:15:00,363.47
2026-04-10 22:30:00,368.86
2026-04-10 22:45:00,361.69
2026-04-10 23:00:00,360.7
2026-04-10 23:15:00,355.0
2026-04-10 23:30:00,348.71
2026-04-10 23:45:00,340.36
2026-04-11 00:00:00,367.21
2026-04-11 00:15:00,371.96
2026-04-11 00:30:00,370.85
2026-04-11 00:45:00,362.96
2026-04-11 01:00:00,361.58
2026-04-11 01:15:00,360.2
2026-04-11 01:30:00,356.27
2026-04-11 01:45:00,347.9
2026-04-11 02:00:00,349.28
2026-04-11 02:15:00,348.57
2026-04-11 02:30:00,348.76
2026-04-11 02:45:00,351.35
2026-04-11 03:00:00,351.14
2026-04-11 03:15:00,351.07
2026-04-11 03:30:00,349.05
2026-04-11 03:45:00,349.34
2026-04-11 04:00:00,350.96
2026-04-11 04:15:00,342.58
2026-04-11 04:30:00,343.24
2026-04-11 04:45:00,342.33
2026-04-11 05:00:00,342.84
2026-04-11 05:15:00,351.06
2026-04-11 05:30:00,352.39
2026-04-11 05:45:00,352.58
2026-04-11 06:00:00,358.03
2026-04-11 06:15:00,357.27
2026-04-11 06:30:00,355.53
2026-04-11 06:45:00,356.38
2026-04-11 07:00:00,352.88
2026-04-11 07:15:00,343.66
2026-04-11 07:30:00,351.41
2026-04-11 07:45:00,356.64
2026-04-11 08:00:00,359.99
2026-04-11 08:15:00,362.97
2026-04-11 08:30:00,376.44
2026-04-11 08:45:00,379.84
2026-04-11 09:00:00,380.71
2026-04-11 09:15:00,380.62
2026-04-11 09:30:00,380.99
2026-04-11 09:45:00,380.53
2026-04-11 10:00:00,381.4
2026-04-11 10:15:00,397.06
2026-04-11 10:30:00,387.96
2026-04-11 10:45:00,400.26
2026-04-11 11:00:00,400.33
2026-04-11 11:15:00,387.37
2026-04-11 11:30:00,369.6
2026-04-11 11:45:00,356.43
2026-04-11 12:00:00,367.85
2026-04-11 12:15:00,369.04
2026-04-11 12:30:00,366.1
2026-04-11 12:45:00,369.24
2026-04-11 13:00:00,371.76
2026-04-11 13:15:00,374.6
2026-04-11 13:30:00,379.24
2026-04-11 13:45:00,376.47
2026-04-11 14:00:00,385.41
2026-04-11 14:15:00,677.7
2026-04-11 14:30:00,677.55
2026-04-11 14:45:00,677.07
2026-04-11 15:00:00,472.0
2026-04-11 15:15:00,493.95
2026-04-11 15:30:00,676.67
2026-04-11 15:45:00,450.59
2026-04-11 16:00:00,391.09
2026-04-11 16:15:00,390.84
2026-04-11 16:30:00,379.86
2026-04-11 16:45:00,379.16
2026-04-11 17:00:00,374.69
2026-04-11 17:15:00,378.18
2026-04-11 17:30:00,375.6
2026-04-11 17:45:00,373.82
2026-04-11 18:00:00,370.95
2026-04-11 18:15:00,360.95
2026-04-11 18:30:00,371.08
2026-04-11 18:45:00,374.06
2026-04-11 19:00:00,360.88
2026-04-11 19:15:00,359.0
2026-04-11 19:30:00,357.2
2026-04-11 19:45:00,357.36
2026-04-11 20:00:00,355.69
2026-04-11 20:15:00,353.85
2026-04-11 20:30:00,352.01
2026-04-11 20:45:00,342.11
2026-04-11 21:00:00,341.39
2026-04-11 21:15:00,338.02
2026-04-11 21:30:00,337.48
2026-04-11 21:45:00,333.29
2026-04-11 22:00:00,305.83
2026-04-11 22:15:00,329.54
2026-04-11 22:30:00,334.65
2026-04-11 22:45:00,332.36
2026-04-11 23:00:00,334.78
2026-04-11 23:15:00,345.96
2026-04-11 23:30:00,345.92
2026-04-11 23:45:00,345.88
2026-04-12 00:00:00,352.13
2026-04-12 00:15:00,352.12
2026-04-12 00:30:00,352.66
2026-04-12 00:45:00,351.98
2026-04-12 01:00:00,351.91
2026-04-12 01:15:00,349.73
2026-04-12 01:30:00,347.8
2026-04-12 01:45:00,337.54
2026-04-12 02:00:00,332.24
2026-04-12 02:15:00,331.25
2026-04-12 02:30:00,331.29
2026-04-12 02:45:00,324.25
2026-04-12 03:00:00,324.25
2026-04-12 03:15:00,321.16
2026-04-12 03:30:00,318.93
2026-04-12 03:45:00,253.76
2026-04-12 04:00:00,245.81
2026-04-12 04:15:00,254.52
2026-04-12 04:30:00,312.54
2026-04-12 04:45:00,327.42
2026-04-12 05:00:00,333.7
2026-04-12 05:15:00,344.79
2026-04-12 05:30:00,344.08
2026-04-12 05:45:00,347.84
2026-04-12 06:00:00,349.72
2026-04-12 06:15:00,349.76
2026-04-12 06:30:00,349.77
2026-04-12 06:45:00,347.18
2026-04-12 07:00:00,333.44
2026-04-12 07:15:00,324.94
2026-04-12 07:30:00,240.54
2026-04-12 07:45:00,205.34
2026-04-12 08:00:00,195.98
2026-04-12 08:15:00,189.27
2026-04-12 08:30:00,183.74
2026-04-12 08:45:00,50.07
2026-04-12 09:00:00,41.08
2026-04-12 09:15:00,11.1
2026-04-12 09:30:00,7.4
2026-04-12 09:45:00,7.05
2026-04-12 10:00:00,6.71
2026-04-12 10:15:00,7.11
2026-04-12 10:30:00,7.11
2026-04-12 10:45:00,8.17
2026-04-12 11:00:00,7.55
2026-04-12 11:15:00,7.35
2026-04-12 11:30:00,12.38
2026-04-12 11:45:00,7.9
2026-04-12 12:00:00,7.38
2026-04-12 12:15:00,7.92
2026-04-12 12:30:00,7.84
2026-04-12 12:45:00,11.96
2026-04-12 13:00:00,15.97
2026-04-12 13:15:00,7.66
2026-04-12 13:30:00,11.23
2026-04-12 13:45:00,7.9
2026-04-12 14:00:00,7.93
2026-04-12 14:15:00,7.85
2026-04-12 14:30:00,7.86
2026-04-12 14:45:00,12.52
2026-04-12 15:00:00,27.06
2026-04-12 15:15:00,47.26
2026-04-12 15:30:00,150.15
2026-04-12 15:45:00,192.12
2026-04-12 16:00:00,333.91
2026-04-12 16:15:00,349.73
2026-04-12 16:30:00,355.12
2026-04-12 16:45:00,356.77
2026-04-12 17:00:00,371.0
2026-04-12 17:15:00,370.25
2026-04-12 17:30:00,373.43
2026-04-12 17:45:00,373.4
2026-04-12 18:00:00,373.51
2026-04-12 18:15:00,378.02
2026-04-12 18:30:00,376.61
2026-04-12 18:45:00,376.58
2026-04-12 19:00:00,374.91
2026-04-12 19:15:00,374.2
2026-04-12 19:30:00,374.91
2026-04-12 19:45:00,372.06
2026-04-12 20:00:00,372.1
2026-04-12 20:15:00,373.08
2026-04-12 20:30:00,373.8
2026-04-12 20:45:00,373.1
2026-04-12 21:00:00,374.96
2026-04-12 21:15:00,372.53
2026-04-12 21:30:00,361.66
2026-04-12 21:45:00,360.94
2026-04-12 22:00:00,355.95
2026-04-12 22:15:00,354.14
2026-04-12 22:30:00,355.72
2026-04-12 22:45:00,353.86
2026-04-12 23:00:00,353.65
2026-04-12 23:15:00,351.14
2026-04-12 23:30:00,347.88
2026-04-12 23:45:00,337.91
2026-04-13 00:00:00,355.72
2026-04-13 00:15:00,355.34
2026-04-13 00:30:00,353.7
2026-04-13 00:45:00,351.73
2026-04-13 01:00:00,346.9
2026-04-13 01:15:00,344.81
2026-04-13 01:30:00,345.02
2026-04-13 01:45:00,349.74
2026-04-13 02:00:00,349.73
2026-04-13 02:15:00,347.82
2026-04-13 02:30:00,347.82
2026-04-13 02:45:00,345.77
2026-04-13 03:00:00,345.77
2026-04-13 03:15:00,333.56
2026-04-13 03:30:00,332.59
2026-04-13 03:45:00,332.45
2026-04-13 04:00:00,319.37
2026-04-13 04:15:00,327.83
2026-04-13 04:30:00,329.75
2026-04-13 04:45:00,330.6
2026-04-13 05:00:00,333.5
2026-04-13 05:15:00,333.47
2026-04-13 05:30:00,345.79
2026-04-13 05:45:00,345.78
2026-04-13 06:00:00,338.64
2026-04-13 06:15:00,338.2
2026-04-13 06:30:00,336.47
2026-04-13 06:45:00,338.55
2026-04-13 07:00:00,335.74
2026-04-13 07:15:00,328.37
2026-04-13 07:30:00,336.05
2026-04-13 07:45:00,326.23
2026-04-13 08:00:00,188.6
2026-04-13 08:15:00,184.63
2026-04-13 08:30:00,193.54
2026-04-13 08:45:00,330.6
2026-04-13 09:00:00,339.06
2026-04-13 09:15:00,330.52
2026-04-13 09:30:00,336.41
2026-04-13 09:45:00,340.79
2026-04-13 10:00:00,185.37
2026-04-13 10:15:00,333.37
2026-04-13 10:30:00,192.75
2026-04-13 10:45:00,205.63
2026-04-13 11:00:00,338.95
2026-04-13 11:15:00,350.78
2026-04-13 11:30:00,315.52
2026-04-13 11:45:00,250.46
2026-04-13 12:00:00,354.97
2026-04-13 12:15:00,354.79
2026-04-13 12:30:00,351.93
2026-04-13 12:45:00,359.06
2026-04-13 13:00:00,361.92
2026-04-13 13:15:00,375.17
2026-04-13 13:30:00,382.17
2026-04-13 13:45:00,400.54
2026-04-13 14:00:00,907.05
2026-04-13 14:15:00,664.26
2026-04-13 14:30:00,684.75
2026-04-13 14:45:00,460.04
2026-04-13 15:00:00,383.94
2026-04-13 15:15:00,374.64
2026-04-13 15:30:00,376.51
2026-04-13 15:45:00,378.47
2026-04-13 16:00:00,376.62
2026-04-13 16:15:00,383.25
2026-04-13 16:30:00,384.89
2026-04-13 16:45:00,389.57
2026-04-13 17:00:00,385.67
2026-04-13 17:15:00,382.01
2026-04-13 17:30:00,376.07
2026-04-13 17:45:00,373.94
2026-04-13 18:00:00,371.21
2026-04-13 18:15:00,371.42
2026-04-13 18:30:00,362.92
2026-04-13 18:45:00,379.5
2026-04-13 19:00:00,367.2
2026-04-13 19:15:00,363.43
2026-04-13 19:30:00,360.96
2026-04-13 19:45:00,360.44
2026-04-13 20:00:00,363.7
2026-04-13 20:15:00,360.3
2026-04-13 20:30:00,358.11
2026-04-13 20:45:00,358.07
2026-04-13 21:00:00,358.04
2026-04-13 21:15:00,357.24
2026-04-13 21:30:00,354.41
2026-04-13 21:45:00,356.58
2026-04-13 22:00:00,353.38
2026-04-13 22:15:00,347.51
2026-04-13 22:30:00,353.63
2026-04-13 22:45:00,344.52
2026-04-13 23:00:00,347.04
2026-04-13 23:15:00,350.14
2026-04-13 23:30:00,345.42
2026-04-13 23:45:00,346.34
