time,实时发电_火电
2025-06-11 00:00:00,2336.985
2025-06-11 00:15:00,2316.631
2025-06-11 00:30:00,2150.748
2025-06-11 00:45:00,2088.189
2025-06-11 01:00:00,2095.343
2025-06-11 01:15:00,2004.05
2025-06-11 01:30:00,2000.75
2025-06-11 01:45:00,1984.195
2025-06-11 02:00:00,2049.036
2025-06-11 02:15:00,2027.903
2025-06-11 02:30:00,1987.249
2025-06-11 02:45:00,1926.063
2025-06-11 03:00:00,1979.967
2025-06-11 03:15:00,1947.634
2025-06-11 03:30:00,1887.469
2025-06-11 03:45:00,1896.573
2025-06-11 04:00:00,1871.162
2025-06-11 04:15:00,1812.252
2025-06-11 04:30:00,1811.151
2025-06-11 04:45:00,1781.981
2025-06-11 05:00:00,1866.271
2025-06-11 05:15:00,1941.784
2025-06-11 05:30:00,2063.39
2025-06-11 05:45:00,2168.435
2025-06-11 06:00:00,2226.126
2025-06-11 06:15:00,2131.054
2025-06-11 06:30:00,2159.896
2025-06-11 06:45:00,2001.754
2025-06-11 07:00:00,1858.046
2025-06-11 07:15:00,1654.184
2025-06-11 07:30:00,1551.631
2025-06-11 07:45:00,1528.113
2025-06-11 08:00:00,1559.406
2025-06-11 08:15:00,1684.955
2025-06-11 08:30:00,1865.839
2025-06-11 08:45:00,2016.782
2025-06-11 09:00:00,1720.122
2025-06-11 09:15:00,1862.052
2025-06-11 09:30:00,1929.425
2025-06-11 09:45:00,1835.167
2025-06-11 10:00:00,1847.37
2025-06-11 10:15:00,1901.001
2025-06-11 10:30:00,1929.838
2025-06-11 10:45:00,1965.87
2025-06-11 11:00:00,1961.585
2025-06-11 11:15:00,1919.908
2025-06-11 11:30:00,1896.017
2025-06-11 11:45:00,1757.069
2025-06-11 12:00:00,1855.452
2025-06-11 12:15:00,1909.74
2025-06-11 12:30:00,1959.954
2025-06-11 12:45:00,1984.893
2025-06-11 13:00:00,1980.858
2025-06-11 13:15:00,2109.856
2025-06-11 13:30:00,1988.027
2025-06-11 13:45:00,2079.009
2025-06-11 14:00:00,2210.646
2025-06-11 14:15:00,2345.526
2025-06-11 14:30:00,2252.298
2025-06-11 14:45:00,2223.052
2025-06-11 15:00:00,2149.558
2025-06-11 15:15:00,2118.602
2025-06-11 15:30:00,2033.64
2025-06-11 15:45:00,1993.238
2025-06-11 16:00:00,2128.716
2025-06-11 16:15:00,2196.507
2025-06-11 16:30:00,2400.812
2025-06-11 16:45:00,2035.403
2025-06-11 17:00:00,2270.194
2025-06-11 17:15:00,2150.498
2025-06-11 17:30:00,2223.759
2025-06-11 17:45:00,2097.464
2025-06-11 18:00:00,2021.16
2025-06-11 18:15:00,2127.898
2025-06-11 18:30:00,1941.032
2025-06-11 18:45:00,1935.414
2025-06-11 19:00:00,1957.44
2025-06-11 19:15:00,1916.214
2025-06-11 19:30:00,1873.712
2025-06-11 19:45:00,1941.577
2025-06-11 20:00:00,1860.55
2025-06-11 20:15:00,1744.888
2025-06-11 20:30:00,1698.764
2025-06-11 20:45:00,1863.064
2025-06-11 21:00:00,1874.703
2025-06-11 21:15:00,1912.036
2025-06-11 21:30:00,1950.857
2025-06-11 21:45:00,1889.275
2025-06-11 22:00:00,1933.48
2025-06-11 22:15:00,1546.065
2025-06-11 22:30:00,1688.368
2025-06-11 22:45:00,1944.016
2025-06-11 23:00:00,2443.998
2025-06-11 23:15:00,2029.09
2025-06-11 23:30:00,2147.733
2025-06-11 23:45:00,2143.15
2025-06-12 00:00:00,2316.619
2025-06-12 00:15:00,2474.09
2025-06-12 00:30:00,2410.949
2025-06-12 00:45:00,2336.187
2025-06-12 01:00:00,2248.885
2025-06-12 01:15:00,2169.426
2025-06-12 01:30:00,2270.687
2025-06-12 01:45:00,2218.483
2025-06-12 02:00:00,2002.937
2025-06-12 02:15:00,2066.745
2025-06-12 02:30:00,1919.596
2025-06-12 02:45:00,1917.301
2025-06-12 03:00:00,1940.562
2025-06-12 03:15:00,1955.549
2025-06-12 03:30:00,1929.393
2025-06-12 03:45:00,1834.314
2025-06-12 04:00:00,1818.434
2025-06-12 04:15:00,1817.79
2025-06-12 04:30:00,1798.702
2025-06-12 04:45:00,1779.303
2025-06-12 05:00:00,1856.297
2025-06-12 05:15:00,1963.046
2025-06-12 05:30:00,1921.933
2025-06-12 05:45:00,2057.358
2025-06-12 06:00:00,2193.248
2025-06-12 06:15:00,2163.465
2025-06-12 06:30:00,2061.857
2025-06-12 06:45:00,1972.267
2025-06-12 07:00:00,1959.455
2025-06-12 07:15:00,1733.406
2025-06-12 07:30:00,1749.857
2025-06-12 07:45:00,1713.933
2025-06-12 08:00:00,1711.669
2025-06-12 08:15:00,1710.878
2025-06-12 08:30:00,1667.467
2025-06-12 08:45:00,1948.301
2025-06-12 09:00:00,1911.172
2025-06-12 09:15:00,1803.285
2025-06-12 09:30:00,1825.117
2025-06-12 09:45:00,1749.09
2025-06-12 10:00:00,1668.607
2025-06-12 10:15:00,1751.205
2025-06-12 10:30:00,1703.515
2025-06-12 10:45:00,1735.162
2025-06-12 11:00:00,1461.694
2025-06-12 11:15:00,1808.865
2025-06-12 11:30:00,1859.361
2025-06-12 11:45:00,1788.915
2025-06-12 12:00:00,1903.307
2025-06-12 12:15:00,1918.361
2025-06-12 12:30:00,1937.729
2025-06-12 12:45:00,1924.678
2025-06-12 13:00:00,1954.339
2025-06-12 13:15:00,1976.361
2025-06-12 13:30:00,1855.167
2025-06-12 13:45:00,1954.999
2025-06-12 14:00:00,1911.557
2025-06-12 14:15:00,1868.359
2025-06-12 14:30:00,1897.576
2025-06-12 14:45:00,1893.905
2025-06-12 15:00:00,1794.615
2025-06-12 15:15:00,1752.665
2025-06-12 15:30:00,1755.192
2025-06-12 15:45:00,1737.804
2025-06-12 16:00:00,1774.177
2025-06-12 16:15:00,2008.421
2025-06-12 16:30:00,2011.939
2025-06-12 16:45:00,2091.397
2025-06-12 17:00:00,2203.772
2025-06-12 17:15:00,2334.719
2025-06-12 17:30:00,2201.079
2025-06-12 17:45:00,2096.131
2025-06-12 18:00:00,1996.765
2025-06-12 18:15:00,2070.451
2025-06-12 18:30:00,2129.438
2025-06-12 18:45:00,2176.964
2025-06-12 19:00:00,2177.278
2025-06-12 19:15:00,2213.333
2025-06-12 19:30:00,2058.516
2025-06-12 19:45:00,1918.669
2025-06-12 20:00:00,1768.836
2025-06-12 20:15:00,1815.858
2025-06-12 20:30:00,1796.988
2025-06-12 20:45:00,1985.755
2025-06-12 21:00:00,2019.376
2025-06-12 21:15:00,2043.486
2025-06-12 21:30:00,2031.181
2025-06-12 21:45:00,2142.718
2025-06-12 22:00:00,2254.698
2025-06-12 22:15:00,2377.139
2025-06-12 22:30:00,2233.149
2025-06-12 22:45:00,2559.77
2025-06-12 23:00:00,2550.73
2025-06-12 23:15:00,2159.713
2025-06-12 23:30:00,2131.4
2025-06-12 23:45:00,2239.844
2025-06-13 00:00:00,2448.513
2025-06-13 00:15:00,2445.779
2025-06-13 00:30:00,2336.623
2025-06-13 00:45:00,2220.612
2025-06-13 01:00:00,2096.299
2025-06-13 01:15:00,2055.61
2025-06-13 01:30:00,2096.168
2025-06-13 01:45:00,2099.683
2025-06-13 02:00:00,2084.232
2025-06-13 02:15:00,2143.93
2025-06-13 02:30:00,2223.173
2025-06-13 02:45:00,2237.116
2025-06-13 03:00:00,2185.631
2025-06-13 03:15:00,2180.802
2025-06-13 03:30:00,2204.378
2025-06-13 03:45:00,2216.395
2025-06-13 04:00:00,2189.974
2025-06-13 04:15:00,2125.172
2025-06-13 04:30:00,2126.185
2025-06-13 04:45:00,2173.076
2025-06-13 05:00:00,2260.074
2025-06-13 05:15:00,2346.567
2025-06-13 05:30:00,2342.32
2025-06-13 05:45:00,2364.57
2025-06-13 06:00:00,2467.099
2025-06-13 06:15:00,2423.038
2025-06-13 06:30:00,2351.118
2025-06-13 06:45:00,2136.363
2025-06-13 07:00:00,1987.513
2025-06-13 07:15:00,1736.422
2025-06-13 07:30:00,1624.162
2025-06-13 07:45:00,1469.257
2025-06-13 08:00:00,1490.53
2025-06-13 08:15:00,1501.097
2025-06-13 08:30:00,1705.859
2025-06-13 08:45:00,1640.239
2025-06-13 09:00:00,1519.374
2025-06-13 09:15:00,1432.649
2025-06-13 09:30:00,1389.711
2025-06-13 09:45:00,1364.228
2025-06-13 10:00:00,1347.25
2025-06-13 10:15:00,1347.25
2025-06-13 10:30:00,1347.25
2025-06-13 10:45:00,1347.5
2025-06-13 11:00:00,1407.485
2025-06-13 11:15:00,1511.499
2025-06-13 11:30:00,1647.851
2025-06-13 11:45:00,1683.036
2025-06-13 12:00:00,1799.5
2025-06-13 12:15:00,1673.727
2025-06-13 12:30:00,1631.365
2025-06-13 12:45:00,1563.236
2025-06-13 13:00:00,1620.458
2025-06-13 13:15:00,1631.374
2025-06-13 13:30:00,1421.5
2025-06-13 13:45:00,1389.575
2025-06-13 14:00:00,1362.759
2025-06-13 14:15:00,1395.675
2025-06-13 14:30:00,1516.589
2025-06-13 14:45:00,1647.564
2025-06-13 15:00:00,1726.399
2025-06-13 15:15:00,1715.636
2025-06-13 15:30:00,1752.507
2025-06-13 15:45:00,1839.725
2025-06-13 16:00:00,1961.447
2025-06-13 16:15:00,2276.57
2025-06-13 16:30:00,2483.278
2025-06-13 16:45:00,2530.136
2025-06-13 17:00:00,2824.827
2025-06-13 17:15:00,2818.935
2025-06-13 17:30:00,2787.503
2025-06-13 17:45:00,2848.988
2025-06-13 18:00:00,2673.234
2025-06-13 18:15:00,2678.404
2025-06-13 18:30:00,2689.496
2025-06-13 18:45:00,2739.217
2025-06-13 19:00:00,2806.589
2025-06-13 19:15:00,2858.789
2025-06-13 19:30:00,2757.42
2025-06-13 19:45:00,2617.156
2025-06-13 20:00:00,2584.246
2025-06-13 20:15:00,2598.633
2025-06-13 20:30:00,2571.352
2025-06-13 20:45:00,2495.234
2025-06-13 21:00:00,2353.528
2025-06-13 21:15:00,2405.023
2025-06-13 21:30:00,2398.372
2025-06-13 21:45:00,2399.165
2025-06-13 22:00:00,2695.757
2025-06-13 22:15:00,2701.628
2025-06-13 22:30:00,2726.517
2025-06-13 22:45:00,2608.592
2025-06-13 23:00:00,2954.729
2025-06-13 23:15:00,2693.465
2025-06-13 23:30:00,2721.081
2025-06-13 23:45:00,2685.644
2025-06-14 00:00:00,2790.619
2025-06-14 00:15:00,2740.874
2025-06-14 00:30:00,2650.248
2025-06-14 00:45:00,2489.923
2025-06-14 01:00:00,2390.801
2025-06-14 01:15:00,2303.483
2025-06-14 01:30:00,2269.193
2025-06-14 01:45:00,2255.688
2025-06-14 02:00:00,2309.428
2025-06-14 02:15:00,2343.349
2025-06-14 02:30:00,2340.382
2025-06-14 02:45:00,2276.942
2025-06-14 03:00:00,2205.252
2025-06-14 03:15:00,2101.722
2025-06-14 03:30:00,2051.273
2025-06-14 03:45:00,1962.869
2025-06-14 04:00:00,1940.532
2025-06-14 04:15:00,1931.69
2025-06-14 04:30:00,1956.031
2025-06-14 04:45:00,1968.981
2025-06-14 05:00:00,1970.923
2025-06-14 05:15:00,1967.616
2025-06-14 05:30:00,1960.689
2025-06-14 05:45:00,2027.528
2025-06-14 06:00:00,2031.202
2025-06-14 06:15:00,1924.098
2025-06-14 06:30:00,1791.984
2025-06-14 06:45:00,1589.792
2025-06-14 07:00:00,1519.801
2025-06-14 07:15:00,1461.5
2025-06-14 07:30:00,1461.5
2025-06-14 07:45:00,1461.5
2025-06-14 08:00:00,1461.5
2025-06-14 08:15:00,1461.5
2025-06-14 08:30:00,1461.5
2025-06-14 08:45:00,1461.5
2025-06-14 09:00:00,1461.5
2025-06-14 09:15:00,1461.5
2025-06-14 09:30:00,1461.5
2025-06-14 09:45:00,1576.748
2025-06-14 10:00:00,1657.985
2025-06-14 10:15:00,1660.686
2025-06-14 10:30:00,1755.711
2025-06-14 10:45:00,1826.812
2025-06-14 11:00:00,1511.868
2025-06-14 11:15:00,1523.974
2025-06-14 11:30:00,1500.734
2025-06-14 11:45:00,1453.102
2025-06-14 12:00:00,1462.488
2025-06-14 12:15:00,1501.079
2025-06-14 12:30:00,1494.952
2025-06-14 12:45:00,1572.596
2025-06-14 13:00:00,1628.719
2025-06-14 13:15:00,1726.841
2025-06-14 13:30:00,1664.728
2025-06-14 13:45:00,1621.628
2025-06-14 14:00:00,1669.543
2025-06-14 14:15:00,1619.182
2025-06-14 14:30:00,1684.631
2025-06-14 14:45:00,1912.056
2025-06-14 15:00:00,1772.487
2025-06-14 15:15:00,1795.003
2025-06-14 15:30:00,1772.406
2025-06-14 15:45:00,1757.747
2025-06-14 16:00:00,1829.21
2025-06-14 16:15:00,2080.252
2025-06-14 16:30:00,2413.986
2025-06-14 16:45:00,2317.845
2025-06-14 17:00:00,2617.784
2025-06-14 17:15:00,2611.417
2025-06-14 17:30:00,2597.99
2025-06-14 17:45:00,2673.484
2025-06-14 18:00:00,2693.737
2025-06-14 18:15:00,2687.707
2025-06-14 18:30:00,2682.856
2025-06-14 18:45:00,2648.745
2025-06-14 19:00:00,2560.839
2025-06-14 19:15:00,2493.158
2025-06-14 19:30:00,2443.72
2025-06-14 19:45:00,2398.187
2025-06-14 20:00:00,2384.679
2025-06-14 20:15:00,2466.825
2025-06-14 20:30:00,2789.276
2025-06-14 20:45:00,2765.957
2025-06-14 21:00:00,2871.509
2025-06-14 21:15:00,2912.823
2025-06-14 21:30:00,2891.676
2025-06-14 21:45:00,3149.762
2025-06-14 22:00:00,3142.262
2025-06-14 22:15:00,2983.506
2025-06-14 22:30:00,3030.318
2025-06-14 22:45:00,2971.506
2025-06-14 23:00:00,3251.656
2025-06-14 23:15:00,3104.762
2025-06-14 23:30:00,3082.262
2025-06-14 23:45:00,2924.856
2025-06-15 00:00:00,2943.949
2025-06-15 00:15:00,2919.278
2025-06-15 00:30:00,2725.141
2025-06-15 00:45:00,2619.039
2025-06-15 01:00:00,2518.371
2025-06-15 01:15:00,2574.115
2025-06-15 01:30:00,2564.385
2025-06-15 01:45:00,2549.045
2025-06-15 02:00:00,2583.584
2025-06-15 02:15:00,2618.892
2025-06-15 02:30:00,2570.488
2025-06-15 02:45:00,2407.342
2025-06-15 03:00:00,2403.848
2025-06-15 03:15:00,2350.331
2025-06-15 03:30:00,2250.867
2025-06-15 03:45:00,2231.077
2025-06-15 04:00:00,2143.748
2025-06-15 04:15:00,2122.986
2025-06-15 04:30:00,2083.346
2025-06-15 04:45:00,1990.064
2025-06-15 05:00:00,1897.287
2025-06-15 05:15:00,1868.801
2025-06-15 05:30:00,1838.822
2025-06-15 05:45:00,1847.814
2025-06-15 06:00:00,1775.281
2025-06-15 06:15:00,1600.367
2025-06-15 06:30:00,1582.851
2025-06-15 06:45:00,1559.531
2025-06-15 07:00:00,1527.64
2025-06-15 07:15:00,1352.75
2025-06-15 07:30:00,1351.5
2025-06-15 07:45:00,1351.5
2025-06-15 08:00:00,1375.5
2025-06-15 08:15:00,1375.5
2025-06-15 08:30:00,1375.5
2025-06-15 08:45:00,1375.5
2025-06-15 09:00:00,1375.5
2025-06-15 09:15:00,1375.5
2025-06-15 09:30:00,1375.5
2025-06-15 09:45:00,1380.5
2025-06-15 10:00:00,1383.0
2025-06-15 10:15:00,1492.018
2025-06-15 10:30:00,1488.736
2025-06-15 10:45:00,1390.5
2025-06-15 11:00:00,1421.802
2025-06-15 11:15:00,1395.5
2025-06-15 11:30:00,1398.0
2025-06-15 11:45:00,1398.0
2025-06-15 12:00:00,1398.0
2025-06-15 12:15:00,1398.0
2025-06-15 12:30:00,1398.0
2025-06-15 12:45:00,1398.0
2025-06-15 13:00:00,1398.0
2025-06-15 13:15:00,1398.0
2025-06-15 13:30:00,1398.0
2025-06-15 13:45:00,1398.0
2025-06-15 14:00:00,1398.0
2025-06-15 14:15:00,1398.0
2025-06-15 14:30:00,1506.895
2025-06-15 14:45:00,1438.514
2025-06-15 15:00:00,1588.523
2025-06-15 15:15:00,1568.655
2025-06-15 15:30:00,1472.704
2025-06-15 15:45:00,1457.84
2025-06-15 16:00:00,1423.068
2025-06-15 16:15:00,1483.036
2025-06-15 16:30:00,1656.291
2025-06-15 16:45:00,1773.745
2025-06-15 17:00:00,1935.304
2025-06-15 17:15:00,1927.619
2025-06-15 17:30:00,1847.462
2025-06-15 17:45:00,1759.196
2025-06-15 18:00:00,1652.549
2025-06-15 18:15:00,1702.04
2025-06-15 18:30:00,1790.132
2025-06-15 18:45:00,1867.726
2025-06-15 19:00:00,1842.483
2025-06-15 19:15:00,1845.073
2025-06-15 19:30:00,1788.013
2025-06-15 19:45:00,1748.745
2025-06-15 20:00:00,1966.634
2025-06-15 20:15:00,2018.54
2025-06-15 20:30:00,2048.561
2025-06-15 20:45:00,1944.068
2025-06-15 21:00:00,1823.033
2025-06-15 21:15:00,1947.309
2025-06-15 21:30:00,2076.998
2025-06-15 21:45:00,2199.5
2025-06-15 22:00:00,2221.701
2025-06-15 22:15:00,2142.766
2025-06-15 22:30:00,2018.47
2025-06-15 22:45:00,2101.829
2025-06-15 23:00:00,2464.125
2025-06-15 23:15:00,2108.191
2025-06-15 23:30:00,2186.595
2025-06-15 23:45:00,1960.75
2025-06-16 00:00:00,2062.677
2025-06-16 00:15:00,1949.739
2025-06-16 00:30:00,1834.582
2025-06-16 00:45:00,1710.967
2025-06-16 01:00:00,1650.973
2025-06-16 01:15:00,1614.858
2025-06-16 01:30:00,1585.012
2025-06-16 01:45:00,1583.48
2025-06-16 02:00:00,1552.839
2025-06-16 02:15:00,1632.923
2025-06-16 02:30:00,1678.707
2025-06-16 02:45:00,1642.266
2025-06-16 03:00:00,1665.713
2025-06-16 03:15:00,1654.049
2025-06-16 03:30:00,1639.524
2025-06-16 03:45:00,1569.476
2025-06-16 04:00:00,1502.636
2025-06-16 04:15:00,1503.286
2025-06-16 04:30:00,1501.463
2025-06-16 04:45:00,1485.482
2025-06-16 05:00:00,1467.99
2025-06-16 05:15:00,1384.94
2025-06-16 05:30:00,1410.994
2025-06-16 05:45:00,1487.969
2025-06-16 06:00:00,1537.826
2025-06-16 06:15:00,1526.495
2025-06-16 06:30:00,1376.002
2025-06-16 06:45:00,1319.0
2025-06-16 07:00:00,1319.0
2025-06-16 07:15:00,1327.6
2025-06-16 07:30:00,1253.393
2025-06-16 07:45:00,1266.5
2025-06-16 08:00:00,1261.25
2025-06-16 08:15:00,1261.25
2025-06-16 08:30:00,1261.25
2025-06-16 08:45:00,1261.25
2025-06-16 09:00:00,1266.5
2025-06-16 09:15:00,1266.5
2025-06-16 09:30:00,1266.5
2025-06-16 09:45:00,1266.5
2025-06-16 10:00:00,1261.25
2025-06-16 10:15:00,1261.25
2025-06-16 10:30:00,1261.25
2025-06-16 10:45:00,1261.25
2025-06-16 11:00:00,1266.5
2025-06-16 11:15:00,1266.5
2025-06-16 11:30:00,1266.5
2025-06-16 11:45:00,1266.5
2025-06-16 12:00:00,1262.75
2025-06-16 12:15:00,1265.25
2025-06-16 12:30:00,1272.75
2025-06-16 12:45:00,1275.25
2025-06-16 13:00:00,1286.5
2025-06-16 13:15:00,1292.318
2025-06-16 13:30:00,1300.241
2025-06-16 13:45:00,1316.0
2025-06-16 14:00:00,1321.25
2025-06-16 14:15:00,1321.25
2025-06-16 14:30:00,1387.538
2025-06-16 14:45:00,1440.233
2025-06-16 15:00:00,1715.269
2025-06-16 15:15:00,1798.389
2025-06-16 15:30:00,1654.398
2025-06-16 15:45:00,1626.55
2025-06-16 16:00:00,1643.454
2025-06-16 16:15:00,1817.306
2025-06-16 16:30:00,2018.118
2025-06-16 16:45:00,2035.511
2025-06-16 17:00:00,2098.589
2025-06-16 17:15:00,1919.998
2025-06-16 17:30:00,1861.234
2025-06-16 17:45:00,1808.423
2025-06-16 18:00:00,1635.871
2025-06-16 18:15:00,1520.595
2025-06-16 18:30:00,1555.819
2025-06-16 18:45:00,1636.101
2025-06-16 19:00:00,1722.452
2025-06-16 19:15:00,1644.394
2025-06-16 19:30:00,1724.804
2025-06-16 19:45:00,1594.605
2025-06-16 20:00:00,1612.305
2025-06-16 20:15:00,1567.659
2025-06-16 20:30:00,1669.177
2025-06-16 20:45:00,1652.674
2025-06-16 21:00:00,1704.172
2025-06-16 21:15:00,1842.219
2025-06-16 21:30:00,1778.915
2025-06-16 21:45:00,1797.281
2025-06-16 22:00:00,1794.365
2025-06-16 22:15:00,1898.251
2025-06-16 22:30:00,1974.419
2025-06-16 22:45:00,2227.177
2025-06-16 23:00:00,2522.269
2025-06-16 23:15:00,2157.173
2025-06-16 23:30:00,2017.166
2025-06-16 23:45:00,2013.427
2025-06-17 00:00:00,2041.313
2025-06-17 00:15:00,2061.647
2025-06-17 00:30:00,1978.551
2025-06-17 00:45:00,1678.527
2025-06-17 01:00:00,1644.656
2025-06-17 01:15:00,1556.915
2025-06-17 01:30:00,1543.338
2025-06-17 01:45:00,1660.301
2025-06-17 02:00:00,1738.633
2025-06-17 02:15:00,1700.445
2025-06-17 02:30:00,1713.913
2025-06-17 02:45:00,1623.48
2025-06-17 03:00:00,1719.811
2025-06-17 03:15:00,1664.675
2025-06-17 03:30:00,1626.4
2025-06-17 03:45:00,1623.444
2025-06-17 04:00:00,1618.191
2025-06-17 04:15:00,1593.683
2025-06-17 04:30:00,1562.488
2025-06-17 04:45:00,1558.782
2025-06-17 05:00:00,1638.359
2025-06-17 05:15:00,1527.03
2025-06-17 05:30:00,1464.575
2025-06-17 05:45:00,1495.881
2025-06-17 06:00:00,1329.336
2025-06-17 06:15:00,1289.25
2025-06-17 06:30:00,1289.25
2025-06-17 06:45:00,1289.25
2025-06-17 07:00:00,1265.892
2025-06-17 07:15:00,1274.0
2025-06-17 07:30:00,1260.4
2025-06-17 07:45:00,1274.25
2025-06-17 08:00:00,1274.25
2025-06-17 08:15:00,1274.25
2025-06-17 08:30:00,1274.25
2025-06-17 08:45:00,1382.684
2025-06-17 09:00:00,1580.552
2025-06-17 09:15:00,1625.252
2025-06-17 09:30:00,1669.195
2025-06-17 09:45:00,1650.835
2025-06-17 10:00:00,1656.879
2025-06-17 10:15:00,1767.798
2025-06-17 10:30:00,1922.861
2025-06-17 10:45:00,2200.822
2025-06-17 11:00:00,2037.644
2025-06-17 11:15:00,2187.537
2025-06-17 11:30:00,2012.366
2025-06-17 11:45:00,1866.57
2025-06-17 12:00:00,1785.745
2025-06-17 12:15:00,1821.668
2025-06-17 12:30:00,1856.364
2025-06-17 12:45:00,1821.859
2025-06-17 13:00:00,1994.327
2025-06-17 13:15:00,2179.674
2025-06-17 13:30:00,2087.865
2025-06-17 13:45:00,2130.985
2025-06-17 14:00:00,2035.844
2025-06-17 14:15:00,2138.869
2025-06-17 14:30:00,1992.763
2025-06-17 14:45:00,1895.351
2025-06-17 15:00:00,1937.774
2025-06-17 15:15:00,1778.115
2025-06-17 15:30:00,1825.864
2025-06-17 15:45:00,1694.481
2025-06-17 16:00:00,1695.182
2025-06-17 16:15:00,1894.826
2025-06-17 16:30:00,2028.601
2025-06-17 16:45:00,2181.723
2025-06-17 17:00:00,2210.326
2025-06-17 17:15:00,2297.895
2025-06-17 17:30:00,2216.362
2025-06-17 17:45:00,2136.826
2025-06-17 18:00:00,2160.427
2025-06-17 18:15:00,1994.478
2025-06-17 18:30:00,2110.896
2025-06-17 18:45:00,2184.533
2025-06-17 19:00:00,2254.525
2025-06-17 19:15:00,2288.813
2025-06-17 19:30:00,2324.356
2025-06-17 19:45:00,2227.356
2025-06-17 20:00:00,2316.007
2025-06-17 20:15:00,2325.228
2025-06-17 20:30:00,2314.51
2025-06-17 20:45:00,2268.475
2025-06-17 21:00:00,2531.099
2025-06-17 21:15:00,2527.256
2025-06-17 21:30:00,2499.504
2025-06-17 21:45:00,2649.693
2025-06-17 22:00:00,2663.262
2025-06-17 22:15:00,2668.786
2025-06-17 22:30:00,2654.192
2025-06-17 22:45:00,2887.042
2025-06-17 23:00:00,3321.044
2025-06-17 23:15:00,2883.649
2025-06-17 23:30:00,2896.038
2025-06-17 23:45:00,2858.719
2025-06-18 00:00:00,2932.274
2025-06-18 00:15:00,2691.2
2025-06-18 00:30:00,2481.387
2025-06-18 00:45:00,2376.77
2025-06-18 01:00:00,2268.599
2025-06-18 01:15:00,2156.718
2025-06-18 01:30:00,2113.806
2025-06-18 01:45:00,2059.114
2025-06-18 02:00:00,1956.496
2025-06-18 02:15:00,1805.163
2025-06-18 02:30:00,1700.048
2025-06-18 02:45:00,1602.459
2025-06-18 03:00:00,1572.439
2025-06-18 03:15:00,1539.697
2025-06-18 03:30:00,1458.718
2025-06-18 03:45:00,1566.413
2025-06-18 04:00:00,1544.729
2025-06-18 04:15:00,1522.354
2025-06-18 04:30:00,1490.193
2025-06-18 04:45:00,1493.734
2025-06-18 05:00:00,1617.521
2025-06-18 05:15:00,1656.103
2025-06-18 05:30:00,1691.969
2025-06-18 05:45:00,1839.252
2025-06-18 06:00:00,1758.331
2025-06-18 06:15:00,1686.136
2025-06-18 06:30:00,1555.903
2025-06-18 06:45:00,1395.25
2025-06-18 07:00:00,1395.25
2025-06-18 07:15:00,1395.25
2025-06-18 07:30:00,1417.75
2025-06-18 07:45:00,1417.75
2025-06-18 08:00:00,1417.75
2025-06-18 08:15:00,1543.558
2025-06-18 08:30:00,1928.513
2025-06-18 08:45:00,2008.462
2025-06-18 09:00:00,1880.689
2025-06-18 09:15:00,1825.222
2025-06-18 09:30:00,1561.49
2025-06-18 09:45:00,1542.747
2025-06-18 10:00:00,1788.832
2025-06-18 10:15:00,1958.521
2025-06-18 10:30:00,2058.047
2025-06-18 10:45:00,2016.738
2025-06-18 11:00:00,1844.196
2025-06-18 11:15:00,1615.827
2025-06-18 11:30:00,1562.208
2025-06-18 11:45:00,1530.869
2025-06-18 12:00:00,1444.25
2025-06-18 12:15:00,1421.75
2025-06-18 12:30:00,1421.75
2025-06-18 12:45:00,1503.18
2025-06-18 13:00:00,1521.183
2025-06-18 13:15:00,1555.989
2025-06-18 13:30:00,1646.439
2025-06-18 13:45:00,1529.696
2025-06-18 14:00:00,1506.272
2025-06-18 14:15:00,1492.261
2025-06-18 14:30:00,1495.576
2025-06-18 14:45:00,1502.292
2025-06-18 15:00:00,1498.507
2025-06-18 15:15:00,1529.648
2025-06-18 15:30:00,1525.502
2025-06-18 15:45:00,1503.856
2025-06-18 16:00:00,1513.77
2025-06-18 16:15:00,1553.739
2025-06-18 16:30:00,1769.012
2025-06-18 16:45:00,1835.889
2025-06-18 17:00:00,1941.587
2025-06-18 17:15:00,1822.285
2025-06-18 17:30:00,1645.049
2025-06-18 17:45:00,1627.331
2025-06-18 18:00:00,1626.309
2025-06-18 18:15:00,1674.53
2025-06-18 18:30:00,1581.353
2025-06-18 18:45:00,1529.179
2025-06-18 19:00:00,1553.768
2025-06-18 19:15:00,1748.288
2025-06-18 19:30:00,1653.515
2025-06-18 19:45:00,1627.373
2025-06-18 20:00:00,1693.971
2025-06-18 20:15:00,1699.157
2025-06-18 20:30:00,1664.867
2025-06-18 20:45:00,1554.786
2025-06-18 21:00:00,1521.989
2025-06-18 21:15:00,1525.535
2025-06-18 21:30:00,1519.606
2025-06-18 21:45:00,1495.737
2025-06-18 22:00:00,1516.25
2025-06-18 22:15:00,1518.174
2025-06-18 22:30:00,1514.75
2025-06-18 22:45:00,1517.495
2025-06-18 23:00:00,1707.531
2025-06-18 23:15:00,1621.672
2025-06-18 23:30:00,1654.224
2025-06-18 23:45:00,1629.966
2025-06-19 00:00:00,2170.007
2025-06-19 00:15:00,1920.75
2025-06-19 00:30:00,1825.616
2025-06-19 00:45:00,1588.59
2025-06-19 01:00:00,1533.75
2025-06-19 01:15:00,1533.75
2025-06-19 01:30:00,1533.75
2025-06-19 01:45:00,1533.75
2025-06-19 02:00:00,1533.75
2025-06-19 02:15:00,1511.25
2025-06-19 02:30:00,1420.169
2025-06-19 02:45:00,1406.25
2025-06-19 03:00:00,1406.25
2025-06-19 03:15:00,1406.25
2025-06-19 03:30:00,1299.004
2025-06-19 03:45:00,1273.927
2025-06-19 04:00:00,1270.402
2025-06-19 04:15:00,1242.75
2025-06-19 04:30:00,1242.75
2025-06-19 04:45:00,1242.75
2025-06-19 05:00:00,1242.75
2025-06-19 05:15:00,1242.75
2025-06-19 05:30:00,1242.75
2025-06-19 05:45:00,1242.75
2025-06-19 06:00:00,1242.75
2025-06-19 06:15:00,1242.75
2025-06-19 06:30:00,1242.75
2025-06-19 06:45:00,1242.75
2025-06-19 07:00:00,1242.75
2025-06-19 07:15:00,1242.75
2025-06-19 07:30:00,1242.75
2025-06-19 07:45:00,1242.75
2025-06-19 08:00:00,1237.5
2025-06-19 08:15:00,1237.5
2025-06-19 08:30:00,1294.536
2025-06-19 08:45:00,1289.684
2025-06-19 09:00:00,1292.186
2025-06-19 09:15:00,1250.711
2025-06-19 09:30:00,1242.75
2025-06-19 09:45:00,1242.75
2025-06-19 10:00:00,1274.567
2025-06-19 10:15:00,1331.214
2025-06-19 10:30:00,1332.152
2025-06-19 10:45:00,1471.92
2025-06-19 11:00:00,1460.937
2025-06-19 11:15:00,1444.356
2025-06-19 11:30:00,1252.263
2025-06-19 11:45:00,1242.75
2025-06-19 12:00:00,1242.75
2025-06-19 12:15:00,1242.75
2025-06-19 12:30:00,1242.75
2025-06-19 12:45:00,1242.75
2025-06-19 13:00:00,1242.75
2025-06-19 13:15:00,1242.75
2025-06-19 13:30:00,1242.75
2025-06-19 13:45:00,1242.75
2025-06-19 14:00:00,1242.75
2025-06-19 14:15:00,1242.75
2025-06-19 14:30:00,1242.75
2025-06-19 14:45:00,1242.75
2025-06-19 15:00:00,1242.75
2025-06-19 15:15:00,1242.75
2025-06-19 15:30:00,1242.75
2025-06-19 15:45:00,1242.75
2025-06-19 16:00:00,1242.75
2025-06-19 16:15:00,1348.441
2025-06-19 16:30:00,1362.444
2025-06-19 16:45:00,1431.744
2025-06-19 17:00:00,1490.705
2025-06-19 17:15:00,1296.623
2025-06-19 17:30:00,1242.75
2025-06-19 17:45:00,1242.75
2025-06-19 18:00:00,1242.75
2025-06-19 18:15:00,1242.75
2025-06-19 18:30:00,1242.75
2025-06-19 18:45:00,1242.75
2025-06-19 19:00:00,1237.5
2025-06-19 19:15:00,1237.5
2025-06-19 19:30:00,1237.5
2025-06-19 19:45:00,1237.5
2025-06-19 20:00:00,1242.75
2025-06-19 20:15:00,1242.75
2025-06-19 20:30:00,1242.75
2025-06-19 20:45:00,1242.75
2025-06-19 21:00:00,1243.25
2025-06-19 21:15:00,1243.25
2025-06-19 21:30:00,1243.25
2025-06-19 21:45:00,1243.25
2025-06-19 22:00:00,1243.25
2025-06-19 22:15:00,1243.25
2025-06-19 22:30:00,1243.25
2025-06-19 22:45:00,1243.25
2025-06-19 23:00:00,1238.0
2025-06-19 23:15:00,1238.0
2025-06-19 23:30:00,1238.0
2025-06-19 23:45:00,1238.0
2025-06-20 00:00:00,1245.75
2025-06-20 00:15:00,1245.752
2025-06-20 00:30:00,1270.922
2025-06-20 00:45:00,1316.513
2025-06-20 01:00:00,1306.009
2025-06-20 01:15:00,1155.75
2025-06-20 01:30:00,1155.75
2025-06-20 01:45:00,1155.75
2025-06-20 02:00:00,1110.75
2025-06-20 02:15:00,1113.25
2025-06-20 02:30:00,1110.75
2025-06-20 02:45:00,1099.07
2025-06-20 03:00:00,1097.009
2025-06-20 03:15:00,1097.167
2025-06-20 03:30:00,1097.326
2025-06-20 03:45:00,1097.167
2025-06-20 04:00:00,1097.167
2025-06-20 04:15:00,1097.484
2025-06-20 04:30:00,1097.167
2025-06-20 04:45:00,1097.326
2025-06-20 05:00:00,1098.753
2025-06-20 05:15:00,1126.787
2025-06-20 05:30:00,1132.522
2025-06-20 05:45:00,1113.25
2025-06-20 06:00:00,1113.25
2025-06-20 06:15:00,1113.25
2025-06-20 06:30:00,1113.25
2025-06-20 06:45:00,1113.25
2025-06-20 07:00:00,1113.25
2025-06-20 07:15:00,1113.25
2025-06-20 07:30:00,1113.25
2025-06-20 07:45:00,1090.75
2025-06-20 08:00:00,1088.25
2025-06-20 08:15:00,1088.25
2025-06-20 08:30:00,1088.25
2025-06-20 08:45:00,1088.25
2025-06-20 09:00:00,1088.25
2025-06-20 09:15:00,1088.25
2025-06-20 09:30:00,1088.25
2025-06-20 09:45:00,1088.25
2025-06-20 10:00:00,1088.25
2025-06-20 10:15:00,1088.25
2025-06-20 10:30:00,1088.25
2025-06-20 10:45:00,1088.25
2025-06-20 11:00:00,1145.832
2025-06-20 11:15:00,1141.916
2025-06-20 11:30:00,1088.25
2025-06-20 11:45:00,1088.25
2025-06-20 12:00:00,1088.25
2025-06-20 12:15:00,1088.25
2025-06-20 12:30:00,1088.25
2025-06-20 12:45:00,1088.25
2025-06-20 13:00:00,1088.25
2025-06-20 13:15:00,1088.25
2025-06-20 13:30:00,1088.25
2025-06-20 13:45:00,1088.25
2025-06-20 14:00:00,1088.25
2025-06-20 14:15:00,1088.25
2025-06-20 14:30:00,1122.116
2025-06-20 14:45:00,1153.379
2025-06-20 15:00:00,1227.821
2025-06-20 15:15:00,1275.63
2025-06-20 15:30:00,1324.369
2025-06-20 15:45:00,1359.485
2025-06-20 16:00:00,1169.53
2025-06-20 16:15:00,1161.605
2025-06-20 16:30:00,1245.569
2025-06-20 16:45:00,1239.495
2025-06-20 17:00:00,1327.638
2025-06-20 17:15:00,1129.13
2025-06-20 17:30:00,1088.25
2025-06-20 17:45:00,1088.25
2025-06-20 18:00:00,1088.25
2025-06-20 18:15:00,1088.25
2025-06-20 18:30:00,1088.25
2025-06-20 18:45:00,1128.527
2025-06-20 19:00:00,1274.387
2025-06-20 19:15:00,1350.187
2025-06-20 19:30:00,1420.381
2025-06-20 19:45:00,1395.202
2025-06-20 20:00:00,1176.921
2025-06-20 20:15:00,1088.25
2025-06-20 20:30:00,1088.25
2025-06-20 20:45:00,1088.25
2025-06-20 21:00:00,1088.25
2025-06-20 21:15:00,1088.25
2025-06-20 21:30:00,1088.25
2025-06-20 21:45:00,1088.25
2025-06-20 22:00:00,1088.25
2025-06-20 22:15:00,1088.25
2025-06-20 22:30:00,1088.25
2025-06-20 22:45:00,1088.25
2025-06-20 23:00:00,1425.511
2025-06-20 23:15:00,1138.126
2025-06-20 23:30:00,1204.386
2025-06-20 23:45:00,1119.237
2025-08-01 00:00:00,3195.13
2025-08-01 00:15:00,3035.743
2025-08-01 00:30:00,2939.169
2025-08-01 00:45:00,3056.568
2025-08-01 01:00:00,2959.817
2025-08-01 01:15:00,2834.892
2025-08-01 01:30:00,2907.637
2025-08-01 01:45:00,2899.476
2025-08-01 02:00:00,2853.996
2025-08-01 02:15:00,2947.825
2025-08-01 02:30:00,2888.215
2025-08-01 02:45:00,2815.755
2025-08-01 03:00:00,2729.322
2025-08-01 03:15:00,2640.615
2025-08-01 03:30:00,2580.861
2025-08-01 03:45:00,2526.731
2025-08-01 04:00:00,2476.344
2025-08-01 04:15:00,2421.36
2025-08-01 04:30:00,2373.687
2025-08-01 04:45:00,2311.269
2025-08-01 05:00:00,2276.786
2025-08-01 05:15:00,2275.933
2025-08-01 05:30:00,2331.033
2025-08-01 05:45:00,2419.611
2025-08-01 06:00:00,2436.927
2025-08-01 06:15:00,2370.266
2025-08-01 06:30:00,2303.597
2025-08-01 06:45:00,2237.604
2025-08-01 07:00:00,2160.577
2025-08-01 07:15:00,2155.748
2025-08-01 07:30:00,2131.629
2025-08-01 07:45:00,2216.382
2025-08-01 08:00:00,2340.129
2025-08-01 08:15:00,2272.833
2025-08-01 08:30:00,2295.878
2025-08-01 08:45:00,2262.502
2025-08-01 09:00:00,2319.693
2025-08-01 09:15:00,2351.75
2025-08-01 09:30:00,2351.75
2025-08-01 09:45:00,2372.556
2025-08-01 10:00:00,2363.5
2025-08-01 10:15:00,2403.374
2025-08-01 10:30:00,2371.0
2025-08-01 10:45:00,2371.0
2025-08-01 11:00:00,2440.048
2025-08-01 11:15:00,2563.915
2025-08-01 11:30:00,2648.897
2025-08-01 11:45:00,2846.58
2025-08-01 12:00:00,2913.646
2025-08-01 12:15:00,2893.598
2025-08-01 12:30:00,2771.971
2025-08-01 12:45:00,2987.82
2025-08-01 13:00:00,3039.927
2025-08-01 13:15:00,3011.271
2025-08-01 13:30:00,3080.745
2025-08-01 13:45:00,2962.354
2025-08-01 14:00:00,2620.473
2025-08-01 14:15:00,2473.568
2025-08-01 14:30:00,2428.977
2025-08-01 14:45:00,2401.062
2025-08-01 15:00:00,2410.202
2025-08-01 15:15:00,2523.386
2025-08-01 15:30:00,2487.644
2025-08-01 15:45:00,2519.771
2025-08-01 16:00:00,2471.381
2025-08-01 16:15:00,2587.861
2025-08-01 16:30:00,2781.381
2025-08-01 16:45:00,2841.973
2025-08-01 17:00:00,2824.689
2025-08-01 17:15:00,2787.835
2025-08-01 17:30:00,2783.621
2025-08-01 17:45:00,2848.742
2025-08-01 18:00:00,2752.22
2025-08-01 18:15:00,2744.642
2025-08-01 18:30:00,2965.259
2025-08-01 18:45:00,2962.83
2025-08-01 19:00:00,2906.448
2025-08-01 19:15:00,3031.507
2025-08-01 19:30:00,3106.888
2025-08-01 19:45:00,3141.714
2025-08-01 20:00:00,3200.478
2025-08-01 20:15:00,3234.475
2025-08-01 20:30:00,3312.524
2025-08-01 20:45:00,3234.206
2025-08-01 21:00:00,3212.294
2025-08-01 21:15:00,3136.481
2025-08-01 21:30:00,3002.357
2025-08-01 21:45:00,2973.829
2025-08-01 22:00:00,3043.438
2025-08-01 22:15:00,3017.937
2025-08-01 22:30:00,3069.863
2025-08-01 22:45:00,2983.678
2025-08-01 23:00:00,3534.903
2025-08-01 23:15:00,3368.492
2025-08-01 23:30:00,3017.335
2025-08-01 23:45:00,3406.41
2025-08-02 00:00:00,3895.352
2025-08-02 00:15:00,3171.958
2025-08-02 00:30:00,3815.674
2025-08-02 00:45:00,3799.764
2025-08-02 01:00:00,3678.583
2025-08-02 01:15:00,3523.785
2025-08-02 01:30:00,3355.498
2025-08-02 01:45:00,3263.051
2025-08-02 02:00:00,3149.111
2025-08-02 02:15:00,3082.884
2025-08-02 02:30:00,3021.921
2025-08-02 02:45:00,2970.533
2025-08-02 03:00:00,2862.284
2025-08-02 03:15:00,2740.119
2025-08-02 03:30:00,2647.781
2025-08-02 03:45:00,2594.054
2025-08-02 04:00:00,2532.348
2025-08-02 04:15:00,2468.523
2025-08-02 04:30:00,2467.824
2025-08-02 04:45:00,2463.015
2025-08-02 05:00:00,2457.517
2025-08-02 05:15:00,2601.848
2025-08-02 05:30:00,2735.098
2025-08-02 05:45:00,2830.833
2025-08-02 06:00:00,2889.854
2025-08-02 06:15:00,2779.266
2025-08-02 06:30:00,2681.869
2025-08-02 06:45:00,2511.865
2025-08-02 07:00:00,2430.002
2025-08-02 07:15:00,2335.265
2025-08-02 07:30:00,2396.617
2025-08-02 07:45:00,2322.824
2025-08-02 08:00:00,2335.294
2025-08-02 08:15:00,2293.056
2025-08-02 08:30:00,2301.567
2025-08-02 08:45:00,2287.952
2025-08-02 09:00:00,2371.486
2025-08-02 09:15:00,2410.629
2025-08-02 09:30:00,2485.227
2025-08-02 09:45:00,2474.293
2025-08-02 10:00:00,2512.181
2025-08-02 10:15:00,2612.075
2025-08-02 10:30:00,2634.958
2025-08-02 10:45:00,2707.388
2025-08-02 11:00:00,2734.259
2025-08-02 11:15:00,2795.797
2025-08-02 11:30:00,2937.899
2025-08-02 11:45:00,2956.073
2025-08-02 12:00:00,3048.49
2025-08-02 12:15:00,3105.604
2025-08-02 12:30:00,3027.786
2025-08-02 12:45:00,3106.156
2025-08-02 13:00:00,3099.327
2025-08-02 13:15:00,3131.294
2025-08-02 13:30:00,3010.468
2025-08-02 13:45:00,2948.769
2025-08-02 14:00:00,2681.563
2025-08-02 14:15:00,2633.525
2025-08-02 14:30:00,2575.786
2025-08-02 14:45:00,2566.783
2025-08-02 15:00:00,2626.067
2025-08-02 15:15:00,2733.848
2025-08-02 15:30:00,2810.357
2025-08-02 15:45:00,2918.34
2025-08-02 16:00:00,3145.749
2025-08-02 16:15:00,3141.827
2025-08-02 16:30:00,3110.396
2025-08-02 16:45:00,3036.056
2025-08-02 17:00:00,3077.577
2025-08-02 17:15:00,3223.612
2025-08-02 17:30:00,3280.639
2025-08-02 17:45:00,3226.747
2025-08-02 18:00:00,3194.323
2025-08-02 18:15:00,3108.901
2025-08-02 18:30:00,3253.765
2025-08-02 18:45:00,3302.663
2025-08-02 19:00:00,3306.605
2025-08-02 19:15:00,3430.959
2025-08-02 19:30:00,3520.721
2025-08-02 19:45:00,3590.123
2025-08-02 20:00:00,3606.969
2025-08-02 20:15:00,3774.546
2025-08-02 20:30:00,3716.958
2025-08-02 20:45:00,3852.13
2025-08-02 21:00:00,3850.761
2025-08-02 21:15:00,3932.048
2025-08-02 21:30:00,3821.334
2025-08-02 21:45:00,3585.908
2025-08-02 22:00:00,3654.402
2025-08-02 22:15:00,3596.487
2025-08-02 22:30:00,3575.517
2025-08-02 22:45:00,3605.473
2025-08-02 23:00:00,3513.396
2025-08-02 23:15:00,3391.891
2025-08-02 23:30:00,3254.208
2025-08-02 23:45:00,3230.877
2025-08-03 00:00:00,4174.328
2025-08-03 00:15:00,3920.06
2025-08-03 00:30:00,3925.981
2025-08-03 00:45:00,3750.957
2025-08-03 01:00:00,3667.252
2025-08-03 01:15:00,3507.508
2025-08-03 01:30:00,3244.637
2025-08-03 01:45:00,3173.476
2025-08-03 02:00:00,3079.775
2025-08-03 02:15:00,3085.062
2025-08-03 02:30:00,3018.635
2025-08-03 02:45:00,2954.104
2025-08-03 03:00:00,2939.318
2025-08-03 03:15:00,2838.904
2025-08-03 03:30:00,2835.402
2025-08-03 03:45:00,2761.856
2025-08-03 04:00:00,2706.677
2025-08-03 04:15:00,2661.721
2025-08-03 04:30:00,2601.948
2025-08-03 04:45:00,2594.98
2025-08-03 05:00:00,2618.445
2025-08-03 05:15:00,2799.116
2025-08-03 05:30:00,2921.261
2025-08-03 05:45:00,2948.362
2025-08-03 06:00:00,2961.749
2025-08-03 06:15:00,2896.171
2025-08-03 06:30:00,2804.313
2025-08-03 06:45:00,2565.779
2025-08-03 07:00:00,2577.539
2025-08-03 07:15:00,2383.323
2025-08-03 07:30:00,2346.703
2025-08-03 07:45:00,2382.516
2025-08-03 08:00:00,2437.226
2025-08-03 08:15:00,2418.002
2025-08-03 08:30:00,2392.929
2025-08-03 08:45:00,2294.854
2025-08-03 09:00:00,2243.841
2025-08-03 09:15:00,2256.112
2025-08-03 09:30:00,2236.306
2025-08-03 09:45:00,2235.498
2025-08-03 10:00:00,2204.428
2025-08-03 10:15:00,2233.033
2025-08-03 10:30:00,2273.512
2025-08-03 10:45:00,2647.75
2025-08-03 11:00:00,2710.0
2025-08-03 11:15:00,2742.0
2025-08-03 11:30:00,2767.224
2025-08-03 11:45:00,2865.422
2025-08-03 12:00:00,2995.84
2025-08-03 12:15:00,3049.95
2025-08-03 12:30:00,3272.017
2025-08-03 12:45:00,3110.36
2025-08-03 13:00:00,3054.027
2025-08-03 13:15:00,3031.063
2025-08-03 13:30:00,3116.075
2025-08-03 13:45:00,3041.158
2025-08-03 14:00:00,2954.562
2025-08-03 14:15:00,2728.759
2025-08-03 14:30:00,2702.597
2025-08-03 14:45:00,2653.188
2025-08-03 15:00:00,2739.517
2025-08-03 15:15:00,3012.518
2025-08-03 15:30:00,3037.471
2025-08-03 15:45:00,3189.634
2025-08-03 16:00:00,3176.636
2025-08-03 16:15:00,3124.78
2025-08-03 16:30:00,3162.0
2025-08-03 16:45:00,3192.245
2025-08-03 17:00:00,3376.88
2025-08-03 17:15:00,3502.958
2025-08-03 17:30:00,3823.389
2025-08-03 17:45:00,3832.066
2025-08-03 18:00:00,3577.03
2025-08-03 18:15:00,3843.618
2025-08-03 18:30:00,4005.323
2025-08-03 18:45:00,3991.761
2025-08-03 19:00:00,3790.081
2025-08-03 19:15:00,3736.459
2025-08-03 19:30:00,3794.371
2025-08-03 19:45:00,3886.41
2025-08-03 20:00:00,3978.887
2025-08-03 20:15:00,4120.387
2025-08-03 20:30:00,4191.216
2025-08-03 20:45:00,4142.113
2025-08-03 21:00:00,4101.843
2025-08-03 21:15:00,4070.666
2025-08-03 21:30:00,4030.836
2025-08-03 21:45:00,3999.583
2025-08-03 22:00:00,4192.754
2025-08-03 22:15:00,4114.76
2025-08-03 22:30:00,4357.407
2025-08-03 22:45:00,4413.088
2025-08-03 23:00:00,4255.37
2025-08-03 23:15:00,4042.784
2025-08-03 23:30:00,3940.447
2025-08-03 23:45:00,3772.035
2025-08-04 00:00:00,4208.093
2025-08-04 00:15:00,4051.698
2025-08-04 00:30:00,4325.493
2025-08-04 00:45:00,4001.963
2025-08-04 01:00:00,3792.318
2025-08-04 01:15:00,3669.072
2025-08-04 01:30:00,3555.57
2025-08-04 01:45:00,3424.94
2025-08-04 02:00:00,3388.934
2025-08-04 02:15:00,3405.958
2025-08-04 02:30:00,3346.948
2025-08-04 02:45:00,3408.66
2025-08-04 03:00:00,3330.012
2025-08-04 03:15:00,3222.463
2025-08-04 03:30:00,3089.857
2025-08-04 03:45:00,3025.016
2025-08-04 04:00:00,2948.371
2025-08-04 04:15:00,2938.323
2025-08-04 04:30:00,2906.379
2025-08-04 04:45:00,2825.875
2025-08-04 05:00:00,2848.753
2025-08-04 05:15:00,2925.258
2025-08-04 05:30:00,2988.752
2025-08-04 05:45:00,3050.11
2025-08-04 06:00:00,3093.555
2025-08-04 06:15:00,3059.333
2025-08-04 06:30:00,2974.516
2025-08-04 06:45:00,2818.94
2025-08-04 07:00:00,2817.091
2025-08-04 07:15:00,2784.371
2025-08-04 07:30:00,2775.699
2025-08-04 07:45:00,2712.619
2025-08-04 08:00:00,2746.39
2025-08-04 08:15:00,2708.914
2025-08-04 08:30:00,2811.993
2025-08-04 08:45:00,3106.817
2025-08-04 09:00:00,2868.226
2025-08-04 09:15:00,2879.796
2025-08-04 09:30:00,2923.006
2025-08-04 09:45:00,3073.607
2025-08-04 10:00:00,2962.547
2025-08-04 10:15:00,2922.237
2025-08-04 10:30:00,2948.867
2025-08-04 10:45:00,3008.999
2025-08-04 11:00:00,2970.065
2025-08-04 11:15:00,3235.741
2025-08-04 11:30:00,3283.645
2025-08-04 11:45:00,3480.774
2025-08-04 12:00:00,3466.11
2025-08-04 12:15:00,3535.551
2025-08-04 12:30:00,3712.118
2025-08-04 12:45:00,3779.297
2025-08-04 13:00:00,3886.137
2025-08-04 13:15:00,3783.467
2025-08-04 13:30:00,3789.201
2025-08-04 13:45:00,3718.915
2025-08-04 14:00:00,3643.491
2025-08-04 14:15:00,3586.546
2025-08-04 14:30:00,3578.545
2025-08-04 14:45:00,3750.111
2025-08-04 15:00:00,3962.167
2025-08-04 15:15:00,3874.683
2025-08-04 15:30:00,3931.23
2025-08-04 15:45:00,3938.569
2025-08-04 16:00:00,3990.167
2025-08-04 16:15:00,4095.022
2025-08-04 16:30:00,4185.681
2025-08-04 16:45:00,4320.848
2025-08-04 17:00:00,4340.384
2025-08-04 17:15:00,4580.556
2025-08-04 17:30:00,4588.591
2025-08-04 17:45:00,4532.662
2025-08-04 18:00:00,4391.918
2025-08-04 18:15:00,4346.112
2025-08-04 18:30:00,4583.543
2025-08-04 18:45:00,4666.904
2025-08-04 19:00:00,4374.112
2025-08-04 19:15:00,4269.41
2025-08-04 19:30:00,4377.332
2025-08-04 19:45:00,4505.84
2025-08-04 20:00:00,4887.323
2025-08-04 20:15:00,5193.838
2025-08-04 20:30:00,5167.661
2025-08-04 20:45:00,5186.961
2025-08-04 21:00:00,5186.475
2025-08-04 21:15:00,5126.689
2025-08-04 21:30:00,4999.284
2025-08-04 21:45:00,4938.202
2025-08-04 22:00:00,4830.199
2025-08-04 22:15:00,4474.542
2025-08-04 22:30:00,4243.365
2025-08-04 22:45:00,4157.462
2025-08-04 23:00:00,4071.428
2025-08-04 23:15:00,3783.792
2025-08-04 23:30:00,3601.687
2025-08-04 23:45:00,3799.59
2025-08-05 00:00:00,3967.522
2025-08-05 00:15:00,4342.515
2025-08-05 00:30:00,4347.034
2025-08-05 00:45:00,4239.746
2025-08-05 01:00:00,4034.288
2025-08-05 01:15:00,3962.419
2025-08-05 01:30:00,3881.798
2025-08-05 01:45:00,3820.445
2025-08-05 02:00:00,3853.343
2025-08-05 02:15:00,3886.828
2025-08-05 02:30:00,3798.176
2025-08-05 02:45:00,3760.067
2025-08-05 03:00:00,3770.973
2025-08-05 03:15:00,3774.216
2025-08-05 03:30:00,3761.844
2025-08-05 03:45:00,3620.34
2025-08-05 04:00:00,3688.526
2025-08-05 04:15:00,3544.075
2025-08-05 04:30:00,3511.417
2025-08-05 04:45:00,3477.436
2025-08-05 05:00:00,3434.37
2025-08-05 05:15:00,3479.141
2025-08-05 05:30:00,3504.946
2025-08-05 05:45:00,3500.953
2025-08-05 06:00:00,3492.092
2025-08-05 06:15:00,3446.703
2025-08-05 06:30:00,3580.246
2025-08-05 06:45:00,3425.591
2025-08-05 07:00:00,3404.125
2025-08-05 07:15:00,3270.839
2025-08-05 07:30:00,3252.049
2025-08-05 07:45:00,3266.538
2025-08-05 08:00:00,3216.427
2025-08-05 08:15:00,3228.903
2025-08-05 08:30:00,3216.09
2025-08-05 08:45:00,3346.018
2025-08-05 09:00:00,3294.453
2025-08-05 09:15:00,3227.758
2025-08-05 09:30:00,3279.146
2025-08-05 09:45:00,3306.706
2025-08-05 10:00:00,3419.148
2025-08-05 10:15:00,3363.352
2025-08-05 10:30:00,3377.0
2025-08-05 10:45:00,3458.377
2025-08-05 11:00:00,3483.811
2025-08-05 11:15:00,3607.411
2025-08-05 11:30:00,3676.734
2025-08-05 11:45:00,3806.533
2025-08-05 12:00:00,3865.923
2025-08-05 12:15:00,3959.064
2025-08-05 12:30:00,3967.365
2025-08-05 12:45:00,4093.848
2025-08-05 13:00:00,4430.963
2025-08-05 13:15:00,4410.308
2025-08-05 13:30:00,4315.941
2025-08-05 13:45:00,4321.368
2025-08-05 14:00:00,4055.732
2025-08-05 14:15:00,3987.258
2025-08-05 14:30:00,3951.691
2025-08-05 14:45:00,4042.375
2025-08-05 15:00:00,4178.301
2025-08-05 15:15:00,4220.597
2025-08-05 15:30:00,4206.646
2025-08-05 15:45:00,4136.53
2025-08-05 16:00:00,3936.134
2025-08-05 16:15:00,3999.736
2025-08-05 16:30:00,4026.253
2025-08-05 16:45:00,4239.218
2025-08-05 17:00:00,4414.62
2025-08-05 17:15:00,4710.736
2025-08-05 17:30:00,4713.059
2025-08-05 17:45:00,4710.211
2025-08-05 18:00:00,4611.206
2025-08-05 18:15:00,4587.751
2025-08-05 18:30:00,4615.758
2025-08-05 18:45:00,4662.028
2025-08-05 19:00:00,4403.262
2025-08-05 19:15:00,4462.625
2025-08-05 19:30:00,4446.62
2025-08-05 19:45:00,4417.104
2025-08-05 20:00:00,4444.478
2025-08-05 20:15:00,4533.919
2025-08-05 20:30:00,4514.201
2025-08-05 20:45:00,4428.992
2025-08-05 21:00:00,4366.159
2025-08-05 21:15:00,4396.455
2025-08-05 21:30:00,4271.222
2025-08-05 21:45:00,4180.483
2025-08-05 22:00:00,4105.277
2025-08-05 22:15:00,4123.692
2025-08-05 22:30:00,3783.241
2025-08-05 22:45:00,3805.301
2025-08-05 23:00:00,3757.404
2025-08-05 23:15:00,3813.308
2025-08-05 23:30:00,3984.752
2025-08-05 23:45:00,3856.635
2025-08-06 00:00:00,3636.874
2025-08-06 00:15:00,3804.009
2025-08-06 00:30:00,3800.025
2025-08-06 00:45:00,3601.274
2025-08-06 01:00:00,3370.206
2025-08-06 01:15:00,3363.856
2025-08-06 01:30:00,3257.627
2025-08-06 01:45:00,3130.68
2025-08-06 02:00:00,3043.49
2025-08-06 02:15:00,3147.148
2025-08-06 02:30:00,3144.02
2025-08-06 02:45:00,3146.369
2025-08-06 03:00:00,2938.186
2025-08-06 03:15:00,2975.616
2025-08-06 03:30:00,2927.485
2025-08-06 03:45:00,2848.251
2025-08-06 04:00:00,2823.837
2025-08-06 04:15:00,2769.752
2025-08-06 04:30:00,2720.71
2025-08-06 04:45:00,2659.296
2025-08-06 05:00:00,2665.787
2025-08-06 05:15:00,2667.519
2025-08-06 05:30:00,2731.722
2025-08-06 05:45:00,2738.984
2025-08-06 06:00:00,2736.467
2025-08-06 06:15:00,2710.522
2025-08-06 06:30:00,2721.588
2025-08-06 06:45:00,2672.023
2025-08-06 07:00:00,2719.826
2025-08-06 07:15:00,2717.439
2025-08-06 07:30:00,2709.215
2025-08-06 07:45:00,2787.102
2025-08-06 08:00:00,2848.903
2025-08-06 08:15:00,2949.233
2025-08-06 08:30:00,2929.734
2025-08-06 08:45:00,2924.765
2025-08-06 09:00:00,2922.262
2025-08-06 09:15:00,2870.582
2025-08-06 09:30:00,2951.225
2025-08-06 09:45:00,2956.514
2025-08-06 10:00:00,2942.078
2025-08-06 10:15:00,3005.565
2025-08-06 10:30:00,3017.436
2025-08-06 10:45:00,3110.31
2025-08-06 11:00:00,3094.915
2025-08-06 11:15:00,3357.769
2025-08-06 11:30:00,3339.599
2025-08-06 11:45:00,3359.582
2025-08-06 12:00:00,3334.202
2025-08-06 12:15:00,3262.341
2025-08-06 12:30:00,3286.692
2025-08-06 12:45:00,3445.407
2025-08-06 13:00:00,3452.051
2025-08-06 13:15:00,3485.753
2025-08-06 13:30:00,3488.177
2025-08-06 13:45:00,3412.945
2025-08-06 14:00:00,3388.602
2025-08-06 14:15:00,3357.964
2025-08-06 14:30:00,3201.263
2025-08-06 14:45:00,3209.915
2025-08-06 15:00:00,3345.222
2025-08-06 15:15:00,3367.789
2025-08-06 15:30:00,3504.977
2025-08-06 15:45:00,3609.771
2025-08-06 16:00:00,3570.571
2025-08-06 16:15:00,3607.63
2025-08-06 16:30:00,3736.436
2025-08-06 16:45:00,3715.622
2025-08-06 17:00:00,3684.735
2025-08-06 17:15:00,3632.173
2025-08-06 17:30:00,3531.304
2025-08-06 17:45:00,3312.963
2025-08-06 18:00:00,3196.232
2025-08-06 18:15:00,3082.892
2025-08-06 18:30:00,3038.71
2025-08-06 18:45:00,3107.003
2025-08-06 19:00:00,3098.604
2025-08-06 19:15:00,3151.531
2025-08-06 19:30:00,3299.781
2025-08-06 19:45:00,3331.633
2025-08-06 20:00:00,3311.317
2025-08-06 20:15:00,3368.156
2025-08-06 20:30:00,3283.795
2025-08-06 20:45:00,3294.496
2025-08-06 21:00:00,3142.166
2025-08-06 21:15:00,3026.064
2025-08-06 21:30:00,2909.884
2025-08-06 21:45:00,2941.96
2025-08-06 22:00:00,2954.579
2025-08-06 22:15:00,2966.335
2025-08-06 22:30:00,2876.008
2025-08-06 22:45:00,2928.363
2025-08-06 23:00:00,2990.032
2025-08-06 23:15:00,3093.702
2025-08-06 23:30:00,3049.032
2025-08-06 23:45:00,3123.052
2025-08-07 00:00:00,3066.146
2025-08-07 00:15:00,3150.559
2025-08-07 00:30:00,3326.685
2025-08-07 00:45:00,3112.965
2025-08-07 01:00:00,2971.447
2025-08-07 01:15:00,2864.059
2025-08-07 01:30:00,2764.717
2025-08-07 01:45:00,2674.229
2025-08-07 02:00:00,2671.674
2025-08-07 02:15:00,2724.338
2025-08-07 02:30:00,2800.714
2025-08-07 02:45:00,2722.266
2025-08-07 03:00:00,2770.198
2025-08-07 03:15:00,2782.387
2025-08-07 03:30:00,2848.01
2025-08-07 03:45:00,2685.956
2025-08-07 04:00:00,2648.018
2025-08-07 04:15:00,2741.176
2025-08-07 04:30:00,2720.996
2025-08-07 04:45:00,2655.409
2025-08-07 05:00:00,2778.122
2025-08-07 05:15:00,2780.657
2025-08-07 05:30:00,2716.678
2025-08-07 05:45:00,2703.858
2025-08-07 06:00:00,2812.89
2025-08-07 06:15:00,2789.404
2025-08-07 06:30:00,2784.596
2025-08-07 06:45:00,2741.325
2025-08-07 07:00:00,2830.337
2025-08-07 07:15:00,2819.758
2025-08-07 07:30:00,2828.825
2025-08-07 07:45:00,2880.467
2025-08-07 08:00:00,2853.952
2025-08-07 08:15:00,2880.766
2025-08-07 08:30:00,2733.45
2025-08-07 08:45:00,2827.889
2025-08-07 09:00:00,2695.659
2025-08-07 09:15:00,2660.805
2025-08-07 09:30:00,2749.589
2025-08-07 09:45:00,2774.624
2025-08-07 10:00:00,2741.1
2025-08-07 10:15:00,2772.471
2025-08-07 10:30:00,2730.497
2025-08-07 10:45:00,2817.15
2025-08-07 11:00:00,2787.881
2025-08-07 11:15:00,2793.753
2025-08-07 11:30:00,2771.074
2025-08-07 11:45:00,2728.419
2025-08-07 12:00:00,2806.656
2025-08-07 12:15:00,2801.561
2025-08-07 12:30:00,2826.662
2025-08-07 12:45:00,3053.131
2025-08-07 13:00:00,3016.015
2025-08-07 13:15:00,2859.424
2025-08-07 13:30:00,2782.615
2025-08-07 13:45:00,2742.888
2025-08-07 14:00:00,2642.181
2025-08-07 14:15:00,2525.07
2025-08-07 14:30:00,2530.268
2025-08-07 14:45:00,2541.188
2025-08-07 15:00:00,2822.961
2025-08-07 15:15:00,2730.151
2025-08-07 15:30:00,2800.723
2025-08-07 15:45:00,2899.932
2025-08-07 16:00:00,3049.738
2025-08-07 16:15:00,3015.41
2025-08-07 16:30:00,3142.219
2025-08-07 16:45:00,3184.5
2025-08-07 17:00:00,3105.25
2025-08-07 17:15:00,3210.25
2025-08-07 17:30:00,3183.989
2025-08-07 17:45:00,3220.583
2025-08-07 18:00:00,3184.954
2025-08-07 18:15:00,3119.504
2025-08-07 18:30:00,2901.072
2025-08-07 18:45:00,2968.322
2025-08-07 19:00:00,2952.486
2025-08-07 19:15:00,2917.487
2025-08-07 19:30:00,3000.524
2025-08-07 19:45:00,3133.673
2025-08-07 20:00:00,2970.744
2025-08-07 20:15:00,3026.83
2025-08-07 20:30:00,3139.517
2025-08-07 20:45:00,2991.452
2025-08-07 21:00:00,2908.01
2025-08-07 21:15:00,2877.695
2025-08-07 21:30:00,2809.359
2025-08-07 21:45:00,2903.188
2025-08-07 22:00:00,2887.337
2025-08-07 22:15:00,2864.203
2025-08-07 22:30:00,2762.258
2025-08-07 22:45:00,2884.318
2025-08-07 23:00:00,2926.025
2025-08-07 23:15:00,2938.065
2025-08-07 23:30:00,2857.82
2025-08-07 23:45:00,2799.302
2025-08-08 00:00:00,2580.853
2025-08-08 00:15:00,2630.702
2025-08-08 00:30:00,2594.73
2025-08-08 00:45:00,2485.746
2025-08-08 01:00:00,2119.246
2025-08-08 01:15:00,2459.46
2025-08-08 01:30:00,2711.129
2025-08-08 01:45:00,2798.518
2025-08-08 02:00:00,2555.801
2025-08-08 02:15:00,2580.518
2025-08-08 02:30:00,2650.214
2025-08-08 02:45:00,2595.093
2025-08-08 03:00:00,2574.435
2025-08-08 03:15:00,2572.639
2025-08-08 03:30:00,2538.609
2025-08-08 03:45:00,2570.186
2025-08-08 04:00:00,2558.052
2025-08-08 04:15:00,2549.271
2025-08-08 04:30:00,2482.993
2025-08-08 04:45:00,2496.342
2025-08-08 05:00:00,2448.369
2025-08-08 05:15:00,2393.691
2025-08-08 05:30:00,2394.272
2025-08-08 05:45:00,2398.169
2025-08-08 06:00:00,2443.727
2025-08-08 06:15:00,2451.934
2025-08-08 06:30:00,2491.449
2025-08-08 06:45:00,2479.324
2025-08-08 07:00:00,2521.626
2025-08-08 07:15:00,2534.844
2025-08-08 07:30:00,2411.192
2025-08-08 07:45:00,2447.075
2025-08-08 08:00:00,2579.307
2025-08-08 08:15:00,2563.083
2025-08-08 08:30:00,2581.707
2025-08-08 08:45:00,2587.053
2025-08-08 09:00:00,2566.696
2025-08-08 09:15:00,2726.438
2025-08-08 09:30:00,2716.397
2025-08-08 09:45:00,2673.994
2025-08-08 10:00:00,2529.176
2025-08-08 10:15:00,2401.25
2025-08-08 10:30:00,2383.157
2025-08-08 10:45:00,2660.657
2025-08-08 11:00:00,2760.59
2025-08-08 11:15:00,2820.837
2025-08-08 11:30:00,2860.164
2025-08-08 11:45:00,2838.962
2025-08-08 12:00:00,2887.99
2025-08-08 12:15:00,2924.271
2025-08-08 12:30:00,2907.265
2025-08-08 12:45:00,2942.071
2025-08-08 13:00:00,2894.532
2025-08-08 13:15:00,2810.747
2025-08-08 13:30:00,2860.027
2025-08-08 13:45:00,2728.775
2025-08-08 14:00:00,2934.054
2025-08-08 14:15:00,2950.922
2025-08-08 14:30:00,2804.091
2025-08-08 14:45:00,2792.028
2025-08-08 15:00:00,2640.07
2025-08-08 15:15:00,2663.137
2025-08-08 15:30:00,2788.555
2025-08-08 15:45:00,2733.979
2025-08-08 16:00:00,2853.269
2025-08-08 16:15:00,3003.384
2025-08-08 16:30:00,2897.331
2025-08-08 16:45:00,2837.135
2025-08-08 17:00:00,2761.393
2025-08-08 17:15:00,2839.233
2025-08-08 17:30:00,2936.857
2025-08-08 17:45:00,2806.156
2025-08-08 18:00:00,2665.645
2025-08-08 18:15:00,2529.223
2025-08-08 18:30:00,2518.15
2025-08-08 18:45:00,2676.179
2025-08-08 19:00:00,2560.76
2025-08-08 19:15:00,2657.443
2025-08-08 19:30:00,2762.387
2025-08-08 19:45:00,2674.308
2025-08-08 20:00:00,2734.171
2025-08-08 20:15:00,2833.28
2025-08-08 20:30:00,2931.644
2025-08-08 20:45:00,2874.238
2025-08-08 21:00:00,2757.672
2025-08-08 21:15:00,2690.982
2025-08-08 21:30:00,2635.807
2025-08-08 21:45:00,2578.532
2025-08-08 22:00:00,2667.373
2025-08-08 22:15:00,2777.498
2025-08-08 22:30:00,2738.954
2025-08-08 22:45:00,2685.762
2025-08-08 23:00:00,2769.757
2025-08-08 23:15:00,2994.59
2025-08-08 23:30:00,2959.333
2025-08-08 23:45:00,3035.212
2025-08-09 00:00:00,2806.487
2025-08-09 00:15:00,2776.122
2025-08-09 00:30:00,2742.917
2025-08-09 00:45:00,2770.097
2025-08-09 01:00:00,2657.405
2025-08-09 01:15:00,2513.195
2025-08-09 01:30:00,2558.109
2025-08-09 01:45:00,2449.013
2025-08-09 02:00:00,2506.122
2025-08-09 02:15:00,2467.009
2025-08-09 02:30:00,2478.703
2025-08-09 02:45:00,2457.619
2025-08-09 03:00:00,2434.296
2025-08-09 03:15:00,2522.849
2025-08-09 03:30:00,2507.201
2025-08-09 03:45:00,2490.712
2025-08-09 04:00:00,2392.664
2025-08-09 04:15:00,2359.427
2025-08-09 04:30:00,2358.005
2025-08-09 04:45:00,2381.389
2025-08-09 05:00:00,2402.148
2025-08-09 05:15:00,2481.028
2025-08-09 05:30:00,2457.339
2025-08-09 05:45:00,2484.333
2025-08-09 06:00:00,2498.71
2025-08-09 06:15:00,2530.557
2025-08-09 06:30:00,2527.537
2025-08-09 06:45:00,2461.212
2025-08-09 07:00:00,2414.553
2025-08-09 07:15:00,2344.074
2025-08-09 07:30:00,2217.177
2025-08-09 07:45:00,2214.509
2025-08-09 08:00:00,2231.261
2025-08-09 08:15:00,2214.672
2025-08-09 08:30:00,2191.364
2025-08-09 08:45:00,2169.836
2025-08-09 09:00:00,2112.132
2025-08-09 09:15:00,2162.999
2025-08-09 09:30:00,2204.059
2025-08-09 09:45:00,2199.604
2025-08-09 10:00:00,2214.804
2025-08-09 10:15:00,2363.495
2025-08-09 10:30:00,2586.566
2025-08-09 10:45:00,2565.148
2025-08-09 11:00:00,2273.75
2025-08-09 11:15:00,2215.088
2025-08-09 11:30:00,2200.813
2025-08-09 11:45:00,2254.765
2025-08-09 12:00:00,2410.734
2025-08-09 12:15:00,2332.564
2025-08-09 12:30:00,2432.129
2025-08-09 12:45:00,2519.079
2025-08-09 13:00:00,2499.102
2025-08-09 13:15:00,2509.669
2025-08-09 13:30:00,2433.524
2025-08-09 13:45:00,2355.656
2025-08-09 14:00:00,2363.469
2025-08-09 14:15:00,2435.188
2025-08-09 14:30:00,2455.508
2025-08-09 14:45:00,2558.178
2025-08-09 15:00:00,2611.711
2025-08-09 15:15:00,2726.793
2025-08-09 15:30:00,2792.016
2025-08-09 15:45:00,2855.617
2025-08-09 16:00:00,2834.652
2025-08-09 16:15:00,2735.624
2025-08-09 16:30:00,2923.251
2025-08-09 16:45:00,2939.556
2025-08-09 17:00:00,3065.999
2025-08-09 17:15:00,2957.224
2025-08-09 17:30:00,2968.865
2025-08-09 17:45:00,2915.772
2025-08-09 18:00:00,2823.237
2025-08-09 18:15:00,2740.362
2025-08-09 18:30:00,2724.393
2025-08-09 18:45:00,2738.814
2025-08-09 19:00:00,2701.839
2025-08-09 19:15:00,2755.058
2025-08-09 19:30:00,2916.461
2025-08-09 19:45:00,3032.965
2025-08-09 20:00:00,3103.48
2025-08-09 20:15:00,3160.573
2025-08-09 20:30:00,3047.61
2025-08-09 20:45:00,3021.959
2025-08-09 21:00:00,2970.32
2025-08-09 21:15:00,3037.917
2025-08-09 21:30:00,2898.035
2025-08-09 21:45:00,2774.659
2025-08-09 22:00:00,2839.511
2025-08-09 22:15:00,2829.826
2025-08-09 22:30:00,2873.849
2025-08-09 22:45:00,3000.53
2025-08-09 23:00:00,2929.959
2025-08-09 23:15:00,2888.523
2025-08-09 23:30:00,2982.771
2025-08-09 23:45:00,3169.187
2025-08-10 00:00:00,3121.956
2025-08-10 00:15:00,3245.644
2025-08-10 00:30:00,3149.058
2025-08-10 00:45:00,3145.37
2025-08-10 01:00:00,3040.381
2025-08-10 01:15:00,2949.322
2025-08-10 01:30:00,2862.797
2025-08-10 01:45:00,2711.915
2025-08-10 02:00:00,2643.281
2025-08-10 02:15:00,2690.823
2025-08-10 02:30:00,2734.11
2025-08-10 02:45:00,2758.918
2025-08-10 03:00:00,2642.449
2025-08-10 03:15:00,2644.092
2025-08-10 03:30:00,2637.67
2025-08-10 03:45:00,2671.116
2025-08-10 04:00:00,2659.292
2025-08-10 04:15:00,2687.031
2025-08-10 04:30:00,2640.884
2025-08-10 04:45:00,2615.357
2025-08-10 05:00:00,2639.379
2025-08-10 05:15:00,2653.151
2025-08-10 05:30:00,2667.677
2025-08-10 05:45:00,2632.897
2025-08-10 06:00:00,2673.712
2025-08-10 06:15:00,2622.3
2025-08-10 06:30:00,2567.751
2025-08-10 06:45:00,2515.393
2025-08-10 07:00:00,2545.457
2025-08-10 07:15:00,2602.611
2025-08-10 07:30:00,2380.316
2025-08-10 07:45:00,2336.171
2025-08-10 08:00:00,2390.719
2025-08-10 08:15:00,2341.04
2025-08-10 08:30:00,2324.373
2025-08-10 08:45:00,2366.081
2025-08-10 09:00:00,2235.061
2025-08-10 09:15:00,2307.11
2025-08-10 09:30:00,2262.005
2025-08-10 09:45:00,2327.7
2025-08-10 10:00:00,2240.694
2025-08-10 10:15:00,2242.824
2025-08-10 10:30:00,2261.762
2025-08-10 10:45:00,2433.639
2025-08-10 11:00:00,2554.238
2025-08-10 11:15:00,2743.547
2025-08-10 11:30:00,2336.718
2025-08-10 11:45:00,2749.19
2025-08-10 12:00:00,2388.386
2025-08-10 12:15:00,2531.92
2025-08-10 12:30:00,2762.619
2025-08-10 12:45:00,2801.793
2025-08-10 13:00:00,2881.402
2025-08-10 13:15:00,2848.913
2025-08-10 13:30:00,2693.193
2025-08-10 13:45:00,2587.729
2025-08-10 14:00:00,2374.775
2025-08-10 14:15:00,2357.187
2025-08-10 14:30:00,2426.931
2025-08-10 14:45:00,2441.78
2025-08-10 15:00:00,2484.519
2025-08-10 15:15:00,2581.96
2025-08-10 15:30:00,2608.633
2025-08-10 15:45:00,2704.601
2025-08-10 16:00:00,2770.013
2025-08-10 16:15:00,2822.452
2025-08-10 16:30:00,2948.231
2025-08-10 16:45:00,2944.367
2025-08-10 17:00:00,3036.256
2025-08-10 17:15:00,3084.62
2025-08-10 17:30:00,3086.454
2025-08-10 17:45:00,2981.352
2025-08-10 18:00:00,2919.62
2025-08-10 18:15:00,2889.654
2025-08-10 18:30:00,2963.325
2025-08-10 18:45:00,2926.195
2025-08-10 19:00:00,2851.449
2025-08-10 19:15:00,2959.75
2025-08-10 19:30:00,3037.383
2025-08-10 19:45:00,3153.4
2025-08-10 20:00:00,3247.41
2025-08-10 20:15:00,3349.218
2025-08-10 20:30:00,3269.681
2025-08-10 20:45:00,3288.369
2025-08-10 21:00:00,3288.015
2025-08-10 21:15:00,3179.888
2025-08-10 21:30:00,3091.023
2025-08-10 21:45:00,2979.592
2025-08-10 22:00:00,3074.652
2025-08-10 22:15:00,3100.178
2025-08-10 22:30:00,3044.975
2025-08-10 22:45:00,3103.655
2025-08-10 23:00:00,2970.046
2025-08-10 23:15:00,2984.215
2025-08-10 23:30:00,2940.72
2025-08-10 23:45:00,2994.765
2025-08-11 00:00:00,3083.779
2025-08-11 00:15:00,3373.507
2025-08-11 00:30:00,3264.798
2025-08-11 00:45:00,3114.694
2025-08-11 01:00:00,2934.867
2025-08-11 01:15:00,2768.032
2025-08-11 01:30:00,2480.393
2025-08-11 01:45:00,2423.796
2025-08-11 02:00:00,2367.671
2025-08-11 02:15:00,2219.852
2025-08-11 02:30:00,2343.722
2025-08-11 02:45:00,2293.981
2025-08-11 03:00:00,2185.396
2025-08-11 03:15:00,2113.273
2025-08-11 03:30:00,2094.985
2025-08-11 03:45:00,2039.247
2025-08-11 04:00:00,1952.97
2025-08-11 04:15:00,1996.082
2025-08-11 04:30:00,1893.41
2025-08-11 04:45:00,1883.5
2025-08-11 05:00:00,1924.5
2025-08-11 05:15:00,1924.5
2025-08-11 05:30:00,1924.5
2025-08-11 05:45:00,1924.5
2025-08-11 06:00:00,1894.25
2025-08-11 06:15:00,1894.25
2025-08-11 06:30:00,1894.25
2025-08-11 06:45:00,1894.25
2025-08-11 07:00:00,1894.25
2025-08-11 07:15:00,1894.25
2025-08-11 07:30:00,1894.25
2025-08-11 07:45:00,1894.25
2025-08-11 08:00:00,1894.25
2025-08-11 08:15:00,1894.25
2025-08-11 08:30:00,1894.25
2025-08-11 08:45:00,1995.997
2025-08-11 09:00:00,1985.688
2025-08-11 09:15:00,2024.422
2025-08-11 09:30:00,2002.527
2025-08-11 09:45:00,2269.992
2025-08-11 10:00:00,2137.611
2025-08-11 10:15:00,2283.078
2025-08-11 10:30:00,2277.566
2025-08-11 10:45:00,2390.629
2025-08-11 11:00:00,2462.998
2025-08-11 11:15:00,2371.219
2025-08-11 11:30:00,2490.705
2025-08-11 11:45:00,2528.24
2025-08-11 12:00:00,2682.285
2025-08-11 12:15:00,2659.588
2025-08-11 12:30:00,2639.754
2025-08-11 12:45:00,2778.804
2025-08-11 13:00:00,2837.946
2025-08-11 13:15:00,2713.792
2025-08-11 13:30:00,2644.432
2025-08-11 13:45:00,2544.92
2025-08-11 14:00:00,2497.829
2025-08-11 14:15:00,2451.701
2025-08-11 14:30:00,2494.727
2025-08-11 14:45:00,2437.455
2025-08-11 15:00:00,2546.727
2025-08-11 15:15:00,2679.165
2025-08-11 15:30:00,2741.969
2025-08-11 15:45:00,2737.433
2025-08-11 16:00:00,2600.733
2025-08-11 16:15:00,2570.351
2025-08-11 16:30:00,2669.354
2025-08-11 16:45:00,2677.473
2025-08-11 17:00:00,2818.628
2025-08-11 17:15:00,2913.666
2025-08-11 17:30:00,2861.001
2025-08-11 17:45:00,2775.083
2025-08-11 18:00:00,2613.658
2025-08-11 18:15:00,2463.744
2025-08-11 18:30:00,2464.944
2025-08-11 18:45:00,2437.624
2025-08-11 19:00:00,2375.277
2025-08-11 19:15:00,2454.846
2025-08-11 19:30:00,2563.375
2025-08-11 19:45:00,2683.491
2025-08-11 20:00:00,2612.66
2025-08-11 20:15:00,2666.859
2025-08-11 20:30:00,2638.55
2025-08-11 20:45:00,2558.955
2025-08-11 21:00:00,2433.396
2025-08-11 21:15:00,2362.32
2025-08-11 21:30:00,2354.251
2025-08-11 21:45:00,2232.535
2025-08-11 22:00:00,2340.643
2025-08-11 22:15:00,2422.105
2025-08-11 22:30:00,2465.0
2025-08-11 22:45:00,2468.525
2025-08-11 23:00:00,2634.227
2025-08-11 23:15:00,2454.655
2025-08-11 23:30:00,2510.507
2025-08-11 23:45:00,2546.908
2025-08-12 00:00:00,2636.255
2025-08-12 00:15:00,2893.518
2025-08-12 00:30:00,2858.524
2025-08-12 00:45:00,2702.002
2025-08-12 01:00:00,2572.347
2025-08-12 01:15:00,2398.261
2025-08-12 01:30:00,2377.333
2025-08-12 01:45:00,2481.728
2025-08-12 02:00:00,2476.218
2025-08-12 02:15:00,2347.031
2025-08-12 02:30:00,2278.852
2025-08-12 02:45:00,2224.531
2025-08-12 03:00:00,2238.43
2025-08-12 03:15:00,2164.584
2025-08-12 03:30:00,2094.333
2025-08-12 03:45:00,2065.833
2025-08-12 04:00:00,2081.141
2025-08-12 04:15:00,2057.85
2025-08-12 04:30:00,2014.955
2025-08-12 04:45:00,2083.551
2025-08-12 05:00:00,1923.694
2025-08-12 05:15:00,1873.75
2025-08-12 05:30:00,1873.75
2025-08-12 05:45:00,1893.063
2025-08-12 06:00:00,1865.522
2025-08-12 06:15:00,1819.425
2025-08-12 06:30:00,1869.196
2025-08-12 06:45:00,1886.956
2025-08-12 07:00:00,1851.25
2025-08-12 07:15:00,1851.25
2025-08-12 07:30:00,1863.75
2025-08-12 07:45:00,1875.0
2025-08-12 08:00:00,1887.5
2025-08-12 08:15:00,1891.0
2025-08-12 08:30:00,1904.347
2025-08-12 08:45:00,2312.529
2025-08-12 09:00:00,2217.656
2025-08-12 09:15:00,2226.128
2025-08-12 09:30:00,2491.737
2025-08-12 09:45:00,2307.582
2025-08-12 10:00:00,2304.599
2025-08-12 10:15:00,2252.492
2025-08-12 10:30:00,2340.232
2025-08-12 10:45:00,2195.099
2025-08-12 11:00:00,2134.769
2025-08-12 11:15:00,2193.82
2025-08-12 11:30:00,2234.776
2025-08-12 11:45:00,2336.68
2025-08-12 12:00:00,2323.267
2025-08-12 12:15:00,2261.215
2025-08-12 12:30:00,2391.656
2025-08-12 12:45:00,2524.007
2025-08-12 13:00:00,2428.854
2025-08-12 13:15:00,2410.829
2025-08-12 13:30:00,2334.605
2025-08-12 13:45:00,2178.968
2025-08-12 14:00:00,2271.859
2025-08-12 14:15:00,2175.571
2025-08-12 14:30:00,2323.856
2025-08-12 14:45:00,2331.664
2025-08-12 15:00:00,2368.361
2025-08-12 15:15:00,2389.118
2025-08-12 15:30:00,2363.104
2025-08-12 15:45:00,2423.404
2025-08-12 16:00:00,2333.003
2025-08-12 16:15:00,2453.344
2025-08-12 16:30:00,2534.183
2025-08-12 16:45:00,2646.669
2025-08-12 17:00:00,2694.969
2025-08-12 17:15:00,2616.381
2025-08-12 17:30:00,2512.868
2025-08-12 17:45:00,2528.816
2025-08-12 18:00:00,2535.859
2025-08-12 18:15:00,2398.87
2025-08-12 18:30:00,2440.698
2025-08-12 18:45:00,2482.653
2025-08-12 19:00:00,2475.868
2025-08-12 19:15:00,2561.66
2025-08-12 19:30:00,2637.174
2025-08-12 19:45:00,2653.358
2025-08-12 20:00:00,2609.433
2025-08-12 20:15:00,2504.719
2025-08-12 20:30:00,2386.013
2025-08-12 20:45:00,2343.048
2025-08-12 21:00:00,2277.911
2025-08-12 21:15:00,2222.545
2025-08-12 21:30:00,2189.0
2025-08-12 21:45:00,2210.314
2025-08-12 22:00:00,2359.504
2025-08-12 22:15:00,2589.001
2025-08-12 22:30:00,2588.553
2025-08-12 22:45:00,2676.372
2025-08-12 23:00:00,2758.808
2025-08-12 23:15:00,2797.68
2025-08-12 23:30:00,2697.814
2025-08-12 23:45:00,2816.395
2025-08-13 00:00:00,2830.031
2025-08-13 00:15:00,2855.649
2025-08-13 00:30:00,2780.794
2025-08-13 00:45:00,2633.549
2025-08-13 01:00:00,2466.581
2025-08-13 01:15:00,2321.108
2025-08-13 01:30:00,2193.086
2025-08-13 01:45:00,2171.956
2025-08-13 02:00:00,2128.094
2025-08-13 02:15:00,2039.249
2025-08-13 02:30:00,1986.132
2025-08-13 02:45:00,2141.945
2025-08-13 03:00:00,2154.998
2025-08-13 03:15:00,2286.737
2025-08-13 03:30:00,2215.846
2025-08-13 03:45:00,2180.607
2025-08-13 04:00:00,2124.274
2025-08-13 04:15:00,2061.262
2025-08-13 04:30:00,2030.326
2025-08-13 04:45:00,2054.151
2025-08-13 05:00:00,2096.342
2025-08-13 05:15:00,2036.166
2025-08-13 05:30:00,1981.416
2025-08-13 05:45:00,1971.256
2025-08-13 06:00:00,2131.917
2025-08-13 06:15:00,2145.144
2025-08-13 06:30:00,2192.527
2025-08-13 06:45:00,2289.278
2025-08-13 07:00:00,2423.824
2025-08-13 07:15:00,2304.193
2025-08-13 07:30:00,2252.513
2025-08-13 07:45:00,2304.086
2025-08-13 08:00:00,2475.345
2025-08-13 08:15:00,2339.439
2025-08-13 08:30:00,2445.003
2025-08-13 08:45:00,2443.384
2025-08-13 09:00:00,2503.349
2025-08-13 09:15:00,2475.26
2025-08-13 09:30:00,2445.65
2025-08-13 09:45:00,2608.985
2025-08-13 10:00:00,2592.185
2025-08-13 10:15:00,2538.704
2025-08-13 10:30:00,2412.406
2025-08-13 10:45:00,2291.167
2025-08-13 11:00:00,2361.235
2025-08-13 11:15:00,2283.975
2025-08-13 11:30:00,2356.288
2025-08-13 11:45:00,2373.077
2025-08-13 12:00:00,2388.66
2025-08-13 12:15:00,2367.154
2025-08-13 12:30:00,2379.761
2025-08-13 12:45:00,2334.3
2025-08-13 13:00:00,2324.232
2025-08-13 13:15:00,2236.841
2025-08-13 13:30:00,2158.309
2025-08-13 13:45:00,2044.496
2025-08-13 14:00:00,2094.538
2025-08-13 14:15:00,2041.853
2025-08-13 14:30:00,1974.939
2025-08-13 14:45:00,1919.282
2025-08-13 15:00:00,1816.59
2025-08-13 15:15:00,1877.591
2025-08-13 15:30:00,1974.414
2025-08-13 15:45:00,1895.672
2025-08-13 16:00:00,1899.787
2025-08-13 16:15:00,1920.347
2025-08-13 16:30:00,2015.843
2025-08-13 16:45:00,2043.32
2025-08-13 17:00:00,2303.537
2025-08-13 17:15:00,2255.485
2025-08-13 17:30:00,2137.188
2025-08-13 17:45:00,2085.392
2025-08-13 18:00:00,2017.483
2025-08-13 18:15:00,1878.192
2025-08-13 18:30:00,1868.715
2025-08-13 18:45:00,1813.797
2025-08-13 19:00:00,1820.766
2025-08-13 19:15:00,1962.529
2025-08-13 19:30:00,2102.312
2025-08-13 19:45:00,2188.035
2025-08-13 20:00:00,2123.241
2025-08-13 20:15:00,2026.072
2025-08-13 20:30:00,1844.197
2025-08-13 20:45:00,1823.988
2025-08-13 21:00:00,1791.066
2025-08-13 21:15:00,1926.97
2025-08-13 21:30:00,1886.701
2025-08-13 21:45:00,1851.972
2025-08-13 22:00:00,1808.835
2025-08-13 22:15:00,1754.178
2025-08-13 22:30:00,1764.181
2025-08-13 22:45:00,1801.0
2025-08-13 23:00:00,1846.28
2025-08-13 23:15:00,1798.187
2025-08-13 23:30:00,1886.237
2025-08-13 23:45:00,1906.41
2025-08-14 00:00:00,1682.75
2025-08-14 00:15:00,1715.25
2025-08-14 00:30:00,1759.668
2025-08-14 00:45:00,1783.682
2025-08-14 01:00:00,1687.182
2025-08-14 01:15:00,1680.603
2025-08-14 01:30:00,1677.75
2025-08-14 01:45:00,1705.25
2025-08-14 02:00:00,1742.107
2025-08-14 02:15:00,1690.607
2025-08-14 02:30:00,1676.5
2025-08-14 02:45:00,1676.5
2025-08-14 03:00:00,1677.75
2025-08-14 03:15:00,1677.75
2025-08-14 03:30:00,1677.75
2025-08-14 03:45:00,1677.75
2025-08-14 04:00:00,1677.25
2025-08-14 04:15:00,1677.25
2025-08-14 04:30:00,1677.25
2025-08-14 04:45:00,1677.25
2025-08-14 05:00:00,1661.25
2025-08-14 05:15:00,1661.25
2025-08-14 05:30:00,1661.25
2025-08-14 05:45:00,1661.25
2025-08-14 06:00:00,1677.75
2025-08-14 06:15:00,1677.75
2025-08-14 06:30:00,1677.75
2025-08-14 06:45:00,1677.75
2025-08-14 07:00:00,1677.75
2025-08-14 07:15:00,1693.953
2025-08-14 07:30:00,1677.75
2025-08-14 07:45:00,1680.671
2025-08-14 08:00:00,1715.873
2025-08-14 08:15:00,1686.477
2025-08-14 08:30:00,1698.236
2025-08-14 08:45:00,1751.33
2025-08-14 09:00:00,1682.75
2025-08-14 09:15:00,1640.5
2025-08-14 09:30:00,1798.175
2025-08-14 09:45:00,1896.407
2025-08-14 10:00:00,1878.956
2025-08-14 10:15:00,1871.261
2025-08-14 10:30:00,1889.758
2025-08-14 10:45:00,1868.334
2025-08-14 11:00:00,1874.801
2025-08-14 11:15:00,1845.958
2025-08-14 11:30:00,1997.265
2025-08-14 11:45:00,1999.366
2025-08-14 12:00:00,2103.576
2025-08-14 12:15:00,2242.747
2025-08-14 12:30:00,2254.147
2025-08-14 12:45:00,2259.601
2025-08-14 13:00:00,2432.363
2025-08-14 13:15:00,2390.945
2025-08-14 13:30:00,2412.569
2025-08-14 13:45:00,2441.189
2025-08-14 14:00:00,2219.767
2025-08-14 14:15:00,1966.224
2025-08-14 14:30:00,2054.644
2025-08-14 14:45:00,2044.51
2025-08-14 15:00:00,1881.526
2025-08-14 15:15:00,1870.087
2025-08-14 15:30:00,1930.93
2025-08-14 15:45:00,1943.978
2025-08-14 16:00:00,1924.759
2025-08-14 16:15:00,1944.382
2025-08-14 16:30:00,1985.935
2025-08-14 16:45:00,2075.708
2025-08-14 17:00:00,2281.196
2025-08-14 17:15:00,2197.957
2025-08-14 17:30:00,2095.543
2025-08-14 17:45:00,2127.875
2025-08-14 18:00:00,2106.042
2025-08-14 18:15:00,2073.157
2025-08-14 18:30:00,2114.028
2025-08-14 18:45:00,2252.503
2025-08-14 19:00:00,2182.155
2025-08-14 19:15:00,2157.784
2025-08-14 19:30:00,2080.054
2025-08-14 19:45:00,2147.181
2025-08-14 20:00:00,2367.385
2025-08-14 20:15:00,2375.159
2025-08-14 20:30:00,2325.256
2025-08-14 20:45:00,2261.306
2025-08-14 21:00:00,2074.593
2025-08-14 21:15:00,2168.778
2025-08-14 21:30:00,1993.872
2025-08-14 21:45:00,2051.064
2025-08-14 22:00:00,2041.049
2025-08-14 22:15:00,1957.153
2025-08-14 22:30:00,2054.591
2025-08-14 22:45:00,2099.93
2025-08-14 23:00:00,2286.323
2025-08-14 23:15:00,2209.088
2025-08-14 23:30:00,2308.934
2025-08-14 23:45:00,2434.937
2025-08-15 00:00:00,2305.73
2025-08-15 00:15:00,2332.433
2025-08-15 00:30:00,2289.323
2025-08-15 00:45:00,2142.056
2025-08-15 01:00:00,2133.053
2025-08-15 01:15:00,2141.593
2025-08-15 01:30:00,2098.757
2025-08-15 01:45:00,1989.392
2025-08-15 02:00:00,1871.259
2025-08-15 02:15:00,1840.138
2025-08-15 02:30:00,1774.711
2025-08-15 02:45:00,1707.474
2025-08-15 03:00:00,1673.989
2025-08-15 03:15:00,1671.0
2025-08-15 03:30:00,1671.0
2025-08-15 03:45:00,1756.345
2025-08-15 04:00:00,1747.54
2025-08-15 04:15:00,1706.877
2025-08-15 04:30:00,1732.897
2025-08-15 04:45:00,1775.261
2025-08-15 05:00:00,1698.287
2025-08-15 05:15:00,1700.182
2025-08-15 05:30:00,1677.917
2025-08-15 05:45:00,1687.251
2025-08-15 06:00:00,1699.465
2025-08-15 06:15:00,1672.872
2025-08-15 06:30:00,1671.0
2025-08-15 06:45:00,1671.0
2025-08-15 07:00:00,1671.0
2025-08-15 07:15:00,1776.045
2025-08-15 07:30:00,1730.412
2025-08-15 07:45:00,1794.077
2025-08-15 08:00:00,1770.365
2025-08-15 08:15:00,1876.101
2025-08-15 08:30:00,1946.679
2025-08-15 08:45:00,1774.577
2025-08-15 09:00:00,1725.894
2025-08-15 09:15:00,1692.669
2025-08-15 09:30:00,1671.0
2025-08-15 09:45:00,1729.836
2025-08-15 10:00:00,1884.072
2025-08-15 10:15:00,1930.092
2025-08-15 10:30:00,1857.89
2025-08-15 10:45:00,1876.754
2025-08-15 11:00:00,1910.53
2025-08-15 11:15:00,1869.704
2025-08-15 11:30:00,1957.277
2025-08-15 11:45:00,1976.955
2025-08-15 12:00:00,1948.314
2025-08-15 12:15:00,1901.863
2025-08-15 12:30:00,2101.537
2025-08-15 12:45:00,2322.362
2025-08-15 13:00:00,2464.985
2025-08-15 13:15:00,2427.082
2025-08-15 13:30:00,2413.065
2025-08-15 13:45:00,2147.798
2025-08-15 14:00:00,2054.564
2025-08-15 14:15:00,1881.931
2025-08-15 14:30:00,1885.67
2025-08-15 14:45:00,2021.488
2025-08-15 15:00:00,2276.449
2025-08-15 15:15:00,2247.059
2025-08-15 15:30:00,2137.667
2025-08-15 15:45:00,2290.129
2025-08-15 16:00:00,2715.784
2025-08-15 16:15:00,2399.792
2025-08-15 16:30:00,2344.099
2025-08-15 16:45:00,2258.683
2025-08-15 17:00:00,2094.621
2025-08-15 17:15:00,2185.097
2025-08-15 17:30:00,2225.029
2025-08-15 17:45:00,2208.717
2025-08-15 18:00:00,2224.295
2025-08-15 18:15:00,2101.365
2025-08-15 18:30:00,2121.035
2025-08-15 18:45:00,2179.59
2025-08-15 19:00:00,2128.458
2025-08-15 19:15:00,2106.225
2025-08-15 19:30:00,2217.778
2025-08-15 19:45:00,2195.48
2025-08-15 20:00:00,2311.16
2025-08-15 20:15:00,2334.285
2025-08-15 20:30:00,2202.979
2025-08-15 20:45:00,2209.217
2025-08-15 21:00:00,2131.385
2025-08-15 21:15:00,2209.853
2025-08-15 21:30:00,2023.748
2025-08-15 21:45:00,1967.042
2025-08-15 22:00:00,2040.806
2025-08-15 22:15:00,2017.954
2025-08-15 22:30:00,1999.745
2025-08-15 22:45:00,1991.104
2025-08-15 23:00:00,1944.584
2025-08-15 23:15:00,1950.188
2025-08-15 23:30:00,1972.791
2025-08-15 23:45:00,1816.555
2025-08-16 00:00:00,1981.748
2025-08-16 00:15:00,2077.206
2025-08-16 00:30:00,1981.37
2025-08-16 00:45:00,2016.086
2025-08-16 01:00:00,1914.588
2025-08-16 01:15:00,1857.547
2025-08-16 01:30:00,1720.401
2025-08-16 01:45:00,1854.17
2025-08-16 02:00:00,1718.815
2025-08-16 02:15:00,1692.298
2025-08-16 02:30:00,1684.573
2025-08-16 02:45:00,1683.695
2025-08-16 03:00:00,1681.554
2025-08-16 03:15:00,1735.592
2025-08-16 03:30:00,1677.181
2025-08-16 03:45:00,1679.485
2025-08-16 04:00:00,1679.134
2025-08-16 04:15:00,1676.75
2025-08-16 04:30:00,1676.75
2025-08-16 04:45:00,1676.75
2025-08-16 05:00:00,1682.094
2025-08-16 05:15:00,1681.75
2025-08-16 05:30:00,1765.666
2025-08-16 05:45:00,1842.14
2025-08-16 06:00:00,1871.265
2025-08-16 06:15:00,1860.349
2025-08-16 06:30:00,1920.482
2025-08-16 06:45:00,1793.888
2025-08-16 07:00:00,1775.035
2025-08-16 07:15:00,1681.75
2025-08-16 07:30:00,1703.185
2025-08-16 07:45:00,1677.0
2025-08-16 08:00:00,1748.799
2025-08-16 08:15:00,1785.646
2025-08-16 08:30:00,1834.811
2025-08-16 08:45:00,1968.447
2025-08-16 09:00:00,1995.318
2025-08-16 09:15:00,1840.44
2025-08-16 09:30:00,1729.25
2025-08-16 09:45:00,1735.072
2025-08-16 10:00:00,2020.476
2025-08-16 10:15:00,1934.274
2025-08-16 10:30:00,2034.976
2025-08-16 10:45:00,1966.981
2025-08-16 11:00:00,1983.242
2025-08-16 11:15:00,2020.722
2025-08-16 11:30:00,1991.751
2025-08-16 11:45:00,1968.819
2025-08-16 12:00:00,1925.144
2025-08-16 12:15:00,2028.187
2025-08-16 12:30:00,2046.986
2025-08-16 12:45:00,2072.655
2025-08-16 13:00:00,2049.897
2025-08-16 13:15:00,2061.571
2025-08-16 13:30:00,2029.683
2025-08-16 13:45:00,2146.969
2025-08-16 14:00:00,2105.901
2025-08-16 14:15:00,1987.716
2025-08-16 14:30:00,1993.449
2025-08-16 14:45:00,2121.454
2025-08-16 15:00:00,2002.328
2025-08-16 15:15:00,1908.463
2025-08-16 15:30:00,1905.813
2025-08-16 15:45:00,2048.622
2025-08-16 16:00:00,2273.567
2025-08-16 16:15:00,2401.368
2025-08-16 16:30:00,2573.539
2025-08-16 16:45:00,2816.06
2025-08-16 17:00:00,3052.516
2025-08-16 17:15:00,3211.548
2025-08-16 17:30:00,3072.649
2025-08-16 17:45:00,2872.616
2025-08-16 18:00:00,2844.991
2025-08-16 18:15:00,2732.528
2025-08-16 18:30:00,2711.565
2025-08-16 18:45:00,2689.015
2025-08-16 19:00:00,2572.248
2025-08-16 19:15:00,2693.83
2025-08-16 19:30:00,2662.289
2025-08-16 19:45:00,2729.458
2025-08-16 20:00:00,2823.115
2025-08-16 20:15:00,2696.962
2025-08-16 20:30:00,2602.508
2025-08-16 20:45:00,2509.39
2025-08-16 21:00:00,2573.965
2025-08-16 21:15:00,2612.704
2025-08-16 21:30:00,2573.867
2025-08-16 21:45:00,2509.075
2025-08-16 22:00:00,2468.275
2025-08-16 22:15:00,2544.241
2025-08-16 22:30:00,2502.327
2025-08-16 22:45:00,2499.301
2025-08-16 23:00:00,2678.695
2025-08-16 23:15:00,2653.88
2025-08-16 23:30:00,2594.909
2025-08-16 23:45:00,2500.965
2025-08-17 00:00:00,2768.854
2025-08-17 00:15:00,2959.742
2025-08-17 00:30:00,2873.719
2025-08-17 00:45:00,2864.54
2025-08-17 01:00:00,2810.144
2025-08-17 01:15:00,2695.893
2025-08-17 01:30:00,2530.608
2025-08-17 01:45:00,2445.289
2025-08-17 02:00:00,2376.677
2025-08-17 02:15:00,2336.86
2025-08-17 02:30:00,2333.492
2025-08-17 02:45:00,2343.693
2025-08-17 03:00:00,2292.102
2025-08-17 03:15:00,2320.582
2025-08-17 03:30:00,2251.91
2025-08-17 03:45:00,2192.587
2025-08-17 04:00:00,2211.695
2025-08-17 04:15:00,2238.607
2025-08-17 04:30:00,2211.28
2025-08-17 04:45:00,2228.842
2025-08-17 05:00:00,2123.818
2025-08-17 05:15:00,2120.027
2025-08-17 05:30:00,2242.902
2025-08-17 05:45:00,2284.35
2025-08-17 06:00:00,2279.153
2025-08-17 06:15:00,2156.531
2025-08-17 06:30:00,2190.106
2025-08-17 06:45:00,2181.263
2025-08-17 07:00:00,2127.96
2025-08-17 07:15:00,1866.829
2025-08-17 07:30:00,1826.817
2025-08-17 07:45:00,1753.25
2025-08-17 08:00:00,1729.501
2025-08-17 08:15:00,1760.667
2025-08-17 08:30:00,1826.993
2025-08-17 08:45:00,1774.5
2025-08-17 09:00:00,1887.001
2025-08-17 09:15:00,1802.363
2025-08-17 09:30:00,1774.5
2025-08-17 09:45:00,1922.798
2025-08-17 10:00:00,2159.628
2025-08-17 10:15:00,2055.524
2025-08-17 10:30:00,2058.584
2025-08-17 10:45:00,2268.428
2025-08-17 11:00:00,2315.891
2025-08-17 11:15:00,2342.232
2025-08-17 11:30:00,2171.51
2025-08-17 11:45:00,2024.252
2025-08-17 12:00:00,1985.116
2025-08-17 12:15:00,1928.642
2025-08-17 12:30:00,1937.603
2025-08-17 12:45:00,1998.997
2025-08-17 13:00:00,2134.237
2025-08-17 13:15:00,1927.229
2025-08-17 13:30:00,1978.158
2025-08-17 13:45:00,2017.697
2025-08-17 14:00:00,1964.849
2025-08-17 14:15:00,1927.507
2025-08-17 14:30:00,1807.507
2025-08-17 14:45:00,1898.514
2025-08-17 15:00:00,1984.829
2025-08-17 15:15:00,2347.589
2025-08-17 15:30:00,2513.769
2025-08-17 15:45:00,2461.206
2025-08-17 16:00:00,2405.679
2025-08-17 16:15:00,2586.009
2025-08-17 16:30:00,2714.41
2025-08-17 16:45:00,2883.503
2025-08-17 17:00:00,3073.063
2025-08-17 17:15:00,3208.134
2025-08-17 17:30:00,3221.671
2025-08-17 17:45:00,3190.802
2025-08-17 18:00:00,3036.362
2025-08-17 18:15:00,2864.442
2025-08-17 18:30:00,2804.693
2025-08-17 18:45:00,2732.927
2025-08-17 19:00:00,2736.136
2025-08-17 19:15:00,2801.686
2025-08-17 19:30:00,2751.762
2025-08-17 19:45:00,2969.449
2025-08-17 20:00:00,3008.325
2025-08-17 20:15:00,3062.203
2025-08-17 20:30:00,3000.708
2025-08-17 20:45:00,2999.639
2025-08-17 21:00:00,2980.922
2025-08-17 21:15:00,3014.507
2025-08-17 21:30:00,2987.425
2025-08-17 21:45:00,2894.0
2025-08-17 22:00:00,2918.26
2025-08-17 22:15:00,2914.27
2025-08-17 22:30:00,2756.746
2025-08-17 22:45:00,2729.604
2025-08-17 23:00:00,2695.963
2025-08-17 23:15:00,2622.331
2025-08-17 23:30:00,2471.84
2025-08-17 23:45:00,2515.893
2025-08-18 00:00:00,2688.353
2025-08-18 00:15:00,3031.534
2025-08-18 00:30:00,2904.338
2025-08-18 00:45:00,2855.406
2025-08-18 01:00:00,2772.597
2025-08-18 01:15:00,2629.562
2025-08-18 01:30:00,2506.193
2025-08-18 01:45:00,2546.166
2025-08-18 02:00:00,2491.27
2025-08-18 02:15:00,2369.708
2025-08-18 02:30:00,2354.058
2025-08-18 02:45:00,2445.189
2025-08-18 03:00:00,2357.109
2025-08-18 03:15:00,2408.407
2025-08-18 03:30:00,2301.844
2025-08-18 03:45:00,2198.245
2025-08-18 04:00:00,2242.814
2025-08-18 04:15:00,2264.631
2025-08-18 04:30:00,2228.682
2025-08-18 04:45:00,2222.438
2025-08-18 05:00:00,2255.362
2025-08-18 05:15:00,2250.35
2025-08-18 05:30:00,2313.35
2025-08-18 05:45:00,2407.742
2025-08-18 06:00:00,2403.542
2025-08-18 06:15:00,2271.569
2025-08-18 06:30:00,2334.787
2025-08-18 06:45:00,2323.801
2025-08-18 07:00:00,2203.576
2025-08-18 07:15:00,2091.097
2025-08-18 07:30:00,2020.067
2025-08-18 07:45:00,2021.835
2025-08-18 08:00:00,2083.532
2025-08-18 08:15:00,1976.339
2025-08-18 08:30:00,1994.527
2025-08-18 08:45:00,2011.61
2025-08-18 09:00:00,2166.812
2025-08-18 09:15:00,2195.515
2025-08-18 09:30:00,2200.385
2025-08-18 09:45:00,2337.399
2025-08-18 10:00:00,2456.378
2025-08-18 10:15:00,2409.293
2025-08-18 10:30:00,2448.361
2025-08-18 10:45:00,2292.034
2025-08-18 11:00:00,2276.948
2025-08-18 11:15:00,2220.249
2025-08-18 11:30:00,2375.772
2025-08-18 11:45:00,2344.953
2025-08-18 12:00:00,2505.542
2025-08-18 12:15:00,2567.114
2025-08-18 12:30:00,3012.373
2025-08-18 12:45:00,3124.481
2025-08-18 13:00:00,3115.02
2025-08-18 13:15:00,2782.234
2025-08-18 13:30:00,2712.068
2025-08-18 13:45:00,2736.898
2025-08-18 14:00:00,2602.402
2025-08-18 14:15:00,2497.676
2025-08-18 14:30:00,2511.211
2025-08-18 14:45:00,2253.096
2025-08-18 15:00:00,2456.024
2025-08-18 15:15:00,2555.955
2025-08-18 15:30:00,2705.037
2025-08-18 15:45:00,2907.094
2025-08-18 16:00:00,3014.693
2025-08-18 16:15:00,3265.934
2025-08-18 16:30:00,3350.119
2025-08-18 16:45:00,3471.24
2025-08-18 17:00:00,3737.316
2025-08-18 17:15:00,3785.31
2025-08-18 17:30:00,3713.102
2025-08-18 17:45:00,3672.729
2025-08-18 18:00:00,3546.779
2025-08-18 18:15:00,3201.397
2025-08-18 18:30:00,3069.529
2025-08-18 18:45:00,3007.939
2025-08-18 19:00:00,2868.354
2025-08-18 19:15:00,3026.823
2025-08-18 19:30:00,3071.208
2025-08-18 19:45:00,3209.456
2025-08-18 20:00:00,3288.508
2025-08-18 20:15:00,3319.47
2025-08-18 20:30:00,3306.757
2025-08-18 20:45:00,3286.49
2025-08-18 21:00:00,3326.697
2025-08-18 21:15:00,3340.31
2025-08-18 21:30:00,3316.631
2025-08-18 21:45:00,3224.422
2025-08-18 22:00:00,3278.367
2025-08-18 22:15:00,3063.409
2025-08-18 22:30:00,2864.209
2025-08-18 22:45:00,2986.991
2025-08-18 23:00:00,2830.756
2025-08-18 23:15:00,2735.085
2025-08-18 23:30:00,2729.552
2025-08-18 23:45:00,2796.055
2025-08-19 00:00:00,2988.852
2025-08-19 00:15:00,3133.133
2025-08-19 00:30:00,3016.348
2025-08-19 00:45:00,2910.374
2025-08-19 01:00:00,2977.512
2025-08-19 01:15:00,2815.294
2025-08-19 01:30:00,2744.327
2025-08-19 01:45:00,2755.291
2025-08-19 02:00:00,2667.933
2025-08-19 02:15:00,2579.227
2025-08-19 02:30:00,2562.777
2025-08-19 02:45:00,2458.395
2025-08-19 03:00:00,2391.229
2025-08-19 03:15:00,2321.234
2025-08-19 03:30:00,2253.871
2025-08-19 03:45:00,2258.34
2025-08-19 04:00:00,2272.23
2025-08-19 04:15:00,2246.631
2025-08-19 04:30:00,2236.663
2025-08-19 04:45:00,2139.357
2025-08-19 05:00:00,2114.253
2025-08-19 05:15:00,2198.362
2025-08-19 05:30:00,2147.617
2025-08-19 05:45:00,2177.199
2025-08-19 06:00:00,2178.371
2025-08-19 06:15:00,2156.254
2025-08-19 06:30:00,2144.863
2025-08-19 06:45:00,2128.607
2025-08-19 07:00:00,2166.292
2025-08-19 07:15:00,2110.055
2025-08-19 07:30:00,2053.907
2025-08-19 07:45:00,1945.008
2025-08-19 08:00:00,1921.459
2025-08-19 08:15:00,1921.511
2025-08-19 08:30:00,1942.818
2025-08-19 08:45:00,1836.158
2025-08-19 09:00:00,2084.618
2025-08-19 09:15:00,2079.048
2025-08-19 09:30:00,2099.555
2025-08-19 09:45:00,2108.465
2025-08-19 10:00:00,2177.131
2025-08-19 10:15:00,2108.083
2025-08-19 10:30:00,2082.987
2025-08-19 10:45:00,2092.898
2025-08-19 11:00:00,2070.982
2025-08-19 11:15:00,2190.973
2025-08-19 11:30:00,2178.165
2025-08-19 11:45:00,2328.833
2025-08-19 12:00:00,2348.309
2025-08-19 12:15:00,2476.29
2025-08-19 12:30:00,2788.738
2025-08-19 12:45:00,2841.289
2025-08-19 13:00:00,2888.967
2025-08-19 13:15:00,2885.106
2025-08-19 13:30:00,2779.275
2025-08-19 13:45:00,2701.618
2025-08-19 14:00:00,2509.936
2025-08-19 14:15:00,2499.242
2025-08-19 14:30:00,2351.858
2025-08-19 14:45:00,2360.891
2025-08-19 15:00:00,2342.439
2025-08-19 15:15:00,2440.166
2025-08-19 15:30:00,2616.599
2025-08-19 15:45:00,2626.321
2025-08-19 16:00:00,2731.639
2025-08-19 16:15:00,2841.137
2025-08-19 16:30:00,2852.689
2025-08-19 16:45:00,3064.912
2025-08-19 17:00:00,3200.209
2025-08-19 17:15:00,3210.587
2025-08-19 17:30:00,3076.077
2025-08-19 17:45:00,3048.945
2025-08-19 18:00:00,2917.333
2025-08-19 18:15:00,2870.304
2025-08-19 18:30:00,2796.859
2025-08-19 18:45:00,2844.819
2025-08-19 19:00:00,2868.814
2025-08-19 19:15:00,2859.297
2025-08-19 19:30:00,2912.589
2025-08-19 19:45:00,3124.119
2025-08-19 20:00:00,3460.078
2025-08-19 20:15:00,3298.607
2025-08-19 20:30:00,3357.659
2025-08-19 20:45:00,3256.901
2025-08-19 21:00:00,3317.621
2025-08-19 21:15:00,3193.998
2025-08-19 21:30:00,3173.383
2025-08-19 21:45:00,2956.087
2025-08-19 22:00:00,2824.941
2025-08-19 22:15:00,2698.592
2025-08-19 22:30:00,2616.287
2025-08-19 22:45:00,2627.656
2025-08-19 23:00:00,2867.575
2025-08-19 23:15:00,2771.751
2025-08-19 23:30:00,2656.212
2025-08-19 23:45:00,2837.996
2025-08-20 00:00:00,2903.845
2025-08-20 00:15:00,2817.766
2025-08-20 00:30:00,2814.927
2025-08-20 00:45:00,2877.975
2025-08-20 01:00:00,2661.161
2025-08-20 01:15:00,2624.253
2025-08-20 01:30:00,2459.301
2025-08-20 01:45:00,2436.583
2025-08-20 02:00:00,2383.221
2025-08-20 02:15:00,2396.612
2025-08-20 02:30:00,2340.911
2025-08-20 02:45:00,2307.17
2025-08-20 03:00:00,2299.773
2025-08-20 03:15:00,2287.58
2025-08-20 03:30:00,2298.274
2025-08-20 03:45:00,2242.182
2025-08-20 04:00:00,2217.407
2025-08-20 04:15:00,2189.691
2025-08-20 04:30:00,2188.853
2025-08-20 04:45:00,2195.048
2025-08-20 05:00:00,2188.776
2025-08-20 05:15:00,2199.02
2025-08-20 05:30:00,2185.809
2025-08-20 05:45:00,2158.26
2025-08-20 06:00:00,2137.789
2025-08-20 06:15:00,2092.587
2025-08-20 06:30:00,2115.536
2025-08-20 06:45:00,2080.969
2025-08-20 07:00:00,2101.48
2025-08-20 07:15:00,2059.925
2025-08-20 07:30:00,2078.459
2025-08-20 07:45:00,2013.476
2025-08-20 08:00:00,1979.684
2025-08-20 08:15:00,2015.12
2025-08-20 08:30:00,2149.075
2025-08-20 08:45:00,2186.68
2025-08-20 09:00:00,2194.868
2025-08-20 09:15:00,2254.743
2025-08-20 09:30:00,2235.698
2025-08-20 09:45:00,2294.646
2025-08-20 10:00:00,2250.231
2025-08-20 10:15:00,2321.62
2025-08-20 10:30:00,2232.986
2025-08-20 10:45:00,2277.42
2025-08-20 11:00:00,2234.865
2025-08-20 11:15:00,2221.875
2025-08-20 11:30:00,2269.56
2025-08-20 11:45:00,2306.415
2025-08-20 12:00:00,2535.403
2025-08-20 12:15:00,2570.227
2025-08-20 12:30:00,2797.792
2025-08-20 12:45:00,2824.773
2025-08-20 13:00:00,2755.198
2025-08-20 13:15:00,2739.126
2025-08-20 13:30:00,2714.729
2025-08-20 13:45:00,2691.002
2025-08-20 14:00:00,2495.368
2025-08-20 14:15:00,2344.852
2025-08-20 14:30:00,2401.255
2025-08-20 14:45:00,2598.078
2025-08-20 15:00:00,2640.085
2025-08-20 15:15:00,2695.099
2025-08-20 15:30:00,2736.985
2025-08-20 15:45:00,2724.84
2025-08-20 16:00:00,2866.764
2025-08-20 16:15:00,3030.202
2025-08-20 16:30:00,3075.531
2025-08-20 16:45:00,3247.917
2025-08-20 17:00:00,3293.027
2025-08-20 17:15:00,3336.837
2025-08-20 17:30:00,3207.731
2025-08-20 17:45:00,3102.27
2025-08-20 18:00:00,2845.348
2025-08-20 18:15:00,2784.4
2025-08-20 18:30:00,2691.3
2025-08-20 18:45:00,2682.699
2025-08-20 19:00:00,2699.876
2025-08-20 19:15:00,2741.195
2025-08-20 19:30:00,2812.346
2025-08-20 19:45:00,2853.895
2025-08-20 20:00:00,2908.812
2025-08-20 20:15:00,2906.438
2025-08-20 20:30:00,2857.817
2025-08-20 20:45:00,2915.607
2025-08-20 21:00:00,2939.395
2025-08-20 21:15:00,2949.202
2025-08-20 21:30:00,2889.713
2025-08-20 21:45:00,2787.837
2025-08-20 22:00:00,2870.104
2025-08-20 22:15:00,2754.223
2025-08-20 22:30:00,2657.554
2025-08-20 22:45:00,2603.122
2025-08-20 23:00:00,2533.616
2025-08-20 23:15:00,2372.9
2025-08-20 23:30:00,2360.352
2025-08-20 23:45:00,2353.487
2025-08-21 00:00:00,2600.212
2025-08-21 00:15:00,2648.893
2025-08-21 00:30:00,2546.238
2025-08-21 00:45:00,2555.537
2025-08-21 01:00:00,2533.974
2025-08-21 01:15:00,2501.04
2025-08-21 01:30:00,2450.32
2025-08-21 01:45:00,2523.982
2025-08-21 02:00:00,2486.888
2025-08-21 02:15:00,2513.56
2025-08-21 02:30:00,2437.566
2025-08-21 02:45:00,2373.412
2025-08-21 03:00:00,2240.419
2025-08-21 03:15:00,2307.165
2025-08-21 03:30:00,2299.189
2025-08-21 03:45:00,2275.57
2025-08-21 04:00:00,2272.732
2025-08-21 04:15:00,2220.07
2025-08-21 04:30:00,2182.46
2025-08-21 04:45:00,2192.669
2025-08-21 05:00:00,2206.107
2025-08-21 05:15:00,2200.095
2025-08-21 05:30:00,2183.009
2025-08-21 05:45:00,2195.097
2025-08-21 06:00:00,2263.062
2025-08-21 06:15:00,2234.738
2025-08-21 06:30:00,2260.989
2025-08-21 06:45:00,2273.355
2025-08-21 07:00:00,2315.616
2025-08-21 07:15:00,2325.473
2025-08-21 07:30:00,2265.441
2025-08-21 07:45:00,2271.39
2025-08-21 08:00:00,2274.156
2025-08-21 08:15:00,2372.293
2025-08-21 08:30:00,2357.893
2025-08-21 08:45:00,2421.562
2025-08-21 09:00:00,2376.45
2025-08-21 09:15:00,2485.688
2025-08-21 09:30:00,2603.174
2025-08-21 09:45:00,2422.834
2025-08-21 10:00:00,2498.279
2025-08-21 10:15:00,2390.875
2025-08-21 10:30:00,2426.023
2025-08-21 10:45:00,2426.657
2025-08-21 11:00:00,2429.776
2025-08-21 11:15:00,2596.538
2025-08-21 11:30:00,2583.092
2025-08-21 11:45:00,2533.276
2025-08-21 12:00:00,2708.503
2025-08-21 12:15:00,2924.269
2025-08-21 12:30:00,3103.485
2025-08-21 12:45:00,3122.45
2025-08-21 13:00:00,3121.838
2025-08-21 13:15:00,3072.931
2025-08-21 13:30:00,3003.778
2025-08-21 13:45:00,2959.845
2025-08-21 14:00:00,2826.531
2025-08-21 14:15:00,2829.417
2025-08-21 14:30:00,2733.441
2025-08-21 14:45:00,2498.359
2025-08-21 15:00:00,2578.719
2025-08-21 15:15:00,2798.834
2025-08-21 15:30:00,2851.747
2025-08-21 15:45:00,2867.249
2025-08-21 16:00:00,2942.503
2025-08-21 16:15:00,3063.423
2025-08-21 16:30:00,3033.069
2025-08-21 16:45:00,3234.283
2025-08-21 17:00:00,3376.818
2025-08-21 17:15:00,3340.905
2025-08-21 17:30:00,3279.544
2025-08-21 17:45:00,3171.339
2025-08-21 18:00:00,3019.32
2025-08-21 18:15:00,2893.404
2025-08-21 18:30:00,2749.402
2025-08-21 18:45:00,2913.591
2025-08-21 19:00:00,2893.286
2025-08-21 19:15:00,2924.017
2025-08-21 19:30:00,3001.258
2025-08-21 19:45:00,2977.249
2025-08-21 20:00:00,3096.734
2025-08-21 20:15:00,3147.939
2025-08-21 20:30:00,2905.829
2025-08-21 20:45:00,2920.872
2025-08-21 21:00:00,2838.463
2025-08-21 21:15:00,2797.964
2025-08-21 21:30:00,2736.906
2025-08-21 21:45:00,2561.622
2025-08-21 22:00:00,2453.369
2025-08-21 22:15:00,2423.089
2025-08-21 22:30:00,2456.401
2025-08-21 22:45:00,2401.667
2025-08-21 23:00:00,2435.03
2025-08-21 23:15:00,2366.637
2025-08-21 23:30:00,2296.237
2025-08-21 23:45:00,2274.082
2025-08-22 00:00:00,2442.521
2025-08-22 00:15:00,2523.656
2025-08-22 00:30:00,2497.928
2025-08-22 00:45:00,2497.132
2025-08-22 01:00:00,2492.625
2025-08-22 01:15:00,2478.55
2025-08-22 01:30:00,2400.976
2025-08-22 01:45:00,2384.419
2025-08-22 02:00:00,2326.648
2025-08-22 02:15:00,2329.413
2025-08-22 02:30:00,2300.442
2025-08-22 02:45:00,2253.555
2025-08-22 03:00:00,2221.729
2025-08-22 03:15:00,2283.418
2025-08-22 03:30:00,2237.856
2025-08-22 03:45:00,2177.548
2025-08-22 04:00:00,2201.169
2025-08-22 04:15:00,2178.899
2025-08-22 04:30:00,2176.84
2025-08-22 04:45:00,2156.65
2025-08-22 05:00:00,2204.899
2025-08-22 05:15:00,2252.09
2025-08-22 05:30:00,2185.0
2025-08-22 05:45:00,2181.801
2025-08-22 06:00:00,2151.484
2025-08-22 06:15:00,2155.747
2025-08-22 06:30:00,2199.773
2025-08-22 06:45:00,2225.869
2025-08-22 07:00:00,2252.188
2025-08-22 07:15:00,2225.216
2025-08-22 07:30:00,2229.585
2025-08-22 07:45:00,2322.514
2025-08-22 08:00:00,2318.402
2025-08-22 08:15:00,2344.171
2025-08-22 08:30:00,2387.373
2025-08-22 08:45:00,2392.979
2025-08-22 09:00:00,2342.248
2025-08-22 09:15:00,2344.601
2025-08-22 09:30:00,2340.723
2025-08-22 09:45:00,2517.963
2025-08-22 10:00:00,2549.016
2025-08-22 10:15:00,2562.201
2025-08-22 10:30:00,2666.698
2025-08-22 10:45:00,2899.921
2025-08-22 11:00:00,2898.435
2025-08-22 11:15:00,2764.461
2025-08-22 11:30:00,2776.676
2025-08-22 11:45:00,2809.582
2025-08-22 12:00:00,2896.966
2025-08-22 12:15:00,2987.385
2025-08-22 12:30:00,2939.656
2025-08-22 12:45:00,2838.134
2025-08-22 13:00:00,2820.87
2025-08-22 13:15:00,2690.881
2025-08-22 13:30:00,2709.951
2025-08-22 13:45:00,2484.438
2025-08-22 14:00:00,2380.034
2025-08-22 14:15:00,2249.99
2025-08-22 14:30:00,2192.833
2025-08-22 14:45:00,2275.086
2025-08-22 15:00:00,2306.629
2025-08-22 15:15:00,2297.406
2025-08-22 15:30:00,2384.528
2025-08-22 15:45:00,2488.743
2025-08-22 16:00:00,2607.529
2025-08-22 16:15:00,2825.377
2025-08-22 16:30:00,2857.41
2025-08-22 16:45:00,2911.867
2025-08-22 17:00:00,2893.854
2025-08-22 17:15:00,2924.024
2025-08-22 17:30:00,2956.922
2025-08-22 17:45:00,2829.524
2025-08-22 18:00:00,2813.662
2025-08-22 18:15:00,2774.472
2025-08-22 18:30:00,2683.971
2025-08-22 18:45:00,2792.162
2025-08-22 19:00:00,2719.378
2025-08-22 19:15:00,2841.416
2025-08-22 19:30:00,2967.266
2025-08-22 19:45:00,2957.316
2025-08-22 20:00:00,2982.516
2025-08-22 20:15:00,2741.101
2025-08-22 20:30:00,2710.235
2025-08-22 20:45:00,2636.559
2025-08-22 21:00:00,2624.475
2025-08-22 21:15:00,2533.328
2025-08-22 21:30:00,2497.086
2025-08-22 21:45:00,2349.191
2025-08-22 22:00:00,2278.84
2025-08-22 22:15:00,2376.573
2025-08-22 22:30:00,2369.213
2025-08-22 22:45:00,2323.667
2025-08-22 23:00:00,2449.79
2025-08-22 23:15:00,2464.293
2025-08-22 23:30:00,2339.778
2025-08-22 23:45:00,2436.734
2025-08-23 00:00:00,2431.839
2025-08-23 00:15:00,2555.885
2025-08-23 00:30:00,2524.644
2025-08-23 00:45:00,2445.379
2025-08-23 01:00:00,2391.559
2025-08-23 01:15:00,2300.477
2025-08-23 01:30:00,2267.716
2025-08-23 01:45:00,2369.662
2025-08-23 02:00:00,2346.555
2025-08-23 02:15:00,2308.425
2025-08-23 02:30:00,2301.364
2025-08-23 02:45:00,2338.695
2025-08-23 03:00:00,2277.381
2025-08-23 03:15:00,2351.422
2025-08-23 03:30:00,2267.5
2025-08-23 03:45:00,2236.294
2025-08-23 04:00:00,2164.306
2025-08-23 04:15:00,2075.792
2025-08-23 04:30:00,2083.655
2025-08-23 04:45:00,2029.572
2025-08-23 05:00:00,1996.64
2025-08-23 05:15:00,2052.055
2025-08-23 05:30:00,2057.667
2025-08-23 05:45:00,2121.013
2025-08-23 06:00:00,2004.576
2025-08-23 06:15:00,2012.984
2025-08-23 06:30:00,2096.128
2025-08-23 06:45:00,2081.925
2025-08-23 07:00:00,2259.207
2025-08-23 07:15:00,2109.138
2025-08-23 07:30:00,2033.342
2025-08-23 07:45:00,2062.468
2025-08-23 08:00:00,2042.079
2025-08-23 08:15:00,2058.314
2025-08-23 08:30:00,1986.898
2025-08-23 08:45:00,1982.877
2025-08-23 09:00:00,1917.5
2025-08-23 09:15:00,1917.5
2025-08-23 09:30:00,1926.48
2025-08-23 09:45:00,2110.089
2025-08-23 10:00:00,2137.984
2025-08-23 10:15:00,2095.325
2025-08-23 10:30:00,2213.008
2025-08-23 10:45:00,2201.401
2025-08-23 11:00:00,2162.677
2025-08-23 11:15:00,2167.078
2025-08-23 11:30:00,2144.676
2025-08-23 11:45:00,2269.798
2025-08-23 12:00:00,2443.808
2025-08-23 12:15:00,2455.453
2025-08-23 12:30:00,2580.427
2025-08-23 12:45:00,2622.454
2025-08-23 13:00:00,2689.6
2025-08-23 13:15:00,2751.551
2025-08-23 13:30:00,2755.553
2025-08-23 13:45:00,2639.875
2025-08-23 14:00:00,2562.634
2025-08-23 14:15:00,2530.429
2025-08-23 14:30:00,2541.16
2025-08-23 14:45:00,2635.776
2025-08-23 15:00:00,2802.564
2025-08-23 15:15:00,2846.251
2025-08-23 15:30:00,2961.198
2025-08-23 15:45:00,2956.671
2025-08-23 16:00:00,2909.385
2025-08-23 16:15:00,3043.643
2025-08-23 16:30:00,3150.489
2025-08-23 16:45:00,3146.662
2025-08-23 17:00:00,3236.955
2025-08-23 17:15:00,3245.479
2025-08-23 17:30:00,3178.34
2025-08-23 17:45:00,3227.055
2025-08-23 18:00:00,3366.335
2025-08-23 18:15:00,3471.291
2025-08-23 18:30:00,3548.716
2025-08-23 18:45:00,3750.083
2025-08-23 19:00:00,3490.325
2025-08-23 19:15:00,3610.671
2025-08-23 19:30:00,3751.583
2025-08-23 19:45:00,3921.377
2025-08-23 20:00:00,3867.43
2025-08-23 20:15:00,3714.985
2025-08-23 20:30:00,3719.141
2025-08-23 20:45:00,3621.453
2025-08-23 21:00:00,3568.427
2025-08-23 21:15:00,3524.677
2025-08-23 21:30:00,3343.986
2025-08-23 21:45:00,3248.512
2025-08-23 22:00:00,3472.892
2025-08-23 22:15:00,3599.266
2025-08-23 22:30:00,3723.098
2025-08-23 22:45:00,3634.313
2025-08-23 23:00:00,3826.411
2025-08-23 23:15:00,3679.776
2025-08-23 23:30:00,3537.925
2025-08-23 23:45:00,3473.683
2025-08-24 00:00:00,3410.865
2025-08-24 00:15:00,3551.299
2025-08-24 00:30:00,3541.926
2025-08-24 00:45:00,3460.831
2025-08-24 01:00:00,3402.711
2025-08-24 01:15:00,3248.977
2025-08-24 01:30:00,3187.714
2025-08-24 01:45:00,3135.67
2025-08-24 02:00:00,3012.869
2025-08-24 02:15:00,2996.505
2025-08-24 02:30:00,3011.479
2025-08-24 02:45:00,2905.066
2025-08-24 03:00:00,2806.997
2025-08-24 03:15:00,2842.165
2025-08-24 03:30:00,2777.346
2025-08-24 03:45:00,2823.795
2025-08-24 04:00:00,2765.704
2025-08-24 04:15:00,2694.727
2025-08-24 04:30:00,2637.806
2025-08-24 04:45:00,2604.128
2025-08-24 05:00:00,2602.625
2025-08-24 05:15:00,2560.988
2025-08-24 05:30:00,2517.479
2025-08-24 05:45:00,2529.69
2025-08-24 06:00:00,2606.508
2025-08-24 06:15:00,2491.845
2025-08-24 06:30:00,2488.142
2025-08-24 06:45:00,2445.47
2025-08-24 07:00:00,2416.531
2025-08-24 07:15:00,2252.306
2025-08-24 07:30:00,2158.615
2025-08-24 07:45:00,2102.844
2025-08-24 08:00:00,1954.208
2025-08-24 08:15:00,1838.25
2025-08-24 08:30:00,1838.25
2025-08-24 08:45:00,1838.25
2025-08-24 09:00:00,1878.5
2025-08-24 09:15:00,1878.5
2025-08-24 09:30:00,1878.5
2025-08-24 09:45:00,1878.5
2025-08-24 10:00:00,1878.5
2025-08-24 10:15:00,2101.585
2025-08-24 10:30:00,2247.495
2025-08-24 10:45:00,2390.941
2025-08-24 11:00:00,2420.364
2025-08-24 11:15:00,2190.161
2025-08-24 11:30:00,2181.994
2025-08-24 11:45:00,2205.433
2025-08-24 12:00:00,2270.242
2025-08-24 12:15:00,2376.044
2025-08-24 12:30:00,2639.735
2025-08-24 12:45:00,2704.323
2025-08-24 13:00:00,2851.547
2025-08-24 13:15:00,2821.696
2025-08-24 13:30:00,2806.511
2025-08-24 13:45:00,2661.514
2025-08-24 14:00:00,2604.957
2025-08-24 14:15:00,2648.977
2025-08-24 14:30:00,2689.782
2025-08-24 14:45:00,2794.002
2025-08-24 15:00:00,2832.955
2025-08-24 15:15:00,2821.252
2025-08-24 15:30:00,2845.942
2025-08-24 15:45:00,2850.486
2025-08-24 16:00:00,2711.764
2025-08-24 16:15:00,2857.281
2025-08-24 16:30:00,2825.348
2025-08-24 16:45:00,2913.868
2025-08-24 17:00:00,3071.252
2025-08-24 17:15:00,3339.513
2025-08-24 17:30:00,3536.392
2025-08-24 17:45:00,3514.678
2025-08-24 18:00:00,3453.287
2025-08-24 18:15:00,3381.18
2025-08-24 18:30:00,3377.991
2025-08-24 18:45:00,3347.655
2025-08-24 19:00:00,3241.046
2025-08-24 19:15:00,3335.0
2025-08-24 19:30:00,3551.906
2025-08-24 19:45:00,3605.042
2025-08-24 20:00:00,3608.776
2025-08-24 20:15:00,3552.115
2025-08-24 20:30:00,3541.496
2025-08-24 20:45:00,3446.626
2025-08-24 21:00:00,3261.694
2025-08-24 21:15:00,3232.176
2025-08-24 21:30:00,3059.858
2025-08-24 21:45:00,2969.796
2025-08-24 22:00:00,3124.161
2025-08-24 22:15:00,3390.983
2025-08-24 22:30:00,3567.412
2025-08-24 22:45:00,3559.973
2025-08-24 23:00:00,3455.387
2025-08-24 23:15:00,3497.941
2025-08-24 23:30:00,3383.082
2025-08-24 23:45:00,3527.004
2025-08-25 00:00:00,3534.365
2025-08-25 00:15:00,3522.866
2025-08-25 00:30:00,3461.531
2025-08-25 00:45:00,3361.214
2025-08-25 01:00:00,3369.936
2025-08-25 01:15:00,3327.379
2025-08-25 01:30:00,3231.072
2025-08-25 01:45:00,3166.56
2025-08-25 02:00:00,3133.036
2025-08-25 02:15:00,3130.817
2025-08-25 02:30:00,3097.014
2025-08-25 02:45:00,2947.315
2025-08-25 03:00:00,2861.042
2025-08-25 03:15:00,2939.207
2025-08-25 03:30:00,2910.811
2025-08-25 03:45:00,2792.713
2025-08-25 04:00:00,2714.738
2025-08-25 04:15:00,2704.323
2025-08-25 04:30:00,2697.446
2025-08-25 04:45:00,2650.185
2025-08-25 05:00:00,2658.462
2025-08-25 05:15:00,2668.949
2025-08-25 05:30:00,2721.411
2025-08-25 05:45:00,2791.597
2025-08-25 06:00:00,2885.783
2025-08-25 06:15:00,2831.843
2025-08-25 06:30:00,2883.189
2025-08-25 06:45:00,2809.216
2025-08-25 07:00:00,2773.052
2025-08-25 07:15:00,2645.266
2025-08-25 07:30:00,2529.627
2025-08-25 07:45:00,2423.108
2025-08-25 08:00:00,2301.07
2025-08-25 08:15:00,2394.025
2025-08-25 08:30:00,2579.935
2025-08-25 08:45:00,2565.936
2025-08-25 09:00:00,2511.159
2025-08-25 09:15:00,2532.978
2025-08-25 09:30:00,2520.695
2025-08-25 09:45:00,2693.727
2025-08-25 10:00:00,2734.773
2025-08-25 10:15:00,2733.423
2025-08-25 10:30:00,2769.967
2025-08-25 10:45:00,2883.953
2025-08-25 11:00:00,2812.318
2025-08-25 11:15:00,2741.995
2025-08-25 11:30:00,2801.486
2025-08-25 11:45:00,2859.443
2025-08-25 12:00:00,2878.46
2025-08-25 12:15:00,3065.625
2025-08-25 12:30:00,3253.626
2025-08-25 12:45:00,3228.823
2025-08-25 13:00:00,3267.776
2025-08-25 13:15:00,3349.856
2025-08-25 13:30:00,3375.442
2025-08-25 13:45:00,3202.625
2025-08-25 14:00:00,3130.383
2025-08-25 14:15:00,3226.4
2025-08-25 14:30:00,3296.986
2025-08-25 14:45:00,3415.982
2025-08-25 15:00:00,3578.172
2025-08-25 15:15:00,3656.627
2025-08-25 15:30:00,3707.82
2025-08-25 15:45:00,3624.614
2025-08-25 16:00:00,3687.79
2025-08-25 16:15:00,3840.172
2025-08-25 16:30:00,4139.374
2025-08-25 16:45:00,4228.626
2025-08-25 17:00:00,4309.275
2025-08-25 17:15:00,4361.348
2025-08-25 17:30:00,4271.454
2025-08-25 17:45:00,3992.655
2025-08-25 18:00:00,3708.417
2025-08-25 18:15:00,3565.552
2025-08-25 18:30:00,3622.869
2025-08-25 18:45:00,3584.527
2025-08-25 19:00:00,3496.092
2025-08-25 19:15:00,3518.044
2025-08-25 19:30:00,3664.482
2025-08-25 19:45:00,3622.342
2025-08-25 20:00:00,3653.412
2025-08-25 20:15:00,3593.958
2025-08-25 20:30:00,3361.933
2025-08-25 20:45:00,3286.109
2025-08-25 21:00:00,3237.035
2025-08-25 21:15:00,3193.504
2025-08-25 21:30:00,3224.455
2025-08-25 21:45:00,3245.366
2025-08-25 22:00:00,3267.413
2025-08-25 22:15:00,3305.554
2025-08-25 22:30:00,3266.321
2025-08-25 22:45:00,3262.939
2025-08-25 23:00:00,3224.149
2025-08-25 23:15:00,3145.791
2025-08-25 23:30:00,2945.825
2025-08-25 23:45:00,2991.365
2025-08-26 00:00:00,3273.896
2025-08-26 00:15:00,3475.947
2025-08-26 00:30:00,3357.104
2025-08-26 00:45:00,3321.566
2025-08-26 01:00:00,3260.197
2025-08-26 01:15:00,3213.929
2025-08-26 01:30:00,3190.283
2025-08-26 01:45:00,3198.81
2025-08-26 02:00:00,3106.917
2025-08-26 02:15:00,3095.995
2025-08-26 02:30:00,3063.808
2025-08-26 02:45:00,2969.78
2025-08-26 03:00:00,2937.9
2025-08-26 03:15:00,2953.646
2025-08-26 03:30:00,2895.204
2025-08-26 03:45:00,2780.5
2025-08-26 04:00:00,2722.493
2025-08-26 04:15:00,2627.377
2025-08-26 04:30:00,2636.648
2025-08-26 04:45:00,2611.436
2025-08-26 05:00:00,2713.637
2025-08-26 05:15:00,2712.83
2025-08-26 05:30:00,2765.747
2025-08-26 05:45:00,2840.184
2025-08-26 06:00:00,2946.981
2025-08-26 06:15:00,2851.802
2025-08-26 06:30:00,2933.81
2025-08-26 06:45:00,2830.153
2025-08-26 07:00:00,2753.97
2025-08-26 07:15:00,2678.68
2025-08-26 07:30:00,2619.627
2025-08-26 07:45:00,2618.79
2025-08-26 08:00:00,2665.681
2025-08-26 08:15:00,2741.786
2025-08-26 08:30:00,2778.217
2025-08-26 08:45:00,2734.065
2025-08-26 09:00:00,2642.884
2025-08-26 09:15:00,2630.385
2025-08-26 09:30:00,2653.985
2025-08-26 09:45:00,2822.797
2025-08-26 10:00:00,2930.848
2025-08-26 10:15:00,2943.131
2025-08-26 10:30:00,2952.607
2025-08-26 10:45:00,2927.583
2025-08-26 11:00:00,3046.4
2025-08-26 11:15:00,2986.087
2025-08-26 11:30:00,3074.46
2025-08-26 11:45:00,2943.832
2025-08-26 12:00:00,3235.525
2025-08-26 12:15:00,3307.936
2025-08-26 12:30:00,3387.466
2025-08-26 12:45:00,3450.163
2025-08-26 13:00:00,3406.48
2025-08-26 13:15:00,3382.638
2025-08-26 13:30:00,3425.229
2025-08-26 13:45:00,3400.495
2025-08-26 14:00:00,3364.803
2025-08-26 14:15:00,3302.087
2025-08-26 14:30:00,3190.905
2025-08-26 14:45:00,3308.884
2025-08-26 15:00:00,3435.531
2025-08-26 15:15:00,3452.094
2025-08-26 15:30:00,3495.086
2025-08-26 15:45:00,3427.486
2025-08-26 16:00:00,3318.504
2025-08-26 16:15:00,3742.148
2025-08-26 16:30:00,3921.142
2025-08-26 16:45:00,4150.948
2025-08-26 17:00:00,4154.074
2025-08-26 17:15:00,4220.239
2025-08-26 17:30:00,4252.119
2025-08-26 17:45:00,4062.964
2025-08-26 18:00:00,3809.504
2025-08-26 18:15:00,3682.359
2025-08-26 18:30:00,3760.633
2025-08-26 18:45:00,3907.177
2025-08-26 19:00:00,3997.071
2025-08-26 19:15:00,4032.397
2025-08-26 19:30:00,4030.603
2025-08-26 19:45:00,4092.737
2025-08-26 20:00:00,4084.962
2025-08-26 20:15:00,4129.117
2025-08-26 20:30:00,3848.568
2025-08-26 20:45:00,3801.844
2025-08-26 21:00:00,3737.701
2025-08-26 21:15:00,3787.261
2025-08-26 21:30:00,3869.137
2025-08-26 21:45:00,3779.985
2025-08-26 22:00:00,3686.737
2025-08-26 22:15:00,3671.951
2025-08-26 22:30:00,3726.267
2025-08-26 22:45:00,3787.264
2025-08-26 23:00:00,3822.222
2025-08-26 23:15:00,3807.011
2025-08-26 23:30:00,3736.654
2025-08-26 23:45:00,3706.913
2025-08-27 00:00:00,3902.849
2025-08-27 00:15:00,4217.714
2025-08-27 00:30:00,4185.371
2025-08-27 00:45:00,4157.499
2025-08-27 01:00:00,4256.197
2025-08-27 01:15:00,4157.963
2025-08-27 01:30:00,4091.66
2025-08-27 01:45:00,4055.202
2025-08-27 02:00:00,3931.03
2025-08-27 02:15:00,3830.449
2025-08-27 02:30:00,3791.835
2025-08-27 02:45:00,3806.871
2025-08-27 03:00:00,3723.299
2025-08-27 03:15:00,3676.267
2025-08-27 03:30:00,3627.294
2025-08-27 03:45:00,3585.229
2025-08-27 04:00:00,3515.733
2025-08-27 04:15:00,3499.334
2025-08-27 04:30:00,3472.48
2025-08-27 04:45:00,3531.914
2025-08-27 05:00:00,3579.276
2025-08-27 05:15:00,3539.167
2025-08-27 05:30:00,3534.579
2025-08-27 05:45:00,3566.683
2025-08-27 06:00:00,3564.095
2025-08-27 06:15:00,3509.973
2025-08-27 06:30:00,3517.778
2025-08-27 06:45:00,3338.555
2025-08-27 07:00:00,3254.262
2025-08-27 07:15:00,3118.808
2025-08-27 07:30:00,2999.219
2025-08-27 07:45:00,2930.606
2025-08-27 08:00:00,3010.982
2025-08-27 08:15:00,2990.77
2025-08-27 08:30:00,2867.776
2025-08-27 08:45:00,2789.192
2025-08-27 09:00:00,2799.953
2025-08-27 09:15:00,2795.102
2025-08-27 09:30:00,2810.453
2025-08-27 09:45:00,2844.372
2025-08-27 10:00:00,2866.469
2025-08-27 10:15:00,2999.135
2025-08-27 10:30:00,3075.436
2025-08-27 10:45:00,3128.464
2025-08-27 11:00:00,3149.448
2025-08-27 11:15:00,3138.448
2025-08-27 11:30:00,3152.293
2025-08-27 11:45:00,3322.412
2025-08-27 12:00:00,3524.875
2025-08-27 12:15:00,3650.994
2025-08-27 12:30:00,3875.04
2025-08-27 12:45:00,3887.416
2025-08-27 13:00:00,3949.849
2025-08-27 13:15:00,3981.049
2025-08-27 13:30:00,3882.478
2025-08-27 13:45:00,3817.757
2025-08-27 14:00:00,3752.867
2025-08-27 14:15:00,3733.055
2025-08-27 14:30:00,3642.133
2025-08-27 14:45:00,3723.977
2025-08-27 15:00:00,3729.1
2025-08-27 15:15:00,3979.296
2025-08-27 15:30:00,4070.362
2025-08-27 15:45:00,4212.773
2025-08-27 16:00:00,4223.443
2025-08-27 16:15:00,4402.158
2025-08-27 16:30:00,4340.907
2025-08-27 16:45:00,4434.252
2025-08-27 17:00:00,4394.044
2025-08-27 17:15:00,4429.084
2025-08-27 17:30:00,4372.07
2025-08-27 17:45:00,4280.075
2025-08-27 18:00:00,4188.208
2025-08-27 18:15:00,4175.295
2025-08-27 18:30:00,4100.43
2025-08-27 18:45:00,4101.886
2025-08-27 19:00:00,4081.681
2025-08-27 19:15:00,4217.644
2025-08-27 19:30:00,4314.355
2025-08-27 19:45:00,4248.472
2025-08-27 20:00:00,4164.679
2025-08-27 20:15:00,4047.751
2025-08-27 20:30:00,4044.095
2025-08-27 20:45:00,4059.798
2025-08-27 21:00:00,3899.139
2025-08-27 21:15:00,3907.748
2025-08-27 21:30:00,4109.298
2025-08-27 21:45:00,4120.73
2025-08-27 22:00:00,4311.808
2025-08-27 22:15:00,4179.954
2025-08-27 22:30:00,4113.584
2025-08-27 22:45:00,4078.88
2025-08-27 23:00:00,4085.043
2025-08-27 23:15:00,4025.939
2025-08-27 23:30:00,3948.254
2025-08-27 23:45:00,3913.105
2025-08-28 00:00:00,3981.203
2025-08-28 00:15:00,4201.901
2025-08-28 00:30:00,4021.899
2025-08-28 00:45:00,3961.522
2025-08-28 01:00:00,3963.496
2025-08-28 01:15:00,3872.811
2025-08-28 01:30:00,3676.162
2025-08-28 01:45:00,3631.485
2025-08-28 02:00:00,3586.503
2025-08-28 02:15:00,3553.347
2025-08-28 02:30:00,3543.647
2025-08-28 02:45:00,3511.278
2025-08-28 03:00:00,3438.419
2025-08-28 03:15:00,3447.946
2025-08-28 03:30:00,3368.164
2025-08-28 03:45:00,3327.893
2025-08-28 04:00:00,3238.852
2025-08-28 04:15:00,3201.538
2025-08-28 04:30:00,3150.948
2025-08-28 04:45:00,3185.998
2025-08-28 05:00:00,3189.625
2025-08-28 05:15:00,3221.779
2025-08-28 05:30:00,3250.794
2025-08-28 05:45:00,3232.831
2025-08-28 06:00:00,3125.585
2025-08-28 06:15:00,3051.005
2025-08-28 06:30:00,3109.203
2025-08-28 06:45:00,3065.341
2025-08-28 07:00:00,3047.265
2025-08-28 07:15:00,2891.194
2025-08-28 07:30:00,2750.917
2025-08-28 07:45:00,2804.524
2025-08-28 08:00:00,2697.912
2025-08-28 08:15:00,2646.654
2025-08-28 08:30:00,2676.115
2025-08-28 08:45:00,2666.653
2025-08-28 09:00:00,2659.349
2025-08-28 09:15:00,2582.527
2025-08-28 09:30:00,2714.077
2025-08-28 09:45:00,2827.007
2025-08-28 10:00:00,2967.307
2025-08-28 10:15:00,3019.563
2025-08-28 10:30:00,3125.525
2025-08-28 10:45:00,3141.844
2025-08-28 11:00:00,3085.357
2025-08-28 11:15:00,3027.376
2025-08-28 11:30:00,3073.14
2025-08-28 11:45:00,3217.984
2025-08-28 12:00:00,3481.974
2025-08-28 12:15:00,3683.573
2025-08-28 12:30:00,3675.106
2025-08-28 12:45:00,3702.023
2025-08-28 13:00:00,4117.427
2025-08-28 13:15:00,4171.438
2025-08-28 13:30:00,4086.716
2025-08-28 13:45:00,4048.712
2025-08-28 14:00:00,3946.279
2025-08-28 14:15:00,3706.657
2025-08-28 14:30:00,3666.794
2025-08-28 14:45:00,3657.911
2025-08-28 15:00:00,3733.919
2025-08-28 15:15:00,3822.447
2025-08-28 15:30:00,3974.029
2025-08-28 15:45:00,3991.381
2025-08-28 16:00:00,4018.73
2025-08-28 16:15:00,4037.068
2025-08-28 16:30:00,3801.551
2025-08-28 16:45:00,3883.319
2025-08-28 17:00:00,3853.416
2025-08-28 17:15:00,3920.19
2025-08-28 17:30:00,3953.468
2025-08-28 17:45:00,3839.814
2025-08-28 18:00:00,3777.633
2025-08-28 18:15:00,3808.237
2025-08-28 18:30:00,3826.974
2025-08-28 18:45:00,3708.318
2025-08-28 19:00:00,3670.104
2025-08-28 19:15:00,3675.772
2025-08-28 19:30:00,3840.639
2025-08-28 19:45:00,3974.614
2025-08-28 20:00:00,4047.637
2025-08-28 20:15:00,4014.902
2025-08-28 20:30:00,3830.81
2025-08-28 20:45:00,3883.709
2025-08-28 21:00:00,3797.582
2025-08-28 21:15:00,3947.419
2025-08-28 21:30:00,3887.92
2025-08-28 21:45:00,3832.689
2025-08-28 22:00:00,3880.282
2025-08-28 22:15:00,3923.775
2025-08-28 22:30:00,3978.772
2025-08-28 22:45:00,3859.724
2025-08-28 23:00:00,3824.543
2025-08-28 23:15:00,3899.0
2025-08-28 23:30:00,3791.68
2025-08-28 23:45:00,3814.522
2025-08-29 00:00:00,3770.798
2025-08-29 00:15:00,4063.186
2025-08-29 00:30:00,3952.83
2025-08-29 00:45:00,3822.815
2025-08-29 01:00:00,3783.71
2025-08-29 01:15:00,3731.128
2025-08-29 01:30:00,3633.752
2025-08-29 01:45:00,3517.351
2025-08-29 02:00:00,3540.499
2025-08-29 02:15:00,3492.127
2025-08-29 02:30:00,3498.335
2025-08-29 02:45:00,3429.235
2025-08-29 03:00:00,3357.669
2025-08-29 03:15:00,3308.19
2025-08-29 03:30:00,3217.285
2025-08-29 03:45:00,3156.447
2025-08-29 04:00:00,3095.323
2025-08-29 04:15:00,3066.477
2025-08-29 04:30:00,2961.721
2025-08-29 04:45:00,3062.407
2025-08-29 05:00:00,3108.547
2025-08-29 05:15:00,3043.66
2025-08-29 05:30:00,3124.373
2025-08-29 05:45:00,3087.849
2025-08-29 06:00:00,3037.4
2025-08-29 06:15:00,2970.224
2025-08-29 06:30:00,3031.271
2025-08-29 06:45:00,3045.261
2025-08-29 07:00:00,3016.161
2025-08-29 07:15:00,2872.136
2025-08-29 07:30:00,2800.067
2025-08-29 07:45:00,2758.302
2025-08-29 08:00:00,2702.438
2025-08-29 08:15:00,2706.853
2025-08-29 08:30:00,2756.732
2025-08-29 08:45:00,2756.506
2025-08-29 09:00:00,2705.255
2025-08-29 09:15:00,2580.0
2025-08-29 09:30:00,2582.951
2025-08-29 09:45:00,2751.019
2025-08-29 10:00:00,2867.246
2025-08-29 10:15:00,2853.621
2025-08-29 10:30:00,2961.121
2025-08-29 10:45:00,2974.983
2025-08-29 11:00:00,3012.377
2025-08-29 11:15:00,3062.386
2025-08-29 11:30:00,3091.873
2025-08-29 11:45:00,3230.29
2025-08-29 12:00:00,3360.045
2025-08-29 12:15:00,3448.039
2025-08-29 12:30:00,3591.54
2025-08-29 12:45:00,3556.068
2025-08-29 13:00:00,3744.396
2025-08-29 13:15:00,3794.764
2025-08-29 13:30:00,3834.176
2025-08-29 13:45:00,3742.195
2025-08-29 14:00:00,3605.26
2025-08-29 14:15:00,3447.149
2025-08-29 14:30:00,3179.288
2025-08-29 14:45:00,3271.968
2025-08-29 15:00:00,3816.274
2025-08-29 15:15:00,3984.527
2025-08-29 15:30:00,3976.795
2025-08-29 15:45:00,3931.442
2025-08-29 16:00:00,3812.745
2025-08-29 16:15:00,3869.26
2025-08-29 16:30:00,4015.98
2025-08-29 16:45:00,4140.57
2025-08-29 17:00:00,4203.224
2025-08-29 17:15:00,4290.848
2025-08-29 17:30:00,4262.126
2025-08-29 17:45:00,4288.647
2025-08-29 18:00:00,4147.431
2025-08-29 18:15:00,4242.491
2025-08-29 18:30:00,4250.791
2025-08-29 18:45:00,4232.853
2025-08-29 19:00:00,4219.799
2025-08-29 19:15:00,4194.696
2025-08-29 19:30:00,4360.746
2025-08-29 19:45:00,4314.322
2025-08-29 20:00:00,4246.092
2025-08-29 20:15:00,4156.62
2025-08-29 20:30:00,4138.108
2025-08-29 20:45:00,4081.943
2025-08-29 21:00:00,4076.517
2025-08-29 21:15:00,4036.102
2025-08-29 21:30:00,3965.37
2025-08-29 21:45:00,3852.773
2025-08-29 22:00:00,4153.736
2025-08-29 22:15:00,4338.728
2025-08-29 22:30:00,4288.288
2025-08-29 22:45:00,4351.001
2025-08-29 23:00:00,4233.852
2025-08-29 23:15:00,4164.082
2025-08-29 23:30:00,3991.089
2025-08-29 23:45:00,4098.788
2025-08-30 00:00:00,4156.706
2025-08-30 00:15:00,4353.749
2025-08-30 00:30:00,4307.262
2025-08-30 00:45:00,4178.714
2025-08-30 01:00:00,4106.627
2025-08-30 01:15:00,4083.175
2025-08-30 01:30:00,3941.434
2025-08-30 01:45:00,3837.136
2025-08-30 02:00:00,3833.998
2025-08-30 02:15:00,3731.576
2025-08-30 02:30:00,3694.03
2025-08-30 02:45:00,3592.817
2025-08-30 03:00:00,3568.082
2025-08-30 03:15:00,3541.071
2025-08-30 03:30:00,3478.069
2025-08-30 03:45:00,3319.847
2025-08-30 04:00:00,3301.542
2025-08-30 04:15:00,3292.676
2025-08-30 04:30:00,3286.076
2025-08-30 04:45:00,3257.282
2025-08-30 05:00:00,3391.429
2025-08-30 05:15:00,3323.443
2025-08-30 05:30:00,3347.139
2025-08-30 05:45:00,3336.132
2025-08-30 06:00:00,3288.468
2025-08-30 06:15:00,3260.383
2025-08-30 06:30:00,3180.008
2025-08-30 06:45:00,3058.375
2025-08-30 07:00:00,2985.881
2025-08-30 07:15:00,2814.881
2025-08-30 07:30:00,2717.238
2025-08-30 07:45:00,2600.936
2025-08-30 08:00:00,2744.407
2025-08-30 08:15:00,2730.897
2025-08-30 08:30:00,2701.543
2025-08-30 08:45:00,2693.757
2025-08-30 09:00:00,2803.933
2025-08-30 09:15:00,2755.88
2025-08-30 09:30:00,2845.781
2025-08-30 09:45:00,2962.713
2025-08-30 10:00:00,2895.335
2025-08-30 10:15:00,2998.325
2025-08-30 10:30:00,2936.762
2025-08-30 10:45:00,2954.77
2025-08-30 11:00:00,2955.939
2025-08-30 11:15:00,2924.361
2025-08-30 11:30:00,2868.043
2025-08-30 11:45:00,2973.247
2025-08-30 12:00:00,3145.727
2025-08-30 12:15:00,3222.108
2025-08-30 12:30:00,3280.537
2025-08-30 12:45:00,3339.29
2025-08-30 13:00:00,0.0
2025-08-30 13:15:00,0.0
2025-08-30 13:30:00,0.0
2025-08-30 13:45:00,0.0
2025-08-30 14:00:00,0.0
2025-08-30 14:15:00,0.0
2025-08-30 14:30:00,0.0
2025-08-30 14:45:00,0.0
2025-08-30 15:00:00,0.0
2025-08-30 15:15:00,0.0
2025-08-30 15:30:00,0.0
2025-08-30 15:45:00,0.0
2025-08-30 16:00:00,0.0
2025-08-30 16:15:00,0.0
2025-08-30 16:30:00,0.0
2025-08-30 16:45:00,0.0
2025-08-30 17:00:00,0.0
2025-08-30 17:15:00,0.0
2025-08-30 17:30:00,0.0
2025-08-30 17:45:00,0.0
2025-08-30 18:00:00,0.0
2025-08-30 18:15:00,0.0
2025-08-30 18:30:00,0.0
2025-08-30 18:45:00,0.0
2025-08-30 19:00:00,0.0
2025-08-30 19:15:00,0.0
2025-08-30 19:30:00,0.0
2025-08-30 19:45:00,0.0
2025-08-30 20:00:00,0.0
2025-08-30 20:15:00,0.0
2025-08-30 20:30:00,0.0
2025-08-30 20:45:00,0.0
2025-08-30 21:00:00,0.0
2025-08-30 21:15:00,0.0
2025-08-30 21:30:00,0.0
2025-08-30 21:45:00,0.0
2025-08-30 22:00:00,0.0
2025-08-30 22:15:00,0.0
2025-08-30 22:30:00,0.0
2025-08-30 22:45:00,0.0
2025-08-30 23:00:00,0.0
2025-08-30 23:15:00,0.0
2025-08-30 23:30:00,0.0
2025-08-30 23:45:00,0.0
2025-08-31 00:00:00,3068.125
2025-08-31 00:15:00,3301.71
2025-08-31 00:30:00,3174.665
2025-08-31 00:45:00,3092.34
2025-08-31 01:00:00,3007.944
2025-08-31 01:15:00,2986.465
2025-08-31 01:30:00,2882.074
2025-08-31 01:45:00,2908.426
2025-08-31 02:00:00,2973.101
2025-08-31 02:15:00,2944.605
2025-08-31 02:30:00,2914.212
2025-08-31 02:45:00,2893.545
2025-08-31 03:00:00,2852.142
2025-08-31 03:15:00,2770.204
2025-08-31 03:30:00,2711.754
2025-08-31 03:45:00,2667.636
2025-08-31 04:00:00,2641.6
2025-08-31 04:15:00,2605.211
2025-08-31 04:30:00,2605.177
2025-08-31 04:45:00,2603.253
2025-08-31 05:00:00,2669.351
2025-08-31 05:15:00,2663.469
2025-08-31 05:30:00,2719.155
2025-08-31 05:45:00,2733.521
2025-08-31 06:00:00,2687.813
2025-08-31 06:15:00,2657.054
2025-08-31 06:30:00,2728.53
2025-08-31 06:45:00,2693.728
2025-08-31 07:00:00,2700.739
2025-08-31 07:15:00,2600.179
2025-08-31 07:30:00,2431.545
2025-08-31 07:45:00,2322.634
2025-08-31 08:00:00,2227.851
2025-08-31 08:15:00,1980.362
2025-08-31 08:30:00,1919.989
2025-08-31 08:45:00,1929.591
2025-08-31 09:00:00,1890.207
2025-08-31 09:15:00,1853.75
2025-08-31 09:30:00,1853.75
2025-08-31 09:45:00,1853.75
2025-08-31 10:00:00,1847.0
2025-08-31 10:15:00,1847.0
2025-08-31 10:30:00,1970.426
2025-08-31 10:45:00,2298.175
2025-08-31 11:00:00,2350.612
2025-08-31 11:15:00,2407.125
2025-08-31 11:30:00,2240.559
2025-08-31 11:45:00,2249.438
2025-08-31 12:00:00,2324.288
2025-08-31 12:15:00,2528.223
2025-08-31 12:30:00,2630.304
2025-08-31 12:45:00,2612.089
2025-08-31 13:00:00,2660.881
2025-08-31 13:15:00,2818.185
2025-08-31 13:30:00,2729.579
2025-08-31 13:45:00,2671.267
2025-08-31 14:00:00,2699.199
2025-08-31 14:15:00,2669.082
2025-08-31 14:30:00,2731.321
2025-08-31 14:45:00,2762.904
2025-08-31 15:00:00,2847.0
2025-08-31 15:15:00,2870.735
2025-08-31 15:30:00,3094.535
2025-08-31 15:45:00,3038.055
2025-08-31 16:00:00,2973.395
2025-08-31 16:15:00,3135.404
2025-08-31 16:30:00,3274.846
2025-08-31 16:45:00,3432.563
2025-08-31 17:00:00,3521.366
2025-08-31 17:15:00,3629.365
2025-08-31 17:30:00,3649.597
2025-08-31 17:45:00,3540.773
2025-08-31 18:00:00,3694.829
2025-08-31 18:15:00,3832.323
2025-08-31 18:30:00,3892.284
2025-08-31 18:45:00,3932.119
2025-08-31 19:00:00,3809.704
2025-08-31 19:15:00,3906.979
2025-08-31 19:30:00,4023.492
2025-08-31 19:45:00,3827.32
2025-08-31 20:00:00,3709.753
2025-08-31 20:15:00,3661.238
2025-08-31 20:30:00,3593.804
2025-08-31 20:45:00,3541.856
2025-08-31 21:00:00,3570.234
2025-08-31 21:15:00,3506.372
2025-08-31 21:30:00,3416.956
2025-08-31 21:45:00,3665.602
2025-08-31 22:00:00,3908.452
2025-08-31 22:15:00,3876.169
2025-08-31 22:30:00,3779.447
2025-08-31 22:45:00,3680.506
2025-08-31 23:00:00,3688.07
2025-08-31 23:15:00,3651.465
2025-08-31 23:30:00,3483.6
2025-08-31 23:45:00,3475.364
2025-10-25 00:00:00,1144.096
2025-10-25 00:15:00,1255.163
2025-10-25 00:30:00,1487.804
2025-10-25 00:45:00,1605.563
2025-10-25 01:00:00,1741.692
2025-10-25 01:15:00,1895.487
2025-10-25 01:30:00,1840.834
2025-10-25 01:45:00,1733.449
2025-10-25 02:00:00,1757.935
2025-10-25 02:15:00,1808.568
2025-10-25 02:30:00,1778.766
2025-10-25 02:45:00,1768.827
2025-10-25 03:00:00,1730.658
2025-10-25 03:15:00,1692.721
2025-10-25 03:30:00,1697.11
2025-10-25 03:45:00,1703.731
2025-10-25 04:00:00,1591.144
2025-10-25 04:15:00,1616.173
2025-10-25 04:30:00,1604.036
2025-10-25 04:45:00,1583.997
2025-10-25 05:00:00,1546.416
2025-10-25 05:15:00,1592.48
2025-10-25 05:30:00,1734.339
2025-10-25 05:45:00,1674.254
2025-10-25 06:00:00,1630.903
2025-10-25 06:15:00,1514.657
2025-10-25 06:30:00,1301.031
2025-10-25 06:45:00,1353.806
2025-10-25 07:00:00,1349.836
2025-10-25 07:15:00,1293.126
2025-10-25 07:30:00,1180.932
2025-10-25 07:45:00,1175.975
2025-10-25 08:00:00,1196.318
2025-10-25 08:15:00,1151.068
2025-10-25 08:30:00,1163.294
2025-10-25 08:45:00,1118.044
2025-10-25 09:00:00,1014.473
2025-10-25 09:15:00,1025.994
2025-10-25 09:30:00,1059.343
2025-10-25 09:45:00,1019.487
2025-10-25 10:00:00,1142.276
2025-10-25 10:15:00,1205.369
2025-10-25 10:30:00,1142.149
2025-10-25 10:45:00,1157.174
2025-10-25 11:00:00,1155.379
2025-10-25 11:15:00,1203.154
2025-10-25 11:30:00,1195.871
2025-10-25 11:45:00,1249.648
2025-10-25 12:00:00,1682.058
2025-10-25 12:15:00,1537.705
2025-10-25 12:30:00,1438.039
2025-10-25 12:45:00,1299.929
2025-10-25 13:00:00,1288.412
2025-10-25 13:15:00,1328.906
2025-10-25 13:30:00,1369.218
2025-10-25 13:45:00,1424.368
2025-10-25 14:00:00,1323.078
2025-10-25 14:15:00,1181.948
2025-10-25 14:30:00,1247.074
2025-10-25 14:45:00,1362.179
2025-10-25 15:00:00,1516.653
2025-10-25 15:15:00,1438.209
2025-10-25 15:30:00,1354.544
2025-10-25 15:45:00,1369.594
2025-10-25 16:00:00,1402.993
2025-10-25 16:15:00,1603.195
2025-10-25 16:30:00,1522.757
2025-10-25 16:45:00,1554.972
2025-10-25 17:00:00,1749.431
2025-10-25 17:15:00,1979.457
2025-10-25 17:30:00,1957.477
2025-10-25 17:45:00,1958.831
2025-10-25 18:00:00,1916.708
2025-10-25 18:15:00,1923.202
2025-10-25 18:30:00,1921.882
2025-10-25 18:45:00,1922.738
2025-10-25 19:00:00,1786.01
2025-10-25 19:15:00,1678.557
2025-10-25 19:30:00,1540.828
2025-10-25 19:45:00,1437.261
2025-10-25 20:00:00,1421.42
2025-10-25 20:15:00,1381.446
2025-10-25 20:30:00,1327.687
2025-10-25 20:45:00,1325.745
2025-10-25 21:00:00,1317.894
2025-10-25 21:15:00,1330.174
2025-10-25 21:30:00,1232.753
2025-10-25 21:45:00,1286.727
2025-10-25 22:00:00,1351.227
2025-10-25 22:15:00,1379.824
2025-10-25 22:30:00,1253.131
2025-10-25 22:45:00,1264.677
2025-10-25 23:00:00,1311.201
2025-10-25 23:15:00,1263.093
2025-10-25 23:30:00,1182.5
2025-10-25 23:45:00,1237.032
2025-10-28 00:00:00,1716.227
2025-10-28 00:15:00,1642.532
2025-10-28 00:30:00,1633.211
2025-10-28 00:45:00,1648.44
2025-10-28 01:00:00,1519.031
2025-10-28 01:15:00,1411.69
2025-10-28 01:30:00,1461.457
2025-10-28 01:45:00,1424.666
2025-10-28 02:00:00,1360.63
2025-10-28 02:15:00,1324.457
2025-10-28 02:30:00,1382.287
2025-10-28 02:45:00,1377.789
2025-10-28 03:00:00,1360.92
2025-10-28 03:15:00,1403.817
2025-10-28 03:30:00,1445.698
2025-10-28 03:45:00,1362.75
2025-10-28 04:00:00,1406.422
2025-10-28 04:15:00,1378.162
2025-10-28 04:30:00,1355.237
2025-10-28 04:45:00,1376.687
2025-10-28 05:00:00,1395.708
2025-10-28 05:15:00,1370.059
2025-10-28 05:30:00,1413.253
2025-10-28 05:45:00,1470.96
2025-10-28 06:00:00,1565.085
2025-10-28 06:15:00,1706.305
2025-10-28 06:30:00,2061.854
2025-10-28 06:45:00,2147.594
2025-10-28 07:00:00,2115.008
2025-10-28 07:15:00,2096.827
2025-10-28 07:30:00,2086.931
2025-10-28 07:45:00,1992.968
2025-10-28 08:00:00,1821.677
2025-10-28 08:15:00,1716.059
2025-10-28 08:30:00,1781.326
2025-10-28 08:45:00,1463.826
2025-10-28 09:00:00,1420.983
2025-10-28 09:15:00,1371.2
2025-10-28 09:30:00,1367.453
2025-10-28 09:45:00,1337.588
2025-10-28 10:00:00,1249.48
2025-10-28 10:15:00,1233.5
2025-10-28 10:30:00,1233.5
2025-10-28 10:45:00,1233.5
2025-10-28 11:00:00,1229.0
2025-10-28 11:15:00,1260.789
2025-10-28 11:30:00,1229.0
2025-10-28 11:45:00,1229.0
2025-10-28 12:00:00,1358.372
2025-10-28 12:15:00,1594.701
2025-10-28 12:30:00,1292.521
2025-10-28 12:45:00,1272.772
2025-10-28 13:00:00,1204.022
2025-10-28 13:15:00,1199.528
2025-10-28 13:30:00,1424.358
2025-10-28 13:45:00,1337.161
2025-10-28 14:00:00,1317.25
2025-10-28 14:15:00,1380.158
2025-10-28 14:30:00,1439.505
2025-10-28 14:45:00,1566.339
2025-10-28 15:00:00,1646.454
2025-10-28 15:15:00,1745.54
2025-10-28 15:30:00,1884.613
2025-10-28 15:45:00,1899.061
2025-10-28 16:00:00,1411.505
2025-10-28 16:15:00,1689.24
2025-10-28 16:30:00,1763.872
2025-10-28 16:45:00,1852.164
2025-10-28 17:00:00,1841.787
2025-10-28 17:15:00,1786.849
2025-10-28 17:30:00,1729.273
2025-10-28 17:45:00,1861.55
2025-10-28 18:00:00,1983.139
2025-10-28 18:15:00,1914.654
2025-10-28 18:30:00,1931.867
2025-10-28 18:45:00,1777.394
2025-10-28 19:00:00,1745.431
2025-10-28 19:15:00,1524.582
2025-10-28 19:30:00,1399.75
2025-10-28 19:45:00,1422.275
2025-10-28 20:00:00,1483.776
2025-10-28 20:15:00,1418.298
2025-10-28 20:30:00,1432.006
2025-10-28 20:45:00,1414.795
2025-10-28 21:00:00,1350.078
2025-10-28 21:15:00,1357.268
2025-10-28 21:30:00,1297.237
2025-10-28 21:45:00,1341.69
2025-10-28 22:00:00,1367.712
2025-10-28 22:15:00,1394.049
2025-10-28 22:30:00,1294.5
2025-10-28 22:45:00,1258.281
2025-10-28 23:00:00,1265.248
2025-10-28 23:15:00,1264.032
2025-10-28 23:30:00,1304.585
2025-10-28 23:45:00,1438.813
2025-10-29 00:00:00,1662.917
2025-10-29 00:15:00,1606.744
2025-10-29 00:30:00,1480.414
2025-10-29 00:45:00,1402.251
2025-10-29 01:00:00,1327.374
2025-10-29 01:15:00,1264.628
2025-10-29 01:30:00,1219.0
2025-10-29 01:45:00,1335.434
2025-10-29 02:00:00,1306.88
2025-10-29 02:15:00,1428.192
2025-10-29 02:30:00,1352.376
2025-10-29 02:45:00,1381.381
2025-10-29 03:00:00,1426.876
2025-10-29 03:15:00,1413.133
2025-10-29 03:30:00,1365.468
2025-10-29 03:45:00,1393.222
2025-10-29 04:00:00,1416.543
2025-10-29 04:15:00,1416.669
2025-10-29 04:30:00,1451.925
2025-10-29 04:45:00,1436.342
2025-10-29 05:00:00,1382.515
2025-10-29 05:15:00,1293.476
2025-10-29 05:30:00,1362.075
2025-10-29 05:45:00,1408.361
2025-10-29 06:00:00,1260.5
2025-10-29 06:15:00,1318.583
2025-10-29 06:30:00,1423.576
2025-10-29 06:45:00,1534.852
2025-10-29 07:00:00,1598.296
2025-10-29 07:15:00,1536.54
2025-10-29 07:30:00,1486.015
2025-10-29 07:45:00,1443.611
2025-10-29 08:00:00,1407.71
2025-10-29 08:15:00,1627.388
2025-10-29 08:30:00,1498.012
2025-10-29 08:45:00,1867.699
2025-10-29 09:00:00,1765.442
2025-10-29 09:15:00,1877.16
2025-10-29 09:30:00,1862.743
2025-10-29 09:45:00,1913.74
2025-10-29 10:00:00,2035.56
2025-10-29 10:15:00,2106.574
2025-10-29 10:30:00,2358.888
2025-10-29 10:45:00,2575.234
2025-10-29 11:00:00,2617.904
2025-10-29 11:15:00,2650.779
2025-10-29 11:30:00,2626.894
2025-10-29 11:45:00,2533.745
2025-10-29 12:00:00,2708.084
2025-10-29 12:15:00,2555.812
2025-10-29 12:30:00,2693.902
2025-10-29 12:45:00,2662.601
2025-10-29 13:00:00,2357.097
2025-10-29 13:15:00,2143.533
2025-10-29 13:30:00,2136.885
2025-10-29 13:45:00,2074.658
2025-10-29 14:00:00,2046.272
2025-10-29 14:15:00,1672.405
2025-10-29 14:30:00,1517.064
2025-10-29 14:45:00,1350.498
2025-10-29 15:00:00,1431.523
2025-10-29 15:15:00,1630.198
2025-10-29 15:30:00,1721.906
2025-10-29 15:45:00,1715.413
2025-10-29 16:00:00,1859.029
2025-10-29 16:15:00,1665.559
2025-10-29 16:30:00,1718.969
2025-10-29 16:45:00,1739.506
2025-10-29 17:00:00,1931.051
2025-10-29 17:15:00,1901.558
2025-10-29 17:30:00,1983.197
2025-10-29 17:45:00,1957.199
2025-10-29 18:00:00,1767.763
2025-10-29 18:15:00,1888.561
2025-10-29 18:30:00,1857.598
2025-10-29 18:45:00,1845.84
2025-10-29 19:00:00,1780.638
2025-10-29 19:15:00,1798.761
2025-10-29 19:30:00,1765.157
2025-10-29 19:45:00,1680.704
2025-10-29 20:00:00,1724.743
2025-10-29 20:15:00,1691.705
2025-10-29 20:30:00,1700.803
2025-10-29 20:45:00,1642.787
2025-10-29 21:00:00,1576.0
2025-10-29 21:15:00,1512.474
2025-10-29 21:30:00,1533.596
2025-10-29 21:45:00,1467.54
2025-10-29 22:00:00,1527.14
2025-10-29 22:15:00,1548.715
2025-10-29 22:30:00,1740.847
2025-10-29 22:45:00,1708.148
2025-10-29 23:00:00,1696.735
2025-10-29 23:15:00,1696.015
2025-10-29 23:30:00,1642.523
2025-10-29 23:45:00,1490.003
2025-10-30 00:00:00,1673.018
2025-10-30 00:15:00,1635.335
2025-10-30 00:30:00,1571.29
2025-10-30 00:45:00,1435.017
2025-10-30 01:00:00,1368.734
2025-10-30 01:15:00,1320.0
2025-10-30 01:30:00,1320.0
2025-10-30 01:45:00,1347.585
2025-10-30 02:00:00,1388.762
2025-10-30 02:15:00,1419.201
2025-10-30 02:30:00,1465.324
2025-10-30 02:45:00,1458.094
2025-10-30 03:00:00,1376.026
2025-10-30 03:15:00,1377.286
2025-10-30 03:30:00,1385.555
2025-10-30 03:45:00,1373.066
2025-10-30 04:00:00,1407.864
2025-10-30 04:15:00,1427.016
2025-10-30 04:30:00,1369.841
2025-10-30 04:45:00,1324.304
2025-10-30 05:00:00,1352.022
2025-10-30 05:15:00,1338.6
2025-10-30 05:30:00,1423.45
2025-10-30 05:45:00,1373.697
2025-10-30 06:00:00,1366.914
2025-10-30 06:15:00,1398.118
2025-10-30 06:30:00,1494.429
2025-10-30 06:45:00,1517.987
2025-10-30 07:00:00,1581.223
2025-10-30 07:15:00,1717.833
2025-10-30 07:30:00,1841.561
2025-10-30 07:45:00,1884.133
2025-10-30 08:00:00,1947.007
2025-10-30 08:15:00,2046.434
2025-10-30 08:30:00,2275.318
2025-10-30 08:45:00,2288.268
2025-10-30 09:00:00,2441.619
2025-10-30 09:15:00,2495.207
2025-10-30 09:30:00,2637.713
2025-10-30 09:45:00,2645.097
2025-10-30 10:00:00,2462.446
2025-10-30 10:15:00,2416.329
2025-10-30 10:30:00,2719.135
2025-10-30 10:45:00,2855.893
2025-10-30 11:00:00,2965.103
2025-10-30 11:15:00,2863.545
2025-10-30 11:30:00,2707.756
2025-10-30 11:45:00,2557.606
2025-10-30 12:00:00,2457.322
2025-10-30 12:15:00,2408.548
2025-10-30 12:30:00,2895.289
2025-10-30 12:45:00,3016.26
2025-10-30 13:00:00,2943.82
2025-10-30 13:15:00,2886.074
2025-10-30 13:30:00,2764.844
2025-10-30 13:45:00,2548.372
2025-10-30 14:00:00,2512.339
2025-10-30 14:15:00,2555.826
2025-10-30 14:30:00,2467.255
2025-10-30 14:45:00,2269.347
2025-10-30 15:00:00,2257.854
2025-10-30 15:15:00,2243.823
2025-10-30 15:30:00,2195.167
2025-10-30 15:45:00,1971.745
2025-10-30 16:00:00,1922.543
2025-10-30 16:15:00,2001.286
2025-10-30 16:30:00,1973.455
2025-10-30 16:45:00,2001.416
2025-10-30 17:00:00,2125.905
2025-10-30 17:15:00,1956.357
2025-10-30 17:30:00,2040.821
2025-10-30 17:45:00,2071.358
2025-10-30 18:00:00,1975.588
2025-10-30 18:15:00,1982.18
2025-10-30 18:30:00,1956.614
2025-10-30 18:45:00,1977.363
2025-10-30 19:00:00,1837.937
2025-10-30 19:15:00,1814.66
2025-10-30 19:30:00,1753.535
2025-10-30 19:45:00,1661.834
2025-10-30 20:00:00,1603.386
2025-10-30 20:15:00,1683.245
2025-10-30 20:30:00,1531.132
2025-10-30 20:45:00,1516.858
2025-10-30 21:00:00,1408.694
2025-10-30 21:15:00,1448.276
2025-10-30 21:30:00,1481.599
2025-10-30 21:45:00,1453.25
2025-10-30 22:00:00,1479.357
2025-10-30 22:15:00,1439.487
2025-10-30 22:30:00,1370.16
2025-10-30 22:45:00,1320.071
2025-10-30 23:00:00,1317.036
2025-10-30 23:15:00,1293.5
2025-10-30 23:30:00,1293.5
2025-10-30 23:45:00,1293.5
2025-10-31 00:00:00,1414.218
2025-10-31 00:15:00,1280.5
2025-10-31 00:30:00,1276.0
2025-10-31 00:45:00,1258.5
2025-10-31 01:00:00,1246.24
2025-10-31 01:15:00,1240.649
2025-10-31 01:30:00,1414.684
2025-10-31 01:45:00,1502.634
2025-10-31 02:00:00,1571.358
2025-10-31 02:15:00,1553.893
2025-10-31 02:30:00,1476.082
2025-10-31 02:45:00,1404.114
2025-10-31 03:00:00,1429.975
2025-10-31 03:15:00,1308.142
2025-10-31 03:30:00,1267.73
2025-10-31 03:45:00,1273.079
2025-10-31 04:00:00,1307.594
2025-10-31 04:15:00,1289.135
2025-10-31 04:30:00,1218.0
2025-10-31 04:45:00,1226.377
2025-10-31 05:00:00,1220.0
2025-10-31 05:15:00,1292.468
2025-10-31 05:30:00,1368.809
2025-10-31 05:45:00,1457.324
2025-10-31 06:00:00,1363.146
2025-10-31 06:15:00,1262.324
2025-10-31 06:30:00,1220.0
2025-10-31 06:45:00,1220.0
2025-10-31 07:00:00,1232.5
2025-10-31 07:15:00,1232.5
2025-10-31 07:30:00,1307.23
2025-10-31 07:45:00,1295.163
2025-10-31 08:00:00,1232.5
2025-10-31 08:15:00,1260.385
2025-10-31 08:30:00,1232.5
2025-10-31 08:45:00,1232.5
2025-10-31 09:00:00,1232.5
2025-10-31 09:15:00,1232.5
2025-10-31 09:30:00,1444.549
2025-10-31 09:45:00,1502.318
2025-10-31 10:00:00,1400.325
2025-10-31 10:15:00,1347.063
2025-10-31 10:30:00,1417.964
2025-10-31 10:45:00,1446.19
2025-10-31 11:00:00,1544.46
2025-10-31 11:15:00,1544.029
2025-10-31 11:30:00,1371.703
2025-10-31 11:45:00,1276.091
2025-10-31 12:00:00,1320.656
2025-10-31 12:15:00,1242.938
2025-10-31 12:30:00,1507.113
2025-10-31 12:45:00,1442.658
2025-10-31 13:00:00,1576.556
2025-10-31 13:15:00,1509.639
2025-10-31 13:30:00,1476.369
2025-10-31 13:45:00,1406.631
2025-10-31 14:00:00,1372.233
2025-10-31 14:15:00,1331.081
2025-10-31 14:30:00,1261.645
2025-10-31 14:45:00,1373.285
2025-10-31 15:00:00,1242.0
2025-10-31 15:15:00,1227.5
2025-10-31 15:30:00,1270.632
2025-10-31 15:45:00,1298.54
2025-10-31 16:00:00,1276.52
2025-10-31 16:15:00,1320.736
2025-10-31 16:30:00,1428.8
2025-10-31 16:45:00,1411.203
2025-10-31 17:00:00,1488.209
2025-10-31 17:15:00,1509.964
2025-10-31 17:30:00,1468.585
2025-10-31 17:45:00,1420.569
2025-10-31 18:00:00,1451.458
2025-10-31 18:15:00,1468.114
2025-10-31 18:30:00,1386.685
2025-10-31 18:45:00,1355.555
2025-10-31 19:00:00,1256.558
2025-10-31 19:15:00,1328.396
2025-10-31 19:30:00,1259.045
2025-10-31 19:45:00,1239.04
2025-10-31 20:00:00,1242.853
2025-10-31 20:15:00,1260.525
2025-10-31 20:30:00,1249.744
2025-10-31 20:45:00,1250.217
2025-10-31 21:00:00,1372.442
2025-10-31 21:15:00,1548.047
2025-10-31 21:30:00,1395.468
2025-10-31 21:45:00,1491.436
2025-10-31 22:00:00,1476.524
2025-10-31 22:15:00,1448.004
2025-10-31 22:30:00,1525.453
2025-10-31 22:45:00,1335.418
2025-10-31 23:00:00,1514.923
2025-10-31 23:15:00,1564.91
2025-10-31 23:30:00,1561.708
2025-10-31 23:45:00,1627.161
2025-11-01 00:00:00,1375.757
2025-11-01 00:15:00,1415.514
2025-11-01 00:30:00,1413.177
2025-11-01 00:45:00,1424.728
2025-11-01 01:00:00,1481.881
2025-11-01 01:15:00,1341.343
2025-11-01 01:30:00,1312.524
2025-11-01 01:45:00,1381.99
2025-11-01 02:00:00,1429.658
2025-11-01 02:15:00,1418.885
2025-11-01 02:30:00,1371.385
2025-11-01 02:45:00,1316.352
2025-11-01 03:00:00,1347.45
2025-11-01 03:15:00,1200.0
2025-11-01 03:30:00,1200.0
2025-11-01 03:45:00,1231.722
2025-11-01 04:00:00,1285.991
2025-11-01 04:15:00,1242.029
2025-11-01 04:30:00,1380.295
2025-11-01 04:45:00,1254.487
2025-11-01 05:00:00,1207.68
2025-11-01 05:15:00,1187.5
2025-11-01 05:30:00,1187.5
2025-11-01 05:45:00,1187.5
2025-11-01 06:00:00,1187.5
2025-11-01 06:15:00,1187.5
2025-11-01 06:30:00,1187.5
2025-11-01 06:45:00,1187.5
2025-11-01 07:00:00,1243.75
2025-11-01 07:15:00,1307.5
2025-11-01 07:30:00,1311.25
2025-11-01 07:45:00,1315.0
2025-11-01 08:00:00,1322.5
2025-11-01 08:15:00,1346.95
2025-11-01 08:30:00,1377.25
2025-11-01 08:45:00,1383.5
2025-11-01 09:00:00,1386.0
2025-11-01 09:15:00,1445.201
2025-11-01 09:30:00,1571.752
2025-11-01 09:45:00,1628.775
2025-11-01 10:00:00,1627.329
2025-11-01 10:15:00,1612.928
2025-11-01 10:30:00,1507.41
2025-11-01 10:45:00,1530.0
2025-11-01 11:00:00,1709.639
2025-11-01 11:15:00,1551.998
2025-11-01 11:30:00,1434.248
2025-11-01 11:45:00,1414.5
2025-11-01 12:00:00,1414.5
2025-11-01 12:15:00,1414.5
2025-11-01 12:30:00,1407.0
2025-11-01 12:45:00,1399.5
2025-11-01 13:00:00,1403.25
2025-11-01 13:15:00,1407.0
2025-11-01 13:30:00,1411.39
2025-11-01 13:45:00,1476.64
2025-11-01 14:00:00,1524.721
2025-11-01 14:15:00,1584.558
2025-11-01 14:30:00,1527.555
2025-11-01 14:45:00,1646.853
2025-11-01 15:00:00,1725.911
2025-11-01 15:15:00,1820.492
2025-11-01 15:30:00,2055.89
2025-11-01 15:45:00,1845.233
2025-11-01 16:00:00,1505.305
2025-11-01 16:15:00,1446.816
2025-11-01 16:30:00,1397.743
2025-11-01 16:45:00,1395.434
2025-11-01 17:00:00,1475.111
2025-11-01 17:15:00,1432.68
2025-11-01 17:30:00,1540.514
2025-11-01 17:45:00,1496.217
2025-11-01 18:00:00,1581.291
2025-11-01 18:15:00,1732.721
2025-11-01 18:30:00,1748.225
2025-11-01 18:45:00,1658.992
2025-11-01 19:00:00,1502.406
2025-11-01 19:15:00,1385.169
2025-11-01 19:30:00,1278.117
2025-11-01 19:45:00,1276.5
2025-11-01 20:00:00,1276.5
2025-11-01 20:15:00,1276.5
2025-11-01 20:30:00,1276.5
2025-11-01 20:45:00,1276.5
2025-11-01 21:00:00,1276.5
2025-11-01 21:15:00,1276.5
2025-11-01 21:30:00,1276.5
2025-11-01 21:45:00,1276.5
2025-11-01 22:00:00,1408.128
2025-11-01 22:15:00,1324.585
2025-11-01 22:30:00,1291.102
2025-11-01 22:45:00,1357.659
2025-11-01 23:00:00,1375.068
2025-11-01 23:15:00,1325.168
2025-11-01 23:30:00,1340.75
2025-11-01 23:45:00,1386.058
2025-11-02 00:00:00,1668.28
2025-11-02 00:15:00,1595.337
2025-11-02 00:30:00,1593.328
2025-11-02 00:45:00,1531.793
2025-11-02 01:00:00,1465.546
2025-11-02 01:15:00,1319.88
2025-11-02 01:30:00,1304.035
2025-11-02 01:45:00,1320.795
2025-11-02 02:00:00,1288.232
2025-11-02 02:15:00,1355.339
2025-11-02 02:30:00,1334.774
2025-11-02 02:45:00,1377.316
2025-11-02 03:00:00,1334.572
2025-11-02 03:15:00,1358.004
2025-11-02 03:30:00,1269.773
2025-11-02 03:45:00,1343.428
2025-11-02 04:00:00,1265.75
2025-11-02 04:15:00,1297.603
2025-11-02 04:30:00,1279.629
2025-11-02 04:45:00,1259.25
2025-11-02 05:00:00,1283.25
2025-11-02 05:15:00,1418.95
2025-11-02 05:30:00,1411.936
2025-11-02 05:45:00,1288.25
2025-11-02 06:00:00,1296.5
2025-11-02 06:15:00,1296.5
2025-11-02 06:30:00,1296.5
2025-11-02 06:45:00,1338.741
2025-11-02 07:00:00,1492.484
2025-11-02 07:15:00,1471.916
2025-11-02 07:30:00,1500.324
2025-11-02 07:45:00,1509.602
2025-11-02 08:00:00,1399.072
2025-11-02 08:15:00,1321.5
2025-11-02 08:30:00,1324.5
2025-11-02 08:45:00,1351.5
2025-11-02 09:00:00,1402.025
2025-11-02 09:15:00,1408.977
2025-11-02 09:30:00,1574.529
2025-11-02 09:45:00,1583.071
2025-11-02 10:00:00,1404.633
2025-11-02 10:15:00,1396.936
2025-11-02 10:30:00,1460.717
2025-11-02 10:45:00,1564.171
2025-11-02 11:00:00,1634.574
2025-11-02 11:15:00,1546.27
2025-11-02 11:30:00,1557.814
2025-11-02 11:45:00,1596.258
2025-11-02 12:00:00,1747.355
2025-11-02 12:15:00,1658.71
2025-11-02 12:30:00,1673.195
2025-11-02 12:45:00,1610.019
2025-11-02 13:00:00,1608.333
2025-11-02 13:15:00,1539.212
2025-11-02 13:30:00,1522.383
2025-11-02 13:45:00,1381.5
2025-11-02 14:00:00,1345.25
2025-11-02 14:15:00,1347.75
2025-11-02 14:30:00,1345.25
2025-11-02 14:45:00,1350.25
2025-11-02 15:00:00,1776.188
2025-11-02 15:15:00,1897.696
2025-11-02 15:30:00,1798.09
2025-11-02 15:45:00,1851.401
2025-11-02 16:00:00,1711.577
2025-11-02 16:15:00,1710.13
2025-11-02 16:30:00,1697.914
2025-11-02 16:45:00,1617.308
2025-11-02 17:00:00,1668.619
2025-11-02 17:15:00,1623.563
2025-11-02 17:30:00,1675.649
2025-11-02 17:45:00,1773.35
2025-11-02 18:00:00,1957.27
2025-11-02 18:15:00,1925.106
2025-11-02 18:30:00,1877.717
2025-11-02 18:45:00,1849.506
2025-11-02 19:00:00,1703.691
2025-11-02 19:15:00,1671.281
2025-11-02 19:30:00,1642.246
2025-11-02 19:45:00,1689.24
2025-11-02 20:00:00,1612.093
2025-11-02 20:15:00,1605.253
2025-11-02 20:30:00,1429.0
2025-11-02 20:45:00,1436.973
2025-11-02 21:00:00,1549.939
2025-11-02 21:15:00,1462.973
2025-11-02 21:30:00,1544.229
2025-11-02 21:45:00,1557.867
2025-11-02 22:00:00,1379.462
2025-11-02 22:15:00,1355.017
2025-11-02 22:30:00,1293.75
2025-11-02 22:45:00,1293.75
2025-11-02 23:00:00,1298.0
2025-11-02 23:15:00,1298.0
2025-11-02 23:30:00,1298.0
2025-11-02 23:45:00,1299.5
2025-11-03 00:00:00,1306.5
2025-11-03 00:15:00,1352.269
2025-11-03 00:30:00,1388.204
2025-11-03 00:45:00,1362.145
2025-11-03 01:00:00,1465.146
2025-11-03 01:15:00,1532.597
2025-11-03 01:30:00,1409.413
2025-11-03 01:45:00,1406.307
2025-11-03 02:00:00,1373.858
2025-11-03 02:15:00,1391.672
2025-11-03 02:30:00,1361.456
2025-11-03 02:45:00,1281.5
2025-11-03 03:00:00,1278.25
2025-11-03 03:15:00,1278.25
2025-11-03 03:30:00,1341.744
2025-11-03 03:45:00,1355.017
2025-11-03 04:00:00,1374.078
2025-11-03 04:15:00,1352.671
2025-11-03 04:30:00,1352.394
2025-11-03 04:45:00,1325.885
2025-11-03 05:00:00,1296.75
2025-11-03 05:15:00,1335.54
2025-11-03 05:30:00,1364.299
2025-11-03 05:45:00,1296.75
2025-11-03 06:00:00,1298.0
2025-11-03 06:15:00,1477.599
2025-11-03 06:30:00,1588.804
2025-11-03 06:45:00,1397.5
2025-11-03 07:00:00,1402.165
2025-11-03 07:15:00,1537.382
2025-11-03 07:30:00,1625.181
2025-11-03 07:45:00,1692.227
2025-11-03 08:00:00,1731.524
2025-11-03 08:15:00,1768.839
2025-11-03 08:30:00,1809.048
2025-11-03 08:45:00,1947.12
2025-11-03 09:00:00,1855.13
2025-11-03 09:15:00,1908.637
2025-11-03 09:30:00,1827.889
2025-11-03 09:45:00,1805.244
2025-11-03 10:00:00,1808.473
2025-11-03 10:15:00,1979.682
2025-11-03 10:30:00,2043.406
2025-11-03 10:45:00,2188.831
2025-11-03 11:00:00,2273.444
2025-11-03 11:15:00,2147.695
2025-11-03 11:30:00,2203.859
2025-11-03 11:45:00,2168.05
2025-11-03 12:00:00,2283.55
2025-11-03 12:15:00,2213.253
2025-11-03 12:30:00,2251.436
2025-11-03 12:45:00,2154.257
2025-11-03 13:00:00,2068.719
2025-11-03 13:15:00,1921.993
2025-11-03 13:30:00,1863.29
2025-11-03 13:45:00,1901.661
2025-11-03 14:00:00,1784.181
2025-11-03 14:15:00,1821.54
2025-11-03 14:30:00,1834.895
2025-11-03 14:45:00,1941.863
2025-11-03 15:00:00,2022.083
2025-11-03 15:15:00,2005.902
2025-11-03 15:30:00,2013.471
2025-11-03 15:45:00,2031.613
2025-11-03 16:00:00,2068.191
2025-11-03 16:15:00,2213.349
2025-11-03 16:30:00,2129.521
2025-11-03 16:45:00,2075.953
2025-11-03 17:00:00,2058.892
2025-11-03 17:15:00,1945.493
2025-11-03 17:30:00,2011.468
2025-11-03 17:45:00,2004.521
2025-11-03 18:00:00,1996.6
2025-11-03 18:15:00,1974.025
2025-11-03 18:30:00,1969.417
2025-11-03 18:45:00,1954.579
2025-11-03 19:00:00,1945.635
2025-11-03 19:15:00,1881.527
2025-11-03 19:30:00,1821.516
2025-11-03 19:45:00,1721.578
2025-11-03 20:00:00,1609.13
2025-11-03 20:15:00,1562.385
2025-11-03 20:30:00,1510.913
2025-11-03 20:45:00,1418.373
2025-11-03 21:00:00,1410.5
2025-11-03 21:15:00,1410.5
2025-11-03 21:30:00,1558.023
2025-11-03 21:45:00,1686.365
2025-11-03 22:00:00,1665.899
2025-11-03 22:15:00,1622.533
2025-11-03 22:30:00,1495.314
2025-11-03 22:45:00,1411.425
2025-11-03 23:00:00,1434.731
2025-11-03 23:15:00,1340.351
2025-11-03 23:30:00,1337.15
2025-11-03 23:45:00,1338.886
2025-11-04 00:00:00,1636.507
2025-11-04 00:15:00,1702.996
2025-11-04 00:30:00,1689.173
2025-11-04 00:45:00,1579.934
2025-11-04 01:00:00,1606.696
2025-11-04 01:15:00,1499.922
2025-11-04 01:30:00,1414.056
2025-11-04 01:45:00,1427.401
2025-11-04 02:00:00,1503.114
2025-11-04 02:15:00,1518.827
2025-11-04 02:30:00,1655.006
2025-11-04 02:45:00,1697.611
2025-11-04 03:00:00,1705.246
2025-11-04 03:15:00,1726.347
2025-11-04 03:30:00,1767.149
2025-11-04 03:45:00,1751.3
2025-11-04 04:00:00,1731.461
2025-11-04 04:15:00,1761.284
2025-11-04 04:30:00,1730.849
2025-11-04 04:45:00,1721.681
2025-11-04 05:00:00,1570.103
2025-11-04 05:15:00,1612.022
2025-11-04 05:30:00,1573.656
2025-11-04 05:45:00,1527.475
2025-11-04 06:00:00,1481.008
2025-11-04 06:15:00,1632.978
2025-11-04 06:30:00,1819.255
2025-11-04 06:45:00,1914.777
2025-11-04 07:00:00,1881.61
2025-11-04 07:15:00,1877.918
2025-11-04 07:30:00,1874.213
2025-11-04 07:45:00,2132.776
2025-11-04 08:00:00,2203.81
2025-11-04 08:15:00,2092.028
2025-11-04 08:30:00,2183.524
2025-11-04 08:45:00,2314.147
2025-11-04 09:00:00,2318.196
2025-11-04 09:15:00,2048.903
2025-11-04 09:30:00,1937.392
2025-11-04 09:45:00,1859.467
2025-11-04 10:00:00,1803.934
2025-11-04 10:15:00,1610.879
2025-11-04 10:30:00,1579.03
2025-11-04 10:45:00,1637.808
2025-11-04 11:00:00,1669.7
2025-11-04 11:15:00,1568.467
2025-11-04 11:30:00,1346.086
2025-11-04 11:45:00,1289.75
2025-11-04 12:00:00,1764.915
2025-11-04 12:15:00,1403.363
2025-11-04 12:30:00,1303.113
2025-11-04 12:45:00,1320.933
2025-11-04 13:00:00,1310.0
2025-11-04 13:15:00,1353.089
2025-11-04 13:30:00,1310.0
2025-11-04 13:45:00,1310.0
2025-11-04 14:00:00,1291.25
2025-11-04 14:15:00,1289.75
2025-11-04 14:30:00,1289.75
2025-11-04 14:45:00,1377.347
2025-11-04 15:00:00,1348.697
2025-11-04 15:15:00,1296.0
2025-11-04 15:30:00,1352.25
2025-11-04 15:45:00,1422.916
2025-11-04 16:00:00,1482.0
2025-11-04 16:15:00,1530.0
2025-11-04 16:30:00,1678.067
2025-11-04 16:45:00,1686.866
2025-11-04 17:00:00,1967.91
2025-11-04 17:15:00,2017.763
2025-11-04 17:30:00,2016.959
2025-11-04 17:45:00,1980.951
2025-11-04 18:00:00,1827.927
2025-11-04 18:15:00,1856.493
2025-11-04 18:30:00,1941.021
2025-11-04 18:45:00,1976.765
2025-11-04 19:00:00,2090.021
2025-11-04 19:15:00,2247.634
2025-11-04 19:30:00,2191.584
2025-11-04 19:45:00,2000.725
2025-11-04 20:00:00,1895.693
2025-11-04 20:15:00,1792.858
2025-11-04 20:30:00,1808.037
2025-11-04 20:45:00,1693.79
2025-11-04 21:00:00,1612.367
2025-11-04 21:15:00,1802.742
2025-11-04 21:30:00,2043.087
2025-11-04 21:45:00,2120.057
2025-11-04 22:00:00,1976.948
2025-11-04 22:15:00,1975.531
2025-11-04 22:30:00,1860.409
2025-11-04 22:45:00,1693.686
2025-11-04 23:00:00,1687.521
2025-11-04 23:15:00,1635.717
2025-11-04 23:30:00,1595.114
2025-11-04 23:45:00,1599.573
2025-11-05 00:00:00,1965.955
2025-11-05 00:15:00,2134.482
2025-11-05 00:30:00,2170.37
2025-11-05 00:45:00,2094.66
2025-11-05 01:00:00,1904.075
2025-11-05 01:15:00,1851.863
2025-11-05 01:30:00,1782.511
2025-11-05 01:45:00,1794.475
2025-11-05 02:00:00,1768.697
2025-11-05 02:15:00,1724.708
2025-11-05 02:30:00,1711.949
2025-11-05 02:45:00,1619.054
2025-11-05 03:00:00,1658.75
2025-11-05 03:15:00,1614.456
2025-11-05 03:30:00,1529.85
2025-11-05 03:45:00,1588.44
2025-11-05 04:00:00,1707.785
2025-11-05 04:15:00,1665.648
2025-11-05 04:30:00,1593.954
2025-11-05 04:45:00,1609.205
2025-11-05 05:00:00,1597.498
2025-11-05 05:15:00,1649.974
2025-11-05 05:30:00,1641.197
2025-11-05 05:45:00,1625.322
2025-11-05 06:00:00,1678.432
2025-11-05 06:15:00,1822.457
2025-11-05 06:30:00,1946.582
2025-11-05 06:45:00,2048.563
2025-11-05 07:00:00,2020.26
2025-11-05 07:15:00,2039.53
2025-11-05 07:30:00,2022.136
2025-11-05 07:45:00,1915.898
2025-11-05 08:00:00,1715.951
2025-11-05 08:15:00,1756.709
2025-11-05 08:30:00,1590.543
2025-11-05 08:45:00,1602.886
2025-11-05 09:00:00,1449.0
2025-11-05 09:15:00,1449.0
2025-11-05 09:30:00,1392.75
2025-11-05 09:45:00,1342.069
2025-11-05 10:00:00,1288.261
2025-11-05 10:15:00,1274.0
2025-11-05 10:30:00,1274.0
2025-11-05 10:45:00,1357.052
2025-11-05 11:00:00,1526.297
2025-11-05 11:15:00,1298.5
2025-11-05 11:30:00,1274.0
2025-11-05 11:45:00,1274.0
2025-11-05 12:00:00,1599.218
2025-11-05 12:15:00,1543.219
2025-11-05 12:30:00,1713.741
2025-11-05 12:45:00,1826.659
2025-11-05 13:00:00,1740.642
2025-11-05 13:15:00,1638.101
2025-11-05 13:30:00,1642.757
2025-11-05 13:45:00,1557.138
2025-11-05 14:00:00,1398.871
2025-11-05 14:15:00,1312.685
2025-11-05 14:30:00,1274.0
2025-11-05 14:45:00,1377.339
2025-11-05 15:00:00,1525.981
2025-11-05 15:15:00,1547.005
2025-11-05 15:30:00,1856.705
2025-11-05 15:45:00,1881.621
2025-11-05 16:00:00,1871.752
2025-11-05 16:15:00,2009.144
2025-11-05 16:30:00,2208.827
2025-11-05 16:45:00,2017.696
2025-11-05 17:00:00,2080.067
2025-11-05 17:15:00,2040.932
2025-11-05 17:30:00,1972.651
2025-11-05 17:45:00,1908.224
2025-11-05 18:00:00,1720.513
2025-11-05 18:15:00,1793.928
2025-11-05 18:30:00,1823.098
2025-11-05 18:45:00,1730.512
2025-11-05 19:00:00,1691.354
2025-11-05 19:15:00,1764.582
2025-11-05 19:30:00,1841.114
2025-11-05 19:45:00,1820.154
2025-11-05 20:00:00,1814.855
2025-11-05 20:15:00,1806.812
2025-11-05 20:30:00,1762.075
2025-11-05 20:45:00,1699.635
2025-11-05 21:00:00,1740.92
2025-11-05 21:15:00,1747.439
2025-11-05 21:30:00,1798.088
2025-11-05 21:45:00,1867.475
2025-11-05 22:00:00,1928.51
2025-11-05 22:15:00,1972.366
2025-11-05 22:30:00,1817.337
2025-11-05 22:45:00,1725.204
2025-11-05 23:00:00,1826.493
2025-11-05 23:15:00,1714.69
2025-11-05 23:30:00,1682.264
2025-11-05 23:45:00,1751.463
2025-11-06 00:00:00,1994.855
2025-11-06 00:15:00,2031.742
2025-11-06 00:30:00,2051.177
2025-11-06 00:45:00,1990.492
2025-11-06 01:00:00,1847.979
2025-11-06 01:15:00,1909.534
2025-11-06 01:30:00,1866.259
2025-11-06 01:45:00,1857.607
2025-11-06 02:00:00,1899.345
2025-11-06 02:15:00,1890.802
2025-11-06 02:30:00,1864.413
2025-11-06 02:45:00,1792.476
2025-11-06 03:00:00,1813.516
2025-11-06 03:15:00,1780.023
2025-11-06 03:30:00,1789.133
2025-11-06 03:45:00,1775.333
2025-11-06 04:00:00,1856.361
2025-11-06 04:15:00,1752.091
2025-11-06 04:30:00,1800.398
2025-11-06 04:45:00,1777.364
2025-11-06 05:00:00,1708.805
2025-11-06 05:15:00,1799.487
2025-11-06 05:30:00,1818.947
2025-11-06 05:45:00,1815.754
2025-11-06 06:00:00,1878.799
2025-11-06 06:15:00,1954.959
2025-11-06 06:30:00,2123.938
2025-11-06 06:45:00,2008.075
2025-11-06 07:00:00,2011.662
2025-11-06 07:15:00,2035.541
2025-11-06 07:30:00,2079.044
2025-11-06 07:45:00,2099.798
2025-11-06 08:00:00,2056.292
2025-11-06 08:15:00,2207.59
2025-11-06 08:30:00,2284.981
2025-11-06 08:45:00,2367.806
2025-11-06 09:00:00,2307.868
2025-11-06 09:15:00,2292.015
2025-11-06 09:30:00,2216.145
2025-11-06 09:45:00,2196.833
2025-11-06 10:00:00,2177.566
2025-11-06 10:15:00,2375.263
2025-11-06 10:30:00,2492.583
2025-11-06 10:45:00,2598.714
2025-11-06 11:00:00,2619.114
2025-11-06 11:15:00,2445.174
2025-11-06 11:30:00,2166.294
2025-11-06 11:45:00,2177.232
2025-11-06 12:00:00,2401.457
2025-11-06 12:15:00,2249.061
2025-11-06 12:30:00,2144.417
2025-11-06 12:45:00,2087.989
2025-11-06 13:00:00,2009.254
2025-11-06 13:15:00,1955.186
2025-11-06 13:30:00,2143.435
2025-11-06 13:45:00,2144.782
2025-11-06 14:00:00,2181.1
2025-11-06 14:15:00,2160.229
2025-11-06 14:30:00,2094.657
2025-11-06 14:45:00,1926.367
2025-11-06 15:00:00,2039.35
2025-11-06 15:15:00,1992.042
2025-11-06 15:30:00,1898.054
2025-11-06 15:45:00,1901.183
2025-11-06 16:00:00,1877.621
2025-11-06 16:15:00,2059.376
2025-11-06 16:30:00,2111.627
2025-11-06 16:45:00,2130.672
2025-11-06 17:00:00,2136.869
2025-11-06 17:15:00,2088.166
2025-11-06 17:30:00,2281.326
2025-11-06 17:45:00,2269.125
2025-11-06 18:00:00,2086.756
2025-11-06 18:15:00,2149.939
2025-11-06 18:30:00,2200.592
2025-11-06 18:45:00,2131.764
2025-11-06 19:00:00,2077.796
2025-11-06 19:15:00,2014.862
2025-11-06 19:30:00,2033.995
2025-11-06 19:45:00,2013.658
2025-11-06 20:00:00,1965.18
2025-11-06 20:15:00,1883.51
2025-11-06 20:30:00,1832.708
2025-11-06 20:45:00,1785.298
2025-11-06 21:00:00,1717.882
2025-11-06 21:15:00,1791.839
2025-11-06 21:30:00,1794.487
2025-11-06 21:45:00,1844.967
2025-11-06 22:00:00,1815.098
2025-11-06 22:15:00,1859.134
2025-11-06 22:30:00,1758.196
2025-11-06 22:45:00,1637.532
2025-11-06 23:00:00,1657.008
2025-11-06 23:15:00,1573.055
2025-11-06 23:30:00,1498.349
2025-11-06 23:45:00,1553.959
2025-11-07 00:00:00,2018.313
2025-11-07 00:15:00,2061.132
2025-11-07 00:30:00,2130.038
2025-11-07 00:45:00,2040.896
2025-11-07 01:00:00,1934.696
2025-11-07 01:15:00,1837.078
2025-11-07 01:30:00,1794.421
2025-11-07 01:45:00,1790.76
2025-11-07 02:00:00,1821.512
2025-11-07 02:15:00,1746.442
2025-11-07 02:30:00,1771.578
2025-11-07 02:45:00,1792.753
2025-11-07 03:00:00,1779.422
2025-11-07 03:15:00,1753.205
2025-11-07 03:30:00,1795.193
2025-11-07 03:45:00,1782.635
2025-11-07 04:00:00,1829.907
2025-11-07 04:15:00,1762.363
2025-11-07 04:30:00,1701.238
2025-11-07 04:45:00,1828.84
2025-11-07 05:00:00,1794.951
2025-11-07 05:15:00,1781.145
2025-11-07 05:30:00,1821.87
2025-11-07 05:45:00,1903.702
2025-11-07 06:00:00,1852.014
2025-11-07 06:15:00,2001.632
2025-11-07 06:30:00,2109.636
2025-11-07 06:45:00,2062.313
2025-11-07 07:00:00,2045.245
2025-11-07 07:15:00,2088.352
2025-11-07 07:30:00,2122.711
2025-11-07 07:45:00,2185.329
2025-11-07 08:00:00,2143.511
2025-11-07 08:15:00,2147.413
2025-11-07 08:30:00,2082.589
2025-11-07 08:45:00,2132.879
2025-11-07 09:00:00,2126.482
2025-11-07 09:15:00,2010.326
2025-11-07 09:30:00,1887.936
2025-11-07 09:45:00,1954.978
2025-11-07 10:00:00,2064.631
2025-11-07 10:15:00,2164.719
2025-11-07 10:30:00,2311.558
2025-11-07 10:45:00,2332.652
2025-11-07 11:00:00,2414.383
2025-11-07 11:15:00,2265.563
2025-11-07 11:30:00,2213.246
2025-11-07 11:45:00,2218.471
2025-11-07 12:00:00,2637.029
2025-11-07 12:15:00,2522.895
2025-11-07 12:30:00,2595.06
2025-11-07 12:45:00,2455.25
2025-11-07 13:00:00,2570.666
2025-11-07 13:15:00,2640.66
2025-11-07 13:30:00,2725.063
2025-11-07 13:45:00,2609.319
2025-11-07 14:00:00,2520.862
2025-11-07 14:15:00,2492.345
2025-11-07 14:30:00,2704.983
2025-11-07 14:45:00,2593.985
2025-11-07 15:00:00,2788.344
2025-11-07 15:15:00,2665.44
2025-11-07 15:30:00,2535.057
2025-11-07 15:45:00,2331.859
2025-11-07 16:00:00,2172.032
2025-11-07 16:15:00,2283.177
2025-11-07 16:30:00,2560.317
2025-11-07 16:45:00,2608.62
2025-11-07 17:00:00,2655.997
2025-11-07 17:15:00,2618.991
2025-11-07 17:30:00,2671.323
2025-11-07 17:45:00,2581.453
2025-11-07 18:00:00,2692.183
2025-11-07 18:15:00,2592.072
2025-11-07 18:30:00,2602.391
2025-11-07 18:45:00,2531.289
2025-11-07 19:00:00,2521.963
2025-11-07 19:15:00,2462.564
2025-11-07 19:30:00,2462.129
2025-11-07 19:45:00,2225.12
2025-11-07 20:00:00,2226.346
2025-11-07 20:15:00,2138.002
2025-11-07 20:30:00,2036.108
2025-11-07 20:45:00,1930.415
2025-11-07 21:00:00,1941.054
2025-11-07 21:15:00,2033.201
2025-11-07 21:30:00,2161.607
2025-11-07 21:45:00,2240.552
2025-11-07 22:00:00,2236.94
2025-11-07 22:15:00,2292.657
2025-11-07 22:30:00,2082.482
2025-11-07 22:45:00,2061.639
2025-11-07 23:00:00,2041.607
2025-11-07 23:15:00,1969.59
2025-11-07 23:30:00,1891.64
2025-11-07 23:45:00,2129.741
2025-11-08 00:00:00,2327.316
2025-11-08 00:15:00,2306.721
2025-11-08 00:30:00,2290.216
2025-11-08 00:45:00,2178.822
2025-11-08 01:00:00,2018.07
2025-11-08 01:15:00,1944.288
2025-11-08 01:30:00,1942.481
2025-11-08 01:45:00,1817.201
2025-11-08 02:00:00,1751.168
2025-11-08 02:15:00,1752.126
2025-11-08 02:30:00,1794.8
2025-11-08 02:45:00,1826.867
2025-11-08 03:00:00,1813.494
2025-11-08 03:15:00,1918.472
2025-11-08 03:30:00,1892.017
2025-11-08 03:45:00,1871.601
2025-11-08 04:00:00,1920.609
2025-11-08 04:15:00,1841.604
2025-11-08 04:30:00,1735.24
2025-11-08 04:45:00,1672.659
2025-11-08 05:00:00,1731.32
2025-11-08 05:15:00,1772.617
2025-11-08 05:30:00,1720.381
2025-11-08 05:45:00,1649.927
2025-11-08 06:00:00,1630.498
2025-11-08 06:15:00,1637.375
2025-11-08 06:30:00,1607.75
2025-11-08 06:45:00,1520.372
2025-11-08 07:00:00,1564.58
2025-11-08 07:15:00,1526.093
2025-11-08 07:30:00,1633.086
2025-11-08 07:45:00,1779.75
2025-11-08 08:00:00,1955.953
2025-11-08 08:15:00,2006.866
2025-11-08 08:30:00,2098.058
2025-11-08 08:45:00,2092.956
2025-11-08 09:00:00,2110.696
2025-11-08 09:15:00,2164.969
2025-11-08 09:30:00,2132.943
2025-11-08 09:45:00,2079.385
2025-11-08 10:00:00,2141.709
2025-11-08 10:15:00,2105.79
2025-11-08 10:30:00,2126.938
2025-11-08 10:45:00,2210.364
2025-11-08 11:00:00,2297.257
2025-11-08 11:15:00,2265.024
2025-11-08 11:30:00,2193.434
2025-11-08 11:45:00,2147.599
2025-11-08 12:00:00,2435.776
2025-11-08 12:15:00,2351.311
2025-11-08 12:30:00,2350.279
2025-11-08 12:45:00,2342.957
2025-11-08 13:00:00,2324.543
2025-11-08 13:15:00,2148.184
2025-11-08 13:30:00,2086.627
2025-11-08 13:45:00,1972.284
2025-11-08 14:00:00,1874.806
2025-11-08 14:15:00,1772.173
2025-11-08 14:30:00,1900.909
2025-11-08 14:45:00,1972.656
2025-11-08 15:00:00,1987.343
2025-11-08 15:15:00,1997.652
2025-11-08 15:30:00,1813.511
2025-11-08 15:45:00,1852.172
2025-11-08 16:00:00,1730.346
2025-11-08 16:15:00,1804.395
2025-11-08 16:30:00,2011.555
2025-11-08 16:45:00,2167.337
2025-11-08 17:00:00,2138.447
2025-11-08 17:15:00,2043.847
2025-11-08 17:30:00,2084.973
2025-11-08 17:45:00,2189.275
2025-11-08 18:00:00,2166.729
2025-11-08 18:15:00,2039.899
2025-11-08 18:30:00,2050.325
2025-11-08 18:45:00,1900.268
2025-11-08 19:00:00,1826.776
2025-11-08 19:15:00,1704.071
2025-11-08 19:30:00,1672.738
2025-11-08 19:45:00,1578.479
2025-11-08 20:00:00,1601.87
2025-11-08 20:15:00,1622.116
2025-11-08 20:30:00,1623.511
2025-11-08 20:45:00,1600.783
2025-11-08 21:00:00,1567.899
2025-11-08 21:15:00,1672.667
2025-11-08 21:30:00,1571.281
2025-11-08 21:45:00,1732.118
2025-11-08 22:00:00,1795.294
2025-11-08 22:15:00,1702.385
2025-11-08 22:30:00,1599.217
2025-11-08 22:45:00,1523.935
2025-11-08 23:00:00,1545.577
2025-11-08 23:15:00,1464.0
2025-11-08 23:30:00,1475.702
2025-11-08 23:45:00,1527.837
2025-11-09 00:00:00,1650.178
2025-11-09 00:15:00,1714.489
2025-11-09 00:30:00,1778.7
2025-11-09 00:45:00,1724.133
2025-11-09 01:00:00,1759.554
2025-11-09 01:15:00,1490.186
2025-11-09 01:30:00,1471.977
2025-11-09 01:45:00,1419.766
2025-11-09 02:00:00,1499.998
2025-11-09 02:15:00,1461.656
2025-11-09 02:30:00,1520.153
2025-11-09 02:45:00,1481.776
2025-11-09 03:00:00,1478.469
2025-11-09 03:15:00,1518.223
2025-11-09 03:30:00,1664.98
2025-11-09 03:45:00,1690.515
2025-11-09 04:00:00,1610.426
2025-11-09 04:15:00,1575.786
2025-11-09 04:30:00,1593.114
2025-11-09 04:45:00,1536.713
2025-11-09 05:00:00,1481.089
2025-11-09 05:15:00,1568.528
2025-11-09 05:30:00,1533.175
2025-11-09 05:45:00,1494.562
2025-11-09 06:00:00,1460.0
2025-11-09 06:15:00,1460.0
2025-11-09 06:30:00,1460.0
2025-11-09 06:45:00,1460.0
2025-11-09 07:00:00,1431.75
2025-11-09 07:15:00,1431.75
2025-11-09 07:30:00,1431.75
2025-11-09 07:45:00,1431.75
2025-11-09 08:00:00,1468.197
2025-11-09 08:15:00,1732.915
2025-11-09 08:30:00,1696.719
2025-11-09 08:45:00,1742.104
2025-11-09 09:00:00,1481.307
2025-11-09 09:15:00,1605.995
2025-11-09 09:30:00,1760.505
2025-11-09 09:45:00,1756.958
2025-11-09 10:00:00,1881.557
2025-11-09 10:15:00,1772.151
2025-11-09 10:30:00,1632.862
2025-11-09 10:45:00,1694.354
2025-11-09 11:00:00,1815.554
2025-11-09 11:15:00,1741.834
2025-11-09 11:30:00,1619.123
2025-11-09 11:45:00,1457.98
2025-11-09 12:00:00,1774.927
2025-11-09 12:15:00,1507.597
2025-11-09 12:30:00,1536.549
2025-11-09 12:45:00,1470.584
2025-11-09 13:00:00,1600.808
2025-11-09 13:15:00,1521.467
2025-11-09 13:30:00,1594.407
2025-11-09 13:45:00,1459.0
2025-11-09 14:00:00,1442.0
2025-11-09 14:15:00,1442.0
2025-11-09 14:30:00,1434.25
2025-11-09 14:45:00,1463.402
2025-11-09 15:00:00,1610.042
2025-11-09 15:15:00,1618.399
2025-11-09 15:30:00,1663.166
2025-11-09 15:45:00,1526.952
2025-11-09 16:00:00,1485.318
2025-11-09 16:15:00,1536.969
2025-11-09 16:30:00,1563.875
2025-11-09 16:45:00,1556.574
2025-11-09 17:00:00,1665.922
2025-11-09 17:15:00,1536.543
2025-11-09 17:30:00,1498.383
2025-11-09 17:45:00,1441.5
2025-11-09 18:00:00,1587.677
2025-11-09 18:15:00,1655.97
2025-11-09 18:30:00,1695.08
2025-11-09 18:45:00,1638.439
2025-11-09 19:00:00,1677.416
2025-11-09 19:15:00,1585.916
2025-11-09 19:30:00,1636.685
2025-11-09 19:45:00,1533.615
2025-11-09 20:00:00,1523.081
2025-11-09 20:15:00,1717.726
2025-11-09 20:30:00,1794.39
2025-11-09 20:45:00,1793.847
2025-11-09 21:00:00,1845.377
2025-11-09 21:15:00,1695.125
2025-11-09 21:30:00,1958.766
2025-11-09 21:45:00,1866.211
2025-11-09 22:00:00,1832.907
2025-11-09 22:15:00,1747.668
2025-11-09 22:30:00,1806.291
2025-11-09 22:45:00,1633.024
2025-11-09 23:00:00,1616.133
2025-11-09 23:15:00,1444.75
2025-11-09 23:30:00,1444.75
2025-11-09 23:45:00,1444.75
2025-11-10 00:00:00,1425.25
2025-11-10 00:15:00,1529.503
2025-11-10 00:30:00,1595.422
2025-11-10 00:45:00,1572.765
2025-11-10 01:00:00,1731.336
2025-11-10 01:15:00,1757.343
2025-11-10 01:30:00,1619.937
2025-11-10 01:45:00,1687.131
2025-11-10 02:00:00,1619.74
2025-11-10 02:15:00,1734.262
2025-11-10 02:30:00,1745.847
2025-11-10 02:45:00,1669.375
2025-11-10 03:00:00,1604.522
2025-11-10 03:15:00,1621.979
2025-11-10 03:30:00,1557.973
2025-11-10 03:45:00,1440.25
2025-11-10 04:00:00,1426.0
2025-11-10 04:15:00,1426.0
2025-11-10 04:30:00,1426.0
2025-11-10 04:45:00,1426.0
2025-11-10 05:00:00,1426.0
2025-11-10 05:15:00,1426.0
2025-11-10 05:30:00,1460.811
2025-11-10 05:45:00,1493.287
2025-11-10 06:00:00,1655.883
2025-11-10 06:15:00,1726.392
2025-11-10 06:30:00,1782.642
2025-11-10 06:45:00,1934.58
2025-11-10 07:00:00,2030.066
2025-11-10 07:15:00,2068.419
2025-11-10 07:30:00,2180.366
2025-11-10 07:45:00,2292.837
2025-11-10 08:00:00,2289.668
2025-11-10 08:15:00,2392.639
2025-11-10 08:30:00,2437.531
2025-11-10 08:45:00,2413.312
2025-11-10 09:00:00,1992.694
2025-11-10 09:15:00,1905.212
2025-11-10 09:30:00,2018.655
2025-11-10 09:45:00,1791.467
2025-11-10 10:00:00,1848.979
2025-11-10 10:15:00,1805.937
2025-11-10 10:30:00,1864.303
2025-11-10 10:45:00,1945.265
2025-11-10 11:00:00,2016.317
2025-11-10 11:15:00,1945.791
2025-11-10 11:30:00,1932.174
2025-11-10 11:45:00,1779.723
2025-11-10 12:00:00,1946.282
2025-11-10 12:15:00,1690.173
2025-11-10 12:30:00,1831.623
2025-11-10 12:45:00,1924.019
2025-11-10 13:00:00,2022.255
2025-11-10 13:15:00,1853.558
2025-11-10 13:30:00,1804.644
2025-11-10 13:45:00,1526.538
2025-11-10 14:00:00,1575.745
2025-11-10 14:15:00,1450.5
2025-11-10 14:30:00,1428.5
2025-11-10 14:45:00,1428.5
2025-11-10 15:00:00,1435.701
2025-11-10 15:15:00,1536.928
2025-11-10 15:30:00,1579.971
2025-11-10 15:45:00,1635.645
2025-11-10 16:00:00,1748.838
2025-11-10 16:15:00,1783.042
2025-11-10 16:30:00,1800.245
2025-11-10 16:45:00,1929.186
2025-11-10 17:00:00,1967.979
2025-11-10 17:15:00,1903.505
2025-11-10 17:30:00,1975.148
2025-11-10 17:45:00,1762.088
2025-11-10 18:00:00,1761.779
2025-11-10 18:15:00,1791.528
2025-11-10 18:30:00,1977.22
2025-11-10 18:45:00,1894.543
2025-11-10 19:00:00,1903.261
2025-11-10 19:15:00,1757.984
2025-11-10 19:30:00,1690.261
2025-11-10 19:45:00,1556.433
2025-11-10 20:00:00,1607.481
2025-11-10 20:15:00,1528.463
2025-11-10 20:30:00,1560.677
2025-11-10 20:45:00,1430.121
2025-11-10 21:00:00,1434.595
2025-11-10 21:15:00,1515.393
2025-11-10 21:30:00,1688.108
2025-11-10 21:45:00,1567.827
2025-11-10 22:00:00,1638.875
2025-11-10 22:15:00,1533.573
2025-11-10 22:30:00,1751.849
2025-11-10 22:45:00,1553.198
2025-11-10 23:00:00,1732.276
2025-11-10 23:15:00,1596.809
2025-11-10 23:30:00,1454.25
2025-11-10 23:45:00,1440.0
2025-11-11 00:00:00,1570.678
2025-11-11 00:15:00,1573.462
2025-11-11 00:30:00,1534.271
2025-11-11 00:45:00,1444.624
2025-11-11 01:00:00,1490.078
2025-11-11 01:15:00,1440.282
2025-11-11 01:30:00,1672.717
2025-11-11 01:45:00,1650.293
2025-11-11 02:00:00,1554.272
2025-11-11 02:15:00,1553.945
2025-11-11 02:30:00,1453.089
2025-11-11 02:45:00,1439.134
2025-11-11 03:00:00,1329.491
2025-11-11 03:15:00,1292.556
2025-11-11 03:30:00,1268.5
2025-11-11 03:45:00,1268.5
2025-11-11 04:00:00,1267.25
2025-11-11 04:15:00,1267.25
2025-11-11 04:30:00,1329.782
2025-11-11 04:45:00,1359.242
2025-11-11 05:00:00,1371.803
2025-11-11 05:15:00,1321.192
2025-11-11 05:30:00,1270.922
2025-11-11 05:45:00,1268.5
2025-11-11 06:00:00,1267.25
2025-11-11 06:15:00,1269.563
2025-11-11 06:30:00,1350.2
2025-11-11 06:45:00,1366.373
2025-11-11 07:00:00,1371.284
2025-11-11 07:15:00,1518.239
2025-11-11 07:30:00,1532.549
2025-11-11 07:45:00,1590.032
2025-11-11 08:00:00,1430.653
2025-11-11 08:15:00,1460.115
2025-11-11 08:30:00,1533.389
2025-11-11 08:45:00,1693.371
2025-11-11 09:00:00,1662.604
2025-11-11 09:15:00,1521.666
2025-11-11 09:30:00,1479.895
2025-11-11 09:45:00,1392.092
2025-11-11 10:00:00,1335.031
2025-11-11 10:15:00,1279.75
2025-11-11 10:30:00,1331.074
2025-11-11 10:45:00,1268.5
2025-11-11 11:00:00,1444.263
2025-11-11 11:15:00,1310.902
2025-11-11 11:30:00,1370.11
2025-11-11 11:45:00,1311.42
2025-11-11 12:00:00,1514.831
2025-11-11 12:15:00,1447.197
2025-11-11 12:30:00,1486.934
2025-11-11 12:45:00,1593.079
2025-11-11 13:00:00,1783.553
2025-11-11 13:15:00,1643.934
2025-11-11 13:30:00,1774.851
2025-11-11 13:45:00,1574.964
2025-11-11 14:00:00,1517.185
2025-11-11 14:15:00,1428.744
2025-11-11 14:30:00,1556.855
2025-11-11 14:45:00,1338.23
2025-11-11 15:00:00,1429.136
2025-11-11 15:15:00,1445.182
2025-11-11 15:30:00,1572.692
2025-11-11 15:45:00,1495.203
2025-11-11 16:00:00,1418.058
2025-11-11 16:15:00,1362.25
2025-11-11 16:30:00,1334.203
2025-11-11 16:45:00,1362.25
2025-11-11 17:00:00,1362.25
2025-11-11 17:15:00,1362.25
2025-11-11 17:30:00,1503.777
2025-11-11 17:45:00,1723.988
2025-11-11 18:00:00,1717.233
2025-11-11 18:15:00,1564.912
2025-11-11 18:30:00,1679.615
2025-11-11 18:45:00,1516.019
2025-11-11 19:00:00,1574.157
2025-11-11 19:15:00,1555.952
2025-11-11 19:30:00,1514.12
2025-11-11 19:45:00,1622.222
2025-11-11 20:00:00,1652.334
2025-11-11 20:15:00,1669.637
2025-11-11 20:30:00,1556.774
2025-11-11 20:45:00,1756.838
2025-11-11 21:00:00,1827.138
2025-11-11 21:15:00,1903.721
2025-11-11 21:30:00,1947.437
2025-11-11 21:45:00,1844.061
2025-11-11 22:00:00,1788.264
2025-11-11 22:15:00,1757.551
2025-11-11 22:30:00,1696.661
2025-11-11 22:45:00,1614.583
2025-11-11 23:00:00,1637.688
2025-11-11 23:15:00,1509.34
2025-11-11 23:30:00,1362.25
2025-11-11 23:45:00,1362.25
2025-11-12 00:00:00,1332.0
2025-11-12 00:15:00,1332.0
2025-11-12 00:30:00,1332.0
2025-11-12 00:45:00,1326.76
2025-11-12 01:00:00,1443.598
2025-11-12 01:15:00,1374.0
2025-11-12 01:30:00,1302.25
2025-11-12 01:45:00,1274.75
2025-11-12 02:00:00,1244.5
2025-11-12 02:15:00,1234.25
2025-11-12 02:30:00,1221.5
2025-11-12 02:45:00,1240.861
2025-11-12 03:00:00,1200.75
2025-11-12 03:15:00,1187.25
2025-11-12 03:30:00,1176.75
2025-11-12 03:45:00,1130.75
2025-11-12 04:00:00,1195.5
2025-11-12 04:15:00,1182.75
2025-11-12 04:30:00,1162.5
2025-11-12 04:45:00,1162.25
2025-11-12 05:00:00,1152.25
2025-11-12 05:15:00,1212.75
2025-11-12 05:30:00,1202.389
2025-11-12 05:45:00,1235.428
2025-11-12 06:00:00,1246.749
2025-11-12 06:15:00,1389.829
2025-11-12 06:30:00,1514.415
2025-11-12 06:45:00,1466.278
2025-11-12 07:00:00,1531.181
2025-11-12 07:15:00,1567.382
2025-11-12 07:30:00,1256.845
2025-11-12 07:45:00,1318.653
2025-11-12 08:00:00,1197.649
2025-11-12 08:15:00,1133.978
2025-11-12 08:30:00,1283.797
2025-11-12 08:45:00,1367.976
2025-11-12 09:00:00,1418.025
2025-11-12 09:15:00,1305.093
2025-11-12 09:30:00,1310.716
2025-11-12 09:45:00,1268.761
2025-11-12 10:00:00,1267.556
2025-11-12 10:15:00,1376.813
2025-11-12 10:30:00,1431.192
2025-11-12 10:45:00,1256.662
2025-11-12 11:00:00,1391.768
2025-11-12 11:15:00,1190.51
2025-11-12 11:30:00,1251.77
2025-11-12 11:45:00,1136.5
2025-11-12 12:00:00,1384.967
2025-11-12 12:15:00,1262.051
2025-11-12 12:30:00,1337.746
2025-11-12 12:45:00,1290.876
2025-11-12 13:00:00,1304.409
2025-11-12 13:15:00,1244.802
2025-11-12 13:30:00,1260.862
2025-11-12 13:45:00,1145.071
2025-11-12 14:00:00,1285.599
2025-11-12 14:15:00,1356.513
2025-11-12 14:30:00,1391.441
2025-11-12 14:45:00,1264.908
2025-11-12 15:00:00,1386.423
2025-11-12 15:15:00,1612.518
2025-11-12 15:30:00,1769.9
2025-11-12 15:45:00,1781.893
2025-11-12 16:00:00,1501.751
2025-11-12 16:15:00,1958.575
2025-11-12 16:30:00,1994.01
2025-11-12 16:45:00,2054.967
2025-11-12 17:00:00,1714.689
2025-11-12 17:15:00,1592.262
2025-11-12 17:30:00,1482.603
2025-11-12 17:45:00,1502.434
2025-11-12 18:00:00,1547.8
2025-11-12 18:15:00,1407.269
2025-11-12 18:30:00,1336.786
2025-11-12 18:45:00,1374.416
2025-11-12 19:00:00,1343.628
2025-11-12 19:15:00,1238.558
2025-11-12 19:30:00,1377.197
2025-11-12 19:45:00,1428.21
2025-11-12 20:00:00,1391.152
2025-11-12 20:15:00,1310.011
2025-11-12 20:30:00,1274.51
2025-11-12 20:45:00,1512.419
2025-11-12 21:00:00,1573.543
2025-11-12 21:15:00,1535.908
2025-11-12 21:30:00,1432.359
2025-11-12 21:45:00,1301.847
2025-11-12 22:00:00,1486.362
2025-11-12 22:15:00,1525.311
2025-11-12 22:30:00,1396.255
2025-11-12 22:45:00,1215.157
2025-11-12 23:00:00,1180.066
2025-11-12 23:15:00,1171.5
2025-11-12 23:30:00,1171.5
2025-11-12 23:45:00,1171.5
2025-11-13 00:00:00,1166.37
2025-11-13 00:15:00,1163.5
2025-11-13 00:30:00,1163.5
2025-11-13 00:45:00,1163.5
2025-11-13 01:00:00,1163.5
2025-11-13 01:15:00,1163.5
2025-11-13 01:30:00,1233.806
2025-11-13 01:45:00,1277.52
2025-11-13 02:00:00,1378.701
2025-11-13 02:15:00,1357.797
2025-11-13 02:30:00,1196.717
2025-11-13 02:45:00,1163.5
2025-11-13 03:00:00,1163.5
2025-11-13 03:15:00,1163.5
2025-11-13 03:30:00,1163.5
2025-11-13 03:45:00,1163.5
2025-11-13 04:00:00,1163.5
2025-11-13 04:15:00,1163.5
2025-11-13 04:30:00,1192.279
2025-11-13 04:45:00,1228.546
2025-11-13 05:00:00,1220.109
2025-11-13 05:15:00,1165.748
2025-11-13 05:30:00,1247.804
2025-11-13 05:45:00,1252.222
2025-11-13 06:00:00,1242.942
2025-11-13 06:15:00,1278.964
2025-11-13 06:30:00,1329.017
2025-11-13 06:45:00,1428.049
2025-11-13 07:00:00,1359.556
2025-11-13 07:15:00,1551.381
2025-11-13 07:30:00,1635.455
2025-11-13 07:45:00,1648.476
2025-11-13 08:00:00,1555.935
2025-11-13 08:15:00,1530.119
2025-11-13 08:30:00,1495.756
2025-11-13 08:45:00,1531.752
2025-11-13 09:00:00,1382.551
2025-11-13 09:15:00,1167.657
2025-11-13 09:30:00,1163.5
2025-11-13 09:45:00,1163.5
2025-11-13 10:00:00,1163.5
2025-11-13 10:15:00,1163.5
2025-11-13 10:30:00,1163.5
2025-11-13 10:45:00,1163.5
2025-11-13 11:00:00,1163.5
2025-11-13 11:15:00,1163.5
2025-11-13 11:30:00,1163.5
2025-11-13 11:45:00,1163.5
2025-11-13 12:00:00,1163.5
2025-11-13 12:15:00,1163.5
2025-11-13 12:30:00,1163.5
2025-11-13 12:45:00,1163.5
2025-11-13 13:00:00,1163.5
2025-11-13 13:15:00,1163.5
2025-11-13 13:30:00,1163.5
2025-11-13 13:45:00,1163.5
2025-11-13 14:00:00,1163.5
2025-11-13 14:15:00,1163.5
2025-11-13 14:30:00,1163.5
2025-11-13 14:45:00,1163.5
2025-11-13 15:00:00,1163.5
2025-11-13 15:15:00,1163.5
2025-11-13 15:30:00,1390.512
2025-11-13 15:45:00,1608.049
2025-11-13 16:00:00,1663.297
2025-11-13 16:15:00,1685.506
2025-11-13 16:30:00,1635.017
2025-11-13 16:45:00,1877.898
2025-11-13 17:00:00,1982.202
2025-11-13 17:15:00,1882.489
2025-11-13 17:30:00,1750.135
2025-11-13 17:45:00,1662.786
2025-11-13 18:00:00,1558.035
2025-11-13 18:15:00,1443.628
2025-11-13 18:30:00,1472.462
2025-11-13 18:45:00,1375.745
2025-11-13 19:00:00,1352.253
2025-11-13 19:15:00,1217.308
2025-11-13 19:30:00,1239.064
2025-11-13 19:45:00,1164.61
2025-11-13 20:00:00,1304.568
2025-11-13 20:15:00,1223.666
2025-11-13 20:30:00,1408.213
2025-11-13 20:45:00,1532.31
2025-11-13 21:00:00,1693.707
2025-11-13 21:15:00,1596.914
2025-11-13 21:30:00,1623.268
2025-11-13 21:45:00,1661.829
2025-11-13 22:00:00,1503.262
2025-11-13 22:15:00,1499.409
2025-11-13 22:30:00,1416.726
2025-11-13 22:45:00,1332.982
2025-11-13 23:00:00,1295.336
2025-11-13 23:15:00,1253.634
2025-11-13 23:30:00,1341.855
2025-11-13 23:45:00,1550.839
2025-11-14 00:00:00,1805.656
2025-11-14 00:15:00,1893.424
2025-11-14 00:30:00,1727.769
2025-11-14 00:45:00,1683.396
2025-11-14 01:00:00,1424.868
2025-11-14 01:15:00,1514.071
2025-11-14 01:30:00,1570.468
2025-11-14 01:45:00,1576.021
2025-11-14 02:00:00,1542.339
2025-11-14 02:15:00,1488.218
2025-11-14 02:30:00,1520.183
2025-11-14 02:45:00,1496.508
2025-11-14 03:00:00,1555.487
2025-11-14 03:15:00,1330.418
2025-11-14 03:30:00,1319.014
2025-11-14 03:45:00,1257.431
2025-11-14 04:00:00,1233.435
2025-11-14 04:15:00,1207.463
2025-11-14 04:30:00,1154.545
2025-11-14 04:45:00,1148.5
2025-11-14 05:00:00,1177.202
2025-11-14 05:15:00,1230.966
2025-11-14 05:30:00,1221.109
2025-11-14 05:45:00,1269.124
2025-11-14 06:00:00,1369.771
2025-11-14 06:15:00,1458.87
2025-11-14 06:30:00,1607.722
2025-11-14 06:45:00,1773.027
2025-11-14 07:00:00,1872.748
2025-11-14 07:15:00,1912.563
2025-11-14 07:30:00,1858.136
2025-11-14 07:45:00,1955.917
2025-11-14 08:00:00,1917.807
2025-11-14 08:15:00,1668.053
2025-11-14 08:30:00,1517.661
2025-11-14 08:45:00,1508.828
2025-11-14 09:00:00,1530.307
2025-11-14 09:15:00,1350.532
2025-11-14 09:30:00,1148.779
2025-11-14 09:45:00,1140.75
2025-11-14 10:00:00,1148.5
2025-11-14 10:15:00,1148.5
2025-11-14 10:30:00,1148.5
2025-11-14 10:45:00,1148.5
2025-11-14 11:00:00,1148.5
2025-11-14 11:15:00,1148.5
2025-11-14 11:30:00,1420.91
2025-11-14 11:45:00,1156.0
2025-11-14 12:00:00,1148.5
2025-11-14 12:15:00,1148.5
2025-11-14 12:30:00,1148.5
2025-11-14 12:45:00,1148.5
2025-11-14 13:00:00,1148.5
2025-11-14 13:15:00,1148.5
2025-11-14 13:30:00,1148.5
2025-11-14 13:45:00,1148.5
2025-11-14 14:00:00,1246.932
2025-11-14 14:15:00,1212.65
2025-11-14 14:30:00,1393.402
2025-11-14 14:45:00,1148.5
2025-11-14 15:00:00,1148.5
2025-11-14 15:15:00,1249.979
2025-11-14 15:30:00,1386.403
2025-11-14 15:45:00,1578.628
2025-11-14 16:00:00,1831.233
2025-11-14 16:15:00,2012.65
2025-11-14 16:30:00,2224.01
2025-11-14 16:45:00,2359.168
2025-11-14 17:00:00,2279.957
2025-11-14 17:15:00,2246.073
2025-11-14 17:30:00,2267.499
2025-11-14 17:45:00,2303.356
2025-11-14 18:00:00,2118.204
2025-11-14 18:15:00,2066.698
2025-11-14 18:30:00,2066.236
2025-11-14 18:45:00,1969.414
2025-11-14 19:00:00,2015.73
2025-11-14 19:15:00,2016.553
2025-11-14 19:30:00,2076.831
2025-11-14 19:45:00,1963.922
2025-11-14 20:00:00,1918.919
2025-11-14 20:15:00,1845.036
2025-11-14 20:30:00,1841.434
2025-11-14 20:45:00,1940.407
2025-11-14 21:00:00,1944.591
2025-11-14 21:15:00,1950.441
2025-11-14 21:30:00,1803.572
2025-11-14 21:45:00,1814.71
2025-11-14 22:00:00,1720.164
2025-11-14 22:15:00,1754.463
2025-11-14 22:30:00,1754.234
2025-11-14 22:45:00,1745.087
2025-11-14 23:00:00,1803.858
2025-11-14 23:15:00,1496.688
2025-11-14 23:30:00,1458.285
2025-11-14 23:45:00,1450.0
2025-11-15 00:00:00,2231.658
2025-11-15 00:15:00,2248.621
2025-11-15 00:30:00,2342.489
2025-11-15 00:45:00,2232.002
2025-11-15 01:00:00,2134.503
2025-11-15 01:15:00,2065.969
2025-11-15 01:30:00,1958.388
2025-11-15 01:45:00,1897.535
2025-11-15 02:00:00,1858.992
2025-11-15 02:15:00,1822.648
2025-11-15 02:30:00,1820.207
2025-11-15 02:45:00,1825.411
2025-11-15 03:00:00,1820.438
2025-11-15 03:15:00,1819.485
2025-11-15 03:30:00,1770.421
2025-11-15 03:45:00,1780.621
2025-11-15 04:00:00,1657.156
2025-11-15 04:15:00,1650.257
2025-11-15 04:30:00,1634.338
2025-11-15 04:45:00,1614.041
2025-11-15 05:00:00,1627.484
2025-11-15 05:15:00,1694.044
2025-11-15 05:30:00,1640.341
2025-11-15 05:45:00,1658.941
2025-11-15 06:00:00,1588.173
2025-11-15 06:15:00,1590.27
2025-11-15 06:30:00,1812.568
2025-11-15 06:45:00,1919.347
2025-11-15 07:00:00,1966.458
2025-11-15 07:15:00,2072.111
2025-11-15 07:30:00,2376.528
2025-11-15 07:45:00,2255.691
2025-11-15 08:00:00,2223.542
2025-11-15 08:15:00,2042.785
2025-11-15 08:30:00,1689.806
2025-11-15 08:45:00,1624.803
2025-11-15 09:00:00,1387.378
2025-11-15 09:15:00,1208.75
2025-11-15 09:30:00,1208.5
2025-11-15 09:45:00,1208.5
2025-11-15 10:00:00,1203.5
2025-11-15 10:15:00,1203.5
2025-11-15 10:30:00,1203.5
2025-11-15 10:45:00,1203.5
2025-11-15 11:00:00,1208.5
2025-11-15 11:15:00,1208.5
2025-11-15 11:30:00,1208.5
2025-11-15 11:45:00,1208.5
2025-11-15 12:00:00,1208.5
2025-11-15 12:15:00,1208.5
2025-11-15 12:30:00,1208.5
2025-11-15 12:45:00,1208.5
2025-11-15 13:00:00,1208.5
2025-11-15 13:15:00,1208.5
2025-11-15 13:30:00,1208.5
2025-11-15 13:45:00,1208.5
2025-11-15 14:00:00,1208.5
2025-11-15 14:15:00,1208.5
2025-11-15 14:30:00,1208.5
2025-11-15 14:45:00,1208.5
2025-11-15 15:00:00,1224.75
2025-11-15 15:15:00,1224.75
2025-11-15 15:30:00,1224.75
2025-11-15 15:45:00,1591.567
2025-11-15 16:00:00,1806.053
2025-11-15 16:15:00,1763.311
2025-11-15 16:30:00,2060.675
2025-11-15 16:45:00,2280.528
2025-11-15 17:00:00,2506.471
2025-11-15 17:15:00,2542.536
2025-11-15 17:30:00,2461.813
2025-11-15 17:45:00,2332.646
2025-11-15 18:00:00,2351.243
2025-11-15 18:15:00,2217.829
2025-11-15 18:30:00,2168.183
2025-11-15 18:45:00,2100.696
2025-11-15 19:00:00,2043.442
2025-11-15 19:15:00,1922.673
2025-11-15 19:30:00,1959.845
2025-11-15 19:45:00,1907.591
2025-11-15 20:00:00,1871.28
2025-11-15 20:15:00,1939.81
2025-11-15 20:30:00,1858.917
2025-11-15 20:45:00,1947.8
2025-11-15 21:00:00,2026.378
2025-11-15 21:15:00,2045.131
2025-11-15 21:30:00,2231.637
2025-11-15 21:45:00,2283.069
2025-11-15 22:00:00,1994.411
2025-11-15 22:15:00,1970.879
2025-11-15 22:30:00,1876.017
2025-11-15 22:45:00,1904.834
2025-11-15 23:00:00,1971.942
2025-11-15 23:15:00,1964.6
2025-11-15 23:30:00,1871.246
2025-11-15 23:45:00,1899.107
2025-11-16 00:00:00,2286.708
2025-11-16 00:15:00,2339.261
2025-11-16 00:30:00,2118.763
2025-11-16 00:45:00,2051.234
2025-11-16 01:00:00,1948.43
2025-11-16 01:15:00,1838.21
2025-11-16 01:30:00,1697.201
2025-11-16 01:45:00,1695.634
2025-11-16 02:00:00,1633.283
2025-11-16 02:15:00,1585.976
2025-11-16 02:30:00,1656.293
2025-11-16 02:45:00,1622.692
2025-11-16 03:00:00,1618.217
2025-11-16 03:15:00,1563.987
2025-11-16 03:30:00,1476.564
2025-11-16 03:45:00,1535.391
2025-11-16 04:00:00,1567.735
2025-11-16 04:15:00,1508.597
2025-11-16 04:30:00,1567.286
2025-11-16 04:45:00,1547.171
2025-11-16 05:00:00,1521.533
2025-11-16 05:15:00,1520.459
2025-11-16 05:30:00,1553.218
2025-11-16 05:45:00,1432.863
2025-11-16 06:00:00,1367.198
2025-11-16 06:15:00,1349.226
2025-11-16 06:30:00,1419.94
2025-11-16 06:45:00,1716.018
2025-11-16 07:00:00,1764.87
2025-11-16 07:15:00,1791.281
2025-11-16 07:30:00,1848.451
2025-11-16 07:45:00,1712.915
2025-11-16 08:00:00,1749.448
2025-11-16 08:15:00,1708.013
2025-11-16 08:30:00,1592.045
2025-11-16 08:45:00,1566.238
2025-11-16 09:00:00,1368.893
2025-11-16 09:15:00,1211.5
2025-11-16 09:30:00,1211.5
2025-11-16 09:45:00,1211.5
2025-11-16 10:00:00,1206.5
2025-11-16 10:15:00,1206.5
2025-11-16 10:30:00,1206.5
2025-11-16 10:45:00,1206.5
2025-11-16 11:00:00,1211.5
2025-11-16 11:15:00,1211.5
2025-11-16 11:30:00,1211.5
2025-11-16 11:45:00,1220.103
2025-11-16 12:00:00,1220.174
2025-11-16 12:15:00,1220.218
2025-11-16 12:30:00,1234.0
2025-11-16 12:45:00,1234.0
2025-11-16 13:00:00,1234.0
2025-11-16 13:15:00,1234.0
2025-11-16 13:30:00,1234.0
2025-11-16 13:45:00,1234.0
2025-11-16 14:00:00,1234.0
2025-11-16 14:15:00,1234.0
2025-11-16 14:30:00,1234.0
2025-11-16 14:45:00,1234.0
2025-11-16 15:00:00,1234.0
2025-11-16 15:15:00,1234.0
2025-11-16 15:30:00,1381.076
2025-11-16 15:45:00,1588.246
2025-11-16 16:00:00,1758.804
2025-11-16 16:15:00,1827.524
2025-11-16 16:30:00,1883.02
2025-11-16 16:45:00,2262.312
2025-11-16 17:00:00,2444.923
2025-11-16 17:15:00,2404.391
2025-11-16 17:30:00,2286.529
2025-11-16 17:45:00,2282.569
2025-11-16 18:00:00,2201.472
2025-11-16 18:15:00,2014.013
2025-11-16 18:30:00,1929.47
2025-11-16 18:45:00,1797.326
2025-11-16 19:00:00,1762.046
2025-11-16 19:15:00,1798.255
2025-11-16 19:30:00,1876.033
2025-11-16 19:45:00,1818.857
2025-11-16 20:00:00,1813.226
2025-11-16 20:15:00,1816.982
2025-11-16 20:30:00,1805.292
2025-11-16 20:45:00,1967.734
2025-11-16 21:00:00,2171.579
2025-11-16 21:15:00,2163.264
2025-11-16 21:30:00,2112.796
2025-11-16 21:45:00,2002.759
2025-11-16 22:00:00,1905.059
2025-11-16 22:15:00,1828.202
2025-11-16 22:30:00,1864.302
2025-11-16 22:45:00,1853.629
2025-11-16 23:00:00,1800.765
2025-11-16 23:15:00,1691.894
2025-11-16 23:30:00,1616.546
2025-11-16 23:45:00,1675.893
2025-11-17 00:00:00,1977.099
2025-11-17 00:15:00,1955.307
2025-11-17 00:30:00,1937.181
2025-11-17 00:45:00,1826.595
2025-11-17 01:00:00,1813.635
2025-11-17 01:15:00,1788.246
2025-11-17 01:30:00,1647.198
2025-11-17 01:45:00,1613.579
2025-11-17 02:00:00,1614.591
2025-11-17 02:15:00,1614.209
2025-11-17 02:30:00,1553.08
2025-11-17 02:45:00,1467.371
2025-11-17 03:00:00,1408.377
2025-11-17 03:15:00,1308.602
2025-11-17 03:30:00,1359.525
2025-11-17 03:45:00,1346.739
2025-11-17 04:00:00,1285.583
2025-11-17 04:15:00,1203.75
2025-11-17 04:30:00,1203.75
2025-11-17 04:45:00,1203.75
2025-11-17 05:00:00,1203.75
2025-11-17 05:15:00,1203.75
2025-11-17 05:30:00,1203.75
2025-11-17 05:45:00,1203.75
2025-11-17 06:00:00,1241.622
2025-11-17 06:15:00,1348.031
2025-11-17 06:30:00,1406.047
2025-11-17 06:45:00,1538.436
2025-11-17 07:00:00,1591.8
2025-11-17 07:15:00,1422.411
2025-11-17 07:30:00,1401.522
2025-11-17 07:45:00,1315.711
2025-11-17 08:00:00,1248.75
2025-11-17 08:15:00,1243.824
2025-11-17 08:30:00,1315.192
2025-11-17 08:45:00,1225.74
2025-11-17 09:00:00,1373.475
2025-11-17 09:15:00,1301.641
2025-11-17 09:30:00,1486.051
2025-11-17 09:45:00,1387.941
2025-11-17 10:00:00,1468.512
2025-11-17 10:15:00,1549.78
2025-11-17 10:30:00,1599.569
2025-11-17 10:45:00,1705.29
2025-11-17 11:00:00,1807.994
2025-11-17 11:15:00,1834.529
2025-11-17 11:30:00,1931.543
2025-11-17 11:45:00,1922.73
2025-11-17 12:00:00,1984.116
2025-11-17 12:15:00,1924.418
2025-11-17 12:30:00,2035.332
2025-11-17 12:45:00,2035.099
2025-11-17 13:00:00,2064.795
2025-11-17 13:15:00,1995.397
2025-11-17 13:30:00,2024.852
2025-11-17 13:45:00,2131.891
2025-11-17 14:00:00,2046.185
2025-11-17 14:15:00,2030.364
2025-11-17 14:30:00,2082.375
2025-11-17 14:45:00,2080.929
2025-11-17 15:00:00,2109.832
2025-11-17 15:15:00,2037.265
2025-11-17 15:30:00,1750.532
2025-11-17 15:45:00,1714.624
2025-11-17 16:00:00,1644.071
2025-11-17 16:15:00,1756.312
2025-11-17 16:30:00,1657.776
2025-11-17 16:45:00,1643.708
2025-11-17 17:00:00,1708.963
2025-11-17 17:15:00,1570.367
2025-11-17 17:30:00,1605.574
2025-11-17 17:45:00,1594.119
2025-11-17 18:00:00,1474.5
2025-11-17 18:15:00,1409.892
2025-11-17 18:30:00,1387.734
2025-11-17 18:45:00,1371.333
2025-11-17 19:00:00,1473.108
2025-11-17 19:15:00,1499.869
2025-11-17 19:30:00,1505.465
2025-11-17 19:45:00,1521.641
2025-11-17 20:00:00,1571.624
2025-11-17 20:15:00,1569.33
2025-11-17 20:30:00,1456.124
2025-11-17 20:45:00,1534.34
2025-11-17 21:00:00,1564.699
2025-11-17 21:15:00,1546.605
2025-11-17 21:30:00,1539.172
2025-11-17 21:45:00,1401.47
2025-11-17 22:00:00,1484.791
2025-11-17 22:15:00,1442.187
2025-11-17 22:30:00,1499.921
2025-11-17 22:45:00,1402.351
2025-11-17 23:00:00,1471.963
2025-11-17 23:15:00,1684.427
2025-11-17 23:30:00,1686.588
2025-11-17 23:45:00,1724.127
2025-11-18 00:00:00,1598.272
2025-11-18 00:15:00,1869.117
2025-11-18 00:30:00,1517.573
2025-11-18 00:45:00,1425.03
2025-11-18 01:00:00,1664.485
2025-11-18 01:15:00,1715.98
2025-11-18 01:30:00,1639.173
2025-11-18 01:45:00,1570.931
2025-11-18 02:00:00,1588.954
2025-11-18 02:15:00,1378.444
2025-11-18 02:30:00,1343.627
2025-11-18 02:45:00,1301.623
2025-11-18 03:00:00,1493.153
2025-11-18 03:15:00,1464.51
2025-11-18 03:30:00,1318.242
2025-11-18 03:45:00,1316.959
2025-11-18 04:00:00,1547.513
2025-11-18 04:15:00,1550.312
2025-11-18 04:30:00,1530.292
2025-11-18 04:45:00,1558.671
2025-11-18 05:00:00,1623.792
2025-11-18 05:15:00,1627.101
2025-11-18 05:30:00,1654.496
2025-11-18 05:45:00,1617.293
2025-11-18 06:00:00,1665.446
2025-11-18 06:15:00,1752.546
2025-11-18 06:30:00,1856.686
2025-11-18 06:45:00,1891.012
2025-11-18 07:00:00,1940.266
2025-11-18 07:15:00,2140.492
2025-11-18 07:30:00,2383.447
2025-11-18 07:45:00,2571.673
2025-11-18 08:00:00,2463.523
2025-11-18 08:15:00,2426.65
2025-11-18 08:30:00,2509.947
2025-11-18 08:45:00,2438.18
2025-11-18 09:00:00,2677.917
2025-11-18 09:15:00,2595.077
2025-11-18 09:30:00,2574.954
2025-11-18 09:45:00,2413.655
2025-11-18 10:00:00,2354.185
2025-11-18 10:15:00,2242.764
2025-11-18 10:30:00,2064.332
2025-11-18 10:45:00,1923.385
2025-11-18 11:00:00,2058.959
2025-11-18 11:15:00,1696.988
2025-11-18 11:30:00,1815.3
2025-11-18 11:45:00,1489.943
2025-11-18 12:00:00,1756.537
2025-11-18 12:15:00,1788.31
2025-11-18 12:30:00,1762.343
2025-11-18 12:45:00,1910.462
2025-11-18 13:00:00,2185.083
2025-11-18 13:15:00,2080.823
2025-11-18 13:30:00,2108.151
2025-11-18 13:45:00,2028.722
2025-11-18 14:00:00,1828.992
2025-11-18 14:15:00,1688.583
2025-11-18 14:30:00,1614.321
2025-11-18 14:45:00,1597.28
2025-11-18 15:00:00,1920.025
2025-11-18 15:15:00,1919.465
2025-11-18 15:30:00,1937.651
2025-11-18 15:45:00,1858.128
2025-11-18 16:00:00,2039.616
2025-11-18 16:15:00,2195.119
2025-11-18 16:30:00,2037.024
2025-11-18 16:45:00,2150.653
2025-11-18 17:00:00,2289.894
2025-11-18 17:15:00,2352.209
2025-11-18 17:30:00,2372.487
2025-11-18 17:45:00,2317.176
2025-11-18 18:00:00,2158.706
2025-11-18 18:15:00,2322.469
2025-11-18 18:30:00,2181.76
2025-11-18 18:45:00,2182.429
2025-11-18 19:00:00,2326.987
2025-11-18 19:15:00,2371.232
2025-11-18 19:30:00,2389.108
2025-11-18 19:45:00,2299.499
2025-11-18 20:00:00,2308.366
2025-11-18 20:15:00,2343.177
2025-11-18 20:30:00,2330.461
2025-11-18 20:45:00,2290.054
2025-11-18 21:00:00,2393.867
2025-11-18 21:15:00,2416.642
2025-11-18 21:30:00,2322.278
2025-11-18 21:45:00,2370.688
2025-11-18 22:00:00,2345.292
2025-11-18 22:15:00,2328.134
2025-11-18 22:30:00,2066.701
2025-11-18 22:45:00,2027.016
2025-11-18 23:00:00,1988.274
2025-11-18 23:15:00,1792.673
2025-11-18 23:30:00,1727.449
2025-11-18 23:45:00,1777.858
2025-11-19 00:00:00,2030.37
2025-11-19 00:15:00,1949.031
2025-11-19 00:30:00,1859.289
2025-11-19 00:45:00,1793.077
2025-11-19 01:00:00,1784.608
2025-11-19 01:15:00,1770.568
2025-11-19 01:30:00,1811.675
2025-11-19 01:45:00,1756.289
2025-11-19 02:00:00,1833.373
2025-11-19 02:15:00,1852.828
2025-11-19 02:30:00,1820.007
2025-11-19 02:45:00,1813.807
2025-11-19 03:00:00,1863.101
2025-11-19 03:15:00,1883.866
2025-11-19 03:30:00,1930.853
2025-11-19 03:45:00,1863.494
2025-11-19 04:00:00,1889.657
2025-11-19 04:15:00,1932.897
2025-11-19 04:30:00,1905.644
2025-11-19 04:45:00,1814.98
2025-11-19 05:00:00,1788.722
2025-11-19 05:15:00,1820.503
2025-11-19 05:30:00,1840.177
2025-11-19 05:45:00,1790.097
2025-11-19 06:00:00,1815.509
2025-11-19 06:15:00,1903.691
2025-11-19 06:30:00,2034.492
2025-11-19 06:45:00,2086.539
2025-11-19 07:00:00,2160.412
2025-11-19 07:15:00,2481.293
2025-11-19 07:30:00,2610.917
2025-11-19 07:45:00,2614.259
2025-11-19 08:00:00,2240.016
2025-11-19 08:15:00,2192.803
2025-11-19 08:30:00,2102.217
2025-11-19 08:45:00,1989.026
2025-11-19 09:00:00,1738.416
2025-11-19 09:15:00,1557.433
2025-11-19 09:30:00,1496.433
2025-11-19 09:45:00,1461.25
2025-11-19 10:00:00,1461.25
2025-11-19 10:15:00,1461.25
2025-11-19 10:30:00,1386.25
2025-11-19 10:45:00,1386.25
2025-11-19 11:00:00,1386.25
2025-11-19 11:15:00,1386.25
2025-11-19 11:30:00,1386.25
2025-11-19 11:45:00,1386.25
2025-11-19 12:00:00,1386.25
2025-11-19 12:15:00,1386.25
2025-11-19 12:30:00,1386.25
2025-11-19 12:45:00,1386.25
2025-11-19 13:00:00,1378.75
2025-11-19 13:15:00,1378.75
2025-11-19 13:30:00,1378.75
2025-11-19 13:45:00,1378.75
2025-11-19 14:00:00,1378.75
2025-11-19 14:15:00,1378.75
2025-11-19 14:30:00,1453.75
2025-11-19 14:45:00,1453.75
2025-11-19 15:00:00,1469.488
2025-11-19 15:15:00,1469.29
2025-11-19 15:30:00,1506.25
2025-11-19 15:45:00,1547.87
2025-11-19 16:00:00,1594.437
2025-11-19 16:15:00,1697.206
2025-11-19 16:30:00,1885.706
2025-11-19 16:45:00,2219.802
2025-11-19 17:00:00,2482.7
2025-11-19 17:15:00,2539.732
2025-11-19 17:30:00,2527.526
2025-11-19 17:45:00,2380.008
2025-11-19 18:00:00,2418.714
2025-11-19 18:15:00,2349.055
2025-11-19 18:30:00,2286.205
2025-11-19 18:45:00,2260.17
2025-11-19 19:00:00,2203.033
2025-11-19 19:15:00,2190.763
2025-11-19 19:30:00,2193.792
2025-11-19 19:45:00,2152.053
2025-11-19 20:00:00,2199.681
2025-11-19 20:15:00,2224.654
2025-11-19 20:30:00,2176.856
2025-11-19 20:45:00,2239.818
2025-11-19 21:00:00,2208.612
2025-11-19 21:15:00,2110.408
2025-11-19 21:30:00,1956.762
2025-11-19 21:45:00,1951.11
2025-11-19 22:00:00,1855.452
2025-11-19 22:15:00,1827.973
2025-11-19 22:30:00,1683.389
2025-11-19 22:45:00,1680.187
2025-11-19 23:00:00,1613.75
2025-11-19 23:15:00,1613.75
2025-11-19 23:30:00,1613.75
2025-11-19 23:45:00,1629.75
2025-11-20 00:00:00,2015.698
2025-11-20 00:15:00,2001.623
2025-11-20 00:30:00,2089.772
2025-11-20 00:45:00,2021.127
2025-11-20 01:00:00,1874.863
2025-11-20 01:15:00,1740.806
2025-11-20 01:30:00,1745.05
2025-11-20 01:45:00,1808.841
2025-11-20 02:00:00,1935.088
2025-11-20 02:15:00,1890.46
2025-11-20 02:30:00,1894.222
2025-11-20 02:45:00,1963.007
2025-11-20 03:00:00,1979.585
2025-11-20 03:15:00,2034.388
2025-11-20 03:30:00,1943.197
2025-11-20 03:45:00,1930.014
2025-11-20 04:00:00,1920.471
2025-11-20 04:15:00,1941.16
2025-11-20 04:30:00,1967.923
2025-11-20 04:45:00,2056.278
2025-11-20 05:00:00,2141.759
2025-11-20 05:15:00,2194.907
2025-11-20 05:30:00,2067.548
2025-11-20 05:45:00,1995.09
2025-11-20 06:00:00,2053.19
2025-11-20 06:15:00,2142.644
2025-11-20 06:30:00,2235.563
2025-11-20 06:45:00,2451.117
2025-11-20 07:00:00,2641.958
2025-11-20 07:15:00,2885.464
2025-11-20 07:30:00,2965.792
2025-11-20 07:45:00,3025.401
2025-11-20 08:00:00,3065.436
2025-11-20 08:15:00,3030.059
2025-11-20 08:30:00,2870.149
2025-11-20 08:45:00,2759.821
2025-11-20 09:00:00,2287.043
2025-11-20 09:15:00,1994.368
2025-11-20 09:30:00,1766.513
2025-11-20 09:45:00,1681.045
2025-11-20 10:00:00,1669.75
2025-11-20 10:15:00,1624.036
2025-11-20 10:30:00,1856.613
2025-11-20 10:45:00,1822.694
2025-11-20 11:00:00,1813.594
2025-11-20 11:15:00,1769.825
2025-11-20 11:30:00,1717.993
2025-11-20 11:45:00,1739.655
2025-11-20 12:00:00,1993.174
2025-11-20 12:15:00,1812.253
2025-11-20 12:30:00,1652.189
2025-11-20 12:45:00,1612.257
2025-11-20 13:00:00,1641.142
2025-11-20 13:15:00,1581.0
2025-11-20 13:30:00,1767.458
2025-11-20 13:45:00,1641.727
2025-11-20 14:00:00,1590.856
2025-11-20 14:15:00,1586.0
2025-11-20 14:30:00,1586.0
2025-11-20 14:45:00,1711.477
2025-11-20 15:00:00,1782.608
2025-11-20 15:15:00,1826.508
2025-11-20 15:30:00,1780.514
2025-11-20 15:45:00,1814.868
2025-11-20 16:00:00,1835.735
2025-11-20 16:15:00,2017.516
2025-11-20 16:30:00,2284.658
2025-11-20 16:45:00,2329.501
2025-11-20 17:00:00,2285.247
2025-11-20 17:15:00,2156.211
2025-11-20 17:30:00,2276.368
2025-11-20 17:45:00,2371.8
2025-11-20 18:00:00,2367.915
2025-11-20 18:15:00,2415.325
2025-11-20 18:30:00,2322.844
2025-11-20 18:45:00,2295.753
2025-11-20 19:00:00,2226.796
2025-11-20 19:15:00,2227.15
2025-11-20 19:30:00,2188.453
2025-11-20 19:45:00,2188.084
2025-11-20 20:00:00,2257.099
2025-11-20 20:15:00,2187.555
2025-11-20 20:30:00,2272.26
2025-11-20 20:45:00,2244.127
2025-11-20 21:00:00,2109.464
2025-11-20 21:15:00,2126.432
2025-11-20 21:30:00,2031.142
2025-11-20 21:45:00,1919.274
2025-11-20 22:00:00,1957.19
2025-11-20 22:15:00,1876.349
2025-11-20 22:30:00,1879.147
2025-11-20 22:45:00,2013.992
2025-11-20 23:00:00,1903.315
2025-11-20 23:15:00,1815.998
2025-11-20 23:30:00,1845.594
2025-11-20 23:45:00,1813.367
2025-11-21 00:00:00,2053.836
2025-11-21 00:15:00,1972.186
2025-11-21 00:30:00,1862.821
2025-11-21 00:45:00,1758.462
2025-11-21 01:00:00,1668.84
2025-11-21 01:15:00,1759.177
2025-11-21 01:30:00,1712.293
2025-11-21 01:45:00,1701.511
2025-11-21 02:00:00,1766.731
2025-11-21 02:15:00,1731.692
2025-11-21 02:30:00,1712.244
2025-11-21 02:45:00,1693.101
2025-11-21 03:00:00,1619.404
2025-11-21 03:15:00,1615.639
2025-11-21 03:30:00,1623.258
2025-11-21 03:45:00,1611.331
2025-11-21 04:00:00,1641.119
2025-11-21 04:15:00,1751.447
2025-11-21 04:30:00,1676.918
2025-11-21 04:45:00,1613.114
2025-11-21 05:00:00,1635.233
2025-11-21 05:15:00,1725.277
2025-11-21 05:30:00,1645.022
2025-11-21 05:45:00,1613.411
2025-11-21 06:00:00,1611.629
2025-11-21 06:15:00,1747.874
2025-11-21 06:30:00,1605.881
2025-11-21 06:45:00,1684.56
2025-11-21 07:00:00,1795.422
2025-11-21 07:15:00,1724.407
2025-11-21 07:30:00,1730.602
2025-11-21 07:45:00,1718.543
2025-11-21 08:00:00,1718.207
2025-11-21 08:15:00,1699.675
2025-11-21 08:30:00,1533.75
2025-11-21 08:45:00,1642.734
2025-11-21 09:00:00,1623.654
2025-11-21 09:15:00,1473.75
2025-11-21 09:30:00,1473.75
2025-11-21 09:45:00,1473.75
2025-11-21 10:00:00,1464.216
2025-11-21 10:15:00,1427.007
2025-11-21 10:30:00,1409.0
2025-11-21 10:45:00,1409.0
2025-11-21 11:00:00,1409.0
2025-11-21 11:15:00,1409.0
2025-11-21 11:30:00,1409.0
2025-11-21 11:45:00,1409.0
2025-11-21 12:00:00,1409.0
2025-11-21 12:15:00,1409.0
2025-11-21 12:30:00,1409.0
2025-11-21 12:45:00,1409.0
2025-11-21 13:00:00,1409.0
2025-11-21 13:15:00,1409.0
2025-11-21 13:30:00,1409.0
2025-11-21 13:45:00,1409.0
2025-11-21 14:00:00,1409.0
2025-11-21 14:15:00,1409.0
2025-11-21 14:30:00,1409.0
2025-11-21 14:45:00,1409.0
2025-11-21 15:00:00,1422.356
2025-11-21 15:15:00,1412.076
2025-11-21 15:30:00,1487.159
2025-11-21 15:45:00,1581.216
2025-11-21 16:00:00,1566.89
2025-11-21 16:15:00,1507.397
2025-11-21 16:30:00,1437.0
2025-11-21 16:45:00,1681.109
2025-11-21 17:00:00,2018.057
2025-11-21 17:15:00,2149.022
2025-11-21 17:30:00,2071.002
2025-11-21 17:45:00,2157.917
2025-11-21 18:00:00,1926.986
2025-11-21 18:15:00,1826.976
2025-11-21 18:30:00,1522.226
2025-11-21 18:45:00,1449.475
2025-11-21 19:00:00,1535.113
2025-11-21 19:15:00,1679.61
2025-11-21 19:30:00,1656.111
2025-11-21 19:45:00,1684.321
2025-11-21 20:00:00,1580.151
2025-11-21 20:15:00,1437.0
2025-11-21 20:30:00,1437.0
2025-11-21 20:45:00,1470.116
2025-11-21 21:00:00,1508.908
2025-11-21 21:15:00,1437.0
2025-11-21 21:30:00,1592.942
2025-11-21 21:45:00,1731.374
2025-11-21 22:00:00,1825.724
2025-11-21 22:15:00,1837.526
2025-11-21 22:30:00,1993.234
2025-11-21 22:45:00,1844.843
2025-11-21 23:00:00,1783.175
2025-11-21 23:15:00,1841.869
2025-11-21 23:30:00,1816.026
2025-11-21 23:45:00,1815.291
2025-11-22 00:00:00,1973.243
2025-11-22 00:15:00,2049.534
2025-11-22 00:30:00,2000.122
2025-11-22 00:45:00,1903.161
2025-11-22 01:00:00,1899.632
2025-11-22 01:15:00,1816.917
2025-11-22 01:30:00,1796.003
2025-11-22 01:45:00,1780.942
2025-11-22 02:00:00,1838.385
2025-11-22 02:15:00,1778.321
2025-11-22 02:30:00,1759.338
2025-11-22 02:45:00,1764.234
2025-11-22 03:00:00,1736.421
2025-11-22 03:15:00,1742.593
2025-11-22 03:30:00,1718.042
2025-11-22 03:45:00,1717.275
2025-11-22 04:00:00,1734.332
2025-11-22 04:15:00,1718.77
2025-11-22 04:30:00,1761.793
2025-11-22 04:45:00,1892.579
2025-11-22 05:00:00,1931.879
2025-11-22 05:15:00,1901.516
2025-11-22 05:30:00,1931.094
2025-11-22 05:45:00,1910.603
2025-11-22 06:00:00,1823.664
2025-11-22 06:15:00,1873.606
2025-11-22 06:30:00,1996.535
2025-11-22 06:45:00,2295.931
2025-11-22 07:00:00,2142.214
2025-11-22 07:15:00,2216.608
2025-11-22 07:30:00,2301.045
2025-11-22 07:45:00,2306.498
2025-11-22 08:00:00,2344.191
2025-11-22 08:15:00,2315.509
2025-11-22 08:30:00,2267.827
2025-11-22 08:45:00,2056.728
2025-11-22 09:00:00,1910.863
2025-11-22 09:15:00,1831.543
2025-11-22 09:30:00,1741.915
2025-11-22 09:45:00,1516.202
2025-11-22 10:00:00,1378.425
2025-11-22 10:15:00,1334.612
2025-11-22 10:30:00,1333.0
2025-11-22 10:45:00,1333.0
2025-11-22 11:00:00,1333.0
2025-11-22 11:15:00,1333.0
2025-11-22 11:30:00,1437.66
2025-11-22 11:45:00,1490.929
2025-11-22 12:00:00,1777.678
2025-11-22 12:15:00,1607.085
2025-11-22 12:30:00,1673.607
2025-11-22 12:45:00,1696.638
2025-11-22 13:00:00,1577.571
2025-11-22 13:15:00,1452.632
2025-11-22 13:30:00,1464.445
2025-11-22 13:45:00,1333.0
2025-11-22 14:00:00,1380.795
2025-11-22 14:15:00,1355.755
2025-11-22 14:30:00,1333.0
2025-11-22 14:45:00,1333.0
2025-11-22 15:00:00,1494.089
2025-11-22 15:15:00,1631.921
2025-11-22 15:30:00,1631.782
2025-11-22 15:45:00,1662.677
2025-11-22 16:00:00,1663.474
2025-11-22 16:15:00,1777.071
2025-11-22 16:30:00,2078.456
2025-11-22 16:45:00,2425.571
2025-11-22 17:00:00,2779.483
2025-11-22 17:15:00,2864.537
2025-11-22 17:30:00,2965.471
2025-11-22 17:45:00,2685.227
2025-11-22 18:00:00,2763.815
2025-11-22 18:15:00,2579.872
2025-11-22 18:30:00,2664.379
2025-11-22 18:45:00,2357.124
2025-11-22 19:00:00,2323.835
2025-11-22 19:15:00,2386.323
2025-11-22 19:30:00,2431.813
2025-11-22 19:45:00,2383.686
2025-11-22 20:00:00,2479.182
2025-11-22 20:15:00,2383.823
2025-11-22 20:30:00,2471.984
2025-11-22 20:45:00,2338.076
2025-11-22 21:00:00,2385.197
2025-11-22 21:15:00,2240.585
2025-11-22 21:30:00,2194.083
2025-11-22 21:45:00,2157.598
2025-11-22 22:00:00,2083.923
2025-11-22 22:15:00,2286.109
2025-11-22 22:30:00,2266.29
2025-11-22 22:45:00,2324.848
2025-11-22 23:00:00,2322.676
2025-11-22 23:15:00,2297.966
2025-11-22 23:30:00,2341.521
2025-11-22 23:45:00,2248.974
2025-11-23 00:00:00,2647.472
2025-11-23 00:15:00,2652.592
2025-11-23 00:30:00,2613.544
2025-11-23 00:45:00,2554.309
2025-11-23 01:00:00,2516.599
2025-11-23 01:15:00,2430.231
2025-11-23 01:30:00,2440.156
2025-11-23 01:45:00,2437.805
2025-11-23 02:00:00,2480.905
2025-11-23 02:15:00,2429.385
2025-11-23 02:30:00,2399.619
2025-11-23 02:45:00,2380.396
2025-11-23 03:00:00,2327.338
2025-11-23 03:15:00,2359.28
2025-11-23 03:30:00,2311.669
2025-11-23 03:45:00,2262.784
2025-11-23 04:00:00,2346.574
2025-11-23 04:15:00,2307.043
2025-11-23 04:30:00,2291.344
2025-11-23 04:45:00,2328.352
2025-11-23 05:00:00,2325.299
2025-11-23 05:15:00,2284.627
2025-11-23 05:30:00,2294.16
2025-11-23 05:45:00,2167.447
2025-11-23 06:00:00,2123.709
2025-11-23 06:15:00,2135.079
2025-11-23 06:30:00,2155.036
2025-11-23 06:45:00,2315.306
2025-11-23 07:00:00,2365.434
2025-11-23 07:15:00,2232.081
2025-11-23 07:30:00,2300.464
2025-11-23 07:45:00,2395.164
2025-11-23 08:00:00,2446.498
2025-11-23 08:15:00,2421.57
2025-11-23 08:30:00,2377.958
2025-11-23 08:45:00,2452.006
2025-11-23 09:00:00,2336.962
2025-11-23 09:15:00,2106.979
2025-11-23 09:30:00,1938.008
2025-11-23 09:45:00,1836.456
2025-11-23 10:00:00,1708.826
2025-11-23 10:15:00,1692.472
2025-11-23 10:30:00,1708.977
2025-11-23 10:45:00,1607.037
2025-11-23 11:00:00,1785.856
2025-11-23 11:15:00,1813.951
2025-11-23 11:30:00,1905.631
2025-11-23 11:45:00,1747.264
2025-11-23 12:00:00,2140.024
2025-11-23 12:15:00,2132.208
2025-11-23 12:30:00,2064.372
2025-11-23 12:45:00,2086.642
2025-11-23 13:00:00,2173.016
2025-11-23 13:15:00,2085.655
2025-11-23 13:30:00,2050.365
2025-11-23 13:45:00,1873.066
2025-11-23 14:00:00,1879.804
2025-11-23 14:15:00,1740.295
2025-11-23 14:30:00,1751.017
2025-11-23 14:45:00,1841.275
2025-11-23 15:00:00,1772.808
2025-11-23 15:15:00,1824.756
2025-11-23 15:30:00,1761.426
2025-11-23 15:45:00,1815.955
2025-11-23 16:00:00,1516.679
2025-11-23 16:15:00,1735.941
2025-11-23 16:30:00,1961.501
2025-11-23 16:45:00,2293.926
2025-11-23 17:00:00,2282.728
2025-11-23 17:15:00,2340.654
2025-11-23 17:30:00,2408.764
2025-11-23 17:45:00,2198.667
2025-11-23 18:00:00,2079.762
2025-11-23 18:15:00,1936.713
2025-11-23 18:30:00,1921.886
2025-11-23 18:45:00,1937.928
2025-11-23 19:00:00,1984.225
2025-11-23 19:15:00,1975.139
2025-11-23 19:30:00,1951.698
2025-11-23 19:45:00,1943.536
2025-11-23 20:00:00,2078.522
2025-11-23 20:15:00,2077.177
2025-11-23 20:30:00,2094.26
2025-11-23 20:45:00,1999.662
2025-11-23 21:00:00,2014.993
2025-11-23 21:15:00,1870.564
2025-11-23 21:30:00,1759.845
2025-11-23 21:45:00,1712.312
2025-11-23 22:00:00,1835.644
2025-11-23 22:15:00,1728.974
2025-11-23 22:30:00,1845.767
2025-11-23 22:45:00,1893.847
2025-11-23 23:00:00,1848.464
2025-11-23 23:15:00,1767.799
2025-11-23 23:30:00,1697.728
2025-11-23 23:45:00,1718.779
2025-11-24 00:00:00,1938.714
2025-11-24 00:15:00,1958.921
2025-11-24 00:30:00,1896.524
2025-11-24 00:45:00,1882.193
2025-11-24 01:00:00,1890.482
2025-11-24 01:15:00,1807.113
2025-11-24 01:30:00,1736.032
2025-11-24 01:45:00,1752.512
2025-11-24 02:00:00,1729.473
2025-11-24 02:15:00,1681.085
2025-11-24 02:30:00,1582.54
2025-11-24 02:45:00,1542.437
2025-11-24 03:00:00,1655.142
2025-11-24 03:15:00,1602.99
2025-11-24 03:30:00,1581.042
2025-11-24 03:45:00,1559.982
2025-11-24 04:00:00,1592.35
2025-11-24 04:15:00,1542.735
2025-11-24 04:30:00,1514.185
2025-11-24 04:45:00,1615.753
2025-11-24 05:00:00,1633.34
2025-11-24 05:15:00,1673.279
2025-11-24 05:30:00,1648.46
2025-11-24 05:45:00,1586.382
2025-11-24 06:00:00,1621.516
2025-11-24 06:15:00,1637.377
2025-11-24 06:30:00,1851.778
2025-11-24 06:45:00,1986.668
2025-11-24 07:00:00,2002.543
2025-11-24 07:15:00,2153.123
2025-11-24 07:30:00,2220.846
2025-11-24 07:45:00,2274.186
2025-11-24 08:00:00,2138.111
2025-11-24 08:15:00,2063.76
2025-11-24 08:30:00,2070.812
2025-11-24 08:45:00,1887.193
2025-11-24 09:00:00,2019.042
2025-11-24 09:15:00,1872.619
2025-11-24 09:30:00,1579.958
2025-11-24 09:45:00,1480.858
2025-11-24 10:00:00,1524.208
2025-11-24 10:15:00,1459.28
2025-11-24 10:30:00,1448.675
2025-11-24 10:45:00,1390.0
2025-11-24 11:00:00,1390.0
2025-11-24 11:15:00,1340.5
2025-11-24 11:30:00,1386.032
2025-11-24 11:45:00,1340.5
2025-11-24 12:00:00,1340.5
2025-11-24 12:15:00,1355.02
2025-11-24 12:30:00,1340.5
2025-11-24 12:45:00,1357.59
2025-11-24 13:00:00,1335.5
2025-11-24 13:15:00,1335.5
2025-11-24 13:30:00,1335.5
2025-11-24 13:45:00,1335.5
2025-11-24 14:00:00,1330.5
2025-11-24 14:15:00,1330.5
2025-11-24 14:30:00,1330.5
2025-11-24 14:45:00,1330.5
2025-11-24 15:00:00,1472.491
2025-11-24 15:15:00,1672.663
2025-11-24 15:30:00,1802.275
2025-11-24 15:45:00,1672.301
2025-11-24 16:00:00,1519.786
2025-11-24 16:15:00,1550.672
2025-11-24 16:30:00,1702.935
2025-11-24 16:45:00,1702.42
2025-11-24 17:00:00,1585.893
2025-11-24 17:15:00,1344.15
2025-11-24 17:30:00,1340.5
2025-11-24 17:45:00,1340.5
2025-11-24 18:00:00,1443.532
2025-11-24 18:15:00,1556.552
2025-11-24 18:30:00,1880.678
2025-11-24 18:45:00,1901.788
2025-11-24 19:00:00,1612.512
2025-11-24 19:15:00,1557.524
2025-11-24 19:30:00,1535.997
2025-11-24 19:45:00,1529.18
2025-11-24 20:00:00,1610.12
2025-11-24 20:15:00,1593.818
2025-11-24 20:30:00,1641.305
2025-11-24 20:45:00,1596.713
2025-11-24 21:00:00,1604.928
2025-11-24 21:15:00,1590.427
2025-11-24 21:30:00,1615.564
2025-11-24 21:45:00,1682.965
2025-11-24 22:00:00,1686.522
2025-11-24 22:15:00,1761.033
2025-11-24 22:30:00,1633.201
2025-11-24 22:45:00,1533.063
2025-11-24 23:00:00,1552.481
2025-11-24 23:15:00,1405.998
2025-11-24 23:30:00,1340.5
2025-11-24 23:45:00,1340.5
2025-11-25 00:00:00,1346.5
2025-11-25 00:15:00,1346.5
2025-11-25 00:30:00,1282.133
2025-11-25 00:45:00,1272.75
2025-11-25 01:00:00,1272.75
2025-11-25 01:15:00,1272.75
2025-11-25 01:30:00,1272.75
2025-11-25 01:45:00,1272.75
2025-11-25 02:00:00,1272.75
2025-11-25 02:15:00,1272.75
2025-11-25 02:30:00,1272.75
2025-11-25 02:45:00,1272.75
2025-11-25 03:00:00,1272.75
2025-11-25 03:15:00,1272.75
2025-11-25 03:30:00,1272.75
2025-11-25 03:45:00,1272.75
2025-11-25 04:00:00,1272.75
2025-11-25 04:15:00,1272.75
2025-11-25 04:30:00,1287.747
2025-11-25 04:45:00,1272.75
2025-11-25 05:00:00,1272.75
2025-11-25 05:15:00,1272.75
2025-11-25 05:30:00,1330.99
2025-11-25 05:45:00,1387.109
2025-11-25 06:00:00,1475.993
2025-11-25 06:15:00,1372.75
2025-11-25 06:30:00,1410.25
2025-11-25 06:45:00,1447.75
2025-11-25 07:00:00,1483.5
2025-11-25 07:15:00,1671.835
2025-11-25 07:30:00,1745.34
2025-11-25 07:45:00,1740.967
2025-11-25 08:00:00,1890.958
2025-11-25 08:15:00,1825.483
2025-11-25 08:30:00,1773.95
2025-11-25 08:45:00,1733.472
2025-11-25 09:00:00,1447.75
2025-11-25 09:15:00,1447.75
2025-11-25 09:30:00,1447.75
2025-11-25 09:45:00,1447.75
2025-11-25 10:00:00,1410.25
2025-11-25 10:15:00,1397.75
2025-11-25 10:30:00,1352.75
2025-11-25 10:45:00,1310.863
2025-11-25 11:00:00,1272.75
2025-11-25 11:15:00,1272.75
2025-11-25 11:30:00,1272.75
2025-11-25 11:45:00,1272.75
2025-11-25 12:00:00,1267.75
2025-11-25 12:15:00,1267.75
2025-11-25 12:30:00,1267.75
2025-11-25 12:45:00,1267.75
2025-11-25 13:00:00,1267.75
2025-11-25 13:15:00,1267.75
2025-11-25 13:30:00,1267.75
2025-11-25 13:45:00,1267.75
2025-11-25 14:00:00,1272.75
2025-11-25 14:15:00,1272.75
2025-11-25 14:30:00,1272.75
2025-11-25 14:45:00,1272.75
2025-11-25 15:00:00,1308.672
2025-11-25 15:15:00,1434.45
2025-11-25 15:30:00,1282.761
2025-11-25 15:45:00,1385.11
2025-11-25 16:00:00,1552.356
2025-11-25 16:15:00,1753.762
2025-11-25 16:30:00,1717.979
2025-11-25 16:45:00,2201.005
2025-11-25 17:00:00,2352.146
2025-11-25 17:15:00,2274.64
2025-11-25 17:30:00,2455.607
2025-11-25 17:45:00,2476.488
2025-11-25 18:00:00,2459.654
2025-11-25 18:15:00,2219.571
2025-11-25 18:30:00,2253.014
2025-11-25 18:45:00,2205.784
2025-11-25 19:00:00,2144.355
2025-11-25 19:15:00,2041.106
2025-11-25 19:30:00,1925.012
2025-11-25 19:45:00,1954.127
2025-11-25 20:00:00,2064.966
2025-11-25 20:15:00,2031.72
2025-11-25 20:30:00,2040.188
2025-11-25 20:45:00,1955.164
2025-11-25 21:00:00,2110.513
2025-11-25 21:15:00,1904.712
2025-11-25 21:30:00,1877.164
2025-11-25 21:45:00,1781.951
2025-11-25 22:00:00,1768.603
2025-11-25 22:15:00,1603.462
2025-11-25 22:30:00,1662.672
2025-11-25 22:45:00,1613.741
2025-11-25 23:00:00,1549.607
2025-11-25 23:15:00,1412.608
2025-11-25 23:30:00,1369.25
2025-11-25 23:45:00,1500.16
2025-11-26 00:00:00,1980.323
2025-11-26 00:15:00,2054.564
2025-11-26 00:30:00,1891.958
2025-11-26 00:45:00,1833.758
2025-11-26 01:00:00,1755.216
2025-11-26 01:15:00,1676.836
2025-11-26 01:30:00,1645.503
2025-11-26 01:45:00,1611.958
2025-11-26 02:00:00,1682.242
2025-11-26 02:15:00,1639.465
2025-11-26 02:30:00,1576.381
2025-11-26 02:45:00,1517.155
2025-11-26 03:00:00,1512.386
2025-11-26 03:15:00,1500.614
2025-11-26 03:30:00,1484.858
2025-11-26 03:45:00,1398.649
2025-11-26 04:00:00,1384.75
2025-11-26 04:15:00,1384.75
2025-11-26 04:30:00,1391.945
2025-11-26 04:45:00,1408.175
2025-11-26 05:00:00,1445.559
2025-11-26 05:15:00,1437.771
2025-11-26 05:30:00,1471.932
2025-11-26 05:45:00,1401.41
2025-11-26 06:00:00,1377.746
2025-11-26 06:15:00,1410.554
2025-11-26 06:30:00,1598.073
2025-11-26 06:45:00,1687.59
2025-11-26 07:00:00,1661.745
2025-11-26 07:15:00,1764.054
2025-11-26 07:30:00,1862.477
2025-11-26 07:45:00,1947.112
2025-11-26 08:00:00,2024.985
2025-11-26 08:15:00,2096.893
2025-11-26 08:30:00,1905.356
2025-11-26 08:45:00,1753.245
2025-11-26 09:00:00,1531.031
2025-11-26 09:15:00,1380.788
2025-11-26 09:30:00,1296.141
2025-11-26 09:45:00,1292.75
2025-11-26 10:00:00,1288.454
2025-11-26 10:15:00,1280.25
2025-11-26 10:30:00,1282.272
2025-11-26 10:45:00,1280.25
2025-11-26 11:00:00,1280.25
2025-11-26 11:15:00,1280.25
2025-11-26 11:30:00,1346.795
2025-11-26 11:45:00,1280.25
2025-11-26 12:00:00,1629.149
2025-11-26 12:15:00,1401.142
2025-11-26 12:30:00,1447.617
2025-11-26 12:45:00,1367.414
2025-11-26 13:00:00,1425.115
2025-11-26 13:15:00,1329.15
2025-11-26 13:30:00,1331.148
2025-11-26 13:45:00,1272.75
2025-11-26 14:00:00,1267.75
2025-11-26 14:15:00,1267.75
2025-11-26 14:30:00,1267.75
2025-11-26 14:45:00,1305.925
2025-11-26 15:00:00,1492.284
2025-11-26 15:15:00,1297.881
2025-11-26 15:30:00,1615.507
2025-11-26 15:45:00,1669.962
2025-11-26 16:00:00,1865.908
2025-11-26 16:15:00,1860.032
2025-11-26 16:30:00,2147.421
2025-11-26 16:45:00,2217.539
2025-11-26 17:00:00,2307.991
2025-11-26 17:15:00,2137.176
2025-11-26 17:30:00,2224.269
2025-11-26 17:45:00,2174.247
2025-11-26 18:00:00,2109.432
2025-11-26 18:15:00,1886.92
2025-11-26 18:30:00,1865.599
2025-11-26 18:45:00,1586.58
2025-11-26 19:00:00,1598.993
2025-11-26 19:15:00,1667.841
2025-11-26 19:30:00,1628.498
2025-11-26 19:45:00,1525.73
2025-11-26 20:00:00,1605.899
2025-11-26 20:15:00,1595.2
2025-11-26 20:30:00,1594.629
2025-11-26 20:45:00,1572.722
2025-11-26 21:00:00,1592.425
2025-11-26 21:15:00,1526.894
2025-11-26 21:30:00,1483.508
2025-11-26 21:45:00,1478.195
2025-11-26 22:00:00,1544.396
2025-11-26 22:15:00,1633.744
2025-11-26 22:30:00,1550.341
2025-11-26 22:45:00,1468.89
2025-11-26 23:00:00,1482.474
2025-11-26 23:15:00,1608.17
2025-11-26 23:30:00,1525.922
2025-11-26 23:45:00,1414.757
2025-11-27 00:00:00,1477.151
2025-11-27 00:15:00,1600.746
2025-11-27 00:30:00,1697.913
2025-11-27 00:45:00,1684.633
2025-11-27 01:00:00,1604.57
2025-11-27 01:15:00,1496.64
2025-11-27 01:30:00,1383.099
2025-11-27 01:45:00,1291.726
2025-11-27 02:00:00,1241.188
2025-11-27 02:15:00,1228.692
2025-11-27 02:30:00,1222.75
2025-11-27 02:45:00,1222.75
2025-11-27 03:00:00,1222.75
2025-11-27 03:15:00,1222.75
2025-11-27 03:30:00,1222.75
2025-11-27 03:45:00,1222.75
2025-11-27 04:00:00,1222.75
2025-11-27 04:15:00,1222.75
2025-11-27 04:30:00,1222.75
2025-11-27 04:45:00,1222.75
2025-11-27 05:00:00,1222.75
2025-11-27 05:15:00,1222.75
2025-11-27 05:30:00,1253.376
2025-11-27 05:45:00,1232.501
2025-11-27 06:00:00,1352.182
2025-11-27 06:15:00,1456.256
2025-11-27 06:30:00,1588.027
2025-11-27 06:45:00,1759.023
2025-11-27 07:00:00,1766.549
2025-11-27 07:15:00,1796.784
2025-11-27 07:30:00,1816.565
2025-11-27 07:45:00,1749.794
2025-11-27 08:00:00,1703.05
2025-11-27 08:15:00,1673.155
2025-11-27 08:30:00,1699.128
2025-11-27 08:45:00,1655.729
2025-11-27 09:00:00,1410.884
2025-11-27 09:15:00,1342.116
2025-11-27 09:30:00,1227.966
2025-11-27 09:45:00,1227.75
2025-11-27 10:00:00,1222.75
2025-11-27 10:15:00,1222.75
2025-11-27 10:30:00,1222.75
2025-11-27 10:45:00,1222.75
2025-11-27 11:00:00,1222.75
2025-11-27 11:15:00,1222.75
2025-11-27 11:30:00,1222.75
2025-11-27 11:45:00,1222.75
2025-11-27 12:00:00,1222.75
2025-11-27 12:15:00,1247.75
2025-11-27 12:30:00,1247.75
2025-11-27 12:45:00,1247.75
2025-11-27 13:00:00,1247.75
2025-11-27 13:15:00,1247.75
2025-11-27 13:30:00,1222.75
2025-11-27 13:45:00,1222.75
2025-11-27 14:00:00,1215.25
2025-11-27 14:15:00,1215.25
2025-11-27 14:30:00,1215.25
2025-11-27 14:45:00,1215.25
2025-11-27 15:00:00,1305.892
2025-11-27 15:15:00,1341.681
2025-11-27 15:30:00,1364.786
2025-11-27 15:45:00,1391.153
2025-11-27 16:00:00,2205.903
2025-11-27 16:15:00,2150.225
2025-11-27 16:30:00,2059.479
2025-11-27 16:45:00,2046.032
2025-11-27 17:00:00,2010.735
2025-11-27 17:15:00,2111.413
2025-11-27 17:30:00,2385.868
2025-11-27 17:45:00,2205.78
2025-11-27 18:00:00,2242.529
2025-11-27 18:15:00,2068.299
2025-11-27 18:30:00,2042.875
2025-11-27 18:45:00,1940.361
2025-11-27 19:00:00,1778.147
2025-11-27 19:15:00,1674.92
2025-11-27 19:30:00,1679.681
2025-11-27 19:45:00,1594.837
2025-11-27 20:00:00,1562.052
2025-11-27 20:15:00,1562.004
2025-11-27 20:30:00,1594.968
2025-11-27 20:45:00,1549.205
2025-11-27 21:00:00,1616.259
2025-11-27 21:15:00,1548.739
2025-11-27 21:30:00,1506.268
2025-11-27 21:45:00,1507.236
2025-11-27 22:00:00,1435.115
2025-11-27 22:15:00,1389.496
2025-11-27 22:30:00,1523.653
2025-11-27 22:45:00,1418.24
2025-11-27 23:00:00,1305.587
2025-11-27 23:15:00,1272.291
2025-11-27 23:30:00,1436.81
2025-11-27 23:45:00,1558.902
2025-11-28 00:00:00,2122.628
2025-11-28 00:15:00,2272.776
2025-11-28 00:30:00,2264.945
2025-11-28 00:45:00,2223.673
2025-11-28 01:00:00,2167.049
2025-11-28 01:15:00,2100.82
2025-11-28 01:30:00,2046.079
2025-11-28 01:45:00,2010.05
2025-11-28 02:00:00,1989.025
2025-11-28 02:15:00,1931.946
2025-11-28 02:30:00,1897.461
2025-11-28 02:45:00,1870.54
2025-11-28 03:00:00,1813.709
2025-11-28 03:15:00,1787.526
2025-11-28 03:30:00,1761.392
2025-11-28 03:45:00,1716.97
2025-11-28 04:00:00,1715.568
2025-11-28 04:15:00,1707.317
2025-11-28 04:30:00,1728.918
2025-11-28 04:45:00,1748.611
2025-11-28 05:00:00,1789.817
2025-11-28 05:15:00,1769.668
2025-11-28 05:30:00,1793.68
2025-11-28 05:45:00,1811.772
2025-11-28 06:00:00,1788.5
2025-11-28 06:15:00,1895.72
2025-11-28 06:30:00,2119.125
2025-11-28 06:45:00,2174.931
2025-11-28 07:00:00,2283.576
2025-11-28 07:15:00,2388.915
2025-11-28 07:30:00,2529.833
2025-11-28 07:45:00,2592.823
2025-11-28 08:00:00,2370.915
2025-11-28 08:15:00,2330.117
2025-11-28 08:30:00,2525.906
2025-11-28 08:45:00,2504.366
2025-11-28 09:00:00,2282.275
2025-11-28 09:15:00,1991.878
2025-11-28 09:30:00,1681.609
2025-11-28 09:45:00,1396.186
2025-11-28 10:00:00,1570.295
2025-11-28 10:15:00,1546.933
2025-11-28 10:30:00,1672.948
2025-11-28 10:45:00,1513.256
2025-11-28 11:00:00,1608.207
2025-11-28 11:15:00,1525.585
2025-11-28 11:30:00,1548.052
2025-11-28 11:45:00,1327.75
2025-11-28 12:00:00,1594.717
2025-11-28 12:15:00,1556.299
2025-11-28 12:30:00,1627.077
2025-11-28 12:45:00,1466.144
2025-11-28 13:00:00,1562.709
2025-11-28 13:15:00,1400.036
2025-11-28 13:30:00,1404.174
2025-11-28 13:45:00,1294.5
2025-11-28 14:00:00,1294.5
2025-11-28 14:15:00,1294.5
2025-11-28 14:30:00,1388.225
2025-11-28 14:45:00,1507.211
2025-11-28 15:00:00,1569.018
2025-11-28 15:15:00,1740.499
2025-11-28 15:30:00,1911.364
2025-11-28 15:45:00,1923.604
2025-11-28 16:00:00,2254.806
2025-11-28 16:15:00,2108.313
2025-11-28 16:30:00,2185.376
2025-11-28 16:45:00,2308.681
2025-11-28 17:00:00,2726.081
2025-11-28 17:15:00,2771.21
2025-11-28 17:30:00,3020.082
2025-11-28 17:45:00,2672.317
2025-11-28 18:00:00,2680.612
2025-11-28 18:15:00,2537.598
2025-11-28 18:30:00,2550.086
2025-11-28 18:45:00,2462.135
2025-11-28 19:00:00,2420.997
2025-11-28 19:15:00,2388.812
2025-11-28 19:30:00,2395.139
2025-11-28 19:45:00,2307.195
2025-11-28 20:00:00,2401.884
2025-11-28 20:15:00,2348.652
2025-11-28 20:30:00,2387.533
2025-11-28 20:45:00,2286.916
2025-11-28 21:00:00,2277.401
2025-11-28 21:15:00,2210.599
2025-11-28 21:30:00,2092.061
2025-11-28 21:45:00,2005.819
2025-11-28 22:00:00,2011.828
2025-11-28 22:15:00,1909.682
2025-11-28 22:30:00,1794.678
2025-11-28 22:45:00,1934.043
2025-11-28 23:00:00,1864.235
2025-11-28 23:15:00,1829.978
2025-11-28 23:30:00,1858.044
2025-11-28 23:45:00,1903.193
2025-11-29 00:00:00,2349.881
2025-11-29 00:15:00,2301.378
2025-11-29 00:30:00,2446.246
2025-11-29 00:45:00,2451.298
2025-11-29 01:00:00,2576.948
2025-11-29 01:15:00,2509.796
2025-11-29 01:30:00,2359.891
2025-11-29 01:45:00,2284.987
2025-11-29 02:00:00,2351.657
2025-11-29 02:15:00,2183.686
2025-11-29 02:30:00,2112.232
2025-11-29 02:45:00,1987.903
2025-11-29 03:00:00,2010.08
2025-11-29 03:15:00,1966.551
2025-11-29 03:30:00,1918.465
2025-11-29 03:45:00,1869.893
2025-11-29 04:00:00,1930.721
2025-11-29 04:15:00,1937.723
2025-11-29 04:30:00,1961.214
2025-11-29 04:45:00,1955.622
2025-11-29 05:00:00,1978.186
2025-11-29 05:15:00,1878.777
2025-11-29 05:30:00,1841.148
2025-11-29 05:45:00,1784.158
2025-11-29 06:00:00,1781.388
2025-11-29 06:15:00,1796.74
2025-11-29 06:30:00,1972.637
2025-11-29 06:45:00,1938.956
2025-11-29 07:00:00,2059.804
2025-11-29 07:15:00,1920.492
2025-11-29 07:30:00,2195.811
2025-11-29 07:45:00,2321.037
2025-11-29 08:00:00,2367.684
2025-11-29 08:15:00,2443.417
2025-11-29 08:30:00,2553.252
2025-11-29 08:45:00,2418.083
2025-11-29 09:00:00,2117.321
2025-11-29 09:15:00,1877.227
2025-11-29 09:30:00,1690.234
2025-11-29 09:45:00,1469.183
2025-11-29 10:00:00,1416.145
2025-11-29 10:15:00,1373.5
2025-11-29 10:30:00,1373.5
2025-11-29 10:45:00,1373.5
2025-11-29 11:00:00,1389.75
2025-11-29 11:15:00,1389.75
2025-11-29 11:30:00,1389.75
2025-11-29 11:45:00,1389.75
2025-11-29 12:00:00,1573.104
2025-11-29 12:15:00,1526.929
2025-11-29 12:30:00,1528.855
2025-11-29 12:45:00,1410.766
2025-11-29 13:00:00,1389.75
2025-11-29 13:15:00,1389.75
2025-11-29 13:30:00,1389.75
2025-11-29 13:45:00,1389.75
2025-11-29 14:00:00,1389.75
2025-11-29 14:15:00,1389.75
2025-11-29 14:30:00,1404.75
2025-11-29 14:45:00,1467.363
2025-11-29 15:00:00,1769.087
2025-11-29 15:15:00,1813.571
2025-11-29 15:30:00,2038.243
2025-11-29 15:45:00,2165.213
2025-11-29 16:00:00,2300.302
2025-11-29 16:15:00,2286.97
2025-11-29 16:30:00,2400.465
2025-11-29 16:45:00,2536.768
2025-11-29 17:00:00,2560.079
2025-11-29 17:15:00,2658.953
2025-11-29 17:30:00,2688.458
2025-11-29 17:45:00,2541.721
2025-11-29 18:00:00,2503.485
2025-11-29 18:15:00,2329.692
2025-11-29 18:30:00,2176.524
2025-11-29 18:45:00,2143.822
2025-11-29 19:00:00,2082.791
2025-11-29 19:15:00,1972.36
2025-11-29 19:30:00,2145.542
2025-11-29 19:45:00,2099.247
2025-11-29 20:00:00,2117.052
2025-11-29 20:15:00,2002.754
2025-11-29 20:30:00,2041.649
2025-11-29 20:45:00,1924.53
2025-11-29 21:00:00,1907.201
2025-11-29 21:15:00,1772.798
2025-11-29 21:30:00,1644.983
2025-11-29 21:45:00,1472.25
2025-11-29 22:00:00,1459.5
2025-11-29 22:15:00,1459.5
2025-11-29 22:30:00,1459.5
2025-11-29 22:45:00,1459.5
2025-11-29 23:00:00,1452.0
2025-11-29 23:15:00,1452.0
2025-11-29 23:30:00,1452.0
2025-11-29 23:45:00,1470.915
2025-11-30 00:00:00,1847.271
2025-11-30 00:15:00,1925.788
2025-11-30 00:30:00,2109.394
2025-11-30 00:45:00,2157.349
2025-11-30 01:00:00,2016.663
2025-11-30 01:15:00,1863.454
2025-11-30 01:30:00,1811.487
2025-11-30 01:45:00,1750.73
2025-11-30 02:00:00,1556.682
2025-11-30 02:15:00,1485.503
2025-11-30 02:30:00,1433.112
2025-11-30 02:45:00,1388.5
2025-11-30 03:00:00,1388.5
2025-11-30 03:15:00,1388.5
2025-11-30 03:30:00,1388.5
2025-11-30 03:45:00,1388.5
2025-11-30 04:00:00,1398.196
2025-11-30 04:15:00,1436.166
2025-11-30 04:30:00,1446.114
2025-11-30 04:45:00,1465.337
2025-11-30 05:00:00,1502.034
2025-11-30 05:15:00,1473.5
2025-11-30 05:30:00,1512.636
2025-11-30 05:45:00,1563.5
2025-11-30 06:00:00,1576.0
2025-11-30 06:15:00,1576.0
2025-11-30 06:30:00,1637.887
2025-11-30 06:45:00,1606.929
2025-11-30 07:00:00,1643.551
2025-11-30 07:15:00,1576.0
2025-11-30 07:30:00,1677.208
2025-11-30 07:45:00,1641.283
2025-11-30 08:00:00,1739.634
2025-11-30 08:15:00,1979.147
2025-11-30 08:30:00,1944.784
2025-11-30 08:45:00,1802.574
2025-11-30 09:00:00,1604.324
2025-11-30 09:15:00,1576.0
2025-11-30 09:30:00,1531.0
2025-11-30 09:45:00,1488.318
2025-11-30 10:00:00,1443.318
2025-11-30 10:15:00,1401.0
2025-11-30 10:30:00,1401.0
2025-11-30 10:45:00,1401.0
2025-11-30 11:00:00,1401.0
2025-11-30 11:15:00,1401.0
2025-11-30 11:30:00,1401.0
2025-11-30 11:45:00,1401.0
2025-11-30 12:00:00,1401.0
2025-11-30 12:15:00,1401.0
2025-11-30 12:30:00,1401.0
2025-11-30 12:45:00,1401.0
2025-11-30 13:00:00,1401.0
2025-11-30 13:15:00,1401.0
2025-11-30 13:30:00,1401.0
2025-11-30 13:45:00,1401.0
2025-11-30 14:00:00,1401.0
2025-11-30 14:15:00,1401.0
2025-11-30 14:30:00,1401.0
2025-11-30 14:45:00,1401.0
2025-11-30 15:00:00,1626.729
2025-11-30 15:15:00,1670.414
2025-11-30 15:30:00,2035.218
2025-11-30 15:45:00,2119.542
2025-11-30 16:00:00,2099.787
2025-11-30 16:15:00,2076.108
2025-11-30 16:30:00,2294.702
2025-11-30 16:45:00,2439.408
2025-11-30 17:00:00,2511.651
2025-11-30 17:15:00,2416.773
2025-11-30 17:30:00,2459.53
2025-11-30 17:45:00,2262.897
2025-11-30 18:00:00,2303.617
2025-11-30 18:15:00,2239.806
2025-11-30 18:30:00,2230.448
2025-11-30 18:45:00,2151.109
2025-11-30 19:00:00,2074.785
2025-11-30 19:15:00,1966.519
2025-11-30 19:30:00,2104.747
2025-11-30 19:45:00,2030.777
2025-11-30 20:00:00,2205.351
2025-11-30 20:15:00,2141.297
2025-11-30 20:30:00,2162.141
2025-11-30 20:45:00,2085.035
2025-11-30 21:00:00,2142.315
2025-11-30 21:15:00,1931.195
2025-11-30 21:30:00,1883.056
2025-11-30 21:45:00,1739.257
2025-11-30 22:00:00,1664.315
2025-11-30 22:15:00,1550.84
2025-11-30 22:30:00,1613.32
2025-11-30 22:45:00,1497.476
2025-11-30 23:00:00,1492.301
2025-11-30 23:15:00,1480.542
2025-11-30 23:30:00,1529.146
2025-11-30 23:45:00,1661.131
2025-12-01 00:00:00,1892.585
2025-12-01 00:15:00,1930.957
2025-12-01 00:30:00,2030.816
2025-12-01 00:45:00,2094.344
2025-12-01 01:00:00,1973.648
2025-12-01 01:15:00,1875.504
2025-12-01 01:30:00,1759.286
2025-12-01 01:45:00,1675.41
2025-12-01 02:00:00,1618.292
2025-12-01 02:15:00,1593.724
2025-12-01 02:30:00,1496.421
2025-12-01 02:45:00,1445.736
2025-12-01 03:00:00,1469.254
2025-12-01 03:15:00,1459.187
2025-12-01 03:30:00,1482.685
2025-12-01 03:45:00,1547.351
2025-12-01 04:00:00,1586.838
2025-12-01 04:15:00,1620.494
2025-12-01 04:30:00,1637.409
2025-12-01 04:45:00,1646.549
2025-12-01 05:00:00,1581.004
2025-12-01 05:15:00,1637.873
2025-12-01 05:30:00,1628.697
2025-12-01 05:45:00,1620.884
2025-12-01 06:00:00,1831.0
2025-12-01 06:15:00,1960.372
2025-12-01 06:30:00,2095.654
2025-12-01 06:45:00,2360.615
2025-12-01 07:00:00,2317.592
2025-12-01 07:15:00,2297.156
2025-12-01 07:30:00,2395.434
2025-12-01 07:45:00,2310.963
2025-12-01 08:00:00,2332.693
2025-12-01 08:15:00,2312.267
2025-12-01 08:30:00,2252.669
2025-12-01 08:45:00,2333.571
2025-12-01 09:00:00,2168.119
2025-12-01 09:15:00,1980.31
2025-12-01 09:30:00,1723.386
2025-12-01 09:45:00,1577.012
2025-12-01 10:00:00,1603.839
2025-12-01 10:15:00,1459.125
2025-12-01 10:30:00,1590.029
2025-12-01 10:45:00,1392.5
2025-12-01 11:00:00,1489.835
2025-12-01 11:15:00,1469.132
2025-12-01 11:30:00,1476.807
2025-12-01 11:45:00,1419.661
2025-12-01 12:00:00,1525.275
2025-12-01 12:15:00,1384.75
2025-12-01 12:30:00,1402.14
2025-12-01 12:45:00,1384.75
2025-12-01 13:00:00,1384.75
2025-12-01 13:15:00,1384.75
2025-12-01 13:30:00,1482.622
2025-12-01 13:45:00,1454.709
2025-12-01 14:00:00,1384.75
2025-12-01 14:15:00,1385.241
2025-12-01 14:30:00,1535.941
2025-12-01 14:45:00,1570.984
2025-12-01 15:00:00,1787.947
2025-12-01 15:15:00,1896.805
2025-12-01 15:30:00,2296.893
2025-12-01 15:45:00,2258.09
2025-12-01 16:00:00,2231.329
2025-12-01 16:15:00,2204.46
2025-12-01 16:30:00,2662.1
2025-12-01 16:45:00,2804.245
2025-12-01 17:00:00,2850.67
2025-12-01 17:15:00,2683.085
2025-12-01 17:30:00,2657.609
2025-12-01 17:45:00,2556.813
2025-12-01 18:00:00,2496.84
2025-12-01 18:15:00,2340.468
2025-12-01 18:30:00,2326.071
2025-12-01 18:45:00,2077.212
2025-12-01 19:00:00,2078.664
2025-12-01 19:15:00,2037.209
2025-12-01 19:30:00,2018.132
2025-12-01 19:45:00,1999.51
2025-12-01 20:00:00,2206.067
2025-12-01 20:15:00,2111.706
2025-12-01 20:30:00,2085.0
2025-12-01 20:45:00,1974.615
2025-12-01 21:00:00,1913.7
2025-12-01 21:15:00,1842.044
2025-12-01 21:30:00,1732.203
2025-12-01 21:45:00,1580.726
2025-12-01 22:00:00,1548.634
2025-12-01 22:15:00,1464.659
2025-12-01 22:30:00,1413.783
2025-12-01 22:45:00,1596.701
2025-12-01 23:00:00,1555.267
2025-12-01 23:15:00,1510.082
2025-12-01 23:30:00,1427.632
2025-12-01 23:45:00,1414.744
2025-12-02 00:00:00,1678.188
2025-12-02 00:15:00,1692.307
2025-12-02 00:30:00,1535.704
2025-12-02 00:45:00,1487.301
2025-12-02 01:00:00,1604.149
2025-12-02 01:15:00,1568.052
2025-12-02 01:30:00,1542.694
2025-12-02 01:45:00,1552.582
2025-12-02 02:00:00,1622.951
2025-12-02 02:15:00,1572.029
2025-12-02 02:30:00,1525.959
2025-12-02 02:45:00,1520.545
2025-12-02 03:00:00,1556.026
2025-12-02 03:15:00,1526.038
2025-12-02 03:30:00,1630.957
2025-12-02 03:45:00,1630.263
2025-12-02 04:00:00,1603.425
2025-12-02 04:15:00,1584.66
2025-12-02 04:30:00,1561.726
2025-12-02 04:45:00,1497.993
2025-12-02 05:00:00,1523.21
2025-12-02 05:15:00,1430.994
2025-12-02 05:30:00,1377.189
2025-12-02 05:45:00,1341.0
2025-12-02 06:00:00,1386.0
2025-12-02 06:15:00,1431.482
2025-12-02 06:30:00,1660.808
2025-12-02 06:45:00,1487.5
2025-12-02 07:00:00,1498.5
2025-12-02 07:15:00,1510.476
2025-12-02 07:30:00,1579.334
2025-12-02 07:45:00,1669.704
2025-12-02 08:00:00,1658.044
2025-12-02 08:15:00,1619.322
2025-12-02 08:30:00,1559.346
2025-12-02 08:45:00,1559.346
2025-12-02 09:00:00,1559.346
2025-12-02 09:15:00,1559.346
2025-12-02 09:30:00,2455.789
2025-12-02 09:45:00,2672.305
2025-12-02 10:00:00,2400.722
2025-12-02 10:15:00,2207.633
2025-12-02 10:30:00,2284.452
2025-12-02 10:45:00,2230.917
2025-12-02 11:00:00,2388.405
2025-12-02 11:15:00,2287.179
2025-12-02 11:30:00,2200.28
2025-12-02 11:45:00,1868.524
2025-12-02 12:00:00,2179.913
2025-12-02 12:15:00,2162.916
2025-12-02 12:30:00,2123.266
2025-12-02 12:45:00,2068.497
2025-12-02 13:00:00,2161.949
2025-12-02 13:15:00,2077.129
2025-12-02 13:30:00,2135.63
2025-12-02 13:45:00,1991.684
2025-12-02 14:00:00,2067.632
2025-12-02 14:15:00,1927.047
2025-12-02 14:30:00,1950.346
2025-12-02 14:45:00,1926.455
2025-12-02 15:00:00,1791.329
2025-12-02 15:15:00,1789.234
2025-12-02 15:30:00,1893.527
2025-12-02 15:45:00,1823.377
2025-12-02 16:00:00,1884.463
2025-12-02 16:15:00,1884.074
2025-12-02 16:30:00,1967.173
2025-12-02 16:45:00,1950.245
2025-12-02 17:00:00,1994.356
2025-12-02 17:15:00,1876.535
2025-12-02 17:30:00,1926.626
2025-12-02 17:45:00,1988.298
2025-12-02 18:00:00,1915.332
2025-12-02 18:15:00,1777.311
2025-12-02 18:30:00,1616.154
2025-12-02 18:45:00,1497.062
2025-12-02 19:00:00,1497.613
2025-12-02 19:15:00,1355.712
2025-12-02 19:30:00,1497.05
2025-12-02 19:45:00,1446.662
2025-12-02 20:00:00,1674.019
2025-12-02 20:15:00,1586.702
2025-12-02 20:30:00,1593.022
2025-12-02 20:45:00,1663.718
2025-12-02 21:00:00,1696.863
2025-12-02 21:15:00,1697.924
2025-12-02 21:30:00,1666.94
2025-12-02 21:45:00,1619.995
2025-12-02 22:00:00,1502.285
2025-12-02 22:15:00,1451.419
2025-12-02 22:30:00,1399.898
2025-12-02 22:45:00,1306.5
2025-12-02 23:00:00,1306.5
2025-12-02 23:15:00,1306.5
2025-12-02 23:30:00,1306.5
2025-12-02 23:45:00,1306.75
2025-12-03 00:00:00,1640.88
2025-12-03 00:15:00,1792.642
2025-12-03 00:30:00,1732.047
2025-12-03 00:45:00,1666.056
2025-12-03 01:00:00,1657.605
2025-12-03 01:15:00,1471.935
2025-12-03 01:30:00,1519.294
2025-12-03 01:45:00,1507.473
2025-12-03 02:00:00,1426.91
2025-12-03 02:15:00,1530.586
2025-12-03 02:30:00,1558.959
2025-12-03 02:45:00,1596.706
2025-12-03 03:00:00,1577.462
2025-12-03 03:15:00,1532.705
2025-12-03 03:30:00,1460.038
2025-12-03 03:45:00,1481.628
2025-12-03 04:00:00,1484.092
2025-12-03 04:15:00,1490.445
2025-12-03 04:30:00,1499.114
2025-12-03 04:45:00,1543.455
2025-12-03 05:00:00,1531.968
2025-12-03 05:15:00,1457.321
2025-12-03 05:30:00,1445.422
2025-12-03 05:45:00,1467.283
2025-12-03 06:00:00,1458.063
2025-12-03 06:15:00,1520.688
2025-12-03 06:30:00,1549.409
2025-12-03 06:45:00,1618.81
2025-12-03 07:00:00,1738.505
2025-12-03 07:15:00,1824.918
2025-12-03 07:30:00,1951.817
2025-12-03 07:45:00,1993.966
2025-12-03 08:00:00,1828.724
2025-12-03 08:15:00,1796.936
2025-12-03 08:30:00,1905.181
2025-12-03 08:45:00,1988.408
2025-12-03 09:00:00,1786.502
2025-12-03 09:15:00,1731.669
2025-12-03 09:30:00,1597.816
2025-12-03 09:45:00,1549.278
2025-12-03 10:00:00,1442.318
2025-12-03 10:15:00,1466.508
2025-12-03 10:30:00,1425.668
2025-12-03 10:45:00,1324.0
2025-12-03 11:00:00,1343.057
2025-12-03 11:15:00,1311.5
2025-12-03 11:30:00,1311.5
2025-12-03 11:45:00,1299.0
2025-12-03 12:00:00,1328.486
2025-12-03 12:15:00,1429.159
2025-12-03 12:30:00,1481.941
2025-12-03 12:45:00,1473.609
2025-12-03 13:00:00,1523.153
2025-12-03 13:15:00,1398.236
2025-12-03 13:30:00,1299.0
2025-12-03 13:45:00,1317.96
2025-12-03 14:00:00,1346.25
2025-12-03 14:15:00,1358.75
2025-12-03 14:30:00,1358.75
2025-12-03 14:45:00,1371.25
2025-12-03 15:00:00,1637.897
2025-12-03 15:15:00,1791.548
2025-12-03 15:30:00,1672.086
2025-12-03 15:45:00,1632.208
2025-12-03 16:00:00,1828.167
2025-12-03 16:15:00,1865.254
2025-12-03 16:30:00,2096.57
2025-12-03 16:45:00,2217.569
2025-12-03 17:00:00,2206.952
2025-12-03 17:15:00,2021.478
2025-12-03 17:30:00,2064.749
2025-12-03 17:45:00,2048.452
2025-12-03 18:00:00,2051.047
2025-12-03 18:15:00,1952.323
2025-12-03 18:30:00,1953.578
2025-12-03 18:45:00,1690.988
2025-12-03 19:00:00,1791.647
2025-12-03 19:15:00,1778.066
2025-12-03 19:30:00,1774.522
2025-12-03 19:45:00,1753.765
2025-12-03 20:00:00,1838.632
2025-12-03 20:15:00,1783.9
2025-12-03 20:30:00,1897.548
2025-12-03 20:45:00,1829.863
2025-12-03 21:00:00,1826.298
2025-12-03 21:15:00,1806.228
2025-12-03 21:30:00,1820.53
2025-12-03 21:45:00,1832.157
2025-12-03 22:00:00,1901.726
2025-12-03 22:15:00,1890.816
2025-12-03 22:30:00,1819.321
2025-12-03 22:45:00,1787.409
2025-12-03 23:00:00,1711.013
2025-12-03 23:15:00,1484.155
2025-12-03 23:30:00,1535.999
2025-12-03 23:45:00,1539.01
2025-12-04 00:00:00,2002.322
2025-12-04 00:15:00,2175.675
2025-12-04 00:30:00,2157.08
2025-12-04 00:45:00,2045.352
2025-12-04 01:00:00,1842.745
2025-12-04 01:15:00,1923.685
2025-12-04 01:30:00,1884.842
2025-12-04 01:45:00,1885.842
2025-12-04 02:00:00,1886.847
2025-12-04 02:15:00,1931.362
2025-12-04 02:30:00,2016.043
2025-12-04 02:45:00,1976.024
2025-12-04 03:00:00,2027.489
2025-12-04 03:15:00,1997.326
2025-12-04 03:30:00,1967.802
2025-12-04 03:45:00,1992.268
2025-12-04 04:00:00,1943.15
2025-12-04 04:15:00,1957.256
2025-12-04 04:30:00,1910.163
2025-12-04 04:45:00,1919.759
2025-12-04 05:00:00,1972.686
2025-12-04 05:15:00,1905.163
2025-12-04 05:30:00,1892.011
2025-12-04 05:45:00,1838.053
2025-12-04 06:00:00,1921.135
2025-12-04 06:15:00,2058.222
2025-12-04 06:30:00,2356.365
2025-12-04 06:45:00,2373.597
2025-12-04 07:00:00,2608.388
2025-12-04 07:15:00,2730.201
2025-12-04 07:30:00,2924.748
2025-12-04 07:45:00,3094.911
2025-12-04 08:00:00,3188.605
2025-12-04 08:15:00,3253.186
2025-12-04 08:30:00,3269.073
2025-12-04 08:45:00,3241.963
2025-12-04 09:00:00,3224.969
2025-12-04 09:15:00,3121.82
2025-12-04 09:30:00,3101.094
2025-12-04 09:45:00,2885.93
2025-12-04 10:00:00,2836.781
2025-12-04 10:15:00,2772.165
2025-12-04 10:30:00,2806.164
2025-12-04 10:45:00,2744.079
2025-12-04 11:00:00,2878.04
2025-12-04 11:15:00,2724.614
2025-12-04 11:30:00,2625.581
2025-12-04 11:45:00,2515.114
2025-12-04 12:00:00,2869.167
2025-12-04 12:15:00,2780.147
2025-12-04 12:30:00,2839.513
2025-12-04 12:45:00,2765.387
2025-12-04 13:00:00,2863.715
2025-12-04 13:15:00,2784.035
2025-12-04 13:30:00,2785.48
2025-12-04 13:45:00,2604.33
2025-12-04 14:00:00,2595.822
2025-12-04 14:15:00,2571.494
2025-12-04 14:30:00,2709.955
2025-12-04 14:45:00,2665.428
2025-12-04 15:00:00,2765.46
2025-12-04 15:15:00,2917.05
2025-12-04 15:30:00,2939.767
2025-12-04 15:45:00,2747.077
2025-12-04 16:00:00,2763.076
2025-12-04 16:15:00,2748.642
2025-12-04 16:30:00,2896.061
2025-12-04 16:45:00,2815.208
2025-12-04 17:00:00,3143.746
2025-12-04 17:15:00,2996.948
2025-12-04 17:30:00,3114.773
2025-12-04 17:45:00,3046.02
2025-12-04 18:00:00,3168.091
2025-12-04 18:15:00,2901.288
2025-12-04 18:30:00,2902.271
2025-12-04 18:45:00,2791.909
2025-12-04 19:00:00,2743.143
2025-12-04 19:15:00,2612.183
2025-12-04 19:30:00,2583.679
2025-12-04 19:45:00,2477.336
2025-12-04 20:00:00,2468.285
2025-12-04 20:15:00,2445.562
2025-12-04 20:30:00,2427.302
2025-12-04 20:45:00,2454.883
2025-12-04 21:00:00,2376.173
2025-12-04 21:15:00,2271.323
2025-12-04 21:30:00,2293.601
2025-12-04 21:45:00,2284.056
2025-12-04 22:00:00,2203.935
2025-12-04 22:15:00,2104.508
2025-12-04 22:30:00,2137.203
2025-12-04 22:45:00,2026.59
2025-12-04 23:00:00,2051.77
2025-12-04 23:15:00,1872.678
2025-12-04 23:30:00,1817.079
2025-12-04 23:45:00,1735.394
2025-12-05 00:00:00,2225.518
2025-12-05 00:15:00,2329.232
2025-12-05 00:30:00,2259.251
2025-12-05 00:45:00,2115.084
2025-12-05 01:00:00,1981.833
2025-12-05 01:15:00,2150.293
2025-12-05 01:30:00,2215.396
2025-12-05 01:45:00,2257.564
2025-12-05 02:00:00,2217.938
2025-12-05 02:15:00,2187.903
2025-12-05 02:30:00,2029.952
2025-12-05 02:45:00,1967.931
2025-12-05 03:00:00,1968.847
2025-12-05 03:15:00,1910.581
2025-12-05 03:30:00,1903.819
2025-12-05 03:45:00,1836.718
2025-12-05 04:00:00,1874.444
2025-12-05 04:15:00,1869.088
2025-12-05 04:30:00,1910.761
2025-12-05 04:45:00,1923.093
2025-12-05 05:00:00,1969.248
2025-12-05 05:15:00,1927.504
2025-12-05 05:30:00,1882.567
2025-12-05 05:45:00,1732.517
2025-12-05 06:00:00,1677.246
2025-12-05 06:15:00,1776.537
2025-12-05 06:30:00,1771.67
2025-12-05 06:45:00,1882.168
2025-12-05 07:00:00,2105.775
2025-12-05 07:15:00,2224.761
2025-12-05 07:30:00,2527.425
2025-12-05 07:45:00,2724.418
2025-12-05 08:00:00,2925.093
2025-12-05 08:15:00,3083.124
2025-12-05 08:30:00,3016.077
2025-12-05 08:45:00,2905.845
2025-12-05 09:00:00,2794.601
2025-12-05 09:15:00,3198.092
2025-12-05 09:30:00,3178.51
2025-12-05 09:45:00,3023.72
2025-12-05 10:00:00,2654.068
2025-12-05 10:15:00,2926.829
2025-12-05 10:30:00,2932.621
2025-12-05 10:45:00,2898.675
2025-12-05 11:00:00,2688.968
2025-12-05 11:15:00,2885.045
2025-12-05 11:30:00,3022.918
2025-12-05 11:45:00,3069.707
2025-12-05 12:00:00,3462.343
2025-12-05 12:15:00,3506.031
2025-12-05 12:30:00,3562.269
2025-12-05 12:45:00,3445.815
2025-12-05 13:00:00,3300.828
2025-12-05 13:15:00,3182.34
2025-12-05 13:30:00,3045.054
2025-12-05 13:45:00,3082.121
2025-12-05 14:00:00,2996.262
2025-12-05 14:15:00,3047.28
2025-12-05 14:30:00,3077.377
2025-12-05 14:45:00,2593.502
2025-12-05 15:00:00,2342.903
2025-12-05 15:15:00,2337.899
2025-12-05 15:30:00,2426.128
2025-12-05 15:45:00,2352.039
2025-12-05 16:00:00,2425.608
2025-12-05 16:15:00,2543.542
2025-12-05 16:30:00,2632.118
2025-12-05 16:45:00,2579.443
2025-12-05 17:00:00,2854.149
2025-12-05 17:15:00,2937.787
2025-12-05 17:30:00,2884.13
2025-12-05 17:45:00,2930.168
2025-12-05 18:00:00,2821.032
2025-12-05 18:15:00,2752.056
2025-12-05 18:30:00,2780.802
2025-12-05 18:45:00,2780.084
2025-12-05 19:00:00,2738.619
2025-12-05 19:15:00,2711.274
2025-12-05 19:30:00,2773.286
2025-12-05 19:45:00,2780.665
2025-12-05 20:00:00,2867.844
2025-12-05 20:15:00,2824.203
2025-12-05 20:30:00,2745.975
2025-12-05 20:45:00,2781.656
2025-12-05 21:00:00,2822.284
2025-12-05 21:15:00,2924.32
2025-12-05 21:30:00,2850.21
2025-12-05 21:45:00,2915.763
2025-12-05 22:00:00,2810.676
2025-12-05 22:15:00,2803.454
2025-12-05 22:30:00,2803.879
2025-12-05 22:45:00,2757.104
2025-12-05 23:00:00,2712.036
2025-12-05 23:15:00,2772.437
2025-12-05 23:30:00,2718.211
2025-12-05 23:45:00,2636.653
2025-12-06 00:00:00,2959.734
2025-12-06 00:15:00,3037.551
2025-12-06 00:30:00,2968.674
2025-12-06 00:45:00,2859.64
2025-12-06 01:00:00,2931.239
2025-12-06 01:15:00,2835.174
2025-12-06 01:30:00,2717.795
2025-12-06 01:45:00,2632.734
2025-12-06 02:00:00,2580.11
2025-12-06 02:15:00,2569.696
2025-12-06 02:30:00,2503.984
2025-12-06 02:45:00,2433.227
2025-12-06 03:00:00,2425.824
2025-12-06 03:15:00,2379.983
2025-12-06 03:30:00,2302.739
2025-12-06 03:45:00,2284.48
2025-12-06 04:00:00,2294.008
2025-12-06 04:15:00,2270.954
2025-12-06 04:30:00,2261.396
2025-12-06 04:45:00,2301.622
2025-12-06 05:00:00,2301.836
2025-12-06 05:15:00,2340.363
2025-12-06 05:30:00,2327.098
2025-12-06 05:45:00,2268.804
2025-12-06 06:00:00,2266.992
2025-12-06 06:15:00,2376.189
2025-12-06 06:30:00,2497.835
2025-12-06 06:45:00,2385.152
2025-12-06 07:00:00,2363.243
2025-12-06 07:15:00,2451.133
2025-12-06 07:30:00,2715.537
2025-12-06 07:45:00,3237.078
2025-12-06 08:00:00,3381.574
2025-12-06 08:15:00,3370.674
2025-12-06 08:30:00,3272.188
2025-12-06 08:45:00,3114.519
2025-12-06 09:00:00,2820.328
2025-12-06 09:15:00,2934.059
2025-12-06 09:30:00,2511.332
2025-12-06 09:45:00,2272.852
2025-12-06 10:00:00,2201.866
2025-12-06 10:15:00,2071.984
2025-12-06 10:30:00,2093.935
2025-12-06 10:45:00,1924.408
2025-12-06 11:00:00,1908.501
2025-12-06 11:15:00,1996.965
2025-12-06 11:30:00,1822.858
2025-12-06 11:45:00,1706.738
2025-12-06 12:00:00,2061.446
2025-12-06 12:15:00,1965.577
2025-12-06 12:30:00,1720.764
2025-12-06 12:45:00,1608.532
2025-12-06 13:00:00,1741.918
2025-12-06 13:15:00,1631.144
2025-12-06 13:30:00,1630.923
2025-12-06 13:45:00,1493.73
2025-12-06 14:00:00,1553.496
2025-12-06 14:15:00,1663.168
2025-12-06 14:30:00,1717.112
2025-12-06 14:45:00,1722.973
2025-12-06 15:00:00,2051.997
2025-12-06 15:15:00,1881.472
2025-12-06 15:30:00,2027.326
2025-12-06 15:45:00,2069.692
2025-12-06 16:00:00,2072.385
2025-12-06 16:15:00,2213.531
2025-12-06 16:30:00,2508.002
2025-12-06 16:45:00,2786.178
2025-12-06 17:00:00,2786.732
2025-12-06 17:15:00,2758.713
2025-12-06 17:30:00,2648.016
2025-12-06 17:45:00,2781.046
2025-12-06 18:00:00,2550.635
2025-12-06 18:15:00,2535.717
2025-12-06 18:30:00,2462.605
2025-12-06 18:45:00,2447.785
2025-12-06 19:00:00,2420.339
2025-12-06 19:15:00,2438.406
2025-12-06 19:30:00,2391.278
2025-12-06 19:45:00,2413.513
2025-12-06 20:00:00,2433.375
2025-12-06 20:15:00,2539.382
2025-12-06 20:30:00,2579.932
2025-12-06 20:45:00,2547.799
2025-12-06 21:00:00,2571.039
2025-12-06 21:15:00,2488.64
2025-12-06 21:30:00,2508.926
2025-12-06 21:45:00,2531.508
2025-12-06 22:00:00,2512.238
2025-12-06 22:15:00,2539.219
2025-12-06 22:30:00,2475.417
2025-12-06 22:45:00,2425.404
2025-12-06 23:00:00,2635.133
2025-12-06 23:15:00,2594.697
2025-12-06 23:30:00,2494.725
2025-12-06 23:45:00,2640.696
2025-12-07 00:00:00,2783.787
2025-12-07 00:15:00,2792.409
2025-12-07 00:30:00,2819.132
2025-12-07 00:45:00,2856.49
2025-12-07 01:00:00,2731.072
2025-12-07 01:15:00,2582.829
2025-12-07 01:30:00,2531.938
2025-12-07 01:45:00,2439.22
2025-12-07 02:00:00,2375.944
2025-12-07 02:15:00,2306.312
2025-12-07 02:30:00,2220.944
2025-12-07 02:45:00,2193.776
2025-12-07 03:00:00,2131.671
2025-12-07 03:15:00,2102.71
2025-12-07 03:30:00,2091.052
2025-12-07 03:45:00,2067.456
2025-12-07 04:00:00,2020.896
2025-12-07 04:15:00,2047.772
2025-12-07 04:30:00,2041.228
2025-12-07 04:45:00,2048.327
2025-12-07 05:00:00,2054.746
2025-12-07 05:15:00,2056.641
2025-12-07 05:30:00,2079.099
2025-12-07 05:45:00,2020.11
2025-12-07 06:00:00,2055.112
2025-12-07 06:15:00,2080.479
2025-12-07 06:30:00,2139.023
2025-12-07 06:45:00,2277.035
2025-12-07 07:00:00,2132.383
2025-12-07 07:15:00,2213.399
2025-12-07 07:30:00,2393.422
2025-12-07 07:45:00,2521.689
2025-12-07 08:00:00,2657.021
2025-12-07 08:15:00,2811.212
2025-12-07 08:30:00,2803.158
2025-12-07 08:45:00,2709.571
2025-12-07 09:00:00,2789.422
2025-12-07 09:15:00,2928.904
2025-12-07 09:30:00,2786.036
2025-12-07 09:45:00,2606.425
2025-12-07 10:00:00,2592.569
2025-12-07 10:15:00,2564.182
2025-12-07 10:30:00,2638.031
2025-12-07 10:45:00,2678.032
2025-12-07 11:00:00,2732.027
2025-12-07 11:15:00,2565.042
2025-12-07 11:30:00,2866.928
2025-12-07 11:45:00,2436.567
2025-12-07 12:00:00,2813.11
2025-12-07 12:15:00,2799.74
2025-12-07 12:30:00,2723.24
2025-12-07 12:45:00,2719.658
2025-12-07 13:00:00,2841.794
2025-12-07 13:15:00,2572.873
2025-12-07 13:30:00,2610.754
2025-12-07 13:45:00,2480.279
2025-12-07 14:00:00,2442.761
2025-12-07 14:15:00,2113.969
2025-12-07 14:30:00,2136.847
2025-12-07 14:45:00,2145.495
2025-12-07 15:00:00,2328.841
2025-12-07 15:15:00,2393.969
2025-12-07 15:30:00,2527.776
2025-12-07 15:45:00,2505.423
2025-12-07 16:00:00,2420.522
2025-12-07 16:15:00,2572.087
2025-12-07 16:30:00,2673.266
2025-12-07 16:45:00,2868.131
2025-12-07 17:00:00,2998.633
2025-12-07 17:15:00,3034.309
2025-12-07 17:30:00,3208.046
2025-12-07 17:45:00,3130.138
2025-12-07 18:00:00,2967.092
2025-12-07 18:15:00,2877.741
2025-12-07 18:30:00,2802.82
2025-12-07 18:45:00,2702.103
2025-12-07 19:00:00,2671.957
2025-12-07 19:15:00,2570.49
2025-12-07 19:30:00,2600.608
2025-12-07 19:45:00,2514.362
2025-12-07 20:00:00,2443.313
2025-12-07 20:15:00,2467.555
2025-12-07 20:30:00,2485.975
2025-12-07 20:45:00,2385.152
2025-12-07 21:00:00,2343.438
2025-12-07 21:15:00,2222.107
2025-12-07 21:30:00,2139.811
2025-12-07 21:45:00,2023.952
2025-12-07 22:00:00,1949.097
2025-12-07 22:15:00,1721.724
2025-12-07 22:30:00,1500.327
2025-12-07 22:45:00,1492.75
2025-12-07 23:00:00,1492.75
2025-12-07 23:15:00,1492.75
2025-12-07 23:30:00,1639.389
2025-12-07 23:45:00,1853.707
2025-12-08 00:00:00,1755.78
2025-12-08 00:15:00,1882.378
2025-12-08 00:30:00,1888.667
2025-12-08 00:45:00,1749.514
2025-12-08 01:00:00,1720.735
2025-12-08 01:15:00,1741.055
2025-12-08 01:30:00,1733.759
2025-12-08 01:45:00,1800.683
2025-12-08 02:00:00,1838.933
2025-12-08 02:15:00,1794.447
2025-12-08 02:30:00,1590.813
2025-12-08 02:45:00,1548.808
2025-12-08 03:00:00,1507.807
2025-12-08 03:15:00,1500.25
2025-12-08 03:30:00,1500.25
2025-12-08 03:45:00,1500.25
2025-12-08 04:00:00,1579.385
2025-12-08 04:15:00,1569.677
2025-12-08 04:30:00,1677.593
2025-12-08 04:45:00,1727.053
2025-12-08 05:00:00,1786.088
2025-12-08 05:15:00,1790.698
2025-12-08 05:30:00,1960.097
2025-12-08 05:45:00,2004.724
2025-12-08 06:00:00,1905.841
2025-12-08 06:15:00,2047.986
2025-12-08 06:30:00,2311.991
2025-12-08 06:45:00,2260.193
2025-12-08 07:00:00,2421.983
2025-12-08 07:15:00,2323.489
2025-12-08 07:30:00,2453.147
2025-12-08 07:45:00,2498.483
2025-12-08 08:00:00,2293.863
2025-12-08 08:15:00,2245.548
2025-12-08 08:30:00,2178.598
2025-12-08 08:45:00,2213.347
2025-12-08 09:00:00,2445.784
2025-12-08 09:15:00,2230.596
2025-12-08 09:30:00,2176.413
2025-12-08 09:45:00,2039.406
2025-12-08 10:00:00,2049.081
2025-12-08 10:15:00,1986.709
2025-12-08 10:30:00,2057.396
2025-12-08 10:45:00,1900.837
2025-12-08 11:00:00,1991.307
2025-12-08 11:15:00,1867.778
2025-12-08 11:30:00,1821.274
2025-12-08 11:45:00,1743.703
2025-12-08 12:00:00,1658.307
2025-12-08 12:15:00,1600.765
2025-12-08 12:30:00,1737.146
2025-12-08 12:45:00,1623.498
2025-12-08 13:00:00,1763.934
2025-12-08 13:15:00,1823.24
2025-12-08 13:30:00,1805.037
2025-12-08 13:45:00,1578.489
2025-12-08 14:00:00,1500.25
2025-12-08 14:15:00,1500.25
2025-12-08 14:30:00,1500.25
2025-12-08 14:45:00,1500.25
2025-12-08 15:00:00,1504.531
2025-12-08 15:15:00,1630.544
2025-12-08 15:30:00,1769.753
2025-12-08 15:45:00,1805.505
2025-12-08 16:00:00,1798.217
2025-12-08 16:15:00,1780.966
2025-12-08 16:30:00,2031.586
2025-12-08 16:45:00,2016.457
2025-12-08 17:00:00,2021.777
2025-12-08 17:15:00,1979.985
2025-12-08 17:30:00,1931.084
2025-12-08 17:45:00,1861.049
2025-12-08 18:00:00,1903.264
2025-12-08 18:15:00,1837.534
2025-12-08 18:30:00,1830.279
2025-12-08 18:45:00,1678.181
2025-12-08 19:00:00,1681.303
2025-12-08 19:15:00,1587.899
2025-12-08 19:30:00,1701.692
2025-12-08 19:45:00,1552.691
2025-12-08 20:00:00,1683.322
2025-12-08 20:15:00,1654.061
2025-12-08 20:30:00,1737.354
2025-12-08 20:45:00,1663.331
2025-12-08 21:00:00,1701.785
2025-12-08 21:15:00,1626.257
2025-12-08 21:30:00,1707.682
2025-12-08 21:45:00,1754.053
2025-12-08 22:00:00,1770.767
2025-12-08 22:15:00,1868.354
2025-12-08 22:30:00,1861.678
2025-12-08 22:45:00,1880.884
2025-12-08 23:00:00,1839.203
2025-12-08 23:15:00,1805.73
2025-12-08 23:30:00,1771.472
2025-12-08 23:45:00,1912.854
2025-12-09 00:00:00,2511.53
2025-12-09 00:15:00,2581.981
2025-12-09 00:30:00,2362.195
2025-12-09 00:45:00,2286.971
2025-12-09 01:00:00,2240.825
2025-12-09 01:15:00,2230.602
2025-12-09 01:30:00,2093.165
2025-12-09 01:45:00,2009.92
2025-12-09 02:00:00,1930.332
2025-12-09 02:15:00,1925.52
2025-12-09 02:30:00,1936.986
2025-12-09 02:45:00,1894.858
2025-12-09 03:00:00,1894.452
2025-12-09 03:15:00,1853.47
2025-12-09 03:30:00,1823.651
2025-12-09 03:45:00,1803.4
2025-12-09 04:00:00,1856.659
2025-12-09 04:15:00,1856.463
2025-12-09 04:30:00,1888.956
2025-12-09 04:45:00,1930.69
2025-12-09 05:00:00,1989.578
2025-12-09 05:15:00,2074.407
2025-12-09 05:30:00,2280.584
2025-12-09 05:45:00,2298.207
2025-12-09 06:00:00,2280.778
2025-12-09 06:15:00,2336.538
2025-12-09 06:30:00,2592.234
2025-12-09 06:45:00,2830.525
2025-12-09 07:00:00,2783.31
2025-12-09 07:15:00,2787.55
2025-12-09 07:30:00,2944.161
2025-12-09 07:45:00,3053.18
2025-12-09 08:00:00,3100.399
2025-12-09 08:15:00,3132.783
2025-12-09 08:30:00,3086.26
2025-12-09 08:45:00,2935.288
2025-12-09 09:00:00,2752.399
2025-12-09 09:15:00,2678.045
2025-12-09 09:30:00,2758.92
2025-12-09 09:45:00,2411.166
2025-12-09 10:00:00,2282.864
2025-12-09 10:15:00,2129.8
2025-12-09 10:30:00,2168.972
2025-12-09 10:45:00,2025.952
2025-12-09 11:00:00,2136.874
2025-12-09 11:15:00,2037.895
2025-12-09 11:30:00,1926.207
2025-12-09 11:45:00,1712.297
2025-12-09 12:00:00,2010.11
2025-12-09 12:15:00,1966.925
2025-12-09 12:30:00,1971.367
2025-12-09 12:45:00,1924.828
2025-12-09 13:00:00,2102.792
2025-12-09 13:15:00,2013.474
2025-12-09 13:30:00,2044.98
2025-12-09 13:45:00,1960.13
2025-12-09 14:00:00,1980.64
2025-12-09 14:15:00,1964.07
2025-12-09 14:30:00,1977.67
2025-12-09 14:45:00,1818.767
2025-12-09 15:00:00,1820.922
2025-12-09 15:15:00,1890.559
2025-12-09 15:30:00,2125.208
2025-12-09 15:45:00,2094.492
2025-12-09 16:00:00,2250.912
2025-12-09 16:15:00,2335.63
2025-12-09 16:30:00,2429.27
2025-12-09 16:45:00,2431.363
2025-12-09 17:00:00,2651.499
2025-12-09 17:15:00,2611.687
2025-12-09 17:30:00,2695.094
2025-12-09 17:45:00,2606.76
2025-12-09 18:00:00,2607.289
2025-12-09 18:15:00,2396.866
2025-12-09 18:30:00,2424.723
2025-12-09 18:45:00,2342.263
2025-12-09 19:00:00,2410.418
2025-12-09 19:15:00,2379.276
2025-12-09 19:30:00,2461.852
2025-12-09 19:45:00,2346.323
2025-12-09 20:00:00,2438.632
2025-12-09 20:15:00,2364.997
2025-12-09 20:30:00,2363.666
2025-12-09 20:45:00,2299.486
2025-12-09 21:00:00,2271.621
2025-12-09 21:15:00,2188.223
2025-12-09 21:30:00,2310.971
2025-12-09 21:45:00,2372.75
2025-12-09 22:00:00,2445.819
2025-12-09 22:15:00,2467.977
2025-12-09 22:30:00,2335.73
2025-12-09 22:45:00,2408.481
2025-12-09 23:00:00,2321.09
2025-12-09 23:15:00,2204.441
2025-12-09 23:30:00,2208.236
2025-12-09 23:45:00,2183.074
2025-12-10 00:00:00,2754.561
2025-12-10 00:15:00,2732.08
2025-12-10 00:30:00,2719.484
2025-12-10 00:45:00,2691.132
2025-12-10 01:00:00,2598.278
2025-12-10 01:15:00,2369.658
2025-12-10 01:30:00,2398.066
2025-12-10 01:45:00,2423.628
2025-12-10 02:00:00,2379.997
2025-12-10 02:15:00,2369.988
2025-12-10 02:30:00,2267.998
2025-12-10 02:45:00,2197.044
2025-12-10 03:00:00,2166.44
2025-12-10 03:15:00,2142.408
2025-12-10 03:30:00,2171.873
2025-12-10 03:45:00,2156.862
2025-12-10 04:00:00,2144.756
2025-12-10 04:15:00,2062.57
2025-12-10 04:30:00,2052.423
2025-12-10 04:45:00,2061.192
2025-12-10 05:00:00,2071.855
2025-12-10 05:15:00,2112.517
2025-12-10 05:30:00,2139.074
2025-12-10 05:45:00,2136.138
2025-12-10 06:00:00,2142.845
2025-12-10 06:15:00,2212.73
2025-12-10 06:30:00,2431.002
2025-12-10 06:45:00,2414.663
2025-12-10 07:00:00,2500.292
2025-12-10 07:15:00,2443.381
2025-12-10 07:30:00,2601.566
2025-12-10 07:45:00,2665.583
2025-12-10 08:00:00,2710.591
2025-12-10 08:15:00,2684.003
2025-12-10 08:30:00,2594.455
2025-12-10 08:45:00,2491.816
2025-12-10 09:00:00,2411.635
2025-12-10 09:15:00,2316.313
2025-12-10 09:30:00,2374.014
2025-12-10 09:45:00,2368.288
2025-12-10 10:00:00,2256.207
2025-12-10 10:15:00,2108.916
2025-12-10 10:30:00,2084.665
2025-12-10 10:45:00,1993.301
2025-12-10 11:00:00,2128.505
2025-12-10 11:15:00,2035.595
2025-12-10 11:30:00,2001.589
2025-12-10 11:45:00,1834.097
2025-12-10 12:00:00,1909.772
2025-12-10 12:15:00,1800.653
2025-12-10 12:30:00,1796.188
2025-12-10 12:45:00,1750.419
2025-12-10 13:00:00,1859.418
2025-12-10 13:15:00,1876.991
2025-12-10 13:30:00,1900.91
2025-12-10 13:45:00,1768.209
2025-12-10 14:00:00,1750.188
2025-12-10 14:15:00,1689.428
2025-12-10 14:30:00,1817.666
2025-12-10 14:45:00,1732.3
2025-12-10 15:00:00,1824.606
2025-12-10 15:15:00,1789.098
2025-12-10 15:30:00,2048.14
2025-12-10 15:45:00,2001.621
2025-12-10 16:00:00,2235.201
2025-12-10 16:15:00,2188.344
2025-12-10 16:30:00,2440.01
2025-12-10 16:45:00,2420.635
2025-12-10 17:00:00,2578.426
2025-12-10 17:15:00,2570.938
2025-12-10 17:30:00,2678.906
2025-12-10 17:45:00,2660.899
2025-12-10 18:00:00,2463.114
2025-12-10 18:15:00,2407.384
2025-12-10 18:30:00,2479.106
2025-12-10 18:45:00,2320.66
2025-12-10 19:00:00,2424.146
2025-12-10 19:15:00,2322.307
2025-12-10 19:30:00,2363.128
2025-12-10 19:45:00,2229.25
2025-12-10 20:00:00,2287.982
2025-12-10 20:15:00,2297.686
2025-12-10 20:30:00,2377.675
2025-12-10 20:45:00,2380.299
2025-12-10 21:00:00,2360.521
2025-12-10 21:15:00,2192.358
2025-12-10 21:30:00,2388.239
2025-12-10 21:45:00,2395.138
2025-12-10 22:00:00,2341.819
2025-12-10 22:15:00,2367.549
2025-12-10 22:30:00,2321.884
2025-12-10 22:45:00,2217.376
2025-12-10 23:00:00,2103.597
2025-12-10 23:15:00,1994.808
2025-12-10 23:30:00,2085.601
2025-12-10 23:45:00,2140.237
2025-12-11 00:00:00,2565.091
2025-12-11 00:15:00,2583.009
2025-12-11 00:30:00,2565.222
2025-12-11 00:45:00,2389.66
2025-12-11 01:00:00,2374.38
2025-12-11 01:15:00,2398.112
2025-12-11 01:30:00,2302.268
2025-12-11 01:45:00,2281.697
2025-12-11 02:00:00,2274.828
2025-12-11 02:15:00,2249.101
2025-12-11 02:30:00,2284.65
2025-12-11 02:45:00,2213.98
2025-12-11 03:00:00,2135.704
2025-12-11 03:15:00,2083.931
2025-12-11 03:30:00,2046.945
2025-12-11 03:45:00,2041.767
2025-12-11 04:00:00,2003.299
2025-12-11 04:15:00,1974.957
2025-12-11 04:30:00,2021.976
2025-12-11 04:45:00,2040.383
2025-12-11 05:00:00,2091.644
2025-12-11 05:15:00,2125.354
2025-12-11 05:30:00,2205.442
2025-12-11 05:45:00,2158.04
2025-12-11 06:00:00,2126.132
2025-12-11 06:15:00,2256.043
2025-12-11 06:30:00,2477.424
2025-12-11 06:45:00,2582.756
2025-12-11 07:00:00,2747.417
2025-12-11 07:15:00,2829.557
2025-12-11 07:30:00,2792.047
2025-12-11 07:45:00,2759.979
2025-12-11 08:00:00,2849.82
2025-12-11 08:15:00,2744.851
2025-12-11 08:30:00,2695.115
2025-12-11 08:45:00,2691.954
2025-12-11 09:00:00,2589.286
2025-12-11 09:15:00,2491.363
2025-12-11 09:30:00,2416.035
2025-12-11 09:45:00,2286.914
2025-12-11 10:00:00,2244.64
2025-12-11 10:15:00,2028.844
2025-12-11 10:30:00,1988.009
2025-12-11 10:45:00,1758.678
2025-12-11 11:00:00,1867.248
2025-12-11 11:15:00,1788.517
2025-12-11 11:30:00,1945.388
2025-12-11 11:45:00,1768.499
2025-12-11 12:00:00,2028.808
2025-12-11 12:15:00,2033.224
2025-12-11 12:30:00,2049.111
2025-12-11 12:45:00,1932.241
2025-12-11 13:00:00,2029.743
2025-12-11 13:15:00,1960.367
2025-12-11 13:30:00,2016.04
2025-12-11 13:45:00,1826.335
2025-12-11 14:00:00,1844.903
2025-12-11 14:15:00,1819.743
2025-12-11 14:30:00,1928.415
2025-12-11 14:45:00,1938.687
2025-12-11 15:00:00,2037.516
2025-12-11 15:15:00,2093.453
2025-12-11 15:30:00,2125.629
2025-12-11 15:45:00,2190.039
2025-12-11 16:00:00,2317.608
2025-12-11 16:15:00,2268.969
2025-12-11 16:30:00,2403.49
2025-12-11 16:45:00,2307.065
2025-12-11 17:00:00,2430.932
2025-12-11 17:15:00,2382.649
2025-12-11 17:30:00,2505.252
2025-12-11 17:45:00,2443.504
2025-12-11 18:00:00,2511.108
2025-12-11 18:15:00,2405.758
2025-12-11 18:30:00,2426.05
2025-12-11 18:45:00,2373.176
2025-12-11 19:00:00,2314.791
2025-12-11 19:15:00,2204.372
2025-12-11 19:30:00,2243.737
2025-12-11 19:45:00,2162.234
2025-12-11 20:00:00,2257.576
2025-12-11 20:15:00,2150.402
2025-12-11 20:30:00,2144.26
2025-12-11 20:45:00,2105.367
2025-12-11 21:00:00,2061.844
2025-12-11 21:15:00,2031.923
2025-12-11 21:30:00,2053.984
2025-12-11 21:45:00,2073.52
2025-12-11 22:00:00,2075.385
2025-12-11 22:15:00,2070.784
2025-12-11 22:30:00,2089.211
2025-12-11 22:45:00,2097.576
2025-12-11 23:00:00,1982.302
2025-12-11 23:15:00,1800.498
2025-12-11 23:30:00,1789.503
2025-12-11 23:45:00,1847.163
2025-12-12 00:00:00,2073.251
2025-12-12 00:15:00,1995.606
2025-12-12 00:30:00,1871.733
2025-12-12 00:45:00,1864.729
2025-12-12 01:00:00,1770.236
2025-12-12 01:15:00,1796.787
2025-12-12 01:30:00,1850.889
2025-12-12 01:45:00,1703.184
2025-12-12 02:00:00,1734.891
2025-12-12 02:15:00,1718.418
2025-12-12 02:30:00,1665.996
2025-12-12 02:45:00,1610.114
2025-12-12 03:00:00,1677.276
2025-12-12 03:15:00,1718.52
2025-12-12 03:30:00,1766.922
2025-12-12 03:45:00,1785.26
2025-12-12 04:00:00,1814.558
2025-12-12 04:15:00,1772.828
2025-12-12 04:30:00,1801.033
2025-12-12 04:45:00,1771.686
2025-12-12 05:00:00,1761.126
2025-12-12 05:15:00,1774.03
2025-12-12 05:30:00,1629.877
2025-12-12 05:45:00,1676.613
2025-12-12 06:00:00,1619.181
2025-12-12 06:15:00,1656.464
2025-12-12 06:30:00,1848.921
2025-12-12 06:45:00,1664.373
2025-12-12 07:00:00,1650.352
2025-12-12 07:15:00,1730.346
2025-12-12 07:30:00,1924.429
2025-12-12 07:45:00,2092.891
2025-12-12 08:00:00,2228.867
2025-12-12 08:15:00,2287.408
2025-12-12 08:30:00,2357.416
2025-12-12 08:45:00,2431.095
2025-12-12 09:00:00,2591.752
2025-12-12 09:15:00,2596.653
2025-12-12 09:30:00,2598.5
2025-12-12 09:45:00,2774.1
2025-12-12 10:00:00,2874.087
2025-12-12 10:15:00,2827.537
2025-12-12 10:30:00,2996.656
2025-12-12 10:45:00,2981.742
2025-12-12 11:00:00,2950.52
2025-12-12 11:15:00,2788.012
2025-12-12 11:30:00,2694.905
2025-12-12 11:45:00,2610.303
2025-12-12 12:00:00,3036.791
2025-12-12 12:15:00,3118.658
2025-12-12 12:30:00,3107.466
2025-12-12 12:45:00,3080.746
2025-12-12 13:00:00,3321.598
2025-12-12 13:15:00,3268.51
2025-12-12 13:30:00,3310.382
2025-12-12 13:45:00,3083.667
2025-12-12 14:00:00,3019.064
2025-12-12 14:15:00,2944.106
2025-12-12 14:30:00,2801.421
2025-12-12 14:45:00,2722.247
2025-12-12 15:00:00,2900.804
2025-12-12 15:15:00,2909.25
2025-12-12 15:30:00,2921.985
2025-12-12 15:45:00,2696.733
2025-12-12 16:00:00,2595.075
2025-12-12 16:15:00,2548.698
2025-12-12 16:30:00,2590.748
2025-12-12 16:45:00,2479.607
2025-12-12 17:00:00,2528.019
2025-12-12 17:15:00,2452.362
2025-12-12 17:30:00,2612.82
2025-12-12 17:45:00,2568.76
2025-12-12 18:00:00,2547.529
2025-12-12 18:15:00,2420.927
2025-12-12 18:30:00,2367.445
2025-12-12 18:45:00,2215.594
2025-12-12 19:00:00,2223.062
2025-12-12 19:15:00,2162.454
2025-12-12 19:30:00,2156.788
2025-12-12 19:45:00,2043.641
2025-12-12 20:00:00,2020.379
2025-12-12 20:15:00,1897.806
2025-12-12 20:30:00,1956.653
2025-12-12 20:45:00,1982.888
2025-12-12 21:00:00,2053.825
2025-12-12 21:15:00,1985.922
2025-12-12 21:30:00,2042.919
2025-12-12 21:45:00,2064.887
2025-12-12 22:00:00,2013.337
2025-12-12 22:15:00,2093.904
2025-12-12 22:30:00,2041.724
2025-12-12 22:45:00,1922.982
2025-12-12 23:00:00,1838.898
2025-12-12 23:15:00,1740.272
2025-12-12 23:30:00,1952.176
2025-12-12 23:45:00,2079.335
2025-12-13 00:00:00,1811.488
2025-12-13 00:15:00,1824.962
2025-12-13 00:30:00,2005.219
2025-12-13 00:45:00,1834.49
2025-12-13 01:00:00,1832.906
2025-12-13 01:15:00,1624.25
2025-12-13 01:30:00,1682.71
2025-12-13 01:45:00,1673.692
2025-12-13 02:00:00,1581.537
2025-12-13 02:15:00,1715.866
2025-12-13 02:30:00,1794.107
2025-12-13 02:45:00,1802.562
2025-12-13 03:00:00,1718.656
2025-12-13 03:15:00,1688.043
2025-12-13 03:30:00,1716.11
2025-12-13 03:45:00,1744.073
2025-12-13 04:00:00,1716.633
2025-12-13 04:15:00,1735.147
2025-12-13 04:30:00,1747.109
2025-12-13 04:45:00,1777.54
2025-12-13 05:00:00,1796.828
2025-12-13 05:15:00,1794.375
2025-12-13 05:30:00,1836.197
2025-12-13 05:45:00,1876.74
2025-12-13 06:00:00,1858.962
2025-12-13 06:15:00,1803.5
2025-12-13 06:30:00,1905.053
2025-12-13 06:45:00,2021.185
2025-12-13 07:00:00,1952.445
2025-12-13 07:15:00,1867.776
2025-12-13 07:30:00,1912.835
2025-12-13 07:45:00,1918.211
2025-12-13 08:00:00,1882.706
2025-12-13 08:15:00,2129.49
2025-12-13 08:30:00,2234.875
2025-12-13 08:45:00,2332.122
2025-12-13 09:00:00,2318.335
2025-12-13 09:15:00,2273.811
2025-12-13 09:30:00,2249.197
2025-12-13 09:45:00,2157.947
2025-12-13 10:00:00,2185.326
2025-12-13 10:15:00,1965.683
2025-12-13 10:30:00,1986.397
2025-12-13 10:45:00,1864.952
2025-12-13 11:00:00,1707.949
2025-12-13 11:15:00,1633.31
2025-12-13 11:30:00,1623.74
2025-12-13 11:45:00,1560.346
2025-12-13 12:00:00,1829.142
2025-12-13 12:15:00,1637.395
2025-12-13 12:30:00,1525.5
2025-12-13 12:45:00,1522.5
2025-12-13 13:00:00,1522.5
2025-12-13 13:15:00,1522.5
2025-12-13 13:30:00,1522.5
2025-12-13 13:45:00,1522.5
2025-12-13 14:00:00,1522.5
2025-12-13 14:15:00,1522.5
2025-12-13 14:30:00,1522.5
2025-12-13 14:45:00,1522.5
2025-12-13 15:00:00,1522.5
2025-12-13 15:15:00,1530.99
2025-12-13 15:30:00,1646.536
2025-12-13 15:45:00,1767.735
2025-12-13 16:00:00,1710.438
2025-12-13 16:15:00,1795.669
2025-12-13 16:30:00,2076.238
2025-12-13 16:45:00,2032.591
2025-12-13 17:00:00,1928.39
2025-12-13 17:15:00,1897.435
2025-12-13 17:30:00,1979.049
2025-12-13 17:45:00,2014.382
2025-12-13 18:00:00,1951.713
2025-12-13 18:15:00,1977.23
2025-12-13 18:30:00,1986.844
2025-12-13 18:45:00,1969.356
2025-12-13 19:00:00,1929.995
2025-12-13 19:15:00,1906.976
2025-12-13 19:30:00,1957.394
2025-12-13 19:45:00,1962.588
2025-12-13 20:00:00,2012.925
2025-12-13 20:15:00,2019.124
2025-12-13 20:30:00,2007.996
2025-12-13 20:45:00,2032.332
2025-12-13 21:00:00,2052.897
2025-12-13 21:15:00,2068.89
2025-12-13 21:30:00,2079.696
2025-12-13 21:45:00,2103.021
2025-12-13 22:00:00,2023.303
2025-12-13 22:15:00,2005.268
2025-12-13 22:30:00,2041.879
2025-12-13 22:45:00,1979.533
2025-12-13 23:00:00,1998.723
2025-12-13 23:15:00,1921.912
2025-12-13 23:30:00,1831.702
2025-12-13 23:45:00,1817.411
2025-12-14 00:00:00,2050.707
2025-12-14 00:15:00,2108.675
2025-12-14 00:30:00,2211.104
2025-12-14 00:45:00,2195.674
2025-12-14 01:00:00,2078.187
2025-12-14 01:15:00,2014.435
2025-12-14 01:30:00,1957.925
2025-12-14 01:45:00,1889.084
2025-12-14 02:00:00,1866.008
2025-12-14 02:15:00,1871.853
2025-12-14 02:30:00,1823.107
2025-12-14 02:45:00,1803.144
2025-12-14 03:00:00,1729.487
2025-12-14 03:15:00,1769.126
2025-12-14 03:30:00,1731.842
2025-12-14 03:45:00,1694.374
2025-12-14 04:00:00,1645.232
2025-12-14 04:15:00,1629.006
2025-12-14 04:30:00,1612.351
2025-12-14 04:45:00,1614.457
2025-12-14 05:00:00,1599.547
2025-12-14 05:15:00,1585.466
2025-12-14 05:30:00,1576.824
2025-12-14 05:45:00,1506.738
2025-12-14 06:00:00,1463.82
2025-12-14 06:15:00,1530.756
2025-12-14 06:30:00,1567.588
2025-12-14 06:45:00,1610.86
2025-12-14 07:00:00,1776.697
2025-12-14 07:15:00,1872.625
2025-12-14 07:30:00,2099.92
2025-12-14 07:45:00,2407.622
2025-12-14 08:00:00,2540.949
2025-12-14 08:15:00,2472.83
2025-12-14 08:30:00,2372.134
2025-12-14 08:45:00,2258.334
2025-12-14 09:00:00,2007.162
2025-12-14 09:15:00,1788.002
2025-12-14 09:30:00,1637.049
2025-12-14 09:45:00,1479.606
2025-12-14 10:00:00,1452.25
2025-12-14 10:15:00,1452.25
2025-12-14 10:30:00,1452.25
2025-12-14 10:45:00,1452.25
2025-12-14 11:00:00,1477.09
2025-12-14 11:15:00,1452.25
2025-12-14 11:30:00,1985.522
2025-12-14 11:45:00,1467.25
2025-12-14 12:00:00,1442.25
2025-12-14 12:15:00,1442.25
2025-12-14 12:30:00,1520.616
2025-12-14 12:45:00,1442.25
2025-12-14 13:00:00,1452.25
2025-12-14 13:15:00,1452.25
2025-12-14 13:30:00,1452.25
2025-12-14 13:45:00,1452.25
2025-12-14 14:00:00,1452.25
2025-12-14 14:15:00,1452.25
2025-12-14 14:30:00,1452.25
2025-12-14 14:45:00,1452.25
2025-12-14 15:00:00,1470.75
2025-12-14 15:15:00,1695.272
2025-12-14 15:30:00,1802.191
2025-12-14 15:45:00,1939.947
2025-12-14 16:00:00,1900.534
2025-12-14 16:15:00,2136.74
2025-12-14 16:30:00,2366.995
2025-12-14 16:45:00,2663.289
2025-12-14 17:00:00,2826.705
2025-12-14 17:15:00,2897.476
2025-12-14 17:30:00,2984.631
2025-12-14 17:45:00,2948.701
2025-12-14 18:00:00,2782.517
2025-12-14 18:15:00,2764.99
2025-12-14 18:30:00,2682.011
2025-12-14 18:45:00,2620.727
2025-12-14 19:00:00,2668.973
2025-12-14 19:15:00,2645.309
2025-12-14 19:30:00,2670.179
2025-12-14 19:45:00,2667.941
2025-12-14 20:00:00,2739.699
2025-12-14 20:15:00,2791.639
2025-12-14 20:30:00,2720.263
2025-12-14 20:45:00,2745.021
2025-12-14 21:00:00,2742.859
2025-12-14 21:15:00,2750.445
2025-12-14 21:30:00,2769.429
2025-12-14 21:45:00,2725.23
2025-12-14 22:00:00,2608.679
2025-12-14 22:15:00,2561.704
2025-12-14 22:30:00,2474.739
2025-12-14 22:45:00,2278.203
2025-12-14 23:00:00,2209.99
2025-12-14 23:15:00,2007.985
2025-12-14 23:30:00,2021.207
2025-12-14 23:45:00,2080.541
2025-12-15 00:00:00,2539.828
2025-12-15 00:15:00,2676.893
2025-12-15 00:30:00,2724.847
2025-12-15 00:45:00,2557.235
2025-12-15 01:00:00,2384.892
2025-12-15 01:15:00,2223.731
2025-12-15 01:30:00,2147.49
2025-12-15 01:45:00,2121.023
2025-12-15 02:00:00,2222.57
2025-12-15 02:15:00,2157.677
2025-12-15 02:30:00,2107.818
2025-12-15 02:45:00,2071.65
2025-12-15 03:00:00,1989.149
2025-12-15 03:15:00,1856.035
2025-12-15 03:30:00,1809.614
2025-12-15 03:45:00,1809.68
2025-12-15 04:00:00,1787.746
2025-12-15 04:15:00,1764.705
2025-12-15 04:30:00,1773.685
2025-12-15 04:45:00,1864.759
2025-12-15 05:00:00,1869.32
2025-12-15 05:15:00,1882.256
2025-12-15 05:30:00,1890.232
2025-12-15 05:45:00,1940.817
2025-12-15 06:00:00,2011.319
2025-12-15 06:15:00,2120.441
2025-12-15 06:30:00,2114.299
2025-12-15 06:45:00,2315.281
2025-12-15 07:00:00,2499.607
2025-12-15 07:15:00,2800.917
2025-12-15 07:30:00,3035.778
2025-12-15 07:45:00,3094.773
2025-12-15 08:00:00,3076.419
2025-12-15 08:15:00,3071.324
2025-12-15 08:30:00,2970.568
2025-12-15 08:45:00,2842.194
2025-12-15 09:00:00,2802.362
2025-12-15 09:15:00,2586.501
2025-12-15 09:30:00,2387.0
2025-12-15 09:45:00,2382.96
2025-12-15 10:00:00,2451.838
2025-12-15 10:15:00,2318.245
2025-12-15 10:30:00,2344.718
2025-12-15 10:45:00,2354.846
2025-12-15 11:00:00,2360.801
2025-12-15 11:15:00,2166.629
2025-12-15 11:30:00,2303.901
2025-12-15 11:45:00,2246.769
2025-12-15 12:00:00,2610.475
2025-12-15 12:15:00,2537.857
2025-12-15 12:30:00,2658.409
2025-12-15 12:45:00,2530.174
2025-12-15 13:00:00,2524.411
2025-12-15 13:15:00,2310.914
2025-12-15 13:30:00,2446.635
2025-12-15 13:45:00,2271.564
2025-12-15 14:00:00,2279.967
2025-12-15 14:15:00,2144.464
2025-12-15 14:30:00,1966.722
2025-12-15 14:45:00,2022.423
2025-12-15 15:00:00,2239.773
2025-12-15 15:15:00,2191.851
2025-12-15 15:30:00,2310.732
2025-12-15 15:45:00,2235.221
2025-12-15 16:00:00,2279.67
2025-12-15 16:15:00,2306.577
2025-12-15 16:30:00,2462.798
2025-12-15 16:45:00,2515.754
2025-12-15 17:00:00,2697.37
2025-12-15 17:15:00,2691.059
2025-12-15 17:30:00,2783.227
2025-12-15 17:45:00,2708.44
2025-12-15 18:00:00,2717.314
2025-12-15 18:15:00,2731.715
2025-12-15 18:30:00,2771.383
2025-12-15 18:45:00,2624.44
2025-12-15 19:00:00,2696.663
2025-12-15 19:15:00,2512.677
2025-12-15 19:30:00,2554.13
2025-12-15 19:45:00,2531.282
2025-12-15 20:00:00,2596.967
2025-12-15 20:15:00,2478.837
2025-12-15 20:30:00,2493.826
2025-12-15 20:45:00,2518.384
2025-12-15 21:00:00,2519.337
2025-12-15 21:15:00,2498.446
2025-12-15 21:30:00,2521.331
2025-12-15 21:45:00,2528.74
2025-12-15 22:00:00,2489.329
2025-12-15 22:15:00,2410.587
2025-12-15 22:30:00,2198.514
2025-12-15 22:45:00,2050.905
2025-12-15 23:00:00,1964.075
2025-12-15 23:15:00,1850.907
2025-12-15 23:30:00,1729.307
2025-12-15 23:45:00,1774.511
2025-12-16 00:00:00,2066.684
2025-12-16 00:15:00,2050.015
2025-12-16 00:30:00,2418.195
2025-12-16 00:45:00,2257.583
2025-12-16 01:00:00,2155.147
2025-12-16 01:15:00,2151.521
2025-12-16 01:30:00,2051.55
2025-12-16 01:45:00,1982.354
2025-12-16 02:00:00,1946.009
2025-12-16 02:15:00,1822.2
2025-12-16 02:30:00,1790.61
2025-12-16 02:45:00,1742.025
2025-12-16 03:00:00,1703.533
2025-12-16 03:15:00,1569.351
2025-12-16 03:30:00,1573.204
2025-12-16 03:45:00,1563.289
2025-12-16 04:00:00,1630.403
2025-12-16 04:15:00,1608.703
2025-12-16 04:30:00,1659.154
2025-12-16 04:45:00,1623.751
2025-12-16 05:00:00,1643.995
2025-12-16 05:15:00,1674.131
2025-12-16 05:30:00,1698.511
2025-12-16 05:45:00,1696.593
2025-12-16 06:00:00,1763.974
2025-12-16 06:15:00,1953.692
2025-12-16 06:30:00,2232.727
2025-12-16 06:45:00,2159.309
2025-12-16 07:00:00,2315.156
2025-12-16 07:15:00,2470.821
2025-12-16 07:30:00,2517.872
2025-12-16 07:45:00,2633.487
2025-12-16 08:00:00,2682.285
2025-12-16 08:15:00,2695.515
2025-12-16 08:30:00,2554.599
2025-12-16 08:45:00,2314.172
2025-12-16 09:00:00,2226.107
2025-12-16 09:15:00,2159.432
2025-12-16 09:30:00,2099.248
2025-12-16 09:45:00,2379.108
2025-12-16 10:00:00,2512.706
2025-12-16 10:15:00,2516.049
2025-12-16 10:30:00,2589.393
2025-12-16 10:45:00,2667.399
2025-12-16 11:00:00,2847.673
2025-12-16 11:15:00,2802.277
2025-12-16 11:30:00,2738.008
2025-12-16 11:45:00,2405.472
2025-12-16 12:00:00,2566.417
2025-12-16 12:15:00,2484.462
2025-12-16 12:30:00,2635.336
2025-12-16 12:45:00,2535.319
2025-12-16 13:00:00,2556.099
2025-12-16 13:15:00,2270.867
2025-12-16 13:30:00,2318.164
2025-12-16 13:45:00,2299.873
2025-12-16 14:00:00,2404.96
2025-12-16 14:15:00,2312.006
2025-12-16 14:30:00,2346.739
2025-12-16 14:45:00,2334.082
2025-12-16 15:00:00,2473.644
2025-12-16 15:15:00,2632.095
2025-12-16 15:30:00,2554.762
2025-12-16 15:45:00,2633.373
2025-12-16 16:00:00,2806.177
2025-12-16 16:15:00,2972.386
2025-12-16 16:30:00,2789.976
2025-12-16 16:45:00,2871.286
2025-12-16 17:00:00,3016.793
2025-12-16 17:15:00,3047.965
2025-12-16 17:30:00,3065.957
2025-12-16 17:45:00,2988.377
2025-12-16 18:00:00,3094.558
2025-12-16 18:15:00,2993.021
2025-12-16 18:30:00,3003.844
2025-12-16 18:45:00,2919.934
2025-12-16 19:00:00,2979.899
2025-12-16 19:15:00,2883.043
2025-12-16 19:30:00,2778.016
2025-12-16 19:45:00,2713.363
2025-12-16 20:00:00,2734.682
2025-12-16 20:15:00,2641.71
2025-12-16 20:30:00,2740.151
2025-12-16 20:45:00,2730.563
2025-12-16 21:00:00,2821.058
2025-12-16 21:15:00,2611.591
2025-12-16 21:30:00,2727.893
2025-12-16 21:45:00,2778.228
2025-12-16 22:00:00,2751.486
2025-12-16 22:15:00,2859.292
2025-12-16 22:30:00,2640.069
2025-12-16 22:45:00,2574.134
2025-12-16 23:00:00,2555.555
2025-12-16 23:15:00,2372.984
2025-12-16 23:30:00,2282.664
2025-12-16 23:45:00,2253.894
2025-12-17 00:00:00,2326.885
2025-12-17 00:15:00,2230.596
2025-12-17 00:30:00,2271.544
2025-12-17 00:45:00,2239.567
2025-12-17 01:00:00,2161.069
2025-12-17 01:15:00,2078.11
2025-12-17 01:30:00,1977.591
2025-12-17 01:45:00,1923.344
2025-12-17 02:00:00,1935.017
2025-12-17 02:15:00,1839.895
2025-12-17 02:30:00,1761.215
2025-12-17 02:45:00,1705.0
2025-12-17 03:00:00,1645.766
2025-12-17 03:15:00,1592.2
2025-12-17 03:30:00,1538.925
2025-12-17 03:45:00,1536.25
2025-12-17 04:00:00,1536.25
2025-12-17 04:15:00,1536.25
2025-12-17 04:30:00,1536.25
2025-12-17 04:45:00,1536.25
2025-12-17 05:00:00,1536.25
2025-12-17 05:15:00,1536.25
2025-12-17 05:30:00,1536.25
2025-12-17 05:45:00,1536.25
2025-12-17 06:00:00,1642.16
2025-12-17 06:15:00,1719.059
2025-12-17 06:30:00,1840.555
2025-12-17 06:45:00,1923.614
2025-12-17 07:00:00,1737.899
2025-12-17 07:15:00,1708.271
2025-12-17 07:30:00,1767.882
2025-12-17 07:45:00,1852.178
2025-12-17 08:00:00,1971.729
2025-12-17 08:15:00,1843.433
2025-12-17 08:30:00,1778.631
2025-12-17 08:45:00,1674.518
2025-12-17 09:00:00,1716.332
2025-12-17 09:15:00,1687.765
2025-12-17 09:30:00,1673.555
2025-12-17 09:45:00,1644.842
2025-12-17 10:00:00,1528.5
2025-12-17 10:15:00,1528.5
2025-12-17 10:30:00,1528.5
2025-12-17 10:45:00,1528.5
2025-12-17 11:00:00,1536.25
2025-12-17 11:15:00,1536.25
2025-12-17 11:30:00,1536.25
2025-12-17 11:45:00,1536.25
2025-12-17 12:00:00,1526.25
2025-12-17 12:15:00,1526.25
2025-12-17 12:30:00,1526.25
2025-12-17 12:45:00,1526.25
2025-12-17 13:00:00,1536.25
2025-12-17 13:15:00,1536.25
2025-12-17 13:30:00,1536.25
2025-12-17 13:45:00,1536.25
2025-12-17 14:00:00,1536.25
2025-12-17 14:15:00,1536.25
2025-12-17 14:30:00,1536.25
2025-12-17 14:45:00,1536.25
2025-12-17 15:00:00,1558.75
2025-12-17 15:15:00,1603.75
2025-12-17 15:30:00,1648.75
2025-12-17 15:45:00,1712.533
2025-12-17 16:00:00,1877.709
2025-12-17 16:15:00,1995.609
2025-12-17 16:30:00,2223.774
2025-12-17 16:45:00,2054.05
2025-12-17 17:00:00,1953.241
2025-12-17 17:15:00,1959.0
2025-12-17 17:30:00,2038.589
2025-12-17 17:45:00,1974.026
2025-12-17 18:00:00,1943.291
2025-12-17 18:15:00,1953.726
2025-12-17 18:30:00,1940.442
2025-12-17 18:45:00,1944.483
2025-12-17 19:00:00,1920.389
2025-12-17 19:15:00,1902.92
2025-12-17 19:30:00,1933.164
2025-12-17 19:45:00,1940.149
2025-12-17 20:00:00,1947.841
2025-12-17 20:15:00,1946.051
2025-12-17 20:30:00,1973.385
2025-12-17 20:45:00,2109.295
2025-12-17 21:00:00,2137.056
2025-12-17 21:15:00,2138.975
2025-12-17 21:30:00,2142.739
2025-12-17 21:45:00,2152.888
2025-12-17 22:00:00,2276.594
2025-12-17 22:15:00,2225.583
2025-12-17 22:30:00,2146.768
2025-12-17 22:45:00,2055.593
2025-12-17 23:00:00,1955.486
2025-12-17 23:15:00,1954.334
2025-12-17 23:30:00,2088.052
2025-12-17 23:45:00,2181.864
2025-12-18 00:00:00,2087.761
2025-12-18 00:15:00,2116.531
2025-12-18 00:30:00,2192.987
2025-12-18 00:45:00,2188.646
2025-12-18 01:00:00,2230.217
2025-12-18 01:15:00,2246.922
2025-12-18 01:30:00,2204.252
2025-12-18 01:45:00,2113.302
2025-12-18 02:00:00,2150.371
2025-12-18 02:15:00,2146.124
2025-12-18 02:30:00,2179.162
2025-12-18 02:45:00,2125.101
2025-12-18 03:00:00,2116.004
2025-12-18 03:15:00,2115.692
2025-12-18 03:30:00,2102.037
2025-12-18 03:45:00,1952.037
2025-12-18 04:00:00,1965.673
2025-12-18 04:15:00,1942.476
2025-12-18 04:30:00,1990.808
2025-12-18 04:45:00,2011.595
2025-12-18 05:00:00,2041.484
2025-12-18 05:15:00,2125.689
2025-12-18 05:30:00,1997.433
2025-12-18 05:45:00,2034.812
2025-12-18 06:00:00,2136.714
2025-12-18 06:15:00,2227.622
2025-12-18 06:30:00,2381.734
2025-12-18 06:45:00,2462.622
2025-12-18 07:00:00,2498.82
2025-12-18 07:15:00,2576.472
2025-12-18 07:30:00,2767.011
2025-12-18 07:45:00,2826.691
2025-12-18 08:00:00,2890.417
2025-12-18 08:15:00,2926.9
2025-12-18 08:30:00,2829.399
2025-12-18 08:45:00,2476.616
2025-12-18 09:00:00,2443.896
2025-12-18 09:15:00,2218.345
2025-12-18 09:30:00,2279.626
2025-12-18 09:45:00,2385.806
2025-12-18 10:00:00,2261.458
2025-12-18 10:15:00,1977.673
2025-12-18 10:30:00,1954.923
2025-12-18 10:45:00,1894.692
2025-12-18 11:00:00,1811.586
2025-12-18 11:15:00,1617.874
2025-12-18 11:30:00,1562.519
2025-12-18 11:45:00,1596.75
2025-12-18 12:00:00,2041.989
2025-12-18 12:15:00,1614.319
2025-12-18 12:30:00,1702.583
2025-12-18 12:45:00,1647.302
2025-12-18 13:00:00,1746.076
2025-12-18 13:15:00,1605.711
2025-12-18 13:30:00,1632.808
2025-12-18 13:45:00,1544.25
2025-12-18 14:00:00,1544.25
2025-12-18 14:15:00,1544.25
2025-12-18 14:30:00,1544.25
2025-12-18 14:45:00,1544.25
2025-12-18 15:00:00,1547.75
2025-12-18 15:15:00,1621.867
2025-12-18 15:30:00,1919.809
2025-12-18 15:45:00,1946.686
2025-12-18 16:00:00,2072.6
2025-12-18 16:15:00,2155.925
2025-12-18 16:30:00,2144.119
2025-12-18 16:45:00,2074.476
2025-12-18 17:00:00,2134.18
2025-12-18 17:15:00,2008.695
2025-12-18 17:30:00,2062.618
2025-12-18 17:45:00,2033.609
2025-12-18 18:00:00,1999.803
2025-12-18 18:15:00,1879.299
2025-12-18 18:30:00,1851.035
2025-12-18 18:45:00,1686.117
2025-12-18 19:00:00,1663.741
2025-12-18 19:15:00,1668.997
2025-12-18 19:30:00,1783.979
2025-12-18 19:45:00,1752.972
2025-12-18 20:00:00,1756.615
2025-12-18 20:15:00,1737.787
2025-12-18 20:30:00,1739.043
2025-12-18 20:45:00,1789.802
2025-12-18 21:00:00,1774.254
2025-12-18 21:15:00,1763.554
2025-12-18 21:30:00,1831.481
2025-12-18 21:45:00,1886.697
2025-12-18 22:00:00,1955.198
2025-12-18 22:15:00,1896.35
2025-12-18 22:30:00,1777.331
2025-12-18 22:45:00,1550.544
2025-12-18 23:00:00,1547.75
2025-12-18 23:15:00,1547.75
2025-12-18 23:30:00,1547.75
2025-12-18 23:45:00,1547.75
2025-12-19 00:00:00,1539.75
2025-12-19 00:15:00,1692.95
2025-12-19 00:30:00,1880.744
2025-12-19 00:45:00,1822.531
2025-12-19 01:00:00,1608.131
2025-12-19 01:15:00,1553.914
2025-12-19 01:30:00,1539.75
2025-12-19 01:45:00,1543.185
2025-12-19 02:00:00,1539.75
2025-12-19 02:15:00,1539.75
2025-12-19 02:30:00,1494.75
2025-12-19 02:45:00,1494.75
2025-12-19 03:00:00,1494.75
2025-12-19 03:15:00,1494.75
2025-12-19 03:30:00,1494.75
2025-12-19 03:45:00,1494.75
2025-12-19 04:00:00,1494.75
2025-12-19 04:15:00,1494.75
2025-12-19 04:30:00,1494.75
2025-12-19 04:45:00,1494.75
2025-12-19 05:00:00,1494.75
2025-12-19 05:15:00,1494.75
2025-12-19 05:30:00,1494.75
2025-12-19 05:45:00,1494.75
2025-12-19 06:00:00,1494.75
2025-12-19 06:15:00,1494.75
2025-12-19 06:30:00,1494.75
2025-12-19 06:45:00,1699.87
2025-12-19 07:00:00,1674.799
2025-12-19 07:15:00,1694.431
2025-12-19 07:30:00,1785.392
2025-12-19 07:45:00,1783.697
2025-12-19 08:00:00,1840.751
2025-12-19 08:15:00,1837.062
2025-12-19 08:30:00,1749.296
2025-12-19 08:45:00,1522.636
2025-12-19 09:00:00,1486.25
2025-12-19 09:15:00,1486.25
2025-12-19 09:30:00,1486.25
2025-12-19 09:45:00,1486.25
2025-12-19 10:00:00,1491.25
2025-12-19 10:15:00,1491.25
2025-12-19 10:30:00,1491.25
2025-12-19 10:45:00,1491.25
2025-12-19 11:00:00,1491.25
2025-12-19 11:15:00,1491.25
2025-12-19 11:30:00,1491.25
2025-12-19 11:45:00,1491.25
2025-12-19 12:00:00,1481.25
2025-12-19 12:15:00,1481.25
2025-12-19 12:30:00,1481.25
2025-12-19 12:45:00,1481.25
2025-12-19 13:00:00,1491.25
2025-12-19 13:15:00,1491.25
2025-12-19 13:30:00,1491.25
2025-12-19 13:45:00,1491.25
2025-12-19 14:00:00,1491.25
2025-12-19 14:15:00,1491.25
2025-12-19 14:30:00,1491.25
2025-12-19 14:45:00,1491.25
2025-12-19 15:00:00,1494.75
2025-12-19 15:15:00,1494.75
2025-12-19 15:30:00,1565.057
2025-12-19 15:45:00,1800.167
2025-12-19 16:00:00,1926.532
2025-12-19 16:15:00,2007.443
2025-12-19 16:30:00,2044.261
2025-12-19 16:45:00,2034.514
2025-12-19 17:00:00,2003.318
2025-12-19 17:15:00,2065.898
2025-12-19 17:30:00,2122.802
2025-12-19 17:45:00,2014.948
2025-12-19 18:00:00,2011.115
2025-12-19 18:15:00,1986.112
2025-12-19 18:30:00,1955.548
2025-12-19 18:45:00,1898.837
2025-12-19 19:00:00,1880.761
2025-12-19 19:15:00,1929.694
2025-12-19 19:30:00,2005.157
2025-12-19 19:45:00,1917.926
2025-12-19 20:00:00,1880.519
2025-12-19 20:15:00,1882.917
2025-12-19 20:30:00,1905.831
2025-12-19 20:45:00,1864.468
2025-12-19 21:00:00,1866.487
2025-12-19 21:15:00,1902.09
2025-12-19 21:30:00,1965.165
2025-12-19 21:45:00,2048.585
2025-12-19 22:00:00,2190.031
2025-12-19 22:15:00,2187.646
2025-12-19 22:30:00,2094.115
2025-12-19 22:45:00,1978.177
2025-12-19 23:00:00,2146.299
2025-12-19 23:15:00,2100.868
2025-12-19 23:30:00,1906.367
2025-12-19 23:45:00,1868.647
2025-12-20 00:00:00,1942.93
2025-12-20 00:15:00,1873.38
2025-12-20 00:30:00,1948.474
2025-12-20 00:45:00,1867.303
2025-12-20 01:00:00,2014.896
2025-12-20 01:15:00,1921.366
2025-12-20 01:30:00,1819.244
2025-12-20 01:45:00,1689.227
2025-12-20 02:00:00,1681.238
2025-12-20 02:15:00,1598.468
2025-12-20 02:30:00,1571.387
2025-12-20 02:45:00,1512.256
2025-12-20 03:00:00,1516.822
2025-12-20 03:15:00,1512.255
2025-12-20 03:30:00,1555.553
2025-12-20 03:45:00,1605.035
2025-12-20 04:00:00,1668.339
2025-12-20 04:15:00,1707.633
2025-12-20 04:30:00,1760.821
2025-12-20 04:45:00,1812.434
2025-12-20 05:00:00,1829.739
2025-12-20 05:15:00,1926.032
2025-12-20 05:30:00,1777.57
2025-12-20 05:45:00,1704.948
2025-12-20 06:00:00,1639.733
2025-12-20 06:15:00,1768.286
2025-12-20 06:30:00,1918.157
2025-12-20 06:45:00,1976.695
2025-12-20 07:00:00,1688.5
2025-12-20 07:15:00,1572.147
2025-12-20 07:30:00,1523.891
2025-12-20 07:45:00,1683.251
2025-12-20 08:00:00,1773.546
2025-12-20 08:15:00,1858.216
2025-12-20 08:30:00,1970.048
2025-12-20 08:45:00,1692.329
2025-12-20 09:00:00,1669.127
2025-12-20 09:15:00,1736.719
2025-12-20 09:30:00,1803.925
2025-12-20 09:45:00,1794.943
2025-12-20 10:00:00,1660.175
2025-12-20 10:15:00,1702.623
2025-12-20 10:30:00,1699.769
2025-12-20 10:45:00,1783.626
2025-12-20 11:00:00,1781.619
2025-12-20 11:15:00,1780.619
2025-12-20 11:30:00,1678.543
2025-12-20 11:45:00,1521.277
2025-12-20 12:00:00,1832.099
2025-12-20 12:15:00,1830.933
2025-12-20 12:30:00,1820.903
2025-12-20 12:45:00,1847.246
2025-12-20 13:00:00,1840.217
2025-12-20 13:15:00,1843.213
2025-12-20 13:30:00,2002.846
2025-12-20 13:45:00,2089.979
2025-12-20 14:00:00,2134.792
2025-12-20 14:15:00,2120.513
2025-12-20 14:30:00,2033.611
2025-12-20 14:45:00,2218.238
2025-12-20 15:00:00,2144.497
2025-12-20 15:15:00,2035.106
2025-12-20 15:30:00,1948.934
2025-12-20 15:45:00,2076.397
2025-12-20 16:00:00,2016.961
2025-12-20 16:15:00,2066.46
2025-12-20 16:30:00,2041.369
2025-12-20 16:45:00,2010.843
2025-12-20 17:00:00,1952.384
2025-12-20 17:15:00,1881.109
2025-12-20 17:30:00,1876.964
2025-12-20 17:45:00,1844.437
2025-12-20 18:00:00,1819.409
2025-12-20 18:15:00,1818.238
2025-12-20 18:30:00,1833.165
2025-12-20 18:45:00,1869.494
2025-12-20 19:00:00,1865.314
2025-12-20 19:15:00,1778.991
2025-12-20 19:30:00,1736.546
2025-12-20 19:45:00,1662.889
2025-12-20 20:00:00,1713.621
2025-12-20 20:15:00,1712.183
2025-12-20 20:30:00,1734.899
2025-12-20 20:45:00,1711.824
2025-12-20 21:00:00,1644.967
2025-12-20 21:15:00,1832.029
2025-12-20 21:30:00,1846.076
2025-12-20 21:45:00,1807.702
2025-12-20 22:00:00,1904.38
2025-12-20 22:15:00,1907.482
2025-12-20 22:30:00,1773.941
2025-12-20 22:45:00,1696.323
2025-12-20 23:00:00,1748.018
2025-12-20 23:15:00,1576.541
2025-12-20 23:30:00,1435.45
2025-12-20 23:45:00,1432.25
2025-12-21 00:00:00,1530.478
2025-12-21 00:15:00,1718.124
2025-12-21 00:30:00,1772.794
2025-12-21 00:45:00,1584.96
2025-12-21 01:00:00,1594.599
2025-12-21 01:15:00,1536.53
2025-12-21 01:30:00,1458.766
2025-12-21 01:45:00,1452.639
2025-12-21 02:00:00,1523.318
2025-12-21 02:15:00,1510.176
2025-12-21 02:30:00,1547.478
2025-12-21 02:45:00,1523.164
2025-12-21 03:00:00,1520.88
2025-12-21 03:15:00,1508.084
2025-12-21 03:30:00,1516.945
2025-12-21 03:45:00,1526.405
2025-12-21 04:00:00,1459.381
2025-12-21 04:15:00,1429.25
2025-12-21 04:30:00,1429.25
2025-12-21 04:45:00,1429.25
2025-12-21 05:00:00,1429.25
2025-12-21 05:15:00,1429.25
2025-12-21 05:30:00,1429.25
2025-12-21 05:45:00,1429.25
2025-12-21 06:00:00,1429.25
2025-12-21 06:15:00,1429.25
2025-12-21 06:30:00,1429.25
2025-12-21 06:45:00,1454.75
2025-12-21 07:00:00,1627.129
2025-12-21 07:15:00,1708.144
2025-12-21 07:30:00,1773.999
2025-12-21 07:45:00,1867.198
2025-12-21 08:00:00,1976.859
2025-12-21 08:15:00,2253.998
2025-12-21 08:30:00,2305.485
2025-12-21 08:45:00,2250.627
2025-12-21 09:00:00,2238.24
2025-12-21 09:15:00,2355.197
2025-12-21 09:30:00,2485.045
2025-12-21 09:45:00,2484.707
2025-12-21 10:00:00,2674.718
2025-12-21 10:15:00,2729.099
2025-12-21 10:30:00,2828.993
2025-12-21 10:45:00,2721.623
2025-12-21 11:00:00,2820.661
2025-12-21 11:15:00,2651.199
2025-12-21 11:30:00,2577.793
2025-12-21 11:45:00,2516.749
2025-12-21 12:00:00,2893.144
2025-12-21 12:15:00,2803.701
2025-12-21 12:30:00,2851.873
2025-12-21 12:45:00,2779.999
2025-12-21 13:00:00,2731.835
2025-12-21 13:15:00,2629.874
2025-12-21 13:30:00,2588.823
2025-12-21 13:45:00,2477.105
2025-12-21 14:00:00,2364.895
2025-12-21 14:15:00,2407.661
2025-12-21 14:30:00,2399.597
2025-12-21 14:45:00,2401.835
2025-12-21 15:00:00,2388.41
2025-12-21 15:15:00,2304.081
2025-12-21 15:30:00,2334.849
2025-12-21 15:45:00,2337.195
2025-12-21 16:00:00,2504.697
2025-12-21 16:15:00,2636.845
2025-12-21 16:30:00,2735.092
2025-12-21 16:45:00,2561.784
2025-12-21 17:00:00,2729.735
2025-12-21 17:15:00,2868.63
2025-12-21 17:30:00,2767.277
2025-12-21 17:45:00,2721.404
2025-12-21 18:00:00,2691.45
2025-12-21 18:15:00,2585.789
2025-12-21 18:30:00,2447.522
2025-12-21 18:45:00,2363.839
2025-12-21 19:00:00,2323.232
2025-12-21 19:15:00,2310.823
2025-12-21 19:30:00,2286.37
2025-12-21 19:45:00,2277.126
2025-12-21 20:00:00,2311.398
2025-12-21 20:15:00,2364.929
2025-12-21 20:30:00,2449.048
2025-12-21 20:45:00,2376.123
2025-12-21 21:00:00,2259.755
2025-12-21 21:15:00,2292.849
2025-12-21 21:30:00,2321.648
2025-12-21 21:45:00,2172.544
2025-12-21 22:00:00,2258.802
2025-12-21 22:15:00,2243.149
2025-12-21 22:30:00,2034.147
2025-12-21 22:45:00,1975.406
2025-12-21 23:00:00,2008.879
2025-12-21 23:15:00,2026.543
2025-12-21 23:30:00,1869.701
2025-12-21 23:45:00,1827.834
2025-12-22 00:00:00,2164.063
2025-12-22 00:15:00,2154.357
2025-12-22 00:30:00,2435.535
2025-12-22 00:45:00,2529.008
2025-12-22 01:00:00,2424.565
2025-12-22 01:15:00,2344.008
2025-12-22 01:30:00,2249.869
2025-12-22 01:45:00,2186.272
2025-12-22 02:00:00,2020.145
2025-12-22 02:15:00,1981.001
2025-12-22 02:30:00,1922.272
2025-12-22 02:45:00,1871.982
2025-12-22 03:00:00,1807.757
2025-12-22 03:15:00,1852.932
2025-12-22 03:30:00,1878.886
2025-12-22 03:45:00,1857.034
2025-12-22 04:00:00,1818.865
2025-12-22 04:15:00,1800.965
2025-12-22 04:30:00,1813.617
2025-12-22 04:45:00,1858.076
2025-12-22 05:00:00,1879.186
2025-12-22 05:15:00,1944.835
2025-12-22 05:30:00,1843.566
2025-12-22 05:45:00,1758.929
2025-12-22 06:00:00,1699.068
2025-12-22 06:15:00,1870.875
2025-12-22 06:30:00,1920.33
2025-12-22 06:45:00,1995.247
2025-12-22 07:00:00,2154.487
2025-12-22 07:15:00,2247.456
2025-12-22 07:30:00,2476.914
2025-12-22 07:45:00,2545.445
2025-12-22 08:00:00,2657.362
2025-12-22 08:15:00,2709.466
2025-12-22 08:30:00,2797.107
2025-12-22 08:45:00,2698.986
2025-12-22 09:00:00,2720.261
2025-12-22 09:15:00,2631.262
2025-12-22 09:30:00,2533.853
2025-12-22 09:45:00,2485.941
2025-12-22 10:00:00,2427.276
2025-12-22 10:15:00,2406.081
2025-12-22 10:30:00,2518.039
2025-12-22 10:45:00,2748.584
2025-12-22 11:00:00,2755.726
2025-12-22 11:15:00,2740.693
2025-12-22 11:30:00,2634.132
2025-12-22 11:45:00,2514.85
2025-12-22 12:00:00,2798.117
2025-12-22 12:15:00,2776.94
2025-12-22 12:30:00,2847.184
2025-12-22 12:45:00,2876.949
2025-12-22 13:00:00,2912.923
2025-12-22 13:15:00,2900.155
2025-12-22 13:30:00,2857.335
2025-12-22 13:45:00,2838.288
2025-12-22 14:00:00,2785.486
2025-12-22 14:15:00,2677.542
2025-12-22 14:30:00,2536.136
2025-12-22 14:45:00,2395.464
2025-12-22 15:00:00,2277.29
2025-12-22 15:15:00,2305.547
2025-12-22 15:30:00,2293.922
2025-12-22 15:45:00,2270.452
2025-12-22 16:00:00,2322.451
2025-12-22 16:15:00,2414.06
2025-12-22 16:30:00,2534.369
2025-12-22 16:45:00,2333.071
2025-12-22 17:00:00,2384.368
2025-12-22 17:15:00,2228.962
2025-12-22 17:30:00,2238.67
2025-12-22 17:45:00,2189.382
2025-12-22 18:00:00,2236.516
2025-12-22 18:15:00,2274.563
2025-12-22 18:30:00,2276.745
2025-12-22 18:45:00,2168.549
2025-12-22 19:00:00,2120.533
2025-12-22 19:15:00,2086.861
2025-12-22 19:30:00,2041.535
2025-12-22 19:45:00,2049.44
2025-12-22 20:00:00,2090.077
2025-12-22 20:15:00,2092.553
2025-12-22 20:30:00,2206.114
2025-12-22 20:45:00,2210.858
2025-12-22 21:00:00,2150.02
2025-12-22 21:15:00,2077.768
2025-12-22 21:30:00,2069.347
2025-12-22 21:45:00,2071.867
2025-12-22 22:00:00,2101.75
2025-12-22 22:15:00,2049.124
2025-12-22 22:30:00,1967.067
2025-12-22 22:45:00,1916.077
2025-12-22 23:00:00,1822.036
2025-12-22 23:15:00,1887.661
2025-12-22 23:30:00,1840.943
2025-12-22 23:45:00,1827.27
2025-12-23 00:00:00,1768.929
2025-12-23 00:15:00,1875.521
2025-12-23 00:30:00,2043.437
2025-12-23 00:45:00,1999.72
2025-12-23 01:00:00,1908.199
2025-12-23 01:15:00,1846.518
2025-12-23 01:30:00,1823.16
2025-12-23 01:45:00,1858.954
2025-12-23 02:00:00,1858.94
2025-12-23 02:15:00,1875.384
2025-12-23 02:30:00,1801.611
2025-12-23 02:45:00,1760.262
2025-12-23 03:00:00,1764.519
2025-12-23 03:15:00,1727.837
2025-12-23 03:30:00,1699.22
2025-12-23 03:45:00,1673.491
2025-12-23 04:00:00,1650.75
2025-12-23 04:15:00,1640.171
2025-12-23 04:30:00,1603.466
2025-12-23 04:45:00,1615.853
2025-12-23 05:00:00,1643.954
2025-12-23 05:15:00,1648.771
2025-12-23 05:30:00,1661.157
2025-12-23 05:45:00,1599.943
2025-12-23 06:00:00,1576.0
2025-12-23 06:15:00,1670.932
2025-12-23 06:30:00,1806.753
2025-12-23 06:45:00,1842.773
2025-12-23 07:00:00,1894.361
2025-12-23 07:15:00,1884.956
2025-12-23 07:30:00,1954.616
2025-12-23 07:45:00,1998.815
2025-12-23 08:00:00,2087.836
2025-12-23 08:15:00,2227.977
2025-12-23 08:30:00,2328.477
2025-12-23 08:45:00,2575.794
2025-12-23 09:00:00,2682.426
2025-12-23 09:15:00,2657.239
2025-12-23 09:30:00,2620.815
2025-12-23 09:45:00,2581.877
2025-12-23 10:00:00,2711.53
2025-12-23 10:15:00,2728.881
2025-12-23 10:30:00,2831.564
2025-12-23 10:45:00,2936.299
2025-12-23 11:00:00,2969.572
2025-12-23 11:15:00,2970.219
2025-12-23 11:30:00,3024.12
2025-12-23 11:45:00,2972.058
2025-12-23 12:00:00,3322.144
2025-12-23 12:15:00,3233.938
2025-12-23 12:30:00,3205.26
2025-12-23 12:45:00,3175.611
2025-12-23 13:00:00,3320.18
2025-12-23 13:15:00,3336.622
2025-12-23 13:30:00,3361.941
2025-12-23 13:45:00,3168.286
2025-12-23 14:00:00,2901.967
2025-12-23 14:15:00,2703.696
2025-12-23 14:30:00,2558.55
2025-12-23 14:45:00,2604.468
2025-12-23 15:00:00,2780.218
2025-12-23 15:15:00,2821.531
2025-12-23 15:30:00,2912.349
2025-12-23 15:45:00,2837.594
2025-12-23 16:00:00,2715.251
2025-12-23 16:15:00,2631.906
2025-12-23 16:30:00,2590.316
2025-12-23 16:45:00,2543.212
2025-12-23 17:00:00,2670.429
2025-12-23 17:15:00,2608.972
2025-12-23 17:30:00,2676.792
2025-12-23 17:45:00,2670.844
2025-12-23 18:00:00,2690.666
2025-12-23 18:15:00,2596.578
2025-12-23 18:30:00,2446.693
2025-12-23 18:45:00,2357.052
2025-12-23 19:00:00,2282.14
2025-12-23 19:15:00,2254.214
2025-12-23 19:30:00,2206.704
2025-12-23 19:45:00,2198.534
2025-12-23 20:00:00,2187.58
2025-12-23 20:15:00,2251.717
2025-12-23 20:30:00,2366.609
2025-12-23 20:45:00,2427.88
2025-12-23 21:00:00,2373.698
2025-12-23 21:15:00,2334.565
2025-12-23 21:30:00,2334.597
2025-12-23 21:45:00,2285.994
2025-12-23 22:00:00,2189.729
2025-12-23 22:15:00,2097.566
2025-12-23 22:30:00,1961.22
2025-12-23 22:45:00,1893.463
2025-12-23 23:00:00,1834.87
2025-12-23 23:15:00,1816.238
2025-12-23 23:30:00,1809.571
2025-12-23 23:45:00,1739.05
2025-12-24 00:00:00,1833.034
2025-12-24 00:15:00,2089.008
2025-12-24 00:30:00,2270.743
2025-12-24 00:45:00,2275.189
2025-12-24 01:00:00,2194.108
2025-12-24 01:15:00,2045.172
2025-12-24 01:30:00,1989.319
2025-12-24 01:45:00,1928.293
2025-12-24 02:00:00,1895.011
2025-12-24 02:15:00,1827.75
2025-12-24 02:30:00,1780.787
2025-12-24 02:45:00,1802.784
2025-12-24 03:00:00,1805.957
2025-12-24 03:15:00,1804.49
2025-12-24 03:30:00,1767.79
2025-12-24 03:45:00,1829.981
2025-12-24 04:00:00,1818.051
2025-12-24 04:15:00,1787.792
2025-12-24 04:30:00,1829.927
2025-12-24 04:45:00,1800.62
2025-12-24 05:00:00,1824.416
2025-12-24 05:15:00,1875.822
2025-12-24 05:30:00,1932.185
2025-12-24 05:45:00,1964.256
2025-12-24 06:00:00,1947.445
2025-12-24 06:15:00,2015.256
2025-12-24 06:30:00,2188.65
2025-12-24 06:45:00,2335.198
2025-12-24 07:00:00,2376.38
2025-12-24 07:15:00,2183.964
2025-12-24 07:30:00,2236.897
2025-12-24 07:45:00,2268.835
2025-12-24 08:00:00,2404.188
2025-12-24 08:15:00,2531.853
2025-12-24 08:30:00,2680.289
2025-12-24 08:45:00,2787.625
2025-12-24 09:00:00,2817.302
2025-12-24 09:15:00,2855.596
2025-12-24 09:30:00,2890.633
2025-12-24 09:45:00,2945.79
2025-12-24 10:00:00,3118.393
2025-12-24 10:15:00,3177.744
2025-12-24 10:30:00,3228.786
2025-12-24 10:45:00,3288.383
2025-12-24 11:00:00,3292.447
2025-12-24 11:15:00,3211.486
2025-12-24 11:30:00,3084.672
2025-12-24 11:45:00,3130.106
2025-12-24 12:00:00,3438.7
2025-12-24 12:15:00,3479.978
2025-12-24 12:30:00,3500.052
2025-12-24 12:45:00,3339.973
2025-12-24 13:00:00,3309.22
2025-12-24 13:15:00,3261.218
2025-12-24 13:30:00,3342.979
2025-12-24 13:45:00,3094.27
2025-12-24 14:00:00,2966.144
2025-12-24 14:15:00,2807.246
2025-12-24 14:30:00,2790.081
2025-12-24 14:45:00,2779.295
2025-12-24 15:00:00,2783.864
2025-12-24 15:15:00,2785.723
2025-12-24 15:30:00,2824.8
2025-12-24 15:45:00,2776.466
2025-12-24 16:00:00,2638.669
2025-12-24 16:15:00,2615.146
2025-12-24 16:30:00,2680.242
2025-12-24 16:45:00,2615.33
2025-12-24 17:00:00,2711.694
2025-12-24 17:15:00,2679.618
2025-12-24 17:30:00,2677.261
2025-12-24 17:45:00,2661.412
2025-12-24 18:00:00,2635.436
2025-12-24 18:15:00,2634.223
2025-12-24 18:30:00,2521.334
2025-12-24 18:45:00,2539.44
2025-12-24 19:00:00,2558.816
2025-12-24 19:15:00,2519.39
2025-12-24 19:30:00,2504.958
2025-12-24 19:45:00,2464.257
2025-12-24 20:00:00,2467.954
2025-12-24 20:15:00,2493.205
2025-12-24 20:30:00,2493.725
2025-12-24 20:45:00,2568.291
2025-12-24 21:00:00,2616.217
2025-12-24 21:15:00,2636.522
2025-12-24 21:30:00,2610.476
2025-12-24 21:45:00,2619.028
2025-12-24 22:00:00,2521.159
2025-12-24 22:15:00,2284.292
2025-12-24 22:30:00,2125.585
2025-12-24 22:45:00,2054.154
2025-12-24 23:00:00,1911.492
2025-12-24 23:15:00,1812.755
2025-12-24 23:30:00,1703.492
2025-12-24 23:45:00,1677.571
2025-12-25 00:00:00,1715.56
2025-12-25 00:15:00,1842.531
2025-12-25 00:30:00,2018.596
2025-12-25 00:45:00,1936.83
2025-12-25 01:00:00,1874.283
2025-12-25 01:15:00,1851.595
2025-12-25 01:30:00,1739.409
2025-12-25 01:45:00,1660.975
2025-12-25 02:00:00,1635.641
2025-12-25 02:15:00,1557.5
2025-12-25 02:30:00,1557.5
2025-12-25 02:45:00,1557.5
2025-12-25 03:00:00,1557.5
2025-12-25 03:15:00,1557.5
2025-12-25 03:30:00,1557.5
2025-12-25 03:45:00,1561.624
2025-12-25 04:00:00,1565.48
2025-12-25 04:15:00,1557.5
2025-12-25 04:30:00,1564.623
2025-12-25 04:45:00,1557.5
2025-12-25 05:00:00,1557.5
2025-12-25 05:15:00,1557.5
2025-12-25 05:30:00,1557.5
2025-12-25 05:45:00,1557.5
2025-12-25 06:00:00,1557.5
2025-12-25 06:15:00,1557.5
2025-12-25 06:30:00,1650.222
2025-12-25 06:45:00,1771.261
2025-12-25 07:00:00,1866.786
2025-12-25 07:15:00,1957.54
2025-12-25 07:30:00,2126.376
2025-12-25 07:45:00,2213.919
2025-12-25 08:00:00,2269.496
2025-12-25 08:15:00,2382.304
2025-12-25 08:30:00,2358.606
2025-12-25 08:45:00,2359.283
2025-12-25 09:00:00,2282.909
2025-12-25 09:15:00,2035.506
2025-12-25 09:30:00,1912.965
2025-12-25 09:45:00,1889.272
2025-12-25 10:00:00,1760.35
2025-12-25 10:15:00,1737.314
2025-12-25 10:30:00,1721.748
2025-12-25 10:45:00,1661.38
2025-12-25 11:00:00,1561.541
2025-12-25 11:15:00,1557.5
2025-12-25 11:30:00,1557.5
2025-12-25 11:45:00,1557.5
2025-12-25 12:00:00,1557.5
2025-12-25 12:15:00,1564.203
2025-12-25 12:30:00,1557.5
2025-12-25 12:45:00,1557.5
2025-12-25 13:00:00,1557.5
2025-12-25 13:15:00,1557.5
2025-12-25 13:30:00,1557.5
2025-12-25 13:45:00,1557.5
2025-12-25 14:00:00,1557.5
2025-12-25 14:15:00,1557.5
2025-12-25 14:30:00,1557.5
2025-12-25 14:45:00,1557.5
2025-12-25 15:00:00,1559.578
2025-12-25 15:15:00,1622.153
2025-12-25 15:30:00,1721.998
2025-12-25 15:45:00,1958.699
2025-12-25 16:00:00,2167.657
2025-12-25 16:15:00,2410.559
2025-12-25 16:30:00,2805.173
2025-12-25 16:45:00,2783.144
2025-12-25 17:00:00,2671.595
2025-12-25 17:15:00,2580.42
2025-12-25 17:30:00,2250.547
2025-12-25 17:45:00,2266.055
2025-12-25 18:00:00,2279.77
2025-12-25 18:15:00,2266.009
2025-12-25 18:30:00,2236.386
2025-12-25 18:45:00,2238.483
2025-12-25 19:00:00,2292.086
2025-12-25 19:15:00,2242.072
2025-12-25 19:30:00,2291.885
2025-12-25 19:45:00,2335.103
2025-12-25 20:00:00,2363.553
2025-12-25 20:15:00,2316.133
2025-12-25 20:30:00,2408.609
2025-12-25 20:45:00,2373.481
2025-12-25 21:00:00,2372.411
2025-12-25 21:15:00,2384.774
2025-12-25 21:30:00,2487.572
2025-12-25 21:45:00,2436.356
2025-12-25 22:00:00,2445.668
2025-12-25 22:15:00,2305.366
2025-12-25 22:30:00,2293.454
2025-12-25 22:45:00,2125.215
2025-12-25 23:00:00,2013.542
2025-12-25 23:15:00,1876.098
2025-12-25 23:30:00,1815.959
2025-12-25 23:45:00,1774.676
2025-12-26 00:00:00,2114.346
2025-12-26 00:15:00,2222.189
2025-12-26 00:30:00,2256.068
2025-12-26 00:45:00,2168.11
2025-12-26 01:00:00,2030.004
2025-12-26 01:15:00,1978.669
2025-12-26 01:30:00,1957.098
2025-12-26 01:45:00,1882.923
2025-12-26 02:00:00,1861.444
2025-12-26 02:15:00,1876.421
2025-12-26 02:30:00,1991.932
2025-12-26 02:45:00,2106.268
2025-12-26 03:00:00,2057.452
2025-12-26 03:15:00,2064.341
2025-12-26 03:30:00,2042.5
2025-12-26 03:45:00,2041.63
2025-12-26 04:00:00,2038.513
2025-12-26 04:15:00,2035.228
2025-12-26 04:30:00,1818.947
2025-12-26 04:45:00,1686.315
2025-12-26 05:00:00,1664.141
2025-12-26 05:15:00,1733.646
2025-12-26 05:30:00,1799.66
2025-12-26 05:45:00,1828.478
2025-12-26 06:00:00,1885.887
2025-12-26 06:15:00,2054.885
2025-12-26 06:30:00,2060.075
2025-12-26 06:45:00,2418.743
2025-12-26 07:00:00,2695.875
2025-12-26 07:15:00,3014.356
2025-12-26 07:30:00,3345.137
2025-12-26 07:45:00,3464.819
2025-12-26 08:00:00,3430.682
2025-12-26 08:15:00,3330.026
2025-12-26 08:30:00,3315.299
2025-12-26 08:45:00,3217.747
2025-12-26 09:00:00,3052.982
2025-12-26 09:15:00,2642.115
2025-12-26 09:30:00,2412.117
2025-12-26 09:45:00,2265.556
2025-12-26 10:00:00,1990.193
2025-12-26 10:15:00,1886.309
2025-12-26 10:30:00,1694.023
2025-12-26 10:45:00,1709.681
2025-12-26 11:00:00,1701.734
2025-12-26 11:15:00,1694.743
2025-12-26 11:30:00,1678.867
2025-12-26 11:45:00,1615.198
2025-12-26 12:00:00,2006.355
2025-12-26 12:15:00,1893.998
2025-12-26 12:30:00,1864.08
2025-12-26 12:45:00,1903.784
2025-12-26 13:00:00,1899.242
2025-12-26 13:15:00,1870.259
2025-12-26 13:30:00,1819.262
2025-12-26 13:45:00,1696.545
2025-12-26 14:00:00,1567.425
2025-12-26 14:15:00,1607.38
2025-12-26 14:30:00,1574.489
2025-12-26 14:45:00,1654.041
2025-12-26 15:00:00,1749.397
2025-12-26 15:15:00,1751.947
2025-12-26 15:30:00,1894.622
2025-12-26 15:45:00,2297.796
2025-12-26 16:00:00,2581.145
2025-12-26 16:15:00,2855.288
2025-12-26 16:30:00,3166.649
2025-12-26 16:45:00,3502.581
2025-12-26 17:00:00,3610.89
2025-12-26 17:15:00,3488.928
2025-12-26 17:30:00,3351.705
2025-12-26 17:45:00,3299.927
2025-12-26 18:00:00,3624.918
2025-12-26 18:15:00,3666.48
2025-12-26 18:30:00,3602.221
2025-12-26 18:45:00,3527.202
2025-12-26 19:00:00,3508.615
2025-12-26 19:15:00,3390.695
2025-12-26 19:30:00,3413.71
2025-12-26 19:45:00,3347.694
2025-12-26 20:00:00,3518.594
2025-12-26 20:15:00,3438.834
2025-12-26 20:30:00,3487.548
2025-12-26 20:45:00,3605.989
2025-12-26 21:00:00,3637.669
2025-12-26 21:15:00,3626.219
2025-12-26 21:30:00,3671.505
2025-12-26 21:45:00,3658.077
2025-12-26 22:00:00,3641.401
2025-12-26 22:15:00,3512.319
2025-12-26 22:30:00,3516.904
2025-12-26 22:45:00,3364.602
2025-12-26 23:00:00,3284.962
2025-12-26 23:15:00,3127.852
2025-12-26 23:30:00,2914.473
2025-12-26 23:45:00,2825.717
2025-12-27 00:00:00,3283.916
2025-12-27 00:15:00,3393.909
2025-12-27 00:30:00,3522.656
2025-12-27 00:45:00,3384.626
2025-12-27 01:00:00,3322.346
2025-12-27 01:15:00,3182.729
2025-12-27 01:30:00,3053.696
2025-12-27 01:45:00,2995.317
2025-12-27 02:00:00,2888.242
2025-12-27 02:15:00,2775.981
2025-12-27 02:30:00,2720.718
2025-12-27 02:45:00,2631.271
2025-12-27 03:00:00,2623.938
2025-12-27 03:15:00,2635.435
2025-12-27 03:30:00,2725.857
2025-12-27 03:45:00,2678.673
2025-12-27 04:00:00,2625.882
2025-12-27 04:15:00,2652.582
2025-12-27 04:30:00,2661.837
2025-12-27 04:45:00,2724.852
2025-12-27 05:00:00,2744.981
2025-12-27 05:15:00,2622.258
2025-12-27 05:30:00,2469.637
2025-12-27 05:45:00,2426.716
2025-12-27 06:00:00,2401.497
2025-12-27 06:15:00,2795.944
2025-12-27 06:30:00,2720.203
2025-12-27 06:45:00,2832.384
2025-12-27 07:00:00,2944.534
2025-12-27 07:15:00,3073.9
2025-12-27 07:30:00,3134.115
2025-12-27 07:45:00,3212.432
2025-12-27 08:00:00,3285.441
2025-12-27 08:15:00,3394.184
2025-12-27 08:30:00,3404.957
2025-12-27 08:45:00,3252.013
2025-12-27 09:00:00,3112.814
2025-12-27 09:15:00,2927.303
2025-12-27 09:30:00,2521.852
2025-12-27 09:45:00,2329.856
2025-12-27 10:00:00,2293.831
2025-12-27 10:15:00,2177.743
2025-12-27 10:30:00,1817.414
2025-12-27 10:45:00,1937.959
2025-12-27 11:00:00,1917.78
2025-12-27 11:15:00,1784.551
2025-12-27 11:30:00,1624.328
2025-12-27 11:45:00,1566.061
2025-12-27 12:00:00,1806.643
2025-12-27 12:15:00,1832.096
2025-12-27 12:30:00,1799.709
2025-12-27 12:45:00,1662.702
2025-12-27 13:00:00,1818.942
2025-12-27 13:15:00,1951.284
2025-12-27 13:30:00,2145.318
2025-12-27 13:45:00,2100.612
2025-12-27 14:00:00,2079.514
2025-12-27 14:15:00,1994.431
2025-12-27 14:30:00,1986.16
2025-12-27 14:45:00,1893.279
2025-12-27 15:00:00,1978.74
2025-12-27 15:15:00,1955.804
2025-12-27 15:30:00,2172.723
2025-12-27 15:45:00,1843.149
2025-12-27 16:00:00,2195.527
2025-12-27 16:15:00,2451.716
2025-12-27 16:30:00,2997.709
2025-12-27 16:45:00,3369.504
2025-12-27 17:00:00,3429.875
2025-12-27 17:15:00,3379.32
2025-12-27 17:30:00,3249.648
2025-12-27 17:45:00,3333.5
2025-12-27 18:00:00,3371.873
2025-12-27 18:15:00,3350.548
2025-12-27 18:30:00,3243.011
2025-12-27 18:45:00,3181.333
2025-12-27 19:00:00,3170.283
2025-12-27 19:15:00,3131.923
2025-12-27 19:30:00,3111.317
2025-12-27 19:45:00,3116.51
2025-12-27 20:00:00,3244.814
2025-12-27 20:15:00,3197.022
2025-12-27 20:30:00,3293.228
2025-12-27 20:45:00,3256.989
2025-12-27 21:00:00,3315.452
2025-12-27 21:15:00,3269.392
2025-12-27 21:30:00,3294.961
2025-12-27 21:45:00,3229.876
2025-12-27 22:00:00,3223.336
2025-12-27 22:15:00,3143.419
2025-12-27 22:30:00,3078.484
2025-12-27 22:45:00,2987.561
2025-12-27 23:00:00,2994.903
2025-12-27 23:15:00,3027.13
2025-12-27 23:30:00,2870.427
2025-12-27 23:45:00,2816.5
2025-12-28 00:00:00,2984.865
2025-12-28 00:15:00,3079.127
2025-12-28 00:30:00,3200.101
2025-12-28 00:45:00,3080.629
2025-12-28 01:00:00,2949.974
2025-12-28 01:15:00,2858.818
2025-12-28 01:30:00,2639.745
2025-12-28 01:45:00,2524.919
2025-12-28 02:00:00,2569.723
2025-12-28 02:15:00,2663.321
2025-12-28 02:30:00,2731.702
2025-12-28 02:45:00,2669.937
2025-12-28 03:00:00,2464.716
2025-12-28 03:15:00,2355.129
2025-12-28 03:30:00,2324.93
2025-12-28 03:45:00,2288.673
2025-12-28 04:00:00,2286.624
2025-12-28 04:15:00,2255.063
2025-12-28 04:30:00,2379.944
2025-12-28 04:45:00,2392.695
2025-12-28 05:00:00,2490.801
2025-12-28 05:15:00,2472.062
2025-12-28 05:30:00,2468.355
2025-12-28 05:45:00,2396.268
2025-12-28 06:00:00,2414.023
2025-12-28 06:15:00,2466.308
2025-12-28 06:30:00,2539.547
2025-12-28 06:45:00,2553.049
2025-12-28 07:00:00,2584.392
2025-12-28 07:15:00,2786.218
2025-12-28 07:30:00,2908.991
2025-12-28 07:45:00,3116.385
2025-12-28 08:00:00,3184.415
2025-12-28 08:15:00,3187.576
2025-12-28 08:30:00,2998.133
2025-12-28 08:45:00,2853.348
2025-12-28 09:00:00,2649.747
2025-12-28 09:15:00,2377.284
2025-12-28 09:30:00,2132.734
2025-12-28 09:45:00,1910.473
2025-12-28 10:00:00,1721.121
2025-12-28 10:15:00,1488.933
2025-12-28 10:30:00,1480.75
2025-12-28 10:45:00,1708.007
2025-12-28 11:00:00,1846.755
2025-12-28 11:15:00,1521.95
2025-12-28 11:30:00,1480.75
2025-12-28 11:45:00,1480.75
2025-12-28 12:00:00,1536.147
2025-12-28 12:15:00,1480.75
2025-12-28 12:30:00,1493.083
2025-12-28 12:45:00,1480.75
2025-12-28 13:00:00,1665.415
2025-12-28 13:15:00,1758.082
2025-12-28 13:30:00,1673.361
2025-12-28 13:45:00,1556.035
2025-12-28 14:00:00,1480.75
2025-12-28 14:15:00,1480.75
2025-12-28 14:30:00,1480.75
2025-12-28 14:45:00,1480.75
2025-12-28 15:00:00,1484.75
2025-12-28 15:15:00,1589.314
2025-12-28 15:30:00,1914.396
2025-12-28 15:45:00,2253.265
2025-12-28 16:00:00,2481.92
2025-12-28 16:15:00,2827.04
2025-12-28 16:30:00,2529.436
2025-12-28 16:45:00,2869.517
2025-12-28 17:00:00,3448.474
2025-12-28 17:15:00,3162.759
2025-12-28 17:30:00,3146.983
2025-12-28 17:45:00,3058.5
2025-12-28 18:00:00,3035.506
2025-12-28 18:15:00,3008.216
2025-12-28 18:30:00,2926.194
2025-12-28 18:45:00,2865.509
2025-12-28 19:00:00,2865.455
2025-12-28 19:15:00,2747.378
2025-12-28 19:30:00,2718.114
2025-12-28 19:45:00,2808.661
2025-12-28 20:00:00,2969.036
2025-12-28 20:15:00,3006.497
2025-12-28 20:30:00,3109.467
2025-12-28 20:45:00,3077.509
2025-12-28 21:00:00,3192.502
2025-12-28 21:15:00,3199.255
2025-12-28 21:30:00,3118.505
2025-12-28 21:45:00,3089.87
2025-12-28 22:00:00,2959.048
2025-12-28 22:15:00,2836.676
2025-12-28 22:30:00,2765.026
2025-12-28 22:45:00,2638.099
2025-12-28 23:00:00,2530.5
2025-12-28 23:15:00,2336.308
2025-12-28 23:30:00,2215.3
2025-12-28 23:45:00,2197.977
2025-12-29 00:00:00,2625.963
2025-12-29 00:15:00,2676.862
2025-12-29 00:30:00,2778.403
2025-12-29 00:45:00,2664.666
2025-12-29 01:00:00,2495.609
2025-12-29 01:15:00,2350.468
2025-12-29 01:30:00,2258.743
2025-12-29 01:45:00,2317.826
2025-12-29 02:00:00,2383.269
2025-12-29 02:15:00,2325.894
2025-12-29 02:30:00,2272.243
2025-12-29 02:45:00,2208.229
2025-12-29 03:00:00,2189.686
2025-12-29 03:15:00,2167.656
2025-12-29 03:30:00,2132.466
2025-12-29 03:45:00,2110.754
2025-12-29 04:00:00,2162.849
2025-12-29 04:15:00,2112.096
2025-12-29 04:30:00,2137.825
2025-12-29 04:45:00,2150.447
2025-12-29 05:00:00,2224.25
2025-12-29 05:15:00,2239.111
2025-12-29 05:30:00,2250.51
2025-12-29 05:45:00,2233.342
2025-12-29 06:00:00,2292.437
2025-12-29 06:15:00,2455.224
2025-12-29 06:30:00,2527.305
2025-12-29 06:45:00,2730.379
2025-12-29 07:00:00,2955.292
2025-12-29 07:15:00,3240.645
2025-12-29 07:30:00,3518.701
2025-12-29 07:45:00,3520.672
2025-12-29 08:00:00,3368.397
2025-12-29 08:15:00,3410.19
2025-12-29 08:30:00,3306.863
2025-12-29 08:45:00,3136.386
2025-12-29 09:00:00,2940.791
2025-12-29 09:15:00,2843.326
2025-12-29 09:30:00,2757.775
2025-12-29 09:45:00,2779.936
2025-12-29 10:00:00,2777.898
2025-12-29 10:15:00,2833.608
2025-12-29 10:30:00,3052.147
2025-12-29 10:45:00,3355.232
2025-12-29 11:00:00,3620.415
2025-12-29 11:15:00,3597.398
2025-12-29 11:30:00,3680.068
2025-12-29 11:45:00,3566.256
2025-12-29 12:00:00,3685.793
2025-12-29 12:15:00,3648.872
2025-12-29 12:30:00,3508.936
2025-12-29 12:45:00,3443.795
2025-12-29 13:00:00,3462.425
2025-12-29 13:15:00,3226.37
2025-12-29 13:30:00,3210.101
2025-12-29 13:45:00,3059.086
2025-12-29 14:00:00,3159.16
2025-12-29 14:15:00,2965.75
2025-12-29 14:30:00,2890.052
2025-12-29 14:45:00,2746.37
2025-12-29 15:00:00,2637.854
2025-12-29 15:15:00,2786.898
2025-12-29 15:30:00,3089.924
2025-12-29 15:45:00,3196.58
2025-12-29 16:00:00,3288.289
2025-12-29 16:15:00,3497.738
2025-12-29 16:30:00,3682.197
2025-12-29 16:45:00,3617.293
2025-12-29 17:00:00,3616.415
2025-12-29 17:15:00,3277.035
2025-12-29 17:30:00,2986.439
2025-12-29 17:45:00,3174.918
2025-12-29 18:00:00,3246.984
2025-12-29 18:15:00,3222.923
2025-12-29 18:30:00,3168.816
2025-12-29 18:45:00,3159.746
2025-12-29 19:00:00,3060.843
2025-12-29 19:15:00,2981.742
2025-12-29 19:30:00,2962.048
2025-12-29 19:45:00,2866.049
2025-12-29 20:00:00,3003.961
2025-12-29 20:15:00,2984.971
2025-12-29 20:30:00,2982.271
2025-12-29 20:45:00,2912.189
2025-12-29 21:00:00,3058.18
2025-12-29 21:15:00,3038.835
2025-12-29 21:30:00,3009.445
2025-12-29 21:45:00,2911.037
2025-12-29 22:00:00,2877.3
2025-12-29 22:15:00,2685.605
2025-12-29 22:30:00,2623.304
2025-12-29 22:45:00,2473.73
2025-12-29 23:00:00,2388.5
2025-12-29 23:15:00,2227.482
2025-12-29 23:30:00,2008.891
2025-12-29 23:45:00,2013.833
2025-12-30 00:00:00,2450.351
2025-12-30 00:15:00,2503.462
2025-12-30 00:30:00,2540.815
2025-12-30 00:45:00,2427.059
2025-12-30 01:00:00,2364.132
2025-12-30 01:15:00,2395.257
2025-12-30 01:30:00,2326.648
2025-12-30 01:45:00,2221.263
2025-12-30 02:00:00,2234.346
2025-12-30 02:15:00,2263.623
2025-12-30 02:30:00,2220.152
2025-12-30 02:45:00,2183.252
2025-12-30 03:00:00,2135.117
2025-12-30 03:15:00,2072.351
2025-12-30 03:30:00,2081.188
2025-12-30 03:45:00,2039.939
2025-12-30 04:00:00,2163.433
2025-12-30 04:15:00,2155.337
2025-12-30 04:30:00,2133.24
2025-12-30 04:45:00,2127.016
2025-12-30 05:00:00,2058.926
2025-12-30 05:15:00,2134.408
2025-12-30 05:30:00,2069.523
2025-12-30 05:45:00,1907.322
2025-12-30 06:00:00,1927.484
2025-12-30 06:15:00,2000.828
2025-12-30 06:30:00,2188.548
2025-12-30 06:45:00,2195.041
2025-12-30 07:00:00,2297.645
2025-12-30 07:15:00,2445.692
2025-12-30 07:30:00,2572.18
2025-12-30 07:45:00,2647.052
2025-12-30 08:00:00,2658.062
2025-12-30 08:15:00,2684.353
2025-12-30 08:30:00,2697.967
2025-12-30 08:45:00,2697.972
2025-12-30 09:00:00,2758.946
2025-12-30 09:15:00,2672.204
2025-12-30 09:30:00,2770.391
2025-12-30 09:45:00,2635.823
2025-12-30 10:00:00,2443.964
2025-12-30 10:15:00,2416.816
2025-12-30 10:30:00,2486.461
2025-12-30 10:45:00,2547.608
2025-12-30 11:00:00,2620.729
2025-12-30 11:15:00,2430.349
2025-12-30 11:30:00,2362.551
2025-12-30 11:45:00,2292.165
2025-12-30 12:00:00,2584.325
2025-12-30 12:15:00,2482.479
2025-12-30 12:30:00,2469.456
2025-12-30 12:45:00,2504.442
2025-12-30 13:00:00,2775.584
2025-12-30 13:15:00,2422.139
2025-12-30 13:30:00,2124.05
2025-12-30 13:45:00,1998.359
2025-12-30 14:00:00,2174.596
2025-12-30 14:15:00,2191.101
2025-12-30 14:30:00,2027.005
2025-12-30 14:45:00,2272.757
2025-12-30 15:00:00,2255.282
2025-12-30 15:15:00,2119.406
2025-12-30 15:30:00,2215.163
2025-12-30 15:45:00,2515.944
2025-12-30 16:00:00,2539.187
2025-12-30 16:15:00,2738.124
2025-12-30 16:30:00,2849.799
2025-12-30 16:45:00,2945.512
2025-12-30 17:00:00,2882.799
2025-12-30 17:15:00,2687.763
2025-12-30 17:30:00,2583.046
2025-12-30 17:45:00,2662.082
2025-12-30 18:00:00,2731.483
2025-12-30 18:15:00,2757.981
2025-12-30 18:30:00,2762.854
2025-12-30 18:45:00,2599.259
2025-12-30 19:00:00,2409.911
2025-12-30 19:15:00,2309.304
2025-12-30 19:30:00,2290.725
2025-12-30 19:45:00,2289.469
2025-12-30 20:00:00,2325.526
2025-12-30 20:15:00,2316.696
2025-12-30 20:30:00,2386.899
2025-12-30 20:45:00,2408.388
2025-12-30 21:00:00,2501.065
2025-12-30 21:15:00,2551.29
2025-12-30 21:30:00,2528.866
2025-12-30 21:45:00,2502.951
2025-12-30 22:00:00,2360.834
2025-12-30 22:15:00,2356.799
2025-12-30 22:30:00,2310.717
2025-12-30 22:45:00,2113.266
2025-12-30 23:00:00,2001.41
2025-12-30 23:15:00,1956.034
2025-12-30 23:30:00,1877.429
2025-12-30 23:45:00,1891.156
2025-12-31 00:00:00,2076.355
2025-12-31 00:15:00,2090.964
2025-12-31 00:30:00,2136.771
2025-12-31 00:45:00,2057.53
2025-12-31 01:00:00,1855.52
2025-12-31 01:15:00,1624.658
2025-12-31 01:30:00,1633.394
2025-12-31 01:45:00,1816.988
2025-12-31 02:00:00,1792.026
2025-12-31 02:15:00,1796.786
2025-12-31 02:30:00,1763.734
2025-12-31 02:45:00,1836.976
2025-12-31 03:00:00,1896.29
2025-12-31 03:15:00,1894.585
2025-12-31 03:30:00,1871.746
2025-12-31 03:45:00,1839.568
2025-12-31 04:00:00,1934.538
2025-12-31 04:15:00,1927.651
2025-12-31 04:30:00,1949.174
2025-12-31 04:45:00,1976.405
2025-12-31 05:00:00,1984.325
2025-12-31 05:15:00,1911.443
2025-12-31 05:30:00,1880.808
2025-12-31 05:45:00,1950.115
2025-12-31 06:00:00,1945.462
2025-12-31 06:15:00,1920.342
2025-12-31 06:30:00,2006.453
2025-12-31 06:45:00,1852.29
2025-12-31 07:00:00,2037.489
2025-12-31 07:15:00,2143.178
2025-12-31 07:30:00,2257.205
2025-12-31 07:45:00,2288.232
2025-12-31 08:00:00,2313.973
2025-12-31 08:15:00,2411.523
2025-12-31 08:30:00,2324.499
2025-12-31 08:45:00,2369.73
2025-12-31 09:00:00,2473.387
2025-12-31 09:15:00,2406.945
2025-12-31 09:30:00,2447.019
2025-12-31 09:45:00,2450.489
2025-12-31 10:00:00,2459.596
2025-12-31 10:15:00,2515.511
2025-12-31 10:30:00,2523.276
2025-12-31 10:45:00,2573.012
2025-12-31 11:00:00,2607.876
2025-12-31 11:15:00,2512.99
2025-12-31 11:30:00,2412.501
2025-12-31 11:45:00,2415.895
2025-12-31 12:00:00,2692.083
2025-12-31 12:15:00,2669.418
2025-12-31 12:30:00,2657.815
2025-12-31 12:45:00,2554.068
2025-12-31 13:00:00,2722.253
2025-12-31 13:15:00,2762.255
2025-12-31 13:30:00,2854.514
2025-12-31 13:45:00,2776.835
2025-12-31 14:00:00,2807.344
2025-12-31 14:15:00,2643.46
2025-12-31 14:30:00,2633.475
2025-12-31 14:45:00,2720.345
2025-12-31 15:00:00,2790.796
2025-12-31 15:15:00,2913.497
2025-12-31 15:30:00,2787.275
2025-12-31 15:45:00,2846.872
2025-12-31 16:00:00,2970.663
2025-12-31 16:15:00,3070.786
2025-12-31 16:30:00,2833.987
2025-12-31 16:45:00,2923.662
2025-12-31 17:00:00,2892.062
2025-12-31 17:15:00,2889.21
2025-12-31 17:30:00,2857.771
2025-12-31 17:45:00,2822.588
2025-12-31 18:00:00,2794.497
2025-12-31 18:15:00,2548.616
2025-12-31 18:30:00,2426.321
2025-12-31 18:45:00,2334.029
2025-12-31 19:00:00,2265.8
2025-12-31 19:15:00,2245.801
2025-12-31 19:30:00,2198.545
2025-12-31 19:45:00,2191.174
2025-12-31 20:00:00,2275.767
2025-12-31 20:15:00,2220.265
2025-12-31 20:30:00,2292.775
2025-12-31 20:45:00,2199.297
2025-12-31 21:00:00,2188.467
2025-12-31 21:15:00,2178.717
2025-12-31 21:30:00,2275.184
2025-12-31 21:45:00,2303.416
2025-12-31 22:00:00,2166.74
2025-12-31 22:15:00,2010.011
2025-12-31 22:30:00,1890.599
2025-12-31 22:45:00,1793.478
2025-12-31 23:00:00,1939.864
2025-12-31 23:15:00,2052.407
2025-12-31 23:30:00,1835.494
2025-12-31 23:45:00,1748.91
2026-01-01 00:00:00,2106.409
2026-01-01 00:15:00,2165.967
2026-01-01 00:30:00,2109.509
2026-01-01 00:45:00,2104.366
2026-01-01 01:00:00,1984.773
2026-01-01 01:15:00,2057.398
2026-01-01 01:30:00,1951.268
2026-01-01 01:45:00,1903.972
2026-01-01 02:00:00,1853.469
2026-01-01 02:15:00,1976.705
2026-01-01 02:30:00,1969.825
2026-01-01 02:45:00,1961.031
2026-01-01 03:00:00,1963.72
2026-01-01 03:15:00,1908.15
2026-01-01 03:30:00,1813.604
2026-01-01 03:45:00,1829.673
2026-01-01 04:00:00,1916.471
2026-01-01 04:15:00,2014.34
2026-01-01 04:30:00,2010.161
2026-01-01 04:45:00,2032.661
2026-01-01 05:00:00,1965.923
2026-01-01 05:15:00,1930.59
2026-01-01 05:30:00,1885.965
2026-01-01 05:45:00,1866.09
2026-01-01 06:00:00,1725.155
2026-01-01 06:15:00,1569.232
2026-01-01 06:30:00,1513.682
2026-01-01 06:45:00,1505.5
2026-01-01 07:00:00,1505.5
2026-01-01 07:15:00,1505.5
2026-01-01 07:30:00,1523.387
2026-01-01 07:45:00,1711.54
2026-01-01 08:00:00,1774.517
2026-01-01 08:15:00,2202.716
2026-01-01 08:30:00,2243.082
2026-01-01 08:45:00,2569.78
2026-01-01 09:00:00,2605.302
2026-01-01 09:15:00,2707.286
2026-01-01 09:30:00,2765.533
2026-01-01 09:45:00,2783.204
2026-01-01 10:00:00,2894.2
2026-01-01 10:15:00,2949.201
2026-01-01 10:30:00,3043.42
2026-01-01 10:45:00,2989.113
2026-01-01 11:00:00,3037.608
2026-01-01 11:15:00,3017.373
2026-01-01 11:30:00,2512.015
2026-01-01 11:45:00,2473.809
2026-01-01 12:00:00,3288.481
2026-01-01 12:15:00,3311.061
2026-01-01 12:30:00,3346.817
2026-01-01 12:45:00,3316.354
2026-01-01 13:00:00,3446.768
2026-01-01 13:15:00,3255.238
2026-01-01 13:30:00,3137.219
2026-01-01 13:45:00,3160.379
2026-01-01 14:00:00,3064.017
2026-01-01 14:15:00,3090.948
2026-01-01 14:30:00,3061.457
2026-01-01 14:45:00,2844.945
2026-01-01 15:00:00,2976.556
2026-01-01 15:15:00,3022.442
2026-01-01 15:30:00,3093.923
2026-01-01 15:45:00,3226.674
2026-01-01 16:00:00,3185.993
2026-01-01 16:15:00,3206.288
2026-01-01 16:30:00,3149.902
2026-01-01 16:45:00,3247.795
2026-01-01 17:00:00,3178.165
2026-01-01 17:15:00,3135.649
2026-01-01 17:30:00,2991.267
2026-01-01 17:45:00,3031.595
2026-01-01 18:00:00,3056.73
2026-01-01 18:15:00,2951.572
2026-01-01 18:30:00,2904.911
2026-01-01 18:45:00,2790.947
2026-01-01 19:00:00,2781.773
2026-01-01 19:15:00,2799.525
2026-01-01 19:30:00,2832.507
2026-01-01 19:45:00,2803.195
2026-01-01 20:00:00,2922.187
2026-01-01 20:15:00,2888.852
2026-01-01 20:30:00,2936.337
2026-01-01 20:45:00,3131.873
2026-01-01 21:00:00,3314.171
2026-01-01 21:15:00,3527.075
2026-01-01 21:30:00,3605.021
2026-01-01 21:45:00,3577.621
2026-01-01 22:00:00,3471.119
2026-01-01 22:15:00,3364.133
2026-01-01 22:30:00,3147.672
2026-01-01 22:45:00,2865.092
2026-01-01 23:00:00,2749.476
2026-01-01 23:15:00,2970.473
2026-01-01 23:30:00,2851.246
2026-01-01 23:45:00,2845.187
2026-01-02 00:00:00,2761.492
2026-01-02 00:15:00,2674.56
2026-01-02 00:30:00,2924.86
2026-01-02 00:45:00,2915.881
2026-01-02 01:00:00,2757.246
2026-01-02 01:15:00,2875.038
2026-01-02 01:30:00,2693.997
2026-01-02 01:45:00,2696.073
2026-01-02 02:00:00,2692.928
2026-01-02 02:15:00,2656.835
2026-01-02 02:30:00,2680.441
2026-01-02 02:45:00,2623.487
2026-01-02 03:00:00,2616.344
2026-01-02 03:15:00,2582.565
2026-01-02 03:30:00,2747.92
2026-01-02 03:45:00,2701.502
2026-01-02 04:00:00,2700.779
2026-01-02 04:15:00,2611.904
2026-01-02 04:30:00,2590.914
2026-01-02 04:45:00,2454.189
2026-01-02 05:00:00,2377.57
2026-01-02 05:15:00,2332.597
2026-01-02 05:30:00,2281.929
2026-01-02 05:45:00,2219.624
2026-01-02 06:00:00,2160.265
2026-01-02 06:15:00,2153.836
2026-01-02 06:30:00,2142.349
2026-01-02 06:45:00,2263.995
2026-01-02 07:00:00,2422.085
2026-01-02 07:15:00,2466.748
2026-01-02 07:30:00,2673.066
2026-01-02 07:45:00,2543.104
2026-01-02 08:00:00,2729.707
2026-01-02 08:15:00,3067.572
2026-01-02 08:30:00,3148.931
2026-01-02 08:45:00,3141.599
2026-01-02 09:00:00,3205.509
2026-01-02 09:15:00,3150.26
2026-01-02 09:30:00,3124.173
2026-01-02 09:45:00,3199.86
2026-01-02 10:00:00,3310.845
2026-01-02 10:15:00,3312.336
2026-01-02 10:30:00,3341.596
2026-01-02 10:45:00,3643.426
2026-01-02 11:00:00,3753.832
2026-01-02 11:15:00,3859.712
2026-01-02 11:30:00,3874.306
2026-01-02 11:45:00,3872.859
2026-01-02 12:00:00,4241.357
2026-01-02 12:15:00,4369.954
2026-01-02 12:30:00,4211.424
2026-01-02 12:45:00,3941.815
2026-01-02 13:00:00,4098.993
2026-01-02 13:15:00,3965.042
2026-01-02 13:30:00,3771.802
2026-01-02 13:45:00,3865.009
2026-01-02 14:00:00,3785.455
2026-01-02 14:15:00,3817.832
2026-01-02 14:30:00,3891.121
2026-01-02 14:45:00,3715.573
2026-01-02 15:00:00,3672.656
2026-01-02 15:15:00,3769.901
2026-01-02 15:30:00,3916.96
2026-01-02 15:45:00,4028.527
2026-01-02 16:00:00,4117.853
2026-01-02 16:15:00,4234.039
2026-01-02 16:30:00,4180.27
2026-01-02 16:45:00,3931.231
2026-01-02 17:00:00,3944.157
2026-01-02 17:15:00,3964.433
2026-01-02 17:30:00,3927.585
2026-01-02 17:45:00,3835.313
2026-01-02 18:00:00,3837.264
2026-01-02 18:15:00,3742.426
2026-01-02 18:30:00,3758.183
2026-01-02 18:45:00,3707.773
2026-01-02 19:00:00,3767.236
2026-01-02 19:15:00,3745.075
2026-01-02 19:30:00,3657.668
2026-01-02 19:45:00,3572.939
2026-01-02 20:00:00,3628.348
2026-01-02 20:15:00,3631.136
2026-01-02 20:30:00,3754.083
2026-01-02 20:45:00,3866.858
2026-01-02 21:00:00,4026.232
2026-01-02 21:15:00,4147.361
2026-01-02 21:30:00,4134.149
2026-01-02 21:45:00,4081.962
2026-01-02 22:00:00,4120.757
2026-01-02 22:15:00,4014.113
2026-01-02 22:30:00,3822.986
2026-01-02 22:45:00,3719.086
2026-01-02 23:00:00,3536.9
2026-01-02 23:15:00,3626.116
2026-01-02 23:30:00,3433.641
2026-01-02 23:45:00,3280.535
2026-01-03 00:00:00,3539.169
2026-01-03 00:15:00,3611.412
2026-01-03 00:30:00,3699.641
2026-01-03 00:45:00,3679.761
2026-01-03 01:00:00,3578.573
2026-01-03 01:15:00,3503.604
2026-01-03 01:30:00,3380.186
2026-01-03 01:45:00,3287.843
2026-01-03 02:00:00,3224.821
2026-01-03 02:15:00,3267.574
2026-01-03 02:30:00,3370.191
2026-01-03 02:45:00,3319.555
2026-01-03 03:00:00,3338.286
2026-01-03 03:15:00,3296.459
2026-01-03 03:30:00,3220.278
2026-01-03 03:45:00,3171.963
2026-01-03 04:00:00,3208.892
2026-01-03 04:15:00,3178.961
2026-01-03 04:30:00,3182.436
2026-01-03 04:45:00,3174.363
2026-01-03 05:00:00,3128.35
2026-01-03 05:15:00,3143.103
2026-01-03 05:30:00,3111.664
2026-01-03 05:45:00,3120.178
2026-01-03 06:00:00,3056.748
2026-01-03 06:15:00,3049.559
2026-01-03 06:30:00,3165.302
2026-01-03 06:45:00,3202.821
2026-01-03 07:00:00,3102.48
2026-01-03 07:15:00,3053.461
2026-01-03 07:30:00,3121.992
2026-01-03 07:45:00,3383.576
2026-01-03 08:00:00,3527.744
2026-01-03 08:15:00,3739.002
2026-01-03 08:30:00,3909.461
2026-01-03 08:45:00,3946.028
2026-01-03 09:00:00,4000.086
2026-01-03 09:15:00,4035.966
2026-01-03 09:30:00,4195.195
2026-01-03 09:45:00,4111.508
2026-01-03 10:00:00,4205.804
2026-01-03 10:15:00,4273.949
2026-01-03 10:30:00,4272.6
2026-01-03 10:45:00,4596.646
2026-01-03 11:00:00,4739.601
2026-01-03 11:15:00,4679.625
2026-01-03 11:30:00,4595.444
2026-01-03 11:45:00,4571.424
2026-01-03 12:00:00,4437.41
2026-01-03 12:15:00,4349.322
2026-01-03 12:30:00,4236.426
2026-01-03 12:45:00,4409.842
2026-01-03 13:00:00,4464.595
2026-01-03 13:15:00,4535.282
2026-01-03 13:30:00,4540.896
2026-01-03 13:45:00,4296.782
2026-01-03 14:00:00,4121.005
2026-01-03 14:15:00,4090.742
2026-01-03 14:30:00,4101.984
2026-01-03 14:45:00,4088.717
2026-01-03 15:00:00,4180.071
2026-01-03 15:15:00,4266.002
2026-01-03 15:30:00,4366.0
2026-01-03 15:45:00,4307.18
2026-01-03 16:00:00,4188.77
2026-01-03 16:15:00,4316.418
2026-01-03 16:30:00,4465.836
2026-01-03 16:45:00,4492.926
2026-01-03 17:00:00,4663.909
2026-01-03 17:15:00,4179.871
2026-01-03 17:30:00,4182.424
2026-01-03 17:45:00,4320.594
2026-01-03 18:00:00,4342.484
2026-01-03 18:15:00,4399.551
2026-01-03 18:30:00,4360.554
2026-01-03 18:45:00,4289.189
2026-01-03 19:00:00,4224.018
2026-01-03 19:15:00,4184.344
2026-01-03 19:30:00,4171.183
2026-01-03 19:45:00,4221.931
2026-01-03 20:00:00,4304.919
2026-01-03 20:15:00,4250.36
2026-01-03 20:30:00,4314.536
2026-01-03 20:45:00,4410.228
2026-01-03 21:00:00,4505.303
2026-01-03 21:15:00,4582.089
2026-01-03 21:30:00,4384.647
2026-01-03 21:45:00,4394.926
2026-01-03 22:00:00,4362.671
2026-01-03 22:15:00,4286.07
2026-01-03 22:30:00,3975.716
2026-01-03 22:45:00,3713.934
2026-01-03 23:00:00,3474.988
2026-01-03 23:15:00,3200.493
2026-01-03 23:30:00,3000.741
2026-01-03 23:45:00,2841.717
2026-01-04 00:00:00,3430.988
2026-01-04 00:15:00,3417.424
2026-01-04 00:30:00,3564.638
2026-01-04 00:45:00,3509.455
2026-01-04 01:00:00,3382.241
2026-01-04 01:15:00,3393.345
2026-01-04 01:30:00,3239.19
2026-01-04 01:45:00,3242.707
2026-01-04 02:00:00,3280.583
2026-01-04 02:15:00,3281.276
2026-01-04 02:30:00,3251.268
2026-01-04 02:45:00,3254.921
2026-01-04 03:00:00,3226.851
2026-01-04 03:15:00,3089.163
2026-01-04 03:30:00,3000.941
2026-01-04 03:45:00,2963.01
2026-01-04 04:00:00,2914.653
2026-01-04 04:15:00,2908.412
2026-01-04 04:30:00,2899.526
2026-01-04 04:45:00,2884.554
2026-01-04 05:00:00,2897.435
2026-01-04 05:15:00,2956.319
2026-01-04 05:30:00,2924.765
2026-01-04 05:45:00,2937.644
2026-01-04 06:00:00,2957.663
2026-01-04 06:15:00,3057.661
2026-01-04 06:30:00,3235.972
2026-01-04 06:45:00,3303.059
2026-01-04 07:00:00,3339.402
2026-01-04 07:15:00,3604.733
2026-01-04 07:30:00,3855.109
2026-01-04 07:45:00,4044.891
2026-01-04 08:00:00,4183.396
2026-01-04 08:15:00,4311.99
2026-01-04 08:30:00,4340.682
2026-01-04 08:45:00,4262.56
2026-01-04 09:00:00,4201.919
2026-01-04 09:15:00,5082.861
2026-01-04 09:30:00,4948.111
2026-01-04 09:45:00,4635.61
2026-01-04 10:00:00,4741.597
2026-01-04 10:15:00,4717.19
2026-01-04 10:30:00,4882.042
2026-01-04 10:45:00,5030.072
2026-01-04 11:00:00,5071.909
2026-01-04 11:15:00,5097.556
2026-01-04 11:30:00,5036.823
2026-01-04 11:45:00,5048.645
2026-01-04 12:00:00,5241.464
2026-01-04 12:15:00,5271.532
2026-01-04 12:30:00,5579.33
2026-01-04 12:45:00,5593.336
2026-01-04 13:00:00,5650.381
2026-01-04 13:15:00,5460.679
2026-01-04 13:30:00,5593.214
2026-01-04 13:45:00,5553.505
2026-01-04 14:00:00,5352.021
2026-01-04 14:15:00,5243.663
2026-01-04 14:30:00,4989.553
2026-01-04 14:45:00,4825.592
2026-01-04 15:00:00,4880.339
2026-01-04 15:15:00,4920.559
2026-01-04 15:30:00,4988.071
2026-01-04 15:45:00,4999.893
2026-01-04 16:00:00,5048.928
2026-01-04 16:15:00,5106.018
2026-01-04 16:30:00,5035.217
2026-01-04 16:45:00,4777.074
2026-01-04 17:00:00,4844.187
2026-01-04 17:15:00,4850.087
2026-01-04 17:30:00,4931.277
2026-01-04 17:45:00,4972.488
2026-01-04 18:00:00,4922.399
2026-01-04 18:15:00,4878.477
2026-01-04 18:30:00,4832.684
2026-01-04 18:45:00,4796.58
2026-01-04 19:00:00,4491.289
2026-01-04 19:15:00,4445.446
2026-01-04 19:30:00,4376.809
2026-01-04 19:45:00,4337.852
2026-01-04 20:00:00,4224.402
2026-01-04 20:15:00,4161.392
2026-01-04 20:30:00,4127.973
2026-01-04 20:45:00,4184.266
2026-01-04 21:00:00,4304.773
2026-01-04 21:15:00,4358.92
2026-01-04 21:30:00,4162.0
2026-01-04 21:45:00,4248.927
2026-01-04 22:00:00,4217.094
2026-01-04 22:15:00,3957.494
2026-01-04 22:30:00,3731.04
2026-01-04 22:45:00,3444.367
2026-01-04 23:00:00,3410.476
2026-01-04 23:15:00,3195.375
2026-01-04 23:30:00,3010.939
2026-01-04 23:45:00,2908.865
2026-01-05 00:00:00,3191.661
2026-01-05 00:15:00,3187.646
2026-01-05 00:30:00,3167.962
2026-01-05 00:45:00,3188.514
2026-01-05 01:00:00,3073.86
2026-01-05 01:15:00,3198.18
2026-01-05 01:30:00,3067.826
2026-01-05 01:45:00,3037.448
2026-01-05 02:00:00,3035.557
2026-01-05 02:15:00,3096.093
2026-01-05 02:30:00,3091.703
2026-01-05 02:45:00,2983.552
2026-01-05 03:00:00,2919.329
2026-01-05 03:15:00,2976.175
2026-01-05 03:30:00,2886.828
2026-01-05 03:45:00,2829.444
2026-01-05 04:00:00,2930.318
2026-01-05 04:15:00,2887.139
2026-01-05 04:30:00,2865.817
2026-01-05 04:45:00,2859.295
2026-01-05 05:00:00,2884.61
2026-01-05 05:15:00,2906.55
2026-01-05 05:30:00,2934.481
2026-01-05 05:45:00,2870.409
2026-01-05 06:00:00,2917.269
2026-01-05 06:15:00,3015.538
2026-01-05 06:30:00,3217.916
2026-01-05 06:45:00,3400.325
2026-01-05 07:00:00,3345.917
2026-01-05 07:15:00,3475.043
2026-01-05 07:30:00,3623.752
2026-01-05 07:45:00,3776.83
2026-01-05 08:00:00,3719.199
2026-01-05 08:15:00,3867.159
2026-01-05 08:30:00,4207.105
2026-01-05 08:45:00,4237.91
2026-01-05 09:00:00,4207.086
2026-01-05 09:15:00,3925.802
2026-01-05 09:30:00,3755.817
2026-01-05 09:45:00,3643.767
2026-01-05 10:00:00,3570.049
2026-01-05 10:15:00,3581.258
2026-01-05 10:30:00,3558.021
2026-01-05 10:45:00,3499.933
2026-01-05 11:00:00,3666.318
2026-01-05 11:15:00,3609.163
2026-01-05 11:30:00,3469.45
2026-01-05 11:45:00,3284.039
2026-01-05 12:00:00,3560.785
2026-01-05 12:15:00,3553.187
2026-01-05 12:30:00,3496.509
2026-01-05 12:45:00,3428.547
2026-01-05 13:00:00,3524.052
2026-01-05 13:15:00,3449.704
2026-01-05 13:30:00,3367.74
2026-01-05 13:45:00,3392.872
2026-01-05 14:00:00,3339.317
2026-01-05 14:15:00,3160.707
2026-01-05 14:30:00,3099.146
2026-01-05 14:45:00,2927.302
2026-01-05 15:00:00,3024.126
2026-01-05 15:15:00,3033.172
2026-01-05 15:30:00,3097.461
2026-01-05 15:45:00,3165.678
2026-01-05 16:00:00,3493.678
2026-01-05 16:15:00,3542.367
2026-01-05 16:30:00,3506.851
2026-01-05 16:45:00,3575.347
2026-01-05 17:00:00,3657.382
2026-01-05 17:15:00,3687.62
2026-01-05 17:30:00,3880.645
2026-01-05 17:45:00,3948.337
2026-01-05 18:00:00,3861.293
2026-01-05 18:15:00,3967.501
2026-01-05 18:30:00,3836.834
2026-01-05 18:45:00,3932.184
2026-01-05 19:00:00,3969.816
2026-01-05 19:15:00,3982.587
2026-01-05 19:30:00,3923.384
2026-01-05 19:45:00,3915.5
2026-01-05 20:00:00,3955.39
2026-01-05 20:15:00,3901.893
2026-01-05 20:30:00,3974.667
2026-01-05 20:45:00,3994.372
2026-01-05 21:00:00,4028.842
2026-01-05 21:15:00,4088.836
2026-01-05 21:30:00,4012.003
2026-01-05 21:45:00,3999.432
2026-01-05 22:00:00,3912.397
2026-01-05 22:15:00,3853.711
2026-01-05 22:30:00,3732.854
2026-01-05 22:45:00,3552.787
2026-01-05 23:00:00,3284.944
2026-01-05 23:15:00,3358.979
2026-01-05 23:30:00,3202.886
2026-01-05 23:45:00,3058.64
2026-01-06 00:00:00,3470.537
2026-01-06 00:15:00,3504.092
2026-01-06 00:30:00,3488.937
2026-01-06 00:45:00,3578.626
2026-01-06 01:00:00,3411.629
2026-01-06 01:15:00,3339.912
2026-01-06 01:30:00,3247.559
2026-01-06 01:45:00,3126.697
2026-01-06 02:00:00,2888.484
2026-01-06 02:15:00,2844.969
2026-01-06 02:30:00,2811.356
2026-01-06 02:45:00,2797.097
2026-01-06 03:00:00,2801.534
2026-01-06 03:15:00,2761.894
2026-01-06 03:30:00,2700.067
2026-01-06 03:45:00,2694.846
2026-01-06 04:00:00,2691.122
2026-01-06 04:15:00,2635.189
2026-01-06 04:30:00,2599.307
2026-01-06 04:45:00,2639.886
2026-01-06 05:00:00,2642.131
2026-01-06 05:15:00,2628.529
2026-01-06 05:30:00,2665.044
2026-01-06 05:45:00,2649.149
2026-01-06 06:00:00,2635.545
2026-01-06 06:15:00,2807.774
2026-01-06 06:30:00,3020.6
2026-01-06 06:45:00,3319.704
2026-01-06 07:00:00,3417.204
2026-01-06 07:15:00,3535.938
2026-01-06 07:30:00,3702.984
2026-01-06 07:45:00,3861.716
2026-01-06 08:00:00,3771.613
2026-01-06 08:15:00,3797.797
2026-01-06 08:30:00,3804.142
2026-01-06 08:45:00,3641.195
2026-01-06 09:00:00,3462.028
2026-01-06 09:15:00,3055.756
2026-01-06 09:30:00,2774.601
2026-01-06 09:45:00,2566.149
2026-01-06 10:00:00,2340.787
2026-01-06 10:15:00,2291.779
2026-01-06 10:30:00,2267.406
2026-01-06 10:45:00,2262.732
2026-01-06 11:00:00,2277.585
2026-01-06 11:15:00,2249.121
2026-01-06 11:30:00,2209.191
2026-01-06 11:45:00,2088.597
2026-01-06 12:00:00,2247.033
2026-01-06 12:15:00,2223.3
2026-01-06 12:30:00,2151.777
2026-01-06 12:45:00,2205.626
2026-01-06 13:00:00,2243.358
2026-01-06 13:15:00,2255.623
2026-01-06 13:30:00,2280.441
2026-01-06 13:45:00,2203.493
2026-01-06 14:00:00,2177.887
2026-01-06 14:15:00,2194.512
2026-01-06 14:30:00,2197.788
2026-01-06 14:45:00,2243.042
2026-01-06 15:00:00,2256.928
2026-01-06 15:15:00,2204.661
2026-01-06 15:30:00,2156.835
2026-01-06 15:45:00,2223.495
2026-01-06 16:00:00,2747.999
2026-01-06 16:15:00,2946.333
2026-01-06 16:30:00,3148.329
2026-01-06 16:45:00,3237.297
2026-01-06 17:00:00,3350.892
2026-01-06 17:15:00,3331.477
2026-01-06 17:30:00,3299.008
2026-01-06 17:45:00,3347.978
2026-01-06 18:00:00,3328.65
2026-01-06 18:15:00,3507.502
2026-01-06 18:30:00,3574.63
2026-01-06 18:45:00,3526.563
2026-01-06 19:00:00,3636.016
2026-01-06 19:15:00,3613.253
2026-01-06 19:30:00,3420.827
2026-01-06 19:45:00,3374.189
2026-01-06 20:00:00,3494.136
2026-01-06 20:15:00,3465.771
2026-01-06 20:30:00,3616.899
2026-01-06 20:45:00,3532.637
2026-01-06 21:00:00,3610.087
2026-01-06 21:15:00,3626.132
2026-01-06 21:30:00,3621.738
2026-01-06 21:45:00,3725.65
2026-01-06 22:00:00,3770.989
2026-01-06 22:15:00,3912.186
2026-01-06 22:30:00,3778.847
2026-01-06 22:45:00,3549.479
2026-01-06 23:00:00,3370.796
2026-01-06 23:15:00,3356.082
2026-01-06 23:30:00,3207.189
2026-01-06 23:45:00,3115.042
2026-01-07 00:00:00,3315.344
2026-01-07 00:15:00,3321.5
2026-01-07 00:30:00,3363.048
2026-01-07 00:45:00,3324.571
2026-01-07 01:00:00,3175.352
2026-01-07 01:15:00,2983.842
2026-01-07 01:30:00,2833.087
2026-01-07 01:45:00,2758.304
2026-01-07 02:00:00,2690.771
2026-01-07 02:15:00,2656.151
2026-01-07 02:30:00,2642.913
2026-01-07 02:45:00,2609.807
2026-01-07 03:00:00,2700.119
2026-01-07 03:15:00,2621.128
2026-01-07 03:30:00,2579.06
2026-01-07 03:45:00,2564.179
2026-01-07 04:00:00,2528.662
2026-01-07 04:15:00,2525.04
2026-01-07 04:30:00,2461.549
2026-01-07 04:45:00,2469.607
2026-01-07 05:00:00,2482.886
2026-01-07 05:15:00,2506.783
2026-01-07 05:30:00,2487.75
2026-01-07 05:45:00,2443.712
2026-01-07 06:00:00,2402.213
2026-01-07 06:15:00,2426.521
2026-01-07 06:30:00,2725.087
2026-01-07 06:45:00,2970.439
2026-01-07 07:00:00,3177.308
2026-01-07 07:15:00,3397.464
2026-01-07 07:30:00,3720.315
2026-01-07 07:45:00,3719.362
2026-01-07 08:00:00,3706.759
2026-01-07 08:15:00,3672.452
2026-01-07 08:30:00,3374.72
2026-01-07 08:45:00,3215.769
2026-01-07 09:00:00,3177.719
2026-01-07 09:15:00,2836.446
2026-01-07 09:30:00,2598.511
2026-01-07 09:45:00,2268.387
2026-01-07 10:00:00,2042.182
2026-01-07 10:15:00,1888.0
2026-01-07 10:30:00,1871.75
2026-01-07 10:45:00,1871.75
2026-01-07 11:00:00,1871.75
2026-01-07 11:15:00,1915.467
2026-01-07 11:30:00,1936.202
2026-01-07 11:45:00,1878.452
2026-01-07 12:00:00,2248.072
2026-01-07 12:15:00,2120.528
2026-01-07 12:30:00,1931.328
2026-01-07 12:45:00,1892.5
2026-01-07 13:00:00,1955.736
2026-01-07 13:15:00,1883.704
2026-01-07 13:30:00,2106.431
2026-01-07 13:45:00,1883.436
2026-01-07 14:00:00,1871.75
2026-01-07 14:15:00,1871.75
2026-01-07 14:30:00,1871.75
2026-01-07 14:45:00,1873.456
2026-01-07 15:00:00,1902.262
2026-01-07 15:15:00,1954.427
2026-01-07 15:30:00,2100.413
2026-01-07 15:45:00,2190.563
2026-01-07 16:00:00,2478.892
2026-01-07 16:15:00,2754.216
2026-01-07 16:30:00,3246.051
2026-01-07 16:45:00,3246.107
2026-01-07 17:00:00,3263.529
2026-01-07 17:15:00,3285.235
2026-01-07 17:30:00,3349.381
2026-01-07 17:45:00,3463.711
2026-01-07 18:00:00,3484.191
2026-01-07 18:15:00,3430.286
2026-01-07 18:30:00,3790.033
2026-01-07 18:45:00,3768.904
2026-01-07 19:00:00,3896.045
2026-01-07 19:15:00,3762.398
2026-01-07 19:30:00,3765.334
2026-01-07 19:45:00,3651.749
2026-01-07 20:00:00,3831.578
2026-01-07 20:15:00,3760.752
2026-01-07 20:30:00,3999.08
2026-01-07 20:45:00,3977.534
2026-01-07 21:00:00,4116.5
2026-01-07 21:15:00,3908.277
2026-01-07 21:30:00,3920.206
2026-01-07 21:45:00,3848.952
2026-01-07 22:00:00,3937.49
2026-01-07 22:15:00,3869.288
2026-01-07 22:30:00,3629.107
2026-01-07 22:45:00,3419.647
2026-01-07 23:00:00,3242.719
2026-01-07 23:15:00,3074.642
2026-01-07 23:30:00,2846.063
2026-01-07 23:45:00,2732.669
2026-01-08 00:00:00,3166.937
2026-01-08 00:15:00,3149.403
2026-01-08 00:30:00,3265.916
2026-01-08 00:45:00,3164.03
2026-01-08 01:00:00,2950.071
2026-01-08 01:15:00,2862.924
2026-01-08 01:30:00,2753.79
2026-01-08 01:45:00,2643.0
2026-01-08 02:00:00,2502.296
2026-01-08 02:15:00,2468.381
2026-01-08 02:30:00,2559.216
2026-01-08 02:45:00,2509.847
2026-01-08 03:00:00,2456.203
2026-01-08 03:15:00,2405.719
2026-01-08 03:30:00,2359.789
2026-01-08 03:45:00,2281.975
2026-01-08 04:00:00,2142.512
2026-01-08 04:15:00,2106.187
2026-01-08 04:30:00,2048.54
2026-01-08 04:45:00,2026.326
2026-01-08 05:00:00,1990.166
2026-01-08 05:15:00,1994.069
2026-01-08 05:30:00,2109.633
2026-01-08 05:45:00,2111.993
2026-01-08 06:00:00,2141.681
2026-01-08 06:15:00,2258.383
2026-01-08 06:30:00,2467.52
2026-01-08 06:45:00,2709.302
2026-01-08 07:00:00,2876.623
2026-01-08 07:15:00,2945.332
2026-01-08 07:30:00,3197.815
2026-01-08 07:45:00,3365.457
2026-01-08 08:00:00,3366.889
2026-01-08 08:15:00,3369.014
2026-01-08 08:30:00,3159.324
2026-01-08 08:45:00,2890.295
2026-01-08 09:00:00,2624.072
2026-01-08 09:15:00,2402.577
2026-01-08 09:30:00,2182.968
2026-01-08 09:45:00,1980.957
2026-01-08 10:00:00,1801.431
2026-01-08 10:15:00,1742.75
2026-01-08 10:30:00,1742.75
2026-01-08 10:45:00,1742.75
2026-01-08 11:00:00,1798.618
2026-01-08 11:15:00,1927.92
2026-01-08 11:30:00,1962.68
2026-01-08 11:45:00,1762.527
2026-01-08 12:00:00,2015.187
2026-01-08 12:15:00,1911.833
2026-01-08 12:30:00,2041.588
2026-01-08 12:45:00,2002.623
2026-01-08 13:00:00,2155.161
2026-01-08 13:15:00,1986.717
2026-01-08 13:30:00,1984.153
2026-01-08 13:45:00,1752.75
2026-01-08 14:00:00,1742.75
2026-01-08 14:15:00,1742.75
2026-01-08 14:30:00,1742.75
2026-01-08 14:45:00,1742.75
2026-01-08 15:00:00,1742.75
2026-01-08 15:15:00,1958.865
2026-01-08 15:30:00,2285.012
2026-01-08 15:45:00,2286.327
2026-01-08 16:00:00,2256.552
2026-01-08 16:15:00,2397.185
2026-01-08 16:30:00,2618.811
2026-01-08 16:45:00,2781.737
2026-01-08 17:00:00,3076.177
2026-01-08 17:15:00,3185.066
2026-01-08 17:30:00,3358.474
2026-01-08 17:45:00,3342.421
2026-01-08 18:00:00,3411.037
2026-01-08 18:15:00,3601.573
2026-01-08 18:30:00,3556.601
2026-01-08 18:45:00,3492.25
2026-01-08 19:00:00,3482.595
2026-01-08 19:15:00,3470.073
2026-01-08 19:30:00,3453.1
2026-01-08 19:45:00,3452.88
2026-01-08 20:00:00,3495.029
2026-01-08 20:15:00,3424.295
2026-01-08 20:30:00,3389.293
2026-01-08 20:45:00,3391.364
2026-01-08 21:00:00,3367.682
2026-01-08 21:15:00,3404.587
2026-01-08 21:30:00,3284.522
2026-01-08 21:45:00,3436.325
2026-01-08 22:00:00,3756.047
2026-01-08 22:15:00,3632.194
2026-01-08 22:30:00,3604.538
2026-01-08 22:45:00,3390.176
2026-01-08 23:00:00,3220.603
2026-01-08 23:15:00,3175.286
2026-01-08 23:30:00,3017.479
2026-01-08 23:45:00,3053.027
2026-01-09 00:00:00,3507.49
2026-01-09 00:15:00,3579.403
2026-01-09 00:30:00,3604.773
2026-01-09 00:45:00,3584.381
2026-01-09 01:00:00,3468.119
2026-01-09 01:15:00,3390.921
2026-01-09 01:30:00,3252.604
2026-01-09 01:45:00,3151.284
2026-01-09 02:00:00,3102.857
2026-01-09 02:15:00,3141.932
2026-01-09 02:30:00,3091.035
2026-01-09 02:45:00,3124.67
2026-01-09 03:00:00,3089.53
2026-01-09 03:15:00,3080.557
2026-01-09 03:30:00,2999.694
2026-01-09 03:45:00,2989.923
2026-01-09 04:00:00,2974.643
2026-01-09 04:15:00,2962.178
2026-01-09 04:30:00,2959.727
2026-01-09 04:45:00,2967.563
2026-01-09 05:00:00,3030.438
2026-01-09 05:15:00,3030.013
2026-01-09 05:30:00,3032.593
2026-01-09 05:45:00,3079.138
2026-01-09 06:00:00,3116.331
2026-01-09 06:15:00,3218.153
2026-01-09 06:30:00,3437.276
2026-01-09 06:45:00,3706.468
2026-01-09 07:00:00,3910.364
2026-01-09 07:15:00,4185.63
2026-01-09 07:30:00,4341.438
2026-01-09 07:45:00,4515.549
2026-01-09 08:00:00,4510.529
2026-01-09 08:15:00,4481.451
2026-01-09 08:30:00,4174.456
2026-01-09 08:45:00,3900.73
2026-01-09 09:00:00,3461.283
2026-01-09 09:15:00,3105.746
2026-01-09 09:30:00,2757.371
2026-01-09 09:45:00,2503.069
2026-01-09 10:00:00,2206.173
2026-01-09 10:15:00,2068.323
2026-01-09 10:30:00,2247.229
2026-01-09 10:45:00,2268.036
2026-01-09 11:00:00,2364.079
2026-01-09 11:15:00,2277.044
2026-01-09 11:30:00,2127.824
2026-01-09 11:45:00,1787.574
2026-01-09 12:00:00,2256.178
2026-01-09 12:15:00,2152.309
2026-01-09 12:30:00,2097.853
2026-01-09 12:45:00,1951.317
2026-01-09 13:00:00,2080.603
2026-01-09 13:15:00,2097.127
2026-01-09 13:30:00,2258.522
2026-01-09 13:45:00,2106.445
2026-01-09 14:00:00,1983.177
2026-01-09 14:15:00,2000.002
2026-01-09 14:30:00,1905.546
2026-01-09 14:45:00,1804.863
2026-01-09 15:00:00,1946.175
2026-01-09 15:15:00,2124.601
2026-01-09 15:30:00,2384.351
2026-01-09 15:45:00,2278.232
2026-01-09 16:00:00,2396.767
2026-01-09 16:15:00,2664.35
2026-01-09 16:30:00,2732.904
2026-01-09 16:45:00,3068.98
2026-01-09 17:00:00,3235.345
2026-01-09 17:15:00,3358.598
2026-01-09 17:30:00,3349.644
2026-01-09 17:45:00,3369.565
2026-01-09 18:00:00,3426.325
2026-01-09 18:15:00,3622.315
2026-01-09 18:30:00,3694.286
2026-01-09 18:45:00,3677.507
2026-01-09 19:00:00,3664.063
2026-01-09 19:15:00,3634.909
2026-01-09 19:30:00,3555.66
2026-01-09 19:45:00,3485.669
2026-01-09 20:00:00,3437.431
2026-01-09 20:15:00,3384.265
2026-01-09 20:30:00,3353.423
2026-01-09 20:45:00,3262.964
2026-01-09 21:00:00,3416.748
2026-01-09 21:15:00,3490.681
2026-01-09 21:30:00,3347.489
2026-01-09 21:45:00,3441.152
2026-01-09 22:00:00,3618.973
2026-01-09 22:15:00,3615.899
2026-01-09 22:30:00,3583.046
2026-01-09 22:45:00,3572.509
2026-01-09 23:00:00,3398.944
2026-01-09 23:15:00,3242.842
2026-01-09 23:30:00,3247.669
2026-01-09 23:45:00,3166.376
2026-01-10 00:00:00,3339.962
2026-01-10 00:15:00,3342.67
2026-01-10 00:30:00,3405.128
2026-01-10 00:45:00,3332.014
2026-01-10 01:00:00,3246.478
2026-01-10 01:15:00,3156.617
2026-01-10 01:30:00,3009.85
2026-01-10 01:45:00,2895.293
2026-01-10 02:00:00,2893.245
2026-01-10 02:15:00,2942.174
2026-01-10 02:30:00,2922.618
2026-01-10 02:45:00,2879.687
2026-01-10 03:00:00,2852.127
2026-01-10 03:15:00,2834.325
2026-01-10 03:30:00,2810.552
2026-01-10 03:45:00,2813.955
2026-01-10 04:00:00,2826.458
2026-01-10 04:15:00,2817.75
2026-01-10 04:30:00,2770.75
2026-01-10 04:45:00,2743.338
2026-01-10 05:00:00,2759.328
2026-01-10 05:15:00,2745.942
2026-01-10 05:30:00,2767.456
2026-01-10 05:45:00,2787.992
2026-01-10 06:00:00,2996.51
2026-01-10 06:15:00,3004.969
2026-01-10 06:30:00,3142.623
2026-01-10 06:45:00,3140.993
2026-01-10 07:00:00,3115.984
2026-01-10 07:15:00,3133.131
2026-01-10 07:30:00,3427.047
2026-01-10 07:45:00,3813.673
2026-01-10 08:00:00,3972.854
2026-01-10 08:15:00,4014.845
2026-01-10 08:30:00,3857.025
2026-01-10 08:45:00,3650.037
2026-01-10 09:00:00,3422.196
2026-01-10 09:15:00,3223.396
2026-01-10 09:30:00,2934.761
2026-01-10 09:45:00,2889.971
2026-01-10 10:00:00,2676.633
2026-01-10 10:15:00,2620.212
2026-01-10 10:30:00,2797.811
2026-01-10 10:45:00,2821.826
2026-01-10 11:00:00,3106.839
2026-01-10 11:15:00,3137.98
2026-01-10 11:30:00,2922.606
2026-01-10 11:45:00,2788.56
2026-01-10 12:00:00,3028.056
2026-01-10 12:15:00,3010.126
2026-01-10 12:30:00,2881.537
2026-01-10 12:45:00,2574.967
2026-01-10 13:00:00,2634.269
2026-01-10 13:15:00,2648.913
2026-01-10 13:30:00,2725.394
2026-01-10 13:45:00,2685.829
2026-01-10 14:00:00,2567.055
2026-01-10 14:15:00,2406.204
2026-01-10 14:30:00,2415.246
2026-01-10 14:45:00,2392.71
2026-01-10 15:00:00,2374.419
2026-01-10 15:15:00,2427.901
2026-01-10 15:30:00,2198.812
2026-01-10 15:45:00,2138.537
2026-01-10 16:00:00,2061.705
2026-01-10 16:15:00,2257.39
2026-01-10 16:30:00,2214.172
2026-01-10 16:45:00,2321.747
2026-01-10 17:00:00,2552.184
2026-01-10 17:15:00,2507.876
2026-01-10 17:30:00,2632.956
2026-01-10 17:45:00,2618.651
2026-01-10 18:00:00,2568.233
2026-01-10 18:15:00,2624.02
2026-01-10 18:30:00,2654.925
2026-01-10 18:45:00,2517.477
2026-01-10 19:00:00,2410.916
2026-01-10 19:15:00,2347.151
2026-01-10 19:30:00,2289.309
2026-01-10 19:45:00,2241.472
2026-01-10 20:00:00,2197.94
2026-01-10 20:15:00,2188.216
2026-01-10 20:30:00,2186.648
2026-01-10 20:45:00,2103.015
2026-01-10 21:00:00,2186.325
2026-01-10 21:15:00,2183.524
2026-01-10 21:30:00,2090.465
2026-01-10 21:45:00,2403.439
2026-01-10 22:00:00,2507.55
2026-01-10 22:15:00,2472.291
2026-01-10 22:30:00,2323.473
2026-01-10 22:45:00,2407.571
2026-01-10 23:00:00,2344.712
2026-01-10 23:15:00,2089.404
2026-01-10 23:30:00,1974.892
2026-01-10 23:45:00,1844.316
2026-01-11 00:00:00,2346.896
2026-01-11 00:15:00,2427.163
2026-01-11 00:30:00,2591.496
2026-01-11 00:45:00,2572.68
2026-01-11 01:00:00,2423.406
2026-01-11 01:15:00,2338.107
2026-01-11 01:30:00,2244.796
2026-01-11 01:45:00,2284.975
2026-01-11 02:00:00,2282.617
2026-01-11 02:15:00,2250.803
2026-01-11 02:30:00,2217.096
2026-01-11 02:45:00,2151.387
2026-01-11 03:00:00,2131.27
2026-01-11 03:15:00,2058.615
2026-01-11 03:30:00,2044.481
2026-01-11 03:45:00,1992.647
2026-01-11 04:00:00,1993.459
2026-01-11 04:15:00,1978.79
2026-01-11 04:30:00,1943.069
2026-01-11 04:45:00,1910.229
2026-01-11 05:00:00,1894.929
2026-01-11 05:15:00,1888.025
2026-01-11 05:30:00,1970.642
2026-01-11 05:45:00,1956.773
2026-01-11 06:00:00,1930.868
2026-01-11 06:15:00,2000.272
2026-01-11 06:30:00,2111.055
2026-01-11 06:45:00,2194.172
2026-01-11 07:00:00,2137.331
2026-01-11 07:15:00,2113.126
2026-01-11 07:30:00,2317.202
2026-01-11 07:45:00,2637.051
2026-01-11 08:00:00,2782.308
2026-01-11 08:15:00,2894.208
2026-01-11 08:30:00,2796.65
2026-01-11 08:45:00,2604.4
2026-01-11 09:00:00,2388.627
2026-01-11 09:15:00,2141.241
2026-01-11 09:30:00,1805.463
2026-01-11 09:45:00,1659.227
2026-01-11 10:00:00,1648.5
2026-01-11 10:15:00,1663.137
2026-01-11 10:30:00,1756.779
2026-01-11 10:45:00,1664.235
2026-01-11 11:00:00,1869.225
2026-01-11 11:15:00,1748.534
2026-01-11 11:30:00,1663.854
2026-01-11 11:45:00,1648.5
2026-01-11 12:00:00,1926.049
2026-01-11 12:15:00,1892.83
2026-01-11 12:30:00,1785.55
2026-01-11 12:45:00,1664.0
2026-01-11 13:00:00,1643.5
2026-01-11 13:15:00,1643.5
2026-01-11 13:30:00,1643.5
2026-01-11 13:45:00,1643.5
2026-01-11 14:00:00,1643.5
2026-01-11 14:15:00,1643.5
2026-01-11 14:30:00,1643.5
2026-01-11 14:45:00,1643.5
2026-01-11 15:00:00,1687.118
2026-01-11 15:15:00,1867.3
2026-01-11 15:30:00,1934.607
2026-01-11 15:45:00,1863.132
2026-01-11 16:00:00,2331.512
2026-01-11 16:15:00,2570.341
2026-01-11 16:30:00,2832.043
2026-01-11 16:45:00,3021.056
2026-01-11 17:00:00,3195.105
2026-01-11 17:15:00,3198.53
2026-01-11 17:30:00,3195.097
2026-01-11 17:45:00,3291.148
2026-01-11 18:00:00,3246.252
2026-01-11 18:15:00,3225.283
2026-01-11 18:30:00,3197.214
2026-01-11 18:45:00,3127.792
2026-01-11 19:00:00,3133.331
2026-01-11 19:15:00,3069.524
2026-01-11 19:30:00,2966.476
2026-01-11 19:45:00,2853.583
2026-01-11 20:00:00,2944.958
2026-01-11 20:15:00,2866.891
2026-01-11 20:30:00,2910.892
2026-01-11 20:45:00,2883.156
2026-01-11 21:00:00,2929.813
2026-01-11 21:15:00,3032.677
2026-01-11 21:30:00,2931.616
2026-01-11 21:45:00,2968.192
2026-01-11 22:00:00,3088.405
2026-01-11 22:15:00,3007.202
2026-01-11 22:30:00,2837.997
2026-01-11 22:45:00,2654.531
2026-01-11 23:00:00,2550.946
2026-01-11 23:15:00,2438.886
2026-01-11 23:30:00,2556.078
2026-01-11 23:45:00,2490.74
2026-01-12 00:00:00,2823.688
2026-01-12 00:15:00,2814.873
2026-01-12 00:30:00,2870.694
2026-01-12 00:45:00,2797.532
2026-01-12 01:00:00,2630.912
2026-01-12 01:15:00,2674.321
2026-01-12 01:30:00,2500.286
2026-01-12 01:45:00,2418.636
2026-01-12 02:00:00,2473.131
2026-01-12 02:15:00,2394.969
2026-01-12 02:30:00,2418.257
2026-01-12 02:45:00,2406.637
2026-01-12 03:00:00,2406.354
2026-01-12 03:15:00,2338.561
2026-01-12 03:30:00,2349.293
2026-01-12 03:45:00,2293.913
2026-01-12 04:00:00,2286.542
2026-01-12 04:15:00,2275.775
2026-01-12 04:30:00,2226.575
2026-01-12 04:45:00,2193.947
2026-01-12 05:00:00,2187.86
2026-01-12 05:15:00,2203.623
2026-01-12 05:30:00,2147.185
2026-01-12 05:45:00,2108.327
2026-01-12 06:00:00,2078.348
2026-01-12 06:15:00,2075.266
2026-01-12 06:30:00,2156.975
2026-01-12 06:45:00,2162.131
2026-01-12 07:00:00,2331.807
2026-01-12 07:15:00,2399.062
2026-01-12 07:30:00,2631.062
2026-01-12 07:45:00,2630.867
2026-01-12 08:00:00,2726.024
2026-01-12 08:15:00,2951.853
2026-01-12 08:30:00,3024.1
2026-01-12 08:45:00,3130.901
2026-01-12 09:00:00,3021.513
2026-01-12 09:15:00,2830.576
2026-01-12 09:30:00,2879.737
2026-01-12 09:45:00,2899.133
2026-01-12 10:00:00,3100.748
2026-01-12 10:15:00,3141.972
2026-01-12 10:30:00,3193.754
2026-01-12 10:45:00,3357.087
2026-01-12 11:00:00,3425.553
2026-01-12 11:15:00,3345.801
2026-01-12 11:30:00,3150.618
2026-01-12 11:45:00,3112.904
2026-01-12 12:00:00,3445.552
2026-01-12 12:15:00,3366.547
2026-01-12 12:30:00,3398.712
2026-01-12 12:45:00,3303.094
2026-01-12 13:00:00,3296.381
2026-01-12 13:15:00,3259.968
2026-01-12 13:30:00,3189.625
2026-01-12 13:45:00,2833.445
2026-01-12 14:00:00,2684.021
2026-01-12 14:15:00,2632.041
2026-01-12 14:30:00,2495.681
2026-01-12 14:45:00,2512.9
2026-01-12 15:00:00,2486.75
2026-01-12 15:15:00,2623.822
2026-01-12 15:30:00,2664.885
2026-01-12 15:45:00,2759.662
2026-01-12 16:00:00,2820.364
2026-01-12 16:15:00,2943.351
2026-01-12 16:30:00,3231.847
2026-01-12 16:45:00,3338.15
2026-01-12 17:00:00,3435.974
2026-01-12 17:15:00,3321.995
2026-01-12 17:30:00,3289.724
2026-01-12 17:45:00,3344.208
2026-01-12 18:00:00,3436.717
2026-01-12 18:15:00,3523.309
2026-01-12 18:30:00,3650.901
2026-01-12 18:45:00,3651.659
2026-01-12 19:00:00,3701.77
2026-01-12 19:15:00,3593.191
2026-01-12 19:30:00,3537.721
2026-01-12 19:45:00,3472.781
2026-01-12 20:00:00,3466.973
2026-01-12 20:15:00,3444.051
2026-01-12 20:30:00,3470.884
2026-01-12 20:45:00,3426.996
2026-01-12 21:00:00,3457.052
2026-01-12 21:15:00,3492.773
2026-01-12 21:30:00,3574.03
2026-01-12 21:45:00,3648.856
2026-01-12 22:00:00,3658.224
2026-01-12 22:15:00,3559.647
2026-01-12 22:30:00,3376.196
2026-01-12 22:45:00,3119.031
2026-01-12 23:00:00,3065.93
2026-01-12 23:15:00,3070.431
2026-01-12 23:30:00,2954.019
2026-01-12 23:45:00,2789.629
2026-01-13 00:00:00,3219.314
2026-01-13 00:15:00,3235.965
2026-01-13 00:30:00,3255.707
2026-01-13 00:45:00,3218.313
2026-01-13 01:00:00,3112.279
2026-01-13 01:15:00,3043.504
2026-01-13 01:30:00,2940.266
2026-01-13 01:45:00,2935.504
2026-01-13 02:00:00,3041.057
2026-01-13 02:15:00,2898.75
2026-01-13 02:30:00,2853.604
2026-01-13 02:45:00,2834.752
2026-01-13 03:00:00,2826.322
2026-01-13 03:15:00,2788.449
2026-01-13 03:30:00,2803.444
2026-01-13 03:45:00,2791.56
2026-01-13 04:00:00,2781.055
2026-01-13 04:15:00,2752.439
2026-01-13 04:30:00,2802.696
2026-01-13 04:45:00,2779.061
2026-01-13 05:00:00,2842.941
2026-01-13 05:15:00,2767.892
2026-01-13 05:30:00,2875.649
2026-01-13 05:45:00,2886.847
2026-01-13 06:00:00,2929.731
2026-01-13 06:15:00,2978.643
2026-01-13 06:30:00,3176.833
2026-01-13 06:45:00,3421.068
2026-01-13 07:00:00,3518.156
2026-01-13 07:15:00,3550.08
2026-01-13 07:30:00,3728.584
2026-01-13 07:45:00,3837.372
2026-01-13 08:00:00,3911.756
2026-01-13 08:15:00,3890.444
2026-01-13 08:30:00,3748.98
2026-01-13 08:45:00,3556.39
2026-01-13 09:00:00,3169.874
2026-01-13 09:15:00,2753.746
2026-01-13 09:30:00,2468.007
2026-01-13 09:45:00,2118.259
2026-01-13 10:00:00,1871.67
2026-01-13 10:15:00,1767.129
2026-01-13 10:30:00,1675.92
2026-01-13 10:45:00,1645.25
2026-01-13 11:00:00,1972.68
2026-01-13 11:15:00,2050.42
2026-01-13 11:30:00,1757.72
2026-01-13 11:45:00,1640.509
2026-01-13 12:00:00,1883.415
2026-01-13 12:15:00,1847.313
2026-01-13 12:30:00,1779.225
2026-01-13 12:45:00,1788.447
2026-01-13 13:00:00,1790.085
2026-01-13 13:15:00,1684.997
2026-01-13 13:30:00,1690.288
2026-01-13 13:45:00,1647.75
2026-01-13 14:00:00,1647.75
2026-01-13 14:15:00,1647.75
2026-01-13 14:30:00,1647.75
2026-01-13 14:45:00,1647.75
2026-01-13 15:00:00,1647.25
2026-01-13 15:15:00,1767.637
2026-01-13 15:30:00,1995.64
2026-01-13 15:45:00,2070.04
2026-01-13 16:00:00,1946.675
2026-01-13 16:15:00,2210.009
2026-01-13 16:30:00,2263.49
2026-01-13 16:45:00,2715.62
2026-01-13 17:00:00,3168.112
2026-01-13 17:15:00,3069.972
2026-01-13 17:30:00,3122.208
2026-01-13 17:45:00,3153.561
2026-01-13 18:00:00,3059.061
2026-01-13 18:15:00,3056.226
2026-01-13 18:30:00,3135.012
2026-01-13 18:45:00,3134.263
2026-01-13 19:00:00,3167.762
2026-01-13 19:15:00,3176.704
2026-01-13 19:30:00,3181.792
2026-01-13 19:45:00,3146.598
2026-01-13 20:00:00,3218.823
2026-01-13 20:15:00,3198.45
2026-01-13 20:30:00,3263.224
2026-01-13 20:45:00,3155.67
2026-01-13 21:00:00,3168.621
2026-01-13 21:15:00,3130.323
2026-01-13 21:30:00,3053.595
2026-01-13 21:45:00,3097.014
2026-01-13 22:00:00,3136.817
2026-01-13 22:15:00,2948.904
2026-01-13 22:30:00,2791.266
2026-01-13 22:45:00,2514.076
2026-01-13 23:00:00,2387.747
2026-01-13 23:15:00,2190.439
2026-01-13 23:30:00,2134.865
2026-01-13 23:45:00,2044.07
2026-01-14 00:00:00,2529.501
2026-01-14 00:15:00,2597.229
2026-01-14 00:30:00,2647.211
2026-01-14 00:45:00,2611.666
2026-01-14 01:00:00,2467.877
2026-01-14 01:15:00,2411.524
2026-01-14 01:30:00,2303.834
2026-01-14 01:45:00,2239.934
2026-01-14 02:00:00,2344.917
2026-01-14 02:15:00,2225.408
2026-01-14 02:30:00,2158.896
2026-01-14 02:45:00,2108.475
2026-01-14 03:00:00,2062.959
2026-01-14 03:15:00,2002.051
2026-01-14 03:30:00,2099.685
2026-01-14 03:45:00,2133.082
2026-01-14 04:00:00,2107.877
2026-01-14 04:15:00,1941.682
2026-01-14 04:30:00,1961.234
2026-01-14 04:45:00,1888.903
2026-01-14 05:00:00,1814.879
2026-01-14 05:15:00,1850.239
2026-01-14 05:30:00,1891.066
2026-01-14 05:45:00,1750.265
2026-01-14 06:00:00,1784.451
2026-01-14 06:15:00,1801.256
2026-01-14 06:30:00,1870.291
2026-01-14 06:45:00,2043.972
2026-01-14 07:00:00,2099.96
2026-01-14 07:15:00,2287.028
2026-01-14 07:30:00,2603.996
2026-01-14 07:45:00,2727.812
2026-01-14 08:00:00,2780.017
2026-01-14 08:15:00,2592.804
2026-01-14 08:30:00,2155.509
2026-01-14 08:45:00,2039.571
2026-01-14 09:00:00,1783.716
2026-01-14 09:15:00,1626.5
2026-01-14 09:30:00,1626.5
2026-01-14 09:45:00,1626.5
2026-01-14 10:00:00,1626.5
2026-01-14 10:15:00,1588.604
2026-01-14 10:30:00,1577.75
2026-01-14 10:45:00,1577.75
2026-01-14 11:00:00,1577.75
2026-01-14 11:15:00,1579.461
2026-01-14 11:30:00,1577.75
2026-01-14 11:45:00,1577.75
2026-01-14 12:00:00,1601.308
2026-01-14 12:15:00,1577.75
2026-01-14 12:30:00,1594.314
2026-01-14 12:45:00,1577.75
2026-01-14 13:00:00,1577.75
2026-01-14 13:15:00,1577.75
2026-01-14 13:30:00,1577.75
2026-01-14 13:45:00,1577.75
2026-01-14 14:00:00,1577.75
2026-01-14 14:15:00,1577.75
2026-01-14 14:30:00,1577.75
2026-01-14 14:45:00,1577.75
2026-01-14 15:00:00,1704.99
2026-01-14 15:15:00,1718.369
2026-01-14 15:30:00,1796.211
2026-01-14 15:45:00,1867.161
2026-01-14 16:00:00,2017.094
2026-01-14 16:15:00,2109.323
2026-01-14 16:30:00,2336.671
2026-01-14 16:45:00,2439.378
2026-01-14 17:00:00,2588.995
2026-01-14 17:15:00,2711.07
2026-01-14 17:30:00,2923.882
2026-01-14 17:45:00,3130.365
2026-01-14 18:00:00,3307.184
2026-01-14 18:15:00,3160.038
2026-01-14 18:30:00,3059.39
2026-01-14 18:45:00,3220.311
2026-01-14 19:00:00,3238.761
2026-01-14 19:15:00,3196.029
2026-01-14 19:30:00,3007.585
2026-01-14 19:45:00,2795.815
2026-01-14 20:00:00,2751.363
2026-01-14 20:15:00,2738.741
2026-01-14 20:30:00,2870.33
2026-01-14 20:45:00,2859.942
2026-01-14 21:00:00,2938.363
2026-01-14 21:15:00,2807.394
2026-01-14 21:30:00,2637.771
2026-01-14 21:45:00,2557.092
2026-01-14 22:00:00,2628.517
2026-01-14 22:15:00,2557.563
2026-01-14 22:30:00,2461.853
2026-01-14 22:45:00,2371.642
2026-01-14 23:00:00,2216.278
2026-01-14 23:15:00,2077.847
2026-01-14 23:30:00,2088.589
2026-01-14 23:45:00,2152.177
2026-01-15 00:00:00,3117.093
2026-01-15 00:15:00,3119.652
2026-01-15 00:30:00,3265.444
2026-01-15 00:45:00,3163.351
2026-01-15 01:00:00,3009.305
2026-01-15 01:15:00,2956.76
2026-01-15 01:30:00,2982.247
2026-01-15 01:45:00,2951.054
2026-01-15 02:00:00,2880.252
2026-01-15 02:15:00,2824.946
2026-01-15 02:30:00,2754.537
2026-01-15 02:45:00,2706.614
2026-01-15 03:00:00,2726.578
2026-01-15 03:15:00,2641.802
2026-01-15 03:30:00,2588.303
2026-01-15 03:45:00,2538.605
2026-01-15 04:00:00,2549.843
2026-01-15 04:15:00,2519.872
2026-01-15 04:30:00,2532.547
2026-01-15 04:45:00,2597.825
2026-01-15 05:00:00,2739.455
2026-01-15 05:15:00,2753.322
2026-01-15 05:30:00,2805.822
2026-01-15 05:45:00,2877.563
2026-01-15 06:00:00,2970.527
2026-01-15 06:15:00,2908.133
2026-01-15 06:30:00,3065.042
2026-01-15 06:45:00,3323.339
2026-01-15 07:00:00,3471.094
2026-01-15 07:15:00,3559.664
2026-01-15 07:30:00,3652.858
2026-01-15 07:45:00,3759.261
2026-01-15 08:00:00,3809.426
2026-01-15 08:15:00,3694.055
2026-01-15 08:30:00,3486.807
2026-01-15 08:45:00,3307.734
2026-01-15 09:00:00,3021.228
2026-01-15 09:15:00,2796.024
2026-01-15 09:30:00,2447.019
2026-01-15 09:45:00,2249.454
2026-01-15 10:00:00,2091.709
2026-01-15 10:15:00,1779.076
2026-01-15 10:30:00,1806.877
2026-01-15 10:45:00,1800.729
2026-01-15 11:00:00,1784.014
2026-01-15 11:15:00,1747.577
2026-01-15 11:30:00,1665.504
2026-01-15 11:45:00,1586.0
2026-01-15 12:00:00,1802.673
2026-01-15 12:15:00,1716.053
2026-01-15 12:30:00,1767.639
2026-01-15 12:45:00,1728.418
2026-01-15 13:00:00,1723.813
2026-01-15 13:15:00,1877.143
2026-01-15 13:30:00,1946.858
2026-01-15 13:45:00,1853.011
2026-01-15 14:00:00,1747.101
2026-01-15 14:15:00,1687.285
2026-01-15 14:30:00,1601.64
2026-01-15 14:45:00,1706.963
2026-01-15 15:00:00,2098.06
2026-01-15 15:15:00,2246.498
2026-01-15 15:30:00,2323.518
2026-01-15 15:45:00,2239.083
2026-01-15 16:00:00,2332.309
2026-01-15 16:15:00,2565.016
2026-01-15 16:30:00,2553.681
2026-01-15 16:45:00,2664.487
2026-01-15 17:00:00,2948.141
2026-01-15 17:15:00,3073.416
2026-01-15 17:30:00,3155.84
2026-01-15 17:45:00,3263.872
2026-01-15 18:00:00,3193.798
2026-01-15 18:15:00,2973.997
2026-01-15 18:30:00,2945.0
2026-01-15 18:45:00,2914.324
2026-01-15 19:00:00,2857.173
2026-01-15 19:15:00,2817.49
2026-01-15 19:30:00,2805.347
2026-01-15 19:45:00,2819.268
2026-01-15 20:00:00,2873.447
2026-01-15 20:15:00,2903.079
2026-01-15 20:30:00,2887.439
2026-01-15 20:45:00,2855.631
2026-01-15 21:00:00,2851.596
2026-01-15 21:15:00,2761.687
2026-01-15 21:30:00,2508.908
2026-01-15 21:45:00,2390.191
2026-01-15 22:00:00,2389.734
2026-01-15 22:15:00,2324.741
2026-01-15 22:30:00,2243.273
2026-01-15 22:45:00,2213.96
2026-01-15 23:00:00,2179.053
2026-01-15 23:15:00,2153.951
2026-01-15 23:30:00,2003.706
2026-01-15 23:45:00,1898.496
2026-01-16 00:00:00,2278.172
2026-01-16 00:15:00,2222.801
2026-01-16 00:30:00,2327.527
2026-01-16 00:45:00,2209.421
2026-01-16 01:00:00,2115.258
2026-01-16 01:15:00,2100.343
2026-01-16 01:30:00,2186.681
2026-01-16 01:45:00,2132.745
2026-01-16 02:00:00,2125.129
2026-01-16 02:15:00,2050.734
2026-01-16 02:30:00,1956.947
2026-01-16 02:45:00,1858.416
2026-01-16 03:00:00,1910.12
2026-01-16 03:15:00,1866.176
2026-01-16 03:30:00,1848.356
2026-01-16 03:45:00,1827.833
2026-01-16 04:00:00,1811.32
2026-01-16 04:15:00,1777.726
2026-01-16 04:30:00,1805.675
2026-01-16 04:45:00,1767.013
2026-01-16 05:00:00,1867.008
2026-01-16 05:15:00,1944.478
2026-01-16 05:30:00,2036.605
2026-01-16 05:45:00,2020.459
2026-01-16 06:00:00,2071.926
2026-01-16 06:15:00,2080.389
2026-01-16 06:30:00,2184.758
2026-01-16 06:45:00,2374.148
2026-01-16 07:00:00,2489.782
2026-01-16 07:15:00,2565.492
2026-01-16 07:30:00,2606.709
2026-01-16 07:45:00,2810.92
2026-01-16 08:00:00,2912.997
2026-01-16 08:15:00,2879.367
2026-01-16 08:30:00,2751.06
2026-01-16 08:45:00,2698.914
2026-01-16 09:00:00,2662.857
2026-01-16 09:15:00,2618.141
2026-01-16 09:30:00,2502.404
2026-01-16 09:45:00,2373.73
2026-01-16 10:00:00,2260.847
2026-01-16 10:15:00,2379.869
2026-01-16 10:30:00,2451.765
2026-01-16 10:45:00,2591.794
2026-01-16 11:00:00,2659.951
2026-01-16 11:15:00,2526.662
2026-01-16 11:30:00,2414.111
2026-01-16 11:45:00,2461.796
2026-01-16 12:00:00,2812.418
2026-01-16 12:15:00,2669.179
2026-01-16 12:30:00,2572.991
2026-01-16 12:45:00,2478.793
2026-01-16 13:00:00,2516.768
2026-01-16 13:15:00,2598.469
2026-01-16 13:30:00,2684.186
2026-01-16 13:45:00,2796.545
2026-01-16 14:00:00,2712.969
2026-01-16 14:15:00,2657.874
2026-01-16 14:30:00,2659.069
2026-01-16 14:45:00,2664.584
2026-01-16 15:00:00,2636.929
2026-01-16 15:15:00,2697.307
2026-01-16 15:30:00,2601.356
2026-01-16 15:45:00,2575.033
2026-01-16 16:00:00,2507.405
2026-01-16 16:15:00,2546.905
2026-01-16 16:30:00,2484.933
2026-01-16 16:45:00,2401.988
2026-01-16 17:00:00,2717.104
2026-01-16 17:15:00,2826.676
2026-01-16 17:30:00,2932.947
2026-01-16 17:45:00,3009.324
2026-01-16 18:00:00,3066.781
2026-01-16 18:15:00,2907.174
2026-01-16 18:30:00,2930.128
2026-01-16 18:45:00,2824.297
2026-01-16 19:00:00,2778.778
2026-01-16 19:15:00,2742.316
2026-01-16 19:30:00,2696.099
2026-01-16 19:45:00,2713.561
2026-01-16 20:00:00,2684.773
2026-01-16 20:15:00,2752.479
2026-01-16 20:30:00,2807.759
2026-01-16 20:45:00,2828.965
2026-01-16 21:00:00,3038.291
2026-01-16 21:15:00,3065.926
2026-01-16 21:30:00,3014.559
2026-01-16 21:45:00,2870.276
2026-01-16 22:00:00,2727.925
2026-01-16 22:15:00,2604.062
2026-01-16 22:30:00,2458.969
2026-01-16 22:45:00,2320.364
2026-01-16 23:00:00,2405.273
2026-01-16 23:15:00,2531.313
2026-01-16 23:30:00,2440.848
2026-01-16 23:45:00,2375.927
2026-01-17 00:00:00,2743.445
2026-01-17 00:15:00,2637.634
2026-01-17 00:30:00,2642.617
2026-01-17 00:45:00,2562.343
2026-01-17 01:00:00,2495.757
2026-01-17 01:15:00,2562.732
2026-01-17 01:30:00,2686.323
2026-01-17 01:45:00,2856.029
2026-01-17 02:00:00,2778.173
2026-01-17 02:15:00,2656.987
2026-01-17 02:30:00,2631.754
2026-01-17 02:45:00,2586.16
2026-01-17 03:00:00,2590.044
2026-01-17 03:15:00,2450.293
2026-01-17 03:30:00,2300.729
2026-01-17 03:45:00,2300.52
2026-01-17 04:00:00,2396.095
2026-01-17 04:15:00,2356.566
2026-01-17 04:30:00,2320.62
2026-01-17 04:45:00,2321.392
2026-01-17 05:00:00,2282.759
2026-01-17 05:15:00,2259.94
2026-01-17 05:30:00,2241.484
2026-01-17 05:45:00,2226.817
2026-01-17 06:00:00,2159.979
2026-01-17 06:15:00,2023.17
2026-01-17 06:30:00,2054.807
2026-01-17 06:45:00,2264.995
2026-01-17 07:00:00,2315.994
2026-01-17 07:15:00,2352.503
2026-01-17 07:30:00,2442.0
2026-01-17 07:45:00,2642.599
2026-01-17 08:00:00,3008.004
2026-01-17 08:15:00,3206.041
2026-01-17 08:30:00,3177.786
2026-01-17 08:45:00,3222.527
2026-01-17 09:00:00,3031.321
2026-01-17 09:15:00,2918.928
2026-01-17 09:30:00,2730.797
2026-01-17 09:45:00,2705.102
2026-01-17 10:00:00,2837.041
2026-01-17 10:15:00,2857.725
2026-01-17 10:30:00,3069.269
2026-01-17 10:45:00,3120.799
2026-01-17 11:00:00,3117.135
2026-01-17 11:15:00,2904.289
2026-01-17 11:30:00,2695.91
2026-01-17 11:45:00,2484.254
2026-01-17 12:00:00,2778.824
2026-01-17 12:15:00,2672.983
2026-01-17 12:30:00,2661.662
2026-01-17 12:45:00,2500.839
2026-01-17 13:00:00,2629.906
2026-01-17 13:15:00,2511.808
2026-01-17 13:30:00,2463.52
2026-01-17 13:45:00,2234.705
2026-01-17 14:00:00,2125.564
2026-01-17 14:15:00,2142.126
2026-01-17 14:30:00,2169.231
2026-01-17 14:45:00,2203.848
2026-01-17 15:00:00,2406.526
2026-01-17 15:15:00,2413.755
2026-01-17 15:30:00,2312.627
2026-01-17 15:45:00,2296.499
2026-01-17 16:00:00,2331.739
2026-01-17 16:15:00,2527.163
2026-01-17 16:30:00,2590.266
2026-01-17 16:45:00,2679.711
2026-01-17 17:00:00,2909.017
2026-01-17 17:15:00,2890.496
2026-01-17 17:30:00,2980.447
2026-01-17 17:45:00,3069.311
2026-01-17 18:00:00,3165.622
2026-01-17 18:15:00,3056.111
2026-01-17 18:30:00,3013.478
2026-01-17 18:45:00,2939.156
2026-01-17 19:00:00,3003.198
2026-01-17 19:15:00,2960.866
2026-01-17 19:30:00,2934.89
2026-01-17 19:45:00,2892.221
2026-01-17 20:00:00,2926.575
2026-01-17 20:15:00,2977.826
2026-01-17 20:30:00,2949.37
2026-01-17 20:45:00,2844.919
2026-01-17 21:00:00,2780.224
2026-01-17 21:15:00,2781.527
2026-01-17 21:30:00,2797.656
2026-01-17 21:45:00,2895.119
2026-01-17 22:00:00,2903.075
2026-01-17 22:15:00,2769.904
2026-01-17 22:30:00,2701.896
2026-01-17 22:45:00,2622.285
2026-01-17 23:00:00,2694.065
2026-01-17 23:15:00,2696.32
2026-01-17 23:30:00,2563.013
2026-01-17 23:45:00,2467.092
2026-01-18 00:00:00,2960.701
2026-01-18 00:15:00,2836.963
2026-01-18 00:30:00,2840.844
2026-01-18 00:45:00,2759.172
2026-01-18 01:00:00,2747.775
2026-01-18 01:15:00,2759.045
2026-01-18 01:30:00,2647.052
2026-01-18 01:45:00,2561.152
2026-01-18 02:00:00,2478.137
2026-01-18 02:15:00,2389.045
2026-01-18 02:30:00,2332.576
2026-01-18 02:45:00,2254.064
2026-01-18 03:00:00,2176.753
2026-01-18 03:15:00,2122.893
2026-01-18 03:30:00,2038.58
2026-01-18 03:45:00,2056.676
2026-01-18 04:00:00,2050.524
2026-01-18 04:15:00,2018.518
2026-01-18 04:30:00,1986.806
2026-01-18 04:45:00,1981.745
2026-01-18 05:00:00,1995.119
2026-01-18 05:15:00,1975.792
2026-01-18 05:30:00,1988.21
2026-01-18 05:45:00,1951.158
2026-01-18 06:00:00,1928.765
2026-01-18 06:15:00,1857.538
2026-01-18 06:30:00,1828.282
2026-01-18 06:45:00,1840.785
2026-01-18 07:00:00,1957.377
2026-01-18 07:15:00,2005.306
2026-01-18 07:30:00,2182.844
2026-01-18 07:45:00,2404.713
2026-01-18 08:00:00,2526.187
2026-01-18 08:15:00,2451.313
2026-01-18 08:30:00,2359.591
2026-01-18 08:45:00,2775.913
2026-01-18 09:00:00,2674.558
2026-01-18 09:15:00,2605.486
2026-01-18 09:30:00,2488.093
2026-01-18 09:45:00,2696.099
2026-01-18 10:00:00,2736.996
2026-01-18 10:15:00,2972.074
2026-01-18 10:30:00,3109.586
2026-01-18 10:45:00,3161.265
2026-01-18 11:00:00,3238.611
2026-01-18 11:15:00,3257.676
2026-01-18 11:30:00,3285.027
2026-01-18 11:45:00,3268.782
2026-01-18 12:00:00,3571.764
2026-01-18 12:15:00,3570.283
2026-01-18 12:30:00,3509.448
2026-01-18 12:45:00,3356.724
2026-01-18 13:00:00,3419.65
2026-01-18 13:15:00,3435.229
2026-01-18 13:30:00,3410.261
2026-01-18 13:45:00,3322.468
2026-01-18 14:00:00,3015.181
2026-01-18 14:15:00,2918.543
2026-01-18 14:30:00,2950.304
2026-01-18 14:45:00,2896.306
2026-01-18 15:00:00,2753.087
2026-01-18 15:15:00,2710.279
2026-01-18 15:30:00,2439.302
2026-01-18 15:45:00,2320.061
2026-01-18 16:00:00,2418.68
2026-01-18 16:15:00,2600.94
2026-01-18 16:30:00,2653.087
2026-01-18 16:45:00,2768.028
2026-01-18 17:00:00,2925.693
2026-01-18 17:15:00,3026.348
2026-01-18 17:30:00,3104.696
2026-01-18 17:45:00,2977.109
2026-01-18 18:00:00,2938.017
2026-01-18 18:15:00,2805.405
2026-01-18 18:30:00,2590.607
2026-01-18 18:45:00,2488.694
2026-01-18 19:00:00,2475.456
2026-01-18 19:15:00,2450.541
2026-01-18 19:30:00,2359.267
2026-01-18 19:45:00,2340.828
2026-01-18 20:00:00,2446.225
2026-01-18 20:15:00,2536.012
2026-01-18 20:30:00,2595.112
2026-01-18 20:45:00,2631.721
2026-01-18 21:00:00,2562.923
2026-01-18 21:15:00,2615.781
2026-01-18 21:30:00,2611.804
2026-01-18 21:45:00,2681.351
2026-01-18 22:00:00,2731.284
2026-01-18 22:15:00,2551.414
2026-01-18 22:30:00,2385.549
2026-01-18 22:45:00,2345.76
2026-01-18 23:00:00,2379.489
2026-01-18 23:15:00,2160.425
2026-01-18 23:30:00,1996.292
2026-01-18 23:45:00,1914.364
2026-01-19 00:00:00,2373.62
2026-01-19 00:15:00,2293.392
2026-01-19 00:30:00,2454.902
2026-01-19 00:45:00,2286.275
2026-01-19 01:00:00,2365.463
2026-01-19 01:15:00,2466.722
2026-01-19 01:30:00,2470.653
2026-01-19 01:45:00,2452.012
2026-01-19 02:00:00,2364.987
2026-01-19 02:15:00,2300.503
2026-01-19 02:30:00,2276.086
2026-01-19 02:45:00,2330.504
2026-01-19 03:00:00,2282.508
2026-01-19 03:15:00,2229.979
2026-01-19 03:30:00,2221.801
2026-01-19 03:45:00,2172.719
2026-01-19 04:00:00,2180.185
2026-01-19 04:15:00,2188.409
2026-01-19 04:30:00,2239.858
2026-01-19 04:45:00,2277.746
2026-01-19 05:00:00,2275.404
2026-01-19 05:15:00,2302.076
2026-01-19 05:30:00,2315.295
2026-01-19 05:45:00,2273.262
2026-01-19 06:00:00,2070.641
2026-01-19 06:15:00,2041.394
2026-01-19 06:30:00,2007.75
2026-01-19 06:45:00,2061.194
2026-01-19 07:00:00,2044.172
2026-01-19 07:15:00,2102.849
2026-01-19 07:30:00,2326.918
2026-01-19 07:45:00,2526.641
2026-01-19 08:00:00,2621.3
2026-01-19 08:15:00,2813.346
2026-01-19 08:30:00,3110.797
2026-01-19 08:45:00,3822.393
2026-01-19 09:00:00,4001.614
2026-01-19 09:15:00,4066.432
2026-01-19 09:30:00,4112.645
2026-01-19 09:45:00,4156.948
2026-01-19 10:00:00,3906.877
2026-01-19 10:15:00,4007.298
2026-01-19 10:30:00,4178.024
2026-01-19 10:45:00,4298.904
2026-01-19 11:00:00,4687.016
2026-01-19 11:15:00,4696.28
2026-01-19 11:30:00,4561.732
2026-01-19 11:45:00,4656.201
2026-01-19 12:00:00,4975.94
2026-01-19 12:15:00,4790.445
2026-01-19 12:30:00,4728.668
2026-01-19 12:45:00,4854.758
2026-01-19 13:00:00,4962.895
2026-01-19 13:15:00,4783.716
2026-01-19 13:30:00,4705.402
2026-01-19 13:45:00,4552.183
2026-01-19 14:00:00,4489.718
2026-01-19 14:15:00,4481.927
2026-01-19 14:30:00,4407.713
2026-01-19 14:45:00,4314.072
2026-01-19 15:00:00,4386.002
2026-01-19 15:15:00,4400.251
2026-01-19 15:30:00,4540.01
2026-01-19 15:45:00,4546.139
2026-01-19 16:00:00,4476.401
2026-01-19 16:15:00,4401.84
2026-01-19 16:30:00,4193.601
2026-01-19 16:45:00,3967.533
2026-01-19 17:00:00,3579.786
2026-01-19 17:15:00,3711.148
2026-01-19 17:30:00,3761.739
2026-01-19 17:45:00,3790.849
2026-01-19 18:00:00,3652.982
2026-01-19 18:15:00,3662.156
2026-01-19 18:30:00,3694.851
2026-01-19 18:45:00,3607.851
2026-01-19 19:00:00,3606.685
2026-01-19 19:15:00,3489.033
2026-01-19 19:30:00,3446.76
2026-01-19 19:45:00,3482.692
2026-01-19 20:00:00,3398.451
2026-01-19 20:15:00,3374.893
2026-01-19 20:30:00,3398.525
2026-01-19 20:45:00,3331.035
2026-01-19 21:00:00,3192.502
2026-01-19 21:15:00,3420.254
2026-01-19 21:30:00,3414.934
2026-01-19 21:45:00,3708.889
2026-01-19 22:00:00,3760.667
2026-01-19 22:15:00,3696.718
2026-01-19 22:30:00,3291.395
2026-01-19 22:45:00,3072.59
2026-01-19 23:00:00,3160.869
2026-01-19 23:15:00,2980.577
2026-01-19 23:30:00,2772.971
2026-01-19 23:45:00,2953.041
2026-01-20 00:00:00,3852.77
2026-01-20 00:15:00,3958.502
2026-01-20 00:30:00,3841.477
2026-01-20 00:45:00,3596.928
2026-01-20 01:00:00,3416.201
2026-01-20 01:15:00,3338.779
2026-01-20 01:30:00,3246.681
2026-01-20 01:45:00,3248.621
2026-01-20 02:00:00,3228.615
2026-01-20 02:15:00,3207.977
2026-01-20 02:30:00,3174.296
2026-01-20 02:45:00,3206.847
2026-01-20 03:00:00,3207.744
2026-01-20 03:15:00,3184.621
2026-01-20 03:30:00,3181.039
2026-01-20 03:45:00,3198.743
2026-01-20 04:00:00,3298.497
2026-01-20 04:15:00,3268.967
2026-01-20 04:30:00,3227.658
2026-01-20 04:45:00,3216.511
2026-01-20 05:00:00,3178.207
2026-01-20 05:15:00,3173.461
2026-01-20 05:30:00,3200.115
2026-01-20 05:45:00,3062.183
2026-01-20 06:00:00,2955.366
2026-01-20 06:15:00,2962.793
2026-01-20 06:30:00,3022.035
2026-01-20 06:45:00,3148.973
2026-01-20 07:00:00,3233.275
2026-01-20 07:15:00,3356.744
2026-01-20 07:30:00,3627.095
2026-01-20 07:45:00,3887.331
2026-01-20 08:00:00,4264.563
2026-01-20 08:15:00,4625.887
2026-01-20 08:30:00,4941.549
2026-01-20 08:45:00,5169.422
2026-01-20 09:00:00,5343.664
2026-01-20 09:15:00,5379.441
2026-01-20 09:30:00,5367.592
2026-01-20 09:45:00,5299.512
2026-01-20 10:00:00,5300.225
2026-01-20 10:15:00,5301.782
2026-01-20 10:30:00,5345.326
2026-01-20 10:45:00,5464.2
2026-01-20 11:00:00,5405.791
2026-01-20 11:15:00,5404.223
2026-01-20 11:30:00,5351.444
2026-01-20 11:45:00,5274.279
2026-01-20 12:00:00,5244.656
2026-01-20 12:15:00,5162.068
2026-01-20 12:30:00,5249.122
2026-01-20 12:45:00,5244.917
2026-01-20 13:00:00,5298.488
2026-01-20 13:15:00,5349.4
2026-01-20 13:30:00,5316.503
2026-01-20 13:45:00,5194.341
2026-01-20 14:00:00,5228.321
2026-01-20 14:15:00,5354.571
2026-01-20 14:30:00,5367.357
2026-01-20 14:45:00,5456.578
2026-01-20 15:00:00,5546.971
2026-01-20 15:15:00,5617.041
2026-01-20 15:30:00,5705.928
2026-01-20 15:45:00,5693.434
2026-01-20 16:00:00,5749.22
2026-01-20 16:15:00,5756.446
2026-01-20 16:30:00,5610.27
2026-01-20 16:45:00,5538.602
2026-01-20 17:00:00,5391.587
2026-01-20 17:15:00,5327.836
2026-01-20 17:30:00,5286.398
2026-01-20 17:45:00,5321.866
2026-01-20 18:00:00,5355.068
2026-01-20 18:15:00,5319.075
2026-01-20 18:30:00,5351.333
2026-01-20 18:45:00,5699.662
2026-01-20 19:00:00,6210.249
2026-01-20 19:15:00,5811.169
2026-01-20 19:30:00,5772.369
2026-01-20 19:45:00,5697.58
2026-01-20 20:00:00,5659.043
2026-01-20 20:15:00,5711.287
2026-01-20 20:30:00,5688.784
2026-01-20 20:45:00,5604.476
2026-01-20 21:00:00,5223.603
2026-01-20 21:15:00,4928.845
2026-01-20 21:30:00,4852.992
2026-01-20 21:45:00,4936.485
2026-01-20 22:00:00,4914.708
2026-01-20 22:15:00,4774.188
2026-01-20 22:30:00,4552.262
2026-01-20 22:45:00,4277.475
2026-01-20 23:00:00,4155.115
2026-01-20 23:15:00,3962.614
2026-01-20 23:30:00,3691.398
2026-01-20 23:45:00,3526.534
2026-01-21 00:00:00,4256.983
2026-01-21 00:15:00,4320.98
2026-01-21 00:30:00,4192.094
2026-01-21 00:45:00,4126.076
2026-01-21 01:00:00,4041.518
2026-01-21 01:15:00,3974.686
2026-01-21 01:30:00,3898.588
2026-01-21 01:45:00,3878.446
2026-01-21 02:00:00,3818.072
2026-01-21 02:15:00,3810.914
2026-01-21 02:30:00,3847.242
2026-01-21 02:45:00,3824.994
2026-01-21 03:00:00,3829.005
2026-01-21 03:15:00,3818.091
2026-01-21 03:30:00,3786.788
2026-01-21 03:45:00,3773.337
2026-01-21 04:00:00,3839.425
2026-01-21 04:15:00,3857.702
2026-01-21 04:30:00,3842.417
2026-01-21 04:45:00,3803.255
2026-01-21 05:00:00,3738.904
2026-01-21 05:15:00,3728.747
2026-01-21 05:30:00,3729.185
2026-01-21 05:45:00,3620.187
2026-01-21 06:00:00,3519.63
2026-01-21 06:15:00,3552.277
2026-01-21 06:30:00,3601.291
2026-01-21 06:45:00,3720.344
2026-01-21 07:00:00,3793.164
2026-01-21 07:15:00,3995.761
2026-01-21 07:30:00,4243.79
2026-01-21 07:45:00,4389.096
2026-01-21 08:00:00,4637.557
2026-01-21 08:15:00,5018.833
2026-01-21 08:30:00,5449.582
2026-01-21 08:45:00,5507.52
2026-01-21 09:00:00,5573.424
2026-01-21 09:15:00,5628.792
2026-01-21 09:30:00,5721.909
2026-01-21 09:45:00,5759.902
2026-01-21 10:00:00,5780.014
2026-01-21 10:15:00,5788.506
2026-01-21 10:30:00,5785.821
2026-01-21 10:45:00,5653.747
2026-01-21 11:00:00,5767.208
2026-01-21 11:15:00,5775.145
2026-01-21 11:30:00,5744.425
2026-01-21 11:45:00,5649.197
2026-01-21 12:00:00,5884.876
2026-01-21 12:15:00,5896.294
2026-01-21 12:30:00,5887.2
2026-01-21 12:45:00,5711.731
2026-01-21 13:00:00,5239.799
2026-01-21 13:15:00,5047.465
2026-01-21 13:30:00,5004.6
2026-01-21 13:45:00,4764.978
2026-01-21 14:00:00,4825.28
2026-01-21 14:15:00,5074.204
2026-01-21 14:30:00,5079.743
2026-01-21 14:45:00,5227.73
2026-01-21 15:00:00,5125.026
2026-01-21 15:15:00,5381.082
2026-01-21 15:30:00,5389.527
2026-01-21 15:45:00,5378.288
2026-01-21 16:00:00,5382.156
2026-01-21 16:15:00,5322.527
2026-01-21 16:30:00,5368.636
2026-01-21 16:45:00,5351.504
2026-01-21 17:00:00,5388.925
2026-01-21 17:15:00,5338.855
2026-01-21 17:30:00,5397.593
2026-01-21 17:45:00,5439.057
2026-01-21 18:00:00,5477.752
2026-01-21 18:15:00,5565.713
2026-01-21 18:30:00,5535.389
2026-01-21 18:45:00,5504.341
2026-01-21 19:00:00,5575.189
2026-01-21 19:15:00,5688.02
2026-01-21 19:30:00,5646.325
2026-01-21 19:45:00,5627.208
2026-01-21 20:00:00,5579.731
2026-01-21 20:15:00,5564.883
2026-01-21 20:30:00,5518.836
2026-01-21 20:45:00,5473.183
2026-01-21 21:00:00,5466.176
2026-01-21 21:15:00,5364.158
2026-01-21 21:30:00,5334.504
2026-01-21 21:45:00,5371.882
2026-01-21 22:00:00,5412.557
2026-01-21 22:15:00,5244.073
2026-01-21 22:30:00,5003.735
2026-01-21 22:45:00,4779.461
2026-01-21 23:00:00,4611.753
2026-01-21 23:15:00,4568.085
2026-01-21 23:30:00,4391.609
2026-01-21 23:45:00,4267.762
2026-01-22 00:00:00,4446.598
2026-01-22 00:15:00,4474.438
2026-01-22 00:30:00,4460.371
2026-01-22 00:45:00,4404.413
2026-01-22 01:00:00,4252.848
2026-01-22 01:15:00,4158.267
2026-01-22 01:30:00,4093.233
2026-01-22 01:45:00,4054.601
2026-01-22 02:00:00,4037.617
2026-01-22 02:15:00,4040.524
2026-01-22 02:30:00,4027.978
2026-01-22 02:45:00,4019.087
2026-01-22 03:00:00,4053.495
2026-01-22 03:15:00,4036.948
2026-01-22 03:30:00,4020.289
2026-01-22 03:45:00,3962.16
2026-01-22 04:00:00,3983.146
2026-01-22 04:15:00,3985.553
2026-01-22 04:30:00,4016.627
2026-01-22 04:45:00,4008.624
2026-01-22 05:00:00,4039.847
2026-01-22 05:15:00,4047.836
2026-01-22 05:30:00,3978.993
2026-01-22 05:45:00,3938.597
2026-01-22 06:00:00,3828.423
2026-01-22 06:15:00,3753.776
2026-01-22 06:30:00,3746.844
2026-01-22 06:45:00,3928.66
2026-01-22 07:00:00,4029.918
2026-01-22 07:15:00,4387.923
2026-01-22 07:30:00,4588.708
2026-01-22 07:45:00,4916.171
2026-01-22 08:00:00,5167.274
2026-01-22 08:15:00,5374.365
2026-01-22 08:30:00,5536.604
2026-01-22 08:45:00,5479.109
2026-01-22 09:00:00,5225.837
2026-01-22 09:15:00,5117.54
2026-01-22 09:30:00,5046.649
2026-01-22 09:45:00,4913.36
2026-01-22 10:00:00,5039.253
2026-01-22 10:15:00,5084.074
2026-01-22 10:30:00,5228.807
2026-01-22 10:45:00,5253.3
2026-01-22 11:00:00,5541.736
2026-01-22 11:15:00,5223.485
2026-01-22 11:30:00,5058.302
2026-01-22 11:45:00,4705.155
2026-01-22 12:00:00,4824.588
2026-01-22 12:15:00,4756.348
2026-01-22 12:30:00,4649.914
2026-01-22 12:45:00,4497.404
2026-01-22 13:00:00,4555.521
2026-01-22 13:15:00,4371.157
2026-01-22 13:30:00,4383.935
2026-01-22 13:45:00,4082.519
2026-01-22 14:00:00,3995.631
2026-01-22 14:15:00,3727.176
2026-01-22 14:30:00,3496.836
2026-01-22 14:45:00,3569.839
2026-01-22 15:00:00,3644.61
2026-01-22 15:15:00,3668.526
2026-01-22 15:30:00,3900.749
2026-01-22 15:45:00,4140.533
2026-01-22 16:00:00,4436.9
2026-01-22 16:15:00,4530.142
2026-01-22 16:30:00,4921.775
2026-01-22 16:45:00,4971.731
2026-01-22 17:00:00,4938.094
2026-01-22 17:15:00,4933.381
2026-01-22 17:30:00,4951.754
2026-01-22 17:45:00,4890.935
2026-01-22 18:00:00,4788.219
2026-01-22 18:15:00,4809.519
2026-01-22 18:30:00,4926.146
2026-01-22 18:45:00,4948.211
2026-01-22 19:00:00,5078.93
2026-01-22 19:15:00,5072.745
2026-01-22 19:30:00,5065.321
2026-01-22 19:45:00,5100.934
2026-01-22 20:00:00,5113.784
2026-01-22 20:15:00,5195.545
2026-01-22 20:30:00,5182.724
2026-01-22 20:45:00,5206.145
2026-01-22 21:00:00,5193.282
2026-01-22 21:15:00,5212.713
2026-01-22 21:30:00,5277.713
2026-01-22 21:45:00,5263.311
2026-01-22 22:00:00,5354.419
2026-01-22 22:15:00,5367.268
2026-01-22 22:30:00,5111.718
2026-01-22 22:45:00,4943.72
2026-01-22 23:00:00,4671.796
2026-01-22 23:15:00,4416.562
2026-01-22 23:30:00,4154.73
2026-01-22 23:45:00,3973.865
2026-01-23 00:00:00,4490.531
2026-01-23 00:15:00,4549.929
2026-01-23 00:30:00,4734.5
2026-01-23 00:45:00,4612.882
2026-01-23 01:00:00,4495.373
2026-01-23 01:15:00,4382.557
2026-01-23 01:30:00,4296.693
2026-01-23 01:45:00,4168.332
2026-01-23 02:00:00,4026.658
2026-01-23 02:15:00,4011.887
2026-01-23 02:30:00,4041.801
2026-01-23 02:45:00,4030.807
2026-01-23 03:00:00,4014.188
2026-01-23 03:15:00,3951.7
2026-01-23 03:30:00,3949.02
2026-01-23 03:45:00,3881.145
2026-01-23 04:00:00,3836.639
2026-01-23 04:15:00,3817.331
2026-01-23 04:30:00,3869.247
2026-01-23 04:45:00,3847.519
2026-01-23 05:00:00,3890.955
2026-01-23 05:15:00,3924.824
2026-01-23 05:30:00,4069.241
2026-01-23 05:45:00,4127.315
2026-01-23 06:00:00,4136.284
2026-01-23 06:15:00,4113.725
2026-01-23 06:30:00,4243.701
2026-01-23 06:45:00,4438.259
2026-01-23 07:00:00,4570.935
2026-01-23 07:15:00,4746.695
2026-01-23 07:30:00,5003.722
2026-01-23 07:45:00,5012.689
2026-01-23 08:00:00,5148.35
2026-01-23 08:15:00,5317.304
2026-01-23 08:30:00,5369.016
2026-01-23 08:45:00,5286.308
2026-01-23 09:00:00,5114.981
2026-01-23 09:15:00,4930.991
2026-01-23 09:30:00,4709.383
2026-01-23 09:45:00,4447.37
2026-01-23 10:00:00,4256.649
2026-01-23 10:15:00,4240.165
2026-01-23 10:30:00,4319.94
2026-01-23 10:45:00,4383.447
2026-01-23 11:00:00,4362.378
2026-01-23 11:15:00,4154.826
2026-01-23 11:30:00,3999.384
2026-01-23 11:45:00,3935.862
2026-01-23 12:00:00,4150.449
2026-01-23 12:15:00,4024.69
2026-01-23 12:30:00,4029.458
2026-01-23 12:45:00,3996.613
2026-01-23 13:00:00,3948.987
2026-01-23 13:15:00,3902.835
2026-01-23 13:30:00,3955.258
2026-01-23 13:45:00,3710.772
2026-01-23 14:00:00,3528.063
2026-01-23 14:15:00,3442.682
2026-01-23 14:30:00,3397.592
2026-01-23 14:45:00,3567.738
2026-01-23 15:00:00,3570.309
2026-01-23 15:15:00,3630.34
2026-01-23 15:30:00,4011.33
2026-01-23 15:45:00,4022.076
2026-01-23 16:00:00,4130.912
2026-01-23 16:15:00,4495.128
2026-01-23 16:30:00,4747.646
2026-01-23 16:45:00,4871.866
2026-01-23 17:00:00,5328.384
2026-01-23 17:15:00,5547.976
2026-01-23 17:30:00,5700.89
2026-01-23 17:45:00,5644.558
2026-01-23 18:00:00,5591.44
2026-01-23 18:15:00,5477.62
2026-01-23 18:30:00,5496.69
2026-01-23 18:45:00,5587.908
2026-01-23 19:00:00,5635.994
2026-01-23 19:15:00,5677.836
2026-01-23 19:30:00,5669.49
2026-01-23 19:45:00,5593.766
2026-01-23 20:00:00,5729.741
2026-01-23 20:15:00,5740.424
2026-01-23 20:30:00,5873.055
2026-01-23 20:45:00,5904.042
2026-01-23 21:00:00,5924.427
2026-01-23 21:15:00,5886.448
2026-01-23 21:30:00,5783.729
2026-01-23 21:45:00,5763.526
2026-01-23 22:00:00,5732.28
2026-01-23 22:15:00,5648.24
2026-01-23 22:30:00,5526.366
2026-01-23 22:45:00,5340.131
2026-01-23 23:00:00,5085.292
2026-01-23 23:15:00,4897.712
2026-01-23 23:30:00,4652.811
2026-01-23 23:45:00,4488.564
2026-01-24 00:00:00,5195.224
2026-01-24 00:15:00,5226.121
2026-01-24 00:30:00,5211.058
2026-01-24 00:45:00,5043.202
2026-01-24 01:00:00,4834.415
2026-01-24 01:15:00,4726.517
2026-01-24 01:30:00,4568.226
2026-01-24 01:45:00,4376.609
2026-01-24 02:00:00,4256.144
2026-01-24 02:15:00,4255.321
2026-01-24 02:30:00,4224.244
2026-01-24 02:45:00,4050.875
2026-01-24 03:00:00,3882.193
2026-01-24 03:15:00,3838.486
2026-01-24 03:30:00,3766.276
2026-01-24 03:45:00,3731.678
2026-01-24 04:00:00,3681.554
2026-01-24 04:15:00,3667.722
2026-01-24 04:30:00,3673.747
2026-01-24 04:45:00,3707.73
2026-01-24 05:00:00,3863.075
2026-01-24 05:15:00,3841.507
2026-01-24 05:30:00,3775.068
2026-01-24 05:45:00,3767.736
2026-01-24 06:00:00,3813.576
2026-01-24 06:15:00,3749.039
2026-01-24 06:30:00,3809.419
2026-01-24 06:45:00,3922.3
2026-01-24 07:00:00,3983.27
2026-01-24 07:15:00,4038.773
2026-01-24 07:30:00,4026.356
2026-01-24 07:45:00,4164.042
2026-01-24 08:00:00,4081.784
2026-01-24 08:15:00,4221.845
2026-01-24 08:30:00,4174.739
2026-01-24 08:45:00,4107.922
2026-01-24 09:00:00,3915.131
2026-01-24 09:15:00,3900.765
2026-01-24 09:30:00,3697.166
2026-01-24 09:45:00,3649.281
2026-01-24 10:00:00,3792.683
2026-01-24 10:15:00,3997.998
2026-01-24 10:30:00,4227.91
2026-01-24 10:45:00,4323.019
2026-01-24 11:00:00,4122.797
2026-01-24 11:15:00,4181.512
2026-01-24 11:30:00,3888.416
2026-01-24 11:45:00,3631.767
2026-01-24 12:00:00,3874.932
2026-01-24 12:15:00,3494.55
2026-01-24 12:30:00,3428.863
2026-01-24 12:45:00,3337.481
2026-01-24 13:00:00,3425.465
2026-01-24 13:15:00,3329.472
2026-01-24 13:30:00,3335.978
2026-01-24 13:45:00,3181.451
2026-01-24 14:00:00,3131.892
2026-01-24 14:15:00,3064.079
2026-01-24 14:30:00,3066.972
2026-01-24 14:45:00,3094.942
2026-01-24 15:00:00,3146.262
2026-01-24 15:15:00,3480.252
2026-01-24 15:30:00,3456.369
2026-01-24 15:45:00,3521.17
2026-01-24 16:00:00,3427.042
2026-01-24 16:15:00,3627.304
2026-01-24 16:30:00,3773.904
2026-01-24 16:45:00,3863.612
2026-01-24 17:00:00,3927.036
2026-01-24 17:15:00,3990.879
2026-01-24 17:30:00,3924.856
2026-01-24 17:45:00,3807.356
2026-01-24 18:00:00,3457.679
2026-01-24 18:15:00,3292.058
2026-01-24 18:30:00,3187.686
2026-01-24 18:45:00,3135.992
2026-01-24 19:00:00,3146.732
2026-01-24 19:15:00,3134.577
2026-01-24 19:30:00,3087.296
2026-01-24 19:45:00,3125.608
2026-01-24 20:00:00,3136.815
2026-01-24 20:15:00,3290.13
2026-01-24 20:30:00,3275.089
2026-01-24 20:45:00,3176.448
2026-01-24 21:00:00,3214.765
2026-01-24 21:15:00,3139.957
2026-01-24 21:30:00,3162.426
2026-01-24 21:45:00,3178.092
2026-01-24 22:00:00,3353.597
2026-01-24 22:15:00,3251.4
2026-01-24 22:30:00,3201.851
2026-01-24 22:45:00,3012.64
2026-01-24 23:00:00,2951.683
2026-01-24 23:15:00,2736.638
2026-01-24 23:30:00,2552.149
2026-01-24 23:45:00,2619.669
2026-01-25 00:00:00,2992.49
2026-01-25 00:15:00,3087.489
2026-01-25 00:30:00,2989.088
2026-01-25 00:45:00,2877.937
2026-01-25 01:00:00,2727.895
2026-01-25 01:15:00,2548.97
2026-01-25 01:30:00,2470.879
2026-01-25 01:45:00,2347.602
2026-01-25 02:00:00,2395.202
2026-01-25 02:15:00,2370.465
2026-01-25 02:30:00,2475.266
2026-01-25 02:45:00,2486.706
2026-01-25 03:00:00,2498.079
2026-01-25 03:15:00,2404.85
2026-01-25 03:30:00,2397.208
2026-01-25 03:45:00,2332.385
2026-01-25 04:00:00,2351.243
2026-01-25 04:15:00,2302.455
2026-01-25 04:30:00,2335.269
2026-01-25 04:45:00,2358.498
2026-01-25 05:00:00,2382.298
2026-01-25 05:15:00,2397.557
2026-01-25 05:30:00,2336.548
2026-01-25 05:45:00,2286.237
2026-01-25 06:00:00,2254.47
2026-01-25 06:15:00,2235.626
2026-01-25 06:30:00,2228.533
2026-01-25 06:45:00,2318.301
2026-01-25 07:00:00,2357.731
2026-01-25 07:15:00,2383.323
2026-01-25 07:30:00,2508.964
2026-01-25 07:45:00,2678.463
2026-01-25 08:00:00,2762.692
2026-01-25 08:15:00,3053.678
2026-01-25 08:30:00,3040.265
2026-01-25 08:45:00,3090.291
2026-01-25 09:00:00,3126.284
2026-01-25 09:15:00,3387.749
2026-01-25 09:30:00,3458.144
2026-01-25 09:45:00,3452.291
2026-01-25 10:00:00,3470.794
2026-01-25 10:15:00,3445.381
2026-01-25 10:30:00,3730.95
2026-01-25 10:45:00,3855.881
2026-01-25 11:00:00,3906.565
2026-01-25 11:15:00,3928.925
2026-01-25 11:30:00,3779.307
2026-01-25 11:45:00,3728.281
2026-01-25 12:00:00,4098.51
2026-01-25 12:15:00,4080.911
2026-01-25 12:30:00,4088.484
2026-01-25 12:45:00,3943.688
2026-01-25 13:00:00,3921.619
2026-01-25 13:15:00,3880.965
2026-01-25 13:30:00,3870.371
2026-01-25 13:45:00,3688.539
2026-01-25 14:00:00,3610.042
2026-01-25 14:15:00,3626.839
2026-01-25 14:30:00,3631.577
2026-01-25 14:45:00,3533.279
2026-01-25 15:00:00,3473.228
2026-01-25 15:15:00,3523.731
2026-01-25 15:30:00,3559.881
2026-01-25 15:45:00,3448.612
2026-01-25 16:00:00,3469.801
2026-01-25 16:15:00,3664.517
2026-01-25 16:30:00,3871.729
2026-01-25 16:45:00,3884.273
2026-01-25 17:00:00,4101.923
2026-01-25 17:15:00,4134.737
2026-01-25 17:30:00,4253.772
2026-01-25 17:45:00,4139.573
2026-01-25 18:00:00,3838.692
2026-01-25 18:15:00,3742.153
2026-01-25 18:30:00,3484.038
2026-01-25 18:45:00,3397.355
2026-01-25 19:00:00,3298.591
2026-01-25 19:15:00,3232.16
2026-01-25 19:30:00,3410.557
2026-01-25 19:45:00,3366.91
2026-01-25 20:00:00,3362.665
2026-01-25 20:15:00,3426.242
2026-01-25 20:30:00,3446.233
2026-01-25 20:45:00,3414.941
2026-01-25 21:00:00,3440.361
2026-01-25 21:15:00,3409.564
2026-01-25 21:30:00,3453.378
2026-01-25 21:45:00,3431.84
2026-01-25 22:00:00,3440.406
2026-01-25 22:15:00,3310.731
2026-01-25 22:30:00,3130.816
2026-01-25 22:45:00,3071.025
2026-01-25 23:00:00,2938.048
2026-01-25 23:15:00,2704.068
2026-01-25 23:30:00,2442.652
2026-01-25 23:45:00,2304.885
2026-01-26 00:00:00,2984.273
2026-01-26 00:15:00,3009.468
2026-01-26 00:30:00,2885.321
2026-01-26 00:45:00,2783.321
2026-01-26 01:00:00,2767.087
2026-01-26 01:15:00,2755.994
2026-01-26 01:30:00,2687.947
2026-01-26 01:45:00,2683.255
2026-01-26 02:00:00,2628.558
2026-01-26 02:15:00,2649.655
2026-01-26 02:30:00,2514.2
2026-01-26 02:45:00,2502.719
2026-01-26 03:00:00,2517.649
2026-01-26 03:15:00,2477.687
2026-01-26 03:30:00,2465.402
2026-01-26 03:45:00,2396.027
2026-01-26 04:00:00,2398.67
2026-01-26 04:15:00,2407.447
2026-01-26 04:30:00,2378.624
2026-01-26 04:45:00,2440.122
2026-01-26 05:00:00,2522.46
2026-01-26 05:15:00,2556.194
2026-01-26 05:30:00,2588.098
2026-01-26 05:45:00,2512.849
2026-01-26 06:00:00,2443.153
2026-01-26 06:15:00,2414.774
2026-01-26 06:30:00,2377.583
2026-01-26 06:45:00,2470.351
2026-01-26 07:00:00,2580.246
2026-01-26 07:15:00,2613.529
2026-01-26 07:30:00,2748.101
2026-01-26 07:45:00,2963.473
2026-01-26 08:00:00,3266.904
2026-01-26 08:15:00,3690.604
2026-01-26 08:30:00,3979.22
2026-01-26 08:45:00,4109.693
2026-01-26 09:00:00,4187.258
2026-01-26 09:15:00,4284.567
2026-01-26 09:30:00,4229.23
2026-01-26 09:45:00,4322.151
2026-01-26 10:00:00,4620.133
2026-01-26 10:15:00,4610.91
2026-01-26 10:30:00,4744.576
2026-01-26 10:45:00,4766.209
2026-01-26 11:00:00,4745.345
2026-01-26 11:15:00,4750.818
2026-01-26 11:30:00,4741.588
2026-01-26 11:45:00,4631.583
2026-01-26 12:00:00,4686.17
2026-01-26 12:15:00,4625.75
2026-01-26 12:30:00,4575.327
2026-01-26 12:45:00,4731.596
2026-01-26 13:00:00,4790.204
2026-01-26 13:15:00,4675.826
2026-01-26 13:30:00,4620.029
2026-01-26 13:45:00,4379.518
2026-01-26 14:00:00,4279.375
2026-01-26 14:15:00,4181.984
2026-01-26 14:30:00,4198.73
2026-01-26 14:45:00,4132.45
2026-01-26 15:00:00,4134.042
2026-01-26 15:15:00,4203.19
2026-01-26 15:30:00,4304.611
2026-01-26 15:45:00,4293.276
2026-01-26 16:00:00,4071.486
2026-01-26 16:15:00,4256.656
2026-01-26 16:30:00,4402.656
2026-01-26 16:45:00,4402.264
2026-01-26 17:00:00,4340.906
2026-01-26 17:15:00,4286.755
2026-01-26 17:30:00,4166.236
2026-01-26 17:45:00,4079.247
2026-01-26 18:00:00,3901.86
2026-01-26 18:15:00,3897.299
2026-01-26 18:30:00,3852.514
2026-01-26 18:45:00,3832.573
2026-01-26 19:00:00,3743.621
2026-01-26 19:15:00,3728.151
2026-01-26 19:30:00,3666.466
2026-01-26 19:45:00,3610.098
2026-01-26 20:00:00,3568.189
2026-01-26 20:15:00,3583.054
2026-01-26 20:30:00,3518.047
2026-01-26 20:45:00,3460.546
2026-01-26 21:00:00,3468.647
2026-01-26 21:15:00,3517.39
2026-01-26 21:30:00,3468.878
2026-01-26 21:45:00,3587.926
2026-01-26 22:00:00,3581.61
2026-01-26 22:15:00,3508.596
2026-01-26 22:30:00,3430.32
2026-01-26 22:45:00,3263.423
2026-01-26 23:00:00,3215.823
2026-01-26 23:15:00,3190.737
2026-01-26 23:30:00,3026.305
2026-01-26 23:45:00,2940.556
2026-01-27 00:00:00,3410.481
2026-01-27 00:15:00,3450.681
2026-01-27 00:30:00,3308.471
2026-01-27 00:45:00,3166.432
2026-01-27 01:00:00,3065.056
2026-01-27 01:15:00,2953.308
2026-01-27 01:30:00,2946.844
2026-01-27 01:45:00,2870.37
2026-01-27 02:00:00,2832.637
2026-01-27 02:15:00,2850.822
2026-01-27 02:30:00,2825.751
2026-01-27 02:45:00,2846.244
2026-01-27 03:00:00,2872.994
2026-01-27 03:15:00,2814.24
2026-01-27 03:30:00,2757.332
2026-01-27 03:45:00,2728.702
2026-01-27 04:00:00,2560.986
2026-01-27 04:15:00,2601.981
2026-01-27 04:30:00,2600.013
2026-01-27 04:45:00,2618.542
2026-01-27 05:00:00,2731.374
2026-01-27 05:15:00,2726.59
2026-01-27 05:30:00,2777.295
2026-01-27 05:45:00,2750.289
2026-01-27 06:00:00,2623.533
2026-01-27 06:15:00,2508.57
2026-01-27 06:30:00,2569.064
2026-01-27 06:45:00,2721.913
2026-01-27 07:00:00,2771.401
2026-01-27 07:15:00,2761.887
2026-01-27 07:30:00,3055.202
2026-01-27 07:45:00,3541.03
2026-01-27 08:00:00,3876.521
2026-01-27 08:15:00,4283.233
2026-01-27 08:30:00,4329.224
2026-01-27 08:45:00,4224.892
2026-01-27 09:00:00,4119.092
2026-01-27 09:15:00,4040.953
2026-01-27 09:30:00,4276.496
2026-01-27 09:45:00,4276.5
2026-01-27 10:00:00,3968.419
2026-01-27 10:15:00,3892.345
2026-01-27 10:30:00,3906.377
2026-01-27 10:45:00,3846.583
2026-01-27 11:00:00,3745.044
2026-01-27 11:15:00,3788.644
2026-01-27 11:30:00,3678.459
2026-01-27 11:45:00,3556.138
2026-01-27 12:00:00,4088.569
2026-01-27 12:15:00,4142.438
2026-01-27 12:30:00,4096.501
2026-01-27 12:45:00,4104.137
2026-01-27 13:00:00,4239.476
2026-01-27 13:15:00,4246.372
2026-01-27 13:30:00,4217.709
2026-01-27 13:45:00,4064.941
2026-01-27 14:00:00,3991.427
2026-01-27 14:15:00,3909.856
2026-01-27 14:30:00,3857.466
2026-01-27 14:45:00,3963.934
2026-01-27 15:00:00,3994.002
2026-01-27 15:15:00,3903.66
2026-01-27 15:30:00,3951.14
2026-01-27 15:45:00,4009.415
2026-01-27 16:00:00,3891.985
2026-01-27 16:15:00,3781.687
2026-01-27 16:30:00,3765.032
2026-01-27 16:45:00,3813.066
2026-01-27 17:00:00,3947.529
2026-01-27 17:15:00,3990.22
2026-01-27 17:30:00,4064.777
2026-01-27 17:45:00,4388.674
2026-01-27 18:00:00,4341.176
2026-01-27 18:15:00,4308.722
2026-01-27 18:30:00,4231.824
2026-01-27 18:45:00,4277.133
2026-01-27 19:00:00,4283.204
2026-01-27 19:15:00,4241.936
2026-01-27 19:30:00,4169.061
2026-01-27 19:45:00,4155.001
2026-01-27 20:00:00,4145.578
2026-01-27 20:15:00,4152.24
2026-01-27 20:30:00,4215.454
2026-01-27 20:45:00,4228.788
2026-01-27 21:00:00,4395.037
2026-01-27 21:15:00,4469.276
2026-01-27 21:30:00,4500.434
2026-01-27 21:45:00,4666.94
2026-01-27 22:00:00,4594.256
2026-01-27 22:15:00,4498.466
2026-01-27 22:30:00,4432.922
2026-01-27 22:45:00,4139.712
2026-01-27 23:00:00,3639.046
2026-01-27 23:15:00,3435.517
2026-01-27 23:30:00,3209.119
2026-01-27 23:45:00,2977.836
2026-01-28 00:00:00,3615.492
2026-01-28 00:15:00,3666.48
2026-01-28 00:30:00,3594.342
2026-01-28 00:45:00,3427.511
2026-01-28 01:00:00,3329.347
2026-01-28 01:15:00,3114.228
2026-01-28 01:30:00,2994.7
2026-01-28 01:45:00,2846.013
2026-01-28 02:00:00,2762.723
2026-01-28 02:15:00,2790.076
2026-01-28 02:30:00,2789.276
2026-01-28 02:45:00,2779.399
2026-01-28 03:00:00,2818.805
2026-01-28 03:15:00,2802.864
2026-01-28 03:30:00,2752.096
2026-01-28 03:45:00,2733.396
2026-01-28 04:00:00,2804.889
2026-01-28 04:15:00,2772.377
2026-01-28 04:30:00,2766.582
2026-01-28 04:45:00,2797.105
2026-01-28 05:00:00,2824.876
2026-01-28 05:15:00,2777.65
2026-01-28 05:30:00,2796.162
2026-01-28 05:45:00,2796.484
2026-01-28 06:00:00,2785.582
2026-01-28 06:15:00,2858.704
2026-01-28 06:30:00,2970.78
2026-01-28 06:45:00,3118.288
2026-01-28 07:00:00,3088.885
2026-01-28 07:15:00,3087.09
2026-01-28 07:30:00,3230.038
2026-01-28 07:45:00,3588.697
2026-01-28 08:00:00,3802.524
2026-01-28 08:15:00,3861.703
2026-01-28 08:30:00,3876.361
2026-01-28 08:45:00,3713.649
2026-01-28 09:00:00,3465.796
2026-01-28 09:15:00,3231.229
2026-01-28 09:30:00,3301.358
2026-01-28 09:45:00,3320.252
2026-01-28 10:00:00,3370.698
2026-01-28 10:15:00,3399.476
2026-01-28 10:30:00,3322.606
2026-01-28 10:45:00,3301.591
2026-01-28 11:00:00,3112.978
2026-01-28 11:15:00,2792.379
2026-01-28 11:30:00,2710.397
2026-01-28 11:45:00,2484.564
2026-01-28 12:00:00,2498.281
2026-01-28 12:15:00,2428.615
2026-01-28 12:30:00,2273.764
2026-01-28 12:45:00,2232.533
2026-01-28 13:00:00,2326.962
2026-01-28 13:15:00,2454.526
2026-01-28 13:30:00,2495.55
2026-01-28 13:45:00,2268.153
2026-01-28 14:00:00,2233.649
2026-01-28 14:15:00,2219.186
2026-01-28 14:30:00,2196.349
2026-01-28 14:45:00,2261.374
2026-01-28 15:00:00,2191.404
2026-01-28 15:15:00,2245.878
2026-01-28 15:30:00,2444.77
2026-01-28 15:45:00,2658.529
2026-01-28 16:00:00,2721.552
2026-01-28 16:15:00,2858.377
2026-01-28 16:30:00,3103.906
2026-01-28 16:45:00,3224.806
2026-01-28 17:00:00,3194.175
2026-01-28 17:15:00,3366.453
2026-01-28 17:30:00,3505.467
2026-01-28 17:45:00,3423.42
2026-01-28 18:00:00,3485.334
2026-01-28 18:15:00,3407.876
2026-01-28 18:30:00,3378.297
2026-01-28 18:45:00,3459.06
2026-01-28 19:00:00,3483.946
2026-01-28 19:15:00,3459.697
2026-01-28 19:30:00,3496.348
2026-01-28 19:45:00,3556.459
2026-01-28 20:00:00,3603.888
2026-01-28 20:15:00,3587.835
2026-01-28 20:30:00,3578.331
2026-01-28 20:45:00,3584.141
2026-01-28 21:00:00,3647.575
2026-01-28 21:15:00,3670.785
2026-01-28 21:30:00,3841.928
2026-01-28 21:45:00,3902.297
2026-01-28 22:00:00,3925.965
2026-01-28 22:15:00,3846.568
2026-01-28 22:30:00,3764.322
2026-01-28 22:45:00,3599.982
2026-01-28 23:00:00,3369.132
2026-01-28 23:15:00,3241.532
2026-01-28 23:30:00,3124.403
2026-01-28 23:45:00,3003.888
2026-01-29 00:00:00,3221.34
2026-01-29 00:15:00,3265.596
2026-01-29 00:30:00,3204.482
2026-01-29 00:45:00,3050.372
2026-01-29 01:00:00,2791.825
2026-01-29 01:15:00,2598.761
2026-01-29 01:30:00,2422.593
2026-01-29 01:45:00,2339.858
2026-01-29 02:00:00,2302.272
2026-01-29 02:15:00,2335.013
2026-01-29 02:30:00,2521.117
2026-01-29 02:45:00,2606.036
2026-01-29 03:00:00,2565.271
2026-01-29 03:15:00,2512.052
2026-01-29 03:30:00,2398.516
2026-01-29 03:45:00,2381.515
2026-01-29 04:00:00,2310.617
2026-01-29 04:15:00,2279.097
2026-01-29 04:30:00,2302.742
2026-01-29 04:45:00,2257.378
2026-01-29 05:00:00,2272.109
2026-01-29 05:15:00,2303.37
2026-01-29 05:30:00,2331.323
2026-01-29 05:45:00,2249.631
2026-01-29 06:00:00,2089.925
2026-01-29 06:15:00,2086.742
2026-01-29 06:30:00,2100.542
2026-01-29 06:45:00,2111.289
2026-01-29 07:00:00,2122.116
2026-01-29 07:15:00,2033.0
2026-01-29 07:30:00,2153.219
2026-01-29 07:45:00,2494.195
2026-01-29 08:00:00,2777.239
2026-01-29 08:15:00,2922.078
2026-01-29 08:30:00,3015.133
2026-01-29 08:45:00,3103.559
2026-01-29 09:00:00,3184.425
2026-01-29 09:15:00,3216.906
2026-01-29 09:30:00,3207.798
2026-01-29 09:45:00,3310.292
2026-01-29 10:00:00,3397.624
2026-01-29 10:15:00,3475.214
2026-01-29 10:30:00,3627.976
2026-01-29 10:45:00,3661.619
2026-01-29 11:00:00,3690.89
2026-01-29 11:15:00,3669.993
2026-01-29 11:30:00,3462.712
2026-01-29 11:45:00,3444.75
2026-01-29 12:00:00,3604.813
2026-01-29 12:15:00,3996.611
2026-01-29 12:30:00,4140.228
2026-01-29 12:45:00,4134.901
2026-01-29 13:00:00,4101.596
2026-01-29 13:15:00,3918.654
2026-01-29 13:30:00,3913.095
2026-01-29 13:45:00,3628.323
2026-01-29 14:00:00,3439.777
2026-01-29 14:15:00,3326.972
2026-01-29 14:30:00,3258.003
2026-01-29 14:45:00,3207.98
2026-01-29 15:00:00,3238.686
2026-01-29 15:15:00,3324.389
2026-01-29 15:30:00,3411.923
2026-01-29 15:45:00,3459.276
2026-01-29 16:00:00,3301.579
2026-01-29 16:15:00,3317.863
2026-01-29 16:30:00,3394.826
2026-01-29 16:45:00,3307.16
2026-01-29 17:00:00,3298.779
2026-01-29 17:15:00,3303.922
2026-01-29 17:30:00,3269.759
2026-01-29 17:45:00,3206.293
2026-01-29 18:00:00,3173.497
2026-01-29 18:15:00,3265.274
2026-01-29 18:30:00,3264.952
2026-01-29 18:45:00,3254.568
2026-01-29 19:00:00,3068.283
2026-01-29 19:15:00,2950.448
2026-01-29 19:30:00,2853.822
2026-01-29 19:45:00,2797.545
2026-01-29 20:00:00,2809.21
2026-01-29 20:15:00,2689.641
2026-01-29 20:30:00,2714.8
2026-01-29 20:45:00,2899.338
2026-01-29 21:00:00,3011.233
2026-01-29 21:15:00,3195.351
2026-01-29 21:30:00,3300.9
2026-01-29 21:45:00,3364.007
2026-01-29 22:00:00,3533.958
2026-01-29 22:15:00,3378.732
2026-01-29 22:30:00,3254.472
2026-01-29 22:45:00,2901.237
2026-01-29 23:00:00,2811.569
2026-01-29 23:15:00,2708.048
2026-01-29 23:30:00,2592.648
2026-01-29 23:45:00,2502.648
2026-01-30 00:00:00,2834.864
2026-01-30 00:15:00,2862.622
2026-01-30 00:30:00,2863.824
2026-01-30 00:45:00,2699.482
2026-01-30 01:00:00,2669.438
2026-01-30 01:15:00,2543.668
2026-01-30 01:30:00,2445.689
2026-01-30 01:45:00,2326.189
2026-01-30 02:00:00,2308.727
2026-01-30 02:15:00,2393.371
2026-01-30 02:30:00,2544.988
2026-01-30 02:45:00,2571.329
2026-01-30 03:00:00,2588.548
2026-01-30 03:15:00,2550.748
2026-01-30 03:30:00,2467.071
2026-01-30 03:45:00,2395.433
2026-01-30 04:00:00,2424.436
2026-01-30 04:15:00,2399.865
2026-01-30 04:30:00,2398.751
2026-01-30 04:45:00,2437.774
2026-01-30 05:00:00,2440.003
2026-01-30 05:15:00,2429.376
2026-01-30 05:30:00,2469.05
2026-01-30 05:45:00,2450.587
2026-01-30 06:00:00,2452.661
2026-01-30 06:15:00,2526.706
2026-01-30 06:30:00,2451.786
2026-01-30 06:45:00,2421.387
2026-01-30 07:00:00,2234.65
2026-01-30 07:15:00,2135.055
2026-01-30 07:30:00,2426.854
2026-01-30 07:45:00,2821.049
2026-01-30 08:00:00,3084.787
2026-01-30 08:15:00,3541.208
2026-01-30 08:30:00,3839.958
2026-01-30 08:45:00,3926.088
2026-01-30 09:00:00,3946.219
2026-01-30 09:15:00,3940.808
2026-01-30 09:30:00,3989.584
2026-01-30 09:45:00,4175.457
2026-01-30 10:00:00,4323.596
2026-01-30 10:15:00,4357.053
2026-01-30 10:30:00,4497.847
2026-01-30 10:45:00,4501.972
2026-01-30 11:00:00,4512.146
2026-01-30 11:15:00,4621.625
2026-01-30 11:30:00,4540.107
2026-01-30 11:45:00,4443.216
2026-01-30 12:00:00,4768.541
2026-01-30 12:15:00,4678.273
2026-01-30 12:30:00,4598.123
2026-01-30 12:45:00,4536.75
2026-01-30 13:00:00,4660.192
2026-01-30 13:15:00,4564.912
2026-01-30 13:30:00,4573.759
2026-01-30 13:45:00,4418.343
2026-01-30 14:00:00,4336.932
2026-01-30 14:15:00,4188.346
2026-01-30 14:30:00,4246.084
2026-01-30 14:45:00,4213.852
2026-01-30 15:00:00,4193.61
2026-01-30 15:15:00,4231.638
2026-01-30 15:30:00,4332.906
2026-01-30 15:45:00,4252.28
2026-01-30 16:00:00,4129.492
2026-01-30 16:15:00,4045.712
2026-01-30 16:30:00,4093.052
2026-01-30 16:45:00,3964.942
2026-01-30 17:00:00,3893.219
2026-01-30 17:15:00,3817.394
2026-01-30 17:30:00,3767.545
2026-01-30 17:45:00,3671.994
2026-01-30 18:00:00,3437.036
2026-01-30 18:15:00,3408.143
2026-01-30 18:30:00,3381.959
2026-01-30 18:45:00,3522.025
2026-01-30 19:00:00,3499.945
2026-01-30 19:15:00,3398.88
2026-01-30 19:30:00,3381.361
2026-01-30 19:45:00,3475.975
2026-01-30 20:00:00,3466.843
2026-01-30 20:15:00,3474.03
2026-01-30 20:30:00,3470.304
2026-01-30 20:45:00,3490.189
2026-01-30 21:00:00,3585.904
2026-01-30 21:15:00,3788.813
2026-01-30 21:30:00,3999.291
2026-01-30 21:45:00,4152.051
2026-01-30 22:00:00,4274.823
2026-01-30 22:15:00,4094.213
2026-01-30 22:30:00,3896.46
2026-01-30 22:45:00,3529.861
2026-01-30 23:00:00,3404.548
2026-01-30 23:15:00,3252.323
2026-01-30 23:30:00,3128.286
2026-01-30 23:45:00,3125.307
2026-01-31 00:00:00,3517.33
2026-01-31 00:15:00,3542.573
2026-01-31 00:30:00,3459.144
2026-01-31 00:45:00,3401.626
2026-01-31 01:00:00,3361.473
2026-01-31 01:15:00,3190.243
2026-01-31 01:30:00,3077.764
2026-01-31 01:45:00,2965.049
2026-01-31 02:00:00,2863.159
2026-01-31 02:15:00,2872.542
2026-01-31 02:30:00,2928.415
2026-01-31 02:45:00,3004.354
2026-01-31 03:00:00,3058.673
2026-01-31 03:15:00,3040.368
2026-01-31 03:30:00,3010.16
2026-01-31 03:45:00,2983.46
2026-01-31 04:00:00,2994.042
2026-01-31 04:15:00,2970.262
2026-01-31 04:30:00,2949.509
2026-01-31 04:45:00,2893.671
2026-01-31 05:00:00,2991.19
2026-01-31 05:15:00,3058.12
2026-01-31 05:30:00,3063.83
2026-01-31 05:45:00,3040.998
2026-01-31 06:00:00,3008.389
2026-01-31 06:15:00,3037.607
2026-01-31 06:30:00,3103.849
2026-01-31 06:45:00,3134.947
2026-01-31 07:00:00,3046.282
2026-01-31 07:15:00,2847.211
2026-01-31 07:30:00,2883.974
2026-01-31 07:45:00,3363.427
2026-01-31 08:00:00,3649.308
2026-01-31 08:15:00,3762.276
2026-01-31 08:30:00,4078.027
2026-01-31 08:45:00,4132.779
2026-01-31 09:00:00,4188.588
2026-01-31 09:15:00,4087.278
2026-01-31 09:30:00,3987.588
2026-01-31 09:45:00,4047.8
2026-01-31 10:00:00,4005.406
2026-01-31 10:15:00,3709.716
2026-01-31 10:30:00,3531.762
2026-01-31 10:45:00,3506.562
2026-01-31 11:00:00,3622.428
2026-01-31 11:15:00,3519.662
2026-01-31 11:30:00,3227.222
2026-01-31 11:45:00,3078.618
2026-01-31 12:00:00,3807.447
2026-01-31 12:15:00,3707.847
2026-01-31 12:30:00,3612.85
2026-01-31 12:45:00,3396.055
2026-01-31 13:00:00,3426.19
2026-01-31 13:15:00,3436.626
2026-01-31 13:30:00,3416.168
2026-01-31 13:45:00,3248.354
2026-01-31 14:00:00,3083.604
2026-01-31 14:15:00,3001.498
2026-01-31 14:30:00,3002.469
2026-01-31 14:45:00,3234.188
2026-01-31 15:00:00,3137.383
2026-01-31 15:15:00,3209.517
2026-01-31 15:30:00,4219.259
2026-01-31 15:45:00,4343.554
2026-01-31 16:00:00,4178.807
2026-01-31 16:15:00,3943.518
2026-01-31 16:30:00,3941.176
2026-01-31 16:45:00,3869.048
2026-01-31 17:00:00,3812.81
2026-01-31 17:15:00,3825.172
2026-01-31 17:30:00,3748.035
2026-01-31 17:45:00,3693.106
2026-01-31 18:00:00,3760.323
2026-01-31 18:15:00,3663.083
2026-01-31 18:30:00,3720.257
2026-01-31 18:45:00,3588.252
2026-01-31 19:00:00,3813.691
2026-01-31 19:15:00,3863.529
2026-01-31 19:30:00,3764.141
2026-01-31 19:45:00,3836.977
2026-01-31 20:00:00,3961.52
2026-01-31 20:15:00,4023.633
2026-01-31 20:30:00,3997.133
2026-01-31 20:45:00,4022.739
2026-01-31 21:00:00,4080.836
2026-01-31 21:15:00,4170.521
2026-01-31 21:30:00,4331.166
2026-01-31 21:45:00,4489.972
2026-01-31 22:00:00,4526.478
2026-01-31 22:15:00,4359.629
2026-01-31 22:30:00,4145.165
2026-01-31 22:45:00,3935.182
2026-01-31 23:00:00,3703.707
2026-01-31 23:15:00,3618.262
2026-01-31 23:30:00,3299.401
2026-01-31 23:45:00,3485.945
2026-02-01 00:00:00,3939.064
2026-02-01 00:15:00,3930.991
2026-02-01 00:30:00,3897.024
2026-02-01 00:45:00,3747.357
2026-02-01 01:00:00,3535.505
2026-02-01 01:15:00,3416.762
2026-02-01 01:30:00,3313.073
2026-02-01 01:45:00,3250.035
2026-02-01 02:00:00,3212.618
2026-02-01 02:15:00,3196.7
2026-02-01 02:30:00,3218.518
2026-02-01 02:45:00,3223.731
2026-02-01 03:00:00,3175.926
2026-02-01 03:15:00,3152.764
2026-02-01 03:30:00,3105.483
2026-02-01 03:45:00,3013.699
2026-02-01 04:00:00,3069.717
2026-02-01 04:15:00,2912.889
2026-02-01 04:30:00,2943.345
2026-02-01 04:45:00,2921.079
2026-02-01 05:00:00,2886.048
2026-02-01 05:15:00,2916.597
2026-02-01 05:30:00,2948.329
2026-02-01 05:45:00,3025.247
2026-02-01 06:00:00,2969.583
2026-02-01 06:15:00,2971.369
2026-02-01 06:30:00,3003.275
2026-02-01 06:45:00,2905.699
2026-02-01 07:00:00,2963.04
2026-02-01 07:15:00,3013.912
2026-02-01 07:30:00,3166.563
2026-02-01 07:45:00,3479.656
2026-02-01 08:00:00,3799.935
2026-02-01 08:15:00,4074.371
2026-02-01 08:30:00,4177.314
2026-02-01 08:45:00,4264.471
2026-02-01 09:00:00,4092.933
2026-02-01 09:15:00,4129.101
2026-02-01 09:30:00,4010.888
2026-02-01 09:45:00,4093.293
2026-02-01 10:00:00,3916.954
2026-02-01 10:15:00,3703.284
2026-02-01 10:30:00,3712.491
2026-02-01 10:45:00,3614.054
2026-02-01 11:00:00,3430.242
2026-02-01 11:15:00,3293.345
2026-02-01 11:30:00,3210.398
2026-02-01 11:45:00,3255.011
2026-02-01 12:00:00,3623.47
2026-02-01 12:15:00,3601.473
2026-02-01 12:30:00,3557.157
2026-02-01 12:45:00,3441.276
2026-02-01 13:00:00,3656.719
2026-02-01 13:15:00,3621.263
2026-02-01 13:30:00,3684.964
2026-02-01 13:45:00,3485.04
2026-02-01 14:00:00,3348.013
2026-02-01 14:15:00,3251.351
2026-02-01 14:30:00,3231.894
2026-02-01 14:45:00,3404.351
2026-02-01 15:00:00,3660.736
2026-02-01 15:15:00,3796.214
2026-02-01 15:30:00,4089.685
2026-02-01 15:45:00,4180.37
2026-02-01 16:00:00,4227.503
2026-02-01 16:15:00,4178.762
2026-02-01 16:30:00,4118.342
2026-02-01 16:45:00,4051.41
2026-02-01 17:00:00,4058.918
2026-02-01 17:15:00,4153.941
2026-02-01 17:30:00,4249.831
2026-02-01 17:45:00,4209.687
2026-02-01 18:00:00,4266.694
2026-02-01 18:15:00,4306.506
2026-02-01 18:30:00,4398.814
2026-02-01 18:45:00,4436.605
2026-02-01 19:00:00,4341.15
2026-02-01 19:15:00,4287.586
2026-02-01 19:30:00,4366.142
2026-02-01 19:45:00,4344.181
2026-02-01 20:00:00,4380.85
2026-02-01 20:15:00,4369.075
2026-02-01 20:30:00,4328.927
2026-02-01 20:45:00,4286.529
2026-02-01 21:00:00,4376.322
2026-02-01 21:15:00,4454.63
2026-02-01 21:30:00,4651.797
2026-02-01 21:45:00,4693.379
2026-02-01 22:00:00,4639.232
2026-02-01 22:15:00,4470.088
2026-02-01 22:30:00,4283.727
2026-02-01 22:45:00,4104.286
2026-02-01 23:00:00,3831.994
2026-02-01 23:15:00,3694.201
2026-02-01 23:30:00,3548.555
2026-02-01 23:45:00,3395.921
2026-02-02 00:00:00,3764.595
2026-02-02 00:15:00,3732.927
2026-02-02 00:30:00,3631.6
2026-02-02 00:45:00,3568.076
2026-02-02 01:00:00,3232.083
2026-02-02 01:15:00,3123.28
2026-02-02 01:30:00,2897.592
2026-02-02 01:45:00,2839.544
2026-02-02 02:00:00,2829.688
2026-02-02 02:15:00,2741.698
2026-02-02 02:30:00,2846.405
2026-02-02 02:45:00,2763.143
2026-02-02 03:00:00,2741.352
2026-02-02 03:15:00,2684.771
2026-02-02 03:30:00,2625.259
2026-02-02 03:45:00,2142.523
2026-02-02 04:00:00,2196.821
2026-02-02 04:15:00,2152.301
2026-02-02 04:30:00,2117.002
2026-02-02 04:45:00,2144.406
2026-02-02 05:00:00,2240.477
2026-02-02 05:15:00,2200.737
2026-02-02 05:30:00,2214.135
2026-02-02 05:45:00,2222.063
2026-02-02 06:00:00,2288.812
2026-02-02 06:15:00,2200.411
2026-02-02 06:30:00,2318.629
2026-02-02 06:45:00,2455.754
2026-02-02 07:00:00,2410.151
2026-02-02 07:15:00,2330.148
2026-02-02 07:30:00,2532.589
2026-02-02 07:45:00,2903.567
2026-02-02 08:00:00,3078.582
2026-02-02 08:15:00,3091.422
2026-02-02 08:30:00,3070.982
2026-02-02 08:45:00,2945.08
2026-02-02 09:00:00,2747.697
2026-02-02 09:15:00,2498.497
2026-02-02 09:30:00,2376.483
2026-02-02 09:45:00,2401.023
2026-02-02 10:00:00,2299.242
2026-02-02 10:15:00,2411.529
2026-02-02 10:30:00,2503.34
2026-02-02 10:45:00,2447.392
2026-02-02 11:00:00,2493.862
2026-02-02 11:15:00,2378.93
2026-02-02 11:30:00,2287.425
2026-02-02 11:45:00,2211.175
2026-02-02 12:00:00,2488.701
2026-02-02 12:15:00,2458.569
2026-02-02 12:30:00,2469.271
2026-02-02 12:45:00,2404.012
2026-02-02 13:00:00,2576.833
2026-02-02 13:15:00,2555.3
2026-02-02 13:30:00,2493.067
2026-02-02 13:45:00,2386.182
2026-02-02 14:00:00,2392.414
2026-02-02 14:15:00,2336.627
2026-02-02 14:30:00,2435.455
2026-02-02 14:45:00,2526.053
2026-02-02 15:00:00,2608.276
2026-02-02 15:15:00,2657.175
2026-02-02 15:30:00,2733.784
2026-02-02 15:45:00,2943.901
2026-02-02 16:00:00,3069.653
2026-02-02 16:15:00,3078.361
2026-02-02 16:30:00,3224.683
2026-02-02 16:45:00,3185.493
2026-02-02 17:00:00,3413.424
2026-02-02 17:15:00,3515.673
2026-02-02 17:30:00,3387.366
2026-02-02 17:45:00,3472.47
2026-02-02 18:00:00,3500.383
2026-02-02 18:15:00,3582.064
2026-02-02 18:30:00,3675.081
2026-02-02 18:45:00,3622.775
2026-02-02 19:00:00,3581.024
2026-02-02 19:15:00,3503.015
2026-02-02 19:30:00,3484.763
2026-02-02 19:45:00,3477.142
2026-02-02 20:00:00,3505.361
2026-02-02 20:15:00,3441.201
2026-02-02 20:30:00,3412.652
2026-02-02 20:45:00,3421.432
2026-02-02 21:00:00,3524.814
2026-02-02 21:15:00,3567.847
2026-02-02 21:30:00,3520.779
2026-02-02 21:45:00,3618.649
2026-02-02 22:00:00,3711.412
2026-02-02 22:15:00,3616.323
2026-02-02 22:30:00,3461.475
2026-02-02 22:45:00,3279.605
2026-02-02 23:00:00,3170.585
2026-02-02 23:15:00,2993.898
2026-02-02 23:30:00,3045.401
2026-02-02 23:45:00,2973.68
2026-02-03 00:00:00,3232.273
2026-02-03 00:15:00,3268.521
2026-02-03 00:30:00,3136.899
2026-02-03 00:45:00,3012.733
2026-02-03 01:00:00,2795.002
2026-02-03 01:15:00,2570.039
2026-02-03 01:30:00,2289.92
2026-02-03 01:45:00,2199.704
2026-02-03 02:00:00,2348.659
2026-02-03 02:15:00,2273.87
2026-02-03 02:30:00,2225.79
2026-02-03 02:45:00,2250.987
2026-02-03 03:00:00,2147.497
2026-02-03 03:15:00,2087.256
2026-02-03 03:30:00,2103.8
2026-02-03 03:45:00,2137.014
2026-02-03 04:00:00,2134.904
2026-02-03 04:15:00,2096.963
2026-02-03 04:30:00,2071.831
2026-02-03 04:45:00,2106.363
2026-02-03 05:00:00,2126.41
2026-02-03 05:15:00,2153.105
2026-02-03 05:30:00,2179.18
2026-02-03 05:45:00,2125.912
2026-02-03 06:00:00,2167.475
2026-02-03 06:15:00,2259.736
2026-02-03 06:30:00,2338.188
2026-02-03 06:45:00,2385.115
2026-02-03 07:00:00,2382.917
2026-02-03 07:15:00,2669.574
2026-02-03 07:30:00,2910.616
2026-02-03 07:45:00,3270.279
2026-02-03 08:00:00,3511.159
2026-02-03 08:15:00,3517.414
2026-02-03 08:30:00,3584.195
2026-02-03 08:45:00,3405.226
2026-02-03 09:00:00,3207.119
2026-02-03 09:15:00,3148.891
2026-02-03 09:30:00,3051.659
2026-02-03 09:45:00,3082.898
2026-02-03 10:00:00,3038.571
2026-02-03 10:15:00,3062.452
2026-02-03 10:30:00,3110.866
2026-02-03 10:45:00,3092.287
2026-02-03 11:00:00,3150.394
2026-02-03 11:15:00,3068.247
2026-02-03 11:30:00,2947.535
2026-02-03 11:45:00,2898.956
2026-02-03 12:00:00,3094.94
2026-02-03 12:15:00,3146.461
2026-02-03 12:30:00,3035.739
2026-02-03 12:45:00,2976.823
2026-02-03 13:00:00,3092.455
2026-02-03 13:15:00,3006.056
2026-02-03 13:30:00,2978.21
2026-02-03 13:45:00,2921.137
2026-02-03 14:00:00,2745.905
2026-02-03 14:15:00,2659.684
2026-02-03 14:30:00,2794.957
2026-02-03 14:45:00,2804.054
2026-02-03 15:00:00,2766.645
2026-02-03 15:15:00,2945.525
2026-02-03 15:30:00,3081.79
2026-02-03 15:45:00,3243.192
2026-02-03 16:00:00,3198.194
2026-02-03 16:15:00,3134.854
2026-02-03 16:30:00,2887.22
2026-02-03 16:45:00,2807.075
2026-02-03 17:00:00,3129.151
2026-02-03 17:15:00,3259.089
2026-02-03 17:30:00,3403.629
2026-02-03 17:45:00,3470.471
2026-02-03 18:00:00,3317.18
2026-02-03 18:15:00,3312.235
2026-02-03 18:30:00,3419.64
2026-02-03 18:45:00,3365.482
2026-02-03 19:00:00,3271.302
2026-02-03 19:15:00,3237.964
2026-02-03 19:30:00,3193.803
2026-02-03 19:45:00,3243.621
2026-02-03 20:00:00,3296.48
2026-02-03 20:15:00,3279.751
2026-02-03 20:30:00,3247.078
2026-02-03 20:45:00,3213.379
2026-02-03 21:00:00,3135.395
2026-02-03 21:15:00,3111.146
2026-02-03 21:30:00,3045.425
2026-02-03 21:45:00,3032.239
2026-02-03 22:00:00,3205.591
2026-02-03 22:15:00,3130.479
2026-02-03 22:30:00,3099.566
2026-02-03 22:45:00,2924.748
2026-02-03 23:00:00,2827.674
2026-02-03 23:15:00,2800.293
2026-02-03 23:30:00,2680.569
2026-02-03 23:45:00,2539.427
2026-02-04 00:00:00,2803.083
2026-02-04 00:15:00,2816.326
2026-02-04 00:30:00,2735.391
2026-02-04 00:45:00,2645.669
2026-02-04 01:00:00,2345.97
2026-02-04 01:15:00,2213.219
2026-02-04 01:30:00,2235.211
2026-02-04 01:45:00,2274.423
2026-02-04 02:00:00,2232.376
2026-02-04 02:15:00,2176.216
2026-02-04 02:30:00,2135.288
2026-02-04 02:45:00,2046.515
2026-02-04 03:00:00,2010.88
2026-02-04 03:15:00,1970.063
2026-02-04 03:30:00,1935.764
2026-02-04 03:45:00,1820.124
2026-02-04 04:00:00,1855.045
2026-02-04 04:15:00,1844.072
2026-02-04 04:30:00,1832.678
2026-02-04 04:45:00,1833.407
2026-02-04 05:00:00,1871.462
2026-02-04 05:15:00,1884.807
2026-02-04 05:30:00,1882.821
2026-02-04 05:45:00,1812.302
2026-02-04 06:00:00,1838.602
2026-02-04 06:15:00,1875.49
2026-02-04 06:30:00,1957.719
2026-02-04 06:45:00,2052.395
2026-02-04 07:00:00,2131.453
2026-02-04 07:15:00,2247.475
2026-02-04 07:30:00,2369.986
2026-02-04 07:45:00,2579.103
2026-02-04 08:00:00,2723.355
2026-02-04 08:15:00,2923.755
2026-02-04 08:30:00,2850.582
2026-02-04 08:45:00,2753.373
2026-02-04 09:00:00,2742.437
2026-02-04 09:15:00,2707.606
2026-02-04 09:30:00,2733.653
2026-02-04 09:45:00,2812.341
2026-02-04 10:00:00,3041.56
2026-02-04 10:15:00,3218.034
2026-02-04 10:30:00,3358.749
2026-02-04 10:45:00,3410.215
2026-02-04 11:00:00,3465.165
2026-02-04 11:15:00,3421.571
2026-02-04 11:30:00,3173.188
2026-02-04 11:45:00,3157.457
2026-02-04 12:00:00,3550.669
2026-02-04 12:15:00,3413.764
2026-02-04 12:30:00,3385.759
2026-02-04 12:45:00,3259.371
2026-02-04 13:00:00,3351.29
2026-02-04 13:15:00,3243.792
2026-02-04 13:30:00,3300.607
2026-02-04 13:45:00,3206.726
2026-02-04 14:00:00,3247.364
2026-02-04 14:15:00,3167.954
2026-02-04 14:30:00,3054.791
2026-02-04 14:45:00,3159.472
2026-02-04 15:00:00,3210.102
2026-02-04 15:15:00,3267.987
2026-02-04 15:30:00,3255.718
2026-02-04 15:45:00,3119.376
2026-02-04 16:00:00,2762.4
2026-02-04 16:15:00,2831.634
2026-02-04 16:30:00,2474.833
2026-02-04 16:45:00,2368.26
2026-02-04 17:00:00,2591.288
2026-02-04 17:15:00,2650.343
2026-02-04 17:30:00,2486.939
2026-02-04 17:45:00,2563.068
2026-02-04 18:00:00,2562.66
2026-02-04 18:15:00,2638.326
2026-02-04 18:30:00,2749.094
2026-02-04 18:45:00,2723.315
2026-02-04 19:00:00,2723.261
2026-02-04 19:15:00,2578.417
2026-02-04 19:30:00,2549.357
2026-02-04 19:45:00,2580.92
2026-02-04 20:00:00,2696.342
2026-02-04 20:15:00,2729.502
2026-02-04 20:30:00,2581.83
2026-02-04 20:45:00,2531.198
2026-02-04 21:00:00,2496.799
2026-02-04 21:15:00,2632.597
2026-02-04 21:30:00,2692.258
2026-02-04 21:45:00,2729.75
2026-02-04 22:00:00,2872.01
2026-02-04 22:15:00,2858.655
2026-02-04 22:30:00,2770.486
2026-02-04 22:45:00,2655.934
2026-02-04 23:00:00,2531.275
2026-02-04 23:15:00,2523.977
2026-02-04 23:30:00,2555.818
2026-02-04 23:45:00,2519.484
2026-02-05 00:00:00,2708.984
2026-02-05 00:15:00,2609.436
2026-02-05 00:30:00,2646.613
2026-02-05 00:45:00,2562.817
2026-02-05 01:00:00,2248.652
2026-02-05 01:15:00,2119.051
2026-02-05 01:30:00,2174.748
2026-02-05 01:45:00,2339.216
2026-02-05 02:00:00,2321.109
2026-02-05 02:15:00,2323.196
2026-02-05 02:30:00,2298.501
2026-02-05 02:45:00,2217.212
2026-02-05 03:00:00,2193.559
2026-02-05 03:15:00,2190.782
2026-02-05 03:30:00,2161.638
2026-02-05 03:45:00,2188.107
2026-02-05 04:00:00,2203.693
2026-02-05 04:15:00,2202.7
2026-02-05 04:30:00,2208.057
2026-02-05 04:45:00,2151.486
2026-02-05 05:00:00,2157.695
2026-02-05 05:15:00,2128.903
2026-02-05 05:30:00,2079.959
2026-02-05 05:45:00,1985.383
2026-02-05 06:00:00,1966.557
2026-02-05 06:15:00,1855.231
2026-02-05 06:30:00,1890.375
2026-02-05 06:45:00,1856.6
2026-02-05 07:00:00,1912.1
2026-02-05 07:15:00,2165.515
2026-02-05 07:30:00,2411.294
2026-02-05 07:45:00,2599.541
2026-02-05 08:00:00,2913.393
2026-02-05 08:15:00,3097.429
2026-02-05 08:30:00,3154.853
2026-02-05 08:45:00,3174.711
2026-02-05 09:00:00,2936.76
2026-02-05 09:15:00,2879.243
2026-02-05 09:30:00,2745.073
2026-02-05 09:45:00,2868.564
2026-02-05 10:00:00,3146.214
2026-02-05 10:15:00,3377.864
2026-02-05 10:30:00,3438.492
2026-02-05 10:45:00,3565.758
2026-02-05 11:00:00,3449.254
2026-02-05 11:15:00,3561.022
2026-02-05 11:30:00,3428.369
2026-02-05 11:45:00,3215.664
2026-02-05 12:00:00,3445.489
2026-02-05 12:15:00,3334.221
2026-02-05 12:30:00,3283.457
2026-02-05 12:45:00,3293.481
2026-02-05 13:00:00,3292.015
2026-02-05 13:15:00,3190.107
2026-02-05 13:30:00,3143.443
2026-02-05 13:45:00,3025.881
2026-02-05 14:00:00,2980.543
2026-02-05 14:15:00,3002.66
2026-02-05 14:30:00,2951.659
2026-02-05 14:45:00,2984.215
2026-02-05 15:00:00,3186.001
2026-02-05 15:15:00,3162.582
2026-02-05 15:30:00,3159.326
2026-02-05 15:45:00,3264.404
2026-02-05 16:00:00,3214.463
2026-02-05 16:15:00,3407.967
2026-02-05 16:30:00,3425.2
2026-02-05 16:45:00,3169.837
2026-02-05 17:00:00,3121.857
2026-02-05 17:15:00,3023.888
2026-02-05 17:30:00,3032.638
2026-02-05 17:45:00,3010.183
2026-02-05 18:00:00,2893.691
2026-02-05 18:15:00,2922.245
2026-02-05 18:30:00,3176.646
2026-02-05 18:45:00,3122.039
2026-02-05 19:00:00,2844.409
2026-02-05 19:15:00,2638.234
2026-02-05 19:30:00,2584.683
2026-02-05 19:45:00,2525.783
2026-02-05 20:00:00,2716.646
2026-02-05 20:15:00,2731.311
2026-02-05 20:30:00,2775.492
2026-02-05 20:45:00,2841.855
2026-02-05 21:00:00,2949.56
2026-02-05 21:15:00,2942.983
2026-02-05 21:30:00,3009.352
2026-02-05 21:45:00,3028.39
2026-02-05 22:00:00,3012.513
2026-02-05 22:15:00,2850.847
2026-02-05 22:30:00,2698.938
2026-02-05 22:45:00,2526.34
2026-02-05 23:00:00,2323.065
2026-02-05 23:15:00,2228.731
2026-02-05 23:30:00,2111.093
2026-02-05 23:45:00,2105.568
2026-02-06 00:00:00,2460.737
2026-02-06 00:15:00,2507.658
2026-02-06 00:30:00,2431.152
2026-02-06 00:45:00,2347.211
2026-02-06 01:00:00,2044.306
2026-02-06 01:15:00,1920.176
2026-02-06 01:30:00,1952.877
2026-02-06 01:45:00,1935.644
2026-02-06 02:00:00,1929.128
2026-02-06 02:15:00,1813.58
2026-02-06 02:30:00,1783.758
2026-02-06 02:45:00,1726.824
2026-02-06 03:00:00,1802.418
2026-02-06 03:15:00,1720.887
2026-02-06 03:30:00,1680.251
2026-02-06 03:45:00,1693.528
2026-02-06 04:00:00,1778.861
2026-02-06 04:15:00,1872.272
2026-02-06 04:30:00,1888.298
2026-02-06 04:45:00,1890.941
2026-02-06 05:00:00,1906.243
2026-02-06 05:15:00,1863.721
2026-02-06 05:30:00,1886.724
2026-02-06 05:45:00,1820.247
2026-02-06 06:00:00,1839.999
2026-02-06 06:15:00,1797.229
2026-02-06 06:30:00,1794.133
2026-02-06 06:45:00,1807.979
2026-02-06 07:00:00,1716.408
2026-02-06 07:15:00,1873.869
2026-02-06 07:30:00,2094.073
2026-02-06 07:45:00,2373.074
2026-02-06 08:00:00,2645.301
2026-02-06 08:15:00,2764.993
2026-02-06 08:30:00,3008.629
2026-02-06 08:45:00,3047.478
2026-02-06 09:00:00,2946.469
2026-02-06 09:15:00,3024.963
2026-02-06 09:30:00,3066.422
2026-02-06 09:45:00,3172.546
2026-02-06 10:00:00,3208.233
2026-02-06 10:15:00,3200.045
2026-02-06 10:30:00,3201.394
2026-02-06 10:45:00,3330.06
2026-02-06 11:00:00,3235.745
2026-02-06 11:15:00,3153.724
2026-02-06 11:30:00,3150.679
2026-02-06 11:45:00,2981.68
2026-02-06 12:00:00,3272.011
2026-02-06 12:15:00,3205.561
2026-02-06 12:30:00,3103.174
2026-02-06 12:45:00,3040.866
2026-02-06 13:00:00,2985.427
2026-02-06 13:15:00,2969.043
2026-02-06 13:30:00,2982.071
2026-02-06 13:45:00,2792.063
2026-02-06 14:00:00,2543.201
2026-02-06 14:15:00,2317.666
2026-02-06 14:30:00,2280.057
2026-02-06 14:45:00,2362.29
2026-02-06 15:00:00,2371.654
2026-02-06 15:15:00,2292.074
2026-02-06 15:30:00,2303.074
2026-02-06 15:45:00,2259.299
2026-02-06 16:00:00,2258.196
2026-02-06 16:15:00,2425.796
2026-02-06 16:30:00,2585.825
2026-02-06 16:45:00,2571.179
2026-02-06 17:00:00,2583.334
2026-02-06 17:15:00,2618.871
2026-02-06 17:30:00,2619.202
2026-02-06 17:45:00,2802.01
2026-02-06 18:00:00,2781.325
2026-02-06 18:15:00,2870.29
2026-02-06 18:30:00,2891.5
2026-02-06 18:45:00,2921.434
2026-02-06 19:00:00,2895.173
2026-02-06 19:15:00,2632.66
2026-02-06 19:30:00,2527.082
2026-02-06 19:45:00,2419.364
2026-02-06 20:00:00,2494.543
2026-02-06 20:15:00,2501.71
2026-02-06 20:30:00,2594.906
2026-02-06 20:45:00,2633.407
2026-02-06 21:00:00,2714.224
2026-02-06 21:15:00,2686.303
2026-02-06 21:30:00,2658.976
2026-02-06 21:45:00,2571.008
2026-02-06 22:00:00,2424.009
2026-02-06 22:15:00,2267.923
2026-02-06 22:30:00,2310.8
2026-02-06 22:45:00,2233.117
2026-02-06 23:00:00,2140.787
2026-02-06 23:15:00,2036.676
2026-02-06 23:30:00,1951.387
2026-02-06 23:45:00,1959.156
2026-02-07 00:00:00,2200.294
2026-02-07 00:15:00,2236.135
2026-02-07 00:30:00,2175.054
2026-02-07 00:45:00,2159.165
2026-02-07 01:00:00,1922.637
2026-02-07 01:15:00,1750.01
2026-02-07 01:30:00,1658.677
2026-02-07 01:45:00,1816.128
2026-02-07 02:00:00,1816.349
2026-02-07 02:15:00,1754.27
2026-02-07 02:30:00,1706.156
2026-02-07 02:45:00,1662.0
2026-02-07 03:00:00,1669.5
2026-02-07 03:15:00,1669.5
2026-02-07 03:30:00,1677.0
2026-02-07 03:45:00,1677.0
2026-02-07 04:00:00,1668.25
2026-02-07 04:15:00,1668.25
2026-02-07 04:30:00,1668.25
2026-02-07 04:45:00,1668.25
2026-02-07 05:00:00,1706.307
2026-02-07 05:15:00,1673.25
2026-02-07 05:30:00,1692.691
2026-02-07 05:45:00,1673.25
2026-02-07 06:00:00,1676.5
2026-02-07 06:15:00,1676.5
2026-02-07 06:30:00,1676.5
2026-02-07 06:45:00,1676.5
2026-02-07 07:00:00,1681.75
2026-02-07 07:15:00,1867.803
2026-02-07 07:30:00,2005.669
2026-02-07 07:45:00,2034.085
2026-02-07 08:00:00,2173.796
2026-02-07 08:15:00,2375.634
2026-02-07 08:30:00,2508.207
2026-02-07 08:45:00,2576.068
2026-02-07 09:00:00,2440.531
2026-02-07 09:15:00,2495.892
2026-02-07 09:30:00,2524.373
2026-02-07 09:45:00,2599.579
2026-02-07 10:00:00,2648.664
2026-02-07 10:15:00,2646.499
2026-02-07 10:30:00,2746.385
2026-02-07 10:45:00,2783.525
2026-02-07 11:00:00,2830.781
2026-02-07 11:15:00,2785.922
2026-02-07 11:30:00,2702.275
2026-02-07 11:45:00,2562.807
2026-02-07 12:00:00,2876.285
2026-02-07 12:15:00,2857.84
2026-02-07 12:30:00,2750.798
2026-02-07 12:45:00,2675.524
2026-02-07 13:00:00,2708.673
2026-02-07 13:15:00,2679.421
2026-02-07 13:30:00,2650.293
2026-02-07 13:45:00,2566.332
2026-02-07 14:00:00,2540.013
2026-02-07 14:15:00,2636.076
2026-02-07 14:30:00,2808.634
2026-02-07 14:45:00,2818.794
2026-02-07 15:00:00,2907.275
2026-02-07 15:15:00,3040.589
2026-02-07 15:30:00,3192.985
2026-02-07 15:45:00,3156.566
2026-02-07 16:00:00,2935.069
2026-02-07 16:15:00,3038.119
2026-02-07 16:30:00,3037.494
2026-02-07 16:45:00,2943.971
2026-02-07 17:00:00,2881.444
2026-02-07 17:15:00,2796.643
2026-02-07 17:30:00,2854.021
2026-02-07 17:45:00,2794.403
2026-02-07 18:00:00,2839.281
2026-02-07 18:15:00,2923.838
2026-02-07 18:30:00,2990.396
2026-02-07 18:45:00,3019.319
2026-02-07 19:00:00,2833.521
2026-02-07 19:15:00,2732.038
2026-02-07 19:30:00,2585.292
2026-02-07 19:45:00,2601.319
2026-02-07 20:00:00,2679.147
2026-02-07 20:15:00,2671.782
2026-02-07 20:30:00,2688.292
2026-02-07 20:45:00,2889.104
2026-02-07 21:00:00,2829.491
2026-02-07 21:15:00,2671.114
2026-02-07 21:30:00,2658.702
2026-02-07 21:45:00,2736.478
2026-02-07 22:00:00,2830.578
2026-02-07 22:15:00,2715.761
2026-02-07 22:30:00,2533.794
2026-02-07 22:45:00,2335.0
2026-02-07 23:00:00,2167.826
2026-02-07 23:15:00,2057.063
2026-02-07 23:30:00,2005.606
2026-02-07 23:45:00,2009.377
2026-02-08 00:00:00,2363.12
2026-02-08 00:15:00,2392.63
2026-02-08 00:30:00,2251.723
2026-02-08 00:45:00,2233.743
2026-02-08 01:00:00,2044.614
2026-02-08 01:15:00,2017.125
2026-02-08 01:30:00,1979.946
2026-02-08 01:45:00,1896.509
2026-02-08 02:00:00,1782.856
2026-02-08 02:15:00,1706.745
2026-02-08 02:30:00,1640.249
2026-02-08 02:45:00,1603.256
2026-02-08 03:00:00,1585.75
2026-02-08 03:15:00,1585.75
2026-02-08 03:30:00,1585.75
2026-02-08 03:45:00,1585.75
2026-02-08 04:00:00,1585.75
2026-02-08 04:15:00,1638.499
2026-02-08 04:30:00,1598.758
2026-02-08 04:45:00,1609.592
2026-02-08 05:00:00,1648.873
2026-02-08 05:15:00,1615.216
2026-02-08 05:30:00,1585.75
2026-02-08 05:45:00,1585.75
2026-02-08 06:00:00,1585.75
2026-02-08 06:15:00,1585.75
2026-02-08 06:30:00,1585.75
2026-02-08 06:45:00,1677.435
2026-02-08 07:00:00,1959.76
2026-02-08 07:15:00,2122.207
2026-02-08 07:30:00,2335.557
2026-02-08 07:45:00,2373.452
2026-02-08 08:00:00,2294.911
2026-02-08 08:15:00,2420.95
2026-02-08 08:30:00,2361.455
2026-02-08 08:45:00,2275.305
2026-02-08 09:00:00,1989.705
2026-02-08 09:15:00,1837.915
2026-02-08 09:30:00,1694.869
2026-02-08 09:45:00,1702.115
2026-02-08 10:00:00,1864.855
2026-02-08 10:15:00,1862.42
2026-02-08 10:30:00,2053.916
2026-02-08 10:45:00,2139.976
2026-02-08 11:00:00,2009.333
2026-02-08 11:15:00,2043.569
2026-02-08 11:30:00,1848.091
2026-02-08 11:45:00,1757.283
2026-02-08 12:00:00,2140.242
2026-02-08 12:15:00,2100.746
2026-02-08 12:30:00,2007.979
2026-02-08 12:45:00,1761.057
2026-02-08 13:00:00,1658.661
2026-02-08 13:15:00,1585.922
2026-02-08 13:30:00,1537.0
2026-02-08 13:45:00,1537.0
2026-02-08 14:00:00,1537.0
2026-02-08 14:15:00,1537.0
2026-02-08 14:30:00,1537.0
2026-02-08 14:45:00,1537.0
2026-02-08 15:00:00,1537.0
2026-02-08 15:15:00,1537.0
2026-02-08 15:30:00,1537.0
2026-02-08 15:45:00,1577.182
2026-02-08 16:00:00,1773.518
2026-02-08 16:15:00,1877.17
2026-02-08 16:30:00,2095.773
2026-02-08 16:45:00,2179.302
2026-02-08 17:00:00,2263.22
2026-02-08 17:15:00,2408.309
2026-02-08 17:30:00,2620.066
2026-02-08 17:45:00,2650.881
2026-02-08 18:00:00,2649.424
2026-02-08 18:15:00,2612.54
2026-02-08 18:30:00,2589.371
2026-02-08 18:45:00,2585.153
2026-02-08 19:00:00,2629.272
2026-02-08 19:15:00,2633.315
2026-02-08 19:30:00,2733.686
2026-02-08 19:45:00,2637.174
2026-02-08 20:00:00,2702.39
2026-02-08 20:15:00,2702.339
2026-02-08 20:30:00,2858.108
2026-02-08 20:45:00,2883.41
2026-02-08 21:00:00,2909.86
2026-02-08 21:15:00,3101.594
2026-02-08 21:30:00,3166.373
2026-02-08 21:45:00,3188.236
2026-02-08 22:00:00,3242.124
2026-02-08 22:15:00,3187.551
2026-02-08 22:30:00,3100.295
2026-02-08 22:45:00,3088.92
2026-02-08 23:00:00,2959.463
2026-02-08 23:15:00,2776.207
2026-02-08 23:30:00,2682.323
2026-02-08 23:45:00,2612.734
2026-02-09 00:00:00,3108.273
2026-02-09 00:15:00,3154.669
2026-02-09 00:30:00,3130.65
2026-02-09 00:45:00,2934.441
2026-02-09 01:00:00,2507.08
2026-02-09 01:15:00,2343.99
2026-02-09 01:30:00,2191.591
2026-02-09 01:45:00,2209.328
2026-02-09 02:00:00,2325.708
2026-02-09 02:15:00,2341.664
2026-02-09 02:30:00,2236.299
2026-02-09 02:45:00,2132.585
2026-02-09 03:00:00,2192.372
2026-02-09 03:15:00,2205.463
2026-02-09 03:30:00,2159.371
2026-02-09 03:45:00,2144.205
2026-02-09 04:00:00,2212.445
2026-02-09 04:15:00,2171.796
2026-02-09 04:30:00,2197.604
2026-02-09 04:45:00,2254.948
2026-02-09 05:00:00,2264.115
2026-02-09 05:15:00,2207.241
2026-02-09 05:30:00,2155.126
2026-02-09 05:45:00,2059.961
2026-02-09 06:00:00,2183.746
2026-02-09 06:15:00,2114.541
2026-02-09 06:30:00,2108.909
2026-02-09 06:45:00,2172.101
2026-02-09 07:00:00,2072.781
2026-02-09 07:15:00,2225.923
2026-02-09 07:30:00,2597.15
2026-02-09 07:45:00,2828.56
2026-02-09 08:00:00,3224.282
2026-02-09 08:15:00,3750.174
2026-02-09 08:30:00,3979.302
2026-02-09 08:45:00,4001.904
2026-02-09 09:00:00,4131.409
2026-02-09 09:15:00,3991.892
2026-02-09 09:30:00,4234.104
2026-02-09 09:45:00,4279.291
2026-02-09 10:00:00,4235.482
2026-02-09 10:15:00,4320.094
2026-02-09 10:30:00,4053.606
2026-02-09 10:45:00,4278.311
2026-02-09 11:00:00,4235.206
2026-02-09 11:15:00,4015.106
2026-02-09 11:30:00,3976.198
2026-02-09 11:45:00,3851.73
2026-02-09 12:00:00,4146.251
2026-02-09 12:15:00,4100.589
2026-02-09 12:30:00,4043.072
2026-02-09 12:45:00,3988.452
2026-02-09 13:00:00,3948.291
2026-02-09 13:15:00,3827.56
2026-02-09 13:30:00,3754.015
2026-02-09 13:45:00,3740.296
2026-02-09 14:00:00,3614.162
2026-02-09 14:15:00,3604.285
2026-02-09 14:30:00,3598.505
2026-02-09 14:45:00,3634.18
2026-02-09 15:00:00,3423.247
2026-02-09 15:15:00,3455.783
2026-02-09 15:30:00,3466.648
2026-02-09 15:45:00,3526.173
2026-02-09 16:00:00,3812.549
2026-02-09 16:15:00,3886.757
2026-02-09 16:30:00,3720.369
2026-02-09 16:45:00,3544.145
2026-02-09 17:00:00,3411.084
2026-02-09 17:15:00,3405.291
2026-02-09 17:30:00,3673.792
2026-02-09 17:45:00,3679.1
2026-02-09 18:00:00,3665.925
2026-02-09 18:15:00,3672.011
2026-02-09 18:30:00,3728.123
2026-02-09 18:45:00,3659.9
2026-02-09 19:00:00,3624.629
2026-02-09 19:15:00,3629.595
2026-02-09 19:30:00,3495.063
2026-02-09 19:45:00,3778.454
2026-02-09 20:00:00,3619.49
2026-02-09 20:15:00,3551.052
2026-02-09 20:30:00,3481.927
2026-02-09 20:45:00,3461.343
2026-02-09 21:00:00,3535.832
2026-02-09 21:15:00,3588.079
2026-02-09 21:30:00,3622.979
2026-02-09 21:45:00,3516.173
2026-02-09 22:00:00,3322.951
2026-02-09 22:15:00,3265.034
2026-02-09 22:30:00,3272.187
2026-02-09 22:45:00,3173.104
2026-02-09 23:00:00,3118.504
2026-02-09 23:15:00,2880.191
2026-02-09 23:30:00,2666.077
2026-02-09 23:45:00,2495.099
2026-02-10 00:00:00,3089.292
2026-02-10 00:15:00,2983.001
2026-02-10 00:30:00,2751.049
2026-02-10 00:45:00,2707.893
2026-02-10 01:00:00,2375.309
2026-02-10 01:15:00,2279.882
2026-02-10 01:30:00,2175.991
2026-02-10 01:45:00,2093.867
2026-02-10 02:00:00,2203.724
2026-02-10 02:15:00,2132.316
2026-02-10 02:30:00,2069.808
2026-02-10 02:45:00,1949.977
2026-02-10 03:00:00,1906.636
2026-02-10 03:15:00,1897.358
2026-02-10 03:30:00,1967.072
2026-02-10 03:45:00,1933.473
2026-02-10 04:00:00,1902.423
2026-02-10 04:15:00,1925.205
2026-02-10 04:30:00,1930.585
2026-02-10 04:45:00,1851.292
2026-02-10 05:00:00,1882.524
2026-02-10 05:15:00,1824.302
2026-02-10 05:30:00,1796.884
2026-02-10 05:45:00,1648.5
2026-02-10 06:00:00,1645.5
2026-02-10 06:15:00,1645.5
2026-02-10 06:30:00,1658.785
2026-02-10 06:45:00,1738.387
2026-02-10 07:00:00,1749.149
2026-02-10 07:15:00,1782.975
2026-02-10 07:30:00,2010.192
2026-02-10 07:45:00,2323.055
2026-02-10 08:00:00,2742.606
2026-02-10 08:15:00,3001.77
2026-02-10 08:30:00,3216.373
2026-02-10 08:45:00,3324.021
2026-02-10 09:00:00,3316.786
2026-02-10 09:15:00,3446.617
2026-02-10 09:30:00,3495.913
2026-02-10 09:45:00,3538.076
2026-02-10 10:00:00,3507.892
2026-02-10 10:15:00,3421.555
2026-02-10 10:30:00,3633.52
2026-02-10 10:45:00,3489.55
2026-02-10 11:00:00,3480.086
2026-02-10 11:15:00,3287.75
2026-02-10 11:30:00,3118.201
2026-02-10 11:45:00,2925.876
2026-02-10 12:00:00,3241.137
2026-02-10 12:15:00,3176.116
2026-02-10 12:30:00,3036.215
2026-02-10 12:45:00,3154.873
2026-02-10 13:00:00,3309.338
2026-02-10 13:15:00,3190.655
2026-02-10 13:30:00,3178.794
2026-02-10 13:45:00,2704.648
2026-02-10 14:00:00,2583.171
2026-02-10 14:15:00,2560.112
2026-02-10 14:30:00,2546.085
2026-02-10 14:45:00,2542.813
2026-02-10 15:00:00,2654.773
2026-02-10 15:15:00,2840.191
2026-02-10 15:30:00,3067.061
2026-02-10 15:45:00,3159.445
2026-02-10 16:00:00,3501.501
2026-02-10 16:15:00,3505.645
2026-02-10 16:30:00,3312.981
2026-02-10 16:45:00,3188.07
2026-02-10 17:00:00,3225.81
2026-02-10 17:15:00,3266.355
2026-02-10 17:30:00,3312.568
2026-02-10 17:45:00,3432.045
2026-02-10 18:00:00,3321.823
2026-02-10 18:15:00,3173.059
2026-02-10 18:30:00,3112.407
2026-02-10 18:45:00,3181.41
2026-02-10 19:00:00,3107.846
2026-02-10 19:15:00,3159.971
2026-02-10 19:30:00,3228.707
2026-02-10 19:45:00,3293.564
2026-02-10 20:00:00,3330.208
2026-02-10 20:15:00,3329.135
2026-02-10 20:30:00,3391.157
2026-02-10 20:45:00,3437.748
2026-02-10 21:00:00,3536.727
2026-02-10 21:15:00,3578.06
2026-02-10 21:30:00,3659.651
2026-02-10 21:45:00,3652.552
2026-02-10 22:00:00,3435.875
2026-02-10 22:15:00,3726.926
2026-02-10 22:30:00,3637.414
2026-02-10 22:45:00,3594.055
2026-02-10 23:00:00,3506.271
2026-02-10 23:15:00,3422.375
2026-02-10 23:30:00,3298.587
2026-02-10 23:45:00,3211.944
2026-02-11 00:00:00,3390.235
2026-02-11 00:15:00,3435.535
2026-02-11 00:30:00,3274.202
2026-02-11 00:45:00,3183.636
2026-02-11 01:00:00,2874.629
2026-02-11 01:15:00,2622.688
2026-02-11 01:30:00,2672.803
2026-02-11 01:45:00,2657.481
2026-02-11 02:00:00,2747.982
2026-02-11 02:15:00,2746.315
2026-02-11 02:30:00,2691.858
2026-02-11 02:45:00,2602.47
2026-02-11 03:00:00,2540.444
2026-02-11 03:15:00,2491.952
2026-02-11 03:30:00,2401.128
2026-02-11 03:45:00,2396.46
2026-02-11 04:00:00,2318.044
2026-02-11 04:15:00,2318.682
2026-02-11 04:30:00,2301.825
2026-02-11 04:45:00,2253.061
2026-02-11 05:00:00,2273.323
2026-02-11 05:15:00,2277.719
2026-02-11 05:30:00,2297.757
2026-02-11 05:45:00,2322.187
2026-02-11 06:00:00,2461.205
2026-02-11 06:15:00,2417.056
2026-02-11 06:30:00,2489.198
2026-02-11 06:45:00,2498.112
2026-02-11 07:00:00,2480.968
2026-02-11 07:15:00,2815.406
2026-02-11 07:30:00,3058.049
2026-02-11 07:45:00,3277.009
2026-02-11 08:00:00,3321.001
2026-02-11 08:15:00,3356.669
2026-02-11 08:30:00,3419.416
2026-02-11 08:45:00,3467.03
2026-02-11 09:00:00,3284.863
2026-02-11 09:15:00,3247.213
2026-02-11 09:30:00,3210.011
2026-02-11 09:45:00,3068.752
2026-02-11 10:00:00,3127.517
2026-02-11 10:15:00,3316.766
2026-02-11 10:30:00,3274.261
2026-02-11 10:45:00,3237.323
2026-02-11 11:00:00,3140.648
2026-02-11 11:15:00,2955.172
2026-02-11 11:30:00,2891.49
2026-02-11 11:45:00,2759.925
2026-02-11 12:00:00,2988.359
2026-02-11 12:15:00,2792.304
2026-02-11 12:30:00,2672.104
2026-02-11 12:45:00,2386.075
2026-02-11 13:00:00,2162.262
2026-02-11 13:15:00,2002.675
2026-02-11 13:30:00,1986.988
2026-02-11 13:45:00,1855.561
2026-02-11 14:00:00,1755.068
2026-02-11 14:15:00,1658.75
2026-02-11 14:30:00,1658.75
2026-02-11 14:45:00,1774.122
2026-02-11 15:00:00,1918.199
2026-02-11 15:15:00,2167.921
2026-02-11 15:30:00,2500.085
2026-02-11 15:45:00,2609.246
2026-02-11 16:00:00,2667.213
2026-02-11 16:15:00,2656.174
2026-02-11 16:30:00,2686.003
2026-02-11 16:45:00,2599.705
2026-02-11 17:00:00,2653.154
2026-02-11 17:15:00,2845.249
2026-02-11 17:30:00,3159.858
2026-02-11 17:45:00,3197.35
2026-02-11 18:00:00,3244.719
2026-02-11 18:15:00,3214.122
2026-02-11 18:30:00,3143.391
2026-02-11 18:45:00,3062.872
2026-02-11 19:00:00,3100.041
2026-02-11 19:15:00,3131.027
2026-02-11 19:30:00,3173.161
2026-02-11 19:45:00,3173.763
2026-02-11 20:00:00,3240.888
2026-02-11 20:15:00,3256.437
2026-02-11 20:30:00,3371.262
2026-02-11 20:45:00,3447.258
2026-02-11 21:00:00,3557.25
2026-02-11 21:15:00,3664.917
2026-02-11 21:30:00,3780.444
2026-02-11 21:45:00,3774.42
2026-02-11 22:00:00,3777.433
2026-02-11 22:15:00,3708.702
2026-02-11 22:30:00,3686.101
2026-02-11 22:45:00,3650.636
2026-02-11 23:00:00,3607.267
2026-02-11 23:15:00,3310.906
2026-02-11 23:30:00,3276.725
2026-02-11 23:45:00,3217.418
2026-02-12 00:00:00,3318.56
2026-02-12 00:15:00,3360.094
2026-02-12 00:30:00,3132.478
2026-02-12 00:45:00,2986.048
2026-02-12 01:00:00,2800.125
2026-02-12 01:15:00,2660.539
2026-02-12 01:30:00,2699.683
2026-02-12 01:45:00,2617.713
2026-02-12 02:00:00,2767.138
2026-02-12 02:15:00,2715.341
2026-02-12 02:30:00,2690.877
2026-02-12 02:45:00,2626.788
2026-02-12 03:00:00,2641.801
2026-02-12 03:15:00,2521.733
2026-02-12 03:30:00,2390.906
2026-02-12 03:45:00,2243.798
2026-02-12 04:00:00,2233.43
2026-02-12 04:15:00,2200.806
2026-02-12 04:30:00,2206.673
2026-02-12 04:45:00,2108.237
2026-02-12 05:00:00,2148.29
2026-02-12 05:15:00,2117.821
2026-02-12 05:30:00,2087.258
2026-02-12 05:45:00,2073.526
2026-02-12 06:00:00,2067.155
2026-02-12 06:15:00,2042.749
2026-02-12 06:30:00,2068.119
2026-02-12 06:45:00,2143.455
2026-02-12 07:00:00,2338.306
2026-02-12 07:15:00,2519.295
2026-02-12 07:30:00,2880.741
2026-02-12 07:45:00,3154.585
2026-02-12 08:00:00,3181.874
2026-02-12 08:15:00,3279.738
2026-02-12 08:30:00,3111.471
2026-02-12 08:45:00,3091.261
2026-02-12 09:00:00,3044.068
2026-02-12 09:15:00,2979.022
2026-02-12 09:30:00,3122.697
2026-02-12 09:45:00,3128.613
2026-02-12 10:00:00,3204.956
2026-02-12 10:15:00,3142.891
2026-02-12 10:30:00,2982.609
2026-02-12 10:45:00,2846.236
2026-02-12 11:00:00,2875.922
2026-02-12 11:15:00,2750.803
2026-02-12 11:30:00,2679.938
2026-02-12 11:45:00,2914.386
2026-02-12 12:00:00,3281.747
2026-02-12 12:15:00,3274.16
2026-02-12 12:30:00,3103.565
2026-02-12 12:45:00,2994.805
2026-02-12 13:00:00,2944.571
2026-02-12 13:15:00,2779.441
2026-02-12 13:30:00,2832.153
2026-02-12 13:45:00,2595.378
2026-02-12 14:00:00,2492.053
2026-02-12 14:15:00,2543.27
2026-02-12 14:30:00,2678.756
2026-02-12 14:45:00,2676.896
2026-02-12 15:00:00,2822.605
2026-02-12 15:15:00,2916.746
2026-02-12 15:30:00,3343.818
2026-02-12 15:45:00,3342.954
2026-02-12 16:00:00,3171.104
2026-02-12 16:15:00,3188.761
2026-02-12 16:30:00,3128.952
2026-02-12 16:45:00,3158.907
2026-02-12 17:00:00,3016.091
2026-02-12 17:15:00,3104.458
2026-02-12 17:30:00,3260.53
2026-02-12 17:45:00,3233.53
2026-02-12 18:00:00,3267.934
2026-02-12 18:15:00,3135.977
2026-02-12 18:30:00,3151.475
2026-02-12 18:45:00,3148.701
2026-02-12 19:00:00,3192.105
2026-02-12 19:15:00,3200.142
2026-02-12 19:30:00,3131.828
2026-02-12 19:45:00,3145.698
2026-02-12 20:00:00,3201.685
2026-02-12 20:15:00,3178.336
2026-02-12 20:30:00,3154.456
2026-02-12 20:45:00,3204.102
2026-02-12 21:00:00,3222.516
2026-02-12 21:15:00,3304.786
2026-02-12 21:30:00,3380.005
2026-02-12 21:45:00,3364.999
2026-02-12 22:00:00,3352.25
2026-02-12 22:15:00,3268.42
2026-02-12 22:30:00,3140.974
2026-02-12 22:45:00,3150.378
2026-02-12 23:00:00,3059.86
2026-02-12 23:15:00,2877.066
2026-02-12 23:30:00,2701.547
2026-02-12 23:45:00,2699.262
2026-02-13 00:00:00,2994.67
2026-02-13 00:15:00,2913.118
2026-02-13 00:30:00,2691.697
2026-02-13 00:45:00,2558.487
2026-02-13 01:00:00,2398.198
2026-02-13 01:15:00,2379.831
2026-02-13 01:30:00,2297.355
2026-02-13 01:45:00,2285.205
2026-02-13 02:00:00,2240.246
2026-02-13 02:15:00,2170.506
2026-02-13 02:30:00,2118.428
2026-02-13 02:45:00,2073.828
2026-02-13 03:00:00,2143.162
2026-02-13 03:15:00,2096.128
2026-02-13 03:30:00,1965.384
2026-02-13 03:45:00,1933.331
2026-02-13 04:00:00,1880.529
2026-02-13 04:15:00,1916.355
2026-02-13 04:30:00,1879.141
2026-02-13 04:45:00,1867.958
2026-02-13 05:00:00,1941.501
2026-02-13 05:15:00,1891.204
2026-02-13 05:30:00,1899.021
2026-02-13 05:45:00,1844.054
2026-02-13 06:00:00,1837.072
2026-02-13 06:15:00,1742.898
2026-02-13 06:30:00,1768.371
2026-02-13 06:45:00,1847.588
2026-02-13 07:00:00,1916.139
2026-02-13 07:15:00,2288.053
2026-02-13 07:30:00,2514.188
2026-02-13 07:45:00,2692.924
2026-02-13 08:00:00,2622.592
2026-02-13 08:15:00,2579.923
2026-02-13 08:30:00,2677.09
2026-02-13 08:45:00,2685.126
2026-02-13 09:00:00,2535.786
2026-02-13 09:15:00,2563.929
2026-02-13 09:30:00,2562.34
2026-02-13 09:45:00,2429.351
2026-02-13 10:00:00,2192.133
2026-02-13 10:15:00,1714.584
2026-02-13 10:30:00,1703.021
2026-02-13 10:45:00,1691.012
2026-02-13 11:00:00,1630.25
2026-02-13 11:15:00,1988.512
2026-02-13 11:30:00,1993.38
2026-02-13 11:45:00,2120.802
2026-02-13 12:00:00,2548.672
2026-02-13 12:15:00,2568.802
2026-02-13 12:30:00,2379.748
2026-02-13 12:45:00,2261.752
2026-02-13 13:00:00,2431.142
2026-02-13 13:15:00,2111.635
2026-02-13 13:30:00,1998.819
2026-02-13 13:45:00,1819.201
2026-02-13 14:00:00,1877.943
2026-02-13 14:15:00,1904.01
2026-02-13 14:30:00,1991.656
2026-02-13 14:45:00,2109.319
2026-02-13 15:00:00,1878.309
2026-02-13 15:15:00,2029.22
2026-02-13 15:30:00,2359.042
2026-02-13 15:45:00,2400.836
2026-02-13 16:00:00,2281.062
2026-02-13 16:15:00,2418.219
2026-02-13 16:30:00,2286.948
2026-02-13 16:45:00,2253.168
2026-02-13 17:00:00,2095.06
2026-02-13 17:15:00,2238.706
2026-02-13 17:30:00,2412.022
2026-02-13 17:45:00,2366.04
2026-02-13 18:00:00,2407.815
2026-02-13 18:15:00,2448.803
2026-02-13 18:30:00,2474.325
2026-02-13 18:45:00,2392.011
2026-02-13 19:00:00,2336.373
2026-02-13 19:15:00,2124.209
2026-02-13 19:30:00,2170.017
2026-02-13 19:45:00,2147.355
2026-02-13 20:00:00,2305.724
2026-02-13 20:15:00,2424.036
2026-02-13 20:30:00,2334.749
2026-02-13 20:45:00,2362.32
2026-02-13 21:00:00,2336.25
2026-02-13 21:15:00,2367.21
2026-02-13 21:30:00,2347.104
2026-02-13 21:45:00,2368.605
2026-02-13 22:00:00,2549.757
2026-02-13 22:15:00,2459.102
2026-02-13 22:30:00,2273.605
2026-02-13 22:45:00,2177.94
2026-02-13 23:00:00,2180.543
2026-02-13 23:15:00,2102.093
2026-02-13 23:30:00,1863.581
2026-02-13 23:45:00,1894.835
2026-02-14 00:00:00,2130.936
2026-02-14 00:15:00,2050.514
2026-02-14 00:30:00,1881.489
2026-02-14 00:45:00,1572.0
2026-02-14 01:00:00,1564.5
2026-02-14 01:15:00,1564.5
2026-02-14 01:30:00,1542.0
2026-02-14 01:45:00,1492.5
2026-02-14 02:00:00,1492.5
2026-02-14 02:15:00,1492.5
2026-02-14 02:30:00,1492.5
2026-02-14 02:45:00,1417.5
2026-02-14 03:00:00,1417.5
2026-02-14 03:15:00,1372.5
2026-02-14 03:30:00,1372.5
2026-02-14 03:45:00,1372.5
2026-02-14 04:00:00,1369.75
2026-02-14 04:15:00,1369.75
2026-02-14 04:30:00,1369.75
2026-02-14 04:45:00,1369.75
2026-02-14 05:00:00,1372.5
2026-02-14 05:15:00,1372.5
2026-02-14 05:30:00,1372.5
2026-02-14 05:45:00,1372.5
2026-02-14 06:00:00,1372.5
2026-02-14 06:15:00,1372.5
2026-02-14 06:30:00,1372.5
2026-02-14 06:45:00,1372.5
2026-02-14 07:00:00,1372.5
2026-02-14 07:15:00,1479.428
2026-02-14 07:30:00,1721.29
2026-02-14 07:45:00,1896.721
2026-02-14 08:00:00,1903.033
2026-02-14 08:15:00,1815.977
2026-02-14 08:30:00,1776.219
2026-02-14 08:45:00,1686.8
2026-02-14 09:00:00,1411.519
2026-02-14 09:15:00,1372.5
2026-02-14 09:30:00,1372.5
2026-02-14 09:45:00,1372.5
2026-02-14 10:00:00,1372.5
2026-02-14 10:15:00,1372.5
2026-02-14 10:30:00,1372.5
2026-02-14 10:45:00,1372.5
2026-02-14 11:00:00,1372.5
2026-02-14 11:15:00,1372.5
2026-02-14 11:30:00,1372.5
2026-02-14 11:45:00,1372.5
2026-02-14 12:00:00,1372.5
2026-02-14 12:15:00,1372.5
2026-02-14 12:30:00,1372.5
2026-02-14 12:45:00,1372.5
2026-02-14 13:00:00,1372.5
2026-02-14 13:15:00,1372.5
2026-02-14 13:30:00,1372.5
2026-02-14 13:45:00,1372.5
2026-02-14 14:00:00,1372.5
2026-02-14 14:15:00,1372.5
2026-02-14 14:30:00,1320.0
2026-02-14 14:45:00,1320.0
2026-02-14 15:00:00,1320.0
2026-02-14 15:15:00,1320.0
2026-02-14 15:30:00,1320.0
2026-02-14 15:45:00,1320.0
2026-02-14 16:00:00,1320.0
2026-02-14 16:15:00,1320.0
2026-02-14 16:30:00,1320.0
2026-02-14 16:45:00,1360.146
2026-02-14 17:00:00,1320.0
2026-02-14 17:15:00,1354.575
2026-02-14 17:30:00,1357.833
2026-02-14 17:45:00,1797.216
2026-02-14 18:00:00,1670.943
2026-02-14 18:15:00,1581.474
2026-02-14 18:30:00,1509.997
2026-02-14 18:45:00,1340.5
2026-02-14 19:00:00,1343.038
2026-02-14 19:15:00,1495.398
2026-02-14 19:30:00,1510.407
2026-02-14 19:45:00,1475.196
2026-02-14 20:00:00,1538.746
2026-02-14 20:15:00,1357.376
2026-02-14 20:30:00,1334.566
2026-02-14 20:45:00,1332.272
2026-02-14 21:00:00,1406.086
2026-02-14 21:15:00,1736.297
2026-02-14 21:30:00,1802.281
2026-02-14 21:45:00,1662.375
2026-02-14 22:00:00,1602.597
2026-02-14 22:15:00,1461.147
2026-02-14 22:30:00,1332.75
2026-02-14 22:45:00,1426.242
2026-02-14 23:00:00,1463.821
2026-02-14 23:15:00,1389.236
2026-02-14 23:30:00,1419.494
2026-02-14 23:45:00,1541.878
2026-02-15 00:00:00,1895.869
2026-02-15 00:15:00,1751.811
2026-02-15 00:30:00,1587.168
2026-02-15 00:45:00,1378.752
2026-02-15 01:00:00,1347.861
2026-02-15 01:15:00,1327.97
2026-02-15 01:30:00,1318.25
2026-02-15 01:45:00,1318.25
2026-02-15 02:00:00,1318.25
2026-02-15 02:15:00,1318.25
2026-02-15 02:30:00,1318.25
2026-02-15 02:45:00,1318.25
2026-02-15 03:00:00,1318.25
2026-02-15 03:15:00,1318.25
2026-02-15 03:30:00,1318.25
2026-02-15 03:45:00,1318.25
2026-02-15 04:00:00,1318.25
2026-02-15 04:15:00,1318.25
2026-02-15 04:30:00,1318.25
2026-02-15 04:45:00,1318.25
2026-02-15 05:00:00,1318.25
2026-02-15 05:15:00,1318.25
2026-02-15 05:30:00,1318.25
2026-02-15 05:45:00,1318.25
2026-02-15 06:00:00,1313.25
2026-02-15 06:15:00,1313.25
2026-02-15 06:30:00,1313.25
2026-02-15 06:45:00,1313.25
2026-02-15 07:00:00,1318.25
2026-02-15 07:15:00,1318.25
2026-02-15 07:30:00,1335.994
2026-02-15 07:45:00,1356.367
2026-02-15 08:00:00,1318.25
2026-02-15 08:15:00,1318.25
2026-02-15 08:30:00,1318.25
2026-02-15 08:45:00,1318.25
2026-02-15 09:00:00,1318.25
2026-02-15 09:15:00,1318.25
2026-02-15 09:30:00,1318.25
2026-02-15 09:45:00,1318.25
2026-02-15 10:00:00,1318.25
2026-02-15 10:15:00,1318.25
2026-02-15 10:30:00,1318.25
2026-02-15 10:45:00,1318.25
2026-02-15 11:00:00,1318.25
2026-02-15 11:15:00,1318.25
2026-02-15 11:30:00,1318.25
2026-02-15 11:45:00,1318.25
2026-02-15 12:00:00,1318.25
2026-02-15 12:15:00,1318.25
2026-02-15 12:30:00,1318.25
2026-02-15 12:45:00,1318.25
2026-02-15 13:00:00,1318.25
2026-02-15 13:15:00,1318.25
2026-02-15 13:30:00,1318.25
2026-02-15 13:45:00,1318.25
2026-02-15 14:00:00,1318.25
2026-02-15 14:15:00,1318.25
2026-02-15 14:30:00,1318.25
2026-02-15 14:45:00,1318.25
2026-02-15 15:00:00,1318.25
2026-02-15 15:15:00,1318.25
2026-02-15 15:30:00,1318.25
2026-02-15 15:45:00,1318.25
2026-02-15 16:00:00,1318.25
2026-02-15 16:15:00,1318.25
2026-02-15 16:30:00,1318.25
2026-02-15 16:45:00,1369.315
2026-02-15 17:00:00,1495.548
2026-02-15 17:15:00,1560.943
2026-02-15 17:30:00,1393.441
2026-02-15 17:45:00,1393.565
2026-02-15 18:00:00,1354.096
2026-02-15 18:15:00,1386.236
2026-02-15 18:30:00,1356.753
2026-02-15 18:45:00,1377.007
2026-02-15 19:00:00,1359.202
2026-02-15 19:15:00,1401.292
2026-02-15 19:30:00,1397.802
2026-02-15 19:45:00,1457.885
2026-02-15 20:00:00,1526.208
2026-02-15 20:15:00,1527.976
2026-02-15 20:30:00,1524.113
2026-02-15 20:45:00,1489.93
2026-02-15 21:00:00,1518.407
2026-02-15 21:15:00,1457.561
2026-02-15 21:30:00,1363.194
2026-02-15 21:45:00,1337.353
2026-02-15 22:00:00,1323.177
2026-02-15 22:15:00,1310.75
2026-02-15 22:30:00,1312.797
2026-02-15 22:45:00,1431.635
2026-02-15 23:00:00,1531.104
2026-02-15 23:15:00,1541.942
2026-02-15 23:30:00,1402.448
2026-02-15 23:45:00,1424.981
2026-02-16 00:00:00,1557.031
2026-02-16 00:15:00,1494.926
2026-02-16 00:30:00,1325.62
2026-02-16 00:45:00,1318.25
2026-02-16 01:00:00,1313.25
2026-02-16 01:15:00,1313.25
2026-02-16 01:30:00,1313.25
2026-02-16 01:45:00,1313.25
2026-02-16 02:00:00,1318.25
2026-02-16 02:15:00,1318.25
2026-02-16 02:30:00,1318.25
2026-02-16 02:45:00,1318.25
2026-02-16 03:00:00,1318.25
2026-02-16 03:15:00,1318.25
2026-02-16 03:30:00,1318.25
2026-02-16 03:45:00,1318.25
2026-02-16 04:00:00,1318.25
2026-02-16 04:15:00,1438.963
2026-02-16 04:30:00,1411.495
2026-02-16 04:45:00,1398.156
2026-02-16 05:00:00,1378.151
2026-02-16 05:15:00,1318.25
2026-02-16 05:30:00,1318.25
2026-02-16 05:45:00,1318.25
2026-02-16 06:00:00,1318.25
2026-02-16 06:15:00,1318.25
2026-02-16 06:30:00,1318.25
2026-02-16 06:45:00,1376.009
2026-02-16 07:00:00,1380.473
2026-02-16 07:15:00,1335.823
2026-02-16 07:30:00,1535.211
2026-02-16 07:45:00,1714.567
2026-02-16 08:00:00,1961.481
2026-02-16 08:15:00,2295.174
2026-02-16 08:30:00,2375.723
2026-02-16 08:45:00,2362.056
2026-02-16 09:00:00,2476.662
2026-02-16 09:15:00,2449.637
2026-02-16 09:30:00,2307.087
2026-02-16 09:45:00,2539.828
2026-02-16 10:00:00,2722.315
2026-02-16 10:15:00,2940.573
2026-02-16 10:30:00,3145.858
2026-02-16 10:45:00,3147.654
2026-02-16 11:00:00,3004.698
2026-02-16 11:15:00,3130.228
2026-02-16 11:30:00,3059.558
2026-02-16 11:45:00,3082.914
2026-02-16 12:00:00,3279.167
2026-02-16 12:15:00,3136.54
2026-02-16 12:30:00,3004.08
2026-02-16 12:45:00,2817.232
2026-02-16 13:00:00,2870.656
2026-02-16 13:15:00,2834.052
2026-02-16 13:30:00,2954.172
2026-02-16 13:45:00,2860.395
2026-02-16 14:00:00,2836.642
2026-02-16 14:15:00,2879.156
2026-02-16 14:30:00,2917.683
2026-02-16 14:45:00,2858.887
2026-02-16 15:00:00,2941.856
2026-02-16 15:15:00,2997.355
2026-02-16 15:30:00,3087.976
2026-02-16 15:45:00,3290.198
2026-02-16 16:00:00,3342.254
2026-02-16 16:15:00,3511.847
2026-02-16 16:30:00,3425.477
2026-02-16 16:45:00,3501.928
2026-02-16 17:00:00,3483.025
2026-02-16 17:15:00,3376.625
2026-02-16 17:30:00,3305.02
2026-02-16 17:45:00,3455.165
2026-02-16 18:00:00,3282.115
2026-02-16 18:15:00,3099.07
2026-02-16 18:30:00,3182.792
2026-02-16 18:45:00,3271.975
2026-02-16 19:00:00,3641.611
2026-02-16 19:15:00,3695.425
2026-02-16 19:30:00,3833.643
2026-02-16 19:45:00,3716.498
2026-02-16 20:00:00,3757.431
2026-02-16 20:15:00,3841.207
2026-02-16 20:30:00,3613.342
2026-02-16 20:45:00,3614.312
2026-02-16 21:00:00,3104.448
2026-02-16 21:15:00,3157.293
2026-02-16 21:30:00,3168.132
2026-02-16 21:45:00,3097.047
2026-02-16 22:00:00,3107.751
2026-02-16 22:15:00,3034.309
2026-02-16 22:30:00,3121.637
2026-02-16 22:45:00,3050.837
2026-02-16 23:00:00,3258.658
2026-02-16 23:15:00,3388.48
2026-02-16 23:30:00,3400.404
2026-02-16 23:45:00,3487.246
2026-02-17 00:00:00,3515.279
2026-02-17 00:15:00,3538.937
2026-02-17 00:30:00,3287.03
2026-02-17 00:45:00,2653.705
2026-02-17 01:00:00,2414.856
2026-02-17 01:15:00,2218.162
2026-02-17 01:30:00,2033.611
2026-02-17 01:45:00,1870.681
2026-02-17 02:00:00,1819.07
2026-02-17 02:15:00,1752.074
2026-02-17 02:30:00,1595.197
2026-02-17 02:45:00,1533.474
2026-02-17 03:00:00,1718.295
2026-02-17 03:15:00,1665.231
2026-02-17 03:30:00,1692.104
2026-02-17 03:45:00,1721.057
2026-02-17 04:00:00,1770.561
2026-02-17 04:15:00,1768.642
2026-02-17 04:30:00,1762.545
2026-02-17 04:45:00,1743.284
2026-02-17 05:00:00,1791.393
2026-02-17 05:15:00,1800.683
2026-02-17 05:30:00,1915.848
2026-02-17 05:45:00,1985.169
2026-02-17 06:00:00,2146.55
2026-02-17 06:15:00,2315.597
2026-02-17 06:30:00,2564.25
2026-02-17 06:45:00,2800.059
2026-02-17 07:00:00,2949.631
2026-02-17 07:15:00,3223.335
2026-02-17 07:30:00,3415.164
2026-02-17 07:45:00,3654.509
2026-02-17 08:00:00,3729.678
2026-02-17 08:15:00,3520.21
2026-02-17 08:30:00,3338.383
2026-02-17 08:45:00,3247.85
2026-02-17 09:00:00,3091.42
2026-02-17 09:15:00,2974.451
2026-02-17 09:30:00,2696.64
2026-02-17 09:45:00,2588.904
2026-02-17 10:00:00,2537.984
2026-02-17 10:15:00,2270.553
2026-02-17 10:30:00,2024.52
2026-02-17 10:45:00,1969.964
2026-02-17 11:00:00,1930.635
2026-02-17 11:15:00,2023.048
2026-02-17 11:30:00,1928.99
2026-02-17 11:45:00,1950.256
2026-02-17 12:00:00,2008.855
2026-02-17 12:15:00,1941.249
2026-02-17 12:30:00,1933.82
2026-02-17 12:45:00,1725.879
2026-02-17 13:00:00,1954.394
2026-02-17 13:15:00,1877.499
2026-02-17 13:30:00,1801.115
2026-02-17 13:45:00,1553.608
2026-02-17 14:00:00,1506.175
2026-02-17 14:15:00,1401.428
2026-02-17 14:30:00,1392.0
2026-02-17 14:45:00,1392.0
2026-02-17 15:00:00,1393.094
2026-02-17 15:15:00,1429.3
2026-02-17 15:30:00,1565.383
2026-02-17 15:45:00,1627.918
2026-02-17 16:00:00,1854.39
2026-02-17 16:15:00,2092.322
2026-02-17 16:30:00,2537.155
2026-02-17 16:45:00,2740.561
2026-02-17 17:00:00,2834.372
2026-02-17 17:15:00,2983.301
2026-02-17 17:30:00,3114.475
2026-02-17 17:45:00,3107.567
2026-02-17 18:00:00,3180.153
2026-02-17 18:15:00,2929.354
2026-02-17 18:30:00,2911.778
2026-02-17 18:45:00,2852.434
2026-02-17 19:00:00,2963.483
2026-02-17 19:15:00,3061.516
2026-02-17 19:30:00,3325.08
2026-02-17 19:45:00,3264.82
2026-02-17 20:00:00,3234.529
2026-02-17 20:15:00,3153.153
2026-02-17 20:30:00,3130.366
2026-02-17 20:45:00,2996.458
2026-02-17 21:00:00,3016.395
2026-02-17 21:15:00,2945.322
2026-02-17 21:30:00,2978.956
2026-02-17 21:45:00,2907.827
2026-02-17 22:00:00,2861.953
2026-02-17 22:15:00,2879.435
2026-02-17 22:30:00,2865.814
2026-02-17 22:45:00,2867.632
2026-02-17 23:00:00,2787.41
2026-02-17 23:15:00,2670.26
2026-02-17 23:30:00,2604.275
2026-02-17 23:45:00,2479.018
2026-02-18 00:00:00,2569.963
2026-02-18 00:15:00,2426.21
2026-02-18 00:30:00,2376.984
2026-02-18 00:45:00,2296.497
2026-02-18 01:00:00,2331.938
2026-02-18 01:15:00,2212.558
2026-02-18 01:30:00,1988.022
2026-02-18 01:45:00,1868.887
2026-02-18 02:00:00,1873.213
2026-02-18 02:15:00,1831.533
2026-02-18 02:30:00,1932.644
2026-02-18 02:45:00,1921.97
2026-02-18 03:00:00,1971.992
2026-02-18 03:15:00,2019.637
2026-02-18 03:30:00,2050.566
2026-02-18 03:45:00,2053.938
2026-02-18 04:00:00,2021.557
2026-02-18 04:15:00,2026.942
2026-02-18 04:30:00,1957.053
2026-02-18 04:45:00,1961.195
2026-02-18 05:00:00,1894.141
2026-02-18 05:15:00,1860.666
2026-02-18 05:30:00,1823.226
2026-02-18 05:45:00,1781.655
2026-02-18 06:00:00,1726.736
2026-02-18 06:15:00,1822.492
2026-02-18 06:30:00,1684.161
2026-02-18 06:45:00,1547.568
2026-02-18 07:00:00,1617.682
2026-02-18 07:15:00,1751.872
2026-02-18 07:30:00,2017.01
2026-02-18 07:45:00,2261.761
2026-02-18 08:00:00,2554.409
2026-02-18 08:15:00,2776.218
2026-02-18 08:30:00,2717.785
2026-02-18 08:45:00,2716.175
2026-02-18 09:00:00,2410.21
2026-02-18 09:15:00,2379.838
2026-02-18 09:30:00,2302.829
2026-02-18 09:45:00,2161.206
2026-02-18 10:00:00,1816.556
2026-02-18 10:15:00,1656.343
2026-02-18 10:30:00,1549.634
2026-02-18 10:45:00,1455.077
2026-02-18 11:00:00,1395.28
2026-02-18 11:15:00,1316.75
2026-02-18 11:30:00,1316.25
2026-02-18 11:45:00,1316.25
2026-02-18 12:00:00,1316.25
2026-02-18 12:15:00,1316.25
2026-02-18 12:30:00,1316.25
2026-02-18 12:45:00,1316.25
2026-02-18 13:00:00,1316.75
2026-02-18 13:15:00,1316.25
2026-02-18 13:30:00,1435.953
2026-02-18 13:45:00,1481.554
2026-02-18 14:00:00,1490.427
2026-02-18 14:15:00,1467.821
2026-02-18 14:30:00,1519.089
2026-02-18 14:45:00,1676.352
2026-02-18 15:00:00,1829.714
2026-02-18 15:15:00,1974.18
2026-02-18 15:30:00,2054.108
2026-02-18 15:45:00,2161.626
2026-02-18 16:00:00,2386.261
2026-02-18 16:15:00,2662.453
2026-02-18 16:30:00,2796.798
2026-02-18 16:45:00,2913.896
2026-02-18 17:00:00,2854.61
2026-02-18 17:15:00,2679.859
2026-02-18 17:30:00,2755.226
2026-02-18 17:45:00,2780.898
2026-02-18 18:00:00,2722.658
2026-02-18 18:15:00,2476.502
2026-02-18 18:30:00,2278.92
2026-02-18 18:45:00,2353.408
2026-02-18 19:00:00,2456.796
2026-02-18 19:15:00,2462.996
2026-02-18 19:30:00,2553.499
2026-02-18 19:45:00,2594.684
2026-02-18 20:00:00,2614.424
2026-02-18 20:15:00,2683.722
2026-02-18 20:30:00,2901.565
2026-02-18 20:45:00,3008.018
2026-02-18 21:00:00,3035.338
2026-02-18 21:15:00,3000.181
2026-02-18 21:30:00,3015.818
2026-02-18 21:45:00,3038.766
2026-02-18 22:00:00,3017.046
2026-02-18 22:15:00,3024.081
2026-02-18 22:30:00,3028.13
2026-02-18 22:45:00,2974.586
2026-02-18 23:00:00,2948.583
2026-02-18 23:15:00,2916.809
2026-02-18 23:30:00,2970.775
2026-02-18 23:45:00,2902.508
2026-02-19 00:00:00,2930.176
2026-02-19 00:15:00,2797.201
2026-02-19 00:30:00,2875.428
2026-02-19 00:45:00,2803.7
2026-02-19 01:00:00,2773.146
2026-02-19 01:15:00,2552.372
2026-02-19 01:30:00,2346.897
2026-02-19 01:45:00,2156.809
2026-02-19 02:00:00,1956.901
2026-02-19 02:15:00,1955.232
2026-02-19 02:30:00,1897.238
2026-02-19 02:45:00,1866.516
2026-02-19 03:00:00,1894.891
2026-02-19 03:15:00,1867.458
2026-02-19 03:30:00,1860.596
2026-02-19 03:45:00,1830.38
2026-02-19 04:00:00,1795.782
2026-02-19 04:15:00,1763.947
2026-02-19 04:30:00,1745.218
2026-02-19 04:45:00,1737.523
2026-02-19 05:00:00,1735.17
2026-02-19 05:15:00,1676.24
2026-02-19 05:30:00,1746.571
2026-02-19 05:45:00,1764.231
2026-02-19 06:00:00,1796.11
2026-02-19 06:15:00,1777.679
2026-02-19 06:30:00,1817.575
2026-02-19 06:45:00,1797.434
2026-02-19 07:00:00,1893.244
2026-02-19 07:15:00,2031.726
2026-02-19 07:30:00,2232.959
2026-02-19 07:45:00,2385.6
2026-02-19 08:00:00,2680.795
2026-02-19 08:15:00,2906.054
2026-02-19 08:30:00,3207.606
2026-02-19 08:45:00,3350.385
2026-02-19 09:00:00,3489.678
2026-02-19 09:15:00,3531.05
2026-02-19 09:30:00,3255.672
2026-02-19 09:45:00,3011.774
2026-02-19 10:00:00,2895.175
2026-02-19 10:15:00,2861.235
2026-02-19 10:30:00,2831.888
2026-02-19 10:45:00,2830.684
2026-02-19 11:00:00,2814.448
2026-02-19 11:15:00,2704.551
2026-02-19 11:30:00,2617.775
2026-02-19 11:45:00,2580.67
2026-02-19 12:00:00,2596.269
2026-02-19 12:15:00,2512.185
2026-02-19 12:30:00,2541.744
2026-02-19 12:45:00,2349.189
2026-02-19 13:00:00,2025.07
2026-02-19 13:15:00,1981.244
2026-02-19 13:30:00,1957.196
2026-02-19 13:45:00,1804.642
2026-02-19 14:00:00,1709.296
2026-02-19 14:15:00,1579.746
2026-02-19 14:30:00,1446.308
2026-02-19 14:45:00,1461.449
2026-02-19 15:00:00,1451.953
2026-02-19 15:15:00,1434.056
2026-02-19 15:30:00,1525.825
2026-02-19 15:45:00,1566.156
2026-02-19 16:00:00,1519.353
2026-02-19 16:15:00,1805.083
2026-02-19 16:30:00,2166.762
2026-02-19 16:45:00,2467.506
2026-02-19 17:00:00,2999.855
2026-02-19 17:15:00,3050.694
2026-02-19 17:30:00,3161.537
2026-02-19 17:45:00,3228.653
2026-02-19 18:00:00,3191.309
2026-02-19 18:15:00,3140.226
2026-02-19 18:30:00,2868.379
2026-02-19 18:45:00,2861.154
2026-02-19 19:00:00,2898.277
2026-02-19 19:15:00,2819.593
2026-02-19 19:30:00,2831.981
2026-02-19 19:45:00,2777.416
2026-02-19 20:00:00,2875.673
2026-02-19 20:15:00,2813.045
2026-02-19 20:30:00,2876.811
2026-02-19 20:45:00,2866.868
2026-02-19 21:00:00,2987.239
2026-02-19 21:15:00,2981.08
2026-02-19 21:30:00,3026.445
2026-02-19 21:45:00,3024.897
2026-02-19 22:00:00,3053.602
2026-02-19 22:15:00,2989.076
2026-02-19 22:30:00,2857.355
2026-02-19 22:45:00,2886.476
2026-02-19 23:00:00,2882.016
2026-02-19 23:15:00,2950.122
2026-02-19 23:30:00,3024.999
2026-02-19 23:45:00,2995.197
2026-02-20 00:00:00,2788.372
2026-02-20 00:15:00,2648.221
2026-02-20 00:30:00,2468.053
2026-02-20 00:45:00,2548.725
2026-02-20 01:00:00,2577.332
2026-02-20 01:15:00,2373.306
2026-02-20 01:30:00,2185.378
2026-02-20 01:45:00,2105.034
2026-02-20 02:00:00,2009.204
2026-02-20 02:15:00,1740.102
2026-02-20 02:30:00,1642.175
2026-02-20 02:45:00,1578.835
2026-02-20 03:00:00,1641.993
2026-02-20 03:15:00,1613.196
2026-02-20 03:30:00,1578.903
2026-02-20 03:45:00,1526.517
2026-02-20 04:00:00,1527.709
2026-02-20 04:15:00,1513.067
2026-02-20 04:30:00,1524.103
2026-02-20 04:45:00,1534.85
2026-02-20 05:00:00,1479.483
2026-02-20 05:15:00,1472.156
2026-02-20 05:30:00,1530.635
2026-02-20 05:45:00,1526.453
2026-02-20 06:00:00,1516.881
2026-02-20 06:15:00,1530.605
2026-02-20 06:30:00,1614.552
2026-02-20 06:45:00,1738.597
2026-02-20 07:00:00,1838.839
2026-02-20 07:15:00,1868.695
2026-02-20 07:30:00,2115.792
2026-02-20 07:45:00,2459.147
2026-02-20 08:00:00,2744.123
2026-02-20 08:15:00,2776.386
2026-02-20 08:30:00,2754.714
2026-02-20 08:45:00,2781.113
2026-02-20 09:00:00,2729.389
2026-02-20 09:15:00,2579.514
2026-02-20 09:30:00,2656.475
2026-02-20 09:45:00,2621.632
2026-02-20 10:00:00,2610.435
2026-02-20 10:15:00,2693.867
2026-02-20 10:30:00,2449.165
2026-02-20 10:45:00,2446.806
2026-02-20 11:00:00,2267.187
2026-02-20 11:15:00,1811.097
2026-02-20 11:30:00,1447.786
2026-02-20 11:45:00,1203.346
2026-02-20 12:00:00,1213.817
2026-02-20 12:15:00,1072.871
2026-02-20 12:30:00,1039.487
2026-02-20 12:45:00,949.75
2026-02-20 13:00:00,929.75
2026-02-20 13:15:00,929.75
2026-02-20 13:30:00,929.75
2026-02-20 13:45:00,929.75
2026-02-20 14:00:00,929.75
2026-02-20 14:15:00,929.75
2026-02-20 14:30:00,929.75
2026-02-20 14:45:00,929.75
2026-02-20 15:00:00,929.75
2026-02-20 15:15:00,929.75
2026-02-20 15:30:00,929.75
2026-02-20 15:45:00,929.75
2026-02-20 16:00:00,954.75
2026-02-20 16:15:00,997.524
2026-02-20 16:30:00,1168.301
2026-02-20 16:45:00,1495.26
2026-02-20 17:00:00,1919.846
2026-02-20 17:15:00,2245.365
2026-02-20 17:30:00,2144.798
2026-02-20 17:45:00,2023.021
2026-02-20 18:00:00,1502.627
2026-02-20 18:15:00,1477.439
2026-02-20 18:30:00,1491.912
2026-02-20 18:45:00,1382.288
2026-02-20 19:00:00,1442.428
2026-02-20 19:15:00,1474.733
2026-02-20 19:30:00,1520.599
2026-02-20 19:45:00,1552.524
2026-02-20 20:00:00,1339.757
2026-02-20 20:15:00,1422.647
2026-02-20 20:30:00,1484.276
2026-02-20 20:45:00,1565.867
2026-02-20 21:00:00,1857.594
2026-02-20 21:15:00,1843.612
2026-02-20 21:30:00,1867.631
2026-02-20 21:45:00,1612.739
2026-02-20 22:00:00,1490.766
2026-02-20 22:15:00,1505.622
2026-02-20 22:30:00,1474.813
2026-02-20 22:45:00,1358.863
2026-02-20 23:00:00,1583.786
2026-02-20 23:15:00,1654.498
2026-02-20 23:30:00,1769.012
2026-02-20 23:45:00,1620.283
2026-02-21 00:00:00,1505.059
2026-02-21 00:15:00,1313.854
2026-02-21 00:30:00,1091.5
2026-02-21 00:45:00,1012.254
2026-02-21 01:00:00,1009.75
2026-02-21 01:15:00,1009.75
2026-02-21 01:30:00,1009.75
2026-02-21 01:45:00,1009.75
2026-02-21 02:00:00,1009.75
2026-02-21 02:15:00,1009.75
2026-02-21 02:30:00,1009.75
2026-02-21 02:45:00,1009.75
2026-02-21 03:00:00,1009.75
2026-02-21 03:15:00,1009.75
2026-02-21 03:30:00,1009.75
2026-02-21 03:45:00,1009.75
2026-02-21 04:00:00,1009.75
2026-02-21 04:15:00,1009.75
2026-02-21 04:30:00,1009.75
2026-02-21 04:45:00,1009.75
2026-02-21 05:00:00,1009.75
2026-02-21 05:15:00,1009.75
2026-02-21 05:30:00,1009.75
2026-02-21 05:45:00,1009.75
2026-02-21 06:00:00,1009.75
2026-02-21 06:15:00,1009.75
2026-02-21 06:30:00,1009.75
2026-02-21 06:45:00,1009.75
2026-02-21 07:00:00,1009.75
2026-02-21 07:15:00,1009.75
2026-02-21 07:30:00,1009.75
2026-02-21 07:45:00,1009.75
2026-02-21 08:00:00,1009.75
2026-02-21 08:15:00,1009.75
2026-02-21 08:30:00,1009.75
2026-02-21 08:45:00,1009.75
2026-02-21 09:00:00,1009.75
2026-02-21 09:15:00,1009.75
2026-02-21 09:30:00,1009.75
2026-02-21 09:45:00,1009.75
2026-02-21 10:00:00,1009.75
2026-02-21 10:15:00,1009.75
2026-02-21 10:30:00,1009.75
2026-02-21 10:45:00,1009.75
2026-02-21 11:00:00,1009.75
2026-02-21 11:15:00,1009.75
2026-02-21 11:30:00,1009.75
2026-02-21 11:45:00,1009.75
2026-02-21 12:00:00,1009.75
2026-02-21 12:15:00,1009.75
2026-02-21 12:30:00,1009.75
2026-02-21 12:45:00,1009.75
2026-02-21 13:00:00,1009.75
2026-02-21 13:15:00,1009.75
2026-02-21 13:30:00,1009.75
2026-02-21 13:45:00,1009.75
2026-02-21 14:00:00,1009.75
2026-02-21 14:15:00,1009.75
2026-02-21 14:30:00,1009.75
2026-02-21 14:45:00,1009.75
2026-02-21 15:00:00,1009.75
2026-02-21 15:15:00,1009.75
2026-02-21 15:30:00,1009.75
2026-02-21 15:45:00,1009.75
2026-02-21 16:00:00,1009.75
2026-02-21 16:15:00,1009.75
2026-02-21 16:30:00,1012.25
2026-02-21 16:45:00,1110.5
2026-02-21 17:00:00,1453.478
2026-02-21 17:15:00,1747.122
2026-02-21 17:30:00,1652.493
2026-02-21 17:45:00,1620.379
2026-02-21 18:00:00,1326.557
2026-02-21 18:15:00,1149.678
2026-02-21 18:30:00,1100.59
2026-02-21 18:45:00,1120.75
2026-02-21 19:00:00,1239.78
2026-02-21 19:15:00,1246.836
2026-02-21 19:30:00,1366.781
2026-02-21 19:45:00,1343.588
2026-02-21 20:00:00,1382.438
2026-02-21 20:15:00,1428.458
2026-02-21 20:30:00,1450.535
2026-02-21 20:45:00,1386.592
2026-02-21 21:00:00,1242.807
2026-02-21 21:15:00,1149.83
2026-02-21 21:30:00,1120.75
2026-02-21 21:45:00,1102.0
2026-02-21 22:00:00,1094.25
2026-02-21 22:15:00,1094.25
2026-02-21 22:30:00,1094.25
2026-02-21 22:45:00,1135.557
2026-02-21 23:00:00,1363.545
2026-02-21 23:15:00,1383.48
2026-02-21 23:30:00,1344.437
2026-02-21 23:45:00,1362.165
2026-02-22 00:00:00,1455.56
2026-02-22 00:15:00,1370.241
2026-02-22 00:30:00,1433.807
2026-02-22 00:45:00,1329.825
2026-02-22 01:00:00,1369.814
2026-02-22 01:15:00,1319.657
2026-02-22 01:30:00,1238.929
2026-02-22 01:45:00,1144.396
2026-02-22 02:00:00,1118.921
2026-02-22 02:15:00,1102.0
2026-02-22 02:30:00,1102.0
2026-02-22 02:45:00,1102.0
2026-02-22 03:00:00,1102.0
2026-02-22 03:15:00,1102.0
2026-02-22 03:30:00,1102.0
2026-02-22 03:45:00,1102.0
2026-02-22 04:00:00,1102.0
2026-02-22 04:15:00,1135.535
2026-02-22 04:30:00,1116.829
2026-02-22 04:45:00,1161.941
2026-02-22 05:00:00,1211.929
2026-02-22 05:15:00,1246.171
2026-02-22 05:30:00,1321.666
2026-02-22 05:45:00,1234.083
2026-02-22 06:00:00,1325.278
2026-02-22 06:15:00,1372.16
2026-02-22 06:30:00,1484.252
2026-02-22 06:45:00,1555.744
2026-02-22 07:00:00,1602.779
2026-02-22 07:15:00,1814.127
2026-02-22 07:30:00,1879.199
2026-02-22 07:45:00,1965.014
2026-02-22 08:00:00,2008.037
2026-02-22 08:15:00,1924.249
2026-02-22 08:30:00,1705.032
2026-02-22 08:45:00,1338.839
2026-02-22 09:00:00,1189.93
2026-02-22 09:15:00,1144.111
2026-02-22 09:30:00,1111.712
2026-02-22 09:45:00,1102.0
2026-02-22 10:00:00,1102.0
2026-02-22 10:15:00,1102.0
2026-02-22 10:30:00,1102.0
2026-02-22 10:45:00,1102.0
2026-02-22 11:00:00,1102.0
2026-02-22 11:15:00,1102.0
2026-02-22 11:30:00,1102.0
2026-02-22 11:45:00,1102.0
2026-02-22 12:00:00,1102.0
2026-02-22 12:15:00,1102.0
2026-02-22 12:30:00,1102.0
2026-02-22 12:45:00,1102.0
2026-02-22 13:00:00,1102.0
2026-02-22 13:15:00,1052.5
2026-02-22 13:30:00,1052.5
2026-02-22 13:45:00,905.5
2026-02-22 14:00:00,904.047
2026-02-22 14:15:00,904.877
2026-02-22 14:30:00,905.708
2026-02-22 14:45:00,905.708
2026-02-22 15:00:00,905.708
2026-02-22 15:15:00,909.443
2026-02-22 15:30:00,938.0
2026-02-22 15:45:00,938.0
2026-02-22 16:00:00,938.0
2026-02-22 16:15:00,1031.249
2026-02-22 16:30:00,1184.72
2026-02-22 16:45:00,1595.668
2026-02-22 17:00:00,1946.192
2026-02-22 17:15:00,2223.642
2026-02-22 17:30:00,1940.059
2026-02-22 17:45:00,2051.841
2026-02-22 18:00:00,1900.673
2026-02-22 18:15:00,1710.309
2026-02-22 18:30:00,1499.235
2026-02-22 18:45:00,1568.019
2026-02-22 19:00:00,1677.708
2026-02-22 19:15:00,1644.509
2026-02-22 19:30:00,1697.649
2026-02-22 19:45:00,1659.747
2026-02-22 20:00:00,1758.513
2026-02-22 20:15:00,1712.756
2026-02-22 20:30:00,1523.389
2026-02-22 20:45:00,1486.75
2026-02-22 21:00:00,1262.5
2026-02-22 21:15:00,1178.918
2026-02-22 21:30:00,1129.418
2026-02-22 21:45:00,1117.25
2026-02-22 22:00:00,1117.25
2026-02-22 22:15:00,1271.027
2026-02-22 22:30:00,1324.603
2026-02-22 22:45:00,1177.962
2026-02-22 23:00:00,1152.388
2026-02-22 23:15:00,1177.499
2026-02-22 23:30:00,1117.25
2026-02-22 23:45:00,1141.111
2026-02-23 00:00:00,1383.442
2026-02-23 00:15:00,1260.075
2026-02-23 00:30:00,1200.067
2026-02-23 00:45:00,1134.394
2026-02-23 01:00:00,1167.223
2026-02-23 01:15:00,1165.873
2026-02-23 01:30:00,1125.0
2026-02-23 01:45:00,1125.0
2026-02-23 02:00:00,1125.0
2026-02-23 02:15:00,1125.0
2026-02-23 02:30:00,1125.0
2026-02-23 02:45:00,1125.0
2026-02-23 03:00:00,1125.0
2026-02-23 03:15:00,1125.0
2026-02-23 03:30:00,1125.0
2026-02-23 03:45:00,1125.0
2026-02-23 04:00:00,1125.0
2026-02-23 04:15:00,1125.0
2026-02-23 04:30:00,1125.0
2026-02-23 04:45:00,1125.0
2026-02-23 05:00:00,1125.0
2026-02-23 05:15:00,1125.0
2026-02-23 05:30:00,1125.0
2026-02-23 05:45:00,1125.0
2026-02-23 06:00:00,1125.0
2026-02-23 06:15:00,1125.0
2026-02-23 06:30:00,1125.0
2026-02-23 06:45:00,1125.0
2026-02-23 07:00:00,1125.0
2026-02-23 07:15:00,1125.0
2026-02-23 07:30:00,1125.0
2026-02-23 07:45:00,1125.0
2026-02-23 08:00:00,1125.0
2026-02-23 08:15:00,1125.0
2026-02-23 08:30:00,1125.0
2026-02-23 08:45:00,1125.0
2026-02-23 09:00:00,1125.0
2026-02-23 09:15:00,1141.81
2026-02-23 09:30:00,1125.0
2026-02-23 09:45:00,1164.247
2026-02-23 10:00:00,1146.847
2026-02-23 10:15:00,1125.0
2026-02-23 10:30:00,1125.0
2026-02-23 10:45:00,1184.159
2026-02-23 11:00:00,1197.316
2026-02-23 11:15:00,1133.391
2026-02-23 11:30:00,1322.419
2026-02-23 11:45:00,1477.782
2026-02-23 12:00:00,1425.598
2026-02-23 12:15:00,1446.131
2026-02-23 12:30:00,1553.382
2026-02-23 12:45:00,1577.969
2026-02-23 13:00:00,1520.387
2026-02-23 13:15:00,1399.543
2026-02-23 13:30:00,1480.088
2026-02-23 13:45:00,1483.612
2026-02-23 14:00:00,1433.709
2026-02-23 14:15:00,1322.174
2026-02-23 14:30:00,1331.569
2026-02-23 14:45:00,1284.678
2026-02-23 15:00:00,1165.5
2026-02-23 15:15:00,1183.134
2026-02-23 15:30:00,1162.388
2026-02-23 15:45:00,1125.0
2026-02-23 16:00:00,1125.0
2026-02-23 16:15:00,1125.0
2026-02-23 16:30:00,1176.396
2026-02-23 16:45:00,1412.729
2026-02-23 17:00:00,1896.857
2026-02-23 17:15:00,1667.546
2026-02-23 17:30:00,1608.138
2026-02-23 17:45:00,1551.765
2026-02-23 18:00:00,1378.033
2026-02-23 18:15:00,1323.923
2026-02-23 18:30:00,1379.345
2026-02-23 18:45:00,1249.345
2026-02-23 19:00:00,1248.757
2026-02-23 19:15:00,1228.819
2026-02-23 19:30:00,1209.9
2026-02-23 19:45:00,1197.505
2026-02-23 20:00:00,1206.235
2026-02-23 20:15:00,1184.75
2026-02-23 20:30:00,1184.75
2026-02-23 20:45:00,1184.75
2026-02-23 21:00:00,1184.75
2026-02-23 21:15:00,1184.75
2026-02-23 21:30:00,1184.75
2026-02-23 21:45:00,1184.75
2026-02-23 22:00:00,1192.5
2026-02-23 22:15:00,1192.5
2026-02-23 22:30:00,1192.5
2026-02-23 22:45:00,1192.5
2026-02-23 23:00:00,1192.5
2026-02-23 23:15:00,1192.5
2026-02-23 23:30:00,1192.5
2026-02-23 23:45:00,1192.5
2026-02-24 00:00:00,1207.75
2026-02-24 00:15:00,1207.75
2026-02-24 00:30:00,1207.75
2026-02-24 00:45:00,1207.75
2026-02-24 01:00:00,1207.75
2026-02-24 01:15:00,1207.75
2026-02-24 01:30:00,1207.75
2026-02-24 01:45:00,1207.75
2026-02-24 02:00:00,1207.75
2026-02-24 02:15:00,1207.75
2026-02-24 02:30:00,1207.75
2026-02-24 02:45:00,1207.75
2026-02-24 03:00:00,1207.75
2026-02-24 03:15:00,1207.75
2026-02-24 03:30:00,1207.75
2026-02-24 03:45:00,1207.75
2026-02-24 04:00:00,1207.75
2026-02-24 04:15:00,1207.75
2026-02-24 04:30:00,1207.75
2026-02-24 04:45:00,1207.75
2026-02-24 05:00:00,1207.75
2026-02-24 05:15:00,1207.75
2026-02-24 05:30:00,1207.75
2026-02-24 05:45:00,1207.75
2026-02-24 06:00:00,1207.75
2026-02-24 06:15:00,1207.75
2026-02-24 06:30:00,1207.75
2026-02-24 06:45:00,1207.75
2026-02-24 07:00:00,1207.75
2026-02-24 07:15:00,1207.75
2026-02-24 07:30:00,1207.75
2026-02-24 07:45:00,1514.116
2026-02-24 08:00:00,1574.661
2026-02-24 08:15:00,1713.455
2026-02-24 08:30:00,1821.104
2026-02-24 08:45:00,1931.915
2026-02-24 09:00:00,1754.168
2026-02-24 09:15:00,1759.261
2026-02-24 09:30:00,1613.038
2026-02-24 09:45:00,1457.228
2026-02-24 10:00:00,1490.494
2026-02-24 10:15:00,1415.628
2026-02-24 10:30:00,1434.214
2026-02-24 10:45:00,1479.781
2026-02-24 11:00:00,1643.541
2026-02-24 11:15:00,1739.944
2026-02-24 11:30:00,1726.809
2026-02-24 11:45:00,1614.322
2026-02-24 12:00:00,1662.352
2026-02-24 12:15:00,1703.863
2026-02-24 12:30:00,1987.919
2026-02-24 12:45:00,1823.529
2026-02-24 13:00:00,1755.789
2026-02-24 13:15:00,1567.706
2026-02-24 13:30:00,1491.862
2026-02-24 13:45:00,1515.727
2026-02-24 14:00:00,1477.667
2026-02-24 14:15:00,1352.469
2026-02-24 14:30:00,1320.75
2026-02-24 14:45:00,1305.549
2026-02-24 15:00:00,1302.25
2026-02-24 15:15:00,1302.25
2026-02-24 15:30:00,1302.25
2026-02-24 15:45:00,1499.324
2026-02-24 16:00:00,1591.058
2026-02-24 16:15:00,1771.41
2026-02-24 16:30:00,1945.015
2026-02-24 16:45:00,2036.887
2026-02-24 17:00:00,2152.729
2026-02-24 17:15:00,2088.031
2026-02-24 17:30:00,2158.993
2026-02-24 17:45:00,2151.462
2026-02-24 18:00:00,2013.306
2026-02-24 18:15:00,1877.954
2026-02-24 18:30:00,1891.21
2026-02-24 18:45:00,1701.39
2026-02-24 19:00:00,1692.765
2026-02-24 19:15:00,1679.253
2026-02-24 19:30:00,1699.34
2026-02-24 19:45:00,1480.178
2026-02-24 20:00:00,1409.911
2026-02-24 20:15:00,1455.669
2026-02-24 20:30:00,1439.286
2026-02-24 20:45:00,1393.487
2026-02-24 21:00:00,1486.17
2026-02-24 21:15:00,1511.33
2026-02-24 21:30:00,1591.145
2026-02-24 21:45:00,1677.026
2026-02-24 22:00:00,1747.813
2026-02-24 22:15:00,1673.362
2026-02-24 22:30:00,1639.475
2026-02-24 22:45:00,1506.993
2026-02-24 23:00:00,1546.29
2026-02-24 23:15:00,1519.612
2026-02-24 23:30:00,1514.844
2026-02-24 23:45:00,1563.177
2026-02-25 00:00:00,1710.364
2026-02-25 00:15:00,1741.213
2026-02-25 00:30:00,1972.379
2026-02-25 00:45:00,2105.748
2026-02-25 01:00:00,1867.513
2026-02-25 01:15:00,1845.048
2026-02-25 01:30:00,1910.02
2026-02-25 01:45:00,1757.967
2026-02-25 02:00:00,1844.169
2026-02-25 02:15:00,1800.899
2026-02-25 02:30:00,1750.91
2026-02-25 02:45:00,1659.548
2026-02-25 03:00:00,1675.042
2026-02-25 03:15:00,1695.58
2026-02-25 03:30:00,1615.868
2026-02-25 03:45:00,1615.974
2026-02-25 04:00:00,1633.522
2026-02-25 04:15:00,1612.403
2026-02-25 04:30:00,1581.178
2026-02-25 04:45:00,1631.225
2026-02-25 05:00:00,1608.91
2026-02-25 05:15:00,1641.865
2026-02-25 05:30:00,1678.276
2026-02-25 05:45:00,1583.733
2026-02-25 06:00:00,1519.786
2026-02-25 06:15:00,1486.031
2026-02-25 06:30:00,1436.869
2026-02-25 06:45:00,1382.292
2026-02-25 07:00:00,1499.587
2026-02-25 07:15:00,1715.176
2026-02-25 07:30:00,1817.993
2026-02-25 07:45:00,1965.254
2026-02-25 08:00:00,2159.625
2026-02-25 08:15:00,2220.901
2026-02-25 08:30:00,2118.999
2026-02-25 08:45:00,2050.149
2026-02-25 09:00:00,1661.009
2026-02-25 09:15:00,1805.749
2026-02-25 09:30:00,1669.124
2026-02-25 09:45:00,1694.863
2026-02-25 10:00:00,1514.141
2026-02-25 10:15:00,1382.113
2026-02-25 10:30:00,1457.471
2026-02-25 10:45:00,1433.11
2026-02-25 11:00:00,1430.025
2026-02-25 11:15:00,1395.837
2026-02-25 11:30:00,1333.175
2026-02-25 11:45:00,1318.0
2026-02-25 12:00:00,1625.909
2026-02-25 12:15:00,1420.971
2026-02-25 12:30:00,1614.233
2026-02-25 12:45:00,1558.485
2026-02-25 13:00:00,1600.764
2026-02-25 13:15:00,1449.25
2026-02-25 13:30:00,1457.508
2026-02-25 13:45:00,1385.88
2026-02-25 14:00:00,1393.084
2026-02-25 14:15:00,1333.084
2026-02-25 14:30:00,1318.0
2026-02-25 14:45:00,1327.163
2026-02-25 15:00:00,1418.404
2026-02-25 15:15:00,1338.308
2026-02-25 15:30:00,1318.0
2026-02-25 15:45:00,1318.0
2026-02-25 16:00:00,1322.465
2026-02-25 16:15:00,1296.859
2026-02-25 16:30:00,1371.996
2026-02-25 16:45:00,1354.722
2026-02-25 17:00:00,1550.867
2026-02-25 17:15:00,1532.371
2026-02-25 17:30:00,1510.61
2026-02-25 17:45:00,1361.5
2026-02-25 18:00:00,1330.573
2026-02-25 18:15:00,1309.032
2026-02-25 18:30:00,1313.238
2026-02-25 18:45:00,1319.836
2026-02-25 19:00:00,1332.438
2026-02-25 19:15:00,1331.431
2026-02-25 19:30:00,1302.685
2026-02-25 19:45:00,1297.037
2026-02-25 20:00:00,1328.521
2026-02-25 20:15:00,1331.915
2026-02-25 20:30:00,1316.564
2026-02-25 20:45:00,1306.0
2026-02-25 21:00:00,1332.443
2026-02-25 21:15:00,1319.871
2026-02-25 21:30:00,1403.023
2026-02-25 21:45:00,1496.389
2026-02-25 22:00:00,1517.501
2026-02-25 22:15:00,1574.949
2026-02-25 22:30:00,1446.15
2026-02-25 22:45:00,1376.1
2026-02-25 23:00:00,1359.748
2026-02-25 23:15:00,1413.761
2026-02-25 23:30:00,1402.516
2026-02-25 23:45:00,1365.559
2026-02-26 00:00:00,1302.5
2026-02-26 00:15:00,1302.5
2026-02-26 00:30:00,1355.294
2026-02-26 00:45:00,1425.992
2026-02-26 01:00:00,1339.319
2026-02-26 01:15:00,1338.15
2026-02-26 01:30:00,1275.35
2026-02-26 01:45:00,1255.25
2026-02-26 02:00:00,1285.046
2026-02-26 02:15:00,1255.25
2026-02-26 02:30:00,1255.25
2026-02-26 02:45:00,1277.418
2026-02-26 03:00:00,1323.587
2026-02-26 03:15:00,1274.902
2026-02-26 03:30:00,1258.329
2026-02-26 03:45:00,1256.75
2026-02-26 04:00:00,1332.171
2026-02-26 04:15:00,1373.007
2026-02-26 04:30:00,1536.371
2026-02-26 04:45:00,1572.614
2026-02-26 05:00:00,1695.573
2026-02-26 05:15:00,1689.402
2026-02-26 05:30:00,1709.737
2026-02-26 05:45:00,1703.277
2026-02-26 06:00:00,1609.977
2026-02-26 06:15:00,1655.689
2026-02-26 06:30:00,1563.034
2026-02-26 06:45:00,1703.807
2026-02-26 07:00:00,1546.937
2026-02-26 07:15:00,1468.559
2026-02-26 07:30:00,1513.779
2026-02-26 07:45:00,1508.873
2026-02-26 08:00:00,1693.29
2026-02-26 08:15:00,2189.621
2026-02-26 08:30:00,2189.036
2026-02-26 08:45:00,2251.725
2026-02-26 09:00:00,1938.178
2026-02-26 09:15:00,1996.936
2026-02-26 09:30:00,1757.856
2026-02-26 09:45:00,1708.535
2026-02-26 10:00:00,1602.492
2026-02-26 10:15:00,1560.619
2026-02-26 10:30:00,1618.529
2026-02-26 10:45:00,1736.236
2026-02-26 11:00:00,1559.858
2026-02-26 11:15:00,1659.928
2026-02-26 11:30:00,1580.486
2026-02-26 11:45:00,1612.685
2026-02-26 12:00:00,1621.828
2026-02-26 12:15:00,1502.158
2026-02-26 12:30:00,1636.519
2026-02-26 12:45:00,1491.182
2026-02-26 13:00:00,1595.022
2026-02-26 13:15:00,1538.725
2026-02-26 13:30:00,1612.169
2026-02-26 13:45:00,1665.904
2026-02-26 14:00:00,1768.454
2026-02-26 14:15:00,1811.408
2026-02-26 14:30:00,1696.81
2026-02-26 14:45:00,1750.528
2026-02-26 15:00:00,1713.623
2026-02-26 15:15:00,1757.634
2026-02-26 15:30:00,1773.717
2026-02-26 15:45:00,1746.326
2026-02-26 16:00:00,1663.694
2026-02-26 16:15:00,1758.026
2026-02-26 16:30:00,1785.468
2026-02-26 16:45:00,1814.463
2026-02-26 17:00:00,1836.495
2026-02-26 17:15:00,1774.307
2026-02-26 17:30:00,1713.308
2026-02-26 17:45:00,1690.771
2026-02-26 18:00:00,1611.592
2026-02-26 18:15:00,1647.399
2026-02-26 18:30:00,1693.957
2026-02-26 18:45:00,1677.83
2026-02-26 19:00:00,1681.833
2026-02-26 19:15:00,1593.939
2026-02-26 19:30:00,1586.834
2026-02-26 19:45:00,1510.348
2026-02-26 20:00:00,1385.516
2026-02-26 20:15:00,1294.423
2026-02-26 20:30:00,1429.222
2026-02-26 20:45:00,1422.343
2026-02-26 21:00:00,1391.354
2026-02-26 21:15:00,1452.684
2026-02-26 21:30:00,1416.826
2026-02-26 21:45:00,1469.814
2026-02-26 22:00:00,1406.849
2026-02-26 22:15:00,1511.586
2026-02-26 22:30:00,1444.161
2026-02-26 22:45:00,1342.278
2026-02-26 23:00:00,1374.558
2026-02-26 23:15:00,1308.852
2026-02-26 23:30:00,1359.284
2026-02-26 23:45:00,1423.608
2026-02-27 00:00:00,1463.624
2026-02-27 00:15:00,1448.239
2026-02-27 00:30:00,1580.115
2026-02-27 00:45:00,1489.557
2026-02-27 01:00:00,1501.156
2026-02-27 01:15:00,1370.575
2026-02-27 01:30:00,1298.559
2026-02-27 01:45:00,1266.534
2026-02-27 02:00:00,1278.138
2026-02-27 02:15:00,1313.444
2026-02-27 02:30:00,1379.048
2026-02-27 02:45:00,1437.6
2026-02-27 03:00:00,1302.6
2026-02-27 03:15:00,1272.246
2026-02-27 03:30:00,1259.317
2026-02-27 03:45:00,1247.75
2026-02-27 04:00:00,1280.131
2026-02-27 04:15:00,1247.75
2026-02-27 04:30:00,1247.75
2026-02-27 04:45:00,1249.25
2026-02-27 05:00:00,1308.196
2026-02-27 05:15:00,1399.629
2026-02-27 05:30:00,1495.695
2026-02-27 05:45:00,1493.691
2026-02-27 06:00:00,1409.816
2026-02-27 06:15:00,1323.374
2026-02-27 06:30:00,1291.126
2026-02-27 06:45:00,1371.717
2026-02-27 07:00:00,1408.274
2026-02-27 07:15:00,1303.25
2026-02-27 07:30:00,1469.782
2026-02-27 07:45:00,1572.938
2026-02-27 08:00:00,1668.095
2026-02-27 08:15:00,1932.198
2026-02-27 08:30:00,1996.411
2026-02-27 08:45:00,1966.284
2026-02-27 09:00:00,1722.643
2026-02-27 09:15:00,1814.623
2026-02-27 09:30:00,1882.521
2026-02-27 09:45:00,1803.636
2026-02-27 10:00:00,1688.985
2026-02-27 10:15:00,1610.204
2026-02-27 10:30:00,1629.664
2026-02-27 10:45:00,1558.189
2026-02-27 11:00:00,1671.064
2026-02-27 11:15:00,1768.655
2026-02-27 11:30:00,1686.205
2026-02-27 11:45:00,1674.471
2026-02-27 12:00:00,1934.539
2026-02-27 12:15:00,1997.821
2026-02-27 12:30:00,2041.763
2026-02-27 12:45:00,1961.418
2026-02-27 13:00:00,1965.34
2026-02-27 13:15:00,1896.151
2026-02-27 13:30:00,1863.67
2026-02-27 13:45:00,1864.705
2026-02-27 14:00:00,1704.153
2026-02-27 14:15:00,1602.041
2026-02-27 14:30:00,1903.904
2026-02-27 14:45:00,1904.587
2026-02-27 15:00:00,1892.229
2026-02-27 15:15:00,2003.94
2026-02-27 15:30:00,2114.175
2026-02-27 15:45:00,2015.324
2026-02-27 16:00:00,1983.676
2026-02-27 16:15:00,2082.842
2026-02-27 16:30:00,1936.468
2026-02-27 16:45:00,1994.438
2026-02-27 17:00:00,2106.471
2026-02-27 17:15:00,2088.563
2026-02-27 17:30:00,2065.029
2026-02-27 17:45:00,2020.552
2026-02-27 18:00:00,2023.423
2026-02-27 18:15:00,2027.806
2026-02-27 18:30:00,2092.868
2026-02-27 18:45:00,2027.556
2026-02-27 19:00:00,2065.019
2026-02-27 19:15:00,1993.002
2026-02-27 19:30:00,2016.21
2026-02-27 19:45:00,1956.017
2026-02-27 20:00:00,1940.427
2026-02-27 20:15:00,1866.492
2026-02-27 20:30:00,1820.902
2026-02-27 20:45:00,1824.866
2026-02-27 21:00:00,1956.163
2026-02-27 21:15:00,1989.288
2026-02-27 21:30:00,2002.817
2026-02-27 21:45:00,1866.128
2026-02-27 22:00:00,1843.375
2026-02-27 22:15:00,1750.96
2026-02-27 22:30:00,1762.43
2026-02-27 22:45:00,1782.006
2026-02-27 23:00:00,1783.905
2026-02-27 23:15:00,1658.42
2026-02-27 23:30:00,1657.32
2026-02-27 23:45:00,1613.118
2026-02-28 00:00:00,1985.057
2026-02-28 00:15:00,1981.172
2026-02-28 00:30:00,1891.407
2026-02-28 00:45:00,1716.854
2026-02-28 01:00:00,1652.729
2026-02-28 01:15:00,1595.183
2026-02-28 01:30:00,1409.42
2026-02-28 01:45:00,1427.64
2026-02-28 02:00:00,1468.349
2026-02-28 02:15:00,1380.81
2026-02-28 02:30:00,1495.516
2026-02-28 02:45:00,1519.835
2026-02-28 03:00:00,1445.886
2026-02-28 03:15:00,1420.384
2026-02-28 03:30:00,1384.126
2026-02-28 03:45:00,1352.979
2026-02-28 04:00:00,1438.674
2026-02-28 04:15:00,1488.02
2026-02-28 04:30:00,1535.257
2026-02-28 04:45:00,1502.84
2026-02-28 05:00:00,1490.102
2026-02-28 05:15:00,1473.501
2026-02-28 05:30:00,1392.963
2026-02-28 05:45:00,1507.891
2026-02-28 06:00:00,1438.71
2026-02-28 06:15:00,1319.245
2026-02-28 06:30:00,1283.562
2026-02-28 06:45:00,1383.116
2026-02-28 07:00:00,1317.725
2026-02-28 07:15:00,1329.054
2026-02-28 07:30:00,1509.797
2026-02-28 07:45:00,1682.976
2026-02-28 08:00:00,1816.663
2026-02-28 08:15:00,1872.944
2026-02-28 08:30:00,1940.368
2026-02-28 08:45:00,1964.893
2026-02-28 09:00:00,1939.564
2026-02-28 09:15:00,2051.856
2026-02-28 09:30:00,2055.582
2026-02-28 09:45:00,2054.924
2026-02-28 10:00:00,2099.481
2026-02-28 10:15:00,2040.052
2026-02-28 10:30:00,2046.774
2026-02-28 10:45:00,2151.302
2026-02-28 11:00:00,2061.219
2026-02-28 11:15:00,2048.513
2026-02-28 11:30:00,2024.541
2026-02-28 11:45:00,1910.458
2026-02-28 12:00:00,2122.477
2026-02-28 12:15:00,2066.96
2026-02-28 12:30:00,1977.116
2026-02-28 12:45:00,1988.263
2026-02-28 13:00:00,2004.75
2026-02-28 13:15:00,1899.378
2026-02-28 13:30:00,1932.297
2026-02-28 13:45:00,1862.299
2026-02-28 14:00:00,2062.987
2026-02-28 14:15:00,2061.175
2026-02-28 14:30:00,2090.046
2026-02-28 14:45:00,2023.644
2026-02-28 15:00:00,1876.435
2026-02-28 15:15:00,1858.072
2026-02-28 15:30:00,1833.791
2026-02-28 15:45:00,1817.434
2026-02-28 16:00:00,1768.757
2026-02-28 16:15:00,1792.777
2026-02-28 16:30:00,1869.141
2026-02-28 16:45:00,1917.038
2026-02-28 17:00:00,2068.983
2026-02-28 17:15:00,1991.085
2026-02-28 17:30:00,1889.093
2026-02-28 17:45:00,1836.131
2026-02-28 18:00:00,1764.741
2026-02-28 18:15:00,1767.857
2026-02-28 18:30:00,1714.677
2026-02-28 18:45:00,1736.691
2026-02-28 19:00:00,1812.339
2026-02-28 19:15:00,1751.728
2026-02-28 19:30:00,1747.692
2026-02-28 19:45:00,1697.082
2026-02-28 20:00:00,1650.272
2026-02-28 20:15:00,1575.742
2026-02-28 20:30:00,1508.999
2026-02-28 20:45:00,1472.264
2026-02-28 21:00:00,1465.16
2026-02-28 21:15:00,1566.612
2026-02-28 21:30:00,1403.318
2026-02-28 21:45:00,1443.653
2026-02-28 22:00:00,1429.871
2026-02-28 22:15:00,1521.856
2026-02-28 22:30:00,1465.191
2026-02-28 22:45:00,1566.593
2026-02-28 23:00:00,1601.395
2026-02-28 23:15:00,1537.15
2026-02-28 23:30:00,1319.791
2026-02-28 23:45:00,1384.181
2026-03-01 00:00:00,1497.658
2026-03-01 00:15:00,1501.889
2026-03-01 00:30:00,1410.667
2026-03-01 00:45:00,1278.67
2026-03-01 01:00:00,1272.308
2026-03-01 01:15:00,1199.897
2026-03-01 01:30:00,1214.807
2026-03-01 01:45:00,1138.25
2026-03-01 02:00:00,1138.25
2026-03-01 02:15:00,1138.25
2026-03-01 02:30:00,1138.25
2026-03-01 02:45:00,1138.25
2026-03-01 03:00:00,1169.562
2026-03-01 03:15:00,1152.119
2026-03-01 03:30:00,1138.25
2026-03-01 03:45:00,1138.25
2026-03-01 04:00:00,1138.25
2026-03-01 04:15:00,1138.25
2026-03-01 04:30:00,1138.25
2026-03-01 04:45:00,1138.25
2026-03-01 05:00:00,1138.25
2026-03-01 05:15:00,1138.25
2026-03-01 05:30:00,1138.25
2026-03-01 05:45:00,1138.25
2026-03-01 06:00:00,1145.75
2026-03-01 06:15:00,1145.75
2026-03-01 06:30:00,1153.25
2026-03-01 06:45:00,1173.25
2026-03-01 07:00:00,1189.5
2026-03-01 07:15:00,1202.0
2026-03-01 07:30:00,1210.25
2026-03-01 07:45:00,1210.25
2026-03-01 08:00:00,1184.736
2026-03-01 08:15:00,1266.275
2026-03-01 08:30:00,1368.128
2026-03-01 08:45:00,1444.725
2026-03-01 09:00:00,1408.215
2026-03-01 09:15:00,1237.25
2026-03-01 09:30:00,1237.25
2026-03-01 09:45:00,1237.25
2026-03-01 10:00:00,1309.632
2026-03-01 10:15:00,1280.84
2026-03-01 10:30:00,1379.18
2026-03-01 10:45:00,1401.273
2026-03-01 11:00:00,1528.415
2026-03-01 11:15:00,1623.753
2026-03-01 11:30:00,1662.597
2026-03-01 11:45:00,1374.573
2026-03-01 12:00:00,1432.51
2026-03-01 12:15:00,1365.33
2026-03-01 12:30:00,1447.524
2026-03-01 12:45:00,1263.733
2026-03-01 13:00:00,1222.44
2026-03-01 13:15:00,1184.75
2026-03-01 13:30:00,1286.601
2026-03-01 13:45:00,1256.501
2026-03-01 14:00:00,1364.161
2026-03-01 14:15:00,1260.836
2026-03-01 14:30:00,1296.134
2026-03-01 14:45:00,1285.364
2026-03-01 15:00:00,1337.777
2026-03-01 15:15:00,1395.899
2026-03-01 15:30:00,1433.419
2026-03-01 15:45:00,1399.333
2026-03-01 16:00:00,1508.34
2026-03-01 16:15:00,1383.084
2026-03-01 16:30:00,1455.139
2026-03-01 16:45:00,1455.578
2026-03-01 17:00:00,1498.221
2026-03-01 17:15:00,1433.056
2026-03-01 17:30:00,1372.314
2026-03-01 17:45:00,1357.609
2026-03-01 18:00:00,1303.166
2026-03-01 18:15:00,1329.896
2026-03-01 18:30:00,1258.216
2026-03-01 18:45:00,1184.75
2026-03-01 19:00:00,1184.75
2026-03-01 19:15:00,1221.409
2026-03-01 19:30:00,1256.918
2026-03-01 19:45:00,1240.602
2026-03-01 20:00:00,1284.081
2026-03-01 20:15:00,1281.946
2026-03-01 20:30:00,1367.573
2026-03-01 20:45:00,1369.515
2026-03-01 21:00:00,1446.337
2026-03-01 21:15:00,1471.599
2026-03-01 21:30:00,1465.861
2026-03-01 21:45:00,1502.219
2026-03-01 22:00:00,1499.611
2026-03-01 22:15:00,1513.533
2026-03-01 22:30:00,1302.934
2026-03-01 22:45:00,1308.581
2026-03-01 23:00:00,1282.994
2026-03-01 23:15:00,1184.75
2026-03-01 23:30:00,1184.75
2026-03-01 23:45:00,1184.75
2026-03-02 00:00:00,1198.882
2026-03-02 00:15:00,1190.25
2026-03-02 00:30:00,1195.947
2026-03-02 00:45:00,1190.25
2026-03-02 01:00:00,1190.25
2026-03-02 01:15:00,1190.25
2026-03-02 01:30:00,1190.25
2026-03-02 01:45:00,1190.25
2026-03-02 02:00:00,1190.25
2026-03-02 02:15:00,1190.25
2026-03-02 02:30:00,1190.25
2026-03-02 02:45:00,1190.25
2026-03-02 03:00:00,1160.357
2026-03-02 03:15:00,1145.25
2026-03-02 03:30:00,1145.25
2026-03-02 03:45:00,1145.25
2026-03-02 04:00:00,1145.25
2026-03-02 04:15:00,1145.25
2026-03-02 04:30:00,1145.25
2026-03-02 04:45:00,1145.25
2026-03-02 05:00:00,1145.25
2026-03-02 05:15:00,1145.25
2026-03-02 05:30:00,1145.25
2026-03-02 05:45:00,1145.25
2026-03-02 06:00:00,1145.25
2026-03-02 06:15:00,1145.25
2026-03-02 06:30:00,1145.25
2026-03-02 06:45:00,1145.25
2026-03-02 07:00:00,1145.25
2026-03-02 07:15:00,1145.25
2026-03-02 07:30:00,1309.298
2026-03-02 07:45:00,1422.965
2026-03-02 08:00:00,1272.896
2026-03-02 08:15:00,1150.146
2026-03-02 08:30:00,1296.119
2026-03-02 08:45:00,1762.382
2026-03-02 09:00:00,1798.642
2026-03-02 09:15:00,1780.442
2026-03-02 09:30:00,1740.621
2026-03-02 09:45:00,1682.373
2026-03-02 10:00:00,1563.864
2026-03-02 10:15:00,1525.908
2026-03-02 10:30:00,1659.779
2026-03-02 10:45:00,1692.449
2026-03-02 11:00:00,1433.319
2026-03-02 11:15:00,1285.454
2026-03-02 11:30:00,1220.787
2026-03-02 11:45:00,1193.982
2026-03-02 12:00:00,1362.414
2026-03-02 12:15:00,1288.306
2026-03-02 12:30:00,1221.154
2026-03-02 12:45:00,1218.471
2026-03-02 13:00:00,1255.467
2026-03-02 13:15:00,1264.558
2026-03-02 13:30:00,1346.8
2026-03-02 13:45:00,1176.634
2026-03-02 14:00:00,1167.806
2026-03-02 14:15:00,1191.761
2026-03-02 14:30:00,1154.26
2026-03-02 14:45:00,1172.712
2026-03-02 15:00:00,1237.824
2026-03-02 15:15:00,1292.524
2026-03-02 15:30:00,1346.659
2026-03-02 15:45:00,1462.067
2026-03-02 16:00:00,1567.355
2026-03-02 16:15:00,1645.207
2026-03-02 16:30:00,1641.75
2026-03-02 16:45:00,1650.647
2026-03-02 17:00:00,1533.262
2026-03-02 17:15:00,1397.417
2026-03-02 17:30:00,1421.137
2026-03-02 17:45:00,1396.913
2026-03-02 18:00:00,1342.37
2026-03-02 18:15:00,1227.933
2026-03-02 18:30:00,1210.124
2026-03-02 18:45:00,1228.654
2026-03-02 19:00:00,1289.719
2026-03-02 19:15:00,1380.723
2026-03-02 19:30:00,1417.874
2026-03-02 19:45:00,1348.41
2026-03-02 20:00:00,1467.939
2026-03-02 20:15:00,1517.069
2026-03-02 20:30:00,1466.187
2026-03-02 20:45:00,1299.949
2026-03-02 21:00:00,1350.258
2026-03-02 21:15:00,1303.795
2026-03-02 21:30:00,1246.791
2026-03-02 21:45:00,1209.926
2026-03-02 22:00:00,1333.686
2026-03-02 22:15:00,1554.953
2026-03-02 22:30:00,1468.879
2026-03-02 22:45:00,1498.109
2026-03-02 23:00:00,1639.576
2026-03-02 23:15:00,1583.953
2026-03-02 23:30:00,1529.302
2026-03-02 23:45:00,1576.952
2026-03-03 00:00:00,1416.376
2026-03-03 00:15:00,1432.089
2026-03-03 00:30:00,1471.008
2026-03-03 00:45:00,1469.317
2026-03-03 01:00:00,1367.808
2026-03-03 01:15:00,1309.969
2026-03-03 01:30:00,1187.25
2026-03-03 01:45:00,1137.75
2026-03-03 02:00:00,1162.975
2026-03-03 02:15:00,1137.75
2026-03-03 02:30:00,1137.75
2026-03-03 02:45:00,1168.014
2026-03-03 03:00:00,1200.02
2026-03-03 03:15:00,1187.954
2026-03-03 03:30:00,1277.93
2026-03-03 03:45:00,1283.198
2026-03-03 04:00:00,1300.957
2026-03-03 04:15:00,1281.699
2026-03-03 04:30:00,1203.909
2026-03-03 04:45:00,1229.257
2026-03-03 05:00:00,1305.133
2026-03-03 05:15:00,1179.751
2026-03-03 05:30:00,1137.75
2026-03-03 05:45:00,1137.75
2026-03-03 06:00:00,1137.75
2026-03-03 06:15:00,1137.75
2026-03-03 06:30:00,1137.75
2026-03-03 06:45:00,1223.286
2026-03-03 07:00:00,1299.705
2026-03-03 07:15:00,1509.632
2026-03-03 07:30:00,1646.995
2026-03-03 07:45:00,1777.215
2026-03-03 08:00:00,1460.204
2026-03-03 08:15:00,1483.708
2026-03-03 08:30:00,1573.541
2026-03-03 08:45:00,1621.146
2026-03-03 09:00:00,1628.678
2026-03-03 09:15:00,1660.907
2026-03-03 09:30:00,1586.491
2026-03-03 09:45:00,1561.906
2026-03-03 10:00:00,1493.689
2026-03-03 10:15:00,1429.736
2026-03-03 10:30:00,1608.797
2026-03-03 10:45:00,1720.432
2026-03-03 11:00:00,1742.56
2026-03-03 11:15:00,1804.265
2026-03-03 11:30:00,1700.512
2026-03-03 11:45:00,1654.383
2026-03-03 12:00:00,1522.164
2026-03-03 12:15:00,1500.121
2026-03-03 12:30:00,1664.055
2026-03-03 12:45:00,1598.877
2026-03-03 13:00:00,1688.892
2026-03-03 13:15:00,1719.463
2026-03-03 13:30:00,1716.198
2026-03-03 13:45:00,1460.457
2026-03-03 14:00:00,1332.415
2026-03-03 14:15:00,1161.899
2026-03-03 14:30:00,1142.554
2026-03-03 14:45:00,1168.627
2026-03-03 15:00:00,1224.429
2026-03-03 15:15:00,1190.679
2026-03-03 15:30:00,1391.265
2026-03-03 15:45:00,1561.628
2026-03-03 16:00:00,1724.538
2026-03-03 16:15:00,1793.63
2026-03-03 16:30:00,1756.106
2026-03-03 16:45:00,1750.102
2026-03-03 17:00:00,1506.818
2026-03-03 17:15:00,1498.39
2026-03-03 17:30:00,1727.186
2026-03-03 17:45:00,1739.998
2026-03-03 18:00:00,1635.202
2026-03-03 18:15:00,1457.187
2026-03-03 18:30:00,1501.185
2026-03-03 18:45:00,1435.529
2026-03-03 19:00:00,1706.647
2026-03-03 19:15:00,1806.668
2026-03-03 19:30:00,1859.177
2026-03-03 19:45:00,1868.069
2026-03-03 20:00:00,1856.801
2026-03-03 20:15:00,1784.812
2026-03-03 20:30:00,1780.118
2026-03-03 20:45:00,1890.377
2026-03-03 21:00:00,1829.141
2026-03-03 21:15:00,1782.641
2026-03-03 21:30:00,1743.87
2026-03-03 21:45:00,1661.019
2026-03-03 22:00:00,1868.476
2026-03-03 22:15:00,1881.038
2026-03-03 22:30:00,1816.397
2026-03-03 22:45:00,1810.695
2026-03-03 23:00:00,1892.001
2026-03-03 23:15:00,1625.999
2026-03-03 23:30:00,1421.454
2026-03-03 23:45:00,1344.072
2026-03-04 00:00:00,1744.153
2026-03-04 00:15:00,1832.205
2026-03-04 00:30:00,1711.835
2026-03-04 00:45:00,1661.082
2026-03-04 01:00:00,1604.338
2026-03-04 01:15:00,1535.878
2026-03-04 01:30:00,1540.235
2026-03-04 01:45:00,1570.5
2026-03-04 02:00:00,1657.466
2026-03-04 02:15:00,1592.483
2026-03-04 02:30:00,1537.636
2026-03-04 02:45:00,1423.418
2026-03-04 03:00:00,1456.39
2026-03-04 03:15:00,1391.815
2026-03-04 03:30:00,1380.074
2026-03-04 03:45:00,1364.081
2026-03-04 04:00:00,1278.483
2026-03-04 04:15:00,1230.818
2026-03-04 04:30:00,1276.713
2026-03-04 04:45:00,1305.931
2026-03-04 05:00:00,1278.603
2026-03-04 05:15:00,1425.997
2026-03-04 05:30:00,1446.921
2026-03-04 05:45:00,1462.141
2026-03-04 06:00:00,1491.709
2026-03-04 06:15:00,1494.032
2026-03-04 06:30:00,1477.16
2026-03-04 06:45:00,1609.074
2026-03-04 07:00:00,1948.665
2026-03-04 07:15:00,2109.163
2026-03-04 07:30:00,2269.444
2026-03-04 07:45:00,2294.178
2026-03-04 08:00:00,2064.79
2026-03-04 08:15:00,2089.265
2026-03-04 08:30:00,2031.282
2026-03-04 08:45:00,1838.995
2026-03-04 09:00:00,1769.44
2026-03-04 09:15:00,1636.367
2026-03-04 09:30:00,1464.905
2026-03-04 09:45:00,1267.405
2026-03-04 10:00:00,1227.75
2026-03-04 10:15:00,1227.75
2026-03-04 10:30:00,1253.652
2026-03-04 10:45:00,1268.791
2026-03-04 11:00:00,1232.253
2026-03-04 11:15:00,1320.465
2026-03-04 11:30:00,1227.75
2026-03-04 11:45:00,1285.431
2026-03-04 12:00:00,1480.536
2026-03-04 12:15:00,1488.22
2026-03-04 12:30:00,1672.568
2026-03-04 12:45:00,1792.863
2026-03-04 13:00:00,1809.866
2026-03-04 13:15:00,1667.507
2026-03-04 13:30:00,1689.327
2026-03-04 13:45:00,1477.937
2026-03-04 14:00:00,1525.268
2026-03-04 14:15:00,1353.291
2026-03-04 14:30:00,1227.75
2026-03-04 14:45:00,1227.75
2026-03-04 15:00:00,1214.75
2026-03-04 15:15:00,1223.395
2026-03-04 15:30:00,1229.438
2026-03-04 15:45:00,1318.844
2026-03-04 16:00:00,1438.719
2026-03-04 16:15:00,1492.385
2026-03-04 16:30:00,1539.176
2026-03-04 16:45:00,1631.057
2026-03-04 17:00:00,1728.848
2026-03-04 17:15:00,1905.098
2026-03-04 17:30:00,2159.743
2026-03-04 17:45:00,2136.755
2026-03-04 18:00:00,2234.765
2026-03-04 18:15:00,2281.931
2026-03-04 18:30:00,2429.373
2026-03-04 18:45:00,2358.63
2026-03-04 19:00:00,2420.765
2026-03-04 19:15:00,2341.484
2026-03-04 19:30:00,2317.265
2026-03-04 19:45:00,2360.122
2026-03-04 20:00:00,2477.063
2026-03-04 20:15:00,2613.147
2026-03-04 20:30:00,2662.315
2026-03-04 20:45:00,2756.889
2026-03-04 21:00:00,2781.786
2026-03-04 21:15:00,2714.257
2026-03-04 21:30:00,2643.663
2026-03-04 21:45:00,2671.127
2026-03-04 22:00:00,2672.517
2026-03-04 22:15:00,2631.647
2026-03-04 22:30:00,2455.441
2026-03-04 22:45:00,2375.324
2026-03-04 23:00:00,2314.959
2026-03-04 23:15:00,2129.916
2026-03-04 23:30:00,2029.153
2026-03-04 23:45:00,1893.295
2026-03-05 00:00:00,2152.233
2026-03-05 00:15:00,2172.773
2026-03-05 00:30:00,2177.868
2026-03-05 00:45:00,1987.081
2026-03-05 01:00:00,1954.328
2026-03-05 01:15:00,1803.293
2026-03-05 01:30:00,1825.757
2026-03-05 01:45:00,1915.167
2026-03-05 02:00:00,1903.671
2026-03-05 02:15:00,1878.274
2026-03-05 02:30:00,1823.95
2026-03-05 02:45:00,1805.276
2026-03-05 03:00:00,1789.908
2026-03-05 03:15:00,1716.979
2026-03-05 03:30:00,1747.124
2026-03-05 03:45:00,1798.541
2026-03-05 04:00:00,1815.286
2026-03-05 04:15:00,1782.071
2026-03-05 04:30:00,1855.646
2026-03-05 04:45:00,1884.887
2026-03-05 05:00:00,1855.153
2026-03-05 05:15:00,1855.817
2026-03-05 05:30:00,1844.974
2026-03-05 05:45:00,1803.865
2026-03-05 06:00:00,1803.455
2026-03-05 06:15:00,1865.833
2026-03-05 06:30:00,1948.722
2026-03-05 06:45:00,2115.477
2026-03-05 07:00:00,2199.891
2026-03-05 07:15:00,2336.71
2026-03-05 07:30:00,2323.098
2026-03-05 07:45:00,2088.481
2026-03-05 08:00:00,1561.14
2026-03-05 08:15:00,1383.636
2026-03-05 08:30:00,1384.889
2026-03-05 08:45:00,1442.005
2026-03-05 09:00:00,1380.083
2026-03-05 09:15:00,1484.727
2026-03-05 09:30:00,1573.105
2026-03-05 09:45:00,1437.597
2026-03-05 10:00:00,1280.25
2026-03-05 10:15:00,1280.25
2026-03-05 10:30:00,1478.068
2026-03-05 10:45:00,1649.437
2026-03-05 11:00:00,1650.744
2026-03-05 11:15:00,1618.497
2026-03-05 11:30:00,1681.27
2026-03-05 11:45:00,1827.659
2026-03-05 12:00:00,1808.603
2026-03-05 12:15:00,1797.198
2026-03-05 12:30:00,1632.569
2026-03-05 12:45:00,1597.635
2026-03-05 13:00:00,1461.693
2026-03-05 13:15:00,1443.603
2026-03-05 13:30:00,1674.795
2026-03-05 13:45:00,1707.107
2026-03-05 14:00:00,1808.086
2026-03-05 14:15:00,1694.212
2026-03-05 14:30:00,1538.921
2026-03-05 14:45:00,1711.015
2026-03-05 15:00:00,1622.742
2026-03-05 15:15:00,1582.45
2026-03-05 15:30:00,1377.871
2026-03-05 15:45:00,1363.528
2026-03-05 16:00:00,1412.586
2026-03-05 16:15:00,1416.109
2026-03-05 16:30:00,1434.017
2026-03-05 16:45:00,1448.322
2026-03-05 17:00:00,1510.611
2026-03-05 17:15:00,1482.185
2026-03-05 17:30:00,1408.008
2026-03-05 17:45:00,1345.907
2026-03-05 18:00:00,1418.413
2026-03-05 18:15:00,1470.717
2026-03-05 18:30:00,1719.931
2026-03-05 18:45:00,1829.262
2026-03-05 19:00:00,1887.278
2026-03-05 19:15:00,1961.629
2026-03-05 19:30:00,1852.71
2026-03-05 19:45:00,1933.312
2026-03-05 20:00:00,1945.271
2026-03-05 20:15:00,2040.826
2026-03-05 20:30:00,1984.367
2026-03-05 20:45:00,2045.836
2026-03-05 21:00:00,2109.273
2026-03-05 21:15:00,2134.118
2026-03-05 21:30:00,2117.113
2026-03-05 21:45:00,2003.1
2026-03-05 22:00:00,1976.814
2026-03-05 22:15:00,1801.156
2026-03-05 22:30:00,1674.36
2026-03-05 22:45:00,1418.09
2026-03-05 23:00:00,1552.088
2026-03-05 23:15:00,1535.622
2026-03-05 23:30:00,1412.813
2026-03-05 23:45:00,1396.33
2026-03-06 00:00:00,1417.316
2026-03-06 00:15:00,1526.486
2026-03-06 00:30:00,1385.879
2026-03-06 00:45:00,1371.914
2026-03-06 01:00:00,1364.255
2026-03-06 01:15:00,1344.085
2026-03-06 01:30:00,1323.134
2026-03-06 01:45:00,1376.228
2026-03-06 02:00:00,1371.681
2026-03-06 02:15:00,1366.168
2026-03-06 02:30:00,1512.961
2026-03-06 02:45:00,1488.574
2026-03-06 03:00:00,1603.335
2026-03-06 03:15:00,1445.333
2026-03-06 03:30:00,1490.844
2026-03-06 03:45:00,1529.729
2026-03-06 04:00:00,1586.486
2026-03-06 04:15:00,1625.261
2026-03-06 04:30:00,1387.333
2026-03-06 04:45:00,1455.116
2026-03-06 05:00:00,1477.954
2026-03-06 05:15:00,1438.971
2026-03-06 05:30:00,1451.987
2026-03-06 05:45:00,1423.067
2026-03-06 06:00:00,1423.44
2026-03-06 06:15:00,1281.69
2026-03-06 06:30:00,1424.463
2026-03-06 06:45:00,1496.663
2026-03-06 07:00:00,1676.849
2026-03-06 07:15:00,1803.577
2026-03-06 07:30:00,1951.154
2026-03-06 07:45:00,1797.377
2026-03-06 08:00:00,1408.681
2026-03-06 08:15:00,1309.178
2026-03-06 08:30:00,1272.75
2026-03-06 08:45:00,1272.75
2026-03-06 09:00:00,1272.75
2026-03-06 09:15:00,1272.75
2026-03-06 09:30:00,1272.75
2026-03-06 09:45:00,1272.75
2026-03-06 10:00:00,1272.75
2026-03-06 10:15:00,1272.75
2026-03-06 10:30:00,1272.75
2026-03-06 10:45:00,1272.75
2026-03-06 11:00:00,1272.75
2026-03-06 11:15:00,1272.75
2026-03-06 11:30:00,1272.75
2026-03-06 11:45:00,1272.75
2026-03-06 12:00:00,1542.685
2026-03-06 12:15:00,1567.303
2026-03-06 12:30:00,1458.186
2026-03-06 12:45:00,1334.086
2026-03-06 13:00:00,1358.616
2026-03-06 13:15:00,1367.504
2026-03-06 13:30:00,1387.841
2026-03-06 13:45:00,1518.756
2026-03-06 14:00:00,1720.217
2026-03-06 14:15:00,1794.785
2026-03-06 14:30:00,1606.358
2026-03-06 14:45:00,1756.788
2026-03-06 15:00:00,1692.104
2026-03-06 15:15:00,1798.65
2026-03-06 15:30:00,1745.947
2026-03-06 15:45:00,1691.81
2026-03-06 16:00:00,1595.148
2026-03-06 16:15:00,1682.129
2026-03-06 16:30:00,1645.823
2026-03-06 16:45:00,1562.53
2026-03-06 17:00:00,1540.964
2026-03-06 17:15:00,1553.049
2026-03-06 17:30:00,1612.126
2026-03-06 17:45:00,1677.214
2026-03-06 18:00:00,1749.384
2026-03-06 18:15:00,1767.071
2026-03-06 18:30:00,2004.116
2026-03-06 18:45:00,1873.32
2026-03-06 19:00:00,1839.116
2026-03-06 19:15:00,1742.716
2026-03-06 19:30:00,1815.273
2026-03-06 19:45:00,1780.742
2026-03-06 20:00:00,1783.584
2026-03-06 20:15:00,1781.429
2026-03-06 20:30:00,1810.707
2026-03-06 20:45:00,1935.008
2026-03-06 21:00:00,1931.317
2026-03-06 21:15:00,1926.721
2026-03-06 21:30:00,1831.62
2026-03-06 21:45:00,1737.184
2026-03-06 22:00:00,1731.252
2026-03-06 22:15:00,1776.757
2026-03-06 22:30:00,1681.883
2026-03-06 22:45:00,1684.978
2026-03-06 23:00:00,1742.355
2026-03-06 23:15:00,1522.307
2026-03-06 23:30:00,1558.351
2026-03-06 23:45:00,1741.042
2026-03-07 00:00:00,1887.292
2026-03-07 00:15:00,1853.378
2026-03-07 00:30:00,1841.523
2026-03-07 00:45:00,1797.688
2026-03-07 01:00:00,1574.911
2026-03-07 01:15:00,1509.394
2026-03-07 01:30:00,1535.056
2026-03-07 01:45:00,1542.377
2026-03-07 02:00:00,1519.587
2026-03-07 02:15:00,1445.846
2026-03-07 02:30:00,1528.042
2026-03-07 02:45:00,1462.324
2026-03-07 03:00:00,1518.846
2026-03-07 03:15:00,1505.171
2026-03-07 03:30:00,1504.376
2026-03-07 03:45:00,1484.957
2026-03-07 04:00:00,1491.488
2026-03-07 04:15:00,1450.926
2026-03-07 04:30:00,1626.063
2026-03-07 04:45:00,1622.983
2026-03-07 05:00:00,1565.849
2026-03-07 05:15:00,1609.72
2026-03-07 05:30:00,1658.983
2026-03-07 05:45:00,1442.749
2026-03-07 06:00:00,1364.652
2026-03-07 06:15:00,1326.446
2026-03-07 06:30:00,1403.836
2026-03-07 06:45:00,1308.303
2026-03-07 07:00:00,1274.5
2026-03-07 07:15:00,1284.683
2026-03-07 07:30:00,1373.163
2026-03-07 07:45:00,1422.385
2026-03-07 08:00:00,1393.559
2026-03-07 08:15:00,1467.93
2026-03-07 08:30:00,1283.493
2026-03-07 08:45:00,1274.5
2026-03-07 09:00:00,1274.5
2026-03-07 09:15:00,1322.901
2026-03-07 09:30:00,1276.938
2026-03-07 09:45:00,1274.5
2026-03-07 10:00:00,1299.666
2026-03-07 10:15:00,1274.5
2026-03-07 10:30:00,1274.5
2026-03-07 10:45:00,1274.5
2026-03-07 11:00:00,1274.5
2026-03-07 11:15:00,1274.5
2026-03-07 11:30:00,1349.364
2026-03-07 11:45:00,1393.066
2026-03-07 12:00:00,1655.733
2026-03-07 12:15:00,1570.24
2026-03-07 12:30:00,1750.66
2026-03-07 12:45:00,1688.598
2026-03-07 13:00:00,1580.787
2026-03-07 13:15:00,1710.805
2026-03-07 13:30:00,1895.96
2026-03-07 13:45:00,1975.793
2026-03-07 14:00:00,1877.801
2026-03-07 14:15:00,1872.356
2026-03-07 14:30:00,1913.817
2026-03-07 14:45:00,1961.023
2026-03-07 15:00:00,1990.703
2026-03-07 15:15:00,2030.817
2026-03-07 15:30:00,2073.188
2026-03-07 15:45:00,2120.279
2026-03-07 16:00:00,2072.01
2026-03-07 16:15:00,2354.86
2026-03-07 16:30:00,2254.376
2026-03-07 16:45:00,2248.614
2026-03-07 17:00:00,2308.331
2026-03-07 17:15:00,2247.051
2026-03-07 17:30:00,2027.498
2026-03-07 17:45:00,1904.152
2026-03-07 18:00:00,1819.944
2026-03-07 18:15:00,1680.224
2026-03-07 18:30:00,1709.441
2026-03-07 18:45:00,1531.619
2026-03-07 19:00:00,1475.905
2026-03-07 19:15:00,1382.082
2026-03-07 19:30:00,1321.663
2026-03-07 19:45:00,1322.913
2026-03-07 20:00:00,1327.816
2026-03-07 20:15:00,1329.808
2026-03-07 20:30:00,1360.606
2026-03-07 20:45:00,1356.55
2026-03-07 21:00:00,1426.71
2026-03-07 21:15:00,1612.05
2026-03-07 21:30:00,1600.07
2026-03-07 21:45:00,1305.01
2026-03-07 22:00:00,1291.957
2026-03-07 22:15:00,1339.157
2026-03-07 22:30:00,1274.5
2026-03-07 22:45:00,1274.5
2026-03-07 23:00:00,1275.946
2026-03-07 23:15:00,1274.5
2026-03-07 23:30:00,1274.5
2026-03-07 23:45:00,1337.356
2026-03-08 00:00:00,1464.554
2026-03-08 00:15:00,1480.903
2026-03-08 00:30:00,1522.167
2026-03-08 00:45:00,1573.984
2026-03-08 01:00:00,1620.097
2026-03-08 01:15:00,1846.264
2026-03-08 01:30:00,1894.808
2026-03-08 01:45:00,1942.475
2026-03-08 02:00:00,1985.313
2026-03-08 02:15:00,2018.297
2026-03-08 02:30:00,2003.952
2026-03-08 02:45:00,1947.531
2026-03-08 03:00:00,1923.549
2026-03-08 03:15:00,1887.061
2026-03-08 03:30:00,1869.98
2026-03-08 03:45:00,1844.202
2026-03-08 04:00:00,1841.269
2026-03-08 04:15:00,1774.086
2026-03-08 04:30:00,1754.022
2026-03-08 04:45:00,1787.057
2026-03-08 05:00:00,1766.786
2026-03-08 05:15:00,1728.991
2026-03-08 05:30:00,1727.377
2026-03-08 05:45:00,1726.528
2026-03-08 06:00:00,1679.627
2026-03-08 06:15:00,1645.706
2026-03-08 06:30:00,1635.513
2026-03-08 06:45:00,1640.409
2026-03-08 07:00:00,1715.231
2026-03-08 07:15:00,1778.049
2026-03-08 07:30:00,1849.18
2026-03-08 07:45:00,2004.067
2026-03-08 08:00:00,2077.562
2026-03-08 08:15:00,2279.104
2026-03-08 08:30:00,2510.792
2026-03-08 08:45:00,2517.04
2026-03-08 09:00:00,2337.269
2026-03-08 09:15:00,2454.589
2026-03-08 09:30:00,2510.935
2026-03-08 09:45:00,2496.323
2026-03-08 10:00:00,2600.743
2026-03-08 10:15:00,2553.827
2026-03-08 10:30:00,2553.491
2026-03-08 10:45:00,2538.902
2026-03-08 11:00:00,2586.404
2026-03-08 11:15:00,2429.08
2026-03-08 11:30:00,2431.357
2026-03-08 11:45:00,2388.898
2026-03-08 12:00:00,2920.133
2026-03-08 12:15:00,2712.059
2026-03-08 12:30:00,2663.648
2026-03-08 12:45:00,2821.802
2026-03-08 13:00:00,3077.823
2026-03-08 13:15:00,3071.774
2026-03-08 13:30:00,3168.894
2026-03-08 13:45:00,2996.862
2026-03-08 14:00:00,2624.933
2026-03-08 14:15:00,2519.044
2026-03-08 14:30:00,2808.313
2026-03-08 14:45:00,2798.572
2026-03-08 15:00:00,2817.197
2026-03-08 15:15:00,2875.947
2026-03-08 15:30:00,2918.464
2026-03-08 15:45:00,2918.009
2026-03-08 16:00:00,2851.949
2026-03-08 16:15:00,2879.283
2026-03-08 16:30:00,2638.145
2026-03-08 16:45:00,2519.607
2026-03-08 17:00:00,2536.675
2026-03-08 17:15:00,2452.633
2026-03-08 17:30:00,2312.356
2026-03-08 17:45:00,2283.778
2026-03-08 18:00:00,2226.3
2026-03-08 18:15:00,2190.735
2026-03-08 18:30:00,2110.966
2026-03-08 18:45:00,2104.345
2026-03-08 19:00:00,2262.255
2026-03-08 19:15:00,2257.645
2026-03-08 19:30:00,2327.346
2026-03-08 19:45:00,2220.07
2026-03-08 20:00:00,2192.412
2026-03-08 20:15:00,2208.588
2026-03-08 20:30:00,2196.862
2026-03-08 20:45:00,2215.768
2026-03-08 21:00:00,2360.83
2026-03-08 21:15:00,2442.243
2026-03-08 21:30:00,2268.205
2026-03-08 21:45:00,2112.646
2026-03-08 22:00:00,1910.472
2026-03-08 22:15:00,1874.484
2026-03-08 22:30:00,1671.709
2026-03-08 22:45:00,1495.185
2026-03-08 23:00:00,1654.054
2026-03-08 23:15:00,1505.481
2026-03-08 23:30:00,1302.371
2026-03-08 23:45:00,1274.5
2026-03-09 00:00:00,1579.532
2026-03-09 00:15:00,1665.4
2026-03-09 00:30:00,1680.362
2026-03-09 00:45:00,1786.013
2026-03-09 01:00:00,1684.294
2026-03-09 01:15:00,1631.841
2026-03-09 01:30:00,1451.039
2026-03-09 01:45:00,1569.217
2026-03-09 02:00:00,1483.765
2026-03-09 02:15:00,1326.25
2026-03-09 02:30:00,1300.757
2026-03-09 02:45:00,1278.25
2026-03-09 03:00:00,1278.25
2026-03-09 03:15:00,1278.25
2026-03-09 03:30:00,1278.25
2026-03-09 03:45:00,1278.25
2026-03-09 04:00:00,1278.25
2026-03-09 04:15:00,1278.25
2026-03-09 04:30:00,1278.25
2026-03-09 04:45:00,1278.25
2026-03-09 05:00:00,1278.25
2026-03-09 05:15:00,1278.25
2026-03-09 05:30:00,1278.25
2026-03-09 05:45:00,1278.25
2026-03-09 06:00:00,1278.25
2026-03-09 06:15:00,1278.25
2026-03-09 06:30:00,1278.25
2026-03-09 06:45:00,1287.962
2026-03-09 07:00:00,1366.354
2026-03-09 07:15:00,1635.247
2026-03-09 07:30:00,1574.654
2026-03-09 07:45:00,1613.468
2026-03-09 08:00:00,1510.268
2026-03-09 08:15:00,1489.546
2026-03-09 08:30:00,1701.409
2026-03-09 08:45:00,1781.25
2026-03-09 09:00:00,1830.348
2026-03-09 09:15:00,1710.408
2026-03-09 09:30:00,1503.521
2026-03-09 09:45:00,1469.984
2026-03-09 10:00:00,1463.796
2026-03-09 10:15:00,1314.831
2026-03-09 10:30:00,1278.25
2026-03-09 10:45:00,1302.513
2026-03-09 11:00:00,1318.238
2026-03-09 11:15:00,1323.071
2026-03-09 11:30:00,1310.854
2026-03-09 11:45:00,1315.269
2026-03-09 12:00:00,1338.233
2026-03-09 12:15:00,1343.266
2026-03-09 12:30:00,1321.536
2026-03-09 12:45:00,1710.784
2026-03-09 13:00:00,1936.489
2026-03-09 13:15:00,1646.031
2026-03-09 13:30:00,1652.872
2026-03-09 13:45:00,1474.717
2026-03-09 14:00:00,1334.37
2026-03-09 14:15:00,1281.326
2026-03-09 14:30:00,1278.25
2026-03-09 14:45:00,1278.25
2026-03-09 15:00:00,1361.077
2026-03-09 15:15:00,1352.636
2026-03-09 15:30:00,1411.978
2026-03-09 15:45:00,1437.837
2026-03-09 16:00:00,1466.343
2026-03-09 16:15:00,1487.359
2026-03-09 16:30:00,1542.603
2026-03-09 16:45:00,1558.743
2026-03-09 17:00:00,1713.905
2026-03-09 17:15:00,1514.521
2026-03-09 17:30:00,1454.373
2026-03-09 17:45:00,1346.724
2026-03-09 18:00:00,1349.167
2026-03-09 18:15:00,1372.141
2026-03-09 18:30:00,1359.188
2026-03-09 18:45:00,1465.065
2026-03-09 19:00:00,1509.035
2026-03-09 19:15:00,1409.684
2026-03-09 19:30:00,1431.853
2026-03-09 19:45:00,1419.52
2026-03-09 20:00:00,1360.874
2026-03-09 20:15:00,1320.934
2026-03-09 20:30:00,1303.716
2026-03-09 20:45:00,1338.328
2026-03-09 21:00:00,1296.127
2026-03-09 21:15:00,1292.917
2026-03-09 21:30:00,1279.167
2026-03-09 21:45:00,1281.487
2026-03-09 22:00:00,1278.25
2026-03-09 22:15:00,1278.25
2026-03-09 22:30:00,1278.25
2026-03-09 22:45:00,1278.25
2026-03-09 23:00:00,1365.779
2026-03-09 23:15:00,1278.25
2026-03-09 23:30:00,1278.25
2026-03-09 23:45:00,1278.25
2026-03-10 00:00:00,1344.734
2026-03-10 00:15:00,1273.75
2026-03-10 00:30:00,1273.75
2026-03-10 00:45:00,1358.047
2026-03-10 01:00:00,1381.47
2026-03-10 01:15:00,1331.843
2026-03-10 01:30:00,1277.131
2026-03-10 01:45:00,1258.463
2026-03-10 02:00:00,1298.872
2026-03-10 02:15:00,1411.538
2026-03-10 02:30:00,1442.115
2026-03-10 02:45:00,1427.537
2026-03-10 03:00:00,1466.713
2026-03-10 03:15:00,1436.379
2026-03-10 03:30:00,1436.818
2026-03-10 03:45:00,1426.906
2026-03-10 04:00:00,1424.636
2026-03-10 04:15:00,1418.496
2026-03-10 04:30:00,1373.448
2026-03-10 04:45:00,1357.603
2026-03-10 05:00:00,1237.143
2026-03-10 05:15:00,1228.75
2026-03-10 05:30:00,1238.385
2026-03-10 05:45:00,1271.384
2026-03-10 06:00:00,1379.47
2026-03-10 06:15:00,1363.863
2026-03-10 06:30:00,1487.86
2026-03-10 06:45:00,1633.391
2026-03-10 07:00:00,1916.798
2026-03-10 07:15:00,2058.709
2026-03-10 07:30:00,1954.982
2026-03-10 07:45:00,1675.353
2026-03-10 08:00:00,1567.914
2026-03-10 08:15:00,1505.253
2026-03-10 08:30:00,1435.972
2026-03-10 08:45:00,1937.786
2026-03-10 09:00:00,1879.968
2026-03-10 09:15:00,1905.944
2026-03-10 09:30:00,1752.062
2026-03-10 09:45:00,1712.873
2026-03-10 10:00:00,1597.432
2026-03-10 10:15:00,1535.225
2026-03-10 10:30:00,1333.224
2026-03-10 10:45:00,1286.833
2026-03-10 11:00:00,1242.484
2026-03-10 11:15:00,1228.75
2026-03-10 11:30:00,1228.75
2026-03-10 11:45:00,1228.75
2026-03-10 12:00:00,1228.75
2026-03-10 12:15:00,1228.75
2026-03-10 12:30:00,1228.75
2026-03-10 12:45:00,1228.75
2026-03-10 13:00:00,1241.25
2026-03-10 13:15:00,1241.25
2026-03-10 13:30:00,1241.25
2026-03-10 13:45:00,1241.25
2026-03-10 14:00:00,1241.25
2026-03-10 14:15:00,1241.25
2026-03-10 14:30:00,1241.25
2026-03-10 14:45:00,1241.25
2026-03-10 15:00:00,1241.25
2026-03-10 15:15:00,1241.25
2026-03-10 15:30:00,1241.25
2026-03-10 15:45:00,1241.25
2026-03-10 16:00:00,1241.25
2026-03-10 16:15:00,1241.25
2026-03-10 16:30:00,1241.25
2026-03-10 16:45:00,1241.25
2026-03-10 17:00:00,1318.596
2026-03-10 17:15:00,1556.502
2026-03-10 17:30:00,1606.944
2026-03-10 17:45:00,1795.613
2026-03-10 18:00:00,1813.035
2026-03-10 18:15:00,1952.403
2026-03-10 18:30:00,1983.427
2026-03-10 18:45:00,1956.816
2026-03-10 19:00:00,1819.808
2026-03-10 19:15:00,1778.575
2026-03-10 19:30:00,1771.439
2026-03-10 19:45:00,1762.604
2026-03-10 20:00:00,1804.358
2026-03-10 20:15:00,1830.513
2026-03-10 20:30:00,1807.944
2026-03-10 20:45:00,1862.123
2026-03-10 21:00:00,2034.573
2026-03-10 21:15:00,2055.593
2026-03-10 21:30:00,2043.249
2026-03-10 21:45:00,1987.362
2026-03-10 22:00:00,1785.56
2026-03-10 22:15:00,1461.903
2026-03-10 22:30:00,1341.952
2026-03-10 22:45:00,1304.798
2026-03-10 23:00:00,1635.7
2026-03-10 23:15:00,1358.917
2026-03-10 23:30:00,1233.75
2026-03-10 23:45:00,1243.497
2026-03-11 00:00:00,2002.629
2026-03-11 00:15:00,2040.021
2026-03-11 00:30:00,1877.85
2026-03-11 00:45:00,1691.276
2026-03-11 01:00:00,1656.639
2026-03-11 01:15:00,1524.554
2026-03-11 01:30:00,1457.784
2026-03-11 01:45:00,1529.279
2026-03-11 02:00:00,1509.878
2026-03-11 02:15:00,1457.899
2026-03-11 02:30:00,1281.832
2026-03-11 02:45:00,1349.333
2026-03-11 03:00:00,1376.626
2026-03-11 03:15:00,1426.593
2026-03-11 03:30:00,1375.115
2026-03-11 03:45:00,1251.292
2026-03-11 04:00:00,1244.156
2026-03-11 04:15:00,1206.951
2026-03-11 04:30:00,1270.039
2026-03-11 04:45:00,1313.204
2026-03-11 05:00:00,1344.103
2026-03-11 05:15:00,1380.939
2026-03-11 05:30:00,1443.795
2026-03-11 05:45:00,1365.643
2026-03-11 06:00:00,1359.165
2026-03-11 06:15:00,1543.758
2026-03-11 06:30:00,1944.455
2026-03-11 06:45:00,2179.303
2026-03-11 07:00:00,2504.211
2026-03-11 07:15:00,2768.318
2026-03-11 07:30:00,2620.353
2026-03-11 07:45:00,2430.982
2026-03-11 08:00:00,2092.456
2026-03-11 08:15:00,1799.167
2026-03-11 08:30:00,1533.054
2026-03-11 08:45:00,1522.104
2026-03-11 09:00:00,1230.145
2026-03-11 09:15:00,1151.634
2026-03-11 09:30:00,1093.824
2026-03-11 09:45:00,1089.5
2026-03-11 10:00:00,1060.575
2026-03-11 10:15:00,1042.25
2026-03-11 10:30:00,1042.25
2026-03-11 10:45:00,1042.25
2026-03-11 11:00:00,1042.5
2026-03-11 11:15:00,1042.5
2026-03-11 11:30:00,1042.5
2026-03-11 11:45:00,1042.5
2026-03-11 12:00:00,1042.5
2026-03-11 12:15:00,1042.5
2026-03-11 12:30:00,1042.5
2026-03-11 12:45:00,1042.5
2026-03-11 13:00:00,1042.5
2026-03-11 13:15:00,1042.5
2026-03-11 13:30:00,1042.5
2026-03-11 13:45:00,1042.5
2026-03-11 14:00:00,1042.5
2026-03-11 14:15:00,1042.5
2026-03-11 14:30:00,1042.5
2026-03-11 14:45:00,1042.5
2026-03-11 15:00:00,1042.25
2026-03-11 15:15:00,1042.25
2026-03-11 15:30:00,1042.25
2026-03-11 15:45:00,1042.25
2026-03-11 16:00:00,1061.834
2026-03-11 16:15:00,1098.505
2026-03-11 16:30:00,1139.75
2026-03-11 16:45:00,1139.75
2026-03-11 17:00:00,1383.064
2026-03-11 17:15:00,1225.226
2026-03-11 17:30:00,1278.776
2026-03-11 17:45:00,1288.083
2026-03-11 18:00:00,1211.25
2026-03-11 18:15:00,1211.25
2026-03-11 18:30:00,1267.497
2026-03-11 18:45:00,1224.689
2026-03-11 19:00:00,1490.09
2026-03-11 19:15:00,1552.232
2026-03-11 19:30:00,1455.744
2026-03-11 19:45:00,1296.145
2026-03-11 20:00:00,1347.135
2026-03-11 20:15:00,1315.506
2026-03-11 20:30:00,1306.938
2026-03-11 20:45:00,1302.76
2026-03-11 21:00:00,1390.478
2026-03-11 21:15:00,1380.719
2026-03-11 21:30:00,1387.894
2026-03-11 21:45:00,1240.181
2026-03-11 22:00:00,1365.323
2026-03-11 22:15:00,1222.302
2026-03-11 22:30:00,1189.003
2026-03-11 22:45:00,1144.003
2026-03-11 23:00:00,1139.75
2026-03-11 23:15:00,1139.75
2026-03-11 23:30:00,1152.5
2026-03-11 23:45:00,1171.25
2026-03-12 00:00:00,1444.01
2026-03-12 00:15:00,1492.917
2026-03-12 00:30:00,1406.5
2026-03-12 00:45:00,1318.696
2026-03-12 01:00:00,1214.809
2026-03-12 01:15:00,1209.0
2026-03-12 01:30:00,1209.0
2026-03-12 01:45:00,1327.248
2026-03-12 02:00:00,1458.494
2026-03-12 02:15:00,1392.818
2026-03-12 02:30:00,1388.068
2026-03-12 02:45:00,1307.307
2026-03-12 03:00:00,1232.008
2026-03-12 03:15:00,1172.848
2026-03-12 03:30:00,1094.191
2026-03-12 03:45:00,1076.046
2026-03-12 04:00:00,1157.201
2026-03-12 04:15:00,1124.312
2026-03-12 04:30:00,1059.221
2026-03-12 04:45:00,1095.176
2026-03-12 05:00:00,1055.756
2026-03-12 05:15:00,1053.574
2026-03-12 05:30:00,1088.003
2026-03-12 05:45:00,1041.929
2026-03-12 06:00:00,1025.821
2026-03-12 06:15:00,1023.5
2026-03-12 06:30:00,1112.469
2026-03-12 06:45:00,1193.455
2026-03-12 07:00:00,1359.202
2026-03-12 07:15:00,1332.957
2026-03-12 07:30:00,1176.57
2026-03-12 07:45:00,1064.356
2026-03-12 08:00:00,1023.5
2026-03-12 08:15:00,1023.5
2026-03-12 08:30:00,1023.5
2026-03-12 08:45:00,1023.5
2026-03-12 09:00:00,990.75
2026-03-12 09:15:00,990.75
2026-03-12 09:30:00,990.75
2026-03-12 09:45:00,990.75
2026-03-12 10:00:00,990.75
2026-03-12 10:15:00,990.75
2026-03-12 10:30:00,990.75
2026-03-12 10:45:00,990.75
2026-03-12 11:00:00,990.75
2026-03-12 11:15:00,990.75
2026-03-12 11:30:00,990.75
2026-03-12 11:45:00,990.75
2026-03-12 12:00:00,990.75
2026-03-12 12:15:00,990.75
2026-03-12 12:30:00,990.75
2026-03-12 12:45:00,990.75
2026-03-12 13:00:00,990.75
2026-03-12 13:15:00,990.75
2026-03-12 13:30:00,990.75
2026-03-12 13:45:00,990.75
2026-03-12 14:00:00,990.75
2026-03-12 14:15:00,990.75
2026-03-12 14:30:00,990.75
2026-03-12 14:45:00,990.75
2026-03-12 15:00:00,990.75
2026-03-12 15:15:00,990.75
2026-03-12 15:30:00,990.75
2026-03-12 15:45:00,990.75
2026-03-12 16:00:00,1023.5
2026-03-12 16:15:00,1023.5
2026-03-12 16:30:00,1046.488
2026-03-12 16:45:00,1265.883
2026-03-12 17:00:00,1587.3
2026-03-12 17:15:00,1469.551
2026-03-12 17:30:00,1437.46
2026-03-12 17:45:00,1335.28
2026-03-12 18:00:00,1283.977
2026-03-12 18:15:00,1175.124
2026-03-12 18:30:00,1089.124
2026-03-12 18:45:00,1073.429
2026-03-12 19:00:00,1147.777
2026-03-12 19:15:00,1121.23
2026-03-12 19:30:00,1079.75
2026-03-12 19:45:00,1074.324
2026-03-12 20:00:00,1085.116
2026-03-12 20:15:00,1055.724
2026-03-12 20:30:00,1046.545
2026-03-12 20:45:00,1067.49
2026-03-12 21:00:00,1104.909
2026-03-12 21:15:00,1083.906
2026-03-12 21:30:00,1059.09
2026-03-12 21:45:00,1023.5
2026-03-12 22:00:00,1023.5
2026-03-12 22:15:00,1023.5
2026-03-12 22:30:00,1023.5
2026-03-12 22:45:00,1023.5
2026-03-12 23:00:00,1023.5
2026-03-12 23:15:00,1023.5
2026-03-12 23:30:00,1023.5
2026-03-12 23:45:00,1023.5
2026-03-13 00:00:00,1059.019
2026-03-13 00:15:00,1165.001
2026-03-13 00:30:00,1305.038
2026-03-13 00:45:00,1351.347
2026-03-13 01:00:00,1161.928
2026-03-13 01:15:00,1158.024
2026-03-13 01:30:00,1120.256
2026-03-13 01:45:00,1209.514
2026-03-13 02:00:00,1295.803
2026-03-13 02:15:00,1300.332
2026-03-13 02:30:00,1282.203
2026-03-13 02:45:00,1305.791
2026-03-13 03:00:00,1303.602
2026-03-13 03:15:00,1261.811
2026-03-13 03:30:00,1296.275
2026-03-13 03:45:00,1303.753
2026-03-13 04:00:00,1328.357
2026-03-13 04:15:00,1388.974
2026-03-13 04:30:00,1434.854
2026-03-13 04:45:00,1453.152
2026-03-13 05:00:00,1341.493
2026-03-13 05:15:00,1409.752
2026-03-13 05:30:00,1507.808
2026-03-13 05:45:00,1468.938
2026-03-13 06:00:00,1501.438
2026-03-13 06:15:00,1574.056
2026-03-13 06:30:00,1733.469
2026-03-13 06:45:00,2015.641
2026-03-13 07:00:00,2281.039
2026-03-13 07:15:00,2347.735
2026-03-13 07:30:00,2182.196
2026-03-13 07:45:00,1740.344
2026-03-13 08:00:00,1535.608
2026-03-13 08:15:00,1368.847
2026-03-13 08:30:00,1095.442
2026-03-13 08:45:00,1247.746
2026-03-13 09:00:00,1022.656
2026-03-13 09:15:00,990.75
2026-03-13 09:30:00,990.75
2026-03-13 09:45:00,990.75
2026-03-13 10:00:00,990.75
2026-03-13 10:15:00,990.75
2026-03-13 10:30:00,990.75
2026-03-13 10:45:00,990.75
2026-03-13 11:00:00,990.75
2026-03-13 11:15:00,990.75
2026-03-13 11:30:00,990.75
2026-03-13 11:45:00,990.75
2026-03-13 12:00:00,990.75
2026-03-13 12:15:00,990.75
2026-03-13 12:30:00,990.75
2026-03-13 12:45:00,990.75
2026-03-13 13:00:00,990.75
2026-03-13 13:15:00,990.75
2026-03-13 13:30:00,990.75
2026-03-13 13:45:00,990.75
2026-03-13 14:00:00,990.75
2026-03-13 14:15:00,990.75
2026-03-13 14:30:00,990.75
2026-03-13 14:45:00,990.75
2026-03-13 15:00:00,990.75
2026-03-13 15:15:00,990.75
2026-03-13 15:30:00,990.75
2026-03-13 15:45:00,990.75
2026-03-13 16:00:00,990.75
2026-03-13 16:15:00,990.75
2026-03-13 16:30:00,1117.966
2026-03-13 16:45:00,1557.561
2026-03-13 17:00:00,1736.264
2026-03-13 17:15:00,1868.757
2026-03-13 17:30:00,1742.691
2026-03-13 17:45:00,1576.993
2026-03-13 18:00:00,1461.48
2026-03-13 18:15:00,1525.895
2026-03-13 18:30:00,1684.12
2026-03-13 18:45:00,1493.933
2026-03-13 19:00:00,1438.975
2026-03-13 19:15:00,1400.265
2026-03-13 19:30:00,1416.961
2026-03-13 19:45:00,1306.286
2026-03-13 20:00:00,1148.114
2026-03-13 20:15:00,1051.714
2026-03-13 20:30:00,1023.5
2026-03-13 20:45:00,1023.5
2026-03-13 21:00:00,1185.625
2026-03-13 21:15:00,1280.188
2026-03-13 21:30:00,1290.963
2026-03-13 21:45:00,1344.062
2026-03-13 22:00:00,1358.785
2026-03-13 22:15:00,1286.117
2026-03-13 22:30:00,1326.791
2026-03-13 22:45:00,1198.38
2026-03-13 23:00:00,1183.607
2026-03-13 23:15:00,1395.771
2026-03-13 23:30:00,1379.938
2026-03-13 23:45:00,1455.491
2026-03-14 00:00:00,1618.051
2026-03-14 00:15:00,1671.988
2026-03-14 00:30:00,1684.252
2026-03-14 00:45:00,1551.334
2026-03-14 01:00:00,1556.629
2026-03-14 01:15:00,1502.898
2026-03-14 01:30:00,1338.783
2026-03-14 01:45:00,1384.557
2026-03-14 02:00:00,1348.262
2026-03-14 02:15:00,1375.703
2026-03-14 02:30:00,1312.576
2026-03-14 02:45:00,1239.794
2026-03-14 03:00:00,1180.64
2026-03-14 03:15:00,1273.364
2026-03-14 03:30:00,1401.39
2026-03-14 03:45:00,1343.617
2026-03-14 04:00:00,1289.787
2026-03-14 04:15:00,1343.983
2026-03-14 04:30:00,1390.813
2026-03-14 04:45:00,1332.831
2026-03-14 05:00:00,1287.914
2026-03-14 05:15:00,1262.405
2026-03-14 05:30:00,1289.05
2026-03-14 05:45:00,1209.456
2026-03-14 06:00:00,1098.962
2026-03-14 06:15:00,1068.41
2026-03-14 06:30:00,1045.45
2026-03-14 06:45:00,1023.5
2026-03-14 07:00:00,1101.82
2026-03-14 07:15:00,1099.554
2026-03-14 07:30:00,1023.5
2026-03-14 07:45:00,1023.5
2026-03-14 08:00:00,990.75
2026-03-14 08:15:00,990.75
2026-03-14 08:30:00,990.75
2026-03-14 08:45:00,1037.839
2026-03-14 09:00:00,1074.711
2026-03-14 09:15:00,1092.009
2026-03-14 09:30:00,990.75
2026-03-14 09:45:00,990.75
2026-03-14 10:00:00,990.75
2026-03-14 10:15:00,990.75
2026-03-14 10:30:00,1090.502
2026-03-14 10:45:00,1077.041
2026-03-14 11:00:00,1081.582
2026-03-14 11:15:00,1036.931
2026-03-14 11:30:00,990.75
2026-03-14 11:45:00,990.75
2026-03-14 12:00:00,1105.998
2026-03-14 12:15:00,1043.268
2026-03-14 12:30:00,1052.259
2026-03-14 12:45:00,990.75
2026-03-14 13:00:00,990.75
2026-03-14 13:15:00,990.75
2026-03-14 13:30:00,990.75
2026-03-14 13:45:00,1189.635
2026-03-14 14:00:00,1108.128
2026-03-14 14:15:00,1086.475
2026-03-14 14:30:00,1181.704
2026-03-14 14:45:00,1271.811
2026-03-14 15:00:00,1161.315
2026-03-14 15:15:00,1024.314
2026-03-14 15:30:00,1120.098
2026-03-14 15:45:00,1296.517
2026-03-14 16:00:00,1336.598
2026-03-14 16:15:00,1615.817
2026-03-14 16:30:00,1685.958
2026-03-14 16:45:00,1405.169
2026-03-14 17:00:00,1602.505
2026-03-14 17:15:00,1540.537
2026-03-14 17:30:00,1662.936
2026-03-14 17:45:00,1355.296
2026-03-14 18:00:00,1058.041
2026-03-14 18:15:00,1084.724
2026-03-14 18:30:00,1070.828
2026-03-14 18:45:00,1023.5
2026-03-14 19:00:00,1023.5
2026-03-14 19:15:00,1133.491
2026-03-14 19:30:00,1152.817
2026-03-14 19:45:00,1023.5
2026-03-14 20:00:00,1023.5
2026-03-14 20:15:00,1080.482
2026-03-14 20:30:00,1062.806
2026-03-14 20:45:00,1023.5
2026-03-14 21:00:00,1044.156
2026-03-14 21:15:00,1070.042
2026-03-14 21:30:00,1023.5
2026-03-14 21:45:00,1023.5
2026-03-14 22:00:00,1023.5
2026-03-14 22:15:00,1023.5
2026-03-14 22:30:00,1023.5
2026-03-14 22:45:00,1044.465
2026-03-14 23:00:00,1198.874
2026-03-14 23:15:00,1251.755
2026-03-14 23:30:00,1054.255
2026-03-14 23:45:00,1227.988
2026-03-15 00:00:00,1333.683
2026-03-15 00:15:00,1405.023
2026-03-15 00:30:00,1272.608
2026-03-15 00:45:00,1186.336
2026-03-15 01:00:00,1168.481
2026-03-15 01:15:00,1140.741
2026-03-15 01:30:00,1287.995
2026-03-15 01:45:00,1287.171
2026-03-15 02:00:00,1231.065
2026-03-15 02:15:00,1231.008
2026-03-15 02:30:00,1180.631
2026-03-15 02:45:00,1174.797
2026-03-15 03:00:00,1122.558
2026-03-15 03:15:00,1086.961
2026-03-15 03:30:00,1069.726
2026-03-15 03:45:00,1100.018
2026-03-15 04:00:00,1126.167
2026-03-15 04:15:00,1135.266
2026-03-15 04:30:00,1101.597
2026-03-15 04:45:00,1084.062
2026-03-15 05:00:00,1040.487
2026-03-15 05:15:00,1015.75
2026-03-15 05:30:00,1015.75
2026-03-15 05:45:00,1015.75
2026-03-15 06:00:00,1102.755
2026-03-15 06:15:00,1023.5
2026-03-15 06:30:00,1032.259
2026-03-15 06:45:00,1033.369
2026-03-15 07:00:00,1043.5
2026-03-15 07:15:00,1043.5
2026-03-15 07:30:00,1043.5
2026-03-15 07:45:00,1043.5
2026-03-15 08:00:00,1183.219
2026-03-15 08:15:00,1186.149
2026-03-15 08:30:00,1341.224
2026-03-15 08:45:00,1431.208
2026-03-15 09:00:00,1400.711
2026-03-15 09:15:00,1426.019
2026-03-15 09:30:00,1430.067
2026-03-15 09:45:00,1426.297
2026-03-15 10:00:00,1479.296
2026-03-15 10:15:00,1455.982
2026-03-15 10:30:00,1513.574
2026-03-15 10:45:00,1535.392
2026-03-15 11:00:00,1810.746
2026-03-15 11:15:00,1752.884
2026-03-15 11:30:00,1708.202
2026-03-15 11:45:00,1666.37
2026-03-15 12:00:00,1992.724
2026-03-15 12:15:00,2045.156
2026-03-15 12:30:00,2023.831
2026-03-15 12:45:00,1888.139
2026-03-15 13:00:00,1868.199
2026-03-15 13:15:00,1759.116
2026-03-15 13:30:00,1755.299
2026-03-15 13:45:00,1526.31
2026-03-15 14:00:00,1486.32
2026-03-15 14:15:00,1461.37
2026-03-15 14:30:00,1452.444
2026-03-15 14:45:00,1476.59
2026-03-15 15:00:00,1634.845
2026-03-15 15:15:00,1794.99
2026-03-15 15:30:00,1857.702
2026-03-15 15:45:00,1885.449
2026-03-15 16:00:00,1874.277
2026-03-15 16:15:00,1968.706
2026-03-15 16:30:00,2078.864
2026-03-15 16:45:00,2108.868
2026-03-15 17:00:00,2135.47
2026-03-15 17:15:00,1957.859
2026-03-15 17:30:00,1886.878
2026-03-15 17:45:00,1696.812
2026-03-15 18:00:00,1579.56
2026-03-15 18:15:00,1571.276
2026-03-15 18:30:00,1592.803
2026-03-15 18:45:00,1607.535
2026-03-15 19:00:00,1743.661
2026-03-15 19:15:00,1764.326
2026-03-15 19:30:00,1812.679
2026-03-15 19:45:00,1578.669
2026-03-15 20:00:00,1495.617
2026-03-15 20:15:00,1501.565
2026-03-15 20:30:00,1480.368
2026-03-15 20:45:00,1402.854
2026-03-15 21:00:00,1316.231
2026-03-15 21:15:00,1269.75
2026-03-15 21:30:00,1269.75
2026-03-15 21:45:00,1269.75
2026-03-15 22:00:00,1269.75
2026-03-15 22:15:00,1269.75
2026-03-15 22:30:00,1269.75
2026-03-15 22:45:00,1269.75
2026-03-15 23:00:00,1269.75
2026-03-15 23:15:00,1269.75
2026-03-15 23:30:00,1269.75
2026-03-15 23:45:00,1269.75
2026-03-16 00:00:00,1694.792
2026-03-16 00:15:00,1754.534
2026-03-16 00:30:00,1665.438
2026-03-16 00:45:00,1609.036
2026-03-16 01:00:00,1556.546
2026-03-16 01:15:00,1464.475
2026-03-16 01:30:00,1554.839
2026-03-16 01:45:00,1537.416
2026-03-16 02:00:00,1572.967
2026-03-16 02:15:00,1618.54
2026-03-16 02:30:00,1555.841
2026-03-16 02:45:00,1480.668
2026-03-16 03:00:00,1508.199
2026-03-16 03:15:00,1496.868
2026-03-16 03:30:00,1454.489
2026-03-16 03:45:00,1476.58
2026-03-16 04:00:00,1498.647
2026-03-16 04:15:00,1521.937
2026-03-16 04:30:00,1580.708
2026-03-16 04:45:00,1601.882
2026-03-16 05:00:00,1618.926
2026-03-16 05:15:00,1542.245
2026-03-16 05:30:00,1570.791
2026-03-16 05:45:00,1447.061
2026-03-16 06:00:00,1416.153
2026-03-16 06:15:00,1702.729
2026-03-16 06:30:00,1855.801
2026-03-16 06:45:00,1806.09
2026-03-16 07:00:00,1995.098
2026-03-16 07:15:00,2160.347
2026-03-16 07:30:00,2255.646
2026-03-16 07:45:00,2195.946
2026-03-16 08:00:00,2266.772
2026-03-16 08:15:00,2424.906
2026-03-16 08:30:00,2479.816
2026-03-16 08:45:00,2516.258
2026-03-16 09:00:00,2482.179
2026-03-16 09:15:00,2601.229
2026-03-16 09:30:00,2654.329
2026-03-16 09:45:00,2616.39
2026-03-16 10:00:00,2644.839
2026-03-16 10:15:00,2701.659
2026-03-16 10:30:00,2800.483
2026-03-16 10:45:00,2738.429
2026-03-16 11:00:00,2646.573
2026-03-16 11:15:00,2650.699
2026-03-16 11:30:00,2541.354
2026-03-16 11:45:00,2851.068
2026-03-16 12:00:00,3172.174
2026-03-16 12:15:00,3222.346
2026-03-16 12:30:00,3238.38
2026-03-16 12:45:00,3196.28
2026-03-16 13:00:00,3246.454
2026-03-16 13:15:00,3159.319
2026-03-16 13:30:00,2967.774
2026-03-16 13:45:00,2668.784
2026-03-16 14:00:00,2618.923
2026-03-16 14:15:00,2460.623
2026-03-16 14:30:00,2232.693
2026-03-16 14:45:00,2351.051
2026-03-16 15:00:00,2337.524
2026-03-16 15:15:00,2376.51
2026-03-16 15:30:00,2359.511
2026-03-16 15:45:00,2467.501
2026-03-16 16:00:00,2734.731
2026-03-16 16:15:00,2695.069
2026-03-16 16:30:00,2742.547
2026-03-16 16:45:00,2627.511
2026-03-16 17:00:00,2622.743
2026-03-16 17:15:00,2479.949
2026-03-16 17:30:00,2331.607
2026-03-16 17:45:00,2129.894
2026-03-16 18:00:00,2071.83
2026-03-16 18:15:00,2146.841
2026-03-16 18:30:00,2224.832
2026-03-16 18:45:00,2182.425
2026-03-16 19:00:00,2168.668
2026-03-16 19:15:00,2158.77
2026-03-16 19:30:00,2190.755
2026-03-16 19:45:00,2129.166
2026-03-16 20:00:00,2111.198
2026-03-16 20:15:00,1943.653
2026-03-16 20:30:00,1702.801
2026-03-16 20:45:00,1572.883
2026-03-16 21:00:00,1519.811
2026-03-16 21:15:00,1508.969
2026-03-16 21:30:00,1425.766
2026-03-16 21:45:00,1383.75
2026-03-16 22:00:00,1365.0
2026-03-16 22:15:00,1410.469
2026-03-16 22:30:00,1489.666
2026-03-16 22:45:00,1458.763
2026-03-16 23:00:00,1509.966
2026-03-16 23:15:00,1429.472
2026-03-16 23:30:00,1336.723
2026-03-16 23:45:00,1331.25
2026-03-17 00:00:00,1604.786
2026-03-17 00:15:00,1647.134
2026-03-17 00:30:00,1509.826
2026-03-17 00:45:00,1388.505
2026-03-17 01:00:00,1452.752
2026-03-17 01:15:00,1331.5
2026-03-17 01:30:00,1333.806
2026-03-17 01:45:00,1395.675
2026-03-17 02:00:00,1484.221
2026-03-17 02:15:00,1406.925
2026-03-17 02:30:00,1419.259
2026-03-17 02:45:00,1354.669
2026-03-17 03:00:00,1412.158
2026-03-17 03:15:00,1352.285
2026-03-17 03:30:00,1315.25
2026-03-17 03:45:00,1315.25
2026-03-17 04:00:00,1312.75
2026-03-17 04:15:00,1312.75
2026-03-17 04:30:00,1391.673
2026-03-17 04:45:00,1358.386
2026-03-17 05:00:00,1342.623
2026-03-17 05:15:00,1357.817
2026-03-17 05:30:00,1374.984
2026-03-17 05:45:00,1391.817
2026-03-17 06:00:00,1353.843
2026-03-17 06:15:00,1405.795
2026-03-17 06:30:00,1474.169
2026-03-17 06:45:00,1530.369
2026-03-17 07:00:00,1518.962
2026-03-17 07:15:00,1610.27
2026-03-17 07:30:00,1594.157
2026-03-17 07:45:00,1583.653
2026-03-17 08:00:00,1630.103
2026-03-17 08:15:00,1665.226
2026-03-17 08:30:00,1713.263
2026-03-17 08:45:00,1754.147
2026-03-17 09:00:00,1775.769
2026-03-17 09:15:00,1904.673
2026-03-17 09:30:00,2021.854
2026-03-17 09:45:00,2028.747
2026-03-17 10:00:00,2292.643
2026-03-17 10:15:00,2326.396
2026-03-17 10:30:00,2432.434
2026-03-17 10:45:00,2493.854
2026-03-17 11:00:00,2495.486
2026-03-17 11:15:00,2502.617
2026-03-17 11:30:00,2450.452
2026-03-17 11:45:00,2401.077
2026-03-17 12:00:00,2756.789
2026-03-17 12:15:00,2768.546
2026-03-17 12:30:00,2601.472
2026-03-17 12:45:00,2517.171
2026-03-17 13:00:00,2479.048
2026-03-17 13:15:00,2370.534
2026-03-17 13:30:00,2303.725
2026-03-17 13:45:00,2092.592
2026-03-17 14:00:00,1944.501
2026-03-17 14:15:00,1843.077
2026-03-17 14:30:00,1853.127
2026-03-17 14:45:00,1874.155
2026-03-17 15:00:00,1613.599
2026-03-17 15:15:00,1598.438
2026-03-17 15:30:00,1636.567
2026-03-17 15:45:00,1737.06
2026-03-17 16:00:00,1752.682
2026-03-17 16:15:00,1914.179
2026-03-17 16:30:00,1866.447
2026-03-17 16:45:00,1869.075
2026-03-17 17:00:00,1884.65
2026-03-17 17:15:00,1803.933
2026-03-17 17:30:00,1687.036
2026-03-17 17:45:00,1525.483
2026-03-17 18:00:00,1512.189
2026-03-17 18:15:00,1497.521
2026-03-17 18:30:00,1471.375
2026-03-17 18:45:00,1661.175
2026-03-17 19:00:00,1563.046
2026-03-17 19:15:00,1578.7
2026-03-17 19:30:00,1528.439
2026-03-17 19:45:00,1435.648
2026-03-17 20:00:00,1398.75
2026-03-17 20:15:00,1435.687
2026-03-17 20:30:00,1557.528
2026-03-17 20:45:00,1565.363
2026-03-17 21:00:00,1803.332
2026-03-17 21:15:00,1930.56
2026-03-17 21:30:00,1872.236
2026-03-17 21:45:00,1796.255
2026-03-17 22:00:00,1762.423
2026-03-17 22:15:00,1721.849
2026-03-17 22:30:00,1576.079
2026-03-17 22:45:00,1507.681
2026-03-17 23:00:00,1488.326
2026-03-17 23:15:00,1465.342
2026-03-17 23:30:00,1357.244
2026-03-17 23:45:00,1353.75
2026-03-18 00:00:00,1365.295
2026-03-18 00:15:00,1557.56
2026-03-18 00:30:00,1546.239
2026-03-18 00:45:00,1565.927
2026-03-18 01:00:00,1607.661
2026-03-18 01:15:00,1627.252
2026-03-18 01:30:00,1601.655
2026-03-18 01:45:00,1554.817
2026-03-18 02:00:00,1562.973
2026-03-18 02:15:00,1701.978
2026-03-18 02:30:00,1711.92
2026-03-18 02:45:00,1710.372
2026-03-18 03:00:00,1647.198
2026-03-18 03:15:00,1506.038
2026-03-18 03:30:00,1554.622
2026-03-18 03:45:00,1525.642
2026-03-18 04:00:00,1579.054
2026-03-18 04:15:00,1620.531
2026-03-18 04:30:00,1609.264
2026-03-18 04:45:00,1589.542
2026-03-18 05:00:00,1570.544
2026-03-18 05:15:00,1490.406
2026-03-18 05:30:00,1484.124
2026-03-18 05:45:00,1542.292
2026-03-18 06:00:00,1499.418
2026-03-18 06:15:00,1569.357
2026-03-18 06:30:00,1422.603
2026-03-18 06:45:00,1331.25
2026-03-18 07:00:00,1342.474
2026-03-18 07:15:00,1331.403
2026-03-18 07:30:00,1390.208
2026-03-18 07:45:00,1397.517
2026-03-18 08:00:00,1573.472
2026-03-18 08:15:00,1593.083
2026-03-18 08:30:00,1730.399
2026-03-18 08:45:00,1835.179
2026-03-18 09:00:00,1833.324
2026-03-18 09:15:00,1789.443
2026-03-18 09:30:00,1776.464
2026-03-18 09:45:00,1762.929
2026-03-18 10:00:00,1656.154
2026-03-18 10:15:00,1635.748
2026-03-18 10:30:00,1581.647
2026-03-18 10:45:00,1592.246
2026-03-18 11:00:00,1557.845
2026-03-18 11:15:00,1425.011
2026-03-18 11:30:00,1362.75
2026-03-18 11:45:00,1344.0
2026-03-18 12:00:00,1415.983
2026-03-18 12:15:00,1349.65
2026-03-18 12:30:00,1363.288
2026-03-18 12:45:00,1357.792
2026-03-18 13:00:00,1347.165
2026-03-18 13:15:00,1359.445
2026-03-18 13:30:00,1365.0
2026-03-18 13:45:00,1349.465
2026-03-18 14:00:00,1345.461
2026-03-18 14:15:00,1362.618
2026-03-18 14:30:00,1343.868
2026-03-18 14:45:00,1331.25
2026-03-18 15:00:00,1348.811
2026-03-18 15:15:00,1350.196
2026-03-18 15:30:00,1331.446
2026-03-18 15:45:00,1331.25
2026-03-18 16:00:00,1331.25
2026-03-18 16:15:00,1361.011
2026-03-18 16:30:00,1453.953
2026-03-18 16:45:00,1531.621
2026-03-18 17:00:00,1577.152
2026-03-18 17:15:00,1456.685
2026-03-18 17:30:00,1617.426
2026-03-18 17:45:00,1597.358
2026-03-18 18:00:00,1661.763
2026-03-18 18:15:00,1881.362
2026-03-18 18:30:00,1969.132
2026-03-18 18:45:00,1852.574
2026-03-18 19:00:00,1813.05
2026-03-18 19:15:00,1808.494
2026-03-18 19:30:00,1748.957
2026-03-18 19:45:00,1826.551
2026-03-18 20:00:00,1749.997
2026-03-18 20:15:00,1719.108
2026-03-18 20:30:00,1685.68
2026-03-18 20:45:00,1644.504
2026-03-18 21:00:00,1661.52
2026-03-18 21:15:00,1728.291
2026-03-18 21:30:00,1682.746
2026-03-18 21:45:00,1661.325
2026-03-18 22:00:00,1755.936
2026-03-18 22:15:00,1743.436
2026-03-18 22:30:00,1564.619
2026-03-18 22:45:00,1654.81
2026-03-18 23:00:00,1559.132
2026-03-18 23:15:00,1502.685
2026-03-18 23:30:00,1390.055
2026-03-18 23:45:00,1434.417
2026-03-19 00:00:00,1892.87
2026-03-19 00:15:00,1974.699
2026-03-19 00:30:00,1889.619
2026-03-19 00:45:00,1765.119
2026-03-19 01:00:00,1660.016
2026-03-19 01:15:00,1687.511
2026-03-19 01:30:00,1728.819
2026-03-19 01:45:00,1729.645
2026-03-19 02:00:00,1642.535
2026-03-19 02:15:00,1707.43
2026-03-19 02:30:00,1634.003
2026-03-19 02:45:00,1652.681
2026-03-19 03:00:00,1637.088
2026-03-19 03:15:00,1634.136
2026-03-19 03:30:00,1665.074
2026-03-19 03:45:00,1664.225
2026-03-19 04:00:00,1669.067
2026-03-19 04:15:00,1693.212
2026-03-19 04:30:00,1720.179
2026-03-19 04:45:00,1686.763
2026-03-19 05:00:00,1710.738
2026-03-19 05:15:00,1690.2
2026-03-19 05:30:00,1733.916
2026-03-19 05:45:00,1586.524
2026-03-19 06:00:00,1529.524
2026-03-19 06:15:00,1553.96
2026-03-19 06:30:00,1629.243
2026-03-19 06:45:00,1658.365
2026-03-19 07:00:00,1858.289
2026-03-19 07:15:00,1885.384
2026-03-19 07:30:00,1875.272
2026-03-19 07:45:00,1965.432
2026-03-19 08:00:00,1945.776
2026-03-19 08:15:00,2106.607
2026-03-19 08:30:00,2142.946
2026-03-19 08:45:00,2164.092
2026-03-19 09:00:00,2058.63
2026-03-19 09:15:00,2042.943
2026-03-19 09:30:00,1989.531
2026-03-19 09:45:00,2017.817
2026-03-19 10:00:00,2039.196
2026-03-19 10:15:00,2090.547
2026-03-19 10:30:00,2230.703
2026-03-19 10:45:00,2227.324
2026-03-19 11:00:00,2231.315
2026-03-19 11:15:00,2180.363
2026-03-19 11:30:00,2051.804
2026-03-19 11:45:00,1971.254
2026-03-19 12:00:00,2362.92
2026-03-19 12:15:00,2213.014
2026-03-19 12:30:00,2013.199
2026-03-19 12:45:00,2044.018
2026-03-19 13:00:00,2182.904
2026-03-19 13:15:00,2017.405
2026-03-19 13:30:00,1989.966
2026-03-19 13:45:00,1697.785
2026-03-19 14:00:00,1635.449
2026-03-19 14:15:00,1586.066
2026-03-19 14:30:00,1632.868
2026-03-19 14:45:00,1662.711
2026-03-19 15:00:00,1718.359
2026-03-19 15:15:00,1840.6
2026-03-19 15:30:00,1965.63
2026-03-19 15:45:00,1891.712
2026-03-19 16:00:00,1888.807
2026-03-19 16:15:00,1886.658
2026-03-19 16:30:00,1913.132
2026-03-19 16:45:00,2006.964
2026-03-19 17:00:00,2126.93
2026-03-19 17:15:00,2046.33
2026-03-19 17:30:00,2025.909
2026-03-19 17:45:00,2095.654
2026-03-19 18:00:00,1936.093
2026-03-19 18:15:00,2120.853
2026-03-19 18:30:00,2182.971
2026-03-19 18:45:00,2123.984
2026-03-19 19:00:00,2129.921
2026-03-19 19:15:00,2091.375
2026-03-19 19:30:00,1966.497
2026-03-19 19:45:00,2000.909
2026-03-19 20:00:00,1958.811
2026-03-19 20:15:00,1969.102
2026-03-19 20:30:00,2062.457
2026-03-19 20:45:00,2015.157
2026-03-19 21:00:00,1952.698
2026-03-19 21:15:00,1976.538
2026-03-19 21:30:00,1865.186
2026-03-19 21:45:00,1804.782
2026-03-19 22:00:00,1733.354
2026-03-19 22:15:00,1694.189
2026-03-19 22:30:00,1592.667
2026-03-19 22:45:00,1369.399
2026-03-19 23:00:00,1627.856
2026-03-19 23:15:00,1665.562
2026-03-19 23:30:00,1601.254
2026-03-19 23:45:00,1507.391
2026-03-20 00:00:00,1864.029
2026-03-20 00:15:00,1851.441
2026-03-20 00:30:00,1790.776
2026-03-20 00:45:00,1662.092
2026-03-20 01:00:00,1505.464
2026-03-20 01:15:00,1302.434
2026-03-20 01:30:00,1308.032
2026-03-20 01:45:00,1350.513
2026-03-20 02:00:00,1417.935
2026-03-20 02:15:00,1370.266
2026-03-20 02:30:00,1454.933
2026-03-20 02:45:00,1370.678
2026-03-20 03:00:00,1280.0
2026-03-20 03:15:00,1280.0
2026-03-20 03:30:00,1280.0
2026-03-20 03:45:00,1325.148
2026-03-20 04:00:00,1280.0
2026-03-20 04:15:00,1280.0
2026-03-20 04:30:00,1280.0
2026-03-20 04:45:00,1287.851
2026-03-20 05:00:00,1305.48
2026-03-20 05:15:00,1364.019
2026-03-20 05:30:00,1460.126
2026-03-20 05:45:00,1441.067
2026-03-20 06:00:00,1352.956
2026-03-20 06:15:00,1280.0
2026-03-20 06:30:00,1513.445
2026-03-20 06:45:00,1574.12
2026-03-20 07:00:00,1592.014
2026-03-20 07:15:00,1643.877
2026-03-20 07:30:00,1761.347
2026-03-20 07:45:00,1822.48
2026-03-20 08:00:00,1991.987
2026-03-20 08:15:00,2054.515
2026-03-20 08:30:00,2037.697
2026-03-20 08:45:00,2257.653
2026-03-20 09:00:00,2297.432
2026-03-20 09:15:00,2196.539
2026-03-20 09:30:00,2153.473
2026-03-20 09:45:00,2213.231
2026-03-20 10:00:00,2456.067
2026-03-20 10:15:00,2437.796
2026-03-20 10:30:00,2441.597
2026-03-20 10:45:00,2367.495
2026-03-20 11:00:00,2451.759
2026-03-20 11:15:00,2395.126
2026-03-20 11:30:00,2203.81
2026-03-20 11:45:00,2081.81
2026-03-20 12:00:00,2190.508
2026-03-20 12:15:00,2176.419
2026-03-20 12:30:00,2156.215
2026-03-20 12:45:00,2090.925
2026-03-20 13:00:00,2214.635
2026-03-20 13:15:00,2018.287
2026-03-20 13:30:00,1911.749
2026-03-20 13:45:00,1824.355
2026-03-20 14:00:00,1651.112
2026-03-20 14:15:00,1646.319
2026-03-20 14:30:00,1531.7
2026-03-20 14:45:00,1577.046
2026-03-20 15:00:00,1552.764
2026-03-20 15:15:00,1507.973
2026-03-20 15:30:00,1444.071
2026-03-20 15:45:00,1388.697
2026-03-20 16:00:00,1449.102
2026-03-20 16:15:00,1424.625
2026-03-20 16:30:00,1363.947
2026-03-20 16:45:00,1477.561
2026-03-20 17:00:00,1699.373
2026-03-20 17:15:00,1748.164
2026-03-20 17:30:00,1827.935
2026-03-20 17:45:00,1734.294
2026-03-20 18:00:00,1745.129
2026-03-20 18:15:00,1862.231
2026-03-20 18:30:00,1987.321
2026-03-20 18:45:00,2007.533
2026-03-20 19:00:00,1983.462
2026-03-20 19:15:00,2004.399
2026-03-20 19:30:00,1916.641
2026-03-20 19:45:00,1900.756
2026-03-20 20:00:00,1965.705
2026-03-20 20:15:00,2017.058
2026-03-20 20:30:00,1982.886
2026-03-20 20:45:00,2022.095
2026-03-20 21:00:00,1983.745
2026-03-20 21:15:00,1994.126
2026-03-20 21:30:00,1947.029
2026-03-20 21:45:00,1925.182
2026-03-20 22:00:00,1891.407
2026-03-20 22:15:00,1787.6
2026-03-20 22:30:00,1631.15
2026-03-20 22:45:00,1675.101
2026-03-20 23:00:00,1749.67
2026-03-20 23:15:00,1769.729
2026-03-20 23:30:00,1810.93
2026-03-20 23:45:00,1962.742
2026-03-21 00:00:00,2409.643
2026-03-21 00:15:00,2290.523
2026-03-21 00:30:00,2444.111
2026-03-21 00:45:00,2436.108
2026-03-21 01:00:00,2318.127
2026-03-21 01:15:00,2139.181
2026-03-21 01:30:00,2117.296
2026-03-21 01:45:00,1985.199
2026-03-21 02:00:00,2079.937
2026-03-21 02:15:00,2118.465
2026-03-21 02:30:00,2005.501
2026-03-21 02:45:00,1941.154
2026-03-21 03:00:00,1899.467
2026-03-21 03:15:00,1711.242
2026-03-21 03:30:00,1694.863
2026-03-21 03:45:00,1655.858
2026-03-21 04:00:00,1667.932
2026-03-21 04:15:00,1709.892
2026-03-21 04:30:00,1662.552
2026-03-21 04:45:00,1671.897
2026-03-21 05:00:00,1684.463
2026-03-21 05:15:00,1659.415
2026-03-21 05:30:00,1654.711
2026-03-21 05:45:00,1507.229
2026-03-21 06:00:00,1536.954
2026-03-21 06:15:00,1412.32
2026-03-21 06:30:00,1361.627
2026-03-21 06:45:00,1472.692
2026-03-21 07:00:00,1517.248
2026-03-21 07:15:00,1568.808
2026-03-21 07:30:00,1543.247
2026-03-21 07:45:00,1556.992
2026-03-21 08:00:00,1699.046
2026-03-21 08:15:00,1837.702
2026-03-21 08:30:00,1807.162
2026-03-21 08:45:00,1816.166
2026-03-21 09:00:00,1670.386
2026-03-21 09:15:00,1620.372
2026-03-21 09:30:00,1556.305
2026-03-21 09:45:00,1360.903
2026-03-21 10:00:00,1325.468
2026-03-21 10:15:00,1280.939
2026-03-21 10:30:00,1324.32
2026-03-21 10:45:00,1839.224
2026-03-21 11:00:00,1875.076
2026-03-21 11:15:00,1700.799
2026-03-21 11:30:00,1613.382
2026-03-21 11:45:00,1513.405
2026-03-21 12:00:00,1852.668
2026-03-21 12:15:00,1849.331
2026-03-21 12:30:00,1900.153
2026-03-21 12:45:00,1778.463
2026-03-21 13:00:00,1691.322
2026-03-21 13:15:00,1625.614
2026-03-21 13:30:00,1553.936
2026-03-21 13:45:00,1466.692
2026-03-21 14:00:00,1407.763
2026-03-21 14:15:00,1507.87
2026-03-21 14:30:00,1441.621
2026-03-21 14:45:00,1399.162
2026-03-21 15:00:00,1382.478
2026-03-21 15:15:00,1509.882
2026-03-21 15:30:00,1503.876
2026-03-21 15:45:00,1516.125
2026-03-21 16:00:00,1645.792
2026-03-21 16:15:00,1589.702
2026-03-21 16:30:00,1714.336
2026-03-21 16:45:00,1749.255
2026-03-21 17:00:00,1828.176
2026-03-21 17:15:00,1790.038
2026-03-21 17:30:00,1872.318
2026-03-21 17:45:00,1866.656
2026-03-21 18:00:00,1801.565
2026-03-21 18:15:00,1732.182
2026-03-21 18:30:00,1640.848
2026-03-21 18:45:00,1632.376
2026-03-21 19:00:00,1406.132
2026-03-21 19:15:00,1406.656
2026-03-21 19:30:00,1418.596
2026-03-21 19:45:00,1346.926
2026-03-21 20:00:00,1306.246
2026-03-21 20:15:00,1299.101
2026-03-21 20:30:00,1295.028
2026-03-21 20:45:00,1615.959
2026-03-21 21:00:00,1517.688
2026-03-21 21:15:00,1587.275
2026-03-21 21:30:00,1534.022
2026-03-21 21:45:00,1633.562
2026-03-21 22:00:00,1691.155
2026-03-21 22:15:00,1543.982
2026-03-21 22:30:00,1406.786
2026-03-21 22:45:00,1319.417
2026-03-21 23:00:00,1484.274
2026-03-21 23:15:00,1473.55
2026-03-21 23:30:00,1646.153
2026-03-21 23:45:00,1520.935
2026-03-22 00:00:00,1971.876
2026-03-22 00:15:00,1860.404
2026-03-22 00:30:00,1818.93
2026-03-22 00:45:00,1653.095
2026-03-22 01:00:00,1545.908
2026-03-22 01:15:00,1465.15
2026-03-22 01:30:00,1279.212
2026-03-22 01:45:00,1266.5
2026-03-22 02:00:00,1266.5
2026-03-22 02:15:00,1277.996
2026-03-22 02:30:00,1290.358
2026-03-22 02:45:00,1285.929
2026-03-22 03:00:00,1333.393
2026-03-22 03:15:00,1333.751
2026-03-22 03:30:00,1289.348
2026-03-22 03:45:00,1266.5
2026-03-22 04:00:00,1266.5
2026-03-22 04:15:00,1294.052
2026-03-22 04:30:00,1266.5
2026-03-22 04:45:00,1266.5
2026-03-22 05:00:00,1266.5
2026-03-22 05:15:00,1266.5
2026-03-22 05:30:00,1266.5
2026-03-22 05:45:00,1266.5
2026-03-22 06:00:00,1266.5
2026-03-22 06:15:00,1266.5
2026-03-22 06:30:00,1266.5
2026-03-22 06:45:00,1266.5
2026-03-22 07:00:00,1266.5
2026-03-22 07:15:00,1266.5
2026-03-22 07:30:00,1266.5
2026-03-22 07:45:00,1266.5
2026-03-22 08:00:00,1275.15
2026-03-22 08:15:00,1289.724
2026-03-22 08:30:00,1298.899
2026-03-22 08:45:00,1443.707
2026-03-22 09:00:00,1627.009
2026-03-22 09:15:00,1723.999
2026-03-22 09:30:00,1716.843
2026-03-22 09:45:00,1562.75
2026-03-22 10:00:00,1557.099
2026-03-22 10:15:00,1668.951
2026-03-22 10:30:00,1872.07
2026-03-22 10:45:00,1901.658
2026-03-22 11:00:00,1893.313
2026-03-22 11:15:00,1953.095
2026-03-22 11:30:00,1862.067
2026-03-22 11:45:00,1816.92
2026-03-22 12:00:00,2083.711
2026-03-22 12:15:00,2011.889
2026-03-22 12:30:00,1968.349
2026-03-22 12:45:00,1849.373
2026-03-22 13:00:00,1904.995
2026-03-22 13:15:00,1735.8
2026-03-22 13:30:00,1650.343
2026-03-22 13:45:00,1553.118
2026-03-22 14:00:00,1559.847
2026-03-22 14:15:00,1580.483
2026-03-22 14:30:00,1558.992
2026-03-22 14:45:00,1582.615
2026-03-22 15:00:00,1509.169
2026-03-22 15:15:00,1554.15
2026-03-22 15:30:00,1577.403
2026-03-22 15:45:00,1661.856
2026-03-22 16:00:00,1678.202
2026-03-22 16:15:00,1739.194
2026-03-22 16:30:00,1733.451
2026-03-22 16:45:00,1706.016
2026-03-22 17:00:00,1813.023
2026-03-22 17:15:00,1856.581
2026-03-22 17:30:00,1864.922
2026-03-22 17:45:00,1869.435
2026-03-22 18:00:00,1797.979
2026-03-22 18:15:00,1779.992
2026-03-22 18:30:00,1718.338
2026-03-22 18:45:00,1708.28
2026-03-22 19:00:00,1713.396
2026-03-22 19:15:00,1724.059
2026-03-22 19:30:00,1777.413
2026-03-22 19:45:00,1756.617
2026-03-22 20:00:00,1755.395
2026-03-22 20:15:00,1697.21
2026-03-22 20:30:00,1723.333
2026-03-22 20:45:00,1713.702
2026-03-22 21:00:00,1758.645
2026-03-22 21:15:00,1816.838
2026-03-22 21:30:00,1737.923
2026-03-22 21:45:00,1667.108
2026-03-22 22:00:00,1693.893
2026-03-22 22:15:00,1482.135
2026-03-22 22:30:00,1294.382
2026-03-22 22:45:00,1413.151
2026-03-22 23:00:00,1530.396
2026-03-22 23:15:00,1587.639
2026-03-22 23:30:00,1542.714
2026-03-22 23:45:00,1629.521
2026-03-23 00:00:00,1801.031
2026-03-23 00:15:00,1887.342
2026-03-23 00:30:00,1878.685
2026-03-23 00:45:00,1711.783
2026-03-23 01:00:00,1623.133
2026-03-23 01:15:00,1633.494
2026-03-23 01:30:00,1576.796
2026-03-23 01:45:00,1579.72
2026-03-23 02:00:00,1554.923
2026-03-23 02:15:00,1609.232
2026-03-23 02:30:00,1611.119
2026-03-23 02:45:00,1593.203
2026-03-23 03:00:00,1614.174
2026-03-23 03:15:00,1678.622
2026-03-23 03:30:00,1587.81
2026-03-23 03:45:00,1703.431
2026-03-23 04:00:00,1770.152
2026-03-23 04:15:00,1800.743
2026-03-23 04:30:00,1805.875
2026-03-23 04:45:00,1778.637
2026-03-23 05:00:00,1640.046
2026-03-23 05:15:00,1638.682
2026-03-23 05:30:00,1647.353
2026-03-23 05:45:00,1634.013
2026-03-23 06:00:00,1487.235
2026-03-23 06:15:00,1463.17
2026-03-23 06:30:00,1341.321
2026-03-23 06:45:00,1587.518
2026-03-23 07:00:00,1875.89
2026-03-23 07:15:00,1763.834
2026-03-23 07:30:00,1801.174
2026-03-23 07:45:00,1782.022
2026-03-23 08:00:00,1570.228
2026-03-23 08:15:00,1654.515
2026-03-23 08:30:00,1876.193
2026-03-23 08:45:00,1798.303
2026-03-23 09:00:00,1856.956
2026-03-23 09:15:00,1846.053
2026-03-23 09:30:00,1917.318
2026-03-23 09:45:00,1838.151
2026-03-23 10:00:00,1880.184
2026-03-23 10:15:00,1820.295
2026-03-23 10:30:00,1918.733
2026-03-23 10:45:00,1905.293
2026-03-23 11:00:00,1945.484
2026-03-23 11:15:00,1895.026
2026-03-23 11:30:00,1863.555
2026-03-23 11:45:00,1998.985
2026-03-23 12:00:00,2117.005
2026-03-23 12:15:00,2128.913
2026-03-23 12:30:00,2155.608
2026-03-23 12:45:00,2034.479
2026-03-23 13:00:00,1869.535
2026-03-23 13:15:00,1730.927
2026-03-23 13:30:00,1694.712
2026-03-23 13:45:00,1638.918
2026-03-23 14:00:00,1581.828
2026-03-23 14:15:00,1619.344
2026-03-23 14:30:00,1709.739
2026-03-23 14:45:00,1862.609
2026-03-23 15:00:00,1811.101
2026-03-23 15:15:00,1870.158
2026-03-23 15:30:00,2141.22
2026-03-23 15:45:00,2150.557
2026-03-23 16:00:00,2043.096
2026-03-23 16:15:00,2056.974
2026-03-23 16:30:00,1996.854
2026-03-23 16:45:00,2085.85
2026-03-23 17:00:00,2247.455
2026-03-23 17:15:00,2272.043
2026-03-23 17:30:00,2233.314
2026-03-23 17:45:00,2006.156
2026-03-23 18:00:00,1901.839
2026-03-23 18:15:00,1946.983
2026-03-23 18:30:00,2134.826
2026-03-23 18:45:00,2146.915
2026-03-23 19:00:00,2134.939
2026-03-23 19:15:00,2112.038
2026-03-23 19:30:00,1986.21
2026-03-23 19:45:00,1949.757
2026-03-23 20:00:00,1835.012
2026-03-23 20:15:00,1744.934
2026-03-23 20:30:00,1687.913
2026-03-23 20:45:00,1691.835
2026-03-23 21:00:00,1606.037
2026-03-23 21:15:00,1573.246
2026-03-23 21:30:00,1498.0
2026-03-23 21:45:00,1341.394
2026-03-23 22:00:00,1400.835
2026-03-23 22:15:00,1351.884
2026-03-23 22:30:00,1259.0
2026-03-23 22:45:00,1324.193
2026-03-23 23:00:00,1351.732
2026-03-23 23:15:00,1412.54
2026-03-23 23:30:00,1441.577
2026-03-23 23:45:00,1278.671
2026-03-24 00:00:00,1668.759
2026-03-24 00:15:00,1720.856
2026-03-24 00:30:00,1608.374
2026-03-24 00:45:00,1492.722
2026-03-24 01:00:00,1314.948
2026-03-24 01:15:00,1266.465
2026-03-24 01:30:00,1269.587
2026-03-24 01:45:00,1264.0
2026-03-24 02:00:00,1265.75
2026-03-24 02:15:00,1265.75
2026-03-24 02:30:00,1265.75
2026-03-24 02:45:00,1290.358
2026-03-24 03:00:00,1332.854
2026-03-24 03:15:00,1370.019
2026-03-24 03:30:00,1454.273
2026-03-24 03:45:00,1299.017
2026-03-24 04:00:00,1254.384
2026-03-24 04:15:00,1253.0
2026-03-24 04:30:00,1253.0
2026-03-24 04:45:00,1253.0
2026-03-24 05:00:00,1258.0
2026-03-24 05:15:00,1258.0
2026-03-24 05:30:00,1258.0
2026-03-24 05:45:00,1258.0
2026-03-24 06:00:00,1266.5
2026-03-24 06:15:00,1266.5
2026-03-24 06:30:00,1266.5
2026-03-24 06:45:00,1266.5
2026-03-24 07:00:00,1266.5
2026-03-24 07:15:00,1273.272
2026-03-24 07:30:00,1285.25
2026-03-24 07:45:00,1432.261
2026-03-24 08:00:00,1712.543
2026-03-24 08:15:00,1828.495
2026-03-24 08:30:00,1874.523
2026-03-24 08:45:00,1979.917
2026-03-24 09:00:00,2000.366
2026-03-24 09:15:00,2038.772
2026-03-24 09:30:00,2020.396
2026-03-24 09:45:00,2072.867
2026-03-24 10:00:00,1943.939
2026-03-24 10:15:00,1918.013
2026-03-24 10:30:00,1762.826
2026-03-24 10:45:00,1726.831
2026-03-24 11:00:00,1730.846
2026-03-24 11:15:00,1736.487
2026-03-24 11:30:00,1732.674
2026-03-24 11:45:00,1623.089
2026-03-24 12:00:00,2162.542
2026-03-24 12:15:00,1807.365
2026-03-24 12:30:00,1720.181
2026-03-24 12:45:00,1777.334
2026-03-24 13:00:00,1765.107
2026-03-24 13:15:00,1747.825
2026-03-24 13:30:00,1706.321
2026-03-24 13:45:00,1487.505
2026-03-24 14:00:00,1408.502
2026-03-24 14:15:00,1397.296
2026-03-24 14:30:00,1434.353
2026-03-24 14:45:00,1412.398
2026-03-24 15:00:00,1478.154
2026-03-24 15:15:00,1491.588
2026-03-24 15:30:00,1380.72
2026-03-24 15:45:00,1530.905
2026-03-24 16:00:00,1498.24
2026-03-24 16:15:00,1493.21
2026-03-24 16:30:00,1403.437
2026-03-24 16:45:00,1475.521
2026-03-24 17:00:00,1658.46
2026-03-24 17:15:00,1596.277
2026-03-24 17:30:00,1596.574
2026-03-24 17:45:00,1595.966
2026-03-24 18:00:00,1542.582
2026-03-24 18:15:00,1620.589
2026-03-24 18:30:00,1779.167
2026-03-24 18:45:00,1661.467
2026-03-24 19:00:00,1652.167
2026-03-24 19:15:00,1694.473
2026-03-24 19:30:00,1617.196
2026-03-24 19:45:00,1617.568
2026-03-24 20:00:00,1567.367
2026-03-24 20:15:00,1494.467
2026-03-24 20:30:00,1477.918
2026-03-24 20:45:00,1680.321
2026-03-24 21:00:00,1762.766
2026-03-24 21:15:00,1796.841
2026-03-24 21:30:00,1969.489
2026-03-24 21:45:00,1899.336
2026-03-24 22:00:00,1814.913
2026-03-24 22:15:00,1636.803
2026-03-24 22:30:00,1474.857
2026-03-24 22:45:00,1578.596
2026-03-24 23:00:00,1529.708
2026-03-24 23:15:00,1699.732
2026-03-24 23:30:00,1587.726
2026-03-24 23:45:00,1698.1
2026-03-25 00:00:00,1819.349
2026-03-25 00:15:00,1790.922
2026-03-25 00:30:00,1715.778
2026-03-25 00:45:00,1503.222
2026-03-25 01:00:00,1546.085
2026-03-25 01:15:00,1479.324
2026-03-25 01:30:00,1589.884
2026-03-25 01:45:00,1521.187
2026-03-25 02:00:00,1534.003
2026-03-25 02:15:00,1579.734
2026-03-25 02:30:00,1595.014
2026-03-25 02:45:00,1658.585
2026-03-25 03:00:00,1671.998
2026-03-25 03:15:00,1668.423
2026-03-25 03:30:00,1693.7
2026-03-25 03:45:00,1637.014
2026-03-25 04:00:00,1453.846
2026-03-25 04:15:00,1417.574
2026-03-25 04:30:00,1412.75
2026-03-25 04:45:00,1437.75
2026-03-25 05:00:00,1462.75
2026-03-25 05:15:00,1503.264
2026-03-25 05:30:00,1534.408
2026-03-25 05:45:00,1410.041
2026-03-25 06:00:00,1518.502
2026-03-25 06:15:00,1623.225
2026-03-25 06:30:00,1404.446
2026-03-25 06:45:00,1421.0
2026-03-25 07:00:00,1560.88
2026-03-25 07:15:00,1656.701
2026-03-25 07:30:00,1590.451
2026-03-25 07:45:00,1473.26
2026-03-25 08:00:00,1317.75
2026-03-25 08:15:00,1312.75
2026-03-25 08:30:00,1312.75
2026-03-25 08:45:00,1312.75
2026-03-25 09:00:00,1312.75
2026-03-25 09:15:00,1312.75
2026-03-25 09:30:00,1312.75
2026-03-25 09:45:00,1331.5
2026-03-25 10:00:00,1329.995
2026-03-25 10:15:00,1267.75
2026-03-25 10:30:00,1267.75
2026-03-25 10:45:00,1267.75
2026-03-25 11:00:00,1267.75
2026-03-25 11:15:00,1331.856
2026-03-25 11:30:00,1371.755
2026-03-25 11:45:00,1323.69
2026-03-25 12:00:00,1793.391
2026-03-25 12:15:00,1709.658
2026-03-25 12:30:00,1432.952
2026-03-25 12:45:00,1433.097
2026-03-25 13:00:00,1567.747
2026-03-25 13:15:00,1503.234
2026-03-25 13:30:00,1477.597
2026-03-25 13:45:00,1268.0
2026-03-25 14:00:00,1367.51
2026-03-25 14:15:00,1372.03
2026-03-25 14:30:00,1492.789
2026-03-25 14:45:00,1545.101
2026-03-25 15:00:00,1409.492
2026-03-25 15:15:00,1397.875
2026-03-25 15:30:00,1287.75
2026-03-25 15:45:00,1433.409
2026-03-25 16:00:00,1616.825
2026-03-25 16:15:00,1703.589
2026-03-25 16:30:00,1624.197
2026-03-25 16:45:00,1466.561
2026-03-25 17:00:00,1479.563
2026-03-25 17:15:00,1429.987
2026-03-25 17:30:00,1454.406
2026-03-25 17:45:00,1479.127
2026-03-25 18:00:00,1346.771
2026-03-25 18:15:00,1364.368
2026-03-25 18:30:00,1326.682
2026-03-25 18:45:00,1301.995
2026-03-25 19:00:00,1292.5
2026-03-25 19:15:00,1292.5
2026-03-25 19:30:00,1307.215
2026-03-25 19:45:00,1292.5
2026-03-25 20:00:00,1298.614
2026-03-25 20:15:00,1294.703
2026-03-25 20:30:00,1292.5
2026-03-25 20:45:00,1292.5
2026-03-25 21:00:00,1499.615
2026-03-25 21:15:00,1569.714
2026-03-25 21:30:00,1409.087
2026-03-25 21:45:00,1488.265
2026-03-25 22:00:00,1450.838
2026-03-25 22:15:00,1471.56
2026-03-25 22:30:00,1306.081
2026-03-25 22:45:00,1316.19
2026-03-25 23:00:00,1305.078
2026-03-25 23:15:00,1300.606
2026-03-25 23:30:00,1292.5
2026-03-25 23:45:00,1292.5
2026-03-26 00:00:00,1408.113
2026-03-26 00:15:00,1375.353
2026-03-26 00:30:00,1548.887
2026-03-26 00:45:00,1607.963
2026-03-26 01:00:00,1587.349
2026-03-26 01:15:00,1543.957
2026-03-26 01:30:00,1389.463
2026-03-26 01:45:00,1341.9
2026-03-26 02:00:00,1334.473
2026-03-26 02:15:00,1363.484
2026-03-26 02:30:00,1182.337
2026-03-26 02:45:00,1122.0
2026-03-26 03:00:00,1122.0
2026-03-26 03:15:00,1122.0
2026-03-26 03:30:00,1199.252
2026-03-26 03:45:00,1222.937
2026-03-26 04:00:00,1323.755
2026-03-26 04:15:00,1319.669
2026-03-26 04:30:00,1258.676
2026-03-26 04:45:00,1240.224
2026-03-26 05:00:00,1204.91
2026-03-26 05:15:00,1283.307
2026-03-26 05:30:00,1319.031
2026-03-26 05:45:00,1272.799
2026-03-26 06:00:00,1225.997
2026-03-26 06:15:00,1341.84
2026-03-26 06:30:00,1420.981
2026-03-26 06:45:00,1369.444
2026-03-26 07:00:00,1390.28
2026-03-26 07:15:00,1402.914
2026-03-26 07:30:00,1612.635
2026-03-26 07:45:00,1735.455
2026-03-26 08:00:00,1860.354
2026-03-26 08:15:00,1805.961
2026-03-26 08:30:00,1785.39
2026-03-26 08:45:00,1798.196
2026-03-26 09:00:00,1901.93
2026-03-26 09:15:00,2010.448
2026-03-26 09:30:00,1926.134
2026-03-26 09:45:00,1906.996
2026-03-26 10:00:00,2077.975
2026-03-26 10:15:00,1952.739
2026-03-26 10:30:00,2082.583
2026-03-26 10:45:00,1956.582
2026-03-26 11:00:00,1883.266
2026-03-26 11:15:00,1852.87
2026-03-26 11:30:00,1761.646
2026-03-26 11:45:00,1601.798
2026-03-26 12:00:00,1380.301
2026-03-26 12:15:00,1339.471
2026-03-26 12:30:00,1353.762
2026-03-26 12:45:00,1435.581
2026-03-26 13:00:00,1521.732
2026-03-26 13:15:00,1489.293
2026-03-26 13:30:00,1410.678
2026-03-26 13:45:00,1474.095
2026-03-26 14:00:00,1532.849
2026-03-26 14:15:00,1533.043
2026-03-26 14:30:00,1437.001
2026-03-26 14:45:00,1552.079
2026-03-26 15:00:00,1478.217
2026-03-26 15:15:00,1313.433
2026-03-26 15:30:00,1411.172
2026-03-26 15:45:00,1291.31
2026-03-26 16:00:00,1421.702
2026-03-26 16:15:00,1520.288
2026-03-26 16:30:00,1561.921
2026-03-26 16:45:00,1509.844
2026-03-26 17:00:00,1607.403
2026-03-26 17:15:00,1549.601
2026-03-26 17:30:00,1502.168
2026-03-26 17:45:00,1375.843
2026-03-26 18:00:00,1317.515
2026-03-26 18:15:00,1415.461
2026-03-26 18:30:00,1489.025
2026-03-26 18:45:00,1555.195
2026-03-26 19:00:00,1456.423
2026-03-26 19:15:00,1431.146
2026-03-26 19:30:00,1465.548
2026-03-26 19:45:00,1480.715
2026-03-26 20:00:00,1479.389
2026-03-26 20:15:00,1557.244
2026-03-26 20:30:00,1509.091
2026-03-26 20:45:00,1514.589
2026-03-26 21:00:00,1492.206
2026-03-26 21:15:00,1588.233
2026-03-26 21:30:00,1485.595
2026-03-26 21:45:00,1256.169
2026-03-26 22:00:00,1220.688
2026-03-26 22:15:00,1193.748
2026-03-26 22:30:00,1122.0
2026-03-26 22:45:00,1122.0
2026-03-26 23:00:00,1122.0
2026-03-26 23:15:00,1230.445
2026-03-26 23:30:00,1416.993
2026-03-26 23:45:00,1453.066
2026-03-27 00:00:00,1338.796
2026-03-27 00:15:00,1218.575
2026-03-27 00:30:00,1213.166
2026-03-27 00:45:00,1159.437
2026-03-27 01:00:00,1162.066
2026-03-27 01:15:00,1195.67
2026-03-27 01:30:00,1103.327
2026-03-27 01:45:00,1058.959
2026-03-27 02:00:00,1100.947
2026-03-27 02:15:00,1069.502
2026-03-27 02:30:00,1050.0
2026-03-27 02:45:00,1050.0
2026-03-27 03:00:00,1050.0
2026-03-27 03:15:00,1050.0
2026-03-27 03:30:00,1050.0
2026-03-27 03:45:00,1050.0
2026-03-27 04:00:00,1050.0
2026-03-27 04:15:00,1050.0
2026-03-27 04:30:00,1050.0
2026-03-27 04:45:00,1050.0
2026-03-27 05:00:00,1050.0
2026-03-27 05:15:00,1050.0
2026-03-27 05:30:00,1050.0
2026-03-27 05:45:00,1050.0
2026-03-27 06:00:00,1052.561
2026-03-27 06:15:00,1084.53
2026-03-27 06:30:00,1101.478
2026-03-27 06:45:00,1306.342
2026-03-27 07:00:00,1348.538
2026-03-27 07:15:00,1233.1
2026-03-27 07:30:00,1042.5
2026-03-27 07:45:00,1054.783
2026-03-27 08:00:00,1095.0
2026-03-27 08:15:00,1099.375
2026-03-27 08:30:00,1095.0
2026-03-27 08:45:00,1095.0
2026-03-27 09:00:00,1095.0
2026-03-27 09:15:00,1095.0
2026-03-27 09:30:00,1095.0
2026-03-27 09:45:00,1095.0
2026-03-27 10:00:00,1095.0
2026-03-27 10:15:00,1120.898
2026-03-27 10:30:00,1575.368
2026-03-27 10:45:00,1580.866
2026-03-27 11:00:00,1527.881
2026-03-27 11:15:00,1499.419
2026-03-27 11:30:00,1446.187
2026-03-27 11:45:00,1574.71
2026-03-27 12:00:00,1970.073
2026-03-27 12:15:00,1669.634
2026-03-27 12:30:00,1811.921
2026-03-27 12:45:00,1908.058
2026-03-27 13:00:00,1872.943
2026-03-27 13:15:00,1737.534
2026-03-27 13:30:00,1839.039
2026-03-27 13:45:00,1760.173
2026-03-27 14:00:00,1720.114
2026-03-27 14:15:00,1482.272
2026-03-27 14:30:00,1323.563
2026-03-27 14:45:00,1168.622
2026-03-27 15:00:00,1239.094
2026-03-27 15:15:00,1352.621
2026-03-27 15:30:00,1208.91
2026-03-27 15:45:00,1229.709
2026-03-27 16:00:00,1197.498
2026-03-27 16:15:00,1339.369
2026-03-27 16:30:00,1301.977
2026-03-27 16:45:00,1302.065
2026-03-27 17:00:00,1260.193
2026-03-27 17:15:00,1156.631
2026-03-27 17:30:00,1105.836
2026-03-27 17:45:00,1204.955
2026-03-27 18:00:00,1122.38
2026-03-27 18:15:00,1129.651
2026-03-27 18:30:00,1245.44
2026-03-27 18:45:00,1156.331
2026-03-27 19:00:00,1106.693
2026-03-27 19:15:00,1115.644
2026-03-27 19:30:00,1092.814
2026-03-27 19:45:00,1101.854
2026-03-27 20:00:00,1079.523
2026-03-27 20:15:00,1076.301
2026-03-27 20:30:00,1089.266
2026-03-27 20:45:00,1070.516
2026-03-27 21:00:00,1089.266
2026-03-27 21:15:00,1083.286
2026-03-27 21:30:00,1070.671
2026-03-27 21:45:00,1067.639
2026-03-27 22:00:00,1066.25
2026-03-27 22:15:00,1140.803
2026-03-27 22:30:00,1072.838
2026-03-27 22:45:00,1085.0
2026-03-27 23:00:00,1086.878
2026-03-27 23:15:00,1176.151
2026-03-27 23:30:00,1296.355
2026-03-27 23:45:00,1303.495
2026-03-28 00:00:00,1295.042
2026-03-28 00:15:00,1282.345
2026-03-28 00:30:00,1398.899
2026-03-28 00:45:00,1346.184
2026-03-28 01:00:00,1381.591
2026-03-28 01:15:00,1509.616
2026-03-28 01:30:00,1493.679
2026-03-28 01:45:00,1250.651
2026-03-28 02:00:00,1223.589
2026-03-28 02:15:00,1247.388
2026-03-28 02:30:00,1175.548
2026-03-28 02:45:00,1177.465
2026-03-28 03:00:00,1204.4
2026-03-28 03:15:00,1187.079
2026-03-28 03:30:00,1119.07
2026-03-28 03:45:00,1145.146
2026-03-28 04:00:00,1182.728
2026-03-28 04:15:00,1347.217
2026-03-28 04:30:00,1366.166
2026-03-28 04:45:00,1359.64
2026-03-28 05:00:00,1348.757
2026-03-28 05:15:00,1391.459
2026-03-28 05:30:00,1257.959
2026-03-28 05:45:00,1226.745
2026-03-28 06:00:00,1219.771
2026-03-28 06:15:00,1234.002
2026-03-28 06:30:00,1213.338
2026-03-28 06:45:00,1336.68
2026-03-28 07:00:00,1128.502
2026-03-28 07:15:00,1272.229
2026-03-28 07:30:00,1219.509
2026-03-28 07:45:00,1370.023
2026-03-28 08:00:00,1244.319
2026-03-28 08:15:00,1400.034
2026-03-28 08:30:00,1448.958
2026-03-28 08:45:00,1381.172
2026-03-28 09:00:00,1424.139
2026-03-28 09:15:00,1660.349
2026-03-28 09:30:00,1662.554
2026-03-28 09:45:00,1623.213
2026-03-28 10:00:00,1422.004
2026-03-28 10:15:00,1325.044
2026-03-28 10:30:00,1240.914
2026-03-28 10:45:00,1426.639
2026-03-28 11:00:00,1439.919
2026-03-28 11:15:00,1299.056
2026-03-28 11:30:00,1281.114
2026-03-28 11:45:00,1323.262
2026-03-28 12:00:00,1786.815
2026-03-28 12:15:00,1711.266
2026-03-28 12:30:00,1646.614
2026-03-28 12:45:00,1584.197
2026-03-28 13:00:00,1573.777
2026-03-28 13:15:00,1549.399
2026-03-28 13:30:00,1433.053
2026-03-28 13:45:00,1367.585
2026-03-28 14:00:00,1282.375
2026-03-28 14:15:00,1142.996
2026-03-28 14:30:00,1100.692
2026-03-28 14:45:00,1144.718
2026-03-28 15:00:00,1101.55
2026-03-28 15:15:00,1209.361
2026-03-28 15:30:00,1136.843
2026-03-28 15:45:00,1088.696
2026-03-28 16:00:00,1220.704
2026-03-28 16:15:00,1229.727
2026-03-28 16:30:00,1107.756
2026-03-28 16:45:00,1163.392
2026-03-28 17:00:00,1413.454
2026-03-28 17:15:00,1367.14
2026-03-28 17:30:00,1361.817
2026-03-28 17:45:00,1302.786
2026-03-28 18:00:00,1135.027
2026-03-28 18:15:00,1101.948
2026-03-28 18:30:00,1133.132
2026-03-28 18:45:00,1095.315
2026-03-28 19:00:00,1077.891
2026-03-28 19:15:00,1097.122
2026-03-28 19:30:00,1296.723
2026-03-28 19:45:00,1275.087
2026-03-28 20:00:00,1107.493
2026-03-28 20:15:00,1139.771
2026-03-28 20:30:00,1107.521
2026-03-28 20:45:00,1089.659
2026-03-28 21:00:00,1063.831
2026-03-28 21:15:00,1121.219
2026-03-28 21:30:00,1117.351
2026-03-28 21:45:00,1161.748
2026-03-28 22:00:00,1420.876
2026-03-28 22:15:00,1399.351
2026-03-28 22:30:00,1330.33
2026-03-28 22:45:00,1196.586
2026-03-28 23:00:00,1142.895
2026-03-28 23:15:00,1090.301
2026-03-28 23:30:00,1141.502
2026-03-28 23:45:00,1309.32
2026-03-29 00:00:00,1402.424
2026-03-29 00:15:00,1359.124
2026-03-29 00:30:00,1256.441
2026-03-29 00:45:00,1134.752
2026-03-29 01:00:00,1063.077
2026-03-29 01:15:00,1065.081
2026-03-29 01:30:00,1143.061
2026-03-29 01:45:00,1172.026
2026-03-29 02:00:00,1058.276
2026-03-29 02:15:00,1046.5
2026-03-29 02:30:00,1046.5
2026-03-29 02:45:00,1046.5
2026-03-29 03:00:00,1046.5
2026-03-29 03:15:00,1046.5
2026-03-29 03:30:00,1046.5
2026-03-29 03:45:00,1046.5
2026-03-29 04:00:00,1046.5
2026-03-29 04:15:00,1046.5
2026-03-29 04:30:00,1046.5
2026-03-29 04:45:00,1046.5
2026-03-29 05:00:00,1046.5
2026-03-29 05:15:00,1046.5
2026-03-29 05:30:00,1046.5
2026-03-29 05:45:00,1046.5
2026-03-29 06:00:00,1046.5
2026-03-29 06:15:00,1046.5
2026-03-29 06:30:00,1046.5
2026-03-29 06:45:00,1046.5
2026-03-29 07:00:00,1046.5
2026-03-29 07:15:00,1046.5
2026-03-29 07:30:00,1046.5
2026-03-29 07:45:00,1046.5
2026-03-29 08:00:00,1048.237
2026-03-29 08:15:00,1046.5
2026-03-29 08:30:00,1046.5
2026-03-29 08:45:00,1046.5
2026-03-29 09:00:00,1046.5
2026-03-29 09:15:00,1046.5
2026-03-29 09:30:00,1048.097
2026-03-29 09:45:00,1046.5
2026-03-29 10:00:00,1049.749
2026-03-29 10:15:00,1052.749
2026-03-29 10:30:00,1058.924
2026-03-29 10:45:00,1059.381
2026-03-29 11:00:00,1049.481
2026-03-29 11:15:00,1068.231
2026-03-29 11:30:00,1074.0
2026-03-29 11:45:00,1055.25
2026-03-29 12:00:00,1046.5
2026-03-29 12:15:00,1048.408
2026-03-29 12:30:00,1067.158
2026-03-29 12:45:00,1067.705
2026-03-29 13:00:00,1064.721
2026-03-29 13:15:00,1047.845
2026-03-29 13:30:00,1046.5
2026-03-29 13:45:00,1047.024
2026-03-29 14:00:00,1065.774
2026-03-29 14:15:00,1067.449
2026-03-29 14:30:00,1051.654
2026-03-29 14:45:00,1077.054
2026-03-29 15:00:00,1089.789
2026-03-29 15:15:00,1046.5
2026-03-29 15:30:00,1059.924
2026-03-29 15:45:00,1046.5
2026-03-29 16:00:00,1133.846
2026-03-29 16:15:00,1186.649
2026-03-29 16:30:00,1235.176
2026-03-29 16:45:00,1182.202
2026-03-29 17:00:00,1110.298
2026-03-29 17:15:00,1065.25
2026-03-29 17:30:00,1051.854
2026-03-29 17:45:00,1063.831
2026-03-29 18:00:00,1060.017
2026-03-29 18:15:00,1054.211
2026-03-29 18:30:00,1056.335
2026-03-29 18:45:00,1046.5
2026-03-29 19:00:00,1046.5
2026-03-29 19:15:00,1046.5
2026-03-29 19:30:00,1060.707
2026-03-29 19:45:00,1056.976
2026-03-29 20:00:00,1046.5
2026-03-29 20:15:00,1065.25
2026-03-29 20:30:00,1071.438
2026-03-29 20:45:00,1052.688
2026-03-29 21:00:00,1046.5
2026-03-29 21:15:00,1046.5
2026-03-29 21:30:00,1046.5
2026-03-29 21:45:00,1046.5
2026-03-29 22:00:00,1046.5
2026-03-29 22:15:00,1046.5
2026-03-29 22:30:00,1046.5
2026-03-29 22:45:00,1046.5
2026-03-29 23:00:00,1046.5
2026-03-29 23:15:00,1046.5
2026-03-29 23:30:00,1046.5
2026-03-29 23:45:00,1046.5
2026-03-30 00:00:00,1046.5
2026-03-30 00:15:00,1046.5
2026-03-30 00:30:00,1046.5
2026-03-30 00:45:00,1046.5
2026-03-30 01:00:00,1039.0
2026-03-30 01:15:00,1039.0
2026-03-30 01:30:00,1039.0
2026-03-30 01:45:00,1039.0
2026-03-30 02:00:00,1039.0
2026-03-30 02:15:00,1039.0
2026-03-30 02:30:00,1039.0
2026-03-30 02:45:00,1039.0
2026-03-30 03:00:00,1046.5
2026-03-30 03:15:00,1046.5
2026-03-30 03:30:00,1046.5
2026-03-30 03:45:00,1046.5
2026-03-30 04:00:00,1046.5
2026-03-30 04:15:00,1046.5
2026-03-30 04:30:00,1046.5
2026-03-30 04:45:00,1046.5
2026-03-30 05:00:00,1046.5
2026-03-30 05:15:00,1046.5
2026-03-30 05:30:00,1046.5
2026-03-30 05:45:00,1046.5
2026-03-30 06:00:00,1046.5
2026-03-30 06:15:00,1046.5
2026-03-30 06:30:00,1046.5
2026-03-30 06:45:00,1046.5
2026-03-30 07:00:00,1046.5
2026-03-30 07:15:00,1046.5
2026-03-30 07:30:00,1060.182
2026-03-30 07:45:00,1046.5
2026-03-30 08:00:00,1034.0
2026-03-30 08:15:00,1034.0
2026-03-30 08:30:00,1052.75
2026-03-30 08:45:00,1061.5
2026-03-30 09:00:00,1074.0
2026-03-30 09:15:00,1058.495
2026-03-30 09:30:00,1046.5
2026-03-30 09:45:00,1046.5
2026-03-30 10:00:00,1055.138
2026-03-30 10:15:00,1054.943
2026-03-30 10:30:00,1067.344
2026-03-30 10:45:00,1055.225
2026-03-30 11:00:00,1056.036
2026-03-30 11:15:00,1046.5
2026-03-30 11:30:00,1046.5
2026-03-30 11:45:00,1056.176
2026-03-30 12:00:00,1046.5
2026-03-30 12:15:00,1065.25
2026-03-30 12:30:00,1057.097
2026-03-30 12:45:00,1046.5
2026-03-30 13:00:00,1046.5
2026-03-30 13:15:00,1046.628
2026-03-30 13:30:00,1055.082
2026-03-30 13:45:00,1046.5
2026-03-30 14:00:00,1051.515
2026-03-30 14:15:00,1046.5
2026-03-30 14:30:00,1048.638
2026-03-30 14:45:00,1046.5
2026-03-30 15:00:00,1046.5
2026-03-30 15:15:00,1046.5
2026-03-30 15:30:00,1046.5
2026-03-30 15:45:00,1046.5
2026-03-30 16:00:00,1034.0
2026-03-30 16:15:00,1060.285
2026-03-30 16:30:00,1044.355
2026-03-30 16:45:00,1034.0
2026-03-30 17:00:00,1034.0
2026-03-30 17:15:00,1035.103
2026-03-30 17:30:00,1034.0
2026-03-30 17:45:00,1034.0
2026-03-30 18:00:00,1039.958
2026-03-30 18:15:00,1039.071
2026-03-30 18:30:00,1034.0
2026-03-30 18:45:00,1041.244
2026-03-30 19:00:00,1048.279
2026-03-30 19:15:00,1052.645
2026-03-30 19:30:00,1034.0
2026-03-30 19:45:00,1038.991
2026-03-30 20:00:00,1046.5
2026-03-30 20:15:00,1046.5
2026-03-30 20:30:00,1046.5
2026-03-30 20:45:00,1046.5
2026-03-30 21:00:00,1034.0
2026-03-30 21:15:00,1034.0
2026-03-30 21:30:00,1034.0
2026-03-30 21:45:00,1034.0
2026-03-30 22:00:00,1046.5
2026-03-30 22:15:00,1046.5
2026-03-30 22:30:00,1046.5
2026-03-30 22:45:00,1046.5
2026-03-30 23:00:00,1046.5
2026-03-30 23:15:00,1046.5
2026-03-30 23:30:00,1046.5
2026-03-30 23:45:00,1046.5
2026-03-31 00:00:00,1039.0
2026-03-31 00:15:00,1039.0
2026-03-31 00:30:00,1039.0
2026-03-31 00:45:00,1039.0
2026-03-31 01:00:00,1039.0
2026-03-31 01:15:00,1039.0
2026-03-31 01:30:00,1039.0
2026-03-31 01:45:00,1039.0
2026-03-31 02:00:00,1011.709
2026-03-31 02:15:00,994.0
2026-03-31 02:30:00,994.0
2026-03-31 02:45:00,994.0
2026-03-31 03:00:00,994.0
2026-03-31 03:15:00,994.0
2026-03-31 03:30:00,994.0
2026-03-31 03:45:00,994.0
2026-03-31 04:00:00,994.0
2026-03-31 04:15:00,994.0
2026-03-31 04:30:00,994.0
2026-03-31 04:45:00,994.0
2026-03-31 05:00:00,994.0
2026-03-31 05:15:00,994.0
2026-03-31 05:30:00,994.0
2026-03-31 05:45:00,994.0
2026-03-31 06:00:00,994.0
2026-03-31 06:15:00,994.0
2026-03-31 06:30:00,994.0
2026-03-31 06:45:00,994.0
2026-03-31 07:00:00,994.0
2026-03-31 07:15:00,994.0
2026-03-31 07:30:00,994.0
2026-03-31 07:45:00,994.0
2026-03-31 08:00:00,1057.428
2026-03-31 08:15:00,1070.3
2026-03-31 08:30:00,994.0
2026-03-31 08:45:00,1029.942
2026-03-31 09:00:00,994.0
2026-03-31 09:15:00,994.0
2026-03-31 09:30:00,994.894
2026-03-31 09:45:00,998.571
2026-03-31 10:00:00,1002.695
2026-03-31 10:15:00,994.0
2026-03-31 10:30:00,1001.464
2026-03-31 10:45:00,996.581
2026-03-31 11:00:00,1002.308
2026-03-31 11:15:00,996.138
2026-03-31 11:30:00,999.546
2026-03-31 11:45:00,994.0
2026-03-31 12:00:00,994.0
2026-03-31 12:15:00,1002.759
2026-03-31 12:30:00,1005.721
2026-03-31 12:45:00,994.0
2026-03-31 13:00:00,994.0
2026-03-31 13:15:00,994.0
2026-03-31 13:30:00,994.0
2026-03-31 13:45:00,994.0
2026-03-31 14:00:00,994.0
2026-03-31 14:15:00,994.0
2026-03-31 14:30:00,994.0
2026-03-31 14:45:00,994.0
2026-03-31 15:00:00,994.0
2026-03-31 15:15:00,994.0
2026-03-31 15:30:00,994.0
2026-03-31 15:45:00,994.0
2026-03-31 16:00:00,994.0
2026-03-31 16:15:00,994.0
2026-03-31 16:30:00,994.0
2026-03-31 16:45:00,994.0
2026-03-31 17:00:00,994.0
2026-03-31 17:15:00,994.0
2026-03-31 17:30:00,994.0
2026-03-31 17:45:00,994.0
2026-03-31 18:00:00,994.0
2026-03-31 18:15:00,994.0
2026-03-31 18:30:00,998.529
2026-03-31 18:45:00,1014.01
2026-03-31 19:00:00,1010.308
2026-03-31 19:15:00,1002.214
2026-03-31 19:30:00,998.67
2026-03-31 19:45:00,994.0
2026-03-31 20:00:00,1000.178
2026-03-31 20:15:00,994.0
2026-03-31 20:30:00,994.0
2026-03-31 20:45:00,994.279
2026-03-31 21:00:00,1004.751
2026-03-31 21:15:00,1010.546
2026-03-31 21:30:00,1072.424
2026-03-31 21:45:00,1050.175
2026-03-31 22:00:00,1177.519
2026-03-31 22:15:00,1006.75
2026-03-31 22:30:00,994.0
2026-03-31 22:45:00,994.0
2026-03-31 23:00:00,994.0
2026-03-31 23:15:00,994.0
2026-03-31 23:30:00,994.0
2026-03-31 23:45:00,1072.405
2026-04-01 00:00:00,986.649
2026-04-01 00:15:00,935.511
2026-04-01 00:30:00,934.511
2026-04-01 00:45:00,934.297
2026-04-01 01:00:00,934.012
2026-04-01 01:15:00,932.335
2026-04-01 01:30:00,891.007
2026-04-01 01:45:00,883.25
2026-04-01 02:00:00,883.25
2026-04-01 02:15:00,883.25
2026-04-01 02:30:00,883.25
2026-04-01 02:45:00,883.25
2026-04-01 03:00:00,883.25
2026-04-01 03:15:00,883.25
2026-04-01 03:30:00,883.25
2026-04-01 03:45:00,883.25
2026-04-01 04:00:00,883.25
2026-04-01 04:15:00,883.25
2026-04-01 04:30:00,883.25
2026-04-01 04:45:00,883.25
2026-04-01 05:00:00,883.25
2026-04-01 05:15:00,883.25
2026-04-01 05:30:00,885.839
2026-04-01 05:45:00,905.75
2026-04-01 06:00:00,905.75
2026-04-01 06:15:00,905.75
2026-04-01 06:30:00,905.75
2026-04-01 06:45:00,888.462
2026-04-01 07:00:00,915.226
2026-04-01 07:15:00,883.25
2026-04-01 07:30:00,883.25
2026-04-01 07:45:00,883.25
2026-04-01 08:00:00,883.25
2026-04-01 08:15:00,883.25
2026-04-01 08:30:00,883.25
2026-04-01 08:45:00,883.25
2026-04-01 09:00:00,883.25
2026-04-01 09:15:00,883.25
2026-04-01 09:30:00,883.25
2026-04-01 09:45:00,883.25
2026-04-01 10:00:00,883.25
2026-04-01 10:15:00,883.25
2026-04-01 10:30:00,883.25
2026-04-01 10:45:00,883.25
2026-04-01 11:00:00,864.75
2026-04-01 11:15:00,864.75
2026-04-01 11:30:00,864.75
2026-04-01 11:45:00,864.75
2026-04-01 12:00:00,864.75
2026-04-01 12:15:00,864.75
2026-04-01 12:30:00,864.75
2026-04-01 12:45:00,864.75
2026-04-01 13:00:00,861.75
2026-04-01 13:15:00,861.75
2026-04-01 13:30:00,861.75
2026-04-01 13:45:00,861.75
2026-04-01 14:00:00,861.75
2026-04-01 14:15:00,861.75
2026-04-01 14:30:00,861.75
2026-04-01 14:45:00,861.75
2026-04-01 15:00:00,861.75
2026-04-01 15:15:00,861.75
2026-04-01 15:30:00,861.75
2026-04-01 15:45:00,861.75
2026-04-01 16:00:00,905.428
2026-04-01 16:15:00,1063.129
2026-04-01 16:30:00,1107.631
2026-04-01 16:45:00,939.569
2026-04-01 17:00:00,901.529
2026-04-01 17:15:00,917.25
2026-04-01 17:30:00,917.25
2026-04-01 17:45:00,942.618
2026-04-01 18:00:00,987.067
2026-04-01 18:15:00,1090.587
2026-04-01 18:30:00,1109.341
2026-04-01 18:45:00,1115.1
2026-04-01 19:00:00,1113.384
2026-04-01 19:15:00,1099.129
2026-04-01 19:30:00,1232.34
2026-04-01 19:45:00,1161.911
2026-04-01 20:00:00,1144.776
2026-04-01 20:15:00,1099.776
2026-04-01 20:30:00,1133.801
2026-04-01 20:45:00,1132.305
2026-04-01 21:00:00,1118.737
2026-04-01 21:15:00,1048.645
2026-04-01 21:30:00,1111.173
2026-04-01 21:45:00,1188.782
2026-04-01 22:00:00,1098.799
2026-04-01 22:15:00,1134.142
2026-04-01 22:30:00,1127.473
2026-04-01 22:45:00,1107.75
2026-04-01 23:00:00,1271.07
2026-04-01 23:15:00,1477.771
2026-04-01 23:30:00,1570.23
2026-04-01 23:45:00,1659.841
2026-04-02 00:00:00,1450.124
2026-04-02 00:15:00,1419.98
2026-04-02 00:30:00,1410.604
2026-04-02 00:45:00,1435.69
2026-04-02 01:00:00,1339.736
2026-04-02 01:15:00,1231.616
2026-04-02 01:30:00,1183.403
2026-04-02 01:45:00,1165.25
2026-04-02 02:00:00,1123.922
2026-04-02 02:15:00,1078.922
2026-04-02 02:30:00,1034.517
2026-04-02 02:45:00,1007.75
2026-04-02 03:00:00,1007.0
2026-04-02 03:15:00,1007.0
2026-04-02 03:30:00,1007.0
2026-04-02 03:45:00,1007.0
2026-04-02 04:00:00,1004.25
2026-04-02 04:15:00,1004.25
2026-04-02 04:30:00,1004.25
2026-04-02 04:45:00,1004.25
2026-04-02 05:00:00,1007.0
2026-04-02 05:15:00,1007.0
2026-04-02 05:30:00,1007.0
2026-04-02 05:45:00,1007.0
2026-04-02 06:00:00,1007.75
2026-04-02 06:15:00,1007.75
2026-04-02 06:30:00,1019.415
2026-04-02 06:45:00,1200.478
2026-04-02 07:00:00,1343.987
2026-04-02 07:15:00,1406.669
2026-04-02 07:30:00,1483.356
2026-04-02 07:45:00,1688.765
2026-04-02 08:00:00,1865.185
2026-04-02 08:15:00,1693.972
2026-04-02 08:30:00,1777.688
2026-04-02 08:45:00,1909.318
2026-04-02 09:00:00,1679.384
2026-04-02 09:15:00,1723.323
2026-04-02 09:30:00,1548.197
2026-04-02 09:45:00,1673.139
2026-04-02 10:00:00,1594.921
2026-04-02 10:15:00,1449.8
2026-04-02 10:30:00,1570.429
2026-04-02 10:45:00,1637.844
2026-04-02 11:00:00,1654.39
2026-04-02 11:15:00,1443.476
2026-04-02 11:30:00,1452.537
2026-04-02 11:45:00,1530.057
2026-04-02 12:00:00,1760.135
2026-04-02 12:15:00,1706.539
2026-04-02 12:30:00,1723.154
2026-04-02 12:45:00,1720.955
2026-04-02 13:00:00,1823.819
2026-04-02 13:15:00,1941.839
2026-04-02 13:30:00,1956.968
2026-04-02 13:45:00,1959.37
2026-04-02 14:00:00,1851.209
2026-04-02 14:15:00,1750.877
2026-04-02 14:30:00,1779.015
2026-04-02 14:45:00,1742.753
2026-04-02 15:00:00,1727.645
2026-04-02 15:15:00,1791.581
2026-04-02 15:30:00,1740.731
2026-04-02 15:45:00,1693.598
2026-04-02 16:00:00,1574.704
2026-04-02 16:15:00,1507.829
2026-04-02 16:30:00,1453.32
2026-04-02 16:45:00,1537.663
2026-04-02 17:00:00,1714.422
2026-04-02 17:15:00,1711.336
2026-04-02 17:30:00,1747.257
2026-04-02 17:45:00,1794.914
2026-04-02 18:00:00,1758.417
2026-04-02 18:15:00,1769.142
2026-04-02 18:30:00,1784.039
2026-04-02 18:45:00,1733.31
2026-04-02 19:00:00,1835.964
2026-04-02 19:15:00,1856.514
2026-04-02 19:30:00,1798.788
2026-04-02 19:45:00,1776.2
2026-04-02 20:00:00,1763.291
2026-04-02 20:15:00,1800.93
2026-04-02 20:30:00,1738.396
2026-04-02 20:45:00,1734.112
2026-04-02 21:00:00,1674.643
2026-04-02 21:15:00,1665.341
2026-04-02 21:30:00,1672.861
2026-04-02 21:45:00,1571.762
2026-04-02 22:00:00,1443.996
2026-04-02 22:15:00,1400.009
2026-04-02 22:30:00,1519.117
2026-04-02 22:45:00,1438.223
2026-04-02 23:00:00,1484.883
2026-04-02 23:15:00,1404.19
2026-04-02 23:30:00,1328.792
2026-04-02 23:45:00,1448.177
2026-04-03 00:00:00,1202.875
2026-04-03 00:15:00,1217.778
2026-04-03 00:30:00,1070.582
2026-04-03 00:45:00,987.043
2026-04-03 01:00:00,966.209
2026-04-03 01:15:00,960.25
2026-04-03 01:30:00,979.0
2026-04-03 01:45:00,960.25
2026-04-03 02:00:00,960.25
2026-04-03 02:15:00,960.25
2026-04-03 02:30:00,964.627
2026-04-03 02:45:00,960.25
2026-04-03 03:00:00,960.25
2026-04-03 03:15:00,960.25
2026-04-03 03:30:00,960.25
2026-04-03 03:45:00,960.25
2026-04-03 04:00:00,960.25
2026-04-03 04:15:00,960.25
2026-04-03 04:30:00,960.25
2026-04-03 04:45:00,960.25
2026-04-03 05:00:00,960.25
2026-04-03 05:15:00,960.25
2026-04-03 05:30:00,960.25
2026-04-03 05:45:00,960.25
2026-04-03 06:00:00,960.25
2026-04-03 06:15:00,960.25
2026-04-03 06:30:00,960.25
2026-04-03 06:45:00,960.25
2026-04-03 07:00:00,960.25
2026-04-03 07:15:00,989.545
2026-04-03 07:30:00,960.25
2026-04-03 07:45:00,960.25
2026-04-03 08:00:00,960.25
2026-04-03 08:15:00,1020.098
2026-04-03 08:30:00,1168.607
2026-04-03 08:45:00,1248.541
2026-04-03 09:00:00,1159.046
2026-04-03 09:15:00,1135.25
2026-04-03 09:30:00,1222.547
2026-04-03 09:45:00,1257.431
2026-04-03 10:00:00,1088.317
2026-04-03 10:15:00,1043.317
2026-04-03 10:30:00,1130.149
2026-04-03 10:45:00,1183.637
2026-04-03 11:00:00,1194.611
2026-04-03 11:15:00,1110.187
2026-04-03 11:30:00,1050.25
2026-04-03 11:45:00,1005.892
2026-04-03 12:00:00,961.576
2026-04-03 12:15:00,960.25
2026-04-03 12:30:00,960.25
2026-04-03 12:45:00,971.754
2026-04-03 13:00:00,960.25
2026-04-03 13:15:00,960.25
2026-04-03 13:30:00,960.25
2026-04-03 13:45:00,960.25
2026-04-03 14:00:00,960.25
2026-04-03 14:15:00,960.25
2026-04-03 14:30:00,960.25
2026-04-03 14:45:00,960.25
2026-04-03 15:00:00,960.25
2026-04-03 15:15:00,960.25
2026-04-03 15:30:00,960.25
2026-04-03 15:45:00,960.25
2026-04-03 16:00:00,960.25
2026-04-03 16:15:00,960.25
2026-04-03 16:30:00,960.25
2026-04-03 16:45:00,960.25
2026-04-03 17:00:00,960.25
2026-04-03 17:15:00,960.25
2026-04-03 17:30:00,960.25
2026-04-03 17:45:00,1006.775
2026-04-03 18:00:00,994.556
2026-04-03 18:15:00,1109.827
2026-04-03 18:30:00,1203.155
2026-04-03 18:45:00,1274.58
2026-04-03 19:00:00,1235.803
2026-04-03 19:15:00,1249.361
2026-04-03 19:30:00,1305.612
2026-04-03 19:45:00,1153.426
2026-04-03 20:00:00,1189.521
2026-04-03 20:15:00,1139.327
2026-04-03 20:30:00,1161.702
2026-04-03 20:45:00,1130.393
2026-04-03 21:00:00,1065.25
2026-04-03 21:15:00,1155.25
2026-04-03 21:30:00,1079.921
2026-04-03 21:45:00,1046.491
2026-04-03 22:00:00,1006.287
2026-04-03 22:15:00,954.107
2026-04-03 22:30:00,1089.624
2026-04-03 22:45:00,979.41
2026-04-03 23:00:00,1035.449
2026-04-03 23:15:00,1026.435
2026-04-03 23:30:00,1071.236
2026-04-03 23:45:00,1132.276
2026-04-04 00:00:00,1628.071
2026-04-04 00:15:00,1584.241
2026-04-04 00:30:00,1531.236
2026-04-04 00:45:00,1526.792
2026-04-04 01:00:00,1411.809
2026-04-04 01:15:00,1256.41
2026-04-04 01:30:00,1210.147
2026-04-04 01:45:00,1248.802
2026-04-04 02:00:00,1160.675
2026-04-04 02:15:00,937.75
2026-04-04 02:30:00,872.75
2026-04-04 02:45:00,872.75
2026-04-04 03:00:00,872.75
2026-04-04 03:15:00,872.75
2026-04-04 03:30:00,872.75
2026-04-04 03:45:00,873.997
2026-04-04 04:00:00,872.75
2026-04-04 04:15:00,872.75
2026-04-04 04:30:00,872.75
2026-04-04 04:45:00,872.75
2026-04-04 05:00:00,872.75
2026-04-04 05:15:00,872.75
2026-04-04 05:30:00,872.75
2026-04-04 05:45:00,872.75
2026-04-04 06:00:00,872.75
2026-04-04 06:15:00,872.75
2026-04-04 06:30:00,872.75
2026-04-04 06:45:00,934.146
2026-04-04 07:00:00,881.823
2026-04-04 07:15:00,945.408
2026-04-04 07:30:00,872.75
2026-04-04 07:45:00,872.75
2026-04-04 08:00:00,872.75
2026-04-04 08:15:00,872.75
2026-04-04 08:30:00,872.75
2026-04-04 08:45:00,872.75
2026-04-04 09:00:00,872.75
2026-04-04 09:15:00,872.75
2026-04-04 09:30:00,872.75
2026-04-04 09:45:00,872.75
2026-04-04 10:00:00,872.75
2026-04-04 10:15:00,872.75
2026-04-04 10:30:00,872.75
2026-04-04 10:45:00,872.75
2026-04-04 11:00:00,872.75
2026-04-04 11:15:00,872.75
2026-04-04 11:30:00,872.75
2026-04-04 11:45:00,872.75
2026-04-04 12:00:00,872.75
2026-04-04 12:15:00,872.75
2026-04-04 12:30:00,827.75
2026-04-04 12:45:00,827.75
2026-04-04 13:00:00,827.75
2026-04-04 13:15:00,827.75
2026-04-04 13:30:00,827.75
2026-04-04 13:45:00,827.75
2026-04-04 14:00:00,827.75
2026-04-04 14:15:00,827.75
2026-04-04 14:30:00,827.75
2026-04-04 14:45:00,827.75
2026-04-04 15:00:00,827.75
2026-04-04 15:15:00,827.75
2026-04-04 15:30:00,827.75
2026-04-04 15:45:00,827.75
2026-04-04 16:00:00,827.75
2026-04-04 16:15:00,827.75
2026-04-04 16:30:00,827.75
2026-04-04 16:45:00,827.75
2026-04-04 17:00:00,827.75
2026-04-04 17:15:00,872.75
2026-04-04 17:30:00,843.695
2026-04-04 17:45:00,902.0
2026-04-04 18:00:00,917.209
2026-04-04 18:15:00,933.07
2026-04-04 18:30:00,916.312
2026-04-04 18:45:00,960.082
2026-04-04 19:00:00,985.564
2026-04-04 19:15:00,990.58
2026-04-04 19:30:00,903.713
2026-04-04 19:45:00,902.0
2026-04-04 20:00:00,902.0
2026-04-04 20:15:00,902.0
2026-04-04 20:30:00,902.0
2026-04-04 20:45:00,902.0
2026-04-04 21:00:00,902.0
2026-04-04 21:15:00,902.0
2026-04-04 21:30:00,902.0
2026-04-04 21:45:00,902.0
2026-04-04 22:00:00,902.0
2026-04-04 22:15:00,902.0
2026-04-04 22:30:00,902.0
2026-04-04 22:45:00,902.0
2026-04-04 23:00:00,902.0
2026-04-04 23:15:00,902.0
2026-04-04 23:30:00,902.0
2026-04-04 23:45:00,902.0
2026-04-05 00:00:00,914.75
2026-04-05 00:15:00,914.75
2026-04-05 00:30:00,914.75
2026-04-05 00:45:00,914.75
2026-04-05 01:00:00,914.75
2026-04-05 01:15:00,892.25
2026-04-05 01:30:00,892.25
2026-04-05 01:45:00,892.25
2026-04-05 02:00:00,892.25
2026-04-05 02:15:00,892.25
2026-04-05 02:30:00,892.25
2026-04-05 02:45:00,892.25
2026-04-05 03:00:00,892.25
2026-04-05 03:15:00,892.25
2026-04-05 03:30:00,892.25
2026-04-05 03:45:00,892.25
2026-04-05 04:00:00,892.25
2026-04-05 04:15:00,892.25
2026-04-05 04:30:00,892.25
2026-04-05 04:45:00,892.25
2026-04-05 05:00:00,892.25
2026-04-05 05:15:00,892.25
2026-04-05 05:30:00,892.25
2026-04-05 05:45:00,892.25
2026-04-05 06:00:00,892.25
2026-04-05 06:15:00,892.25
2026-04-05 06:30:00,892.25
2026-04-05 06:45:00,892.25
2026-04-05 07:00:00,892.25
2026-04-05 07:15:00,892.25
2026-04-05 07:30:00,892.25
2026-04-05 07:45:00,892.25
2026-04-05 08:00:00,892.25
2026-04-05 08:15:00,892.25
2026-04-05 08:30:00,892.25
2026-04-05 08:45:00,892.25
2026-04-05 09:00:00,892.25
2026-04-05 09:15:00,892.25
2026-04-05 09:30:00,892.25
2026-04-05 09:45:00,892.25
2026-04-05 10:00:00,892.25
2026-04-05 10:15:00,803.5
2026-04-05 10:30:00,803.5
2026-04-05 10:45:00,756.25
2026-04-05 11:00:00,756.25
2026-04-05 11:15:00,714.916
2026-04-05 11:30:00,711.25
2026-04-05 11:45:00,711.25
2026-04-05 12:00:00,711.25
2026-04-05 12:15:00,711.25
2026-04-05 12:30:00,711.25
2026-04-05 12:45:00,711.25
2026-04-05 13:00:00,711.25
2026-04-05 13:15:00,711.25
2026-04-05 13:30:00,711.25
2026-04-05 13:45:00,711.25
2026-04-05 14:00:00,711.25
2026-04-05 14:15:00,711.25
2026-04-05 14:30:00,711.25
2026-04-05 14:45:00,711.25
2026-04-05 15:00:00,711.25
2026-04-05 15:15:00,711.25
2026-04-05 15:30:00,711.25
2026-04-05 15:45:00,711.25
2026-04-05 16:00:00,717.25
2026-04-05 16:15:00,717.25
2026-04-05 16:30:00,726.453
2026-04-05 16:45:00,811.341
2026-04-05 17:00:00,717.25
2026-04-05 17:15:00,717.25
2026-04-05 17:30:00,717.25
2026-04-05 17:45:00,717.25
2026-04-05 18:00:00,724.211
2026-04-05 18:15:00,719.935
2026-04-05 18:30:00,721.419
2026-04-05 18:45:00,725.978
2026-04-05 19:00:00,762.25
2026-04-05 19:15:00,771.397
2026-04-05 19:30:00,762.25
2026-04-05 19:45:00,762.25
2026-04-05 20:00:00,762.25
2026-04-05 20:15:00,762.25
2026-04-05 20:30:00,762.25
2026-04-05 20:45:00,762.25
2026-04-05 21:00:00,762.25
2026-04-05 21:15:00,762.25
2026-04-05 21:30:00,762.25
2026-04-05 21:45:00,762.25
2026-04-05 22:00:00,757.25
2026-04-05 22:15:00,757.25
2026-04-05 22:30:00,757.25
2026-04-05 22:45:00,757.25
2026-04-05 23:00:00,757.25
2026-04-05 23:15:00,757.25
2026-04-05 23:30:00,757.25
2026-04-05 23:45:00,757.25
2026-04-06 00:00:00,762.25
2026-04-06 00:15:00,762.25
2026-04-06 00:30:00,767.479
2026-04-06 00:45:00,762.25
2026-04-06 01:00:00,762.25
2026-04-06 01:15:00,762.25
2026-04-06 01:30:00,762.25
2026-04-06 01:45:00,762.25
2026-04-06 02:00:00,762.25
2026-04-06 02:15:00,762.25
2026-04-06 02:30:00,762.25
2026-04-06 02:45:00,762.25
2026-04-06 03:00:00,762.25
2026-04-06 03:15:00,762.25
2026-04-06 03:30:00,762.25
2026-04-06 03:45:00,762.25
2026-04-06 04:00:00,762.25
2026-04-06 04:15:00,762.25
2026-04-06 04:30:00,762.25
2026-04-06 04:45:00,762.25
2026-04-06 05:00:00,762.25
2026-04-06 05:15:00,762.25
2026-04-06 05:30:00,762.25
2026-04-06 05:45:00,762.25
2026-04-06 06:00:00,762.25
2026-04-06 06:15:00,762.25
2026-04-06 06:30:00,762.25
2026-04-06 06:45:00,762.25
2026-04-06 07:00:00,762.25
2026-04-06 07:15:00,762.25
2026-04-06 07:30:00,762.25
2026-04-06 07:45:00,762.25
2026-04-06 08:00:00,943.907
2026-04-06 08:15:00,1025.133
2026-04-06 08:30:00,965.496
2026-04-06 08:45:00,807.25
2026-04-06 09:00:00,782.07
2026-04-06 09:15:00,878.084
2026-04-06 09:30:00,771.638
2026-04-06 09:45:00,762.25
2026-04-06 10:00:00,762.25
2026-04-06 10:15:00,762.25
2026-04-06 10:30:00,921.085
2026-04-06 10:45:00,982.499
2026-04-06 11:00:00,822.249
2026-04-06 11:15:00,767.75
2026-04-06 11:30:00,762.25
2026-04-06 11:45:00,762.25
2026-04-06 12:00:00,762.25
2026-04-06 12:15:00,762.25
2026-04-06 12:30:00,762.25
2026-04-06 12:45:00,762.25
2026-04-06 13:00:00,762.25
2026-04-06 13:15:00,762.25
2026-04-06 13:30:00,838.499
2026-04-06 13:45:00,762.25
2026-04-06 14:00:00,762.25
2026-04-06 14:15:00,762.25
2026-04-06 14:30:00,762.25
2026-04-06 14:45:00,762.25
2026-04-06 15:00:00,762.315
2026-04-06 15:15:00,808.983
2026-04-06 15:30:00,769.315
2026-04-06 15:45:00,836.396
2026-04-06 16:00:00,762.25
2026-04-06 16:15:00,762.25
2026-04-06 16:30:00,762.25
2026-04-06 16:45:00,762.25
2026-04-06 17:00:00,767.41
2026-04-06 17:15:00,856.585
2026-04-06 17:30:00,829.037
2026-04-06 17:45:00,780.584
2026-04-06 18:00:00,808.07
2026-04-06 18:15:00,796.254
2026-04-06 18:30:00,801.309
2026-04-06 18:45:00,787.971
2026-04-06 19:00:00,800.475
2026-04-06 19:15:00,838.89
2026-04-06 19:30:00,809.676
2026-04-06 19:45:00,771.544
2026-04-06 20:00:00,771.742
2026-04-06 20:15:00,773.223
2026-04-06 20:30:00,762.25
2026-04-06 20:45:00,762.25
2026-04-06 21:00:00,762.25
2026-04-06 21:15:00,762.25
2026-04-06 21:30:00,762.25
2026-04-06 21:45:00,762.25
2026-04-06 22:00:00,762.25
2026-04-06 22:15:00,762.25
2026-04-06 22:30:00,762.25
2026-04-06 22:45:00,762.25
2026-04-06 23:00:00,762.25
2026-04-06 23:15:00,820.918
2026-04-06 23:30:00,891.821
2026-04-06 23:45:00,862.25
2026-04-07 00:00:00,1023.65
2026-04-07 00:15:00,947.671
2026-04-07 00:30:00,1048.069
2026-04-07 00:45:00,1002.489
2026-04-07 01:00:00,887.25
2026-04-07 01:15:00,857.378
2026-04-07 01:30:00,818.493
2026-04-07 01:45:00,801.328
2026-04-07 02:00:00,757.25
2026-04-07 02:15:00,794.593
2026-04-07 02:30:00,757.25
2026-04-07 02:45:00,757.25
2026-04-07 03:00:00,757.25
2026-04-07 03:15:00,757.25
2026-04-07 03:30:00,757.25
2026-04-07 03:45:00,757.25
2026-04-07 04:00:00,847.221
2026-04-07 04:15:00,779.084
2026-04-07 04:30:00,786.888
2026-04-07 04:45:00,767.604
2026-04-07 05:00:00,757.25
2026-04-07 05:15:00,757.25
2026-04-07 05:30:00,757.25
2026-04-07 05:45:00,757.25
2026-04-07 06:00:00,757.25
2026-04-07 06:15:00,757.25
2026-04-07 06:30:00,762.626
2026-04-07 06:45:00,1032.898
2026-04-07 07:00:00,883.288
2026-04-07 07:15:00,831.702
2026-04-07 07:30:00,804.447
2026-04-07 07:45:00,834.56
2026-04-07 08:00:00,802.667
2026-04-07 08:15:00,779.75
2026-04-07 08:30:00,958.317
2026-04-07 08:45:00,846.076
2026-04-07 09:00:00,876.937
2026-04-07 09:15:00,890.474
2026-04-07 09:30:00,821.604
2026-04-07 09:45:00,791.637
2026-04-07 10:00:00,842.945
2026-04-07 10:15:00,885.31
2026-04-07 10:30:00,853.208
2026-04-07 10:45:00,956.086
2026-04-07 11:00:00,1114.58
2026-04-07 11:15:00,1022.874
2026-04-07 11:30:00,839.816
2026-04-07 11:45:00,1035.758
2026-04-07 12:00:00,1472.166
2026-04-07 12:15:00,1216.247
2026-04-07 12:30:00,1231.78
2026-04-07 12:45:00,1117.789
2026-04-07 13:00:00,1237.699
2026-04-07 13:15:00,1313.556
2026-04-07 13:30:00,1330.849
2026-04-07 13:45:00,1120.274
2026-04-07 14:00:00,1060.589
2026-04-07 14:15:00,966.538
2026-04-07 14:30:00,904.614
2026-04-07 14:45:00,919.771
2026-04-07 15:00:00,1115.137
2026-04-07 15:15:00,1120.733
2026-04-07 15:30:00,1179.99
2026-04-07 15:45:00,1203.523
2026-04-07 16:00:00,1091.833
2026-04-07 16:15:00,1135.276
2026-04-07 16:30:00,1110.573
2026-04-07 16:45:00,1156.255
2026-04-07 17:00:00,1242.668
2026-04-07 17:15:00,1250.116
2026-04-07 17:30:00,1185.966
2026-04-07 17:45:00,973.864
2026-04-07 18:00:00,968.221
2026-04-07 18:15:00,884.792
2026-04-07 18:30:00,931.948
2026-04-07 18:45:00,910.004
2026-04-07 19:00:00,1109.85
2026-04-07 19:15:00,1154.418
2026-04-07 19:30:00,1052.586
2026-04-07 19:45:00,888.395
2026-04-07 20:00:00,902.139
2026-04-07 20:15:00,884.883
2026-04-07 20:30:00,853.21
2026-04-07 20:45:00,915.535
2026-04-07 21:00:00,898.562
2026-04-07 21:15:00,851.263
2026-04-07 21:30:00,865.253
2026-04-07 21:45:00,871.751
2026-04-07 22:00:00,827.0
2026-04-07 22:15:00,848.302
2026-04-07 22:30:00,1052.11
2026-04-07 22:45:00,966.577
2026-04-07 23:00:00,941.375
2026-04-07 23:15:00,896.375
2026-04-07 23:30:00,864.079
2026-04-07 23:45:00,827.0
2026-04-08 00:00:00,861.906
2026-04-08 00:15:00,838.5
2026-04-08 00:30:00,848.476
2026-04-08 00:45:00,842.23
2026-04-08 01:00:00,840.164
2026-04-08 01:15:00,838.5
2026-04-08 01:30:00,838.5
2026-04-08 01:45:00,838.5
2026-04-08 02:00:00,838.5
2026-04-08 02:15:00,838.5
2026-04-08 02:30:00,838.5
2026-04-08 02:45:00,838.5
2026-04-08 03:00:00,838.5
2026-04-08 03:15:00,838.5
2026-04-08 03:30:00,838.5
2026-04-08 03:45:00,838.5
2026-04-08 04:00:00,838.5
2026-04-08 04:15:00,838.5
2026-04-08 04:30:00,838.5
2026-04-08 04:45:00,838.5
2026-04-08 05:00:00,838.5
2026-04-08 05:15:00,838.5
2026-04-08 05:30:00,838.5
2026-04-08 05:45:00,838.5
2026-04-08 06:00:00,838.5
2026-04-08 06:15:00,838.5
2026-04-08 06:30:00,838.5
2026-04-08 06:45:00,838.5
2026-04-08 07:00:00,838.5
2026-04-08 07:15:00,838.5
2026-04-08 07:30:00,838.5
2026-04-08 07:45:00,853.628
2026-04-08 08:00:00,867.329
2026-04-08 08:15:00,913.5
2026-04-08 08:30:00,913.5
2026-04-08 08:45:00,913.5
2026-04-08 09:00:00,913.5
2026-04-08 09:15:00,913.5
2026-04-08 09:30:00,893.722
2026-04-08 09:45:00,891.0
2026-04-08 10:00:00,921.205
2026-04-08 10:15:00,891.0
2026-04-08 10:30:00,891.0
2026-04-08 10:45:00,891.0
2026-04-08 11:00:00,891.0
2026-04-08 11:15:00,891.0
2026-04-08 11:30:00,891.0
2026-04-08 11:45:00,891.0
2026-04-08 12:00:00,891.0
2026-04-08 12:15:00,891.0
2026-04-08 12:30:00,891.0
2026-04-08 12:45:00,891.0
2026-04-08 13:00:00,891.0
2026-04-08 13:15:00,891.0
2026-04-08 13:30:00,891.0
2026-04-08 13:45:00,891.0
2026-04-08 14:00:00,891.0
2026-04-08 14:15:00,891.0
2026-04-08 14:30:00,891.0
2026-04-08 14:45:00,891.0
2026-04-08 15:00:00,891.0
2026-04-08 15:15:00,891.0
2026-04-08 15:30:00,891.0
2026-04-08 15:45:00,891.0
2026-04-08 16:00:00,891.0
2026-04-08 16:15:00,891.0
2026-04-08 16:30:00,891.0
2026-04-08 16:45:00,891.0
2026-04-08 17:00:00,891.0
2026-04-08 17:15:00,891.0
2026-04-08 17:30:00,891.0
2026-04-08 17:45:00,903.441
2026-04-08 18:00:00,935.799
2026-04-08 18:15:00,943.463
2026-04-08 18:30:00,947.341
2026-04-08 18:45:00,922.48
2026-04-08 19:00:00,905.847
2026-04-08 19:15:00,910.536
2026-04-08 19:30:00,891.0
2026-04-08 19:45:00,891.0
2026-04-08 20:00:00,894.964
2026-04-08 20:15:00,891.0
2026-04-08 20:30:00,905.28
2026-04-08 20:45:00,891.0
2026-04-08 21:00:00,891.0
2026-04-08 21:15:00,891.0
2026-04-08 21:30:00,896.333
2026-04-08 21:45:00,891.0
2026-04-08 22:00:00,891.0
2026-04-08 22:15:00,891.0
2026-04-08 22:30:00,891.0
2026-04-08 22:45:00,891.0
2026-04-08 23:00:00,891.0
2026-04-08 23:15:00,891.0
2026-04-08 23:30:00,891.0
2026-04-08 23:45:00,891.0
2026-04-09 00:00:00,903.5
2026-04-09 00:15:00,903.5
2026-04-09 00:30:00,903.5
2026-04-09 00:45:00,903.5
2026-04-09 01:00:00,903.5
2026-04-09 01:15:00,903.5
2026-04-09 01:30:00,903.5
2026-04-09 01:45:00,903.5
2026-04-09 02:00:00,903.5
2026-04-09 02:15:00,903.5
2026-04-09 02:30:00,903.5
2026-04-09 02:45:00,903.5
2026-04-09 03:00:00,903.5
2026-04-09 03:15:00,903.5
2026-04-09 03:30:00,903.5
2026-04-09 03:45:00,903.5
2026-04-09 04:00:00,903.5
2026-04-09 04:15:00,903.5
2026-04-09 04:30:00,903.5
2026-04-09 04:45:00,903.5
2026-04-09 05:00:00,903.5
2026-04-09 05:15:00,903.5
2026-04-09 05:30:00,903.5
2026-04-09 05:45:00,903.5
2026-04-09 06:00:00,903.5
2026-04-09 06:15:00,903.5
2026-04-09 06:30:00,903.5
2026-04-09 06:45:00,903.5
2026-04-09 07:00:00,903.5
2026-04-09 07:15:00,903.5
2026-04-09 07:30:00,903.5
2026-04-09 07:45:00,903.5
2026-04-09 08:00:00,903.5
2026-04-09 08:15:00,903.5
2026-04-09 08:30:00,903.5
2026-04-09 08:45:00,903.5
2026-04-09 09:00:00,903.5
2026-04-09 09:15:00,903.5
2026-04-09 09:30:00,903.5
2026-04-09 09:45:00,903.5
2026-04-09 10:00:00,903.5
2026-04-09 10:15:00,903.5
2026-04-09 10:30:00,903.5
2026-04-09 10:45:00,903.5
2026-04-09 11:00:00,891.0
2026-04-09 11:15:00,891.0
2026-04-09 11:30:00,891.0
2026-04-09 11:45:00,891.0
2026-04-09 12:00:00,891.0
2026-04-09 12:15:00,891.0
2026-04-09 12:30:00,891.0
2026-04-09 12:45:00,891.0
2026-04-09 13:00:00,891.0
2026-04-09 13:15:00,891.0
2026-04-09 13:30:00,891.0
2026-04-09 13:45:00,891.0
2026-04-09 14:00:00,903.5
2026-04-09 14:15:00,903.5
2026-04-09 14:30:00,903.5
2026-04-09 14:45:00,1021.337
2026-04-09 15:00:00,1039.09
2026-04-09 15:15:00,1023.371
2026-04-09 15:30:00,1060.156
2026-04-09 15:45:00,1236.609
2026-04-09 16:00:00,1262.962
2026-04-09 16:15:00,1150.118
2026-04-09 16:30:00,1089.732
2026-04-09 16:45:00,1158.424
2026-04-09 17:00:00,1065.098
2026-04-09 17:15:00,1017.984
2026-04-09 17:30:00,957.23
2026-04-09 17:45:00,930.696
2026-04-09 18:00:00,974.477
2026-04-09 18:15:00,975.822
2026-04-09 18:30:00,936.604
2026-04-09 18:45:00,932.921
2026-04-09 19:00:00,933.487
2026-04-09 19:15:00,1017.297
2026-04-09 19:30:00,954.741
2026-04-09 19:45:00,958.604
2026-04-09 20:00:00,903.5
2026-04-09 20:15:00,903.5
2026-04-09 20:30:00,903.5
2026-04-09 20:45:00,909.343
2026-04-09 21:00:00,903.5
2026-04-09 21:15:00,903.5
2026-04-09 21:30:00,903.5
2026-04-09 21:45:00,903.5
2026-04-09 22:00:00,903.5
2026-04-09 22:15:00,903.5
2026-04-09 22:30:00,903.5
2026-04-09 22:45:00,903.5
2026-04-09 23:00:00,903.5
2026-04-09 23:15:00,903.5
2026-04-09 23:30:00,903.5
2026-04-09 23:45:00,903.5
2026-04-10 00:00:00,908.765
2026-04-10 00:15:00,900.413
2026-04-10 00:30:00,899.75
2026-04-10 00:45:00,903.96
2026-04-10 01:00:00,899.75
2026-04-10 01:15:00,899.75
2026-04-10 01:30:00,906.872
2026-04-10 01:45:00,899.75
2026-04-10 02:00:00,899.75
2026-04-10 02:15:00,899.75
2026-04-10 02:30:00,899.75
2026-04-10 02:45:00,899.75
2026-04-10 03:00:00,894.5
2026-04-10 03:15:00,894.5
2026-04-10 03:30:00,894.5
2026-04-10 03:45:00,894.5
2026-04-10 04:00:00,892.25
2026-04-10 04:15:00,892.25
2026-04-10 04:30:00,892.25
2026-04-10 04:45:00,892.25
2026-04-10 05:00:00,899.75
2026-04-10 05:15:00,899.75
2026-04-10 05:30:00,899.75
2026-04-10 05:45:00,899.75
2026-04-10 06:00:00,899.75
2026-04-10 06:15:00,899.75
2026-04-10 06:30:00,899.75
2026-04-10 06:45:00,899.75
2026-04-10 07:00:00,899.75
2026-04-10 07:15:00,899.75
2026-04-10 07:30:00,899.75
2026-04-10 07:45:00,899.75
2026-04-10 08:00:00,891.0
2026-04-10 08:15:00,891.0
2026-04-10 08:30:00,891.0
2026-04-10 08:45:00,891.0
2026-04-10 09:00:00,899.75
2026-04-10 09:15:00,899.75
2026-04-10 09:30:00,899.75
2026-04-10 09:45:00,899.75
2026-04-10 10:00:00,899.75
2026-04-10 10:15:00,899.75
2026-04-10 10:30:00,899.75
2026-04-10 10:45:00,1112.0
2026-04-10 11:00:00,1240.586
2026-04-10 11:15:00,1054.586
2026-04-10 11:30:00,923.833
2026-04-10 11:45:00,899.75
2026-04-10 12:00:00,944.15
2026-04-10 12:15:00,899.75
2026-04-10 12:30:00,934.407
2026-04-10 12:45:00,899.75
2026-04-10 13:00:00,899.75
2026-04-10 13:15:00,899.75
2026-04-10 13:30:00,980.166
2026-04-10 13:45:00,1147.123
2026-04-10 14:00:00,1114.692
2026-04-10 14:15:00,971.147
2026-04-10 14:30:00,1033.969
2026-04-10 14:45:00,1186.039
2026-04-10 15:00:00,1013.826
2026-04-10 15:15:00,934.18
2026-04-10 15:30:00,981.624
2026-04-10 15:45:00,932.069
2026-04-10 16:00:00,899.75
2026-04-10 16:15:00,899.75
2026-04-10 16:30:00,899.75
2026-04-10 16:45:00,1112.0
2026-04-10 17:00:00,926.0
2026-04-10 17:15:00,899.75
2026-04-10 17:30:00,899.75
2026-04-10 17:45:00,976.856
2026-04-10 18:00:00,921.884
2026-04-10 18:15:00,929.218
2026-04-10 18:30:00,1020.304
2026-04-10 18:45:00,1026.591
2026-04-10 19:00:00,1065.228
2026-04-10 19:15:00,1047.082
2026-04-10 19:30:00,1009.203
2026-04-10 19:45:00,993.15
2026-04-10 20:00:00,993.548
2026-04-10 20:15:00,973.767
2026-04-10 20:30:00,899.75
2026-04-10 20:45:00,899.75
2026-04-10 21:00:00,887.25
2026-04-10 21:15:00,898.314
2026-04-10 21:30:00,963.489
2026-04-10 21:45:00,887.25
2026-04-10 22:00:00,887.25
2026-04-10 22:15:00,887.25
2026-04-10 22:30:00,887.25
2026-04-10 22:45:00,887.25
2026-04-10 23:00:00,887.25
2026-04-10 23:15:00,887.25
2026-04-10 23:30:00,887.25
2026-04-10 23:45:00,887.25
2026-04-11 00:00:00,899.75
2026-04-11 00:15:00,899.75
2026-04-11 00:30:00,899.75
2026-04-11 00:45:00,899.75
2026-04-11 01:00:00,899.75
2026-04-11 01:15:00,899.75
2026-04-11 01:30:00,899.75
2026-04-11 01:45:00,899.75
2026-04-11 02:00:00,899.75
2026-04-11 02:15:00,899.75
2026-04-11 02:30:00,899.75
2026-04-11 02:45:00,899.75
2026-04-11 03:00:00,899.75
2026-04-11 03:15:00,899.75
2026-04-11 03:30:00,899.75
2026-04-11 03:45:00,899.75
2026-04-11 04:00:00,899.75
2026-04-11 04:15:00,899.75
2026-04-11 04:30:00,899.75
2026-04-11 04:45:00,899.75
2026-04-11 05:00:00,899.75
2026-04-11 05:15:00,899.75
2026-04-11 05:30:00,899.75
2026-04-11 05:45:00,899.75
2026-04-11 06:00:00,899.75
2026-04-11 06:15:00,899.75
2026-04-11 06:30:00,899.75
2026-04-11 06:45:00,899.75
2026-04-11 07:00:00,899.75
2026-04-11 07:15:00,899.75
2026-04-11 07:30:00,899.75
2026-04-11 07:45:00,899.75
2026-04-11 08:00:00,899.75
2026-04-11 08:15:00,899.75
2026-04-11 08:30:00,899.75
2026-04-11 08:45:00,899.75
2026-04-11 09:00:00,899.75
2026-04-11 09:15:00,1007.807
2026-04-11 09:30:00,1062.442
2026-04-11 09:45:00,957.285
2026-04-11 10:00:00,901.684
2026-04-11 10:15:00,899.75
2026-04-11 10:30:00,899.75
2026-04-11 10:45:00,899.75
2026-04-11 11:00:00,899.75
2026-04-11 11:15:00,899.75
2026-04-11 11:30:00,899.75
2026-04-11 11:45:00,899.75
2026-04-11 12:00:00,918.5
2026-04-11 12:15:00,920.859
2026-04-11 12:30:00,962.043
2026-04-11 12:45:00,1079.214
2026-04-11 13:00:00,1273.389
2026-04-11 13:15:00,1290.162
2026-04-11 13:30:00,1112.0
2026-04-11 13:45:00,979.576
2026-04-11 14:00:00,1184.078
2026-04-11 14:15:00,1005.826
2026-04-11 14:30:00,909.188
2026-04-11 14:45:00,899.75
2026-04-11 15:00:00,899.75
2026-04-11 15:15:00,899.75
2026-04-11 15:30:00,899.75
2026-04-11 15:45:00,899.75
2026-04-11 16:00:00,899.75
2026-04-11 16:15:00,899.75
2026-04-11 16:30:00,899.75
2026-04-11 16:45:00,899.75
2026-04-11 17:00:00,899.75
2026-04-11 17:15:00,899.75
2026-04-11 17:30:00,899.75
2026-04-11 17:45:00,906.068
2026-04-11 18:00:00,921.215
2026-04-11 18:15:00,899.75
2026-04-11 18:30:00,902.023
2026-04-11 18:45:00,927.371
2026-04-11 19:00:00,932.603
2026-04-11 19:15:00,941.588
2026-04-11 19:30:00,912.676
2026-04-11 19:45:00,908.646
2026-04-11 20:00:00,899.75
2026-04-11 20:15:00,899.75
2026-04-11 20:30:00,899.75
2026-04-11 20:45:00,899.75
2026-04-11 21:00:00,899.75
2026-04-11 21:15:00,899.75
2026-04-11 21:30:00,899.75
2026-04-11 21:45:00,899.75
2026-04-11 22:00:00,899.75
2026-04-11 22:15:00,899.75
2026-04-11 22:30:00,899.75
2026-04-11 22:45:00,899.75
2026-04-11 23:00:00,899.75
2026-04-11 23:15:00,899.75
2026-04-11 23:30:00,899.75
2026-04-11 23:45:00,899.75
2026-04-12 00:00:00,958.886
2026-04-12 00:15:00,899.75
2026-04-12 00:30:00,899.75
2026-04-12 00:45:00,910.268
2026-04-12 01:00:00,944.186
2026-04-12 01:15:00,899.75
2026-04-12 01:30:00,899.75
2026-04-12 01:45:00,899.75
2026-04-12 02:00:00,899.75
2026-04-12 02:15:00,899.75
2026-04-12 02:30:00,899.75
2026-04-12 02:45:00,899.75
2026-04-12 03:00:00,899.75
2026-04-12 03:15:00,899.75
2026-04-12 03:30:00,899.75
2026-04-12 03:45:00,936.355
2026-04-12 04:00:00,899.75
2026-04-12 04:15:00,899.75
2026-04-12 04:30:00,899.75
2026-04-12 04:45:00,1014.06
2026-04-12 05:00:00,1041.082
2026-04-12 05:15:00,1006.008
2026-04-12 05:30:00,899.75
2026-04-12 05:45:00,899.75
2026-04-12 06:00:00,899.75
2026-04-12 06:15:00,899.75
2026-04-12 06:30:00,899.75
2026-04-12 06:45:00,899.75
2026-04-12 07:00:00,899.75
2026-04-12 07:15:00,899.75
2026-04-12 07:30:00,926.1
2026-04-12 07:45:00,958.75
2026-04-12 08:00:00,899.75
2026-04-12 08:15:00,966.496
2026-04-12 08:30:00,899.75
2026-04-12 08:45:00,899.75
2026-04-12 09:00:00,899.75
2026-04-12 09:15:00,899.75
2026-04-12 09:30:00,899.75
2026-04-12 09:45:00,899.75
2026-04-12 10:00:00,909.486
2026-04-12 10:15:00,899.75
2026-04-12 10:30:00,1065.023
2026-04-12 10:45:00,1125.278
2026-04-12 11:00:00,1204.12
2026-04-12 11:15:00,1062.864
2026-04-12 11:30:00,1089.481
2026-04-12 11:45:00,1194.551
2026-04-12 12:00:00,1328.363
2026-04-12 12:15:00,1303.54
2026-04-12 12:30:00,1301.439
2026-04-12 12:45:00,1233.173
2026-04-12 13:00:00,1319.876
2026-04-12 13:15:00,1367.093
2026-04-12 13:30:00,1286.807
2026-04-12 13:45:00,1174.145
2026-04-12 14:00:00,981.942
2026-04-12 14:15:00,896.89
2026-04-12 14:30:00,887.25
2026-04-12 14:45:00,887.25
2026-04-12 15:00:00,899.75
2026-04-12 15:15:00,899.75
2026-04-12 15:30:00,899.75
2026-04-12 15:45:00,899.75
2026-04-12 16:00:00,899.75
2026-04-12 16:15:00,899.75
2026-04-12 16:30:00,899.75
2026-04-12 16:45:00,932.901
2026-04-12 17:00:00,1009.172
2026-04-12 17:15:00,975.306
2026-04-12 17:30:00,937.963
2026-04-12 17:45:00,899.75
2026-04-12 18:00:00,899.75
2026-04-12 18:15:00,899.75
2026-04-12 18:30:00,899.75
2026-04-12 18:45:00,911.294
2026-04-12 19:00:00,1162.979
2026-04-12 19:15:00,932.934
2026-04-12 19:30:00,894.75
2026-04-12 19:45:00,894.75
2026-04-12 20:00:00,894.75
2026-04-12 20:15:00,894.75
2026-04-12 20:30:00,894.75
2026-04-12 20:45:00,894.75
2026-04-12 21:00:00,894.75
2026-04-12 21:15:00,894.75
2026-04-12 21:30:00,894.75
2026-04-12 21:45:00,894.75
2026-04-12 22:00:00,894.75
2026-04-12 22:15:00,894.75
2026-04-12 22:30:00,894.75
2026-04-12 22:45:00,894.75
2026-04-12 23:00:00,899.75
2026-04-12 23:15:00,899.75
2026-04-12 23:30:00,899.75
2026-04-12 23:45:00,899.75
2026-04-13 00:00:00,892.0
2026-04-13 00:15:00,892.0
2026-04-13 00:30:00,892.0
2026-04-13 00:45:00,892.0
2026-04-13 01:00:00,892.0
2026-04-13 01:15:00,892.0
2026-04-13 01:30:00,892.0
2026-04-13 01:45:00,892.0
2026-04-13 02:00:00,864.779
2026-04-13 02:15:00,849.061
2026-04-13 02:30:00,844.75
2026-04-13 02:45:00,844.75
2026-04-13 03:00:00,844.75
2026-04-13 03:15:00,860.052
2026-04-13 03:30:00,872.734
2026-04-13 03:45:00,844.75
2026-04-13 04:00:00,844.75
2026-04-13 04:15:00,844.75
2026-04-13 04:30:00,844.75
2026-04-13 04:45:00,844.75
2026-04-13 05:00:00,844.75
2026-04-13 05:15:00,844.75
2026-04-13 05:30:00,844.75
2026-04-13 05:45:00,844.75
2026-04-13 06:00:00,844.75
2026-04-13 06:15:00,844.75
2026-04-13 06:30:00,844.75
2026-04-13 06:45:00,844.75
2026-04-13 07:00:00,844.75
2026-04-13 07:15:00,844.75
2026-04-13 07:30:00,844.75
2026-04-13 07:45:00,844.75
2026-04-13 08:00:00,844.75
2026-04-13 08:15:00,844.75
2026-04-13 08:30:00,844.75
2026-04-13 08:45:00,844.75
2026-04-13 09:00:00,844.75
2026-04-13 09:15:00,844.75
2026-04-13 09:30:00,844.75
2026-04-13 09:45:00,844.75
2026-04-13 10:00:00,936.526
2026-04-13 10:15:00,1059.239
2026-04-13 10:30:00,1144.196
2026-04-13 10:45:00,1141.115
2026-04-13 11:00:00,1028.179
2026-04-13 11:15:00,926.113
2026-04-13 11:30:00,844.75
2026-04-13 11:45:00,844.75
2026-04-13 12:00:00,898.852
2026-04-13 12:15:00,891.901
2026-04-13 12:30:00,844.75
2026-04-13 12:45:00,844.75
2026-04-13 13:00:00,0.0
2026-04-13 13:15:00,0.0
2026-04-13 13:30:00,0.0
2026-04-13 13:45:00,0.0
2026-04-13 14:00:00,0.0
2026-04-13 14:15:00,0.0
2026-04-13 14:30:00,0.0
2026-04-13 14:45:00,0.0
2026-04-13 15:00:00,0.0
2026-04-13 15:15:00,0.0
2026-04-13 15:30:00,0.0
2026-04-13 15:45:00,0.0
2026-04-13 16:00:00,0.0
2026-04-13 16:15:00,0.0
2026-04-13 16:30:00,0.0
2026-04-13 16:45:00,0.0
2026-04-13 17:00:00,0.0
2026-04-13 17:15:00,0.0
2026-04-13 17:30:00,0.0
2026-04-13 17:45:00,0.0
2026-04-13 18:00:00,0.0
2026-04-13 18:15:00,0.0
2026-04-13 18:30:00,0.0
2026-04-13 18:45:00,0.0
2026-04-13 19:00:00,0.0
2026-04-13 19:15:00,0.0
2026-04-13 19:30:00,0.0
2026-04-13 19:45:00,0.0
2026-04-13 20:00:00,0.0
2026-04-13 20:15:00,0.0
2026-04-13 20:30:00,0.0
2026-04-13 20:45:00,0.0
2026-04-13 21:00:00,0.0
2026-04-13 21:15:00,0.0
2026-04-13 21:30:00,0.0
2026-04-13 21:45:00,0.0
2026-04-13 22:00:00,0.0
2026-04-13 22:15:00,0.0
2026-04-13 22:30:00,0.0
2026-04-13 22:45:00,0.0
2026-04-13 23:00:00,0.0
2026-04-13 23:15:00,0.0
2026-04-13 23:30:00,0.0
2026-04-13 23:45:00,0.0
