time,实时总发电出力
2025-06-11 00:00:00,20079.7
2025-06-11 00:15:00,19834.4
2025-06-11 00:30:00,19609.8
2025-06-11 00:45:00,19434.7
2025-06-11 01:00:00,19274.3
2025-06-11 01:15:00,18922.1
2025-06-11 01:30:00,18431.5
2025-06-11 01:45:00,18271.6
2025-06-11 02:00:00,18165.8
2025-06-11 02:15:00,17823.8
2025-06-11 02:30:00,17717.5
2025-06-11 02:45:00,17504.5
2025-06-11 03:00:00,17277.9
2025-06-11 03:15:00,17237.1
2025-06-11 03:30:00,17037.2
2025-06-11 03:45:00,16882.3
2025-06-11 04:00:00,16832.8
2025-06-11 04:15:00,16749.8
2025-06-11 04:30:00,16638.0
2025-06-11 04:45:00,16552.5
2025-06-11 05:00:00,16994.0
2025-06-11 05:15:00,17346.9
2025-06-11 05:30:00,17681.0
2025-06-11 05:45:00,18285.6
2025-06-11 06:00:00,19007.4
2025-06-11 06:15:00,19085.4
2025-06-11 06:30:00,19265.2
2025-06-11 06:45:00,18795.0
2025-06-11 07:00:00,18446.1
2025-06-11 07:15:00,18303.0
2025-06-11 07:30:00,18335.8
2025-06-11 07:45:00,18464.0
2025-06-11 08:00:00,18699.9
2025-06-11 08:15:00,19765.4
2025-06-11 08:30:00,20039.3
2025-06-11 08:45:00,20645.0
2025-06-11 09:00:00,20746.0
2025-06-11 09:15:00,21031.5
2025-06-11 09:30:00,20349.5
2025-06-11 09:45:00,20491.1
2025-06-11 10:00:00,20800.6
2025-06-11 10:15:00,21063.1
2025-06-11 10:30:00,21451.7
2025-06-11 10:45:00,20928.4
2025-06-11 11:00:00,21306.0
2025-06-11 11:15:00,20940.3
2025-06-11 11:30:00,20668.2
2025-06-11 11:45:00,20175.2
2025-06-11 12:00:00,20202.3
2025-06-11 12:15:00,20302.2
2025-06-11 12:30:00,19988.4
2025-06-11 12:45:00,19793.4
2025-06-11 13:00:00,19664.5
2025-06-11 13:15:00,19807.8
2025-06-11 13:30:00,19844.7
2025-06-11 13:45:00,20060.6
2025-06-11 14:00:00,20900.2
2025-06-11 14:15:00,21011.3
2025-06-11 14:30:00,21007.9
2025-06-11 14:45:00,21040.6
2025-06-11 15:00:00,21098.1
2025-06-11 15:15:00,21017.4
2025-06-11 15:30:00,21026.3
2025-06-11 15:45:00,20610.6
2025-06-11 16:00:00,20484.4
2025-06-11 16:15:00,21140.8
2025-06-11 16:30:00,21933.2
2025-06-11 16:45:00,21992.6
2025-06-11 17:00:00,22396.1
2025-06-11 17:15:00,22137.5
2025-06-11 17:30:00,22054.3
2025-06-11 17:45:00,21622.8
2025-06-11 18:00:00,21173.0
2025-06-11 18:15:00,21078.8
2025-06-11 18:30:00,21116.7
2025-06-11 18:45:00,21202.3
2025-06-11 19:00:00,21169.5
2025-06-11 19:15:00,21223.7
2025-06-11 19:30:00,21604.1
2025-06-11 19:45:00,21609.9
2025-06-11 20:00:00,21779.0
2025-06-11 20:15:00,22020.2
2025-06-11 20:30:00,21774.7
2025-06-11 20:45:00,21697.9
2025-06-11 21:00:00,21386.0
2025-06-11 21:15:00,21259.9
2025-06-11 21:30:00,20993.8
2025-06-11 21:45:00,20510.8
2025-06-11 22:00:00,20183.5
2025-06-11 22:15:00,19537.8
2025-06-11 22:30:00,19187.1
2025-06-11 22:45:00,19064.8
2025-06-11 23:00:00,22088.0
2025-06-11 23:15:00,21797.8
2025-06-11 23:30:00,21128.8
2025-06-11 23:45:00,20021.1
2025-06-12 00:00:00,20231.6
2025-06-12 00:15:00,19711.5
2025-06-12 00:30:00,19363.8
2025-06-12 00:45:00,19042.7
2025-06-12 01:00:00,18697.8
2025-06-12 01:15:00,18544.3
2025-06-12 01:30:00,18292.7
2025-06-12 01:45:00,17742.9
2025-06-12 02:00:00,17539.3
2025-06-12 02:15:00,17445.9
2025-06-12 02:30:00,17174.0
2025-06-12 02:45:00,17207.8
2025-06-12 03:00:00,16731.5
2025-06-12 03:15:00,16544.2
2025-06-12 03:30:00,16492.8
2025-06-12 03:45:00,16493.8
2025-06-12 04:00:00,16631.8
2025-06-12 04:15:00,16401.1
2025-06-12 04:30:00,16314.7
2025-06-12 04:45:00,16449.5
2025-06-12 05:00:00,16550.6
2025-06-12 05:15:00,16916.6
2025-06-12 05:30:00,17581.1
2025-06-12 05:45:00,18259.4
2025-06-12 06:00:00,18755.0
2025-06-12 06:15:00,18818.1
2025-06-12 06:30:00,18782.6
2025-06-12 06:45:00,18320.7
2025-06-12 07:00:00,17983.9
2025-06-12 07:15:00,17784.1
2025-06-12 07:30:00,17716.1
2025-06-12 07:45:00,18045.6
2025-06-12 08:00:00,18740.7
2025-06-12 08:15:00,19253.4
2025-06-12 08:30:00,19420.3
2025-06-12 08:45:00,20262.5
2025-06-12 09:00:00,20425.5
2025-06-12 09:15:00,19625.2
2025-06-12 09:30:00,19694.2
2025-06-12 09:45:00,19864.9
2025-06-12 10:00:00,19709.4
2025-06-12 10:15:00,20048.7
2025-06-12 10:30:00,20235.1
2025-06-12 10:45:00,20101.1
2025-06-12 11:00:00,20424.9
2025-06-12 11:15:00,19884.1
2025-06-12 11:30:00,19801.5
2025-06-12 11:45:00,19263.4
2025-06-12 12:00:00,19211.6
2025-06-12 12:15:00,19108.6
2025-06-12 12:30:00,18943.2
2025-06-12 12:45:00,19168.3
2025-06-12 13:00:00,19109.8
2025-06-12 13:15:00,18864.5
2025-06-12 13:30:00,18866.6
2025-06-12 13:45:00,18964.7
2025-06-12 14:00:00,20137.8
2025-06-12 14:15:00,20284.1
2025-06-12 14:30:00,20411.5
2025-06-12 14:45:00,20669.1
2025-06-12 15:00:00,20629.5
2025-06-12 15:15:00,20244.5
2025-06-12 15:30:00,20317.0
2025-06-12 15:45:00,20298.2
2025-06-12 16:00:00,19915.5
2025-06-12 16:15:00,20764.2
2025-06-12 16:30:00,21481.2
2025-06-12 16:45:00,21892.1
2025-06-12 17:00:00,22464.7
2025-06-12 17:15:00,22567.6
2025-06-12 17:30:00,22340.4
2025-06-12 17:45:00,21751.3
2025-06-12 18:00:00,21482.3
2025-06-12 18:15:00,21786.9
2025-06-12 18:30:00,21644.0
2025-06-12 18:45:00,21958.3
2025-06-12 19:00:00,22294.6
2025-06-12 19:15:00,22171.2
2025-06-12 19:30:00,22588.6
2025-06-12 19:45:00,22738.9
2025-06-12 20:00:00,22868.8
2025-06-12 20:15:00,23316.9
2025-06-12 20:30:00,23079.9
2025-06-12 20:45:00,22770.2
2025-06-12 21:00:00,22492.0
2025-06-12 21:15:00,22443.7
2025-06-12 21:30:00,22197.3
2025-06-12 21:45:00,21877.5
2025-06-12 22:00:00,21261.4
2025-06-12 22:15:00,20785.9
2025-06-12 22:30:00,20312.2
2025-06-12 22:45:00,20354.2
2025-06-12 23:00:00,23178.3
2025-06-12 23:15:00,22658.8
2025-06-12 23:30:00,22036.6
2025-06-12 23:45:00,21055.5
2025-06-13 00:00:00,21149.4
2025-06-13 00:15:00,20783.0
2025-06-13 00:30:00,20385.5
2025-06-13 00:45:00,19708.3
2025-06-13 01:00:00,19374.5
2025-06-13 01:15:00,19146.1
2025-06-13 01:30:00,18795.9
2025-06-13 01:45:00,18273.9
2025-06-13 02:00:00,18284.6
2025-06-13 02:15:00,17984.8
2025-06-13 02:30:00,17848.9
2025-06-13 02:45:00,17601.6
2025-06-13 03:00:00,17323.3
2025-06-13 03:15:00,17361.1
2025-06-13 03:30:00,17223.0
2025-06-13 03:45:00,16970.6
2025-06-13 04:00:00,17018.4
2025-06-13 04:15:00,16991.3
2025-06-13 04:30:00,16955.9
2025-06-13 04:45:00,16998.7
2025-06-13 05:00:00,17416.3
2025-06-13 05:15:00,17612.9
2025-06-13 05:30:00,18356.0
2025-06-13 05:45:00,18865.4
2025-06-13 06:00:00,19154.7
2025-06-13 06:15:00,19108.6
2025-06-13 06:30:00,18956.7
2025-06-13 06:45:00,18415.5
2025-06-13 07:00:00,18018.0
2025-06-13 07:15:00,17737.0
2025-06-13 07:30:00,17601.7
2025-06-13 07:45:00,17732.9
2025-06-13 08:00:00,18243.6
2025-06-13 08:15:00,18799.9
2025-06-13 08:30:00,19132.4
2025-06-13 08:45:00,19757.8
2025-06-13 09:00:00,19886.5
2025-06-13 09:15:00,20023.6
2025-06-13 09:30:00,20102.2
2025-06-13 09:45:00,19803.2
2025-06-13 10:00:00,19743.9
2025-06-13 10:15:00,20108.4
2025-06-13 10:30:00,20598.5
2025-06-13 10:45:00,20619.4
2025-06-13 11:00:00,20861.7
2025-06-13 11:15:00,21184.7
2025-06-13 11:30:00,20859.8
2025-06-13 11:45:00,20243.3
2025-06-13 12:00:00,20634.9
2025-06-13 12:15:00,20083.5
2025-06-13 12:30:00,20038.8
2025-06-13 12:45:00,19494.6
2025-06-13 13:00:00,19475.9
2025-06-13 13:15:00,19635.0
2025-06-13 13:30:00,19430.9
2025-06-13 13:45:00,19752.9
2025-06-13 14:00:00,20783.3
2025-06-13 14:15:00,20891.2
2025-06-13 14:30:00,21200.8
2025-06-13 14:45:00,21446.8
2025-06-13 15:00:00,21552.2
2025-06-13 15:15:00,21119.5
2025-06-13 15:30:00,21391.3
2025-06-13 15:45:00,21664.7
2025-06-13 16:00:00,21423.0
2025-06-13 16:15:00,22424.8
2025-06-13 16:30:00,23098.4
2025-06-13 16:45:00,23684.5
2025-06-13 17:00:00,24379.3
2025-06-13 17:15:00,24238.6
2025-06-13 17:30:00,23923.5
2025-06-13 17:45:00,23716.0
2025-06-13 18:00:00,23093.8
2025-06-13 18:15:00,23459.8
2025-06-13 18:30:00,23666.2
2025-06-13 18:45:00,23777.2
2025-06-13 19:00:00,24047.4
2025-06-13 19:15:00,24281.8
2025-06-13 19:30:00,24852.8
2025-06-13 19:45:00,24667.4
2025-06-13 20:00:00,25038.9
2025-06-13 20:15:00,25320.2
2025-06-13 20:30:00,25247.8
2025-06-13 20:45:00,24988.1
2025-06-13 21:00:00,25496.1
2025-06-13 21:15:00,25381.5
2025-06-13 21:30:00,25287.8
2025-06-13 21:45:00,24929.9
2025-06-13 22:00:00,24779.0
2025-06-13 22:15:00,24166.2
2025-06-13 22:30:00,24010.4
2025-06-13 22:45:00,23606.3
2025-06-13 23:00:00,26759.6
2025-06-13 23:15:00,26276.4
2025-06-13 23:30:00,25649.2
2025-06-13 23:45:00,24694.0
2025-06-14 00:00:00,24604.2
2025-06-14 00:15:00,24122.9
2025-06-14 00:30:00,23701.4
2025-06-14 00:45:00,23141.8
2025-06-14 01:00:00,22817.7
2025-06-14 01:15:00,22124.9
2025-06-14 01:30:00,21868.0
2025-06-14 01:45:00,21365.8
2025-06-14 02:00:00,21225.4
2025-06-14 02:15:00,20878.1
2025-06-14 02:30:00,20638.1
2025-06-14 02:45:00,20306.6
2025-06-14 03:00:00,20019.9
2025-06-14 03:15:00,19730.4
2025-06-14 03:30:00,19482.4
2025-06-14 03:45:00,19351.0
2025-06-14 04:00:00,19331.4
2025-06-14 04:15:00,19269.6
2025-06-14 04:30:00,19075.3
2025-06-14 04:45:00,19038.8
2025-06-14 05:00:00,19133.3
2025-06-14 05:15:00,19181.2
2025-06-14 05:30:00,19630.5
2025-06-14 05:45:00,19991.6
2025-06-14 06:00:00,20027.3
2025-06-14 06:15:00,19895.0
2025-06-14 06:30:00,19369.4
2025-06-14 06:45:00,18847.7
2025-06-14 07:00:00,18607.1
2025-06-14 07:15:00,18175.4
2025-06-14 07:30:00,18321.9
2025-06-14 07:45:00,18195.3
2025-06-14 08:00:00,19038.7
2025-06-14 08:15:00,19380.0
2025-06-14 08:30:00,19812.9
2025-06-14 08:45:00,20437.5
2025-06-14 09:00:00,21107.5
2025-06-14 09:15:00,21415.8
2025-06-14 09:30:00,21364.2
2025-06-14 09:45:00,21619.3
2025-06-14 10:00:00,22154.5
2025-06-14 10:15:00,22537.3
2025-06-14 10:30:00,22904.3
2025-06-14 10:45:00,23106.1
2025-06-14 11:00:00,23304.6
2025-06-14 11:15:00,23251.8
2025-06-14 11:30:00,23450.1
2025-06-14 11:45:00,22713.5
2025-06-14 12:00:00,22967.7
2025-06-14 12:15:00,22929.1
2025-06-14 12:30:00,22945.1
2025-06-14 12:45:00,22846.3
2025-06-14 13:00:00,23135.6
2025-06-14 13:15:00,22925.3
2025-06-14 13:30:00,23090.8
2025-06-14 13:45:00,22745.1
2025-06-14 14:00:00,23712.7
2025-06-14 14:15:00,23956.7
2025-06-14 14:30:00,24275.4
2025-06-14 14:45:00,24290.8
2025-06-14 15:00:00,24331.4
2025-06-14 15:15:00,24104.2
2025-06-14 15:30:00,24036.6
2025-06-14 15:45:00,23923.2
2025-06-14 16:00:00,23650.8
2025-06-14 16:15:00,24456.9
2025-06-14 16:30:00,25341.1
2025-06-14 16:45:00,25687.0
2025-06-14 17:00:00,26218.3
2025-06-14 17:15:00,26563.4
2025-06-14 17:30:00,25862.0
2025-06-14 17:45:00,25516.9
2025-06-14 18:00:00,25316.9
2025-06-14 18:15:00,25387.7
2025-06-14 18:30:00,25505.9
2025-06-14 18:45:00,25635.2
2025-06-14 19:00:00,26063.3
2025-06-14 19:15:00,25959.7
2025-06-14 19:30:00,26727.8
2025-06-14 19:45:00,26946.2
2025-06-14 20:00:00,27352.9
2025-06-14 20:15:00,27284.1
2025-06-14 20:30:00,27560.6
2025-06-14 20:45:00,27131.9
2025-06-14 21:00:00,27157.1
2025-06-14 21:15:00,26645.6
2025-06-14 21:30:00,26779.1
2025-06-14 21:45:00,26488.5
2025-06-14 22:00:00,26341.0
2025-06-14 22:15:00,25539.7
2025-06-14 22:30:00,25309.6
2025-06-14 22:45:00,24831.0
2025-06-14 23:00:00,28159.2
2025-06-14 23:15:00,27586.4
2025-06-14 23:30:00,26792.0
2025-06-14 23:45:00,25628.5
2025-06-15 00:00:00,24323.2
2025-06-15 00:15:00,23886.6
2025-06-15 00:30:00,23291.7
2025-06-15 00:45:00,23182.3
2025-06-15 01:00:00,22446.9
2025-06-15 01:15:00,22194.0
2025-06-15 01:30:00,21868.0
2025-06-15 01:45:00,21561.2
2025-06-15 02:00:00,21235.3
2025-06-15 02:15:00,20931.8
2025-06-15 02:30:00,20462.5
2025-06-15 02:45:00,20035.5
2025-06-15 03:00:00,19728.4
2025-06-15 03:15:00,19494.5
2025-06-15 03:30:00,19188.8
2025-06-15 03:45:00,18940.4
2025-06-15 04:00:00,18780.1
2025-06-15 04:15:00,18791.1
2025-06-15 04:30:00,18665.3
2025-06-15 04:45:00,18478.7
2025-06-15 05:00:00,18320.3
2025-06-15 05:15:00,18447.1
2025-06-15 05:30:00,18456.0
2025-06-15 05:45:00,18547.6
2025-06-15 06:00:00,18791.1
2025-06-15 06:15:00,18602.2
2025-06-15 06:30:00,18836.2
2025-06-15 06:45:00,18169.7
2025-06-15 07:00:00,18241.2
2025-06-15 07:15:00,17828.5
2025-06-15 07:30:00,17772.0
2025-06-15 07:45:00,17928.8
2025-06-15 08:00:00,18549.2
2025-06-15 08:15:00,18856.2
2025-06-15 08:30:00,19537.0
2025-06-15 08:45:00,19781.7
2025-06-15 09:00:00,19983.6
2025-06-15 09:15:00,20099.2
2025-06-15 09:30:00,20273.7
2025-06-15 09:45:00,20483.5
2025-06-15 10:00:00,21365.4
2025-06-15 10:15:00,21930.7
2025-06-15 10:30:00,22013.0
2025-06-15 10:45:00,22160.9
2025-06-15 11:00:00,22097.7
2025-06-15 11:15:00,21078.8
2025-06-15 11:30:00,20842.3
2025-06-15 11:45:00,20184.9
2025-06-15 12:00:00,19623.8
2025-06-15 12:15:00,19314.9
2025-06-15 12:30:00,19340.3
2025-06-15 12:45:00,19056.7
2025-06-15 13:00:00,19237.5
2025-06-15 13:15:00,19049.2
2025-06-15 13:30:00,19229.8
2025-06-15 13:45:00,19003.0
2025-06-15 14:00:00,19734.5
2025-06-15 14:15:00,20153.9
2025-06-15 14:30:00,20491.9
2025-06-15 14:45:00,20216.3
2025-06-15 15:00:00,19866.2
2025-06-15 15:15:00,19831.0
2025-06-15 15:30:00,19342.7
2025-06-15 15:45:00,19510.8
2025-06-15 16:00:00,19672.9
2025-06-15 16:15:00,20376.5
2025-06-15 16:30:00,21044.7
2025-06-15 16:45:00,21466.9
2025-06-15 17:00:00,22007.8
2025-06-15 17:15:00,21638.8
2025-06-15 17:30:00,21362.6
2025-06-15 17:45:00,21006.1
2025-06-15 18:00:00,20419.0
2025-06-15 18:15:00,20297.0
2025-06-15 18:30:00,20397.3
2025-06-15 18:45:00,20504.7
2025-06-15 19:00:00,20514.9
2025-06-15 19:15:00,20770.7
2025-06-15 19:30:00,21076.6
2025-06-15 19:45:00,21737.0
2025-06-15 20:00:00,22269.5
2025-06-15 20:15:00,22343.7
2025-06-15 20:30:00,22284.2
2025-06-15 20:45:00,22128.0
2025-06-15 21:00:00,22099.6
2025-06-15 21:15:00,21763.9
2025-06-15 21:30:00,21415.9
2025-06-15 21:45:00,21153.4
2025-06-15 22:00:00,20656.6
2025-06-15 22:15:00,20239.9
2025-06-15 22:30:00,19715.2
2025-06-15 22:45:00,19740.7
2025-06-15 23:00:00,22713.6
2025-06-15 23:15:00,22369.9
2025-06-15 23:30:00,21621.3
2025-06-15 23:45:00,20901.2
2025-06-16 00:00:00,20486.9
2025-06-16 00:15:00,20179.2
2025-06-16 00:30:00,19923.7
2025-06-16 00:45:00,19430.9
2025-06-16 01:00:00,19237.7
2025-06-16 01:15:00,18701.0
2025-06-16 01:30:00,18571.1
2025-06-16 01:45:00,18317.4
2025-06-16 02:00:00,17945.2
2025-06-16 02:15:00,18034.0
2025-06-16 02:30:00,17709.9
2025-06-16 02:45:00,17393.9
2025-06-16 03:00:00,17311.0
2025-06-16 03:15:00,17170.3
2025-06-16 03:30:00,17055.9
2025-06-16 03:45:00,16854.7
2025-06-16 04:00:00,16989.7
2025-06-16 04:15:00,16785.8
2025-06-16 04:30:00,16911.9
2025-06-16 04:45:00,16889.1
2025-06-16 05:00:00,17196.9
2025-06-16 05:15:00,17258.0
2025-06-16 05:30:00,17833.8
2025-06-16 05:45:00,18116.5
2025-06-16 06:00:00,18163.2
2025-06-16 06:15:00,18209.9
2025-06-16 06:30:00,17828.4
2025-06-16 06:45:00,17288.5
2025-06-16 07:00:00,16772.0
2025-06-16 07:15:00,16215.1
2025-06-16 07:30:00,16034.4
2025-06-16 07:45:00,16701.8
2025-06-16 08:00:00,17538.1
2025-06-16 08:15:00,17792.7
2025-06-16 08:30:00,18297.0
2025-06-16 08:45:00,18966.3
2025-06-16 09:00:00,19340.3
2025-06-16 09:15:00,19389.5
2025-06-16 09:30:00,19480.1
2025-06-16 09:45:00,19628.0
2025-06-16 10:00:00,20135.2
2025-06-16 10:15:00,20559.1
2025-06-16 10:30:00,21454.1
2025-06-16 10:45:00,21699.9
2025-06-16 11:00:00,21540.0
2025-06-16 11:15:00,21825.8
2025-06-16 11:30:00,21504.5
2025-06-16 11:45:00,20324.2
2025-06-16 12:00:00,20449.2
2025-06-16 12:15:00,20165.3
2025-06-16 12:30:00,20425.5
2025-06-16 12:45:00,20529.8
2025-06-16 13:00:00,20500.0
2025-06-16 13:15:00,20725.7
2025-06-16 13:30:00,20753.4
2025-06-16 13:45:00,20773.6
2025-06-16 14:00:00,21925.7
2025-06-16 14:15:00,22489.2
2025-06-16 14:30:00,23520.5
2025-06-16 14:45:00,23244.8
2025-06-16 15:00:00,23497.1
2025-06-16 15:15:00,23612.7
2025-06-16 15:30:00,23530.8
2025-06-16 15:45:00,23674.5
2025-06-16 16:00:00,24092.9
2025-06-16 16:15:00,24585.1
2025-06-16 16:30:00,24949.3
2025-06-16 16:45:00,25040.1
2025-06-16 17:00:00,25600.5
2025-06-16 17:15:00,25171.1
2025-06-16 17:30:00,24746.1
2025-06-16 17:45:00,24318.4
2025-06-16 18:00:00,23699.8
2025-06-16 18:15:00,23915.9
2025-06-16 18:30:00,24040.3
2025-06-16 18:45:00,24146.9
2025-06-16 19:00:00,24330.9
2025-06-16 19:15:00,24742.4
2025-06-16 19:30:00,25232.2
2025-06-16 19:45:00,25474.4
2025-06-16 20:00:00,26044.1
2025-06-16 20:15:00,25895.6
2025-06-16 20:30:00,26297.9
2025-06-16 20:45:00,26188.7
2025-06-16 21:00:00,26108.4
2025-06-16 21:15:00,25921.5
2025-06-16 21:30:00,25568.9
2025-06-16 21:45:00,25026.4
2025-06-16 22:00:00,24704.5
2025-06-16 22:15:00,24281.4
2025-06-16 22:30:00,23716.8
2025-06-16 22:45:00,23829.3
2025-06-16 23:00:00,26946.8
2025-06-16 23:15:00,26254.9
2025-06-16 23:30:00,25390.7
2025-06-16 23:45:00,24475.2
2025-06-17 00:00:00,24235.3
2025-06-17 00:15:00,23865.5
2025-06-17 00:30:00,23269.5
2025-06-17 00:45:00,22585.7
2025-06-17 01:00:00,22589.7
2025-06-17 01:15:00,22506.4
2025-06-17 01:30:00,22142.5
2025-06-17 01:45:00,22013.0
2025-06-17 02:00:00,22416.9
2025-06-17 02:15:00,21905.1
2025-06-17 02:30:00,21580.7
2025-06-17 02:45:00,21529.0
2025-06-17 03:00:00,21656.5
2025-06-17 03:15:00,21349.8
2025-06-17 03:30:00,21168.9
2025-06-17 03:45:00,21123.0
2025-06-17 04:00:00,21078.4
2025-06-17 04:15:00,20786.1
2025-06-17 04:30:00,20605.9
2025-06-17 04:45:00,20512.4
2025-06-17 05:00:00,20817.5
2025-06-17 05:15:00,20290.0
2025-06-17 05:30:00,20209.3
2025-06-17 05:45:00,20559.9
2025-06-17 06:00:00,20189.8
2025-06-17 06:15:00,19632.6
2025-06-17 06:30:00,19462.9
2025-06-17 06:45:00,18736.9
2025-06-17 07:00:00,18526.5
2025-06-17 07:15:00,18781.9
2025-06-17 07:30:00,18582.6
2025-06-17 07:45:00,19315.7
2025-06-17 08:00:00,19827.7
2025-06-17 08:15:00,20433.2
2025-06-17 08:30:00,20988.1
2025-06-17 08:45:00,22049.1
2025-06-17 09:00:00,22580.0
2025-06-17 09:15:00,22750.3
2025-06-17 09:30:00,23557.0
2025-06-17 09:45:00,23721.8
2025-06-17 10:00:00,24292.0
2025-06-17 10:15:00,25043.9
2025-06-17 10:30:00,25934.8
2025-06-17 10:45:00,26445.2
2025-06-17 11:00:00,26192.5
2025-06-17 11:15:00,26213.1
2025-06-17 11:30:00,25829.9
2025-06-17 11:45:00,25317.7
2025-06-17 12:00:00,25381.2
2025-06-17 12:15:00,25767.8
2025-06-17 12:30:00,25918.9
2025-06-17 12:45:00,25836.7
2025-06-17 13:00:00,26092.3
2025-06-17 13:15:00,26264.1
2025-06-17 13:30:00,26333.7
2025-06-17 13:45:00,26532.6
2025-06-17 14:00:00,27021.5
2025-06-17 14:15:00,27182.6
2025-06-17 14:30:00,26579.2
2025-06-17 14:45:00,26583.4
2025-06-17 15:00:00,27185.8
2025-06-17 15:15:00,26363.0
2025-06-17 15:30:00,26687.8
2025-06-17 15:45:00,26067.0
2025-06-17 16:00:00,25867.8
2025-06-17 16:15:00,26006.9
2025-06-17 16:30:00,26250.6
2025-06-17 16:45:00,26037.2
2025-06-17 17:00:00,26248.6
2025-06-17 17:15:00,25814.8
2025-06-17 17:30:00,25664.5
2025-06-17 17:45:00,25369.3
2025-06-17 18:00:00,24884.0
2025-06-17 18:15:00,24966.1
2025-06-17 18:30:00,25231.2
2025-06-17 18:45:00,25503.1
2025-06-17 19:00:00,25612.0
2025-06-17 19:15:00,25710.9
2025-06-17 19:30:00,26488.8
2025-06-17 19:45:00,26883.0
2025-06-17 20:00:00,27558.9
2025-06-17 20:15:00,27776.6
2025-06-17 20:30:00,27881.9
2025-06-17 20:45:00,27802.0
2025-06-17 21:00:00,27885.1
2025-06-17 21:15:00,28076.8
2025-06-17 21:30:00,27833.3
2025-06-17 21:45:00,27649.6
2025-06-17 22:00:00,27148.6
2025-06-17 22:15:00,26421.5
2025-06-17 22:30:00,26009.2
2025-06-17 22:45:00,26012.1
2025-06-17 23:00:00,29222.9
2025-06-17 23:15:00,28362.5
2025-06-17 23:30:00,27594.6
2025-06-17 23:45:00,26608.8
2025-06-18 00:00:00,25949.5
2025-06-18 00:15:00,25443.5
2025-06-18 00:30:00,24955.4
2025-06-18 00:45:00,24433.8
2025-06-18 01:00:00,24012.2
2025-06-18 01:15:00,23776.2
2025-06-18 01:30:00,23128.6
2025-06-18 01:45:00,22634.9
2025-06-18 02:00:00,22392.2
2025-06-18 02:15:00,22227.9
2025-06-18 02:30:00,21901.2
2025-06-18 02:45:00,21575.9
2025-06-18 03:00:00,21207.8
2025-06-18 03:15:00,20914.2
2025-06-18 03:30:00,20688.1
2025-06-18 03:45:00,21509.7
2025-06-18 04:00:00,21346.0
2025-06-18 04:15:00,21203.5
2025-06-18 04:30:00,21180.3
2025-06-18 04:45:00,21127.3
2025-06-18 05:00:00,21203.1
2025-06-18 05:15:00,21208.2
2025-06-18 05:30:00,21423.3
2025-06-18 05:45:00,21551.1
2025-06-18 06:00:00,21628.0
2025-06-18 06:15:00,21440.4
2025-06-18 06:30:00,21142.4
2025-06-18 06:45:00,20658.7
2025-06-18 07:00:00,20111.8
2025-06-18 07:15:00,20109.0
2025-06-18 07:30:00,20313.9
2025-06-18 07:45:00,20507.5
2025-06-18 08:00:00,21654.5
2025-06-18 08:15:00,22859.8
2025-06-18 08:30:00,23473.4
2025-06-18 08:45:00,23863.5
2025-06-18 09:00:00,24661.3
2025-06-18 09:15:00,24996.8
2025-06-18 09:30:00,24923.3
2025-06-18 09:45:00,24417.8
2025-06-18 10:00:00,25017.1
2025-06-18 10:15:00,25114.2
2025-06-18 10:30:00,26041.9
2025-06-18 10:45:00,25887.8
2025-06-18 11:00:00,25520.6
2025-06-18 11:15:00,25570.5
2025-06-18 11:30:00,25164.9
2025-06-18 11:45:00,24287.8
2025-06-18 12:00:00,23886.0
2025-06-18 12:15:00,24181.0
2025-06-18 12:30:00,24109.1
2025-06-18 12:45:00,24397.7
2025-06-18 13:00:00,24418.0
2025-06-18 13:15:00,24409.2
2025-06-18 13:30:00,24276.0
2025-06-18 13:45:00,24185.9
2025-06-18 14:00:00,24809.1
2025-06-18 14:15:00,24410.1
2025-06-18 14:30:00,24282.1
2025-06-18 14:45:00,24287.2
2025-06-18 15:00:00,23893.7
2025-06-18 15:15:00,23861.5
2025-06-18 15:30:00,23901.1
2025-06-18 15:45:00,23723.2
2025-06-18 16:00:00,23855.8
2025-06-18 16:15:00,24243.6
2025-06-18 16:30:00,24689.9
2025-06-18 16:45:00,24555.6
2025-06-18 17:00:00,24725.0
2025-06-18 17:15:00,24155.8
2025-06-18 17:30:00,23705.7
2025-06-18 17:45:00,23048.5
2025-06-18 18:00:00,22830.4
2025-06-18 18:15:00,22881.2
2025-06-18 18:30:00,22905.7
2025-06-18 18:45:00,22628.2
2025-06-18 19:00:00,22901.5
2025-06-18 19:15:00,23062.8
2025-06-18 19:30:00,23386.3
2025-06-18 19:45:00,23669.1
2025-06-18 20:00:00,23910.6
2025-06-18 20:15:00,23766.4
2025-06-18 20:30:00,23809.2
2025-06-18 20:45:00,23438.9
2025-06-18 21:00:00,23420.6
2025-06-18 21:15:00,23313.9
2025-06-18 21:30:00,23206.9
2025-06-18 21:45:00,23045.9
2025-06-18 22:00:00,22403.5
2025-06-18 22:15:00,22112.5
2025-06-18 22:30:00,21877.4
2025-06-18 22:45:00,21887.0
2025-06-18 23:00:00,24364.7
2025-06-18 23:15:00,23919.8
2025-06-18 23:30:00,23397.8
2025-06-18 23:45:00,22323.5
2025-06-19 00:00:00,23831.0
2025-06-19 00:15:00,23463.4
2025-06-19 00:30:00,23136.3
2025-06-19 00:45:00,22546.5
2025-06-19 01:00:00,22243.6
2025-06-19 01:15:00,22162.1
2025-06-19 01:30:00,22022.3
2025-06-19 01:45:00,21696.4
2025-06-19 02:00:00,21501.0
2025-06-19 02:15:00,21217.3
2025-06-19 02:30:00,20872.2
2025-06-19 02:45:00,20701.2
2025-06-19 03:00:00,20376.4
2025-06-19 03:15:00,20081.5
2025-06-19 03:30:00,20247.6
2025-06-19 03:45:00,19979.7
2025-06-19 04:00:00,19976.7
2025-06-19 04:15:00,19809.2
2025-06-19 04:30:00,19591.0
2025-06-19 04:45:00,19744.4
2025-06-19 05:00:00,19993.9
2025-06-19 05:15:00,20128.4
2025-06-19 05:30:00,20413.3
2025-06-19 05:45:00,20297.5
2025-06-19 06:00:00,20639.0
2025-06-19 06:15:00,20559.6
2025-06-19 06:30:00,20785.9
2025-06-19 06:45:00,20315.5
2025-06-19 07:00:00,20073.0
2025-06-19 07:15:00,19818.0
2025-06-19 07:30:00,20038.2
2025-06-19 07:45:00,20020.2
2025-06-19 08:00:00,20923.0
2025-06-19 08:15:00,21771.6
2025-06-19 08:30:00,23041.8
2025-06-19 08:45:00,22700.8
2025-06-19 09:00:00,22919.0
2025-06-19 09:15:00,23086.8
2025-06-19 09:30:00,22712.2
2025-06-19 09:45:00,23084.6
2025-06-19 10:00:00,23769.8
2025-06-19 10:15:00,23974.1
2025-06-19 10:30:00,24228.1
2025-06-19 10:45:00,24562.4
2025-06-19 11:00:00,24594.1
2025-06-19 11:15:00,24544.8
2025-06-19 11:30:00,23222.2
2025-06-19 11:45:00,22322.9
2025-06-19 12:00:00,22022.1
2025-06-19 12:15:00,22033.3
2025-06-19 12:30:00,21423.9
2025-06-19 12:45:00,21288.1
2025-06-19 13:00:00,21806.8
2025-06-19 13:15:00,21670.2
2025-06-19 13:30:00,21440.2
2025-06-19 13:45:00,21490.8
2025-06-19 14:00:00,22393.0
2025-06-19 14:15:00,22409.7
2025-06-19 14:30:00,22968.7
2025-06-19 14:45:00,23238.6
2025-06-19 15:00:00,23567.3
2025-06-19 15:15:00,23461.0
2025-06-19 15:30:00,23902.6
2025-06-19 15:45:00,24050.2
2025-06-19 16:00:00,24156.1
2025-06-19 16:15:00,24643.4
2025-06-19 16:30:00,25089.7
2025-06-19 16:45:00,25069.2
2025-06-19 17:00:00,25219.1
2025-06-19 17:15:00,24953.6
2025-06-19 17:30:00,24185.7
2025-06-19 17:45:00,23865.5
2025-06-19 18:00:00,23355.3
2025-06-19 18:15:00,23293.6
2025-06-19 18:30:00,23357.5
2025-06-19 18:45:00,22592.9
2025-06-19 19:00:00,23078.8
2025-06-19 19:15:00,23004.9
2025-06-19 19:30:00,23537.9
2025-06-19 19:45:00,23714.7
2025-06-19 20:00:00,23659.8
2025-06-19 20:15:00,23867.0
2025-06-19 20:30:00,23714.5
2025-06-19 20:45:00,23276.4
2025-06-19 21:00:00,23131.4
2025-06-19 21:15:00,22986.2
2025-06-19 21:30:00,22665.7
2025-06-19 21:45:00,22339.1
2025-06-19 22:00:00,21994.9
2025-06-19 22:15:00,21642.7
2025-06-19 22:30:00,21323.6
2025-06-19 22:45:00,21419.9
2025-06-19 23:00:00,23705.8
2025-06-19 23:15:00,23162.6
2025-06-19 23:30:00,22299.9
2025-06-19 23:45:00,21403.5
2025-06-20 00:00:00,21859.3
2025-06-20 00:15:00,22236.7
2025-06-20 00:30:00,22768.0
2025-06-20 00:45:00,22216.4
2025-06-20 01:00:00,22046.4
2025-06-20 01:15:00,21748.4
2025-06-20 01:30:00,21262.8
2025-06-20 01:45:00,21001.8
2025-06-20 02:00:00,21190.2
2025-06-20 02:15:00,20948.4
2025-06-20 02:30:00,20724.4
2025-06-20 02:45:00,20557.7
2025-06-20 03:00:00,20493.2
2025-06-20 03:15:00,20362.1
2025-06-20 03:30:00,20137.9
2025-06-20 03:45:00,19983.5
2025-06-20 04:00:00,19992.8
2025-06-20 04:15:00,19740.5
2025-06-20 04:30:00,19832.9
2025-06-20 04:45:00,19775.7
2025-06-20 05:00:00,19866.3
2025-06-20 05:15:00,20058.6
2025-06-20 05:30:00,20466.7
2025-06-20 05:45:00,19860.1
2025-06-20 06:00:00,19376.4
2025-06-20 06:15:00,19174.2
2025-06-20 06:30:00,18698.3
2025-06-20 06:45:00,18107.3
2025-06-20 07:00:00,17526.2
2025-06-20 07:15:00,17405.0
2025-06-20 07:30:00,17496.4
2025-06-20 07:45:00,17962.5
2025-06-20 08:00:00,18751.6
2025-06-20 08:15:00,19364.9
2025-06-20 08:30:00,19590.5
2025-06-20 08:45:00,20059.7
2025-06-20 09:00:00,20257.6
2025-06-20 09:15:00,20491.1
2025-06-20 09:30:00,20472.3
2025-06-20 09:45:00,20973.6
2025-06-20 10:00:00,22459.2
2025-06-20 10:15:00,23116.5
2025-06-20 10:30:00,23279.4
2025-06-20 10:45:00,24447.8
2025-06-20 11:00:00,24187.9
2025-06-20 11:15:00,23455.2
2025-06-20 11:30:00,23026.9
2025-06-20 11:45:00,22072.5
2025-06-20 12:00:00,21718.7
2025-06-20 12:15:00,21367.7
2025-06-20 12:30:00,21364.1
2025-06-20 12:45:00,21473.7
2025-06-20 13:00:00,21726.9
2025-06-20 13:15:00,21259.9
2025-06-20 13:30:00,21708.9
2025-06-20 13:45:00,21240.7
2025-06-20 14:00:00,22550.8
2025-06-20 14:15:00,22936.4
2025-06-20 14:30:00,23430.4
2025-06-20 14:45:00,23218.2
2025-06-20 15:00:00,23513.8
2025-06-20 15:15:00,23264.6
2025-06-20 15:30:00,23663.0
2025-06-20 15:45:00,23825.2
2025-06-20 16:00:00,23375.7
2025-06-20 16:15:00,23428.1
2025-06-20 16:30:00,23654.8
2025-06-20 16:45:00,23774.3
2025-06-20 17:00:00,23961.2
2025-06-20 17:15:00,23694.5
2025-06-20 17:30:00,22881.6
2025-06-20 17:45:00,22469.0
2025-06-20 18:00:00,21896.2
2025-06-20 18:15:00,21836.4
2025-06-20 18:30:00,21661.0
2025-06-20 18:45:00,22472.0
2025-06-20 19:00:00,22853.0
2025-06-20 19:15:00,23158.6
2025-06-20 19:30:00,23546.3
2025-06-20 19:45:00,23499.6
2025-06-20 20:00:00,23275.5
2025-06-20 20:15:00,23118.5
2025-06-20 20:30:00,22770.5
2025-06-20 20:45:00,22469.1
2025-06-20 21:00:00,22121.5
2025-06-20 21:15:00,22190.8
2025-06-20 21:30:00,21956.8
2025-06-20 21:45:00,21814.5
2025-06-20 22:00:00,21642.5
2025-06-20 22:15:00,21294.5
2025-06-20 22:30:00,20992.3
2025-06-20 22:45:00,21461.2
2025-06-20 23:00:00,24137.5
2025-06-20 23:15:00,23523.1
2025-06-20 23:30:00,22948.1
2025-06-20 23:45:00,22038.3
2025-08-01 00:00:00,23143.1
2025-08-01 00:15:00,22787.2
2025-08-01 00:30:00,22338.6
2025-08-01 00:45:00,22134.7
2025-08-01 01:00:00,21618.4
2025-08-01 01:15:00,21126.4
2025-08-01 01:30:00,20641.1
2025-08-01 01:45:00,20334.9
2025-08-01 02:00:00,19929.0
2025-08-01 02:15:00,19523.4
2025-08-01 02:30:00,19029.9
2025-08-01 02:45:00,18638.1
2025-08-01 03:00:00,18363.4
2025-08-01 03:15:00,18017.2
2025-08-01 03:30:00,17621.4
2025-08-01 03:45:00,17545.4
2025-08-01 04:00:00,17509.7
2025-08-01 04:15:00,16942.9
2025-08-01 04:30:00,16756.6
2025-08-01 04:45:00,16427.5
2025-08-01 05:00:00,16399.0
2025-08-01 05:15:00,16399.5
2025-08-01 05:30:00,16576.3
2025-08-01 05:45:00,16735.5
2025-08-01 06:00:00,16694.3
2025-08-01 06:15:00,16916.6
2025-08-01 06:30:00,16801.4
2025-08-01 06:45:00,16740.3
2025-08-01 07:00:00,16913.6
2025-08-01 07:15:00,16755.1
2025-08-01 07:30:00,17933.5
2025-08-01 07:45:00,19228.0
2025-08-01 08:00:00,19285.8
2025-08-01 08:15:00,20204.0
2025-08-01 08:30:00,20353.0
2025-08-01 08:45:00,21039.9
2025-08-01 09:00:00,21422.0
2025-08-01 09:15:00,21423.3
2025-08-01 09:30:00,21578.4
2025-08-01 09:45:00,22059.6
2025-08-01 10:00:00,22453.9
2025-08-01 10:15:00,22890.4
2025-08-01 10:30:00,23259.6
2025-08-01 10:45:00,23605.1
2025-08-01 11:00:00,24414.8
2025-08-01 11:15:00,24538.4
2025-08-01 11:30:00,24615.4
2025-08-01 11:45:00,24587.7
2025-08-01 12:00:00,25727.8
2025-08-01 12:15:00,26343.8
2025-08-01 12:30:00,27004.1
2025-08-01 12:45:00,27225.1
2025-08-01 13:00:00,27597.4
2025-08-01 13:15:00,27532.0
2025-08-01 13:30:00,27866.9
2025-08-01 13:45:00,27024.4
2025-08-01 14:00:00,25741.1
2025-08-01 14:15:00,25375.5
2025-08-01 14:30:00,24976.1
2025-08-01 14:45:00,23928.0
2025-08-01 15:00:00,23660.5
2025-08-01 15:15:00,24366.4
2025-08-01 15:30:00,23983.3
2025-08-01 15:45:00,23849.6
2025-08-01 16:00:00,24533.0
2025-08-01 16:15:00,24622.6
2025-08-01 16:30:00,24122.0
2025-08-01 16:45:00,24093.2
2025-08-01 17:00:00,24014.5
2025-08-01 17:15:00,23963.3
2025-08-01 17:30:00,23688.5
2025-08-01 17:45:00,23193.6
2025-08-01 18:00:00,23312.6
2025-08-01 18:15:00,22933.3
2025-08-01 18:30:00,23046.8
2025-08-01 18:45:00,23175.2
2025-08-01 19:00:00,23232.1
2025-08-01 19:15:00,23953.2
2025-08-01 19:30:00,24695.0
2025-08-01 19:45:00,25305.2
2025-08-01 20:00:00,25711.5
2025-08-01 20:15:00,26141.3
2025-08-01 20:30:00,26122.9
2025-08-01 20:45:00,26139.8
2025-08-01 21:00:00,25893.9
2025-08-01 21:15:00,25846.0
2025-08-01 21:30:00,25623.1
2025-08-01 21:45:00,25000.0
2025-08-01 22:00:00,24559.1
2025-08-01 22:15:00,24014.5
2025-08-01 22:30:00,23439.5
2025-08-01 22:45:00,22570.2
2025-08-01 23:00:00,22868.1
2025-08-01 23:15:00,22514.4
2025-08-01 23:30:00,21355.0
2025-08-01 23:45:00,21610.9
2025-08-02 00:00:00,26075.3
2025-08-02 00:15:00,25990.7
2025-08-02 00:30:00,25610.4
2025-08-02 00:45:00,24844.8
2025-08-02 01:00:00,24429.7
2025-08-02 01:15:00,23749.5
2025-08-02 01:30:00,23350.0
2025-08-02 01:45:00,22920.1
2025-08-02 02:00:00,22331.6
2025-08-02 02:15:00,21829.1
2025-08-02 02:30:00,21550.8
2025-08-02 02:45:00,20914.0
2025-08-02 03:00:00,20522.2
2025-08-02 03:15:00,20315.9
2025-08-02 03:30:00,19847.7
2025-08-02 03:45:00,19493.1
2025-08-02 04:00:00,19318.6
2025-08-02 04:15:00,19305.0
2025-08-02 04:30:00,18889.6
2025-08-02 04:45:00,19019.6
2025-08-02 05:00:00,19002.3
2025-08-02 05:15:00,18821.8
2025-08-02 05:30:00,18775.8
2025-08-02 05:45:00,18589.2
2025-08-02 06:00:00,18424.0
2025-08-02 06:15:00,18366.9
2025-08-02 06:30:00,18376.2
2025-08-02 06:45:00,18205.3
2025-08-02 07:00:00,18299.0
2025-08-02 07:15:00,18443.2
2025-08-02 07:30:00,18201.8
2025-08-02 07:45:00,18611.5
2025-08-02 08:00:00,18752.4
2025-08-02 08:15:00,19094.4
2025-08-02 08:30:00,19551.7
2025-08-02 08:45:00,19923.8
2025-08-02 09:00:00,20698.8
2025-08-02 09:15:00,21812.9
2025-08-02 09:30:00,22713.5
2025-08-02 09:45:00,23402.4
2025-08-02 10:00:00,23630.0
2025-08-02 10:15:00,24000.4
2025-08-02 10:30:00,24786.5
2025-08-02 10:45:00,25015.6
2025-08-02 11:00:00,25571.0
2025-08-02 11:15:00,25934.7
2025-08-02 11:30:00,25832.2
2025-08-02 11:45:00,26063.6
2025-08-02 12:00:00,27298.8
2025-08-02 12:15:00,27727.3
2025-08-02 12:30:00,28222.0
2025-08-02 12:45:00,28449.4
2025-08-02 13:00:00,28382.5
2025-08-02 13:15:00,28288.3
2025-08-02 13:30:00,27942.1
2025-08-02 13:45:00,27136.8
2025-08-02 14:00:00,26492.6
2025-08-02 14:15:00,26328.4
2025-08-02 14:30:00,26252.1
2025-08-02 14:45:00,26240.3
2025-08-02 15:00:00,26164.8
2025-08-02 15:15:00,26326.8
2025-08-02 15:30:00,26148.4
2025-08-02 15:45:00,25822.3
2025-08-02 16:00:00,24957.6
2025-08-02 16:15:00,25275.3
2025-08-02 16:30:00,25431.2
2025-08-02 16:45:00,25352.7
2025-08-02 17:00:00,25565.8
2025-08-02 17:15:00,25483.8
2025-08-02 17:30:00,25341.2
2025-08-02 17:45:00,24667.8
2025-08-02 18:00:00,24928.6
2025-08-02 18:15:00,24811.9
2025-08-02 18:30:00,24783.2
2025-08-02 18:45:00,24978.8
2025-08-02 19:00:00,25386.4
2025-08-02 19:15:00,25773.6
2025-08-02 19:30:00,26701.5
2025-08-02 19:45:00,27194.1
2025-08-02 20:00:00,27753.0
2025-08-02 20:15:00,28125.7
2025-08-02 20:30:00,28621.8
2025-08-02 20:45:00,28738.2
2025-08-02 21:00:00,28998.9
2025-08-02 21:15:00,28876.7
2025-08-02 21:30:00,28333.3
2025-08-02 21:45:00,27716.2
2025-08-02 22:00:00,27169.2
2025-08-02 22:15:00,26871.6
2025-08-02 22:30:00,26070.6
2025-08-02 22:45:00,25377.0
2025-08-02 23:00:00,25134.1
2025-08-02 23:15:00,24500.4
2025-08-02 23:30:00,23893.3
2025-08-02 23:45:00,23456.0
2025-08-03 00:00:00,28344.4
2025-08-03 00:15:00,28011.3
2025-08-03 00:30:00,27484.1
2025-08-03 00:45:00,26588.0
2025-08-03 01:00:00,26133.6
2025-08-03 01:15:00,25577.7
2025-08-03 01:30:00,24837.8
2025-08-03 01:45:00,24221.5
2025-08-03 02:00:00,23660.2
2025-08-03 02:15:00,23501.2
2025-08-03 02:30:00,22946.7
2025-08-03 02:45:00,22378.0
2025-08-03 03:00:00,22198.0
2025-08-03 03:15:00,21786.1
2025-08-03 03:30:00,21258.6
2025-08-03 03:45:00,21094.1
2025-08-03 04:00:00,20809.7
2025-08-03 04:15:00,20691.5
2025-08-03 04:30:00,20075.3
2025-08-03 04:45:00,20243.3
2025-08-03 05:00:00,19947.4
2025-08-03 05:15:00,19966.6
2025-08-03 05:30:00,19890.6
2025-08-03 05:45:00,19478.1
2025-08-03 06:00:00,19169.6
2025-08-03 06:15:00,19320.0
2025-08-03 06:30:00,19071.2
2025-08-03 06:45:00,18692.7
2025-08-03 07:00:00,19080.3
2025-08-03 07:15:00,18909.1
2025-08-03 07:30:00,18570.9
2025-08-03 07:45:00,18779.4
2025-08-03 08:00:00,19038.9
2025-08-03 08:15:00,19280.4
2025-08-03 08:30:00,19434.5
2025-08-03 08:45:00,20021.8
2025-08-03 09:00:00,20326.5
2025-08-03 09:15:00,20756.1
2025-08-03 09:30:00,21033.3
2025-08-03 09:45:00,21486.3
2025-08-03 10:00:00,21866.5
2025-08-03 10:15:00,22357.1
2025-08-03 10:30:00,22751.8
2025-08-03 10:45:00,23874.6
2025-08-03 11:00:00,24634.2
2025-08-03 11:15:00,24657.7
2025-08-03 11:30:00,25116.7
2025-08-03 11:45:00,25222.1
2025-08-03 12:00:00,26914.8
2025-08-03 12:15:00,27255.2
2025-08-03 12:30:00,27901.4
2025-08-03 12:45:00,28204.9
2025-08-03 13:00:00,28530.9
2025-08-03 13:15:00,28420.4
2025-08-03 13:30:00,28064.4
2025-08-03 13:45:00,27486.3
2025-08-03 14:00:00,27084.1
2025-08-03 14:15:00,26855.8
2025-08-03 14:30:00,26757.9
2025-08-03 14:45:00,26751.5
2025-08-03 15:00:00,27325.2
2025-08-03 15:15:00,26843.8
2025-08-03 15:30:00,26371.5
2025-08-03 15:45:00,25909.1
2025-08-03 16:00:00,25946.1
2025-08-03 16:15:00,26198.0
2025-08-03 16:30:00,26296.2
2025-08-03 16:45:00,26484.5
2025-08-03 17:00:00,27046.1
2025-08-03 17:15:00,27060.1
2025-08-03 17:30:00,27639.7
2025-08-03 17:45:00,27212.8
2025-08-03 18:00:00,27083.3
2025-08-03 18:15:00,26953.8
2025-08-03 18:30:00,27112.2
2025-08-03 18:45:00,27252.6
2025-08-03 19:00:00,27078.9
2025-08-03 19:15:00,27084.3
2025-08-03 19:30:00,27955.5
2025-08-03 19:45:00,28788.2
2025-08-03 20:00:00,29110.5
2025-08-03 20:15:00,29744.1
2025-08-03 20:30:00,30029.9
2025-08-03 20:45:00,30021.8
2025-08-03 21:00:00,30177.4
2025-08-03 21:15:00,30070.8
2025-08-03 21:30:00,29741.6
2025-08-03 21:45:00,29147.8
2025-08-03 22:00:00,29256.7
2025-08-03 22:15:00,29237.0
2025-08-03 22:30:00,28864.1
2025-08-03 22:45:00,28206.1
2025-08-03 23:00:00,28127.1
2025-08-03 23:15:00,27118.4
2025-08-03 23:30:00,26157.0
2025-08-03 23:45:00,26180.4
2025-08-04 00:00:00,29781.7
2025-08-04 00:15:00,30007.5
2025-08-04 00:30:00,29699.4
2025-08-04 00:45:00,28531.0
2025-08-04 01:00:00,27806.4
2025-08-04 01:15:00,27017.5
2025-08-04 01:30:00,26584.8
2025-08-04 01:45:00,25852.4
2025-08-04 02:00:00,25728.2
2025-08-04 02:15:00,25003.7
2025-08-04 02:30:00,24565.2
2025-08-04 02:45:00,23984.4
2025-08-04 03:00:00,23582.5
2025-08-04 03:15:00,23182.5
2025-08-04 03:30:00,22854.4
2025-08-04 03:45:00,22468.3
2025-08-04 04:00:00,22221.2
2025-08-04 04:15:00,21829.4
2025-08-04 04:30:00,21624.5
2025-08-04 04:45:00,21471.2
2025-08-04 05:00:00,21338.7
2025-08-04 05:15:00,21149.1
2025-08-04 05:30:00,21018.4
2025-08-04 05:45:00,20852.1
2025-08-04 06:00:00,20395.4
2025-08-04 06:15:00,20483.2
2025-08-04 06:30:00,20486.5
2025-08-04 06:45:00,20382.3
2025-08-04 07:00:00,20561.6
2025-08-04 07:15:00,20920.3
2025-08-04 07:30:00,20912.3
2025-08-04 07:45:00,21759.6
2025-08-04 08:00:00,22550.5
2025-08-04 08:15:00,23346.1
2025-08-04 08:30:00,24184.1
2025-08-04 08:45:00,25294.0
2025-08-04 09:00:00,25690.0
2025-08-04 09:15:00,26504.1
2025-08-04 09:30:00,27122.0
2025-08-04 09:45:00,27445.2
2025-08-04 10:00:00,27716.2
2025-08-04 10:15:00,28329.4
2025-08-04 10:30:00,28785.8
2025-08-04 10:45:00,29547.1
2025-08-04 11:00:00,30240.0
2025-08-04 11:15:00,30402.4
2025-08-04 11:30:00,30521.6
2025-08-04 11:45:00,30690.9
2025-08-04 12:00:00,32022.4
2025-08-04 12:15:00,32076.4
2025-08-04 12:30:00,32636.7
2025-08-04 12:45:00,32837.8
2025-08-04 13:00:00,32979.7
2025-08-04 13:15:00,32352.3
2025-08-04 13:30:00,32486.9
2025-08-04 13:45:00,31460.7
2025-08-04 14:00:00,30954.3
2025-08-04 14:15:00,30778.6
2025-08-04 14:30:00,30627.8
2025-08-04 14:45:00,29872.9
2025-08-04 15:00:00,29425.4
2025-08-04 15:15:00,29980.0
2025-08-04 15:30:00,29721.7
2025-08-04 15:45:00,29562.4
2025-08-04 16:00:00,29376.8
2025-08-04 16:15:00,29304.1
2025-08-04 16:30:00,30116.8
2025-08-04 16:45:00,30262.0
2025-08-04 17:00:00,30288.7
2025-08-04 17:15:00,30207.0
2025-08-04 17:30:00,29422.2
2025-08-04 17:45:00,28483.8
2025-08-04 18:00:00,29159.1
2025-08-04 18:15:00,28940.0
2025-08-04 18:30:00,28961.6
2025-08-04 18:45:00,29146.0
2025-08-04 19:00:00,28881.5
2025-08-04 19:15:00,28592.8
2025-08-04 19:30:00,29468.0
2025-08-04 19:45:00,30393.0
2025-08-04 20:00:00,30897.3
2025-08-04 20:15:00,32611.2
2025-08-04 20:30:00,32815.7
2025-08-04 20:45:00,32849.5
2025-08-04 21:00:00,32761.4
2025-08-04 21:15:00,32533.0
2025-08-04 21:30:00,32279.6
2025-08-04 21:45:00,31757.4
2025-08-04 22:00:00,30114.3
2025-08-04 22:15:00,29349.3
2025-08-04 22:30:00,28817.9
2025-08-04 22:45:00,28351.0
2025-08-04 23:00:00,27461.8
2025-08-04 23:15:00,26816.9
2025-08-04 23:30:00,26065.1
2025-08-04 23:45:00,25731.7
2025-08-05 00:00:00,30409.1
2025-08-05 00:15:00,30286.5
2025-08-05 00:30:00,29651.4
2025-08-05 00:45:00,28969.3
2025-08-05 01:00:00,28612.3
2025-08-05 01:15:00,27896.0
2025-08-05 01:30:00,27460.6
2025-08-05 01:45:00,26976.5
2025-08-05 02:00:00,26463.6
2025-08-05 02:15:00,26130.4
2025-08-05 02:30:00,25583.2
2025-08-05 02:45:00,25105.5
2025-08-05 03:00:00,24930.3
2025-08-05 03:15:00,24171.8
2025-08-05 03:30:00,23837.2
2025-08-05 03:45:00,23591.2
2025-08-05 04:00:00,23169.0
2025-08-05 04:15:00,22926.2
2025-08-05 04:30:00,22594.0
2025-08-05 04:45:00,22679.0
2025-08-05 05:00:00,22351.6
2025-08-05 05:15:00,22342.2
2025-08-05 05:30:00,22058.2
2025-08-05 05:45:00,21658.6
2025-08-05 06:00:00,21447.2
2025-08-05 06:15:00,21316.3
2025-08-05 06:30:00,21228.7
2025-08-05 06:45:00,21255.6
2025-08-05 07:00:00,21654.7
2025-08-05 07:15:00,21730.5
2025-08-05 07:30:00,21757.0
2025-08-05 07:45:00,22618.0
2025-08-05 08:00:00,23246.8
2025-08-05 08:15:00,24009.0
2025-08-05 08:30:00,24610.0
2025-08-05 08:45:00,25603.6
2025-08-05 09:00:00,26059.6
2025-08-05 09:15:00,26675.0
2025-08-05 09:30:00,27064.7
2025-08-05 09:45:00,27399.7
2025-08-05 10:00:00,27803.7
2025-08-05 10:15:00,28628.9
2025-08-05 10:30:00,28862.1
2025-08-05 10:45:00,29673.1
2025-08-05 11:00:00,30365.7
2025-08-05 11:15:00,30630.2
2025-08-05 11:30:00,31202.9
2025-08-05 11:45:00,30780.6
2025-08-05 12:00:00,32241.9
2025-08-05 12:15:00,32418.2
2025-08-05 12:30:00,32958.7
2025-08-05 12:45:00,33155.9
2025-08-05 13:00:00,33113.0
2025-08-05 13:15:00,32765.9
2025-08-05 13:30:00,32687.9
2025-08-05 13:45:00,32109.2
2025-08-05 14:00:00,31829.6
2025-08-05 14:15:00,31804.1
2025-08-05 14:30:00,31551.7
2025-08-05 14:45:00,31255.0
2025-08-05 15:00:00,31299.7
2025-08-05 15:15:00,30973.5
2025-08-05 15:30:00,30928.5
2025-08-05 15:45:00,30584.2
2025-08-05 16:00:00,30051.8
2025-08-05 16:15:00,30291.9
2025-08-05 16:30:00,30298.0
2025-08-05 16:45:00,29920.1
2025-08-05 17:00:00,30101.9
2025-08-05 17:15:00,30364.6
2025-08-05 17:30:00,30487.2
2025-08-05 17:45:00,30113.0
2025-08-05 18:00:00,29768.2
2025-08-05 18:15:00,29647.3
2025-08-05 18:30:00,29366.1
2025-08-05 18:45:00,29515.3
2025-08-05 19:00:00,29451.9
2025-08-05 19:15:00,29738.7
2025-08-05 19:30:00,30609.9
2025-08-05 19:45:00,30945.0
2025-08-05 20:00:00,31411.3
2025-08-05 20:15:00,31815.4
2025-08-05 20:30:00,32034.1
2025-08-05 20:45:00,31579.3
2025-08-05 21:00:00,31907.2
2025-08-05 21:15:00,31651.2
2025-08-05 21:30:00,31158.8
2025-08-05 21:45:00,30977.1
2025-08-05 22:00:00,29433.5
2025-08-05 22:15:00,28538.0
2025-08-05 22:30:00,27661.7
2025-08-05 22:45:00,26429.5
2025-08-05 23:00:00,25758.8
2025-08-05 23:15:00,25069.4
2025-08-05 23:30:00,24358.4
2025-08-05 23:45:00,24243.6
2025-08-06 00:00:00,28051.6
2025-08-06 00:15:00,28009.1
2025-08-06 00:30:00,27504.6
2025-08-06 00:45:00,26975.9
2025-08-06 01:00:00,26208.8
2025-08-06 01:15:00,25487.1
2025-08-06 01:30:00,25108.6
2025-08-06 01:45:00,24546.9
2025-08-06 02:00:00,24156.1
2025-08-06 02:15:00,23626.4
2025-08-06 02:30:00,23470.7
2025-08-06 02:45:00,22988.2
2025-08-06 03:00:00,22592.4
2025-08-06 03:15:00,22285.3
2025-08-06 03:30:00,21950.4
2025-08-06 03:45:00,21500.5
2025-08-06 04:00:00,21395.4
2025-08-06 04:15:00,21127.8
2025-08-06 04:30:00,20928.0
2025-08-06 04:45:00,20557.0
2025-08-06 05:00:00,20464.2
2025-08-06 05:15:00,20475.3
2025-08-06 05:30:00,20398.0
2025-08-06 05:45:00,20193.7
2025-08-06 06:00:00,19770.6
2025-08-06 06:15:00,19745.2
2025-08-06 06:30:00,19877.2
2025-08-06 06:45:00,20001.0
2025-08-06 07:00:00,20201.5
2025-08-06 07:15:00,20293.7
2025-08-06 07:30:00,20370.1
2025-08-06 07:45:00,21316.9
2025-08-06 08:00:00,22062.4
2025-08-06 08:15:00,22861.6
2025-08-06 08:30:00,23502.1
2025-08-06 08:45:00,24103.3
2025-08-06 09:00:00,24718.6
2025-08-06 09:15:00,24943.4
2025-08-06 09:30:00,25127.7
2025-08-06 09:45:00,25636.0
2025-08-06 10:00:00,25959.7
2025-08-06 10:15:00,26726.0
2025-08-06 10:30:00,26631.3
2025-08-06 10:45:00,27561.2
2025-08-06 11:00:00,27746.9
2025-08-06 11:15:00,27682.6
2025-08-06 11:30:00,27834.0
2025-08-06 11:45:00,27484.5
2025-08-06 12:00:00,28735.7
2025-08-06 12:15:00,29039.3
2025-08-06 12:30:00,29269.9
2025-08-06 12:45:00,29178.7
2025-08-06 13:00:00,29627.6
2025-08-06 13:15:00,29080.6
2025-08-06 13:30:00,29164.5
2025-08-06 13:45:00,27971.5
2025-08-06 14:00:00,27573.9
2025-08-06 14:15:00,27416.4
2025-08-06 14:30:00,27460.7
2025-08-06 14:45:00,27157.6
2025-08-06 15:00:00,27246.4
2025-08-06 15:15:00,27063.7
2025-08-06 15:30:00,27105.3
2025-08-06 15:45:00,26185.4
2025-08-06 16:00:00,26373.3
2025-08-06 16:15:00,26506.2
2025-08-06 16:30:00,26398.5
2025-08-06 16:45:00,26132.0
2025-08-06 17:00:00,26257.8
2025-08-06 17:15:00,25941.6
2025-08-06 17:30:00,25615.6
2025-08-06 17:45:00,24631.2
2025-08-06 18:00:00,24684.5
2025-08-06 18:15:00,24376.1
2025-08-06 18:30:00,24301.6
2025-08-06 18:45:00,24554.7
2025-08-06 19:00:00,24374.5
2025-08-06 19:15:00,25031.3
2025-08-06 19:30:00,25579.3
2025-08-06 19:45:00,25877.2
2025-08-06 20:00:00,26034.2
2025-08-06 20:15:00,26065.4
2025-08-06 20:30:00,25920.3
2025-08-06 20:45:00,25836.7
2025-08-06 21:00:00,25814.2
2025-08-06 21:15:00,25174.9
2025-08-06 21:30:00,24772.1
2025-08-06 21:45:00,24181.5
2025-08-06 22:00:00,23845.6
2025-08-06 22:15:00,23580.3
2025-08-06 22:30:00,23040.1
2025-08-06 22:45:00,22315.8
2025-08-06 23:00:00,21999.2
2025-08-06 23:15:00,21332.9
2025-08-06 23:30:00,20804.4
2025-08-06 23:45:00,20525.3
2025-08-07 00:00:00,25337.1
2025-08-07 00:15:00,25435.6
2025-08-07 00:30:00,24624.3
2025-08-07 00:45:00,24344.4
2025-08-07 01:00:00,23825.7
2025-08-07 01:15:00,23360.2
2025-08-07 01:30:00,22753.4
2025-08-07 01:45:00,22242.8
2025-08-07 02:00:00,22139.2
2025-08-07 02:15:00,21574.8
2025-08-07 02:30:00,21265.5
2025-08-07 02:45:00,20895.8
2025-08-07 03:00:00,21099.0
2025-08-07 03:15:00,20811.7
2025-08-07 03:30:00,21001.2
2025-08-07 03:45:00,20676.1
2025-08-07 04:00:00,20712.0
2025-08-07 04:15:00,21113.1
2025-08-07 04:30:00,20757.8
2025-08-07 04:45:00,20575.7
2025-08-07 05:00:00,21046.1
2025-08-07 05:15:00,20939.2
2025-08-07 05:30:00,20799.5
2025-08-07 05:45:00,20528.6
2025-08-07 06:00:00,20480.8
2025-08-07 06:15:00,20516.8
2025-08-07 06:30:00,20432.7
2025-08-07 06:45:00,20683.9
2025-08-07 07:00:00,20619.2
2025-08-07 07:15:00,20934.0
2025-08-07 07:30:00,21890.5
2025-08-07 07:45:00,22171.5
2025-08-07 08:00:00,22376.3
2025-08-07 08:15:00,22992.8
2025-08-07 08:30:00,22740.3
2025-08-07 08:45:00,23251.2
2025-08-07 09:00:00,23412.7
2025-08-07 09:15:00,23675.2
2025-08-07 09:30:00,23775.8
2025-08-07 09:45:00,23489.7
2025-08-07 10:00:00,24218.7
2025-08-07 10:15:00,24451.8
2025-08-07 10:30:00,24687.9
2025-08-07 10:45:00,25262.6
2025-08-07 11:00:00,25475.8
2025-08-07 11:15:00,25117.8
2025-08-07 11:30:00,25194.5
2025-08-07 11:45:00,24704.2
2025-08-07 12:00:00,26421.6
2025-08-07 12:15:00,26916.5
2025-08-07 12:30:00,26815.2
2025-08-07 12:45:00,26922.7
2025-08-07 13:00:00,27393.6
2025-08-07 13:15:00,26951.5
2025-08-07 13:30:00,26672.9
2025-08-07 13:45:00,26083.2
2025-08-07 14:00:00,25892.4
2025-08-07 14:15:00,25439.4
2025-08-07 14:30:00,25759.1
2025-08-07 14:45:00,25747.2
2025-08-07 15:00:00,25708.9
2025-08-07 15:15:00,25395.2
2025-08-07 15:30:00,25284.5
2025-08-07 15:45:00,25064.8
2025-08-07 16:00:00,24438.9
2025-08-07 16:15:00,24411.5
2025-08-07 16:30:00,24946.9
2025-08-07 16:45:00,24738.0
2025-08-07 17:00:00,24636.7
2025-08-07 17:15:00,24503.9
2025-08-07 17:30:00,24034.5
2025-08-07 17:45:00,24242.3
2025-08-07 18:00:00,24041.6
2025-08-07 18:15:00,23942.6
2025-08-07 18:30:00,24157.5
2025-08-07 18:45:00,23774.7
2025-08-07 19:00:00,24018.6
2025-08-07 19:15:00,24434.2
2025-08-07 19:30:00,24961.9
2025-08-07 19:45:00,25057.0
2025-08-07 20:00:00,25236.0
2025-08-07 20:15:00,25281.2
2025-08-07 20:30:00,25130.7
2025-08-07 20:45:00,25037.8
2025-08-07 21:00:00,24796.3
2025-08-07 21:15:00,24588.0
2025-08-07 21:30:00,24055.0
2025-08-07 21:45:00,23420.2
2025-08-07 22:00:00,23211.2
2025-08-07 22:15:00,22768.8
2025-08-07 22:30:00,22086.2
2025-08-07 22:45:00,21449.8
2025-08-07 23:00:00,21580.2
2025-08-07 23:15:00,20870.5
2025-08-07 23:30:00,20352.2
2025-08-07 23:45:00,19438.7
2025-08-08 00:00:00,23792.8
2025-08-08 00:15:00,23475.1
2025-08-08 00:30:00,22889.0
2025-08-08 00:45:00,22188.8
2025-08-08 01:00:00,22124.4
2025-08-08 01:15:00,22551.1
2025-08-08 01:30:00,22554.0
2025-08-08 01:45:00,22748.9
2025-08-08 02:00:00,22222.1
2025-08-08 02:15:00,21921.6
2025-08-08 02:30:00,21643.0
2025-08-08 02:45:00,21195.2
2025-08-08 03:00:00,21016.4
2025-08-08 03:15:00,20791.9
2025-08-08 03:30:00,20585.2
2025-08-08 03:45:00,20452.9
2025-08-08 04:00:00,20467.1
2025-08-08 04:15:00,20285.1
2025-08-08 04:30:00,20017.1
2025-08-08 04:45:00,20112.5
2025-08-08 05:00:00,19928.2
2025-08-08 05:15:00,19883.4
2025-08-08 05:30:00,19820.9
2025-08-08 05:45:00,19769.8
2025-08-08 06:00:00,19503.1
2025-08-08 06:15:00,19573.3
2025-08-08 06:30:00,19655.4
2025-08-08 06:45:00,19938.9
2025-08-08 07:00:00,20300.8
2025-08-08 07:15:00,20473.0
2025-08-08 07:30:00,20567.7
2025-08-08 07:45:00,21049.7
2025-08-08 08:00:00,21621.7
2025-08-08 08:15:00,22053.2
2025-08-08 08:30:00,22445.0
2025-08-08 08:45:00,22267.3
2025-08-08 09:00:00,22688.7
2025-08-08 09:15:00,22451.5
2025-08-08 09:30:00,22511.9
2025-08-08 09:45:00,22612.9
2025-08-08 10:00:00,22641.7
2025-08-08 10:15:00,23027.9
2025-08-08 10:30:00,23787.0
2025-08-08 10:45:00,24630.9
2025-08-08 11:00:00,25127.9
2025-08-08 11:15:00,25206.4
2025-08-08 11:30:00,25706.8
2025-08-08 11:45:00,25481.8
2025-08-08 12:00:00,26985.0
2025-08-08 12:15:00,27305.1
2025-08-08 12:30:00,27876.3
2025-08-08 12:45:00,27856.9
2025-08-08 13:00:00,28083.8
2025-08-08 13:15:00,27931.8
2025-08-08 13:30:00,27971.5
2025-08-08 13:45:00,27408.4
2025-08-08 14:00:00,27103.8
2025-08-08 14:15:00,26900.7
2025-08-08 14:30:00,26378.3
2025-08-08 14:45:00,26127.0
2025-08-08 15:00:00,25152.5
2025-08-08 15:15:00,25091.7
2025-08-08 15:30:00,25390.9
2025-08-08 15:45:00,25599.4
2025-08-08 16:00:00,25515.2
2025-08-08 16:15:00,25688.3
2025-08-08 16:30:00,25860.2
2025-08-08 16:45:00,25933.5
2025-08-08 17:00:00,25851.9
2025-08-08 17:15:00,25472.4
2025-08-08 17:30:00,25250.5
2025-08-08 17:45:00,24927.5
2025-08-08 18:00:00,24499.0
2025-08-08 18:15:00,24338.0
2025-08-08 18:30:00,24442.2
2025-08-08 18:45:00,24355.7
2025-08-08 19:00:00,24641.7
2025-08-08 19:15:00,25214.3
2025-08-08 19:30:00,25938.7
2025-08-08 19:45:00,26306.7
2025-08-08 20:00:00,26826.1
2025-08-08 20:15:00,26795.4
2025-08-08 20:30:00,26941.0
2025-08-08 20:45:00,26912.1
2025-08-08 21:00:00,26874.7
2025-08-08 21:15:00,26794.2
2025-08-08 21:30:00,26136.9
2025-08-08 21:45:00,26020.5
2025-08-08 22:00:00,25521.8
2025-08-08 22:15:00,25356.6
2025-08-08 22:30:00,24806.1
2025-08-08 22:45:00,23964.3
2025-08-08 23:00:00,23611.6
2025-08-08 23:15:00,23099.8
2025-08-08 23:30:00,22770.4
2025-08-08 23:45:00,22251.7
2025-08-09 00:00:00,26729.7
2025-08-09 00:15:00,26311.1
2025-08-09 00:30:00,25791.2
2025-08-09 00:45:00,25099.4
2025-08-09 01:00:00,24687.4
2025-08-09 01:15:00,23950.4
2025-08-09 01:30:00,23826.4
2025-08-09 01:45:00,23635.1
2025-08-09 02:00:00,23256.4
2025-08-09 02:15:00,23039.6
2025-08-09 02:30:00,22394.8
2025-08-09 02:45:00,22816.5
2025-08-09 03:00:00,22531.1
2025-08-09 03:15:00,22067.2
2025-08-09 03:30:00,22124.4
2025-08-09 03:45:00,21890.8
2025-08-09 04:00:00,21693.3
2025-08-09 04:15:00,21401.0
2025-08-09 04:30:00,21339.9
2025-08-09 04:45:00,21142.3
2025-08-09 05:00:00,21017.7
2025-08-09 05:15:00,21008.3
2025-08-09 05:30:00,20790.3
2025-08-09 05:45:00,20587.2
2025-08-09 06:00:00,20326.2
2025-08-09 06:15:00,20747.9
2025-08-09 06:30:00,20909.2
2025-08-09 06:45:00,20709.7
2025-08-09 07:00:00,20829.2
2025-08-09 07:15:00,21113.0
2025-08-09 07:30:00,20817.9
2025-08-09 07:45:00,21022.9
2025-08-09 08:00:00,21843.9
2025-08-09 08:15:00,22394.0
2025-08-09 08:30:00,22142.5
2025-08-09 08:45:00,22844.9
2025-08-09 09:00:00,23066.6
2025-08-09 09:15:00,23213.1
2025-08-09 09:30:00,23823.6
2025-08-09 09:45:00,24072.9
2025-08-09 10:00:00,24694.5
2025-08-09 10:15:00,24929.6
2025-08-09 10:30:00,24807.5
2025-08-09 10:45:00,25365.3
2025-08-09 11:00:00,26576.9
2025-08-09 11:15:00,26744.8
2025-08-09 11:30:00,27195.5
2025-08-09 11:45:00,26916.5
2025-08-09 12:00:00,28943.0
2025-08-09 12:15:00,29202.1
2025-08-09 12:30:00,29996.4
2025-08-09 12:45:00,30018.5
2025-08-09 13:00:00,30093.3
2025-08-09 13:15:00,29827.8
2025-08-09 13:30:00,29937.4
2025-08-09 13:45:00,29460.0
2025-08-09 14:00:00,28794.4
2025-08-09 14:15:00,29129.6
2025-08-09 14:30:00,28620.7
2025-08-09 14:45:00,28381.0
2025-08-09 15:00:00,28329.8
2025-08-09 15:15:00,28380.2
2025-08-09 15:30:00,28603.4
2025-08-09 15:45:00,28171.3
2025-08-09 16:00:00,27959.0
2025-08-09 16:15:00,27455.5
2025-08-09 16:30:00,27024.4
2025-08-09 16:45:00,27100.3
2025-08-09 17:00:00,27423.8
2025-08-09 17:15:00,27217.8
2025-08-09 17:30:00,26851.8
2025-08-09 17:45:00,25859.8
2025-08-09 18:00:00,26069.1
2025-08-09 18:15:00,25847.9
2025-08-09 18:30:00,26010.7
2025-08-09 18:45:00,26003.9
2025-08-09 19:00:00,26238.6
2025-08-09 19:15:00,26807.6
2025-08-09 19:30:00,27982.4
2025-08-09 19:45:00,28373.9
2025-08-09 20:00:00,28442.8
2025-08-09 20:15:00,28631.6
2025-08-09 20:30:00,29063.2
2025-08-09 20:45:00,29200.2
2025-08-09 21:00:00,29191.3
2025-08-09 21:15:00,29203.7
2025-08-09 21:30:00,28576.8
2025-08-09 21:45:00,28214.5
2025-08-09 22:00:00,28109.7
2025-08-09 22:15:00,27887.1
2025-08-09 22:30:00,27541.1
2025-08-09 22:45:00,26989.2
2025-08-09 23:00:00,26400.7
2025-08-09 23:15:00,25509.5
2025-08-09 23:30:00,25283.9
2025-08-09 23:45:00,25014.0
2025-08-10 00:00:00,29194.0
2025-08-10 00:15:00,28696.1
2025-08-10 00:30:00,28405.7
2025-08-10 00:45:00,27218.3
2025-08-10 01:00:00,26913.6
2025-08-10 01:15:00,26299.5
2025-08-10 01:30:00,25695.1
2025-08-10 01:45:00,25154.7
2025-08-10 02:00:00,24618.0
2025-08-10 02:15:00,24004.9
2025-08-10 02:30:00,24219.4
2025-08-10 02:45:00,24308.0
2025-08-10 03:00:00,23944.9
2025-08-10 03:15:00,23292.9
2025-08-10 03:30:00,23133.7
2025-08-10 03:45:00,22831.7
2025-08-10 04:00:00,22496.3
2025-08-10 04:15:00,22140.5
2025-08-10 04:30:00,21979.6
2025-08-10 04:45:00,21597.9
2025-08-10 05:00:00,21616.2
2025-08-10 05:15:00,21516.5
2025-08-10 05:30:00,21172.9
2025-08-10 05:45:00,20860.6
2025-08-10 06:00:00,21129.0
2025-08-10 06:15:00,21081.8
2025-08-10 06:30:00,21053.6
2025-08-10 06:45:00,20898.1
2025-08-10 07:00:00,20826.4
2025-08-10 07:15:00,20898.9
2025-08-10 07:30:00,20726.8
2025-08-10 07:45:00,21078.3
2025-08-10 08:00:00,21126.0
2025-08-10 08:15:00,21645.2
2025-08-10 08:30:00,22117.1
2025-08-10 08:45:00,22557.0
2025-08-10 09:00:00,22681.5
2025-08-10 09:15:00,23317.9
2025-08-10 09:30:00,23587.9
2025-08-10 09:45:00,23556.0
2025-08-10 10:00:00,23674.1
2025-08-10 10:15:00,24343.9
2025-08-10 10:30:00,25377.0
2025-08-10 10:45:00,25764.0
2025-08-10 11:00:00,26235.1
2025-08-10 11:15:00,25858.4
2025-08-10 11:30:00,26770.8
2025-08-10 11:45:00,26052.3
2025-08-10 12:00:00,27846.5
2025-08-10 12:15:00,28260.2
2025-08-10 12:30:00,28973.6
2025-08-10 12:45:00,29152.9
2025-08-10 13:00:00,29074.3
2025-08-10 13:15:00,28683.3
2025-08-10 13:30:00,28522.7
2025-08-10 13:45:00,27891.2
2025-08-10 14:00:00,27411.1
2025-08-10 14:15:00,27426.6
2025-08-10 14:30:00,27252.9
2025-08-10 14:45:00,27171.9
2025-08-10 15:00:00,27351.8
2025-08-10 15:15:00,27187.9
2025-08-10 15:30:00,26906.9
2025-08-10 15:45:00,26848.6
2025-08-10 16:00:00,26268.2
2025-08-10 16:15:00,26181.1
2025-08-10 16:30:00,26423.8
2025-08-10 16:45:00,26485.9
2025-08-10 17:00:00,26777.3
2025-08-10 17:15:00,26787.6
2025-08-10 17:30:00,26121.9
2025-08-10 17:45:00,25400.5
2025-08-10 18:00:00,25682.6
2025-08-10 18:15:00,25430.8
2025-08-10 18:30:00,25609.5
2025-08-10 18:45:00,25693.5
2025-08-10 19:00:00,25982.9
2025-08-10 19:15:00,26746.3
2025-08-10 19:30:00,27818.5
2025-08-10 19:45:00,27891.4
2025-08-10 20:00:00,28333.6
2025-08-10 20:15:00,28959.1
2025-08-10 20:30:00,28769.4
2025-08-10 20:45:00,29075.8
2025-08-10 21:00:00,28931.4
2025-08-10 21:15:00,28628.5
2025-08-10 21:30:00,28309.1
2025-08-10 21:45:00,27829.9
2025-08-10 22:00:00,27791.5
2025-08-10 22:15:00,27748.7
2025-08-10 22:30:00,27010.7
2025-08-10 22:45:00,26418.2
2025-08-10 23:00:00,26069.3
2025-08-10 23:15:00,25471.8
2025-08-10 23:30:00,24576.2
2025-08-10 23:45:00,24622.8
2025-08-11 00:00:00,28217.7
2025-08-11 00:15:00,28049.6
2025-08-11 00:30:00,27272.4
2025-08-11 00:45:00,26668.3
2025-08-11 01:00:00,25989.6
2025-08-11 01:15:00,25241.9
2025-08-11 01:30:00,24689.5
2025-08-11 01:45:00,23961.5
2025-08-11 02:00:00,23550.1
2025-08-11 02:15:00,22951.5
2025-08-11 02:30:00,22749.7
2025-08-11 02:45:00,22127.9
2025-08-11 03:00:00,21869.4
2025-08-11 03:15:00,21410.8
2025-08-11 03:30:00,20888.5
2025-08-11 03:45:00,20809.4
2025-08-11 04:00:00,20614.1
2025-08-11 04:15:00,20308.8
2025-08-11 04:30:00,19973.5
2025-08-11 04:45:00,19774.2
2025-08-11 05:00:00,19610.2
2025-08-11 05:15:00,19577.0
2025-08-11 05:30:00,19415.6
2025-08-11 05:45:00,18864.3
2025-08-11 06:00:00,18744.4
2025-08-11 06:15:00,18617.5
2025-08-11 06:30:00,18486.9
2025-08-11 06:45:00,18692.8
2025-08-11 07:00:00,18689.9
2025-08-11 07:15:00,18789.7
2025-08-11 07:30:00,18432.8
2025-08-11 07:45:00,19221.3
2025-08-11 08:00:00,19898.5
2025-08-11 08:15:00,20351.8
2025-08-11 08:30:00,20531.9
2025-08-11 08:45:00,21373.8
2025-08-11 09:00:00,21711.9
2025-08-11 09:15:00,22160.5
2025-08-11 09:30:00,22609.4
2025-08-11 09:45:00,22877.2
2025-08-11 10:00:00,23260.5
2025-08-11 10:15:00,23757.0
2025-08-11 10:30:00,24134.9
2025-08-11 10:45:00,24716.2
2025-08-11 11:00:00,24847.7
2025-08-11 11:15:00,25250.6
2025-08-11 11:30:00,24965.9
2025-08-11 11:45:00,24379.2
2025-08-11 12:00:00,26001.2
2025-08-11 12:15:00,26236.1
2025-08-11 12:30:00,26246.9
2025-08-11 12:45:00,26680.9
2025-08-11 13:00:00,26519.0
2025-08-11 13:15:00,26724.4
2025-08-11 13:30:00,26404.6
2025-08-11 13:45:00,25969.4
2025-08-11 14:00:00,25329.0
2025-08-11 14:15:00,25027.1
2025-08-11 14:30:00,25363.7
2025-08-11 14:45:00,25463.3
2025-08-11 15:00:00,25538.0
2025-08-11 15:15:00,25537.3
2025-08-11 15:30:00,25584.1
2025-08-11 15:45:00,25045.3
2025-08-11 16:00:00,24343.1
2025-08-11 16:15:00,24584.6
2025-08-11 16:30:00,24795.3
2025-08-11 16:45:00,24456.1
2025-08-11 17:00:00,25137.0
2025-08-11 17:15:00,24735.2
2025-08-11 17:30:00,23685.6
2025-08-11 17:45:00,23104.2
2025-08-11 18:00:00,22945.1
2025-08-11 18:15:00,22907.6
2025-08-11 18:30:00,22670.1
2025-08-11 18:45:00,22717.4
2025-08-11 19:00:00,23008.4
2025-08-11 19:15:00,23327.2
2025-08-11 19:30:00,23712.2
2025-08-11 19:45:00,23809.0
2025-08-11 20:00:00,23727.8
2025-08-11 20:15:00,23894.1
2025-08-11 20:30:00,23763.5
2025-08-11 20:45:00,23521.1
2025-08-11 21:00:00,23932.1
2025-08-11 21:15:00,23720.7
2025-08-11 21:30:00,23140.5
2025-08-11 21:45:00,22780.2
2025-08-11 22:00:00,22755.1
2025-08-11 22:15:00,22695.8
2025-08-11 22:30:00,22120.0
2025-08-11 22:45:00,21652.7
2025-08-11 23:00:00,21801.7
2025-08-11 23:15:00,21285.9
2025-08-11 23:30:00,21006.5
2025-08-11 23:45:00,20797.5
2025-08-12 00:00:00,24333.7
2025-08-12 00:15:00,24207.5
2025-08-12 00:30:00,23451.3
2025-08-12 00:45:00,22882.5
2025-08-12 01:00:00,22138.3
2025-08-12 01:15:00,21657.5
2025-08-12 01:30:00,21113.6
2025-08-12 01:45:00,20753.4
2025-08-12 02:00:00,20302.3
2025-08-12 02:15:00,20097.2
2025-08-12 02:30:00,19630.8
2025-08-12 02:45:00,19430.6
2025-08-12 03:00:00,19684.5
2025-08-12 03:15:00,19251.6
2025-08-12 03:30:00,19055.1
2025-08-12 03:45:00,18943.2
2025-08-12 04:00:00,18971.7
2025-08-12 04:15:00,18795.8
2025-08-12 04:30:00,18657.5
2025-08-12 04:45:00,19228.2
2025-08-12 05:00:00,18803.9
2025-08-12 05:15:00,18760.2
2025-08-12 05:30:00,18714.5
2025-08-12 05:45:00,18515.6
2025-08-12 06:00:00,18266.2
2025-08-12 06:15:00,18345.4
2025-08-12 06:30:00,18444.4
2025-08-12 06:45:00,18574.3
2025-08-12 07:00:00,18269.7
2025-08-12 07:15:00,18123.3
2025-08-12 07:30:00,18346.5
2025-08-12 07:45:00,18614.2
2025-08-12 08:00:00,19069.4
2025-08-12 08:15:00,19972.2
2025-08-12 08:30:00,20577.2
2025-08-12 08:45:00,21346.9
2025-08-12 09:00:00,22006.4
2025-08-12 09:15:00,22506.1
2025-08-12 09:30:00,22705.7
2025-08-12 09:45:00,22610.1
2025-08-12 10:00:00,23150.3
2025-08-12 10:15:00,23627.0
2025-08-12 10:30:00,23709.5
2025-08-12 10:45:00,24251.3
2025-08-12 11:00:00,24601.2
2025-08-12 11:15:00,24485.8
2025-08-12 11:30:00,24651.9
2025-08-12 11:45:00,24775.1
2025-08-12 12:00:00,26113.0
2025-08-12 12:15:00,26230.3
2025-08-12 12:30:00,26336.8
2025-08-12 12:45:00,26589.4
2025-08-12 13:00:00,26000.0
2025-08-12 13:15:00,25642.1
2025-08-12 13:30:00,26069.1
2025-08-12 13:45:00,25057.1
2025-08-12 14:00:00,25216.7
2025-08-12 14:15:00,25045.9
2025-08-12 14:30:00,25003.4
2025-08-12 14:45:00,24944.1
2025-08-12 15:00:00,25164.8
2025-08-12 15:15:00,25159.6
2025-08-12 15:30:00,25120.6
2025-08-12 15:45:00,24858.5
2025-08-12 16:00:00,25026.7
2025-08-12 16:15:00,25262.5
2025-08-12 16:30:00,25398.6
2025-08-12 16:45:00,24793.2
2025-08-12 17:00:00,24990.4
2025-08-12 17:15:00,24845.2
2025-08-12 17:30:00,24317.0
2025-08-12 17:45:00,23228.5
2025-08-12 18:00:00,23402.8
2025-08-12 18:15:00,23206.4
2025-08-12 18:30:00,23100.9
2025-08-12 18:45:00,23494.4
2025-08-12 19:00:00,23871.0
2025-08-12 19:15:00,23963.1
2025-08-12 19:30:00,24590.1
2025-08-12 19:45:00,24486.9
2025-08-12 20:00:00,24565.9
2025-08-12 20:15:00,24778.1
2025-08-12 20:30:00,24439.0
2025-08-12 20:45:00,24134.6
2025-08-12 21:00:00,24093.4
2025-08-12 21:15:00,23794.9
2025-08-12 21:30:00,23460.3
2025-08-12 21:45:00,22986.6
2025-08-12 22:00:00,22360.3
2025-08-12 22:15:00,22581.7
2025-08-12 22:30:00,22035.3
2025-08-12 22:45:00,21385.7
2025-08-12 23:00:00,21717.1
2025-08-12 23:15:00,21149.5
2025-08-12 23:30:00,20666.7
2025-08-12 23:45:00,20714.8
2025-08-13 00:00:00,24425.9
2025-08-13 00:15:00,24188.7
2025-08-13 00:30:00,23477.4
2025-08-13 00:45:00,23041.4
2025-08-13 01:00:00,22356.7
2025-08-13 01:15:00,21748.7
2025-08-13 01:30:00,21191.6
2025-08-13 01:45:00,20899.5
2025-08-13 02:00:00,20601.6
2025-08-13 02:15:00,19969.1
2025-08-13 02:30:00,19590.5
2025-08-13 02:45:00,20372.8
2025-08-13 03:00:00,20698.8
2025-08-13 03:15:00,20543.3
2025-08-13 03:30:00,20355.0
2025-08-13 03:45:00,20050.9
2025-08-13 04:00:00,19973.7
2025-08-13 04:15:00,19956.7
2025-08-13 04:30:00,19770.9
2025-08-13 04:45:00,19800.6
2025-08-13 05:00:00,19702.0
2025-08-13 05:15:00,19454.5
2025-08-13 05:30:00,19293.1
2025-08-13 05:45:00,18862.5
2025-08-13 06:00:00,18839.4
2025-08-13 06:15:00,19033.4
2025-08-13 06:30:00,19278.7
2025-08-13 06:45:00,19277.9
2025-08-13 07:00:00,19825.2
2025-08-13 07:15:00,19838.5
2025-08-13 07:30:00,19995.6
2025-08-13 07:45:00,20479.6
2025-08-13 08:00:00,21089.9
2025-08-13 08:15:00,20726.0
2025-08-13 08:30:00,21173.4
2025-08-13 08:45:00,21695.5
2025-08-13 09:00:00,21924.9
2025-08-13 09:15:00,22558.7
2025-08-13 09:30:00,22537.0
2025-08-13 09:45:00,22798.7
2025-08-13 10:00:00,23187.1
2025-08-13 10:15:00,23304.9
2025-08-13 10:30:00,23355.5
2025-08-13 10:45:00,23630.5
2025-08-13 11:00:00,24329.8
2025-08-13 11:15:00,24342.4
2025-08-13 11:30:00,24117.3
2025-08-13 11:45:00,23603.9
2025-08-13 12:00:00,25111.5
2025-08-13 12:15:00,25619.7
2025-08-13 12:30:00,25078.6
2025-08-13 12:45:00,24985.0
2025-08-13 13:00:00,24723.2
2025-08-13 13:15:00,24322.7
2025-08-13 13:30:00,24234.3
2025-08-13 13:45:00,23552.8
2025-08-13 14:00:00,23285.1
2025-08-13 14:15:00,22950.1
2025-08-13 14:30:00,22595.7
2025-08-13 14:45:00,22511.1
2025-08-13 15:00:00,22779.9
2025-08-13 15:15:00,22966.7
2025-08-13 15:30:00,22419.1
2025-08-13 15:45:00,22764.0
2025-08-13 16:00:00,22752.9
2025-08-13 16:15:00,23234.8
2025-08-13 16:30:00,23687.0
2025-08-13 16:45:00,23478.8
2025-08-13 17:00:00,23896.9
2025-08-13 17:15:00,23500.7
2025-08-13 17:30:00,22763.7
2025-08-13 17:45:00,22362.5
2025-08-13 18:00:00,22245.3
2025-08-13 18:15:00,21703.0
2025-08-13 18:30:00,21775.5
2025-08-13 18:45:00,21612.5
2025-08-13 19:00:00,22550.0
2025-08-13 19:15:00,23349.5
2025-08-13 19:30:00,23774.8
2025-08-13 19:45:00,23845.4
2025-08-13 20:00:00,23985.3
2025-08-13 20:15:00,24094.0
2025-08-13 20:30:00,23908.7
2025-08-13 20:45:00,23488.8
2025-08-13 21:00:00,23174.5
2025-08-13 21:15:00,23600.0
2025-08-13 21:30:00,23373.7
2025-08-13 21:45:00,22918.4
2025-08-13 22:00:00,23179.9
2025-08-13 22:15:00,22790.1
2025-08-13 22:30:00,21975.5
2025-08-13 22:45:00,21378.8
2025-08-13 23:00:00,21283.2
2025-08-13 23:15:00,20749.7
2025-08-13 23:30:00,20412.9
2025-08-13 23:45:00,20001.3
2025-08-14 00:00:00,22543.6
2025-08-14 00:15:00,22645.8
2025-08-14 00:30:00,23221.2
2025-08-14 00:45:00,22740.3
2025-08-14 01:00:00,21845.0
2025-08-14 01:15:00,21992.3
2025-08-14 01:30:00,21596.0
2025-08-14 01:45:00,21212.1
2025-08-14 02:00:00,21924.4
2025-08-14 02:15:00,21326.0
2025-08-14 02:30:00,21365.7
2025-08-14 02:45:00,21034.6
2025-08-14 03:00:00,20453.0
2025-08-14 03:15:00,20334.5
2025-08-14 03:30:00,20199.5
2025-08-14 03:45:00,19945.9
2025-08-14 04:00:00,19730.1
2025-08-14 04:15:00,19517.6
2025-08-14 04:30:00,19472.2
2025-08-14 04:45:00,19346.0
2025-08-14 05:00:00,19603.2
2025-08-14 05:15:00,19548.2
2025-08-14 05:30:00,19603.1
2025-08-14 05:45:00,19119.5
2025-08-14 06:00:00,19036.7
2025-08-14 06:15:00,19345.0
2025-08-14 06:30:00,19707.6
2025-08-14 06:45:00,19361.4
2025-08-14 07:00:00,19577.1
2025-08-14 07:15:00,19996.9
2025-08-14 07:30:00,20229.4
2025-08-14 07:45:00,20847.5
2025-08-14 08:00:00,21182.6
2025-08-14 08:15:00,21952.4
2025-08-14 08:30:00,22419.0
2025-08-14 08:45:00,22817.8
2025-08-14 09:00:00,22804.1
2025-08-14 09:15:00,23513.8
2025-08-14 09:30:00,24016.9
2025-08-14 09:45:00,24004.2
2025-08-14 10:00:00,24680.7
2025-08-14 10:15:00,25250.8
2025-08-14 10:30:00,25367.9
2025-08-14 10:45:00,25838.2
2025-08-14 11:00:00,26166.1
2025-08-14 11:15:00,26134.1
2025-08-14 11:30:00,27186.7
2025-08-14 11:45:00,26825.3
2025-08-14 12:00:00,28163.6
2025-08-14 12:15:00,28746.8
2025-08-14 12:30:00,28898.4
2025-08-14 12:45:00,28934.8
2025-08-14 13:00:00,28759.7
2025-08-14 13:15:00,27942.0
2025-08-14 13:30:00,27684.2
2025-08-14 13:45:00,27087.3
2025-08-14 14:00:00,26122.6
2025-08-14 14:15:00,24867.6
2025-08-14 14:30:00,24270.0
2025-08-14 14:45:00,24431.9
2025-08-14 15:00:00,24923.7
2025-08-14 15:15:00,24913.4
2025-08-14 15:30:00,25358.3
2025-08-14 15:45:00,24825.4
2025-08-14 16:00:00,24737.6
2025-08-14 16:15:00,24918.0
2025-08-14 16:30:00,25481.3
2025-08-14 16:45:00,24997.4
2025-08-14 17:00:00,24790.7
2025-08-14 17:15:00,24115.4
2025-08-14 17:30:00,23670.4
2025-08-14 17:45:00,23395.2
2025-08-14 18:00:00,23628.8
2025-08-14 18:15:00,23322.2
2025-08-14 18:30:00,23361.2
2025-08-14 18:45:00,23362.2
2025-08-14 19:00:00,23960.4
2025-08-14 19:15:00,24235.0
2025-08-14 19:30:00,24280.4
2025-08-14 19:45:00,24461.9
2025-08-14 20:00:00,25063.5
2025-08-14 20:15:00,25236.2
2025-08-14 20:30:00,24647.5
2025-08-14 20:45:00,24445.2
2025-08-14 21:00:00,24644.8
2025-08-14 21:15:00,24150.8
2025-08-14 21:30:00,23477.2
2025-08-14 21:45:00,24033.6
2025-08-14 22:00:00,23529.7
2025-08-14 22:15:00,23056.2
2025-08-14 22:30:00,22528.0
2025-08-14 22:45:00,21911.8
2025-08-14 23:00:00,21850.3
2025-08-14 23:15:00,21205.6
2025-08-14 23:30:00,20789.9
2025-08-14 23:45:00,20559.5
2025-08-15 00:00:00,24751.7
2025-08-15 00:15:00,24657.5
2025-08-15 00:30:00,23958.4
2025-08-15 00:45:00,23345.3
2025-08-15 01:00:00,23418.3
2025-08-15 01:15:00,22926.1
2025-08-15 01:30:00,22694.4
2025-08-15 01:45:00,22139.4
2025-08-15 02:00:00,21665.2
2025-08-15 02:15:00,21571.7
2025-08-15 02:30:00,21336.9
2025-08-15 02:45:00,20936.3
2025-08-15 03:00:00,20884.4
2025-08-15 03:15:00,20422.4
2025-08-15 03:30:00,20147.6
2025-08-15 03:45:00,19870.2
2025-08-15 04:00:00,19903.9
2025-08-15 04:15:00,19557.4
2025-08-15 04:30:00,19597.3
2025-08-15 04:45:00,19492.9
2025-08-15 05:00:00,19397.5
2025-08-15 05:15:00,19324.4
2025-08-15 05:30:00,19282.1
2025-08-15 05:45:00,19278.9
2025-08-15 06:00:00,19135.2
2025-08-15 06:15:00,19523.7
2025-08-15 06:30:00,19620.9
2025-08-15 06:45:00,19572.9
2025-08-15 07:00:00,19539.8
2025-08-15 07:15:00,19481.1
2025-08-15 07:30:00,19665.9
2025-08-15 07:45:00,20113.6
2025-08-15 08:00:00,20760.9
2025-08-15 08:15:00,21053.5
2025-08-15 08:30:00,21383.1
2025-08-15 08:45:00,21584.0
2025-08-15 09:00:00,21290.3
2025-08-15 09:15:00,21598.6
2025-08-15 09:30:00,21703.9
2025-08-15 09:45:00,21974.0
2025-08-15 10:00:00,22511.9
2025-08-15 10:15:00,22919.1
2025-08-15 10:30:00,23210.1
2025-08-15 10:45:00,23779.2
2025-08-15 11:00:00,24455.2
2025-08-15 11:15:00,24196.1
2025-08-15 11:30:00,24373.5
2025-08-15 11:45:00,24205.7
2025-08-15 12:00:00,25690.7
2025-08-15 12:15:00,25779.7
2025-08-15 12:30:00,26307.4
2025-08-15 12:45:00,26360.1
2025-08-15 13:00:00,26460.1
2025-08-15 13:15:00,26293.7
2025-08-15 13:30:00,26090.2
2025-08-15 13:45:00,25323.3
2025-08-15 14:00:00,24963.4
2025-08-15 14:15:00,24447.8
2025-08-15 14:30:00,24488.6
2025-08-15 14:45:00,24399.9
2025-08-15 15:00:00,24738.4
2025-08-15 15:15:00,24968.3
2025-08-15 15:30:00,26034.4
2025-08-15 15:45:00,25715.4
2025-08-15 16:00:00,25828.9
2025-08-15 16:15:00,25156.6
2025-08-15 16:30:00,25445.5
2025-08-15 16:45:00,24899.6
2025-08-15 17:00:00,24664.8
2025-08-15 17:15:00,24739.5
2025-08-15 17:30:00,24321.3
2025-08-15 17:45:00,24103.3
2025-08-15 18:00:00,24004.3
2025-08-15 18:15:00,23176.9
2025-08-15 18:30:00,22939.3
2025-08-15 18:45:00,22395.1
2025-08-15 19:00:00,22762.5
2025-08-15 19:15:00,23298.8
2025-08-15 19:30:00,24089.3
2025-08-15 19:45:00,24032.7
2025-08-15 20:00:00,24072.8
2025-08-15 20:15:00,24124.7
2025-08-15 20:30:00,24070.8
2025-08-15 20:45:00,23560.7
2025-08-15 21:00:00,23106.6
2025-08-15 21:15:00,23659.4
2025-08-15 21:30:00,23037.9
2025-08-15 21:45:00,22834.7
2025-08-15 22:00:00,22893.2
2025-08-15 22:15:00,22627.1
2025-08-15 22:30:00,22365.3
2025-08-15 22:45:00,21700.4
2025-08-15 23:00:00,21384.4
2025-08-15 23:15:00,20958.9
2025-08-15 23:30:00,20607.6
2025-08-15 23:45:00,19596.2
2025-08-16 00:00:00,23630.4
2025-08-16 00:15:00,23232.1
2025-08-16 00:30:00,22822.7
2025-08-16 00:45:00,21956.7
2025-08-16 01:00:00,21227.7
2025-08-16 01:15:00,20871.2
2025-08-16 01:30:00,19992.2
2025-08-16 01:45:00,20591.5
2025-08-16 02:00:00,20271.3
2025-08-16 02:15:00,19779.7
2025-08-16 02:30:00,19370.6
2025-08-16 02:45:00,19116.8
2025-08-16 03:00:00,18847.0
2025-08-16 03:15:00,18728.4
2025-08-16 03:30:00,18240.3
2025-08-16 03:45:00,17984.2
2025-08-16 04:00:00,17432.2
2025-08-16 04:15:00,17165.3
2025-08-16 04:30:00,17169.0
2025-08-16 04:45:00,17097.4
2025-08-16 05:00:00,17121.6
2025-08-16 05:15:00,17159.9
2025-08-16 05:30:00,17210.8
2025-08-16 05:45:00,16890.5
2025-08-16 06:00:00,16947.1
2025-08-16 06:15:00,16982.5
2025-08-16 06:30:00,17164.1
2025-08-16 06:45:00,17221.0
2025-08-16 07:00:00,17581.9
2025-08-16 07:15:00,17587.5
2025-08-16 07:30:00,18024.3
2025-08-16 07:45:00,19177.1
2025-08-16 08:00:00,19922.2
2025-08-16 08:15:00,20518.0
2025-08-16 08:30:00,20084.1
2025-08-16 08:45:00,20257.4
2025-08-16 09:00:00,20604.3
2025-08-16 09:15:00,21204.0
2025-08-16 09:30:00,21280.9
2025-08-16 09:45:00,21709.9
2025-08-16 10:00:00,22477.3
2025-08-16 10:15:00,23006.4
2025-08-16 10:30:00,23331.3
2025-08-16 10:45:00,24949.2
2025-08-16 11:00:00,25693.7
2025-08-16 11:15:00,26406.8
2025-08-16 11:30:00,26512.1
2025-08-16 11:45:00,25679.1
2025-08-16 12:00:00,26484.3
2025-08-16 12:15:00,26094.0
2025-08-16 12:30:00,26936.5
2025-08-16 12:45:00,27035.8
2025-08-16 13:00:00,26580.5
2025-08-16 13:15:00,26981.9
2025-08-16 13:30:00,26883.3
2025-08-16 13:45:00,26460.5
2025-08-16 14:00:00,26258.0
2025-08-16 14:15:00,25311.3
2025-08-16 14:30:00,25528.5
2025-08-16 14:45:00,24152.0
2025-08-16 15:00:00,25016.8
2025-08-16 15:15:00,25614.3
2025-08-16 15:30:00,24909.1
2025-08-16 15:45:00,25401.2
2025-08-16 16:00:00,25293.4
2025-08-16 16:15:00,25370.1
2025-08-16 16:30:00,25699.4
2025-08-16 16:45:00,25593.9
2025-08-16 17:00:00,25827.9
2025-08-16 17:15:00,25678.7
2025-08-16 17:30:00,25089.2
2025-08-16 17:45:00,24499.1
2025-08-16 18:00:00,24335.0
2025-08-16 18:15:00,24260.9
2025-08-16 18:30:00,23640.5
2025-08-16 18:45:00,23802.8
2025-08-16 19:00:00,23784.3
2025-08-16 19:15:00,24267.6
2025-08-16 19:30:00,25347.7
2025-08-16 19:45:00,25674.1
2025-08-16 20:00:00,25891.7
2025-08-16 20:15:00,25914.9
2025-08-16 20:30:00,25979.5
2025-08-16 20:45:00,26118.7
2025-08-16 21:00:00,25840.8
2025-08-16 21:15:00,25367.6
2025-08-16 21:30:00,25023.8
2025-08-16 21:45:00,24508.3
2025-08-16 22:00:00,24395.9
2025-08-16 22:15:00,24062.7
2025-08-16 22:30:00,23998.8
2025-08-16 22:45:00,23529.9
2025-08-16 23:00:00,23161.1
2025-08-16 23:15:00,22478.3
2025-08-16 23:30:00,22228.5
2025-08-16 23:45:00,21826.8
2025-08-17 00:00:00,25405.5
2025-08-17 00:15:00,25161.8
2025-08-17 00:30:00,24542.6
2025-08-17 00:45:00,23990.8
2025-08-17 01:00:00,23365.8
2025-08-17 01:15:00,23003.6
2025-08-17 01:30:00,22159.4
2025-08-17 01:45:00,21782.4
2025-08-17 02:00:00,21441.0
2025-08-17 02:15:00,21121.1
2025-08-17 02:30:00,20230.9
2025-08-17 02:45:00,20320.0
2025-08-17 03:00:00,20233.0
2025-08-17 03:15:00,19876.2
2025-08-17 03:30:00,19578.1
2025-08-17 03:45:00,19200.3
2025-08-17 04:00:00,19233.1
2025-08-17 04:15:00,18987.9
2025-08-17 04:30:00,18638.7
2025-08-17 04:45:00,18498.7
2025-08-17 05:00:00,18108.2
2025-08-17 05:15:00,18025.2
2025-08-17 05:30:00,18011.7
2025-08-17 05:45:00,17716.3
2025-08-17 06:00:00,17758.1
2025-08-17 06:15:00,17675.1
2025-08-17 06:30:00,17614.9
2025-08-17 06:45:00,17718.2
2025-08-17 07:00:00,18019.1
2025-08-17 07:15:00,17788.4
2025-08-17 07:30:00,18276.3
2025-08-17 07:45:00,19338.8
2025-08-17 08:00:00,19263.8
2025-08-17 08:15:00,20329.4
2025-08-17 08:30:00,21038.0
2025-08-17 08:45:00,20569.0
2025-08-17 09:00:00,20944.2
2025-08-17 09:15:00,21330.3
2025-08-17 09:30:00,21673.0
2025-08-17 09:45:00,22440.9
2025-08-17 10:00:00,22944.9
2025-08-17 10:15:00,24290.8
2025-08-17 10:30:00,25147.4
2025-08-17 10:45:00,26244.1
2025-08-17 11:00:00,26938.2
2025-08-17 11:15:00,27256.8
2025-08-17 11:30:00,27127.0
2025-08-17 11:45:00,26331.7
2025-08-17 12:00:00,27451.2
2025-08-17 12:15:00,27420.7
2025-08-17 12:30:00,26813.9
2025-08-17 12:45:00,27298.6
2025-08-17 13:00:00,27512.2
2025-08-17 13:15:00,26923.8
2025-08-17 13:30:00,26864.0
2025-08-17 13:45:00,26011.6
2025-08-17 14:00:00,25494.0
2025-08-17 14:15:00,25434.4
2025-08-17 14:30:00,25638.5
2025-08-17 14:45:00,26191.5
2025-08-17 15:00:00,26565.1
2025-08-17 15:15:00,26666.8
2025-08-17 15:30:00,26418.5
2025-08-17 15:45:00,26001.4
2025-08-17 16:00:00,25701.0
2025-08-17 16:15:00,25833.8
2025-08-17 16:30:00,26176.8
2025-08-17 16:45:00,25954.8
2025-08-17 17:00:00,26043.4
2025-08-17 17:15:00,26209.7
2025-08-17 17:30:00,25774.6
2025-08-17 17:45:00,25166.3
2025-08-17 18:00:00,25006.1
2025-08-17 18:15:00,25001.5
2025-08-17 18:30:00,24312.9
2025-08-17 18:45:00,24328.0
2025-08-17 19:00:00,24644.1
2025-08-17 19:15:00,25407.3
2025-08-17 19:30:00,26418.9
2025-08-17 19:45:00,26774.1
2025-08-17 20:00:00,26971.3
2025-08-17 20:15:00,27293.9
2025-08-17 20:30:00,27408.4
2025-08-17 20:45:00,27138.6
2025-08-17 21:00:00,27269.2
2025-08-17 21:15:00,26930.1
2025-08-17 21:30:00,26605.5
2025-08-17 21:45:00,26458.5
2025-08-17 22:00:00,25838.1
2025-08-17 22:15:00,25673.7
2025-08-17 22:30:00,25264.3
2025-08-17 22:45:00,24726.9
2025-08-17 23:00:00,24400.8
2025-08-17 23:15:00,24095.3
2025-08-17 23:30:00,23199.1
2025-08-17 23:45:00,23207.8
2025-08-18 00:00:00,26562.3
2025-08-18 00:15:00,26454.2
2025-08-18 00:30:00,25940.1
2025-08-18 00:45:00,25102.9
2025-08-18 01:00:00,24356.2
2025-08-18 01:15:00,23870.8
2025-08-18 01:30:00,23474.3
2025-08-18 01:45:00,22957.2
2025-08-18 02:00:00,22416.0
2025-08-18 02:15:00,21823.3
2025-08-18 02:30:00,21581.6
2025-08-18 02:45:00,21532.1
2025-08-18 03:00:00,21398.5
2025-08-18 03:15:00,20951.9
2025-08-18 03:30:00,20569.1
2025-08-18 03:45:00,20181.0
2025-08-18 04:00:00,20223.4
2025-08-18 04:15:00,19842.7
2025-08-18 04:30:00,19643.3
2025-08-18 04:45:00,19650.2
2025-08-18 05:00:00,19604.7
2025-08-18 05:15:00,19532.3
2025-08-18 05:30:00,19380.6
2025-08-18 05:45:00,19011.5
2025-08-18 06:00:00,19095.1
2025-08-18 06:15:00,19275.1
2025-08-18 06:30:00,19507.1
2025-08-18 06:45:00,19654.1
2025-08-18 07:00:00,19543.8
2025-08-18 07:15:00,19426.2
2025-08-18 07:30:00,19838.8
2025-08-18 07:45:00,20398.7
2025-08-18 08:00:00,20808.6
2025-08-18 08:15:00,21815.6
2025-08-18 08:30:00,23370.7
2025-08-18 08:45:00,23811.5
2025-08-18 09:00:00,24761.7
2025-08-18 09:15:00,25477.3
2025-08-18 09:30:00,26134.8
2025-08-18 09:45:00,26744.3
2025-08-18 10:00:00,27570.5
2025-08-18 10:15:00,28148.5
2025-08-18 10:30:00,28772.1
2025-08-18 10:45:00,28183.0
2025-08-18 11:00:00,28928.8
2025-08-18 11:15:00,29300.3
2025-08-18 11:30:00,29053.0
2025-08-18 11:45:00,28965.5
2025-08-18 12:00:00,30652.4
2025-08-18 12:15:00,31321.2
2025-08-18 12:30:00,31800.7
2025-08-18 12:45:00,32072.5
2025-08-18 13:00:00,31743.8
2025-08-18 13:15:00,31423.6
2025-08-18 13:30:00,31183.9
2025-08-18 13:45:00,30750.1
2025-08-18 14:00:00,30008.8
2025-08-18 14:15:00,29730.8
2025-08-18 14:30:00,29922.4
2025-08-18 14:45:00,29313.1
2025-08-18 15:00:00,29419.3
2025-08-18 15:15:00,28746.0
2025-08-18 15:30:00,28898.9
2025-08-18 15:45:00,28845.5
2025-08-18 16:00:00,28412.1
2025-08-18 16:15:00,28593.4
2025-08-18 16:30:00,28708.0
2025-08-18 16:45:00,28375.6
2025-08-18 17:00:00,29278.3
2025-08-18 17:15:00,28792.7
2025-08-18 17:30:00,28468.4
2025-08-18 17:45:00,27942.9
2025-08-18 18:00:00,27567.8
2025-08-18 18:15:00,26991.2
2025-08-18 18:30:00,27074.5
2025-08-18 18:45:00,26781.1
2025-08-18 19:00:00,27216.7
2025-08-18 19:15:00,28001.5
2025-08-18 19:30:00,28801.8
2025-08-18 19:45:00,29459.8
2025-08-18 20:00:00,29709.2
2025-08-18 20:15:00,29792.9
2025-08-18 20:30:00,29971.8
2025-08-18 20:45:00,29815.9
2025-08-18 21:00:00,29879.2
2025-08-18 21:15:00,29576.2
2025-08-18 21:30:00,29066.3
2025-08-18 21:45:00,28364.6
2025-08-18 22:00:00,27560.4
2025-08-18 22:15:00,26652.4
2025-08-18 22:30:00,25817.1
2025-08-18 22:45:00,25413.0
2025-08-18 23:00:00,24984.9
2025-08-18 23:15:00,24532.2
2025-08-18 23:30:00,23918.8
2025-08-18 23:45:00,23794.5
2025-08-19 00:00:00,27944.8
2025-08-19 00:15:00,27764.8
2025-08-19 00:30:00,26930.5
2025-08-19 00:45:00,26317.7
2025-08-19 01:00:00,25471.4
2025-08-19 01:15:00,25208.8
2025-08-19 01:30:00,24541.0
2025-08-19 01:45:00,23692.3
2025-08-19 02:00:00,23248.4
2025-08-19 02:15:00,22816.8
2025-08-19 02:30:00,22345.5
2025-08-19 02:45:00,22005.7
2025-08-19 03:00:00,21705.6
2025-08-19 03:15:00,21276.3
2025-08-19 03:30:00,20877.7
2025-08-19 03:45:00,20762.6
2025-08-19 04:00:00,20248.7
2025-08-19 04:15:00,19973.9
2025-08-19 04:30:00,19863.6
2025-08-19 04:45:00,19643.9
2025-08-19 05:00:00,19745.2
2025-08-19 05:15:00,19728.4
2025-08-19 05:30:00,19736.7
2025-08-19 05:45:00,19120.4
2025-08-19 06:00:00,19077.4
2025-08-19 06:15:00,19054.6
2025-08-19 06:30:00,19408.3
2025-08-19 06:45:00,19418.5
2025-08-19 07:00:00,19511.4
2025-08-19 07:15:00,19473.6
2025-08-19 07:30:00,19615.2
2025-08-19 07:45:00,20337.2
2025-08-19 08:00:00,20660.0
2025-08-19 08:15:00,21460.4
2025-08-19 08:30:00,22357.3
2025-08-19 08:45:00,22276.0
2025-08-19 09:00:00,24195.6
2025-08-19 09:15:00,24839.4
2025-08-19 09:30:00,25273.1
2025-08-19 09:45:00,26263.2
2025-08-19 10:00:00,26678.7
2025-08-19 10:15:00,26861.6
2025-08-19 10:30:00,27080.1
2025-08-19 10:45:00,27402.5
2025-08-19 11:00:00,28050.9
2025-08-19 11:15:00,28382.1
2025-08-19 11:30:00,28871.1
2025-08-19 11:45:00,29100.9
2025-08-19 12:00:00,30073.4
2025-08-19 12:15:00,30514.8
2025-08-19 12:30:00,30896.5
2025-08-19 12:45:00,30919.7
2025-08-19 13:00:00,30883.3
2025-08-19 13:15:00,30495.0
2025-08-19 13:30:00,30275.2
2025-08-19 13:45:00,29520.9
2025-08-19 14:00:00,28640.9
2025-08-19 14:15:00,28223.3
2025-08-19 14:30:00,28042.0
2025-08-19 14:45:00,28141.7
2025-08-19 15:00:00,28105.0
2025-08-19 15:15:00,28019.1
2025-08-19 15:30:00,27738.2
2025-08-19 15:45:00,27641.2
2025-08-19 16:00:00,27573.4
2025-08-19 16:15:00,27820.5
2025-08-19 16:30:00,27632.3
2025-08-19 16:45:00,26730.0
2025-08-19 17:00:00,27241.8
2025-08-19 17:15:00,26738.3
2025-08-19 17:30:00,26277.5
2025-08-19 17:45:00,25516.2
2025-08-19 18:00:00,25440.2
2025-08-19 18:15:00,25524.5
2025-08-19 18:30:00,25584.4
2025-08-19 18:45:00,25754.1
2025-08-19 19:00:00,26572.5
2025-08-19 19:15:00,27481.2
2025-08-19 19:30:00,28332.0
2025-08-19 19:45:00,28466.0
2025-08-19 20:00:00,29860.3
2025-08-19 20:15:00,29907.3
2025-08-19 20:30:00,30482.4
2025-08-19 20:45:00,30320.1
2025-08-19 21:00:00,30412.0
2025-08-19 21:15:00,29556.3
2025-08-19 21:30:00,29170.5
2025-08-19 21:45:00,27775.6
2025-08-19 22:00:00,26679.6
2025-08-19 22:15:00,26152.5
2025-08-19 22:30:00,25533.5
2025-08-19 22:45:00,24714.3
2025-08-19 23:00:00,24304.3
2025-08-19 23:15:00,23761.1
2025-08-19 23:30:00,22970.5
2025-08-19 23:45:00,23118.1
2025-08-20 00:00:00,26812.6
2025-08-20 00:15:00,26546.3
2025-08-20 00:30:00,26210.9
2025-08-20 00:45:00,25579.6
2025-08-20 01:00:00,24875.7
2025-08-20 01:15:00,24121.2
2025-08-20 01:30:00,24045.3
2025-08-20 01:45:00,23395.9
2025-08-20 02:00:00,22734.4
2025-08-20 02:15:00,22386.3
2025-08-20 02:30:00,21754.7
2025-08-20 02:45:00,21598.8
2025-08-20 03:00:00,20988.9
2025-08-20 03:15:00,20819.9
2025-08-20 03:30:00,20429.3
2025-08-20 03:45:00,20189.1
2025-08-20 04:00:00,19913.6
2025-08-20 04:15:00,19757.2
2025-08-20 04:30:00,19531.6
2025-08-20 04:45:00,19625.4
2025-08-20 05:00:00,19716.0
2025-08-20 05:15:00,19342.5
2025-08-20 05:30:00,19284.5
2025-08-20 05:45:00,18918.3
2025-08-20 06:00:00,18806.0
2025-08-20 06:15:00,18943.2
2025-08-20 06:30:00,19402.1
2025-08-20 06:45:00,19296.7
2025-08-20 07:00:00,19486.8
2025-08-20 07:15:00,19849.0
2025-08-20 07:30:00,19894.3
2025-08-20 07:45:00,20541.7
2025-08-20 08:00:00,21179.5
2025-08-20 08:15:00,21825.8
2025-08-20 08:30:00,23240.5
2025-08-20 08:45:00,24560.8
2025-08-20 09:00:00,24934.0
2025-08-20 09:15:00,25401.4
2025-08-20 09:30:00,26042.4
2025-08-20 09:45:00,26597.3
2025-08-20 10:00:00,26747.8
2025-08-20 10:15:00,26643.1
2025-08-20 10:30:00,27570.5
2025-08-20 10:45:00,28029.4
2025-08-20 11:00:00,28310.4
2025-08-20 11:15:00,28148.5
2025-08-20 11:30:00,27922.9
2025-08-20 11:45:00,27928.2
2025-08-20 12:00:00,30267.0
2025-08-20 12:15:00,30501.4
2025-08-20 12:30:00,30168.3
2025-08-20 12:45:00,30580.4
2025-08-20 13:00:00,30416.1
2025-08-20 13:15:00,30255.0
2025-08-20 13:30:00,29646.5
2025-08-20 13:45:00,29453.6
2025-08-20 14:00:00,28671.9
2025-08-20 14:15:00,28387.1
2025-08-20 14:30:00,28669.2
2025-08-20 14:45:00,28461.2
2025-08-20 15:00:00,28626.4
2025-08-20 15:15:00,28473.4
2025-08-20 15:30:00,28564.2
2025-08-20 15:45:00,28541.2
2025-08-20 16:00:00,28213.3
2025-08-20 16:15:00,28506.0
2025-08-20 16:30:00,27979.9
2025-08-20 16:45:00,27898.2
2025-08-20 17:00:00,27796.5
2025-08-20 17:15:00,27265.0
2025-08-20 17:30:00,26789.8
2025-08-20 17:45:00,26006.2
2025-08-20 18:00:00,25558.3
2025-08-20 18:15:00,25346.8
2025-08-20 18:30:00,25358.2
2025-08-20 18:45:00,25650.4
2025-08-20 19:00:00,26290.5
2025-08-20 19:15:00,27360.9
2025-08-20 19:30:00,27546.2
2025-08-20 19:45:00,27677.1
2025-08-20 20:00:00,27755.3
2025-08-20 20:15:00,28270.2
2025-08-20 20:30:00,28573.0
2025-08-20 20:45:00,28364.8
2025-08-20 21:00:00,28261.4
2025-08-20 21:15:00,27562.2
2025-08-20 21:30:00,26779.9
2025-08-20 21:45:00,25677.6
2025-08-20 22:00:00,25500.7
2025-08-20 22:15:00,25014.3
2025-08-20 22:30:00,24301.7
2025-08-20 22:45:00,23935.8
2025-08-20 23:00:00,23458.0
2025-08-20 23:15:00,22898.8
2025-08-20 23:30:00,22207.1
2025-08-20 23:45:00,21974.4
2025-08-21 00:00:00,27505.9
2025-08-21 00:15:00,27489.2
2025-08-21 00:30:00,26780.1
2025-08-21 00:45:00,25977.7
2025-08-21 01:00:00,25191.1
2025-08-21 01:15:00,25014.3
2025-08-21 01:30:00,24479.3
2025-08-21 01:45:00,24593.5
2025-08-21 02:00:00,23851.2
2025-08-21 02:15:00,23649.6
2025-08-21 02:30:00,23133.6
2025-08-21 02:45:00,22791.3
2025-08-21 03:00:00,22283.2
2025-08-21 03:15:00,22060.0
2025-08-21 03:30:00,21783.3
2025-08-21 03:45:00,21464.8
2025-08-21 04:00:00,21277.5
2025-08-21 04:15:00,21077.1
2025-08-21 04:30:00,20879.7
2025-08-21 04:45:00,20881.1
2025-08-21 05:00:00,20840.7
2025-08-21 05:15:00,20965.8
2025-08-21 05:30:00,20882.4
2025-08-21 05:45:00,19022.2
2025-08-21 06:00:00,20187.0
2025-08-21 06:15:00,20742.7
2025-08-21 06:30:00,20562.6
2025-08-21 06:45:00,20926.7
2025-08-21 07:00:00,21408.4
2025-08-21 07:15:00,21398.3
2025-08-21 07:30:00,21932.7
2025-08-21 07:45:00,22760.8
2025-08-21 08:00:00,23586.8
2025-08-21 08:15:00,24537.9
2025-08-21 08:30:00,24668.6
2025-08-21 08:45:00,25536.5
2025-08-21 09:00:00,25534.9
2025-08-21 09:15:00,25990.7
2025-08-21 09:30:00,26699.8
2025-08-21 09:45:00,26437.2
2025-08-21 10:00:00,27257.4
2025-08-21 10:15:00,27629.3
2025-08-21 10:30:00,28166.6
2025-08-21 10:45:00,29241.4
2025-08-21 11:00:00,30181.8
2025-08-21 11:15:00,30366.6
2025-08-21 11:30:00,30335.0
2025-08-21 11:45:00,29982.6
2025-08-21 12:00:00,31816.2
2025-08-21 12:15:00,32120.8
2025-08-21 12:30:00,32215.5
2025-08-21 12:45:00,32321.4
2025-08-21 13:00:00,32291.1
2025-08-21 13:15:00,31925.0
2025-08-21 13:30:00,32170.1
2025-08-21 13:45:00,31193.3
2025-08-21 14:00:00,30381.5
2025-08-21 14:15:00,29890.8
2025-08-21 14:30:00,29745.0
2025-08-21 14:45:00,29429.4
2025-08-21 15:00:00,29630.1
2025-08-21 15:15:00,29506.8
2025-08-21 15:30:00,29878.6
2025-08-21 15:45:00,29371.0
2025-08-21 16:00:00,28807.8
2025-08-21 16:15:00,29441.8
2025-08-21 16:30:00,28772.9
2025-08-21 16:45:00,28691.9
2025-08-21 17:00:00,28917.3
2025-08-21 17:15:00,28495.4
2025-08-21 17:30:00,28038.6
2025-08-21 17:45:00,27067.1
2025-08-21 18:00:00,27102.0
2025-08-21 18:15:00,26784.5
2025-08-21 18:30:00,26864.3
2025-08-21 18:45:00,27561.8
2025-08-21 19:00:00,28045.9
2025-08-21 19:15:00,28836.3
2025-08-21 19:30:00,29268.3
2025-08-21 19:45:00,29136.6
2025-08-21 20:00:00,29203.2
2025-08-21 20:15:00,29394.0
2025-08-21 20:30:00,29639.1
2025-08-21 20:45:00,29143.3
2025-08-21 21:00:00,28897.5
2025-08-21 21:15:00,28293.2
2025-08-21 21:30:00,26693.3
2025-08-21 21:45:00,25937.5
2025-08-21 22:00:00,25187.3
2025-08-21 22:15:00,24761.3
2025-08-21 22:30:00,24536.4
2025-08-21 22:45:00,24176.5
2025-08-21 23:00:00,23926.3
2025-08-21 23:15:00,23572.6
2025-08-21 23:30:00,22984.0
2025-08-21 23:45:00,22965.6
2025-08-22 00:00:00,26039.5
2025-08-22 00:15:00,25869.1
2025-08-22 00:30:00,25033.9
2025-08-22 00:45:00,24422.8
2025-08-22 01:00:00,23690.1
2025-08-22 01:15:00,23406.0
2025-08-22 01:30:00,22838.1
2025-08-22 01:45:00,22405.0
2025-08-22 02:00:00,21925.2
2025-08-22 02:15:00,21729.7
2025-08-22 02:30:00,21302.3
2025-08-22 02:45:00,21035.7
2025-08-22 03:00:00,20586.3
2025-08-22 03:15:00,20251.1
2025-08-22 03:30:00,20107.4
2025-08-22 03:45:00,19759.3
2025-08-22 04:00:00,19597.0
2025-08-22 04:15:00,19160.9
2025-08-22 04:30:00,19237.5
2025-08-22 04:45:00,19102.6
2025-08-22 05:00:00,19263.4
2025-08-22 05:15:00,19132.0
2025-08-22 05:30:00,19328.3
2025-08-22 05:45:00,18983.1
2025-08-22 06:00:00,18816.9
2025-08-22 06:15:00,19123.0
2025-08-22 06:30:00,19454.1
2025-08-22 06:45:00,19460.9
2025-08-22 07:00:00,19874.8
2025-08-22 07:15:00,20425.1
2025-08-22 07:30:00,20779.2
2025-08-22 07:45:00,21833.3
2025-08-22 08:00:00,22821.4
2025-08-22 08:15:00,23416.5
2025-08-22 08:30:00,23844.0
2025-08-22 08:45:00,24577.6
2025-08-22 09:00:00,25043.0
2025-08-22 09:15:00,25814.9
2025-08-22 09:30:00,26596.8
2025-08-22 09:45:00,27071.0
2025-08-22 10:00:00,27670.8
2025-08-22 10:15:00,28309.8
2025-08-22 10:30:00,28452.1
2025-08-22 10:45:00,29375.5
2025-08-22 11:00:00,29950.2
2025-08-22 11:15:00,29188.2
2025-08-22 11:30:00,29097.2
2025-08-22 11:45:00,29011.8
2025-08-22 12:00:00,30165.3
2025-08-22 12:15:00,30173.2
2025-08-22 12:30:00,30431.5
2025-08-22 12:45:00,30331.6
2025-08-22 13:00:00,30299.4
2025-08-22 13:15:00,29879.0
2025-08-22 13:30:00,29565.8
2025-08-22 13:45:00,28956.7
2025-08-22 14:00:00,28099.2
2025-08-22 14:15:00,27642.2
2025-08-22 14:30:00,27450.3
2025-08-22 14:45:00,27007.5
2025-08-22 15:00:00,27055.3
2025-08-22 15:15:00,27052.8
2025-08-22 15:30:00,27036.1
2025-08-22 15:45:00,26760.9
2025-08-22 16:00:00,26487.9
2025-08-22 16:15:00,26467.2
2025-08-22 16:30:00,26584.2
2025-08-22 16:45:00,26172.8
2025-08-22 17:00:00,26880.5
2025-08-22 17:15:00,26541.5
2025-08-22 17:30:00,25947.4
2025-08-22 17:45:00,25268.8
2025-08-22 18:00:00,25186.0
2025-08-22 18:15:00,25099.5
2025-08-22 18:30:00,25673.2
2025-08-22 18:45:00,25484.1
2025-08-22 19:00:00,26289.2
2025-08-22 19:15:00,26795.7
2025-08-22 19:30:00,27743.5
2025-08-22 19:45:00,27921.4
2025-08-22 20:00:00,27740.5
2025-08-22 20:15:00,27782.9
2025-08-22 20:30:00,27958.9
2025-08-22 20:45:00,27626.7
2025-08-22 21:00:00,27507.0
2025-08-22 21:15:00,26298.5
2025-08-22 21:30:00,25533.0
2025-08-22 21:45:00,25059.8
2025-08-22 22:00:00,24268.1
2025-08-22 22:15:00,24109.2
2025-08-22 22:30:00,24129.2
2025-08-22 22:45:00,23832.6
2025-08-22 23:00:00,23301.0
2025-08-22 23:15:00,23036.1
2025-08-22 23:30:00,22544.2
2025-08-22 23:45:00,22553.3
2025-08-23 00:00:00,25413.3
2025-08-23 00:15:00,25336.3
2025-08-23 00:30:00,24804.9
2025-08-23 00:45:00,23896.5
2025-08-23 01:00:00,23327.0
2025-08-23 01:15:00,22722.4
2025-08-23 01:30:00,22505.1
2025-08-23 01:45:00,22463.5
2025-08-23 02:00:00,21904.0
2025-08-23 02:15:00,22009.4
2025-08-23 02:30:00,21362.7
2025-08-23 02:45:00,21070.4
2025-08-23 03:00:00,20634.8
2025-08-23 03:15:00,20758.6
2025-08-23 03:30:00,20047.1
2025-08-23 03:45:00,20003.8
2025-08-23 04:00:00,19657.6
2025-08-23 04:15:00,19639.8
2025-08-23 04:30:00,19613.5
2025-08-23 04:45:00,19306.0
2025-08-23 05:00:00,19336.9
2025-08-23 05:15:00,19274.5
2025-08-23 05:30:00,19529.7
2025-08-23 05:45:00,19057.4
2025-08-23 06:00:00,18868.0
2025-08-23 06:15:00,19104.1
2025-08-23 06:30:00,19190.5
2025-08-23 06:45:00,19369.3
2025-08-23 07:00:00,19054.9
2025-08-23 07:15:00,19384.5
2025-08-23 07:30:00,19399.7
2025-08-23 07:45:00,19965.1
2025-08-23 08:00:00,20308.2
2025-08-23 08:15:00,21165.1
2025-08-23 08:30:00,21123.5
2025-08-23 08:45:00,21675.8
2025-08-23 09:00:00,22269.5
2025-08-23 09:15:00,22870.5
2025-08-23 09:30:00,23565.0
2025-08-23 09:45:00,23701.6
2025-08-23 10:00:00,24443.0
2025-08-23 10:15:00,25027.1
2025-08-23 10:30:00,25264.1
2025-08-23 10:45:00,25805.2
2025-08-23 11:00:00,27310.2
2025-08-23 11:15:00,27260.3
2025-08-23 11:30:00,27422.4
2025-08-23 11:45:00,27072.5
2025-08-23 12:00:00,29023.7
2025-08-23 12:15:00,29169.9
2025-08-23 12:30:00,29779.5
2025-08-23 12:45:00,29912.8
2025-08-23 13:00:00,29914.3
2025-08-23 13:15:00,29681.3
2025-08-23 13:30:00,29879.2
2025-08-23 13:45:00,29346.4
2025-08-23 14:00:00,28700.3
2025-08-23 14:15:00,28617.8
2025-08-23 14:30:00,28800.0
2025-08-23 14:45:00,28687.3
2025-08-23 15:00:00,28971.4
2025-08-23 15:15:00,28847.0
2025-08-23 15:30:00,28289.7
2025-08-23 15:45:00,28091.3
2025-08-23 16:00:00,28126.8
2025-08-23 16:15:00,28064.8
2025-08-23 16:30:00,28238.3
2025-08-23 16:45:00,27543.1
2025-08-23 17:00:00,27945.5
2025-08-23 17:15:00,28080.6
2025-08-23 17:30:00,27414.4
2025-08-23 17:45:00,26972.1
2025-08-23 18:00:00,27137.3
2025-08-23 18:15:00,26859.9
2025-08-23 18:30:00,26896.0
2025-08-23 18:45:00,27179.2
2025-08-23 19:00:00,27610.4
2025-08-23 19:15:00,28300.8
2025-08-23 19:30:00,29015.6
2025-08-23 19:45:00,28801.0
2025-08-23 20:00:00,28912.3
2025-08-23 20:15:00,29149.2
2025-08-23 20:30:00,29005.0
2025-08-23 20:45:00,28958.7
2025-08-23 21:00:00,28634.9
2025-08-23 21:15:00,28443.8
2025-08-23 21:30:00,28143.2
2025-08-23 21:45:00,28015.8
2025-08-23 22:00:00,27930.0
2025-08-23 22:15:00,28527.8
2025-08-23 22:30:00,27632.0
2025-08-23 22:45:00,27164.0
2025-08-23 23:00:00,27287.3
2025-08-23 23:15:00,26582.0
2025-08-23 23:30:00,26166.6
2025-08-23 23:45:00,25876.7
2025-08-24 00:00:00,27806.3
2025-08-24 00:15:00,27717.1
2025-08-24 00:30:00,26942.5
2025-08-24 00:45:00,25949.4
2025-08-24 01:00:00,25528.0
2025-08-24 01:15:00,25172.2
2025-08-24 01:30:00,24224.1
2025-08-24 01:45:00,23876.2
2025-08-24 02:00:00,23529.2
2025-08-24 02:15:00,22835.9
2025-08-24 02:30:00,22369.9
2025-08-24 02:45:00,22162.0
2025-08-24 03:00:00,21750.9
2025-08-24 03:15:00,21284.5
2025-08-24 03:30:00,20975.6
2025-08-24 03:45:00,21235.2
2025-08-24 04:00:00,20993.3
2025-08-24 04:15:00,20737.3
2025-08-24 04:30:00,20463.2
2025-08-24 04:45:00,20474.0
2025-08-24 05:00:00,20107.9
2025-08-24 05:15:00,20101.8
2025-08-24 05:30:00,20181.1
2025-08-24 05:45:00,19729.6
2025-08-24 06:00:00,19618.6
2025-08-24 06:15:00,19637.3
2025-08-24 06:30:00,19580.5
2025-08-24 06:45:00,19589.9
2025-08-24 07:00:00,19838.6
2025-08-24 07:15:00,19873.7
2025-08-24 07:30:00,20105.3
2025-08-24 07:45:00,20061.3
2025-08-24 08:00:00,20416.5
2025-08-24 08:15:00,21108.3
2025-08-24 08:30:00,21180.0
2025-08-24 08:45:00,21244.5
2025-08-24 09:00:00,21254.8
2025-08-24 09:15:00,21636.9
2025-08-24 09:30:00,22124.3
2025-08-24 09:45:00,22247.9
2025-08-24 10:00:00,23659.9
2025-08-24 10:15:00,25200.3
2025-08-24 10:30:00,25682.2
2025-08-24 10:45:00,26567.9
2025-08-24 11:00:00,26968.5
2025-08-24 11:15:00,26868.5
2025-08-24 11:30:00,27071.8
2025-08-24 11:45:00,26934.9
2025-08-24 12:00:00,28372.8
2025-08-24 12:15:00,29104.7
2025-08-24 12:30:00,30021.3
2025-08-24 12:45:00,29804.0
2025-08-24 13:00:00,30301.2
2025-08-24 13:15:00,29941.7
2025-08-24 13:30:00,29791.1
2025-08-24 13:45:00,29079.0
2025-08-24 14:00:00,28255.1
2025-08-24 14:15:00,28389.7
2025-08-24 14:30:00,28287.6
2025-08-24 14:45:00,27879.8
2025-08-24 15:00:00,28409.0
2025-08-24 15:15:00,28054.7
2025-08-24 15:30:00,27890.2
2025-08-24 15:45:00,27504.7
2025-08-24 16:00:00,27062.3
2025-08-24 16:15:00,27316.7
2025-08-24 16:30:00,26876.2
2025-08-24 16:45:00,26614.3
2025-08-24 17:00:00,26930.8
2025-08-24 17:15:00,27143.1
2025-08-24 17:30:00,26810.3
2025-08-24 17:45:00,26049.2
2025-08-24 18:00:00,26031.7
2025-08-24 18:15:00,25712.8
2025-08-24 18:30:00,25629.3
2025-08-24 18:45:00,25944.0
2025-08-24 19:00:00,26409.7
2025-08-24 19:15:00,27154.2
2025-08-24 19:30:00,27715.6
2025-08-24 19:45:00,28038.9
2025-08-24 20:00:00,28271.6
2025-08-24 20:15:00,28236.1
2025-08-24 20:30:00,28326.7
2025-08-24 20:45:00,27907.7
2025-08-24 21:00:00,27812.4
2025-08-24 21:15:00,27459.0
2025-08-24 21:30:00,27408.4
2025-08-24 21:45:00,27275.1
2025-08-24 22:00:00,27420.9
2025-08-24 22:15:00,27310.3
2025-08-24 22:30:00,26582.3
2025-08-24 22:45:00,26521.3
2025-08-24 23:00:00,26056.8
2025-08-24 23:15:00,25427.9
2025-08-24 23:30:00,25012.4
2025-08-24 23:45:00,24648.4
2025-08-25 00:00:00,27558.0
2025-08-25 00:15:00,27355.7
2025-08-25 00:30:00,26498.3
2025-08-25 00:45:00,25900.8
2025-08-25 01:00:00,25427.6
2025-08-25 01:15:00,24576.8
2025-08-25 01:30:00,24117.0
2025-08-25 01:45:00,23619.4
2025-08-25 02:00:00,22912.7
2025-08-25 02:15:00,22450.0
2025-08-25 02:30:00,22308.4
2025-08-25 02:45:00,21710.0
2025-08-25 03:00:00,21341.7
2025-08-25 03:15:00,20921.2
2025-08-25 03:30:00,20283.2
2025-08-25 03:45:00,20221.2
2025-08-25 04:00:00,20017.5
2025-08-25 04:15:00,19716.8
2025-08-25 04:30:00,19571.5
2025-08-25 04:45:00,19417.8
2025-08-25 05:00:00,19631.1
2025-08-25 05:15:00,19324.3
2025-08-25 05:30:00,19559.0
2025-08-25 05:45:00,18946.8
2025-08-25 06:00:00,18899.4
2025-08-25 06:15:00,19086.8
2025-08-25 06:30:00,19233.6
2025-08-25 06:45:00,19556.8
2025-08-25 07:00:00,19689.9
2025-08-25 07:15:00,20009.5
2025-08-25 07:30:00,20383.7
2025-08-25 07:45:00,21177.2
2025-08-25 08:00:00,22197.2
2025-08-25 08:15:00,23229.0
2025-08-25 08:30:00,23794.6
2025-08-25 08:45:00,24416.8
2025-08-25 09:00:00,25249.6
2025-08-25 09:15:00,25985.1
2025-08-25 09:30:00,26584.3
2025-08-25 09:45:00,27185.5
2025-08-25 10:00:00,28396.5
2025-08-25 10:15:00,28966.1
2025-08-25 10:30:00,29441.5
2025-08-25 10:45:00,30176.7
2025-08-25 11:00:00,30823.9
2025-08-25 11:15:00,30634.2
2025-08-25 11:30:00,31117.0
2025-08-25 11:45:00,30618.8
2025-08-25 12:00:00,32460.9
2025-08-25 12:15:00,33127.5
2025-08-25 12:30:00,33432.7
2025-08-25 12:45:00,33772.1
2025-08-25 13:00:00,33748.5
2025-08-25 13:15:00,33732.6
2025-08-25 13:30:00,33544.4
2025-08-25 13:45:00,32856.9
2025-08-25 14:00:00,32244.7
2025-08-25 14:15:00,32303.1
2025-08-25 14:30:00,32248.6
2025-08-25 14:45:00,32054.6
2025-08-25 15:00:00,32299.9
2025-08-25 15:15:00,32004.3
2025-08-25 15:30:00,32023.1
2025-08-25 15:45:00,31492.4
2025-08-25 16:00:00,31130.0
2025-08-25 16:15:00,30875.9
2025-08-25 16:30:00,30519.5
2025-08-25 16:45:00,30072.3
2025-08-25 17:00:00,29944.2
2025-08-25 17:15:00,29486.9
2025-08-25 17:30:00,28925.8
2025-08-25 17:45:00,27752.7
2025-08-25 18:00:00,27886.2
2025-08-25 18:15:00,27529.8
2025-08-25 18:30:00,27466.9
2025-08-25 18:45:00,27775.7
2025-08-25 19:00:00,28291.9
2025-08-25 19:15:00,28926.0
2025-08-25 19:30:00,29596.9
2025-08-25 19:45:00,29813.4
2025-08-25 20:00:00,29827.4
2025-08-25 20:15:00,30166.3
2025-08-25 20:30:00,29665.0
2025-08-25 20:45:00,29672.5
2025-08-25 21:00:00,29327.1
2025-08-25 21:15:00,29044.3
2025-08-25 21:30:00,28102.0
2025-08-25 21:45:00,27730.6
2025-08-25 22:00:00,26984.7
2025-08-25 22:15:00,26914.3
2025-08-25 22:30:00,26514.0
2025-08-25 22:45:00,26163.8
2025-08-25 23:00:00,25522.6
2025-08-25 23:15:00,25153.3
2025-08-25 23:30:00,24423.6
2025-08-25 23:45:00,24417.3
2025-08-26 00:00:00,27312.9
2025-08-26 00:15:00,27172.6
2025-08-26 00:30:00,26393.1
2025-08-26 00:45:00,25565.0
2025-08-26 01:00:00,24913.7
2025-08-26 01:15:00,24321.9
2025-08-26 01:30:00,23701.0
2025-08-26 01:45:00,23272.0
2025-08-26 02:00:00,23053.2
2025-08-26 02:15:00,22483.0
2025-08-26 02:30:00,22093.6
2025-08-26 02:45:00,21579.9
2025-08-26 03:00:00,21129.7
2025-08-26 03:15:00,20953.2
2025-08-26 03:30:00,20555.2
2025-08-26 03:45:00,20182.6
2025-08-26 04:00:00,20056.4
2025-08-26 04:15:00,19915.2
2025-08-26 04:30:00,19753.8
2025-08-26 04:45:00,19686.3
2025-08-26 05:00:00,19603.9
2025-08-26 05:15:00,19643.9
2025-08-26 05:30:00,19603.1
2025-08-26 05:45:00,19380.3
2025-08-26 06:00:00,19361.0
2025-08-26 06:15:00,19222.7
2025-08-26 06:30:00,19353.4
2025-08-26 06:45:00,19633.5
2025-08-26 07:00:00,19740.2
2025-08-26 07:15:00,20111.9
2025-08-26 07:30:00,20432.9
2025-08-26 07:45:00,21453.5
2025-08-26 08:00:00,22155.4
2025-08-26 08:15:00,23157.4
2025-08-26 08:30:00,23663.2
2025-08-26 08:45:00,24413.6
2025-08-26 09:00:00,25203.5
2025-08-26 09:15:00,26411.5
2025-08-26 09:30:00,27233.7
2025-08-26 09:45:00,27998.6
2025-08-26 10:00:00,28509.6
2025-08-26 10:15:00,29595.0
2025-08-26 10:30:00,30226.7
2025-08-26 10:45:00,30721.0
2025-08-26 11:00:00,31302.1
2025-08-26 11:15:00,31588.8
2025-08-26 11:30:00,31494.5
2025-08-26 11:45:00,31346.4
2025-08-26 12:00:00,33340.4
2025-08-26 12:15:00,33844.9
2025-08-26 12:30:00,34470.2
2025-08-26 12:45:00,34356.0
2025-08-26 13:00:00,34349.6
2025-08-26 13:15:00,34276.1
2025-08-26 13:30:00,34307.7
2025-08-26 13:45:00,33635.2
2025-08-26 14:00:00,33294.5
2025-08-26 14:15:00,32898.9
2025-08-26 14:30:00,32981.2
2025-08-26 14:45:00,32577.5
2025-08-26 15:00:00,32949.2
2025-08-26 15:15:00,32612.6
2025-08-26 15:30:00,32596.8
2025-08-26 15:45:00,32041.6
2025-08-26 16:00:00,31433.9
2025-08-26 16:15:00,31622.1
2025-08-26 16:30:00,31461.2
2025-08-26 16:45:00,30925.8
2025-08-26 17:00:00,30482.8
2025-08-26 17:15:00,29917.7
2025-08-26 17:30:00,28995.3
2025-08-26 17:45:00,28094.7
2025-08-26 18:00:00,27861.8
2025-08-26 18:15:00,27686.0
2025-08-26 18:30:00,28146.8
2025-08-26 18:45:00,28325.2
2025-08-26 19:00:00,29020.4
2025-08-26 19:15:00,29608.2
2025-08-26 19:30:00,30439.5
2025-08-26 19:45:00,30426.1
2025-08-26 20:00:00,30506.4
2025-08-26 20:15:00,30764.3
2025-08-26 20:30:00,30620.6
2025-08-26 20:45:00,30566.1
2025-08-26 21:00:00,30493.5
2025-08-26 21:15:00,29855.5
2025-08-26 21:30:00,29008.9
2025-08-26 21:45:00,28157.5
2025-08-26 22:00:00,28046.2
2025-08-26 22:15:00,27547.6
2025-08-26 22:30:00,27062.9
2025-08-26 22:45:00,26616.0
2025-08-26 23:00:00,26592.7
2025-08-26 23:15:00,25991.7
2025-08-26 23:30:00,25448.5
2025-08-26 23:45:00,25255.7
2025-08-27 00:00:00,28506.4
2025-08-27 00:15:00,28383.0
2025-08-27 00:30:00,28009.8
2025-08-27 00:45:00,26987.0
2025-08-27 01:00:00,26175.0
2025-08-27 01:15:00,25893.0
2025-08-27 01:30:00,24851.6
2025-08-27 01:45:00,24664.4
2025-08-27 02:00:00,24151.0
2025-08-27 02:15:00,23784.3
2025-08-27 02:30:00,23358.3
2025-08-27 02:45:00,22768.0
2025-08-27 03:00:00,22462.9
2025-08-27 03:15:00,22067.0
2025-08-27 03:30:00,21861.0
2025-08-27 03:45:00,21417.7
2025-08-27 04:00:00,21291.2
2025-08-27 04:15:00,21250.6
2025-08-27 04:30:00,20774.9
2025-08-27 04:45:00,20793.5
2025-08-27 05:00:00,20610.2
2025-08-27 05:15:00,20665.1
2025-08-27 05:30:00,20748.3
2025-08-27 05:45:00,20392.6
2025-08-27 06:00:00,19907.4
2025-08-27 06:15:00,19950.6
2025-08-27 06:30:00,20136.4
2025-08-27 06:45:00,20208.8
2025-08-27 07:00:00,20411.2
2025-08-27 07:15:00,20463.7
2025-08-27 07:30:00,21045.6
2025-08-27 07:45:00,21951.3
2025-08-27 08:00:00,22701.9
2025-08-27 08:15:00,23700.3
2025-08-27 08:30:00,24054.1
2025-08-27 08:45:00,25026.6
2025-08-27 09:00:00,25905.3
2025-08-27 09:15:00,26322.1
2025-08-27 09:30:00,27040.1
2025-08-27 09:45:00,28196.2
2025-08-27 10:00:00,28762.7
2025-08-27 10:15:00,29485.8
2025-08-27 10:30:00,30269.9
2025-08-27 10:45:00,30871.9
2025-08-27 11:00:00,31533.5
2025-08-27 11:15:00,31818.0
2025-08-27 11:30:00,31767.6
2025-08-27 11:45:00,32059.8
2025-08-27 12:00:00,34347.6
2025-08-27 12:15:00,34694.8
2025-08-27 12:30:00,35205.8
2025-08-27 12:45:00,34774.1
2025-08-27 13:00:00,35033.3
2025-08-27 13:15:00,34831.8
2025-08-27 13:30:00,34734.9
2025-08-27 13:45:00,33982.6
2025-08-27 14:00:00,33513.4
2025-08-27 14:15:00,33162.4
2025-08-27 14:30:00,32867.9
2025-08-27 14:45:00,32595.4
2025-08-27 15:00:00,32481.3
2025-08-27 15:15:00,32614.7
2025-08-27 15:30:00,32494.3
2025-08-27 15:45:00,31958.5
2025-08-27 16:00:00,31394.9
2025-08-27 16:15:00,31426.0
2025-08-27 16:30:00,31358.3
2025-08-27 16:45:00,31067.6
2025-08-27 17:00:00,30926.6
2025-08-27 17:15:00,30491.7
2025-08-27 17:30:00,30145.6
2025-08-27 17:45:00,28986.8
2025-08-27 18:00:00,28427.3
2025-08-27 18:15:00,28326.9
2025-08-27 18:30:00,28452.0
2025-08-27 18:45:00,28849.5
2025-08-27 19:00:00,29251.2
2025-08-27 19:15:00,30033.0
2025-08-27 19:30:00,30608.0
2025-08-27 19:45:00,30764.0
2025-08-27 20:00:00,30460.3
2025-08-27 20:15:00,31015.6
2025-08-27 20:30:00,31075.2
2025-08-27 20:45:00,30539.1
2025-08-27 21:00:00,30627.8
2025-08-27 21:15:00,30233.8
2025-08-27 21:30:00,29611.9
2025-08-27 21:45:00,28706.3
2025-08-27 22:00:00,28244.8
2025-08-27 22:15:00,27976.5
2025-08-27 22:30:00,27655.8
2025-08-27 22:45:00,26995.2
2025-08-27 23:00:00,26802.9
2025-08-27 23:15:00,26142.8
2025-08-27 23:30:00,25557.3
2025-08-27 23:45:00,25413.5
2025-08-28 00:00:00,28415.5
2025-08-28 00:15:00,28180.9
2025-08-28 00:30:00,27374.0
2025-08-28 00:45:00,26723.3
2025-08-28 01:00:00,26073.0
2025-08-28 01:15:00,25288.3
2025-08-28 01:30:00,24898.6
2025-08-28 01:45:00,24622.1
2025-08-28 02:00:00,23797.6
2025-08-28 02:15:00,23470.6
2025-08-28 02:30:00,22990.7
2025-08-28 02:45:00,22603.8
2025-08-28 03:00:00,22099.0
2025-08-28 03:15:00,22080.3
2025-08-28 03:30:00,21552.8
2025-08-28 03:45:00,21040.1
2025-08-28 04:00:00,20979.3
2025-08-28 04:15:00,20521.8
2025-08-28 04:30:00,20571.1
2025-08-28 04:45:00,20365.6
2025-08-28 05:00:00,20480.9
2025-08-28 05:15:00,20584.9
2025-08-28 05:30:00,20349.5
2025-08-28 05:45:00,20204.6
2025-08-28 06:00:00,19933.3
2025-08-28 06:15:00,20063.3
2025-08-28 06:30:00,20096.2
2025-08-28 06:45:00,20325.8
2025-08-28 07:00:00,20197.8
2025-08-28 07:15:00,20519.7
2025-08-28 07:30:00,20671.4
2025-08-28 07:45:00,21757.1
2025-08-28 08:00:00,22321.3
2025-08-28 08:15:00,23436.2
2025-08-28 08:30:00,24029.1
2025-08-28 08:45:00,24905.4
2025-08-28 09:00:00,25585.8
2025-08-28 09:15:00,26172.3
2025-08-28 09:30:00,26949.6
2025-08-28 09:45:00,27507.4
2025-08-28 10:00:00,28373.5
2025-08-28 10:15:00,29119.2
2025-08-28 10:30:00,29692.3
2025-08-28 10:45:00,30352.1
2025-08-28 11:00:00,31512.3
2025-08-28 11:15:00,31509.1
2025-08-28 11:30:00,31699.5
2025-08-28 11:45:00,31572.1
2025-08-28 12:00:00,33665.2
2025-08-28 12:15:00,34209.7
2025-08-28 12:30:00,34579.2
2025-08-28 12:45:00,34683.6
2025-08-28 13:00:00,35202.4
2025-08-28 13:15:00,34641.0
2025-08-28 13:30:00,34935.7
2025-08-28 13:45:00,34491.7
2025-08-28 14:00:00,33724.6
2025-08-28 14:15:00,33056.7
2025-08-28 14:30:00,32903.6
2025-08-28 14:45:00,32497.9
2025-08-28 15:00:00,32549.9
2025-08-28 15:15:00,32524.8
2025-08-28 15:30:00,32244.6
2025-08-28 15:45:00,31704.4
2025-08-28 16:00:00,31260.1
2025-08-28 16:15:00,31079.3
2025-08-28 16:30:00,30137.4
2025-08-28 16:45:00,29883.8
2025-08-28 17:00:00,29953.6
2025-08-28 17:15:00,29660.5
2025-08-28 17:30:00,28776.4
2025-08-28 17:45:00,28132.4
2025-08-28 18:00:00,27739.7
2025-08-28 18:15:00,27789.8
2025-08-28 18:30:00,27437.5
2025-08-28 18:45:00,27557.4
2025-08-28 19:00:00,28253.6
2025-08-28 19:15:00,28965.7
2025-08-28 19:30:00,29809.5
2025-08-28 19:45:00,29521.0
2025-08-28 20:00:00,29778.4
2025-08-28 20:15:00,29975.2
2025-08-28 20:30:00,29864.6
2025-08-28 20:45:00,30044.1
2025-08-28 21:00:00,29827.4
2025-08-28 21:15:00,29655.5
2025-08-28 21:30:00,28886.6
2025-08-28 21:45:00,28063.2
2025-08-28 22:00:00,27709.4
2025-08-28 22:15:00,27490.7
2025-08-28 22:30:00,26792.9
2025-08-28 22:45:00,26498.0
2025-08-28 23:00:00,26073.7
2025-08-28 23:15:00,25612.2
2025-08-28 23:30:00,25198.9
2025-08-28 23:45:00,24819.0
2025-08-29 00:00:00,27391.5
2025-08-29 00:15:00,27073.4
2025-08-29 00:30:00,26403.9
2025-08-29 00:45:00,25490.7
2025-08-29 01:00:00,24887.3
2025-08-29 01:15:00,24115.8
2025-08-29 01:30:00,23516.3
2025-08-29 01:45:00,23244.6
2025-08-29 02:00:00,22703.7
2025-08-29 02:15:00,22171.2
2025-08-29 02:30:00,21993.6
2025-08-29 02:45:00,21532.8
2025-08-29 03:00:00,21304.4
2025-08-29 03:15:00,20891.7
2025-08-29 03:30:00,20505.3
2025-08-29 03:45:00,20158.6
2025-08-29 04:00:00,19693.4
2025-08-29 04:15:00,19960.4
2025-08-29 04:30:00,19587.8
2025-08-29 04:45:00,19382.3
2025-08-29 05:00:00,19574.4
2025-08-29 05:15:00,19643.3
2025-08-29 05:30:00,19316.8
2025-08-29 05:45:00,19003.5
2025-08-29 06:00:00,19036.7
2025-08-29 06:15:00,19121.3
2025-08-29 06:30:00,19050.2
2025-08-29 06:45:00,19170.1
2025-08-29 07:00:00,19530.5
2025-08-29 07:15:00,19593.4
2025-08-29 07:30:00,19836.5
2025-08-29 07:45:00,20826.6
2025-08-29 08:00:00,21834.9
2025-08-29 08:15:00,22806.7
2025-08-29 08:30:00,23518.3
2025-08-29 08:45:00,23947.7
2025-08-29 09:00:00,24708.8
2025-08-29 09:15:00,25495.1
2025-08-29 09:30:00,25781.9
2025-08-29 09:45:00,26643.4
2025-08-29 10:00:00,27587.7
2025-08-29 10:15:00,28322.3
2025-08-29 10:30:00,28761.8
2025-08-29 10:45:00,29515.9
2025-08-29 11:00:00,30238.9
2025-08-29 11:15:00,30281.0
2025-08-29 11:30:00,30562.3
2025-08-29 11:45:00,30164.3
2025-08-29 12:00:00,32147.6
2025-08-29 12:15:00,32283.3
2025-08-29 12:30:00,32702.2
2025-08-29 12:45:00,32808.6
2025-08-29 13:00:00,32896.3
2025-08-29 13:15:00,32867.9
2025-08-29 13:30:00,32843.7
2025-08-29 13:45:00,31852.7
2025-08-29 14:00:00,31628.8
2025-08-29 14:15:00,31440.0
2025-08-29 14:30:00,31343.2
2025-08-29 14:45:00,30580.9
2025-08-29 15:00:00,31230.2
2025-08-29 15:15:00,30872.9
2025-08-29 15:30:00,30925.5
2025-08-29 15:45:00,30512.5
2025-08-29 16:00:00,30390.6
2025-08-29 16:15:00,30134.4
2025-08-29 16:30:00,30032.1
2025-08-29 16:45:00,30002.1
2025-08-29 17:00:00,29924.4
2025-08-29 17:15:00,29613.7
2025-08-29 17:30:00,28954.9
2025-08-29 17:45:00,28031.9
2025-08-29 18:00:00,28084.6
2025-08-29 18:15:00,27575.0
2025-08-29 18:30:00,27750.7
2025-08-29 18:45:00,28495.2
2025-08-29 19:00:00,28802.0
2025-08-29 19:15:00,29463.0
2025-08-29 19:30:00,29951.4
2025-08-29 19:45:00,29785.0
2025-08-29 20:00:00,29872.0
2025-08-29 20:15:00,29902.1
2025-08-29 20:30:00,30417.2
2025-08-29 20:45:00,29822.7
2025-08-29 21:00:00,29808.3
2025-08-29 21:15:00,29770.6
2025-08-29 21:30:00,29683.5
2025-08-29 21:45:00,29067.5
2025-08-29 22:00:00,28813.3
2025-08-29 22:15:00,29017.9
2025-08-29 22:30:00,28332.3
2025-08-29 22:45:00,28004.5
2025-08-29 23:00:00,27496.7
2025-08-29 23:15:00,27000.0
2025-08-29 23:30:00,26642.7
2025-08-29 23:45:00,26174.5
2025-08-30 00:00:00,29367.9
2025-08-30 00:15:00,29079.4
2025-08-30 00:30:00,28287.4
2025-08-30 00:45:00,27445.0
2025-08-30 01:00:00,26666.0
2025-08-30 01:15:00,26002.0
2025-08-30 01:30:00,25310.6
2025-08-30 01:45:00,24704.2
2025-08-30 02:00:00,24300.4
2025-08-30 02:15:00,23698.2
2025-08-30 02:30:00,23414.4
2025-08-30 02:45:00,22942.9
2025-08-30 03:00:00,22561.3
2025-08-30 03:15:00,22228.0
2025-08-30 03:30:00,21676.9
2025-08-30 03:45:00,21324.8
2025-08-30 04:00:00,21093.7
2025-08-30 04:15:00,20844.5
2025-08-30 04:30:00,20956.1
2025-08-30 04:45:00,20414.6
2025-08-30 05:00:00,20517.8
2025-08-30 05:15:00,20682.5
2025-08-30 05:30:00,20428.4
2025-08-30 05:45:00,20067.3
2025-08-30 06:00:00,19914.8
2025-08-30 06:15:00,19689.8
2025-08-30 06:30:00,19795.8
2025-08-30 06:45:00,19636.0
2025-08-30 07:00:00,19759.3
2025-08-30 07:15:00,19698.9
2025-08-30 07:30:00,20275.6
2025-08-30 07:45:00,20758.3
2025-08-30 08:00:00,21361.1
2025-08-30 08:15:00,22257.2
2025-08-30 08:30:00,22231.1
2025-08-30 08:45:00,23014.3
2025-08-30 09:00:00,23503.0
2025-08-30 09:15:00,24222.1
2025-08-30 09:30:00,24447.8
2025-08-30 09:45:00,24952.3
2025-08-30 10:00:00,25745.1
2025-08-30 10:15:00,26458.7
2025-08-30 10:30:00,26803.3
2025-08-30 10:45:00,27453.5
2025-08-30 11:00:00,28188.8
2025-08-30 11:15:00,28417.9
2025-08-30 11:30:00,28400.5
2025-08-30 11:45:00,28350.3
2025-08-30 12:00:00,30247.3
2025-08-30 12:15:00,30661.1
2025-08-30 12:30:00,31199.8
2025-08-30 12:45:00,31319.7
2025-08-30 13:00:00,31549.6
2025-08-30 13:15:00,31199.3
2025-08-30 13:30:00,31338.8
2025-08-30 13:45:00,30686.2
2025-08-30 14:00:00,29736.0
2025-08-30 14:15:00,29300.0
2025-08-30 14:30:00,28743.1
2025-08-30 14:45:00,28372.8
2025-08-30 15:00:00,28327.4
2025-08-30 15:15:00,27917.6
2025-08-30 15:30:00,27877.9
2025-08-30 15:45:00,27197.3
2025-08-30 16:00:00,26674.9
2025-08-30 16:15:00,26539.7
2025-08-30 16:30:00,26386.0
2025-08-30 16:45:00,26256.3
2025-08-30 17:00:00,26018.3
2025-08-30 17:15:00,25343.6
2025-08-30 17:30:00,24774.6
2025-08-30 17:45:00,23968.3
2025-08-30 18:00:00,23837.7
2025-08-30 18:15:00,23400.4
2025-08-30 18:30:00,23415.5
2025-08-30 18:45:00,23897.3
2025-08-30 19:00:00,23929.9
2025-08-30 19:15:00,24469.6
2025-08-30 19:30:00,24691.1
2025-08-30 19:45:00,24504.1
2025-08-30 20:00:00,24631.8
2025-08-30 20:15:00,24703.7
2025-08-30 20:30:00,25127.9
2025-08-30 20:45:00,24664.8
2025-08-30 21:00:00,24539.9
2025-08-30 21:15:00,24410.7
2025-08-30 21:30:00,24183.1
2025-08-30 21:45:00,23554.2
2025-08-30 22:00:00,23354.0
2025-08-30 22:15:00,23259.1
2025-08-30 22:30:00,22792.4
2025-08-30 22:45:00,22269.5
2025-08-30 23:00:00,21658.8
2025-08-30 23:15:00,21192.2
2025-08-30 23:30:00,20770.6
2025-08-30 23:45:00,20592.3
2025-08-31 00:00:00,23543.7
2025-08-31 00:15:00,23381.2
2025-08-31 00:30:00,22519.0
2025-08-31 00:45:00,21815.7
2025-08-31 01:00:00,21050.6
2025-08-31 01:15:00,20626.6
2025-08-31 01:30:00,20196.6
2025-08-31 01:45:00,19810.1
2025-08-31 02:00:00,19563.2
2025-08-31 02:15:00,19065.3
2025-08-31 02:30:00,18719.7
2025-08-31 02:45:00,18431.4
2025-08-31 03:00:00,18195.2
2025-08-31 03:15:00,17914.1
2025-08-31 03:30:00,17616.3
2025-08-31 03:45:00,17232.3
2025-08-31 04:00:00,17236.2
2025-08-31 04:15:00,17126.6
2025-08-31 04:30:00,16981.5
2025-08-31 04:45:00,16838.4
2025-08-31 05:00:00,16923.2
2025-08-31 05:15:00,16958.9
2025-08-31 05:30:00,16908.8
2025-08-31 05:45:00,16773.5
2025-08-31 06:00:00,16726.2
2025-08-31 06:15:00,16788.1
2025-08-31 06:30:00,16869.7
2025-08-31 06:45:00,16994.5
2025-08-31 07:00:00,16891.1
2025-08-31 07:15:00,17053.6
2025-08-31 07:30:00,17109.3
2025-08-31 07:45:00,17437.5
2025-08-31 08:00:00,18576.4
2025-08-31 08:15:00,19049.6
2025-08-31 08:30:00,18854.5
2025-08-31 08:45:00,19236.0
2025-08-31 09:00:00,19787.8
2025-08-31 09:15:00,19908.1
2025-08-31 09:30:00,20454.0
2025-08-31 09:45:00,20250.5
2025-08-31 10:00:00,21569.8
2025-08-31 10:15:00,22364.8
2025-08-31 10:30:00,23757.5
2025-08-31 10:45:00,24698.1
2025-08-31 11:00:00,25424.0
2025-08-31 11:15:00,25670.7
2025-08-31 11:30:00,25143.7
2025-08-31 11:45:00,25478.8
2025-08-31 12:00:00,26472.5
2025-08-31 12:15:00,27096.2
2025-08-31 12:30:00,26989.7
2025-08-31 12:45:00,27190.8
2025-08-31 13:00:00,27551.4
2025-08-31 13:15:00,27377.4
2025-08-31 13:30:00,27472.9
2025-08-31 13:45:00,26633.6
2025-08-31 14:00:00,26522.1
2025-08-31 14:15:00,26553.9
2025-08-31 14:30:00,26425.2
2025-08-31 14:45:00,26539.9
2025-08-31 15:00:00,26321.7
2025-08-31 15:15:00,26298.0
2025-08-31 15:30:00,26458.6
2025-08-31 15:45:00,26194.2
2025-08-31 16:00:00,25385.5
2025-08-31 16:15:00,25360.2
2025-08-31 16:30:00,25666.9
2025-08-31 16:45:00,25931.7
2025-08-31 17:00:00,25946.0
2025-08-31 17:15:00,25954.9
2025-08-31 17:30:00,25733.2
2025-08-31 17:45:00,25056.8
2025-08-31 18:00:00,24981.4
2025-08-31 18:15:00,25174.7
2025-08-31 18:30:00,25078.9
2025-08-31 18:45:00,25645.7
2025-08-31 19:00:00,26317.0
2025-08-31 19:15:00,26540.5
2025-08-31 19:30:00,27043.4
2025-08-31 19:45:00,26420.0
2025-08-31 20:00:00,26451.2
2025-08-31 20:15:00,26812.7
2025-08-31 20:30:00,27088.7
2025-08-31 20:45:00,26553.9
2025-08-31 21:00:00,26447.7
2025-08-31 21:15:00,26206.5
2025-08-31 21:30:00,25694.6
2025-08-31 21:45:00,25461.6
2025-08-31 22:00:00,25385.6
2025-08-31 22:15:00,24977.3
2025-08-31 22:30:00,24432.8
2025-08-31 22:45:00,23803.0
2025-08-31 23:00:00,23364.8
2025-08-31 23:15:00,22930.1
2025-08-31 23:30:00,22274.4
2025-08-31 23:45:00,22169.9
2025-09-06 00:00:00,31554.9
2025-09-06 00:15:00,31182.8
2025-09-06 00:30:00,30268.0
2025-09-06 00:45:00,29473.1
2025-09-06 01:00:00,28773.2
2025-09-06 01:15:00,28212.4
2025-09-06 01:30:00,27853.8
2025-09-06 01:45:00,27556.8
2025-09-06 02:00:00,27006.5
2025-09-06 02:15:00,26421.6
2025-09-06 02:30:00,26159.3
2025-09-06 02:45:00,25659.9
2025-09-06 03:00:00,25277.8
2025-09-06 03:15:00,24726.4
2025-09-06 03:30:00,24361.4
2025-09-06 03:45:00,24117.9
2025-09-06 04:00:00,23864.0
2025-09-06 04:15:00,23556.1
2025-09-06 04:30:00,23226.2
2025-09-06 04:45:00,23060.0
2025-09-06 05:00:00,22989.0
2025-09-06 05:15:00,22995.8
2025-09-06 05:30:00,22627.4
2025-09-06 05:45:00,21965.9
2025-09-06 06:00:00,21728.6
2025-09-06 06:15:00,21536.7
2025-09-06 06:30:00,21224.9
2025-09-06 06:45:00,21016.0
2025-09-06 07:00:00,20730.3
2025-09-06 07:15:00,20821.8
2025-09-06 07:30:00,21282.4
2025-09-06 07:45:00,21460.7
2025-09-06 08:00:00,21993.1
2025-09-06 08:15:00,22604.7
2025-09-06 08:30:00,22555.6
2025-09-06 08:45:00,23218.0
2025-09-06 09:00:00,23400.5
2025-09-06 09:15:00,23926.8
2025-09-06 09:30:00,23928.1
2025-09-06 09:45:00,24390.8
2025-09-06 10:00:00,24562.6
2025-09-06 10:15:00,24995.3
2025-09-06 10:30:00,25363.4
2025-09-06 10:45:00,26188.5
2025-09-06 11:00:00,26758.0
2025-09-06 11:15:00,26789.5
2025-09-06 11:30:00,26820.5
2025-09-06 11:45:00,26646.0
2025-09-06 12:00:00,28410.9
2025-09-06 12:15:00,29001.2
2025-09-06 12:30:00,29083.1
2025-09-06 12:45:00,29106.1
2025-09-06 13:00:00,29249.6
2025-09-06 13:15:00,29033.1
2025-09-06 13:30:00,28636.7
2025-09-06 13:45:00,28220.0
2025-09-06 14:00:00,27529.1
2025-09-06 14:15:00,27349.8
2025-09-06 14:30:00,27089.8
2025-09-06 14:45:00,26764.5
2025-09-06 15:00:00,26879.5
2025-09-06 15:15:00,27201.8
2025-09-06 15:30:00,26901.1
2025-09-06 15:45:00,26647.8
2025-09-06 16:00:00,26293.5
2025-09-06 16:15:00,0.0
2025-09-06 16:30:00,0.0
2025-09-06 16:45:00,0.0
2025-09-06 17:00:00,0.0
2025-09-06 17:15:00,0.0
2025-09-06 17:30:00,0.0
2025-09-06 17:45:00,0.0
2025-09-06 18:00:00,0.0
2025-09-06 18:15:00,0.0
2025-09-06 18:30:00,0.0
2025-09-06 18:45:00,0.0
2025-09-06 19:00:00,0.0
2025-09-06 19:15:00,0.0
2025-09-06 19:30:00,0.0
2025-09-06 19:45:00,0.0
2025-09-06 20:00:00,0.0
2025-09-06 20:15:00,0.0
2025-09-06 20:30:00,0.0
2025-09-06 20:45:00,0.0
2025-09-06 21:00:00,0.0
2025-09-06 21:15:00,0.0
2025-09-06 21:30:00,0.0
2025-09-06 21:45:00,0.0
2025-09-06 22:00:00,0.0
2025-09-06 22:15:00,0.0
2025-09-06 22:30:00,0.0
2025-09-06 22:45:00,0.0
2025-09-06 23:00:00,0.0
2025-09-06 23:15:00,0.0
2025-09-06 23:30:00,0.0
2025-09-06 23:45:00,0.0
2025-10-25 00:00:00,16624.0
2025-10-25 00:15:00,16347.0
2025-10-25 00:30:00,16446.6
2025-10-25 00:45:00,16794.8
2025-10-25 01:00:00,16927.1
2025-10-25 01:15:00,17031.1
2025-10-25 01:30:00,16866.9
2025-10-25 01:45:00,16615.8
2025-10-25 02:00:00,16435.9
2025-10-25 02:15:00,16083.1
2025-10-25 02:30:00,15959.3
2025-10-25 02:45:00,15888.4
2025-10-25 03:00:00,15547.4
2025-10-25 03:15:00,15510.2
2025-10-25 03:30:00,15445.2
2025-10-25 03:45:00,15323.1
2025-10-25 04:00:00,15023.6
2025-10-25 04:15:00,15043.1
2025-10-25 04:30:00,14964.7
2025-10-25 04:45:00,15047.4
2025-10-25 05:00:00,15180.0
2025-10-25 05:15:00,15094.4
2025-10-25 05:30:00,14985.2
2025-10-25 05:45:00,14931.0
2025-10-25 06:00:00,14464.8
2025-10-25 06:15:00,13802.3
2025-10-25 06:30:00,13523.4
2025-10-25 06:45:00,13543.9
2025-10-25 07:00:00,13847.8
2025-10-25 07:15:00,14201.9
2025-10-25 07:30:00,14315.0
2025-10-25 07:45:00,14642.9
2025-10-25 08:00:00,15256.4
2025-10-25 08:15:00,15337.1
2025-10-25 08:30:00,15904.0
2025-10-25 08:45:00,15752.1
2025-10-25 09:00:00,15774.7
2025-10-25 09:15:00,15930.1
2025-10-25 09:30:00,16032.5
2025-10-25 09:45:00,16160.8
2025-10-25 10:00:00,16323.6
2025-10-25 10:15:00,16755.6
2025-10-25 10:30:00,17463.3
2025-10-25 10:45:00,17321.7
2025-10-25 11:00:00,17567.8
2025-10-25 11:15:00,17767.2
2025-10-25 11:30:00,17335.4
2025-10-25 11:45:00,17335.0
2025-10-25 12:00:00,18337.1
2025-10-25 12:15:00,18694.9
2025-10-25 12:30:00,18159.0
2025-10-25 12:45:00,17874.8
2025-10-25 13:00:00,18348.3
2025-10-25 13:15:00,18202.6
2025-10-25 13:30:00,18340.1
2025-10-25 13:45:00,17652.3
2025-10-25 14:00:00,17116.5
2025-10-25 14:15:00,17015.7
2025-10-25 14:30:00,17261.0
2025-10-25 14:45:00,16942.2
2025-10-25 15:00:00,17156.9
2025-10-25 15:15:00,17348.3
2025-10-25 15:30:00,17337.3
2025-10-25 15:45:00,17260.9
2025-10-25 16:00:00,17056.5
2025-10-25 16:15:00,17519.3
2025-10-25 16:30:00,18025.0
2025-10-25 16:45:00,18816.9
2025-10-25 17:00:00,19853.8
2025-10-25 17:15:00,20222.3
2025-10-25 17:30:00,20524.7
2025-10-25 17:45:00,20277.0
2025-10-25 18:00:00,20871.2
2025-10-25 18:15:00,21136.5
2025-10-25 18:30:00,20881.9
2025-10-25 18:45:00,20987.5
2025-10-25 19:00:00,20804.6
2025-10-25 19:15:00,20290.5
2025-10-25 19:30:00,20460.5
2025-10-25 19:45:00,19821.2
2025-10-25 20:00:00,19552.7
2025-10-25 20:15:00,19733.8
2025-10-25 20:30:00,19348.8
2025-10-25 20:45:00,18835.5
2025-10-25 21:00:00,18528.9
2025-10-25 21:15:00,18324.0
2025-10-25 21:30:00,18055.3
2025-10-25 21:45:00,17928.1
2025-10-25 22:00:00,17737.2
2025-10-25 22:15:00,17084.9
2025-10-25 22:30:00,16480.6
2025-10-25 22:45:00,16578.7
2025-10-25 23:00:00,16094.3
2025-10-25 23:15:00,15316.0
2025-10-25 23:30:00,14299.0
2025-10-25 23:45:00,13602.1
2025-10-26 00:00:00,16267.9
2025-10-26 00:15:00,16353.2
2025-10-26 00:30:00,15851.7
2025-10-26 00:45:00,15427.2
2025-10-26 01:00:00,15173.2
2025-10-26 01:15:00,14906.9
2025-10-26 01:30:00,14329.0
2025-10-26 01:45:00,14156.9
2025-10-26 02:00:00,14129.3
2025-10-26 02:15:00,13886.9
2025-10-26 02:30:00,13967.7
2025-10-26 02:45:00,13446.2
2025-10-26 03:00:00,13246.2
2025-10-26 03:15:00,13100.9
2025-10-26 03:30:00,13235.3
2025-10-26 03:45:00,12969.6
2025-10-26 04:00:00,12921.3
2025-10-26 04:15:00,12838.6
2025-10-26 04:30:00,12889.5
2025-10-26 04:45:00,12897.6
2025-10-26 05:00:00,13219.0
2025-10-26 05:15:00,13182.0
2025-10-26 05:30:00,13235.8
2025-10-26 05:45:00,13603.6
2025-10-26 06:00:00,13434.0
2025-10-26 06:15:00,13465.7
2025-10-26 06:30:00,13814.6
2025-10-26 06:45:00,14045.2
2025-10-26 07:00:00,14322.9
2025-10-26 07:15:00,14300.3
2025-10-26 07:30:00,14374.0
2025-10-26 07:45:00,14570.2
2025-10-26 08:00:00,15545.0
2025-10-26 08:15:00,16208.6
2025-10-26 08:30:00,16823.3
2025-10-26 08:45:00,17798.3
2025-10-26 09:00:00,18036.2
2025-10-26 09:15:00,18440.6
2025-10-26 09:30:00,17840.4
2025-10-26 09:45:00,18370.8
2025-10-26 10:00:00,17756.1
2025-10-26 10:15:00,18009.0
2025-10-26 10:30:00,18221.6
2025-10-26 10:45:00,18558.1
2025-10-26 11:00:00,18996.8
2025-10-26 11:15:00,18864.7
2025-10-26 11:30:00,18413.2
2025-10-26 11:45:00,18216.2
2025-10-26 12:00:00,19482.6
2025-10-26 12:15:00,19064.3
2025-10-26 12:30:00,18504.0
2025-10-26 12:45:00,18397.0
2025-10-26 13:00:00,18564.5
2025-10-26 13:15:00,18366.0
2025-10-26 13:30:00,18271.2
2025-10-26 13:45:00,17833.4
2025-10-26 14:00:00,17761.5
2025-10-26 14:15:00,17692.8
2025-10-26 14:30:00,17925.3
2025-10-26 14:45:00,17897.1
2025-10-26 15:00:00,18373.9
2025-10-26 15:15:00,19026.1
2025-10-26 15:30:00,19258.8
2025-10-26 15:45:00,18673.5
2025-10-26 16:00:00,18374.7
2025-10-26 16:15:00,18324.7
2025-10-26 16:30:00,18144.1
2025-10-26 16:45:00,18415.4
2025-10-26 17:00:00,18929.8
2025-10-26 17:15:00,18720.7
2025-10-26 17:30:00,18722.1
2025-10-26 17:45:00,18860.8
2025-10-26 18:00:00,18889.5
2025-10-26 18:15:00,18739.0
2025-10-26 18:30:00,18667.0
2025-10-26 18:45:00,18304.4
2025-10-26 19:00:00,18472.1
2025-10-26 19:15:00,18167.7
2025-10-26 19:30:00,18291.4
2025-10-26 19:45:00,18105.8
2025-10-26 20:00:00,18037.0
2025-10-26 20:15:00,18105.4
2025-10-26 20:30:00,17802.4
2025-10-26 20:45:00,17239.6
2025-10-26 21:00:00,16850.3
2025-10-26 21:15:00,16406.6
2025-10-26 21:30:00,15986.5
2025-10-26 21:45:00,15512.4
2025-10-26 22:00:00,15056.0
2025-10-26 22:15:00,14662.4
2025-10-26 22:30:00,14082.8
2025-10-26 22:45:00,13793.5
2025-10-26 23:00:00,14254.0
2025-10-26 23:15:00,13550.6
2025-10-26 23:30:00,13249.1
2025-10-26 23:45:00,13071.7
2025-10-27 00:00:00,15604.1
2025-10-27 00:15:00,16244.7
2025-10-27 00:30:00,16283.5
2025-10-27 00:45:00,16996.9
2025-10-27 01:00:00,16577.1
2025-10-27 01:15:00,16653.9
2025-10-27 01:30:00,16074.1
2025-10-27 01:45:00,16080.6
2025-10-27 02:00:00,15677.1
2025-10-27 02:15:00,15151.0
2025-10-27 02:30:00,15288.0
2025-10-27 02:45:00,14964.0
2025-10-27 03:00:00,14897.6
2025-10-27 03:15:00,14790.8
2025-10-27 03:30:00,14674.5
2025-10-27 03:45:00,14542.0
2025-10-27 04:00:00,14600.3
2025-10-27 04:15:00,14544.3
2025-10-27 04:30:00,14495.0
2025-10-27 04:45:00,14529.7
2025-10-27 05:00:00,14713.4
2025-10-27 05:15:00,14941.2
2025-10-27 05:30:00,14717.9
2025-10-27 05:45:00,14752.0
2025-10-27 06:00:00,15121.0
2025-10-27 06:15:00,15640.6
2025-10-27 06:30:00,14767.2
2025-10-27 06:45:00,15348.3
2025-10-27 07:00:00,15408.3
2025-10-27 07:15:00,15414.0
2025-10-27 07:30:00,15514.2
2025-10-27 07:45:00,15778.2
2025-10-27 08:00:00,15974.0
2025-10-27 08:15:00,16640.2
2025-10-27 08:30:00,16400.5
2025-10-27 08:45:00,16948.9
2025-10-27 09:00:00,17529.1
2025-10-27 09:15:00,17717.9
2025-10-27 09:30:00,17514.3
2025-10-27 09:45:00,17582.0
2025-10-27 10:00:00,18149.6
2025-10-27 10:15:00,18606.4
2025-10-27 10:30:00,19021.9
2025-10-27 10:45:00,19349.1
2025-10-27 11:00:00,19171.1
2025-10-27 11:15:00,19391.3
2025-10-27 11:30:00,18920.7
2025-10-27 11:45:00,18642.2
2025-10-27 12:00:00,19450.0
2025-10-27 12:15:00,19434.9
2025-10-27 12:30:00,19071.4
2025-10-27 12:45:00,18861.9
2025-10-27 13:00:00,18974.0
2025-10-27 13:15:00,18594.0
2025-10-27 13:30:00,18987.4
2025-10-27 13:45:00,18307.2
2025-10-27 14:00:00,18111.8
2025-10-27 14:15:00,17962.0
2025-10-27 14:30:00,17592.9
2025-10-27 14:45:00,17704.8
2025-10-27 15:00:00,17679.3
2025-10-27 15:15:00,17956.5
2025-10-27 15:30:00,17896.5
2025-10-27 15:45:00,17586.1
2025-10-27 16:00:00,17909.5
2025-10-27 16:15:00,18009.5
2025-10-27 16:30:00,18515.9
2025-10-27 16:45:00,18366.5
2025-10-27 17:00:00,19395.2
2025-10-27 17:15:00,19948.1
2025-10-27 17:30:00,20137.0
2025-10-27 17:45:00,20258.1
2025-10-27 18:00:00,20565.5
2025-10-27 18:15:00,20737.7
2025-10-27 18:30:00,20160.4
2025-10-27 18:45:00,20165.8
2025-10-27 19:00:00,19478.0
2025-10-27 19:15:00,19061.3
2025-10-27 19:30:00,19117.0
2025-10-27 19:45:00,18354.8
2025-10-27 20:00:00,18438.4
2025-10-27 20:15:00,18155.3
2025-10-27 20:30:00,18296.8
2025-10-27 20:45:00,17983.4
2025-10-27 21:00:00,17956.2
2025-10-27 21:15:00,17830.3
2025-10-27 21:30:00,17012.5
2025-10-27 21:45:00,16626.9
2025-10-27 22:00:00,15247.1
2025-10-27 22:15:00,14875.5
2025-10-27 22:30:00,14465.5
2025-10-27 22:45:00,14479.0
2025-10-27 23:00:00,14871.6
2025-10-27 23:15:00,14523.0
2025-10-27 23:30:00,13810.6
2025-10-27 23:45:00,13377.5
2025-10-28 00:00:00,16046.0
2025-10-28 00:15:00,15786.7
2025-10-28 00:30:00,15322.4
2025-10-28 00:45:00,14827.9
2025-10-28 01:00:00,14462.0
2025-10-28 01:15:00,14084.3
2025-10-28 01:30:00,13752.6
2025-10-28 01:45:00,13682.0
2025-10-28 02:00:00,13571.8
2025-10-28 02:15:00,13306.7
2025-10-28 02:30:00,13344.4
2025-10-28 02:45:00,13232.5
2025-10-28 03:00:00,13005.4
2025-10-28 03:15:00,12732.3
2025-10-28 03:30:00,12849.5
2025-10-28 03:45:00,12610.2
2025-10-28 04:00:00,12694.4
2025-10-28 04:15:00,12699.2
2025-10-28 04:30:00,12762.8
2025-10-28 04:45:00,12538.6
2025-10-28 05:00:00,12656.2
2025-10-28 05:15:00,12752.7
2025-10-28 05:30:00,12853.8
2025-10-28 05:45:00,12877.6
2025-10-28 06:00:00,13379.7
2025-10-28 06:15:00,14142.5
2025-10-28 06:30:00,15207.5
2025-10-28 06:45:00,15860.1
2025-10-28 07:00:00,16067.4
2025-10-28 07:15:00,16036.9
2025-10-28 07:30:00,16054.6
2025-10-28 07:45:00,16433.2
2025-10-28 08:00:00,16444.3
2025-10-28 08:15:00,16829.8
2025-10-28 08:30:00,16638.1
2025-10-28 08:45:00,16420.0
2025-10-28 09:00:00,15879.0
2025-10-28 09:15:00,16239.5
2025-10-28 09:30:00,16428.7
2025-10-28 09:45:00,16473.8
2025-10-28 10:00:00,16647.8
2025-10-28 10:15:00,16970.5
2025-10-28 10:30:00,17602.3
2025-10-28 10:45:00,17531.2
2025-10-28 11:00:00,17891.2
2025-10-28 11:15:00,18452.3
2025-10-28 11:30:00,18253.7
2025-10-28 11:45:00,17944.0
2025-10-28 12:00:00,19000.7
2025-10-28 12:15:00,18774.9
2025-10-28 12:30:00,18351.8
2025-10-28 12:45:00,18145.6
2025-10-28 13:00:00,18203.9
2025-10-28 13:15:00,18186.6
2025-10-28 13:30:00,18125.6
2025-10-28 13:45:00,17665.1
2025-10-28 14:00:00,16687.9
2025-10-28 14:15:00,16896.9
2025-10-28 14:30:00,16593.0
2025-10-28 14:45:00,16438.3
2025-10-28 15:00:00,16667.6
2025-10-28 15:15:00,16943.2
2025-10-28 15:30:00,17064.5
2025-10-28 15:45:00,16997.0
2025-10-28 16:00:00,16590.3
2025-10-28 16:15:00,16474.6
2025-10-28 16:30:00,17247.0
2025-10-28 16:45:00,17436.3
2025-10-28 17:00:00,18119.2
2025-10-28 17:15:00,17966.4
2025-10-28 17:30:00,17963.2
2025-10-28 17:45:00,18092.6
2025-10-28 18:00:00,18674.8
2025-10-28 18:15:00,18603.7
2025-10-28 18:30:00,18566.0
2025-10-28 18:45:00,18414.2
2025-10-28 19:00:00,18322.9
2025-10-28 19:15:00,18088.0
2025-10-28 19:30:00,17809.5
2025-10-28 19:45:00,17682.3
2025-10-28 20:00:00,17409.1
2025-10-28 20:15:00,17305.1
2025-10-28 20:30:00,16976.3
2025-10-28 20:45:00,16954.1
2025-10-28 21:00:00,16569.9
2025-10-28 21:15:00,16267.2
2025-10-28 21:30:00,15724.4
2025-10-28 21:45:00,15259.7
2025-10-28 22:00:00,14664.4
2025-10-28 22:15:00,14190.9
2025-10-28 22:30:00,13657.2
2025-10-28 22:45:00,13285.1
2025-10-28 23:00:00,12896.3
2025-10-28 23:15:00,12475.5
2025-10-28 23:30:00,12019.2
2025-10-28 23:45:00,12555.0
2025-10-29 00:00:00,15474.2
2025-10-29 00:15:00,15709.7
2025-10-29 00:30:00,15273.2
2025-10-29 00:45:00,14806.5
2025-10-29 01:00:00,14356.8
2025-10-29 01:15:00,14006.6
2025-10-29 01:30:00,13757.0
2025-10-29 01:45:00,14297.5
2025-10-29 02:00:00,14079.6
2025-10-29 02:15:00,13941.4
2025-10-29 02:30:00,13816.7
2025-10-29 02:45:00,13358.0
2025-10-29 03:00:00,13320.4
2025-10-29 03:15:00,13207.1
2025-10-29 03:30:00,13018.7
2025-10-29 03:45:00,12959.4
2025-10-29 04:00:00,13200.6
2025-10-29 04:15:00,12961.9
2025-10-29 04:30:00,13014.0
2025-10-29 04:45:00,12883.0
2025-10-29 05:00:00,13084.6
2025-10-29 05:15:00,13208.9
2025-10-29 05:30:00,13220.7
2025-10-29 05:45:00,13408.1
2025-10-29 06:00:00,13020.8
2025-10-29 06:15:00,13467.6
2025-10-29 06:30:00,14455.3
2025-10-29 06:45:00,14823.6
2025-10-29 07:00:00,15243.4
2025-10-29 07:15:00,15593.8
2025-10-29 07:30:00,15540.8
2025-10-29 07:45:00,15831.7
2025-10-29 08:00:00,16059.2
2025-10-29 08:15:00,16347.7
2025-10-29 08:30:00,16253.8
2025-10-29 08:45:00,17232.6
2025-10-29 09:00:00,17940.4
2025-10-29 09:15:00,17890.5
2025-10-29 09:30:00,17883.2
2025-10-29 09:45:00,17902.0
2025-10-29 10:00:00,18406.9
2025-10-29 10:15:00,19430.2
2025-10-29 10:30:00,19644.8
2025-10-29 10:45:00,19724.1
2025-10-29 11:00:00,20295.7
2025-10-29 11:15:00,20163.0
2025-10-29 11:30:00,20555.9
2025-10-29 11:45:00,19817.9
2025-10-29 12:00:00,20572.9
2025-10-29 12:15:00,20559.8
2025-10-29 12:30:00,20481.0
2025-10-29 12:45:00,19941.7
2025-10-29 13:00:00,20031.8
2025-10-29 13:15:00,19718.3
2025-10-29 13:30:00,19342.7
2025-10-29 13:45:00,18621.0
2025-10-29 14:00:00,17934.9
2025-10-29 14:15:00,17188.5
2025-10-29 14:30:00,16155.6
2025-10-29 14:45:00,15449.5
2025-10-29 15:00:00,15648.7
2025-10-29 15:15:00,15691.4
2025-10-29 15:30:00,15940.9
2025-10-29 15:45:00,16132.4
2025-10-29 16:00:00,16517.7
2025-10-29 16:15:00,16648.9
2025-10-29 16:30:00,17154.1
2025-10-29 16:45:00,17582.3
2025-10-29 17:00:00,18448.5
2025-10-29 17:15:00,18285.0
2025-10-29 17:30:00,18459.2
2025-10-29 17:45:00,18552.2
2025-10-29 18:00:00,18662.6
2025-10-29 18:15:00,18748.6
2025-10-29 18:30:00,18366.7
2025-10-29 18:45:00,18467.1
2025-10-29 19:00:00,18169.6
2025-10-29 19:15:00,17560.5
2025-10-29 19:30:00,17548.4
2025-10-29 19:45:00,17273.1
2025-10-29 20:00:00,17389.6
2025-10-29 20:15:00,17271.6
2025-10-29 20:30:00,17012.4
2025-10-29 20:45:00,16593.5
2025-10-29 21:00:00,16412.3
2025-10-29 21:15:00,15982.2
2025-10-29 21:30:00,15566.6
2025-10-29 21:45:00,14957.7
2025-10-29 22:00:00,14566.2
2025-10-29 22:15:00,14144.9
2025-10-29 22:30:00,14434.0
2025-10-29 22:45:00,13925.6
2025-10-29 23:00:00,13933.1
2025-10-29 23:15:00,13393.3
2025-10-29 23:30:00,13009.9
2025-10-29 23:45:00,12404.6
2025-10-30 00:00:00,15674.5
2025-10-30 00:15:00,15535.3
2025-10-30 00:30:00,15459.8
2025-10-30 00:45:00,14854.5
2025-10-30 01:00:00,14617.6
2025-10-30 01:15:00,14034.4
2025-10-30 01:30:00,14037.8
2025-10-30 01:45:00,13678.7
2025-10-30 02:00:00,13632.0
2025-10-30 02:15:00,13256.5
2025-10-30 02:30:00,13007.4
2025-10-30 02:45:00,12839.4
2025-10-30 03:00:00,12839.9
2025-10-30 03:15:00,12785.7
2025-10-30 03:30:00,12465.5
2025-10-30 03:45:00,12408.9
2025-10-30 04:00:00,12577.3
2025-10-30 04:15:00,12247.5
2025-10-30 04:30:00,12267.5
2025-10-30 04:45:00,12183.8
2025-10-30 05:00:00,12418.7
2025-10-30 05:15:00,12325.6
2025-10-30 05:30:00,12643.0
2025-10-30 05:45:00,12302.7
2025-10-30 06:00:00,12879.9
2025-10-30 06:15:00,13007.7
2025-10-30 06:30:00,14111.1
2025-10-30 06:45:00,14810.0
2025-10-30 07:00:00,15252.6
2025-10-30 07:15:00,15762.0
2025-10-30 07:30:00,15996.5
2025-10-30 07:45:00,16490.0
2025-10-30 08:00:00,16876.6
2025-10-30 08:15:00,17184.9
2025-10-30 08:30:00,17360.9
2025-10-30 08:45:00,17472.5
2025-10-30 09:00:00,17815.1
2025-10-30 09:15:00,17769.6
2025-10-30 09:30:00,18370.8
2025-10-30 09:45:00,18351.6
2025-10-30 10:00:00,18301.7
2025-10-30 10:15:00,18495.2
2025-10-30 10:30:00,18910.8
2025-10-30 10:45:00,19160.4
2025-10-30 11:00:00,19864.5
2025-10-30 11:15:00,19491.8
2025-10-30 11:30:00,19203.9
2025-10-30 11:45:00,18550.3
2025-10-30 12:00:00,19585.4
2025-10-30 12:15:00,19617.7
2025-10-30 12:30:00,19742.1
2025-10-30 12:45:00,19293.1
2025-10-30 13:00:00,18967.7
2025-10-30 13:15:00,18590.8
2025-10-30 13:30:00,18501.5
2025-10-30 13:45:00,17810.3
2025-10-30 14:00:00,17182.4
2025-10-30 14:15:00,17331.7
2025-10-30 14:30:00,17499.6
2025-10-30 14:45:00,17113.2
2025-10-30 15:00:00,17529.4
2025-10-30 15:15:00,17256.0
2025-10-30 15:30:00,16991.4
2025-10-30 15:45:00,16799.8
2025-10-30 16:00:00,16602.4
2025-10-30 16:15:00,17236.0
2025-10-30 16:30:00,17908.6
2025-10-30 16:45:00,18000.9
2025-10-30 17:00:00,18681.1
2025-10-30 17:15:00,18485.5
2025-10-30 17:30:00,18530.5
2025-10-30 17:45:00,18255.8
2025-10-30 18:00:00,18537.6
2025-10-30 18:15:00,18469.1
2025-10-30 18:30:00,18406.8
2025-10-30 18:45:00,18175.6
2025-10-30 19:00:00,17880.5
2025-10-30 19:15:00,17816.8
2025-10-30 19:30:00,17563.8
2025-10-30 19:45:00,17296.6
2025-10-30 20:00:00,16958.5
2025-10-30 20:15:00,17100.3
2025-10-30 20:30:00,16829.8
2025-10-30 20:45:00,16284.8
2025-10-30 21:00:00,16094.7
2025-10-30 21:15:00,15905.9
2025-10-30 21:30:00,15418.4
2025-10-30 21:45:00,14850.3
2025-10-30 22:00:00,14381.3
2025-10-30 22:15:00,13993.4
2025-10-30 22:30:00,13654.1
2025-10-30 22:45:00,13350.0
2025-10-30 23:00:00,13295.3
2025-10-30 23:15:00,12700.8
2025-10-30 23:30:00,12167.4
2025-10-30 23:45:00,12074.1
2025-10-31 00:00:00,15689.5
2025-10-31 00:15:00,15599.2
2025-10-31 00:30:00,15279.4
2025-10-31 00:45:00,14733.3
2025-10-31 01:00:00,15608.8
2025-10-31 01:15:00,15744.4
2025-10-31 01:30:00,15823.1
2025-10-31 01:45:00,15800.2
2025-10-31 02:00:00,15634.5
2025-10-31 02:15:00,15430.7
2025-10-31 02:30:00,14995.0
2025-10-31 02:45:00,14657.5
2025-10-31 03:00:00,14756.3
2025-10-31 03:15:00,14391.8
2025-10-31 03:30:00,14173.9
2025-10-31 03:45:00,14172.4
2025-10-31 04:00:00,13787.4
2025-10-31 04:15:00,13800.1
2025-10-31 04:30:00,13564.3
2025-10-31 04:45:00,13868.3
2025-10-31 05:00:00,13904.2
2025-10-31 05:15:00,14345.0
2025-10-31 05:30:00,14307.2
2025-10-31 05:45:00,14473.8
2025-10-31 06:00:00,14554.3
2025-10-31 06:15:00,15173.8
2025-10-31 06:30:00,15946.1
2025-10-31 06:45:00,15580.9
2025-10-31 07:00:00,15946.3
2025-10-31 07:15:00,16288.4
2025-10-31 07:30:00,16300.6
2025-10-31 07:45:00,16808.5
2025-10-31 08:00:00,16867.9
2025-10-31 08:15:00,17320.8
2025-10-31 08:30:00,17220.0
2025-10-31 08:45:00,16894.0
2025-10-31 09:00:00,17674.8
2025-10-31 09:15:00,17846.8
2025-10-31 09:30:00,18073.4
2025-10-31 09:45:00,18265.2
2025-10-31 10:00:00,18099.4
2025-10-31 10:15:00,18332.3
2025-10-31 10:30:00,18389.0
2025-10-31 10:45:00,18817.4
2025-10-31 11:00:00,19028.9
2025-10-31 11:15:00,18880.4
2025-10-31 11:30:00,18074.8
2025-10-31 11:45:00,17431.2
2025-10-31 12:00:00,18622.1
2025-10-31 12:15:00,18124.4
2025-10-31 12:30:00,18099.3
2025-10-31 12:45:00,17806.1
2025-10-31 13:00:00,17919.2
2025-10-31 13:15:00,17859.7
2025-10-31 13:30:00,17615.2
2025-10-31 13:45:00,16932.5
2025-10-31 14:00:00,16360.1
2025-10-31 14:15:00,16589.6
2025-10-31 14:30:00,16302.3
2025-10-31 14:45:00,16394.1
2025-10-31 15:00:00,16676.0
2025-10-31 15:15:00,16740.9
2025-10-31 15:30:00,16766.7
2025-10-31 15:45:00,17087.1
2025-10-31 16:00:00,17407.1
2025-10-31 16:15:00,18067.2
2025-10-31 16:30:00,18924.7
2025-10-31 16:45:00,19186.1
2025-10-31 17:00:00,19962.2
2025-10-31 17:15:00,19794.9
2025-10-31 17:30:00,19898.6
2025-10-31 17:45:00,19755.3
2025-10-31 18:00:00,20013.1
2025-10-31 18:15:00,19715.8
2025-10-31 18:30:00,19426.9
2025-10-31 18:45:00,19461.2
2025-10-31 19:00:00,19271.4
2025-10-31 19:15:00,19662.5
2025-10-31 19:30:00,19139.3
2025-10-31 19:45:00,18979.0
2025-10-31 20:00:00,18779.6
2025-10-31 20:15:00,18732.8
2025-10-31 20:30:00,18849.4
2025-10-31 20:45:00,18627.2
2025-10-31 21:00:00,18150.3
2025-10-31 21:15:00,18257.8
2025-10-31 21:30:00,17594.6
2025-10-31 21:45:00,17009.8
2025-10-31 22:00:00,16534.2
2025-10-31 22:15:00,16062.5
2025-10-31 22:30:00,15952.0
2025-10-31 22:45:00,15479.4
2025-10-31 23:00:00,15221.2
2025-10-31 23:15:00,15070.3
2025-10-31 23:30:00,14588.3
2025-10-31 23:45:00,14624.5
2025-11-01 00:00:00,16815.7
2025-11-01 00:15:00,16718.9
2025-11-01 00:30:00,16085.5
2025-11-01 00:45:00,15830.3
2025-11-01 01:00:00,15700.7
2025-11-01 01:15:00,15401.4
2025-11-01 01:30:00,15296.4
2025-11-01 01:45:00,14845.2
2025-11-01 02:00:00,14421.8
2025-11-01 02:15:00,14389.0
2025-11-01 02:30:00,14140.2
2025-11-01 02:45:00,13801.9
2025-11-01 03:00:00,14072.7
2025-11-01 03:15:00,13404.9
2025-11-01 03:30:00,13295.8
2025-11-01 03:45:00,13652.6
2025-11-01 04:00:00,13428.2
2025-11-01 04:15:00,13498.2
2025-11-01 04:30:00,13945.0
2025-11-01 04:45:00,13764.6
2025-11-01 05:00:00,13793.5
2025-11-01 05:15:00,13516.3
2025-11-01 05:30:00,13597.6
2025-11-01 05:45:00,13481.1
2025-11-01 06:00:00,13005.8
2025-11-01 06:15:00,12677.8
2025-11-01 06:30:00,12891.9
2025-11-01 06:45:00,13356.7
2025-11-01 07:00:00,14041.5
2025-11-01 07:15:00,14566.6
2025-11-01 07:30:00,15278.9
2025-11-01 07:45:00,15631.8
2025-11-01 08:00:00,16253.1
2025-11-01 08:15:00,16497.5
2025-11-01 08:30:00,16721.8
2025-11-01 08:45:00,16675.4
2025-11-01 09:00:00,16844.4
2025-11-01 09:15:00,17154.3
2025-11-01 09:30:00,17689.8
2025-11-01 09:45:00,17368.0
2025-11-01 10:00:00,17253.8
2025-11-01 10:15:00,17397.3
2025-11-01 10:30:00,17907.2
2025-11-01 10:45:00,18100.7
2025-11-01 11:00:00,18770.4
2025-11-01 11:15:00,18308.6
2025-11-01 11:30:00,18123.1
2025-11-01 11:45:00,17627.9
2025-11-01 12:00:00,18642.4
2025-11-01 12:15:00,18328.9
2025-11-01 12:30:00,18280.5
2025-11-01 12:45:00,17894.3
2025-11-01 13:00:00,18083.4
2025-11-01 13:15:00,17953.4
2025-11-01 13:30:00,17885.3
2025-11-01 13:45:00,17112.1
2025-11-01 14:00:00,16474.8
2025-11-01 14:15:00,16509.6
2025-11-01 14:30:00,16828.3
2025-11-01 14:45:00,17279.3
2025-11-01 15:00:00,17381.3
2025-11-01 15:15:00,17170.6
2025-11-01 15:30:00,17512.6
2025-11-01 15:45:00,17442.3
2025-11-01 16:00:00,17016.0
2025-11-01 16:15:00,17072.5
2025-11-01 16:30:00,17566.7
2025-11-01 16:45:00,17751.3
2025-11-01 17:00:00,18676.3
2025-11-01 17:15:00,18700.7
2025-11-01 17:30:00,18780.1
2025-11-01 17:45:00,19553.9
2025-11-01 18:00:00,20054.5
2025-11-01 18:15:00,20131.3
2025-11-01 18:30:00,19842.2
2025-11-01 18:45:00,19579.0
2025-11-01 19:00:00,19066.6
2025-11-01 19:15:00,18462.4
2025-11-01 19:30:00,17580.2
2025-11-01 19:45:00,17266.0
2025-11-01 20:00:00,17297.5
2025-11-01 20:15:00,16834.1
2025-11-01 20:30:00,16879.7
2025-11-01 20:45:00,16502.2
2025-11-01 21:00:00,16166.0
2025-11-01 21:15:00,16080.6
2025-11-01 21:30:00,15760.0
2025-11-01 21:45:00,16053.3
2025-11-01 22:00:00,16033.2
2025-11-01 22:15:00,15642.9
2025-11-01 22:30:00,15292.0
2025-11-01 22:45:00,15003.6
2025-11-01 23:00:00,14946.8
2025-11-01 23:15:00,14293.5
2025-11-01 23:30:00,13924.3
2025-11-01 23:45:00,13824.5
2025-11-02 00:00:00,16306.7
2025-11-02 00:15:00,16157.6
2025-11-02 00:30:00,15792.5
2025-11-02 00:45:00,15254.9
2025-11-02 01:00:00,14719.9
2025-11-02 01:15:00,14299.2
2025-11-02 01:30:00,14222.3
2025-11-02 01:45:00,14066.2
2025-11-02 02:00:00,13805.7
2025-11-02 02:15:00,13471.9
2025-11-02 02:30:00,13125.3
2025-11-02 02:45:00,13161.7
2025-11-02 03:00:00,13022.5
2025-11-02 03:15:00,13233.0
2025-11-02 03:30:00,12866.3
2025-11-02 03:45:00,12777.1
2025-11-02 04:00:00,12748.7
2025-11-02 04:15:00,12755.4
2025-11-02 04:30:00,12689.4
2025-11-02 04:45:00,12895.7
2025-11-02 05:00:00,12998.4
2025-11-02 05:15:00,13094.4
2025-11-02 05:30:00,12961.3
2025-11-02 05:45:00,12566.3
2025-11-02 06:00:00,12364.5
2025-11-02 06:15:00,12602.2
2025-11-02 06:30:00,12952.1
2025-11-02 06:45:00,13635.3
2025-11-02 07:00:00,14027.2
2025-11-02 07:15:00,14616.4
2025-11-02 07:30:00,14947.8
2025-11-02 07:45:00,15493.2
2025-11-02 08:00:00,15574.1
2025-11-02 08:15:00,15775.2
2025-11-02 08:30:00,15852.5
2025-11-02 08:45:00,15838.2
2025-11-02 09:00:00,15924.8
2025-11-02 09:15:00,16105.8
2025-11-02 09:30:00,16172.6
2025-11-02 09:45:00,16265.7
2025-11-02 10:00:00,16317.5
2025-11-02 10:15:00,17009.6
2025-11-02 10:30:00,16850.6
2025-11-02 10:45:00,17589.3
2025-11-02 11:00:00,18018.3
2025-11-02 11:15:00,18072.4
2025-11-02 11:30:00,17751.4
2025-11-02 11:45:00,17342.9
2025-11-02 12:00:00,18732.9
2025-11-02 12:15:00,18517.3
2025-11-02 12:30:00,18370.7
2025-11-02 12:45:00,17878.1
2025-11-02 13:00:00,18015.1
2025-11-02 13:15:00,17426.2
2025-11-02 13:30:00,17393.0
2025-11-02 13:45:00,16703.5
2025-11-02 14:00:00,16305.6
2025-11-02 14:15:00,16119.7
2025-11-02 14:30:00,15924.4
2025-11-02 14:45:00,15909.8
2025-11-02 15:00:00,16479.0
2025-11-02 15:15:00,17057.9
2025-11-02 15:30:00,16819.6
2025-11-02 15:45:00,17141.3
2025-11-02 16:00:00,16884.4
2025-11-02 16:15:00,17181.5
2025-11-02 16:30:00,17937.3
2025-11-02 16:45:00,18229.8
2025-11-02 17:00:00,18693.9
2025-11-02 17:15:00,18813.5
2025-11-02 17:30:00,18956.0
2025-11-02 17:45:00,19007.7
2025-11-02 18:00:00,19234.4
2025-11-02 18:15:00,19021.9
2025-11-02 18:30:00,18959.9
2025-11-02 18:45:00,18805.7
2025-11-02 19:00:00,18756.1
2025-11-02 19:15:00,18494.0
2025-11-02 19:30:00,18278.4
2025-11-02 19:45:00,18008.0
2025-11-02 20:00:00,17956.0
2025-11-02 20:15:00,18060.1
2025-11-02 20:30:00,17557.8
2025-11-02 20:45:00,17098.6
2025-11-02 21:00:00,16645.0
2025-11-02 21:15:00,16410.8
2025-11-02 21:30:00,16020.4
2025-11-02 21:45:00,15720.2
2025-11-02 22:00:00,15050.4
2025-11-02 22:15:00,14697.6
2025-11-02 22:30:00,14098.5
2025-11-02 22:45:00,13316.7
2025-11-02 23:00:00,13250.4
2025-11-02 23:15:00,12677.0
2025-11-02 23:30:00,12298.9
2025-11-02 23:45:00,12615.2
2025-11-03 00:00:00,15669.0
2025-11-03 00:15:00,15716.0
2025-11-03 00:30:00,15301.7
2025-11-03 00:45:00,14898.2
2025-11-03 01:00:00,14232.0
2025-11-03 01:15:00,14090.6
2025-11-03 01:30:00,13870.3
2025-11-03 01:45:00,13809.2
2025-11-03 02:00:00,13622.7
2025-11-03 02:15:00,13288.6
2025-11-03 02:30:00,13358.8
2025-11-03 02:45:00,12749.8
2025-11-03 03:00:00,12809.5
2025-11-03 03:15:00,12744.3
2025-11-03 03:30:00,12953.2
2025-11-03 03:45:00,12753.8
2025-11-03 04:00:00,12977.9
2025-11-03 04:15:00,12972.1
2025-11-03 04:30:00,12623.2
2025-11-03 04:45:00,12518.2
2025-11-03 05:00:00,12916.8
2025-11-03 05:15:00,13066.7
2025-11-03 05:30:00,13033.7
2025-11-03 05:45:00,12849.9
2025-11-03 06:00:00,13269.7
2025-11-03 06:15:00,13886.3
2025-11-03 06:30:00,14688.3
2025-11-03 06:45:00,15101.3
2025-11-03 07:00:00,16041.3
2025-11-03 07:15:00,16688.8
2025-11-03 07:30:00,17094.9
2025-11-03 07:45:00,17518.6
2025-11-03 08:00:00,18198.8
2025-11-03 08:15:00,18497.5
2025-11-03 08:30:00,18615.2
2025-11-03 08:45:00,18800.8
2025-11-03 09:00:00,18570.5
2025-11-03 09:15:00,18515.9
2025-11-03 09:30:00,18603.5
2025-11-03 09:45:00,18474.2
2025-11-03 10:00:00,18586.1
2025-11-03 10:15:00,18980.4
2025-11-03 10:30:00,19351.4
2025-11-03 10:45:00,19453.7
2025-11-03 11:00:00,19972.8
2025-11-03 11:15:00,19747.1
2025-11-03 11:30:00,19277.5
2025-11-03 11:45:00,18742.7
2025-11-03 12:00:00,20135.5
2025-11-03 12:15:00,19778.7
2025-11-03 12:30:00,19735.9
2025-11-03 12:45:00,19419.9
2025-11-03 13:00:00,19171.4
2025-11-03 13:15:00,18807.0
2025-11-03 13:30:00,18627.0
2025-11-03 13:45:00,17929.2
2025-11-03 14:00:00,17326.2
2025-11-03 14:15:00,17176.5
2025-11-03 14:30:00,17244.8
2025-11-03 14:45:00,17200.8
2025-11-03 15:00:00,17464.3
2025-11-03 15:15:00,17526.1
2025-11-03 15:30:00,17634.1
2025-11-03 15:45:00,17705.3
2025-11-03 16:00:00,17893.1
2025-11-03 16:15:00,18207.5
2025-11-03 16:30:00,18626.4
2025-11-03 16:45:00,18683.3
2025-11-03 17:00:00,19231.5
2025-11-03 17:15:00,19169.3
2025-11-03 17:30:00,19450.1
2025-11-03 17:45:00,19420.6
2025-11-03 18:00:00,19560.7
2025-11-03 18:15:00,19308.7
2025-11-03 18:30:00,19240.9
2025-11-03 18:45:00,19142.2
2025-11-03 19:00:00,18920.5
2025-11-03 19:15:00,18634.3
2025-11-03 19:30:00,18373.6
2025-11-03 19:45:00,18007.1
2025-11-03 20:00:00,18002.0
2025-11-03 20:15:00,17556.7
2025-11-03 20:30:00,17418.8
2025-11-03 20:45:00,17000.8
2025-11-03 21:00:00,16722.6
2025-11-03 21:15:00,16660.1
2025-11-03 21:30:00,16053.0
2025-11-03 21:45:00,15744.5
2025-11-03 22:00:00,15135.8
2025-11-03 22:15:00,14796.4
2025-11-03 22:30:00,14400.7
2025-11-03 22:45:00,13966.8
2025-11-03 23:00:00,13701.2
2025-11-03 23:15:00,13362.1
2025-11-03 23:30:00,12897.0
2025-11-03 23:45:00,12879.5
2025-11-04 00:00:00,16012.0
2025-11-04 00:15:00,16090.9
2025-11-04 00:30:00,15766.2
2025-11-04 00:45:00,15345.5
2025-11-04 01:00:00,14851.5
2025-11-04 01:15:00,14563.7
2025-11-04 01:30:00,14497.2
2025-11-04 01:45:00,14260.5
2025-11-04 02:00:00,14171.6
2025-11-04 02:15:00,14134.9
2025-11-04 02:30:00,13910.9
2025-11-04 02:45:00,13924.2
2025-11-04 03:00:00,13822.6
2025-11-04 03:15:00,13622.3
2025-11-04 03:30:00,13506.4
2025-11-04 03:45:00,13302.0
2025-11-04 04:00:00,13241.6
2025-11-04 04:15:00,13358.9
2025-11-04 04:30:00,13401.3
2025-11-04 04:45:00,13332.8
2025-11-04 05:00:00,13405.5
2025-11-04 05:15:00,13468.8
2025-11-04 05:30:00,13369.5
2025-11-04 05:45:00,13302.5
2025-11-04 06:00:00,13526.1
2025-11-04 06:15:00,13804.4
2025-11-04 06:30:00,14646.0
2025-11-04 06:45:00,15521.3
2025-11-04 07:00:00,16149.7
2025-11-04 07:15:00,16338.3
2025-11-04 07:30:00,16411.0
2025-11-04 07:45:00,16931.5
2025-11-04 08:00:00,17794.2
2025-11-04 08:15:00,18153.4
2025-11-04 08:30:00,18027.7
2025-11-04 08:45:00,18286.5
2025-11-04 09:00:00,18537.8
2025-11-04 09:15:00,18363.3
2025-11-04 09:30:00,18255.7
2025-11-04 09:45:00,18256.8
2025-11-04 10:00:00,18398.0
2025-11-04 10:15:00,18759.0
2025-11-04 10:30:00,18988.7
2025-11-04 10:45:00,19372.7
2025-11-04 11:00:00,20027.4
2025-11-04 11:15:00,19575.4
2025-11-04 11:30:00,18897.2
2025-11-04 11:45:00,18329.5
2025-11-04 12:00:00,19842.2
2025-11-04 12:15:00,19781.9
2025-11-04 12:30:00,19291.6
2025-11-04 12:45:00,19125.3
2025-11-04 13:00:00,19042.3
2025-11-04 13:15:00,18751.3
2025-11-04 13:30:00,18449.9
2025-11-04 13:45:00,18204.8
2025-11-04 14:00:00,17696.2
2025-11-04 14:15:00,18018.0
2025-11-04 14:30:00,17588.6
2025-11-04 14:45:00,17697.9
2025-11-04 15:00:00,17606.5
2025-11-04 15:15:00,17351.3
2025-11-04 15:30:00,17359.9
2025-11-04 15:45:00,17127.5
2025-11-04 16:00:00,17160.0
2025-11-04 16:15:00,17654.9
2025-11-04 16:30:00,17739.1
2025-11-04 16:45:00,18063.6
2025-11-04 17:00:00,19230.2
2025-11-04 17:15:00,18988.0
2025-11-04 17:30:00,19188.9
2025-11-04 17:45:00,19173.4
2025-11-04 18:00:00,19516.8
2025-11-04 18:15:00,19552.3
2025-11-04 18:30:00,19765.2
2025-11-04 18:45:00,19721.5
2025-11-04 19:00:00,19600.6
2025-11-04 19:15:00,19478.1
2025-11-04 19:30:00,19428.7
2025-11-04 19:45:00,18870.5
2025-11-04 20:00:00,18452.2
2025-11-04 20:15:00,18218.8
2025-11-04 20:30:00,18167.7
2025-11-04 20:45:00,17791.1
2025-11-04 21:00:00,17498.0
2025-11-04 21:15:00,17683.8
2025-11-04 21:30:00,17262.1
2025-11-04 21:45:00,16753.4
2025-11-04 22:00:00,15853.0
2025-11-04 22:15:00,15307.2
2025-11-04 22:30:00,14773.4
2025-11-04 22:45:00,14218.6
2025-11-04 23:00:00,14109.9
2025-11-04 23:15:00,13563.3
2025-11-04 23:30:00,13285.1
2025-11-04 23:45:00,13245.5
2025-11-05 00:00:00,16239.7
2025-11-05 00:15:00,17029.6
2025-11-05 00:30:00,16634.7
2025-11-05 00:45:00,16265.2
2025-11-05 01:00:00,15390.7
2025-11-05 01:15:00,15113.1
2025-11-05 01:30:00,14723.3
2025-11-05 01:45:00,14586.2
2025-11-05 02:00:00,14658.7
2025-11-05 02:15:00,14136.8
2025-11-05 02:30:00,14158.3
2025-11-05 02:45:00,13902.6
2025-11-05 03:00:00,13784.1
2025-11-05 03:15:00,13670.2
2025-11-05 03:30:00,13454.7
2025-11-05 03:45:00,13198.1
2025-11-05 04:00:00,13313.8
2025-11-05 04:15:00,13402.5
2025-11-05 04:30:00,13275.7
2025-11-05 04:45:00,13347.9
2025-11-05 05:00:00,13503.3
2025-11-05 05:15:00,13636.9
2025-11-05 05:30:00,13868.6
2025-11-05 05:45:00,13846.4
2025-11-05 06:00:00,13932.3
2025-11-05 06:15:00,14471.6
2025-11-05 06:30:00,15261.1
2025-11-05 06:45:00,15926.9
2025-11-05 07:00:00,16601.7
2025-11-05 07:15:00,16586.1
2025-11-05 07:30:00,17056.1
2025-11-05 07:45:00,17516.2
2025-11-05 08:00:00,17763.6
2025-11-05 08:15:00,17909.2
2025-11-05 08:30:00,17808.2
2025-11-05 08:45:00,17832.9
2025-11-05 09:00:00,17950.6
2025-11-05 09:15:00,17945.3
2025-11-05 09:30:00,17916.2
2025-11-05 09:45:00,17877.4
2025-11-05 10:00:00,18058.0
2025-11-05 10:15:00,18534.2
2025-11-05 10:30:00,19602.5
2025-11-05 10:45:00,20017.2
2025-11-05 11:00:00,20731.5
2025-11-05 11:15:00,20048.6
2025-11-05 11:30:00,19575.5
2025-11-05 11:45:00,19165.8
2025-11-05 12:00:00,20753.9
2025-11-05 12:15:00,20445.2
2025-11-05 12:30:00,20534.9
2025-11-05 12:45:00,20197.8
2025-11-05 13:00:00,19931.4
2025-11-05 13:15:00,19827.3
2025-11-05 13:30:00,19280.9
2025-11-05 13:45:00,18943.2
2025-11-05 14:00:00,18284.4
2025-11-05 14:15:00,17867.7
2025-11-05 14:30:00,17946.0
2025-11-05 14:45:00,18014.3
2025-11-05 15:00:00,18010.4
2025-11-05 15:15:00,18183.3
2025-11-05 15:30:00,18457.6
2025-11-05 15:45:00,18207.1
2025-11-05 16:00:00,18277.4
2025-11-05 16:15:00,18385.2
2025-11-05 16:30:00,18202.0
2025-11-05 16:45:00,17798.2
2025-11-05 17:00:00,18177.4
2025-11-05 17:15:00,18156.4
2025-11-05 17:30:00,18287.6
2025-11-05 17:45:00,18807.1
2025-11-05 18:00:00,19251.4
2025-11-05 18:15:00,19284.0
2025-11-05 18:30:00,19101.7
2025-11-05 18:45:00,18809.6
2025-11-05 19:00:00,18622.7
2025-11-05 19:15:00,18102.1
2025-11-05 19:30:00,18292.8
2025-11-05 19:45:00,17880.4
2025-11-05 20:00:00,17731.7
2025-11-05 20:15:00,17623.5
2025-11-05 20:30:00,17437.7
2025-11-05 20:45:00,17298.4
2025-11-05 21:00:00,16949.4
2025-11-05 21:15:00,16844.7
2025-11-05 21:30:00,16592.4
2025-11-05 21:45:00,16335.0
2025-11-05 22:00:00,16271.0
2025-11-05 22:15:00,15834.9
2025-11-05 22:30:00,15407.9
2025-11-05 22:45:00,14862.5
2025-11-05 23:00:00,14984.9
2025-11-05 23:15:00,14541.8
2025-11-05 23:30:00,13996.9
2025-11-05 23:45:00,14017.5
2025-11-06 00:00:00,17018.5
2025-11-06 00:15:00,17225.2
2025-11-06 00:30:00,16967.6
2025-11-06 00:45:00,16323.3
2025-11-06 01:00:00,15779.9
2025-11-06 01:15:00,15979.2
2025-11-06 01:30:00,16008.1
2025-11-06 01:45:00,15888.1
2025-11-06 02:00:00,15669.6
2025-11-06 02:15:00,15225.0
2025-11-06 02:30:00,15030.4
2025-11-06 02:45:00,15103.2
2025-11-06 03:00:00,14793.8
2025-11-06 03:15:00,14586.7
2025-11-06 03:30:00,14446.2
2025-11-06 03:45:00,14305.2
2025-11-06 04:00:00,14561.5
2025-11-06 04:15:00,14248.7
2025-11-06 04:30:00,14196.3
2025-11-06 04:45:00,14236.3
2025-11-06 05:00:00,14258.3
2025-11-06 05:15:00,14483.1
2025-11-06 05:30:00,14590.9
2025-11-06 05:45:00,14527.4
2025-11-06 06:00:00,14755.5
2025-11-06 06:15:00,15115.1
2025-11-06 06:30:00,15867.4
2025-11-06 06:45:00,15956.8
2025-11-06 07:00:00,16700.2
2025-11-06 07:15:00,16985.0
2025-11-06 07:30:00,17270.6
2025-11-06 07:45:00,17755.7
2025-11-06 08:00:00,18069.4
2025-11-06 08:15:00,18715.4
2025-11-06 08:30:00,18682.5
2025-11-06 08:45:00,18799.4
2025-11-06 09:00:00,19076.4
2025-11-06 09:15:00,19052.1
2025-11-06 09:30:00,18835.7
2025-11-06 09:45:00,18932.9
2025-11-06 10:00:00,18658.1
2025-11-06 10:15:00,19107.9
2025-11-06 10:30:00,19967.0
2025-11-06 10:45:00,20131.6
2025-11-06 11:00:00,20431.1
2025-11-06 11:15:00,20431.2
2025-11-06 11:30:00,19766.5
2025-11-06 11:45:00,19185.7
2025-11-06 12:00:00,20845.2
2025-11-06 12:15:00,20610.5
2025-11-06 12:30:00,20037.3
2025-11-06 12:45:00,19805.4
2025-11-06 13:00:00,19934.6
2025-11-06 13:15:00,19645.8
2025-11-06 13:30:00,19372.1
2025-11-06 13:45:00,18931.9
2025-11-06 14:00:00,18371.4
2025-11-06 14:15:00,18128.1
2025-11-06 14:30:00,18002.0
2025-11-06 14:45:00,17702.4
2025-11-06 15:00:00,17945.0
2025-11-06 15:15:00,18166.5
2025-11-06 15:30:00,17982.7
2025-11-06 15:45:00,18080.4
2025-11-06 16:00:00,18179.9
2025-11-06 16:15:00,18569.0
2025-11-06 16:30:00,18677.1
2025-11-06 16:45:00,18786.3
2025-11-06 17:00:00,19420.2
2025-11-06 17:15:00,19218.9
2025-11-06 17:30:00,19650.1
2025-11-06 17:45:00,19850.3
2025-11-06 18:00:00,20070.2
2025-11-06 18:15:00,19844.5
2025-11-06 18:30:00,19844.3
2025-11-06 18:45:00,19622.1
2025-11-06 19:00:00,19381.8
2025-11-06 19:15:00,19121.5
2025-11-06 19:30:00,19032.0
2025-11-06 19:45:00,18723.1
2025-11-06 20:00:00,18411.1
2025-11-06 20:15:00,18457.9
2025-11-06 20:30:00,18191.1
2025-11-06 20:45:00,17934.1
2025-11-06 21:00:00,17698.0
2025-11-06 21:15:00,17420.6
2025-11-06 21:30:00,17270.3
2025-11-06 21:45:00,17109.2
2025-11-06 22:00:00,16504.4
2025-11-06 22:15:00,16115.8
2025-11-06 22:30:00,16091.3
2025-11-06 22:45:00,15242.5
2025-11-06 23:00:00,15149.7
2025-11-06 23:15:00,14770.3
2025-11-06 23:30:00,14384.4
2025-11-06 23:45:00,14023.8
2025-11-07 00:00:00,17321.1
2025-11-07 00:15:00,17705.0
2025-11-07 00:30:00,17353.0
2025-11-07 00:45:00,16687.9
2025-11-07 01:00:00,16359.2
2025-11-07 01:15:00,15975.7
2025-11-07 01:30:00,15796.8
2025-11-07 01:45:00,15548.7
2025-11-07 02:00:00,15362.0
2025-11-07 02:15:00,15103.1
2025-11-07 02:30:00,14935.9
2025-11-07 02:45:00,14701.7
2025-11-07 03:00:00,14476.4
2025-11-07 03:15:00,14410.5
2025-11-07 03:30:00,13996.9
2025-11-07 03:45:00,14074.5
2025-11-07 04:00:00,13999.7
2025-11-07 04:15:00,14036.9
2025-11-07 04:30:00,13835.7
2025-11-07 04:45:00,14060.1
2025-11-07 05:00:00,14127.4
2025-11-07 05:15:00,14348.2
2025-11-07 05:30:00,14292.0
2025-11-07 05:45:00,14328.9
2025-11-07 06:00:00,14553.7
2025-11-07 06:15:00,14998.9
2025-11-07 06:30:00,15522.6
2025-11-07 06:45:00,16116.4
2025-11-07 07:00:00,16640.3
2025-11-07 07:15:00,16947.2
2025-11-07 07:30:00,17242.5
2025-11-07 07:45:00,17881.8
2025-11-07 08:00:00,18395.9
2025-11-07 08:15:00,18710.8
2025-11-07 08:30:00,18709.1
2025-11-07 08:45:00,18860.4
2025-11-07 09:00:00,18873.1
2025-11-07 09:15:00,18678.0
2025-11-07 09:30:00,18835.0
2025-11-07 09:45:00,18654.5
2025-11-07 10:00:00,18925.2
2025-11-07 10:15:00,19422.6
2025-11-07 10:30:00,19823.3
2025-11-07 10:45:00,20233.5
2025-11-07 11:00:00,20643.6
2025-11-07 11:15:00,20403.4
2025-11-07 11:30:00,20037.3
2025-11-07 11:45:00,19308.4
2025-11-07 12:00:00,21018.1
2025-11-07 12:15:00,20916.5
2025-11-07 12:30:00,20709.4
2025-11-07 12:45:00,20439.5
2025-11-07 13:00:00,20434.0
2025-11-07 13:15:00,20048.3
2025-11-07 13:30:00,20061.3
2025-11-07 13:45:00,19385.2
2025-11-07 14:00:00,18559.7
2025-11-07 14:15:00,18318.7
2025-11-07 14:30:00,18515.6
2025-11-07 14:45:00,18216.1
2025-11-07 15:00:00,18408.8
2025-11-07 15:15:00,18617.7
2025-11-07 15:30:00,18447.0
2025-11-07 15:45:00,18395.9
2025-11-07 16:00:00,18188.4
2025-11-07 16:15:00,18759.9
2025-11-07 16:30:00,19124.3
2025-11-07 16:45:00,19398.7
2025-11-07 17:00:00,20133.1
2025-11-07 17:15:00,20561.5
2025-11-07 17:30:00,20715.4
2025-11-07 17:45:00,20855.3
2025-11-07 18:00:00,20888.0
2025-11-07 18:15:00,20685.4
2025-11-07 18:30:00,20562.5
2025-11-07 18:45:00,20510.2
2025-11-07 19:00:00,20386.7
2025-11-07 19:15:00,19780.2
2025-11-07 19:30:00,19806.4
2025-11-07 19:45:00,19380.7
2025-11-07 20:00:00,19103.2
2025-11-07 20:15:00,18870.2
2025-11-07 20:30:00,18570.2
2025-11-07 20:45:00,18243.2
2025-11-07 21:00:00,17724.2
2025-11-07 21:15:00,17908.8
2025-11-07 21:30:00,17682.2
2025-11-07 21:45:00,17493.3
2025-11-07 22:00:00,17213.1
2025-11-07 22:15:00,17081.0
2025-11-07 22:30:00,16363.1
2025-11-07 22:45:00,15963.1
2025-11-07 23:00:00,15811.5
2025-11-07 23:15:00,15332.1
2025-11-07 23:30:00,14925.9
2025-11-07 23:45:00,14963.9
2025-11-08 00:00:00,18692.7
2025-11-08 00:15:00,18518.3
2025-11-08 00:30:00,17766.2
2025-11-08 00:45:00,17280.6
2025-11-08 01:00:00,16873.2
2025-11-08 01:15:00,16554.4
2025-11-08 01:30:00,16268.5
2025-11-08 01:45:00,15997.6
2025-11-08 02:00:00,15876.5
2025-11-08 02:15:00,15606.9
2025-11-08 02:30:00,15441.0
2025-11-08 02:45:00,15187.5
2025-11-08 03:00:00,14888.6
2025-11-08 03:15:00,14807.1
2025-11-08 03:30:00,14637.4
2025-11-08 03:45:00,14576.1
2025-11-08 04:00:00,14583.9
2025-11-08 04:15:00,14279.6
2025-11-08 04:30:00,14278.4
2025-11-08 04:45:00,14212.5
2025-11-08 05:00:00,14267.1
2025-11-08 05:15:00,14268.6
2025-11-08 05:30:00,14188.3
2025-11-08 05:45:00,13842.3
2025-11-08 06:00:00,13620.7
2025-11-08 06:15:00,13684.1
2025-11-08 06:30:00,13950.5
2025-11-08 06:45:00,14383.2
2025-11-08 07:00:00,15298.3
2025-11-08 07:15:00,15888.3
2025-11-08 07:30:00,16925.9
2025-11-08 07:45:00,17518.1
2025-11-08 08:00:00,18424.0
2025-11-08 08:15:00,18992.6
2025-11-08 08:30:00,19079.0
2025-11-08 08:45:00,19412.0
2025-11-08 09:00:00,19460.3
2025-11-08 09:15:00,19560.5
2025-11-08 09:30:00,19590.1
2025-11-08 09:45:00,19281.6
2025-11-08 10:00:00,19596.8
2025-11-08 10:15:00,20130.0
2025-11-08 10:30:00,20399.7
2025-11-08 10:45:00,20820.5
2025-11-08 11:00:00,21021.6
2025-11-08 11:15:00,21019.0
2025-11-08 11:30:00,20527.3
2025-11-08 11:45:00,19856.3
2025-11-08 12:00:00,21088.8
2025-11-08 12:15:00,21187.9
2025-11-08 12:30:00,20665.3
2025-11-08 12:45:00,20631.1
2025-11-08 13:00:00,20562.9
2025-11-08 13:15:00,19866.9
2025-11-08 13:30:00,19974.1
2025-11-08 13:45:00,19382.6
2025-11-08 14:00:00,18903.0
2025-11-08 14:15:00,18914.5
2025-11-08 14:30:00,18600.8
2025-11-08 14:45:00,18711.4
2025-11-08 15:00:00,18635.3
2025-11-08 15:15:00,18758.5
2025-11-08 15:30:00,18707.7
2025-11-08 15:45:00,18616.1
2025-11-08 16:00:00,18007.8
2025-11-08 16:15:00,18682.0
2025-11-08 16:30:00,19299.8
2025-11-08 16:45:00,20210.4
2025-11-08 17:00:00,20557.5
2025-11-08 17:15:00,21026.0
2025-11-08 17:30:00,21376.9
2025-11-08 17:45:00,21471.5
2025-11-08 18:00:00,21774.1
2025-11-08 18:15:00,21229.2
2025-11-08 18:30:00,21046.0
2025-11-08 18:45:00,20660.3
2025-11-08 19:00:00,20499.3
2025-11-08 19:15:00,19889.4
2025-11-08 19:30:00,20076.5
2025-11-08 19:45:00,19846.9
2025-11-08 20:00:00,19667.8
2025-11-08 20:15:00,19391.3
2025-11-08 20:30:00,19272.3
2025-11-08 20:45:00,18805.7
2025-11-08 21:00:00,18547.9
2025-11-08 21:15:00,18306.6
2025-11-08 21:30:00,17922.7
2025-11-08 21:45:00,17486.5
2025-11-08 22:00:00,16958.4
2025-11-08 22:15:00,16634.8
2025-11-08 22:30:00,16241.1
2025-11-08 22:45:00,15666.9
2025-11-08 23:00:00,15473.8
2025-11-08 23:15:00,15117.6
2025-11-08 23:30:00,14613.4
2025-11-08 23:45:00,14547.5
2025-11-09 00:00:00,18333.2
2025-11-09 00:15:00,18405.1
2025-11-09 00:30:00,17889.7
2025-11-09 00:45:00,17133.5
2025-11-09 01:00:00,17181.2
2025-11-09 01:15:00,16619.5
2025-11-09 01:30:00,16378.7
2025-11-09 01:45:00,16039.0
2025-11-09 02:00:00,15901.4
2025-11-09 02:15:00,15806.6
2025-11-09 02:30:00,15369.2
2025-11-09 02:45:00,15187.1
2025-11-09 03:00:00,15013.6
2025-11-09 03:15:00,14947.5
2025-11-09 03:30:00,14742.6
2025-11-09 03:45:00,14693.7
2025-11-09 04:00:00,14821.9
2025-11-09 04:15:00,14507.0
2025-11-09 04:30:00,14324.0
2025-11-09 04:45:00,14251.1
2025-11-09 05:00:00,14177.6
2025-11-09 05:15:00,15146.6
2025-11-09 05:30:00,14949.5
2025-11-09 05:45:00,14972.4
2025-11-09 06:00:00,14274.9
2025-11-09 06:15:00,14682.6
2025-11-09 06:30:00,13948.9
2025-11-09 06:45:00,14309.5
2025-11-09 07:00:00,14842.7
2025-11-09 07:15:00,15629.1
2025-11-09 07:30:00,16370.8
2025-11-09 07:45:00,17059.5
2025-11-09 08:00:00,17560.4
2025-11-09 08:15:00,18079.5
2025-11-09 08:30:00,18094.9
2025-11-09 08:45:00,18320.2
2025-11-09 09:00:00,18272.0
2025-11-09 09:15:00,18183.8
2025-11-09 09:30:00,18926.3
2025-11-09 09:45:00,18976.7
2025-11-09 10:00:00,19199.4
2025-11-09 10:15:00,19252.1
2025-11-09 10:30:00,19824.8
2025-11-09 10:45:00,20546.1
2025-11-09 11:00:00,20596.6
2025-11-09 11:15:00,20479.9
2025-11-09 11:30:00,20413.2
2025-11-09 11:45:00,19180.8
2025-11-09 12:00:00,20532.2
2025-11-09 12:15:00,20532.4
2025-11-09 12:30:00,20225.1
2025-11-09 12:45:00,19774.0
2025-11-09 13:00:00,19980.2
2025-11-09 13:15:00,19581.4
2025-11-09 13:30:00,19173.2
2025-11-09 13:45:00,18975.2
2025-11-09 14:00:00,18379.9
2025-11-09 14:15:00,18058.2
2025-11-09 14:30:00,18163.7
2025-11-09 14:45:00,18315.1
2025-11-09 15:00:00,18122.1
2025-11-09 15:15:00,18680.9
2025-11-09 15:30:00,18468.3
2025-11-09 15:45:00,18755.3
2025-11-09 16:00:00,18559.8
2025-11-09 16:15:00,19115.5
2025-11-09 16:30:00,19248.1
2025-11-09 16:45:00,19221.0
2025-11-09 17:00:00,19736.4
2025-11-09 17:15:00,19598.4
2025-11-09 17:30:00,20043.2
2025-11-09 17:45:00,19615.0
2025-11-09 18:00:00,19907.1
2025-11-09 18:15:00,19975.6
2025-11-09 18:30:00,19797.5
2025-11-09 18:45:00,19807.1
2025-11-09 19:00:00,19589.4
2025-11-09 19:15:00,19383.1
2025-11-09 19:30:00,19137.8
2025-11-09 19:45:00,19475.6
2025-11-09 20:00:00,19344.2
2025-11-09 20:15:00,19175.2
2025-11-09 20:30:00,18936.0
2025-11-09 20:45:00,18367.9
2025-11-09 21:00:00,18156.4
2025-11-09 21:15:00,17959.8
2025-11-09 21:30:00,18740.3
2025-11-09 21:45:00,18166.2
2025-11-09 22:00:00,17870.9
2025-11-09 22:15:00,17636.1
2025-11-09 22:30:00,17309.8
2025-11-09 22:45:00,16876.9
2025-11-09 23:00:00,16480.2
2025-11-09 23:15:00,15530.4
2025-11-09 23:30:00,15388.9
2025-11-09 23:45:00,15963.5
2025-11-10 00:00:00,17515.1
2025-11-10 00:15:00,17688.6
2025-11-10 00:30:00,17413.4
2025-11-10 00:45:00,16738.8
2025-11-10 01:00:00,16772.9
2025-11-10 01:15:00,16541.2
2025-11-10 01:30:00,16201.2
2025-11-10 01:45:00,16043.1
2025-11-10 02:00:00,15658.3
2025-11-10 02:15:00,15834.1
2025-11-10 02:30:00,15962.7
2025-11-10 02:45:00,15891.4
2025-11-10 03:00:00,15808.0
2025-11-10 03:15:00,15740.3
2025-11-10 03:30:00,15182.0
2025-11-10 03:45:00,15312.5
2025-11-10 04:00:00,14906.1
2025-11-10 04:15:00,14828.0
2025-11-10 04:30:00,14863.0
2025-11-10 04:45:00,14987.0
2025-11-10 05:00:00,14866.1
2025-11-10 05:15:00,14428.1
2025-11-10 05:30:00,14602.9
2025-11-10 05:45:00,14672.3
2025-11-10 06:00:00,15094.9
2025-11-10 06:15:00,15577.3
2025-11-10 06:30:00,16454.1
2025-11-10 06:45:00,16990.2
2025-11-10 07:00:00,17716.4
2025-11-10 07:15:00,18233.3
2025-11-10 07:30:00,18583.6
2025-11-10 07:45:00,19414.7
2025-11-10 08:00:00,20080.6
2025-11-10 08:15:00,20639.1
2025-11-10 08:30:00,20501.6
2025-11-10 08:45:00,20978.2
2025-11-10 09:00:00,19571.8
2025-11-10 09:15:00,19525.4
2025-11-10 09:30:00,19398.3
2025-11-10 09:45:00,19673.6
2025-11-10 10:00:00,19695.3
2025-11-10 10:15:00,20280.7
2025-11-10 10:30:00,20706.5
2025-11-10 10:45:00,20951.8
2025-11-10 11:00:00,21467.5
2025-11-10 11:15:00,21192.6
2025-11-10 11:30:00,20718.5
2025-11-10 11:45:00,20237.0
2025-11-10 12:00:00,21574.4
2025-11-10 12:15:00,21484.5
2025-11-10 12:30:00,21135.0
2025-11-10 12:45:00,20782.8
2025-11-10 13:00:00,20976.9
2025-11-10 13:15:00,20494.9
2025-11-10 13:30:00,20297.1
2025-11-10 13:45:00,19435.5
2025-11-10 14:00:00,18797.8
2025-11-10 14:15:00,18524.6
2025-11-10 14:30:00,18345.8
2025-11-10 14:45:00,18392.6
2025-11-10 15:00:00,18476.9
2025-11-10 15:15:00,18531.4
2025-11-10 15:30:00,18641.9
2025-11-10 15:45:00,18665.6
2025-11-10 16:00:00,18854.8
2025-11-10 16:15:00,19163.3
2025-11-10 16:30:00,19452.5
2025-11-10 16:45:00,19388.9
2025-11-10 17:00:00,20167.8
2025-11-10 17:15:00,19817.8
2025-11-10 17:30:00,20062.0
2025-11-10 17:45:00,20156.6
2025-11-10 18:00:00,20856.4
2025-11-10 18:15:00,20618.3
2025-11-10 18:30:00,20419.2
2025-11-10 18:45:00,20214.0
2025-11-10 19:00:00,19951.4
2025-11-10 19:15:00,19764.6
2025-11-10 19:30:00,19659.0
2025-11-10 19:45:00,19262.0
2025-11-10 20:00:00,19118.4
2025-11-10 20:15:00,19003.2
2025-11-10 20:30:00,18725.5
2025-11-10 20:45:00,18316.8
2025-11-10 21:00:00,18723.9
2025-11-10 21:15:00,18715.2
2025-11-10 21:30:00,18717.6
2025-11-10 21:45:00,18309.8
2025-11-10 22:00:00,18091.5
2025-11-10 22:15:00,17914.1
2025-11-10 22:30:00,18356.6
2025-11-10 22:45:00,17937.3
2025-11-10 23:00:00,17934.1
2025-11-10 23:15:00,17120.3
2025-11-10 23:30:00,16393.5
2025-11-10 23:45:00,15964.8
2025-11-11 00:00:00,18680.4
2025-11-11 00:15:00,18339.4
2025-11-11 00:30:00,18132.3
2025-11-11 00:45:00,17366.8
2025-11-11 01:00:00,17924.8
2025-11-11 01:15:00,17476.7
2025-11-11 01:30:00,17405.8
2025-11-11 01:45:00,17269.3
2025-11-11 02:00:00,16800.4
2025-11-11 02:15:00,16615.1
2025-11-11 02:30:00,16334.3
2025-11-11 02:45:00,16055.2
2025-11-11 03:00:00,15981.2
2025-11-11 03:15:00,15624.3
2025-11-11 03:30:00,15540.3
2025-11-11 03:45:00,15576.7
2025-11-11 04:00:00,15502.8
2025-11-11 04:15:00,15290.1
2025-11-11 04:30:00,15339.7
2025-11-11 04:45:00,15352.2
2025-11-11 05:00:00,15560.2
2025-11-11 05:15:00,15752.9
2025-11-11 05:30:00,15902.7
2025-11-11 05:45:00,15928.6
2025-11-11 06:00:00,15991.4
2025-11-11 06:15:00,16524.7
2025-11-11 06:30:00,17481.1
2025-11-11 06:45:00,17709.4
2025-11-11 07:00:00,17882.3
2025-11-11 07:15:00,18187.7
2025-11-11 07:30:00,18827.2
2025-11-11 07:45:00,19405.9
2025-11-11 08:00:00,19678.9
2025-11-11 08:15:00,20231.7
2025-11-11 08:30:00,19993.8
2025-11-11 08:45:00,20230.0
2025-11-11 09:00:00,19979.9
2025-11-11 09:15:00,20087.9
2025-11-11 09:30:00,20177.4
2025-11-11 09:45:00,19997.6
2025-11-11 10:00:00,20054.7
2025-11-11 10:15:00,20541.8
2025-11-11 10:30:00,20920.7
2025-11-11 10:45:00,21353.9
2025-11-11 11:00:00,21949.3
2025-11-11 11:15:00,21898.5
2025-11-11 11:30:00,21283.0
2025-11-11 11:45:00,20463.6
2025-11-11 12:00:00,21717.9
2025-11-11 12:15:00,21844.0
2025-11-11 12:30:00,21668.4
2025-11-11 12:45:00,21386.7
2025-11-11 13:00:00,21390.5
2025-11-11 13:15:00,21019.9
2025-11-11 13:30:00,20943.5
2025-11-11 13:45:00,20041.6
2025-11-11 14:00:00,19505.0
2025-11-11 14:15:00,19255.1
2025-11-11 14:30:00,19346.6
2025-11-11 14:45:00,19271.4
2025-11-11 15:00:00,19481.5
2025-11-11 15:15:00,19595.2
2025-11-11 15:30:00,20105.3
2025-11-11 15:45:00,19914.0
2025-11-11 16:00:00,19843.3
2025-11-11 16:15:00,19513.2
2025-11-11 16:30:00,19129.8
2025-11-11 16:45:00,19276.2
2025-11-11 17:00:00,20179.1
2025-11-11 17:15:00,20070.6
2025-11-11 17:30:00,21452.9
2025-11-11 17:45:00,21542.4
2025-11-11 18:00:00,22161.6
2025-11-11 18:15:00,21925.7
2025-11-11 18:30:00,21701.1
2025-11-11 18:45:00,21253.2
2025-11-11 19:00:00,20964.5
2025-11-11 19:15:00,21113.4
2025-11-11 19:30:00,20513.7
2025-11-11 19:45:00,20118.3
2025-11-11 20:00:00,19851.7
2025-11-11 20:15:00,19814.2
2025-11-11 20:30:00,19318.4
2025-11-11 20:45:00,19962.2
2025-11-11 21:00:00,19974.7
2025-11-11 21:15:00,20021.2
2025-11-11 21:30:00,19706.9
2025-11-11 21:45:00,19444.6
2025-11-11 22:00:00,18660.6
2025-11-11 22:15:00,18255.1
2025-11-11 22:30:00,18054.1
2025-11-11 22:45:00,17588.9
2025-11-11 23:00:00,17356.3
2025-11-11 23:15:00,16636.3
2025-11-11 23:30:00,16049.7
2025-11-11 23:45:00,15498.8
2025-11-12 00:00:00,17904.4
2025-11-12 00:15:00,17864.2
2025-11-12 00:30:00,17295.5
2025-11-12 00:45:00,17052.9
2025-11-12 01:00:00,17361.6
2025-11-12 01:15:00,17134.6
2025-11-12 01:30:00,16801.4
2025-11-12 01:45:00,16584.5
2025-11-12 02:00:00,16024.4
2025-11-12 02:15:00,15625.2
2025-11-12 02:30:00,15504.5
2025-11-12 02:45:00,15839.4
2025-11-12 03:00:00,14953.4
2025-11-12 03:15:00,15032.6
2025-11-12 03:30:00,14676.3
2025-11-12 03:45:00,14655.2
2025-11-12 04:00:00,14812.5
2025-11-12 04:15:00,14605.5
2025-11-12 04:30:00,14868.5
2025-11-12 04:45:00,15064.8
2025-11-12 05:00:00,14893.8
2025-11-12 05:15:00,15678.1
2025-11-12 05:30:00,15665.7
2025-11-12 05:45:00,15630.8
2025-11-12 06:00:00,15874.6
2025-11-12 06:15:00,16469.6
2025-11-12 06:30:00,17206.0
2025-11-12 06:45:00,17309.7
2025-11-12 07:00:00,17590.4
2025-11-12 07:15:00,18126.0
2025-11-12 07:30:00,17667.2
2025-11-12 07:45:00,17956.7
2025-11-12 08:00:00,18050.5
2025-11-12 08:15:00,18439.4
2025-11-12 08:30:00,18750.1
2025-11-12 08:45:00,19135.5
2025-11-12 09:00:00,19487.1
2025-11-12 09:15:00,19036.6
2025-11-12 09:30:00,19215.2
2025-11-12 09:45:00,19323.1
2025-11-12 10:00:00,19180.2
2025-11-12 10:15:00,19528.4
2025-11-12 10:30:00,20087.1
2025-11-12 10:45:00,19847.4
2025-11-12 11:00:00,20964.4
2025-11-12 11:15:00,20712.4
2025-11-12 11:30:00,20234.9
2025-11-12 11:45:00,19202.2
2025-11-12 12:00:00,21085.9
2025-11-12 12:15:00,20888.6
2025-11-12 12:30:00,20715.8
2025-11-12 12:45:00,20289.6
2025-11-12 13:00:00,19982.1
2025-11-12 13:15:00,19705.7
2025-11-12 13:30:00,19584.4
2025-11-12 13:45:00,18855.5
2025-11-12 14:00:00,18265.0
2025-11-12 14:15:00,18372.1
2025-11-12 14:30:00,18625.5
2025-11-12 14:45:00,18641.6
2025-11-12 15:00:00,18908.8
2025-11-12 15:15:00,19268.3
2025-11-12 15:30:00,19327.2
2025-11-12 15:45:00,19676.2
2025-11-12 16:00:00,19418.7
2025-11-12 16:15:00,20388.6
2025-11-12 16:30:00,20218.8
2025-11-12 16:45:00,20434.2
2025-11-12 17:00:00,20510.8
2025-11-12 17:15:00,20247.2
2025-11-12 17:30:00,20334.1
2025-11-12 17:45:00,20086.7
2025-11-12 18:00:00,20784.9
2025-11-12 18:15:00,20496.2
2025-11-12 18:30:00,20297.0
2025-11-12 18:45:00,20622.4
2025-11-12 19:00:00,20409.8
2025-11-12 19:15:00,20109.4
2025-11-12 19:30:00,20007.5
2025-11-12 19:45:00,20413.8
2025-11-12 20:00:00,20133.0
2025-11-12 20:15:00,20474.3
2025-11-12 20:30:00,19843.8
2025-11-12 20:45:00,20130.2
2025-11-12 21:00:00,19681.8
2025-11-12 21:15:00,19359.7
2025-11-12 21:30:00,18720.7
2025-11-12 21:45:00,18074.4
2025-11-12 22:00:00,18199.2
2025-11-12 22:15:00,17770.8
2025-11-12 22:30:00,17238.2
2025-11-12 22:45:00,16591.7
2025-11-12 23:00:00,16225.8
2025-11-12 23:15:00,15399.6
2025-11-12 23:30:00,14723.0
2025-11-12 23:45:00,15108.7
2025-11-13 00:00:00,16955.9
2025-11-13 00:15:00,16877.2
2025-11-13 00:30:00,16362.8
2025-11-13 00:45:00,16270.7
2025-11-13 01:00:00,16131.9
2025-11-13 01:15:00,16756.1
2025-11-13 01:30:00,16923.8
2025-11-13 01:45:00,16955.0
2025-11-13 02:00:00,16292.5
2025-11-13 02:15:00,16188.3
2025-11-13 02:30:00,15631.0
2025-11-13 02:45:00,15513.9
2025-11-13 03:00:00,15389.5
2025-11-13 03:15:00,15389.2
2025-11-13 03:30:00,15214.5
2025-11-13 03:45:00,14776.6
2025-11-13 04:00:00,15268.2
2025-11-13 04:15:00,15370.8
2025-11-13 04:30:00,15303.4
2025-11-13 04:45:00,15424.1
2025-11-13 05:00:00,15502.0
2025-11-13 05:15:00,15328.8
2025-11-13 05:30:00,15435.5
2025-11-13 05:45:00,15549.1
2025-11-13 06:00:00,15496.5
2025-11-13 06:15:00,15839.6
2025-11-13 06:30:00,16235.0
2025-11-13 06:45:00,16889.5
2025-11-13 07:00:00,17153.3
2025-11-13 07:15:00,17495.0
2025-11-13 07:30:00,17469.9
2025-11-13 07:45:00,17897.6
2025-11-13 08:00:00,18680.5
2025-11-13 08:15:00,19003.5
2025-11-13 08:30:00,18791.4
2025-11-13 08:45:00,18779.7
2025-11-13 09:00:00,18887.1
2025-11-13 09:15:00,18803.2
2025-11-13 09:30:00,18137.5
2025-11-13 09:45:00,17704.1
2025-11-13 10:00:00,17417.2
2025-11-13 10:15:00,18034.9
2025-11-13 10:30:00,18402.1
2025-11-13 10:45:00,18323.1
2025-11-13 11:00:00,18722.8
2025-11-13 11:15:00,18785.1
2025-11-13 11:30:00,18743.0
2025-11-13 11:45:00,17940.7
2025-11-13 12:00:00,19396.4
2025-11-13 12:15:00,19180.0
2025-11-13 12:30:00,18918.2
2025-11-13 12:45:00,18429.4
2025-11-13 13:00:00,18736.4
2025-11-13 13:15:00,18464.5
2025-11-13 13:30:00,18179.4
2025-11-13 13:45:00,17795.4
2025-11-13 14:00:00,17505.6
2025-11-13 14:15:00,17513.9
2025-11-13 14:30:00,17768.2
2025-11-13 14:45:00,17511.6
2025-11-13 15:00:00,18093.6
2025-11-13 15:15:00,18698.6
2025-11-13 15:30:00,19074.4
2025-11-13 15:45:00,19547.3
2025-11-13 16:00:00,19610.3
2025-11-13 16:15:00,19242.7
2025-11-13 16:30:00,18972.4
2025-11-13 16:45:00,19179.0
2025-11-13 17:00:00,19845.2
2025-11-13 17:15:00,19615.3
2025-11-13 17:30:00,19837.2
2025-11-13 17:45:00,19976.7
2025-11-13 18:00:00,20348.4
2025-11-13 18:15:00,20130.4
2025-11-13 18:30:00,20098.5
2025-11-13 18:45:00,19764.6
2025-11-13 19:00:00,19506.4
2025-11-13 19:15:00,19277.7
2025-11-13 19:30:00,19261.7
2025-11-13 19:45:00,18757.1
2025-11-13 20:00:00,18970.5
2025-11-13 20:15:00,18619.2
2025-11-13 20:30:00,18802.7
2025-11-13 20:45:00,18596.3
2025-11-13 21:00:00,18321.4
2025-11-13 21:15:00,18079.5
2025-11-13 21:30:00,17310.4
2025-11-13 21:45:00,17393.9
2025-11-13 22:00:00,16767.2
2025-11-13 22:15:00,16085.2
2025-11-13 22:30:00,15713.5
2025-11-13 22:45:00,15159.2
2025-11-13 23:00:00,14736.4
2025-11-13 23:15:00,14381.7
2025-11-13 23:30:00,14308.7
2025-11-13 23:45:00,14604.9
2025-11-14 00:00:00,16618.8
2025-11-14 00:15:00,16793.9
2025-11-14 00:30:00,16380.4
2025-11-14 00:45:00,15876.3
2025-11-14 01:00:00,15369.6
2025-11-14 01:15:00,15202.4
2025-11-14 01:30:00,14979.1
2025-11-14 01:45:00,14507.1
2025-11-14 02:00:00,14346.5
2025-11-14 02:15:00,14075.0
2025-11-14 02:30:00,13977.2
2025-11-14 02:45:00,13602.3
2025-11-14 03:00:00,13613.2
2025-11-14 03:15:00,13236.8
2025-11-14 03:30:00,13347.8
2025-11-14 03:45:00,13031.7
2025-11-14 04:00:00,13130.4
2025-11-14 04:15:00,13150.7
2025-11-14 04:30:00,12883.9
2025-11-14 04:45:00,12970.0
2025-11-14 05:00:00,12933.9
2025-11-14 05:15:00,13318.7
2025-11-14 05:30:00,13492.5
2025-11-14 05:45:00,13635.9
2025-11-14 06:00:00,13710.3
2025-11-14 06:15:00,14582.8
2025-11-14 06:30:00,15231.8
2025-11-14 06:45:00,15947.4
2025-11-14 07:00:00,16532.7
2025-11-14 07:15:00,16770.0
2025-11-14 07:30:00,16892.7
2025-11-14 07:45:00,17097.6
2025-11-14 08:00:00,17643.9
2025-11-14 08:15:00,17753.7
2025-11-14 08:30:00,17671.1
2025-11-14 08:45:00,17504.9
2025-11-14 09:00:00,18107.3
2025-11-14 09:15:00,17597.9
2025-11-14 09:30:00,17789.9
2025-11-14 09:45:00,17742.6
2025-11-14 10:00:00,17520.6
2025-11-14 10:15:00,18033.1
2025-11-14 10:30:00,18067.3
2025-11-14 10:45:00,17791.1
2025-11-14 11:00:00,18115.9
2025-11-14 11:15:00,18331.5
2025-11-14 11:30:00,18714.8
2025-11-14 11:45:00,18727.5
2025-11-14 12:00:00,20152.0
2025-11-14 12:15:00,20307.1
2025-11-14 12:30:00,19814.7
2025-11-14 12:45:00,19700.8
2025-11-14 13:00:00,19642.3
2025-11-14 13:15:00,19885.7
2025-11-14 13:30:00,19619.1
2025-11-14 13:45:00,18880.2
2025-11-14 14:00:00,18721.5
2025-11-14 14:15:00,18579.4
2025-11-14 14:30:00,19190.9
2025-11-14 14:45:00,17559.2
2025-11-14 15:00:00,17466.5
2025-11-14 15:15:00,17792.1
2025-11-14 15:30:00,17686.5
2025-11-14 15:45:00,17842.2
2025-11-14 16:00:00,18092.9
2025-11-14 16:15:00,18273.1
2025-11-14 16:30:00,18587.9
2025-11-14 16:45:00,18733.9
2025-11-14 17:00:00,19529.8
2025-11-14 17:15:00,19507.9
2025-11-14 17:30:00,19626.1
2025-11-14 17:45:00,19967.6
2025-11-14 18:00:00,20270.5
2025-11-14 18:15:00,19980.2
2025-11-14 18:30:00,19785.3
2025-11-14 18:45:00,19789.3
2025-11-14 19:00:00,19423.9
2025-11-14 19:15:00,19250.7
2025-11-14 19:30:00,19029.3
2025-11-14 19:45:00,18697.3
2025-11-14 20:00:00,18672.7
2025-11-14 20:15:00,18668.7
2025-11-14 20:30:00,18635.7
2025-11-14 20:45:00,18115.6
2025-11-14 21:00:00,17972.2
2025-11-14 21:15:00,17877.7
2025-11-14 21:30:00,17306.8
2025-11-14 21:45:00,16919.7
2025-11-14 22:00:00,16217.3
2025-11-14 22:15:00,15951.4
2025-11-14 22:30:00,15493.3
2025-11-14 22:45:00,15027.2
2025-11-14 23:00:00,15056.2
2025-11-14 23:15:00,14063.2
2025-11-14 23:30:00,13807.5
2025-11-14 23:45:00,13623.0
2025-11-15 00:00:00,17598.0
2025-11-15 00:15:00,17604.9
2025-11-15 00:30:00,17085.7
2025-11-15 00:45:00,16609.9
2025-11-15 01:00:00,16119.6
2025-11-15 01:15:00,15634.6
2025-11-15 01:30:00,15243.1
2025-11-15 01:45:00,15008.3
2025-11-15 02:00:00,14549.1
2025-11-15 02:15:00,14407.3
2025-11-15 02:30:00,14060.3
2025-11-15 02:45:00,13786.5
2025-11-15 03:00:00,13634.0
2025-11-15 03:15:00,13598.1
2025-11-15 03:30:00,13401.7
2025-11-15 03:45:00,13327.1
2025-11-15 04:00:00,12686.0
2025-11-15 04:15:00,12729.1
2025-11-15 04:30:00,12560.9
2025-11-15 04:45:00,12720.3
2025-11-15 05:00:00,12887.1
2025-11-15 05:15:00,13062.9
2025-11-15 05:30:00,13013.8
2025-11-15 05:45:00,12826.7
2025-11-15 06:00:00,12806.1
2025-11-15 06:15:00,12990.9
2025-11-15 06:30:00,13621.8
2025-11-15 06:45:00,14256.9
2025-11-15 07:00:00,14782.8
2025-11-15 07:15:00,15522.6
2025-11-15 07:30:00,16122.6
2025-11-15 07:45:00,16345.0
2025-11-15 08:00:00,17111.8
2025-11-15 08:15:00,17261.0
2025-11-15 08:30:00,16764.1
2025-11-15 08:45:00,16843.6
2025-11-15 09:00:00,16771.0
2025-11-15 09:15:00,16223.4
2025-11-15 09:30:00,16042.6
2025-11-15 09:45:00,15934.7
2025-11-15 10:00:00,16311.4
2025-11-15 10:15:00,16966.8
2025-11-15 10:30:00,17365.4
2025-11-15 10:45:00,17552.2
2025-11-15 11:00:00,17868.2
2025-11-15 11:15:00,17812.5
2025-11-15 11:30:00,17646.2
2025-11-15 11:45:00,17085.9
2025-11-15 12:00:00,19006.2
2025-11-15 12:15:00,18331.4
2025-11-15 12:30:00,18243.1
2025-11-15 12:45:00,17787.0
2025-11-15 13:00:00,18076.7
2025-11-15 13:15:00,17886.4
2025-11-15 13:30:00,17805.4
2025-11-15 13:45:00,17230.0
2025-11-15 14:00:00,16654.4
2025-11-15 14:15:00,16624.5
2025-11-15 14:30:00,16487.8
2025-11-15 14:45:00,16683.1
2025-11-15 15:00:00,16340.0
2025-11-15 15:15:00,16190.0
2025-11-15 15:30:00,16969.5
2025-11-15 15:45:00,17771.9
2025-11-15 16:00:00,17761.9
2025-11-15 16:15:00,18007.3
2025-11-15 16:30:00,18960.9
2025-11-15 16:45:00,19482.5
2025-11-15 17:00:00,20348.8
2025-11-15 17:15:00,20441.8
2025-11-15 17:30:00,20482.5
2025-11-15 17:45:00,20344.7
2025-11-15 18:00:00,20387.6
2025-11-15 18:15:00,20043.9
2025-11-15 18:30:00,19687.9
2025-11-15 18:45:00,19212.6
2025-11-15 19:00:00,18778.0
2025-11-15 19:15:00,18233.6
2025-11-15 19:30:00,18310.3
2025-11-15 19:45:00,17996.6
2025-11-15 20:00:00,17684.5
2025-11-15 20:15:00,17613.4
2025-11-15 20:30:00,17502.7
2025-11-15 20:45:00,17271.0
2025-11-15 21:00:00,16896.8
2025-11-15 21:15:00,16822.4
2025-11-15 21:30:00,17040.8
2025-11-15 21:45:00,16910.4
2025-11-15 22:00:00,15772.3
2025-11-15 22:15:00,15166.8
2025-11-15 22:30:00,14660.4
2025-11-15 22:45:00,14494.9
2025-11-15 23:00:00,14216.6
2025-11-15 23:15:00,14000.7
2025-11-15 23:30:00,13487.1
2025-11-15 23:45:00,13396.5
2025-11-16 00:00:00,16591.8
2025-11-16 00:15:00,16631.2
2025-11-16 00:30:00,16184.8
2025-11-16 00:45:00,15657.3
2025-11-16 01:00:00,14974.3
2025-11-16 01:15:00,14738.6
2025-11-16 01:30:00,14640.7
2025-11-16 01:45:00,14239.4
2025-11-16 02:00:00,14089.9
2025-11-16 02:15:00,13770.0
2025-11-16 02:30:00,13607.7
2025-11-16 02:45:00,13313.0
2025-11-16 03:00:00,12798.6
2025-11-16 03:15:00,12841.2
2025-11-16 03:30:00,12821.2
2025-11-16 03:45:00,12618.8
2025-11-16 04:00:00,12499.9
2025-11-16 04:15:00,12535.1
2025-11-16 04:30:00,12552.0
2025-11-16 04:45:00,12327.1
2025-11-16 05:00:00,12770.9
2025-11-16 05:15:00,12821.3
2025-11-16 05:30:00,12601.5
2025-11-16 05:45:00,12353.2
2025-11-16 06:00:00,12250.9
2025-11-16 06:15:00,12662.6
2025-11-16 06:30:00,13017.4
2025-11-16 06:45:00,13873.7
2025-11-16 07:00:00,14643.5
2025-11-16 07:15:00,14552.1
2025-11-16 07:30:00,15159.8
2025-11-16 07:45:00,15589.3
2025-11-16 08:00:00,15986.7
2025-11-16 08:15:00,16219.9
2025-11-16 08:30:00,15724.1
2025-11-16 08:45:00,15969.4
2025-11-16 09:00:00,16081.2
2025-11-16 09:15:00,15612.3
2025-11-16 09:30:00,15442.9
2025-11-16 09:45:00,16007.6
2025-11-16 10:00:00,15974.4
2025-11-16 10:15:00,16205.0
2025-11-16 10:30:00,16607.8
2025-11-16 10:45:00,16932.6
2025-11-16 11:00:00,17191.1
2025-11-16 11:15:00,17244.4
2025-11-16 11:30:00,17103.2
2025-11-16 11:45:00,16842.8
2025-11-16 12:00:00,18326.8
2025-11-16 12:15:00,17899.9
2025-11-16 12:30:00,17907.1
2025-11-16 12:45:00,17601.8
2025-11-16 13:00:00,17551.6
2025-11-16 13:15:00,17643.9
2025-11-16 13:30:00,17453.2
2025-11-16 13:45:00,16748.2
2025-11-16 14:00:00,16300.7
2025-11-16 14:15:00,16108.6
2025-11-16 14:30:00,16301.8
2025-11-16 14:45:00,16559.5
2025-11-16 15:00:00,15673.9
2025-11-16 15:15:00,16414.1
2025-11-16 15:30:00,16836.9
2025-11-16 15:45:00,17087.7
2025-11-16 16:00:00,17437.0
2025-11-16 16:15:00,18544.4
2025-11-16 16:30:00,18802.7
2025-11-16 16:45:00,19634.3
2025-11-16 17:00:00,20023.5
2025-11-16 17:15:00,20210.4
2025-11-16 17:30:00,20301.7
2025-11-16 17:45:00,20061.2
2025-11-16 18:00:00,19935.2
2025-11-16 18:15:00,19484.6
2025-11-16 18:30:00,19205.2
2025-11-16 18:45:00,18706.9
2025-11-16 19:00:00,18502.7
2025-11-16 19:15:00,18318.6
2025-11-16 19:30:00,18392.5
2025-11-16 19:45:00,17764.2
2025-11-16 20:00:00,17566.4
2025-11-16 20:15:00,17768.4
2025-11-16 20:30:00,17394.9
2025-11-16 20:45:00,17276.1
2025-11-16 21:00:00,17690.5
2025-11-16 21:15:00,17247.2
2025-11-16 21:30:00,16214.4
2025-11-16 21:45:00,15660.2
2025-11-16 22:00:00,14934.6
2025-11-16 22:15:00,14739.5
2025-11-16 22:30:00,14376.8
2025-11-16 22:45:00,14152.6
2025-11-16 23:00:00,14069.4
2025-11-16 23:15:00,13584.6
2025-11-16 23:30:00,13170.3
2025-11-16 23:45:00,12977.5
2025-11-17 00:00:00,16244.8
2025-11-17 00:15:00,15915.0
2025-11-17 00:30:00,15669.8
2025-11-17 00:45:00,15034.8
2025-11-17 01:00:00,14645.8
2025-11-17 01:15:00,14423.7
2025-11-17 01:30:00,14117.9
2025-11-17 01:45:00,14013.7
2025-11-17 02:00:00,13610.3
2025-11-17 02:15:00,13467.3
2025-11-17 02:30:00,13515.6
2025-11-17 02:45:00,12978.4
2025-11-17 03:00:00,12824.9
2025-11-17 03:15:00,12729.6
2025-11-17 03:30:00,12659.0
2025-11-17 03:45:00,12694.9
2025-11-17 04:00:00,12451.6
2025-11-17 04:15:00,12497.9
2025-11-17 04:30:00,12212.5
2025-11-17 04:45:00,12474.1
2025-11-17 05:00:00,12703.2
2025-11-17 05:15:00,12934.2
2025-11-17 05:30:00,13345.7
2025-11-17 05:45:00,13463.6
2025-11-17 06:00:00,13795.4
2025-11-17 06:15:00,14709.6
2025-11-17 06:30:00,15741.4
2025-11-17 06:45:00,16412.5
2025-11-17 07:00:00,17139.4
2025-11-17 07:15:00,16637.2
2025-11-17 07:30:00,16905.8
2025-11-17 07:45:00,17337.5
2025-11-17 08:00:00,17622.7
2025-11-17 08:15:00,18035.5
2025-11-17 08:30:00,18471.0
2025-11-17 08:45:00,18233.6
2025-11-17 09:00:00,18530.1
2025-11-17 09:15:00,18404.9
2025-11-17 09:30:00,19003.5
2025-11-17 09:45:00,18535.4
2025-11-17 10:00:00,18714.3
2025-11-17 10:15:00,18977.1
2025-11-17 10:30:00,19341.8
2025-11-17 10:45:00,19704.0
2025-11-17 11:00:00,19982.8
2025-11-17 11:15:00,20116.3
2025-11-17 11:30:00,20301.4
2025-11-17 11:45:00,20258.7
2025-11-17 12:00:00,20844.6
2025-11-17 12:15:00,20926.0
2025-11-17 12:30:00,21153.9
2025-11-17 12:45:00,21036.7
2025-11-17 13:00:00,20685.5
2025-11-17 13:15:00,20470.4
2025-11-17 13:30:00,20789.6
2025-11-17 13:45:00,21136.1
2025-11-17 14:00:00,20458.9
2025-11-17 14:15:00,20626.2
2025-11-17 14:30:00,20360.3
2025-11-17 14:45:00,20285.3
2025-11-17 15:00:00,20542.9
2025-11-17 15:15:00,20225.3
2025-11-17 15:30:00,19919.3
2025-11-17 15:45:00,19907.7
2025-11-17 16:00:00,20268.3
2025-11-17 16:15:00,21162.7
2025-11-17 16:30:00,21745.8
2025-11-17 16:45:00,21660.5
2025-11-17 17:00:00,22497.6
2025-11-17 17:15:00,22140.3
2025-11-17 17:30:00,22375.2
2025-11-17 17:45:00,22100.9
2025-11-17 18:00:00,22160.5
2025-11-17 18:15:00,21919.6
2025-11-17 18:30:00,21625.1
2025-11-17 18:45:00,21782.4
2025-11-17 19:00:00,21790.3
2025-11-17 19:15:00,21902.2
2025-11-17 19:30:00,21583.5
2025-11-17 19:45:00,21678.3
2025-11-17 20:00:00,21146.8
2025-11-17 20:15:00,20959.6
2025-11-17 20:30:00,20883.1
2025-11-17 20:45:00,20328.3
2025-11-17 21:00:00,19924.8
2025-11-17 21:15:00,19703.6
2025-11-17 21:30:00,19159.8
2025-11-17 21:45:00,19082.9
2025-11-17 22:00:00,19200.7
2025-11-17 22:15:00,18680.4
2025-11-17 22:30:00,18268.3
2025-11-17 22:45:00,17676.4
2025-11-17 23:00:00,16816.8
2025-11-17 23:15:00,16945.5
2025-11-17 23:30:00,16128.3
2025-11-17 23:45:00,16364.0
2025-11-18 00:00:00,17598.6
2025-11-18 00:15:00,18047.8
2025-11-18 00:30:00,17258.3
2025-11-18 00:45:00,16943.5
2025-11-18 01:00:00,16969.3
2025-11-18 01:15:00,16761.3
2025-11-18 01:30:00,16816.7
2025-11-18 01:45:00,16287.5
2025-11-18 02:00:00,16379.4
2025-11-18 02:15:00,16009.5
2025-11-18 02:30:00,15608.5
2025-11-18 02:45:00,15576.1
2025-11-18 03:00:00,15553.2
2025-11-18 03:15:00,15156.9
2025-11-18 03:30:00,15011.6
2025-11-18 03:45:00,14639.5
2025-11-18 04:00:00,15163.4
2025-11-18 04:15:00,14789.4
2025-11-18 04:30:00,14994.5
2025-11-18 04:45:00,14965.4
2025-11-18 05:00:00,15334.9
2025-11-18 05:15:00,15450.1
2025-11-18 05:30:00,15528.5
2025-11-18 05:45:00,15407.1
2025-11-18 06:00:00,15452.9
2025-11-18 06:15:00,15703.8
2025-11-18 06:30:00,16443.6
2025-11-18 06:45:00,17201.4
2025-11-18 07:00:00,18170.8
2025-11-18 07:15:00,18810.6
2025-11-18 07:30:00,19337.3
2025-11-18 07:45:00,19604.1
2025-11-18 08:00:00,20644.2
2025-11-18 08:15:00,21074.6
2025-11-18 08:30:00,21294.0
2025-11-18 08:45:00,21527.8
2025-11-18 09:00:00,21579.3
2025-11-18 09:15:00,22439.1
2025-11-18 09:30:00,22406.1
2025-11-18 09:45:00,22434.9
2025-11-18 10:00:00,22383.4
2025-11-18 10:15:00,22974.9
2025-11-18 10:30:00,23110.4
2025-11-18 10:45:00,22426.1
2025-11-18 11:00:00,23123.7
2025-11-18 11:15:00,22244.1
2025-11-18 11:30:00,21622.0
2025-11-18 11:45:00,20888.2
2025-11-18 12:00:00,22430.4
2025-11-18 12:15:00,22545.1
2025-11-18 12:30:00,22335.5
2025-11-18 12:45:00,21913.6
2025-11-18 13:00:00,22056.8
2025-11-18 13:15:00,21811.3
2025-11-18 13:30:00,21527.2
2025-11-18 13:45:00,20838.3
2025-11-18 14:00:00,20162.6
2025-11-18 14:15:00,19971.3
2025-11-18 14:30:00,19970.3
2025-11-18 14:45:00,19711.7
2025-11-18 15:00:00,21069.4
2025-11-18 15:15:00,20490.0
2025-11-18 15:30:00,20657.8
2025-11-18 15:45:00,20356.5
2025-11-18 16:00:00,20754.7
2025-11-18 16:15:00,21283.8
2025-11-18 16:30:00,21757.0
2025-11-18 16:45:00,22078.9
2025-11-18 17:00:00,22815.9
2025-11-18 17:15:00,22336.6
2025-11-18 17:30:00,22801.7
2025-11-18 17:45:00,23140.1
2025-11-18 18:00:00,23171.2
2025-11-18 18:15:00,22969.2
2025-11-18 18:30:00,22860.1
2025-11-18 18:45:00,22536.9
2025-11-18 19:00:00,22742.2
2025-11-18 19:15:00,22473.2
2025-11-18 19:30:00,22291.6
2025-11-18 19:45:00,22052.6
2025-11-18 20:00:00,21786.4
2025-11-18 20:15:00,21845.8
2025-11-18 20:30:00,21442.2
2025-11-18 20:45:00,21182.2
2025-11-18 21:00:00,21034.1
2025-11-18 21:15:00,20724.8
2025-11-18 21:30:00,20209.1
2025-11-18 21:45:00,19614.6
2025-11-18 22:00:00,18965.6
2025-11-18 22:15:00,18442.5
2025-11-18 22:30:00,17489.5
2025-11-18 22:45:00,16784.0
2025-11-18 23:00:00,16582.3
2025-11-18 23:15:00,15912.4
2025-11-18 23:30:00,15295.1
2025-11-18 23:45:00,14988.1
2025-11-19 00:00:00,18180.0
2025-11-19 00:15:00,18382.9
2025-11-19 00:30:00,17989.9
2025-11-19 00:45:00,17278.6
2025-11-19 01:00:00,16959.3
2025-11-19 01:15:00,16407.7
2025-11-19 01:30:00,15966.5
2025-11-19 01:45:00,15705.8
2025-11-19 02:00:00,15302.9
2025-11-19 02:15:00,15226.3
2025-11-19 02:30:00,15019.3
2025-11-19 02:45:00,14750.2
2025-11-19 03:00:00,14617.8
2025-11-19 03:15:00,14459.4
2025-11-19 03:30:00,14279.4
2025-11-19 03:45:00,14311.0
2025-11-19 04:00:00,14278.3
2025-11-19 04:15:00,14233.5
2025-11-19 04:30:00,14125.1
2025-11-19 04:45:00,14301.2
2025-11-19 05:00:00,14515.4
2025-11-19 05:15:00,14540.8
2025-11-19 05:30:00,14793.5
2025-11-19 05:45:00,14767.7
2025-11-19 06:00:00,15170.1
2025-11-19 06:15:00,15564.0
2025-11-19 06:30:00,16602.6
2025-11-19 06:45:00,17491.0
2025-11-19 07:00:00,18450.4
2025-11-19 07:15:00,19234.0
2025-11-19 07:30:00,19619.0
2025-11-19 07:45:00,19995.2
2025-11-19 08:00:00,20423.7
2025-11-19 08:15:00,20656.8
2025-11-19 08:30:00,20488.7
2025-11-19 08:45:00,20557.3
2025-11-19 09:00:00,20185.6
2025-11-19 09:15:00,20001.1
2025-11-19 09:30:00,19866.0
2025-11-19 09:45:00,19334.5
2025-11-19 10:00:00,19318.7
2025-11-19 10:15:00,19828.4
2025-11-19 10:30:00,19888.0
2025-11-19 10:45:00,20151.7
2025-11-19 11:00:00,20377.2
2025-11-19 11:15:00,20557.9
2025-11-19 11:30:00,20338.5
2025-11-19 11:45:00,19503.2
2025-11-19 12:00:00,21371.5
2025-11-19 12:15:00,21483.9
2025-11-19 12:30:00,21353.2
2025-11-19 12:45:00,21045.6
2025-11-19 13:00:00,20733.2
2025-11-19 13:15:00,20345.4
2025-11-19 13:30:00,20234.0
2025-11-19 13:45:00,19587.7
2025-11-19 14:00:00,18946.9
2025-11-19 14:15:00,18839.8
2025-11-19 14:30:00,18678.2
2025-11-19 14:45:00,18890.5
2025-11-19 15:00:00,19260.4
2025-11-19 15:15:00,19093.8
2025-11-19 15:30:00,19615.2
2025-11-19 15:45:00,19538.3
2025-11-19 16:00:00,19776.7
2025-11-19 16:15:00,20699.8
2025-11-19 16:30:00,21715.9
2025-11-19 16:45:00,22543.4
2025-11-19 17:00:00,23102.1
2025-11-19 17:15:00,23072.1
2025-11-19 17:30:00,23234.3
2025-11-19 17:45:00,23220.1
2025-11-19 18:00:00,23038.2
2025-11-19 18:15:00,23092.2
2025-11-19 18:30:00,22897.2
2025-11-19 18:45:00,22836.2
2025-11-19 19:00:00,22639.9
2025-11-19 19:15:00,22374.3
2025-11-19 19:30:00,22766.5
2025-11-19 19:45:00,22335.2
2025-11-19 20:00:00,22283.1
2025-11-19 20:15:00,22043.7
2025-11-19 20:30:00,22167.8
2025-11-19 20:45:00,21654.0
2025-11-19 21:00:00,21426.1
2025-11-19 21:15:00,21277.0
2025-11-19 21:30:00,20603.5
2025-11-19 21:45:00,19789.8
2025-11-19 22:00:00,19405.0
2025-11-19 22:15:00,18482.1
2025-11-19 22:30:00,17812.1
2025-11-19 22:45:00,17304.8
2025-11-19 23:00:00,16710.8
2025-11-19 23:15:00,15794.1
2025-11-19 23:30:00,15206.4
2025-11-19 23:45:00,14811.7
2025-11-20 00:00:00,18512.4
2025-11-20 00:15:00,18560.4
2025-11-20 00:30:00,18034.1
2025-11-20 00:45:00,17548.0
2025-11-20 01:00:00,17029.8
2025-11-20 01:15:00,16463.3
2025-11-20 01:30:00,16222.8
2025-11-20 01:45:00,15908.1
2025-11-20 02:00:00,15518.5
2025-11-20 02:15:00,15272.0
2025-11-20 02:30:00,15158.9
2025-11-20 02:45:00,14770.6
2025-11-20 03:00:00,14739.3
2025-11-20 03:15:00,14791.0
2025-11-20 03:30:00,14442.6
2025-11-20 03:45:00,14021.7
2025-11-20 04:00:00,14094.5
2025-11-20 04:15:00,14033.0
2025-11-20 04:30:00,14282.9
2025-11-20 04:45:00,14494.0
2025-11-20 05:00:00,14937.9
2025-11-20 05:15:00,15268.2
2025-11-20 05:30:00,14832.6
2025-11-20 05:45:00,14891.9
2025-11-20 06:00:00,15130.3
2025-11-20 06:15:00,15618.5
2025-11-20 06:30:00,16665.0
2025-11-20 06:45:00,17486.8
2025-11-20 07:00:00,18213.3
2025-11-20 07:15:00,19259.7
2025-11-20 07:30:00,19543.6
2025-11-20 07:45:00,20386.9
2025-11-20 08:00:00,21023.4
2025-11-20 08:15:00,21405.9
2025-11-20 08:30:00,21328.0
2025-11-20 08:45:00,20885.0
2025-11-20 09:00:00,20169.5
2025-11-20 09:15:00,20047.2
2025-11-20 09:30:00,19717.2
2025-11-20 09:45:00,19773.0
2025-11-20 10:00:00,19544.4
2025-11-20 10:15:00,20198.8
2025-11-20 10:30:00,20693.4
2025-11-20 10:45:00,21136.1
2025-11-20 11:00:00,21343.2
2025-11-20 11:15:00,21286.2
2025-11-20 11:30:00,20901.9
2025-11-20 11:45:00,20228.6
2025-11-20 12:00:00,21908.3
2025-11-20 12:15:00,21753.3
2025-11-20 12:30:00,21702.6
2025-11-20 12:45:00,21255.7
2025-11-20 13:00:00,21538.5
2025-11-20 13:15:00,21191.2
2025-11-20 13:30:00,20986.8
2025-11-20 13:45:00,20083.2
2025-11-20 14:00:00,19439.9
2025-11-20 14:15:00,19232.5
2025-11-20 14:30:00,19065.3
2025-11-20 14:45:00,19134.1
2025-11-20 15:00:00,19522.2
2025-11-20 15:15:00,20059.4
2025-11-20 15:30:00,19979.0
2025-11-20 15:45:00,20136.1
2025-11-20 16:00:00,20132.5
2025-11-20 16:15:00,20278.2
2025-11-20 16:30:00,21095.4
2025-11-20 16:45:00,21068.6
2025-11-20 17:00:00,21625.9
2025-11-20 17:15:00,21715.4
2025-11-20 17:30:00,22106.5
2025-11-20 17:45:00,22513.2
2025-11-20 18:00:00,22670.9
2025-11-20 18:15:00,22972.2
2025-11-20 18:30:00,22708.9
2025-11-20 18:45:00,22531.2
2025-11-20 19:00:00,22458.1
2025-11-20 19:15:00,22214.3
2025-11-20 19:30:00,22086.2
2025-11-20 19:45:00,21893.1
2025-11-20 20:00:00,21741.6
2025-11-20 20:15:00,21647.9
2025-11-20 20:30:00,21603.3
2025-11-20 20:45:00,21263.0
2025-11-20 21:00:00,20963.5
2025-11-20 21:15:00,20745.9
2025-11-20 21:30:00,20045.0
2025-11-20 21:45:00,19637.9
2025-11-20 22:00:00,19074.1
2025-11-20 22:15:00,18397.1
2025-11-20 22:30:00,18017.0
2025-11-20 22:45:00,17454.0
2025-11-20 23:00:00,17081.1
2025-11-20 23:15:00,16406.7
2025-11-20 23:30:00,16016.9
2025-11-20 23:45:00,15769.0
2025-11-21 00:00:00,18431.6
2025-11-21 00:15:00,18398.6
2025-11-21 00:30:00,17803.4
2025-11-21 00:45:00,17303.2
2025-11-21 01:00:00,16574.1
2025-11-21 01:15:00,17126.0
2025-11-21 01:30:00,16767.7
2025-11-21 01:45:00,16392.3
2025-11-21 02:00:00,16030.5
2025-11-21 02:15:00,15923.9
2025-11-21 02:30:00,15669.5
2025-11-21 02:45:00,15567.0
2025-11-21 03:00:00,14626.0
2025-11-21 03:15:00,14680.4
2025-11-21 03:30:00,14624.9
2025-11-21 03:45:00,14744.6
2025-11-21 04:00:00,14813.6
2025-11-21 04:15:00,15037.7
2025-11-21 04:30:00,14896.9
2025-11-21 04:45:00,14910.0
2025-11-21 05:00:00,15018.9
2025-11-21 05:15:00,15427.2
2025-11-21 05:30:00,15430.5
2025-11-21 05:45:00,15668.8
2025-11-21 06:00:00,15993.6
2025-11-21 06:15:00,16595.3
2025-11-21 06:30:00,16908.3
2025-11-21 06:45:00,16983.3
2025-11-21 07:00:00,17732.4
2025-11-21 07:15:00,17770.2
2025-11-21 07:30:00,18145.6
2025-11-21 07:45:00,18367.5
2025-11-21 08:00:00,18867.5
2025-11-21 08:15:00,19035.1
2025-11-21 08:30:00,18392.2
2025-11-21 08:45:00,18560.3
2025-11-21 09:00:00,18778.7
2025-11-21 09:15:00,19447.4
2025-11-21 09:30:00,19431.5
2025-11-21 09:45:00,19634.6
2025-11-21 10:00:00,19975.2
2025-11-21 10:15:00,19603.5
2025-11-21 10:30:00,19746.8
2025-11-21 10:45:00,19999.6
2025-11-21 11:00:00,19988.8
2025-11-21 11:15:00,20140.4
2025-11-21 11:30:00,19689.6
2025-11-21 11:45:00,19171.1
2025-11-21 12:00:00,20840.5
2025-11-21 12:15:00,20440.8
2025-11-21 12:30:00,20110.3
2025-11-21 12:45:00,19716.8
2025-11-21 13:00:00,19956.2
2025-11-21 13:15:00,19855.9
2025-11-21 13:30:00,19614.5
2025-11-21 13:45:00,18973.9
2025-11-21 14:00:00,18498.1
2025-11-21 14:15:00,18377.3
2025-11-21 14:30:00,18826.7
2025-11-21 14:45:00,18861.3
2025-11-21 15:00:00,19583.4
2025-11-21 15:15:00,19569.2
2025-11-21 15:30:00,19740.8
2025-11-21 15:45:00,19838.9
2025-11-21 16:00:00,19441.7
2025-11-21 16:15:00,19861.4
2025-11-21 16:30:00,20096.8
2025-11-21 16:45:00,20096.6
2025-11-21 17:00:00,20913.1
2025-11-21 17:15:00,21160.7
2025-11-21 17:30:00,21516.2
2025-11-21 17:45:00,21704.5
2025-11-21 18:00:00,21228.6
2025-11-21 18:15:00,21194.0
2025-11-21 18:30:00,20821.2
2025-11-21 18:45:00,20783.2
2025-11-21 19:00:00,20822.6
2025-11-21 19:15:00,20829.4
2025-11-21 19:30:00,20655.1
2025-11-21 19:45:00,20477.4
2025-11-21 20:00:00,20166.1
2025-11-21 20:15:00,19700.4
2025-11-21 20:30:00,19667.1
2025-11-21 20:45:00,19624.4
2025-11-21 21:00:00,19603.4
2025-11-21 21:15:00,19032.1
2025-11-21 21:30:00,19481.9
2025-11-21 21:45:00,19499.4
2025-11-21 22:00:00,19094.2
2025-11-21 22:15:00,18850.1
2025-11-21 22:30:00,18298.7
2025-11-21 22:45:00,16905.7
2025-11-21 23:00:00,16620.9
2025-11-21 23:15:00,16036.5
2025-11-21 23:30:00,15612.6
2025-11-21 23:45:00,15199.5
2025-11-22 00:00:00,18032.1
2025-11-22 00:15:00,18580.7
2025-11-22 00:30:00,18175.4
2025-11-22 00:45:00,17395.0
2025-11-22 01:00:00,16877.7
2025-11-22 01:15:00,16326.8
2025-11-22 01:30:00,16029.7
2025-11-22 01:45:00,15493.2
2025-11-22 02:00:00,15142.4
2025-11-22 02:15:00,14902.6
2025-11-22 02:30:00,14782.3
2025-11-22 02:45:00,14412.1
2025-11-22 03:00:00,14211.3
2025-11-22 03:15:00,14142.7
2025-11-22 03:30:00,14033.0
2025-11-22 03:45:00,13935.8
2025-11-22 04:00:00,13915.4
2025-11-22 04:15:00,13841.6
2025-11-22 04:30:00,13750.0
2025-11-22 04:45:00,13738.5
2025-11-22 05:00:00,14072.9
2025-11-22 05:15:00,13997.0
2025-11-22 05:30:00,13991.7
2025-11-22 05:45:00,13959.8
2025-11-22 06:00:00,13663.5
2025-11-22 06:15:00,13773.3
2025-11-22 06:30:00,14233.8
2025-11-22 06:45:00,15273.0
2025-11-22 07:00:00,15794.4
2025-11-22 07:15:00,16117.6
2025-11-22 07:30:00,16996.5
2025-11-22 07:45:00,17528.0
2025-11-22 08:00:00,18062.4
2025-11-22 08:15:00,18236.9
2025-11-22 08:30:00,18395.0
2025-11-22 08:45:00,18272.7
2025-11-22 09:00:00,17982.8
2025-11-22 09:15:00,18480.8
2025-11-22 09:30:00,18383.4
2025-11-22 09:45:00,17989.3
2025-11-22 10:00:00,17817.7
2025-11-22 10:15:00,17876.3
2025-11-22 10:30:00,18286.8
2025-11-22 10:45:00,18144.8
2025-11-22 11:00:00,18602.6
2025-11-22 11:15:00,18664.8
2025-11-22 11:30:00,19570.7
2025-11-22 11:45:00,19099.4
2025-11-22 12:00:00,20597.1
2025-11-22 12:15:00,20760.7
2025-11-22 12:30:00,20541.0
2025-11-22 12:45:00,20217.8
2025-11-22 13:00:00,20269.9
2025-11-22 13:15:00,19808.0
2025-11-22 13:30:00,19720.0
2025-11-22 13:45:00,18709.7
2025-11-22 14:00:00,18467.2
2025-11-22 14:15:00,18068.3
2025-11-22 14:30:00,17423.2
2025-11-22 14:45:00,17261.0
2025-11-22 15:00:00,18072.0
2025-11-22 15:15:00,18614.2
2025-11-22 15:30:00,18717.0
2025-11-22 15:45:00,18569.2
2025-11-22 16:00:00,18208.0
2025-11-22 16:15:00,18354.7
2025-11-22 16:30:00,19661.8
2025-11-22 16:45:00,20541.2
2025-11-22 17:00:00,21376.7
2025-11-22 17:15:00,21649.3
2025-11-22 17:30:00,22136.4
2025-11-22 17:45:00,21936.8
2025-11-22 18:00:00,22330.7
2025-11-22 18:15:00,21339.1
2025-11-22 18:30:00,21301.9
2025-11-22 18:45:00,20711.3
2025-11-22 19:00:00,20682.0
2025-11-22 19:15:00,20540.4
2025-11-22 19:30:00,20364.0
2025-11-22 19:45:00,20097.6
2025-11-22 20:00:00,20043.4
2025-11-22 20:15:00,19831.1
2025-11-22 20:30:00,19782.5
2025-11-22 20:45:00,19283.9
2025-11-22 21:00:00,19007.6
2025-11-22 21:15:00,18657.2
2025-11-22 21:30:00,18182.5
2025-11-22 21:45:00,17514.6
2025-11-22 22:00:00,16962.2
2025-11-22 22:15:00,16890.0
2025-11-22 22:30:00,16236.8
2025-11-22 22:45:00,15503.8
2025-11-22 23:00:00,15369.9
2025-11-22 23:15:00,14704.5
2025-11-22 23:30:00,14359.6
2025-11-22 23:45:00,14071.8
2025-11-23 00:00:00,18416.2
2025-11-23 00:15:00,18079.3
2025-11-23 00:30:00,17623.2
2025-11-23 00:45:00,17174.5
2025-11-23 01:00:00,16614.7
2025-11-23 01:15:00,16087.1
2025-11-23 01:30:00,15933.4
2025-11-23 01:45:00,15310.3
2025-11-23 02:00:00,14951.6
2025-11-23 02:15:00,14545.1
2025-11-23 02:30:00,14407.1
2025-11-23 02:45:00,14152.7
2025-11-23 03:00:00,13650.8
2025-11-23 03:15:00,13602.6
2025-11-23 03:30:00,13554.1
2025-11-23 03:45:00,13197.4
2025-11-23 04:00:00,13397.3
2025-11-23 04:15:00,13147.2
2025-11-23 04:30:00,13198.7
2025-11-23 04:45:00,13201.9
2025-11-23 05:00:00,13413.3
2025-11-23 05:15:00,13631.3
2025-11-23 05:30:00,13493.9
2025-11-23 05:45:00,13464.1
2025-11-23 06:00:00,13185.3
2025-11-23 06:15:00,13246.5
2025-11-23 06:30:00,13444.7
2025-11-23 06:45:00,14400.1
2025-11-23 07:00:00,15209.3
2025-11-23 07:15:00,15178.0
2025-11-23 07:30:00,15776.1
2025-11-23 07:45:00,16260.3
2025-11-23 08:00:00,16911.1
2025-11-23 08:15:00,17332.8
2025-11-23 08:30:00,17361.3
2025-11-23 08:45:00,18314.7
2025-11-23 09:00:00,18178.8
2025-11-23 09:15:00,18105.2
2025-11-23 09:30:00,17855.8
2025-11-23 09:45:00,17522.0
2025-11-23 10:00:00,17605.3
2025-11-23 10:15:00,17833.1
2025-11-23 10:30:00,18311.3
2025-11-23 10:45:00,18202.2
2025-11-23 11:00:00,18693.2
2025-11-23 11:15:00,18597.0
2025-11-23 11:30:00,18454.0
2025-11-23 11:45:00,18018.6
2025-11-23 12:00:00,19460.9
2025-11-23 12:15:00,19600.5
2025-11-23 12:30:00,19150.4
2025-11-23 12:45:00,18998.7
2025-11-23 13:00:00,19229.7
2025-11-23 13:15:00,18747.5
2025-11-23 13:30:00,18740.4
2025-11-23 13:45:00,17824.8
2025-11-23 14:00:00,17390.9
2025-11-23 14:15:00,17196.6
2025-11-23 14:30:00,17288.9
2025-11-23 14:45:00,17218.2
2025-11-23 15:00:00,17468.2
2025-11-23 15:15:00,17651.6
2025-11-23 15:30:00,17896.5
2025-11-23 15:45:00,17777.9
2025-11-23 16:00:00,16822.2
2025-11-23 16:15:00,17210.2
2025-11-23 16:30:00,18331.2
2025-11-23 16:45:00,18781.5
2025-11-23 17:00:00,19488.0
2025-11-23 17:15:00,19714.3
2025-11-23 17:30:00,20065.6
2025-11-23 17:45:00,20171.7
2025-11-23 18:00:00,20447.9
2025-11-23 18:15:00,20412.1
2025-11-23 18:30:00,20265.6
2025-11-23 18:45:00,20143.1
2025-11-23 19:00:00,20125.0
2025-11-23 19:15:00,19859.8
2025-11-23 19:30:00,19642.5
2025-11-23 19:45:00,19589.5
2025-11-23 20:00:00,19660.4
2025-11-23 20:15:00,19757.2
2025-11-23 20:30:00,19478.6
2025-11-23 20:45:00,18955.3
2025-11-23 21:00:00,18336.4
2025-11-23 21:15:00,17850.0
2025-11-23 21:30:00,17253.9
2025-11-23 21:45:00,16652.3
2025-11-23 22:00:00,16764.3
2025-11-23 22:15:00,16111.7
2025-11-23 22:30:00,15418.9
2025-11-23 22:45:00,14966.9
2025-11-23 23:00:00,14561.8
2025-11-23 23:15:00,14002.8
2025-11-23 23:30:00,13308.2
2025-11-23 23:45:00,13339.9
2025-11-24 00:00:00,17239.3
2025-11-24 00:15:00,17179.3
2025-11-24 00:30:00,16609.8
2025-11-24 00:45:00,16155.2
2025-11-24 01:00:00,15759.5
2025-11-24 01:15:00,15210.4
2025-11-24 01:30:00,15019.8
2025-11-24 01:45:00,14789.0
2025-11-24 02:00:00,14348.9
2025-11-24 02:15:00,14084.3
2025-11-24 02:30:00,13881.2
2025-11-24 02:45:00,13664.0
2025-11-24 03:00:00,13451.9
2025-11-24 03:15:00,13248.3
2025-11-24 03:30:00,13262.9
2025-11-24 03:45:00,12878.1
2025-11-24 04:00:00,12932.7
2025-11-24 04:15:00,12989.9
2025-11-24 04:30:00,13019.3
2025-11-24 04:45:00,13011.8
2025-11-24 05:00:00,13223.1
2025-11-24 05:15:00,13589.7
2025-11-24 05:30:00,13910.4
2025-11-24 05:45:00,13610.1
2025-11-24 06:00:00,13781.6
2025-11-24 06:15:00,13874.5
2025-11-24 06:30:00,14884.2
2025-11-24 06:45:00,15928.5
2025-11-24 07:00:00,16249.0
2025-11-24 07:15:00,16772.0
2025-11-24 07:30:00,17118.6
2025-11-24 07:45:00,17593.4
2025-11-24 08:00:00,18072.2
2025-11-24 08:15:00,18364.2
2025-11-24 08:30:00,18314.8
2025-11-24 08:45:00,18211.7
2025-11-24 09:00:00,19162.4
2025-11-24 09:15:00,18822.9
2025-11-24 09:30:00,18796.2
2025-11-24 09:45:00,18424.4
2025-11-24 10:00:00,18594.6
2025-11-24 10:15:00,18662.6
2025-11-24 10:30:00,19030.5
2025-11-24 10:45:00,18896.2
2025-11-24 11:00:00,18969.7
2025-11-24 11:15:00,18933.1
2025-11-24 11:30:00,18850.6
2025-11-24 11:45:00,18293.5
2025-11-24 12:00:00,19976.1
2025-11-24 12:15:00,19768.1
2025-11-24 12:30:00,19659.0
2025-11-24 12:45:00,19586.7
2025-11-24 13:00:00,19366.1
2025-11-24 13:15:00,18954.2
2025-11-24 13:30:00,18740.7
2025-11-24 13:45:00,18022.7
2025-11-24 14:00:00,17648.9
2025-11-24 14:15:00,17572.1
2025-11-24 14:30:00,17754.0
2025-11-24 14:45:00,18659.4
2025-11-24 15:00:00,18808.3
2025-11-24 15:15:00,19309.3
2025-11-24 15:30:00,19963.6
2025-11-24 15:45:00,18757.7
2025-11-24 16:00:00,17666.5
2025-11-24 16:15:00,17728.0
2025-11-24 16:30:00,18135.8
2025-11-24 16:45:00,18224.2
2025-11-24 17:00:00,19062.7
2025-11-24 17:15:00,18924.7
2025-11-24 17:30:00,19112.5
2025-11-24 17:45:00,20144.0
2025-11-24 18:00:00,20832.3
2025-11-24 18:15:00,20879.0
2025-11-24 18:30:00,20761.8
2025-11-24 18:45:00,20827.7
2025-11-24 19:00:00,20102.3
2025-11-24 19:15:00,19697.6
2025-11-24 19:30:00,19811.9
2025-11-24 19:45:00,20009.9
2025-11-24 20:00:00,20202.8
2025-11-24 20:15:00,19753.9
2025-11-24 20:30:00,20570.5
2025-11-24 20:45:00,20186.7
2025-11-24 21:00:00,19910.0
2025-11-24 21:15:00,20167.4
2025-11-24 21:30:00,19802.0
2025-11-24 21:45:00,19302.7
2025-11-24 22:00:00,18614.8
2025-11-24 22:15:00,19082.0
2025-11-24 22:30:00,18441.8
2025-11-24 22:45:00,17841.1
2025-11-24 23:00:00,17327.5
2025-11-24 23:15:00,16878.1
2025-11-24 23:30:00,16292.5
2025-11-24 23:45:00,15827.3
2025-11-25 00:00:00,17712.9
2025-11-25 00:15:00,17178.1
2025-11-25 00:30:00,16740.1
2025-11-25 00:45:00,16380.5
2025-11-25 01:00:00,16648.2
2025-11-25 01:15:00,16759.8
2025-11-25 01:30:00,16693.2
2025-11-25 01:45:00,16574.8
2025-11-25 02:00:00,16201.1
2025-11-25 02:15:00,16118.6
2025-11-25 02:30:00,15992.0
2025-11-25 02:45:00,15583.8
2025-11-25 03:00:00,15205.0
2025-11-25 03:15:00,15368.0
2025-11-25 03:30:00,14966.1
2025-11-25 03:45:00,15270.9
2025-11-25 04:00:00,14997.2
2025-11-25 04:15:00,14748.6
2025-11-25 04:30:00,14897.7
2025-11-25 04:45:00,15086.4
2025-11-25 05:00:00,15209.0
2025-11-25 05:15:00,15229.8
2025-11-25 05:30:00,15171.4
2025-11-25 05:45:00,15400.9
2025-11-25 06:00:00,15583.8
2025-11-25 06:15:00,15200.8
2025-11-25 06:30:00,15363.0
2025-11-25 06:45:00,15804.5
2025-11-25 07:00:00,15713.3
2025-11-25 07:15:00,16129.3
2025-11-25 07:30:00,16621.4
2025-11-25 07:45:00,16946.0
2025-11-25 08:00:00,17567.0
2025-11-25 08:15:00,18097.5
2025-11-25 08:30:00,18247.7
2025-11-25 08:45:00,18577.7
2025-11-25 09:00:00,18787.8
2025-11-25 09:15:00,19186.0
2025-11-25 09:30:00,19075.5
2025-11-25 09:45:00,19079.9
2025-11-25 10:00:00,19808.8
2025-11-25 10:15:00,19875.3
2025-11-25 10:30:00,20434.0
2025-11-25 10:45:00,20404.7
2025-11-25 11:00:00,20944.6
2025-11-25 11:15:00,20045.2
2025-11-25 11:30:00,19657.4
2025-11-25 11:45:00,19050.3
2025-11-25 12:00:00,20806.9
2025-11-25 12:15:00,20664.9
2025-11-25 12:30:00,21091.8
2025-11-25 12:45:00,20360.4
2025-11-25 13:00:00,20177.0
2025-11-25 13:15:00,19738.1
2025-11-25 13:30:00,19647.5
2025-11-25 13:45:00,19278.0
2025-11-25 14:00:00,18899.6
2025-11-25 14:15:00,19026.5
2025-11-25 14:30:00,18883.1
2025-11-25 14:45:00,18958.6
2025-11-25 15:00:00,19200.4
2025-11-25 15:15:00,19383.1
2025-11-25 15:30:00,18731.2
2025-11-25 15:45:00,18665.9
2025-11-25 16:00:00,18497.4
2025-11-25 16:15:00,18499.8
2025-11-25 16:30:00,18299.8
2025-11-25 16:45:00,18672.3
2025-11-25 17:00:00,19212.6
2025-11-25 17:15:00,19170.7
2025-11-25 17:30:00,19796.5
2025-11-25 17:45:00,20295.0
2025-11-25 18:00:00,21060.9
2025-11-25 18:15:00,20910.3
2025-11-25 18:30:00,20910.2
2025-11-25 18:45:00,20728.8
2025-11-25 19:00:00,20639.8
2025-11-25 19:15:00,20411.4
2025-11-25 19:30:00,20378.9
2025-11-25 19:45:00,20114.6
2025-11-25 20:00:00,19675.8
2025-11-25 20:15:00,19363.7
2025-11-25 20:30:00,19506.9
2025-11-25 20:45:00,18997.4
2025-11-25 21:00:00,18906.9
2025-11-25 21:15:00,18060.9
2025-11-25 21:30:00,17654.9
2025-11-25 21:45:00,16823.0
2025-11-25 22:00:00,16396.9
2025-11-25 22:15:00,15746.0
2025-11-25 22:30:00,15884.1
2025-11-25 22:45:00,15172.0
2025-11-25 23:00:00,14698.7
2025-11-25 23:15:00,14178.2
2025-11-25 23:30:00,13573.4
2025-11-25 23:45:00,13478.1
2025-11-26 00:00:00,17037.2
2025-11-26 00:15:00,17314.5
2025-11-26 00:30:00,16995.9
2025-11-26 00:45:00,16450.8
2025-11-26 01:00:00,15974.9
2025-11-26 01:15:00,15507.1
2025-11-26 01:30:00,15328.9
2025-11-26 01:45:00,15001.5
2025-11-26 02:00:00,14657.2
2025-11-26 02:15:00,14648.8
2025-11-26 02:30:00,14300.4
2025-11-26 02:45:00,14069.8
2025-11-26 03:00:00,14148.2
2025-11-26 03:15:00,13720.9
2025-11-26 03:30:00,13781.9
2025-11-26 03:45:00,13587.4
2025-11-26 04:00:00,13427.0
2025-11-26 04:15:00,13327.1
2025-11-26 04:30:00,13449.4
2025-11-26 04:45:00,13632.8
2025-11-26 05:00:00,13911.4
2025-11-26 05:15:00,14110.1
2025-11-26 05:30:00,14073.4
2025-11-26 05:45:00,13991.2
2025-11-26 06:00:00,14022.0
2025-11-26 06:15:00,14221.4
2025-11-26 06:30:00,15199.0
2025-11-26 06:45:00,15961.2
2025-11-26 07:00:00,15943.4
2025-11-26 07:15:00,16577.4
2025-11-26 07:30:00,16858.8
2025-11-26 07:45:00,17181.1
2025-11-26 08:00:00,18005.4
2025-11-26 08:15:00,19240.7
2025-11-26 08:30:00,19273.8
2025-11-26 08:45:00,19125.8
2025-11-26 09:00:00,19106.1
2025-11-26 09:15:00,18916.9
2025-11-26 09:30:00,18483.7
2025-11-26 09:45:00,18293.4
2025-11-26 10:00:00,19331.5
2025-11-26 10:15:00,19637.8
2025-11-26 10:30:00,19815.7
2025-11-26 10:45:00,20208.9
2025-11-26 11:00:00,20670.8
2025-11-26 11:15:00,20721.1
2025-11-26 11:30:00,20572.8
2025-11-26 11:45:00,20177.4
2025-11-26 12:00:00,21303.7
2025-11-26 12:15:00,21301.3
2025-11-26 12:30:00,21245.4
2025-11-26 12:45:00,20871.8
2025-11-26 13:00:00,20923.0
2025-11-26 13:15:00,20849.1
2025-11-26 13:30:00,20498.3
2025-11-26 13:45:00,20225.4
2025-11-26 14:00:00,19500.2
2025-11-26 14:15:00,19441.2
2025-11-26 14:30:00,19058.9
2025-11-26 14:45:00,18876.4
2025-11-26 15:00:00,18908.6
2025-11-26 15:15:00,18026.8
2025-11-26 15:30:00,18154.5
2025-11-26 15:45:00,18230.4
2025-11-26 16:00:00,18352.9
2025-11-26 16:15:00,17976.4
2025-11-26 16:30:00,18363.7
2025-11-26 16:45:00,18733.9
2025-11-26 17:00:00,19453.9
2025-11-26 17:15:00,19572.3
2025-11-26 17:30:00,19968.9
2025-11-26 17:45:00,20208.3
2025-11-26 18:00:00,20728.3
2025-11-26 18:15:00,20545.9
2025-11-26 18:30:00,20683.8
2025-11-26 18:45:00,20695.5
2025-11-26 19:00:00,20507.5
2025-11-26 19:15:00,20366.3
2025-11-26 19:30:00,20352.9
2025-11-26 19:45:00,20056.7
2025-11-26 20:00:00,19946.5
2025-11-26 20:15:00,19816.6
2025-11-26 20:30:00,19730.9
2025-11-26 20:45:00,19440.3
2025-11-26 21:00:00,19262.8
2025-11-26 21:15:00,18517.8
2025-11-26 21:30:00,17895.6
2025-11-26 21:45:00,17389.8
2025-11-26 22:00:00,17457.4
2025-11-26 22:15:00,17482.2
2025-11-26 22:30:00,17705.2
2025-11-26 22:45:00,17366.0
2025-11-26 23:00:00,16984.7
2025-11-26 23:15:00,16429.1
2025-11-26 23:30:00,15967.8
2025-11-26 23:45:00,15169.2
2025-11-27 00:00:00,18039.9
2025-11-27 00:15:00,18051.3
2025-11-27 00:30:00,18006.0
2025-11-27 00:45:00,18081.9
2025-11-27 01:00:00,17696.1
2025-11-27 01:15:00,17292.1
2025-11-27 01:30:00,16834.8
2025-11-27 01:45:00,16524.2
2025-11-27 02:00:00,16455.3
2025-11-27 02:15:00,16148.8
2025-11-27 02:30:00,15938.9
2025-11-27 02:45:00,15711.4
2025-11-27 03:00:00,15534.7
2025-11-27 03:15:00,15523.7
2025-11-27 03:30:00,15482.3
2025-11-27 03:45:00,15099.3
2025-11-27 04:00:00,15369.9
2025-11-27 04:15:00,15076.1
2025-11-27 04:30:00,15323.9
2025-11-27 04:45:00,15596.2
2025-11-27 05:00:00,15256.1
2025-11-27 05:15:00,15854.1
2025-11-27 05:30:00,16014.4
2025-11-27 05:45:00,16178.2
2025-11-27 06:00:00,16474.1
2025-11-27 06:15:00,16970.1
2025-11-27 06:30:00,17466.6
2025-11-27 06:45:00,17769.1
2025-11-27 07:00:00,17957.5
2025-11-27 07:15:00,18235.0
2025-11-27 07:30:00,18561.3
2025-11-27 07:45:00,18930.1
2025-11-27 08:00:00,19253.0
2025-11-27 08:15:00,19765.1
2025-11-27 08:30:00,19699.4
2025-11-27 08:45:00,20026.5
2025-11-27 09:00:00,20641.0
2025-11-27 09:15:00,20204.1
2025-11-27 09:30:00,19915.0
2025-11-27 09:45:00,19678.7
2025-11-27 10:00:00,20496.5
2025-11-27 10:15:00,21070.3
2025-11-27 10:30:00,21275.0
2025-11-27 10:45:00,21438.0
2025-11-27 11:00:00,21643.1
2025-11-27 11:15:00,21562.4
2025-11-27 11:30:00,20814.4
2025-11-27 11:45:00,20308.9
2025-11-27 12:00:00,21736.4
2025-11-27 12:15:00,21780.2
2025-11-27 12:30:00,21674.3
2025-11-27 12:45:00,21395.6
2025-11-27 13:00:00,21448.7
2025-11-27 13:15:00,21176.2
2025-11-27 13:30:00,21137.6
2025-11-27 13:45:00,20365.8
2025-11-27 14:00:00,19711.2
2025-11-27 14:15:00,19618.9
2025-11-27 14:30:00,19791.2
2025-11-27 14:45:00,19617.9
2025-11-27 15:00:00,19473.5
2025-11-27 15:15:00,19916.0
2025-11-27 15:30:00,19953.5
2025-11-27 15:45:00,20022.6
2025-11-27 16:00:00,20534.9
2025-11-27 16:15:00,20420.8
2025-11-27 16:30:00,20018.9
2025-11-27 16:45:00,20201.3
2025-11-27 17:00:00,19619.7
2025-11-27 17:15:00,19869.2
2025-11-27 17:30:00,20563.9
2025-11-27 17:45:00,20846.3
2025-11-27 18:00:00,21647.5
2025-11-27 18:15:00,21449.4
2025-11-27 18:30:00,21215.0
2025-11-27 18:45:00,21261.3
2025-11-27 19:00:00,21089.0
2025-11-27 19:15:00,20987.4
2025-11-27 19:30:00,20716.7
2025-11-27 19:45:00,20590.8
2025-11-27 20:00:00,20368.1
2025-11-27 20:15:00,20368.5
2025-11-27 20:30:00,20327.7
2025-11-27 20:45:00,20172.0
2025-11-27 21:00:00,19826.7
2025-11-27 21:15:00,19309.0
2025-11-27 21:30:00,18667.7
2025-11-27 21:45:00,17978.2
2025-11-27 22:00:00,17219.4
2025-11-27 22:15:00,16700.7
2025-11-27 22:30:00,16610.8
2025-11-27 22:45:00,15815.8
2025-11-27 23:00:00,15091.2
2025-11-27 23:15:00,14458.9
2025-11-27 23:30:00,14034.7
2025-11-27 23:45:00,13974.2
2025-11-28 00:00:00,17742.0
2025-11-28 00:15:00,17625.8
2025-11-28 00:30:00,17245.3
2025-11-28 00:45:00,16960.7
2025-11-28 01:00:00,16547.4
2025-11-28 01:15:00,16010.7
2025-11-28 01:30:00,15776.7
2025-11-28 01:45:00,15458.5
2025-11-28 02:00:00,15212.9
2025-11-28 02:15:00,15112.3
2025-11-28 02:30:00,14805.2
2025-11-28 02:45:00,14581.0
2025-11-28 03:00:00,14356.5
2025-11-28 03:15:00,13959.0
2025-11-28 03:30:00,14070.1
2025-11-28 03:45:00,14024.7
2025-11-28 04:00:00,13789.8
2025-11-28 04:15:00,13935.8
2025-11-28 04:30:00,13912.4
2025-11-28 04:45:00,13945.0
2025-11-28 05:00:00,14141.4
2025-11-28 05:15:00,14301.4
2025-11-28 05:30:00,14415.9
2025-11-28 05:45:00,14453.0
2025-11-28 06:00:00,14440.5
2025-11-28 06:15:00,14595.9
2025-11-28 06:30:00,15610.6
2025-11-28 06:45:00,16117.0
2025-11-28 07:00:00,16867.3
2025-11-28 07:15:00,17380.3
2025-11-28 07:30:00,18095.1
2025-11-28 07:45:00,18346.8
2025-11-28 08:00:00,18585.1
2025-11-28 08:15:00,18804.2
2025-11-28 08:30:00,19713.3
2025-11-28 08:45:00,20135.8
2025-11-28 09:00:00,20001.4
2025-11-28 09:15:00,19678.4
2025-11-28 09:30:00,19431.1
2025-11-28 09:45:00,18925.5
2025-11-28 10:00:00,19854.4
2025-11-28 10:15:00,20390.1
2025-11-28 10:30:00,20863.8
2025-11-28 10:45:00,21090.4
2025-11-28 11:00:00,21478.8
2025-11-28 11:15:00,21167.2
2025-11-28 11:30:00,20877.8
2025-11-28 11:45:00,20208.9
2025-11-28 12:00:00,21760.1
2025-11-28 12:15:00,21730.4
2025-11-28 12:30:00,21736.2
2025-11-28 12:45:00,21209.4
2025-11-28 13:00:00,21442.7
2025-11-28 13:15:00,21136.2
2025-11-28 13:30:00,20956.9
2025-11-28 13:45:00,19854.0
2025-11-28 14:00:00,19331.5
2025-11-28 14:15:00,19041.5
2025-11-28 14:30:00,19066.3
2025-11-28 14:45:00,19162.5
2025-11-28 15:00:00,18438.4
2025-11-28 15:15:00,18505.4
2025-11-28 15:30:00,18636.0
2025-11-28 15:45:00,18654.5
2025-11-28 16:00:00,18661.5
2025-11-28 16:15:00,17992.1
2025-11-28 16:30:00,18416.0
2025-11-28 16:45:00,19296.6
2025-11-28 17:00:00,19978.1
2025-11-28 17:15:00,20310.0
2025-11-28 17:30:00,20802.2
2025-11-28 17:45:00,21112.4
2025-11-28 18:00:00,21570.8
2025-11-28 18:15:00,21718.8
2025-11-28 18:30:00,21370.3
2025-11-28 18:45:00,21481.4
2025-11-28 19:00:00,21364.9
2025-11-28 19:15:00,21036.8
2025-11-28 19:30:00,20891.2
2025-11-28 19:45:00,20630.3
2025-11-28 20:00:00,20534.9
2025-11-28 20:15:00,20141.2
2025-11-28 20:30:00,20167.9
2025-11-28 20:45:00,19510.7
2025-11-28 21:00:00,19245.5
2025-11-28 21:15:00,19067.8
2025-11-28 21:30:00,18663.0
2025-11-28 21:45:00,18067.0
2025-11-28 22:00:00,17516.7
2025-11-28 22:15:00,17171.4
2025-11-28 22:30:00,16474.5
2025-11-28 22:45:00,16392.9
2025-11-28 23:00:00,15876.3
2025-11-28 23:15:00,15309.7
2025-11-28 23:30:00,14766.4
2025-11-28 23:45:00,14469.7
2025-11-29 00:00:00,18096.0
2025-11-29 00:15:00,18248.7
2025-11-29 00:30:00,17637.3
2025-11-29 00:45:00,17337.4
2025-11-29 01:00:00,17039.2
2025-11-29 01:15:00,16759.4
2025-11-29 01:30:00,16328.6
2025-11-29 01:45:00,15886.1
2025-11-29 02:00:00,15729.3
2025-11-29 02:15:00,15291.5
2025-11-29 02:30:00,14997.3
2025-11-29 02:45:00,14811.6
2025-11-29 03:00:00,14728.8
2025-11-29 03:15:00,14681.7
2025-11-29 03:30:00,14379.2
2025-11-29 03:45:00,14439.6
2025-11-29 04:00:00,14485.5
2025-11-29 04:15:00,14342.5
2025-11-29 04:30:00,14523.8
2025-11-29 04:45:00,14307.4
2025-11-29 05:00:00,14435.9
2025-11-29 05:15:00,14356.9
2025-11-29 05:30:00,14412.5
2025-11-29 05:45:00,13975.7
2025-11-29 06:00:00,13992.1
2025-11-29 06:15:00,13925.1
2025-11-29 06:30:00,14493.0
2025-11-29 06:45:00,14917.5
2025-11-29 07:00:00,15873.9
2025-11-29 07:15:00,16108.0
2025-11-29 07:30:00,16975.2
2025-11-29 07:45:00,17471.0
2025-11-29 08:00:00,18073.5
2025-11-29 08:15:00,18417.7
2025-11-29 08:30:00,19222.2
2025-11-29 08:45:00,19463.0
2025-11-29 09:00:00,19310.9
2025-11-29 09:15:00,19137.6
2025-11-29 09:30:00,19098.4
2025-11-29 09:45:00,18827.5
2025-11-29 10:00:00,18430.3
2025-11-29 10:15:00,18506.3
2025-11-29 10:30:00,19115.0
2025-11-29 10:45:00,19527.5
2025-11-29 11:00:00,20161.5
2025-11-29 11:15:00,19948.8
2025-11-29 11:30:00,19900.8
2025-11-29 11:45:00,19092.5
2025-11-29 12:00:00,20760.2
2025-11-29 12:15:00,20728.8
2025-11-29 12:30:00,20651.2
2025-11-29 12:45:00,20229.2
2025-11-29 13:00:00,20072.5
2025-11-29 13:15:00,19717.1
2025-11-29 13:30:00,19570.2
2025-11-29 13:45:00,19020.6
2025-11-29 14:00:00,18559.8
2025-11-29 14:15:00,18255.1
2025-11-29 14:30:00,18261.4
2025-11-29 14:45:00,18386.0
2025-11-29 15:00:00,18792.4
2025-11-29 15:15:00,18365.8
2025-11-29 15:30:00,18152.8
2025-11-29 15:45:00,18093.1
2025-11-29 16:00:00,18187.6
2025-11-29 16:15:00,18253.3
2025-11-29 16:30:00,19114.0
2025-11-29 16:45:00,19193.2
2025-11-29 17:00:00,19452.7
2025-11-29 17:15:00,19639.8
2025-11-29 17:30:00,20171.5
2025-11-29 17:45:00,20706.5
2025-11-29 18:00:00,20973.4
2025-11-29 18:15:00,20946.4
2025-11-29 18:30:00,20550.4
2025-11-29 18:45:00,20496.2
2025-11-29 19:00:00,20484.3
2025-11-29 19:15:00,20162.7
2025-11-29 19:30:00,20034.9
2025-11-29 19:45:00,19884.0
2025-11-29 20:00:00,19717.5
2025-11-29 20:15:00,19572.0
2025-11-29 20:30:00,19483.7
2025-11-29 20:45:00,19202.0
2025-11-29 21:00:00,19010.9
2025-11-29 21:15:00,18571.8
2025-11-29 21:30:00,18240.5
2025-11-29 21:45:00,17414.5
2025-11-29 22:00:00,16739.4
2025-11-29 22:15:00,15881.4
2025-11-29 22:30:00,16118.7
2025-11-29 22:45:00,15483.8
2025-11-29 23:00:00,15115.0
2025-11-29 23:15:00,14439.4
2025-11-29 23:30:00,13968.1
2025-11-29 23:45:00,13606.2
2025-11-30 00:00:00,17375.1
2025-11-30 00:15:00,17710.0
2025-11-30 00:30:00,17301.8
2025-11-30 00:45:00,16974.9
2025-11-30 01:00:00,16556.3
2025-11-30 01:15:00,16098.5
2025-11-30 01:30:00,15738.6
2025-11-30 01:45:00,15231.7
2025-11-30 02:00:00,14969.2
2025-11-30 02:15:00,14688.4
2025-11-30 02:30:00,14432.9
2025-11-30 02:45:00,14206.0
2025-11-30 03:00:00,13668.7
2025-11-30 03:15:00,13583.7
2025-11-30 03:30:00,13471.0
2025-11-30 03:45:00,13810.6
2025-11-30 04:00:00,13937.7
2025-11-30 04:15:00,14045.5
2025-11-30 04:30:00,14006.6
2025-11-30 04:45:00,13883.6
2025-11-30 05:00:00,14131.9
2025-11-30 05:15:00,14054.7
2025-11-30 05:30:00,13894.1
2025-11-30 05:45:00,14347.3
2025-11-30 06:00:00,14164.1
2025-11-30 06:15:00,13948.2
2025-11-30 06:30:00,14675.9
2025-11-30 06:45:00,14637.0
2025-11-30 07:00:00,15132.5
2025-11-30 07:15:00,14919.1
2025-11-30 07:30:00,15616.5
2025-11-30 07:45:00,16170.6
2025-11-30 08:00:00,16557.6
2025-11-30 08:15:00,17805.3
2025-11-30 08:30:00,17930.4
2025-11-30 08:45:00,17920.8
2025-11-30 09:00:00,17628.5
2025-11-30 09:15:00,17447.1
2025-11-30 09:30:00,17652.5
2025-11-30 09:45:00,17536.7
2025-11-30 10:00:00,18204.0
2025-11-30 10:15:00,18549.4
2025-11-30 10:30:00,19073.1
2025-11-30 10:45:00,18950.2
2025-11-30 11:00:00,19200.1
2025-11-30 11:15:00,19103.7
2025-11-30 11:30:00,18886.9
2025-11-30 11:45:00,18545.2
2025-11-30 12:00:00,20356.3
2025-11-30 12:15:00,19952.6
2025-11-30 12:30:00,20157.4
2025-11-30 12:45:00,19320.1
2025-11-30 13:00:00,19462.3
2025-11-30 13:15:00,18977.7
2025-11-30 13:30:00,18757.2
2025-11-30 13:45:00,18211.9
2025-11-30 14:00:00,17775.7
2025-11-30 14:15:00,17724.0
2025-11-30 14:30:00,17905.9
2025-11-30 14:45:00,17716.5
2025-11-30 15:00:00,17686.6
2025-11-30 15:15:00,17489.1
2025-11-30 15:30:00,17828.5
2025-11-30 15:45:00,18231.3
2025-11-30 16:00:00,17664.4
2025-11-30 16:15:00,17388.6
2025-11-30 16:30:00,17797.5
2025-11-30 16:45:00,18384.6
2025-11-30 17:00:00,18696.6
2025-11-30 17:15:00,19009.4
2025-11-30 17:30:00,19776.8
2025-11-30 17:45:00,19923.0
2025-11-30 18:00:00,20279.8
2025-11-30 18:15:00,20344.9
2025-11-30 18:30:00,20350.1
2025-11-30 18:45:00,19883.2
2025-11-30 19:00:00,19845.4
2025-11-30 19:15:00,19428.9
2025-11-30 19:30:00,19350.5
2025-11-30 19:45:00,19086.2
2025-11-30 20:00:00,18914.1
2025-11-30 20:15:00,18842.1
2025-11-30 20:30:00,18711.3
2025-11-30 20:45:00,18383.4
2025-11-30 21:00:00,18009.9
2025-11-30 21:15:00,17654.8
2025-11-30 21:30:00,17365.5
2025-11-30 21:45:00,16611.4
2025-11-30 22:00:00,16097.6
2025-11-30 22:15:00,15333.6
2025-11-30 22:30:00,15324.2
2025-11-30 22:45:00,14630.2
2025-11-30 23:00:00,14210.0
2025-11-30 23:15:00,13484.8
2025-11-30 23:30:00,12976.1
2025-11-30 23:45:00,12880.2
2025-12-01 00:00:00,16122.5
2025-12-01 00:15:00,16063.7
2025-12-01 00:30:00,15672.9
2025-12-01 00:45:00,15831.8
2025-12-01 01:00:00,15131.6
2025-12-01 01:15:00,14620.5
2025-12-01 01:30:00,14295.1
2025-12-01 01:45:00,13968.2
2025-12-01 02:00:00,13473.1
2025-12-01 02:15:00,13227.2
2025-12-01 02:30:00,12940.8
2025-12-01 02:45:00,12456.6
2025-12-01 03:00:00,12264.4
2025-12-01 03:15:00,12102.0
2025-12-01 03:30:00,12050.2
2025-12-01 03:45:00,11913.1
2025-12-01 04:00:00,12111.1
2025-12-01 04:15:00,12398.5
2025-12-01 04:30:00,12172.1
2025-12-01 04:45:00,12241.3
2025-12-01 05:00:00,12350.1
2025-12-01 05:15:00,12366.0
2025-12-01 05:30:00,13024.2
2025-12-01 05:45:00,12923.9
2025-12-01 06:00:00,13614.5
2025-12-01 06:15:00,14418.8
2025-12-01 06:30:00,15204.3
2025-12-01 06:45:00,16224.5
2025-12-01 07:00:00,16497.4
2025-12-01 07:15:00,16644.9
2025-12-01 07:30:00,16832.2
2025-12-01 07:45:00,17308.6
2025-12-01 08:00:00,17716.4
2025-12-01 08:15:00,18009.6
2025-12-01 08:30:00,18155.2
2025-12-01 08:45:00,18901.8
2025-12-01 09:00:00,18573.7
2025-12-01 09:15:00,18528.9
2025-12-01 09:30:00,18363.5
2025-12-01 09:45:00,18138.0
2025-12-01 10:00:00,18195.0
2025-12-01 10:15:00,18592.1
2025-12-01 10:30:00,19175.9
2025-12-01 10:45:00,19335.1
2025-12-01 11:00:00,19538.0
2025-12-01 11:15:00,19797.9
2025-12-01 11:30:00,19631.4
2025-12-01 11:45:00,19196.7
2025-12-01 12:00:00,19900.9
2025-12-01 12:15:00,19471.7
2025-12-01 12:30:00,19214.2
2025-12-01 12:45:00,18745.3
2025-12-01 13:00:00,18689.3
2025-12-01 13:15:00,18271.5
2025-12-01 13:30:00,18364.5
2025-12-01 13:45:00,17725.0
2025-12-01 14:00:00,17258.6
2025-12-01 14:15:00,17271.4
2025-12-01 14:30:00,17354.2
2025-12-01 14:45:00,16882.9
2025-12-01 15:00:00,17217.5
2025-12-01 15:15:00,17369.5
2025-12-01 15:30:00,17936.8
2025-12-01 15:45:00,18138.2
2025-12-01 16:00:00,17725.4
2025-12-01 16:15:00,17997.5
2025-12-01 16:30:00,18597.5
2025-12-01 16:45:00,18947.4
2025-12-01 17:00:00,19434.4
2025-12-01 17:15:00,19436.2
2025-12-01 17:30:00,19937.0
2025-12-01 17:45:00,20220.1
2025-12-01 18:00:00,20698.3
2025-12-01 18:15:00,20434.6
2025-12-01 18:30:00,20135.2
2025-12-01 18:45:00,19818.8
2025-12-01 19:00:00,19578.4
2025-12-01 19:15:00,19424.2
2025-12-01 19:30:00,19386.9
2025-12-01 19:45:00,19172.1
2025-12-01 20:00:00,19137.4
2025-12-01 20:15:00,19012.9
2025-12-01 20:30:00,18770.7
2025-12-01 20:45:00,18312.4
2025-12-01 21:00:00,18135.5
2025-12-01 21:15:00,17782.0
2025-12-01 21:30:00,17413.5
2025-12-01 21:45:00,16615.6
2025-12-01 22:00:00,15970.2
2025-12-01 22:15:00,15401.7
2025-12-01 22:30:00,14764.5
2025-12-01 22:45:00,14998.1
2025-12-01 23:00:00,14647.2
2025-12-01 23:15:00,13885.7
2025-12-01 23:30:00,13389.8
2025-12-01 23:45:00,13464.4
2025-12-02 00:00:00,15557.6
2025-12-02 00:15:00,15033.7
2025-12-02 00:30:00,14459.0
2025-12-02 00:45:00,13970.9
2025-12-02 01:00:00,14194.3
2025-12-02 01:15:00,13707.7
2025-12-02 01:30:00,13391.2
2025-12-02 01:45:00,13064.7
2025-12-02 02:00:00,12729.6
2025-12-02 02:15:00,12373.2
2025-12-02 02:30:00,12269.8
2025-12-02 02:45:00,11887.5
2025-12-02 03:00:00,12133.7
2025-12-02 03:15:00,11998.6
2025-12-02 03:30:00,11897.5
2025-12-02 03:45:00,11653.4
2025-12-02 04:00:00,11783.1
2025-12-02 04:15:00,11623.5
2025-12-02 04:30:00,11616.0
2025-12-02 04:45:00,11740.8
2025-12-02 05:00:00,11988.5
2025-12-02 05:15:00,12083.9
2025-12-02 05:30:00,12291.0
2025-12-02 05:45:00,12055.4
2025-12-02 06:00:00,12468.8
2025-12-02 06:15:00,13218.5
2025-12-02 06:30:00,13987.5
2025-12-02 06:45:00,14064.3
2025-12-02 07:00:00,15118.9
2025-12-02 07:15:00,15734.2
2025-12-02 07:30:00,16231.1
2025-12-02 07:45:00,17108.5
2025-12-02 08:00:00,17736.2
2025-12-02 08:15:00,18114.8
2025-12-02 08:30:00,18064.2
2025-12-02 08:45:00,18133.6
2025-12-02 09:00:00,18496.0
2025-12-02 09:15:00,18552.4
2025-12-02 09:30:00,20073.6
2025-12-02 09:45:00,19965.1
2025-12-02 10:00:00,20004.3
2025-12-02 10:15:00,20263.4
2025-12-02 10:30:00,20742.4
2025-12-02 10:45:00,20941.2
2025-12-02 11:00:00,21318.7
2025-12-02 11:15:00,20901.5
2025-12-02 11:30:00,20610.6
2025-12-02 11:45:00,19535.4
2025-12-02 12:00:00,21032.9
2025-12-02 12:15:00,20999.5
2025-12-02 12:30:00,20571.1
2025-12-02 12:45:00,20338.6
2025-12-02 13:00:00,20566.6
2025-12-02 13:15:00,20009.9
2025-12-02 13:30:00,20033.6
2025-12-02 13:45:00,19343.6
2025-12-02 14:00:00,19139.5
2025-12-02 14:15:00,18977.8
2025-12-02 14:30:00,18614.7
2025-12-02 14:45:00,18588.7
2025-12-02 15:00:00,18111.1
2025-12-02 15:15:00,18370.8
2025-12-02 15:30:00,18631.9
2025-12-02 15:45:00,18589.3
2025-12-02 16:00:00,19105.4
2025-12-02 16:15:00,19058.2
2025-12-02 16:30:00,19530.8
2025-12-02 16:45:00,19384.4
2025-12-02 17:00:00,19720.3
2025-12-02 17:15:00,19986.8
2025-12-02 17:30:00,20315.9
2025-12-02 17:45:00,20768.8
2025-12-02 18:00:00,21013.2
2025-12-02 18:15:00,20972.5
2025-12-02 18:30:00,20798.5
2025-12-02 18:45:00,20283.6
2025-12-02 19:00:00,20356.1
2025-12-02 19:15:00,20080.7
2025-12-02 19:30:00,19979.7
2025-12-02 19:45:00,19697.7
2025-12-02 20:00:00,19563.6
2025-12-02 20:15:00,19306.8
2025-12-02 20:30:00,19142.0
2025-12-02 20:45:00,18834.5
2025-12-02 21:00:00,18495.8
2025-12-02 21:15:00,18221.9
2025-12-02 21:30:00,17658.8
2025-12-02 21:45:00,17003.3
2025-12-02 22:00:00,16430.0
2025-12-02 22:15:00,15880.6
2025-12-02 22:30:00,15254.8
2025-12-02 22:45:00,14737.0
2025-12-02 23:00:00,14736.0
2025-12-02 23:15:00,14717.5
2025-12-02 23:30:00,14402.5
2025-12-02 23:45:00,14812.6
2025-12-03 00:00:00,18108.3
2025-12-03 00:15:00,18814.9
2025-12-03 00:30:00,18184.6
2025-12-03 00:45:00,17510.7
2025-12-03 01:00:00,18236.8
2025-12-03 01:15:00,17778.9
2025-12-03 01:30:00,17638.3
2025-12-03 01:45:00,17250.6
2025-12-03 02:00:00,16334.3
2025-12-03 02:15:00,16369.5
2025-12-03 02:30:00,16125.2
2025-12-03 02:45:00,16196.9
2025-12-03 03:00:00,16138.2
2025-12-03 03:15:00,16087.4
2025-12-03 03:30:00,15458.3
2025-12-03 03:45:00,15451.6
2025-12-03 04:00:00,15354.7
2025-12-03 04:15:00,15661.8
2025-12-03 04:30:00,15545.4
2025-12-03 04:45:00,15609.6
2025-12-03 05:00:00,15925.4
2025-12-03 05:15:00,16030.4
2025-12-03 05:30:00,16188.3
2025-12-03 05:45:00,16708.0
2025-12-03 06:00:00,16884.7
2025-12-03 06:15:00,17088.3
2025-12-03 06:30:00,17414.1
2025-12-03 06:45:00,17333.8
2025-12-03 07:00:00,17922.1
2025-12-03 07:15:00,18770.6
2025-12-03 07:30:00,19317.7
2025-12-03 07:45:00,19333.7
2025-12-03 08:00:00,19515.7
2025-12-03 08:15:00,19610.0
2025-12-03 08:30:00,19897.2
2025-12-03 08:45:00,20601.5
2025-12-03 09:00:00,20041.8
2025-12-03 09:15:00,20430.8
2025-12-03 09:30:00,19953.3
2025-12-03 09:45:00,20537.1
2025-12-03 10:00:00,20219.6
2025-12-03 10:15:00,20633.3
2025-12-03 10:30:00,21202.8
2025-12-03 10:45:00,20828.2
2025-12-03 11:00:00,21610.8
2025-12-03 11:15:00,20928.2
2025-12-03 11:30:00,20587.9
2025-12-03 11:45:00,20021.8
2025-12-03 12:00:00,20967.7
2025-12-03 12:15:00,21040.6
2025-12-03 12:30:00,21107.4
2025-12-03 12:45:00,20894.8
2025-12-03 13:00:00,21102.6
2025-12-03 13:15:00,20636.0
2025-12-03 13:30:00,19884.4
2025-12-03 13:45:00,19074.9
2025-12-03 14:00:00,18213.6
2025-12-03 14:15:00,18170.7
2025-12-03 14:30:00,18076.0
2025-12-03 14:45:00,18168.7
2025-12-03 15:00:00,18597.7
2025-12-03 15:15:00,18814.0
2025-12-03 15:30:00,18336.1
2025-12-03 15:45:00,18571.7
2025-12-03 16:00:00,18934.1
2025-12-03 16:15:00,18961.7
2025-12-03 16:30:00,19253.7
2025-12-03 16:45:00,19427.1
2025-12-03 17:00:00,19916.1
2025-12-03 17:15:00,19918.0
2025-12-03 17:30:00,20597.0
2025-12-03 17:45:00,20922.3
2025-12-03 18:00:00,21123.5
2025-12-03 18:15:00,20903.8
2025-12-03 18:30:00,20914.2
2025-12-03 18:45:00,20597.6
2025-12-03 19:00:00,20571.4
2025-12-03 19:15:00,20363.9
2025-12-03 19:30:00,20158.6
2025-12-03 19:45:00,19940.3
2025-12-03 20:00:00,19817.9
2025-12-03 20:15:00,19748.0
2025-12-03 20:30:00,19687.2
2025-12-03 20:45:00,19367.2
2025-12-03 21:00:00,18985.8
2025-12-03 21:15:00,18669.0
2025-12-03 21:30:00,18089.9
2025-12-03 21:45:00,17526.5
2025-12-03 22:00:00,16759.5
2025-12-03 22:15:00,16188.5
2025-12-03 22:30:00,15696.7
2025-12-03 22:45:00,15085.5
2025-12-03 23:00:00,14442.6
2025-12-03 23:15:00,13751.0
2025-12-03 23:30:00,13047.2
2025-12-03 23:45:00,12954.5
2025-12-04 00:00:00,15780.4
2025-12-04 00:15:00,15587.8
2025-12-04 00:30:00,15215.4
2025-12-04 00:45:00,14535.9
2025-12-04 01:00:00,13457.5
2025-12-04 01:15:00,13563.5
2025-12-04 01:30:00,13245.5
2025-12-04 01:45:00,12875.0
2025-12-04 02:00:00,12717.3
2025-12-04 02:15:00,12420.5
2025-12-04 02:30:00,12111.5
2025-12-04 02:45:00,12010.7
2025-12-04 03:00:00,11597.0
2025-12-04 03:15:00,11571.9
2025-12-04 03:30:00,11442.0
2025-12-04 03:45:00,11447.5
2025-12-04 04:00:00,11437.3
2025-12-04 04:15:00,11271.6
2025-12-04 04:30:00,11338.3
2025-12-04 04:45:00,11275.6
2025-12-04 05:00:00,11464.6
2025-12-04 05:15:00,11653.2
2025-12-04 05:30:00,11875.2
2025-12-04 05:45:00,12156.6
2025-12-04 06:00:00,12502.7
2025-12-04 06:15:00,13414.1
2025-12-04 06:30:00,14657.8
2025-12-04 06:45:00,14871.5
2025-12-04 07:00:00,15920.9
2025-12-04 07:15:00,16693.9
2025-12-04 07:30:00,17424.5
2025-12-04 07:45:00,18289.1
2025-12-04 08:00:00,19064.8
2025-12-04 08:15:00,19479.1
2025-12-04 08:30:00,19604.5
2025-12-04 08:45:00,19879.7
2025-12-04 09:00:00,19868.2
2025-12-04 09:15:00,19848.6
2025-12-04 09:30:00,19850.9
2025-12-04 09:45:00,19221.0
2025-12-04 10:00:00,19296.6
2025-12-04 10:15:00,19648.0
2025-12-04 10:30:00,20263.7
2025-12-04 10:45:00,20667.1
2025-12-04 11:00:00,20805.0
2025-12-04 11:15:00,20502.5
2025-12-04 11:30:00,19998.9
2025-12-04 11:45:00,19080.7
2025-12-04 12:00:00,20887.5
2025-12-04 12:15:00,20854.7
2025-12-04 12:30:00,20369.2
2025-12-04 12:45:00,20040.7
2025-12-04 13:00:00,20103.2
2025-12-04 13:15:00,19778.8
2025-12-04 13:30:00,19816.1
2025-12-04 13:45:00,18991.1
2025-12-04 14:00:00,18279.6
2025-12-04 14:15:00,18100.1
2025-12-04 14:30:00,17985.2
2025-12-04 14:45:00,18076.4
2025-12-04 15:00:00,18099.2
2025-12-04 15:15:00,18874.3
2025-12-04 15:30:00,19366.1
2025-12-04 15:45:00,19363.5
2025-12-04 16:00:00,19680.2
2025-12-04 16:15:00,20038.7
2025-12-04 16:30:00,20491.3
2025-12-04 16:45:00,20611.1
2025-12-04 17:00:00,21084.7
2025-12-04 17:15:00,20761.2
2025-12-04 17:30:00,21572.4
2025-12-04 17:45:00,21840.9
2025-12-04 18:00:00,22262.8
2025-12-04 18:15:00,21895.7
2025-12-04 18:30:00,21786.2
2025-12-04 18:45:00,21590.2
2025-12-04 19:00:00,21234.5
2025-12-04 19:15:00,21139.7
2025-12-04 19:30:00,20904.2
2025-12-04 19:45:00,20811.9
2025-12-04 20:00:00,20621.8
2025-12-04 20:15:00,20595.2
2025-12-04 20:30:00,20339.3
2025-12-04 20:45:00,20041.8
2025-12-04 21:00:00,19510.6
2025-12-04 21:15:00,19068.4
2025-12-04 21:30:00,18567.9
2025-12-04 21:45:00,18128.2
2025-12-04 22:00:00,17392.4
2025-12-04 22:15:00,16699.5
2025-12-04 22:30:00,16000.3
2025-12-04 22:45:00,15395.1
2025-12-04 23:00:00,15029.2
2025-12-04 23:15:00,14070.8
2025-12-04 23:30:00,13789.2
2025-12-04 23:45:00,13622.1
2025-12-05 00:00:00,16604.7
2025-12-05 00:15:00,16492.6
2025-12-05 00:30:00,16032.9
2025-12-05 00:45:00,15273.6
2025-12-05 01:00:00,14754.2
2025-12-05 01:15:00,15274.4
2025-12-05 01:30:00,15007.9
2025-12-05 01:45:00,14435.1
2025-12-05 02:00:00,14149.0
2025-12-05 02:15:00,13808.7
2025-12-05 02:30:00,13696.5
2025-12-05 02:45:00,13480.9
2025-12-05 03:00:00,13403.6
2025-12-05 03:15:00,13085.9
2025-12-05 03:30:00,13077.6
2025-12-05 03:45:00,12882.8
2025-12-05 04:00:00,12674.6
2025-12-05 04:15:00,12829.1
2025-12-05 04:30:00,12700.5
2025-12-05 04:45:00,12799.6
2025-12-05 05:00:00,13087.3
2025-12-05 05:15:00,13332.3
2025-12-05 05:30:00,13542.4
2025-12-05 05:45:00,13464.9
2025-12-05 06:00:00,13740.8
2025-12-05 06:15:00,14174.5
2025-12-05 06:30:00,14303.6
2025-12-05 06:45:00,15157.0
2025-12-05 07:00:00,16074.9
2025-12-05 07:15:00,16710.3
2025-12-05 07:30:00,17877.9
2025-12-05 07:45:00,18674.0
2025-12-05 08:00:00,19776.5
2025-12-05 08:15:00,20530.7
2025-12-05 08:30:00,20608.9
2025-12-05 08:45:00,21035.0
2025-12-05 09:00:00,21261.4
2025-12-05 09:15:00,21223.8
2025-12-05 09:30:00,21067.2
2025-12-05 09:45:00,21192.1
2025-12-05 10:00:00,21053.0
2025-12-05 10:15:00,21302.5
2025-12-05 10:30:00,21904.5
2025-12-05 10:45:00,22469.3
2025-12-05 11:00:00,22890.9
2025-12-05 11:15:00,22548.5
2025-12-05 11:30:00,22115.2
2025-12-05 11:45:00,21146.6
2025-12-05 12:00:00,22718.0
2025-12-05 12:15:00,23098.7
2025-12-05 12:30:00,22949.7
2025-12-05 12:45:00,22229.3
2025-12-05 13:00:00,22179.6
2025-12-05 13:15:00,21806.8
2025-12-05 13:30:00,21575.7
2025-12-05 13:45:00,21466.8
2025-12-05 14:00:00,20641.1
2025-12-05 14:15:00,20405.5
2025-12-05 14:30:00,20197.8
2025-12-05 14:45:00,20131.5
2025-12-05 15:00:00,19054.4
2025-12-05 15:15:00,19229.6
2025-12-05 15:30:00,19715.3
2025-12-05 15:45:00,19779.2
2025-12-05 16:00:00,20081.5
2025-12-05 16:15:00,20296.6
2025-12-05 16:30:00,20511.2
2025-12-05 16:45:00,20493.2
2025-12-05 17:00:00,21249.2
2025-12-05 17:15:00,21237.4
2025-12-05 17:30:00,21822.0
2025-12-05 17:45:00,22025.5
2025-12-05 18:00:00,22217.8
2025-12-05 18:15:00,22120.8
2025-12-05 18:30:00,21974.6
2025-12-05 18:45:00,21979.1
2025-12-05 19:00:00,21989.8
2025-12-05 19:15:00,21529.9
2025-12-05 19:30:00,21464.0
2025-12-05 19:45:00,21259.0
2025-12-05 20:00:00,21132.6
2025-12-05 20:15:00,20999.8
2025-12-05 20:30:00,20741.5
2025-12-05 20:45:00,20452.6
2025-12-05 21:00:00,19971.4
2025-12-05 21:15:00,19914.8
2025-12-05 21:30:00,19464.1
2025-12-05 21:45:00,18887.9
2025-12-05 22:00:00,18263.6
2025-12-05 22:15:00,17989.2
2025-12-05 22:30:00,17255.8
2025-12-05 22:45:00,16694.7
2025-12-05 23:00:00,16253.5
2025-12-05 23:15:00,16323.4
2025-12-05 23:30:00,15806.1
2025-12-05 23:45:00,15214.6
2025-12-06 00:00:00,17994.6
2025-12-06 00:15:00,17577.6
2025-12-06 00:30:00,17029.6
2025-12-06 00:45:00,16339.2
2025-12-06 01:00:00,16498.8
2025-12-06 01:15:00,15993.2
2025-12-06 01:30:00,15550.6
2025-12-06 01:45:00,15369.7
2025-12-06 02:00:00,14928.0
2025-12-06 02:15:00,14534.0
2025-12-06 02:30:00,14330.9
2025-12-06 02:45:00,14030.2
2025-12-06 03:00:00,13919.7
2025-12-06 03:15:00,13536.5
2025-12-06 03:30:00,13562.6
2025-12-06 03:45:00,13468.8
2025-12-06 04:00:00,13305.2
2025-12-06 04:15:00,13131.4
2025-12-06 04:30:00,13311.6
2025-12-06 04:45:00,13250.1
2025-12-06 05:00:00,13564.7
2025-12-06 05:15:00,13490.9
2025-12-06 05:30:00,13676.3
2025-12-06 05:45:00,13522.8
2025-12-06 06:00:00,13530.5
2025-12-06 06:15:00,13901.5
2025-12-06 06:30:00,14381.5
2025-12-06 06:45:00,14041.4
2025-12-06 07:00:00,15097.9
2025-12-06 07:15:00,16223.4
2025-12-06 07:30:00,17330.1
2025-12-06 07:45:00,18630.9
2025-12-06 08:00:00,19584.1
2025-12-06 08:15:00,19929.6
2025-12-06 08:30:00,20183.5
2025-12-06 08:45:00,20067.6
2025-12-06 09:00:00,19667.5
2025-12-06 09:15:00,20305.4
2025-12-06 09:30:00,20299.4
2025-12-06 09:45:00,20089.4
2025-12-06 10:00:00,20437.8
2025-12-06 10:15:00,20894.4
2025-12-06 10:30:00,21189.7
2025-12-06 10:45:00,21227.6
2025-12-06 11:00:00,21164.7
2025-12-06 11:15:00,21166.0
2025-12-06 11:30:00,20945.6
2025-12-06 11:45:00,20273.1
2025-12-06 12:00:00,21257.8
2025-12-06 12:15:00,21237.4
2025-12-06 12:30:00,20694.0
2025-12-06 12:45:00,20383.1
2025-12-06 13:00:00,20539.2
2025-12-06 13:15:00,19924.5
2025-12-06 13:30:00,20073.8
2025-12-06 13:45:00,19490.2
2025-12-06 14:00:00,18512.3
2025-12-06 14:15:00,18622.0
2025-12-06 14:30:00,18705.3
2025-12-06 14:45:00,18561.5
2025-12-06 15:00:00,18958.8
2025-12-06 15:15:00,18901.5
2025-12-06 15:30:00,19235.6
2025-12-06 15:45:00,19372.7
2025-12-06 16:00:00,19038.9
2025-12-06 16:15:00,19109.3
2025-12-06 16:30:00,19280.3
2025-12-06 16:45:00,19386.4
2025-12-06 17:00:00,19652.3
2025-12-06 17:15:00,20223.3
2025-12-06 17:30:00,20475.3
2025-12-06 17:45:00,20854.3
2025-12-06 18:00:00,21051.9
2025-12-06 18:15:00,21188.4
2025-12-06 18:30:00,20807.9
2025-12-06 18:45:00,20687.6
2025-12-06 19:00:00,20743.6
2025-12-06 19:15:00,20440.5
2025-12-06 19:30:00,20231.1
2025-12-06 19:45:00,20075.2
2025-12-06 20:00:00,20213.8
2025-12-06 20:15:00,19889.8
2025-12-06 20:30:00,19842.9
2025-12-06 20:45:00,19177.5
2025-12-06 21:00:00,18980.2
2025-12-06 21:15:00,18996.1
2025-12-06 21:30:00,18028.6
2025-12-06 21:45:00,17836.7
2025-12-06 22:00:00,17098.7
2025-12-06 22:15:00,16658.1
2025-12-06 22:30:00,16191.1
2025-12-06 22:45:00,15693.8
2025-12-06 23:00:00,16186.6
2025-12-06 23:15:00,15883.1
2025-12-06 23:30:00,15193.3
2025-12-06 23:45:00,15895.9
2025-12-07 00:00:00,17184.5
2025-12-07 00:15:00,16891.4
2025-12-07 00:30:00,16299.5
2025-12-07 00:45:00,16376.1
2025-12-07 01:00:00,15625.2
2025-12-07 01:15:00,15230.1
2025-12-07 01:30:00,14911.2
2025-12-07 01:45:00,14638.1
2025-12-07 02:00:00,14090.6
2025-12-07 02:15:00,13876.2
2025-12-07 02:30:00,13633.5
2025-12-07 02:45:00,13428.0
2025-12-07 03:00:00,13227.7
2025-12-07 03:15:00,13110.5
2025-12-07 03:30:00,12613.1
2025-12-07 03:45:00,12708.6
2025-12-07 04:00:00,12626.3
2025-12-07 04:15:00,12595.7
2025-12-07 04:30:00,12488.3
2025-12-07 04:45:00,12520.8
2025-12-07 05:00:00,12607.8
2025-12-07 05:15:00,12597.9
2025-12-07 05:30:00,12825.9
2025-12-07 05:45:00,12620.5
2025-12-07 06:00:00,12721.2
2025-12-07 06:15:00,12693.7
2025-12-07 06:30:00,13276.0
2025-12-07 06:45:00,13884.0
2025-12-07 07:00:00,13943.4
2025-12-07 07:15:00,14786.4
2025-12-07 07:30:00,15800.5
2025-12-07 07:45:00,16663.4
2025-12-07 08:00:00,17808.2
2025-12-07 08:15:00,18244.6
2025-12-07 08:30:00,18517.2
2025-12-07 08:45:00,18589.5
2025-12-07 09:00:00,18510.9
2025-12-07 09:15:00,19433.3
2025-12-07 09:30:00,19229.8
2025-12-07 09:45:00,19283.1
2025-12-07 10:00:00,19459.2
2025-12-07 10:15:00,19692.0
2025-12-07 10:30:00,20263.8
2025-12-07 10:45:00,21011.3
2025-12-07 11:00:00,21444.9
2025-12-07 11:15:00,21341.9
2025-12-07 11:30:00,21430.4
2025-12-07 11:45:00,20518.3
2025-12-07 12:00:00,22015.0
2025-12-07 12:15:00,22113.2
2025-12-07 12:30:00,21707.8
2025-12-07 12:45:00,21046.0
2025-12-07 13:00:00,21151.1
2025-12-07 13:15:00,20530.2
2025-12-07 13:30:00,20384.1
2025-12-07 13:45:00,19753.7
2025-12-07 14:00:00,19092.7
2025-12-07 14:15:00,18757.4
2025-12-07 14:30:00,18692.9
2025-12-07 14:45:00,18463.1
2025-12-07 15:00:00,18745.1
2025-12-07 15:15:00,18989.2
2025-12-07 15:30:00,19118.1
2025-12-07 15:45:00,19624.0
2025-12-07 16:00:00,19279.0
2025-12-07 16:15:00,19254.6
2025-12-07 16:30:00,19757.2
2025-12-07 16:45:00,19649.8
2025-12-07 17:00:00,20145.2
2025-12-07 17:15:00,20098.1
2025-12-07 17:30:00,21045.2
2025-12-07 17:45:00,20882.8
2025-12-07 18:00:00,21044.3
2025-12-07 18:15:00,20920.6
2025-12-07 18:30:00,20769.0
2025-12-07 18:45:00,20741.5
2025-12-07 19:00:00,20748.0
2025-12-07 19:15:00,20701.8
2025-12-07 19:30:00,20449.5
2025-12-07 19:45:00,20345.3
2025-12-07 20:00:00,20094.5
2025-12-07 20:15:00,20185.0
2025-12-07 20:30:00,20116.6
2025-12-07 20:45:00,19463.4
2025-12-07 21:00:00,19086.7
2025-12-07 21:15:00,18762.1
2025-12-07 21:30:00,18158.5
2025-12-07 21:45:00,17481.2
2025-12-07 22:00:00,17016.2
2025-12-07 22:15:00,16230.5
2025-12-07 22:30:00,15410.9
2025-12-07 22:45:00,15308.1
2025-12-07 23:00:00,14982.3
2025-12-07 23:15:00,14802.3
2025-12-07 23:30:00,14749.7
2025-12-07 23:45:00,14970.3
2025-12-08 00:00:00,16737.3
2025-12-08 00:15:00,16577.8
2025-12-08 00:30:00,16336.2
2025-12-08 00:45:00,15986.5
2025-12-08 01:00:00,16004.7
2025-12-08 01:15:00,16007.6
2025-12-08 01:30:00,15850.2
2025-12-08 01:45:00,15748.9
2025-12-08 02:00:00,15542.2
2025-12-08 02:15:00,15357.1
2025-12-08 02:30:00,14457.5
2025-12-08 02:45:00,14160.2
2025-12-08 03:00:00,14014.2
2025-12-08 03:15:00,13733.6
2025-12-08 03:30:00,13536.1
2025-12-08 03:45:00,13496.9
2025-12-08 04:00:00,13666.8
2025-12-08 04:15:00,13569.0
2025-12-08 04:30:00,13741.6
2025-12-08 04:45:00,13684.0
2025-12-08 05:00:00,14077.9
2025-12-08 05:15:00,14313.1
2025-12-08 05:30:00,14911.3
2025-12-08 05:45:00,15116.6
2025-12-08 06:00:00,15257.4
2025-12-08 06:15:00,15979.1
2025-12-08 06:30:00,16869.5
2025-12-08 06:45:00,16832.9
2025-12-08 07:00:00,17477.1
2025-12-08 07:15:00,17742.1
2025-12-08 07:30:00,17980.8
2025-12-08 07:45:00,18558.2
2025-12-08 08:00:00,19150.8
2025-12-08 08:15:00,19621.1
2025-12-08 08:30:00,19610.5
2025-12-08 08:45:00,19955.7
2025-12-08 09:00:00,20805.2
2025-12-08 09:15:00,20832.9
2025-12-08 09:30:00,20866.6
2025-12-08 09:45:00,20737.0
2025-12-08 10:00:00,20755.8
2025-12-08 10:15:00,21097.9
2025-12-08 10:30:00,21336.4
2025-12-08 10:45:00,21621.1
2025-12-08 11:00:00,22115.7
2025-12-08 11:15:00,22092.2
2025-12-08 11:30:00,21378.9
2025-12-08 11:45:00,20832.7
2025-12-08 12:00:00,22121.8
2025-12-08 12:15:00,21980.2
2025-12-08 12:30:00,21905.9
2025-12-08 12:45:00,21243.8
2025-12-08 13:00:00,21697.0
2025-12-08 13:15:00,21634.2
2025-12-08 13:30:00,21068.5
2025-12-08 13:45:00,20318.9
2025-12-08 14:00:00,19679.6
2025-12-08 14:15:00,19274.9
2025-12-08 14:30:00,19487.7
2025-12-08 14:45:00,19502.6
2025-12-08 15:00:00,19538.7
2025-12-08 15:15:00,19599.9
2025-12-08 15:30:00,19879.0
2025-12-08 15:45:00,19900.1
2025-12-08 16:00:00,19891.7
2025-12-08 16:15:00,19184.0
2025-12-08 16:30:00,19148.9
2025-12-08 16:45:00,19260.9
2025-12-08 17:00:00,19450.2
2025-12-08 17:15:00,19834.1
2025-12-08 17:30:00,20413.9
2025-12-08 17:45:00,20769.3
2025-12-08 18:00:00,21341.3
2025-12-08 18:15:00,21233.7
2025-12-08 18:30:00,21057.5
2025-12-08 18:45:00,20771.5
2025-12-08 19:00:00,20632.5
2025-12-08 19:15:00,20577.5
2025-12-08 19:30:00,20230.6
2025-12-08 19:45:00,20172.4
2025-12-08 20:00:00,19862.3
2025-12-08 20:15:00,19913.7
2025-12-08 20:30:00,19946.2
2025-12-08 20:45:00,19388.4
2025-12-08 21:00:00,18948.6
2025-12-08 21:15:00,18870.0
2025-12-08 21:30:00,18360.0
2025-12-08 21:45:00,17906.4
2025-12-08 22:00:00,17304.3
2025-12-08 22:15:00,16809.3
2025-12-08 22:30:00,16515.7
2025-12-08 22:45:00,16533.1
2025-12-08 23:00:00,16245.9
2025-12-08 23:15:00,15645.9
2025-12-08 23:30:00,14995.4
2025-12-08 23:45:00,14755.6
2025-12-09 00:00:00,17048.2
2025-12-09 00:15:00,16839.6
2025-12-09 00:30:00,16292.9
2025-12-09 00:45:00,15683.0
2025-12-09 01:00:00,15249.1
2025-12-09 01:15:00,15252.8
2025-12-09 01:30:00,14937.5
2025-12-09 01:45:00,14667.1
2025-12-09 02:00:00,14153.1
2025-12-09 02:15:00,14054.8
2025-12-09 02:30:00,13766.3
2025-12-09 02:45:00,13661.1
2025-12-09 03:00:00,13440.3
2025-12-09 03:15:00,13179.8
2025-12-09 03:30:00,13163.3
2025-12-09 03:45:00,12974.2
2025-12-09 04:00:00,12971.9
2025-12-09 04:15:00,12934.5
2025-12-09 04:30:00,12754.2
2025-12-09 04:45:00,12912.5
2025-12-09 05:00:00,13091.9
2025-12-09 05:15:00,13490.1
2025-12-09 05:30:00,13720.1
2025-12-09 05:45:00,13888.8
2025-12-09 06:00:00,14133.1
2025-12-09 06:15:00,14622.0
2025-12-09 06:30:00,15532.6
2025-12-09 06:45:00,16564.7
2025-12-09 07:00:00,17139.9
2025-12-09 07:15:00,17589.4
2025-12-09 07:30:00,18066.6
2025-12-09 07:45:00,18769.5
2025-12-09 08:00:00,19682.2
2025-12-09 08:15:00,20116.2
2025-12-09 08:30:00,19925.5
2025-12-09 08:45:00,19915.3
2025-12-09 09:00:00,19791.6
2025-12-09 09:15:00,19911.5
2025-12-09 09:30:00,20428.0
2025-12-09 09:45:00,20163.2
2025-12-09 10:00:00,20142.6
2025-12-09 10:15:00,20451.7
2025-12-09 10:30:00,20766.4
2025-12-09 10:45:00,21117.5
2025-12-09 11:00:00,21301.3
2025-12-09 11:15:00,21010.0
2025-12-09 11:30:00,20574.4
2025-12-09 11:45:00,19745.4
2025-12-09 12:00:00,21000.3
2025-12-09 12:15:00,20999.0
2025-12-09 12:30:00,20578.3
2025-12-09 12:45:00,20287.1
2025-12-09 13:00:00,20337.0
2025-12-09 13:15:00,20235.4
2025-12-09 13:30:00,20127.0
2025-12-09 13:45:00,19148.0
2025-12-09 14:00:00,18766.3
2025-12-09 14:15:00,18430.4
2025-12-09 14:30:00,18357.9
2025-12-09 14:45:00,18351.1
2025-12-09 15:00:00,18711.0
2025-12-09 15:15:00,18845.2
2025-12-09 15:30:00,19385.7
2025-12-09 15:45:00,19513.1
2025-12-09 16:00:00,19955.3
2025-12-09 16:15:00,19529.1
2025-12-09 16:30:00,19292.3
2025-12-09 16:45:00,19487.1
2025-12-09 17:00:00,19770.9
2025-12-09 17:15:00,19831.5
2025-12-09 17:30:00,20312.1
2025-12-09 17:45:00,20562.1
2025-12-09 18:00:00,21210.8
2025-12-09 18:15:00,20882.7
2025-12-09 18:30:00,21185.6
2025-12-09 18:45:00,20749.4
2025-12-09 19:00:00,20678.0
2025-12-09 19:15:00,20495.6
2025-12-09 19:30:00,20457.9
2025-12-09 19:45:00,20178.9
2025-12-09 20:00:00,20174.0
2025-12-09 20:15:00,20063.2
2025-12-09 20:30:00,20131.4
2025-12-09 20:45:00,19633.1
2025-12-09 21:00:00,19501.6
2025-12-09 21:15:00,18995.4
2025-12-09 21:30:00,18542.3
2025-12-09 21:45:00,17977.3
2025-12-09 22:00:00,17320.8
2025-12-09 22:15:00,16813.7
2025-12-09 22:30:00,16334.4
2025-12-09 22:45:00,16635.4
2025-12-09 23:00:00,16109.0
2025-12-09 23:15:00,15489.3
2025-12-09 23:30:00,14829.4
2025-12-09 23:45:00,14396.3
2025-12-10 00:00:00,17143.1
2025-12-10 00:15:00,16210.9
2025-12-10 00:30:00,16391.5
2025-12-10 00:45:00,16096.7
2025-12-10 01:00:00,15364.4
2025-12-10 01:15:00,14901.4
2025-12-10 01:30:00,14884.4
2025-12-10 01:45:00,14483.7
2025-12-10 02:00:00,14282.3
2025-12-10 02:15:00,13883.9
2025-12-10 02:30:00,13999.7
2025-12-10 02:45:00,13663.7
2025-12-10 03:00:00,13618.0
2025-12-10 03:15:00,13402.0
2025-12-10 03:30:00,13300.8
2025-12-10 03:45:00,13043.3
2025-12-10 04:00:00,12985.2
2025-12-10 04:15:00,12808.3
2025-12-10 04:30:00,12834.3
2025-12-10 04:45:00,12988.1
2025-12-10 05:00:00,13053.2
2025-12-10 05:15:00,13356.6
2025-12-10 05:30:00,13536.8
2025-12-10 05:45:00,13665.7
2025-12-10 06:00:00,13889.6
2025-12-10 06:15:00,14484.0
2025-12-10 06:30:00,15480.8
2025-12-10 06:45:00,15493.3
2025-12-10 07:00:00,16732.0
2025-12-10 07:15:00,17297.0
2025-12-10 07:30:00,17750.7
2025-12-10 07:45:00,18587.6
2025-12-10 08:00:00,19276.4
2025-12-10 08:15:00,19607.1
2025-12-10 08:30:00,19544.8
2025-12-10 08:45:00,19496.6
2025-12-10 09:00:00,19663.1
2025-12-10 09:15:00,19351.8
2025-12-10 09:30:00,19582.5
2025-12-10 09:45:00,20220.1
2025-12-10 10:00:00,19943.4
2025-12-10 10:15:00,20367.7
2025-12-10 10:30:00,20893.6
2025-12-10 10:45:00,21024.9
2025-12-10 11:00:00,21415.1
2025-12-10 11:15:00,21080.0
2025-12-10 11:30:00,20493.7
2025-12-10 11:45:00,19603.0
2025-12-10 12:00:00,21031.4
2025-12-10 12:15:00,20678.7
2025-12-10 12:30:00,20393.7
2025-12-10 12:45:00,19953.6
2025-12-10 13:00:00,20531.1
2025-12-10 13:15:00,20051.8
2025-12-10 13:30:00,19697.7
2025-12-10 13:45:00,18890.0
2025-12-10 14:00:00,18268.6
2025-12-10 14:15:00,18080.4
2025-12-10 14:30:00,18206.5
2025-12-10 14:45:00,18226.0
2025-12-10 15:00:00,18536.6
2025-12-10 15:15:00,18383.4
2025-12-10 15:30:00,19204.8
2025-12-10 15:45:00,19484.7
2025-12-10 16:00:00,19405.7
2025-12-10 16:15:00,18870.4
2025-12-10 16:30:00,19331.3
2025-12-10 16:45:00,19268.8
2025-12-10 17:00:00,19426.8
2025-12-10 17:15:00,19657.6
2025-12-10 17:30:00,20385.0
2025-12-10 17:45:00,20392.7
2025-12-10 18:00:00,20863.7
2025-12-10 18:15:00,20659.7
2025-12-10 18:30:00,20815.2
2025-12-10 18:45:00,20474.4
2025-12-10 19:00:00,20186.4
2025-12-10 19:15:00,19953.1
2025-12-10 19:30:00,19984.1
2025-12-10 19:45:00,19646.7
2025-12-10 20:00:00,19157.9
2025-12-10 20:15:00,19063.5
2025-12-10 20:30:00,19367.1
2025-12-10 20:45:00,18745.9
2025-12-10 21:00:00,18517.1
2025-12-10 21:15:00,18072.4
2025-12-10 21:30:00,18080.3
2025-12-10 21:45:00,17494.6
2025-12-10 22:00:00,16972.3
2025-12-10 22:15:00,16484.6
2025-12-10 22:30:00,15895.3
2025-12-10 22:45:00,15311.5
2025-12-10 23:00:00,14817.4
2025-12-10 23:15:00,14173.4
2025-12-10 23:30:00,14350.3
2025-12-10 23:45:00,14171.9
2025-12-11 00:00:00,16567.6
2025-12-11 00:15:00,15858.5
2025-12-11 00:30:00,15327.3
2025-12-11 00:45:00,14691.2
2025-12-11 01:00:00,14466.5
2025-12-11 01:15:00,14688.6
2025-12-11 01:30:00,14403.6
2025-12-11 01:45:00,13991.6
2025-12-11 02:00:00,13793.7
2025-12-11 02:15:00,13502.9
2025-12-11 02:30:00,13301.0
2025-12-11 02:45:00,13088.1
2025-12-11 03:00:00,13009.5
2025-12-11 03:15:00,12780.1
2025-12-11 03:30:00,12514.2
2025-12-11 03:45:00,12454.9
2025-12-11 04:00:00,12323.0
2025-12-11 04:15:00,12158.6
2025-12-11 04:30:00,12375.4
2025-12-11 04:45:00,12450.9
2025-12-11 05:00:00,12754.8
2025-12-11 05:15:00,12842.8
2025-12-11 05:30:00,13139.0
2025-12-11 05:45:00,13488.8
2025-12-11 06:00:00,13486.3
2025-12-11 06:15:00,14140.9
2025-12-11 06:30:00,15003.7
2025-12-11 06:45:00,16105.6
2025-12-11 07:00:00,17306.8
2025-12-11 07:15:00,17901.4
2025-12-11 07:30:00,17833.2
2025-12-11 07:45:00,18161.8
2025-12-11 08:00:00,18805.1
2025-12-11 08:15:00,19089.7
2025-12-11 08:30:00,19401.6
2025-12-11 08:45:00,20051.9
2025-12-11 09:00:00,19970.6
2025-12-11 09:15:00,19708.2
2025-12-11 09:30:00,19668.5
2025-12-11 09:45:00,19488.5
2025-12-11 10:00:00,19616.8
2025-12-11 10:15:00,19655.5
2025-12-11 10:30:00,20053.4
2025-12-11 10:45:00,19872.7
2025-12-11 11:00:00,20515.9
2025-12-11 11:15:00,20003.2
2025-12-11 11:30:00,19640.6
2025-12-11 11:45:00,18836.1
2025-12-11 12:00:00,20236.4
2025-12-11 12:15:00,20063.5
2025-12-11 12:30:00,19952.9
2025-12-11 12:45:00,19521.6
2025-12-11 13:00:00,19591.9
2025-12-11 13:15:00,19215.4
2025-12-11 13:30:00,19157.8
2025-12-11 13:45:00,18395.1
2025-12-11 14:00:00,17607.6
2025-12-11 14:15:00,17596.2
2025-12-11 14:30:00,17695.8
2025-12-11 14:45:00,17715.4
2025-12-11 15:00:00,17968.6
2025-12-11 15:15:00,18315.6
2025-12-11 15:30:00,18529.7
2025-12-11 15:45:00,18856.4
2025-12-11 16:00:00,18814.8
2025-12-11 16:15:00,18397.4
2025-12-11 16:30:00,18870.8
2025-12-11 16:45:00,18845.4
2025-12-11 17:00:00,19200.2
2025-12-11 17:15:00,19472.2
2025-12-11 17:30:00,19875.6
2025-12-11 17:45:00,19806.6
2025-12-11 18:00:00,20220.7
2025-12-11 18:15:00,20010.5
2025-12-11 18:30:00,19967.8
2025-12-11 18:45:00,19968.0
2025-12-11 19:00:00,19604.0
2025-12-11 19:15:00,19719.7
2025-12-11 19:30:00,19348.6
2025-12-11 19:45:00,19233.0
2025-12-11 20:00:00,19305.6
2025-12-11 20:15:00,19236.0
2025-12-11 20:30:00,19301.9
2025-12-11 20:45:00,18819.6
2025-12-11 21:00:00,18429.2
2025-12-11 21:15:00,18086.7
2025-12-11 21:30:00,17713.0
2025-12-11 21:45:00,17238.6
2025-12-11 22:00:00,16651.3
2025-12-11 22:15:00,16064.1
2025-12-11 22:30:00,15609.3
2025-12-11 22:45:00,15579.0
2025-12-11 23:00:00,15143.4
2025-12-11 23:15:00,14405.2
2025-12-11 23:30:00,14019.2
2025-12-11 23:45:00,13879.6
2025-12-12 00:00:00,15822.8
2025-12-12 00:15:00,15403.9
2025-12-12 00:30:00,14816.1
2025-12-12 00:45:00,14185.3
2025-12-12 01:00:00,13529.7
2025-12-12 01:15:00,13712.4
2025-12-12 01:30:00,13488.6
2025-12-12 01:45:00,12721.2
2025-12-12 02:00:00,12394.5
2025-12-12 02:15:00,12027.1
2025-12-12 02:30:00,11903.9
2025-12-12 02:45:00,11614.5
2025-12-12 03:00:00,11481.0
2025-12-12 03:15:00,11278.0
2025-12-12 03:30:00,11178.0
2025-12-12 03:45:00,11078.2
2025-12-12 04:00:00,11007.6
2025-12-12 04:15:00,10910.8
2025-12-12 04:30:00,10996.2
2025-12-12 04:45:00,11008.6
2025-12-12 05:00:00,11182.5
2025-12-12 05:15:00,11402.9
2025-12-12 05:30:00,11589.2
2025-12-12 05:45:00,11953.7
2025-12-12 06:00:00,12188.4
2025-12-12 06:15:00,12879.1
2025-12-12 06:30:00,13679.6
2025-12-12 06:45:00,13821.8
2025-12-12 07:00:00,14997.7
2025-12-12 07:15:00,15622.1
2025-12-12 07:30:00,16483.4
2025-12-12 07:45:00,17132.7
2025-12-12 08:00:00,18235.9
2025-12-12 08:15:00,18936.2
2025-12-12 08:30:00,19127.2
2025-12-12 08:45:00,19453.7
2025-12-12 09:00:00,19925.6
2025-12-12 09:15:00,20159.2
2025-12-12 09:30:00,20195.6
2025-12-12 09:45:00,20113.7
2025-12-12 10:00:00,20564.5
2025-12-12 10:15:00,20912.8
2025-12-12 10:30:00,21375.9
2025-12-12 10:45:00,21348.8
2025-12-12 11:00:00,21633.8
2025-12-12 11:15:00,21520.2
2025-12-12 11:30:00,21037.0
2025-12-12 11:45:00,20232.8
2025-12-12 12:00:00,21908.6
2025-12-12 12:15:00,21771.4
2025-12-12 12:30:00,21615.0
2025-12-12 12:45:00,21265.4
2025-12-12 13:00:00,21598.7
2025-12-12 13:15:00,21126.2
2025-12-12 13:30:00,20982.6
2025-12-12 13:45:00,19836.3
2025-12-12 14:00:00,19375.4
2025-12-12 14:15:00,19126.9
2025-12-12 14:30:00,18908.7
2025-12-12 14:45:00,18844.8
2025-12-12 15:00:00,19177.8
2025-12-12 15:15:00,19390.8
2025-12-12 15:30:00,19774.8
2025-12-12 15:45:00,19976.6
2025-12-12 16:00:00,20311.2
2025-12-12 16:15:00,20869.6
2025-12-12 16:30:00,21201.7
2025-12-12 16:45:00,20981.1
2025-12-12 17:00:00,21398.6
2025-12-12 17:15:00,21533.2
2025-12-12 17:30:00,21851.1
2025-12-12 17:45:00,21821.2
2025-12-12 18:00:00,21795.8
2025-12-12 18:15:00,21622.1
2025-12-12 18:30:00,21421.4
2025-12-12 18:45:00,21257.2
2025-12-12 19:00:00,21174.4
2025-12-12 19:15:00,21128.0
2025-12-12 19:30:00,20745.4
2025-12-12 19:45:00,20253.8
2025-12-12 20:00:00,20551.2
2025-12-12 20:15:00,20310.3
2025-12-12 20:30:00,20096.8
2025-12-12 20:45:00,19558.5
2025-12-12 21:00:00,19428.6
2025-12-12 21:15:00,19207.2
2025-12-12 21:30:00,18687.9
2025-12-12 21:45:00,18115.0
2025-12-12 22:00:00,17597.0
2025-12-12 22:15:00,17010.5
2025-12-12 22:30:00,16672.1
2025-12-12 22:45:00,16309.4
2025-12-12 23:00:00,15659.2
2025-12-12 23:15:00,14952.4
2025-12-12 23:30:00,14845.2
2025-12-12 23:45:00,15576.5
2025-12-13 00:00:00,17467.2
2025-12-13 00:15:00,17070.4
2025-12-13 00:30:00,16840.4
2025-12-13 00:45:00,16253.6
2025-12-13 01:00:00,16326.2
2025-12-13 01:15:00,16481.4
2025-12-13 01:30:00,16712.3
2025-12-13 01:45:00,16866.2
2025-12-13 02:00:00,16589.4
2025-12-13 02:15:00,17025.4
2025-12-13 02:30:00,17030.0
2025-12-13 02:45:00,16719.9
2025-12-13 03:00:00,16360.7
2025-12-13 03:15:00,15813.5
2025-12-13 03:30:00,15933.5
2025-12-13 03:45:00,15951.0
2025-12-13 04:00:00,15636.5
2025-12-13 04:15:00,15794.2
2025-12-13 04:30:00,15811.7
2025-12-13 04:45:00,15922.7
2025-12-13 05:00:00,15750.0
2025-12-13 05:15:00,15981.7
2025-12-13 05:30:00,16419.1
2025-12-13 05:45:00,16164.7
2025-12-13 06:00:00,15986.8
2025-12-13 06:15:00,15386.8
2025-12-13 06:30:00,15096.8
2025-12-13 06:45:00,15842.9
2025-12-13 07:00:00,16164.5
2025-12-13 07:15:00,16634.4
2025-12-13 07:30:00,17291.8
2025-12-13 07:45:00,17891.5
2025-12-13 08:00:00,19475.0
2025-12-13 08:15:00,20441.9
2025-12-13 08:30:00,20892.7
2025-12-13 08:45:00,21319.3
2025-12-13 09:00:00,21483.8
2025-12-13 09:15:00,21581.9
2025-12-13 09:30:00,21330.3
2025-12-13 09:45:00,21675.3
2025-12-13 10:00:00,21846.0
2025-12-13 10:15:00,21766.7
2025-12-13 10:30:00,22271.2
2025-12-13 10:45:00,22154.5
2025-12-13 11:00:00,22476.0
2025-12-13 11:15:00,22445.3
2025-12-13 11:30:00,22360.5
2025-12-13 11:45:00,22235.8
2025-12-13 12:00:00,23190.6
2025-12-13 12:15:00,22042.6
2025-12-13 12:30:00,21603.6
2025-12-13 12:45:00,21110.4
2025-12-13 13:00:00,20902.5
2025-12-13 13:15:00,20439.2
2025-12-13 13:30:00,20521.1
2025-12-13 13:45:00,19868.5
2025-12-13 14:00:00,19560.8
2025-12-13 14:15:00,19457.8
2025-12-13 14:30:00,19277.5
2025-12-13 14:45:00,19323.5
2025-12-13 15:00:00,19491.7
2025-12-13 15:15:00,19175.5
2025-12-13 15:30:00,19142.7
2025-12-13 15:45:00,20183.8
2025-12-13 16:00:00,20202.8
2025-12-13 16:15:00,20403.0
2025-12-13 16:30:00,20339.7
2025-12-13 16:45:00,20278.7
2025-12-13 17:00:00,20734.9
2025-12-13 17:15:00,21189.2
2025-12-13 17:30:00,21487.0
2025-12-13 17:45:00,21785.0
2025-12-13 18:00:00,22293.1
2025-12-13 18:15:00,21911.4
2025-12-13 18:30:00,21864.2
2025-12-13 18:45:00,21908.5
2025-12-13 19:00:00,21811.9
2025-12-13 19:15:00,21323.0
2025-12-13 19:30:00,21474.3
2025-12-13 19:45:00,20987.7
2025-12-13 20:00:00,20885.4
2025-12-13 20:15:00,20896.2
2025-12-13 20:30:00,20875.8
2025-12-13 20:45:00,20487.0
2025-12-13 21:00:00,20011.7
2025-12-13 21:15:00,19914.5
2025-12-13 21:30:00,19490.7
2025-12-13 21:45:00,19178.7
2025-12-13 22:00:00,18386.8
2025-12-13 22:15:00,17914.8
2025-12-13 22:30:00,17278.6
2025-12-13 22:45:00,16823.7
2025-12-13 23:00:00,16336.2
2025-12-13 23:15:00,15656.2
2025-12-13 23:30:00,14956.8
2025-12-13 23:45:00,14899.3
2025-12-14 00:00:00,17860.3
2025-12-14 00:15:00,17459.3
2025-12-14 00:30:00,17129.4
2025-12-14 00:45:00,16327.6
2025-12-14 01:00:00,15827.1
2025-12-14 01:15:00,15113.8
2025-12-14 01:30:00,14717.6
2025-12-14 01:45:00,14174.4
2025-12-14 02:00:00,13805.2
2025-12-14 02:15:00,14008.1
2025-12-14 02:30:00,13836.3
2025-12-14 02:45:00,14419.1
2025-12-14 03:00:00,14345.6
2025-12-14 03:15:00,14205.6
2025-12-14 03:30:00,13953.6
2025-12-14 03:45:00,13788.9
2025-12-14 04:00:00,13757.9
2025-12-14 04:15:00,13729.8
2025-12-14 04:30:00,13592.4
2025-12-14 04:45:00,13667.1
2025-12-14 05:00:00,13623.8
2025-12-14 05:15:00,13718.2
2025-12-14 05:30:00,13784.9
2025-12-14 05:45:00,13803.9
2025-12-14 06:00:00,13774.6
2025-12-14 06:15:00,13824.9
2025-12-14 06:30:00,13008.2
2025-12-14 06:45:00,13340.5
2025-12-14 07:00:00,14492.7
2025-12-14 07:15:00,15658.3
2025-12-14 07:30:00,16908.0
2025-12-14 07:45:00,17927.0
2025-12-14 08:00:00,18874.0
2025-12-14 08:15:00,19287.3
2025-12-14 08:30:00,19493.9
2025-12-14 08:45:00,19562.1
2025-12-14 09:00:00,19413.5
2025-12-14 09:15:00,19211.2
2025-12-14 09:30:00,19101.8
2025-12-14 09:45:00,18879.3
2025-12-14 10:00:00,18884.0
2025-12-14 10:15:00,19125.3
2025-12-14 10:30:00,20246.6
2025-12-14 10:45:00,20810.6
2025-12-14 11:00:00,20954.0
2025-12-14 11:15:00,20487.3
2025-12-14 11:30:00,20533.6
2025-12-14 11:45:00,19418.4
2025-12-14 12:00:00,20894.6
2025-12-14 12:15:00,20732.8
2025-12-14 12:30:00,20652.0
2025-12-14 12:45:00,20028.2
2025-12-14 13:00:00,19962.6
2025-12-14 13:15:00,19651.9
2025-12-14 13:30:00,19466.9
2025-12-14 13:45:00,18791.9
2025-12-14 14:00:00,17970.1
2025-12-14 14:15:00,17815.0
2025-12-14 14:30:00,18090.4
2025-12-14 14:45:00,18291.0
2025-12-14 15:00:00,18233.8
2025-12-14 15:15:00,18788.2
2025-12-14 15:30:00,19746.2
2025-12-14 15:45:00,20087.5
2025-12-14 16:00:00,19776.2
2025-12-14 16:15:00,19945.9
2025-12-14 16:30:00,19884.0
2025-12-14 16:45:00,20185.7
2025-12-14 17:00:00,20623.5
2025-12-14 17:15:00,21270.0
2025-12-14 17:30:00,21611.7
2025-12-14 17:45:00,21998.6
2025-12-14 18:00:00,22379.8
2025-12-14 18:15:00,22435.2
2025-12-14 18:30:00,22412.9
2025-12-14 18:45:00,22157.5
2025-12-14 19:00:00,22707.8
2025-12-14 19:15:00,22214.4
2025-12-14 19:30:00,22168.7
2025-12-14 19:45:00,21892.4
2025-12-14 20:00:00,21850.5
2025-12-14 20:15:00,21508.6
2025-12-14 20:30:00,21472.0
2025-12-14 20:45:00,20927.6
2025-12-14 21:00:00,20671.0
2025-12-14 21:15:00,20251.1
2025-12-14 21:30:00,19814.0
2025-12-14 21:45:00,19037.6
2025-12-14 22:00:00,18209.4
2025-12-14 22:15:00,17306.6
2025-12-14 22:30:00,16652.5
2025-12-14 22:45:00,15825.1
2025-12-14 23:00:00,15394.8
2025-12-14 23:15:00,14627.3
2025-12-14 23:30:00,13992.9
2025-12-14 23:45:00,14026.7
2025-12-15 00:00:00,17139.3
2025-12-15 00:15:00,16740.2
2025-12-15 00:30:00,16540.6
2025-12-15 00:45:00,15751.0
2025-12-15 01:00:00,15105.3
2025-12-15 01:15:00,14403.2
2025-12-15 01:30:00,14102.6
2025-12-15 01:45:00,13943.4
2025-12-15 02:00:00,14318.0
2025-12-15 02:15:00,14119.0
2025-12-15 02:30:00,13684.9
2025-12-15 02:45:00,13416.1
2025-12-15 03:00:00,13120.9
2025-12-15 03:15:00,12736.3
2025-12-15 03:30:00,12608.1
2025-12-15 03:45:00,12526.2
2025-12-15 04:00:00,12446.2
2025-12-15 04:15:00,12591.0
2025-12-15 04:30:00,12533.1
2025-12-15 04:45:00,12629.7
2025-12-15 05:00:00,12732.4
2025-12-15 05:15:00,13100.6
2025-12-15 05:30:00,13290.5
2025-12-15 05:45:00,13550.2
2025-12-15 06:00:00,13819.2
2025-12-15 06:15:00,14599.3
2025-12-15 06:30:00,14917.5
2025-12-15 06:45:00,15902.2
2025-12-15 07:00:00,17088.2
2025-12-15 07:15:00,18216.6
2025-12-15 07:30:00,18879.9
2025-12-15 07:45:00,19722.5
2025-12-15 08:00:00,20561.3
2025-12-15 08:15:00,21079.8
2025-12-15 08:30:00,21400.0
2025-12-15 08:45:00,21291.0
2025-12-15 09:00:00,20992.3
2025-12-15 09:15:00,20759.3
2025-12-15 09:30:00,20500.6
2025-12-15 09:45:00,20241.4
2025-12-15 10:00:00,20608.2
2025-12-15 10:15:00,20580.8
2025-12-15 10:30:00,20918.9
2025-12-15 10:45:00,20963.9
2025-12-15 11:00:00,21103.4
2025-12-15 11:15:00,20836.7
2025-12-15 11:30:00,21158.2
2025-12-15 11:45:00,20279.1
2025-12-15 12:00:00,22367.9
2025-12-15 12:15:00,22277.9
2025-12-15 12:30:00,22144.3
2025-12-15 12:45:00,21726.4
2025-12-15 13:00:00,21604.5
2025-12-15 13:15:00,21311.1
2025-12-15 13:30:00,21665.0
2025-12-15 13:45:00,20619.5
2025-12-15 14:00:00,19946.2
2025-12-15 14:15:00,19607.2
2025-12-15 14:30:00,19551.0
2025-12-15 14:45:00,19710.4
2025-12-15 15:00:00,19841.3
2025-12-15 15:15:00,19382.8
2025-12-15 15:30:00,19564.3
2025-12-15 15:45:00,19656.6
2025-12-15 16:00:00,19877.5
2025-12-15 16:15:00,19940.3
2025-12-15 16:30:00,20080.1
2025-12-15 16:45:00,20030.1
2025-12-15 17:00:00,20721.3
2025-12-15 17:15:00,20845.9
2025-12-15 17:30:00,21814.8
2025-12-15 17:45:00,22113.8
2025-12-15 18:00:00,22597.8
2025-12-15 18:15:00,22783.7
2025-12-15 18:30:00,22613.0
2025-12-15 18:45:00,22404.2
2025-12-15 19:00:00,22062.5
2025-12-15 19:15:00,21856.6
2025-12-15 19:30:00,21995.3
2025-12-15 19:45:00,21475.7
2025-12-15 20:00:00,21517.5
2025-12-15 20:15:00,21376.7
2025-12-15 20:30:00,21340.2
2025-12-15 20:45:00,20804.9
2025-12-15 21:00:00,20357.9
2025-12-15 21:15:00,19935.9
2025-12-15 21:30:00,19447.5
2025-12-15 21:45:00,18701.6
2025-12-15 22:00:00,18127.8
2025-12-15 22:15:00,17387.4
2025-12-15 22:30:00,16658.6
2025-12-15 22:45:00,15931.4
2025-12-15 23:00:00,15246.9
2025-12-15 23:15:00,14881.8
2025-12-15 23:30:00,14832.3
2025-12-15 23:45:00,14930.8
2025-12-16 00:00:00,17662.7
2025-12-16 00:15:00,17211.8
2025-12-16 00:30:00,16615.6
2025-12-16 00:45:00,16112.4
2025-12-16 01:00:00,15764.1
2025-12-16 01:15:00,15946.7
2025-12-16 01:30:00,15648.2
2025-12-16 01:45:00,15081.4
2025-12-16 02:00:00,15056.4
2025-12-16 02:15:00,14611.3
2025-12-16 02:30:00,14397.2
2025-12-16 02:45:00,14030.2
2025-12-16 03:00:00,13911.8
2025-12-16 03:15:00,13626.9
2025-12-16 03:30:00,13650.6
2025-12-16 03:45:00,13566.9
2025-12-16 04:00:00,13437.6
2025-12-16 04:15:00,13435.7
2025-12-16 04:30:00,13488.5
2025-12-16 04:45:00,13538.6
2025-12-16 05:00:00,13600.5
2025-12-16 05:15:00,13742.1
2025-12-16 05:30:00,14019.7
2025-12-16 05:45:00,14141.7
2025-12-16 06:00:00,14221.5
2025-12-16 06:15:00,14913.0
2025-12-16 06:30:00,15777.3
2025-12-16 06:45:00,15958.2
2025-12-16 07:00:00,16920.5
2025-12-16 07:15:00,17887.2
2025-12-16 07:30:00,18130.1
2025-12-16 07:45:00,18692.8
2025-12-16 08:00:00,19728.6
2025-12-16 08:15:00,20216.4
2025-12-16 08:30:00,19774.7
2025-12-16 08:45:00,19593.6
2025-12-16 09:00:00,19429.0
2025-12-16 09:15:00,19250.3
2025-12-16 09:30:00,19380.2
2025-12-16 09:45:00,19741.5
2025-12-16 10:00:00,20068.5
2025-12-16 10:15:00,20608.8
2025-12-16 10:30:00,21044.9
2025-12-16 10:45:00,21047.0
2025-12-16 11:00:00,21588.6
2025-12-16 11:15:00,21804.6
2025-12-16 11:30:00,21463.6
2025-12-16 11:45:00,20062.9
2025-12-16 12:00:00,21526.5
2025-12-16 12:15:00,21496.4
2025-12-16 12:30:00,21207.0
2025-12-16 12:45:00,20732.0
2025-12-16 13:00:00,20837.6
2025-12-16 13:15:00,20328.1
2025-12-16 13:30:00,20026.2
2025-12-16 13:45:00,19503.5
2025-12-16 14:00:00,18868.2
2025-12-16 14:15:00,18535.4
2025-12-16 14:30:00,18645.7
2025-12-16 14:45:00,18607.5
2025-12-16 15:00:00,18784.8
2025-12-16 15:15:00,18974.4
2025-12-16 15:30:00,18983.3
2025-12-16 15:45:00,19209.6
2025-12-16 16:00:00,19505.5
2025-12-16 16:15:00,20031.5
2025-12-16 16:30:00,19877.3
2025-12-16 16:45:00,20212.7
2025-12-16 17:00:00,20691.5
2025-12-16 17:15:00,20839.0
2025-12-16 17:30:00,21292.5
2025-12-16 17:45:00,21386.4
2025-12-16 18:00:00,21806.2
2025-12-16 18:15:00,21655.8
2025-12-16 18:30:00,21593.3
2025-12-16 18:45:00,21126.2
2025-12-16 19:00:00,21049.4
2025-12-16 19:15:00,20768.0
2025-12-16 19:30:00,20543.2
2025-12-16 19:45:00,20267.5
2025-12-16 20:00:00,20307.4
2025-12-16 20:15:00,20174.4
2025-12-16 20:30:00,20053.4
2025-12-16 20:45:00,19863.1
2025-12-16 21:00:00,20085.7
2025-12-16 21:15:00,19533.8
2025-12-16 21:30:00,19310.0
2025-12-16 21:45:00,18748.8
2025-12-16 22:00:00,17705.5
2025-12-16 22:15:00,17138.5
2025-12-16 22:30:00,16629.2
2025-12-16 22:45:00,16251.4
2025-12-16 23:00:00,16147.1
2025-12-16 23:15:00,15574.8
2025-12-16 23:30:00,15093.6
2025-12-16 23:45:00,14967.6
2025-12-17 00:00:00,17494.8
2025-12-17 00:15:00,17006.0
2025-12-17 00:30:00,16456.5
2025-12-17 00:45:00,15758.8
2025-12-17 01:00:00,15323.6
2025-12-17 01:15:00,15597.2
2025-12-17 01:30:00,15229.9
2025-12-17 01:45:00,14661.9
2025-12-17 02:00:00,14685.1
2025-12-17 02:15:00,14230.2
2025-12-17 02:30:00,14002.9
2025-12-17 02:45:00,13856.5
2025-12-17 03:00:00,13797.3
2025-12-17 03:15:00,13570.1
2025-12-17 03:30:00,13478.1
2025-12-17 03:45:00,13194.7
2025-12-17 04:00:00,13118.6
2025-12-17 04:15:00,13041.6
2025-12-17 04:30:00,13029.0
2025-12-17 04:45:00,13064.0
2025-12-17 05:00:00,13341.5
2025-12-17 05:15:00,13555.6
2025-12-17 05:30:00,13552.0
2025-12-17 05:45:00,13270.4
2025-12-17 06:00:00,14142.8
2025-12-17 06:15:00,14537.1
2025-12-17 06:30:00,15371.3
2025-12-17 06:45:00,16496.9
2025-12-17 07:00:00,16666.5
2025-12-17 07:15:00,17311.1
2025-12-17 07:30:00,17678.3
2025-12-17 07:45:00,18644.9
2025-12-17 08:00:00,19500.6
2025-12-17 08:15:00,19767.3
2025-12-17 08:30:00,19343.0
2025-12-17 08:45:00,18925.0
2025-12-17 09:00:00,18887.3
2025-12-17 09:15:00,18867.8
2025-12-17 09:30:00,18780.4
2025-12-17 09:45:00,18669.4
2025-12-17 10:00:00,18707.4
2025-12-17 10:15:00,18933.5
2025-12-17 10:30:00,19344.3
2025-12-17 10:45:00,19293.1
2025-12-17 11:00:00,19591.3
2025-12-17 11:15:00,19966.9
2025-12-17 11:30:00,19876.4
2025-12-17 11:45:00,18822.3
2025-12-17 12:00:00,20263.2
2025-12-17 12:15:00,20164.5
2025-12-17 12:30:00,19908.7
2025-12-17 12:45:00,19394.5
2025-12-17 13:00:00,19671.2
2025-12-17 13:15:00,19363.9
2025-12-17 13:30:00,19106.7
2025-12-17 13:45:00,18227.0
2025-12-17 14:00:00,17816.8
2025-12-17 14:15:00,17569.9
2025-12-17 14:30:00,17615.9
2025-12-17 14:45:00,17368.7
2025-12-17 15:00:00,18029.9
2025-12-17 15:15:00,18109.9
2025-12-17 15:30:00,17831.8
2025-12-17 15:45:00,18042.5
2025-12-17 16:00:00,18698.8
2025-12-17 16:15:00,18793.2
2025-12-17 16:30:00,19400.4
2025-12-17 16:45:00,19315.0
2025-12-17 17:00:00,19729.9
2025-12-17 17:15:00,19735.8
2025-12-17 17:30:00,20339.8
2025-12-17 17:45:00,20767.1
2025-12-17 18:00:00,21052.5
2025-12-17 18:15:00,21374.8
2025-12-17 18:30:00,21101.9
2025-12-17 18:45:00,21083.5
2025-12-17 19:00:00,20804.7
2025-12-17 19:15:00,20632.5
2025-12-17 19:30:00,20769.9
2025-12-17 19:45:00,20548.3
2025-12-17 20:00:00,20468.8
2025-12-17 20:15:00,20363.5
2025-12-17 20:30:00,20447.4
2025-12-17 20:45:00,20188.0
2025-12-17 21:00:00,19811.1
2025-12-17 21:15:00,19373.6
2025-12-17 21:30:00,18986.2
2025-12-17 21:45:00,18552.4
2025-12-17 22:00:00,17891.9
2025-12-17 22:15:00,17571.3
2025-12-17 22:30:00,16702.5
2025-12-17 22:45:00,15940.7
2025-12-17 23:00:00,15890.7
2025-12-17 23:15:00,15758.2
2025-12-17 23:30:00,15331.6
2025-12-17 23:45:00,15459.3
2025-12-18 00:00:00,17905.0
2025-12-18 00:15:00,17062.7
2025-12-18 00:30:00,16535.0
2025-12-18 00:45:00,15865.1
2025-12-18 01:00:00,15501.8
2025-12-18 01:15:00,15677.5
2025-12-18 01:30:00,15345.1
2025-12-18 01:45:00,14933.5
2025-12-18 02:00:00,14744.1
2025-12-18 02:15:00,14515.1
2025-12-18 02:30:00,14343.2
2025-12-18 02:45:00,14184.4
2025-12-18 03:00:00,13893.0
2025-12-18 03:15:00,13745.8
2025-12-18 03:30:00,13723.9
2025-12-18 03:45:00,13293.7
2025-12-18 04:00:00,13307.2
2025-12-18 04:15:00,13323.9
2025-12-18 04:30:00,13359.6
2025-12-18 04:45:00,13413.3
2025-12-18 05:00:00,13518.1
2025-12-18 05:15:00,13797.9
2025-12-18 05:30:00,13657.3
2025-12-18 05:45:00,13747.7
2025-12-18 06:00:00,13834.8
2025-12-18 06:15:00,14561.4
2025-12-18 06:30:00,15502.4
2025-12-18 06:45:00,15720.0
2025-12-18 07:00:00,16759.5
2025-12-18 07:15:00,17616.8
2025-12-18 07:30:00,18443.5
2025-12-18 07:45:00,19174.2
2025-12-18 08:00:00,19967.4
2025-12-18 08:15:00,20195.0
2025-12-18 08:30:00,20300.0
2025-12-18 08:45:00,19750.5
2025-12-18 09:00:00,19654.4
2025-12-18 09:15:00,18891.3
2025-12-18 09:30:00,19435.1
2025-12-18 09:45:00,19804.2
2025-12-18 10:00:00,19531.8
2025-12-18 10:15:00,19987.3
2025-12-18 10:30:00,20055.2
2025-12-18 10:45:00,20308.6
2025-12-18 11:00:00,20487.8
2025-12-18 11:15:00,20102.2
2025-12-18 11:30:00,19505.6
2025-12-18 11:45:00,19123.5
2025-12-18 12:00:00,20394.3
2025-12-18 12:15:00,20361.0
2025-12-18 12:30:00,20073.6
2025-12-18 12:45:00,19585.1
2025-12-18 13:00:00,19922.9
2025-12-18 13:15:00,19350.9
2025-12-18 13:30:00,19207.7
2025-12-18 13:45:00,18286.4
2025-12-18 14:00:00,17825.7
2025-12-18 14:15:00,17684.5
2025-12-18 14:30:00,17596.3
2025-12-18 14:45:00,17430.4
2025-12-18 15:00:00,18151.2
2025-12-18 15:15:00,18150.7
2025-12-18 15:30:00,18578.8
2025-12-18 15:45:00,18371.1
2025-12-18 16:00:00,18764.9
2025-12-18 16:15:00,19074.9
2025-12-18 16:30:00,19514.1
2025-12-18 16:45:00,19075.0
2025-12-18 17:00:00,19779.9
2025-12-18 17:15:00,19908.5
2025-12-18 17:30:00,20468.5
2025-12-18 17:45:00,20854.8
2025-12-18 18:00:00,21298.5
2025-12-18 18:15:00,21183.9
2025-12-18 18:30:00,21326.9
2025-12-18 18:45:00,20918.8
2025-12-18 19:00:00,20677.8
2025-12-18 19:15:00,20593.7
2025-12-18 19:30:00,20674.0
2025-12-18 19:45:00,20463.1
2025-12-18 20:00:00,20513.2
2025-12-18 20:15:00,20243.8
2025-12-18 20:30:00,20374.0
2025-12-18 20:45:00,20056.7
2025-12-18 21:00:00,19794.3
2025-12-18 21:15:00,19396.0
2025-12-18 21:30:00,18859.7
2025-12-18 21:45:00,18352.8
2025-12-18 22:00:00,18162.1
2025-12-18 22:15:00,17434.0
2025-12-18 22:30:00,16636.0
2025-12-18 22:45:00,16152.5
2025-12-18 23:00:00,16406.6
2025-12-18 23:15:00,15817.4
2025-12-18 23:30:00,15052.1
2025-12-18 23:45:00,14944.8
2025-12-19 00:00:00,17703.9
2025-12-19 00:15:00,16910.3
2025-12-19 00:30:00,16413.9
2025-12-19 00:45:00,16125.6
2025-12-19 01:00:00,16165.5
2025-12-19 01:15:00,15708.1
2025-12-19 01:30:00,15333.1
2025-12-19 01:45:00,15152.0
2025-12-19 02:00:00,14841.1
2025-12-19 02:15:00,14515.7
2025-12-19 02:30:00,14347.9
2025-12-19 02:45:00,14103.0
2025-12-19 03:00:00,14003.5
2025-12-19 03:15:00,13784.3
2025-12-19 03:30:00,13455.9
2025-12-19 03:45:00,13673.9
2025-12-19 04:00:00,13434.2
2025-12-19 04:15:00,13399.5
2025-12-19 04:30:00,13469.3
2025-12-19 04:45:00,13585.2
2025-12-19 05:00:00,13779.0
2025-12-19 05:15:00,13991.4
2025-12-19 05:30:00,13966.7
2025-12-19 05:45:00,14153.6
2025-12-19 06:00:00,13981.5
2025-12-19 06:15:00,14628.0
2025-12-19 06:30:00,15482.3
2025-12-19 06:45:00,15389.0
2025-12-19 07:00:00,16315.8
2025-12-19 07:15:00,17082.9
2025-12-19 07:30:00,17821.9
2025-12-19 07:45:00,18652.7
2025-12-19 08:00:00,19184.1
2025-12-19 08:15:00,19383.9
2025-12-19 08:30:00,19153.4
2025-12-19 08:45:00,18562.4
2025-12-19 09:00:00,18468.1
2025-12-19 09:15:00,18016.9
2025-12-19 09:30:00,18417.1
2025-12-19 09:45:00,18329.8
2025-12-19 10:00:00,18637.3
2025-12-19 10:15:00,18832.9
2025-12-19 10:30:00,19162.4
2025-12-19 10:45:00,19337.2
2025-12-19 11:00:00,19509.7
2025-12-19 11:15:00,19231.7
2025-12-19 11:30:00,18873.5
2025-12-19 11:45:00,18008.7
2025-12-19 12:00:00,19644.2
2025-12-19 12:15:00,19435.9
2025-12-19 12:30:00,19149.7
2025-12-19 12:45:00,18667.8
2025-12-19 13:00:00,19061.7
2025-12-19 13:15:00,18483.3
2025-12-19 13:30:00,18206.1
2025-12-19 13:45:00,17422.1
2025-12-19 14:00:00,17336.1
2025-12-19 14:15:00,17112.2
2025-12-19 14:30:00,17022.6
2025-12-19 14:45:00,16978.7
2025-12-19 15:00:00,17100.8
2025-12-19 15:15:00,17477.8
2025-12-19 15:30:00,17714.6
2025-12-19 15:45:00,17551.2
2025-12-19 16:00:00,17804.5
2025-12-19 16:15:00,18193.3
2025-12-19 16:30:00,18761.7
2025-12-19 16:45:00,18843.6
2025-12-19 17:00:00,19306.2
2025-12-19 17:15:00,18978.5
2025-12-19 17:30:00,19778.4
2025-12-19 17:45:00,20193.1
2025-12-19 18:00:00,20417.1
2025-12-19 18:15:00,20179.2
2025-12-19 18:30:00,20253.0
2025-12-19 18:45:00,20203.6
2025-12-19 19:00:00,19807.9
2025-12-19 19:15:00,19514.2
2025-12-19 19:30:00,19478.8
2025-12-19 19:45:00,19192.3
2025-12-19 20:00:00,19331.6
2025-12-19 20:15:00,19268.0
2025-12-19 20:30:00,19083.9
2025-12-19 20:45:00,18877.8
2025-12-19 21:00:00,18544.2
2025-12-19 21:15:00,18230.1
2025-12-19 21:30:00,17928.6
2025-12-19 21:45:00,17540.8
2025-12-19 22:00:00,17291.4
2025-12-19 22:15:00,17022.2
2025-12-19 22:30:00,16481.2
2025-12-19 22:45:00,16402.1
2025-12-19 23:00:00,16406.9
2025-12-19 23:15:00,15891.4
2025-12-19 23:30:00,14841.9
2025-12-19 23:45:00,14892.8
2025-12-20 00:00:00,17388.4
2025-12-20 00:15:00,16512.2
2025-12-20 00:30:00,15805.4
2025-12-20 00:45:00,15361.3
2025-12-20 01:00:00,15580.5
2025-12-20 01:15:00,15059.1
2025-12-20 01:30:00,14554.5
2025-12-20 01:45:00,14285.6
2025-12-20 02:00:00,13895.8
2025-12-20 02:15:00,13662.6
2025-12-20 02:30:00,13388.9
2025-12-20 02:45:00,13204.4
2025-12-20 03:00:00,12894.2
2025-12-20 03:15:00,12725.4
2025-12-20 03:30:00,12518.0
2025-12-20 03:45:00,12426.4
2025-12-20 04:00:00,12368.9
2025-12-20 04:15:00,12181.8
2025-12-20 04:30:00,12251.7
2025-12-20 04:45:00,12315.6
2025-12-20 05:00:00,12511.3
2025-12-20 05:15:00,12569.7
2025-12-20 05:30:00,12578.8
2025-12-20 05:45:00,12457.7
2025-12-20 06:00:00,12456.5
2025-12-20 06:15:00,12866.9
2025-12-20 06:30:00,13296.0
2025-12-20 06:45:00,13816.2
2025-12-20 07:00:00,14033.0
2025-12-20 07:15:00,14863.3
2025-12-20 07:30:00,15736.8
2025-12-20 07:45:00,16562.0
2025-12-20 08:00:00,17586.4
2025-12-20 08:15:00,18001.5
2025-12-20 08:30:00,18209.5
2025-12-20 08:45:00,17776.1
2025-12-20 09:00:00,17501.1
2025-12-20 09:15:00,17554.4
2025-12-20 09:30:00,17406.0
2025-12-20 09:45:00,17615.5
2025-12-20 10:00:00,17640.4
2025-12-20 10:15:00,17904.3
2025-12-20 10:30:00,18395.4
2025-12-20 10:45:00,18790.2
2025-12-20 11:00:00,18800.9
2025-12-20 11:15:00,18842.5
2025-12-20 11:30:00,19237.2
2025-12-20 11:45:00,18590.7
2025-12-20 12:00:00,20187.9
2025-12-20 12:15:00,19808.9
2025-12-20 12:30:00,19751.7
2025-12-20 12:45:00,19438.7
2025-12-20 13:00:00,19462.6
2025-12-20 13:15:00,19385.1
2025-12-20 13:30:00,19405.7
2025-12-20 13:45:00,18634.9
2025-12-20 14:00:00,18043.7
2025-12-20 14:15:00,17798.8
2025-12-20 14:30:00,17813.9
2025-12-20 14:45:00,17913.1
2025-12-20 15:00:00,17837.0
2025-12-20 15:15:00,17789.3
2025-12-20 15:30:00,17640.3
2025-12-20 15:45:00,17881.1
2025-12-20 16:00:00,18356.1
2025-12-20 16:15:00,18669.5
2025-12-20 16:30:00,19049.1
2025-12-20 16:45:00,19255.4
2025-12-20 17:00:00,19652.9
2025-12-20 17:15:00,19720.7
2025-12-20 17:30:00,20168.0
2025-12-20 17:45:00,20451.6
2025-12-20 18:00:00,20599.6
2025-12-20 18:15:00,20104.5
2025-12-20 18:30:00,20103.1
2025-12-20 18:45:00,20228.3
2025-12-20 19:00:00,19953.3
2025-12-20 19:15:00,19460.1
2025-12-20 19:30:00,19545.2
2025-12-20 19:45:00,19378.2
2025-12-20 20:00:00,19174.3
2025-12-20 20:15:00,19175.9
2025-12-20 20:30:00,18942.8
2025-12-20 20:45:00,18610.9
2025-12-20 21:00:00,18536.1
2025-12-20 21:15:00,19015.9
2025-12-20 21:30:00,18695.9
2025-12-20 21:45:00,18087.1
2025-12-20 22:00:00,18133.3
2025-12-20 22:15:00,18071.9
2025-12-20 22:30:00,17495.3
2025-12-20 22:45:00,17247.9
2025-12-20 23:00:00,17152.0
2025-12-20 23:15:00,16952.7
2025-12-20 23:30:00,15911.1
2025-12-20 23:45:00,15614.3
2025-12-21 00:00:00,17957.8
2025-12-21 00:15:00,17606.3
2025-12-21 00:30:00,16870.3
2025-12-21 00:45:00,16497.5
2025-12-21 01:00:00,16363.4
2025-12-21 01:15:00,15964.7
2025-12-21 01:30:00,15674.3
2025-12-21 01:45:00,15433.5
2025-12-21 02:00:00,14948.2
2025-12-21 02:15:00,14909.9
2025-12-21 02:30:00,14380.0
2025-12-21 02:45:00,14167.4
2025-12-21 03:00:00,13825.3
2025-12-21 03:15:00,13785.8
2025-12-21 03:30:00,13512.1
2025-12-21 03:45:00,13385.7
2025-12-21 04:00:00,13131.9
2025-12-21 04:15:00,13150.0
2025-12-21 04:30:00,13125.1
2025-12-21 04:45:00,13122.7
2025-12-21 05:00:00,13329.3
2025-12-21 05:15:00,13413.8
2025-12-21 05:30:00,13317.5
2025-12-21 05:45:00,13121.2
2025-12-21 06:00:00,13111.6
2025-12-21 06:15:00,13354.8
2025-12-21 06:30:00,13300.6
2025-12-21 06:45:00,13369.8
2025-12-21 07:00:00,13182.0
2025-12-21 07:15:00,13827.8
2025-12-21 07:30:00,14572.2
2025-12-21 07:45:00,15326.7
2025-12-21 08:00:00,16318.0
2025-12-21 08:15:00,17353.0
2025-12-21 08:30:00,17581.4
2025-12-21 08:45:00,17484.7
2025-12-21 09:00:00,17766.4
2025-12-21 09:15:00,18035.8
2025-12-21 09:30:00,18178.4
2025-12-21 09:45:00,18214.6
2025-12-21 10:00:00,18788.1
2025-12-21 10:15:00,19116.6
2025-12-21 10:30:00,19564.5
2025-12-21 10:45:00,19750.2
2025-12-21 11:00:00,20130.7
2025-12-21 11:15:00,19968.1
2025-12-21 11:30:00,19591.2
2025-12-21 11:45:00,19291.9
2025-12-21 12:00:00,20795.0
2025-12-21 12:15:00,20560.7
2025-12-21 12:30:00,20309.0
2025-12-21 12:45:00,20000.3
2025-12-21 13:00:00,20102.9
2025-12-21 13:15:00,19633.9
2025-12-21 13:30:00,19291.0
2025-12-21 13:45:00,18553.7
2025-12-21 14:00:00,17950.1
2025-12-21 14:15:00,17611.7
2025-12-21 14:30:00,17797.2
2025-12-21 14:45:00,17490.8
2025-12-21 15:00:00,17784.0
2025-12-21 15:15:00,17932.9
2025-12-21 15:30:00,18330.3
2025-12-21 15:45:00,18474.7
2025-12-21 16:00:00,18739.9
2025-12-21 16:15:00,19101.3
2025-12-21 16:30:00,19720.1
2025-12-21 16:45:00,20079.1
2025-12-21 17:00:00,20660.8
2025-12-21 17:15:00,21080.5
2025-12-21 17:30:00,21279.9
2025-12-21 17:45:00,21359.9
2025-12-21 18:00:00,21473.3
2025-12-21 18:15:00,21409.1
2025-12-21 18:30:00,21175.0
2025-12-21 18:45:00,21255.3
2025-12-21 19:00:00,21125.8
2025-12-21 19:15:00,20736.3
2025-12-21 19:30:00,20726.1
2025-12-21 19:45:00,20366.7
2025-12-21 20:00:00,20578.8
2025-12-21 20:15:00,20268.5
2025-12-21 20:30:00,20311.9
2025-12-21 20:45:00,19711.0
2025-12-21 21:00:00,19372.6
2025-12-21 21:15:00,19171.8
2025-12-21 21:30:00,18392.7
2025-12-21 21:45:00,17638.3
2025-12-21 22:00:00,17464.7
2025-12-21 22:15:00,16918.5
2025-12-21 22:30:00,16107.4
2025-12-21 22:45:00,15261.5
2025-12-21 23:00:00,15120.5
2025-12-21 23:15:00,15088.5
2025-12-21 23:30:00,14536.3
2025-12-21 23:45:00,14240.0
2025-12-22 00:00:00,17642.1
2025-12-22 00:15:00,16932.2
2025-12-22 00:30:00,16691.6
2025-12-22 00:45:00,16559.3
2025-12-22 01:00:00,15760.9
2025-12-22 01:15:00,15395.3
2025-12-22 01:30:00,14955.3
2025-12-22 01:45:00,14474.5
2025-12-22 02:00:00,14121.4
2025-12-22 02:15:00,13934.4
2025-12-22 02:30:00,13604.2
2025-12-22 02:45:00,13357.6
2025-12-22 03:00:00,13147.3
2025-12-22 03:15:00,12867.7
2025-12-22 03:30:00,12756.0
2025-12-22 03:45:00,12641.5
2025-12-22 04:00:00,12651.9
2025-12-22 04:15:00,12697.1
2025-12-22 04:30:00,12622.3
2025-12-22 04:45:00,12741.9
2025-12-22 05:00:00,12940.0
2025-12-22 05:15:00,13188.0
2025-12-22 05:30:00,12877.8
2025-12-22 05:45:00,12947.1
2025-12-22 06:00:00,13147.1
2025-12-22 06:15:00,13630.3
2025-12-22 06:30:00,14027.2
2025-12-22 06:45:00,14490.3
2025-12-22 07:00:00,15954.6
2025-12-22 07:15:00,16570.7
2025-12-22 07:30:00,17383.8
2025-12-22 07:45:00,17955.7
2025-12-22 08:00:00,18647.1
2025-12-22 08:15:00,19440.5
2025-12-22 08:30:00,19791.1
2025-12-22 08:45:00,19630.9
2025-12-22 09:00:00,19824.7
2025-12-22 09:15:00,19703.6
2025-12-22 09:30:00,19528.1
2025-12-22 09:45:00,19679.9
2025-12-22 10:00:00,19686.3
2025-12-22 10:15:00,20210.5
2025-12-22 10:30:00,20286.7
2025-12-22 10:45:00,20850.4
2025-12-22 11:00:00,21059.0
2025-12-22 11:15:00,20921.5
2025-12-22 11:30:00,20386.4
2025-12-22 11:45:00,19780.4
2025-12-22 12:00:00,21793.7
2025-12-22 12:15:00,21754.8
2025-12-22 12:30:00,21248.7
2025-12-22 12:45:00,21232.9
2025-12-22 13:00:00,20980.9
2025-12-22 13:15:00,20644.2
2025-12-22 13:30:00,20319.7
2025-12-22 13:45:00,19828.0
2025-12-22 14:00:00,19682.7
2025-12-22 14:15:00,19242.9
2025-12-22 14:30:00,19075.7
2025-12-22 14:45:00,18516.5
2025-12-22 15:00:00,18426.5
2025-12-22 15:15:00,18181.5
2025-12-22 15:30:00,18488.3
2025-12-22 15:45:00,18443.6
2025-12-22 16:00:00,19025.7
2025-12-22 16:15:00,19190.1
2025-12-22 16:30:00,19989.4
2025-12-22 16:45:00,20052.2
2025-12-22 17:00:00,20717.8
2025-12-22 17:15:00,20924.2
2025-12-22 17:30:00,21310.4
2025-12-22 17:45:00,21673.2
2025-12-22 18:00:00,22202.6
2025-12-22 18:15:00,22040.1
2025-12-22 18:30:00,21650.4
2025-12-22 18:45:00,21658.4
2025-12-22 19:00:00,21569.5
2025-12-22 19:15:00,21123.9
2025-12-22 19:30:00,21129.1
2025-12-22 19:45:00,20522.6
2025-12-22 20:00:00,20957.8
2025-12-22 20:15:00,20337.4
2025-12-22 20:30:00,20375.0
2025-12-22 20:45:00,19921.5
2025-12-22 21:00:00,19605.7
2025-12-22 21:15:00,19225.7
2025-12-22 21:30:00,18660.3
2025-12-22 21:45:00,18238.2
2025-12-22 22:00:00,17914.4
2025-12-22 22:15:00,17325.4
2025-12-22 22:30:00,16629.6
2025-12-22 22:45:00,15807.2
2025-12-22 23:00:00,15349.4
2025-12-22 23:15:00,15433.9
2025-12-22 23:30:00,14871.8
2025-12-22 23:45:00,15197.3
2025-12-23 00:00:00,17394.8
2025-12-23 00:15:00,16751.8
2025-12-23 00:30:00,16050.7
2025-12-23 00:45:00,15429.6
2025-12-23 01:00:00,14950.2
2025-12-23 01:15:00,15151.6
2025-12-23 01:30:00,14693.4
2025-12-23 01:45:00,14377.9
2025-12-23 02:00:00,13997.5
2025-12-23 02:15:00,13827.5
2025-12-23 02:30:00,13627.2
2025-12-23 02:45:00,13183.0
2025-12-23 03:00:00,13174.3
2025-12-23 03:15:00,13093.2
2025-12-23 03:30:00,12876.8
2025-12-23 03:45:00,12673.6
2025-12-23 04:00:00,12617.9
2025-12-23 04:15:00,12576.1
2025-12-23 04:30:00,12597.8
2025-12-23 04:45:00,12644.4
2025-12-23 05:00:00,12892.1
2025-12-23 05:15:00,13123.7
2025-12-23 05:30:00,13187.4
2025-12-23 05:45:00,13418.3
2025-12-23 06:00:00,13530.7
2025-12-23 06:15:00,14260.5
2025-12-23 06:30:00,15142.2
2025-12-23 06:45:00,15615.8
2025-12-23 07:00:00,16170.5
2025-12-23 07:15:00,16782.9
2025-12-23 07:30:00,17268.8
2025-12-23 07:45:00,17939.2
2025-12-23 08:00:00,18872.7
2025-12-23 08:15:00,19674.9
2025-12-23 08:30:00,20162.0
2025-12-23 08:45:00,20495.9
2025-12-23 09:00:00,20577.3
2025-12-23 09:15:00,20902.7
2025-12-23 09:30:00,21086.6
2025-12-23 09:45:00,20918.0
2025-12-23 10:00:00,21104.5
2025-12-23 10:15:00,21398.5
2025-12-23 10:30:00,21690.7
2025-12-23 10:45:00,21798.2
2025-12-23 11:00:00,22470.9
2025-12-23 11:15:00,22249.5
2025-12-23 11:30:00,22109.4
2025-12-23 11:45:00,21518.2
2025-12-23 12:00:00,23252.9
2025-12-23 12:15:00,23478.4
2025-12-23 12:30:00,22941.2
2025-12-23 12:45:00,22952.2
2025-12-23 13:00:00,23091.0
2025-12-23 13:15:00,22662.9
2025-12-23 13:30:00,22345.2
2025-12-23 13:45:00,21623.5
2025-12-23 14:00:00,20725.8
2025-12-23 14:15:00,20102.0
2025-12-23 14:30:00,19877.9
2025-12-23 14:45:00,19954.7
2025-12-23 15:00:00,20420.9
2025-12-23 15:15:00,20535.8
2025-12-23 15:30:00,20653.0
2025-12-23 15:45:00,20732.2
2025-12-23 16:00:00,20832.2
2025-12-23 16:15:00,21035.4
2025-12-23 16:30:00,21699.5
2025-12-23 16:45:00,21745.0
2025-12-23 17:00:00,22439.5
2025-12-23 17:15:00,22335.8
2025-12-23 17:30:00,22690.2
2025-12-23 17:45:00,22850.3
2025-12-23 18:00:00,23147.7
2025-12-23 18:15:00,22781.8
2025-12-23 18:30:00,22601.6
2025-12-23 18:45:00,22202.5
2025-12-23 19:00:00,22233.4
2025-12-23 19:15:00,22181.2
2025-12-23 19:30:00,22177.9
2025-12-23 19:45:00,21579.8
2025-12-23 20:00:00,21508.7
2025-12-23 20:15:00,21631.3
2025-12-23 20:30:00,21283.7
2025-12-23 20:45:00,20953.2
2025-12-23 21:00:00,20690.0
2025-12-23 21:15:00,20033.1
2025-12-23 21:30:00,19524.2
2025-12-23 21:45:00,19237.3
2025-12-23 22:00:00,18418.2
2025-12-23 22:15:00,17801.4
2025-12-23 22:30:00,17120.8
2025-12-23 22:45:00,16445.0
2025-12-23 23:00:00,15881.9
2025-12-23 23:15:00,15542.0
2025-12-23 23:30:00,15184.3
2025-12-23 23:45:00,14874.3
2025-12-24 00:00:00,17505.5
2025-12-24 00:15:00,18143.9
2025-12-24 00:30:00,17896.0
2025-12-24 00:45:00,17307.3
2025-12-24 01:00:00,16330.0
2025-12-24 01:15:00,15743.7
2025-12-24 01:30:00,15270.6
2025-12-24 01:45:00,14943.8
2025-12-24 02:00:00,14695.2
2025-12-24 02:15:00,14270.2
2025-12-24 02:30:00,13963.7
2025-12-24 02:45:00,14120.2
2025-12-24 03:00:00,13937.0
2025-12-24 03:15:00,13705.4
2025-12-24 03:30:00,13648.9
2025-12-24 03:45:00,13489.5
2025-12-24 04:00:00,13330.0
2025-12-24 04:15:00,13323.1
2025-12-24 04:30:00,13419.2
2025-12-24 04:45:00,13470.8
2025-12-24 05:00:00,13534.5
2025-12-24 05:15:00,13875.2
2025-12-24 05:30:00,14106.7
2025-12-24 05:45:00,14081.3
2025-12-24 06:00:00,14353.7
2025-12-24 06:15:00,14467.3
2025-12-24 06:30:00,15562.0
2025-12-24 06:45:00,16274.7
2025-12-24 07:00:00,17456.2
2025-12-24 07:15:00,18217.7
2025-12-24 07:30:00,18347.8
2025-12-24 07:45:00,18950.9
2025-12-24 08:00:00,19984.6
2025-12-24 08:15:00,21176.6
2025-12-24 08:30:00,21442.7
2025-12-24 08:45:00,21987.4
2025-12-24 09:00:00,22302.7
2025-12-24 09:15:00,22492.3
2025-12-24 09:30:00,22682.6
2025-12-24 09:45:00,22913.4
2025-12-24 10:00:00,22983.8
2025-12-24 10:15:00,23358.3
2025-12-24 10:30:00,23508.5
2025-12-24 10:45:00,23712.7
2025-12-24 11:00:00,24073.9
2025-12-24 11:15:00,23743.5
2025-12-24 11:30:00,23612.9
2025-12-24 11:45:00,22859.1
2025-12-24 12:00:00,24875.9
2025-12-24 12:15:00,25090.0
2025-12-24 12:30:00,24472.5
2025-12-24 12:45:00,24354.4
2025-12-24 13:00:00,24621.9
2025-12-24 13:15:00,24156.9
2025-12-24 13:30:00,24040.0
2025-12-24 13:45:00,23038.0
2025-12-24 14:00:00,21988.3
2025-12-24 14:15:00,21647.5
2025-12-24 14:30:00,21581.0
2025-12-24 14:45:00,21404.6
2025-12-24 15:00:00,21620.9
2025-12-24 15:15:00,21747.9
2025-12-24 15:30:00,21921.5
2025-12-24 15:45:00,22271.7
2025-12-24 16:00:00,22228.9
2025-12-24 16:15:00,22450.3
2025-12-24 16:30:00,22653.6
2025-12-24 16:45:00,22895.6
2025-12-24 17:00:00,22960.9
2025-12-24 17:15:00,23497.1
2025-12-24 17:30:00,23463.8
2025-12-24 17:45:00,23811.3
2025-12-24 18:00:00,23856.7
2025-12-24 18:15:00,24022.9
2025-12-24 18:30:00,23878.3
2025-12-24 18:45:00,23637.8
2025-12-24 19:00:00,23555.8
2025-12-24 19:15:00,23119.9
2025-12-24 19:30:00,23261.4
2025-12-24 19:45:00,22997.1
2025-12-24 20:00:00,22925.4
2025-12-24 20:15:00,22729.7
2025-12-24 20:30:00,22810.8
2025-12-24 20:45:00,22269.1
2025-12-24 21:00:00,21808.8
2025-12-24 21:15:00,21670.0
2025-12-24 21:30:00,20912.3
2025-12-24 21:45:00,20206.1
2025-12-24 22:00:00,19658.0
2025-12-24 22:15:00,18679.1
2025-12-24 22:30:00,18245.6
2025-12-24 22:45:00,17813.6
2025-12-24 23:00:00,17329.3
2025-12-24 23:15:00,16674.6
2025-12-24 23:30:00,15893.8
2025-12-24 23:45:00,15698.7
2025-12-25 00:00:00,18745.3
2025-12-25 00:15:00,17925.5
2025-12-25 00:30:00,17627.4
2025-12-25 00:45:00,16722.1
2025-12-25 01:00:00,16141.8
2025-12-25 01:15:00,15515.2
2025-12-25 01:30:00,15393.0
2025-12-25 01:45:00,15872.0
2025-12-25 02:00:00,15555.9
2025-12-25 02:15:00,14925.2
2025-12-25 02:30:00,14791.8
2025-12-25 02:45:00,14558.4
2025-12-25 03:00:00,14531.6
2025-12-25 03:15:00,14330.8
2025-12-25 03:30:00,14281.4
2025-12-25 03:45:00,14394.4
2025-12-25 04:00:00,14337.1
2025-12-25 04:15:00,13929.8
2025-12-25 04:30:00,14194.9
2025-12-25 04:45:00,14071.1
2025-12-25 05:00:00,14267.1
2025-12-25 05:15:00,14583.6
2025-12-25 05:30:00,14729.7
2025-12-25 05:45:00,14652.5
2025-12-25 06:00:00,14726.8
2025-12-25 06:15:00,15004.8
2025-12-25 06:30:00,15731.5
2025-12-25 06:45:00,16069.5
2025-12-25 07:00:00,17419.3
2025-12-25 07:15:00,18067.8
2025-12-25 07:30:00,18804.2
2025-12-25 07:45:00,19513.8
2025-12-25 08:00:00,20270.2
2025-12-25 08:15:00,21009.4
2025-12-25 08:30:00,20877.1
2025-12-25 08:45:00,21193.3
2025-12-25 09:00:00,20735.7
2025-12-25 09:15:00,20424.0
2025-12-25 09:30:00,20345.7
2025-12-25 09:45:00,19955.4
2025-12-25 10:00:00,19605.6
2025-12-25 10:15:00,19666.9
2025-12-25 10:30:00,19685.5
2025-12-25 10:45:00,20184.3
2025-12-25 11:00:00,20807.8
2025-12-25 11:15:00,20227.5
2025-12-25 11:30:00,20236.0
2025-12-25 11:45:00,19580.8
2025-12-25 12:00:00,21096.7
2025-12-25 12:15:00,21165.9
2025-12-25 12:30:00,20732.0
2025-12-25 12:45:00,20253.4
2025-12-25 13:00:00,20284.9
2025-12-25 13:15:00,19819.3
2025-12-25 13:30:00,19720.7
2025-12-25 13:45:00,19050.1
2025-12-25 14:00:00,18399.7
2025-12-25 14:15:00,18049.5
2025-12-25 14:30:00,18066.3
2025-12-25 14:45:00,18543.4
2025-12-25 15:00:00,18820.6
2025-12-25 15:15:00,18807.3
2025-12-25 15:30:00,19203.5
2025-12-25 15:45:00,19584.6
2025-12-25 16:00:00,20475.5
2025-12-25 16:15:00,20703.7
2025-12-25 16:30:00,21203.6
2025-12-25 16:45:00,21385.4
2025-12-25 17:00:00,21454.4
2025-12-25 17:15:00,21765.6
2025-12-25 17:30:00,22334.8
2025-12-25 17:45:00,22705.9
2025-12-25 18:00:00,23214.1
2025-12-25 18:15:00,22978.8
2025-12-25 18:30:00,23193.4
2025-12-25 18:45:00,23221.3
2025-12-25 19:00:00,23337.7
2025-12-25 19:15:00,23304.1
2025-12-25 19:30:00,23184.7
2025-12-25 19:45:00,23000.5
2025-12-25 20:00:00,23216.9
2025-12-25 20:15:00,22989.4
2025-12-25 20:30:00,22970.2
2025-12-25 20:45:00,22708.2
2025-12-25 21:00:00,22053.5
2025-12-25 21:15:00,21881.1
2025-12-25 21:30:00,21206.5
2025-12-25 21:45:00,20614.7
2025-12-25 22:00:00,19975.2
2025-12-25 22:15:00,19336.0
2025-12-25 22:30:00,18431.2
2025-12-25 22:45:00,17499.9
2025-12-25 23:00:00,16812.1
2025-12-25 23:15:00,16095.5
2025-12-25 23:30:00,15409.4
2025-12-25 23:45:00,14924.1
2025-12-26 00:00:00,18342.0
2025-12-26 00:15:00,18214.2
2025-12-26 00:30:00,17529.2
2025-12-26 00:45:00,16741.1
2025-12-26 01:00:00,16119.0
2025-12-26 01:15:00,15507.1
2025-12-26 01:30:00,15090.8
2025-12-26 01:45:00,14616.7
2025-12-26 02:00:00,14356.2
2025-12-26 02:15:00,14184.1
2025-12-26 02:30:00,14463.3
2025-12-26 02:45:00,14394.8
2025-12-26 03:00:00,14201.5
2025-12-26 03:15:00,14119.3
2025-12-26 03:30:00,14031.0
2025-12-26 03:45:00,13900.1
2025-12-26 04:00:00,13711.8
2025-12-26 04:15:00,13609.3
2025-12-26 04:30:00,13539.2
2025-12-26 04:45:00,13565.1
2025-12-26 05:00:00,13634.5
2025-12-26 05:15:00,13902.1
2025-12-26 05:30:00,14097.8
2025-12-26 05:45:00,14156.9
2025-12-26 06:00:00,14252.6
2025-12-26 06:15:00,14898.0
2025-12-26 06:30:00,15074.1
2025-12-26 06:45:00,16310.0
2025-12-26 07:00:00,17784.9
2025-12-26 07:15:00,18652.2
2025-12-26 07:30:00,19340.6
2025-12-26 07:45:00,20029.1
2025-12-26 08:00:00,20736.1
2025-12-26 08:15:00,21003.0
2025-12-26 08:30:00,21191.7
2025-12-26 08:45:00,21191.1
2025-12-26 09:00:00,20941.2
2025-12-26 09:15:00,20296.5
2025-12-26 09:30:00,19937.7
2025-12-26 09:45:00,20116.2
2025-12-26 10:00:00,19670.3
2025-12-26 10:15:00,20060.9
2025-12-26 10:30:00,19702.5
2025-12-26 10:45:00,19896.8
2025-12-26 11:00:00,19947.9
2025-12-26 11:15:00,19757.2
2025-12-26 11:30:00,20427.9
2025-12-26 11:45:00,20755.4
2025-12-26 12:00:00,22659.5
2025-12-26 12:15:00,21966.6
2025-12-26 12:30:00,21555.9
2025-12-26 12:45:00,21870.9
2025-12-26 13:00:00,21908.7
2025-12-26 13:15:00,21475.1
2025-12-26 13:30:00,21214.3
2025-12-26 13:45:00,20466.7
2025-12-26 14:00:00,19719.3
2025-12-26 14:15:00,19621.3
2025-12-26 14:30:00,19606.9
2025-12-26 14:45:00,19617.9
2025-12-26 15:00:00,19631.4
2025-12-26 15:15:00,18905.2
2025-12-26 15:30:00,18691.0
2025-12-26 15:45:00,19272.8
2025-12-26 16:00:00,20058.9
2025-12-26 16:15:00,20199.4
2025-12-26 16:30:00,20528.4
2025-12-26 16:45:00,21138.2
2025-12-26 17:00:00,21684.7
2025-12-26 17:15:00,22000.8
2025-12-26 17:30:00,22632.7
2025-12-26 17:45:00,22496.5
2025-12-26 18:00:00,23210.3
2025-12-26 18:15:00,23357.5
2025-12-26 18:30:00,23277.1
2025-12-26 18:45:00,23117.0
2025-12-26 19:00:00,22944.7
2025-12-26 19:15:00,22720.9
2025-12-26 19:30:00,22655.9
2025-12-26 19:45:00,22453.2
2025-12-26 20:00:00,22761.2
2025-12-26 20:15:00,22582.2
2025-12-26 20:30:00,22703.7
2025-12-26 20:45:00,22080.4
2025-12-26 21:00:00,22084.3
2025-12-26 21:15:00,21724.2
2025-12-26 21:30:00,21448.4
2025-12-26 21:45:00,21047.3
2025-12-26 22:00:00,20367.8
2025-12-26 22:15:00,19648.6
2025-12-26 22:30:00,19034.7
2025-12-26 22:45:00,18030.1
2025-12-26 23:00:00,17430.1
2025-12-26 23:15:00,16434.9
2025-12-26 23:30:00,15700.2
2025-12-26 23:45:00,15298.1
2025-12-27 00:00:00,19180.8
2025-12-27 00:15:00,19006.0
2025-12-27 00:30:00,18172.7
2025-12-27 00:45:00,17161.8
2025-12-27 01:00:00,16590.3
2025-12-27 01:15:00,16063.4
2025-12-27 01:30:00,15476.1
2025-12-27 01:45:00,14835.6
2025-12-27 02:00:00,14516.7
2025-12-27 02:15:00,14295.2
2025-12-27 02:30:00,13962.9
2025-12-27 02:45:00,13668.3
2025-12-27 03:00:00,13524.5
2025-12-27 03:15:00,13523.2
2025-12-27 03:30:00,13826.0
2025-12-27 03:45:00,13802.7
2025-12-27 04:00:00,13600.2
2025-12-27 04:15:00,13581.2
2025-12-27 04:30:00,13486.4
2025-12-27 04:45:00,13575.6
2025-12-27 05:00:00,13616.8
2025-12-27 05:15:00,13283.2
2025-12-27 05:30:00,12861.2
2025-12-27 05:45:00,13576.3
2025-12-27 06:00:00,13553.5
2025-12-27 06:15:00,13943.4
2025-12-27 06:30:00,13832.0
2025-12-27 06:45:00,14267.8
2025-12-27 07:00:00,15194.4
2025-12-27 07:15:00,16118.3
2025-12-27 07:30:00,17054.6
2025-12-27 07:45:00,18038.2
2025-12-27 08:00:00,19127.9
2025-12-27 08:15:00,19410.7
2025-12-27 08:30:00,19492.7
2025-12-27 08:45:00,19409.7
2025-12-27 09:00:00,19279.5
2025-12-27 09:15:00,18936.9
2025-12-27 09:30:00,18338.9
2025-12-27 09:45:00,18318.5
2025-12-27 10:00:00,18116.1
2025-12-27 10:15:00,18224.7
2025-12-27 10:30:00,18146.6
2025-12-27 10:45:00,18799.6
2025-12-27 11:00:00,18969.1
2025-12-27 11:15:00,18879.0
2025-12-27 11:30:00,18276.7
2025-12-27 11:45:00,17981.3
2025-12-27 12:00:00,19633.6
2025-12-27 12:15:00,19652.4
2025-12-27 12:30:00,19242.4
2025-12-27 12:45:00,19397.3
2025-12-27 13:00:00,19787.9
2025-12-27 13:15:00,20098.9
2025-12-27 13:30:00,20476.8
2025-12-27 13:45:00,20335.6
2025-12-27 14:00:00,19740.2
2025-12-27 14:15:00,19627.9
2025-12-27 14:30:00,19571.2
2025-12-27 14:45:00,19057.4
2025-12-27 15:00:00,18938.4
2025-12-27 15:15:00,17704.8
2025-12-27 15:30:00,16803.8
2025-12-27 15:45:00,16171.0
2025-12-27 16:00:00,16429.5
2025-12-27 16:15:00,17686.8
2025-12-27 16:30:00,18722.8
2025-12-27 16:45:00,19237.1
2025-12-27 17:00:00,20403.8
2025-12-27 17:15:00,20867.9
2025-12-27 17:30:00,21379.4
2025-12-27 17:45:00,22138.7
2025-12-27 18:00:00,22610.9
2025-12-27 18:15:00,22614.3
2025-12-27 18:30:00,22476.4
2025-12-27 18:45:00,22451.3
2025-12-27 19:00:00,22391.1
2025-12-27 19:15:00,22051.6
2025-12-27 19:30:00,22078.7
2025-12-27 19:45:00,21673.6
2025-12-27 20:00:00,21612.8
2025-12-27 20:15:00,21660.2
2025-12-27 20:30:00,21594.5
2025-12-27 20:45:00,21077.2
2025-12-27 21:00:00,20791.7
2025-12-27 21:15:00,20538.1
2025-12-27 21:30:00,20144.9
2025-12-27 21:45:00,19790.0
2025-12-27 22:00:00,18949.5
2025-12-27 22:15:00,18477.4
2025-12-27 22:30:00,17712.6
2025-12-27 22:45:00,17068.5
2025-12-27 23:00:00,16637.0
2025-12-27 23:15:00,15826.8
2025-12-27 23:30:00,15175.9
2025-12-27 23:45:00,15252.9
2025-12-28 00:00:00,18411.4
2025-12-28 00:15:00,18147.3
2025-12-28 00:30:00,17653.9
2025-12-28 00:45:00,16616.3
2025-12-28 01:00:00,15955.7
2025-12-28 01:15:00,15213.6
2025-12-28 01:30:00,14675.3
2025-12-28 01:45:00,14343.1
2025-12-28 02:00:00,14326.2
2025-12-28 02:15:00,14630.6
2025-12-28 02:30:00,14563.7
2025-12-28 02:45:00,14326.7
2025-12-28 03:00:00,13731.8
2025-12-28 03:15:00,13387.1
2025-12-28 03:30:00,13215.4
2025-12-28 03:45:00,12979.9
2025-12-28 04:00:00,12987.7
2025-12-28 04:15:00,13024.9
2025-12-28 04:30:00,12966.0
2025-12-28 04:45:00,12875.6
2025-12-28 05:00:00,13127.1
2025-12-28 05:15:00,13167.0
2025-12-28 05:30:00,13250.0
2025-12-28 05:45:00,13076.1
2025-12-28 06:00:00,13035.3
2025-12-28 06:15:00,13444.7
2025-12-28 06:30:00,13707.6
2025-12-28 06:45:00,13647.9
2025-12-28 07:00:00,14045.9
2025-12-28 07:15:00,15414.0
2025-12-28 07:30:00,16258.9
2025-12-28 07:45:00,17391.6
2025-12-28 08:00:00,18190.4
2025-12-28 08:15:00,18482.7
2025-12-28 08:30:00,18526.7
2025-12-28 08:45:00,18449.6
2025-12-28 09:00:00,18183.0
2025-12-28 09:15:00,17832.6
2025-12-28 09:30:00,17327.9
2025-12-28 09:45:00,16843.4
2025-12-28 10:00:00,16277.0
2025-12-28 10:15:00,16170.8
2025-12-28 10:30:00,16843.6
2025-12-28 10:45:00,17276.0
2025-12-28 11:00:00,17681.1
2025-12-28 11:15:00,16896.1
2025-12-28 11:30:00,16122.8
2025-12-28 11:45:00,15636.7
2025-12-28 12:00:00,17295.7
2025-12-28 12:15:00,16821.5
2025-12-28 12:30:00,16429.5
2025-12-28 12:45:00,16165.8
2025-12-28 13:00:00,16156.6
2025-12-28 13:15:00,15967.6
2025-12-28 13:30:00,15858.8
2025-12-28 13:45:00,15156.6
2025-12-28 14:00:00,14445.4
2025-12-28 14:15:00,14380.0
2025-12-28 14:30:00,14729.0
2025-12-28 14:45:00,15110.0
2025-12-28 15:00:00,15517.5
2025-12-28 15:15:00,15635.1
2025-12-28 15:30:00,16287.1
2025-12-28 15:45:00,16459.5
2025-12-28 16:00:00,16335.0
2025-12-28 16:15:00,16987.3
2025-12-28 16:30:00,17260.6
2025-12-28 16:45:00,18562.8
2025-12-28 17:00:00,20196.8
2025-12-28 17:15:00,20303.1
2025-12-28 17:30:00,21035.2
2025-12-28 17:45:00,21145.0
2025-12-28 18:00:00,21691.9
2025-12-28 18:15:00,21844.2
2025-12-28 18:30:00,21739.8
2025-12-28 18:45:00,21738.0
2025-12-28 19:00:00,21474.1
2025-12-28 19:15:00,21159.5
2025-12-28 19:30:00,21162.7
2025-12-28 19:45:00,21096.4
2025-12-28 20:00:00,20959.1
2025-12-28 20:15:00,21043.2
2025-12-28 20:30:00,21080.5
2025-12-28 20:45:00,20751.5
2025-12-28 21:00:00,20476.6
2025-12-28 21:15:00,20357.6
2025-12-28 21:30:00,19413.9
2025-12-28 21:45:00,18935.1
2025-12-28 22:00:00,17876.7
2025-12-28 22:15:00,17137.9
2025-12-28 22:30:00,16380.6
2025-12-28 22:45:00,15753.8
2025-12-28 23:00:00,15113.5
2025-12-28 23:15:00,14353.0
2025-12-28 23:30:00,13751.3
2025-12-28 23:45:00,13366.6
2025-12-29 00:00:00,17269.9
2025-12-29 00:15:00,16750.4
2025-12-29 00:30:00,16162.5
2025-12-29 00:45:00,15302.4
2025-12-29 01:00:00,14380.9
2025-12-29 01:15:00,13626.0
2025-12-29 01:30:00,13375.0
2025-12-29 01:45:00,13376.0
2025-12-29 02:00:00,13585.9
2025-12-29 02:15:00,13358.4
2025-12-29 02:30:00,13090.1
2025-12-29 02:45:00,12999.6
2025-12-29 03:00:00,12900.4
2025-12-29 03:15:00,12547.4
2025-12-29 03:30:00,12455.2
2025-12-29 03:45:00,12350.7
2025-12-29 04:00:00,12277.7
2025-12-29 04:15:00,12058.7
2025-12-29 04:30:00,12048.5
2025-12-29 04:45:00,12159.6
2025-12-29 05:00:00,12355.9
2025-12-29 05:15:00,12527.5
2025-12-29 05:30:00,12814.5
2025-12-29 05:45:00,12877.4
2025-12-29 06:00:00,13074.8
2025-12-29 06:15:00,13707.1
2025-12-29 06:30:00,14086.9
2025-12-29 06:45:00,15076.2
2025-12-29 07:00:00,16039.7
2025-12-29 07:15:00,17199.1
2025-12-29 07:30:00,17934.9
2025-12-29 07:45:00,18438.7
2025-12-29 08:00:00,18891.9
2025-12-29 08:15:00,19483.2
2025-12-29 08:30:00,19430.1
2025-12-29 08:45:00,19308.1
2025-12-29 09:00:00,19110.7
2025-12-29 09:15:00,19404.8
2025-12-29 09:30:00,19313.4
2025-12-29 09:45:00,19541.7
2025-12-29 10:00:00,20147.5
2025-12-29 10:15:00,21652.7
2025-12-29 10:30:00,22064.1
2025-12-29 10:45:00,22622.4
2025-12-29 11:00:00,23754.9
2025-12-29 11:15:00,24251.3
2025-12-29 11:30:00,23778.8
2025-12-29 11:45:00,22684.0
2025-12-29 12:00:00,24114.1
2025-12-29 12:15:00,23809.7
2025-12-29 12:30:00,23148.2
2025-12-29 12:45:00,22559.4
2025-12-29 13:00:00,22212.0
2025-12-29 13:15:00,21577.7
2025-12-29 13:30:00,21262.8
2025-12-29 13:45:00,20952.6
2025-12-29 14:00:00,20715.9
2025-12-29 14:15:00,19858.8
2025-12-29 14:30:00,19681.7
2025-12-29 14:45:00,19199.6
2025-12-29 15:00:00,19253.2
2025-12-29 15:15:00,19617.3
2025-12-29 15:30:00,19803.7
2025-12-29 15:45:00,19901.7
2025-12-29 16:00:00,19868.4
2025-12-29 16:15:00,20069.2
2025-12-29 16:30:00,20476.8
2025-12-29 16:45:00,20035.5
2025-12-29 17:00:00,20688.2
2025-12-29 17:15:00,20851.7
2025-12-29 17:30:00,21047.7
2025-12-29 17:45:00,21661.2
2025-12-29 18:00:00,22092.1
2025-12-29 18:15:00,22037.9
2025-12-29 18:30:00,22063.1
2025-12-29 18:45:00,21980.9
2025-12-29 19:00:00,21669.2
2025-12-29 19:15:00,21298.4
2025-12-29 19:30:00,21312.6
2025-12-29 19:45:00,20717.1
2025-12-29 20:00:00,20973.1
2025-12-29 20:15:00,20955.8
2025-12-29 20:30:00,20792.8
2025-12-29 20:45:00,20485.6
2025-12-29 21:00:00,20140.9
2025-12-29 21:15:00,19770.1
2025-12-29 21:30:00,19363.4
2025-12-29 21:45:00,18819.9
2025-12-29 22:00:00,17895.5
2025-12-29 22:15:00,17230.2
2025-12-29 22:30:00,16422.4
2025-12-29 22:45:00,15551.4
2025-12-29 23:00:00,14888.8
2025-12-29 23:15:00,14272.9
2025-12-29 23:30:00,13422.6
2025-12-29 23:45:00,13180.5
2025-12-30 00:00:00,16789.8
2025-12-30 00:15:00,16523.4
2025-12-30 00:30:00,15640.2
2025-12-30 00:45:00,14956.9
2025-12-30 01:00:00,14588.0
2025-12-30 01:15:00,14508.5
2025-12-30 01:30:00,14275.0
2025-12-30 01:45:00,13838.9
2025-12-30 02:00:00,13606.5
2025-12-30 02:15:00,13394.9
2025-12-30 02:30:00,13015.3
2025-12-30 02:45:00,12782.1
2025-12-30 03:00:00,12621.8
2025-12-30 03:15:00,12521.2
2025-12-30 03:30:00,12420.9
2025-12-30 03:45:00,12165.8
2025-12-30 04:00:00,12209.4
2025-12-30 04:15:00,12259.9
2025-12-30 04:30:00,12116.4
2025-12-30 04:45:00,12211.2
2025-12-30 05:00:00,12388.0
2025-12-30 05:15:00,12676.5
2025-12-30 05:30:00,12826.2
2025-12-30 05:45:00,12705.6
2025-12-30 06:00:00,13130.0
2025-12-30 06:15:00,13754.8
2025-12-30 06:30:00,14758.2
2025-12-30 06:45:00,15189.3
2025-12-30 07:00:00,15671.4
2025-12-30 07:15:00,16481.0
2025-12-30 07:30:00,16956.4
2025-12-30 07:45:00,17745.7
2025-12-30 08:00:00,18314.4
2025-12-30 08:15:00,18937.9
2025-12-30 08:30:00,19009.9
2025-12-30 08:45:00,19161.2
2025-12-30 09:00:00,19189.6
2025-12-30 09:15:00,18968.3
2025-12-30 09:30:00,19069.5
2025-12-30 09:45:00,18647.7
2025-12-30 10:00:00,18686.0
2025-12-30 10:15:00,18832.7
2025-12-30 10:30:00,19166.3
2025-12-30 10:45:00,19273.2
2025-12-30 11:00:00,19710.1
2025-12-30 11:15:00,19529.0
2025-12-30 11:30:00,19138.4
2025-12-30 11:45:00,18586.5
2025-12-30 12:00:00,19908.1
2025-12-30 12:15:00,19615.0
2025-12-30 12:30:00,19356.9
2025-12-30 12:45:00,18681.6
2025-12-30 13:00:00,18970.3
2025-12-30 13:15:00,18382.7
2025-12-30 13:30:00,18109.6
2025-12-30 13:45:00,17409.5
2025-12-30 14:00:00,16726.6
2025-12-30 14:15:00,16802.2
2025-12-30 14:30:00,16947.1
2025-12-30 14:45:00,17554.5
2025-12-30 15:00:00,17844.2
2025-12-30 15:15:00,17576.5
2025-12-30 15:30:00,17107.4
2025-12-30 15:45:00,17519.3
2025-12-30 16:00:00,17977.1
2025-12-30 16:15:00,18846.4
2025-12-30 16:30:00,19273.5
2025-12-30 16:45:00,19358.5
2025-12-30 17:00:00,19887.4
2025-12-30 17:15:00,20170.7
2025-12-30 17:30:00,20535.5
2025-12-30 17:45:00,20781.6
2025-12-30 18:00:00,21089.6
2025-12-30 18:15:00,21087.7
2025-12-30 18:30:00,21150.6
2025-12-30 18:45:00,20493.3
2025-12-30 19:00:00,19880.2
2025-12-30 19:15:00,19740.3
2025-12-30 19:30:00,19633.3
2025-12-30 19:45:00,19384.4
2025-12-30 20:00:00,19436.3
2025-12-30 20:15:00,19227.3
2025-12-30 20:30:00,19412.6
2025-12-30 20:45:00,18886.6
2025-12-30 21:00:00,18703.4
2025-12-30 21:15:00,18413.4
2025-12-30 21:30:00,18029.3
2025-12-30 21:45:00,17372.7
2025-12-30 22:00:00,16831.3
2025-12-30 22:15:00,16367.4
2025-12-30 22:30:00,15494.5
2025-12-30 22:45:00,14688.3
2025-12-30 23:00:00,14339.1
2025-12-30 23:15:00,14204.0
2025-12-30 23:30:00,13770.0
2025-12-30 23:45:00,14113.7
2025-12-31 00:00:00,16338.9
2025-12-31 00:15:00,16087.7
2025-12-31 00:30:00,15367.8
2025-12-31 00:45:00,14637.9
2025-12-31 01:00:00,13959.6
2025-12-31 01:15:00,13313.1
2025-12-31 01:30:00,12823.4
2025-12-31 01:45:00,13716.2
2025-12-31 02:00:00,13223.5
2025-12-31 02:15:00,13115.2
2025-12-31 02:30:00,12489.2
2025-12-31 02:45:00,12326.8
2025-12-31 03:00:00,12349.9
2025-12-31 03:15:00,11942.8
2025-12-31 03:30:00,11734.7
2025-12-31 03:45:00,11583.8
2025-12-31 04:00:00,11683.6
2025-12-31 04:15:00,11502.3
2025-12-31 04:30:00,11526.4
2025-12-31 04:45:00,11568.5
2025-12-31 05:00:00,11860.0
2025-12-31 05:15:00,12264.6
2025-12-31 05:30:00,12442.3
2025-12-31 05:45:00,12637.4
2025-12-31 06:00:00,12807.2
2025-12-31 06:15:00,13330.9
2025-12-31 06:30:00,14119.0
2025-12-31 06:45:00,14107.2
2025-12-31 07:00:00,15148.5
2025-12-31 07:15:00,15890.4
2025-12-31 07:30:00,16408.7
2025-12-31 07:45:00,17036.8
2025-12-31 08:00:00,17831.9
2025-12-31 08:15:00,18296.9
2025-12-31 08:30:00,18606.9
2025-12-31 08:45:00,18795.7
2025-12-31 09:00:00,19000.2
2025-12-31 09:15:00,18937.1
2025-12-31 09:30:00,19075.0
2025-12-31 09:45:00,19001.7
2025-12-31 10:00:00,19365.7
2025-12-31 10:15:00,19402.6
2025-12-31 10:30:00,20114.8
2025-12-31 10:45:00,20112.8
2025-12-31 11:00:00,20859.2
2025-12-31 11:15:00,20781.3
2025-12-31 11:30:00,20347.6
2025-12-31 11:45:00,19758.6
2025-12-31 12:00:00,21566.7
2025-12-31 12:15:00,21452.0
2025-12-31 12:30:00,21448.7
2025-12-31 12:45:00,20996.0
2025-12-31 13:00:00,21316.6
2025-12-31 13:15:00,21011.3
2025-12-31 13:30:00,20772.6
2025-12-31 13:45:00,19902.6
2025-12-31 14:00:00,19311.3
2025-12-31 14:15:00,18853.9
2025-12-31 14:30:00,18925.2
2025-12-31 14:45:00,19032.0
2025-12-31 15:00:00,19268.4
2025-12-31 15:15:00,19513.5
2025-12-31 15:30:00,19462.5
2025-12-31 15:45:00,19684.6
2025-12-31 16:00:00,19736.9
2025-12-31 16:15:00,20485.8
2025-12-31 16:30:00,20679.0
2025-12-31 16:45:00,21195.7
2025-12-31 17:00:00,21633.0
2025-12-31 17:15:00,21929.7
2025-12-31 17:30:00,22165.2
2025-12-31 17:45:00,22197.0
2025-12-31 18:00:00,22426.0
2025-12-31 18:15:00,21943.8
2025-12-31 18:30:00,22317.4
2025-12-31 18:45:00,22149.4
2025-12-31 19:00:00,21744.3
2025-12-31 19:15:00,21911.1
2025-12-31 19:30:00,21634.6
2025-12-31 19:45:00,21413.5
2025-12-31 20:00:00,21540.3
2025-12-31 20:15:00,20948.7
2025-12-31 20:30:00,21057.5
2025-12-31 20:45:00,20504.5
2025-12-31 21:00:00,20184.4
2025-12-31 21:15:00,20269.6
2025-12-31 21:30:00,19641.7
2025-12-31 21:45:00,19344.5
2025-12-31 22:00:00,18569.8
2025-12-31 22:15:00,18052.5
2025-12-31 22:30:00,17460.7
2025-12-31 22:45:00,16739.2
2025-12-31 23:00:00,17296.8
2025-12-31 23:15:00,17257.2
2025-12-31 23:30:00,16696.9
2025-12-31 23:45:00,16078.9
2026-01-01 00:00:00,19077.4
2026-01-01 00:15:00,18929.3
2026-01-01 00:30:00,18182.5
2026-01-01 00:45:00,17669.9
2026-01-01 01:00:00,17002.4
2026-01-01 01:15:00,17259.2
2026-01-01 01:30:00,16895.1
2026-01-01 01:45:00,16489.7
2026-01-01 02:00:00,16006.3
2026-01-01 02:15:00,15928.0
2026-01-01 02:30:00,15632.3
2026-01-01 02:45:00,15270.5
2026-01-01 03:00:00,14870.3
2026-01-01 03:15:00,14799.0
2026-01-01 03:30:00,14696.2
2026-01-01 03:45:00,14590.0
2026-01-01 04:00:00,14411.2
2026-01-01 04:15:00,14293.1
2026-01-01 04:30:00,14056.5
2026-01-01 04:45:00,13821.5
2026-01-01 05:00:00,13848.8
2026-01-01 05:15:00,13794.1
2026-01-01 05:30:00,13749.0
2026-01-01 05:45:00,13785.3
2026-01-01 06:00:00,13662.0
2026-01-01 06:15:00,13617.3
2026-01-01 06:30:00,13348.4
2026-01-01 06:45:00,13749.6
2026-01-01 07:00:00,14386.3
2026-01-01 07:15:00,15562.6
2026-01-01 07:30:00,16271.9
2026-01-01 07:45:00,17192.9
2026-01-01 08:00:00,17626.5
2026-01-01 08:15:00,18494.5
2026-01-01 08:30:00,19025.8
2026-01-01 08:45:00,19698.8
2026-01-01 09:00:00,19998.4
2026-01-01 09:15:00,20486.6
2026-01-01 09:30:00,20800.3
2026-01-01 09:45:00,20898.6
2026-01-01 10:00:00,21242.5
2026-01-01 10:15:00,21584.9
2026-01-01 10:30:00,21966.3
2026-01-01 10:45:00,21974.3
2026-01-01 11:00:00,22597.9
2026-01-01 11:15:00,22491.6
2026-01-01 11:30:00,22123.5
2026-01-01 11:45:00,21735.9
2026-01-01 12:00:00,23818.9
2026-01-01 12:15:00,23638.4
2026-01-01 12:30:00,23640.0
2026-01-01 12:45:00,22987.2
2026-01-01 13:00:00,23034.9
2026-01-01 13:15:00,22316.2
2026-01-01 13:30:00,21906.8
2026-01-01 13:45:00,22264.4
2026-01-01 14:00:00,21293.1
2026-01-01 14:15:00,21169.3
2026-01-01 14:30:00,20863.6
2026-01-01 14:45:00,20096.2
2026-01-01 15:00:00,20602.6
2026-01-01 15:15:00,20915.3
2026-01-01 15:30:00,21003.1
2026-01-01 15:45:00,21401.2
2026-01-01 16:00:00,21174.4
2026-01-01 16:15:00,21821.2
2026-01-01 16:30:00,22306.9
2026-01-01 16:45:00,22748.8
2026-01-01 17:00:00,22999.8
2026-01-01 17:15:00,23569.4
2026-01-01 17:30:00,23780.5
2026-01-01 17:45:00,23769.3
2026-01-01 18:00:00,23893.0
2026-01-01 18:15:00,23722.9
2026-01-01 18:30:00,23540.7
2026-01-01 18:45:00,23446.6
2026-01-01 19:00:00,23456.2
2026-01-01 19:15:00,23403.8
2026-01-01 19:30:00,23378.2
2026-01-01 19:45:00,23041.2
2026-01-01 20:00:00,23100.6
2026-01-01 20:15:00,22893.6
2026-01-01 20:30:00,22686.1
2026-01-01 20:45:00,22609.4
2026-01-01 21:00:00,22177.2
2026-01-01 21:15:00,22147.4
2026-01-01 21:30:00,21661.5
2026-01-01 21:45:00,21434.2
2026-01-01 22:00:00,20845.9
2026-01-01 22:15:00,20148.1
2026-01-01 22:30:00,19215.8
2026-01-01 22:45:00,18441.4
2026-01-01 23:00:00,17745.0
2026-01-01 23:15:00,17857.9
2026-01-01 23:30:00,17378.1
2026-01-01 23:45:00,17265.6
2026-01-02 00:00:00,19207.1
2026-01-02 00:15:00,18954.1
2026-01-02 00:30:00,18331.8
2026-01-02 00:45:00,17647.4
2026-01-02 01:00:00,16480.4
2026-01-02 01:15:00,17008.1
2026-01-02 01:30:00,16368.3
2026-01-02 01:45:00,15736.9
2026-01-02 02:00:00,15396.4
2026-01-02 02:15:00,15025.5
2026-01-02 02:30:00,14683.2
2026-01-02 02:45:00,14254.1
2026-01-02 03:00:00,14297.3
2026-01-02 03:15:00,13963.2
2026-01-02 03:30:00,13961.1
2026-01-02 03:45:00,13703.5
2026-01-02 04:00:00,13731.6
2026-01-02 04:15:00,13558.7
2026-01-02 04:30:00,13530.6
2026-01-02 04:45:00,13325.3
2026-01-02 05:00:00,13537.2
2026-01-02 05:15:00,13402.4
2026-01-02 05:30:00,13450.7
2026-01-02 05:45:00,13421.2
2026-01-02 06:00:00,13217.2
2026-01-02 06:15:00,13267.6
2026-01-02 06:30:00,13757.6
2026-01-02 06:45:00,14348.5
2026-01-02 07:00:00,15335.3
2026-01-02 07:15:00,16051.7
2026-01-02 07:30:00,17392.2
2026-01-02 07:45:00,17956.1
2026-01-02 08:00:00,19335.3
2026-01-02 08:15:00,20135.1
2026-01-02 08:30:00,20641.3
2026-01-02 08:45:00,21078.6
2026-01-02 09:00:00,21439.2
2026-01-02 09:15:00,21747.1
2026-01-02 09:30:00,21714.5
2026-01-02 09:45:00,22157.0
2026-01-02 10:00:00,22421.4
2026-01-02 10:15:00,22650.6
2026-01-02 10:30:00,23176.7
2026-01-02 10:45:00,24327.6
2026-01-02 11:00:00,24811.3
2026-01-02 11:15:00,25303.6
2026-01-02 11:30:00,25180.5
2026-01-02 11:45:00,24887.6
2026-01-02 12:00:00,26396.5
2026-01-02 12:15:00,26514.7
2026-01-02 12:30:00,26337.9
2026-01-02 12:45:00,25348.6
2026-01-02 13:00:00,25455.9
2026-01-02 13:15:00,24936.8
2026-01-02 13:30:00,24359.5
2026-01-02 13:45:00,24539.9
2026-01-02 14:00:00,23660.1
2026-01-02 14:15:00,23706.0
2026-01-02 14:30:00,23624.4
2026-01-02 14:45:00,22500.0
2026-01-02 15:00:00,22630.8
2026-01-02 15:15:00,22936.8
2026-01-02 15:30:00,23068.2
2026-01-02 15:45:00,23287.4
2026-01-02 16:00:00,23266.8
2026-01-02 16:15:00,24229.9
2026-01-02 16:30:00,24647.8
2026-01-02 16:45:00,24534.5
2026-01-02 17:00:00,25467.0
2026-01-02 17:15:00,25521.2
2026-01-02 17:30:00,26105.3
2026-01-02 17:45:00,25786.2
2026-01-02 18:00:00,26030.1
2026-01-02 18:15:00,25790.5
2026-01-02 18:30:00,25996.4
2026-01-02 18:45:00,26067.3
2026-01-02 19:00:00,25869.0
2026-01-02 19:15:00,25553.6
2026-01-02 19:30:00,25690.3
2026-01-02 19:45:00,25333.3
2026-01-02 20:00:00,25441.1
2026-01-02 20:15:00,25317.5
2026-01-02 20:30:00,25149.0
2026-01-02 20:45:00,24820.9
2026-01-02 21:00:00,24494.8
2026-01-02 21:15:00,24069.8
2026-01-02 21:30:00,23794.0
2026-01-02 21:45:00,23349.0
2026-01-02 22:00:00,22877.5
2026-01-02 22:15:00,22138.0
2026-01-02 22:30:00,21088.0
2026-01-02 22:45:00,20277.5
2026-01-02 23:00:00,19574.6
2026-01-02 23:15:00,19634.9
2026-01-02 23:30:00,18939.2
2026-01-02 23:45:00,18678.6
2026-01-03 00:00:00,21342.3
2026-01-03 00:15:00,20797.4
2026-01-03 00:30:00,20163.3
2026-01-03 00:45:00,19148.5
2026-01-03 01:00:00,18689.7
2026-01-03 01:15:00,17864.5
2026-01-03 01:30:00,17302.1
2026-01-03 01:45:00,16547.3
2026-01-03 02:00:00,16142.5
2026-01-03 02:15:00,15798.2
2026-01-03 02:30:00,15754.0
2026-01-03 02:45:00,15776.8
2026-01-03 03:00:00,15657.1
2026-01-03 03:15:00,15341.0
2026-01-03 03:30:00,15365.3
2026-01-03 03:45:00,15115.5
2026-01-03 04:00:00,15011.8
2026-01-03 04:15:00,14751.2
2026-01-03 04:30:00,14900.1
2026-01-03 04:45:00,14910.8
2026-01-03 05:00:00,14819.5
2026-01-03 05:15:00,14892.8
2026-01-03 05:30:00,14772.8
2026-01-03 05:45:00,14735.6
2026-01-03 06:00:00,14559.3
2026-01-03 06:15:00,14560.0
2026-01-03 06:30:00,14885.9
2026-01-03 06:45:00,15499.6
2026-01-03 07:00:00,15897.7
2026-01-03 07:15:00,16519.1
2026-01-03 07:30:00,17664.5
2026-01-03 07:45:00,19080.9
2026-01-03 08:00:00,20353.8
2026-01-03 08:15:00,21752.5
2026-01-03 08:30:00,22499.0
2026-01-03 08:45:00,22798.8
2026-01-03 09:00:00,23437.5
2026-01-03 09:15:00,23641.1
2026-01-03 09:30:00,24187.1
2026-01-03 09:45:00,24123.2
2026-01-03 10:00:00,24419.2
2026-01-03 10:15:00,25025.1
2026-01-03 10:30:00,25548.6
2026-01-03 10:45:00,26358.8
2026-01-03 11:00:00,26849.8
2026-01-03 11:15:00,26818.8
2026-01-03 11:30:00,26677.0
2026-01-03 11:45:00,26137.1
2026-01-03 12:00:00,27573.6
2026-01-03 12:15:00,27341.4
2026-01-03 12:30:00,27011.8
2026-01-03 12:45:00,26769.4
2026-01-03 13:00:00,26982.8
2026-01-03 13:15:00,26534.9
2026-01-03 13:30:00,26310.6
2026-01-03 13:45:00,25337.9
2026-01-03 14:00:00,24570.3
2026-01-03 14:15:00,24301.2
2026-01-03 14:30:00,24206.6
2026-01-03 14:45:00,24254.8
2026-01-03 15:00:00,24558.6
2026-01-03 15:15:00,24631.1
2026-01-03 15:30:00,24845.6
2026-01-03 15:45:00,24718.3
2026-01-03 16:00:00,25182.0
2026-01-03 16:15:00,25719.9
2026-01-03 16:30:00,26283.9
2026-01-03 16:45:00,26362.5
2026-01-03 17:00:00,27191.7
2026-01-03 17:15:00,26568.4
2026-01-03 17:30:00,26782.6
2026-01-03 17:45:00,27087.5
2026-01-03 18:00:00,27237.6
2026-01-03 18:15:00,26994.8
2026-01-03 18:30:00,27200.5
2026-01-03 18:45:00,27197.9
2026-01-03 19:00:00,26920.6
2026-01-03 19:15:00,26677.3
2026-01-03 19:30:00,26947.2
2026-01-03 19:45:00,27145.9
2026-01-03 20:00:00,27108.2
2026-01-03 20:15:00,27100.8
2026-01-03 20:30:00,26725.9
2026-01-03 20:45:00,26287.5
2026-01-03 21:00:00,25952.2
2026-01-03 21:15:00,25579.5
2026-01-03 21:30:00,24862.6
2026-01-03 21:45:00,24113.5
2026-01-03 22:00:00,23479.8
2026-01-03 22:15:00,22599.4
2026-01-03 22:30:00,21353.4
2026-01-03 22:45:00,20562.2
2026-01-03 23:00:00,19610.4
2026-01-03 23:15:00,18600.4
2026-01-03 23:30:00,17763.9
2026-01-03 23:45:00,17059.6
2026-01-04 00:00:00,20879.6
2026-01-04 00:15:00,20625.4
2026-01-04 00:30:00,20017.9
2026-01-04 00:45:00,19014.2
2026-01-04 01:00:00,18469.6
2026-01-04 01:15:00,18517.7
2026-01-04 01:30:00,18051.8
2026-01-04 01:45:00,17600.2
2026-01-04 02:00:00,17161.9
2026-01-04 02:15:00,16901.8
2026-01-04 02:30:00,16519.8
2026-01-04 02:45:00,16504.7
2026-01-04 03:00:00,16062.0
2026-01-04 03:15:00,15813.3
2026-01-04 03:30:00,15521.7
2026-01-04 03:45:00,15340.4
2026-01-04 04:00:00,15342.9
2026-01-04 04:15:00,15355.8
2026-01-04 04:30:00,15213.8
2026-01-04 04:45:00,15259.6
2026-01-04 05:00:00,15333.0
2026-01-04 05:15:00,15342.6
2026-01-04 05:30:00,15420.7
2026-01-04 05:45:00,15523.0
2026-01-04 06:00:00,15751.3
2026-01-04 06:15:00,16201.5
2026-01-04 06:30:00,16559.5
2026-01-04 06:45:00,17735.6
2026-01-04 07:00:00,18601.6
2026-01-04 07:15:00,19681.5
2026-01-04 07:30:00,20606.2
2026-01-04 07:45:00,21762.4
2026-01-04 08:00:00,23363.1
2026-01-04 08:15:00,25179.0
2026-01-04 08:30:00,25670.1
2026-01-04 08:45:00,25959.9
2026-01-04 09:00:00,26687.8
2026-01-04 09:15:00,27274.2
2026-01-04 09:30:00,26877.9
2026-01-04 09:45:00,27041.3
2026-01-04 10:00:00,27296.6
2026-01-04 10:15:00,27435.0
2026-01-04 10:30:00,28012.9
2026-01-04 10:45:00,28314.5
2026-01-04 11:00:00,28633.3
2026-01-04 11:15:00,28715.1
2026-01-04 11:30:00,28361.5
2026-01-04 11:45:00,28013.3
2026-01-04 12:00:00,29695.1
2026-01-04 12:15:00,29895.8
2026-01-04 12:30:00,29452.4
2026-01-04 12:45:00,29001.0
2026-01-04 13:00:00,29279.9
2026-01-04 13:15:00,28679.0
2026-01-04 13:30:00,28637.6
2026-01-04 13:45:00,28254.1
2026-01-04 14:00:00,27348.1
2026-01-04 14:15:00,26939.9
2026-01-04 14:30:00,26579.2
2026-01-04 14:45:00,25874.1
2026-01-04 15:00:00,25908.6
2026-01-04 15:15:00,25866.4
2026-01-04 15:30:00,25760.0
2026-01-04 15:45:00,25975.4
2026-01-04 16:00:00,26242.2
2026-01-04 16:15:00,26771.0
2026-01-04 16:30:00,27214.9
2026-01-04 16:45:00,27055.3
2026-01-04 17:00:00,27918.1
2026-01-04 17:15:00,28158.7
2026-01-04 17:30:00,28514.5
2026-01-04 17:45:00,28654.5
2026-01-04 18:00:00,28474.1
2026-01-04 18:15:00,28309.6
2026-01-04 18:30:00,28161.4
2026-01-04 18:45:00,28248.6
2026-01-04 19:00:00,28008.9
2026-01-04 19:15:00,27883.6
2026-01-04 19:30:00,27439.3
2026-01-04 19:45:00,27002.3
2026-01-04 20:00:00,27191.0
2026-01-04 20:15:00,26971.7
2026-01-04 20:30:00,26865.8
2026-01-04 20:45:00,26421.9
2026-01-04 21:00:00,25943.1
2026-01-04 21:15:00,25542.7
2026-01-04 21:30:00,24945.1
2026-01-04 21:45:00,24615.8
2026-01-04 22:00:00,23842.1
2026-01-04 22:15:00,22688.9
2026-01-04 22:30:00,21567.6
2026-01-04 22:45:00,20534.5
2026-01-04 23:00:00,20330.6
2026-01-04 23:15:00,19787.6
2026-01-04 23:30:00,18943.4
2026-01-04 23:45:00,18415.2
2026-01-05 00:00:00,21063.4
2026-01-05 00:15:00,20899.7
2026-01-05 00:30:00,20163.6
2026-01-05 00:45:00,19204.9
2026-01-05 01:00:00,18514.4
2026-01-05 01:15:00,18634.8
2026-01-05 01:30:00,18417.4
2026-01-05 01:45:00,17998.0
2026-01-05 02:00:00,17614.2
2026-01-05 02:15:00,17147.3
2026-01-05 02:30:00,16840.8
2026-01-05 02:45:00,16654.9
2026-01-05 03:00:00,16527.7
2026-01-05 03:15:00,16303.2
2026-01-05 03:30:00,16148.2
2026-01-05 03:45:00,15857.4
2026-01-05 04:00:00,15635.0
2026-01-05 04:15:00,15599.5
2026-01-05 04:30:00,15745.5
2026-01-05 04:45:00,15583.2
2026-01-05 05:00:00,15825.2
2026-01-05 05:15:00,15912.8
2026-01-05 05:30:00,16010.8
2026-01-05 05:45:00,16050.9
2026-01-05 06:00:00,16101.8
2026-01-05 06:15:00,16738.7
2026-01-05 06:30:00,17506.3
2026-01-05 06:45:00,18714.5
2026-01-05 07:00:00,19288.1
2026-01-05 07:15:00,20172.7
2026-01-05 07:30:00,20856.3
2026-01-05 07:45:00,22231.6
2026-01-05 08:00:00,23489.7
2026-01-05 08:15:00,24761.8
2026-01-05 08:30:00,25188.8
2026-01-05 08:45:00,25465.9
2026-01-05 09:00:00,25419.9
2026-01-05 09:15:00,25332.4
2026-01-05 09:30:00,25148.4
2026-01-05 09:45:00,24962.0
2026-01-05 10:00:00,25226.0
2026-01-05 10:15:00,25455.5
2026-01-05 10:30:00,26055.2
2026-01-05 10:45:00,26271.2
2026-01-05 11:00:00,26747.3
2026-01-05 11:15:00,26591.6
2026-01-05 11:30:00,26228.0
2026-01-05 11:45:00,25593.2
2026-01-05 12:00:00,26908.0
2026-01-05 12:15:00,27484.6
2026-01-05 12:30:00,27080.2
2026-01-05 12:45:00,26649.5
2026-01-05 13:00:00,26684.0
2026-01-05 13:15:00,26194.0
2026-01-05 13:30:00,25842.7
2026-01-05 13:45:00,25614.2
2026-01-05 14:00:00,24967.7
2026-01-05 14:15:00,24461.9
2026-01-05 14:30:00,24328.3
2026-01-05 14:45:00,23214.8
2026-01-05 15:00:00,23470.9
2026-01-05 15:15:00,23382.5
2026-01-05 15:30:00,23679.7
2026-01-05 15:45:00,23710.3
2026-01-05 16:00:00,24409.4
2026-01-05 16:15:00,24742.5
2026-01-05 16:30:00,24655.7
2026-01-05 16:45:00,24573.9
2026-01-05 17:00:00,25346.8
2026-01-05 17:15:00,25343.4
2026-01-05 17:30:00,25888.0
2026-01-05 17:45:00,26396.6
2026-01-05 18:00:00,26799.8
2026-01-05 18:15:00,26983.8
2026-01-05 18:30:00,27077.7
2026-01-05 18:45:00,27354.2
2026-01-05 19:00:00,27313.8
2026-01-05 19:15:00,27080.2
2026-01-05 19:30:00,26982.1
2026-01-05 19:45:00,26637.9
2026-01-05 20:00:00,26773.9
2026-01-05 20:15:00,26609.7
2026-01-05 20:30:00,26447.9
2026-01-05 20:45:00,26372.5
2026-01-05 21:00:00,25917.5
2026-01-05 21:15:00,25678.9
2026-01-05 21:30:00,25270.7
2026-01-05 21:45:00,24673.1
2026-01-05 22:00:00,23985.8
2026-01-05 22:15:00,23027.9
2026-01-05 22:30:00,21861.7
2026-01-05 22:45:00,20888.8
2026-01-05 23:00:00,19908.4
2026-01-05 23:15:00,20031.5
2026-01-05 23:30:00,19381.5
2026-01-05 23:45:00,18661.6
2026-01-06 00:00:00,21414.6
2026-01-06 00:15:00,21172.1
2026-01-06 00:30:00,20424.0
2026-01-06 00:45:00,19636.0
2026-01-06 01:00:00,18944.1
2026-01-06 01:15:00,18278.5
2026-01-06 01:30:00,17857.1
2026-01-06 01:45:00,17481.7
2026-01-06 02:00:00,16852.7
2026-01-06 02:15:00,16810.2
2026-01-06 02:30:00,16732.9
2026-01-06 02:45:00,16730.1
2026-01-06 03:00:00,16766.5
2026-01-06 03:15:00,16622.8
2026-01-06 03:30:00,16453.9
2026-01-06 03:45:00,16308.4
2026-01-06 04:00:00,16068.9
2026-01-06 04:15:00,16044.4
2026-01-06 04:30:00,16034.1
2026-01-06 04:45:00,16145.2
2026-01-06 05:00:00,16239.3
2026-01-06 05:15:00,16237.6
2026-01-06 05:30:00,16428.5
2026-01-06 05:45:00,16552.3
2026-01-06 06:00:00,16657.8
2026-01-06 06:15:00,17292.5
2026-01-06 06:30:00,18309.4
2026-01-06 06:45:00,19507.6
2026-01-06 07:00:00,20160.0
2026-01-06 07:15:00,20930.6
2026-01-06 07:30:00,21878.6
2026-01-06 07:45:00,22982.7
2026-01-06 08:00:00,23827.6
2026-01-06 08:15:00,24675.2
2026-01-06 08:30:00,24687.6
2026-01-06 08:45:00,24560.7
2026-01-06 09:00:00,24409.4
2026-01-06 09:15:00,23624.3
2026-01-06 09:30:00,23181.7
2026-01-06 09:45:00,23294.2
2026-01-06 10:00:00,22936.8
2026-01-06 10:15:00,22962.3
2026-01-06 10:30:00,23370.6
2026-01-06 10:45:00,23640.0
2026-01-06 11:00:00,24315.5
2026-01-06 11:15:00,24330.3
2026-01-06 11:30:00,24327.0
2026-01-06 11:45:00,23814.8
2026-01-06 12:00:00,24942.6
2026-01-06 12:15:00,24941.8
2026-01-06 12:30:00,25133.4
2026-01-06 12:45:00,24642.4
2026-01-06 13:00:00,25028.4
2026-01-06 13:15:00,24366.0
2026-01-06 13:30:00,24134.3
2026-01-06 13:45:00,23292.7
2026-01-06 14:00:00,22656.4
2026-01-06 14:15:00,22233.4
2026-01-06 14:30:00,22096.2
2026-01-06 14:45:00,21773.6
2026-01-06 15:00:00,21649.2
2026-01-06 15:15:00,21593.3
2026-01-06 15:30:00,21978.1
2026-01-06 15:45:00,21948.8
2026-01-06 16:00:00,22647.0
2026-01-06 16:15:00,23223.3
2026-01-06 16:30:00,23551.7
2026-01-06 16:45:00,23539.8
2026-01-06 17:00:00,23627.7
2026-01-06 17:15:00,23518.4
2026-01-06 17:30:00,24103.7
2026-01-06 17:45:00,24552.2
2026-01-06 18:00:00,25261.8
2026-01-06 18:15:00,25638.5
2026-01-06 18:30:00,26064.8
2026-01-06 18:45:00,26152.2
2026-01-06 19:00:00,26264.4
2026-01-06 19:15:00,26158.2
2026-01-06 19:30:00,25943.3
2026-01-06 19:45:00,25850.2
2026-01-06 20:00:00,25851.3
2026-01-06 20:15:00,25716.0
2026-01-06 20:30:00,25743.0
2026-01-06 20:45:00,25467.5
2026-01-06 21:00:00,25231.1
2026-01-06 21:15:00,25019.0
2026-01-06 21:30:00,24464.1
2026-01-06 21:45:00,24273.7
2026-01-06 22:00:00,23355.2
2026-01-06 22:15:00,22887.1
2026-01-06 22:30:00,21785.8
2026-01-06 22:45:00,20790.2
2026-01-06 23:00:00,19897.1
2026-01-06 23:15:00,19004.4
2026-01-06 23:30:00,18205.4
2026-01-06 23:45:00,17832.1
2026-01-07 00:00:00,21062.2
2026-01-07 00:15:00,20992.8
2026-01-07 00:30:00,20576.0
2026-01-07 00:45:00,19386.5
2026-01-07 01:00:00,18775.0
2026-01-07 01:15:00,17852.6
2026-01-07 01:30:00,17487.5
2026-01-07 01:45:00,17012.8
2026-01-07 02:00:00,16645.8
2026-01-07 02:15:00,16443.7
2026-01-07 02:30:00,16423.1
2026-01-07 02:45:00,16464.7
2026-01-07 03:00:00,16522.4
2026-01-07 03:15:00,16442.3
2026-01-07 03:30:00,16266.1
2026-01-07 03:45:00,16018.0
2026-01-07 04:00:00,15845.1
2026-01-07 04:15:00,15851.2
2026-01-07 04:30:00,15746.1
2026-01-07 04:45:00,15790.1
2026-01-07 05:00:00,15962.4
2026-01-07 05:15:00,16023.7
2026-01-07 05:30:00,16165.1
2026-01-07 05:45:00,16226.8
2026-01-07 06:00:00,16492.6
2026-01-07 06:15:00,16868.8
2026-01-07 06:30:00,18124.1
2026-01-07 06:45:00,19047.7
2026-01-07 07:00:00,20254.3
2026-01-07 07:15:00,20899.7
2026-01-07 07:30:00,22077.4
2026-01-07 07:45:00,22913.9
2026-01-07 08:00:00,23981.8
2026-01-07 08:15:00,24395.6
2026-01-07 08:30:00,24343.0
2026-01-07 08:45:00,24240.8
2026-01-07 09:00:00,23963.2
2026-01-07 09:15:00,23575.8
2026-01-07 09:30:00,23285.9
2026-01-07 09:45:00,23011.9
2026-01-07 10:00:00,22819.1
2026-01-07 10:15:00,23205.6
2026-01-07 10:30:00,23259.7
2026-01-07 10:45:00,23590.7
2026-01-07 11:00:00,24405.2
2026-01-07 11:15:00,24277.6
2026-01-07 11:30:00,24582.5
2026-01-07 11:45:00,24049.3
2026-01-07 12:00:00,25688.8
2026-01-07 12:15:00,25717.1
2026-01-07 12:30:00,25338.9
2026-01-07 12:45:00,24875.2
2026-01-07 13:00:00,24959.9
2026-01-07 13:15:00,24640.6
2026-01-07 13:30:00,24350.3
2026-01-07 13:45:00,23233.2
2026-01-07 14:00:00,22008.0
2026-01-07 14:15:00,21933.1
2026-01-07 14:30:00,21979.7
2026-01-07 14:45:00,21870.5
2026-01-07 15:00:00,21845.4
2026-01-07 15:15:00,21849.5
2026-01-07 15:30:00,21753.7
2026-01-07 15:45:00,21382.6
2026-01-07 16:00:00,21898.4
2026-01-07 16:15:00,22155.2
2026-01-07 16:30:00,22556.1
2026-01-07 16:45:00,22594.1
2026-01-07 17:00:00,23015.2
2026-01-07 17:15:00,23412.6
2026-01-07 17:30:00,23911.3
2026-01-07 17:45:00,24428.1
2026-01-07 18:00:00,25100.0
2026-01-07 18:15:00,25415.0
2026-01-07 18:30:00,25760.5
2026-01-07 18:45:00,25768.5
2026-01-07 19:00:00,25815.5
2026-01-07 19:15:00,25636.6
2026-01-07 19:30:00,25794.4
2026-01-07 19:45:00,25528.9
2026-01-07 20:00:00,25601.3
2026-01-07 20:15:00,25524.7
2026-01-07 20:30:00,25780.0
2026-01-07 20:45:00,25718.7
2026-01-07 21:00:00,25449.1
2026-01-07 21:15:00,25183.7
2026-01-07 21:30:00,24765.3
2026-01-07 21:45:00,24134.8
2026-01-07 22:00:00,23285.9
2026-01-07 22:15:00,22441.4
2026-01-07 22:30:00,21516.1
2026-01-07 22:45:00,20415.0
2026-01-07 23:00:00,19389.7
2026-01-07 23:15:00,18412.6
2026-01-07 23:30:00,17784.6
2026-01-07 23:45:00,17362.8
2026-01-08 00:00:00,20853.3
2026-01-08 00:15:00,20612.2
2026-01-08 00:30:00,20042.7
2026-01-08 00:45:00,19028.5
2026-01-08 01:00:00,18391.0
2026-01-08 01:15:00,17786.1
2026-01-08 01:30:00,17198.5
2026-01-08 01:45:00,16850.1
2026-01-08 02:00:00,16524.0
2026-01-08 02:15:00,16540.9
2026-01-08 02:30:00,16725.6
2026-01-08 02:45:00,16472.9
2026-01-08 03:00:00,16338.2
2026-01-08 03:15:00,16206.0
2026-01-08 03:30:00,15951.9
2026-01-08 03:45:00,15787.1
2026-01-08 04:00:00,15651.0
2026-01-08 04:15:00,15523.8
2026-01-08 04:30:00,15419.0
2026-01-08 04:45:00,15449.8
2026-01-08 05:00:00,15579.6
2026-01-08 05:15:00,15673.1
2026-01-08 05:30:00,15910.8
2026-01-08 05:45:00,16078.7
2026-01-08 06:00:00,16173.9
2026-01-08 06:15:00,16789.6
2026-01-08 06:30:00,17850.2
2026-01-08 06:45:00,19104.5
2026-01-08 07:00:00,19731.3
2026-01-08 07:15:00,20514.8
2026-01-08 07:30:00,21323.7
2026-01-08 07:45:00,22261.1
2026-01-08 08:00:00,23163.0
2026-01-08 08:15:00,23687.7
2026-01-08 08:30:00,23397.2
2026-01-08 08:45:00,23153.2
2026-01-08 09:00:00,22692.3
2026-01-08 09:15:00,22554.2
2026-01-08 09:30:00,22134.8
2026-01-08 09:45:00,21796.7
2026-01-08 10:00:00,21736.0
2026-01-08 10:15:00,21862.6
2026-01-08 10:30:00,22469.0
2026-01-08 10:45:00,23294.9
2026-01-08 11:00:00,24176.6
2026-01-08 11:15:00,24313.7
2026-01-08 11:30:00,23792.2
2026-01-08 11:45:00,23095.5
2026-01-08 12:00:00,24850.0
2026-01-08 12:15:00,24551.8
2026-01-08 12:30:00,24463.2
2026-01-08 12:45:00,24324.0
2026-01-08 13:00:00,24351.6
2026-01-08 13:15:00,23823.1
2026-01-08 13:30:00,23534.4
2026-01-08 13:45:00,22458.2
2026-01-08 14:00:00,21571.3
2026-01-08 14:15:00,21170.4
2026-01-08 14:30:00,20929.7
2026-01-08 14:45:00,20967.8
2026-01-08 15:00:00,21206.4
2026-01-08 15:15:00,21268.3
2026-01-08 15:30:00,21792.4
2026-01-08 15:45:00,21734.8
2026-01-08 16:00:00,21657.5
2026-01-08 16:15:00,21499.9
2026-01-08 16:30:00,21466.0
2026-01-08 16:45:00,21903.1
2026-01-08 17:00:00,22405.5
2026-01-08 17:15:00,22852.5
2026-01-08 17:30:00,23124.7
2026-01-08 17:45:00,24063.0
2026-01-08 18:00:00,24508.9
2026-01-08 18:15:00,24993.5
2026-01-08 18:30:00,25278.7
2026-01-08 18:45:00,24996.0
2026-01-08 19:00:00,24868.3
2026-01-08 19:15:00,24701.4
2026-01-08 19:30:00,24963.3
2026-01-08 19:45:00,24639.0
2026-01-08 20:00:00,24978.2
2026-01-08 20:15:00,25076.1
2026-01-08 20:30:00,25112.5
2026-01-08 20:45:00,24680.3
2026-01-08 21:00:00,24337.5
2026-01-08 21:15:00,24066.3
2026-01-08 21:30:00,23444.8
2026-01-08 21:45:00,22679.4
2026-01-08 22:00:00,22391.1
2026-01-08 22:15:00,21383.8
2026-01-08 22:30:00,20472.6
2026-01-08 22:45:00,19376.1
2026-01-08 23:00:00,18591.2
2026-01-08 23:15:00,17875.1
2026-01-08 23:30:00,16799.9
2026-01-08 23:45:00,16777.4
2026-01-09 00:00:00,20486.0
2026-01-09 00:15:00,20428.7
2026-01-09 00:30:00,19428.9
2026-01-09 00:45:00,19038.7
2026-01-09 01:00:00,18266.8
2026-01-09 01:15:00,17688.6
2026-01-09 01:30:00,17239.8
2026-01-09 01:45:00,16737.6
2026-01-09 02:00:00,16528.6
2026-01-09 02:15:00,16563.0
2026-01-09 02:30:00,16327.1
2026-01-09 02:45:00,16390.1
2026-01-09 03:00:00,16189.0
2026-01-09 03:15:00,16078.3
2026-01-09 03:30:00,15953.6
2026-01-09 03:45:00,15744.7
2026-01-09 04:00:00,15688.9
2026-01-09 04:15:00,15601.0
2026-01-09 04:30:00,15578.7
2026-01-09 04:45:00,15756.5
2026-01-09 05:00:00,15819.6
2026-01-09 05:15:00,15911.0
2026-01-09 05:30:00,16030.8
2026-01-09 05:45:00,16356.7
2026-01-09 06:00:00,16380.7
2026-01-09 06:15:00,16837.8
2026-01-09 06:30:00,17837.1
2026-01-09 06:45:00,18917.5
2026-01-09 07:00:00,19840.9
2026-01-09 07:15:00,20955.7
2026-01-09 07:30:00,21693.2
2026-01-09 07:45:00,22775.1
2026-01-09 08:00:00,23452.1
2026-01-09 08:15:00,23925.4
2026-01-09 08:30:00,23686.3
2026-01-09 08:45:00,23506.1
2026-01-09 09:00:00,23061.6
2026-01-09 09:15:00,22735.1
2026-01-09 09:30:00,22215.3
2026-01-09 09:45:00,21736.8
2026-01-09 10:00:00,21578.4
2026-01-09 10:15:00,21864.1
2026-01-09 10:30:00,23449.4
2026-01-09 10:45:00,24008.0
2026-01-09 11:00:00,24426.3
2026-01-09 11:15:00,24082.4
2026-01-09 11:30:00,23705.9
2026-01-09 11:45:00,22784.4
2026-01-09 12:00:00,24631.7
2026-01-09 12:15:00,24021.1
2026-01-09 12:30:00,23923.9
2026-01-09 12:45:00,23522.5
2026-01-09 13:00:00,23421.8
2026-01-09 13:15:00,23147.8
2026-01-09 13:30:00,23212.7
2026-01-09 13:45:00,22170.2
2026-01-09 14:00:00,21343.6
2026-01-09 14:15:00,20953.7
2026-01-09 14:30:00,20682.2
2026-01-09 14:45:00,20495.5
2026-01-09 15:00:00,20675.0
2026-01-09 15:15:00,21123.4
2026-01-09 15:30:00,21319.5
2026-01-09 15:45:00,20830.7
2026-01-09 16:00:00,20409.3
2026-01-09 16:15:00,20770.3
2026-01-09 16:30:00,20754.4
2026-01-09 16:45:00,21179.0
2026-01-09 17:00:00,21794.8
2026-01-09 17:15:00,21644.8
2026-01-09 17:30:00,22059.1
2026-01-09 17:45:00,22711.3
2026-01-09 18:00:00,23108.5
2026-01-09 18:15:00,23481.5
2026-01-09 18:30:00,23868.4
2026-01-09 18:45:00,24017.7
2026-01-09 19:00:00,23904.6
2026-01-09 19:15:00,23722.0
2026-01-09 19:30:00,23515.8
2026-01-09 19:45:00,23483.6
2026-01-09 20:00:00,23540.9
2026-01-09 20:15:00,23175.8
2026-01-09 20:30:00,23522.0
2026-01-09 20:45:00,23072.1
2026-01-09 21:00:00,23027.1
2026-01-09 21:15:00,22669.3
2026-01-09 21:30:00,22582.3
2026-01-09 21:45:00,22498.0
2026-01-09 22:00:00,22018.5
2026-01-09 22:15:00,21360.0
2026-01-09 22:30:00,20673.6
2026-01-09 22:45:00,19817.9
2026-01-09 23:00:00,18985.1
2026-01-09 23:15:00,18059.7
2026-01-09 23:30:00,17995.6
2026-01-09 23:45:00,17491.4
2026-01-10 00:00:00,19814.5
2026-01-10 00:15:00,19320.5
2026-01-10 00:30:00,18479.1
2026-01-10 00:45:00,17615.4
2026-01-10 01:00:00,16916.3
2026-01-10 01:15:00,16512.5
2026-01-10 01:30:00,16066.5
2026-01-10 01:45:00,15546.6
2026-01-10 02:00:00,15435.7
2026-01-10 02:15:00,15596.7
2026-01-10 02:30:00,15397.5
2026-01-10 02:45:00,15096.3
2026-01-10 03:00:00,14977.7
2026-01-10 03:15:00,14790.0
2026-01-10 03:30:00,14527.3
2026-01-10 03:45:00,14399.0
2026-01-10 04:00:00,14369.7
2026-01-10 04:15:00,14147.1
2026-01-10 04:30:00,14083.6
2026-01-10 04:45:00,14004.7
2026-01-10 05:00:00,14251.6
2026-01-10 05:15:00,14154.4
2026-01-10 05:30:00,14371.5
2026-01-10 05:45:00,14266.7
2026-01-10 06:00:00,14905.3
2026-01-10 06:15:00,15103.6
2026-01-10 06:30:00,15603.9
2026-01-10 06:45:00,15857.6
2026-01-10 07:00:00,16403.3
2026-01-10 07:15:00,17166.0
2026-01-10 07:30:00,18492.0
2026-01-10 07:45:00,20045.7
2026-01-10 08:00:00,21278.3
2026-01-10 08:15:00,21835.7
2026-01-10 08:30:00,22027.9
2026-01-10 08:45:00,22057.8
2026-01-10 09:00:00,21836.2
2026-01-10 09:15:00,21938.2
2026-01-10 09:30:00,21826.1
2026-01-10 09:45:00,21672.7
2026-01-10 10:00:00,21412.2
2026-01-10 10:15:00,21828.8
2026-01-10 10:30:00,22811.7
2026-01-10 10:45:00,22892.2
2026-01-10 11:00:00,23855.6
2026-01-10 11:15:00,24164.3
2026-01-10 11:30:00,23839.6
2026-01-10 11:45:00,23335.8
2026-01-10 12:00:00,24609.6
2026-01-10 12:15:00,24554.2
2026-01-10 12:30:00,24108.3
2026-01-10 12:45:00,23449.7
2026-01-10 13:00:00,23547.7
2026-01-10 13:15:00,23293.4
2026-01-10 13:30:00,22942.0
2026-01-10 13:45:00,22122.7
2026-01-10 14:00:00,21254.0
2026-01-10 14:15:00,20942.3
2026-01-10 14:30:00,20698.0
2026-01-10 14:45:00,20702.3
2026-01-10 15:00:00,20896.5
2026-01-10 15:15:00,21010.6
2026-01-10 15:30:00,20521.8
2026-01-10 15:45:00,20509.9
2026-01-10 16:00:00,20566.2
2026-01-10 16:15:00,20942.9
2026-01-10 16:30:00,20849.7
2026-01-10 16:45:00,21051.6
2026-01-10 17:00:00,22037.4
2026-01-10 17:15:00,22046.1
2026-01-10 17:30:00,22401.2
2026-01-10 17:45:00,22847.4
2026-01-10 18:00:00,23277.4
2026-01-10 18:15:00,23282.3
2026-01-10 18:30:00,23655.0
2026-01-10 18:45:00,23414.2
2026-01-10 19:00:00,23586.4
2026-01-10 19:15:00,23317.2
2026-01-10 19:30:00,23268.5
2026-01-10 19:45:00,22910.9
2026-01-10 20:00:00,23055.1
2026-01-10 20:15:00,22792.1
2026-01-10 20:30:00,22676.2
2026-01-10 20:45:00,22554.8
2026-01-10 21:00:00,22123.2
2026-01-10 21:15:00,21832.0
2026-01-10 21:30:00,21941.8
2026-01-10 21:45:00,21650.2
2026-01-10 22:00:00,21324.6
2026-01-10 22:15:00,20607.3
2026-01-10 22:30:00,19713.9
2026-01-10 22:45:00,19030.0
2026-01-10 23:00:00,18407.9
2026-01-10 23:15:00,17313.7
2026-01-10 23:30:00,16685.2
2026-01-10 23:45:00,16352.7
2026-01-11 00:00:00,20367.1
2026-01-11 00:15:00,19639.1
2026-01-11 00:30:00,19373.6
2026-01-11 00:45:00,18415.8
2026-01-11 01:00:00,17678.6
2026-01-11 01:15:00,17117.3
2026-01-11 01:30:00,16561.1
2026-01-11 01:45:00,16657.4
2026-01-11 02:00:00,16699.5
2026-01-11 02:15:00,16387.9
2026-01-11 02:30:00,16148.3
2026-01-11 02:45:00,15777.7
2026-01-11 03:00:00,15662.4
2026-01-11 03:15:00,15516.7
2026-01-11 03:30:00,15374.3
2026-01-11 03:45:00,15045.2
2026-01-11 04:00:00,14974.3
2026-01-11 04:15:00,14919.3
2026-01-11 04:30:00,14723.8
2026-01-11 04:45:00,14748.6
2026-01-11 05:00:00,14919.8
2026-01-11 05:15:00,15014.0
2026-01-11 05:30:00,15035.1
2026-01-11 05:45:00,14762.2
2026-01-11 06:00:00,14758.1
2026-01-11 06:15:00,14866.1
2026-01-11 06:30:00,15299.5
2026-01-11 06:45:00,15842.7
2026-01-11 07:00:00,16129.2
2026-01-11 07:15:00,16714.2
2026-01-11 07:30:00,18018.8
2026-01-11 07:45:00,19196.9
2026-01-11 08:00:00,20103.5
2026-01-11 08:15:00,20678.5
2026-01-11 08:30:00,20802.4
2026-01-11 08:45:00,20666.6
2026-01-11 09:00:00,20458.3
2026-01-11 09:15:00,20227.0
2026-01-11 09:30:00,19965.7
2026-01-11 09:45:00,19579.9
2026-01-11 10:00:00,19529.9
2026-01-11 10:15:00,20762.3
2026-01-11 10:30:00,22275.6
2026-01-11 10:45:00,22548.5
2026-01-11 11:00:00,22887.6
2026-01-11 11:15:00,22702.3
2026-01-11 11:30:00,22143.3
2026-01-11 11:45:00,22038.0
2026-01-11 12:00:00,23657.1
2026-01-11 12:15:00,23273.8
2026-01-11 12:30:00,22986.4
2026-01-11 12:45:00,22326.6
2026-01-11 13:00:00,22269.2
2026-01-11 13:15:00,21807.6
2026-01-11 13:30:00,21503.1
2026-01-11 13:45:00,21035.8
2026-01-11 14:00:00,20298.4
2026-01-11 14:15:00,19541.4
2026-01-11 14:30:00,19339.8
2026-01-11 14:45:00,19276.3
2026-01-11 15:00:00,19635.2
2026-01-11 15:15:00,19703.7
2026-01-11 15:30:00,19747.0
2026-01-11 15:45:00,19496.8
2026-01-11 16:00:00,20032.8
2026-01-11 16:15:00,20235.6
2026-01-11 16:30:00,20390.8
2026-01-11 16:45:00,20611.0
2026-01-11 17:00:00,21175.0
2026-01-11 17:15:00,21650.5
2026-01-11 17:30:00,21975.3
2026-01-11 17:45:00,22361.6
2026-01-11 18:00:00,22672.2
2026-01-11 18:15:00,22937.5
2026-01-11 18:30:00,23421.2
2026-01-11 18:45:00,23377.9
2026-01-11 19:00:00,23418.2
2026-01-11 19:15:00,23431.8
2026-01-11 19:30:00,23486.7
2026-01-11 19:45:00,23060.8
2026-01-11 20:00:00,23173.0
2026-01-11 20:15:00,23371.2
2026-01-11 20:30:00,23414.3
2026-01-11 20:45:00,22935.3
2026-01-11 21:00:00,22555.1
2026-01-11 21:15:00,22266.8
2026-01-11 21:30:00,21914.4
2026-01-11 21:45:00,21194.5
2026-01-11 22:00:00,20762.5
2026-01-11 22:15:00,19946.2
2026-01-11 22:30:00,19017.8
2026-01-11 22:45:00,18110.3
2026-01-11 23:00:00,17421.5
2026-01-11 23:15:00,16309.5
2026-01-11 23:30:00,16182.0
2026-01-11 23:45:00,16491.0
2026-01-12 00:00:00,19734.7
2026-01-12 00:15:00,19059.1
2026-01-12 00:30:00,18429.6
2026-01-12 00:45:00,17668.9
2026-01-12 01:00:00,17111.6
2026-01-12 01:15:00,17161.8
2026-01-12 01:30:00,16625.5
2026-01-12 01:45:00,16392.9
2026-01-12 02:00:00,16181.3
2026-01-12 02:15:00,15587.4
2026-01-12 02:30:00,15314.8
2026-01-12 02:45:00,14954.5
2026-01-12 03:00:00,14974.4
2026-01-12 03:15:00,14900.3
2026-01-12 03:30:00,14495.4
2026-01-12 03:45:00,14297.7
2026-01-12 04:00:00,14261.9
2026-01-12 04:15:00,14281.1
2026-01-12 04:30:00,14066.3
2026-01-12 04:45:00,14237.8
2026-01-12 05:00:00,14353.6
2026-01-12 05:15:00,14446.1
2026-01-12 05:30:00,14600.2
2026-01-12 05:45:00,15050.7
2026-01-12 06:00:00,15167.9
2026-01-12 06:15:00,15646.7
2026-01-12 06:30:00,16506.6
2026-01-12 06:45:00,17143.7
2026-01-12 07:00:00,18230.1
2026-01-12 07:15:00,18749.8
2026-01-12 07:30:00,19585.0
2026-01-12 07:45:00,20175.6
2026-01-12 08:00:00,21635.7
2026-01-12 08:15:00,22498.0
2026-01-12 08:30:00,22910.5
2026-01-12 08:45:00,22938.5
2026-01-12 09:00:00,22996.6
2026-01-12 09:15:00,22927.7
2026-01-12 09:30:00,22858.2
2026-01-12 09:45:00,23181.9
2026-01-12 10:00:00,23758.4
2026-01-12 10:15:00,24165.2
2026-01-12 10:30:00,24839.8
2026-01-12 10:45:00,25065.6
2026-01-12 11:00:00,25409.0
2026-01-12 11:15:00,25289.5
2026-01-12 11:30:00,24828.8
2026-01-12 11:45:00,24443.3
2026-01-12 12:00:00,25856.8
2026-01-12 12:15:00,25835.1
2026-01-12 12:30:00,25785.7
2026-01-12 12:45:00,25328.0
2026-01-12 13:00:00,25460.0
2026-01-12 13:15:00,25078.9
2026-01-12 13:30:00,24605.9
2026-01-12 13:45:00,23396.7
2026-01-12 14:00:00,22260.1
2026-01-12 14:15:00,21814.6
2026-01-12 14:30:00,21370.3
2026-01-12 14:45:00,20947.5
2026-01-12 15:00:00,20911.0
2026-01-12 15:15:00,20944.7
2026-01-12 15:30:00,20949.5
2026-01-12 15:45:00,20931.0
2026-01-12 16:00:00,20891.5
2026-01-12 16:15:00,21075.2
2026-01-12 16:30:00,21631.5
2026-01-12 16:45:00,21790.7
2026-01-12 17:00:00,22095.0
2026-01-12 17:15:00,22532.8
2026-01-12 17:30:00,22636.5
2026-01-12 17:45:00,22823.8
2026-01-12 18:00:00,23642.6
2026-01-12 18:15:00,23861.7
2026-01-12 18:30:00,24342.4
2026-01-12 18:45:00,24174.4
2026-01-12 19:00:00,24205.6
2026-01-12 19:15:00,24002.3
2026-01-12 19:30:00,24136.4
2026-01-12 19:45:00,23701.6
2026-01-12 20:00:00,23777.6
2026-01-12 20:15:00,23758.1
2026-01-12 20:30:00,23622.5
2026-01-12 20:45:00,23256.6
2026-01-12 21:00:00,22942.6
2026-01-12 21:15:00,22860.7
2026-01-12 21:30:00,22413.8
2026-01-12 21:45:00,22142.9
2026-01-12 22:00:00,21517.8
2026-01-12 22:15:00,20571.4
2026-01-12 22:30:00,19888.4
2026-01-12 22:45:00,18747.7
2026-01-12 23:00:00,18472.9
2026-01-12 23:15:00,18194.8
2026-01-12 23:30:00,17581.9
2026-01-12 23:45:00,16922.2
2026-01-13 00:00:00,20026.0
2026-01-13 00:15:00,19646.4
2026-01-13 00:30:00,19035.7
2026-01-13 00:45:00,18193.3
2026-01-13 01:00:00,17543.3
2026-01-13 01:15:00,16942.6
2026-01-13 01:30:00,16556.7
2026-01-13 01:45:00,16466.3
2026-01-13 02:00:00,16882.3
2026-01-13 02:15:00,16500.3
2026-01-13 02:30:00,16232.4
2026-01-13 02:45:00,15985.7
2026-01-13 03:00:00,15879.3
2026-01-13 03:15:00,15711.8
2026-01-13 03:30:00,15517.5
2026-01-13 03:45:00,15413.3
2026-01-13 04:00:00,15314.2
2026-01-13 04:15:00,15198.9
2026-01-13 04:30:00,15322.9
2026-01-13 04:45:00,15255.0
2026-01-13 05:00:00,15576.7
2026-01-13 05:15:00,15503.2
2026-01-13 05:30:00,15826.6
2026-01-13 05:45:00,16038.7
2026-01-13 06:00:00,16221.8
2026-01-13 06:15:00,16639.6
2026-01-13 06:30:00,17574.9
2026-01-13 06:45:00,18674.3
2026-01-13 07:00:00,19409.0
2026-01-13 07:15:00,20157.0
2026-01-13 07:30:00,20913.4
2026-01-13 07:45:00,21841.0
2026-01-13 08:00:00,22578.4
2026-01-13 08:15:00,23097.7
2026-01-13 08:30:00,23084.5
2026-01-13 08:45:00,22879.9
2026-01-13 09:00:00,22432.1
2026-01-13 09:15:00,21814.4
2026-01-13 09:30:00,21525.7
2026-01-13 09:45:00,21066.4
2026-01-13 10:00:00,20782.9
2026-01-13 10:15:00,20859.4
2026-01-13 10:30:00,21968.3
2026-01-13 10:45:00,22218.8
2026-01-13 11:00:00,22999.9
2026-01-13 11:15:00,23233.1
2026-01-13 11:30:00,22711.8
2026-01-13 11:45:00,22015.9
2026-01-13 12:00:00,23434.4
2026-01-13 12:15:00,23339.5
2026-01-13 12:30:00,22916.2
2026-01-13 12:45:00,22469.0
2026-01-13 13:00:00,22492.0
2026-01-13 13:15:00,21976.7
2026-01-13 13:30:00,21759.2
2026-01-13 13:45:00,20719.1
2026-01-13 14:00:00,19864.9
2026-01-13 14:15:00,19719.4
2026-01-13 14:30:00,19605.9
2026-01-13 14:45:00,19578.8
2026-01-13 15:00:00,19614.1
2026-01-13 15:15:00,19905.2
2026-01-13 15:30:00,20236.1
2026-01-13 15:45:00,20221.9
2026-01-13 16:00:00,19345.9
2026-01-13 16:15:00,20447.9
2026-01-13 16:30:00,20978.2
2026-01-13 16:45:00,20787.5
2026-01-13 17:00:00,21140.2
2026-01-13 17:15:00,21049.1
2026-01-13 17:30:00,21209.5
2026-01-13 17:45:00,21781.7
2026-01-13 18:00:00,22439.6
2026-01-13 18:15:00,22688.5
2026-01-13 18:30:00,23071.9
2026-01-13 18:45:00,23180.4
2026-01-13 19:00:00,23107.0
2026-01-13 19:15:00,22979.6
2026-01-13 19:30:00,23206.1
2026-01-13 19:45:00,22746.4
2026-01-13 20:00:00,22725.2
2026-01-13 20:15:00,22693.3
2026-01-13 20:30:00,22847.2
2026-01-13 20:45:00,22330.5
2026-01-13 21:00:00,22227.9
2026-01-13 21:15:00,22070.0
2026-01-13 21:30:00,21731.8
2026-01-13 21:45:00,21491.2
2026-01-13 22:00:00,20911.6
2026-01-13 22:15:00,20193.0
2026-01-13 22:30:00,19379.0
2026-01-13 22:45:00,18038.0
2026-01-13 23:00:00,17521.7
2026-01-13 23:15:00,16886.3
2026-01-13 23:30:00,16098.8
2026-01-13 23:45:00,15748.0
2026-01-14 00:00:00,19304.9
2026-01-14 00:15:00,19370.8
2026-01-14 00:30:00,18485.2
2026-01-14 00:45:00,17810.4
2026-01-14 01:00:00,17077.7
2026-01-14 01:15:00,16644.7
2026-01-14 01:30:00,16261.5
2026-01-14 01:45:00,16079.2
2026-01-14 02:00:00,16352.9
2026-01-14 02:15:00,16137.0
2026-01-14 02:30:00,15789.7
2026-01-14 02:45:00,15581.5
2026-01-14 03:00:00,15486.1
2026-01-14 03:15:00,15316.4
2026-01-14 03:30:00,15670.2
2026-01-14 03:45:00,15729.4
2026-01-14 04:00:00,15702.3
2026-01-14 04:15:00,15367.2
2026-01-14 04:30:00,15512.0
2026-01-14 04:45:00,15597.4
2026-01-14 05:00:00,15701.0
2026-01-14 05:15:00,15706.0
2026-01-14 05:30:00,16008.5
2026-01-14 05:45:00,15875.4
2026-01-14 06:00:00,15957.8
2026-01-14 06:15:00,16274.9
2026-01-14 06:30:00,16809.6
2026-01-14 06:45:00,17586.8
2026-01-14 07:00:00,18219.8
2026-01-14 07:15:00,19174.8
2026-01-14 07:30:00,20082.7
2026-01-14 07:45:00,20786.5
2026-01-14 08:00:00,21534.0
2026-01-14 08:15:00,21500.3
2026-01-14 08:30:00,21055.1
2026-01-14 08:45:00,21015.9
2026-01-14 09:00:00,20521.3
2026-01-14 09:15:00,20332.6
2026-01-14 09:30:00,20331.5
2026-01-14 09:45:00,20544.2
2026-01-14 10:00:00,20920.6
2026-01-14 10:15:00,21924.8
2026-01-14 10:30:00,23479.3
2026-01-14 10:45:00,23614.3
2026-01-14 11:00:00,23770.1
2026-01-14 11:15:00,23060.9
2026-01-14 11:30:00,23280.9
2026-01-14 11:45:00,23065.3
2026-01-14 12:00:00,23407.8
2026-01-14 12:15:00,23361.1
2026-01-14 12:30:00,23104.3
2026-01-14 12:45:00,22776.6
2026-01-14 13:00:00,22429.7
2026-01-14 13:15:00,22406.5
2026-01-14 13:30:00,22025.2
2026-01-14 13:45:00,21671.6
2026-01-14 14:00:00,20977.4
2026-01-14 14:15:00,20767.1
2026-01-14 14:30:00,20740.4
2026-01-14 14:45:00,20379.8
2026-01-14 15:00:00,20715.9
2026-01-14 15:15:00,20178.8
2026-01-14 15:30:00,19853.3
2026-01-14 15:45:00,19930.9
2026-01-14 16:00:00,19694.2
2026-01-14 16:15:00,19222.9
2026-01-14 16:30:00,19325.3
2026-01-14 16:45:00,19510.8
2026-01-14 17:00:00,19798.0
2026-01-14 17:15:00,20229.7
2026-01-14 17:30:00,20748.3
2026-01-14 17:45:00,21213.8
2026-01-14 18:00:00,21535.7
2026-01-14 18:15:00,21963.4
2026-01-14 18:30:00,22158.0
2026-01-14 18:45:00,22234.2
2026-01-14 19:00:00,22043.3
2026-01-14 19:15:00,22068.5
2026-01-14 19:30:00,21778.3
2026-01-14 19:45:00,21052.8
2026-01-14 20:00:00,21260.8
2026-01-14 20:15:00,21210.4
2026-01-14 20:30:00,21018.2
2026-01-14 20:45:00,20885.9
2026-01-14 21:00:00,20956.8
2026-01-14 21:15:00,19932.7
2026-01-14 21:30:00,18757.3
2026-01-14 21:45:00,17856.1
2026-01-14 22:00:00,17428.0
2026-01-14 22:15:00,16656.4
2026-01-14 22:30:00,16147.0
2026-01-14 22:45:00,15893.7
2026-01-14 23:00:00,15378.4
2026-01-14 23:15:00,14695.8
2026-01-14 23:30:00,14389.4
2026-01-14 23:45:00,14690.8
2026-01-15 00:00:00,19316.2
2026-01-15 00:15:00,18611.1
2026-01-15 00:30:00,18088.9
2026-01-15 00:45:00,17212.6
2026-01-15 01:00:00,16656.2
2026-01-15 01:15:00,16009.0
2026-01-15 01:30:00,16008.4
2026-01-15 01:45:00,16045.0
2026-01-15 02:00:00,15772.6
2026-01-15 02:15:00,15521.3
2026-01-15 02:30:00,15336.1
2026-01-15 02:45:00,14990.7
2026-01-15 03:00:00,14905.2
2026-01-15 03:15:00,14642.2
2026-01-15 03:30:00,14518.7
2026-01-15 03:45:00,14452.6
2026-01-15 04:00:00,14246.4
2026-01-15 04:15:00,14114.4
2026-01-15 04:30:00,14070.9
2026-01-15 04:45:00,14142.9
2026-01-15 05:00:00,14733.7
2026-01-15 05:15:00,14983.9
2026-01-15 05:30:00,15053.1
2026-01-15 05:45:00,15102.8
2026-01-15 06:00:00,15392.2
2026-01-15 06:15:00,15799.6
2026-01-15 06:30:00,16710.1
2026-01-15 06:45:00,17666.2
2026-01-15 07:00:00,18358.8
2026-01-15 07:15:00,18727.3
2026-01-15 07:30:00,19463.8
2026-01-15 07:45:00,20182.9
2026-01-15 08:00:00,20817.2
2026-01-15 08:15:00,21025.5
2026-01-15 08:30:00,20658.1
2026-01-15 08:45:00,20566.8
2026-01-15 09:00:00,20208.4
2026-01-15 09:15:00,19787.7
2026-01-15 09:30:00,19435.6
2026-01-15 09:45:00,19069.0
2026-01-15 10:00:00,19007.9
2026-01-15 10:15:00,18639.3
2026-01-15 10:30:00,19387.2
2026-01-15 10:45:00,19410.2
2026-01-15 11:00:00,19687.9
2026-01-15 11:15:00,19666.4
2026-01-15 11:30:00,19982.7
2026-01-15 11:45:00,19172.0
2026-01-15 12:00:00,20993.6
2026-01-15 12:15:00,20507.0
2026-01-15 12:30:00,20142.1
2026-01-15 12:45:00,19728.0
2026-01-15 13:00:00,19815.6
2026-01-15 13:15:00,19763.1
2026-01-15 13:30:00,19505.8
2026-01-15 13:45:00,18589.3
2026-01-15 14:00:00,17840.1
2026-01-15 14:15:00,17602.2
2026-01-15 14:30:00,17803.1
2026-01-15 14:45:00,18506.6
2026-01-15 15:00:00,19085.5
2026-01-15 15:15:00,19205.9
2026-01-15 15:30:00,19185.1
2026-01-15 15:45:00,18872.7
2026-01-15 16:00:00,18765.8
2026-01-15 16:15:00,19439.4
2026-01-15 16:30:00,19435.8
2026-01-15 16:45:00,19677.6
2026-01-15 17:00:00,20274.8
2026-01-15 17:15:00,20262.9
2026-01-15 17:30:00,20288.8
2026-01-15 17:45:00,20930.0
2026-01-15 18:00:00,21162.5
2026-01-15 18:15:00,21132.1
2026-01-15 18:30:00,21592.5
2026-01-15 18:45:00,21386.5
2026-01-15 19:00:00,21384.4
2026-01-15 19:15:00,21338.0
2026-01-15 19:30:00,21037.2
2026-01-15 19:45:00,20884.7
2026-01-15 20:00:00,20749.1
2026-01-15 20:15:00,20872.9
2026-01-15 20:30:00,20778.9
2026-01-15 20:45:00,20291.3
2026-01-15 21:00:00,20159.1
2026-01-15 21:15:00,19890.6
2026-01-15 21:30:00,18897.6
2026-01-15 21:45:00,17628.7
2026-01-15 22:00:00,16909.8
2026-01-15 22:15:00,16191.2
2026-01-15 22:30:00,15684.6
2026-01-15 22:45:00,15272.5
2026-01-15 23:00:00,15189.5
2026-01-15 23:15:00,15191.2
2026-01-15 23:30:00,14494.6
2026-01-15 23:45:00,14010.7
2026-01-16 00:00:00,17166.9
2026-01-16 00:15:00,16430.9
2026-01-16 00:30:00,15965.2
2026-01-16 00:45:00,15036.9
2026-01-16 01:00:00,14576.4
2026-01-16 01:15:00,14326.2
2026-01-16 01:30:00,14659.4
2026-01-16 01:45:00,14424.3
2026-01-16 02:00:00,14304.5
2026-01-16 02:15:00,14122.8
2026-01-16 02:30:00,13889.7
2026-01-16 02:45:00,13734.1
2026-01-16 03:00:00,13780.6
2026-01-16 03:15:00,13616.3
2026-01-16 03:30:00,13528.5
2026-01-16 03:45:00,13193.0
2026-01-16 04:00:00,13277.3
2026-01-16 04:15:00,13122.8
2026-01-16 04:30:00,13379.5
2026-01-16 04:45:00,13190.3
2026-01-16 05:00:00,13444.7
2026-01-16 05:15:00,13632.8
2026-01-16 05:30:00,14275.8
2026-01-16 05:45:00,14349.4
2026-01-16 06:00:00,14459.8
2026-01-16 06:15:00,15010.5
2026-01-16 06:30:00,15506.0
2026-01-16 06:45:00,16392.8
2026-01-16 07:00:00,16741.8
2026-01-16 07:15:00,17173.6
2026-01-16 07:30:00,17941.8
2026-01-16 07:45:00,18731.4
2026-01-16 08:00:00,19642.7
2026-01-16 08:15:00,19796.7
2026-01-16 08:30:00,19628.4
2026-01-16 08:45:00,19692.7
2026-01-16 09:00:00,19620.2
2026-01-16 09:15:00,19589.6
2026-01-16 09:30:00,19314.3
2026-01-16 09:45:00,18892.2
2026-01-16 10:00:00,18334.1
2026-01-16 10:15:00,18630.4
2026-01-16 10:30:00,19287.7
2026-01-16 10:45:00,19631.0
2026-01-16 11:00:00,19860.7
2026-01-16 11:15:00,19674.4
2026-01-16 11:30:00,19300.4
2026-01-16 11:45:00,19158.0
2026-01-16 12:00:00,20806.7
2026-01-16 12:15:00,20255.5
2026-01-16 12:30:00,19923.6
2026-01-16 12:45:00,19407.9
2026-01-16 13:00:00,19478.7
2026-01-16 13:15:00,19361.8
2026-01-16 13:30:00,19529.5
2026-01-16 13:45:00,19583.1
2026-01-16 14:00:00,18782.6
2026-01-16 14:15:00,18454.4
2026-01-16 14:30:00,18487.9
2026-01-16 14:45:00,18142.8
2026-01-16 15:00:00,17731.8
2026-01-16 15:15:00,17683.4
2026-01-16 15:30:00,17732.5
2026-01-16 15:45:00,17757.2
2026-01-16 16:00:00,17577.2
2026-01-16 16:15:00,18039.2
2026-01-16 16:30:00,18315.6
2026-01-16 16:45:00,18614.4
2026-01-16 17:00:00,18524.8
2026-01-16 17:15:00,18781.9
2026-01-16 17:30:00,19731.9
2026-01-16 17:45:00,19997.3
2026-01-16 18:00:00,20442.6
2026-01-16 18:15:00,20487.1
2026-01-16 18:30:00,20524.3
2026-01-16 18:45:00,20707.7
2026-01-16 19:00:00,20412.2
2026-01-16 19:15:00,20417.9
2026-01-16 19:30:00,20172.4
2026-01-16 19:45:00,19861.1
2026-01-16 20:00:00,19653.9
2026-01-16 20:15:00,19591.3
2026-01-16 20:30:00,19802.1
2026-01-16 20:45:00,19255.8
2026-01-16 21:00:00,19424.1
2026-01-16 21:15:00,19259.8
2026-01-16 21:30:00,19072.9
2026-01-16 21:45:00,18268.0
2026-01-16 22:00:00,17137.9
2026-01-16 22:15:00,16350.8
2026-01-16 22:30:00,15682.3
2026-01-16 22:45:00,15302.3
2026-01-16 23:00:00,14939.2
2026-01-16 23:15:00,14903.6
2026-01-16 23:30:00,14605.1
2026-01-16 23:45:00,14723.1
2026-01-17 00:00:00,17689.7
2026-01-17 00:15:00,17008.6
2026-01-17 00:30:00,16362.0
2026-01-17 00:45:00,15318.6
2026-01-17 01:00:00,14712.0
2026-01-17 01:15:00,14860.5
2026-01-17 01:30:00,15766.7
2026-01-17 01:45:00,15710.0
2026-01-17 02:00:00,15482.7
2026-01-17 02:15:00,15183.6
2026-01-17 02:30:00,15011.2
2026-01-17 02:45:00,14714.7
2026-01-17 03:00:00,14684.8
2026-01-17 03:15:00,14339.2
2026-01-17 03:30:00,14102.3
2026-01-17 03:45:00,14006.7
2026-01-17 04:00:00,14023.9
2026-01-17 04:15:00,13965.1
2026-01-17 04:30:00,13932.6
2026-01-17 04:45:00,13942.4
2026-01-17 05:00:00,13948.3
2026-01-17 05:15:00,13874.5
2026-01-17 05:30:00,13892.0
2026-01-17 05:45:00,13580.0
2026-01-17 06:00:00,13329.0
2026-01-17 06:15:00,13479.8
2026-01-17 06:30:00,13643.1
2026-01-17 06:45:00,14224.8
2026-01-17 07:00:00,14928.2
2026-01-17 07:15:00,15350.3
2026-01-17 07:30:00,16392.3
2026-01-17 07:45:00,17295.4
2026-01-17 08:00:00,18444.9
2026-01-17 08:15:00,19212.1
2026-01-17 08:30:00,19303.5
2026-01-17 08:45:00,19528.8
2026-01-17 09:00:00,19051.8
2026-01-17 09:15:00,19076.0
2026-01-17 09:30:00,18953.4
2026-01-17 09:45:00,18876.8
2026-01-17 10:00:00,19124.5
2026-01-17 10:15:00,19066.9
2026-01-17 10:30:00,20094.6
2026-01-17 10:45:00,20627.4
2026-01-17 11:00:00,21008.8
2026-01-17 11:15:00,20731.1
2026-01-17 11:30:00,20369.2
2026-01-17 11:45:00,19678.6
2026-01-17 12:00:00,21467.5
2026-01-17 12:15:00,21112.1
2026-01-17 12:30:00,20887.7
2026-01-17 12:45:00,20412.1
2026-01-17 13:00:00,20615.5
2026-01-17 13:15:00,20144.5
2026-01-17 13:30:00,19680.1
2026-01-17 13:45:00,19015.7
2026-01-17 14:00:00,18129.7
2026-01-17 14:15:00,17942.7
2026-01-17 14:30:00,17930.2
2026-01-17 14:45:00,17739.4
2026-01-17 15:00:00,18238.0
2026-01-17 15:15:00,18211.6
2026-01-17 15:30:00,18297.7
2026-01-17 15:45:00,18271.9
2026-01-17 16:00:00,18259.4
2026-01-17 16:15:00,18671.8
2026-01-17 16:30:00,18658.9
2026-01-17 16:45:00,18804.7
2026-01-17 17:00:00,19286.2
2026-01-17 17:15:00,19570.0
2026-01-17 17:30:00,19961.9
2026-01-17 17:45:00,19922.3
2026-01-17 18:00:00,20340.4
2026-01-17 18:15:00,20654.2
2026-01-17 18:30:00,20986.9
2026-01-17 18:45:00,20926.8
2026-01-17 19:00:00,20680.7
2026-01-17 19:15:00,20460.0
2026-01-17 19:30:00,20489.4
2026-01-17 19:45:00,20332.7
2026-01-17 20:00:00,20262.9
2026-01-17 20:15:00,20157.5
2026-01-17 20:30:00,19943.3
2026-01-17 20:45:00,19458.8
2026-01-17 21:00:00,19282.9
2026-01-17 21:15:00,19362.3
2026-01-17 21:30:00,19158.1
2026-01-17 21:45:00,18960.2
2026-01-17 22:00:00,18736.6
2026-01-17 22:15:00,18190.1
2026-01-17 22:30:00,17586.2
2026-01-17 22:45:00,16934.1
2026-01-17 23:00:00,16758.9
2026-01-17 23:15:00,16682.5
2026-01-17 23:30:00,16099.0
2026-01-17 23:45:00,15533.7
2026-01-18 00:00:00,19108.5
2026-01-18 00:15:00,18349.3
2026-01-18 00:30:00,17654.1
2026-01-18 00:45:00,16694.8
2026-01-18 01:00:00,16455.6
2026-01-18 01:15:00,16466.8
2026-01-18 01:30:00,16048.6
2026-01-18 01:45:00,15810.5
2026-01-18 02:00:00,15430.4
2026-01-18 02:15:00,15223.5
2026-01-18 02:30:00,14810.9
2026-01-18 02:45:00,14585.2
2026-01-18 03:00:00,14207.2
2026-01-18 03:15:00,14276.8
2026-01-18 03:30:00,14060.3
2026-01-18 03:45:00,13644.0
2026-01-18 04:00:00,13718.3
2026-01-18 04:15:00,13602.6
2026-01-18 04:30:00,13457.0
2026-01-18 04:45:00,13513.2
2026-01-18 05:00:00,13518.0
2026-01-18 05:15:00,13517.4
2026-01-18 05:30:00,13634.8
2026-01-18 05:45:00,13417.6
2026-01-18 06:00:00,13056.6
2026-01-18 06:15:00,13303.7
2026-01-18 06:30:00,13323.3
2026-01-18 06:45:00,13678.2
2026-01-18 07:00:00,14509.5
2026-01-18 07:15:00,14921.7
2026-01-18 07:30:00,15830.5
2026-01-18 07:45:00,16713.8
2026-01-18 08:00:00,17632.1
2026-01-18 08:15:00,18091.1
2026-01-18 08:30:00,18313.4
2026-01-18 08:45:00,18892.0
2026-01-18 09:00:00,18682.8
2026-01-18 09:15:00,18796.5
2026-01-18 09:30:00,18821.5
2026-01-18 09:45:00,18853.4
2026-01-18 10:00:00,18820.8
2026-01-18 10:15:00,19393.2
2026-01-18 10:30:00,20113.5
2026-01-18 10:45:00,20394.2
2026-01-18 11:00:00,20840.7
2026-01-18 11:15:00,21473.0
2026-01-18 11:30:00,21685.1
2026-01-18 11:45:00,21335.4
2026-01-18 12:00:00,23213.0
2026-01-18 12:15:00,22645.2
2026-01-18 12:30:00,22448.2
2026-01-18 12:45:00,21969.8
2026-01-18 13:00:00,21910.9
2026-01-18 13:15:00,21565.8
2026-01-18 13:30:00,21306.8
2026-01-18 13:45:00,20670.8
2026-01-18 14:00:00,19656.9
2026-01-18 14:15:00,19502.9
2026-01-18 14:30:00,19561.8
2026-01-18 14:45:00,19375.1
2026-01-18 15:00:00,19564.5
2026-01-18 15:15:00,19918.2
2026-01-18 15:30:00,19376.5
2026-01-18 15:45:00,19081.6
2026-01-18 16:00:00,19115.2
2026-01-18 16:15:00,19579.5
2026-01-18 16:30:00,19834.1
2026-01-18 16:45:00,20399.7
2026-01-18 17:00:00,20650.7
2026-01-18 17:15:00,21133.7
2026-01-18 17:30:00,21409.3
2026-01-18 17:45:00,21533.8
2026-01-18 18:00:00,21750.1
2026-01-18 18:15:00,21933.4
2026-01-18 18:30:00,21881.2
2026-01-18 18:45:00,21907.7
2026-01-18 19:00:00,21922.0
2026-01-18 19:15:00,21863.1
2026-01-18 19:30:00,22125.5
2026-01-18 19:45:00,21949.9
2026-01-18 20:00:00,22090.7
2026-01-18 20:15:00,21749.3
2026-01-18 20:30:00,21782.9
2026-01-18 20:45:00,21407.7
2026-01-18 21:00:00,21082.9
2026-01-18 21:15:00,20790.9
2026-01-18 21:30:00,20395.3
2026-01-18 21:45:00,19929.5
2026-01-18 22:00:00,19464.9
2026-01-18 22:15:00,18867.9
2026-01-18 22:30:00,18080.7
2026-01-18 22:45:00,17780.3
2026-01-18 23:00:00,17536.4
2026-01-18 23:15:00,16732.3
2026-01-18 23:30:00,16008.7
2026-01-18 23:45:00,15767.0
2026-01-19 00:00:00,19038.9
2026-01-19 00:15:00,18780.8
2026-01-19 00:30:00,18030.7
2026-01-19 00:45:00,17091.2
2026-01-19 01:00:00,16343.4
2026-01-19 01:15:00,16506.1
2026-01-19 01:30:00,16191.7
2026-01-19 01:45:00,15854.3
2026-01-19 02:00:00,15402.0
2026-01-19 02:15:00,15111.1
2026-01-19 02:30:00,14825.1
2026-01-19 02:45:00,15029.8
2026-01-19 03:00:00,14988.6
2026-01-19 03:15:00,14716.9
2026-01-19 03:30:00,14633.7
2026-01-19 03:45:00,14524.5
2026-01-19 04:00:00,14415.0
2026-01-19 04:15:00,14529.2
2026-01-19 04:30:00,14536.3
2026-01-19 04:45:00,14589.0
2026-01-19 05:00:00,14683.3
2026-01-19 05:15:00,14820.1
2026-01-19 05:30:00,14995.5
2026-01-19 05:45:00,14898.6
2026-01-19 06:00:00,14846.5
2026-01-19 06:15:00,15151.7
2026-01-19 06:30:00,15800.0
2026-01-19 06:45:00,16775.8
2026-01-19 07:00:00,17579.9
2026-01-19 07:15:00,18100.6
2026-01-19 07:30:00,18837.7
2026-01-19 07:45:00,20098.7
2026-01-19 08:00:00,21234.1
2026-01-19 08:15:00,22774.7
2026-01-19 08:30:00,23830.0
2026-01-19 08:45:00,24299.3
2026-01-19 09:00:00,24773.8
2026-01-19 09:15:00,25119.7
2026-01-19 09:30:00,25265.2
2026-01-19 09:45:00,25571.6
2026-01-19 10:00:00,25449.4
2026-01-19 10:15:00,25737.9
2026-01-19 10:30:00,27158.9
2026-01-19 10:45:00,27878.2
2026-01-19 11:00:00,28379.5
2026-01-19 11:15:00,28321.1
2026-01-19 11:30:00,27883.0
2026-01-19 11:45:00,27695.6
2026-01-19 12:00:00,29460.7
2026-01-19 12:15:00,29521.3
2026-01-19 12:30:00,29338.3
2026-01-19 12:45:00,28836.7
2026-01-19 13:00:00,28890.7
2026-01-19 13:15:00,28426.3
2026-01-19 13:30:00,27950.7
2026-01-19 13:45:00,27189.1
2026-01-19 14:00:00,26340.5
2026-01-19 14:15:00,25992.8
2026-01-19 14:30:00,25880.8
2026-01-19 14:45:00,25403.1
2026-01-19 15:00:00,26701.0
2026-01-19 15:15:00,26319.1
2026-01-19 15:30:00,26308.3
2026-01-19 15:45:00,26369.1
2026-01-19 16:00:00,26283.4
2026-01-19 16:15:00,26609.1
2026-01-19 16:30:00,26819.9
2026-01-19 16:45:00,26607.4
2026-01-19 17:00:00,26590.3
2026-01-19 17:15:00,26741.6
2026-01-19 17:30:00,27559.3
2026-01-19 17:45:00,27307.3
2026-01-19 18:00:00,27169.4
2026-01-19 18:15:00,27158.3
2026-01-19 18:30:00,27348.4
2026-01-19 18:45:00,27114.1
2026-01-19 19:00:00,27249.3
2026-01-19 19:15:00,26826.5
2026-01-19 19:30:00,26588.0
2026-01-19 19:45:00,26615.7
2026-01-19 20:00:00,26488.2
2026-01-19 20:15:00,26123.3
2026-01-19 20:30:00,26164.9
2026-01-19 20:45:00,25654.0
2026-01-19 21:00:00,24894.8
2026-01-19 21:15:00,25096.6
2026-01-19 21:30:00,24601.9
2026-01-19 21:45:00,24576.9
2026-01-19 22:00:00,23851.4
2026-01-19 22:15:00,23287.1
2026-01-19 22:30:00,21964.0
2026-01-19 22:45:00,21037.3
2026-01-19 23:00:00,20712.4
2026-01-19 23:15:00,19922.5
2026-01-19 23:30:00,19025.4
2026-01-19 23:45:00,19093.6
2026-01-20 00:00:00,22599.6
2026-01-20 00:15:00,22703.0
2026-01-20 00:30:00,22147.3
2026-01-20 00:45:00,20676.3
2026-01-20 01:00:00,19368.1
2026-01-20 01:15:00,18713.8
2026-01-20 01:30:00,18361.1
2026-01-20 01:45:00,17956.5
2026-01-20 02:00:00,17421.5
2026-01-20 02:15:00,17350.8
2026-01-20 02:30:00,17136.6
2026-01-20 02:45:00,17206.0
2026-01-20 03:00:00,17285.3
2026-01-20 03:15:00,17004.6
2026-01-20 03:30:00,16905.4
2026-01-20 03:45:00,16783.4
2026-01-20 04:00:00,16527.6
2026-01-20 04:15:00,16398.9
2026-01-20 04:30:00,16400.4
2026-01-20 04:45:00,16499.8
2026-01-20 05:00:00,16682.1
2026-01-20 05:15:00,16733.9
2026-01-20 05:30:00,16677.1
2026-01-20 05:45:00,16705.3
2026-01-20 06:00:00,16941.5
2026-01-20 06:15:00,17135.2
2026-01-20 06:30:00,17635.6
2026-01-20 06:45:00,18669.9
2026-01-20 07:00:00,19336.9
2026-01-20 07:15:00,19906.4
2026-01-20 07:30:00,21097.2
2026-01-20 07:45:00,22469.5
2026-01-20 08:00:00,24568.4
2026-01-20 08:15:00,26063.2
2026-01-20 08:30:00,27235.7
2026-01-20 08:45:00,27992.2
2026-01-20 09:00:00,28445.9
2026-01-20 09:15:00,28637.7
2026-01-20 09:30:00,28645.4
2026-01-20 09:45:00,28831.6
2026-01-20 10:00:00,29387.0
2026-01-20 10:15:00,29684.6
2026-01-20 10:30:00,30044.7
2026-01-20 10:45:00,31145.2
2026-01-20 11:00:00,31634.6
2026-01-20 11:15:00,31626.9
2026-01-20 11:30:00,31917.8
2026-01-20 11:45:00,30991.0
2026-01-20 12:00:00,31994.0
2026-01-20 12:15:00,32255.3
2026-01-20 12:30:00,32063.1
2026-01-20 12:45:00,31612.8
2026-01-20 13:00:00,31899.7
2026-01-20 13:15:00,31655.7
2026-01-20 13:30:00,31317.0
2026-01-20 13:45:00,30106.2
2026-01-20 14:00:00,29234.9
2026-01-20 14:15:00,28761.8
2026-01-20 14:30:00,28842.1
2026-01-20 14:45:00,28641.1
2026-01-20 15:00:00,28791.3
2026-01-20 15:15:00,29104.7
2026-01-20 15:30:00,28943.8
2026-01-20 15:45:00,28867.7
2026-01-20 16:00:00,29045.1
2026-01-20 16:15:00,29255.8
2026-01-20 16:30:00,29604.9
2026-01-20 16:45:00,29663.0
2026-01-20 17:00:00,29294.2
2026-01-20 17:15:00,29074.6
2026-01-20 17:30:00,29209.6
2026-01-20 17:45:00,29376.0
2026-01-20 18:00:00,29463.5
2026-01-20 18:15:00,29398.8
2026-01-20 18:30:00,30749.4
2026-01-20 18:45:00,31825.3
2026-01-20 19:00:00,32279.8
2026-01-20 19:15:00,31767.0
2026-01-20 19:30:00,31579.3
2026-01-20 19:45:00,31379.9
2026-01-20 20:00:00,31263.7
2026-01-20 20:15:00,31040.3
2026-01-20 20:30:00,30930.2
2026-01-20 20:45:00,30514.5
2026-01-20 21:00:00,28854.4
2026-01-20 21:15:00,27496.9
2026-01-20 21:30:00,27056.0
2026-01-20 21:45:00,26605.9
2026-01-20 22:00:00,26115.7
2026-01-20 22:15:00,25286.2
2026-01-20 22:30:00,24450.3
2026-01-20 22:45:00,23282.1
2026-01-20 23:00:00,22597.4
2026-01-20 23:15:00,21470.6
2026-01-20 23:30:00,20533.0
2026-01-20 23:45:00,20043.1
2026-01-21 00:00:00,23009.5
2026-01-21 00:15:00,23116.9
2026-01-21 00:30:00,22423.7
2026-01-21 00:45:00,21484.1
2026-01-21 01:00:00,20578.1
2026-01-21 01:15:00,19950.6
2026-01-21 01:30:00,19370.8
2026-01-21 01:45:00,19116.8
2026-01-21 02:00:00,18551.6
2026-01-21 02:15:00,18439.5
2026-01-21 02:30:00,18350.5
2026-01-21 02:45:00,18051.2
2026-01-21 03:00:00,18059.2
2026-01-21 03:15:00,17833.3
2026-01-21 03:30:00,17895.3
2026-01-21 03:45:00,17797.9
2026-01-21 04:00:00,17449.0
2026-01-21 04:15:00,17344.6
2026-01-21 04:30:00,17449.9
2026-01-21 04:45:00,17397.4
2026-01-21 05:00:00,17395.7
2026-01-21 05:15:00,17478.5
2026-01-21 05:30:00,17569.0
2026-01-21 05:45:00,17454.7
2026-01-21 06:00:00,17680.1
2026-01-21 06:15:00,17914.9
2026-01-21 06:30:00,18387.0
2026-01-21 06:45:00,19279.5
2026-01-21 07:00:00,20105.3
2026-01-21 07:15:00,20686.9
2026-01-21 07:30:00,21767.2
2026-01-21 07:45:00,23043.5
2026-01-21 08:00:00,24988.8
2026-01-21 08:15:00,26935.1
2026-01-21 08:30:00,28404.0
2026-01-21 08:45:00,28823.0
2026-01-21 09:00:00,29391.4
2026-01-21 09:15:00,29907.4
2026-01-21 09:30:00,30652.0
2026-01-21 09:45:00,30396.8
2026-01-21 10:00:00,30986.9
2026-01-21 10:15:00,31361.7
2026-01-21 10:30:00,32015.6
2026-01-21 10:45:00,31154.4
2026-01-21 11:00:00,32790.2
2026-01-21 11:15:00,33335.3
2026-01-21 11:30:00,32935.4
2026-01-21 11:45:00,32376.2
2026-01-21 12:00:00,33544.9
2026-01-21 12:15:00,33843.0
2026-01-21 12:30:00,33872.0
2026-01-21 12:45:00,33257.7
2026-01-21 13:00:00,31230.2
2026-01-21 13:15:00,30777.6
2026-01-21 13:30:00,30368.5
2026-01-21 13:45:00,29271.4
2026-01-21 14:00:00,28351.1
2026-01-21 14:15:00,29441.4
2026-01-21 14:30:00,29304.2
2026-01-21 14:45:00,29433.5
2026-01-21 15:00:00,29391.6
2026-01-21 15:15:00,29462.0
2026-01-21 15:30:00,29892.4
2026-01-21 15:45:00,29541.8
2026-01-21 16:00:00,29298.7
2026-01-21 16:15:00,30046.5
2026-01-21 16:30:00,30527.1
2026-01-21 16:45:00,30328.1
2026-01-21 17:00:00,30657.8
2026-01-21 17:15:00,30384.6
2026-01-21 17:30:00,30558.0
2026-01-21 17:45:00,30699.5
2026-01-21 18:00:00,30918.6
2026-01-21 18:15:00,31022.2
2026-01-21 18:30:00,31098.4
2026-01-21 18:45:00,31104.2
2026-01-21 19:00:00,31050.6
2026-01-21 19:15:00,31017.5
2026-01-21 19:30:00,30705.7
2026-01-21 19:45:00,30692.0
2026-01-21 20:00:00,30516.1
2026-01-21 20:15:00,30290.2
2026-01-21 20:30:00,30303.7
2026-01-21 20:45:00,29541.2
2026-01-21 21:00:00,29242.9
2026-01-21 21:15:00,28906.9
2026-01-21 21:30:00,28511.5
2026-01-21 21:45:00,28084.8
2026-01-21 22:00:00,27609.2
2026-01-21 22:15:00,26570.4
2026-01-21 22:30:00,25488.8
2026-01-21 22:45:00,24349.5
2026-01-21 23:00:00,23400.3
2026-01-21 23:15:00,22724.3
2026-01-21 23:30:00,21537.6
2026-01-21 23:45:00,21399.8
2026-01-22 00:00:00,23669.8
2026-01-22 00:15:00,23434.7
2026-01-22 00:30:00,22847.0
2026-01-22 00:45:00,21948.9
2026-01-22 01:00:00,21018.5
2026-01-22 01:15:00,20468.1
2026-01-22 01:30:00,19962.2
2026-01-22 01:45:00,19512.8
2026-01-22 02:00:00,18892.1
2026-01-22 02:15:00,19063.7
2026-01-22 02:30:00,18971.5
2026-01-22 02:45:00,18803.5
2026-01-22 03:00:00,18867.8
2026-01-22 03:15:00,18651.7
2026-01-22 03:30:00,18406.5
2026-01-22 03:45:00,18314.3
2026-01-22 04:00:00,18231.2
2026-01-22 04:15:00,17986.8
2026-01-22 04:30:00,18076.9
2026-01-22 04:45:00,17993.4
2026-01-22 05:00:00,18159.9
2026-01-22 05:15:00,18347.5
2026-01-22 05:30:00,18232.6
2026-01-22 05:45:00,18169.5
2026-01-22 06:00:00,18096.2
2026-01-22 06:15:00,18445.7
2026-01-22 06:30:00,19024.3
2026-01-22 06:45:00,20011.0
2026-01-22 07:00:00,20668.5
2026-01-22 07:15:00,21462.1
2026-01-22 07:30:00,22659.0
2026-01-22 07:45:00,24168.0
2026-01-22 08:00:00,25876.4
2026-01-22 08:15:00,27486.0
2026-01-22 08:30:00,28433.2
2026-01-22 08:45:00,28969.5
2026-01-22 09:00:00,29039.3
2026-01-22 09:15:00,28325.4
2026-01-22 09:30:00,28631.5
2026-01-22 09:45:00,28628.2
2026-01-22 10:00:00,28971.2
2026-01-22 10:15:00,29268.5
2026-01-22 10:30:00,29885.4
2026-01-22 10:45:00,30296.6
2026-01-22 11:00:00,32158.3
2026-01-22 11:15:00,30957.6
2026-01-22 11:30:00,30586.6
2026-01-22 11:45:00,29648.8
2026-01-22 12:00:00,31126.0
2026-01-22 12:15:00,31204.1
2026-01-22 12:30:00,30967.4
2026-01-22 12:45:00,30472.1
2026-01-22 13:00:00,30483.7
2026-01-22 13:15:00,29829.2
2026-01-22 13:30:00,29751.4
2026-01-22 13:45:00,28379.5
2026-01-22 14:00:00,27406.2
2026-01-22 14:15:00,26786.8
2026-01-22 14:30:00,26440.0
2026-01-22 14:45:00,26415.2
2026-01-22 15:00:00,26437.8
2026-01-22 15:15:00,26567.8
2026-01-22 15:30:00,26918.6
2026-01-22 15:45:00,27710.2
2026-01-22 16:00:00,27764.6
2026-01-22 16:15:00,28017.6
2026-01-22 16:30:00,28695.7
2026-01-22 16:45:00,28512.7
2026-01-22 17:00:00,29062.8
2026-01-22 17:15:00,29008.2
2026-01-22 17:30:00,28857.7
2026-01-22 17:45:00,29111.8
2026-01-22 18:00:00,29708.9
2026-01-22 18:15:00,29939.6
2026-01-22 18:30:00,30459.3
2026-01-22 18:45:00,30510.8
2026-01-22 19:00:00,30520.5
2026-01-22 19:15:00,30416.2
2026-01-22 19:30:00,30290.5
2026-01-22 19:45:00,30137.5
2026-01-22 20:00:00,30002.7
2026-01-22 20:15:00,30281.8
2026-01-22 20:30:00,30084.6
2026-01-22 20:45:00,29728.9
2026-01-22 21:00:00,29334.2
2026-01-22 21:15:00,29384.1
2026-01-22 21:30:00,29042.5
2026-01-22 21:45:00,28577.2
2026-01-22 22:00:00,28072.0
2026-01-22 22:15:00,27078.1
2026-01-22 22:30:00,25869.7
2026-01-22 22:45:00,24852.3
2026-01-22 23:00:00,23783.3
2026-01-22 23:15:00,22674.4
2026-01-22 23:30:00,21683.2
2026-01-22 23:45:00,21023.7
2026-01-23 00:00:00,24321.0
2026-01-23 00:15:00,24192.9
2026-01-23 00:30:00,23342.3
2026-01-23 00:45:00,22311.0
2026-01-23 01:00:00,21522.7
2026-01-23 01:15:00,20906.3
2026-01-23 01:30:00,20328.8
2026-01-23 01:45:00,19814.7
2026-01-23 02:00:00,19423.9
2026-01-23 02:15:00,19229.0
2026-01-23 02:30:00,19170.0
2026-01-23 02:45:00,19155.5
2026-01-23 03:00:00,19104.5
2026-01-23 03:15:00,18793.6
2026-01-23 03:30:00,18595.5
2026-01-23 03:45:00,18413.3
2026-01-23 04:00:00,18331.6
2026-01-23 04:15:00,18052.4
2026-01-23 04:30:00,18219.9
2026-01-23 04:45:00,18413.1
2026-01-23 05:00:00,18357.7
2026-01-23 05:15:00,18276.6
2026-01-23 05:30:00,19047.8
2026-01-23 05:45:00,19327.2
2026-01-23 06:00:00,19473.7
2026-01-23 06:15:00,19954.7
2026-01-23 06:30:00,20858.2
2026-01-23 06:45:00,21896.5
2026-01-23 07:00:00,23229.3
2026-01-23 07:15:00,24174.9
2026-01-23 07:30:00,25460.6
2026-01-23 07:45:00,26591.0
2026-01-23 08:00:00,27942.3
2026-01-23 08:15:00,29142.0
2026-01-23 08:30:00,29393.6
2026-01-23 08:45:00,29583.0
2026-01-23 09:00:00,29523.4
2026-01-23 09:15:00,29294.2
2026-01-23 09:30:00,29469.0
2026-01-23 09:45:00,28923.4
2026-01-23 10:00:00,28918.7
2026-01-23 10:15:00,29239.2
2026-01-23 10:30:00,30243.7
2026-01-23 10:45:00,30440.0
2026-01-23 11:00:00,31188.4
2026-01-23 11:15:00,31232.6
2026-01-23 11:30:00,30640.1
2026-01-23 11:45:00,30187.6
2026-01-23 12:00:00,31680.0
2026-01-23 12:15:00,31543.6
2026-01-23 12:30:00,31415.6
2026-01-23 12:45:00,30706.8
2026-01-23 13:00:00,30807.8
2026-01-23 13:15:00,30480.3
2026-01-23 13:30:00,29829.3
2026-01-23 13:45:00,28628.9
2026-01-23 14:00:00,27398.7
2026-01-23 14:15:00,27013.0
2026-01-23 14:30:00,26989.8
2026-01-23 14:45:00,26811.4
2026-01-23 15:00:00,26804.6
2026-01-23 15:15:00,26596.5
2026-01-23 15:30:00,27174.0
2026-01-23 15:45:00,26948.1
2026-01-23 16:00:00,27211.6
2026-01-23 16:15:00,27776.3
2026-01-23 16:30:00,27824.4
2026-01-23 16:45:00,28112.0
2026-01-23 17:00:00,29072.3
2026-01-23 17:15:00,29485.6
2026-01-23 17:30:00,29960.3
2026-01-23 17:45:00,29996.3
2026-01-23 18:00:00,30276.4
2026-01-23 18:15:00,30861.2
2026-01-23 18:30:00,31159.1
2026-01-23 18:45:00,31407.9
2026-01-23 19:00:00,31530.7
2026-01-23 19:15:00,31231.3
2026-01-23 19:30:00,31273.9
2026-01-23 19:45:00,30819.9
2026-01-23 20:00:00,30996.2
2026-01-23 20:15:00,31006.6
2026-01-23 20:30:00,31055.5
2026-01-23 20:45:00,30861.9
2026-01-23 21:00:00,30455.2
2026-01-23 21:15:00,30335.5
2026-01-23 21:30:00,30160.2
2026-01-23 21:45:00,29787.6
2026-01-23 22:00:00,29315.1
2026-01-23 22:15:00,28492.1
2026-01-23 22:30:00,27574.1
2026-01-23 22:45:00,26430.4
2026-01-23 23:00:00,25365.1
2026-01-23 23:15:00,24377.8
2026-01-23 23:30:00,23261.5
2026-01-23 23:45:00,22693.7
2026-01-24 00:00:00,26341.2
2026-01-24 00:15:00,25983.0
2026-01-24 00:30:00,25217.8
2026-01-24 00:45:00,24222.0
2026-01-24 01:00:00,23359.9
2026-01-24 01:15:00,22568.9
2026-01-24 01:30:00,22050.1
2026-01-24 01:45:00,21611.0
2026-01-24 02:00:00,20895.1
2026-01-24 02:15:00,20840.3
2026-01-24 02:30:00,20519.2
2026-01-24 02:45:00,19966.6
2026-01-24 03:00:00,19384.1
2026-01-24 03:15:00,19092.6
2026-01-24 03:30:00,18753.3
2026-01-24 03:45:00,18590.4
2026-01-24 04:00:00,18559.0
2026-01-24 04:15:00,18465.7
2026-01-24 04:30:00,18343.9
2026-01-24 04:45:00,18451.1
2026-01-24 05:00:00,18945.2
2026-01-24 05:15:00,18769.6
2026-01-24 05:30:00,18655.3
2026-01-24 05:45:00,18303.6
2026-01-24 06:00:00,18624.6
2026-01-24 06:15:00,18597.9
2026-01-24 06:30:00,18897.1
2026-01-24 06:45:00,19287.6
2026-01-24 07:00:00,19998.4
2026-01-24 07:15:00,21081.7
2026-01-24 07:30:00,22147.2
2026-01-24 07:45:00,23515.2
2026-01-24 08:00:00,24223.2
2026-01-24 08:15:00,24217.6
2026-01-24 08:30:00,24379.2
2026-01-24 08:45:00,24784.1
2026-01-24 09:00:00,24742.1
2026-01-24 09:15:00,25031.8
2026-01-24 09:30:00,24806.5
2026-01-24 09:45:00,25020.6
2026-01-24 10:00:00,24841.2
2026-01-24 10:15:00,25252.9
2026-01-24 10:30:00,26022.9
2026-01-24 10:45:00,26537.8
2026-01-24 11:00:00,26303.0
2026-01-24 11:15:00,26579.6
2026-01-24 11:30:00,26061.5
2026-01-24 11:45:00,25316.9
2026-01-24 12:00:00,26484.8
2026-01-24 12:15:00,26186.1
2026-01-24 12:30:00,25933.0
2026-01-24 12:45:00,25318.5
2026-01-24 13:00:00,25241.5
2026-01-24 13:15:00,24738.5
2026-01-24 13:30:00,24490.8
2026-01-24 13:45:00,23537.7
2026-01-24 14:00:00,22737.9
2026-01-24 14:15:00,22446.7
2026-01-24 14:30:00,22434.7
2026-01-24 14:45:00,22371.0
2026-01-24 15:00:00,22327.7
2026-01-24 15:15:00,22917.4
2026-01-24 15:30:00,22944.6
2026-01-24 15:45:00,22778.9
2026-01-24 16:00:00,22964.4
2026-01-24 16:15:00,23433.9
2026-01-24 16:30:00,23745.7
2026-01-24 16:45:00,24251.2
2026-01-24 17:00:00,25293.6
2026-01-24 17:15:00,25435.4
2026-01-24 17:30:00,25959.1
2026-01-24 17:45:00,25909.5
2026-01-24 18:00:00,25784.1
2026-01-24 18:15:00,25873.2
2026-01-24 18:30:00,26470.0
2026-01-24 18:45:00,26642.7
2026-01-24 19:00:00,26370.8
2026-01-24 19:15:00,26201.4
2026-01-24 19:30:00,26380.5
2026-01-24 19:45:00,26052.6
2026-01-24 20:00:00,26105.4
2026-01-24 20:15:00,25953.3
2026-01-24 20:30:00,26191.2
2026-01-24 20:45:00,25575.1
2026-01-24 21:00:00,25108.3
2026-01-24 21:15:00,25504.8
2026-01-24 21:30:00,25544.0
2026-01-24 21:45:00,25196.1
2026-01-24 22:00:00,24642.0
2026-01-24 22:15:00,23865.3
2026-01-24 22:30:00,23039.5
2026-01-24 22:45:00,21958.2
2026-01-24 23:00:00,21169.0
2026-01-24 23:15:00,20029.7
2026-01-24 23:30:00,19388.1
2026-01-24 23:45:00,19255.6
2026-01-25 00:00:00,22734.5
2026-01-25 00:15:00,22085.5
2026-01-25 00:30:00,21155.9
2026-01-25 00:45:00,20149.1
2026-01-25 01:00:00,19480.2
2026-01-25 01:15:00,18587.7
2026-01-25 01:30:00,18242.6
2026-01-25 01:45:00,17589.2
2026-01-25 02:00:00,17300.2
2026-01-25 02:15:00,17228.6
2026-01-25 02:30:00,16987.9
2026-01-25 02:45:00,16785.3
2026-01-25 03:00:00,16756.0
2026-01-25 03:15:00,16514.1
2026-01-25 03:30:00,16469.5
2026-01-25 03:45:00,16098.3
2026-01-25 04:00:00,16184.5
2026-01-25 04:15:00,16039.0
2026-01-25 04:30:00,16070.1
2026-01-25 04:45:00,15900.0
2026-01-25 05:00:00,15891.3
2026-01-25 05:15:00,15848.2
2026-01-25 05:30:00,15893.7
2026-01-25 05:45:00,15718.6
2026-01-25 06:00:00,15747.2
2026-01-25 06:15:00,15681.5
2026-01-25 06:30:00,15707.3
2026-01-25 06:45:00,16185.2
2026-01-25 07:00:00,16294.2
2026-01-25 07:15:00,16762.3
2026-01-25 07:30:00,17769.2
2026-01-25 07:45:00,19393.7
2026-01-25 08:00:00,20693.6
2026-01-25 08:15:00,21568.1
2026-01-25 08:30:00,22014.2
2026-01-25 08:45:00,22416.7
2026-01-25 09:00:00,22714.6
2026-01-25 09:15:00,23126.4
2026-01-25 09:30:00,23266.3
2026-01-25 09:45:00,23496.1
2026-01-25 10:00:00,23639.8
2026-01-25 10:15:00,23977.6
2026-01-25 10:30:00,24423.8
2026-01-25 10:45:00,24951.1
2026-01-25 11:00:00,25048.9
2026-01-25 11:15:00,25325.9
2026-01-25 11:30:00,25073.2
2026-01-25 11:45:00,24573.5
2026-01-25 12:00:00,26309.7
2026-01-25 12:15:00,26195.9
2026-01-25 12:30:00,25911.4
2026-01-25 12:45:00,25610.8
2026-01-25 13:00:00,25415.6
2026-01-25 13:15:00,25045.5
2026-01-25 13:30:00,24563.6
2026-01-25 13:45:00,23662.4
2026-01-25 14:00:00,22713.0
2026-01-25 14:15:00,22491.3
2026-01-25 14:30:00,22323.2
2026-01-25 14:45:00,22424.2
2026-01-25 15:00:00,22522.9
2026-01-25 15:15:00,22726.9
2026-01-25 15:30:00,23027.9
2026-01-25 15:45:00,22936.0
2026-01-25 16:00:00,23209.9
2026-01-25 16:15:00,23695.3
2026-01-25 16:30:00,24526.7
2026-01-25 16:45:00,24486.6
2026-01-25 17:00:00,25713.5
2026-01-25 17:15:00,25799.4
2026-01-25 17:30:00,26022.5
2026-01-25 17:45:00,25967.3
2026-01-25 18:00:00,25528.1
2026-01-25 18:15:00,25762.8
2026-01-25 18:30:00,25828.1
2026-01-25 18:45:00,25807.8
2026-01-25 19:00:00,25577.2
2026-01-25 19:15:00,25485.7
2026-01-25 19:30:00,25311.4
2026-01-25 19:45:00,25417.5
2026-01-25 20:00:00,25350.9
2026-01-25 20:15:00,25338.1
2026-01-25 20:30:00,25474.8
2026-01-25 20:45:00,25166.8
2026-01-25 21:00:00,24787.0
2026-01-25 21:15:00,24411.2
2026-01-25 21:30:00,24489.0
2026-01-25 21:45:00,24161.3
2026-01-25 22:00:00,23532.3
2026-01-25 22:15:00,22746.7
2026-01-25 22:30:00,21632.6
2026-01-25 22:45:00,20855.3
2026-01-25 23:00:00,19978.9
2026-01-25 23:15:00,19071.1
2026-01-25 23:30:00,18021.5
2026-01-25 23:45:00,17396.6
2026-01-26 00:00:00,21080.4
2026-01-26 00:15:00,20840.0
2026-01-26 00:30:00,20034.3
2026-01-26 00:45:00,18903.0
2026-01-26 01:00:00,18138.7
2026-01-26 01:15:00,17542.0
2026-01-26 01:30:00,17110.2
2026-01-26 01:45:00,16701.7
2026-01-26 02:00:00,16262.9
2026-01-26 02:15:00,16167.7
2026-01-26 02:30:00,15876.3
2026-01-26 02:45:00,15931.4
2026-01-26 03:00:00,15945.8
2026-01-26 03:15:00,15678.0
2026-01-26 03:30:00,15447.4
2026-01-26 03:45:00,15344.5
2026-01-26 04:00:00,15179.0
2026-01-26 04:15:00,15243.2
2026-01-26 04:30:00,15043.3
2026-01-26 04:45:00,15256.1
2026-01-26 05:00:00,15214.8
2026-01-26 05:15:00,15459.7
2026-01-26 05:30:00,15532.7
2026-01-26 05:45:00,15619.9
2026-01-26 06:00:00,15611.4
2026-01-26 06:15:00,16133.8
2026-01-26 06:30:00,16715.5
2026-01-26 06:45:00,17405.3
2026-01-26 07:00:00,18091.2
2026-01-26 07:15:00,18753.5
2026-01-26 07:30:00,19898.1
2026-01-26 07:45:00,21049.2
2026-01-26 08:00:00,23149.9
2026-01-26 08:15:00,24600.9
2026-01-26 08:30:00,25255.1
2026-01-26 08:45:00,25932.9
2026-01-26 09:00:00,26343.0
2026-01-26 09:15:00,26593.2
2026-01-26 09:30:00,26417.7
2026-01-26 09:45:00,26772.6
2026-01-26 10:00:00,27226.5
2026-01-26 10:15:00,27680.6
2026-01-26 10:30:00,27711.3
2026-01-26 10:45:00,28066.7
2026-01-26 11:00:00,28471.4
2026-01-26 11:15:00,28280.2
2026-01-26 11:30:00,28178.5
2026-01-26 11:45:00,27608.6
2026-01-26 12:00:00,29239.5
2026-01-26 12:15:00,29239.5
2026-01-26 12:30:00,29084.6
2026-01-26 12:45:00,28946.5
2026-01-26 13:00:00,28762.8
2026-01-26 13:15:00,28241.9
2026-01-26 13:30:00,27863.4
2026-01-26 13:45:00,26680.2
2026-01-26 14:00:00,25710.3
2026-01-26 14:15:00,25432.5
2026-01-26 14:30:00,25285.9
2026-01-26 14:45:00,24978.3
2026-01-26 15:00:00,25302.5
2026-01-26 15:15:00,25394.8
2026-01-26 15:30:00,25594.0
2026-01-26 15:45:00,25486.7
2026-01-26 16:00:00,25499.2
2026-01-26 16:15:00,26048.2
2026-01-26 16:30:00,26476.8
2026-01-26 16:45:00,26767.5
2026-01-26 17:00:00,27542.7
2026-01-26 17:15:00,27306.6
2026-01-26 17:30:00,26758.9
2026-01-26 17:45:00,27021.1
2026-01-26 18:00:00,26973.3
2026-01-26 18:15:00,27279.0
2026-01-26 18:30:00,27333.0
2026-01-26 18:45:00,27345.2
2026-01-26 19:00:00,27271.1
2026-01-26 19:15:00,27048.1
2026-01-26 19:30:00,26975.9
2026-01-26 19:45:00,26817.4
2026-01-26 20:00:00,26719.8
2026-01-26 20:15:00,26842.9
2026-01-26 20:30:00,26578.0
2026-01-26 20:45:00,26306.9
2026-01-26 21:00:00,25945.8
2026-01-26 21:15:00,25902.0
2026-01-26 21:30:00,25484.8
2026-01-26 21:45:00,25461.7
2026-01-26 22:00:00,24581.9
2026-01-26 22:15:00,23827.8
2026-01-26 22:30:00,22896.8
2026-01-26 22:45:00,21747.9
2026-01-26 23:00:00,20977.4
2026-01-26 23:15:00,20118.9
2026-01-26 23:30:00,19131.6
2026-01-26 23:45:00,18701.6
2026-01-27 00:00:00,21722.7
2026-01-27 00:15:00,21539.6
2026-01-27 00:30:00,20855.7
2026-01-27 00:45:00,19700.4
2026-01-27 01:00:00,18930.6
2026-01-27 01:15:00,18202.7
2026-01-27 01:30:00,17835.9
2026-01-27 01:45:00,17354.6
2026-01-27 02:00:00,16850.0
2026-01-27 02:15:00,16750.5
2026-01-27 02:30:00,16852.8
2026-01-27 02:45:00,16775.5
2026-01-27 03:00:00,16862.5
2026-01-27 03:15:00,16698.7
2026-01-27 03:30:00,16327.7
2026-01-27 03:45:00,16307.8
2026-01-27 04:00:00,15986.6
2026-01-27 04:15:00,15946.1
2026-01-27 04:30:00,15875.5
2026-01-27 04:45:00,15842.1
2026-01-27 05:00:00,15993.9
2026-01-27 05:15:00,16038.2
2026-01-27 05:30:00,16378.9
2026-01-27 05:45:00,16212.5
2026-01-27 06:00:00,16135.4
2026-01-27 06:15:00,16472.7
2026-01-27 06:30:00,17128.0
2026-01-27 06:45:00,17822.9
2026-01-27 07:00:00,18316.2
2026-01-27 07:15:00,19205.0
2026-01-27 07:30:00,20312.0
2026-01-27 07:45:00,22394.0
2026-01-27 08:00:00,23747.0
2026-01-27 08:15:00,25303.7
2026-01-27 08:30:00,25646.5
2026-01-27 08:45:00,25894.6
2026-01-27 09:00:00,25881.5
2026-01-27 09:15:00,26253.4
2026-01-27 09:30:00,26711.5
2026-01-27 09:45:00,26808.1
2026-01-27 10:00:00,26777.8
2026-01-27 10:15:00,26981.4
2026-01-27 10:30:00,27284.0
2026-01-27 10:45:00,27842.4
2026-01-27 11:00:00,28058.2
2026-01-27 11:15:00,28104.7
2026-01-27 11:30:00,27802.8
2026-01-27 11:45:00,27163.7
2026-01-27 12:00:00,28843.9
2026-01-27 12:15:00,29088.0
2026-01-27 12:30:00,28550.8
2026-01-27 12:45:00,28195.0
2026-01-27 13:00:00,27962.9
2026-01-27 13:15:00,27799.9
2026-01-27 13:30:00,27426.9
2026-01-27 13:45:00,26282.7
2026-01-27 14:00:00,25105.5
2026-01-27 14:15:00,24820.9
2026-01-27 14:30:00,24621.0
2026-01-27 14:45:00,24628.7
2026-01-27 15:00:00,24654.1
2026-01-27 15:15:00,24919.7
2026-01-27 15:30:00,24893.2
2026-01-27 15:45:00,24739.1
2026-01-27 16:00:00,24906.1
2026-01-27 16:15:00,25089.0
2026-01-27 16:30:00,25520.1
2026-01-27 16:45:00,25651.3
2026-01-27 17:00:00,25949.8
2026-01-27 17:15:00,25925.4
2026-01-27 17:30:00,26198.1
2026-01-27 17:45:00,27892.4
2026-01-27 18:00:00,28290.2
2026-01-27 18:15:00,28248.1
2026-01-27 18:30:00,28436.5
2026-01-27 18:45:00,28630.1
2026-01-27 19:00:00,28603.9
2026-01-27 19:15:00,28367.9
2026-01-27 19:30:00,28297.8
2026-01-27 19:45:00,27860.4
2026-01-27 20:00:00,27926.3
2026-01-27 20:15:00,28207.2
2026-01-27 20:30:00,28076.8
2026-01-27 20:45:00,27842.2
2026-01-27 21:00:00,27797.3
2026-01-27 21:15:00,27531.6
2026-01-27 21:30:00,27200.1
2026-01-27 21:45:00,26982.3
2026-01-27 22:00:00,26307.2
2026-01-27 22:15:00,25708.9
2026-01-27 22:30:00,24849.4
2026-01-27 22:45:00,23952.5
2026-01-27 23:00:00,21827.2
2026-01-27 23:15:00,20803.2
2026-01-27 23:30:00,19564.7
2026-01-27 23:45:00,18967.9
2026-01-28 00:00:00,21989.9
2026-01-28 00:15:00,21749.2
2026-01-28 00:30:00,21008.6
2026-01-28 00:45:00,19944.5
2026-01-28 01:00:00,19061.4
2026-01-28 01:15:00,18369.3
2026-01-28 01:30:00,17921.5
2026-01-28 01:45:00,17309.0
2026-01-28 02:00:00,16979.3
2026-01-28 02:15:00,16871.6
2026-01-28 02:30:00,16782.9
2026-01-28 02:45:00,16698.5
2026-01-28 03:00:00,16602.6
2026-01-28 03:15:00,16436.5
2026-01-28 03:30:00,16256.8
2026-01-28 03:45:00,16192.4
2026-01-28 04:00:00,15892.9
2026-01-28 04:15:00,15799.7
2026-01-28 04:30:00,15853.1
2026-01-28 04:45:00,15831.8
2026-01-28 05:00:00,15933.5
2026-01-28 05:15:00,15973.0
2026-01-28 05:30:00,16143.1
2026-01-28 05:45:00,16302.3
2026-01-28 06:00:00,16146.6
2026-01-28 06:15:00,16584.1
2026-01-28 06:30:00,17140.5
2026-01-28 06:45:00,18043.7
2026-01-28 07:00:00,18417.5
2026-01-28 07:15:00,19351.8
2026-01-28 07:30:00,20515.5
2026-01-28 07:45:00,22142.5
2026-01-28 08:00:00,23484.2
2026-01-28 08:15:00,24419.7
2026-01-28 08:30:00,24691.6
2026-01-28 08:45:00,24948.3
2026-01-28 09:00:00,24729.1
2026-01-28 09:15:00,24957.7
2026-01-28 09:30:00,24690.8
2026-01-28 09:45:00,24511.7
2026-01-28 10:00:00,24629.7
2026-01-28 10:15:00,25089.3
2026-01-28 10:30:00,25286.7
2026-01-28 10:45:00,25450.3
2026-01-28 11:00:00,25477.2
2026-01-28 11:15:00,25342.4
2026-01-28 11:30:00,25382.3
2026-01-28 11:45:00,24681.1
2026-01-28 12:00:00,25670.0
2026-01-28 12:15:00,25635.9
2026-01-28 12:30:00,25221.3
2026-01-28 12:45:00,24800.7
2026-01-28 13:00:00,24770.8
2026-01-28 13:15:00,24385.6
2026-01-28 13:30:00,24041.4
2026-01-28 13:45:00,23254.7
2026-01-28 14:00:00,22170.2
2026-01-28 14:15:00,21969.3
2026-01-28 14:30:00,21425.3
2026-01-28 14:45:00,21281.9
2026-01-28 15:00:00,21646.4
2026-01-28 15:15:00,21684.2
2026-01-28 15:30:00,22072.0
2026-01-28 15:45:00,21905.3
2026-01-28 16:00:00,22120.2
2026-01-28 16:15:00,22515.8
2026-01-28 16:30:00,22759.9
2026-01-28 16:45:00,22919.5
2026-01-28 17:00:00,23882.3
2026-01-28 17:15:00,23947.3
2026-01-28 17:30:00,24156.1
2026-01-28 17:45:00,24380.4
2026-01-28 18:00:00,24864.6
2026-01-28 18:15:00,25197.2
2026-01-28 18:30:00,25552.7
2026-01-28 18:45:00,25747.5
2026-01-28 19:00:00,26026.3
2026-01-28 19:15:00,25621.0
2026-01-28 19:30:00,25849.1
2026-01-28 19:45:00,25434.3
2026-01-28 20:00:00,25607.8
2026-01-28 20:15:00,25634.4
2026-01-28 20:30:00,25607.7
2026-01-28 20:45:00,25284.2
2026-01-28 21:00:00,25141.9
2026-01-28 21:15:00,25240.5
2026-01-28 21:30:00,25158.9
2026-01-28 21:45:00,24723.6
2026-01-28 22:00:00,24371.8
2026-01-28 22:15:00,23832.4
2026-01-28 22:30:00,22897.3
2026-01-28 22:45:00,21872.1
2026-01-28 23:00:00,20991.8
2026-01-28 23:15:00,19986.3
2026-01-28 23:30:00,19201.4
2026-01-28 23:45:00,18292.2
2026-01-29 00:00:00,21458.3
2026-01-29 00:15:00,20979.0
2026-01-29 00:30:00,20316.4
2026-01-29 00:45:00,19144.6
2026-01-29 01:00:00,18147.0
2026-01-29 01:15:00,17739.7
2026-01-29 01:30:00,17086.3
2026-01-29 01:45:00,16779.3
2026-01-29 02:00:00,16250.4
2026-01-29 02:15:00,16160.6
2026-01-29 02:30:00,16148.3
2026-01-29 02:45:00,16198.9
2026-01-29 03:00:00,16046.6
2026-01-29 03:15:00,15904.7
2026-01-29 03:30:00,15656.6
2026-01-29 03:45:00,15661.5
2026-01-29 04:00:00,15560.7
2026-01-29 04:15:00,15277.7
2026-01-29 04:30:00,15215.9
2026-01-29 04:45:00,15305.4
2026-01-29 05:00:00,15501.5
2026-01-29 05:15:00,15655.1
2026-01-29 05:30:00,15910.3
2026-01-29 05:45:00,15750.0
2026-01-29 06:00:00,15533.2
2026-01-29 06:15:00,15782.7
2026-01-29 06:30:00,16135.4
2026-01-29 06:45:00,16677.4
2026-01-29 07:00:00,17535.2
2026-01-29 07:15:00,18246.2
2026-01-29 07:30:00,19690.5
2026-01-29 07:45:00,21115.1
2026-01-29 08:00:00,22473.0
2026-01-29 08:15:00,23423.2
2026-01-29 08:30:00,23969.7
2026-01-29 08:45:00,24537.8
2026-01-29 09:00:00,24673.1
2026-01-29 09:15:00,24953.1
2026-01-29 09:30:00,25030.8
2026-01-29 09:45:00,25377.6
2026-01-29 10:00:00,25792.0
2026-01-29 10:15:00,25885.2
2026-01-29 10:30:00,26260.2
2026-01-29 10:45:00,26439.2
2026-01-29 11:00:00,26888.4
2026-01-29 11:15:00,26952.7
2026-01-29 11:30:00,26624.9
2026-01-29 11:45:00,26055.9
2026-01-29 12:00:00,27584.9
2026-01-29 12:15:00,27872.4
2026-01-29 12:30:00,27554.6
2026-01-29 12:45:00,27079.2
2026-01-29 13:00:00,26979.6
2026-01-29 13:15:00,26147.7
2026-01-29 13:30:00,26088.5
2026-01-29 13:45:00,24952.5
2026-01-29 14:00:00,24083.8
2026-01-29 14:15:00,23496.4
2026-01-29 14:30:00,23205.7
2026-01-29 14:45:00,23311.0
2026-01-29 15:00:00,23473.0
2026-01-29 15:15:00,23611.9
2026-01-29 15:30:00,23795.6
2026-01-29 15:45:00,23803.4
2026-01-29 16:00:00,23950.9
2026-01-29 16:15:00,24489.5
2026-01-29 16:30:00,25144.9
2026-01-29 16:45:00,25163.4
2026-01-29 17:00:00,25244.7
2026-01-29 17:15:00,25434.7
2026-01-29 17:30:00,25596.3
2026-01-29 17:45:00,25683.6
2026-01-29 18:00:00,25812.0
2026-01-29 18:15:00,25998.2
2026-01-29 18:30:00,26208.0
2026-01-29 18:45:00,26343.3
2026-01-29 19:00:00,26209.1
2026-01-29 19:15:00,25823.8
2026-01-29 19:30:00,25834.4
2026-01-29 19:45:00,25458.5
2026-01-29 20:00:00,25444.7
2026-01-29 20:15:00,25373.6
2026-01-29 20:30:00,25294.7
2026-01-29 20:45:00,25077.6
2026-01-29 21:00:00,24733.3
2026-01-29 21:15:00,24865.7
2026-01-29 21:30:00,24571.0
2026-01-29 21:45:00,24336.7
2026-01-29 22:00:00,24242.1
2026-01-29 22:15:00,23533.1
2026-01-29 22:30:00,22753.2
2026-01-29 22:45:00,21469.6
2026-01-29 23:00:00,20939.1
2026-01-29 23:15:00,19770.1
2026-01-29 23:30:00,18625.7
2026-01-29 23:45:00,18141.6
2026-01-30 00:00:00,21783.9
2026-01-30 00:15:00,21361.6
2026-01-30 00:30:00,20595.2
2026-01-30 00:45:00,19698.4
2026-01-30 01:00:00,18992.2
2026-01-30 01:15:00,18188.8
2026-01-30 01:30:00,17794.0
2026-01-30 01:45:00,17376.8
2026-01-30 02:00:00,17071.2
2026-01-30 02:15:00,16789.5
2026-01-30 02:30:00,16887.9
2026-01-30 02:45:00,16698.5
2026-01-30 03:00:00,16672.9
2026-01-30 03:15:00,16340.9
2026-01-30 03:30:00,16057.1
2026-01-30 03:45:00,16061.1
2026-01-30 04:00:00,15991.4
2026-01-30 04:15:00,15967.6
2026-01-30 04:30:00,15773.3
2026-01-30 04:45:00,15764.9
2026-01-30 05:00:00,15837.5
2026-01-30 05:15:00,15892.3
2026-01-30 05:30:00,16114.9
2026-01-30 05:45:00,15969.9
2026-01-30 06:00:00,15873.3
2026-01-30 06:15:00,16256.1
2026-01-30 06:30:00,16552.3
2026-01-30 06:45:00,17138.1
2026-01-30 07:00:00,17618.7
2026-01-30 07:15:00,18371.1
2026-01-30 07:30:00,19938.7
2026-01-30 07:45:00,21621.2
2026-01-30 08:00:00,23369.9
2026-01-30 08:15:00,24859.1
2026-01-30 08:30:00,25538.0
2026-01-30 08:45:00,26345.9
2026-01-30 09:00:00,26582.8
2026-01-30 09:15:00,26804.6
2026-01-30 09:30:00,26949.8
2026-01-30 09:45:00,27189.2
2026-01-30 10:00:00,27831.7
2026-01-30 10:15:00,28019.0
2026-01-30 10:30:00,28434.5
2026-01-30 10:45:00,28941.5
2026-01-30 11:00:00,29261.3
2026-01-30 11:15:00,29365.1
2026-01-30 11:30:00,29522.1
2026-01-30 11:45:00,28686.7
2026-01-30 12:00:00,30523.8
2026-01-30 12:15:00,30591.7
2026-01-30 12:30:00,30195.5
2026-01-30 12:45:00,29673.8
2026-01-30 13:00:00,29667.8
2026-01-30 13:15:00,29164.5
2026-01-30 13:30:00,29101.9
2026-01-30 13:45:00,27940.1
2026-01-30 14:00:00,27101.3
2026-01-30 14:15:00,26555.2
2026-01-30 14:30:00,26285.3
2026-01-30 14:45:00,26340.9
2026-01-30 15:00:00,26390.2
2026-01-30 15:15:00,26574.1
2026-01-30 15:30:00,26700.8
2026-01-30 15:45:00,26646.7
2026-01-30 16:00:00,26744.4
2026-01-30 16:15:00,27195.8
2026-01-30 16:30:00,27848.8
2026-01-30 16:45:00,27921.6
2026-01-30 17:00:00,28192.4
2026-01-30 17:15:00,28157.0
2026-01-30 17:30:00,28001.6
2026-01-30 17:45:00,27921.7
2026-01-30 18:00:00,27817.3
2026-01-30 18:15:00,27836.7
2026-01-30 18:30:00,27802.0
2026-01-30 18:45:00,27839.6
2026-01-30 19:00:00,27875.2
2026-01-30 19:15:00,27777.9
2026-01-30 19:30:00,27420.9
2026-01-30 19:45:00,27299.2
2026-01-30 20:00:00,27388.2
2026-01-30 20:15:00,27164.2
2026-01-30 20:30:00,27065.4
2026-01-30 20:45:00,26667.6
2026-01-30 21:00:00,26281.5
2026-01-30 21:15:00,26366.8
2026-01-30 21:30:00,26043.0
2026-01-30 21:45:00,25553.1
2026-01-30 22:00:00,25676.0
2026-01-30 22:15:00,24734.4
2026-01-30 22:30:00,24062.7
2026-01-30 22:45:00,22994.8
2026-01-30 23:00:00,22360.9
2026-01-30 23:15:00,21131.5
2026-01-30 23:30:00,20298.6
2026-01-30 23:45:00,19593.7
2026-01-31 00:00:00,23155.3
2026-01-31 00:15:00,23040.9
2026-01-31 00:30:00,22245.1
2026-01-31 00:45:00,21266.9
2026-01-31 01:00:00,20293.2
2026-01-31 01:15:00,19623.0
2026-01-31 01:30:00,19076.5
2026-01-31 01:45:00,18593.2
2026-01-31 02:00:00,18177.0
2026-01-31 02:15:00,18021.7
2026-01-31 02:30:00,18004.1
2026-01-31 02:45:00,17720.5
2026-01-31 03:00:00,17793.9
2026-01-31 03:15:00,17509.8
2026-01-31 03:30:00,17350.0
2026-01-31 03:45:00,17109.5
2026-01-31 04:00:00,17035.7
2026-01-31 04:15:00,16747.2
2026-01-31 04:30:00,16703.9
2026-01-31 04:45:00,16641.0
2026-01-31 05:00:00,16607.7
2026-01-31 05:15:00,16623.8
2026-01-31 05:30:00,16628.8
2026-01-31 05:45:00,16672.0
2026-01-31 06:00:00,16278.2
2026-01-31 06:15:00,16314.0
2026-01-31 06:30:00,16791.7
2026-01-31 06:45:00,17249.0
2026-01-31 07:00:00,17550.2
2026-01-31 07:15:00,18441.9
2026-01-31 07:30:00,19779.9
2026-01-31 07:45:00,21298.8
2026-01-31 08:00:00,23013.5
2026-01-31 08:15:00,23893.8
2026-01-31 08:30:00,24715.0
2026-01-31 08:45:00,24987.4
2026-01-31 09:00:00,25330.1
2026-01-31 09:15:00,25527.4
2026-01-31 09:30:00,25711.0
2026-01-31 09:45:00,25867.0
2026-01-31 10:00:00,26080.2
2026-01-31 10:15:00,25904.1
2026-01-31 10:30:00,26753.9
2026-01-31 10:45:00,26824.7
2026-01-31 11:00:00,27421.8
2026-01-31 11:15:00,27143.9
2026-01-31 11:30:00,26859.7
2026-01-31 11:45:00,26029.8
2026-01-31 12:00:00,27854.7
2026-01-31 12:15:00,27705.7
2026-01-31 12:30:00,27379.3
2026-01-31 12:45:00,26618.3
2026-01-31 13:00:00,26434.0
2026-01-31 13:15:00,26286.7
2026-01-31 13:30:00,25708.2
2026-01-31 13:45:00,24883.7
2026-01-31 14:00:00,23746.7
2026-01-31 14:15:00,23514.1
2026-01-31 14:30:00,24457.5
2026-01-31 14:45:00,25870.0
2026-01-31 15:00:00,25900.4
2026-01-31 15:15:00,26826.6
2026-01-31 15:30:00,27051.7
2026-01-31 15:45:00,27605.9
2026-01-31 16:00:00,27603.7
2026-01-31 16:15:00,27192.8
2026-01-31 16:30:00,27302.5
2026-01-31 16:45:00,27576.4
2026-01-31 17:00:00,28031.0
2026-01-31 17:15:00,28194.3
2026-01-31 17:30:00,28347.3
2026-01-31 17:45:00,28341.2
2026-01-31 18:00:00,28662.7
2026-01-31 18:15:00,28490.1
2026-01-31 18:30:00,28847.6
2026-01-31 18:45:00,28530.2
2026-01-31 19:00:00,28920.4
2026-01-31 19:15:00,28502.7
2026-01-31 19:30:00,28512.9
2026-01-31 19:45:00,28388.9
2026-01-31 20:00:00,28523.2
2026-01-31 20:15:00,28588.0
2026-01-31 20:30:00,28427.0
2026-01-31 20:45:00,28132.4
2026-01-31 21:00:00,27730.5
2026-01-31 21:15:00,27847.2
2026-01-31 21:30:00,27400.8
2026-01-31 21:45:00,27239.5
2026-01-31 22:00:00,26827.8
2026-01-31 22:15:00,25816.1
2026-01-31 22:30:00,24820.0
2026-01-31 22:45:00,23724.2
2026-01-31 23:00:00,22699.8
2026-01-31 23:15:00,21778.4
2026-01-31 23:30:00,20713.5
2026-01-31 23:45:00,20540.7
2026-02-01 00:00:00,23746.6
2026-02-01 00:15:00,23179.0
2026-02-01 00:30:00,22553.1
2026-02-01 00:45:00,21426.4
2026-02-01 01:00:00,20507.1
2026-02-01 01:15:00,20148.2
2026-02-01 01:30:00,19789.7
2026-02-01 01:45:00,19462.2
2026-02-01 02:00:00,19121.4
2026-02-01 02:15:00,18775.1
2026-02-01 02:30:00,18588.4
2026-02-01 02:45:00,18083.1
2026-02-01 03:00:00,18049.5
2026-02-01 03:15:00,17707.6
2026-02-01 03:30:00,17526.9
2026-02-01 03:45:00,17020.2
2026-02-01 04:00:00,17118.5
2026-02-01 04:15:00,16867.7
2026-02-01 04:30:00,16920.7
2026-02-01 04:45:00,16707.1
2026-02-01 05:00:00,16684.9
2026-02-01 05:15:00,16658.2
2026-02-01 05:30:00,16566.9
2026-02-01 05:45:00,16556.0
2026-02-01 06:00:00,16308.9
2026-02-01 06:15:00,16399.5
2026-02-01 06:30:00,16576.1
2026-02-01 06:45:00,17261.9
2026-02-01 07:00:00,18170.5
2026-02-01 07:15:00,19497.9
2026-02-01 07:30:00,20582.9
2026-02-01 07:45:00,21844.4
2026-02-01 08:00:00,23299.3
2026-02-01 08:15:00,24419.1
2026-02-01 08:30:00,25150.8
2026-02-01 08:45:00,25813.3
2026-02-01 09:00:00,25818.2
2026-02-01 09:15:00,26390.3
2026-02-01 09:30:00,26604.8
2026-02-01 09:45:00,26975.5
2026-02-01 10:00:00,26947.3
2026-02-01 10:15:00,27115.5
2026-02-01 10:30:00,28061.2
2026-02-01 10:45:00,28526.2
2026-02-01 11:00:00,28705.1
2026-02-01 11:15:00,28680.9
2026-02-01 11:30:00,28508.9
2026-02-01 11:45:00,28320.9
2026-02-01 12:00:00,29824.1
2026-02-01 12:15:00,29760.0
2026-02-01 12:30:00,29689.7
2026-02-01 12:45:00,28895.5
2026-02-01 13:00:00,29013.6
2026-02-01 13:15:00,28330.9
2026-02-01 13:30:00,28249.9
2026-02-01 13:45:00,26900.4
2026-02-01 14:00:00,26384.6
2026-02-01 14:15:00,25930.8
2026-02-01 14:30:00,25511.5
2026-02-01 14:45:00,25656.3
2026-02-01 15:00:00,26293.3
2026-02-01 15:15:00,26583.0
2026-02-01 15:30:00,26827.1
2026-02-01 15:45:00,26865.8
2026-02-01 16:00:00,26802.4
2026-02-01 16:15:00,26846.4
2026-02-01 16:30:00,26989.8
2026-02-01 16:45:00,26768.7
2026-02-01 17:00:00,27135.1
2026-02-01 17:15:00,27431.4
2026-02-01 17:30:00,27597.5
2026-02-01 17:45:00,27680.8
2026-02-01 18:00:00,27551.0
2026-02-01 18:15:00,27755.5
2026-02-01 18:30:00,28169.2
2026-02-01 18:45:00,28315.4
2026-02-01 19:00:00,28345.4
2026-02-01 19:15:00,28058.8
2026-02-01 19:30:00,28244.5
2026-02-01 19:45:00,28030.0
2026-02-01 20:00:00,27983.2
2026-02-01 20:15:00,28014.8
2026-02-01 20:30:00,27783.9
2026-02-01 20:45:00,27575.9
2026-02-01 21:00:00,27445.9
2026-02-01 21:15:00,27290.4
2026-02-01 21:30:00,26931.2
2026-02-01 21:45:00,26449.4
2026-02-01 22:00:00,26127.0
2026-02-01 22:15:00,25241.7
2026-02-01 22:30:00,24339.1
2026-02-01 22:45:00,23487.9
2026-02-01 23:00:00,22316.0
2026-02-01 23:15:00,21385.3
2026-02-01 23:30:00,20181.4
2026-02-01 23:45:00,19835.7
2026-02-02 00:00:00,22525.4
2026-02-02 00:15:00,22133.4
2026-02-02 00:30:00,21298.8
2026-02-02 00:45:00,20275.4
2026-02-02 01:00:00,18757.6
2026-02-02 01:15:00,18126.0
2026-02-02 01:30:00,17754.6
2026-02-02 01:45:00,17212.0
2026-02-02 02:00:00,17084.8
2026-02-02 02:15:00,16931.3
2026-02-02 02:30:00,16840.4
2026-02-02 02:45:00,16701.2
2026-02-02 03:00:00,16559.9
2026-02-02 03:15:00,16357.1
2026-02-02 03:30:00,16084.9
2026-02-02 03:45:00,14871.9
2026-02-02 04:00:00,14676.7
2026-02-02 04:15:00,14528.1
2026-02-02 04:30:00,14454.1
2026-02-02 04:45:00,14525.9
2026-02-02 05:00:00,14688.8
2026-02-02 05:15:00,14674.3
2026-02-02 05:30:00,14795.1
2026-02-02 05:45:00,14680.3
2026-02-02 06:00:00,15072.1
2026-02-02 06:15:00,15289.1
2026-02-02 06:30:00,15767.8
2026-02-02 06:45:00,16446.9
2026-02-02 07:00:00,17173.4
2026-02-02 07:15:00,18562.5
2026-02-02 07:30:00,19881.5
2026-02-02 07:45:00,21378.9
2026-02-02 08:00:00,22949.1
2026-02-02 08:15:00,23709.9
2026-02-02 08:30:00,24060.1
2026-02-02 08:45:00,24023.5
2026-02-02 09:00:00,23891.1
2026-02-02 09:15:00,23736.6
2026-02-02 09:30:00,23717.6
2026-02-02 09:45:00,23753.3
2026-02-02 10:00:00,24228.9
2026-02-02 10:15:00,25017.7
2026-02-02 10:30:00,26072.1
2026-02-02 10:45:00,26346.6
2026-02-02 11:00:00,26470.5
2026-02-02 11:15:00,26378.9
2026-02-02 11:30:00,25855.8
2026-02-02 11:45:00,25460.2
2026-02-02 12:00:00,26933.5
2026-02-02 12:15:00,26828.4
2026-02-02 12:30:00,26607.0
2026-02-02 12:45:00,26168.0
2026-02-02 13:00:00,25943.8
2026-02-02 13:15:00,25620.7
2026-02-02 13:30:00,25282.9
2026-02-02 13:45:00,24368.8
2026-02-02 14:00:00,23475.7
2026-02-02 14:15:00,23186.8
2026-02-02 14:30:00,23119.0
2026-02-02 14:45:00,22815.5
2026-02-02 15:00:00,23300.6
2026-02-02 15:15:00,23195.4
2026-02-02 15:30:00,23444.1
2026-02-02 15:45:00,23491.3
2026-02-02 16:00:00,23394.3
2026-02-02 16:15:00,23675.3
2026-02-02 16:30:00,23661.0
2026-02-02 16:45:00,23665.5
2026-02-02 17:00:00,24363.6
2026-02-02 17:15:00,24364.3
2026-02-02 17:30:00,24363.5
2026-02-02 17:45:00,24502.9
2026-02-02 18:00:00,24785.8
2026-02-02 18:15:00,25298.6
2026-02-02 18:30:00,25387.7
2026-02-02 18:45:00,25683.3
2026-02-02 19:00:00,25593.4
2026-02-02 19:15:00,25677.6
2026-02-02 19:30:00,25548.7
2026-02-02 19:45:00,25180.9
2026-02-02 20:00:00,25337.2
2026-02-02 20:15:00,25428.7
2026-02-02 20:30:00,25258.6
2026-02-02 20:45:00,24846.8
2026-02-02 21:00:00,24714.6
2026-02-02 21:15:00,24704.3
2026-02-02 21:30:00,24476.7
2026-02-02 21:45:00,23935.7
2026-02-02 22:00:00,23672.2
2026-02-02 22:15:00,23146.9
2026-02-02 22:30:00,22261.0
2026-02-02 22:45:00,21039.5
2026-02-02 23:00:00,20320.2
2026-02-02 23:15:00,19160.7
2026-02-02 23:30:00,18309.2
2026-02-02 23:45:00,17516.9
2026-02-03 00:00:00,20531.4
2026-02-03 00:15:00,20158.9
2026-02-03 00:30:00,19413.0
2026-02-03 00:45:00,18266.0
2026-02-03 01:00:00,17069.1
2026-02-03 01:15:00,16432.8
2026-02-03 01:30:00,15760.9
2026-02-03 01:45:00,15520.9
2026-02-03 02:00:00,15707.1
2026-02-03 02:15:00,15395.3
2026-02-03 02:30:00,14983.0
2026-02-03 02:45:00,14912.3
2026-02-03 03:00:00,14739.7
2026-02-03 03:15:00,14429.0
2026-02-03 03:30:00,14244.1
2026-02-03 03:45:00,14486.8
2026-02-03 04:00:00,14370.8
2026-02-03 04:15:00,14282.2
2026-02-03 04:30:00,14270.3
2026-02-03 04:45:00,14170.0
2026-02-03 05:00:00,14407.1
2026-02-03 05:15:00,14489.4
2026-02-03 05:30:00,14414.8
2026-02-03 05:45:00,14303.6
2026-02-03 06:00:00,14390.4
2026-02-03 06:15:00,14591.7
2026-02-03 06:30:00,15050.5
2026-02-03 06:45:00,15796.1
2026-02-03 07:00:00,16397.3
2026-02-03 07:15:00,17825.3
2026-02-03 07:30:00,19105.8
2026-02-03 07:45:00,20542.2
2026-02-03 08:00:00,22040.1
2026-02-03 08:15:00,22603.1
2026-02-03 08:30:00,22733.8
2026-02-03 08:45:00,22646.2
2026-02-03 09:00:00,22522.8
2026-02-03 09:15:00,22395.5
2026-02-03 09:30:00,22379.3
2026-02-03 09:45:00,22422.3
2026-02-03 10:00:00,22457.2
2026-02-03 10:15:00,23193.8
2026-02-03 10:30:00,23982.0
2026-02-03 10:45:00,24429.5
2026-02-03 11:00:00,24983.6
2026-02-03 11:15:00,24741.2
2026-02-03 11:30:00,24774.7
2026-02-03 11:45:00,24259.3
2026-02-03 12:00:00,25551.9
2026-02-03 12:15:00,25532.3
2026-02-03 12:30:00,25212.4
2026-02-03 12:45:00,24802.0
2026-02-03 13:00:00,24794.7
2026-02-03 13:15:00,24163.0
2026-02-03 13:30:00,24077.9
2026-02-03 13:45:00,23309.5
2026-02-03 14:00:00,22410.6
2026-02-03 14:15:00,21996.0
2026-02-03 14:30:00,22045.6
2026-02-03 14:45:00,21890.8
2026-02-03 15:00:00,22040.5
2026-02-03 15:15:00,22429.5
2026-02-03 15:30:00,22445.4
2026-02-03 15:45:00,22419.9
2026-02-03 16:00:00,22275.8
2026-02-03 16:15:00,22523.6
2026-02-03 16:30:00,22477.1
2026-02-03 16:45:00,22445.0
2026-02-03 17:00:00,23205.8
2026-02-03 17:15:00,23118.6
2026-02-03 17:30:00,23376.2
2026-02-03 17:45:00,23557.5
2026-02-03 18:00:00,23586.4
2026-02-03 18:15:00,23921.4
2026-02-03 18:30:00,24364.6
2026-02-03 18:45:00,24430.1
2026-02-03 19:00:00,24251.7
2026-02-03 19:15:00,24238.1
2026-02-03 19:30:00,24261.9
2026-02-03 19:45:00,24136.2
2026-02-03 20:00:00,23966.0
2026-02-03 20:15:00,24271.4
2026-02-03 20:30:00,23844.6
2026-02-03 20:45:00,23699.7
2026-02-03 21:00:00,23573.7
2026-02-03 21:15:00,23726.8
2026-02-03 21:30:00,23360.4
2026-02-03 21:45:00,23126.7
2026-02-03 22:00:00,22852.9
2026-02-03 22:15:00,22299.6
2026-02-03 22:30:00,21267.1
2026-02-03 22:45:00,20521.0
2026-02-03 23:00:00,19646.4
2026-02-03 23:15:00,18709.5
2026-02-03 23:30:00,17520.3
2026-02-03 23:45:00,16907.0
2026-02-04 00:00:00,19755.6
2026-02-04 00:15:00,19313.0
2026-02-04 00:30:00,18564.1
2026-02-04 00:45:00,17610.0
2026-02-04 01:00:00,16356.7
2026-02-04 01:15:00,16058.1
2026-02-04 01:30:00,15736.1
2026-02-04 01:45:00,15626.9
2026-02-04 02:00:00,15361.0
2026-02-04 02:15:00,15053.6
2026-02-04 02:30:00,14789.8
2026-02-04 02:45:00,14594.1
2026-02-04 03:00:00,14468.3
2026-02-04 03:15:00,14238.4
2026-02-04 03:30:00,13919.9
2026-02-04 03:45:00,13923.6
2026-02-04 04:00:00,13661.0
2026-02-04 04:15:00,13618.5
2026-02-04 04:30:00,13632.7
2026-02-04 04:45:00,13673.4
2026-02-04 05:00:00,13730.9
2026-02-04 05:15:00,13762.7
2026-02-04 05:30:00,13855.9
2026-02-04 05:45:00,13836.6
2026-02-04 06:00:00,14086.9
2026-02-04 06:15:00,14278.1
2026-02-04 06:30:00,14811.3
2026-02-04 06:45:00,15275.3
2026-02-04 07:00:00,15968.5
2026-02-04 07:15:00,17126.6
2026-02-04 07:30:00,18421.9
2026-02-04 07:45:00,19910.6
2026-02-04 08:00:00,21384.6
2026-02-04 08:15:00,22091.7
2026-02-04 08:30:00,22327.9
2026-02-04 08:45:00,22565.7
2026-02-04 09:00:00,22723.8
2026-02-04 09:15:00,23011.0
2026-02-04 09:30:00,22995.6
2026-02-04 09:45:00,22901.3
2026-02-04 10:00:00,23419.7
2026-02-04 10:15:00,24019.9
2026-02-04 10:30:00,24555.5
2026-02-04 10:45:00,25102.0
2026-02-04 11:00:00,25232.5
2026-02-04 11:15:00,25317.6
2026-02-04 11:30:00,24399.2
2026-02-04 11:45:00,24022.0
2026-02-04 12:00:00,25397.1
2026-02-04 12:15:00,25059.9
2026-02-04 12:30:00,24861.5
2026-02-04 12:45:00,24376.6
2026-02-04 13:00:00,24289.5
2026-02-04 13:15:00,24013.5
2026-02-04 13:30:00,23633.2
2026-02-04 13:45:00,22802.4
2026-02-04 14:00:00,21482.3
2026-02-04 14:15:00,21267.8
2026-02-04 14:30:00,21210.8
2026-02-04 14:45:00,20974.6
2026-02-04 15:00:00,21407.3
2026-02-04 15:15:00,21494.4
2026-02-04 15:30:00,21486.7
2026-02-04 15:45:00,21591.4
2026-02-04 16:00:00,21064.3
2026-02-04 16:15:00,21652.0
2026-02-04 16:30:00,21437.2
2026-02-04 16:45:00,21395.0
2026-02-04 17:00:00,22003.0
2026-02-04 17:15:00,21952.6
2026-02-04 17:30:00,21769.8
2026-02-04 17:45:00,22210.4
2026-02-04 18:00:00,22305.5
2026-02-04 18:15:00,22807.1
2026-02-04 18:30:00,23185.8
2026-02-04 18:45:00,23744.9
2026-02-04 19:00:00,23972.7
2026-02-04 19:15:00,23621.9
2026-02-04 19:30:00,23696.0
2026-02-04 19:45:00,23510.4
2026-02-04 20:00:00,23744.0
2026-02-04 20:15:00,23491.0
2026-02-04 20:30:00,23375.1
2026-02-04 20:45:00,22992.9
2026-02-04 21:00:00,22931.5
2026-02-04 21:15:00,23026.6
2026-02-04 21:30:00,22715.2
2026-02-04 21:45:00,22580.4
2026-02-04 22:00:00,22157.8
2026-02-04 22:15:00,21505.5
2026-02-04 22:30:00,20663.7
2026-02-04 22:45:00,19989.8
2026-02-04 23:00:00,19017.6
2026-02-04 23:15:00,18113.1
2026-02-04 23:30:00,17285.5
2026-02-04 23:45:00,16520.2
2026-02-05 00:00:00,19725.8
2026-02-05 00:15:00,19248.0
2026-02-05 00:30:00,18573.4
2026-02-05 00:45:00,17395.6
2026-02-05 01:00:00,16084.2
2026-02-05 01:15:00,15621.5
2026-02-05 01:30:00,15438.5
2026-02-05 01:45:00,15487.9
2026-02-05 02:00:00,15062.3
2026-02-05 02:15:00,14654.5
2026-02-05 02:30:00,14514.0
2026-02-05 02:45:00,14260.9
2026-02-05 03:00:00,14170.9
2026-02-05 03:15:00,13859.3
2026-02-05 03:30:00,13638.5
2026-02-05 03:45:00,13578.5
2026-02-05 04:00:00,13517.7
2026-02-05 04:15:00,13545.9
2026-02-05 04:30:00,13545.2
2026-02-05 04:45:00,13376.5
2026-02-05 05:00:00,13422.7
2026-02-05 05:15:00,13527.7
2026-02-05 05:30:00,13598.6
2026-02-05 05:45:00,13374.2
2026-02-05 06:00:00,13851.9
2026-02-05 06:15:00,13994.1
2026-02-05 06:30:00,14431.4
2026-02-05 06:45:00,14729.6
2026-02-05 07:00:00,15666.9
2026-02-05 07:15:00,16938.3
2026-02-05 07:30:00,18218.0
2026-02-05 07:45:00,19720.5
2026-02-05 08:00:00,21310.4
2026-02-05 08:15:00,21985.0
2026-02-05 08:30:00,22156.8
2026-02-05 08:45:00,22770.6
2026-02-05 09:00:00,22068.2
2026-02-05 09:15:00,22169.9
2026-02-05 09:30:00,22397.9
2026-02-05 09:45:00,22589.5
2026-02-05 10:00:00,23241.5
2026-02-05 10:15:00,23702.4
2026-02-05 10:30:00,23908.6
2026-02-05 10:45:00,24270.4
2026-02-05 11:00:00,24754.2
2026-02-05 11:15:00,24791.7
2026-02-05 11:30:00,24756.8
2026-02-05 11:45:00,23911.5
2026-02-05 12:00:00,25242.8
2026-02-05 12:15:00,24849.0
2026-02-05 12:30:00,24380.1
2026-02-05 12:45:00,24036.8
2026-02-05 13:00:00,23632.4
2026-02-05 13:15:00,23360.1
2026-02-05 13:30:00,23044.8
2026-02-05 13:45:00,22279.7
2026-02-05 14:00:00,21444.7
2026-02-05 14:15:00,21027.0
2026-02-05 14:30:00,20889.0
2026-02-05 14:45:00,20539.4
2026-02-05 15:00:00,21176.1
2026-02-05 15:15:00,21359.1
2026-02-05 15:30:00,22077.6
2026-02-05 15:45:00,22392.7
2026-02-05 16:00:00,22403.8
2026-02-05 16:15:00,22651.4
2026-02-05 16:30:00,22921.1
2026-02-05 16:45:00,22629.4
2026-02-05 17:00:00,23163.3
2026-02-05 17:15:00,23010.6
2026-02-05 17:30:00,23200.3
2026-02-05 17:45:00,23464.7
2026-02-05 18:00:00,23645.4
2026-02-05 18:15:00,23836.0
2026-02-05 18:30:00,23889.5
2026-02-05 18:45:00,23613.1
2026-02-05 19:00:00,23477.3
2026-02-05 19:15:00,23170.3
2026-02-05 19:30:00,23111.2
2026-02-05 19:45:00,23018.4
2026-02-05 20:00:00,23072.0
2026-02-05 20:15:00,23108.4
2026-02-05 20:30:00,22997.2
2026-02-05 20:45:00,22744.3
2026-02-05 21:00:00,23121.0
2026-02-05 21:15:00,23261.8
2026-02-05 21:30:00,23092.5
2026-02-05 21:45:00,22745.3
2026-02-05 22:00:00,22234.3
2026-02-05 22:15:00,21452.0
2026-02-05 22:30:00,20729.6
2026-02-05 22:45:00,19930.4
2026-02-05 23:00:00,18740.9
2026-02-05 23:15:00,17669.0
2026-02-05 23:30:00,16635.4
2026-02-05 23:45:00,16085.1
2026-02-06 00:00:00,19160.0
2026-02-06 00:15:00,19304.4
2026-02-06 00:30:00,18506.0
2026-02-06 00:45:00,17280.6
2026-02-06 01:00:00,16292.9
2026-02-06 01:15:00,15646.9
2026-02-06 01:30:00,15048.9
2026-02-06 01:45:00,14657.8
2026-02-06 02:00:00,14482.7
2026-02-06 02:15:00,14059.6
2026-02-06 02:30:00,13829.2
2026-02-06 02:45:00,13512.3
2026-02-06 03:00:00,13233.7
2026-02-06 03:15:00,13094.3
2026-02-06 03:30:00,12759.5
2026-02-06 03:45:00,12799.3
2026-02-06 04:00:00,12712.1
2026-02-06 04:15:00,12488.0
2026-02-06 04:30:00,12507.2
2026-02-06 04:45:00,12582.5
2026-02-06 05:00:00,12713.2
2026-02-06 05:15:00,12583.9
2026-02-06 05:30:00,12821.8
2026-02-06 05:45:00,12659.7
2026-02-06 06:00:00,13114.8
2026-02-06 06:15:00,13377.4
2026-02-06 06:30:00,13868.6
2026-02-06 06:45:00,14405.9
2026-02-06 07:00:00,14747.0
2026-02-06 07:15:00,15533.5
2026-02-06 07:30:00,16742.6
2026-02-06 07:45:00,18444.3
2026-02-06 08:00:00,20047.3
2026-02-06 08:15:00,21079.0
2026-02-06 08:30:00,22014.0
2026-02-06 08:45:00,22600.5
2026-02-06 09:00:00,22536.9
2026-02-06 09:15:00,23022.3
2026-02-06 09:30:00,23000.6
2026-02-06 09:45:00,23404.6
2026-02-06 10:00:00,24135.3
2026-02-06 10:15:00,24233.4
2026-02-06 10:30:00,24868.9
2026-02-06 10:45:00,25207.7
2026-02-06 11:00:00,25621.7
2026-02-06 11:15:00,25722.7
2026-02-06 11:30:00,25678.8
2026-02-06 11:45:00,25232.8
2026-02-06 12:00:00,26736.9
2026-02-06 12:15:00,26641.3
2026-02-06 12:30:00,26240.5
2026-02-06 12:45:00,26013.2
2026-02-06 13:00:00,25663.1
2026-02-06 13:15:00,25401.1
2026-02-06 13:30:00,25217.0
2026-02-06 13:45:00,24152.1
2026-02-06 14:00:00,23076.0
2026-02-06 14:15:00,22811.8
2026-02-06 14:30:00,22503.9
2026-02-06 14:45:00,22439.1
2026-02-06 15:00:00,22627.0
2026-02-06 15:15:00,22622.2
2026-02-06 15:30:00,22557.4
2026-02-06 15:45:00,22384.4
2026-02-06 16:00:00,22301.0
2026-02-06 16:15:00,23004.4
2026-02-06 16:30:00,23081.9
2026-02-06 16:45:00,23074.2
2026-02-06 17:00:00,23163.6
2026-02-06 17:15:00,23789.3
2026-02-06 17:30:00,24152.7
2026-02-06 17:45:00,24335.8
2026-02-06 18:00:00,24549.7
2026-02-06 18:15:00,24598.7
2026-02-06 18:30:00,24585.6
2026-02-06 18:45:00,24289.9
2026-02-06 19:00:00,23970.4
2026-02-06 19:15:00,22917.6
2026-02-06 19:30:00,22885.8
2026-02-06 19:45:00,22744.1
2026-02-06 20:00:00,22762.5
2026-02-06 20:15:00,22907.2
2026-02-06 20:30:00,23117.2
2026-02-06 20:45:00,22768.9
2026-02-06 21:00:00,22929.2
2026-02-06 21:15:00,23149.0
2026-02-06 21:30:00,22835.1
2026-02-06 21:45:00,22830.8
2026-02-06 22:00:00,22138.4
2026-02-06 22:15:00,21455.1
2026-02-06 22:30:00,20960.0
2026-02-06 22:45:00,20183.6
2026-02-06 23:00:00,18926.7
2026-02-06 23:15:00,17830.7
2026-02-06 23:30:00,16918.0
2026-02-06 23:45:00,16725.2
2026-02-07 00:00:00,19645.8
2026-02-07 00:15:00,19578.7
2026-02-07 00:30:00,18641.5
2026-02-07 00:45:00,17666.9
2026-02-07 01:00:00,16330.4
2026-02-07 01:15:00,15566.1
2026-02-07 01:30:00,15289.0
2026-02-07 01:45:00,15593.6
2026-02-07 02:00:00,15448.5
2026-02-07 02:15:00,15156.5
2026-02-07 02:30:00,14821.2
2026-02-07 02:45:00,14449.6
2026-02-07 03:00:00,14227.0
2026-02-07 03:15:00,14093.5
2026-02-07 03:30:00,13761.1
2026-02-07 03:45:00,13699.5
2026-02-07 04:00:00,13501.9
2026-02-07 04:15:00,13402.7
2026-02-07 04:30:00,13350.8
2026-02-07 04:45:00,13220.3
2026-02-07 05:00:00,13744.0
2026-02-07 05:15:00,13574.2
2026-02-07 05:30:00,13855.1
2026-02-07 05:45:00,13279.5
2026-02-07 06:00:00,13712.3
2026-02-07 06:15:00,13937.9
2026-02-07 06:30:00,14183.9
2026-02-07 06:45:00,14630.2
2026-02-07 07:00:00,15098.2
2026-02-07 07:15:00,16196.8
2026-02-07 07:30:00,17318.5
2026-02-07 07:45:00,18188.5
2026-02-07 08:00:00,19443.5
2026-02-07 08:15:00,20761.4
2026-02-07 08:30:00,21533.0
2026-02-07 08:45:00,22101.1
2026-02-07 09:00:00,22123.5
2026-02-07 09:15:00,22577.2
2026-02-07 09:30:00,22764.7
2026-02-07 09:45:00,23370.7
2026-02-07 10:00:00,23880.5
2026-02-07 10:15:00,24259.8
2026-02-07 10:30:00,24752.7
2026-02-07 10:45:00,25090.9
2026-02-07 11:00:00,25907.8
2026-02-07 11:15:00,25667.7
2026-02-07 11:30:00,25735.2
2026-02-07 11:45:00,25356.2
2026-02-07 12:00:00,26817.4
2026-02-07 12:15:00,27096.0
2026-02-07 12:30:00,26260.7
2026-02-07 12:45:00,26220.1
2026-02-07 13:00:00,25937.7
2026-02-07 13:15:00,25488.5
2026-02-07 13:30:00,25120.9
2026-02-07 13:45:00,24157.2
2026-02-07 14:00:00,23405.3
2026-02-07 14:15:00,23301.6
2026-02-07 14:30:00,23253.8
2026-02-07 14:45:00,23146.9
2026-02-07 15:00:00,23609.3
2026-02-07 15:15:00,23890.8
2026-02-07 15:30:00,24182.3
2026-02-07 15:45:00,24145.1
2026-02-07 16:00:00,24050.2
2026-02-07 16:15:00,24363.3
2026-02-07 16:30:00,24621.3
2026-02-07 16:45:00,24246.8
2026-02-07 17:00:00,24874.8
2026-02-07 17:15:00,24849.6
2026-02-07 17:30:00,24763.2
2026-02-07 17:45:00,25079.9
2026-02-07 18:00:00,24963.2
2026-02-07 18:15:00,24792.9
2026-02-07 18:30:00,25167.4
2026-02-07 18:45:00,25090.8
2026-02-07 19:00:00,25295.8
2026-02-07 19:15:00,24826.4
2026-02-07 19:30:00,24934.0
2026-02-07 19:45:00,24640.1
2026-02-07 20:00:00,24767.5
2026-02-07 20:15:00,24755.4
2026-02-07 20:30:00,24907.8
2026-02-07 20:45:00,24586.4
2026-02-07 21:00:00,24790.4
2026-02-07 21:15:00,24954.3
2026-02-07 21:30:00,24526.1
2026-02-07 21:45:00,24342.0
2026-02-07 22:00:00,23861.0
2026-02-07 22:15:00,23188.4
2026-02-07 22:30:00,22296.7
2026-02-07 22:45:00,21411.5
2026-02-07 23:00:00,20364.1
2026-02-07 23:15:00,19145.5
2026-02-07 23:30:00,18092.6
2026-02-07 23:45:00,17488.1
2026-02-08 00:00:00,20791.3
2026-02-08 00:15:00,20337.1
2026-02-08 00:30:00,19584.1
2026-02-08 00:45:00,18514.3
2026-02-08 01:00:00,17217.8
2026-02-08 01:15:00,17235.4
2026-02-08 01:30:00,17319.8
2026-02-08 01:45:00,17072.5
2026-02-08 02:00:00,16517.2
2026-02-08 02:15:00,15879.1
2026-02-08 02:30:00,15562.3
2026-02-08 02:45:00,15270.5
2026-02-08 03:00:00,14961.0
2026-02-08 03:15:00,14635.3
2026-02-08 03:30:00,14394.1
2026-02-08 03:45:00,14187.7
2026-02-08 04:00:00,14053.9
2026-02-08 04:15:00,14105.5
2026-02-08 04:30:00,14049.3
2026-02-08 04:45:00,13964.3
2026-02-08 05:00:00,14031.9
2026-02-08 05:15:00,14010.4
2026-02-08 05:30:00,14172.8
2026-02-08 05:45:00,13783.7
2026-02-08 06:00:00,14342.9
2026-02-08 06:15:00,14420.0
2026-02-08 06:30:00,14918.1
2026-02-08 06:45:00,15521.2
2026-02-08 07:00:00,16144.4
2026-02-08 07:15:00,17377.7
2026-02-08 07:30:00,18438.7
2026-02-08 07:45:00,19337.1
2026-02-08 08:00:00,19830.7
2026-02-08 08:15:00,20659.3
2026-02-08 08:30:00,21022.1
2026-02-08 08:45:00,21140.0
2026-02-08 09:00:00,21290.9
2026-02-08 09:15:00,20887.4
2026-02-08 09:30:00,21189.0
2026-02-08 09:45:00,21348.8
2026-02-08 10:00:00,21564.5
2026-02-08 10:15:00,22276.7
2026-02-08 10:30:00,23116.3
2026-02-08 10:45:00,23448.7
2026-02-08 11:00:00,23871.5
2026-02-08 11:15:00,23934.2
2026-02-08 11:30:00,23723.7
2026-02-08 11:45:00,23364.1
2026-02-08 12:00:00,25179.2
2026-02-08 12:15:00,25009.9
2026-02-08 12:30:00,24460.3
2026-02-08 12:45:00,23938.3
2026-02-08 13:00:00,23269.1
2026-02-08 13:15:00,22773.7
2026-02-08 13:30:00,22551.0
2026-02-08 13:45:00,21669.9
2026-02-08 14:00:00,20986.8
2026-02-08 14:15:00,20273.1
2026-02-08 14:30:00,20296.1
2026-02-08 14:45:00,20144.5
2026-02-08 15:00:00,20520.0
2026-02-08 15:15:00,20585.6
2026-02-08 15:30:00,21082.7
2026-02-08 15:45:00,20759.0
2026-02-08 16:00:00,20855.7
2026-02-08 16:15:00,20777.5
2026-02-08 16:30:00,20841.1
2026-02-08 16:45:00,20902.7
2026-02-08 17:00:00,21369.0
2026-02-08 17:15:00,21454.8
2026-02-08 17:30:00,22143.9
2026-02-08 17:45:00,22911.6
2026-02-08 18:00:00,23178.4
2026-02-08 18:15:00,23357.8
2026-02-08 18:30:00,23531.4
2026-02-08 18:45:00,23835.5
2026-02-08 19:00:00,24319.6
2026-02-08 19:15:00,24045.9
2026-02-08 19:30:00,24215.6
2026-02-08 19:45:00,24204.6
2026-02-08 20:00:00,24052.5
2026-02-08 20:15:00,24087.5
2026-02-08 20:30:00,24206.0
2026-02-08 20:45:00,24412.8
2026-02-08 21:00:00,24288.8
2026-02-08 21:15:00,24665.8
2026-02-08 21:30:00,24534.3
2026-02-08 21:45:00,24532.9
2026-02-08 22:00:00,24452.6
2026-02-08 22:15:00,23823.2
2026-02-08 22:30:00,22833.5
2026-02-08 22:45:00,21918.1
2026-02-08 23:00:00,20839.8
2026-02-08 23:15:00,19722.0
2026-02-08 23:30:00,18565.2
2026-02-08 23:45:00,17490.6
2026-02-09 00:00:00,20714.1
2026-02-09 00:15:00,20318.3
2026-02-09 00:30:00,19694.5
2026-02-09 00:45:00,18525.2
2026-02-09 01:00:00,16446.7
2026-02-09 01:15:00,15676.5
2026-02-09 01:30:00,15083.4
2026-02-09 01:45:00,14608.6
2026-02-09 02:00:00,14584.1
2026-02-09 02:15:00,14345.7
2026-02-09 02:30:00,13881.2
2026-02-09 02:45:00,13597.3
2026-02-09 03:00:00,13692.6
2026-02-09 03:15:00,13313.4
2026-02-09 03:30:00,13209.7
2026-02-09 03:45:00,12878.9
2026-02-09 04:00:00,12929.3
2026-02-09 04:15:00,12704.6
2026-02-09 04:30:00,12775.1
2026-02-09 04:45:00,12754.7
2026-02-09 05:00:00,12872.4
2026-02-09 05:15:00,12787.9
2026-02-09 05:30:00,12907.8
2026-02-09 05:45:00,12541.7
2026-02-09 06:00:00,13028.8
2026-02-09 06:15:00,13306.5
2026-02-09 06:30:00,13908.6
2026-02-09 06:45:00,14364.8
2026-02-09 07:00:00,14525.0
2026-02-09 07:15:00,15532.6
2026-02-09 07:30:00,16747.2
2026-02-09 07:45:00,18346.7
2026-02-09 08:00:00,20755.0
2026-02-09 08:15:00,22397.7
2026-02-09 08:30:00,23490.6
2026-02-09 08:45:00,24328.5
2026-02-09 09:00:00,25140.4
2026-02-09 09:15:00,25522.6
2026-02-09 09:30:00,25959.3
2026-02-09 09:45:00,26530.2
2026-02-09 10:00:00,26999.6
2026-02-09 10:15:00,27525.8
2026-02-09 10:30:00,27638.8
2026-02-09 10:45:00,27721.0
2026-02-09 11:00:00,28001.1
2026-02-09 11:15:00,27669.0
2026-02-09 11:30:00,27823.2
2026-02-09 11:45:00,27010.4
2026-02-09 12:00:00,28642.5
2026-02-09 12:15:00,28518.3
2026-02-09 12:30:00,28279.6
2026-02-09 12:45:00,27906.7
2026-02-09 13:00:00,27665.9
2026-02-09 13:15:00,27097.8
2026-02-09 13:30:00,26658.1
2026-02-09 13:45:00,26013.8
2026-02-09 14:00:00,25256.6
2026-02-09 14:15:00,24934.6
2026-02-09 14:30:00,24481.7
2026-02-09 14:45:00,24525.7
2026-02-09 15:00:00,24457.5
2026-02-09 15:15:00,24595.3
2026-02-09 15:30:00,24731.0
2026-02-09 15:45:00,24894.9
2026-02-09 16:00:00,24985.2
2026-02-09 16:15:00,25156.3
2026-02-09 16:30:00,25446.7
2026-02-09 16:45:00,24847.9
2026-02-09 17:00:00,25122.5
2026-02-09 17:15:00,25238.0
2026-02-09 17:30:00,25116.9
2026-02-09 17:45:00,25577.0
2026-02-09 18:00:00,25244.8
2026-02-09 18:15:00,25220.6
2026-02-09 18:30:00,25737.0
2026-02-09 18:45:00,26140.0
2026-02-09 19:00:00,26641.4
2026-02-09 19:15:00,26758.9
2026-02-09 19:30:00,26315.0
2026-02-09 19:45:00,26626.9
2026-02-09 20:00:00,26400.2
2026-02-09 20:15:00,26406.0
2026-02-09 20:30:00,26524.1
2026-02-09 20:45:00,26290.3
2026-02-09 21:00:00,26347.3
2026-02-09 21:15:00,26902.9
2026-02-09 21:30:00,26349.7
2026-02-09 21:45:00,25919.1
2026-02-09 22:00:00,25366.9
2026-02-09 22:15:00,24598.4
2026-02-09 22:30:00,23719.6
2026-02-09 22:45:00,22660.6
2026-02-09 23:00:00,21624.3
2026-02-09 23:15:00,20641.2
2026-02-09 23:30:00,19366.8
2026-02-09 23:45:00,18438.6
2026-02-10 00:00:00,21413.0
2026-02-10 00:15:00,21323.3
2026-02-10 00:30:00,20097.9
2026-02-10 00:45:00,19139.3
2026-02-10 01:00:00,17219.3
2026-02-10 01:15:00,16586.2
2026-02-10 01:30:00,16127.9
2026-02-10 01:45:00,15535.6
2026-02-10 02:00:00,15493.2
2026-02-10 02:15:00,15139.8
2026-02-10 02:30:00,14709.5
2026-02-10 02:45:00,14373.8
2026-02-10 03:00:00,14208.7
2026-02-10 03:15:00,13735.5
2026-02-10 03:30:00,13609.8
2026-02-10 03:45:00,13449.1
2026-02-10 04:00:00,13170.2
2026-02-10 04:15:00,13180.5
2026-02-10 04:30:00,12966.0
2026-02-10 04:45:00,12875.9
2026-02-10 05:00:00,12974.2
2026-02-10 05:15:00,13092.1
2026-02-10 05:30:00,13104.7
2026-02-10 05:45:00,13037.1
2026-02-10 06:00:00,13239.9
2026-02-10 06:15:00,13544.1
2026-02-10 06:30:00,14184.5
2026-02-10 06:45:00,14610.7
2026-02-10 07:00:00,14860.9
2026-02-10 07:15:00,15839.4
2026-02-10 07:30:00,17275.2
2026-02-10 07:45:00,18986.0
2026-02-10 08:00:00,20841.5
2026-02-10 08:15:00,22271.5
2026-02-10 08:30:00,23316.1
2026-02-10 08:45:00,23992.9
2026-02-10 09:00:00,24442.2
2026-02-10 09:15:00,24974.5
2026-02-10 09:30:00,25027.8
2026-02-10 09:45:00,25501.1
2026-02-10 10:00:00,26026.1
2026-02-10 10:15:00,26230.5
2026-02-10 10:30:00,26568.8
2026-02-10 10:45:00,27110.4
2026-02-10 11:00:00,27479.4
2026-02-10 11:15:00,26834.9
2026-02-10 11:30:00,26259.7
2026-02-10 11:45:00,25441.3
2026-02-10 12:00:00,26081.4
2026-02-10 12:15:00,25951.7
2026-02-10 12:30:00,25382.8
2026-02-10 12:45:00,25088.2
2026-02-10 13:00:00,24933.4
2026-02-10 13:15:00,24510.9
2026-02-10 13:30:00,24262.2
2026-02-10 13:45:00,23141.2
2026-02-10 14:00:00,22387.3
2026-02-10 14:15:00,21920.8
2026-02-10 14:30:00,22238.2
2026-02-10 14:45:00,21912.6
2026-02-10 15:00:00,22247.2
2026-02-10 15:15:00,22805.3
2026-02-10 15:30:00,23388.8
2026-02-10 15:45:00,23614.4
2026-02-10 16:00:00,24542.0
2026-02-10 16:15:00,24589.6
2026-02-10 16:30:00,24300.1
2026-02-10 16:45:00,24024.9
2026-02-10 17:00:00,24253.0
2026-02-10 17:15:00,24246.5
2026-02-10 17:30:00,24452.0
2026-02-10 17:45:00,24677.3
2026-02-10 18:00:00,24420.2
2026-02-10 18:15:00,24679.5
2026-02-10 18:30:00,25268.9
2026-02-10 18:45:00,25494.2
2026-02-10 19:00:00,25429.9
2026-02-10 19:15:00,25513.8
2026-02-10 19:30:00,25418.3
2026-02-10 19:45:00,25535.8
2026-02-10 20:00:00,25604.9
2026-02-10 20:15:00,25757.8
2026-02-10 20:30:00,25919.0
2026-02-10 20:45:00,25679.0
2026-02-10 21:00:00,26136.5
2026-02-10 21:15:00,26245.7
2026-02-10 21:30:00,26340.8
2026-02-10 21:45:00,26040.4
2026-02-10 22:00:00,24173.4
2026-02-10 22:15:00,24618.5
2026-02-10 22:30:00,23578.5
2026-02-10 22:45:00,22642.0
2026-02-10 23:00:00,21649.6
2026-02-10 23:15:00,20359.4
2026-02-10 23:30:00,19323.9
2026-02-10 23:45:00,18849.7
2026-02-11 00:00:00,21614.1
2026-02-11 00:15:00,21237.0
2026-02-11 00:30:00,20376.0
2026-02-11 00:45:00,19117.3
2026-02-11 01:00:00,17497.0
2026-02-11 01:15:00,16694.6
2026-02-11 01:30:00,16075.0
2026-02-11 01:45:00,15444.1
2026-02-11 02:00:00,15287.7
2026-02-11 02:15:00,14892.2
2026-02-11 02:30:00,14702.3
2026-02-11 02:45:00,14425.3
2026-02-11 03:00:00,14232.2
2026-02-11 03:15:00,14034.9
2026-02-11 03:30:00,13700.4
2026-02-11 03:45:00,13626.1
2026-02-11 04:00:00,13452.8
2026-02-11 04:15:00,13265.7
2026-02-11 04:30:00,13145.6
2026-02-11 04:45:00,13178.0
2026-02-11 05:00:00,13244.0
2026-02-11 05:15:00,13432.2
2026-02-11 05:30:00,13432.7
2026-02-11 05:45:00,13348.9
2026-02-11 06:00:00,13992.7
2026-02-11 06:15:00,14217.2
2026-02-11 06:30:00,14715.5
2026-02-11 06:45:00,15314.0
2026-02-11 07:00:00,16262.7
2026-02-11 07:15:00,17548.0
2026-02-11 07:30:00,18985.0
2026-02-11 07:45:00,20803.6
2026-02-11 08:00:00,22025.1
2026-02-11 08:15:00,22734.0
2026-02-11 08:30:00,23135.9
2026-02-11 08:45:00,23912.2
2026-02-11 09:00:00,23658.2
2026-02-11 09:15:00,24263.9
2026-02-11 09:30:00,24264.2
2026-02-11 09:45:00,24421.6
2026-02-11 10:00:00,25028.5
2026-02-11 10:15:00,25359.9
2026-02-11 10:30:00,25738.7
2026-02-11 10:45:00,25921.5
2026-02-11 11:00:00,25431.1
2026-02-11 11:15:00,24591.8
2026-02-11 11:30:00,23875.1
2026-02-11 11:45:00,22928.7
2026-02-11 12:00:00,24418.6
2026-02-11 12:15:00,23977.4
2026-02-11 12:30:00,23486.0
2026-02-11 12:45:00,23010.0
2026-02-11 13:00:00,22455.4
2026-02-11 13:15:00,22369.4
2026-02-11 13:30:00,22051.1
2026-02-11 13:45:00,21444.4
2026-02-11 14:00:00,20560.6
2026-02-11 14:15:00,20380.3
2026-02-11 14:30:00,20290.5
2026-02-11 14:45:00,20561.6
2026-02-11 15:00:00,20676.4
2026-02-11 15:15:00,21495.4
2026-02-11 15:30:00,22245.5
2026-02-11 15:45:00,22662.9
2026-02-11 16:00:00,22574.4
2026-02-11 16:15:00,22038.3
2026-02-11 16:30:00,22376.4
2026-02-11 16:45:00,22676.2
2026-02-11 17:00:00,22660.5
2026-02-11 17:15:00,22730.5
2026-02-11 17:30:00,22910.9
2026-02-11 17:45:00,22970.4
2026-02-11 18:00:00,22912.4
2026-02-11 18:15:00,23046.7
2026-02-11 18:30:00,23157.1
2026-02-11 18:45:00,23422.4
2026-02-11 19:00:00,23726.8
2026-02-11 19:15:00,23783.0
2026-02-11 19:30:00,24065.9
2026-02-11 19:45:00,24005.8
2026-02-11 20:00:00,24255.1
2026-02-11 20:15:00,24351.5
2026-02-11 20:30:00,24580.8
2026-02-11 20:45:00,24591.3
2026-02-11 21:00:00,25003.4
2026-02-11 21:15:00,25565.1
2026-02-11 21:30:00,25712.1
2026-02-11 21:45:00,25598.8
2026-02-11 22:00:00,25229.6
2026-02-11 22:15:00,24151.3
2026-02-11 22:30:00,23438.9
2026-02-11 22:45:00,22629.3
2026-02-11 23:00:00,21744.1
2026-02-11 23:15:00,20264.5
2026-02-11 23:30:00,19241.3
2026-02-11 23:45:00,18765.9
2026-02-12 00:00:00,20607.5
2026-02-12 00:15:00,20256.7
2026-02-12 00:30:00,19274.1
2026-02-12 00:45:00,18442.1
2026-02-12 01:00:00,17335.3
2026-02-12 01:15:00,16478.0
2026-02-12 01:30:00,16021.8
2026-02-12 01:45:00,15119.5
2026-02-12 02:00:00,14827.5
2026-02-12 02:15:00,14629.1
2026-02-12 02:30:00,14547.3
2026-02-12 02:45:00,14372.8
2026-02-12 03:00:00,14339.7
2026-02-12 03:15:00,13930.2
2026-02-12 03:30:00,13626.2
2026-02-12 03:45:00,13287.9
2026-02-12 04:00:00,13127.4
2026-02-12 04:15:00,12941.3
2026-02-12 04:30:00,12915.1
2026-02-12 04:45:00,12938.2
2026-02-12 05:00:00,12958.3
2026-02-12 05:15:00,12945.0
2026-02-12 05:30:00,13059.6
2026-02-12 05:45:00,13097.3
2026-02-12 06:00:00,12743.7
2026-02-12 06:15:00,13205.0
2026-02-12 06:30:00,13622.5
2026-02-12 06:45:00,14259.5
2026-02-12 07:00:00,15386.5
2026-02-12 07:15:00,16987.4
2026-02-12 07:30:00,18217.7
2026-02-12 07:45:00,19955.5
2026-02-12 08:00:00,20571.3
2026-02-12 08:15:00,21214.9
2026-02-12 08:30:00,21484.5
2026-02-12 08:45:00,21911.5
2026-02-12 09:00:00,22455.5
2026-02-12 09:15:00,22654.4
2026-02-12 09:30:00,22891.9
2026-02-12 09:45:00,23347.0
2026-02-12 10:00:00,23642.2
2026-02-12 10:15:00,23938.4
2026-02-12 10:30:00,23619.1
2026-02-12 10:45:00,23392.0
2026-02-12 11:00:00,23797.7
2026-02-12 11:15:00,24160.8
2026-02-12 11:30:00,23901.0
2026-02-12 11:45:00,23556.2
2026-02-12 12:00:00,24531.5
2026-02-12 12:15:00,24212.9
2026-02-12 12:30:00,23739.1
2026-02-12 12:45:00,23256.5
2026-02-12 13:00:00,22802.6
2026-02-12 13:15:00,22348.2
2026-02-12 13:30:00,22300.0
2026-02-12 13:45:00,21585.9
2026-02-12 14:00:00,21436.4
2026-02-12 14:15:00,21046.3
2026-02-12 14:30:00,21367.2
2026-02-12 14:45:00,21070.4
2026-02-12 15:00:00,21345.3
2026-02-12 15:15:00,21192.3
2026-02-12 15:30:00,22443.0
2026-02-12 15:45:00,22502.7
2026-02-12 16:00:00,21878.7
2026-02-12 16:15:00,22647.1
2026-02-12 16:30:00,23150.0
2026-02-12 16:45:00,23390.8
2026-02-12 17:00:00,23675.6
2026-02-12 17:15:00,23415.7
2026-02-12 17:30:00,23567.4
2026-02-12 17:45:00,23327.3
2026-02-12 18:00:00,23774.9
2026-02-12 18:15:00,23889.3
2026-02-12 18:30:00,24174.2
2026-02-12 18:45:00,24502.7
2026-02-12 19:00:00,24379.7
2026-02-12 19:15:00,24390.2
2026-02-12 19:30:00,24396.0
2026-02-12 19:45:00,24063.1
2026-02-12 20:00:00,24206.5
2026-02-12 20:15:00,24591.5
2026-02-12 20:30:00,24557.1
2026-02-12 20:45:00,24365.9
2026-02-12 21:00:00,24325.6
2026-02-12 21:15:00,24633.1
2026-02-12 21:30:00,24526.0
2026-02-12 21:45:00,24534.9
2026-02-12 22:00:00,24390.4
2026-02-12 22:15:00,23653.4
2026-02-12 22:30:00,22787.4
2026-02-12 22:45:00,22055.5
2026-02-12 23:00:00,21101.8
2026-02-12 23:15:00,20021.8
2026-02-12 23:30:00,18787.5
2026-02-12 23:45:00,18606.3
2026-02-13 00:00:00,19734.6
2026-02-13 00:15:00,19241.1
2026-02-13 00:30:00,18226.3
2026-02-13 00:45:00,17455.4
2026-02-13 01:00:00,16275.1
2026-02-13 01:15:00,15494.8
2026-02-13 01:30:00,15110.8
2026-02-13 01:45:00,14439.5
2026-02-13 02:00:00,13931.5
2026-02-13 02:15:00,13554.6
2026-02-13 02:30:00,13378.2
2026-02-13 02:45:00,13186.6
2026-02-13 03:00:00,13079.4
2026-02-13 03:15:00,12830.7
2026-02-13 03:30:00,12646.2
2026-02-13 03:45:00,12553.5
2026-02-13 04:00:00,12150.2
2026-02-13 04:15:00,12226.4
2026-02-13 04:30:00,12182.0
2026-02-13 04:45:00,12085.2
2026-02-13 05:00:00,12332.1
2026-02-13 05:15:00,12078.4
2026-02-13 05:30:00,12140.3
2026-02-13 05:45:00,11999.7
2026-02-13 06:00:00,12152.8
2026-02-13 06:15:00,12435.6
2026-02-13 06:30:00,12694.2
2026-02-13 06:45:00,13424.8
2026-02-13 07:00:00,14665.6
2026-02-13 07:15:00,16148.9
2026-02-13 07:30:00,16869.3
2026-02-13 07:45:00,18378.5
2026-02-13 08:00:00,19174.2
2026-02-13 08:15:00,19481.0
2026-02-13 08:30:00,20065.0
2026-02-13 08:45:00,20740.9
2026-02-13 09:00:00,20815.3
2026-02-13 09:15:00,20933.4
2026-02-13 09:30:00,21051.2
2026-02-13 09:45:00,21361.8
2026-02-13 10:00:00,21107.7
2026-02-13 10:15:00,20185.3
2026-02-13 10:30:00,20668.6
2026-02-13 10:45:00,21216.3
2026-02-13 11:00:00,21564.8
2026-02-13 11:15:00,22004.4
2026-02-13 11:30:00,21810.3
2026-02-13 11:45:00,21144.5
2026-02-13 12:00:00,22094.9
2026-02-13 12:15:00,22033.9
2026-02-13 12:30:00,21819.4
2026-02-13 12:45:00,21502.8
2026-02-13 13:00:00,21876.8
2026-02-13 13:15:00,21050.3
2026-02-13 13:30:00,21056.6
2026-02-13 13:45:00,20166.9
2026-02-13 14:00:00,19992.1
2026-02-13 14:15:00,20052.9
2026-02-13 14:30:00,20085.1
2026-02-13 14:45:00,20326.2
2026-02-13 15:00:00,19630.2
2026-02-13 15:15:00,20117.7
2026-02-13 15:30:00,21319.6
2026-02-13 15:45:00,21391.6
2026-02-13 16:00:00,20705.8
2026-02-13 16:15:00,20901.5
2026-02-13 16:30:00,20994.1
2026-02-13 16:45:00,21459.0
2026-02-13 17:00:00,21401.1
2026-02-13 17:15:00,21276.5
2026-02-13 17:30:00,21628.9
2026-02-13 17:45:00,21635.4
2026-02-13 18:00:00,22137.1
2026-02-13 18:15:00,22191.7
2026-02-13 18:30:00,22700.6
2026-02-13 18:45:00,22174.0
2026-02-13 19:00:00,22123.1
2026-02-13 19:15:00,22127.3
2026-02-13 19:30:00,22425.1
2026-02-13 19:45:00,22036.1
2026-02-13 20:00:00,22281.6
2026-02-13 20:15:00,22693.4
2026-02-13 20:30:00,22458.5
2026-02-13 20:45:00,22391.7
2026-02-13 21:00:00,22421.0
2026-02-13 21:15:00,22813.3
2026-02-13 21:30:00,23032.6
2026-02-13 21:45:00,22877.7
2026-02-13 22:00:00,22752.5
2026-02-13 22:15:00,22288.7
2026-02-13 22:30:00,21164.5
2026-02-13 22:45:00,20039.1
2026-02-13 23:00:00,19275.2
2026-02-13 23:15:00,18298.0
2026-02-13 23:30:00,17400.2
2026-02-13 23:45:00,17117.7
2026-02-14 00:00:00,18285.4
2026-02-14 00:15:00,17895.0
2026-02-14 00:30:00,17209.4
2026-02-14 00:45:00,15887.9
2026-02-14 01:00:00,14922.7
2026-02-14 01:15:00,14178.9
2026-02-14 01:30:00,13586.6
2026-02-14 01:45:00,13215.5
2026-02-14 02:00:00,12657.7
2026-02-14 02:15:00,12253.6
2026-02-14 02:30:00,12099.7
2026-02-14 02:45:00,12010.1
2026-02-14 03:00:00,11820.3
2026-02-14 03:15:00,11462.8
2026-02-14 03:30:00,11883.6
2026-02-14 03:45:00,11589.7
2026-02-14 04:00:00,11454.5
2026-02-14 04:15:00,11440.5
2026-02-14 04:30:00,11233.5
2026-02-14 04:45:00,11292.1
2026-02-14 05:00:00,11340.9
2026-02-14 05:15:00,11739.8
2026-02-14 05:30:00,11907.9
2026-02-14 05:45:00,11750.5
2026-02-14 06:00:00,11731.8
2026-02-14 06:15:00,11782.5
2026-02-14 06:30:00,12271.7
2026-02-14 06:45:00,12422.7
2026-02-14 07:00:00,13395.5
2026-02-14 07:15:00,14517.9
2026-02-14 07:30:00,15749.0
2026-02-14 07:45:00,17115.5
2026-02-14 08:00:00,17183.5
2026-02-14 08:15:00,17233.3
2026-02-14 08:30:00,17559.6
2026-02-14 08:45:00,17544.0
2026-02-14 09:00:00,17241.7
2026-02-14 09:15:00,17288.9
2026-02-14 09:30:00,17313.7
2026-02-14 09:45:00,17657.3
2026-02-14 10:00:00,17965.3
2026-02-14 10:15:00,18104.8
2026-02-14 10:30:00,18516.4
2026-02-14 10:45:00,18852.9
2026-02-14 11:00:00,19324.8
2026-02-14 11:15:00,19466.6
2026-02-14 11:30:00,19418.8
2026-02-14 11:45:00,18322.2
2026-02-14 12:00:00,19125.1
2026-02-14 12:15:00,18718.8
2026-02-14 12:30:00,18485.4
2026-02-14 12:45:00,17651.2
2026-02-14 13:00:00,17364.4
2026-02-14 13:15:00,17091.3
2026-02-14 13:30:00,16360.9
2026-02-14 13:45:00,16003.7
2026-02-14 14:00:00,15659.1
2026-02-14 14:15:00,15132.3
2026-02-14 14:30:00,15015.4
2026-02-14 14:45:00,14779.0
2026-02-14 15:00:00,15090.3
2026-02-14 15:15:00,15179.8
2026-02-14 15:30:00,15326.3
2026-02-14 15:45:00,15294.5
2026-02-14 16:00:00,15309.5
2026-02-14 16:15:00,15593.4
2026-02-14 16:30:00,16163.7
2026-02-14 16:45:00,16967.2
2026-02-14 17:00:00,17041.8
2026-02-14 17:15:00,17789.8
2026-02-14 17:30:00,17667.3
2026-02-14 17:45:00,17721.5
2026-02-14 18:00:00,18153.1
2026-02-14 18:15:00,18494.8
2026-02-14 18:30:00,18794.7
2026-02-14 18:45:00,19177.4
2026-02-14 19:00:00,19475.3
2026-02-14 19:15:00,19648.5
2026-02-14 19:30:00,19739.7
2026-02-14 19:45:00,19932.3
2026-02-14 20:00:00,19871.0
2026-02-14 20:15:00,19605.5
2026-02-14 20:30:00,19931.4
2026-02-14 20:45:00,19973.2
2026-02-14 21:00:00,20491.2
2026-02-14 21:15:00,20381.9
2026-02-14 21:30:00,20438.9
2026-02-14 21:45:00,19888.5
2026-02-14 22:00:00,19562.2
2026-02-14 22:15:00,18985.9
2026-02-14 22:30:00,17951.9
2026-02-14 22:45:00,17481.7
2026-02-14 23:00:00,16992.1
2026-02-14 23:15:00,16567.0
2026-02-14 23:30:00,16321.2
2026-02-14 23:45:00,16341.6
2026-02-15 00:00:00,18303.7
2026-02-15 00:15:00,17845.5
2026-02-15 00:30:00,16907.9
2026-02-15 00:45:00,15852.0
2026-02-15 01:00:00,14977.0
2026-02-15 01:15:00,14199.8
2026-02-15 01:30:00,13686.4
2026-02-15 01:45:00,13263.2
2026-02-15 02:00:00,12896.5
2026-02-15 02:15:00,12443.7
2026-02-15 02:30:00,11932.3
2026-02-15 02:45:00,11611.5
2026-02-15 03:00:00,11528.3
2026-02-15 03:15:00,11247.2
2026-02-15 03:30:00,11204.5
2026-02-15 03:45:00,10872.8
2026-02-15 04:00:00,10660.9
2026-02-15 04:15:00,10556.9
2026-02-15 04:30:00,10572.0
2026-02-15 04:45:00,10499.2
2026-02-15 05:00:00,10464.7
2026-02-15 05:15:00,10450.2
2026-02-15 05:30:00,10503.7
2026-02-15 05:45:00,10416.9
2026-02-15 06:00:00,10569.9
2026-02-15 06:15:00,10377.6
2026-02-15 06:30:00,10876.3
2026-02-15 06:45:00,11294.3
2026-02-15 07:00:00,12237.9
2026-02-15 07:15:00,13426.7
2026-02-15 07:30:00,14919.2
2026-02-15 07:45:00,15668.6
2026-02-15 08:00:00,15937.3
2026-02-15 08:15:00,16260.0
2026-02-15 08:30:00,16330.7
2026-02-15 08:45:00,16192.6
2026-02-15 09:00:00,15879.1
2026-02-15 09:15:00,15675.1
2026-02-15 09:30:00,15461.0
2026-02-15 09:45:00,15479.2
2026-02-15 10:00:00,15306.9
2026-02-15 10:15:00,15121.0
2026-02-15 10:30:00,16431.3
2026-02-15 10:45:00,16317.9
2026-02-15 11:00:00,16889.1
2026-02-15 11:15:00,17122.8
2026-02-15 11:30:00,17048.0
2026-02-15 11:45:00,16927.4
2026-02-15 12:00:00,18200.3
2026-02-15 12:15:00,17683.4
2026-02-15 12:30:00,17367.7
2026-02-15 12:45:00,16700.5
2026-02-15 13:00:00,16507.6
2026-02-15 13:15:00,15934.0
2026-02-15 13:30:00,16130.7
2026-02-15 13:45:00,15575.8
2026-02-15 14:00:00,15412.2
2026-02-15 14:15:00,15082.1
2026-02-15 14:30:00,14851.8
2026-02-15 14:45:00,14973.9
2026-02-15 15:00:00,15081.1
2026-02-15 15:15:00,15324.3
2026-02-15 15:30:00,15400.7
2026-02-15 15:45:00,15621.2
2026-02-15 16:00:00,15932.4
2026-02-15 16:15:00,16101.3
2026-02-15 16:30:00,16466.4
2026-02-15 16:45:00,17152.0
2026-02-15 17:00:00,18069.7
2026-02-15 17:15:00,18748.4
2026-02-15 17:30:00,18974.8
2026-02-15 17:45:00,19284.5
2026-02-15 18:00:00,19684.3
2026-02-15 18:15:00,19974.4
2026-02-15 18:30:00,20139.7
2026-02-15 18:45:00,20784.0
2026-02-15 19:00:00,21013.5
2026-02-15 19:15:00,21047.6
2026-02-15 19:30:00,21381.7
2026-02-15 19:45:00,21644.2
2026-02-15 20:00:00,21432.6
2026-02-15 20:15:00,21560.7
2026-02-15 20:30:00,21729.2
2026-02-15 20:45:00,21691.8
2026-02-15 21:00:00,21406.5
2026-02-15 21:15:00,21214.3
2026-02-15 21:30:00,20904.0
2026-02-15 21:45:00,20632.3
2026-02-15 22:00:00,19988.9
2026-02-15 22:15:00,19467.3
2026-02-15 22:30:00,19046.7
2026-02-15 22:45:00,18382.6
2026-02-15 23:00:00,17835.1
2026-02-15 23:15:00,17178.4
2026-02-15 23:30:00,16243.2
2026-02-15 23:45:00,15661.2
2026-02-16 00:00:00,17192.2
2026-02-16 00:15:00,16470.1
2026-02-16 00:30:00,15272.1
2026-02-16 00:45:00,14589.8
2026-02-16 01:00:00,13513.3
2026-02-16 01:15:00,12754.4
2026-02-16 01:30:00,12288.9
2026-02-16 01:45:00,11955.8
2026-02-16 02:00:00,11527.1
2026-02-16 02:15:00,11236.9
2026-02-16 02:30:00,10702.2
2026-02-16 02:45:00,10400.0
2026-02-16 03:00:00,10203.2
2026-02-16 03:15:00,9820.04
2026-02-16 03:30:00,9897.44
2026-02-16 03:45:00,9900.08
2026-02-16 04:00:00,10150.4
2026-02-16 04:15:00,10122.2
2026-02-16 04:30:00,10235.3
2026-02-16 04:45:00,10271.8
2026-02-16 05:00:00,10498.1
2026-02-16 05:15:00,10550.0
2026-02-16 05:30:00,11007.2
2026-02-16 05:45:00,11063.6
2026-02-16 06:00:00,11286.9
2026-02-16 06:15:00,11635.1
2026-02-16 06:30:00,11957.3
2026-02-16 06:45:00,12753.1
2026-02-16 07:00:00,13774.9
2026-02-16 07:15:00,14643.6
2026-02-16 07:30:00,15901.8
2026-02-16 07:45:00,17055.7
2026-02-16 08:00:00,18523.2
2026-02-16 08:15:00,19552.5
2026-02-16 08:30:00,20059.3
2026-02-16 08:45:00,20612.6
2026-02-16 09:00:00,21200.8
2026-02-16 09:15:00,21498.7
2026-02-16 09:30:00,21051.0
2026-02-16 09:45:00,21394.9
2026-02-16 10:00:00,21542.3
2026-02-16 10:15:00,21705.3
2026-02-16 10:30:00,22203.8
2026-02-16 10:45:00,22720.6
2026-02-16 11:00:00,22657.3
2026-02-16 11:15:00,22946.0
2026-02-16 11:30:00,22756.1
2026-02-16 11:45:00,22613.4
2026-02-16 12:00:00,23237.4
2026-02-16 12:15:00,22695.6
2026-02-16 12:30:00,22298.5
2026-02-16 12:45:00,22034.4
2026-02-16 13:00:00,22144.7
2026-02-16 13:15:00,21873.1
2026-02-16 13:30:00,22155.3
2026-02-16 13:45:00,21839.6
2026-02-16 14:00:00,21776.4
2026-02-16 14:15:00,21605.6
2026-02-16 14:30:00,21567.4
2026-02-16 14:45:00,21572.8
2026-02-16 15:00:00,21888.6
2026-02-16 15:15:00,22183.5
2026-02-16 15:30:00,22299.9
2026-02-16 15:45:00,22980.1
2026-02-16 16:00:00,23348.3
2026-02-16 16:15:00,24117.0
2026-02-16 16:30:00,24685.5
2026-02-16 16:45:00,25092.9
2026-02-16 17:00:00,25106.9
2026-02-16 17:15:00,25363.2
2026-02-16 17:30:00,25703.7
2026-02-16 17:45:00,25986.8
2026-02-16 18:00:00,25878.2
2026-02-16 18:15:00,26020.6
2026-02-16 18:30:00,26574.3
2026-02-16 18:45:00,26958.7
2026-02-16 19:00:00,27617.2
2026-02-16 19:15:00,27768.8
2026-02-16 19:30:00,28197.2
2026-02-16 19:45:00,28235.8
2026-02-16 20:00:00,28231.6
2026-02-16 20:15:00,28272.8
2026-02-16 20:30:00,28128.8
2026-02-16 20:45:00,27972.5
2026-02-16 21:00:00,27182.8
2026-02-16 21:15:00,26981.7
2026-02-16 21:30:00,26945.9
2026-02-16 21:45:00,26664.5
2026-02-16 22:00:00,26389.5
2026-02-16 22:15:00,25907.4
2026-02-16 22:30:00,25636.9
2026-02-16 22:45:00,25083.7
2026-02-16 23:00:00,24713.7
2026-02-16 23:15:00,24209.0
2026-02-16 23:30:00,23407.1
2026-02-16 23:45:00,22499.7
2026-02-17 00:00:00,22682.7
2026-02-17 00:15:00,21430.4
2026-02-17 00:30:00,20067.7
2026-02-17 00:45:00,18332.8
2026-02-17 01:00:00,16566.0
2026-02-17 01:15:00,15415.1
2026-02-17 01:30:00,14519.3
2026-02-17 01:45:00,13743.7
2026-02-17 02:00:00,12939.5
2026-02-17 02:15:00,12323.6
2026-02-17 02:30:00,12040.7
2026-02-17 02:45:00,11684.1
2026-02-17 03:00:00,11653.5
2026-02-17 03:15:00,11522.4
2026-02-17 03:30:00,11219.3
2026-02-17 03:45:00,11031.1
2026-02-17 04:00:00,11100.4
2026-02-17 04:15:00,10935.8
2026-02-17 04:30:00,11115.2
2026-02-17 04:45:00,11150.6
2026-02-17 05:00:00,11364.1
2026-02-17 05:15:00,11677.5
2026-02-17 05:30:00,12105.2
2026-02-17 05:45:00,12584.3
2026-02-17 06:00:00,13180.8
2026-02-17 06:15:00,14206.0
2026-02-17 06:30:00,14813.9
2026-02-17 06:45:00,15665.3
2026-02-17 07:00:00,16674.9
2026-02-17 07:15:00,17911.0
2026-02-17 07:30:00,18690.8
2026-02-17 07:45:00,19593.4
2026-02-17 08:00:00,20298.4
2026-02-17 08:15:00,20086.3
2026-02-17 08:30:00,19959.0
2026-02-17 08:45:00,20023.7
2026-02-17 09:00:00,19291.0
2026-02-17 09:15:00,18987.6
2026-02-17 09:30:00,18794.5
2026-02-17 09:45:00,18647.4
2026-02-17 10:00:00,18539.5
2026-02-17 10:15:00,17307.2
2026-02-17 10:30:00,16973.8
2026-02-17 10:45:00,17498.5
2026-02-17 11:00:00,17582.8
2026-02-17 11:15:00,17754.9
2026-02-17 11:30:00,17674.5
2026-02-17 11:45:00,17652.6
2026-02-17 12:00:00,18163.7
2026-02-17 12:15:00,17765.7
2026-02-17 12:30:00,17572.6
2026-02-17 12:45:00,17237.7
2026-02-17 13:00:00,17825.7
2026-02-17 13:15:00,17496.5
2026-02-17 13:30:00,17186.4
2026-02-17 13:45:00,16730.7
2026-02-17 14:00:00,16333.3
2026-02-17 14:15:00,16084.6
2026-02-17 14:30:00,15605.1
2026-02-17 14:45:00,15465.2
2026-02-17 15:00:00,15589.2
2026-02-17 15:15:00,15391.4
2026-02-17 15:30:00,15555.9
2026-02-17 15:45:00,15930.1
2026-02-17 16:00:00,16300.7
2026-02-17 16:15:00,16990.6
2026-02-17 16:30:00,18536.5
2026-02-17 16:45:00,19490.8
2026-02-17 17:00:00,20521.6
2026-02-17 17:15:00,21336.5
2026-02-17 17:30:00,21495.3
2026-02-17 17:45:00,21840.7
2026-02-17 18:00:00,22070.6
2026-02-17 18:15:00,22081.0
2026-02-17 18:30:00,22905.6
2026-02-17 18:45:00,23067.1
2026-02-17 19:00:00,23265.9
2026-02-17 19:15:00,23460.2
2026-02-17 19:30:00,23372.2
2026-02-17 19:45:00,22751.9
2026-02-17 20:00:00,22452.6
2026-02-17 20:15:00,22376.1
2026-02-17 20:30:00,22192.6
2026-02-17 20:45:00,22057.4
2026-02-17 21:00:00,21931.5
2026-02-17 21:15:00,22021.2
2026-02-17 21:30:00,21723.1
2026-02-17 21:45:00,21363.2
2026-02-17 22:00:00,20929.6
2026-02-17 22:15:00,20522.1
2026-02-17 22:30:00,20086.5
2026-02-17 22:45:00,19134.3
2026-02-17 23:00:00,18695.9
2026-02-17 23:15:00,17754.2
2026-02-17 23:30:00,17117.8
2026-02-17 23:45:00,16660.4
2026-02-18 00:00:00,17389.8
2026-02-18 00:15:00,17008.5
2026-02-18 00:30:00,16447.1
2026-02-18 00:45:00,15402.7
2026-02-18 01:00:00,14588.2
2026-02-18 01:15:00,14005.0
2026-02-18 01:30:00,13204.3
2026-02-18 01:45:00,12624.9
2026-02-18 02:00:00,12549.9
2026-02-18 02:15:00,12301.0
2026-02-18 02:30:00,12158.2
2026-02-18 02:45:00,11624.3
2026-02-18 03:00:00,11384.9
2026-02-18 03:15:00,11815.1
2026-02-18 03:30:00,11820.9
2026-02-18 03:45:00,11828.3
2026-02-18 04:00:00,11779.4
2026-02-18 04:15:00,11804.2
2026-02-18 04:30:00,11632.3
2026-02-18 04:45:00,11491.1
2026-02-18 05:00:00,11290.1
2026-02-18 05:15:00,11391.0
2026-02-18 05:30:00,11491.0
2026-02-18 05:45:00,11735.3
2026-02-18 06:00:00,11713.1
2026-02-18 06:15:00,11832.5
2026-02-18 06:30:00,11790.3
2026-02-18 06:45:00,11607.4
2026-02-18 07:00:00,12776.9
2026-02-18 07:15:00,13922.7
2026-02-18 07:30:00,15684.9
2026-02-18 07:45:00,17169.6
2026-02-18 08:00:00,18546.9
2026-02-18 08:15:00,19299.3
2026-02-18 08:30:00,19836.2
2026-02-18 08:45:00,20213.4
2026-02-18 09:00:00,20006.9
2026-02-18 09:15:00,20066.3
2026-02-18 09:30:00,19842.3
2026-02-18 09:45:00,19609.5
2026-02-18 10:00:00,19085.4
2026-02-18 10:15:00,18909.3
2026-02-18 10:30:00,19316.4
2026-02-18 10:45:00,19230.5
2026-02-18 11:00:00,19109.5
2026-02-18 11:15:00,18921.2
2026-02-18 11:30:00,18532.8
2026-02-18 11:45:00,18108.7
2026-02-18 12:00:00,18044.0
2026-02-18 12:15:00,17708.4
2026-02-18 12:30:00,17647.3
2026-02-18 12:45:00,17223.0
2026-02-18 13:00:00,17020.5
2026-02-18 13:15:00,16844.8
2026-02-18 13:30:00,16967.3
2026-02-18 13:45:00,16663.2
2026-02-18 14:00:00,16385.1
2026-02-18 14:15:00,16209.7
2026-02-18 14:30:00,15811.1
2026-02-18 14:45:00,15837.8
2026-02-18 15:00:00,16165.8
2026-02-18 15:15:00,16357.5
2026-02-18 15:30:00,16480.1
2026-02-18 15:45:00,16771.0
2026-02-18 16:00:00,16958.1
2026-02-18 16:15:00,17612.4
2026-02-18 16:30:00,17993.3
2026-02-18 16:45:00,18266.6
2026-02-18 17:00:00,18138.5
2026-02-18 17:15:00,18586.8
2026-02-18 17:30:00,19135.7
2026-02-18 17:45:00,19488.8
2026-02-18 18:00:00,19692.9
2026-02-18 18:15:00,19705.8
2026-02-18 18:30:00,20316.9
2026-02-18 18:45:00,21373.7
2026-02-18 19:00:00,22160.9
2026-02-18 19:15:00,22405.8
2026-02-18 19:30:00,22246.0
2026-02-18 19:45:00,22494.9
2026-02-18 20:00:00,22711.8
2026-02-18 20:15:00,22961.7
2026-02-18 20:30:00,23472.2
2026-02-18 20:45:00,23547.6
2026-02-18 21:00:00,23227.9
2026-02-18 21:15:00,23106.4
2026-02-18 21:30:00,22862.9
2026-02-18 21:45:00,22608.7
2026-02-18 22:00:00,22191.5
2026-02-18 22:15:00,21778.4
2026-02-18 22:30:00,21198.9
2026-02-18 22:45:00,20538.1
2026-02-18 23:00:00,19829.8
2026-02-18 23:15:00,19017.2
2026-02-18 23:30:00,18386.0
2026-02-18 23:45:00,18179.5
2026-02-19 00:00:00,18922.0
2026-02-19 00:15:00,18377.3
2026-02-19 00:30:00,17421.9
2026-02-19 00:45:00,16313.8
2026-02-19 01:00:00,15478.8
2026-02-19 01:15:00,14572.3
2026-02-19 01:30:00,13843.0
2026-02-19 01:45:00,13169.2
2026-02-19 02:00:00,12505.6
2026-02-19 02:15:00,12133.1
2026-02-19 02:30:00,11528.6
2026-02-19 02:45:00,11210.9
2026-02-19 03:00:00,11129.1
2026-02-19 03:15:00,10841.5
2026-02-19 03:30:00,10690.6
2026-02-19 03:45:00,10763.8
2026-02-19 04:00:00,10440.2
2026-02-19 04:15:00,10368.4
2026-02-19 04:30:00,10293.3
2026-02-19 04:45:00,10227.3
2026-02-19 05:00:00,10299.5
2026-02-19 05:15:00,10145.9
2026-02-19 05:30:00,10386.9
2026-02-19 05:45:00,10321.3
2026-02-19 06:00:00,10521.3
2026-02-19 06:15:00,10404.0
2026-02-19 06:30:00,10860.1
2026-02-19 06:45:00,11288.5
2026-02-19 07:00:00,12049.8
2026-02-19 07:15:00,13308.6
2026-02-19 07:30:00,14601.8
2026-02-19 07:45:00,16031.9
2026-02-19 08:00:00,17482.1
2026-02-19 08:15:00,18754.1
2026-02-19 08:30:00,19521.8
2026-02-19 08:45:00,20278.1
2026-02-19 09:00:00,20662.4
2026-02-19 09:15:00,20988.4
2026-02-19 09:30:00,20075.6
2026-02-19 09:45:00,19166.3
2026-02-19 10:00:00,18793.1
2026-02-19 10:15:00,18653.9
2026-02-19 10:30:00,18965.6
2026-02-19 10:45:00,18930.9
2026-02-19 11:00:00,18810.1
2026-02-19 11:15:00,18732.8
2026-02-19 11:30:00,18452.4
2026-02-19 11:45:00,18057.5
2026-02-19 12:00:00,18012.7
2026-02-19 12:15:00,17628.8
2026-02-19 12:30:00,17387.3
2026-02-19 12:45:00,16780.0
2026-02-19 13:00:00,16219.8
2026-02-19 13:15:00,16507.3
2026-02-19 13:30:00,16398.9
2026-02-19 13:45:00,15980.8
2026-02-19 14:00:00,15694.0
2026-02-19 14:15:00,15554.0
2026-02-19 14:30:00,15326.3
2026-02-19 14:45:00,15241.2
2026-02-19 15:00:00,15471.6
2026-02-19 15:15:00,15397.5
2026-02-19 15:30:00,15804.9
2026-02-19 15:45:00,15707.9
2026-02-19 16:00:00,15603.2
2026-02-19 16:15:00,16236.1
2026-02-19 16:30:00,17769.8
2026-02-19 16:45:00,18082.5
2026-02-19 17:00:00,19424.2
2026-02-19 17:15:00,19973.1
2026-02-19 17:30:00,20396.6
2026-02-19 17:45:00,20759.5
2026-02-19 18:00:00,21028.7
2026-02-19 18:15:00,21332.8
2026-02-19 18:30:00,21499.2
2026-02-19 18:45:00,21998.3
2026-02-19 19:00:00,22072.1
2026-02-19 19:15:00,22037.5
2026-02-19 19:30:00,22447.3
2026-02-19 19:45:00,22160.7
2026-02-19 20:00:00,22132.7
2026-02-19 20:15:00,21918.0
2026-02-19 20:30:00,22489.8
2026-02-19 20:45:00,22309.2
2026-02-19 21:00:00,22402.2
2026-02-19 21:15:00,22390.6
2026-02-19 21:30:00,22583.1
2026-02-19 21:45:00,22519.1
2026-02-19 22:00:00,22335.0
2026-02-19 22:15:00,22157.5
2026-02-19 22:30:00,21562.0
2026-02-19 22:45:00,20973.0
2026-02-19 23:00:00,20233.5
2026-02-19 23:15:00,19531.7
2026-02-19 23:30:00,18684.1
2026-02-19 23:45:00,18317.4
2026-02-20 00:00:00,19319.0
2026-02-20 00:15:00,18699.7
2026-02-20 00:30:00,17704.4
2026-02-20 00:45:00,16441.2
2026-02-20 01:00:00,15412.5
2026-02-20 01:15:00,14518.5
2026-02-20 01:30:00,13748.6
2026-02-20 01:45:00,13430.4
2026-02-20 02:00:00,12920.3
2026-02-20 02:15:00,12231.3
2026-02-20 02:30:00,11825.6
2026-02-20 02:45:00,11589.3
2026-02-20 03:00:00,11587.8
2026-02-20 03:15:00,11367.3
2026-02-20 03:30:00,11161.8
2026-02-20 03:45:00,10997.1
2026-02-20 04:00:00,10917.1
2026-02-20 04:15:00,10817.3
2026-02-20 04:30:00,10711.9
2026-02-20 04:45:00,10741.6
2026-02-20 05:00:00,10700.3
2026-02-20 05:15:00,10561.4
2026-02-20 05:30:00,10730.2
2026-02-20 05:45:00,10659.2
2026-02-20 06:00:00,10667.4
2026-02-20 06:15:00,10716.8
2026-02-20 06:30:00,10973.1
2026-02-20 06:45:00,11567.3
2026-02-20 07:00:00,12287.1
2026-02-20 07:15:00,13047.6
2026-02-20 07:30:00,14585.5
2026-02-20 07:45:00,16291.1
2026-02-20 08:00:00,17356.6
2026-02-20 08:15:00,18293.1
2026-02-20 08:30:00,18846.1
2026-02-20 08:45:00,19116.6
2026-02-20 09:00:00,19184.6
2026-02-20 09:15:00,19396.2
2026-02-20 09:30:00,19878.0
2026-02-20 09:45:00,19894.5
2026-02-20 10:00:00,19898.6
2026-02-20 10:15:00,20299.7
2026-02-20 10:30:00,20663.9
2026-02-20 10:45:00,20856.3
2026-02-20 11:00:00,20525.6
2026-02-20 11:15:00,19623.8
2026-02-20 11:30:00,19251.5
2026-02-20 11:45:00,18915.9
2026-02-20 12:00:00,19113.9
2026-02-20 12:15:00,18882.4
2026-02-20 12:30:00,18436.1
2026-02-20 12:45:00,17340.0
2026-02-20 13:00:00,17413.8
2026-02-20 13:15:00,17066.8
2026-02-20 13:30:00,16924.5
2026-02-20 13:45:00,16731.9
2026-02-20 14:00:00,16288.8
2026-02-20 14:15:00,15896.2
2026-02-20 14:30:00,15619.4
2026-02-20 14:45:00,15447.7
2026-02-20 15:00:00,15691.5
2026-02-20 15:15:00,15758.3
2026-02-20 15:30:00,16165.8
2026-02-20 15:45:00,16137.2
2026-02-20 16:00:00,16372.8
2026-02-20 16:15:00,16545.6
2026-02-20 16:30:00,16869.4
2026-02-20 16:45:00,17571.0
2026-02-20 17:00:00,18163.8
2026-02-20 17:15:00,18104.0
2026-02-20 17:30:00,16884.5
2026-02-20 17:45:00,16905.6
2026-02-20 18:00:00,16909.1
2026-02-20 18:15:00,17042.8
2026-02-20 18:30:00,17987.9
2026-02-20 18:45:00,18512.9
2026-02-20 19:00:00,18715.2
2026-02-20 19:15:00,18998.9
2026-02-20 19:30:00,18386.3
2026-02-20 19:45:00,18661.0
2026-02-20 20:00:00,18690.3
2026-02-20 20:15:00,19231.8
2026-02-20 20:30:00,19226.7
2026-02-20 20:45:00,19327.0
2026-02-20 21:00:00,20069.6
2026-02-20 21:15:00,20158.0
2026-02-20 21:30:00,20165.2
2026-02-20 21:45:00,19625.3
2026-02-20 22:00:00,19318.4
2026-02-20 22:15:00,18885.9
2026-02-20 22:30:00,18328.7
2026-02-20 22:45:00,17496.8
2026-02-20 23:00:00,18010.6
2026-02-20 23:15:00,17764.2
2026-02-20 23:30:00,17729.2
2026-02-20 23:45:00,17054.3
2026-02-21 00:00:00,17583.9
2026-02-21 00:15:00,17091.1
2026-02-21 00:30:00,15715.6
2026-02-21 00:45:00,14912.0
2026-02-21 01:00:00,14388.8
2026-02-21 01:15:00,13564.7
2026-02-21 01:30:00,12941.3
2026-02-21 01:45:00,12522.1
2026-02-21 02:00:00,12114.7
2026-02-21 02:15:00,11780.4
2026-02-21 02:30:00,11264.3
2026-02-21 02:45:00,11028.0
2026-02-21 03:00:00,10921.2
2026-02-21 03:15:00,10646.8
2026-02-21 03:30:00,10486.7
2026-02-21 03:45:00,10272.4
2026-02-21 04:00:00,10230.2
2026-02-21 04:15:00,10080.7
2026-02-21 04:30:00,10097.5
2026-02-21 04:45:00,10162.5
2026-02-21 05:00:00,10134.0
2026-02-21 05:15:00,10050.1
2026-02-21 05:30:00,10067.2
2026-02-21 05:45:00,10041.7
2026-02-21 06:00:00,10129.1
2026-02-21 06:15:00,10225.3
2026-02-21 06:30:00,10559.0
2026-02-21 06:45:00,10990.1
2026-02-21 07:00:00,11498.5
2026-02-21 07:15:00,12426.8
2026-02-21 07:30:00,13722.3
2026-02-21 07:45:00,14802.2
2026-02-21 08:00:00,15478.9
2026-02-21 08:15:00,15842.3
2026-02-21 08:30:00,15973.0
2026-02-21 08:45:00,16178.2
2026-02-21 09:00:00,16166.2
2026-02-21 09:15:00,16237.2
2026-02-21 09:30:00,16366.0
2026-02-21 09:45:00,16204.3
2026-02-21 10:00:00,16550.9
2026-02-21 10:15:00,16865.4
2026-02-21 10:30:00,17680.7
2026-02-21 10:45:00,18137.7
2026-02-21 11:00:00,18365.2
2026-02-21 11:15:00,18064.8
2026-02-21 11:30:00,17722.6
2026-02-21 11:45:00,17562.6
2026-02-21 12:00:00,18101.4
2026-02-21 12:15:00,17753.3
2026-02-21 12:30:00,17686.1
2026-02-21 12:45:00,17061.2
2026-02-21 13:00:00,16912.6
2026-02-21 13:15:00,16713.8
2026-02-21 13:30:00,16724.7
2026-02-21 13:45:00,16442.7
2026-02-21 14:00:00,16338.1
2026-02-21 14:15:00,16110.2
2026-02-21 14:30:00,15690.6
2026-02-21 14:45:00,15835.9
2026-02-21 15:00:00,15938.1
2026-02-21 15:15:00,15734.1
2026-02-21 15:30:00,15776.8
2026-02-21 15:45:00,15828.0
2026-02-21 16:00:00,15600.2
2026-02-21 16:15:00,15603.0
2026-02-21 16:30:00,15835.4
2026-02-21 16:45:00,16674.3
2026-02-21 17:00:00,17427.0
2026-02-21 17:15:00,17854.7
2026-02-21 17:30:00,17831.6
2026-02-21 17:45:00,18245.6
2026-02-21 18:00:00,18035.6
2026-02-21 18:15:00,17872.8
2026-02-21 18:30:00,18463.9
2026-02-21 18:45:00,19179.8
2026-02-21 19:00:00,19792.2
2026-02-21 19:15:00,20101.1
2026-02-21 19:30:00,20323.2
2026-02-21 19:45:00,20603.9
2026-02-21 20:00:00,20734.8
2026-02-21 20:15:00,20856.5
2026-02-21 20:30:00,21073.8
2026-02-21 20:45:00,21078.0
2026-02-21 21:00:00,21217.8
2026-02-21 21:15:00,20838.4
2026-02-21 21:30:00,20538.0
2026-02-21 21:45:00,19720.0
2026-02-21 22:00:00,19145.0
2026-02-21 22:15:00,18252.7
2026-02-21 22:30:00,17790.9
2026-02-21 22:45:00,17173.7
2026-02-21 23:00:00,16764.4
2026-02-21 23:15:00,15996.4
2026-02-21 23:30:00,15329.8
2026-02-21 23:45:00,14928.0
2026-02-22 00:00:00,16571.8
2026-02-22 00:15:00,16040.7
2026-02-22 00:30:00,14893.8
2026-02-22 00:45:00,14010.1
2026-02-22 01:00:00,13218.1
2026-02-22 01:15:00,12704.0
2026-02-22 01:30:00,12330.1
2026-02-22 01:45:00,11866.5
2026-02-22 02:00:00,11557.7
2026-02-22 02:15:00,11219.8
2026-02-22 02:30:00,10939.8
2026-02-22 02:45:00,10511.2
2026-02-22 03:00:00,10362.0
2026-02-22 03:15:00,10292.3
2026-02-22 03:30:00,9985.88
2026-02-22 03:45:00,9840.79
2026-02-22 04:00:00,9716.85
2026-02-22 04:15:00,9742.13
2026-02-22 04:30:00,9633.08
2026-02-22 04:45:00,9616.07
2026-02-22 05:00:00,9765.18
2026-02-22 05:15:00,9572.5
2026-02-22 05:30:00,9898.34
2026-02-22 05:45:00,9703.46
2026-02-22 06:00:00,9660.86
2026-02-22 06:15:00,10032.8
2026-02-22 06:30:00,10322.3
2026-02-22 06:45:00,10920.5
2026-02-22 07:00:00,11502.0
2026-02-22 07:15:00,12597.8
2026-02-22 07:30:00,13521.2
2026-02-22 07:45:00,14323.7
2026-02-22 08:00:00,15002.5
2026-02-22 08:15:00,15024.9
2026-02-22 08:30:00,15113.0
2026-02-22 08:45:00,15003.8
2026-02-22 09:00:00,14767.8
2026-02-22 09:15:00,14593.8
2026-02-22 09:30:00,14340.4
2026-02-22 09:45:00,14440.4
2026-02-22 10:00:00,14465.7
2026-02-22 10:15:00,15068.9
2026-02-22 10:30:00,15681.2
2026-02-22 10:45:00,16277.2
2026-02-22 11:00:00,16288.1
2026-02-22 11:15:00,16282.7
2026-02-22 11:30:00,15962.5
2026-02-22 11:45:00,15575.0
2026-02-22 12:00:00,16061.2
2026-02-22 12:15:00,16167.1
2026-02-22 12:30:00,15664.2
2026-02-22 12:45:00,15176.4
2026-02-22 13:00:00,14836.1
2026-02-22 13:15:00,14801.7
2026-02-22 13:30:00,14652.2
2026-02-22 13:45:00,14092.0
2026-02-22 14:00:00,13631.1
2026-02-22 14:15:00,13341.1
2026-02-22 14:30:00,13688.0
2026-02-22 14:45:00,13621.2
2026-02-22 15:00:00,13872.8
2026-02-22 15:15:00,13985.1
2026-02-22 15:30:00,13990.0
2026-02-22 15:45:00,14092.2
2026-02-22 16:00:00,14201.7
2026-02-22 16:15:00,14553.6
2026-02-22 16:30:00,14625.0
2026-02-22 16:45:00,16057.9
2026-02-22 17:00:00,15952.7
2026-02-22 17:15:00,16378.5
2026-02-22 17:30:00,15059.7
2026-02-22 17:45:00,15055.8
2026-02-22 18:00:00,15683.4
2026-02-22 18:15:00,15746.4
2026-02-22 18:30:00,16376.3
2026-02-22 18:45:00,16670.7
2026-02-22 19:00:00,17370.0
2026-02-22 19:15:00,17411.0
2026-02-22 19:30:00,18327.4
2026-02-22 19:45:00,19133.4
2026-02-22 20:00:00,19317.3
2026-02-22 20:15:00,19589.4
2026-02-22 20:30:00,19688.5
2026-02-22 20:45:00,19392.7
2026-02-22 21:00:00,18673.4
2026-02-22 21:15:00,18740.7
2026-02-22 21:30:00,18485.0
2026-02-22 21:45:00,18085.7
2026-02-22 22:00:00,17245.7
2026-02-22 22:15:00,16581.9
2026-02-22 22:30:00,15891.8
2026-02-22 22:45:00,15220.7
2026-02-22 23:00:00,14812.9
2026-02-22 23:15:00,14669.0
2026-02-22 23:30:00,13926.2
2026-02-22 23:45:00,13749.2
2026-02-23 00:00:00,15384.8
2026-02-23 00:15:00,14711.2
2026-02-23 00:30:00,13708.9
2026-02-23 00:45:00,13177.3
2026-02-23 01:00:00,12441.6
2026-02-23 01:15:00,12048.1
2026-02-23 01:30:00,11652.8
2026-02-23 01:45:00,11297.0
2026-02-23 02:00:00,11149.4
2026-02-23 02:15:00,10778.5
2026-02-23 02:30:00,10762.7
2026-02-23 02:45:00,10380.5
2026-02-23 03:00:00,10312.7
2026-02-23 03:15:00,10048.5
2026-02-23 03:30:00,9962.47
2026-02-23 03:45:00,9802.39
2026-02-23 04:00:00,9550.44
2026-02-23 04:15:00,9604.12
2026-02-23 04:30:00,9519.21
2026-02-23 04:45:00,9512.8
2026-02-23 05:00:00,9471.16
2026-02-23 05:15:00,9381.04
2026-02-23 05:30:00,9643.65
2026-02-23 05:45:00,9811.74
2026-02-23 06:00:00,9799.75
2026-02-23 06:15:00,9790.19
2026-02-23 06:30:00,10119.1
2026-02-23 06:45:00,10696.9
2026-02-23 07:00:00,11724.7
2026-02-23 07:15:00,12204.3
2026-02-23 07:30:00,12758.0
2026-02-23 07:45:00,13234.7
2026-02-23 08:00:00,14002.0
2026-02-23 08:15:00,14501.1
2026-02-23 08:30:00,14889.0
2026-02-23 08:45:00,15235.8
2026-02-23 09:00:00,15579.9
2026-02-23 09:15:00,15950.5
2026-02-23 09:30:00,15934.9
2026-02-23 09:45:00,16104.0
2026-02-23 10:00:00,16450.4
2026-02-23 10:15:00,16383.5
2026-02-23 10:30:00,16976.1
2026-02-23 10:45:00,17683.5
2026-02-23 11:00:00,17819.6
2026-02-23 11:15:00,18230.4
2026-02-23 11:30:00,18367.8
2026-02-23 11:45:00,17955.3
2026-02-23 12:00:00,18662.3
2026-02-23 12:15:00,18711.9
2026-02-23 12:30:00,18445.0
2026-02-23 12:45:00,18958.9
2026-02-23 13:00:00,18836.0
2026-02-23 13:15:00,18128.2
2026-02-23 13:30:00,18192.2
2026-02-23 13:45:00,17790.2
2026-02-23 14:00:00,17233.0
2026-02-23 14:15:00,16738.5
2026-02-23 14:30:00,16500.2
2026-02-23 14:45:00,16872.6
2026-02-23 15:00:00,17017.0
2026-02-23 15:15:00,16918.1
2026-02-23 15:30:00,17257.0
2026-02-23 15:45:00,16823.5
2026-02-23 16:00:00,17009.6
2026-02-23 16:15:00,17211.5
2026-02-23 16:30:00,17502.6
2026-02-23 16:45:00,18060.9
2026-02-23 17:00:00,18786.1
2026-02-23 17:15:00,18567.7
2026-02-23 17:30:00,18598.0
2026-02-23 17:45:00,18441.0
2026-02-23 18:00:00,18688.2
2026-02-23 18:15:00,19136.5
2026-02-23 18:30:00,19431.9
2026-02-23 18:45:00,19504.7
2026-02-23 19:00:00,19792.1
2026-02-23 19:15:00,19701.9
2026-02-23 19:30:00,19534.1
2026-02-23 19:45:00,19370.8
2026-02-23 20:00:00,19174.8
2026-02-23 20:15:00,19299.8
2026-02-23 20:30:00,19281.3
2026-02-23 20:45:00,19208.2
2026-02-23 21:00:00,19250.6
2026-02-23 21:15:00,18927.7
2026-02-23 21:30:00,18752.3
2026-02-23 21:45:00,18464.0
2026-02-23 22:00:00,18177.8
2026-02-23 22:15:00,17777.2
2026-02-23 22:30:00,17150.3
2026-02-23 22:45:00,16485.4
2026-02-23 23:00:00,15741.4
2026-02-23 23:15:00,14731.7
2026-02-23 23:30:00,14013.1
2026-02-23 23:45:00,14051.2
2026-02-24 00:00:00,14609.6
2026-02-24 00:15:00,14395.9
2026-02-24 00:30:00,13836.4
2026-02-24 00:45:00,13083.8
2026-02-24 01:00:00,12416.9
2026-02-24 01:15:00,11995.7
2026-02-24 01:30:00,11745.0
2026-02-24 01:45:00,11399.6
2026-02-24 02:00:00,11201.5
2026-02-24 02:15:00,10817.4
2026-02-24 02:30:00,10592.8
2026-02-24 02:45:00,10264.0
2026-02-24 03:00:00,10043.9
2026-02-24 03:15:00,9797.18
2026-02-24 03:30:00,9927.45
2026-02-24 03:45:00,9768.78
2026-02-24 04:00:00,9531.85
2026-02-24 04:15:00,9448.11
2026-02-24 04:30:00,9357.21
2026-02-24 04:45:00,9404.15
2026-02-24 05:00:00,9481.6
2026-02-24 05:15:00,9543.32
2026-02-24 05:30:00,9497.67
2026-02-24 05:45:00,9568.27
2026-02-24 06:00:00,9576.99
2026-02-24 06:15:00,9905.64
2026-02-24 06:30:00,10099.5
2026-02-24 06:45:00,10535.3
2026-02-24 07:00:00,11043.2
2026-02-24 07:15:00,12486.8
2026-02-24 07:30:00,13163.9
2026-02-24 07:45:00,14902.0
2026-02-24 08:00:00,16273.8
2026-02-24 08:15:00,17185.2
2026-02-24 08:30:00,17609.4
2026-02-24 08:45:00,18292.5
2026-02-24 09:00:00,18083.9
2026-02-24 09:15:00,18775.7
2026-02-24 09:30:00,19079.7
2026-02-24 09:45:00,19200.5
2026-02-24 10:00:00,19393.5
2026-02-24 10:15:00,19566.1
2026-02-24 10:30:00,19780.2
2026-02-24 10:45:00,20378.4
2026-02-24 11:00:00,20833.2
2026-02-24 11:15:00,21041.0
2026-02-24 11:30:00,20937.9
2026-02-24 11:45:00,20303.3
2026-02-24 12:00:00,21179.4
2026-02-24 12:15:00,21205.0
2026-02-24 12:30:00,21007.6
2026-02-24 12:45:00,20440.3
2026-02-24 13:00:00,20055.6
2026-02-24 13:15:00,19441.8
2026-02-24 13:30:00,19184.5
2026-02-24 13:45:00,18754.9
2026-02-24 14:00:00,18036.1
2026-02-24 14:15:00,17376.6
2026-02-24 14:30:00,16977.0
2026-02-24 14:45:00,16758.3
2026-02-24 15:00:00,16787.8
2026-02-24 15:15:00,16804.5
2026-02-24 15:30:00,16933.8
2026-02-24 15:45:00,17121.8
2026-02-24 16:00:00,17270.8
2026-02-24 16:15:00,17728.9
2026-02-24 16:30:00,18259.1
2026-02-24 16:45:00,18356.3
2026-02-24 17:00:00,18805.8
2026-02-24 17:15:00,19182.0
2026-02-24 17:30:00,18848.0
2026-02-24 17:45:00,18889.3
2026-02-24 18:00:00,18715.3
2026-02-24 18:15:00,18797.2
2026-02-24 18:30:00,19259.7
2026-02-24 18:45:00,19460.2
2026-02-24 19:00:00,19959.4
2026-02-24 19:15:00,19768.2
2026-02-24 19:30:00,20353.0
2026-02-24 19:45:00,19592.4
2026-02-24 20:00:00,19653.3
2026-02-24 20:15:00,19660.7
2026-02-24 20:30:00,19692.4
2026-02-24 20:45:00,19240.6
2026-02-24 21:00:00,19614.8
2026-02-24 21:15:00,19385.5
2026-02-24 21:30:00,19284.0
2026-02-24 21:45:00,18713.5
2026-02-24 22:00:00,17986.0
2026-02-24 22:15:00,17516.5
2026-02-24 22:30:00,16735.7
2026-02-24 22:45:00,16152.7
2026-02-24 23:00:00,15870.5
2026-02-24 23:15:00,15109.6
2026-02-24 23:30:00,14453.4
2026-02-24 23:45:00,13792.0
2026-02-25 00:00:00,16350.1
2026-02-25 00:15:00,16312.3
2026-02-25 00:30:00,15326.2
2026-02-25 00:45:00,14384.6
2026-02-25 01:00:00,13642.3
2026-02-25 01:15:00,13128.5
2026-02-25 01:30:00,12742.3
2026-02-25 01:45:00,12542.0
2026-02-25 02:00:00,12105.4
2026-02-25 02:15:00,11940.2
2026-02-25 02:30:00,11796.1
2026-02-25 02:45:00,11623.0
2026-02-25 03:00:00,11456.5
2026-02-25 03:15:00,11297.9
2026-02-25 03:30:00,11174.2
2026-02-25 03:45:00,10782.6
2026-02-25 04:00:00,10704.9
2026-02-25 04:15:00,10622.0
2026-02-25 04:30:00,10567.2
2026-02-25 04:45:00,10740.4
2026-02-25 05:00:00,10533.5
2026-02-25 05:15:00,10856.5
2026-02-25 05:30:00,10788.9
2026-02-25 05:45:00,10653.3
2026-02-25 06:00:00,10541.6
2026-02-25 06:15:00,10838.8
2026-02-25 06:30:00,11486.2
2026-02-25 06:45:00,11984.3
2026-02-25 07:00:00,12435.4
2026-02-25 07:15:00,13203.4
2026-02-25 07:30:00,14533.4
2026-02-25 07:45:00,15589.3
2026-02-25 08:00:00,16897.3
2026-02-25 08:15:00,17322.6
2026-02-25 08:30:00,17625.0
2026-02-25 08:45:00,17797.7
2026-02-25 09:00:00,17580.1
2026-02-25 09:15:00,18373.0
2026-02-25 09:30:00,18447.2
2026-02-25 09:45:00,18817.7
2026-02-25 10:00:00,19027.2
2026-02-25 10:15:00,19264.4
2026-02-25 10:30:00,20058.9
2026-02-25 10:45:00,20702.3
2026-02-25 11:00:00,20731.8
2026-02-25 11:15:00,21209.9
2026-02-25 11:30:00,21017.3
2026-02-25 11:45:00,20747.1
2026-02-25 12:00:00,21677.1
2026-02-25 12:15:00,20967.1
2026-02-25 12:30:00,20777.2
2026-02-25 12:45:00,20595.6
2026-02-25 13:00:00,20867.6
2026-02-25 13:15:00,20458.4
2026-02-25 13:30:00,20608.1
2026-02-25 13:45:00,19820.7
2026-02-25 14:00:00,19520.5
2026-02-25 14:15:00,19507.8
2026-02-25 14:30:00,19468.9
2026-02-25 14:45:00,19697.5
2026-02-25 15:00:00,19864.6
2026-02-25 15:15:00,19901.6
2026-02-25 15:30:00,19519.0
2026-02-25 15:45:00,19345.0
2026-02-25 16:00:00,19477.6
2026-02-25 16:15:00,19534.9
2026-02-25 16:30:00,19990.6
2026-02-25 16:45:00,20078.6
2026-02-25 17:00:00,20701.6
2026-02-25 17:15:00,20606.1
2026-02-25 17:30:00,20490.2
2026-02-25 17:45:00,20744.0
2026-02-25 18:00:00,20893.2
2026-02-25 18:15:00,21030.4
2026-02-25 18:30:00,21573.5
2026-02-25 18:45:00,21416.1
2026-02-25 19:00:00,21555.4
2026-02-25 19:15:00,21497.8
2026-02-25 19:30:00,21432.8
2026-02-25 19:45:00,21224.0
2026-02-25 20:00:00,20414.3
2026-02-25 20:15:00,19890.3
2026-02-25 20:30:00,20201.2
2026-02-25 20:45:00,19731.4
2026-02-25 21:00:00,19706.1
2026-02-25 21:15:00,19615.3
2026-02-25 21:30:00,19447.0
2026-02-25 21:45:00,19107.7
2026-02-25 22:00:00,18795.8
2026-02-25 22:15:00,18297.3
2026-02-25 22:30:00,17580.5
2026-02-25 22:45:00,16598.7
2026-02-25 23:00:00,16620.0
2026-02-25 23:15:00,16258.0
2026-02-25 23:30:00,15732.3
2026-02-25 23:45:00,15440.2
2026-02-26 00:00:00,16651.0
2026-02-26 00:15:00,16737.8
2026-02-26 00:30:00,16471.2
2026-02-26 00:45:00,15410.8
2026-02-26 01:00:00,15302.0
2026-02-26 01:15:00,15112.1
2026-02-26 01:30:00,14544.2
2026-02-26 01:45:00,14594.5
2026-02-26 02:00:00,14382.8
2026-02-26 02:15:00,14276.4
2026-02-26 02:30:00,13849.6
2026-02-26 02:45:00,13658.8
2026-02-26 03:00:00,13751.5
2026-02-26 03:15:00,13242.4
2026-02-26 03:30:00,13305.3
2026-02-26 03:45:00,13174.9
2026-02-26 04:00:00,13173.2
2026-02-26 04:15:00,13017.6
2026-02-26 04:30:00,13084.8
2026-02-26 04:45:00,13091.5
2026-02-26 05:00:00,13310.6
2026-02-26 05:15:00,12888.3
2026-02-26 05:30:00,13317.0
2026-02-26 05:45:00,13211.5
2026-02-26 06:00:00,13331.3
2026-02-26 06:15:00,13647.2
2026-02-26 06:30:00,13955.9
2026-02-26 06:45:00,14576.6
2026-02-26 07:00:00,14680.2
2026-02-26 07:15:00,15731.0
2026-02-26 07:30:00,16463.4
2026-02-26 07:45:00,16827.9
2026-02-26 08:00:00,18379.5
2026-02-26 08:15:00,19452.6
2026-02-26 08:30:00,20038.6
2026-02-26 08:45:00,20198.6
2026-02-26 09:00:00,19528.1
2026-02-26 09:15:00,20039.0
2026-02-26 09:30:00,20208.2
2026-02-26 09:45:00,20542.5
2026-02-26 10:00:00,20859.7
2026-02-26 10:15:00,21471.8
2026-02-26 10:30:00,21817.6
2026-02-26 10:45:00,22084.1
2026-02-26 11:00:00,22088.0
2026-02-26 11:15:00,22119.3
2026-02-26 11:30:00,22127.8
2026-02-26 11:45:00,21541.4
2026-02-26 12:00:00,22762.5
2026-02-26 12:15:00,22453.5
2026-02-26 12:30:00,22372.1
2026-02-26 12:45:00,21782.5
2026-02-26 13:00:00,21502.4
2026-02-26 13:15:00,21344.4
2026-02-26 13:30:00,21064.1
2026-02-26 13:45:00,20385.9
2026-02-26 14:00:00,19641.9
2026-02-26 14:15:00,19277.2
2026-02-26 14:30:00,19109.4
2026-02-26 14:45:00,19040.1
2026-02-26 15:00:00,19217.3
2026-02-26 15:15:00,19113.9
2026-02-26 15:30:00,19049.3
2026-02-26 15:45:00,19081.8
2026-02-26 16:00:00,18837.0
2026-02-26 16:15:00,19337.7
2026-02-26 16:30:00,19557.4
2026-02-26 16:45:00,19597.5
2026-02-26 17:00:00,19787.8
2026-02-26 17:15:00,19469.4
2026-02-26 17:30:00,19466.2
2026-02-26 17:45:00,19623.7
2026-02-26 18:00:00,19133.6
2026-02-26 18:15:00,19455.1
2026-02-26 18:30:00,19538.4
2026-02-26 18:45:00,19680.9
2026-02-26 19:00:00,19697.6
2026-02-26 19:15:00,19392.1
2026-02-26 19:30:00,19564.8
2026-02-26 19:45:00,19248.8
2026-02-26 20:00:00,19057.3
2026-02-26 20:15:00,18895.4
2026-02-26 20:30:00,19105.2
2026-02-26 20:45:00,18962.9
2026-02-26 21:00:00,18750.9
2026-02-26 21:15:00,19013.9
2026-02-26 21:30:00,18979.0
2026-02-26 21:45:00,18741.5
2026-02-26 22:00:00,18064.2
2026-02-26 22:15:00,17860.2
2026-02-26 22:30:00,17215.3
2026-02-26 22:45:00,16476.5
2026-02-26 23:00:00,16056.7
2026-02-26 23:15:00,15712.3
2026-02-26 23:30:00,15297.9
2026-02-26 23:45:00,15102.0
2026-02-27 00:00:00,16537.9
2026-02-27 00:15:00,16095.6
2026-02-27 00:30:00,15583.5
2026-02-27 00:45:00,14840.0
2026-02-27 01:00:00,14621.9
2026-02-27 01:15:00,14205.0
2026-02-27 01:30:00,13727.3
2026-02-27 01:45:00,13536.9
2026-02-27 02:00:00,13387.0
2026-02-27 02:15:00,13085.4
2026-02-27 02:30:00,13027.6
2026-02-27 02:45:00,12762.1
2026-02-27 03:00:00,12298.9
2026-02-27 03:15:00,12289.1
2026-02-27 03:30:00,11987.0
2026-02-27 03:45:00,11880.9
2026-02-27 04:00:00,11788.5
2026-02-27 04:15:00,11533.7
2026-02-27 04:30:00,11455.5
2026-02-27 04:45:00,11395.0
2026-02-27 05:00:00,11718.0
2026-02-27 05:15:00,12146.8
2026-02-27 05:30:00,12280.6
2026-02-27 05:45:00,12384.3
2026-02-27 06:00:00,12200.9
2026-02-27 06:15:00,11838.3
2026-02-27 06:30:00,12476.9
2026-02-27 06:45:00,12938.3
2026-02-27 07:00:00,13613.1
2026-02-27 07:15:00,13816.2
2026-02-27 07:30:00,15083.4
2026-02-27 07:45:00,16400.2
2026-02-27 08:00:00,17677.9
2026-02-27 08:15:00,18966.3
2026-02-27 08:30:00,18925.0
2026-02-27 08:45:00,19390.5
2026-02-27 09:00:00,19445.0
2026-02-27 09:15:00,19548.1
2026-02-27 09:30:00,19850.5
2026-02-27 09:45:00,20084.8
2026-02-27 10:00:00,20743.2
2026-02-27 10:15:00,20919.8
2026-02-27 10:30:00,21852.0
2026-02-27 10:45:00,22171.5
2026-02-27 11:00:00,22452.4
2026-02-27 11:15:00,22836.4
2026-02-27 11:30:00,22494.3
2026-02-27 11:45:00,22826.5
2026-02-27 12:00:00,23899.6
2026-02-27 12:15:00,24042.2
2026-02-27 12:30:00,23686.3
2026-02-27 12:45:00,23044.1
2026-02-27 13:00:00,23030.8
2026-02-27 13:15:00,22214.5
2026-02-27 13:30:00,21842.6
2026-02-27 13:45:00,20823.6
2026-02-27 14:00:00,19817.1
2026-02-27 14:15:00,19208.0
2026-02-27 14:30:00,19235.5
2026-02-27 14:45:00,18957.6
2026-02-27 15:00:00,19390.6
2026-02-27 15:15:00,19301.8
2026-02-27 15:30:00,19369.0
2026-02-27 15:45:00,18832.9
2026-02-27 16:00:00,18919.3
2026-02-27 16:15:00,19095.6
2026-02-27 16:30:00,19755.0
2026-02-27 16:45:00,19577.2
2026-02-27 17:00:00,20208.2
2026-02-27 17:15:00,19905.4
2026-02-27 17:30:00,19720.4
2026-02-27 17:45:00,19594.0
2026-02-27 18:00:00,20387.4
2026-02-27 18:15:00,20086.5
2026-02-27 18:30:00,20464.5
2026-02-27 18:45:00,20722.9
2026-02-27 19:00:00,20418.9
2026-02-27 19:15:00,20596.8
2026-02-27 19:30:00,20493.8
2026-02-27 19:45:00,20002.4
2026-02-27 20:00:00,20296.6
2026-02-27 20:15:00,20122.8
2026-02-27 20:30:00,20743.8
2026-02-27 20:45:00,20399.6
2026-02-27 21:00:00,20394.0
2026-02-27 21:15:00,20600.3
2026-02-27 21:30:00,20153.0
2026-02-27 21:45:00,19644.8
2026-02-27 22:00:00,19109.2
2026-02-27 22:15:00,18565.0
2026-02-27 22:30:00,18064.3
2026-02-27 22:45:00,17008.0
2026-02-27 23:00:00,17039.8
2026-02-27 23:15:00,16199.3
2026-02-27 23:30:00,15444.0
2026-02-27 23:45:00,14855.6
2026-02-28 00:00:00,17404.7
2026-02-28 00:15:00,16968.1
2026-02-28 00:30:00,16324.4
2026-02-28 00:45:00,15579.9
2026-02-28 01:00:00,14658.2
2026-02-28 01:15:00,14563.0
2026-02-28 01:30:00,14303.7
2026-02-28 01:45:00,13772.7
2026-02-28 02:00:00,14239.1
2026-02-28 02:15:00,13860.0
2026-02-28 02:30:00,13750.0
2026-02-28 02:45:00,13400.8
2026-02-28 03:00:00,12781.9
2026-02-28 03:15:00,12728.5
2026-02-28 03:30:00,12162.4
2026-02-28 03:45:00,12336.5
2026-02-28 04:00:00,12224.9
2026-02-28 04:15:00,12277.3
2026-02-28 04:30:00,12233.8
2026-02-28 04:45:00,12208.4
2026-02-28 05:00:00,12115.5
2026-02-28 05:15:00,12272.7
2026-02-28 05:30:00,12293.4
2026-02-28 05:45:00,12682.5
2026-02-28 06:00:00,12797.4
2026-02-28 06:15:00,12833.3
2026-02-28 06:30:00,13215.4
2026-02-28 06:45:00,13759.7
2026-02-28 07:00:00,13920.9
2026-02-28 07:15:00,14585.2
2026-02-28 07:30:00,15513.8
2026-02-28 07:45:00,16931.3
2026-02-28 08:00:00,18445.4
2026-02-28 08:15:00,19329.9
2026-02-28 08:30:00,19565.0
2026-02-28 08:45:00,20138.7
2026-02-28 09:00:00,20242.6
2026-02-28 09:15:00,20688.0
2026-02-28 09:30:00,20954.7
2026-02-28 09:45:00,21479.0
2026-02-28 10:00:00,21798.0
2026-02-28 10:15:00,22329.6
2026-02-28 10:30:00,22948.7
2026-02-28 10:45:00,23179.3
2026-02-28 11:00:00,23542.3
2026-02-28 11:15:00,23536.0
2026-02-28 11:30:00,22652.3
2026-02-28 11:45:00,22303.1
2026-02-28 12:00:00,23620.3
2026-02-28 12:15:00,23604.4
2026-02-28 12:30:00,23257.3
2026-02-28 12:45:00,22763.5
2026-02-28 13:00:00,22482.0
2026-02-28 13:15:00,22010.7
2026-02-28 13:30:00,21792.1
2026-02-28 13:45:00,21341.1
2026-02-28 14:00:00,20553.6
2026-02-28 14:15:00,20360.7
2026-02-28 14:30:00,20056.1
2026-02-28 14:45:00,19877.6
2026-02-28 15:00:00,19950.6
2026-02-28 15:15:00,19773.7
2026-02-28 15:30:00,19521.5
2026-02-28 15:45:00,19398.8
2026-02-28 16:00:00,19642.8
2026-02-28 16:15:00,20116.9
2026-02-28 16:30:00,20618.4
2026-02-28 16:45:00,20828.0
2026-02-28 17:00:00,21307.3
2026-02-28 17:15:00,21245.9
2026-02-28 17:30:00,20796.4
2026-02-28 17:45:00,21150.7
2026-02-28 18:00:00,20489.1
2026-02-28 18:15:00,20933.2
2026-02-28 18:30:00,21055.5
2026-02-28 18:45:00,21348.1
2026-02-28 19:00:00,21008.5
2026-02-28 19:15:00,20885.3
2026-02-28 19:30:00,21064.5
2026-02-28 19:45:00,20987.2
2026-02-28 20:00:00,21201.7
2026-02-28 20:15:00,20626.2
2026-02-28 20:30:00,20619.1
2026-02-28 20:45:00,20081.5
2026-02-28 21:00:00,19912.4
2026-02-28 21:15:00,20229.7
2026-02-28 21:30:00,20157.0
2026-02-28 21:45:00,19720.1
2026-02-28 22:00:00,19510.0
2026-02-28 22:15:00,18961.5
2026-02-28 22:30:00,18201.9
2026-02-28 22:45:00,17396.5
2026-02-28 23:00:00,17220.2
2026-02-28 23:15:00,16492.4
2026-02-28 23:30:00,15934.7
2026-02-28 23:45:00,15625.8
2026-03-01 00:00:00,17465.3
2026-03-01 00:15:00,17030.0
2026-03-01 00:30:00,16084.3
2026-03-01 00:45:00,15521.2
2026-03-01 01:00:00,15027.3
2026-03-01 01:15:00,14565.8
2026-03-01 01:30:00,14366.1
2026-03-01 01:45:00,14160.6
2026-03-01 02:00:00,13889.3
2026-03-01 02:15:00,13752.7
2026-03-01 02:30:00,13301.2
2026-03-01 02:45:00,12924.5
2026-03-01 03:00:00,12857.4
2026-03-01 03:15:00,12708.3
2026-03-01 03:30:00,12198.5
2026-03-01 03:45:00,12379.1
2026-03-01 04:00:00,12006.3
2026-03-01 04:15:00,11959.5
2026-03-01 04:30:00,12001.5
2026-03-01 04:45:00,11708.9
2026-03-01 05:00:00,11879.9
2026-03-01 05:15:00,11959.5
2026-03-01 05:30:00,11940.3
2026-03-01 05:45:00,11742.3
2026-03-01 06:00:00,11505.3
2026-03-01 06:15:00,11740.6
2026-03-01 06:30:00,12165.8
2026-03-01 06:45:00,12161.3
2026-03-01 07:00:00,12754.3
2026-03-01 07:15:00,13454.3
2026-03-01 07:30:00,14355.0
2026-03-01 07:45:00,15320.2
2026-03-01 08:00:00,16594.9
2026-03-01 08:15:00,17663.9
2026-03-01 08:30:00,18580.9
2026-03-01 08:45:00,19016.5
2026-03-01 09:00:00,19394.1
2026-03-01 09:15:00,20132.3
2026-03-01 09:30:00,20338.2
2026-03-01 09:45:00,20261.6
2026-03-01 10:00:00,21157.2
2026-03-01 10:15:00,21234.6
2026-03-01 10:30:00,21711.7
2026-03-01 10:45:00,22877.8
2026-03-01 11:00:00,23379.7
2026-03-01 11:15:00,23407.5
2026-03-01 11:30:00,23173.5
2026-03-01 11:45:00,21949.3
2026-03-01 12:00:00,23345.4
2026-03-01 12:15:00,23327.9
2026-03-01 12:30:00,22882.6
2026-03-01 12:45:00,22200.4
2026-03-01 13:00:00,22134.8
2026-03-01 13:15:00,22064.1
2026-03-01 13:30:00,21601.2
2026-03-01 13:45:00,21047.8
2026-03-01 14:00:00,20789.4
2026-03-01 14:15:00,20309.5
2026-03-01 14:30:00,20280.1
2026-03-01 14:45:00,20421.5
2026-03-01 15:00:00,20690.5
2026-03-01 15:15:00,20419.1
2026-03-01 15:30:00,20264.6
2026-03-01 15:45:00,19925.8
2026-03-01 16:00:00,20036.9
2026-03-01 16:15:00,20642.3
2026-03-01 16:30:00,20562.2
2026-03-01 16:45:00,20349.1
2026-03-01 17:00:00,21156.1
2026-03-01 17:15:00,21223.4
2026-03-01 17:30:00,20972.7
2026-03-01 17:45:00,21564.1
2026-03-01 18:00:00,21407.1
2026-03-01 18:15:00,21262.4
2026-03-01 18:30:00,21773.6
2026-03-01 18:45:00,21347.9
2026-03-01 19:00:00,21518.7
2026-03-01 19:15:00,21476.9
2026-03-01 19:30:00,21619.3
2026-03-01 19:45:00,21359.0
2026-03-01 20:00:00,21694.1
2026-03-01 20:15:00,21316.8
2026-03-01 20:30:00,21669.7
2026-03-01 20:45:00,20002.0
2026-03-01 21:00:00,20489.6
2026-03-01 21:15:00,20603.3
2026-03-01 21:30:00,20162.9
2026-03-01 21:45:00,20260.6
2026-03-01 22:00:00,19463.9
2026-03-01 22:15:00,19176.2
2026-03-01 22:30:00,18763.6
2026-03-01 22:45:00,18039.4
2026-03-01 23:00:00,17303.1
2026-03-01 23:15:00,16946.9
2026-03-01 23:30:00,16188.1
2026-03-01 23:45:00,15612.3
2026-03-02 00:00:00,17912.4
2026-03-02 00:15:00,17097.7
2026-03-02 00:30:00,16761.7
2026-03-02 00:45:00,16064.5
2026-03-02 01:00:00,15652.1
2026-03-02 01:15:00,15333.2
2026-03-02 01:30:00,14990.2
2026-03-02 01:45:00,14542.5
2026-03-02 02:00:00,14513.3
2026-03-02 02:15:00,14027.6
2026-03-02 02:30:00,13883.2
2026-03-02 02:45:00,13619.8
2026-03-02 03:00:00,13332.9
2026-03-02 03:15:00,12960.3
2026-03-02 03:30:00,12852.2
2026-03-02 03:45:00,12673.5
2026-03-02 04:00:00,12428.0
2026-03-02 04:15:00,12322.7
2026-03-02 04:30:00,12412.5
2026-03-02 04:45:00,12240.7
2026-03-02 05:00:00,12407.6
2026-03-02 05:15:00,12521.7
2026-03-02 05:30:00,12621.2
2026-03-02 05:45:00,12721.7
2026-03-02 06:00:00,12463.5
2026-03-02 06:15:00,12651.7
2026-03-02 06:30:00,12851.2
2026-03-02 06:45:00,13588.5
2026-03-02 07:00:00,14351.7
2026-03-02 07:15:00,15161.9
2026-03-02 07:30:00,16281.9
2026-03-02 07:45:00,17664.4
2026-03-02 08:00:00,18810.9
2026-03-02 08:15:00,19633.0
2026-03-02 08:30:00,20718.7
2026-03-02 08:45:00,21410.6
2026-03-02 09:00:00,21835.8
2026-03-02 09:15:00,22298.1
2026-03-02 09:30:00,22336.4
2026-03-02 09:45:00,22487.0
2026-03-02 10:00:00,23228.5
2026-03-02 10:15:00,23395.8
2026-03-02 10:30:00,23842.4
2026-03-02 10:45:00,23801.6
2026-03-02 11:00:00,24181.9
2026-03-02 11:15:00,24131.7
2026-03-02 11:30:00,24171.4
2026-03-02 11:45:00,23501.0
2026-03-02 12:00:00,25072.3
2026-03-02 12:15:00,25069.9
2026-03-02 12:30:00,24593.0
2026-03-02 12:45:00,23981.3
2026-03-02 13:00:00,23957.0
2026-03-02 13:15:00,23545.0
2026-03-02 13:30:00,23281.2
2026-03-02 13:45:00,22690.1
2026-03-02 14:00:00,22204.9
2026-03-02 14:15:00,22292.8
2026-03-02 14:30:00,22443.5
2026-03-02 14:45:00,22502.1
2026-03-02 15:00:00,22972.9
2026-03-02 15:15:00,22810.8
2026-03-02 15:30:00,22520.1
2026-03-02 15:45:00,22267.0
2026-03-02 16:00:00,22090.1
2026-03-02 16:15:00,22495.1
2026-03-02 16:30:00,22149.2
2026-03-02 16:45:00,21844.6
2026-03-02 17:00:00,22162.9
2026-03-02 17:15:00,22403.7
2026-03-02 17:30:00,22322.9
2026-03-02 17:45:00,22374.0
2026-03-02 18:00:00,22642.1
2026-03-02 18:15:00,22147.5
2026-03-02 18:30:00,22667.3
2026-03-02 18:45:00,22515.5
2026-03-02 19:00:00,22708.5
2026-03-02 19:15:00,22391.5
2026-03-02 19:30:00,22654.6
2026-03-02 19:45:00,22535.7
2026-03-02 20:00:00,22296.7
2026-03-02 20:15:00,22497.0
2026-03-02 20:30:00,22717.5
2026-03-02 20:45:00,22071.6
2026-03-02 21:00:00,22066.7
2026-03-02 21:15:00,22440.6
2026-03-02 21:30:00,22336.3
2026-03-02 21:45:00,21621.7
2026-03-02 22:00:00,21061.5
2026-03-02 22:15:00,20606.2
2026-03-02 22:30:00,19673.6
2026-03-02 22:45:00,19353.5
2026-03-02 23:00:00,19094.6
2026-03-02 23:15:00,18479.7
2026-03-02 23:30:00,18051.2
2026-03-02 23:45:00,17763.6
2026-03-03 00:00:00,18518.0
2026-03-03 00:15:00,18172.7
2026-03-03 00:30:00,18215.4
2026-03-03 00:45:00,17888.1
2026-03-03 01:00:00,17144.1
2026-03-03 01:15:00,16711.1
2026-03-03 01:30:00,16190.4
2026-03-03 01:45:00,16063.0
2026-03-03 02:00:00,15806.8
2026-03-03 02:15:00,15434.8
2026-03-03 02:30:00,15209.3
2026-03-03 02:45:00,14930.2
2026-03-03 03:00:00,15166.9
2026-03-03 03:15:00,14775.9
2026-03-03 03:30:00,14596.6
2026-03-03 03:45:00,14450.0
2026-03-03 04:00:00,14245.3
2026-03-03 04:15:00,14222.5
2026-03-03 04:30:00,14206.5
2026-03-03 04:45:00,14197.5
2026-03-03 05:00:00,14248.8
2026-03-03 05:15:00,14224.3
2026-03-03 05:30:00,14371.1
2026-03-03 05:45:00,14372.1
2026-03-03 06:00:00,14430.6
2026-03-03 06:15:00,14625.6
2026-03-03 06:30:00,14417.6
2026-03-03 06:45:00,15202.1
2026-03-03 07:00:00,16272.2
2026-03-03 07:15:00,17046.1
2026-03-03 07:30:00,17926.6
2026-03-03 07:45:00,19332.6
2026-03-03 08:00:00,19505.1
2026-03-03 08:15:00,20556.2
2026-03-03 08:30:00,21004.8
2026-03-03 08:45:00,21768.1
2026-03-03 09:00:00,22176.4
2026-03-03 09:15:00,22406.8
2026-03-03 09:30:00,22471.6
2026-03-03 09:45:00,22964.8
2026-03-03 10:00:00,23352.6
2026-03-03 10:15:00,23335.9
2026-03-03 10:30:00,23799.0
2026-03-03 10:45:00,24572.9
2026-03-03 11:00:00,24320.1
2026-03-03 11:15:00,24640.9
2026-03-03 11:30:00,24256.9
2026-03-03 11:45:00,23541.9
2026-03-03 12:00:00,24430.1
2026-03-03 12:15:00,24113.4
2026-03-03 12:30:00,23686.8
2026-03-03 12:45:00,23886.0
2026-03-03 13:00:00,23362.4
2026-03-03 13:15:00,23406.4
2026-03-03 13:30:00,22829.3
2026-03-03 13:45:00,22045.8
2026-03-03 14:00:00,21947.7
2026-03-03 14:15:00,21798.0
2026-03-03 14:30:00,21468.3
2026-03-03 14:45:00,21436.4
2026-03-03 15:00:00,21282.4
2026-03-03 15:15:00,21280.0
2026-03-03 15:30:00,21716.3
2026-03-03 15:45:00,22152.5
2026-03-03 16:00:00,21956.8
2026-03-03 16:15:00,22206.1
2026-03-03 16:30:00,22184.3
2026-03-03 16:45:00,22070.7
2026-03-03 17:00:00,22758.9
2026-03-03 17:15:00,22572.8
2026-03-03 17:30:00,22412.5
2026-03-03 17:45:00,22281.9
2026-03-03 18:00:00,22430.1
2026-03-03 18:15:00,22594.1
2026-03-03 18:30:00,23322.6
2026-03-03 18:45:00,23415.0
2026-03-03 19:00:00,23675.8
2026-03-03 19:15:00,23843.6
2026-03-03 19:30:00,23309.6
2026-03-03 19:45:00,23599.4
2026-03-03 20:00:00,23293.2
2026-03-03 20:15:00,23497.4
2026-03-03 20:30:00,23581.1
2026-03-03 20:45:00,23378.9
2026-03-03 21:00:00,23138.0
2026-03-03 21:15:00,22974.1
2026-03-03 21:30:00,22686.4
2026-03-03 21:45:00,21881.3
2026-03-03 22:00:00,21681.5
2026-03-03 22:15:00,20670.1
2026-03-03 22:30:00,19947.6
2026-03-03 22:45:00,19244.6
2026-03-03 23:00:00,18715.9
2026-03-03 23:15:00,17574.6
2026-03-03 23:30:00,16641.4
2026-03-03 23:45:00,15985.3
2026-03-04 00:00:00,18235.3
2026-03-04 00:15:00,17854.9
2026-03-04 00:30:00,17395.2
2026-03-04 00:45:00,16205.8
2026-03-04 01:00:00,15411.6
2026-03-04 01:15:00,15168.9
2026-03-04 01:30:00,14905.1
2026-03-04 01:45:00,14621.1
2026-03-04 02:00:00,14618.5
2026-03-04 02:15:00,14034.1
2026-03-04 02:30:00,13923.7
2026-03-04 02:45:00,13459.1
2026-03-04 03:00:00,13217.7
2026-03-04 03:15:00,13128.7
2026-03-04 03:30:00,12789.3
2026-03-04 03:45:00,12785.2
2026-03-04 04:00:00,12990.8
2026-03-04 04:15:00,12725.1
2026-03-04 04:30:00,12738.6
2026-03-04 04:45:00,12877.3
2026-03-04 05:00:00,13009.4
2026-03-04 05:15:00,13350.5
2026-03-04 05:30:00,13647.5
2026-03-04 05:45:00,13631.6
2026-03-04 06:00:00,13659.2
2026-03-04 06:15:00,14174.9
2026-03-04 06:30:00,14491.1
2026-03-04 06:45:00,14931.9
2026-03-04 07:00:00,16389.1
2026-03-04 07:15:00,17271.4
2026-03-04 07:30:00,18604.2
2026-03-04 07:45:00,19677.5
2026-03-04 08:00:00,20352.9
2026-03-04 08:15:00,20939.0
2026-03-04 08:30:00,21279.6
2026-03-04 08:45:00,21250.8
2026-03-04 09:00:00,21028.7
2026-03-04 09:15:00,21048.2
2026-03-04 09:30:00,20760.4
2026-03-04 09:45:00,20698.6
2026-03-04 10:00:00,20919.5
2026-03-04 10:15:00,21443.3
2026-03-04 10:30:00,22320.7
2026-03-04 10:45:00,22882.9
2026-03-04 11:00:00,23205.4
2026-03-04 11:15:00,23409.6
2026-03-04 11:30:00,23557.7
2026-03-04 11:45:00,23077.5
2026-03-04 12:00:00,24249.1
2026-03-04 12:15:00,24564.8
2026-03-04 12:30:00,24798.5
2026-03-04 12:45:00,24210.2
2026-03-04 13:00:00,23425.3
2026-03-04 13:15:00,22867.3
2026-03-04 13:30:00,23050.3
2026-03-04 13:45:00,22459.5
2026-03-04 14:00:00,21713.8
2026-03-04 14:15:00,21463.6
2026-03-04 14:30:00,20877.2
2026-03-04 14:45:00,20465.4
2026-03-04 15:00:00,20723.2
2026-03-04 15:15:00,20938.6
2026-03-04 15:30:00,21287.1
2026-03-04 15:45:00,21246.4
2026-03-04 16:00:00,20269.0
2026-03-04 16:15:00,20490.2
2026-03-04 16:30:00,20393.7
2026-03-04 16:45:00,20695.1
2026-03-04 17:00:00,21359.3
2026-03-04 17:15:00,21335.0
2026-03-04 17:30:00,21384.2
2026-03-04 17:45:00,21847.6
2026-03-04 18:00:00,22057.3
2026-03-04 18:15:00,22074.5
2026-03-04 18:30:00,22607.4
2026-03-04 18:45:00,22251.4
2026-03-04 19:00:00,22683.6
2026-03-04 19:15:00,22409.5
2026-03-04 19:30:00,22600.6
2026-03-04 19:45:00,22569.0
2026-03-04 20:00:00,22603.5
2026-03-04 20:15:00,23042.0
2026-03-04 20:30:00,23239.7
2026-03-04 20:45:00,22747.4
2026-03-04 21:00:00,22625.8
2026-03-04 21:15:00,22117.7
2026-03-04 21:30:00,21877.0
2026-03-04 21:45:00,21213.7
2026-03-04 22:00:00,20980.2
2026-03-04 22:15:00,19920.1
2026-03-04 22:30:00,19022.6
2026-03-04 22:45:00,18313.0
2026-03-04 23:00:00,17736.3
2026-03-04 23:15:00,16756.9
2026-03-04 23:30:00,16004.9
2026-03-04 23:45:00,15396.7
2026-03-05 00:00:00,18275.6
2026-03-05 00:15:00,17893.7
2026-03-05 00:30:00,17300.9
2026-03-05 00:45:00,16347.0
2026-03-05 01:00:00,15720.2
2026-03-05 01:15:00,15330.9
2026-03-05 01:30:00,15056.1
2026-03-05 01:45:00,14839.8
2026-03-05 02:00:00,14707.8
2026-03-05 02:15:00,14427.3
2026-03-05 02:30:00,14222.3
2026-03-05 02:45:00,13899.3
2026-03-05 03:00:00,13715.3
2026-03-05 03:15:00,13436.4
2026-03-05 03:30:00,13454.9
2026-03-05 03:45:00,13304.2
2026-03-05 04:00:00,13161.2
2026-03-05 04:15:00,13250.5
2026-03-05 04:30:00,13224.0
2026-03-05 04:45:00,13371.7
2026-03-05 05:00:00,13524.1
2026-03-05 05:15:00,13269.1
2026-03-05 05:30:00,13401.3
2026-03-05 05:45:00,13314.0
2026-03-05 06:00:00,13648.1
2026-03-05 06:15:00,14187.6
2026-03-05 06:30:00,15117.0
2026-03-05 06:45:00,16464.9
2026-03-05 07:00:00,17270.7
2026-03-05 07:15:00,18341.4
2026-03-05 07:30:00,18536.9
2026-03-05 07:45:00,19263.7
2026-03-05 08:00:00,19929.2
2026-03-05 08:15:00,20421.4
2026-03-05 08:30:00,20236.6
2026-03-05 08:45:00,20329.8
2026-03-05 09:00:00,20282.3
2026-03-05 09:15:00,20178.9
2026-03-05 09:30:00,20740.8
2026-03-05 09:45:00,20961.4
2026-03-05 10:00:00,21259.7
2026-03-05 10:15:00,21761.4
2026-03-05 10:30:00,23175.6
2026-03-05 10:45:00,23511.4
2026-03-05 11:00:00,23866.0
2026-03-05 11:15:00,23703.0
2026-03-05 11:30:00,23795.2
2026-03-05 11:45:00,23111.2
2026-03-05 12:00:00,23581.7
2026-03-05 12:15:00,23487.4
2026-03-05 12:30:00,23187.7
2026-03-05 12:45:00,22934.2
2026-03-05 13:00:00,21987.0
2026-03-05 13:15:00,21914.7
2026-03-05 13:30:00,22089.1
2026-03-05 13:45:00,21018.7
2026-03-05 14:00:00,20679.2
2026-03-05 14:15:00,20531.0
2026-03-05 14:30:00,20443.6
2026-03-05 14:45:00,20594.0
2026-03-05 15:00:00,20509.7
2026-03-05 15:15:00,20600.2
2026-03-05 15:30:00,20279.7
2026-03-05 15:45:00,20206.8
2026-03-05 16:00:00,20250.6
2026-03-05 16:15:00,20195.7
2026-03-05 16:30:00,20232.5
2026-03-05 16:45:00,20050.6
2026-03-05 17:00:00,20828.6
2026-03-05 17:15:00,20973.1
2026-03-05 17:30:00,21166.7
2026-03-05 17:45:00,21095.3
2026-03-05 18:00:00,21543.2
2026-03-05 18:15:00,21481.7
2026-03-05 18:30:00,22015.9
2026-03-05 18:45:00,22273.8
2026-03-05 19:00:00,21903.7
2026-03-05 19:15:00,22240.0
2026-03-05 19:30:00,22118.5
2026-03-05 19:45:00,21863.3
2026-03-05 20:00:00,21985.2
2026-03-05 20:15:00,22352.1
2026-03-05 20:30:00,22328.3
2026-03-05 20:45:00,21963.3
2026-03-05 21:00:00,21905.9
2026-03-05 21:15:00,21638.8
2026-03-05 21:30:00,21139.9
2026-03-05 21:45:00,20345.9
2026-03-05 22:00:00,20020.4
2026-03-05 22:15:00,18931.3
2026-03-05 22:30:00,18192.1
2026-03-05 22:45:00,17660.8
2026-03-05 23:00:00,17213.1
2026-03-05 23:15:00,16409.5
2026-03-05 23:30:00,15282.2
2026-03-05 23:45:00,14913.0
2026-03-06 00:00:00,17665.0
2026-03-06 00:15:00,17209.3
2026-03-06 00:30:00,16694.0
2026-03-06 00:45:00,16073.0
2026-03-06 01:00:00,15969.8
2026-03-06 01:15:00,15350.6
2026-03-06 01:30:00,15115.3
2026-03-06 01:45:00,14990.4
2026-03-06 02:00:00,15056.4
2026-03-06 02:15:00,14658.0
2026-03-06 02:30:00,14524.3
2026-03-06 02:45:00,14083.8
2026-03-06 03:00:00,14204.6
2026-03-06 03:15:00,13633.9
2026-03-06 03:30:00,13632.7
2026-03-06 03:45:00,13535.8
2026-03-06 04:00:00,13301.6
2026-03-06 04:15:00,13363.0
2026-03-06 04:30:00,13517.5
2026-03-06 04:45:00,13230.4
2026-03-06 05:00:00,13325.3
2026-03-06 05:15:00,13735.9
2026-03-06 05:30:00,13860.3
2026-03-06 05:45:00,13611.9
2026-03-06 06:00:00,14060.7
2026-03-06 06:15:00,14523.4
2026-03-06 06:30:00,15527.6
2026-03-06 06:45:00,16278.6
2026-03-06 07:00:00,17315.3
2026-03-06 07:15:00,17894.0
2026-03-06 07:30:00,18131.5
2026-03-06 07:45:00,18883.1
2026-03-06 08:00:00,19263.2
2026-03-06 08:15:00,19380.9
2026-03-06 08:30:00,19402.4
2026-03-06 08:45:00,19461.2
2026-03-06 09:00:00,19221.0
2026-03-06 09:15:00,19421.3
2026-03-06 09:30:00,19512.2
2026-03-06 09:45:00,18963.3
2026-03-06 10:00:00,19133.9
2026-03-06 10:15:00,20024.9
2026-03-06 10:30:00,20150.5
2026-03-06 10:45:00,20651.6
2026-03-06 11:00:00,21171.7
2026-03-06 11:15:00,21275.2
2026-03-06 11:30:00,21472.0
2026-03-06 11:45:00,21286.0
2026-03-06 12:00:00,22098.4
2026-03-06 12:15:00,21216.2
2026-03-06 12:30:00,21415.6
2026-03-06 12:45:00,21059.8
2026-03-06 13:00:00,20770.8
2026-03-06 13:15:00,20554.3
2026-03-06 13:30:00,20440.2
2026-03-06 13:45:00,20295.5
2026-03-06 14:00:00,19406.7
2026-03-06 14:15:00,19292.9
2026-03-06 14:30:00,18514.3
2026-03-06 14:45:00,19006.1
2026-03-06 15:00:00,18962.3
2026-03-06 15:15:00,19447.5
2026-03-06 15:30:00,19263.4
2026-03-06 15:45:00,19305.3
2026-03-06 16:00:00,19480.9
2026-03-06 16:15:00,20109.6
2026-03-06 16:30:00,19815.1
2026-03-06 16:45:00,19332.7
2026-03-06 17:00:00,20304.1
2026-03-06 17:15:00,19985.0
2026-03-06 17:30:00,20175.9
2026-03-06 17:45:00,20320.9
2026-03-06 18:00:00,20659.4
2026-03-06 18:15:00,20451.0
2026-03-06 18:30:00,21224.9
2026-03-06 18:45:00,21126.0
2026-03-06 19:00:00,21288.5
2026-03-06 19:15:00,21316.0
2026-03-06 19:30:00,21194.5
2026-03-06 19:45:00,20747.4
2026-03-06 20:00:00,21195.1
2026-03-06 20:15:00,21387.8
2026-03-06 20:30:00,21218.3
2026-03-06 20:45:00,20953.7
2026-03-06 21:00:00,20852.0
2026-03-06 21:15:00,20691.5
2026-03-06 21:30:00,20517.8
2026-03-06 21:45:00,20106.7
2026-03-06 22:00:00,19637.0
2026-03-06 22:15:00,19794.0
2026-03-06 22:30:00,19095.0
2026-03-06 22:45:00,18396.0
2026-03-06 23:00:00,17671.3
2026-03-06 23:15:00,16866.1
2026-03-06 23:30:00,16092.0
2026-03-06 23:45:00,15585.3
2026-03-07 00:00:00,18353.9
2026-03-07 00:15:00,18116.5
2026-03-07 00:30:00,17606.3
2026-03-07 00:45:00,16849.8
2026-03-07 01:00:00,16119.0
2026-03-07 01:15:00,15734.2
2026-03-07 01:30:00,15616.1
2026-03-07 01:45:00,15359.8
2026-03-07 02:00:00,15439.3
2026-03-07 02:15:00,14974.9
2026-03-07 02:30:00,14626.9
2026-03-07 02:45:00,14381.0
2026-03-07 03:00:00,13980.8
2026-03-07 03:15:00,13600.6
2026-03-07 03:30:00,13277.9
2026-03-07 03:45:00,13210.2
2026-03-07 04:00:00,13287.1
2026-03-07 04:15:00,13065.6
2026-03-07 04:30:00,13020.1
2026-03-07 04:45:00,13222.4
2026-03-07 05:00:00,13139.7
2026-03-07 05:15:00,13027.0
2026-03-07 05:30:00,13182.8
2026-03-07 05:45:00,13069.9
2026-03-07 06:00:00,13052.1
2026-03-07 06:15:00,13351.6
2026-03-07 06:30:00,13706.4
2026-03-07 06:45:00,14640.1
2026-03-07 07:00:00,15203.0
2026-03-07 07:15:00,15990.1
2026-03-07 07:30:00,16636.1
2026-03-07 07:45:00,17555.2
2026-03-07 08:00:00,18212.6
2026-03-07 08:15:00,18931.5
2026-03-07 08:30:00,18717.2
2026-03-07 08:45:00,18954.4
2026-03-07 09:00:00,18545.1
2026-03-07 09:15:00,18524.0
2026-03-07 09:30:00,18524.7
2026-03-07 09:45:00,18490.9
2026-03-07 10:00:00,18696.0
2026-03-07 10:15:00,18904.1
2026-03-07 10:30:00,19659.6
2026-03-07 10:45:00,20517.2
2026-03-07 11:00:00,21121.3
2026-03-07 11:15:00,20634.3
2026-03-07 11:30:00,20463.6
2026-03-07 11:45:00,20151.0
2026-03-07 12:00:00,21356.5
2026-03-07 12:15:00,21276.2
2026-03-07 12:30:00,21513.7
2026-03-07 12:45:00,21178.5
2026-03-07 13:00:00,21333.4
2026-03-07 13:15:00,21153.3
2026-03-07 13:30:00,21051.8
2026-03-07 13:45:00,20024.5
2026-03-07 14:00:00,18888.1
2026-03-07 14:15:00,18546.6
2026-03-07 14:30:00,18309.7
2026-03-07 14:45:00,19066.2
2026-03-07 15:00:00,19273.1
2026-03-07 15:15:00,19343.7
2026-03-07 15:30:00,19597.3
2026-03-07 15:45:00,19764.9
2026-03-07 16:00:00,19479.1
2026-03-07 16:15:00,20239.4
2026-03-07 16:30:00,20661.2
2026-03-07 16:45:00,20699.3
2026-03-07 17:00:00,20481.7
2026-03-07 17:15:00,20481.5
2026-03-07 17:30:00,20238.4
2026-03-07 17:45:00,20322.4
2026-03-07 18:00:00,20843.6
2026-03-07 18:15:00,20256.8
2026-03-07 18:30:00,20646.9
2026-03-07 18:45:00,20976.4
2026-03-07 19:00:00,20751.5
2026-03-07 19:15:00,20674.7
2026-03-07 19:30:00,20355.3
2026-03-07 19:45:00,20182.2
2026-03-07 20:00:00,20133.1
2026-03-07 20:15:00,19969.4
2026-03-07 20:30:00,20072.0
2026-03-07 20:45:00,20146.9
2026-03-07 21:00:00,20173.0
2026-03-07 21:15:00,20519.0
2026-03-07 21:30:00,20026.3
2026-03-07 21:45:00,19646.0
2026-03-07 22:00:00,19637.5
2026-03-07 22:15:00,19369.8
2026-03-07 22:30:00,18601.0
2026-03-07 22:45:00,17980.7
2026-03-07 23:00:00,17869.9
2026-03-07 23:15:00,17107.9
2026-03-07 23:30:00,16150.0
2026-03-07 23:45:00,16005.6
2026-03-08 00:00:00,18073.5
2026-03-08 00:15:00,17935.3
2026-03-08 00:30:00,17675.2
2026-03-08 00:45:00,16959.5
2026-03-08 01:00:00,16568.7
2026-03-08 01:15:00,16481.3
2026-03-08 01:30:00,16344.1
2026-03-08 01:45:00,16146.0
2026-03-08 02:00:00,15898.8
2026-03-08 02:15:00,15696.7
2026-03-08 02:30:00,15342.8
2026-03-08 02:45:00,14974.0
2026-03-08 03:00:00,14822.2
2026-03-08 03:15:00,14856.1
2026-03-08 03:30:00,14493.9
2026-03-08 03:45:00,14388.9
2026-03-08 04:00:00,14233.3
2026-03-08 04:15:00,14151.3
2026-03-08 04:30:00,14244.0
2026-03-08 04:45:00,13936.3
2026-03-08 05:00:00,14149.0
2026-03-08 05:15:00,13821.9
2026-03-08 05:30:00,13937.4
2026-03-08 05:45:00,13522.0
2026-03-08 06:00:00,13765.3
2026-03-08 06:15:00,13686.3
2026-03-08 06:30:00,14208.5
2026-03-08 06:45:00,14479.6
2026-03-08 07:00:00,15200.7
2026-03-08 07:15:00,16467.0
2026-03-08 07:30:00,17315.8
2026-03-08 07:45:00,18485.5
2026-03-08 08:00:00,19123.3
2026-03-08 08:15:00,20180.0
2026-03-08 08:30:00,20273.7
2026-03-08 08:45:00,20706.5
2026-03-08 09:00:00,20431.2
2026-03-08 09:15:00,20456.1
2026-03-08 09:30:00,20934.7
2026-03-08 09:45:00,20959.1
2026-03-08 10:00:00,21397.6
2026-03-08 10:15:00,21709.6
2026-03-08 10:30:00,21870.9
2026-03-08 10:45:00,22111.1
2026-03-08 11:00:00,22270.6
2026-03-08 11:15:00,22354.5
2026-03-08 11:30:00,22045.6
2026-03-08 11:45:00,21672.0
2026-03-08 12:00:00,23322.6
2026-03-08 12:15:00,23101.4
2026-03-08 12:30:00,22970.1
2026-03-08 12:45:00,22527.9
2026-03-08 13:00:00,22853.1
2026-03-08 13:15:00,22174.7
2026-03-08 13:30:00,22140.5
2026-03-08 13:45:00,20774.6
2026-03-08 14:00:00,20146.9
2026-03-08 14:15:00,19861.5
2026-03-08 14:30:00,20040.0
2026-03-08 14:45:00,20061.9
2026-03-08 15:00:00,20058.8
2026-03-08 15:15:00,20364.7
2026-03-08 15:30:00,20575.9
2026-03-08 15:45:00,20476.2
2026-03-08 16:00:00,20075.8
2026-03-08 16:15:00,20580.2
2026-03-08 16:30:00,20994.8
2026-03-08 16:45:00,21356.3
2026-03-08 17:00:00,21544.9
2026-03-08 17:15:00,21695.4
2026-03-08 17:30:00,21432.1
2026-03-08 17:45:00,21336.3
2026-03-08 18:00:00,21177.3
2026-03-08 18:15:00,21191.0
2026-03-08 18:30:00,21252.9
2026-03-08 18:45:00,21492.7
2026-03-08 19:00:00,21727.0
2026-03-08 19:15:00,21546.6
2026-03-08 19:30:00,21675.4
2026-03-08 19:45:00,21252.6
2026-03-08 20:00:00,21641.8
2026-03-08 20:15:00,21827.6
2026-03-08 20:30:00,21874.3
2026-03-08 20:45:00,21879.0
2026-03-08 21:00:00,21625.2
2026-03-08 21:15:00,21159.9
2026-03-08 21:30:00,20526.9
2026-03-08 21:45:00,19733.4
2026-03-08 22:00:00,19166.0
2026-03-08 22:15:00,18720.3
2026-03-08 22:30:00,17894.2
2026-03-08 22:45:00,17161.7
2026-03-08 23:00:00,16742.5
2026-03-08 23:15:00,15740.6
2026-03-08 23:30:00,15268.4
2026-03-08 23:45:00,14535.4
2026-03-09 00:00:00,17871.9
2026-03-09 00:15:00,17768.1
2026-03-09 00:30:00,17264.3
2026-03-09 00:45:00,16739.8
2026-03-09 01:00:00,16005.6
2026-03-09 01:15:00,15518.5
2026-03-09 01:30:00,15162.8
2026-03-09 01:45:00,15416.4
2026-03-09 02:00:00,15234.8
2026-03-09 02:15:00,14822.5
2026-03-09 02:30:00,14291.8
2026-03-09 02:45:00,14072.4
2026-03-09 03:00:00,13902.6
2026-03-09 03:15:00,13612.6
2026-03-09 03:30:00,13313.6
2026-03-09 03:45:00,13445.7
2026-03-09 04:00:00,13149.8
2026-03-09 04:15:00,12844.2
2026-03-09 04:30:00,13144.8
2026-03-09 04:45:00,12961.0
2026-03-09 05:00:00,13291.0
2026-03-09 05:15:00,13343.1
2026-03-09 05:30:00,13357.1
2026-03-09 05:45:00,13390.6
2026-03-09 06:00:00,13624.3
2026-03-09 06:15:00,14097.9
2026-03-09 06:30:00,15047.3
2026-03-09 06:45:00,16312.7
2026-03-09 07:00:00,17449.3
2026-03-09 07:15:00,18552.0
2026-03-09 07:30:00,19124.7
2026-03-09 07:45:00,19924.9
2026-03-09 08:00:00,20864.9
2026-03-09 08:15:00,21589.8
2026-03-09 08:30:00,21924.6
2026-03-09 08:45:00,22530.3
2026-03-09 09:00:00,22370.9
2026-03-09 09:15:00,22716.1
2026-03-09 09:30:00,22638.9
2026-03-09 09:45:00,22794.8
2026-03-09 10:00:00,23019.0
2026-03-09 10:15:00,22978.4
2026-03-09 10:30:00,22918.0
2026-03-09 10:45:00,23149.7
2026-03-09 11:00:00,23633.2
2026-03-09 11:15:00,23338.5
2026-03-09 11:30:00,23769.0
2026-03-09 11:45:00,23045.1
2026-03-09 12:00:00,24923.4
2026-03-09 12:15:00,25030.5
2026-03-09 12:30:00,25009.9
2026-03-09 12:45:00,24892.7
2026-03-09 13:00:00,24829.8
2026-03-09 13:15:00,24209.7
2026-03-09 13:30:00,23984.7
2026-03-09 13:45:00,22878.6
2026-03-09 14:00:00,22175.9
2026-03-09 14:15:00,22003.4
2026-03-09 14:30:00,21966.6
2026-03-09 14:45:00,21894.2
2026-03-09 15:00:00,22640.2
2026-03-09 15:15:00,22270.2
2026-03-09 15:30:00,22322.9
2026-03-09 15:45:00,22607.6
2026-03-09 16:00:00,21895.3
2026-03-09 16:15:00,21904.4
2026-03-09 16:30:00,22414.7
2026-03-09 16:45:00,22048.6
2026-03-09 17:00:00,22786.3
2026-03-09 17:15:00,22662.6
2026-03-09 17:30:00,22463.2
2026-03-09 17:45:00,22621.5
2026-03-09 18:00:00,22929.1
2026-03-09 18:15:00,22758.8
2026-03-09 18:30:00,23408.1
2026-03-09 18:45:00,23236.3
2026-03-09 19:00:00,23419.0
2026-03-09 19:15:00,23182.0
2026-03-09 19:30:00,22911.0
2026-03-09 19:45:00,22593.6
2026-03-09 20:00:00,22652.4
2026-03-09 20:15:00,22351.0
2026-03-09 20:30:00,22067.1
2026-03-09 20:45:00,21742.7
2026-03-09 21:00:00,21259.9
2026-03-09 21:15:00,20980.1
2026-03-09 21:30:00,20409.2
2026-03-09 21:45:00,19865.3
2026-03-09 22:00:00,19181.1
2026-03-09 22:15:00,18507.3
2026-03-09 22:30:00,17881.4
2026-03-09 22:45:00,17431.0
2026-03-09 23:00:00,17063.6
2026-03-09 23:15:00,15665.7
2026-03-09 23:30:00,14876.8
2026-03-09 23:45:00,14384.4
2026-03-10 00:00:00,18059.9
2026-03-10 00:15:00,17725.0
2026-03-10 00:30:00,16925.3
2026-03-10 00:45:00,17277.6
2026-03-10 01:00:00,16688.8
2026-03-10 01:15:00,16522.7
2026-03-10 01:30:00,16369.0
2026-03-10 01:45:00,15722.0
2026-03-10 02:00:00,16024.8
2026-03-10 02:15:00,15571.0
2026-03-10 02:30:00,14976.9
2026-03-10 02:45:00,14887.2
2026-03-10 03:00:00,14870.2
2026-03-10 03:15:00,14549.8
2026-03-10 03:30:00,14393.4
2026-03-10 03:45:00,14136.3
2026-03-10 04:00:00,14214.4
2026-03-10 04:15:00,14298.0
2026-03-10 04:30:00,14433.8
2026-03-10 04:45:00,14253.6
2026-03-10 05:00:00,14007.8
2026-03-10 05:15:00,14086.1
2026-03-10 05:30:00,14237.6
2026-03-10 05:45:00,14154.6
2026-03-10 06:00:00,14375.8
2026-03-10 06:15:00,15254.7
2026-03-10 06:30:00,16109.4
2026-03-10 06:45:00,16930.4
2026-03-10 07:00:00,17724.3
2026-03-10 07:15:00,18542.5
2026-03-10 07:30:00,18504.6
2026-03-10 07:45:00,19545.2
2026-03-10 08:00:00,20207.7
2026-03-10 08:15:00,20680.5
2026-03-10 08:30:00,20522.6
2026-03-10 08:45:00,20918.7
2026-03-10 09:00:00,20804.4
2026-03-10 09:15:00,20685.8
2026-03-10 09:30:00,20651.3
2026-03-10 09:45:00,20396.6
2026-03-10 10:00:00,20412.9
2026-03-10 10:15:00,20526.4
2026-03-10 10:30:00,20807.5
2026-03-10 10:45:00,21500.6
2026-03-10 11:00:00,21355.3
2026-03-10 11:15:00,21834.0
2026-03-10 11:30:00,21750.4
2026-03-10 11:45:00,20926.2
2026-03-10 12:00:00,22963.3
2026-03-10 12:15:00,22651.6
2026-03-10 12:30:00,22072.8
2026-03-10 12:45:00,21781.7
2026-03-10 13:00:00,21801.4
2026-03-10 13:15:00,21451.9
2026-03-10 13:30:00,20920.3
2026-03-10 13:45:00,20098.2
2026-03-10 14:00:00,19387.2
2026-03-10 14:15:00,19136.7
2026-03-10 14:30:00,18991.9
2026-03-10 14:45:00,19014.2
2026-03-10 15:00:00,19120.3
2026-03-10 15:15:00,19104.6
2026-03-10 15:30:00,19404.7
2026-03-10 15:45:00,19358.8
2026-03-10 16:00:00,19598.2
2026-03-10 16:15:00,19899.4
2026-03-10 16:30:00,19883.8
2026-03-10 16:45:00,19628.1
2026-03-10 17:00:00,20545.8
2026-03-10 17:15:00,20686.3
2026-03-10 17:30:00,20322.6
2026-03-10 17:45:00,20520.2
2026-03-10 18:00:00,20954.6
2026-03-10 18:15:00,20989.1
2026-03-10 18:30:00,21289.4
2026-03-10 18:45:00,21452.7
2026-03-10 19:00:00,21409.0
2026-03-10 19:15:00,21427.5
2026-03-10 19:30:00,21475.3
2026-03-10 19:45:00,21486.7
2026-03-10 20:00:00,21387.7
2026-03-10 20:15:00,21786.0
2026-03-10 20:30:00,21850.7
2026-03-10 20:45:00,21342.2
2026-03-10 21:00:00,21447.3
2026-03-10 21:15:00,21698.2
2026-03-10 21:30:00,20994.7
2026-03-10 21:45:00,20553.3
2026-03-10 22:00:00,19803.4
2026-03-10 22:15:00,19226.2
2026-03-10 22:30:00,18251.5
2026-03-10 22:45:00,17411.7
2026-03-10 23:00:00,17143.1
2026-03-10 23:15:00,15904.9
2026-03-10 23:30:00,15205.4
2026-03-10 23:45:00,15174.8
2026-03-11 00:00:00,18046.0
2026-03-11 00:15:00,18005.8
2026-03-11 00:30:00,17194.4
2026-03-11 00:45:00,16207.1
2026-03-11 01:00:00,15933.5
2026-03-11 01:15:00,15181.0
2026-03-11 01:30:00,15298.5
2026-03-11 01:45:00,15495.9
2026-03-11 02:00:00,15129.6
2026-03-11 02:15:00,14769.4
2026-03-11 02:30:00,14077.0
2026-03-11 02:45:00,14131.8
2026-03-11 03:00:00,13993.1
2026-03-11 03:15:00,13551.0
2026-03-11 03:30:00,13544.0
2026-03-11 03:45:00,13202.4
2026-03-11 04:00:00,13196.0
2026-03-11 04:15:00,13170.2
2026-03-11 04:30:00,13210.7
2026-03-11 04:45:00,13222.8
2026-03-11 05:00:00,13406.8
2026-03-11 05:15:00,13555.4
2026-03-11 05:30:00,13518.2
2026-03-11 05:45:00,13834.2
2026-03-11 06:00:00,13772.5
2026-03-11 06:15:00,14682.2
2026-03-11 06:30:00,15710.0
2026-03-11 06:45:00,17219.3
2026-03-11 07:00:00,18021.7
2026-03-11 07:15:00,18333.5
2026-03-11 07:30:00,18347.4
2026-03-11 07:45:00,18599.0
2026-03-11 08:00:00,18981.1
2026-03-11 08:15:00,19293.2
2026-03-11 08:30:00,18975.1
2026-03-11 08:45:00,18652.8
2026-03-11 09:00:00,18167.7
2026-03-11 09:15:00,17982.1
2026-03-11 09:30:00,17928.7
2026-03-11 09:45:00,17849.8
2026-03-11 10:00:00,17435.3
2026-03-11 10:15:00,18812.1
2026-03-11 10:30:00,19797.8
2026-03-11 10:45:00,20209.6
2026-03-11 11:00:00,20621.8
2026-03-11 11:15:00,20350.2
2026-03-11 11:30:00,20015.3
2026-03-11 11:45:00,19485.3
2026-03-11 12:00:00,21242.3
2026-03-11 12:15:00,21012.9
2026-03-11 12:30:00,20304.1
2026-03-11 12:45:00,19891.7
2026-03-11 13:00:00,20024.6
2026-03-11 13:15:00,19777.5
2026-03-11 13:30:00,19383.8
2026-03-11 13:45:00,18347.3
2026-03-11 14:00:00,17903.7
2026-03-11 14:15:00,17673.1
2026-03-11 14:30:00,17439.0
2026-03-11 14:45:00,17509.5
2026-03-11 15:00:00,17642.4
2026-03-11 15:15:00,17834.8
2026-03-11 15:30:00,18325.7
2026-03-11 15:45:00,18362.8
2026-03-11 16:00:00,18090.2
2026-03-11 16:15:00,17922.2
2026-03-11 16:30:00,17667.5
2026-03-11 16:45:00,17814.5
2026-03-11 17:00:00,18905.5
2026-03-11 17:15:00,18577.2
2026-03-11 17:30:00,18541.5
2026-03-11 17:45:00,18386.5
2026-03-11 18:00:00,19129.4
2026-03-11 18:15:00,19185.9
2026-03-11 18:30:00,20325.8
2026-03-11 18:45:00,20584.0
2026-03-11 19:00:00,20985.7
2026-03-11 19:15:00,20570.7
2026-03-11 19:30:00,20608.5
2026-03-11 19:45:00,20415.9
2026-03-11 20:00:00,20111.3
2026-03-11 20:15:00,20410.7
2026-03-11 20:30:00,20522.3
2026-03-11 20:45:00,20297.9
2026-03-11 21:00:00,20288.7
2026-03-11 21:15:00,20234.4
2026-03-11 21:30:00,19916.3
2026-03-11 21:45:00,19732.4
2026-03-11 22:00:00,19611.5
2026-03-11 22:15:00,18437.4
2026-03-11 22:30:00,17852.8
2026-03-11 22:45:00,16998.4
2026-03-11 23:00:00,16518.5
2026-03-11 23:15:00,15679.0
2026-03-11 23:30:00,14680.7
2026-03-11 23:45:00,14537.4
2026-03-12 00:00:00,17841.3
2026-03-12 00:15:00,17790.8
2026-03-12 00:30:00,16932.1
2026-03-12 00:45:00,16175.6
2026-03-12 01:00:00,15507.0
2026-03-12 01:15:00,15089.2
2026-03-12 01:30:00,14964.5
2026-03-12 01:45:00,15879.3
2026-03-12 02:00:00,15877.1
2026-03-12 02:15:00,15462.4
2026-03-12 02:30:00,15277.6
2026-03-12 02:45:00,15190.9
2026-03-12 03:00:00,14770.1
2026-03-12 03:15:00,14486.7
2026-03-12 03:30:00,14626.8
2026-03-12 03:45:00,14304.4
2026-03-12 04:00:00,14377.3
2026-03-12 04:15:00,14265.9
2026-03-12 04:30:00,14325.9
2026-03-12 04:45:00,14268.2
2026-03-12 05:00:00,14492.6
2026-03-12 05:15:00,14759.7
2026-03-12 05:30:00,14948.3
2026-03-12 05:45:00,15073.9
2026-03-12 06:00:00,15339.1
2026-03-12 06:15:00,15142.3
2026-03-12 06:30:00,16248.7
2026-03-12 06:45:00,16682.9
2026-03-12 07:00:00,17278.9
2026-03-12 07:15:00,17743.1
2026-03-12 07:30:00,17511.1
2026-03-12 07:45:00,17976.4
2026-03-12 08:00:00,18178.6
2026-03-12 08:15:00,18464.4
2026-03-12 08:30:00,17539.6
2026-03-12 08:45:00,17614.1
2026-03-12 09:00:00,17584.6
2026-03-12 09:15:00,17401.1
2026-03-12 09:30:00,17149.9
2026-03-12 09:45:00,17923.9
2026-03-12 10:00:00,18091.6
2026-03-12 10:15:00,18645.9
2026-03-12 10:30:00,19734.8
2026-03-12 10:45:00,19796.3
2026-03-12 11:00:00,20237.5
2026-03-12 11:15:00,20075.2
2026-03-12 11:30:00,19574.5
2026-03-12 11:45:00,18886.2
2026-03-12 12:00:00,20795.5
2026-03-12 12:15:00,20345.7
2026-03-12 12:30:00,20109.6
2026-03-12 12:45:00,19676.9
2026-03-12 13:00:00,19854.0
2026-03-12 13:15:00,19539.4
2026-03-12 13:30:00,19346.2
2026-03-12 13:45:00,18267.3
2026-03-12 14:00:00,17783.9
2026-03-12 14:15:00,17413.4
2026-03-12 14:30:00,17064.5
2026-03-12 14:45:00,17112.0
2026-03-12 15:00:00,17316.0
2026-03-12 15:15:00,17892.2
2026-03-12 15:30:00,17951.1
2026-03-12 15:45:00,18146.2
2026-03-12 16:00:00,17471.1
2026-03-12 16:15:00,18422.5
2026-03-12 16:30:00,18592.1
2026-03-12 16:45:00,18963.6
2026-03-12 17:00:00,20214.3
2026-03-12 17:15:00,19800.1
2026-03-12 17:30:00,19629.2
2026-03-12 17:45:00,19976.9
2026-03-12 18:00:00,20477.7
2026-03-12 18:15:00,20717.6
2026-03-12 18:30:00,20557.6
2026-03-12 18:45:00,20718.8
2026-03-12 19:00:00,21156.6
2026-03-12 19:15:00,20809.2
2026-03-12 19:30:00,20583.3
2026-03-12 19:45:00,20210.0
2026-03-12 20:00:00,19987.2
2026-03-12 20:15:00,19661.0
2026-03-12 20:30:00,19682.4
2026-03-12 20:45:00,19222.2
2026-03-12 21:00:00,20026.1
2026-03-12 21:15:00,20311.5
2026-03-12 21:30:00,20429.2
2026-03-12 21:45:00,19918.4
2026-03-12 22:00:00,19392.8
2026-03-12 22:15:00,18967.9
2026-03-12 22:30:00,18533.9
2026-03-12 22:45:00,17836.3
2026-03-12 23:00:00,16923.2
2026-03-12 23:15:00,16401.2
2026-03-12 23:30:00,15939.4
2026-03-12 23:45:00,15514.6
2026-03-13 00:00:00,17580.6
2026-03-13 00:15:00,17315.6
2026-03-13 00:30:00,16917.7
2026-03-13 00:45:00,16179.7
2026-03-13 01:00:00,15208.1
2026-03-13 01:15:00,14930.8
2026-03-13 01:30:00,14854.9
2026-03-13 01:45:00,14449.6
2026-03-13 02:00:00,14348.5
2026-03-13 02:15:00,14056.2
2026-03-13 02:30:00,13803.3
2026-03-13 02:45:00,13467.4
2026-03-13 03:00:00,13391.0
2026-03-13 03:15:00,13091.3
2026-03-13 03:30:00,12952.8
2026-03-13 03:45:00,12907.3
2026-03-13 04:00:00,12755.9
2026-03-13 04:15:00,12882.3
2026-03-13 04:30:00,12873.1
2026-03-13 04:45:00,12884.1
2026-03-13 05:00:00,12772.7
2026-03-13 05:15:00,13203.8
2026-03-13 05:30:00,13446.6
2026-03-13 05:45:00,13296.0
2026-03-13 06:00:00,13627.0
2026-03-13 06:15:00,14287.5
2026-03-13 06:30:00,15482.8
2026-03-13 06:45:00,16623.4
2026-03-13 07:00:00,17080.4
2026-03-13 07:15:00,17540.8
2026-03-13 07:30:00,17204.1
2026-03-13 07:45:00,16950.6
2026-03-13 08:00:00,17263.5
2026-03-13 08:15:00,17509.7
2026-03-13 08:30:00,17179.0
2026-03-13 08:45:00,17763.8
2026-03-13 09:00:00,17358.2
2026-03-13 09:15:00,17789.8
2026-03-13 09:30:00,17528.2
2026-03-13 09:45:00,17842.7
2026-03-13 10:00:00,18031.0
2026-03-13 10:15:00,18613.9
2026-03-13 10:30:00,19547.6
2026-03-13 10:45:00,20280.5
2026-03-13 11:00:00,20492.8
2026-03-13 11:15:00,20501.7
2026-03-13 11:30:00,19778.3
2026-03-13 11:45:00,18910.5
2026-03-13 12:00:00,20774.1
2026-03-13 12:15:00,20364.4
2026-03-13 12:30:00,20032.9
2026-03-13 12:45:00,19581.1
2026-03-13 13:00:00,19474.7
2026-03-13 13:15:00,19244.4
2026-03-13 13:30:00,19064.6
2026-03-13 13:45:00,18133.3
2026-03-13 14:00:00,17474.9
2026-03-13 14:15:00,17309.0
2026-03-13 14:30:00,17429.8
2026-03-13 14:45:00,17522.2
2026-03-13 15:00:00,16522.4
2026-03-13 15:15:00,16832.8
2026-03-13 15:30:00,16745.5
2026-03-13 15:45:00,17868.6
2026-03-13 16:00:00,18016.7
2026-03-13 16:15:00,18251.5
2026-03-13 16:30:00,17950.5
2026-03-13 16:45:00,18262.0
2026-03-13 17:00:00,18030.5
2026-03-13 17:15:00,18009.4
2026-03-13 17:30:00,18153.0
2026-03-13 17:45:00,17869.9
2026-03-13 18:00:00,17946.5
2026-03-13 18:15:00,18263.9
2026-03-13 18:30:00,18583.8
2026-03-13 18:45:00,19233.0
2026-03-13 19:00:00,19317.7
2026-03-13 19:15:00,19064.0
2026-03-13 19:30:00,19135.6
2026-03-13 19:45:00,18933.8
2026-03-13 20:00:00,18711.4
2026-03-13 20:15:00,18864.1
2026-03-13 20:30:00,18573.3
2026-03-13 20:45:00,18393.9
2026-03-13 21:00:00,18270.6
2026-03-13 21:15:00,18690.9
2026-03-13 21:30:00,18379.0
2026-03-13 21:45:00,18372.2
2026-03-13 22:00:00,18381.4
2026-03-13 22:15:00,17776.2
2026-03-13 22:30:00,17461.5
2026-03-13 22:45:00,16926.1
2026-03-13 23:00:00,16544.2
2026-03-13 23:15:00,16318.7
2026-03-13 23:30:00,15606.7
2026-03-13 23:45:00,15368.0
2026-03-14 00:00:00,18224.2
2026-03-14 00:15:00,17802.1
2026-03-14 00:30:00,17444.9
2026-03-14 00:45:00,16666.3
2026-03-14 01:00:00,16028.0
2026-03-14 01:15:00,15912.4
2026-03-14 01:30:00,15485.2
2026-03-14 01:45:00,15155.4
2026-03-14 02:00:00,14815.4
2026-03-14 02:15:00,15234.0
2026-03-14 02:30:00,14647.5
2026-03-14 02:45:00,14543.0
2026-03-14 03:00:00,14526.6
2026-03-14 03:15:00,14680.2
2026-03-14 03:30:00,14469.8
2026-03-14 03:45:00,14532.6
2026-03-14 04:00:00,14202.4
2026-03-14 04:15:00,14269.9
2026-03-14 04:30:00,14247.0
2026-03-14 04:45:00,14077.8
2026-03-14 05:00:00,14343.0
2026-03-14 05:15:00,14052.1
2026-03-14 05:30:00,14216.7
2026-03-14 05:45:00,14015.2
2026-03-14 06:00:00,13981.3
2026-03-14 06:15:00,13887.4
2026-03-14 06:30:00,14200.1
2026-03-14 06:45:00,14886.1
2026-03-14 07:00:00,15221.5
2026-03-14 07:15:00,16047.9
2026-03-14 07:30:00,15931.9
2026-03-14 07:45:00,16322.0
2026-03-14 08:00:00,16659.2
2026-03-14 08:15:00,16614.1
2026-03-14 08:30:00,16950.3
2026-03-14 08:45:00,18501.1
2026-03-14 09:00:00,19371.6
2026-03-14 09:15:00,19690.3
2026-03-14 09:30:00,19312.2
2026-03-14 09:45:00,19274.3
2026-03-14 10:00:00,19159.9
2026-03-14 10:15:00,19586.9
2026-03-14 10:30:00,20436.6
2026-03-14 10:45:00,20836.2
2026-03-14 11:00:00,21199.8
2026-03-14 11:15:00,21132.7
2026-03-14 11:30:00,20726.9
2026-03-14 11:45:00,20239.5
2026-03-14 12:00:00,21678.9
2026-03-14 12:15:00,21456.3
2026-03-14 12:30:00,21417.1
2026-03-14 12:45:00,21039.7
2026-03-14 13:00:00,21146.1
2026-03-14 13:15:00,21040.1
2026-03-14 13:30:00,20997.4
2026-03-14 13:45:00,20514.6
2026-03-14 14:00:00,19792.3
2026-03-14 14:15:00,19764.9
2026-03-14 14:30:00,19475.4
2026-03-14 14:45:00,19415.9
2026-03-14 15:00:00,18983.6
2026-03-14 15:15:00,18600.4
2026-03-14 15:30:00,18641.2
2026-03-14 15:45:00,19290.2
2026-03-14 16:00:00,19275.8
2026-03-14 16:15:00,20300.4
2026-03-14 16:30:00,19061.6
2026-03-14 16:45:00,17407.1
2026-03-14 17:00:00,17720.7
2026-03-14 17:15:00,17469.3
2026-03-14 17:30:00,17860.8
2026-03-14 17:45:00,17209.7
2026-03-14 18:00:00,17313.8
2026-03-14 18:15:00,17395.1
2026-03-14 18:30:00,17639.7
2026-03-14 18:45:00,18438.2
2026-03-14 19:00:00,18843.8
2026-03-14 19:15:00,18937.2
2026-03-14 19:30:00,18752.0
2026-03-14 19:45:00,19129.2
2026-03-14 20:00:00,18941.6
2026-03-14 20:15:00,18696.6
2026-03-14 20:30:00,18984.9
2026-03-14 20:45:00,18258.8
2026-03-14 21:00:00,17701.4
2026-03-14 21:15:00,17807.7
2026-03-14 21:30:00,17632.1
2026-03-14 21:45:00,17512.0
2026-03-14 22:00:00,17319.5
2026-03-14 22:15:00,16846.9
2026-03-14 22:30:00,16296.2
2026-03-14 22:45:00,16073.8
2026-03-14 23:00:00,16331.0
2026-03-14 23:15:00,15561.1
2026-03-14 23:30:00,14502.5
2026-03-14 23:45:00,15004.8
2026-03-15 00:00:00,17547.5
2026-03-15 00:15:00,17361.6
2026-03-15 00:30:00,17118.0
2026-03-15 00:45:00,16229.7
2026-03-15 01:00:00,15756.8
2026-03-15 01:15:00,15582.4
2026-03-15 01:30:00,15157.4
2026-03-15 01:45:00,14776.8
2026-03-15 02:00:00,14657.1
2026-03-15 02:15:00,14442.1
2026-03-15 02:30:00,14093.2
2026-03-15 02:45:00,13913.0
2026-03-15 03:00:00,13818.3
2026-03-15 03:15:00,13418.2
2026-03-15 03:30:00,13283.9
2026-03-15 03:45:00,13227.8
2026-03-15 04:00:00,12906.7
2026-03-15 04:15:00,12946.8
2026-03-15 04:30:00,12921.6
2026-03-15 04:45:00,13098.0
2026-03-15 05:00:00,13164.5
2026-03-15 05:15:00,13143.8
2026-03-15 05:30:00,13198.0
2026-03-15 05:45:00,13015.1
2026-03-15 06:00:00,12860.1
2026-03-15 06:15:00,12972.1
2026-03-15 06:30:00,13173.2
2026-03-15 06:45:00,13457.4
2026-03-15 07:00:00,14156.6
2026-03-15 07:15:00,14942.9
2026-03-15 07:30:00,15605.5
2026-03-15 07:45:00,16120.8
2026-03-15 08:00:00,16929.9
2026-03-15 08:15:00,17372.9
2026-03-15 08:30:00,17362.7
2026-03-15 08:45:00,17576.8
2026-03-15 09:00:00,18091.6
2026-03-15 09:15:00,18416.5
2026-03-15 09:30:00,18614.9
2026-03-15 09:45:00,18768.2
2026-03-15 10:00:00,19083.9
2026-03-15 10:15:00,19166.7
2026-03-15 10:30:00,20192.3
2026-03-15 10:45:00,20210.7
2026-03-15 11:00:00,21783.3
2026-03-15 11:15:00,21771.8
2026-03-15 11:30:00,21266.3
2026-03-15 11:45:00,20092.2
2026-03-15 12:00:00,21312.1
2026-03-15 12:15:00,21680.9
2026-03-15 12:30:00,21414.9
2026-03-15 12:45:00,20698.1
2026-03-15 13:00:00,20341.7
2026-03-15 13:15:00,19668.6
2026-03-15 13:30:00,19570.9
2026-03-15 13:45:00,18826.8
2026-03-15 14:00:00,18197.3
2026-03-15 14:15:00,18021.4
2026-03-15 14:30:00,17614.6
2026-03-15 14:45:00,17717.1
2026-03-15 15:00:00,18024.1
2026-03-15 15:15:00,18374.6
2026-03-15 15:30:00,18517.0
2026-03-15 15:45:00,18446.7
2026-03-15 16:00:00,18538.8
2026-03-15 16:15:00,18871.6
2026-03-15 16:30:00,19424.9
2026-03-15 16:45:00,19446.5
2026-03-15 17:00:00,19904.4
2026-03-15 17:15:00,19880.4
2026-03-15 17:30:00,19619.3
2026-03-15 17:45:00,19442.2
2026-03-15 18:00:00,19062.0
2026-03-15 18:15:00,19262.6
2026-03-15 18:30:00,20166.4
2026-03-15 18:45:00,20480.8
2026-03-15 19:00:00,20920.1
2026-03-15 19:15:00,20936.5
2026-03-15 19:30:00,20731.6
2026-03-15 19:45:00,20304.7
2026-03-15 20:00:00,20545.4
2026-03-15 20:15:00,20191.9
2026-03-15 20:30:00,20496.0
2026-03-15 20:45:00,19275.6
2026-03-15 21:00:00,18548.7
2026-03-15 21:15:00,18607.7
2026-03-15 21:30:00,17963.1
2026-03-15 21:45:00,17804.8
2026-03-15 22:00:00,17644.4
2026-03-15 22:15:00,17361.9
2026-03-15 22:30:00,16804.0
2026-03-15 22:45:00,15919.6
2026-03-15 23:00:00,15535.2
2026-03-15 23:15:00,14915.2
2026-03-15 23:30:00,14250.8
2026-03-15 23:45:00,14538.9
2026-03-16 00:00:00,17300.3
2026-03-16 00:15:00,17571.3
2026-03-16 00:30:00,16943.8
2026-03-16 00:45:00,16417.0
2026-03-16 01:00:00,16039.5
2026-03-16 01:15:00,15429.0
2026-03-16 01:30:00,15308.4
2026-03-16 01:45:00,14959.2
2026-03-16 02:00:00,15034.7
2026-03-16 02:15:00,14874.4
2026-03-16 02:30:00,14799.6
2026-03-16 02:45:00,14556.5
2026-03-16 03:00:00,14216.0
2026-03-16 03:15:00,14124.6
2026-03-16 03:30:00,13678.8
2026-03-16 03:45:00,13744.1
2026-03-16 04:00:00,13660.3
2026-03-16 04:15:00,13650.1
2026-03-16 04:30:00,13705.9
2026-03-16 04:45:00,13673.2
2026-03-16 05:00:00,13909.9
2026-03-16 05:15:00,14076.8
2026-03-16 05:30:00,14298.6
2026-03-16 05:45:00,14037.8
2026-03-16 06:00:00,14219.0
2026-03-16 06:15:00,14890.1
2026-03-16 06:30:00,15780.3
2026-03-16 06:45:00,16503.1
2026-03-16 07:00:00,17245.7
2026-03-16 07:15:00,17910.4
2026-03-16 07:30:00,18497.1
2026-03-16 07:45:00,19154.8
2026-03-16 08:00:00,20197.3
2026-03-16 08:15:00,20801.0
2026-03-16 08:30:00,20877.0
2026-03-16 08:45:00,21334.5
2026-03-16 09:00:00,21558.1
2026-03-16 09:15:00,21490.7
2026-03-16 09:30:00,21728.5
2026-03-16 09:45:00,21761.0
2026-03-16 10:00:00,22174.9
2026-03-16 10:15:00,22322.2
2026-03-16 10:30:00,22742.0
2026-03-16 10:45:00,23253.3
2026-03-16 11:00:00,23220.9
2026-03-16 11:15:00,23393.7
2026-03-16 11:30:00,22820.2
2026-03-16 11:45:00,22226.2
2026-03-16 12:00:00,24288.3
2026-03-16 12:15:00,24098.2
2026-03-16 12:30:00,23810.8
2026-03-16 12:45:00,23287.0
2026-03-16 13:00:00,23250.7
2026-03-16 13:15:00,22880.3
2026-03-16 13:30:00,22442.8
2026-03-16 13:45:00,21597.5
2026-03-16 14:00:00,20535.8
2026-03-16 14:15:00,20418.8
2026-03-16 14:30:00,20206.4
2026-03-16 14:45:00,20201.0
2026-03-16 15:00:00,20384.8
2026-03-16 15:15:00,20433.6
2026-03-16 15:30:00,20439.0
2026-03-16 15:45:00,20409.4
2026-03-16 16:00:00,20786.6
2026-03-16 16:15:00,20921.1
2026-03-16 16:30:00,21226.8
2026-03-16 16:45:00,21250.9
2026-03-16 17:00:00,21578.3
2026-03-16 17:15:00,21114.4
2026-03-16 17:30:00,21021.9
2026-03-16 17:45:00,20947.2
2026-03-16 18:00:00,20807.6
2026-03-16 18:15:00,20994.8
2026-03-16 18:30:00,21347.5
2026-03-16 18:45:00,21747.8
2026-03-16 19:00:00,21952.4
2026-03-16 19:15:00,21909.0
2026-03-16 19:30:00,21779.8
2026-03-16 19:45:00,21437.5
2026-03-16 20:00:00,20953.4
2026-03-16 20:15:00,21158.6
2026-03-16 20:30:00,20824.1
2026-03-16 20:45:00,20303.9
2026-03-16 21:00:00,19913.7
2026-03-16 21:15:00,20028.8
2026-03-16 21:30:00,19884.2
2026-03-16 21:45:00,19191.5
2026-03-16 22:00:00,18900.0
2026-03-16 22:15:00,18219.1
2026-03-16 22:30:00,17556.7
2026-03-16 22:45:00,16982.2
2026-03-16 23:00:00,16384.8
2026-03-16 23:15:00,15534.6
2026-03-16 23:30:00,14762.9
2026-03-16 23:45:00,14725.2
2026-03-17 00:00:00,18321.6
2026-03-17 00:15:00,18472.7
2026-03-17 00:30:00,17537.4
2026-03-17 00:45:00,17122.3
2026-03-17 01:00:00,16845.6
2026-03-17 01:15:00,16640.6
2026-03-17 01:30:00,16373.5
2026-03-17 01:45:00,16237.3
2026-03-17 02:00:00,16522.1
2026-03-17 02:15:00,16439.6
2026-03-17 02:30:00,16246.2
2026-03-17 02:45:00,16028.0
2026-03-17 03:00:00,15927.8
2026-03-17 03:15:00,15727.2
2026-03-17 03:30:00,15597.0
2026-03-17 03:45:00,15294.2
2026-03-17 04:00:00,15467.7
2026-03-17 04:15:00,15280.6
2026-03-17 04:30:00,15351.3
2026-03-17 04:45:00,15346.0
2026-03-17 05:00:00,15700.3
2026-03-17 05:15:00,15658.0
2026-03-17 05:30:00,15676.4
2026-03-17 05:45:00,15893.3
2026-03-17 06:00:00,16080.9
2026-03-17 06:15:00,16571.5
2026-03-17 06:30:00,17592.4
2026-03-17 06:45:00,18259.7
2026-03-17 07:00:00,18382.4
2026-03-17 07:15:00,18708.4
2026-03-17 07:30:00,18816.9
2026-03-17 07:45:00,19208.3
2026-03-17 08:00:00,20258.2
2026-03-17 08:15:00,20550.2
2026-03-17 08:30:00,20944.4
2026-03-17 08:45:00,21169.8
2026-03-17 09:00:00,21069.4
2026-03-17 09:15:00,21151.7
2026-03-17 09:30:00,21197.2
2026-03-17 09:45:00,21439.2
2026-03-17 10:00:00,21378.7
2026-03-17 10:15:00,21678.5
2026-03-17 10:30:00,22166.4
2026-03-17 10:45:00,22755.8
2026-03-17 11:00:00,22829.0
2026-03-17 11:15:00,22647.5
2026-03-17 11:30:00,22366.2
2026-03-17 11:45:00,21583.9
2026-03-17 12:00:00,23583.0
2026-03-17 12:15:00,23256.6
2026-03-17 12:30:00,23055.8
2026-03-17 12:45:00,22679.4
2026-03-17 13:00:00,22600.2
2026-03-17 13:15:00,21935.7
2026-03-17 13:30:00,21785.2
2026-03-17 13:45:00,20350.2
2026-03-17 14:00:00,19923.7
2026-03-17 14:15:00,19529.8
2026-03-17 14:30:00,19224.2
2026-03-17 14:45:00,19041.9
2026-03-17 15:00:00,19110.0
2026-03-17 15:15:00,19443.1
2026-03-17 15:30:00,19569.9
2026-03-17 15:45:00,19781.8
2026-03-17 16:00:00,19563.1
2026-03-17 16:15:00,19877.4
2026-03-17 16:30:00,20248.4
2026-03-17 16:45:00,20104.8
2026-03-17 17:00:00,20462.5
2026-03-17 17:15:00,20438.5
2026-03-17 17:30:00,20140.1
2026-03-17 17:45:00,19880.1
2026-03-17 18:00:00,20188.4
2026-03-17 18:15:00,20402.5
2026-03-17 18:30:00,20767.8
2026-03-17 18:45:00,21195.0
2026-03-17 19:00:00,21105.4
2026-03-17 19:15:00,21436.7
2026-03-17 19:30:00,21295.3
2026-03-17 19:45:00,20871.1
2026-03-17 20:00:00,21093.3
2026-03-17 20:15:00,21208.5
2026-03-17 20:30:00,21085.9
2026-03-17 20:45:00,20972.8
2026-03-17 21:00:00,21184.8
2026-03-17 21:15:00,21154.8
2026-03-17 21:30:00,21017.6
2026-03-17 21:45:00,20674.5
2026-03-17 22:00:00,20166.8
2026-03-17 22:15:00,19540.8
2026-03-17 22:30:00,19090.8
2026-03-17 22:45:00,18215.9
2026-03-17 23:00:00,17770.5
2026-03-17 23:15:00,17241.5
2026-03-17 23:30:00,16611.2
2026-03-17 23:45:00,15928.2
2026-03-18 00:00:00,18275.5
2026-03-18 00:15:00,18627.4
2026-03-18 00:30:00,17758.5
2026-03-18 00:45:00,17293.1
2026-03-18 01:00:00,16704.4
2026-03-18 01:15:00,16516.5
2026-03-18 01:30:00,16111.4
2026-03-18 01:45:00,15995.9
2026-03-18 02:00:00,15789.2
2026-03-18 02:15:00,15957.4
2026-03-18 02:30:00,16167.8
2026-03-18 02:45:00,15967.5
2026-03-18 03:00:00,15841.9
2026-03-18 03:15:00,14744.9
2026-03-18 03:30:00,14939.7
2026-03-18 03:45:00,14643.9
2026-03-18 04:00:00,15061.8
2026-03-18 04:15:00,15373.7
2026-03-18 04:30:00,15191.1
2026-03-18 04:45:00,14994.9
2026-03-18 05:00:00,15158.8
2026-03-18 05:15:00,15231.2
2026-03-18 05:30:00,15646.4
2026-03-18 05:45:00,15908.4
2026-03-18 06:00:00,15999.1
2026-03-18 06:15:00,16458.4
2026-03-18 06:30:00,16960.6
2026-03-18 06:45:00,16908.0
2026-03-18 07:00:00,17698.4
2026-03-18 07:15:00,18397.9
2026-03-18 07:30:00,18807.2
2026-03-18 07:45:00,19675.6
2026-03-18 08:00:00,20729.8
2026-03-18 08:15:00,21392.4
2026-03-18 08:30:00,21632.9
2026-03-18 08:45:00,21946.9
2026-03-18 09:00:00,22242.6
2026-03-18 09:15:00,22178.6
2026-03-18 09:30:00,22210.9
2026-03-18 09:45:00,22274.3
2026-03-18 10:00:00,22308.6
2026-03-18 10:15:00,22687.8
2026-03-18 10:30:00,23130.4
2026-03-18 10:45:00,23482.5
2026-03-18 11:00:00,23696.4
2026-03-18 11:15:00,23440.1
2026-03-18 11:30:00,22043.1
2026-03-18 11:45:00,21597.5
2026-03-18 12:00:00,23783.7
2026-03-18 12:15:00,23698.7
2026-03-18 12:30:00,23303.6
2026-03-18 12:45:00,22824.3
2026-03-18 13:00:00,22932.3
2026-03-18 13:15:00,23053.1
2026-03-18 13:30:00,22350.7
2026-03-18 13:45:00,21395.4
2026-03-18 14:00:00,20791.3
2026-03-18 14:15:00,20571.2
2026-03-18 14:30:00,20831.5
2026-03-18 14:45:00,20498.6
2026-03-18 15:00:00,20578.7
2026-03-18 15:15:00,20958.6
2026-03-18 15:30:00,21244.4
2026-03-18 15:45:00,21127.8
2026-03-18 16:00:00,21335.0
2026-03-18 16:15:00,21538.2
2026-03-18 16:30:00,21609.9
2026-03-18 16:45:00,20973.0
2026-03-18 17:00:00,20990.4
2026-03-18 17:15:00,20725.2
2026-03-18 17:30:00,20611.8
2026-03-18 17:45:00,20320.6
2026-03-18 18:00:00,20544.0
2026-03-18 18:15:00,20521.1
2026-03-18 18:30:00,20804.6
2026-03-18 18:45:00,21268.8
2026-03-18 19:00:00,21298.1
2026-03-18 19:15:00,21315.2
2026-03-18 19:30:00,20981.4
2026-03-18 19:45:00,21199.9
2026-03-18 20:00:00,21034.9
2026-03-18 20:15:00,21151.8
2026-03-18 20:30:00,21127.6
2026-03-18 20:45:00,20669.6
2026-03-18 21:00:00,20500.3
2026-03-18 21:15:00,20421.5
2026-03-18 21:30:00,20137.7
2026-03-18 21:45:00,20134.5
2026-03-18 22:00:00,19640.0
2026-03-18 22:15:00,18818.8
2026-03-18 22:30:00,18163.7
2026-03-18 22:45:00,18139.5
2026-03-18 23:00:00,17387.6
2026-03-18 23:15:00,16638.9
2026-03-18 23:30:00,16039.6
2026-03-18 23:45:00,15457.4
2026-03-19 00:00:00,18684.5
2026-03-19 00:15:00,18230.0
2026-03-19 00:30:00,17904.2
2026-03-19 00:45:00,17377.2
2026-03-19 01:00:00,16547.5
2026-03-19 01:15:00,16387.7
2026-03-19 01:30:00,16107.4
2026-03-19 01:45:00,15824.8
2026-03-19 02:00:00,15357.6
2026-03-19 02:15:00,15734.2
2026-03-19 02:30:00,15534.8
2026-03-19 02:45:00,15131.8
2026-03-19 03:00:00,15112.2
2026-03-19 03:15:00,14922.5
2026-03-19 03:30:00,14640.2
2026-03-19 03:45:00,14693.2
2026-03-19 04:00:00,14479.1
2026-03-19 04:15:00,14442.7
2026-03-19 04:30:00,14480.0
2026-03-19 04:45:00,14361.6
2026-03-19 05:00:00,14790.1
2026-03-19 05:15:00,14792.8
2026-03-19 05:30:00,15005.1
2026-03-19 05:45:00,14910.1
2026-03-19 06:00:00,14880.0
2026-03-19 06:15:00,15584.7
2026-03-19 06:30:00,16617.9
2026-03-19 06:45:00,17381.9
2026-03-19 07:00:00,18057.4
2026-03-19 07:15:00,18652.5
2026-03-19 07:30:00,18775.8
2026-03-19 07:45:00,19702.2
2026-03-19 08:00:00,20229.6
2026-03-19 08:15:00,20889.1
2026-03-19 08:30:00,20677.5
2026-03-19 08:45:00,20919.9
2026-03-19 09:00:00,21058.5
2026-03-19 09:15:00,21255.2
2026-03-19 09:30:00,21215.1
2026-03-19 09:45:00,21641.2
2026-03-19 10:00:00,21671.7
2026-03-19 10:15:00,22147.5
2026-03-19 10:30:00,22535.8
2026-03-19 10:45:00,22849.7
2026-03-19 11:00:00,23218.5
2026-03-19 11:15:00,23211.8
2026-03-19 11:30:00,22775.4
2026-03-19 11:45:00,22136.4
2026-03-19 12:00:00,23345.8
2026-03-19 12:15:00,23894.4
2026-03-19 12:30:00,23397.1
2026-03-19 12:45:00,22908.0
2026-03-19 13:00:00,22923.2
2026-03-19 13:15:00,22460.9
2026-03-19 13:30:00,22117.8
2026-03-19 13:45:00,20870.2
2026-03-19 14:00:00,20105.6
2026-03-19 14:15:00,20122.5
2026-03-19 14:30:00,19943.5
2026-03-19 14:45:00,19926.3
2026-03-19 15:00:00,20309.0
2026-03-19 15:15:00,20525.3
2026-03-19 15:30:00,20603.0
2026-03-19 15:45:00,20300.9
2026-03-19 16:00:00,20569.7
2026-03-19 16:15:00,20913.6
2026-03-19 16:30:00,21038.3
2026-03-19 16:45:00,20925.4
2026-03-19 17:00:00,21122.5
2026-03-19 17:15:00,21084.5
2026-03-19 17:30:00,20899.6
2026-03-19 17:45:00,20681.4
2026-03-19 18:00:00,20505.6
2026-03-19 18:15:00,20819.3
2026-03-19 18:30:00,21338.6
2026-03-19 18:45:00,21394.4
2026-03-19 19:00:00,21161.6
2026-03-19 19:15:00,21353.0
2026-03-19 19:30:00,21252.3
2026-03-19 19:45:00,21362.3
2026-03-19 20:00:00,21034.1
2026-03-19 20:15:00,21290.1
2026-03-19 20:30:00,21228.5
2026-03-19 20:45:00,20911.9
2026-03-19 21:00:00,20546.2
2026-03-19 21:15:00,20736.5
2026-03-19 21:30:00,20377.9
2026-03-19 21:45:00,20152.6
2026-03-19 22:00:00,19663.3
2026-03-19 22:15:00,18922.4
2026-03-19 22:30:00,18158.9
2026-03-19 22:45:00,17558.2
2026-03-19 23:00:00,17647.6
2026-03-19 23:15:00,17091.8
2026-03-19 23:30:00,16121.8
2026-03-19 23:45:00,15657.3
2026-03-20 00:00:00,18866.0
2026-03-20 00:15:00,18637.5
2026-03-20 00:30:00,17945.8
2026-03-20 00:45:00,17195.8
2026-03-20 01:00:00,16674.4
2026-03-20 01:15:00,16251.4
2026-03-20 01:30:00,16020.5
2026-03-20 01:45:00,15826.1
2026-03-20 02:00:00,15726.0
2026-03-20 02:15:00,15243.8
2026-03-20 02:30:00,15086.4
2026-03-20 02:45:00,14969.7
2026-03-20 03:00:00,14553.8
2026-03-20 03:15:00,14529.2
2026-03-20 03:30:00,14223.2
2026-03-20 03:45:00,14361.9
2026-03-20 04:00:00,13928.2
2026-03-20 04:15:00,14003.1
2026-03-20 04:30:00,13896.4
2026-03-20 04:45:00,14149.0
2026-03-20 05:00:00,14099.3
2026-03-20 05:15:00,14258.0
2026-03-20 05:30:00,14772.1
2026-03-20 05:45:00,15299.8
2026-03-20 06:00:00,15498.1
2026-03-20 06:15:00,15995.0
2026-03-20 06:30:00,17268.1
2026-03-20 06:45:00,17323.3
2026-03-20 07:00:00,18173.1
2026-03-20 07:15:00,18768.6
2026-03-20 07:30:00,19179.0
2026-03-20 07:45:00,19860.0
2026-03-20 08:00:00,20586.3
2026-03-20 08:15:00,21325.9
2026-03-20 08:30:00,21742.8
2026-03-20 08:45:00,21788.7
2026-03-20 09:00:00,22191.7
2026-03-20 09:15:00,22368.7
2026-03-20 09:30:00,22481.3
2026-03-20 09:45:00,22701.4
2026-03-20 10:00:00,22742.7
2026-03-20 10:15:00,22688.7
2026-03-20 10:30:00,22870.2
2026-03-20 10:45:00,23000.5
2026-03-20 11:00:00,23588.0
2026-03-20 11:15:00,23103.9
2026-03-20 11:30:00,22577.5
2026-03-20 11:45:00,21854.9
2026-03-20 12:00:00,23412.4
2026-03-20 12:15:00,23263.5
2026-03-20 12:30:00,23203.1
2026-03-20 12:45:00,22685.1
2026-03-20 13:00:00,22392.8
2026-03-20 13:15:00,22476.3
2026-03-20 13:30:00,21701.9
2026-03-20 13:45:00,20896.1
2026-03-20 14:00:00,19820.6
2026-03-20 14:15:00,19958.2
2026-03-20 14:30:00,19714.1
2026-03-20 14:45:00,19599.7
2026-03-20 15:00:00,19821.0
2026-03-20 15:15:00,19783.7
2026-03-20 15:30:00,19812.0
2026-03-20 15:45:00,19591.2
2026-03-20 16:00:00,19510.3
2026-03-20 16:15:00,19931.4
2026-03-20 16:30:00,20449.2
2026-03-20 16:45:00,20629.6
2026-03-20 17:00:00,21035.0
2026-03-20 17:15:00,20852.8
2026-03-20 17:30:00,20766.7
2026-03-20 17:45:00,20496.3
2026-03-20 18:00:00,20396.7
2026-03-20 18:15:00,20588.5
2026-03-20 18:30:00,21056.4
2026-03-20 18:45:00,21226.4
2026-03-20 19:00:00,21265.8
2026-03-20 19:15:00,21206.2
2026-03-20 19:30:00,21357.0
2026-03-20 19:45:00,21217.7
2026-03-20 20:00:00,21088.0
2026-03-20 20:15:00,20883.5
2026-03-20 20:30:00,20814.2
2026-03-20 20:45:00,20782.8
2026-03-20 21:00:00,20224.4
2026-03-20 21:15:00,20348.5
2026-03-20 21:30:00,20306.3
2026-03-20 21:45:00,20363.8
2026-03-20 22:00:00,19956.1
2026-03-20 22:15:00,19364.4
2026-03-20 22:30:00,18716.9
2026-03-20 22:45:00,18616.6
2026-03-20 23:00:00,18148.1
2026-03-20 23:15:00,17421.8
2026-03-20 23:30:00,16747.8
2026-03-20 23:45:00,16704.6
2026-03-21 00:00:00,20297.0
2026-03-21 00:15:00,20262.9
2026-03-21 00:30:00,19466.5
2026-03-21 00:45:00,18803.9
2026-03-21 01:00:00,18244.8
2026-03-21 01:15:00,17543.5
2026-03-21 01:30:00,17284.5
2026-03-21 01:45:00,16923.7
2026-03-21 02:00:00,16752.9
2026-03-21 02:15:00,16449.0
2026-03-21 02:30:00,16183.6
2026-03-21 02:45:00,15815.0
2026-03-21 03:00:00,15655.8
2026-03-21 03:15:00,15274.8
2026-03-21 03:30:00,15119.5
2026-03-21 03:45:00,15086.4
2026-03-21 04:00:00,14867.0
2026-03-21 04:15:00,14940.6
2026-03-21 04:30:00,14906.2
2026-03-21 04:45:00,14931.0
2026-03-21 05:00:00,14740.4
2026-03-21 05:15:00,14747.8
2026-03-21 05:30:00,14832.6
2026-03-21 05:45:00,14566.3
2026-03-21 06:00:00,14670.3
2026-03-21 06:15:00,14647.6
2026-03-21 06:30:00,15013.5
2026-03-21 06:45:00,15768.8
2026-03-21 07:00:00,16095.2
2026-03-21 07:15:00,17064.0
2026-03-21 07:30:00,17433.5
2026-03-21 07:45:00,17902.0
2026-03-21 08:00:00,18868.4
2026-03-21 08:15:00,19515.9
2026-03-21 08:30:00,19805.7
2026-03-21 08:45:00,20030.3
2026-03-21 09:00:00,20251.3
2026-03-21 09:15:00,20365.4
2026-03-21 09:30:00,20477.1
2026-03-21 09:45:00,20625.1
2026-03-21 10:00:00,20605.5
2026-03-21 10:15:00,21217.9
2026-03-21 10:30:00,21947.1
2026-03-21 10:45:00,22845.2
2026-03-21 11:00:00,22777.6
2026-03-21 11:15:00,22587.5
2026-03-21 11:30:00,22142.7
2026-03-21 11:45:00,21408.1
2026-03-21 12:00:00,23261.9
2026-03-21 12:15:00,23464.9
2026-03-21 12:30:00,22945.0
2026-03-21 12:45:00,22429.5
2026-03-21 13:00:00,22206.8
2026-03-21 13:15:00,21923.5
2026-03-21 13:30:00,21795.5
2026-03-21 13:45:00,20894.6
2026-03-21 14:00:00,20132.7
2026-03-21 14:15:00,19732.2
2026-03-21 14:30:00,19874.9
2026-03-21 14:45:00,19723.5
2026-03-21 15:00:00,20301.6
2026-03-21 15:15:00,20462.7
2026-03-21 15:30:00,20438.0
2026-03-21 15:45:00,20708.2
2026-03-21 16:00:00,20952.1
2026-03-21 16:15:00,20549.0
2026-03-21 16:30:00,20954.5
2026-03-21 16:45:00,21273.8
2026-03-21 17:00:00,21826.2
2026-03-21 17:15:00,21359.4
2026-03-21 17:30:00,21572.9
2026-03-21 17:45:00,21074.4
2026-03-21 18:00:00,21054.2
2026-03-21 18:15:00,20842.2
2026-03-21 18:30:00,21082.9
2026-03-21 18:45:00,21524.5
2026-03-21 19:00:00,21623.8
2026-03-21 19:15:00,21536.5
2026-03-21 19:30:00,21378.5
2026-03-21 19:45:00,21049.0
2026-03-21 20:00:00,20878.7
2026-03-21 20:15:00,20989.0
2026-03-21 20:30:00,20578.5
2026-03-21 20:45:00,20330.7
2026-03-21 21:00:00,20123.0
2026-03-21 21:15:00,20070.5
2026-03-21 21:30:00,20488.0
2026-03-21 21:45:00,20364.1
2026-03-21 22:00:00,20139.2
2026-03-21 22:15:00,19512.4
2026-03-21 22:30:00,18749.0
2026-03-21 22:45:00,18344.2
2026-03-21 23:00:00,17681.4
2026-03-21 23:15:00,17209.2
2026-03-21 23:30:00,16657.8
2026-03-21 23:45:00,16476.7
2026-03-22 00:00:00,19831.7
2026-03-22 00:15:00,19871.3
2026-03-22 00:30:00,19077.5
2026-03-22 00:45:00,18385.8
2026-03-22 01:00:00,17836.0
2026-03-22 01:15:00,17472.7
2026-03-22 01:30:00,17082.7
2026-03-22 01:45:00,16416.1
2026-03-22 02:00:00,16101.2
2026-03-22 02:15:00,16221.6
2026-03-22 02:30:00,16041.5
2026-03-22 02:45:00,16022.3
2026-03-22 03:00:00,16051.0
2026-03-22 03:15:00,16019.2
2026-03-22 03:30:00,15911.1
2026-03-22 03:45:00,16072.9
2026-03-22 04:00:00,15875.2
2026-03-22 04:15:00,15747.9
2026-03-22 04:30:00,15508.6
2026-03-22 04:45:00,15901.4
2026-03-22 05:00:00,15673.4
2026-03-22 05:15:00,15714.3
2026-03-22 05:30:00,15402.7
2026-03-22 05:45:00,15635.4
2026-03-22 06:00:00,15673.2
2026-03-22 06:15:00,15586.2
2026-03-22 06:30:00,16022.0
2026-03-22 06:45:00,16407.9
2026-03-22 07:00:00,16607.5
2026-03-22 07:15:00,16852.9
2026-03-22 07:30:00,17195.8
2026-03-22 07:45:00,17653.9
2026-03-22 08:00:00,18029.4
2026-03-22 08:15:00,18837.3
2026-03-22 08:30:00,19245.6
2026-03-22 08:45:00,20024.4
2026-03-22 09:00:00,20334.2
2026-03-22 09:15:00,20301.8
2026-03-22 09:30:00,20823.6
2026-03-22 09:45:00,20582.6
2026-03-22 10:00:00,21166.3
2026-03-22 10:15:00,21306.8
2026-03-22 10:30:00,21689.5
2026-03-22 10:45:00,22059.3
2026-03-22 11:00:00,22157.7
2026-03-22 11:15:00,22015.8
2026-03-22 11:30:00,21778.5
2026-03-22 11:45:00,21313.7
2026-03-22 12:00:00,22597.2
2026-03-22 12:15:00,22426.5
2026-03-22 12:30:00,22214.0
2026-03-22 12:45:00,21431.8
2026-03-22 13:00:00,21246.1
2026-03-22 13:15:00,20780.2
2026-03-22 13:30:00,20983.6
2026-03-22 13:45:00,20324.7
2026-03-22 14:00:00,19740.1
2026-03-22 14:15:00,19510.4
2026-03-22 14:30:00,19732.9
2026-03-22 14:45:00,19452.8
2026-03-22 15:00:00,19793.3
2026-03-22 15:15:00,20006.1
2026-03-22 15:30:00,20146.7
2026-03-22 15:45:00,20468.2
2026-03-22 16:00:00,20234.9
2026-03-22 16:15:00,20498.4
2026-03-22 16:30:00,20614.1
2026-03-22 16:45:00,20804.5
2026-03-22 17:00:00,21131.3
2026-03-22 17:15:00,21086.8
2026-03-22 17:30:00,20923.1
2026-03-22 17:45:00,20569.4
2026-03-22 18:00:00,20268.4
2026-03-22 18:15:00,20142.5
2026-03-22 18:30:00,20422.9
2026-03-22 18:45:00,21054.4
2026-03-22 19:00:00,21212.3
2026-03-22 19:15:00,21440.4
2026-03-22 19:30:00,21016.7
2026-03-22 19:45:00,20756.4
2026-03-22 20:00:00,20897.8
2026-03-22 20:15:00,20964.6
2026-03-22 20:30:00,20898.6
2026-03-22 20:45:00,20451.2
2026-03-22 21:00:00,20441.2
2026-03-22 21:15:00,20104.6
2026-03-22 21:30:00,19747.4
2026-03-22 21:45:00,19210.0
2026-03-22 22:00:00,19101.0
2026-03-22 22:15:00,18549.1
2026-03-22 22:30:00,18031.3
2026-03-22 22:45:00,18120.2
2026-03-22 23:00:00,17748.8
2026-03-22 23:15:00,17015.5
2026-03-22 23:30:00,16704.8
2026-03-22 23:45:00,16834.5
2026-03-23 00:00:00,19029.8
2026-03-23 00:15:00,18898.7
2026-03-23 00:30:00,18346.1
2026-03-23 00:45:00,17389.8
2026-03-23 01:00:00,16897.8
2026-03-23 01:15:00,16747.0
2026-03-23 01:30:00,16723.2
2026-03-23 01:45:00,16274.7
2026-03-23 02:00:00,15903.3
2026-03-23 02:15:00,16048.4
2026-03-23 02:30:00,16058.3
2026-03-23 02:45:00,15928.2
2026-03-23 03:00:00,15684.9
2026-03-23 03:15:00,15793.4
2026-03-23 03:30:00,15581.0
2026-03-23 03:45:00,15575.2
2026-03-23 04:00:00,16041.4
2026-03-23 04:15:00,15821.7
2026-03-23 04:30:00,15904.2
2026-03-23 04:45:00,15572.7
2026-03-23 05:00:00,15920.2
2026-03-23 05:15:00,15700.8
2026-03-23 05:30:00,15952.8
2026-03-23 05:45:00,15983.5
2026-03-23 06:00:00,16010.8
2026-03-23 06:15:00,16638.1
2026-03-23 06:30:00,17373.1
2026-03-23 06:45:00,17797.4
2026-03-23 07:00:00,18450.8
2026-03-23 07:15:00,18271.7
2026-03-23 07:30:00,18730.1
2026-03-23 07:45:00,19319.7
2026-03-23 08:00:00,19953.9
2026-03-23 08:15:00,20171.1
2026-03-23 08:30:00,20556.7
2026-03-23 08:45:00,21058.3
2026-03-23 09:00:00,21483.7
2026-03-23 09:15:00,21421.0
2026-03-23 09:30:00,21859.3
2026-03-23 09:45:00,21854.2
2026-03-23 10:00:00,22143.2
2026-03-23 10:15:00,22165.4
2026-03-23 10:30:00,22831.4
2026-03-23 10:45:00,23106.0
2026-03-23 11:00:00,23291.4
2026-03-23 11:15:00,23099.9
2026-03-23 11:30:00,22854.6
2026-03-23 11:45:00,22766.3
2026-03-23 12:00:00,24444.8
2026-03-23 12:15:00,23888.5
2026-03-23 12:30:00,23706.5
2026-03-23 12:45:00,23399.0
2026-03-23 13:00:00,23144.5
2026-03-23 13:15:00,22702.3
2026-03-23 13:30:00,22243.8
2026-03-23 13:45:00,21750.3
2026-03-23 14:00:00,21344.8
2026-03-23 14:15:00,21206.6
2026-03-23 14:30:00,21251.3
2026-03-23 14:45:00,20894.9
2026-03-23 15:00:00,21237.2
2026-03-23 15:15:00,21333.0
2026-03-23 15:30:00,21600.9
2026-03-23 15:45:00,21521.9
2026-03-23 16:00:00,21036.6
2026-03-23 16:15:00,21359.0
2026-03-23 16:30:00,21688.8
2026-03-23 16:45:00,21588.9
2026-03-23 17:00:00,21733.1
2026-03-23 17:15:00,21493.0
2026-03-23 17:30:00,21357.3
2026-03-23 17:45:00,21195.6
2026-03-23 18:00:00,21148.5
2026-03-23 18:15:00,21085.6
2026-03-23 18:30:00,21649.4
2026-03-23 18:45:00,21610.2
2026-03-23 19:00:00,21777.2
2026-03-23 19:15:00,21700.4
2026-03-23 19:30:00,21335.9
2026-03-23 19:45:00,21057.8
2026-03-23 20:00:00,20771.9
2026-03-23 20:15:00,20724.4
2026-03-23 20:30:00,20770.4
2026-03-23 20:45:00,20486.1
2026-03-23 21:00:00,20417.5
2026-03-23 21:15:00,20155.4
2026-03-23 21:30:00,19805.3
2026-03-23 21:45:00,19356.5
2026-03-23 22:00:00,19223.8
2026-03-23 22:15:00,18809.7
2026-03-23 22:30:00,18275.9
2026-03-23 22:45:00,18212.6
2026-03-23 23:00:00,17967.9
2026-03-23 23:15:00,17369.8
2026-03-23 23:30:00,16892.5
2026-03-23 23:45:00,16358.3
2026-03-24 00:00:00,19281.7
2026-03-24 00:15:00,18995.7
2026-03-24 00:30:00,18587.4
2026-03-24 00:45:00,17979.4
2026-03-24 01:00:00,17424.8
2026-03-24 01:15:00,16876.0
2026-03-24 01:30:00,16755.0
2026-03-24 01:45:00,16590.7
2026-03-24 02:00:00,16073.9
2026-03-24 02:15:00,15793.5
2026-03-24 02:30:00,15716.2
2026-03-24 02:45:00,15563.0
2026-03-24 03:00:00,15370.3
2026-03-24 03:15:00,15317.2
2026-03-24 03:30:00,14812.5
2026-03-24 03:45:00,14685.0
2026-03-24 04:00:00,14837.8
2026-03-24 04:15:00,14579.8
2026-03-24 04:30:00,14908.6
2026-03-24 04:45:00,14879.3
2026-03-24 05:00:00,14836.2
2026-03-24 05:15:00,14824.8
2026-03-24 05:30:00,14948.3
2026-03-24 05:45:00,14910.2
2026-03-24 06:00:00,15388.6
2026-03-24 06:15:00,15543.2
2026-03-24 06:30:00,16165.6
2026-03-24 06:45:00,16921.4
2026-03-24 07:00:00,17469.3
2026-03-24 07:15:00,18016.3
2026-03-24 07:30:00,18344.5
2026-03-24 07:45:00,18879.7
2026-03-24 08:00:00,19448.4
2026-03-24 08:15:00,20158.5
2026-03-24 08:30:00,20626.3
2026-03-24 08:45:00,20851.6
2026-03-24 09:00:00,20965.1
2026-03-24 09:15:00,21283.1
2026-03-24 09:30:00,21324.1
2026-03-24 09:45:00,21437.5
2026-03-24 10:00:00,21444.2
2026-03-24 10:15:00,21749.1
2026-03-24 10:30:00,22080.8
2026-03-24 10:45:00,22566.8
2026-03-24 11:00:00,22794.4
2026-03-24 11:15:00,22667.3
2026-03-24 11:30:00,22229.0
2026-03-24 11:45:00,21677.5
2026-03-24 12:00:00,23609.2
2026-03-24 12:15:00,23917.2
2026-03-24 12:30:00,23469.2
2026-03-24 12:45:00,23193.7
2026-03-24 13:00:00,23195.7
2026-03-24 13:15:00,22456.2
2026-03-24 13:30:00,22169.1
2026-03-24 13:45:00,21191.5
2026-03-24 14:00:00,21089.0
2026-03-24 14:15:00,20650.1
2026-03-24 14:30:00,20593.1
2026-03-24 14:45:00,20447.5
2026-03-24 15:00:00,20736.8
2026-03-24 15:15:00,20666.6
2026-03-24 15:30:00,20411.4
2026-03-24 15:45:00,20321.4
2026-03-24 16:00:00,20365.0
2026-03-24 16:15:00,20778.4
2026-03-24 16:30:00,20876.2
2026-03-24 16:45:00,21115.7
2026-03-24 17:00:00,21324.9
2026-03-24 17:15:00,21162.7
2026-03-24 17:30:00,21044.7
2026-03-24 17:45:00,20647.6
2026-03-24 18:00:00,20995.4
2026-03-24 18:15:00,20773.2
2026-03-24 18:30:00,20954.2
2026-03-24 18:45:00,21368.3
2026-03-24 19:00:00,21460.9
2026-03-24 19:15:00,21408.7
2026-03-24 19:30:00,20871.5
2026-03-24 19:45:00,20500.6
2026-03-24 20:00:00,20556.2
2026-03-24 20:15:00,20605.7
2026-03-24 20:30:00,20765.3
2026-03-24 20:45:00,20724.6
2026-03-24 21:00:00,20734.6
2026-03-24 21:15:00,20650.6
2026-03-24 21:30:00,21185.7
2026-03-24 21:45:00,20599.6
2026-03-24 22:00:00,20008.3
2026-03-24 22:15:00,19422.3
2026-03-24 22:30:00,18360.9
2026-03-24 22:45:00,18287.5
2026-03-24 23:00:00,17617.2
2026-03-24 23:15:00,16998.2
2026-03-24 23:30:00,16374.4
2026-03-24 23:45:00,17081.0
2026-03-25 00:00:00,19197.0
2026-03-25 00:15:00,19135.8
2026-03-25 00:30:00,18216.4
2026-03-25 00:45:00,17834.4
2026-03-25 01:00:00,18167.1
2026-03-25 01:15:00,17850.5
2026-03-25 01:30:00,17519.8
2026-03-25 01:45:00,17319.6
2026-03-25 02:00:00,16857.3
2026-03-25 02:15:00,16892.7
2026-03-25 02:30:00,16486.3
2026-03-25 02:45:00,16225.8
2026-03-25 03:00:00,16219.3
2026-03-25 03:15:00,16029.9
2026-03-25 03:30:00,15642.5
2026-03-25 03:45:00,15719.3
2026-03-25 04:00:00,15553.9
2026-03-25 04:15:00,15360.7
2026-03-25 04:30:00,15532.1
2026-03-25 04:45:00,15416.1
2026-03-25 05:00:00,15624.0
2026-03-25 05:15:00,15666.1
2026-03-25 05:30:00,15745.6
2026-03-25 05:45:00,15910.8
2026-03-25 06:00:00,16358.9
2026-03-25 06:15:00,16860.3
2026-03-25 06:30:00,16768.3
2026-03-25 06:45:00,17469.8
2026-03-25 07:00:00,17621.1
2026-03-25 07:15:00,18027.1
2026-03-25 07:30:00,17964.1
2026-03-25 07:45:00,18357.5
2026-03-25 08:00:00,18938.8
2026-03-25 08:15:00,19496.3
2026-03-25 08:30:00,19415.8
2026-03-25 08:45:00,19844.6
2026-03-25 09:00:00,19887.8
2026-03-25 09:15:00,19968.5
2026-03-25 09:30:00,19668.9
2026-03-25 09:45:00,19665.0
2026-03-25 10:00:00,19993.3
2026-03-25 10:15:00,20202.6
2026-03-25 10:30:00,21139.2
2026-03-25 10:45:00,21266.8
2026-03-25 11:00:00,21642.6
2026-03-25 11:15:00,21592.9
2026-03-25 11:30:00,21198.0
2026-03-25 11:45:00,20477.9
2026-03-25 12:00:00,22387.5
2026-03-25 12:15:00,22230.2
2026-03-25 12:30:00,21749.8
2026-03-25 12:45:00,21471.9
2026-03-25 13:00:00,21354.0
2026-03-25 13:15:00,20837.9
2026-03-25 13:30:00,20387.7
2026-03-25 13:45:00,19569.0
2026-03-25 14:00:00,19155.2
2026-03-25 14:15:00,19132.0
2026-03-25 14:30:00,19081.8
2026-03-25 14:45:00,19164.6
2026-03-25 15:00:00,19273.1
2026-03-25 15:15:00,19437.5
2026-03-25 15:30:00,19736.0
2026-03-25 15:45:00,20329.1
2026-03-25 16:00:00,20549.5
2026-03-25 16:15:00,20523.3
2026-03-25 16:30:00,20320.0
2026-03-25 16:45:00,20274.7
2026-03-25 17:00:00,20977.5
2026-03-25 17:15:00,20866.4
2026-03-25 17:30:00,20596.8
2026-03-25 17:45:00,20735.1
2026-03-25 18:00:00,20374.6
2026-03-25 18:15:00,20520.1
2026-03-25 18:30:00,20725.9
2026-03-25 18:45:00,20751.0
2026-03-25 19:00:00,20824.9
2026-03-25 19:15:00,20838.3
2026-03-25 19:30:00,20743.0
2026-03-25 19:45:00,20611.2
2026-03-25 20:00:00,20616.1
2026-03-25 20:15:00,20762.1
2026-03-25 20:30:00,20714.7
2026-03-25 20:45:00,20663.0
2026-03-25 21:00:00,21099.2
2026-03-25 21:15:00,20969.1
2026-03-25 21:30:00,20560.7
2026-03-25 21:45:00,20467.8
2026-03-25 22:00:00,19846.9
2026-03-25 22:15:00,19639.3
2026-03-25 22:30:00,19008.7
2026-03-25 22:45:00,18171.9
2026-03-25 23:00:00,17430.9
2026-03-25 23:15:00,17475.5
2026-03-25 23:30:00,17034.7
2026-03-25 23:45:00,17107.3
2026-03-26 00:00:00,20083.8
2026-03-26 00:15:00,20044.0
2026-03-26 00:30:00,20679.9
2026-03-26 00:45:00,19942.2
2026-03-26 01:00:00,19098.2
2026-03-26 01:15:00,18597.5
2026-03-26 01:30:00,18169.4
2026-03-26 01:45:00,18132.1
2026-03-26 02:00:00,17729.1
2026-03-26 02:15:00,17708.6
2026-03-26 02:30:00,17417.3
2026-03-26 02:45:00,16972.1
2026-03-26 03:00:00,16896.0
2026-03-26 03:15:00,16702.6
2026-03-26 03:30:00,16519.9
2026-03-26 03:45:00,16569.3
2026-03-26 04:00:00,16310.6
2026-03-26 04:15:00,16160.3
2026-03-26 04:30:00,16161.6
2026-03-26 04:45:00,16330.6
2026-03-26 05:00:00,16351.3
2026-03-26 05:15:00,16367.5
2026-03-26 05:30:00,16410.3
2026-03-26 05:45:00,16482.1
2026-03-26 06:00:00,16659.8
2026-03-26 06:15:00,17029.2
2026-03-26 06:30:00,18043.7
2026-03-26 06:45:00,18553.3
2026-03-26 07:00:00,19389.3
2026-03-26 07:15:00,19772.8
2026-03-26 07:30:00,19799.0
2026-03-26 07:45:00,20689.2
2026-03-26 08:00:00,21267.1
2026-03-26 08:15:00,21813.1
2026-03-26 08:30:00,21993.1
2026-03-26 08:45:00,22289.3
2026-03-26 09:00:00,22427.2
2026-03-26 09:15:00,22460.7
2026-03-26 09:30:00,22610.1
2026-03-26 09:45:00,22674.3
2026-03-26 10:00:00,23112.7
2026-03-26 10:15:00,23289.5
2026-03-26 10:30:00,23749.6
2026-03-26 10:45:00,23623.7
2026-03-26 11:00:00,23854.7
2026-03-26 11:15:00,24070.5
2026-03-26 11:30:00,23117.8
2026-03-26 11:45:00,22454.0
2026-03-26 12:00:00,23328.3
2026-03-26 12:15:00,22974.8
2026-03-26 12:30:00,22687.5
2026-03-26 12:45:00,22200.7
2026-03-26 13:00:00,22316.6
2026-03-26 13:15:00,21824.8
2026-03-26 13:30:00,21672.8
2026-03-26 13:45:00,21355.5
2026-03-26 14:00:00,20723.4
2026-03-26 14:15:00,20762.8
2026-03-26 14:30:00,20710.0
2026-03-26 14:45:00,20516.9
2026-03-26 15:00:00,20536.7
2026-03-26 15:15:00,19729.6
2026-03-26 15:30:00,20012.1
2026-03-26 15:45:00,19519.6
2026-03-26 16:00:00,19516.6
2026-03-26 16:15:00,19693.1
2026-03-26 16:30:00,20226.1
2026-03-26 16:45:00,20106.2
2026-03-26 17:00:00,20750.9
2026-03-26 17:15:00,20492.0
2026-03-26 17:30:00,20332.1
2026-03-26 17:45:00,20371.1
2026-03-26 18:00:00,20248.1
2026-03-26 18:15:00,20449.3
2026-03-26 18:30:00,20767.2
2026-03-26 18:45:00,20929.8
2026-03-26 19:00:00,21257.9
2026-03-26 19:15:00,21225.2
2026-03-26 19:30:00,21009.0
2026-03-26 19:45:00,20954.0
2026-03-26 20:00:00,20764.6
2026-03-26 20:15:00,20997.4
2026-03-26 20:30:00,20939.4
2026-03-26 20:45:00,20844.9
2026-03-26 21:00:00,20770.7
2026-03-26 21:15:00,20606.7
2026-03-26 21:30:00,20363.8
2026-03-26 21:45:00,19709.3
2026-03-26 22:00:00,19384.3
2026-03-26 22:15:00,18868.1
2026-03-26 22:30:00,18010.0
2026-03-26 22:45:00,17290.8
2026-03-26 23:00:00,16950.7
2026-03-26 23:15:00,16843.6
2026-03-26 23:30:00,16869.7
2026-03-26 23:45:00,16671.9
2026-03-27 00:00:00,19034.1
2026-03-27 00:15:00,18777.3
2026-03-27 00:30:00,18320.1
2026-03-27 00:45:00,17650.0
2026-03-27 01:00:00,17784.7
2026-03-27 01:15:00,17723.5
2026-03-27 01:30:00,17598.9
2026-03-27 01:45:00,17040.6
2026-03-27 02:00:00,17124.5
2026-03-27 02:15:00,17334.3
2026-03-27 02:30:00,17265.6
2026-03-27 02:45:00,17122.0
2026-03-27 03:00:00,17256.4
2026-03-27 03:15:00,16861.7
2026-03-27 03:30:00,16761.9
2026-03-27 03:45:00,16604.7
2026-03-27 04:00:00,16471.0
2026-03-27 04:15:00,16357.1
2026-03-27 04:30:00,16358.4
2026-03-27 04:45:00,16348.7
2026-03-27 05:00:00,16367.2
2026-03-27 05:15:00,16604.3
2026-03-27 05:30:00,16702.1
2026-03-27 05:45:00,16671.1
2026-03-27 06:00:00,16829.2
2026-03-27 06:15:00,17784.4
2026-03-27 06:30:00,17806.0
2026-03-27 06:45:00,18434.8
2026-03-27 07:00:00,18788.6
2026-03-27 07:15:00,18930.1
2026-03-27 07:30:00,18630.5
2026-03-27 07:45:00,18840.2
2026-03-27 08:00:00,18988.6
2026-03-27 08:15:00,19048.2
2026-03-27 08:30:00,19342.8
2026-03-27 08:45:00,19414.1
2026-03-27 09:00:00,19744.0
2026-03-27 09:15:00,19996.2
2026-03-27 09:30:00,20136.1
2026-03-27 09:45:00,20371.4
2026-03-27 10:00:00,20252.2
2026-03-27 10:15:00,20715.6
2026-03-27 10:30:00,20909.1
2026-03-27 10:45:00,21839.9
2026-03-27 11:00:00,21897.7
2026-03-27 11:15:00,21879.2
2026-03-27 11:30:00,21055.9
2026-03-27 11:45:00,20233.5
2026-03-27 12:00:00,22233.8
2026-03-27 12:15:00,21988.1
2026-03-27 12:30:00,21892.1
2026-03-27 12:45:00,21310.7
2026-03-27 13:00:00,21467.5
2026-03-27 13:15:00,21124.6
2026-03-27 13:30:00,20869.1
2026-03-27 13:45:00,19872.6
2026-03-27 14:00:00,19122.2
2026-03-27 14:15:00,18651.4
2026-03-27 14:30:00,18827.0
2026-03-27 14:45:00,18911.5
2026-03-27 15:00:00,18826.3
2026-03-27 15:15:00,18901.3
2026-03-27 15:30:00,19142.9
2026-03-27 15:45:00,18993.9
2026-03-27 16:00:00,19551.6
2026-03-27 16:15:00,20396.0
2026-03-27 16:30:00,20005.6
2026-03-27 16:45:00,20285.0
2026-03-27 17:00:00,20284.3
2026-03-27 17:15:00,19793.9
2026-03-27 17:30:00,19848.9
2026-03-27 17:45:00,19748.7
2026-03-27 18:00:00,19659.2
2026-03-27 18:15:00,19946.3
2026-03-27 18:30:00,20394.2
2026-03-27 18:45:00,20491.9
2026-03-27 19:00:00,20111.8
2026-03-27 19:15:00,20513.1
2026-03-27 19:30:00,20081.0
2026-03-27 19:45:00,19893.8
2026-03-27 20:00:00,19634.5
2026-03-27 20:15:00,19786.5
2026-03-27 20:30:00,19525.7
2026-03-27 20:45:00,19339.4
2026-03-27 21:00:00,19105.8
2026-03-27 21:15:00,19301.0
2026-03-27 21:30:00,19165.1
2026-03-27 21:45:00,18843.9
2026-03-27 22:00:00,18639.1
2026-03-27 22:15:00,18741.5
2026-03-27 22:30:00,18136.6
2026-03-27 22:45:00,17688.7
2026-03-27 23:00:00,17397.2
2026-03-27 23:15:00,17265.8
2026-03-27 23:30:00,17161.8
2026-03-27 23:45:00,16855.6
2026-03-28 00:00:00,19458.5
2026-03-28 00:15:00,19239.3
2026-03-28 00:30:00,19119.0
2026-03-28 00:45:00,18407.2
2026-03-28 01:00:00,18136.3
2026-03-28 01:15:00,18704.1
2026-03-28 01:30:00,18436.5
2026-03-28 01:45:00,18248.4
2026-03-28 02:00:00,17957.6
2026-03-28 02:15:00,17750.1
2026-03-28 02:30:00,17479.5
2026-03-28 02:45:00,17314.3
2026-03-28 03:00:00,17035.0
2026-03-28 03:15:00,16666.8
2026-03-28 03:30:00,16545.5
2026-03-28 03:45:00,16216.8
2026-03-28 04:00:00,15897.2
2026-03-28 04:15:00,16134.9
2026-03-28 04:30:00,16268.1
2026-03-28 04:45:00,16362.4
2026-03-28 05:00:00,16310.4
2026-03-28 05:15:00,16273.7
2026-03-28 05:30:00,16185.6
2026-03-28 05:45:00,16159.5
2026-03-28 06:00:00,15854.0
2026-03-28 06:15:00,16091.2
2026-03-28 06:30:00,16267.2
2026-03-28 06:45:00,17038.3
2026-03-28 07:00:00,17181.5
2026-03-28 07:15:00,18109.2
2026-03-28 07:30:00,18544.7
2026-03-28 07:45:00,19078.0
2026-03-28 08:00:00,19030.4
2026-03-28 08:15:00,19588.3
2026-03-28 08:30:00,20046.6
2026-03-28 08:45:00,19964.1
2026-03-28 09:00:00,20218.5
2026-03-28 09:15:00,20503.2
2026-03-28 09:30:00,20542.4
2026-03-28 09:45:00,20090.8
2026-03-28 10:00:00,20022.0
2026-03-28 10:15:00,20237.5
2026-03-28 10:30:00,20756.1
2026-03-28 10:45:00,21150.6
2026-03-28 11:00:00,21435.7
2026-03-28 11:15:00,21252.8
2026-03-28 11:30:00,20901.6
2026-03-28 11:45:00,20234.9
2026-03-28 12:00:00,21769.5
2026-03-28 12:15:00,21625.5
2026-03-28 12:30:00,21545.1
2026-03-28 12:45:00,20868.5
2026-03-28 13:00:00,20503.5
2026-03-28 13:15:00,20264.3
2026-03-28 13:30:00,20056.3
2026-03-28 13:45:00,19017.2
2026-03-28 14:00:00,18420.0
2026-03-28 14:15:00,18056.7
2026-03-28 14:30:00,17898.3
2026-03-28 14:45:00,18241.7
2026-03-28 15:00:00,18134.5
2026-03-28 15:15:00,18176.5
2026-03-28 15:30:00,18244.3
2026-03-28 15:45:00,18359.8
2026-03-28 16:00:00,18512.2
2026-03-28 16:15:00,18891.2
2026-03-28 16:30:00,18405.0
2026-03-28 16:45:00,18545.4
2026-03-28 17:00:00,19206.4
2026-03-28 17:15:00,18964.6
2026-03-28 17:30:00,18701.9
2026-03-28 17:45:00,18539.8
2026-03-28 18:00:00,18222.5
2026-03-28 18:15:00,18294.1
2026-03-28 18:30:00,18543.9
2026-03-28 18:45:00,19419.4
2026-03-28 19:00:00,19954.1
2026-03-28 19:15:00,19775.2
2026-03-28 19:30:00,19661.3
2026-03-28 19:45:00,19511.1
2026-03-28 20:00:00,19220.2
2026-03-28 20:15:00,19430.5
2026-03-28 20:30:00,19348.1
2026-03-28 20:45:00,18869.3
2026-03-28 21:00:00,18703.4
2026-03-28 21:15:00,18824.3
2026-03-28 21:30:00,18822.8
2026-03-28 21:45:00,18611.6
2026-03-28 22:00:00,18333.4
2026-03-28 22:15:00,17879.9
2026-03-28 22:30:00,17346.5
2026-03-28 22:45:00,16662.1
2026-03-28 23:00:00,16445.2
2026-03-28 23:15:00,15995.9
2026-03-28 23:30:00,15699.3
2026-03-28 23:45:00,15913.9
2026-03-29 00:00:00,19138.3
2026-03-29 00:15:00,18803.5
2026-03-29 00:30:00,18431.9
2026-03-29 00:45:00,17560.8
2026-03-29 01:00:00,17497.2
2026-03-29 01:15:00,17204.1
2026-03-29 01:30:00,17006.2
2026-03-29 01:45:00,16637.2
2026-03-29 02:00:00,16122.7
2026-03-29 02:15:00,15958.1
2026-03-29 02:30:00,15907.0
2026-03-29 02:45:00,15421.5
2026-03-29 03:00:00,15180.7
2026-03-29 03:15:00,15175.6
2026-03-29 03:30:00,14915.0
2026-03-29 03:45:00,15120.0
2026-03-29 04:00:00,15097.2
2026-03-29 04:15:00,15088.4
2026-03-29 04:30:00,15204.6
2026-03-29 04:45:00,15260.2
2026-03-29 05:00:00,15152.9
2026-03-29 05:15:00,15024.6
2026-03-29 05:30:00,14912.0
2026-03-29 05:45:00,14799.5
2026-03-29 06:00:00,14698.8
2026-03-29 06:15:00,15199.4
2026-03-29 06:30:00,15605.2
2026-03-29 06:45:00,16212.7
2026-03-29 07:00:00,16357.1
2026-03-29 07:15:00,16601.1
2026-03-29 07:30:00,16857.5
2026-03-29 07:45:00,16786.4
2026-03-29 08:00:00,17227.3
2026-03-29 08:15:00,17729.7
2026-03-29 08:30:00,18162.9
2026-03-29 08:45:00,18572.3
2026-03-29 09:00:00,18980.1
2026-03-29 09:15:00,19403.4
2026-03-29 09:30:00,19533.2
2026-03-29 09:45:00,19594.0
2026-03-29 10:00:00,19835.6
2026-03-29 10:15:00,19926.3
2026-03-29 10:30:00,20611.7
2026-03-29 10:45:00,21011.4
2026-03-29 11:00:00,21366.8
2026-03-29 11:15:00,21342.0
2026-03-29 11:30:00,20803.9
2026-03-29 11:45:00,20340.4
2026-03-29 12:00:00,21846.1
2026-03-29 12:15:00,22009.8
2026-03-29 12:30:00,21807.1
2026-03-29 12:45:00,21338.9
2026-03-29 13:00:00,21336.8
2026-03-29 13:15:00,21140.6
2026-03-29 13:30:00,21194.8
2026-03-29 13:45:00,20296.1
2026-03-29 14:00:00,20276.4
2026-03-29 14:15:00,19644.4
2026-03-29 14:30:00,19452.3
2026-03-29 14:45:00,19788.6
2026-03-29 15:00:00,20508.1
2026-03-29 15:15:00,20820.0
2026-03-29 15:30:00,21188.7
2026-03-29 15:45:00,21299.0
2026-03-29 16:00:00,21925.3
2026-03-29 16:15:00,22423.2
2026-03-29 16:30:00,22401.5
2026-03-29 16:45:00,22290.7
2026-03-29 17:00:00,22992.6
2026-03-29 17:15:00,22552.2
2026-03-29 17:30:00,22268.7
2026-03-29 17:45:00,21662.5
2026-03-29 18:00:00,21748.0
2026-03-29 18:15:00,22031.6
2026-03-29 18:30:00,21951.3
2026-03-29 18:45:00,22080.5
2026-03-29 19:00:00,22078.4
2026-03-29 19:15:00,22145.8
2026-03-29 19:30:00,22282.3
2026-03-29 19:45:00,22194.9
2026-03-29 20:00:00,22354.5
2026-03-29 20:15:00,22146.7
2026-03-29 20:30:00,21922.7
2026-03-29 20:45:00,21644.2
2026-03-29 21:00:00,21170.0
2026-03-29 21:15:00,20641.5
2026-03-29 21:30:00,20173.8
2026-03-29 21:45:00,19874.1
2026-03-29 22:00:00,19626.7
2026-03-29 22:15:00,19068.4
2026-03-29 22:30:00,18356.1
2026-03-29 22:45:00,17569.9
2026-03-29 23:00:00,16949.7
2026-03-29 23:15:00,16494.4
2026-03-29 23:30:00,15983.8
2026-03-29 23:45:00,15984.2
2026-03-30 00:00:00,19931.9
2026-03-30 00:15:00,20022.6
2026-03-30 00:30:00,19347.7
2026-03-30 00:45:00,18803.3
2026-03-30 01:00:00,18769.9
2026-03-30 01:15:00,18158.8
2026-03-30 01:30:00,17891.3
2026-03-30 01:45:00,17657.9
2026-03-30 02:00:00,17200.5
2026-03-30 02:15:00,16869.1
2026-03-30 02:30:00,16504.6
2026-03-30 02:45:00,16247.8
2026-03-30 03:00:00,16200.0
2026-03-30 03:15:00,16053.7
2026-03-30 03:30:00,15704.0
2026-03-30 03:45:00,15638.7
2026-03-30 04:00:00,15679.9
2026-03-30 04:15:00,15315.5
2026-03-30 04:30:00,15358.5
2026-03-30 04:45:00,15282.8
2026-03-30 05:00:00,15708.7
2026-03-30 05:15:00,15731.9
2026-03-30 05:30:00,15810.0
2026-03-30 05:45:00,15448.0
2026-03-30 06:00:00,15259.5
2026-03-30 06:15:00,15590.9
2026-03-30 06:30:00,16674.6
2026-03-30 06:45:00,17368.4
2026-03-30 07:00:00,18140.7
2026-03-30 07:15:00,18405.9
2026-03-30 07:30:00,18486.7
2026-03-30 07:45:00,19207.9
2026-03-30 08:00:00,20127.0
2026-03-30 08:15:00,20808.0
2026-03-30 08:30:00,20741.0
2026-03-30 08:45:00,20535.7
2026-03-30 09:00:00,20663.6
2026-03-30 09:15:00,19944.7
2026-03-30 09:30:00,20163.5
2026-03-30 09:45:00,20162.9
2026-03-30 10:00:00,20790.8
2026-03-30 10:15:00,20867.9
2026-03-30 10:30:00,21276.2
2026-03-30 10:45:00,21799.1
2026-03-30 11:00:00,22084.8
2026-03-30 11:15:00,21994.4
2026-03-30 11:30:00,21240.0
2026-03-30 11:45:00,20771.5
2026-03-30 12:00:00,22049.2
2026-03-30 12:15:00,22368.2
2026-03-30 12:30:00,22286.2
2026-03-30 12:45:00,21819.2
2026-03-30 13:00:00,21578.1
2026-03-30 13:15:00,21503.9
2026-03-30 13:30:00,20833.9
2026-03-30 13:45:00,19819.1
2026-03-30 14:00:00,19226.6
2026-03-30 14:15:00,18781.6
2026-03-30 14:30:00,18717.4
2026-03-30 14:45:00,18496.9
2026-03-30 15:00:00,18752.6
2026-03-30 15:15:00,18918.2
2026-03-30 15:30:00,19142.8
2026-03-30 15:45:00,19730.5
2026-03-30 16:00:00,20484.9
2026-03-30 16:15:00,21376.2
2026-03-30 16:30:00,21421.5
2026-03-30 16:45:00,20993.1
2026-03-30 17:00:00,21446.6
2026-03-30 17:15:00,21667.8
2026-03-30 17:30:00,21249.0
2026-03-30 17:45:00,21199.5
2026-03-30 18:00:00,21004.2
2026-03-30 18:15:00,21242.5
2026-03-30 18:30:00,21484.1
2026-03-30 18:45:00,21217.4
2026-03-30 19:00:00,21127.8
2026-03-30 19:15:00,21200.9
2026-03-30 19:30:00,21035.1
2026-03-30 19:45:00,20983.4
2026-03-30 20:00:00,21087.9
2026-03-30 20:15:00,21153.7
2026-03-30 20:30:00,21311.9
2026-03-30 20:45:00,20702.0
2026-03-30 21:00:00,21266.4
2026-03-30 21:15:00,21204.9
2026-03-30 21:30:00,20979.0
2026-03-30 21:45:00,20540.6
2026-03-30 22:00:00,20143.4
2026-03-30 22:15:00,19351.2
2026-03-30 22:30:00,18856.4
2026-03-30 22:45:00,18245.0
2026-03-30 23:00:00,17795.1
2026-03-30 23:15:00,17151.3
2026-03-30 23:30:00,16725.6
2026-03-30 23:45:00,16703.9
2026-03-31 00:00:00,20816.2
2026-03-31 00:15:00,21067.5
2026-03-31 00:30:00,20792.2
2026-03-31 00:45:00,20151.7
2026-03-31 01:00:00,20101.8
2026-03-31 01:15:00,19598.7
2026-03-31 01:30:00,19587.4
2026-03-31 01:45:00,19196.1
2026-03-31 02:00:00,18915.9
2026-03-31 02:15:00,18386.8
2026-03-31 02:30:00,18265.2
2026-03-31 02:45:00,17920.6
2026-03-31 03:00:00,17671.8
2026-03-31 03:15:00,17631.4
2026-03-31 03:30:00,17588.9
2026-03-31 03:45:00,17320.1
2026-03-31 04:00:00,17058.6
2026-03-31 04:15:00,16994.8
2026-03-31 04:30:00,16896.6
2026-03-31 04:45:00,17032.1
2026-03-31 05:00:00,17056.8
2026-03-31 05:15:00,17304.0
2026-03-31 05:30:00,17279.0
2026-03-31 05:45:00,17275.1
2026-03-31 06:00:00,17258.4
2026-03-31 06:15:00,17732.4
2026-03-31 06:30:00,18504.6
2026-03-31 06:45:00,19290.8
2026-03-31 07:00:00,20222.4
2026-03-31 07:15:00,20485.6
2026-03-31 07:30:00,20815.4
2026-03-31 07:45:00,21404.9
2026-03-31 08:00:00,22288.9
2026-03-31 08:15:00,22417.7
2026-03-31 08:30:00,22145.7
2026-03-31 08:45:00,22342.8
2026-03-31 09:00:00,22331.1
2026-03-31 09:15:00,22129.8
2026-03-31 09:30:00,22547.8
2026-03-31 09:45:00,22550.4
2026-03-31 10:00:00,22516.3
2026-03-31 10:15:00,22638.1
2026-03-31 10:30:00,23070.1
2026-03-31 10:45:00,23346.6
2026-03-31 11:00:00,23631.4
2026-03-31 11:15:00,23694.5
2026-03-31 11:30:00,23148.8
2026-03-31 11:45:00,21649.2
2026-03-31 12:00:00,24197.7
2026-03-31 12:15:00,23738.5
2026-03-31 12:30:00,23644.8
2026-03-31 12:45:00,22799.4
2026-03-31 13:00:00,22677.4
2026-03-31 13:15:00,21993.1
2026-03-31 13:30:00,21634.2
2026-03-31 13:45:00,20341.4
2026-03-31 14:00:00,19678.7
2026-03-31 14:15:00,19512.3
2026-03-31 14:30:00,19437.2
2026-03-31 14:45:00,19082.9
2026-03-31 15:00:00,19109.2
2026-03-31 15:15:00,19152.5
2026-03-31 15:30:00,19772.7
2026-03-31 15:45:00,20187.1
2026-03-31 16:00:00,21332.8
2026-03-31 16:15:00,21482.9
2026-03-31 16:30:00,21253.9
2026-03-31 16:45:00,21422.9
2026-03-31 17:00:00,21147.7
2026-03-31 17:15:00,21231.0
2026-03-31 17:30:00,21185.8
2026-03-31 17:45:00,21389.1
2026-03-31 18:00:00,20787.3
2026-03-31 18:15:00,22132.3
2026-03-31 18:30:00,22333.2
2026-03-31 18:45:00,22666.4
2026-03-31 19:00:00,22592.3
2026-03-31 19:15:00,22689.9
2026-03-31 19:30:00,22209.5
2026-03-31 19:45:00,21870.6
2026-03-31 20:00:00,21400.1
2026-03-31 20:15:00,21580.2
2026-03-31 20:30:00,21405.0
2026-03-31 20:45:00,21088.4
2026-03-31 21:00:00,20480.3
2026-03-31 21:15:00,20757.3
2026-03-31 21:30:00,20771.9
2026-03-31 21:45:00,20936.1
2026-03-31 22:00:00,20306.7
2026-03-31 22:15:00,19688.4
2026-03-31 22:30:00,19218.6
2026-03-31 22:45:00,18935.7
2026-03-31 23:00:00,18614.0
2026-03-31 23:15:00,17669.0
2026-03-31 23:30:00,16576.1
2026-03-31 23:45:00,16362.6
2026-04-01 00:00:00,18182.8
2026-04-01 00:15:00,18289.6
2026-04-01 00:30:00,18357.4
2026-04-01 00:45:00,17706.4
2026-04-01 01:00:00,17022.0
2026-04-01 01:15:00,16787.4
2026-04-01 01:30:00,16549.0
2026-04-01 01:45:00,16451.8
2026-04-01 02:00:00,16253.8
2026-04-01 02:15:00,16120.6
2026-04-01 02:30:00,16017.4
2026-04-01 02:45:00,15909.4
2026-04-01 03:00:00,15641.9
2026-04-01 03:15:00,15425.7
2026-04-01 03:30:00,15253.5
2026-04-01 03:45:00,15166.4
2026-04-01 04:00:00,15005.4
2026-04-01 04:15:00,14908.4
2026-04-01 04:30:00,14863.5
2026-04-01 04:45:00,14951.0
2026-04-01 05:00:00,15033.6
2026-04-01 05:15:00,15222.4
2026-04-01 05:30:00,15300.5
2026-04-01 05:45:00,15662.5
2026-04-01 06:00:00,15525.6
2026-04-01 06:15:00,16254.6
2026-04-01 06:30:00,16811.5
2026-04-01 06:45:00,17061.2
2026-04-01 07:00:00,17178.2
2026-04-01 07:15:00,17267.3
2026-04-01 07:30:00,17283.6
2026-04-01 07:45:00,17330.0
2026-04-01 08:00:00,17919.5
2026-04-01 08:15:00,18031.2
2026-04-01 08:30:00,18128.8
2026-04-01 08:45:00,18314.7
2026-04-01 09:00:00,18858.8
2026-04-01 09:15:00,19139.2
2026-04-01 09:30:00,19657.6
2026-04-01 09:45:00,20152.6
2026-04-01 10:00:00,20653.9
2026-04-01 10:15:00,21495.1
2026-04-01 10:30:00,22082.3
2026-04-01 10:45:00,22384.7
2026-04-01 11:00:00,23031.8
2026-04-01 11:15:00,23045.0
2026-04-01 11:30:00,22485.5
2026-04-01 11:45:00,21633.9
2026-04-01 12:00:00,23453.1
2026-04-01 12:15:00,23335.3
2026-04-01 12:30:00,22980.0
2026-04-01 12:45:00,22564.7
2026-04-01 13:00:00,22615.8
2026-04-01 13:15:00,22266.8
2026-04-01 13:30:00,22166.3
2026-04-01 13:45:00,21064.9
2026-04-01 14:00:00,20771.4
2026-04-01 14:15:00,20374.8
2026-04-01 14:30:00,20321.3
2026-04-01 14:45:00,19912.6
2026-04-01 15:00:00,20116.5
2026-04-01 15:15:00,19994.8
2026-04-01 15:30:00,19768.5
2026-04-01 15:45:00,19318.3
2026-04-01 16:00:00,18691.6
2026-04-01 16:15:00,19230.4
2026-04-01 16:30:00,18908.9
2026-04-01 16:45:00,18680.3
2026-04-01 17:00:00,18916.2
2026-04-01 17:15:00,18960.8
2026-04-01 17:30:00,18868.5
2026-04-01 17:45:00,18903.7
2026-04-01 18:00:00,19087.3
2026-04-01 18:15:00,19348.4
2026-04-01 18:30:00,19715.1
2026-04-01 18:45:00,20035.5
2026-04-01 19:00:00,20263.0
2026-04-01 19:15:00,20335.3
2026-04-01 19:30:00,20172.5
2026-04-01 19:45:00,20311.2
2026-04-01 20:00:00,20130.1
2026-04-01 20:15:00,20027.0
2026-04-01 20:30:00,19796.1
2026-04-01 20:45:00,19955.5
2026-04-01 21:00:00,19696.8
2026-04-01 21:15:00,19956.9
2026-04-01 21:30:00,19637.3
2026-04-01 21:45:00,19382.7
2026-04-01 22:00:00,18164.9
2026-04-01 22:15:00,17751.9
2026-04-01 22:30:00,17023.1
2026-04-01 22:45:00,16502.7
2026-04-01 23:00:00,16712.8
2026-04-01 23:15:00,16580.0
2026-04-01 23:30:00,16421.8
2026-04-01 23:45:00,16417.5
2026-04-02 00:00:00,19373.5
2026-04-02 00:15:00,19050.7
2026-04-02 00:30:00,19103.5
2026-04-02 00:45:00,18854.2
2026-04-02 01:00:00,18382.1
2026-04-02 01:15:00,17840.3
2026-04-02 01:30:00,17494.9
2026-04-02 01:45:00,17275.8
2026-04-02 02:00:00,17660.0
2026-04-02 02:15:00,17344.7
2026-04-02 02:30:00,17060.3
2026-04-02 02:45:00,17047.3
2026-04-02 03:00:00,16792.0
2026-04-02 03:15:00,16660.6
2026-04-02 03:30:00,16600.0
2026-04-02 03:45:00,16300.9
2026-04-02 04:00:00,16344.9
2026-04-02 04:15:00,16135.0
2026-04-02 04:30:00,16354.3
2026-04-02 04:45:00,16471.7
2026-04-02 05:00:00,16317.5
2026-04-02 05:15:00,16231.0
2026-04-02 05:30:00,16528.9
2026-04-02 05:45:00,16589.7
2026-04-02 06:00:00,16716.0
2026-04-02 06:15:00,17470.0
2026-04-02 06:30:00,18051.1
2026-04-02 06:45:00,18457.8
2026-04-02 07:00:00,19095.6
2026-04-02 07:15:00,19463.1
2026-04-02 07:30:00,19701.9
2026-04-02 07:45:00,20049.1
2026-04-02 08:00:00,20547.1
2026-04-02 08:15:00,20960.9
2026-04-02 08:30:00,21372.6
2026-04-02 08:45:00,21037.5
2026-04-02 09:00:00,20743.3
2026-04-02 09:15:00,21468.9
2026-04-02 09:30:00,21522.3
2026-04-02 09:45:00,21771.9
2026-04-02 10:00:00,22212.4
2026-04-02 10:15:00,21865.2
2026-04-02 10:30:00,22033.0
2026-04-02 10:45:00,22159.7
2026-04-02 11:00:00,21997.2
2026-04-02 11:15:00,21552.7
2026-04-02 11:30:00,21800.3
2026-04-02 11:45:00,21608.6
2026-04-02 12:00:00,22796.0
2026-04-02 12:15:00,22758.7
2026-04-02 12:30:00,22466.1
2026-04-02 12:45:00,22353.5
2026-04-02 13:00:00,22603.3
2026-04-02 13:15:00,22216.4
2026-04-02 13:30:00,22696.8
2026-04-02 13:45:00,22262.9
2026-04-02 14:00:00,21762.4
2026-04-02 14:15:00,21342.6
2026-04-02 14:30:00,21039.3
2026-04-02 14:45:00,21102.4
2026-04-02 15:00:00,21081.8
2026-04-02 15:15:00,21320.7
2026-04-02 15:30:00,21208.2
2026-04-02 15:45:00,21082.2
2026-04-02 16:00:00,20922.3
2026-04-02 16:15:00,20830.9
2026-04-02 16:30:00,21289.3
2026-04-02 16:45:00,21331.4
2026-04-02 17:00:00,21502.6
2026-04-02 17:15:00,21469.0
2026-04-02 17:30:00,21170.4
2026-04-02 17:45:00,21188.2
2026-04-02 18:00:00,21493.5
2026-04-02 18:15:00,21022.9
2026-04-02 18:30:00,21445.8
2026-04-02 18:45:00,21869.5
2026-04-02 19:00:00,22225.2
2026-04-02 19:15:00,22653.9
2026-04-02 19:30:00,22371.2
2026-04-02 19:45:00,22315.7
2026-04-02 20:00:00,22267.6
2026-04-02 20:15:00,21985.6
2026-04-02 20:30:00,21965.8
2026-04-02 20:45:00,21694.6
2026-04-02 21:00:00,21422.2
2026-04-02 21:15:00,21132.1
2026-04-02 21:30:00,20745.5
2026-04-02 21:45:00,20167.9
2026-04-02 22:00:00,19713.1
2026-04-02 22:15:00,18953.7
2026-04-02 22:30:00,18202.4
2026-04-02 22:45:00,17740.6
2026-04-02 23:00:00,17107.4
2026-04-02 23:15:00,16827.2
2026-04-02 23:30:00,16131.9
2026-04-02 23:45:00,16019.7
2026-04-03 00:00:00,17673.6
2026-04-03 00:15:00,17585.8
2026-04-03 00:30:00,17329.4
2026-04-03 00:45:00,16601.4
2026-04-03 01:00:00,15999.3
2026-04-03 01:15:00,15761.8
2026-04-03 01:30:00,15308.0
2026-04-03 01:45:00,15827.7
2026-04-03 02:00:00,15577.3
2026-04-03 02:15:00,15400.6
2026-04-03 02:30:00,15216.9
2026-04-03 02:45:00,16048.4
2026-04-03 03:00:00,16042.3
2026-04-03 03:15:00,15853.8
2026-04-03 03:30:00,15664.2
2026-04-03 03:45:00,15450.8
2026-04-03 04:00:00,15344.9
2026-04-03 04:15:00,15296.5
2026-04-03 04:30:00,15269.2
2026-04-03 04:45:00,15353.2
2026-04-03 05:00:00,15659.8
2026-04-03 05:15:00,15645.2
2026-04-03 05:30:00,15677.2
2026-04-03 05:45:00,15760.1
2026-04-03 06:00:00,15232.4
2026-04-03 06:15:00,15373.0
2026-04-03 06:30:00,15479.0
2026-04-03 06:45:00,15848.8
2026-04-03 07:00:00,16277.6
2026-04-03 07:15:00,16713.0
2026-04-03 07:30:00,16851.5
2026-04-03 07:45:00,17271.0
2026-04-03 08:00:00,17891.3
2026-04-03 08:15:00,18995.9
2026-04-03 08:30:00,19280.2
2026-04-03 08:45:00,19857.0
2026-04-03 09:00:00,19645.5
2026-04-03 09:15:00,19805.2
2026-04-03 09:30:00,20582.1
2026-04-03 09:45:00,20489.0
2026-04-03 10:00:00,21102.7
2026-04-03 10:15:00,21240.8
2026-04-03 10:30:00,21890.4
2026-04-03 10:45:00,22176.4
2026-04-03 11:00:00,21999.5
2026-04-03 11:15:00,21824.6
2026-04-03 11:30:00,21100.8
2026-04-03 11:45:00,20381.0
2026-04-03 12:00:00,21776.6
2026-04-03 12:15:00,21830.9
2026-04-03 12:30:00,21612.7
2026-04-03 12:45:00,20825.1
2026-04-03 13:00:00,20629.3
2026-04-03 13:15:00,20140.6
2026-04-03 13:30:00,19946.7
2026-04-03 13:45:00,19696.8
2026-04-03 14:00:00,18568.0
2026-04-03 14:15:00,18700.2
2026-04-03 14:30:00,18405.0
2026-04-03 14:45:00,18343.4
2026-04-03 15:00:00,18817.9
2026-04-03 15:15:00,18850.1
2026-04-03 15:30:00,18873.3
2026-04-03 15:45:00,18642.4
2026-04-03 16:00:00,17621.2
2026-04-03 16:15:00,18173.2
2026-04-03 16:30:00,18327.5
2026-04-03 16:45:00,18014.6
2026-04-03 17:00:00,19202.7
2026-04-03 17:15:00,18853.8
2026-04-03 17:30:00,18852.8
2026-04-03 17:45:00,18977.9
2026-04-03 18:00:00,18841.3
2026-04-03 18:15:00,19094.8
2026-04-03 18:30:00,19122.2
2026-04-03 18:45:00,19797.2
2026-04-03 19:00:00,19841.7
2026-04-03 19:15:00,19984.3
2026-04-03 19:30:00,20088.5
2026-04-03 19:45:00,19779.1
2026-04-03 20:00:00,19716.5
2026-04-03 20:15:00,19901.8
2026-04-03 20:30:00,19651.4
2026-04-03 20:45:00,19224.9
2026-04-03 21:00:00,19085.1
2026-04-03 21:15:00,19100.0
2026-04-03 21:30:00,18829.9
2026-04-03 21:45:00,18601.1
2026-04-03 22:00:00,17951.7
2026-04-03 22:15:00,17396.5
2026-04-03 22:30:00,17408.6
2026-04-03 22:45:00,16575.9
2026-04-03 23:00:00,16554.3
2026-04-03 23:15:00,16062.2
2026-04-03 23:30:00,15371.0
2026-04-03 23:45:00,15281.2
2026-04-04 00:00:00,20158.8
2026-04-04 00:15:00,19869.8
2026-04-04 00:30:00,19218.6
2026-04-04 00:45:00,18815.9
2026-04-04 01:00:00,18230.2
2026-04-04 01:15:00,17652.4
2026-04-04 01:30:00,17490.2
2026-04-04 01:45:00,17542.9
2026-04-04 02:00:00,17366.7
2026-04-04 02:15:00,16884.4
2026-04-04 02:30:00,16639.8
2026-04-04 02:45:00,16444.1
2026-04-04 03:00:00,16193.6
2026-04-04 03:15:00,16011.4
2026-04-04 03:30:00,15733.3
2026-04-04 03:45:00,15529.2
2026-04-04 04:00:00,15124.8
2026-04-04 04:15:00,15149.3
2026-04-04 04:30:00,14905.7
2026-04-04 04:45:00,15055.5
2026-04-04 05:00:00,15074.6
2026-04-04 05:15:00,15110.8
2026-04-04 05:30:00,15337.4
2026-04-04 05:45:00,15208.1
2026-04-04 06:00:00,14731.6
2026-04-04 06:15:00,15276.2
2026-04-04 06:30:00,15855.0
2026-04-04 06:45:00,16522.5
2026-04-04 07:00:00,16400.5
2026-04-04 07:15:00,16431.1
2026-04-04 07:30:00,15814.4
2026-04-04 07:45:00,16017.8
2026-04-04 08:00:00,15978.0
2026-04-04 08:15:00,16370.5
2026-04-04 08:30:00,16241.8
2026-04-04 08:45:00,16350.3
2026-04-04 09:00:00,16609.8
2026-04-04 09:15:00,17089.1
2026-04-04 09:30:00,17185.7
2026-04-04 09:45:00,16712.1
2026-04-04 10:00:00,17206.3
2026-04-04 10:15:00,17337.1
2026-04-04 10:30:00,17296.9
2026-04-04 10:45:00,18104.2
2026-04-04 11:00:00,18371.4
2026-04-04 11:15:00,18229.2
2026-04-04 11:30:00,17614.4
2026-04-04 11:45:00,17137.8
2026-04-04 12:00:00,18421.1
2026-04-04 12:15:00,18075.5
2026-04-04 12:30:00,17837.1
2026-04-04 12:45:00,17284.4
2026-04-04 13:00:00,17385.3
2026-04-04 13:15:00,16957.7
2026-04-04 13:30:00,16912.6
2026-04-04 13:45:00,16091.8
2026-04-04 14:00:00,15430.8
2026-04-04 14:15:00,15251.7
2026-04-04 14:30:00,15297.5
2026-04-04 14:45:00,15295.1
2026-04-04 15:00:00,15653.3
2026-04-04 15:15:00,16113.3
2026-04-04 15:30:00,16090.6
2026-04-04 15:45:00,15930.2
2026-04-04 16:00:00,16185.6
2026-04-04 16:15:00,16856.8
2026-04-04 16:30:00,17591.6
2026-04-04 16:45:00,17337.7
2026-04-04 17:00:00,18223.3
2026-04-04 17:15:00,18759.5
2026-04-04 17:30:00,19039.6
2026-04-04 17:45:00,18772.2
2026-04-04 18:00:00,18416.5
2026-04-04 18:15:00,18385.2
2026-04-04 18:30:00,18662.1
2026-04-04 18:45:00,18940.2
2026-04-04 19:00:00,19027.5
2026-04-04 19:15:00,19330.9
2026-04-04 19:30:00,19422.9
2026-04-04 19:45:00,19395.9
2026-04-04 20:00:00,19252.6
2026-04-04 20:15:00,19158.4
2026-04-04 20:30:00,19294.4
2026-04-04 20:45:00,18603.2
2026-04-04 21:00:00,18724.8
2026-04-04 21:15:00,18364.7
2026-04-04 21:30:00,18138.0
2026-04-04 21:45:00,17657.4
2026-04-04 22:00:00,17533.9
2026-04-04 22:15:00,17595.1
2026-04-04 22:30:00,16970.8
2026-04-04 22:45:00,17198.6
2026-04-04 23:00:00,16727.5
2026-04-04 23:15:00,16287.3
2026-04-04 23:30:00,15926.7
2026-04-04 23:45:00,15819.9
2026-04-05 00:00:00,18261.7
2026-04-05 00:15:00,17762.0
2026-04-05 00:30:00,17443.3
2026-04-05 00:45:00,17282.7
2026-04-05 01:00:00,16825.2
2026-04-05 01:15:00,16673.4
2026-04-05 01:30:00,15993.7
2026-04-05 01:45:00,15949.1
2026-04-05 02:00:00,15526.3
2026-04-05 02:15:00,15114.7
2026-04-05 02:30:00,14985.6
2026-04-05 02:45:00,14834.0
2026-04-05 03:00:00,14492.9
2026-04-05 03:15:00,13998.9
2026-04-05 03:30:00,14106.9
2026-04-05 03:45:00,13881.4
2026-04-05 04:00:00,13874.4
2026-04-05 04:15:00,13878.6
2026-04-05 04:30:00,13780.4
2026-04-05 04:45:00,13750.5
2026-04-05 05:00:00,13827.9
2026-04-05 05:15:00,13881.1
2026-04-05 05:30:00,14096.4
2026-04-05 05:45:00,14172.4
2026-04-05 06:00:00,14426.4
2026-04-05 06:15:00,14910.5
2026-04-05 06:30:00,15052.4
2026-04-05 06:45:00,15229.1
2026-04-05 07:00:00,14237.9
2026-04-05 07:15:00,14162.1
2026-04-05 07:30:00,14363.3
2026-04-05 07:45:00,14184.8
2026-04-05 08:00:00,14285.3
2026-04-05 08:15:00,14237.0
2026-04-05 08:30:00,14102.5
2026-04-05 08:45:00,14152.8
2026-04-05 09:00:00,13324.7
2026-04-05 09:15:00,13590.5
2026-04-05 09:30:00,13453.8
2026-04-05 09:45:00,12931.3
2026-04-05 10:00:00,13301.7
2026-04-05 10:15:00,13703.7
2026-04-05 10:30:00,14404.8
2026-04-05 10:45:00,14837.7
2026-04-05 11:00:00,15260.8
2026-04-05 11:15:00,15273.3
2026-04-05 11:30:00,15146.4
2026-04-05 11:45:00,15118.8
2026-04-05 12:00:00,17100.4
2026-04-05 12:15:00,16731.7
2026-04-05 12:30:00,16376.9
2026-04-05 12:45:00,15968.9
2026-04-05 13:00:00,15913.3
2026-04-05 13:15:00,15646.0
2026-04-05 13:30:00,15331.7
2026-04-05 13:45:00,15013.8
2026-04-05 14:00:00,14160.1
2026-04-05 14:15:00,14085.8
2026-04-05 14:30:00,13388.6
2026-04-05 14:45:00,13821.7
2026-04-05 15:00:00,14228.5
2026-04-05 15:15:00,14848.0
2026-04-05 15:30:00,14573.7
2026-04-05 15:45:00,14912.3
2026-04-05 16:00:00,15160.1
2026-04-05 16:15:00,15794.0
2026-04-05 16:30:00,16767.5
2026-04-05 16:45:00,17038.6
2026-04-05 17:00:00,16949.5
2026-04-05 17:15:00,17289.6
2026-04-05 17:30:00,17684.3
2026-04-05 17:45:00,18190.6
2026-04-05 18:00:00,17942.9
2026-04-05 18:15:00,17878.4
2026-04-05 18:30:00,18230.8
2026-04-05 18:45:00,18205.1
2026-04-05 19:00:00,18621.4
2026-04-05 19:15:00,19106.2
2026-04-05 19:30:00,18445.0
2026-04-05 19:45:00,18014.5
2026-04-05 20:00:00,17711.6
2026-04-05 20:15:00,17868.0
2026-04-05 20:30:00,17963.2
2026-04-05 20:45:00,17635.6
2026-04-05 21:00:00,18086.4
2026-04-05 21:15:00,17542.0
2026-04-05 21:30:00,17403.8
2026-04-05 21:45:00,17063.6
2026-04-05 22:00:00,16453.7
2026-04-05 22:15:00,16218.9
2026-04-05 22:30:00,15978.3
2026-04-05 22:45:00,15250.7
2026-04-05 23:00:00,15230.4
2026-04-05 23:15:00,14979.0
2026-04-05 23:30:00,14460.1
2026-04-05 23:45:00,14132.2
2026-04-06 00:00:00,16313.7
2026-04-06 00:15:00,16057.3
2026-04-06 00:30:00,15379.6
2026-04-06 00:45:00,15456.5
2026-04-06 01:00:00,14960.6
2026-04-06 01:15:00,14859.8
2026-04-06 01:30:00,14368.2
2026-04-06 01:45:00,14194.9
2026-04-06 02:00:00,14048.2
2026-04-06 02:15:00,13878.9
2026-04-06 02:30:00,13722.1
2026-04-06 02:45:00,13414.4
2026-04-06 03:00:00,13297.9
2026-04-06 03:15:00,12951.5
2026-04-06 03:30:00,12927.7
2026-04-06 03:45:00,12938.1
2026-04-06 04:00:00,13006.2
2026-04-06 04:15:00,12881.2
2026-04-06 04:30:00,12908.0
2026-04-06 04:45:00,12962.3
2026-04-06 05:00:00,12998.9
2026-04-06 05:15:00,13158.5
2026-04-06 05:30:00,13337.4
2026-04-06 05:45:00,13474.0
2026-04-06 06:00:00,13368.6
2026-04-06 06:15:00,13587.0
2026-04-06 06:30:00,13968.0
2026-04-06 06:45:00,14451.5
2026-04-06 07:00:00,14617.0
2026-04-06 07:15:00,14916.1
2026-04-06 07:30:00,15257.2
2026-04-06 07:45:00,15965.1
2026-04-06 08:00:00,16542.3
2026-04-06 08:15:00,17174.1
2026-04-06 08:30:00,17296.2
2026-04-06 08:45:00,17480.7
2026-04-06 09:00:00,17895.9
2026-04-06 09:15:00,18115.0
2026-04-06 09:30:00,17810.4
2026-04-06 09:45:00,17947.8
2026-04-06 10:00:00,18039.9
2026-04-06 10:15:00,18452.6
2026-04-06 10:30:00,18719.8
2026-04-06 10:45:00,19078.5
2026-04-06 11:00:00,18693.5
2026-04-06 11:15:00,18952.5
2026-04-06 11:30:00,18717.3
2026-04-06 11:45:00,18069.8
2026-04-06 12:00:00,20073.5
2026-04-06 12:15:00,19628.0
2026-04-06 12:30:00,19036.5
2026-04-06 12:45:00,19042.5
2026-04-06 13:00:00,18828.9
2026-04-06 13:15:00,18445.5
2026-04-06 13:30:00,18566.9
2026-04-06 13:45:00,17498.5
2026-04-06 14:00:00,16964.0
2026-04-06 14:15:00,16758.3
2026-04-06 14:30:00,16502.5
2026-04-06 14:45:00,16818.5
2026-04-06 15:00:00,17253.9
2026-04-06 15:15:00,17685.5
2026-04-06 15:30:00,17587.0
2026-04-06 15:45:00,17597.0
2026-04-06 16:00:00,17459.8
2026-04-06 16:15:00,17568.8
2026-04-06 16:30:00,18386.1
2026-04-06 16:45:00,18114.7
2026-04-06 17:00:00,18501.4
2026-04-06 17:15:00,18416.0
2026-04-06 17:30:00,18369.6
2026-04-06 17:45:00,17946.9
2026-04-06 18:00:00,17918.2
2026-04-06 18:15:00,18388.2
2026-04-06 18:30:00,19101.9
2026-04-06 18:45:00,19864.2
2026-04-06 19:00:00,19675.5
2026-04-06 19:15:00,19812.2
2026-04-06 19:30:00,19787.5
2026-04-06 19:45:00,19528.8
2026-04-06 20:00:00,19137.3
2026-04-06 20:15:00,19003.4
2026-04-06 20:30:00,18868.7
2026-04-06 20:45:00,18409.6
2026-04-06 21:00:00,18901.8
2026-04-06 21:15:00,18400.0
2026-04-06 21:30:00,18004.2
2026-04-06 21:45:00,18232.9
2026-04-06 22:00:00,18148.0
2026-04-06 22:15:00,17736.4
2026-04-06 22:30:00,17403.4
2026-04-06 22:45:00,17349.9
2026-04-06 23:00:00,16838.1
2026-04-06 23:15:00,16607.2
2026-04-06 23:30:00,16384.1
2026-04-06 23:45:00,16166.1
2026-04-07 00:00:00,18749.0
2026-04-07 00:15:00,18782.6
2026-04-07 00:30:00,18347.5
2026-04-07 00:45:00,17968.8
2026-04-07 01:00:00,17270.9
2026-04-07 01:15:00,17037.6
2026-04-07 01:30:00,16652.0
2026-04-07 01:45:00,16397.9
2026-04-07 02:00:00,16065.1
2026-04-07 02:15:00,16110.6
2026-04-07 02:30:00,16083.1
2026-04-07 02:45:00,15912.2
2026-04-07 03:00:00,15791.9
2026-04-07 03:15:00,15770.1
2026-04-07 03:30:00,15728.4
2026-04-07 03:45:00,15836.9
2026-04-07 04:00:00,15846.8
2026-04-07 04:15:00,15854.1
2026-04-07 04:30:00,15656.4
2026-04-07 04:45:00,15658.9
2026-04-07 05:00:00,15524.5
2026-04-07 05:15:00,15547.4
2026-04-07 05:30:00,15856.0
2026-04-07 05:45:00,15924.5
2026-04-07 06:00:00,16478.3
2026-04-07 06:15:00,16674.2
2026-04-07 06:30:00,17267.8
2026-04-07 06:45:00,17764.2
2026-04-07 07:00:00,17856.4
2026-04-07 07:15:00,18188.7
2026-04-07 07:30:00,17958.0
2026-04-07 07:45:00,18729.1
2026-04-07 08:00:00,18956.6
2026-04-07 08:15:00,18796.8
2026-04-07 08:30:00,18843.0
2026-04-07 08:45:00,19138.3
2026-04-07 09:00:00,19285.5
2026-04-07 09:15:00,19065.0
2026-04-07 09:30:00,19421.8
2026-04-07 09:45:00,19531.7
2026-04-07 10:00:00,19920.7
2026-04-07 10:15:00,20550.0
2026-04-07 10:30:00,20884.9
2026-04-07 10:45:00,21425.6
2026-04-07 11:00:00,21896.8
2026-04-07 11:15:00,21292.8
2026-04-07 11:30:00,20562.6
2026-04-07 11:45:00,20331.6
2026-04-07 12:00:00,22166.9
2026-04-07 12:15:00,21988.9
2026-04-07 12:30:00,21545.2
2026-04-07 12:45:00,21417.1
2026-04-07 13:00:00,21125.8
2026-04-07 13:15:00,20815.0
2026-04-07 13:30:00,21003.6
2026-04-07 13:45:00,19873.7
2026-04-07 14:00:00,19077.0
2026-04-07 14:15:00,18815.7
2026-04-07 14:30:00,18495.3
2026-04-07 14:45:00,18500.9
2026-04-07 15:00:00,18852.7
2026-04-07 15:15:00,18508.5
2026-04-07 15:30:00,18557.6
2026-04-07 15:45:00,18890.8
2026-04-07 16:00:00,18698.0
2026-04-07 16:15:00,19022.1
2026-04-07 16:30:00,19317.7
2026-04-07 16:45:00,19461.6
2026-04-07 17:00:00,19459.0
2026-04-07 17:15:00,18863.3
2026-04-07 17:30:00,18920.1
2026-04-07 17:45:00,18617.3
2026-04-07 18:00:00,18862.4
2026-04-07 18:15:00,18884.1
2026-04-07 18:30:00,19934.6
2026-04-07 18:45:00,20003.4
2026-04-07 19:00:00,20320.7
2026-04-07 19:15:00,20113.6
2026-04-07 19:30:00,19870.7
2026-04-07 19:45:00,19739.3
2026-04-07 20:00:00,19492.5
2026-04-07 20:15:00,19739.2
2026-04-07 20:30:00,19603.4
2026-04-07 20:45:00,19211.8
2026-04-07 21:00:00,19144.4
2026-04-07 21:15:00,18849.8
2026-04-07 21:30:00,18510.0
2026-04-07 21:45:00,18253.5
2026-04-07 22:00:00,17987.7
2026-04-07 22:15:00,17516.1
2026-04-07 22:30:00,18265.2
2026-04-07 22:45:00,17605.7
2026-04-07 23:00:00,17344.8
2026-04-07 23:15:00,17129.4
2026-04-07 23:30:00,16343.3
2026-04-07 23:45:00,15922.5
2026-04-08 00:00:00,18136.7
2026-04-08 00:15:00,18329.6
2026-04-08 00:30:00,17132.5
2026-04-08 00:45:00,16896.5
2026-04-08 01:00:00,16418.3
2026-04-08 01:15:00,16055.4
2026-04-08 01:30:00,15636.6
2026-04-08 01:45:00,15489.9
2026-04-08 02:00:00,15037.7
2026-04-08 02:15:00,15326.6
2026-04-08 02:30:00,15110.7
2026-04-08 02:45:00,15670.1
2026-04-08 03:00:00,15197.2
2026-04-08 03:15:00,15229.5
2026-04-08 03:30:00,15107.3
2026-04-08 03:45:00,14988.4
2026-04-08 04:00:00,15225.1
2026-04-08 04:15:00,15172.9
2026-04-08 04:30:00,15081.3
2026-04-08 04:45:00,15216.6
2026-04-08 05:00:00,15326.8
2026-04-08 05:15:00,15747.3
2026-04-08 05:30:00,15965.6
2026-04-08 05:45:00,16004.0
2026-04-08 06:00:00,16585.7
2026-04-08 06:15:00,17218.2
2026-04-08 06:30:00,17334.5
2026-04-08 06:45:00,17668.6
2026-04-08 07:00:00,17956.5
2026-04-08 07:15:00,17958.3
2026-04-08 07:30:00,18092.6
2026-04-08 07:45:00,18178.3
2026-04-08 08:00:00,18568.3
2026-04-08 08:15:00,19183.0
2026-04-08 08:30:00,19161.4
2026-04-08 08:45:00,19374.6
2026-04-08 09:00:00,19791.6
2026-04-08 09:15:00,19775.2
2026-04-08 09:30:00,20146.6
2026-04-08 09:45:00,20436.6
2026-04-08 10:00:00,20428.5
2026-04-08 10:15:00,20401.8
2026-04-08 10:30:00,20818.8
2026-04-08 10:45:00,21019.1
2026-04-08 11:00:00,21284.9
2026-04-08 11:15:00,21532.8
2026-04-08 11:30:00,21162.2
2026-04-08 11:45:00,20441.5
2026-04-08 12:00:00,21582.0
2026-04-08 12:15:00,21960.6
2026-04-08 12:30:00,21600.0
2026-04-08 12:45:00,21962.6
2026-04-08 13:00:00,21345.8
2026-04-08 13:15:00,21000.0
2026-04-08 13:30:00,21051.8
2026-04-08 13:45:00,20103.6
2026-04-08 14:00:00,19628.3
2026-04-08 14:15:00,19324.4
2026-04-08 14:30:00,18935.0
2026-04-08 14:45:00,19358.6
2026-04-08 15:00:00,19665.8
2026-04-08 15:15:00,19534.3
2026-04-08 15:30:00,19415.0
2026-04-08 15:45:00,19735.1
2026-04-08 16:00:00,19441.0
2026-04-08 16:15:00,19291.8
2026-04-08 16:30:00,19819.6
2026-04-08 16:45:00,20699.5
2026-04-08 17:00:00,21129.3
2026-04-08 17:15:00,21218.0
2026-04-08 17:30:00,21154.8
2026-04-08 17:45:00,20872.0
2026-04-08 18:00:00,21046.2
2026-04-08 18:15:00,20624.2
2026-04-08 18:30:00,20777.8
2026-04-08 18:45:00,20956.4
2026-04-08 19:00:00,20950.0
2026-04-08 19:15:00,21236.8
2026-04-08 19:30:00,21303.1
2026-04-08 19:45:00,21238.3
2026-04-08 20:00:00,21152.4
2026-04-08 20:15:00,21429.0
2026-04-08 20:30:00,21120.8
2026-04-08 20:45:00,21235.7
2026-04-08 21:00:00,21469.5
2026-04-08 21:15:00,21202.3
2026-04-08 21:30:00,20961.4
2026-04-08 21:45:00,20293.7
2026-04-08 22:00:00,19685.8
2026-04-08 22:15:00,18719.7
2026-04-08 22:30:00,18143.5
2026-04-08 22:45:00,17588.8
2026-04-08 23:00:00,17097.3
2026-04-08 23:15:00,16072.0
2026-04-08 23:30:00,15816.8
2026-04-08 23:45:00,15053.3
2026-04-09 00:00:00,19551.2
2026-04-09 00:15:00,20366.6
2026-04-09 00:30:00,19509.7
2026-04-09 00:45:00,19072.1
2026-04-09 01:00:00,18525.3
2026-04-09 01:15:00,17986.2
2026-04-09 01:30:00,17534.9
2026-04-09 01:45:00,17269.6
2026-04-09 02:00:00,17117.7
2026-04-09 02:15:00,16695.5
2026-04-09 02:30:00,16553.4
2026-04-09 02:45:00,16462.4
2026-04-09 03:00:00,16432.8
2026-04-09 03:15:00,16446.2
2026-04-09 03:30:00,16635.8
2026-04-09 03:45:00,16215.0
2026-04-09 04:00:00,16302.5
2026-04-09 04:15:00,16079.0
2026-04-09 04:30:00,16258.5
2026-04-09 04:45:00,16250.5
2026-04-09 05:00:00,16355.2
2026-04-09 05:15:00,16650.3
2026-04-09 05:30:00,16827.8
2026-04-09 05:45:00,17000.6
2026-04-09 06:00:00,17563.3
2026-04-09 06:15:00,18242.1
2026-04-09 06:30:00,18839.5
2026-04-09 06:45:00,18453.3
2026-04-09 07:00:00,18697.1
2026-04-09 07:15:00,18494.6
2026-04-09 07:30:00,18427.6
2026-04-09 07:45:00,19094.7
2026-04-09 08:00:00,19677.1
2026-04-09 08:15:00,19832.6
2026-04-09 08:30:00,20223.3
2026-04-09 08:45:00,20687.2
2026-04-09 09:00:00,20613.4
2026-04-09 09:15:00,20609.0
2026-04-09 09:30:00,21345.0
2026-04-09 09:45:00,21593.2
2026-04-09 10:00:00,21793.8
2026-04-09 10:15:00,22065.0
2026-04-09 10:30:00,22535.2
2026-04-09 10:45:00,22843.4
2026-04-09 11:00:00,22958.4
2026-04-09 11:15:00,22866.9
2026-04-09 11:30:00,22344.6
2026-04-09 11:45:00,21602.4
2026-04-09 12:00:00,23180.0
2026-04-09 12:15:00,23173.5
2026-04-09 12:30:00,22889.9
2026-04-09 12:45:00,22392.4
2026-04-09 13:00:00,22574.3
2026-04-09 13:15:00,22285.6
2026-04-09 13:30:00,22382.2
2026-04-09 13:45:00,21857.9
2026-04-09 14:00:00,21029.1
2026-04-09 14:15:00,20644.5
2026-04-09 14:30:00,20288.6
2026-04-09 14:45:00,20163.1
2026-04-09 15:00:00,20805.4
2026-04-09 15:15:00,20975.4
2026-04-09 15:30:00,21134.7
2026-04-09 15:45:00,21107.0
2026-04-09 16:00:00,20969.3
2026-04-09 16:15:00,20904.8
2026-04-09 16:30:00,20976.3
2026-04-09 16:45:00,21013.3
2026-04-09 17:00:00,20722.1
2026-04-09 17:15:00,20135.9
2026-04-09 17:30:00,20366.8
2026-04-09 17:45:00,20469.4
2026-04-09 18:00:00,20516.3
2026-04-09 18:15:00,20593.0
2026-04-09 18:30:00,20531.8
2026-04-09 18:45:00,20988.4
2026-04-09 19:00:00,21425.3
2026-04-09 19:15:00,21108.0
2026-04-09 19:30:00,21193.0
2026-04-09 19:45:00,21288.9
2026-04-09 20:00:00,20827.6
2026-04-09 20:15:00,21105.5
2026-04-09 20:30:00,20922.3
2026-04-09 20:45:00,20617.9
2026-04-09 21:00:00,20263.6
2026-04-09 21:15:00,19910.2
2026-04-09 21:30:00,19376.6
2026-04-09 21:45:00,19517.4
2026-04-09 22:00:00,19172.7
2026-04-09 22:15:00,18529.3
2026-04-09 22:30:00,17985.4
2026-04-09 22:45:00,17204.7
2026-04-09 23:00:00,16987.1
2026-04-09 23:15:00,16292.7
2026-04-09 23:30:00,15994.3
2026-04-09 23:45:00,15757.7
2026-04-10 00:00:00,18901.9
2026-04-10 00:15:00,19638.1
2026-04-10 00:30:00,19173.0
2026-04-10 00:45:00,18860.6
2026-04-10 01:00:00,17982.3
2026-04-10 01:15:00,17864.1
2026-04-10 01:30:00,17506.5
2026-04-10 01:45:00,17033.6
2026-04-10 02:00:00,16880.5
2026-04-10 02:15:00,16640.2
2026-04-10 02:30:00,16916.2
2026-04-10 02:45:00,17072.8
2026-04-10 03:00:00,16882.7
2026-04-10 03:15:00,16894.4
2026-04-10 03:30:00,16786.3
2026-04-10 03:45:00,16296.1
2026-04-10 04:00:00,16330.4
2026-04-10 04:15:00,16237.2
2026-04-10 04:30:00,16332.4
2026-04-10 04:45:00,16368.4
2026-04-10 05:00:00,16523.5
2026-04-10 05:15:00,16718.9
2026-04-10 05:30:00,16998.8
2026-04-10 05:45:00,17206.2
2026-04-10 06:00:00,16675.7
2026-04-10 06:15:00,17202.4
2026-04-10 06:30:00,17309.4
2026-04-10 06:45:00,17308.1
2026-04-10 07:00:00,17482.2
2026-04-10 07:15:00,17131.3
2026-04-10 07:30:00,17043.6
2026-04-10 07:45:00,17368.6
2026-04-10 08:00:00,17563.8
2026-04-10 08:15:00,18186.4
2026-04-10 08:30:00,18105.4
2026-04-10 08:45:00,18439.0
2026-04-10 09:00:00,18518.1
2026-04-10 09:15:00,18978.7
2026-04-10 09:30:00,19403.3
2026-04-10 09:45:00,19879.3
2026-04-10 10:00:00,20073.4
2026-04-10 10:15:00,20593.5
2026-04-10 10:30:00,21063.9
2026-04-10 10:45:00,21474.5
2026-04-10 11:00:00,21557.1
2026-04-10 11:15:00,21605.2
2026-04-10 11:30:00,21287.6
2026-04-10 11:45:00,20263.0
2026-04-10 12:00:00,22380.7
2026-04-10 12:15:00,22039.1
2026-04-10 12:30:00,22077.3
2026-04-10 12:45:00,21809.9
2026-04-10 13:00:00,21717.5
2026-04-10 13:15:00,21328.0
2026-04-10 13:30:00,21206.4
2026-04-10 13:45:00,20693.9
2026-04-10 14:00:00,20141.4
2026-04-10 14:15:00,19988.2
2026-04-10 14:30:00,19572.5
2026-04-10 14:45:00,19460.8
2026-04-10 15:00:00,19229.3
2026-04-10 15:15:00,19424.9
2026-04-10 15:30:00,19580.4
2026-04-10 15:45:00,19188.8
2026-04-10 16:00:00,19297.0
2026-04-10 16:15:00,19524.2
2026-04-10 16:30:00,19785.2
2026-04-10 16:45:00,19791.8
2026-04-10 17:00:00,19964.8
2026-04-10 17:15:00,20176.6
2026-04-10 17:30:00,20967.7
2026-04-10 17:45:00,20920.6
2026-04-10 18:00:00,21147.4
2026-04-10 18:15:00,20895.4
2026-04-10 18:30:00,21193.8
2026-04-10 18:45:00,21571.4
2026-04-10 19:00:00,21528.0
2026-04-10 19:15:00,21487.1
2026-04-10 19:30:00,21764.0
2026-04-10 19:45:00,21671.5
2026-04-10 20:00:00,21356.6
2026-04-10 20:15:00,21574.1
2026-04-10 20:30:00,21115.7
2026-04-10 20:45:00,20888.2
2026-04-10 21:00:00,20584.6
2026-04-10 21:15:00,20450.0
2026-04-10 21:30:00,20354.1
2026-04-10 21:45:00,19934.9
2026-04-10 22:00:00,19279.4
2026-04-10 22:15:00,19034.9
2026-04-10 22:30:00,18844.7
2026-04-10 22:45:00,18643.3
2026-04-10 23:00:00,18247.1
2026-04-10 23:15:00,17802.6
2026-04-10 23:30:00,16974.0
2026-04-10 23:45:00,15909.2
2026-04-11 00:00:00,19108.3
2026-04-11 00:15:00,19527.6
2026-04-11 00:30:00,19062.7
2026-04-11 00:45:00,18786.8
2026-04-11 01:00:00,18338.9
2026-04-11 01:15:00,18098.5
2026-04-11 01:30:00,17736.9
2026-04-11 01:45:00,17486.7
2026-04-11 02:00:00,16995.0
2026-04-11 02:15:00,17079.2
2026-04-11 02:30:00,17206.7
2026-04-11 02:45:00,17246.8
2026-04-11 03:00:00,17090.8
2026-04-11 03:15:00,16949.2
2026-04-11 03:30:00,16772.4
2026-04-11 03:45:00,16413.8
2026-04-11 04:00:00,16307.3
2026-04-11 04:15:00,16421.4
2026-04-11 04:30:00,16284.2
2026-04-11 04:45:00,16290.3
2026-04-11 05:00:00,16415.5
2026-04-11 05:15:00,16300.7
2026-04-11 05:30:00,16309.4
2026-04-11 05:45:00,16496.4
2026-04-11 06:00:00,16359.7
2026-04-11 06:15:00,16282.9
2026-04-11 06:30:00,16302.6
2026-04-11 06:45:00,16385.5
2026-04-11 07:00:00,16603.6
2026-04-11 07:15:00,16661.7
2026-04-11 07:30:00,17060.4
2026-04-11 07:45:00,17712.5
2026-04-11 08:00:00,18324.7
2026-04-11 08:15:00,18007.3
2026-04-11 08:30:00,18047.3
2026-04-11 08:45:00,18432.2
2026-04-11 09:00:00,18994.4
2026-04-11 09:15:00,19448.9
2026-04-11 09:30:00,19774.6
2026-04-11 09:45:00,19948.2
2026-04-11 10:00:00,20286.8
2026-04-11 10:15:00,20575.7
2026-04-11 10:30:00,21121.6
2026-04-11 10:45:00,21585.5
2026-04-11 11:00:00,21601.4
2026-04-11 11:15:00,21744.4
2026-04-11 11:30:00,21349.8
2026-04-11 11:45:00,20812.1
2026-04-11 12:00:00,22540.6
2026-04-11 12:15:00,22137.1
2026-04-11 12:30:00,21585.0
2026-04-11 12:45:00,21337.4
2026-04-11 13:00:00,20862.7
2026-04-11 13:15:00,20344.9
2026-04-11 13:30:00,20915.4
2026-04-11 13:45:00,20139.9
2026-04-11 14:00:00,19734.9
2026-04-11 14:15:00,19816.1
2026-04-11 14:30:00,19719.0
2026-04-11 14:45:00,19694.9
2026-04-11 15:00:00,19619.9
2026-04-11 15:15:00,19906.1
2026-04-11 15:30:00,20224.0
2026-04-11 15:45:00,19765.1
2026-04-11 16:00:00,19349.9
2026-04-11 16:15:00,19845.8
2026-04-11 16:30:00,19822.2
2026-04-11 16:45:00,19587.5
2026-04-11 17:00:00,19962.2
2026-04-11 17:15:00,20094.5
2026-04-11 17:30:00,19972.6
2026-04-11 17:45:00,20039.3
2026-04-11 18:00:00,20046.3
2026-04-11 18:15:00,20013.6
2026-04-11 18:30:00,20757.4
2026-04-11 18:45:00,20839.0
2026-04-11 19:00:00,21180.1
2026-04-11 19:15:00,21190.4
2026-04-11 19:30:00,20477.8
2026-04-11 19:45:00,20274.9
2026-04-11 20:00:00,19868.5
2026-04-11 20:15:00,19835.8
2026-04-11 20:30:00,19622.9
2026-04-11 20:45:00,19125.8
2026-04-11 21:00:00,19151.3
2026-04-11 21:15:00,18931.6
2026-04-11 21:30:00,18533.4
2026-04-11 21:45:00,18308.7
2026-04-11 22:00:00,17735.6
2026-04-11 22:15:00,17379.2
2026-04-11 22:30:00,16851.2
2026-04-11 22:45:00,16401.1
2026-04-11 23:00:00,16069.0
2026-04-11 23:15:00,15603.3
2026-04-11 23:30:00,15334.1
2026-04-11 23:45:00,15392.9
2026-04-12 00:00:00,19086.3
2026-04-12 00:15:00,19369.3
2026-04-12 00:30:00,19253.3
2026-04-12 00:45:00,18704.2
2026-04-12 01:00:00,18131.6
2026-04-12 01:15:00,17570.6
2026-04-12 01:30:00,17118.1
2026-04-12 01:45:00,16971.4
2026-04-12 02:00:00,16550.2
2026-04-12 02:15:00,16577.6
2026-04-12 02:30:00,16551.1
2026-04-12 02:45:00,16419.8
2026-04-12 03:00:00,16583.4
2026-04-12 03:15:00,16341.9
2026-04-12 03:30:00,16288.2
2026-04-12 03:45:00,16254.4
2026-04-12 04:00:00,16173.2
2026-04-12 04:15:00,15945.7
2026-04-12 04:30:00,15977.3
2026-04-12 04:45:00,16092.8
2026-04-12 05:00:00,16225.8
2026-04-12 05:15:00,16220.8
2026-04-12 05:30:00,16070.1
2026-04-12 05:45:00,16081.2
2026-04-12 06:00:00,16080.6
2026-04-12 06:15:00,16212.6
2026-04-12 06:30:00,16314.0
2026-04-12 06:45:00,16499.6
2026-04-12 07:00:00,16622.7
2026-04-12 07:15:00,16884.3
2026-04-12 07:30:00,16850.0
2026-04-12 07:45:00,17399.7
2026-04-12 08:00:00,17494.7
2026-04-12 08:15:00,18254.3
2026-04-12 08:30:00,17614.0
2026-04-12 08:45:00,18146.1
2026-04-12 09:00:00,17938.3
2026-04-12 09:15:00,18487.7
2026-04-12 09:30:00,18952.8
2026-04-12 09:45:00,18975.4
2026-04-12 10:00:00,19415.2
2026-04-12 10:15:00,20005.0
2026-04-12 10:30:00,20305.9
2026-04-12 10:45:00,20766.5
2026-04-12 11:00:00,20805.8
2026-04-12 11:15:00,20482.6
2026-04-12 11:30:00,19898.7
2026-04-12 11:45:00,19385.4
2026-04-12 12:00:00,20791.8
2026-04-12 12:15:00,20349.8
2026-04-12 12:30:00,20176.3
2026-04-12 12:45:00,20018.1
2026-04-12 13:00:00,19991.1
2026-04-12 13:15:00,19570.9
2026-04-12 13:30:00,19446.3
2026-04-12 13:45:00,18616.2
2026-04-12 14:00:00,18081.1
2026-04-12 14:15:00,18384.8
2026-04-12 14:30:00,18085.5
2026-04-12 14:45:00,18410.8
2026-04-12 15:00:00,18499.8
2026-04-12 15:15:00,18484.8
2026-04-12 15:30:00,18593.5
2026-04-12 15:45:00,18250.5
2026-04-12 16:00:00,18151.7
2026-04-12 16:15:00,18447.7
2026-04-12 16:30:00,18748.3
2026-04-12 16:45:00,18617.9
2026-04-12 17:00:00,19154.4
2026-04-12 17:15:00,19037.4
2026-04-12 17:30:00,19126.8
2026-04-12 17:45:00,18619.8
2026-04-12 18:00:00,18568.8
2026-04-12 18:15:00,19034.6
2026-04-12 18:30:00,19697.1
2026-04-12 18:45:00,19959.6
2026-04-12 19:00:00,20333.9
2026-04-12 19:15:00,19697.7
2026-04-12 19:30:00,19407.0
2026-04-12 19:45:00,19010.3
2026-04-12 20:00:00,18755.3
2026-04-12 20:15:00,18805.6
2026-04-12 20:30:00,18689.3
2026-04-12 20:45:00,18404.3
2026-04-12 21:00:00,18323.0
2026-04-12 21:15:00,18031.1
2026-04-12 21:30:00,18582.1
2026-04-12 21:45:00,18561.9
2026-04-12 22:00:00,17768.2
2026-04-12 22:15:00,17560.9
2026-04-12 22:30:00,17045.1
2026-04-12 22:45:00,16698.9
2026-04-12 23:00:00,16334.0
2026-04-12 23:15:00,16007.6
2026-04-12 23:30:00,15591.8
2026-04-12 23:45:00,13765.7
