time,实时发电_风电
2025-06-11 00:00:00,533.547
2025-06-11 00:15:00,530.025
2025-06-11 00:30:00,527.968
2025-06-11 00:45:00,472.125
2025-06-11 01:00:00,416.8
2025-06-11 01:15:00,400.245
2025-06-11 01:30:00,403.552
2025-06-11 01:45:00,386.77
2025-06-11 02:00:00,370.16
2025-06-11 02:15:00,366.55
2025-06-11 02:30:00,368.563
2025-06-11 02:45:00,354.852
2025-06-11 03:00:00,359.658
2025-06-11 03:15:00,363.485
2025-06-11 03:30:00,350.878
2025-06-11 03:45:00,346.61
2025-06-11 04:00:00,344.035
2025-06-11 04:15:00,341.615
2025-06-11 04:30:00,340.103
2025-06-11 04:45:00,344.505
2025-06-11 05:00:00,341.188
2025-06-11 05:15:00,335.703
2025-06-11 05:30:00,332.23
2025-06-11 05:45:00,320.848
2025-06-11 06:00:00,309.585
2025-06-11 06:15:00,303.25
2025-06-11 06:30:00,298.82
2025-06-11 06:45:00,305.635
2025-06-11 07:00:00,297.72
2025-06-11 07:15:00,306.935
2025-06-11 07:30:00,313.022
2025-06-11 07:45:00,319.255
2025-06-11 08:00:00,306.115
2025-06-11 08:15:00,310.975
2025-06-11 08:30:00,293.772
2025-06-11 08:45:00,294.295
2025-06-11 09:00:00,280.975
2025-06-11 09:15:00,271.375
2025-06-11 09:30:00,260.283
2025-06-11 09:45:00,255.492
2025-06-11 10:00:00,246.91
2025-06-11 10:15:00,243.092
2025-06-11 10:30:00,237.148
2025-06-11 10:45:00,235.637
2025-06-11 11:00:00,231.738
2025-06-11 11:15:00,218.038
2025-06-11 11:30:00,219.185
2025-06-11 11:45:00,212.26
2025-06-11 12:00:00,214.8
2025-06-11 12:15:00,212.538
2025-06-11 12:30:00,225.65
2025-06-11 12:45:00,221.585
2025-06-11 13:00:00,221.81
2025-06-11 13:15:00,235.688
2025-06-11 13:30:00,232.09
2025-06-11 13:45:00,246.69
2025-06-11 14:00:00,251.375
2025-06-11 14:15:00,257.263
2025-06-11 14:30:00,267.13
2025-06-11 14:45:00,286.82
2025-06-11 15:00:00,298.642
2025-06-11 15:15:00,293.723
2025-06-11 15:30:00,310.38
2025-06-11 15:45:00,330.563
2025-06-11 16:00:00,337.645
2025-06-11 16:15:00,344.625
2025-06-11 16:30:00,346.395
2025-06-11 16:45:00,350.765
2025-06-11 17:00:00,373.538
2025-06-11 17:15:00,395.957
2025-06-11 17:30:00,398.168
2025-06-11 17:45:00,404.355
2025-06-11 18:00:00,414.49
2025-06-11 18:15:00,424.81
2025-06-11 18:30:00,432.378
2025-06-11 18:45:00,437.478
2025-06-11 19:00:00,441.277
2025-06-11 19:15:00,445.283
2025-06-11 19:30:00,461.875
2025-06-11 19:45:00,483.925
2025-06-11 20:00:00,495.275
2025-06-11 20:15:00,516.71
2025-06-11 20:30:00,522.63
2025-06-11 20:45:00,525.922
2025-06-11 21:00:00,508.098
2025-06-11 21:15:00,521.107
2025-06-11 21:30:00,523.22
2025-06-11 21:45:00,503.255
2025-06-11 22:00:00,496.685
2025-06-11 22:15:00,472.043
2025-06-11 22:30:00,462.96
2025-06-11 22:45:00,476.747
2025-06-11 23:00:00,458.06
2025-06-11 23:15:00,430.275
2025-06-11 23:30:00,419.89
2025-06-11 23:45:00,412.145
2025-06-12 00:00:00,412.14
2025-06-12 00:15:00,399.358
2025-06-12 00:30:00,375.53
2025-06-12 00:45:00,367.805
2025-06-12 01:00:00,319.638
2025-06-12 01:15:00,315.09
2025-06-12 01:30:00,306.965
2025-06-12 01:45:00,300.712
2025-06-12 02:00:00,277.698
2025-06-12 02:15:00,259.198
2025-06-12 02:30:00,245.235
2025-06-12 02:45:00,237.563
2025-06-12 03:00:00,229.135
2025-06-12 03:15:00,236.363
2025-06-12 03:30:00,225.107
2025-06-12 03:45:00,229.66
2025-06-12 04:00:00,223.822
2025-06-12 04:15:00,226.405
2025-06-12 04:30:00,238.16
2025-06-12 04:45:00,247.917
2025-06-12 05:00:00,253.39
2025-06-12 05:15:00,254.175
2025-06-12 05:30:00,255.53
2025-06-12 05:45:00,250.015
2025-06-12 06:00:00,263.598
2025-06-12 06:15:00,272.092
2025-06-12 06:30:00,265.677
2025-06-12 06:45:00,270.085
2025-06-12 07:00:00,275.633
2025-06-12 07:15:00,274.193
2025-06-12 07:30:00,271.647
2025-06-12 07:45:00,289.082
2025-06-12 08:00:00,280.425
2025-06-12 08:15:00,278.997
2025-06-12 08:30:00,256.913
2025-06-12 08:45:00,253.818
2025-06-12 09:00:00,252.26
2025-06-12 09:15:00,248.202
2025-06-12 09:30:00,235.735
2025-06-12 09:45:00,221.97
2025-06-12 10:00:00,216.84
2025-06-12 10:15:00,215.137
2025-06-12 10:30:00,204.4
2025-06-12 10:45:00,192.03
2025-06-12 11:00:00,185.958
2025-06-12 11:15:00,185.258
2025-06-12 11:30:00,182.675
2025-06-12 11:45:00,174.52
2025-06-12 12:00:00,177.305
2025-06-12 12:15:00,181.283
2025-06-12 12:30:00,167.675
2025-06-12 12:45:00,164.36
2025-06-12 13:00:00,164.045
2025-06-12 13:15:00,166.837
2025-06-12 13:30:00,161.315
2025-06-12 13:45:00,158.342
2025-06-12 14:00:00,158.55
2025-06-12 14:15:00,161.592
2025-06-12 14:30:00,167.225
2025-06-12 14:45:00,170.773
2025-06-12 15:00:00,168.738
2025-06-12 15:15:00,169.913
2025-06-12 15:30:00,177.583
2025-06-12 15:45:00,185.607
2025-06-12 16:00:00,192.99
2025-06-12 16:15:00,205.715
2025-06-12 16:30:00,223.423
2025-06-12 16:45:00,237.702
2025-06-12 17:00:00,244.34
2025-06-12 17:15:00,260.533
2025-06-12 17:30:00,300.35
2025-06-12 17:45:00,310.955
2025-06-12 18:00:00,328.797
2025-06-12 18:15:00,354.875
2025-06-12 18:30:00,392.913
2025-06-12 18:45:00,404.515
2025-06-12 19:00:00,467.76
2025-06-12 19:15:00,475.185
2025-06-12 19:30:00,497.033
2025-06-12 19:45:00,524.66
2025-06-12 20:00:00,536.013
2025-06-12 20:15:00,541.167
2025-06-12 20:30:00,552.593
2025-06-12 20:45:00,558.6
2025-06-12 21:00:00,553.185
2025-06-12 21:15:00,544.515
2025-06-12 21:30:00,557.258
2025-06-12 21:45:00,563.278
2025-06-12 22:00:00,474.856
2025-06-12 22:15:00,518.455
2025-06-12 22:30:00,501.69
2025-06-12 22:45:00,509.379
2025-06-12 23:00:00,518.615
2025-06-12 23:15:00,489.541
2025-06-12 23:30:00,473.805
2025-06-12 23:45:00,458.887
2025-06-13 00:00:00,458.277
2025-06-13 00:15:00,450.89
2025-06-13 00:30:00,454.14
2025-06-13 00:45:00,432.902
2025-06-13 01:00:00,399.163
2025-06-13 01:15:00,373.785
2025-06-13 01:30:00,367.413
2025-06-13 01:45:00,349.045
2025-06-13 02:00:00,322.193
2025-06-13 02:15:00,303.438
2025-06-13 02:30:00,283.09
2025-06-13 02:45:00,259.302
2025-06-13 03:00:00,239.35
2025-06-13 03:15:00,216.158
2025-06-13 03:30:00,187.105
2025-06-13 03:45:00,162.113
2025-06-13 04:00:00,151.16
2025-06-13 04:15:00,137.792
2025-06-13 04:30:00,132.75
2025-06-13 04:45:00,128.63
2025-06-13 05:00:00,123.702
2025-06-13 05:15:00,123.283
2025-06-13 05:30:00,116.43
2025-06-13 05:45:00,115.963
2025-06-13 06:00:00,109.768
2025-06-13 06:15:00,102.845
2025-06-13 06:30:00,97.512
2025-06-13 06:45:00,98.545
2025-06-13 07:00:00,107.137
2025-06-13 07:15:00,105.747
2025-06-13 07:30:00,102.387
2025-06-13 07:45:00,102.355
2025-06-13 08:00:00,96.533
2025-06-13 08:15:00,91.5
2025-06-13 08:30:00,91.857
2025-06-13 08:45:00,81.088
2025-06-13 09:00:00,82.223
2025-06-13 09:15:00,81.723
2025-06-13 09:30:00,78.894
2025-06-13 09:45:00,62.449
2025-06-13 10:00:00,65.744
2025-06-13 10:15:00,60.568
2025-06-13 10:30:00,57.733
2025-06-13 10:45:00,56.139
2025-06-13 11:00:00,54.537
2025-06-13 11:15:00,50.125
2025-06-13 11:30:00,52.513
2025-06-13 11:45:00,52.423
2025-06-13 12:00:00,56.035
2025-06-13 12:15:00,49.792
2025-06-13 12:30:00,45.678
2025-06-13 12:45:00,44.44
2025-06-13 13:00:00,41.467
2025-06-13 13:15:00,43.345
2025-06-13 13:30:00,36.719
2025-06-13 13:45:00,39.428
2025-06-13 14:00:00,39.545
2025-06-13 14:15:00,39.3
2025-06-13 14:30:00,41.722
2025-06-13 14:45:00,45.665
2025-06-13 15:00:00,48.135
2025-06-13 15:15:00,51.32
2025-06-13 15:30:00,48.555
2025-06-13 15:45:00,48.053
2025-06-13 16:00:00,46.333
2025-06-13 16:15:00,48.757
2025-06-13 16:30:00,54.325
2025-06-13 16:45:00,61.025
2025-06-13 17:00:00,64.895
2025-06-13 17:15:00,84.232
2025-06-13 17:30:00,101.397
2025-06-13 17:45:00,83.895
2025-06-13 18:00:00,103.735
2025-06-13 18:15:00,112.213
2025-06-13 18:30:00,137.027
2025-06-13 18:45:00,152.212
2025-06-13 19:00:00,176.365
2025-06-13 19:15:00,228.13
2025-06-13 19:30:00,341.158
2025-06-13 19:45:00,394.905
2025-06-13 20:00:00,448.19
2025-06-13 20:15:00,462.675
2025-06-13 20:30:00,480.14
2025-06-13 20:45:00,534.67
2025-06-13 21:00:00,579.675
2025-06-13 21:15:00,622.633
2025-06-13 21:30:00,653.245
2025-06-13 21:45:00,687.102
2025-06-13 22:00:00,744.523
2025-06-13 22:15:00,794.75
2025-06-13 22:30:00,804.615
2025-06-13 22:45:00,845.67
2025-06-13 23:00:00,880.612
2025-06-13 23:15:00,902.317
2025-06-13 23:30:00,904.383
2025-06-13 23:45:00,929.588
2025-06-14 00:00:00,930.225
2025-06-14 00:15:00,911.888
2025-06-14 00:30:00,899.412
2025-06-14 00:45:00,902.242
2025-06-14 01:00:00,895.852
2025-06-14 01:15:00,934.005
2025-06-14 01:30:00,957.945
2025-06-14 01:45:00,956.56
2025-06-14 02:00:00,945.2
2025-06-14 02:15:00,952.338
2025-06-14 02:30:00,963.407
2025-06-14 02:45:00,977.115
2025-06-14 03:00:00,971.625
2025-06-14 03:15:00,986.422
2025-06-14 03:30:00,991.117
2025-06-14 03:45:00,991.068
2025-06-14 04:00:00,984.135
2025-06-14 04:15:00,973.417
2025-06-14 04:30:00,961.753
2025-06-14 04:45:00,966.897
2025-06-14 05:00:00,971.862
2025-06-14 05:15:00,954.367
2025-06-14 05:30:00,947.995
2025-06-14 05:45:00,944.102
2025-06-14 06:00:00,945.292
2025-06-14 06:15:00,942.495
2025-06-14 06:30:00,937.659
2025-06-14 06:45:00,902.378
2025-06-14 07:00:00,854.8
2025-06-14 07:15:00,803.82
2025-06-14 07:30:00,625.883
2025-06-14 07:45:00,474.221
2025-06-14 08:00:00,577.564
2025-06-14 08:15:00,513.454
2025-06-14 08:30:00,447.407
2025-06-14 08:45:00,413.43
2025-06-14 09:00:00,470.556
2025-06-14 09:15:00,452.115
2025-06-14 09:30:00,403.567
2025-06-14 09:45:00,388.307
2025-06-14 10:00:00,373.715
2025-06-14 10:15:00,378.233
2025-06-14 10:30:00,390.33
2025-06-14 10:45:00,370.45
2025-06-14 11:00:00,371.645
2025-06-14 11:15:00,362.038
2025-06-14 11:30:00,354.473
2025-06-14 11:45:00,347.286
2025-06-14 12:00:00,346.478
2025-06-14 12:15:00,342.45
2025-06-14 12:30:00,335.144
2025-06-14 12:45:00,327.138
2025-06-14 13:00:00,322.892
2025-06-14 13:15:00,346.58
2025-06-14 13:30:00,346.237
2025-06-14 13:45:00,361.365
2025-06-14 14:00:00,358.563
2025-06-14 14:15:00,371.93
2025-06-14 14:30:00,394.47
2025-06-14 14:45:00,383.955
2025-06-14 15:00:00,386.608
2025-06-14 15:15:00,398.342
2025-06-14 15:30:00,416.695
2025-06-14 15:45:00,445.8
2025-06-14 16:00:00,458.595
2025-06-14 16:15:00,490.125
2025-06-14 16:30:00,508.92
2025-06-14 16:45:00,532.023
2025-06-14 17:00:00,548.367
2025-06-14 17:15:00,602.843
2025-06-14 17:30:00,617.042
2025-06-14 17:45:00,615.51
2025-06-14 18:00:00,648.295
2025-06-14 18:15:00,646.958
2025-06-14 18:30:00,688.965
2025-06-14 18:45:00,702.74
2025-06-14 19:00:00,726.12
2025-06-14 19:15:00,763.07
2025-06-14 19:30:00,795.768
2025-06-14 19:45:00,815.727
2025-06-14 20:00:00,832.912
2025-06-14 20:15:00,837.018
2025-06-14 20:30:00,853.532
2025-06-14 20:45:00,870.375
2025-06-14 21:00:00,880.617
2025-06-14 21:15:00,894.508
2025-06-14 21:30:00,898.133
2025-06-14 21:45:00,895.585
2025-06-14 22:00:00,881.005
2025-06-14 22:15:00,855.945
2025-06-14 22:30:00,835.773
2025-06-14 22:45:00,803.4
2025-06-14 23:00:00,794.583
2025-06-14 23:15:00,798.525
2025-06-14 23:30:00,794.662
2025-06-14 23:45:00,815.958
2025-06-15 00:00:00,795.182
2025-06-15 00:15:00,776.7
2025-06-15 00:30:00,788.028
2025-06-15 00:45:00,798.26
2025-06-15 01:00:00,760.905
2025-06-15 01:15:00,751.425
2025-06-15 01:30:00,755.268
2025-06-15 01:45:00,739.597
2025-06-15 02:00:00,749.755
2025-06-15 02:15:00,738.958
2025-06-15 02:30:00,746.465
2025-06-15 02:45:00,764.065
2025-06-15 03:00:00,748.622
2025-06-15 03:15:00,719.987
2025-06-15 03:30:00,713.22
2025-06-15 03:45:00,685.365
2025-06-15 04:00:00,679.635
2025-06-15 04:15:00,662.335
2025-06-15 04:30:00,663.963
2025-06-15 04:45:00,698.585
2025-06-15 05:00:00,713.843
2025-06-15 05:15:00,704.38
2025-06-15 05:30:00,713.092
2025-06-15 05:45:00,741.296
2025-06-15 06:00:00,781.945
2025-06-15 06:15:00,801.376
2025-06-15 06:30:00,798.211
2025-06-15 06:45:00,815.803
2025-06-15 07:00:00,820.43
2025-06-15 07:15:00,748.211
2025-06-15 07:30:00,672.171
2025-06-15 07:45:00,612.48
2025-06-15 08:00:00,587.212
2025-06-15 08:15:00,652.047
2025-06-15 08:30:00,740.271
2025-06-15 08:45:00,726.531
2025-06-15 09:00:00,556.977
2025-06-15 09:15:00,530.731
2025-06-15 09:30:00,525.878
2025-06-15 09:45:00,595.03
2025-06-15 10:00:00,664.961
2025-06-15 10:15:00,626.389
2025-06-15 10:30:00,612.165
2025-06-15 10:45:00,598.87
2025-06-15 11:00:00,631.758
2025-06-15 11:15:00,525.085
2025-06-15 11:30:00,569.589
2025-06-15 11:45:00,521.736
2025-06-15 12:00:00,515.396
2025-06-15 12:15:00,429.099
2025-06-15 12:30:00,472.97
2025-06-15 12:45:00,401.143
2025-06-15 13:00:00,305.703
2025-06-15 13:15:00,296.892
2025-06-15 13:30:00,283.017
2025-06-15 13:45:00,220.52
2025-06-15 14:00:00,221.366
2025-06-15 14:15:00,145.645
2025-06-15 14:30:00,244.146
2025-06-15 14:45:00,264.329
2025-06-15 15:00:00,212.493
2025-06-15 15:15:00,263.166
2025-06-15 15:30:00,251.025
2025-06-15 15:45:00,281.392
2025-06-15 16:00:00,280.886
2025-06-15 16:15:00,302.738
2025-06-15 16:30:00,292.672
2025-06-15 16:45:00,285.38
2025-06-15 17:00:00,262.17
2025-06-15 17:15:00,229.495
2025-06-15 17:30:00,221.3
2025-06-15 17:45:00,198.633
2025-06-15 18:00:00,179.775
2025-06-15 18:15:00,179.86
2025-06-15 18:30:00,182.003
2025-06-15 18:45:00,189.345
2025-06-15 19:00:00,195.572
2025-06-15 19:15:00,198.307
2025-06-15 19:30:00,197.215
2025-06-15 19:45:00,216.598
2025-06-15 20:00:00,230.242
2025-06-15 20:15:00,259.967
2025-06-15 20:30:00,288.853
2025-06-15 20:45:00,328.54
2025-06-15 21:00:00,357.94
2025-06-15 21:15:00,381.65
2025-06-15 21:30:00,405.73
2025-06-15 21:45:00,435.413
2025-06-15 22:00:00,474.21
2025-06-15 22:15:00,494.418
2025-06-15 22:30:00,519.62
2025-06-15 22:45:00,545.938
2025-06-15 23:00:00,575.328
2025-06-15 23:15:00,599.088
2025-06-15 23:30:00,614.44
2025-06-15 23:45:00,610.195
2025-06-16 00:00:00,629.625
2025-06-16 00:15:00,651.435
2025-06-16 00:30:00,672.545
2025-06-16 00:45:00,704.015
2025-06-16 01:00:00,727.182
2025-06-16 01:15:00,741.867
2025-06-16 01:30:00,749.75
2025-06-16 01:45:00,764.955
2025-06-16 02:00:00,796.995
2025-06-16 02:15:00,824.378
2025-06-16 02:30:00,821.969
2025-06-16 02:45:00,816.738
2025-06-16 03:00:00,811.628
2025-06-16 03:15:00,799.87
2025-06-16 03:30:00,783.02
2025-06-16 03:45:00,776.47
2025-06-16 04:00:00,795.318
2025-06-16 04:15:00,812.64
2025-06-16 04:30:00,820.45
2025-06-16 04:45:00,837.653
2025-06-16 05:00:00,846.958
2025-06-16 05:15:00,850.593
2025-06-16 05:30:00,860.215
2025-06-16 05:45:00,886.943
2025-06-16 06:00:00,900.41
2025-06-16 06:15:00,885.093
2025-06-16 06:30:00,886.968
2025-06-16 06:45:00,837.911
2025-06-16 07:00:00,630.139
2025-06-16 07:15:00,420.478
2025-06-16 07:30:00,163.917
2025-06-16 07:45:00,92.09
2025-06-16 08:00:00,172.409
2025-06-16 08:15:00,149.257
2025-06-16 08:30:00,248.134
2025-06-16 08:45:00,285.88
2025-06-16 09:00:00,316.865
2025-06-16 09:15:00,293.568
2025-06-16 09:30:00,250.51
2025-06-16 09:45:00,243.419
2025-06-16 10:00:00,230.73
2025-06-16 10:15:00,232.419
2025-06-16 10:30:00,284.628
2025-06-16 10:45:00,262.373
2025-06-16 11:00:00,261.757
2025-06-16 11:15:00,264.521
2025-06-16 11:30:00,247.948
2025-06-16 11:45:00,169.885
2025-06-16 12:00:00,216.993
2025-06-16 12:15:00,168.41
2025-06-16 12:30:00,163.879
2025-06-16 12:45:00,180.958
2025-06-16 13:00:00,155.335
2025-06-16 13:15:00,155.979
2025-06-16 13:30:00,164.258
2025-06-16 13:45:00,173.844
2025-06-16 14:00:00,228.119
2025-06-16 14:15:00,257.708
2025-06-16 14:30:00,315.715
2025-06-16 14:45:00,322.08
2025-06-16 15:00:00,335.182
2025-06-16 15:15:00,354.59
2025-06-16 15:30:00,383.66
2025-06-16 15:45:00,544.56
2025-06-16 16:00:00,578.915
2025-06-16 16:15:00,587.505
2025-06-16 16:30:00,614.835
2025-06-16 16:45:00,644.972
2025-06-16 17:00:00,680.41
2025-06-16 17:15:00,716.412
2025-06-16 17:30:00,729.61
2025-06-16 17:45:00,745.855
2025-06-16 18:00:00,810.6
2025-06-16 18:15:00,879.818
2025-06-16 18:30:00,924.497
2025-06-16 18:45:00,974.96
2025-06-16 19:00:00,1056.093
2025-06-16 19:15:00,1106.524
2025-06-16 19:30:00,1134.385
2025-06-16 19:45:00,1172.481
2025-06-16 20:00:00,1209.977
2025-06-16 20:15:00,1267.57
2025-06-16 20:30:00,1291.157
2025-06-16 20:45:00,1357.55
2025-06-16 21:00:00,1371.285
2025-06-16 21:15:00,1425.017
2025-06-16 21:30:00,1438.005
2025-06-16 21:45:00,1482.953
2025-06-16 22:00:00,1557.52
2025-06-16 22:15:00,1559.706
2025-06-16 22:30:00,1500.3
2025-06-16 22:45:00,1520.863
2025-06-16 23:00:00,1455.912
2025-06-16 23:15:00,1356.681
2025-06-16 23:30:00,1382.615
2025-06-16 23:45:00,1413.932
2025-06-17 00:00:00,1423.403
2025-06-17 00:15:00,1437.198
2025-06-17 00:30:00,1412.35
2025-06-17 00:45:00,1407.966
2025-06-17 01:00:00,1329.229
2025-06-17 01:15:00,1393.223
2025-06-17 01:30:00,1404.207
2025-06-17 01:45:00,1407.903
2025-06-17 02:00:00,1417.386
2025-06-17 02:15:00,1401.599
2025-06-17 02:30:00,1380.897
2025-06-17 02:45:00,1362.792
2025-06-17 03:00:00,1354.707
2025-06-17 03:15:00,1338.591
2025-06-17 03:30:00,1336.851
2025-06-17 03:45:00,1321.198
2025-06-17 04:00:00,1321.821
2025-06-17 04:15:00,1315.355
2025-06-17 04:30:00,1314.38
2025-06-17 04:45:00,1305.487
2025-06-17 05:00:00,1340.743
2025-06-17 05:15:00,1331.129
2025-06-17 05:30:00,1300.147
2025-06-17 05:45:00,1282.978
2025-06-17 06:00:00,1250.608
2025-06-17 06:15:00,1143.531
2025-06-17 06:30:00,961.347
2025-06-17 06:45:00,780.774
2025-06-17 07:00:00,772.913
2025-06-17 07:15:00,701.831
2025-06-17 07:30:00,573.325
2025-06-17 07:45:00,522.408
2025-06-17 08:00:00,534.852
2025-06-17 08:15:00,587.648
2025-06-17 08:30:00,651.376
2025-06-17 08:45:00,658.602
2025-06-17 09:00:00,606.037
2025-06-17 09:15:00,576.588
2025-06-17 09:30:00,543.475
2025-06-17 09:45:00,524.22
2025-06-17 10:00:00,513.135
2025-06-17 10:15:00,481.44
2025-06-17 10:30:00,452.08
2025-06-17 10:45:00,444.66
2025-06-17 11:00:00,440.655
2025-06-17 11:15:00,439.17
2025-06-17 11:30:00,436.522
2025-06-17 11:45:00,427.47
2025-06-17 12:00:00,431.96
2025-06-17 12:15:00,442.77
2025-06-17 12:30:00,440.917
2025-06-17 12:45:00,457.591
2025-06-17 13:00:00,491.045
2025-06-17 13:15:00,506.905
2025-06-17 13:30:00,533.735
2025-06-17 13:45:00,559.116
2025-06-17 14:00:00,590.485
2025-06-17 14:15:00,626.785
2025-06-17 14:30:00,673.278
2025-06-17 14:45:00,726.78
2025-06-17 15:00:00,748.615
2025-06-17 15:15:00,794.157
2025-06-17 15:30:00,813.045
2025-06-17 15:45:00,832.875
2025-06-17 16:00:00,874.578
2025-06-17 16:15:00,914.3
2025-06-17 16:30:00,929.273
2025-06-17 16:45:00,834.126
2025-06-17 17:00:00,716.92
2025-06-17 17:15:00,705.776
2025-06-17 17:30:00,719.594
2025-06-17 17:45:00,662.973
2025-06-17 18:00:00,615.544
2025-06-17 18:15:00,871.233
2025-06-17 18:30:00,865.967
2025-06-17 18:45:00,919.932
2025-06-17 19:00:00,969.891
2025-06-17 19:15:00,1004.338
2025-06-17 19:30:00,965.294
2025-06-17 19:45:00,973.855
2025-06-17 20:00:00,988.682
2025-06-17 20:15:00,995.897
2025-06-17 20:30:00,972.735
2025-06-17 20:45:00,1107.529
2025-06-17 21:00:00,1229.788
2025-06-17 21:15:00,1184.979
2025-06-17 21:30:00,1154.203
2025-06-17 21:45:00,1081.568
2025-06-17 22:00:00,1058.904
2025-06-17 22:15:00,1046.124
2025-06-17 22:30:00,994.868
2025-06-17 22:45:00,977.614
2025-06-17 23:00:00,899.146
2025-06-17 23:15:00,805.533
2025-06-17 23:30:00,969.693
2025-06-17 23:45:00,1074.715
2025-06-18 00:00:00,1120.47
2025-06-18 00:15:00,1133.408
2025-06-18 00:30:00,1116.406
2025-06-18 00:45:00,1108.755
2025-06-18 01:00:00,1084.016
2025-06-18 01:15:00,1196.071
2025-06-18 01:30:00,1201.667
2025-06-18 01:45:00,1242.688
2025-06-18 02:00:00,1260.397
2025-06-18 02:15:00,1356.953
2025-06-18 02:30:00,1425.104
2025-06-18 02:45:00,1506.246
2025-06-18 03:00:00,1501.857
2025-06-18 03:15:00,1485.849
2025-06-18 03:30:00,1500.192
2025-06-18 03:45:00,1540.833
2025-06-18 04:00:00,1542.279
2025-06-18 04:15:00,1538.312
2025-06-18 04:30:00,1563.346
2025-06-18 04:45:00,1619.902
2025-06-18 05:00:00,1644.75
2025-06-18 05:15:00,1642.612
2025-06-18 05:30:00,1625.643
2025-06-18 05:45:00,1622.082
2025-06-18 06:00:00,1626.879
2025-06-18 06:15:00,1615.366
2025-06-18 06:30:00,1599.344
2025-06-18 06:45:00,1569.457
2025-06-18 07:00:00,1531.307
2025-06-18 07:15:00,1518.881
2025-06-18 07:30:00,1428.009
2025-06-18 07:45:00,1475.567
2025-06-18 08:00:00,1502.578
2025-06-18 08:15:00,1481.36
2025-06-18 08:30:00,1486.529
2025-06-18 08:45:00,1466.385
2025-06-18 09:00:00,1482.274
2025-06-18 09:15:00,1491.97
2025-06-18 09:30:00,1493.484
2025-06-18 09:45:00,1412.061
2025-06-18 10:00:00,1544.773
2025-06-18 10:15:00,1540.011
2025-06-18 10:30:00,1507.506
2025-06-18 10:45:00,1508.73
2025-06-18 11:00:00,1490.292
2025-06-18 11:15:00,1533.337
2025-06-18 11:30:00,1522.045
2025-06-18 11:45:00,1470.501
2025-06-18 12:00:00,1296.671
2025-06-18 12:15:00,1313.606
2025-06-18 12:30:00,1296.999
2025-06-18 12:45:00,1385.597
2025-06-18 13:00:00,1384.661
2025-06-18 13:15:00,1469.857
2025-06-18 13:30:00,1432.634
2025-06-18 13:45:00,1308.055
2025-06-18 14:00:00,1342.012
2025-06-18 14:15:00,1190.142
2025-06-18 14:30:00,1179.024
2025-06-18 14:45:00,1224.078
2025-06-18 15:00:00,1164.276
2025-06-18 15:15:00,1288.256
2025-06-18 15:30:00,1253.177
2025-06-18 15:45:00,1035.895
2025-06-18 16:00:00,1050.452
2025-06-18 16:15:00,1063.439
2025-06-18 16:30:00,1137.897
2025-06-18 16:45:00,1182.026
2025-06-18 17:00:00,1158.709
2025-06-18 17:15:00,1020.513
2025-06-18 17:30:00,916.749
2025-06-18 17:45:00,839.534
2025-06-18 18:00:00,731.479
2025-06-18 18:15:00,806.365
2025-06-18 18:30:00,907.462
2025-06-18 18:45:00,959.4
2025-06-18 19:00:00,998.625
2025-06-18 19:15:00,922.671
2025-06-18 19:30:00,979.69
2025-06-18 19:45:00,992.13
2025-06-18 20:00:00,1019.105
2025-06-18 20:15:00,981.414
2025-06-18 20:30:00,960.928
2025-06-18 20:45:00,947.521
2025-06-18 21:00:00,903.929
2025-06-18 21:15:00,867.966
2025-06-18 21:30:00,865.806
2025-06-18 21:45:00,862.173
2025-06-18 22:00:00,767.11
2025-06-18 22:15:00,701.395
2025-06-18 22:30:00,629.15
2025-06-18 22:45:00,674.857
2025-06-18 23:00:00,940.725
2025-06-18 23:15:00,962.512
2025-06-18 23:30:00,1017.725
2025-06-18 23:45:00,971.478
2025-06-19 00:00:00,1079.275
2025-06-19 00:15:00,1001.274
2025-06-19 00:30:00,949.917
2025-06-19 00:45:00,1019.511
2025-06-19 01:00:00,1006.831
2025-06-19 01:15:00,1228.197
2025-06-19 01:30:00,1136.342
2025-06-19 01:45:00,1100.538
2025-06-19 02:00:00,1154.553
2025-06-19 02:15:00,1131.294
2025-06-19 02:30:00,1190.432
2025-06-19 02:45:00,1174.724
2025-06-19 03:00:00,1083.92
2025-06-19 03:15:00,933.218
2025-06-19 03:30:00,1028.381
2025-06-19 03:45:00,1021.885
2025-06-19 04:00:00,1070.576
2025-06-19 04:15:00,1003.458
2025-06-19 04:30:00,983.365
2025-06-19 04:45:00,958.93
2025-06-19 05:00:00,1050.01
2025-06-19 05:15:00,1085.498
2025-06-19 05:30:00,1155.468
2025-06-19 05:45:00,1170.283
2025-06-19 06:00:00,1201.281
2025-06-19 06:15:00,1195.435
2025-06-19 06:30:00,1311.26
2025-06-19 06:45:00,1257.607
2025-06-19 07:00:00,1348.984
2025-06-19 07:15:00,1421.951
2025-06-19 07:30:00,1351.383
2025-06-19 07:45:00,1316.306
2025-06-19 08:00:00,1368.993
2025-06-19 08:15:00,1451.655
2025-06-19 08:30:00,1480.571
2025-06-19 08:45:00,1485.38
2025-06-19 09:00:00,1489.908
2025-06-19 09:15:00,1455.197
2025-06-19 09:30:00,1334.985
2025-06-19 09:45:00,1410.817
2025-06-19 10:00:00,1623.328
2025-06-19 10:15:00,1619.096
2025-06-19 10:30:00,1622.322
2025-06-19 10:45:00,1614.892
2025-06-19 11:00:00,1607.335
2025-06-19 11:15:00,1556.577
2025-06-19 11:30:00,1408.927
2025-06-19 11:45:00,1229.844
2025-06-19 12:00:00,921.843
2025-06-19 12:15:00,805.288
2025-06-19 12:30:00,665.979
2025-06-19 12:45:00,639.271
2025-06-19 13:00:00,785.775
2025-06-19 13:15:00,719.719
2025-06-19 13:30:00,723.422
2025-06-19 13:45:00,652.208
2025-06-19 14:00:00,680.431
2025-06-19 14:15:00,688.052
2025-06-19 14:30:00,842.055
2025-06-19 14:45:00,953.305
2025-06-19 15:00:00,1040.867
2025-06-19 15:15:00,1042.772
2025-06-19 15:30:00,1070.09
2025-06-19 15:45:00,1102.256
2025-06-19 16:00:00,1207.78
2025-06-19 16:15:00,1274.275
2025-06-19 16:30:00,1189.567
2025-06-19 16:45:00,1184.73
2025-06-19 17:00:00,1217.852
2025-06-19 17:15:00,1319.813
2025-06-19 17:30:00,1171.641
2025-06-19 17:45:00,1148.89
2025-06-19 18:00:00,1125.966
2025-06-19 18:15:00,1172.149
2025-06-19 18:30:00,1190.331
2025-06-19 18:45:00,1066.064
2025-06-19 19:00:00,1090.546
2025-06-19 19:15:00,1179.673
2025-06-19 19:30:00,1152.643
2025-06-19 19:45:00,1137.274
2025-06-19 20:00:00,1100.111
2025-06-19 20:15:00,1181.571
2025-06-19 20:30:00,1124.738
2025-06-19 20:45:00,961.739
2025-06-19 21:00:00,857.329
2025-06-19 21:15:00,766.726
2025-06-19 21:30:00,721.564
2025-06-19 21:45:00,702.252
2025-06-19 22:00:00,628.326
2025-06-19 22:15:00,576.655
2025-06-19 22:30:00,511.623
2025-06-19 22:45:00,581.104
2025-06-19 23:00:00,1026.0
2025-06-19 23:15:00,941.024
2025-06-19 23:30:00,933.779
2025-06-19 23:45:00,864.374
2025-06-20 00:00:00,1105.319
2025-06-20 00:15:00,1113.746
2025-06-20 00:30:00,1103.127
2025-06-20 00:45:00,961.827
2025-06-20 01:00:00,924.634
2025-06-20 01:15:00,1106.799
2025-06-20 01:30:00,1045.688
2025-06-20 01:45:00,1030.512
2025-06-20 02:00:00,1033.765
2025-06-20 02:15:00,1016.965
2025-06-20 02:30:00,982.596
2025-06-20 02:45:00,957.712
2025-06-20 03:00:00,1052.938
2025-06-20 03:15:00,1037.992
2025-06-20 03:30:00,1010.718
2025-06-20 03:45:00,939.666
2025-06-20 04:00:00,873.03
2025-06-20 04:15:00,875.717
2025-06-20 04:30:00,869.045
2025-06-20 04:45:00,947.938
2025-06-20 05:00:00,1026.258
2025-06-20 05:15:00,1058.935
2025-06-20 05:30:00,1104.188
2025-06-20 05:45:00,1056.175
2025-06-20 06:00:00,705.081
2025-06-20 06:15:00,778.639
2025-06-20 06:30:00,581.031
2025-06-20 06:45:00,491.996
2025-06-20 07:00:00,431.117
2025-06-20 07:15:00,383.396
2025-06-20 07:30:00,264.167
2025-06-20 07:45:00,314.912
2025-06-20 08:00:00,386.075
2025-06-20 08:15:00,458.632
2025-06-20 08:30:00,579.281
2025-06-20 08:45:00,648.662
2025-06-20 09:00:00,630.45
2025-06-20 09:15:00,634.203
2025-06-20 09:30:00,632.02
2025-06-20 09:45:00,659.164
2025-06-20 10:00:00,834.581
2025-06-20 10:15:00,932.157
2025-06-20 10:30:00,873.388
2025-06-20 10:45:00,1007.558
2025-06-20 11:00:00,1029.102
2025-06-20 11:15:00,1029.029
2025-06-20 11:30:00,813.739
2025-06-20 11:45:00,595.554
2025-06-20 12:00:00,453.051
2025-06-20 12:15:00,392.612
2025-06-20 12:30:00,336.92
2025-06-20 12:45:00,307.048
2025-06-20 13:00:00,378.74
2025-06-20 13:15:00,324.663
2025-06-20 13:30:00,376.431
2025-06-20 13:45:00,358.579
2025-06-20 14:00:00,503.091
2025-06-20 14:15:00,596.899
2025-06-20 14:30:00,687.441
2025-06-20 14:45:00,761.555
2025-06-20 15:00:00,783.689
2025-06-20 15:15:00,846.421
2025-06-20 15:30:00,918.738
2025-06-20 15:45:00,933.654
2025-06-20 16:00:00,822.433
2025-06-20 16:15:00,874.736
2025-06-20 16:30:00,898.268
2025-06-20 16:45:00,895.837
2025-06-20 17:00:00,929.918
2025-06-20 17:15:00,987.025
2025-06-20 17:30:00,947.862
2025-06-20 17:45:00,910.524
2025-06-20 18:00:00,879.343
2025-06-20 18:15:00,914.133
2025-06-20 18:30:00,876.377
2025-06-20 18:45:00,1027.86
2025-06-20 19:00:00,971.354
2025-06-20 19:15:00,915.414
2025-06-20 19:30:00,952.117
2025-06-20 19:45:00,1048.22
2025-06-20 20:00:00,1150.564
2025-06-20 20:15:00,1064.851
2025-06-20 20:30:00,1047.625
2025-06-20 20:45:00,919.578
2025-06-20 21:00:00,858.814
2025-06-20 21:15:00,904.89
2025-06-20 21:30:00,846.314
2025-06-20 21:45:00,850.356
2025-06-20 22:00:00,826.067
2025-06-20 22:15:00,729.663
2025-06-20 22:30:00,634.42
2025-06-20 22:45:00,990.748
2025-06-20 23:00:00,1133.226
2025-06-20 23:15:00,1074.297
2025-06-20 23:30:00,1024.715
2025-06-20 23:45:00,1008.939
2025-08-01 00:00:00,191.887
2025-08-01 00:15:00,174.67
2025-08-01 00:30:00,160.485
2025-08-01 00:45:00,140.415
2025-08-01 01:00:00,123.93
2025-08-01 01:15:00,117.872
2025-08-01 01:30:00,109.607
2025-08-01 01:45:00,97.83
2025-08-01 02:00:00,90.245
2025-08-01 02:15:00,83.865
2025-08-01 02:30:00,77.395
2025-08-01 02:45:00,74.845
2025-08-01 03:00:00,73.533
2025-08-01 03:15:00,70.603
2025-08-01 03:30:00,70.147
2025-08-01 03:45:00,70.915
2025-08-01 04:00:00,75.3
2025-08-01 04:15:00,80.067
2025-08-01 04:30:00,79.49
2025-08-01 04:45:00,79.478
2025-08-01 05:00:00,77.215
2025-08-01 05:15:00,77.327
2025-08-01 05:30:00,78.993
2025-08-01 05:45:00,80.455
2025-08-01 06:00:00,81.74
2025-08-01 06:15:00,84.99
2025-08-01 06:30:00,89.79
2025-08-01 06:45:00,91.01
2025-08-01 07:00:00,103.755
2025-08-01 07:15:00,57.619
2025-08-01 07:30:00,99.21
2025-08-01 07:45:00,99.651
2025-08-01 08:00:00,73.024
2025-08-01 08:15:00,74.74
2025-08-01 08:30:00,73.233
2025-08-01 08:45:00,68.968
2025-08-01 09:00:00,61.673
2025-08-01 09:15:00,55.67
2025-08-01 09:30:00,50.923
2025-08-01 09:45:00,49.359
2025-08-01 10:00:00,49.599
2025-08-01 10:15:00,42.059
2025-08-01 10:30:00,42.018
2025-08-01 10:45:00,42.411
2025-08-01 11:00:00,47.132
2025-08-01 11:15:00,45.763
2025-08-01 11:30:00,41.951
2025-08-01 11:45:00,45.851
2025-08-01 12:00:00,44.196
2025-08-01 12:15:00,46.557
2025-08-01 12:30:00,45.321
2025-08-01 12:45:00,55.792
2025-08-01 13:00:00,57.638
2025-08-01 13:15:00,58.455
2025-08-01 13:30:00,56.686
2025-08-01 13:45:00,58.741
2025-08-01 14:00:00,52.813
2025-08-01 14:15:00,54.204
2025-08-01 14:30:00,54.211
2025-08-01 14:45:00,51.429
2025-08-01 15:00:00,47.482
2025-08-01 15:15:00,48.219
2025-08-01 15:30:00,49.569
2025-08-01 15:45:00,59.254
2025-08-01 16:00:00,66.464
2025-08-01 16:15:00,77.017
2025-08-01 16:30:00,72.266
2025-08-01 16:45:00,73.792
2025-08-01 17:00:00,80.243
2025-08-01 17:15:00,79.703
2025-08-01 17:30:00,73.007
2025-08-01 17:45:00,79.518
2025-08-01 18:00:00,80.364
2025-08-01 18:15:00,83.902
2025-08-01 18:30:00,96.539
2025-08-01 18:45:00,104.968
2025-08-01 19:00:00,105.06
2025-08-01 19:15:00,113.005
2025-08-01 19:30:00,139.273
2025-08-01 19:45:00,151.56
2025-08-01 20:00:00,142.606
2025-08-01 20:15:00,156.84
2025-08-01 20:30:00,157.095
2025-08-01 20:45:00,160.887
2025-08-01 21:00:00,144.358
2025-08-01 21:15:00,102.406
2025-08-01 21:30:00,93.143
2025-08-01 21:45:00,95.344
2025-08-01 22:00:00,100.279
2025-08-01 22:15:00,98.962
2025-08-01 22:30:00,98.164
2025-08-01 22:45:00,97.552
2025-08-01 23:00:00,174.085
2025-08-01 23:15:00,177.65
2025-08-01 23:30:00,98.382
2025-08-01 23:45:00,147.007
2025-08-02 00:00:00,205.727
2025-08-02 00:15:00,219.5
2025-08-02 00:30:00,232.0
2025-08-02 00:45:00,232.027
2025-08-02 01:00:00,236.31
2025-08-02 01:15:00,253.417
2025-08-02 01:30:00,248.133
2025-08-02 01:45:00,257.813
2025-08-02 02:00:00,269.068
2025-08-02 02:15:00,281.95
2025-08-02 02:30:00,292.505
2025-08-02 02:45:00,303.177
2025-08-02 03:00:00,304.335
2025-08-02 03:15:00,311.652
2025-08-02 03:30:00,295.9
2025-08-02 03:45:00,291.355
2025-08-02 04:00:00,281.26
2025-08-02 04:15:00,266.88
2025-08-02 04:30:00,255.465
2025-08-02 04:45:00,246.445
2025-08-02 05:00:00,233.12
2025-08-02 05:15:00,220.807
2025-08-02 05:30:00,203.917
2025-08-02 05:45:00,197.997
2025-08-02 06:00:00,199.415
2025-08-02 06:15:00,203.217
2025-08-02 06:30:00,199.0
2025-08-02 06:45:00,194.212
2025-08-02 07:00:00,185.45
2025-08-02 07:15:00,90.675
2025-08-02 07:30:00,78.204
2025-08-02 07:45:00,77.694
2025-08-02 08:00:00,75.474
2025-08-02 08:15:00,73.431
2025-08-02 08:30:00,67.729
2025-08-02 08:45:00,60.822
2025-08-02 09:00:00,57.846
2025-08-02 09:15:00,54.388
2025-08-02 09:30:00,53.386
2025-08-02 09:45:00,50.724
2025-08-02 10:00:00,52.286
2025-08-02 10:15:00,50.66
2025-08-02 10:30:00,51.511
2025-08-02 10:45:00,51.834
2025-08-02 11:00:00,52.459
2025-08-02 11:15:00,53.617
2025-08-02 11:30:00,53.334
2025-08-02 11:45:00,55.132
2025-08-02 12:00:00,56.923
2025-08-02 12:15:00,56.214
2025-08-02 12:30:00,55.204
2025-08-02 12:45:00,54.224
2025-08-02 13:00:00,60.673
2025-08-02 13:15:00,64.851
2025-08-02 13:30:00,59.401
2025-08-02 13:45:00,58.922
2025-08-02 14:00:00,54.407
2025-08-02 14:15:00,53.307
2025-08-02 14:30:00,54.687
2025-08-02 14:45:00,55.904
2025-08-02 15:00:00,55.477
2025-08-02 15:15:00,58.208
2025-08-02 15:30:00,59.718
2025-08-02 15:45:00,60.608
2025-08-02 16:00:00,63.746
2025-08-02 16:15:00,65.762
2025-08-02 16:30:00,69.197
2025-08-02 16:45:00,73.584
2025-08-02 17:00:00,75.036
2025-08-02 17:15:00,78.441
2025-08-02 17:30:00,83.432
2025-08-02 17:45:00,87.638
2025-08-02 18:00:00,93.462
2025-08-02 18:15:00,98.266
2025-08-02 18:30:00,159.897
2025-08-02 18:45:00,125.979
2025-08-02 19:00:00,114.252
2025-08-02 19:15:00,121.139
2025-08-02 19:30:00,173.48
2025-08-02 19:45:00,225.495
2025-08-02 20:00:00,135.774
2025-08-02 20:15:00,175.195
2025-08-02 20:30:00,253.264
2025-08-02 20:45:00,250.209
2025-08-02 21:00:00,243.089
2025-08-02 21:15:00,308.379
2025-08-02 21:30:00,282.787
2025-08-02 21:45:00,372.733
2025-08-02 22:00:00,378.784
2025-08-02 22:15:00,355.698
2025-08-02 22:30:00,329.427
2025-08-02 22:45:00,297.969
2025-08-02 23:00:00,356.344
2025-08-02 23:15:00,314.592
2025-08-02 23:30:00,261.617
2025-08-02 23:45:00,151.945
2025-08-03 00:00:00,389.82
2025-08-03 00:15:00,644.308
2025-08-03 00:30:00,621.465
2025-08-03 00:45:00,606.945
2025-08-03 01:00:00,593.005
2025-08-03 01:15:00,617.843
2025-08-03 01:30:00,672.605
2025-08-03 01:45:00,679.561
2025-08-03 02:00:00,664.855
2025-08-03 02:15:00,649.693
2025-08-03 02:30:00,626.013
2025-08-03 02:45:00,616.655
2025-08-03 03:00:00,611.94
2025-08-03 03:15:00,569.855
2025-08-03 03:30:00,546.188
2025-08-03 03:45:00,520.235
2025-08-03 04:00:00,515.508
2025-08-03 04:15:00,513.36
2025-08-03 04:30:00,503.49
2025-08-03 04:45:00,483.02
2025-08-03 05:00:00,464.245
2025-08-03 05:15:00,448.075
2025-08-03 05:30:00,429.985
2025-08-03 05:45:00,400.267
2025-08-03 06:00:00,366.585
2025-08-03 06:15:00,354.335
2025-08-03 06:30:00,336.413
2025-08-03 06:45:00,325.16
2025-08-03 07:00:00,314.36
2025-08-03 07:15:00,247.423
2025-08-03 07:30:00,159.923
2025-08-03 07:45:00,121.539
2025-08-03 08:00:00,114.841
2025-08-03 08:15:00,108.306
2025-08-03 08:30:00,95.076
2025-08-03 08:45:00,86.751
2025-08-03 09:00:00,80.967
2025-08-03 09:15:00,74.838
2025-08-03 09:30:00,70.746
2025-08-03 09:45:00,65.09
2025-08-03 10:00:00,61.851
2025-08-03 10:15:00,60.975
2025-08-03 10:30:00,56.339
2025-08-03 10:45:00,55.605
2025-08-03 11:00:00,55.141
2025-08-03 11:15:00,53.145
2025-08-03 11:30:00,51.531
2025-08-03 11:45:00,50.529
2025-08-03 12:00:00,50.202
2025-08-03 12:15:00,48.724
2025-08-03 12:30:00,54.814
2025-08-03 12:45:00,55.394
2025-08-03 13:00:00,55.409
2025-08-03 13:15:00,50.621
2025-08-03 13:30:00,52.893
2025-08-03 13:45:00,58.978
2025-08-03 14:00:00,57.781
2025-08-03 14:15:00,61.607
2025-08-03 14:30:00,65.146
2025-08-03 14:45:00,65.037
2025-08-03 15:00:00,68.661
2025-08-03 15:15:00,70.32
2025-08-03 15:30:00,72.395
2025-08-03 15:45:00,77.851
2025-08-03 16:00:00,78.815
2025-08-03 16:15:00,82.335
2025-08-03 16:30:00,88.338
2025-08-03 16:45:00,93.53
2025-08-03 17:00:00,97.909
2025-08-03 17:15:00,101.793
2025-08-03 17:30:00,105.996
2025-08-03 17:45:00,119.219
2025-08-03 18:00:00,126.849
2025-08-03 18:15:00,151.029
2025-08-03 18:30:00,174.196
2025-08-03 18:45:00,224.672
2025-08-03 19:00:00,249.711
2025-08-03 19:15:00,287.675
2025-08-03 19:30:00,330.098
2025-08-03 19:45:00,334.974
2025-08-03 20:00:00,393.588
2025-08-03 20:15:00,415.685
2025-08-03 20:30:00,425.871
2025-08-03 20:45:00,454.258
2025-08-03 21:00:00,481.422
2025-08-03 21:15:00,513.748
2025-08-03 21:30:00,489.22
2025-08-03 21:45:00,497.062
2025-08-03 22:00:00,423.733
2025-08-03 22:15:00,416.513
2025-08-03 22:30:00,343.392
2025-08-03 22:45:00,320.624
2025-08-03 23:00:00,384.987
2025-08-03 23:15:00,331.55
2025-08-03 23:30:00,224.41
2025-08-03 23:45:00,195.771
2025-08-04 00:00:00,539.77
2025-08-04 00:15:00,616.843
2025-08-04 00:30:00,547.009
2025-08-04 00:45:00,649.047
2025-08-04 01:00:00,715.744
2025-08-04 01:15:00,705.508
2025-08-04 01:30:00,674.865
2025-08-04 01:45:00,662.323
2025-08-04 02:00:00,755.992
2025-08-04 02:15:00,753.443
2025-08-04 02:30:00,722.715
2025-08-04 02:45:00,685.813
2025-08-04 03:00:00,683.55
2025-08-04 03:15:00,708.653
2025-08-04 03:30:00,714.24
2025-08-04 03:45:00,704.41
2025-08-04 04:00:00,638.573
2025-08-04 04:15:00,602.094
2025-08-04 04:30:00,597.748
2025-08-04 04:45:00,609.518
2025-08-04 05:00:00,572.906
2025-08-04 05:15:00,593.125
2025-08-04 05:30:00,555.305
2025-08-04 05:45:00,541.607
2025-08-04 06:00:00,533.455
2025-08-04 06:15:00,515.193
2025-08-04 06:30:00,496.175
2025-08-04 06:45:00,472.117
2025-08-04 07:00:00,433.427
2025-08-04 07:15:00,324.288
2025-08-04 07:30:00,238.043
2025-08-04 07:45:00,189.406
2025-08-04 08:00:00,173.867
2025-08-04 08:15:00,160.495
2025-08-04 08:30:00,192.512
2025-08-04 08:45:00,187.31
2025-08-04 09:00:00,162.417
2025-08-04 09:15:00,149.727
2025-08-04 09:30:00,141.947
2025-08-04 09:45:00,128.727
2025-08-04 10:00:00,126.245
2025-08-04 10:15:00,116.193
2025-08-04 10:30:00,101.74
2025-08-04 10:45:00,88.391
2025-08-04 11:00:00,87.696
2025-08-04 11:15:00,86.412
2025-08-04 11:30:00,81.938
2025-08-04 11:45:00,78.715
2025-08-04 12:00:00,72.51
2025-08-04 12:15:00,72.31
2025-08-04 12:30:00,75.45
2025-08-04 12:45:00,76.893
2025-08-04 13:00:00,77.217
2025-08-04 13:15:00,84.14
2025-08-04 13:30:00,82.412
2025-08-04 13:45:00,78.632
2025-08-04 14:00:00,76.497
2025-08-04 14:15:00,76.368
2025-08-04 14:30:00,70.321
2025-08-04 14:45:00,67.72
2025-08-04 15:00:00,62.95
2025-08-04 15:15:00,68.128
2025-08-04 15:30:00,69.826
2025-08-04 15:45:00,77.272
2025-08-04 16:00:00,82.164
2025-08-04 16:15:00,90.482
2025-08-04 16:30:00,105.862
2025-08-04 16:45:00,95.796
2025-08-04 17:00:00,101.872
2025-08-04 17:15:00,115.347
2025-08-04 17:30:00,118.232
2025-08-04 17:45:00,129.231
2025-08-04 18:00:00,146.768
2025-08-04 18:15:00,223.96
2025-08-04 18:30:00,128.393
2025-08-04 18:45:00,129.62
2025-08-04 19:00:00,280.318
2025-08-04 19:15:00,306.915
2025-08-04 19:30:00,349.742
2025-08-04 19:45:00,339.382
2025-08-04 20:00:00,210.503
2025-08-04 20:15:00,273.648
2025-08-04 20:30:00,246.183
2025-08-04 20:45:00,276.556
2025-08-04 21:00:00,290.993
2025-08-04 21:15:00,318.544
2025-08-04 21:30:00,308.892
2025-08-04 21:45:00,287.912
2025-08-04 22:00:00,231.564
2025-08-04 22:15:00,456.829
2025-08-04 22:30:00,526.93
2025-08-04 22:45:00,576.285
2025-08-04 23:00:00,427.381
2025-08-04 23:15:00,380.866
2025-08-04 23:30:00,324.685
2025-08-04 23:45:00,317.222
2025-08-05 00:00:00,651.482
2025-08-05 00:15:00,512.179
2025-08-05 00:30:00,392.946
2025-08-05 00:45:00,425.902
2025-08-05 01:00:00,601.051
2025-08-05 01:15:00,529.466
2025-08-05 01:30:00,496.584
2025-08-05 01:45:00,516.343
2025-08-05 02:00:00,600.052
2025-08-05 02:15:00,596.948
2025-08-05 02:30:00,543.203
2025-08-05 02:45:00,515.505
2025-08-05 03:00:00,503.353
2025-08-05 03:15:00,517.153
2025-08-05 03:30:00,501.99
2025-08-05 03:45:00,480.7
2025-08-05 04:00:00,446.485
2025-08-05 04:15:00,435.585
2025-08-05 04:30:00,419.59
2025-08-05 04:45:00,394.4
2025-08-05 05:00:00,370.136
2025-08-05 05:15:00,362.027
2025-08-05 05:30:00,346.255
2025-08-05 05:45:00,327.682
2025-08-05 06:00:00,296.438
2025-08-05 06:15:00,279.207
2025-08-05 06:30:00,259.11
2025-08-05 06:45:00,252.985
2025-08-05 07:00:00,237.238
2025-08-05 07:15:00,216.456
2025-08-05 07:30:00,166.068
2025-08-05 07:45:00,155.018
2025-08-05 08:00:00,142.816
2025-08-05 08:15:00,135.062
2025-08-05 08:30:00,130.21
2025-08-05 08:45:00,119.782
2025-08-05 09:00:00,112.677
2025-08-05 09:15:00,101.997
2025-08-05 09:30:00,84.284
2025-08-05 09:45:00,74.278
2025-08-05 10:00:00,69.761
2025-08-05 10:15:00,68.846
2025-08-05 10:30:00,64.518
2025-08-05 10:45:00,63.059
2025-08-05 11:00:00,55.952
2025-08-05 11:15:00,56.888
2025-08-05 11:30:00,58.515
2025-08-05 11:45:00,57.702
2025-08-05 12:00:00,58.333
2025-08-05 12:15:00,51.815
2025-08-05 12:30:00,56.54
2025-08-05 12:45:00,59.721
2025-08-05 13:00:00,54.518
2025-08-05 13:15:00,56.865
2025-08-05 13:30:00,64.351
2025-08-05 13:45:00,62.644
2025-08-05 14:00:00,70.326
2025-08-05 14:15:00,76.423
2025-08-05 14:30:00,77.486
2025-08-05 14:45:00,81.259
2025-08-05 15:00:00,94.9
2025-08-05 15:15:00,99.282
2025-08-05 15:30:00,114.708
2025-08-05 15:45:00,111.377
2025-08-05 16:00:00,109.684
2025-08-05 16:15:00,113.101
2025-08-05 16:30:00,180.712
2025-08-05 16:45:00,124.223
2025-08-05 17:00:00,129.168
2025-08-05 17:15:00,136.306
2025-08-05 17:30:00,155.699
2025-08-05 17:45:00,180.566
2025-08-05 18:00:00,165.878
2025-08-05 18:15:00,141.487
2025-08-05 18:30:00,215.517
2025-08-05 18:45:00,254.073
2025-08-05 19:00:00,218.363
2025-08-05 19:15:00,312.032
2025-08-05 19:30:00,363.247
2025-08-05 19:45:00,403.171
2025-08-05 20:00:00,430.761
2025-08-05 20:15:00,381.441
2025-08-05 20:30:00,394.781
2025-08-05 20:45:00,458.315
2025-08-05 21:00:00,464.361
2025-08-05 21:15:00,428.794
2025-08-05 21:30:00,456.75
2025-08-05 21:45:00,479.665
2025-08-05 22:00:00,416.263
2025-08-05 22:15:00,428.978
2025-08-05 22:30:00,439.343
2025-08-05 22:45:00,374.099
2025-08-05 23:00:00,378.34
2025-08-05 23:15:00,310.021
2025-08-05 23:30:00,319.269
2025-08-05 23:45:00,375.172
2025-08-06 00:00:00,639.523
2025-08-06 00:15:00,713.088
2025-08-06 00:30:00,679.632
2025-08-06 00:45:00,694.164
2025-08-06 01:00:00,724.511
2025-08-06 01:15:00,641.864
2025-08-06 01:30:00,575.058
2025-08-06 01:45:00,484.142
2025-08-06 02:00:00,452.05
2025-08-06 02:15:00,308.406
2025-08-06 02:30:00,306.791
2025-08-06 02:45:00,306.813
2025-08-06 03:00:00,418.198
2025-08-06 03:15:00,442.515
2025-08-06 03:30:00,493.075
2025-08-06 03:45:00,477.202
2025-08-06 04:00:00,483.404
2025-08-06 04:15:00,489.316
2025-08-06 04:30:00,462.523
2025-08-06 04:45:00,459.108
2025-08-06 05:00:00,439.651
2025-08-06 05:15:00,419.135
2025-08-06 05:30:00,388.041
2025-08-06 05:45:00,410.118
2025-08-06 06:00:00,393.524
2025-08-06 06:15:00,379.117
2025-08-06 06:30:00,355.366
2025-08-06 06:45:00,323.081
2025-08-06 07:00:00,263.983
2025-08-06 07:15:00,230.357
2025-08-06 07:30:00,215.799
2025-08-06 07:45:00,274.783
2025-08-06 08:00:00,245.407
2025-08-06 08:15:00,279.649
2025-08-06 08:30:00,357.686
2025-08-06 08:45:00,347.649
2025-08-06 09:00:00,325.849
2025-08-06 09:15:00,305.749
2025-08-06 09:30:00,326.184
2025-08-06 09:45:00,318.323
2025-08-06 10:00:00,307.458
2025-08-06 10:15:00,268.712
2025-08-06 10:30:00,229.804
2025-08-06 10:45:00,248.63
2025-08-06 11:00:00,212.829
2025-08-06 11:15:00,143.45
2025-08-06 11:30:00,141.93
2025-08-06 11:45:00,163.857
2025-08-06 12:00:00,127.68
2025-08-06 12:15:00,155.529
2025-08-06 12:30:00,175.149
2025-08-06 12:45:00,195.505
2025-08-06 13:00:00,222.67
2025-08-06 13:15:00,216.399
2025-08-06 13:30:00,220.509
2025-08-06 13:45:00,212.595
2025-08-06 14:00:00,155.343
2025-08-06 14:15:00,162.143
2025-08-06 14:30:00,160.081
2025-08-06 14:45:00,163.637
2025-08-06 15:00:00,151.517
2025-08-06 15:15:00,170.819
2025-08-06 15:30:00,176.121
2025-08-06 15:45:00,165.477
2025-08-06 16:00:00,176.746
2025-08-06 16:15:00,179.064
2025-08-06 16:30:00,175.564
2025-08-06 16:45:00,176.639
2025-08-06 17:00:00,183.785
2025-08-06 17:15:00,194.551
2025-08-06 17:30:00,193.819
2025-08-06 17:45:00,300.535
2025-08-06 18:00:00,434.439
2025-08-06 18:15:00,419.011
2025-08-06 18:30:00,467.169
2025-08-06 18:45:00,497.557
2025-08-06 19:00:00,474.953
2025-08-06 19:15:00,552.752
2025-08-06 19:30:00,465.497
2025-08-06 19:45:00,473.293
2025-08-06 20:00:00,494.045
2025-08-06 20:15:00,534.976
2025-08-06 20:30:00,519.447
2025-08-06 20:45:00,522.975
2025-08-06 21:00:00,522.88
2025-08-06 21:15:00,519.164
2025-08-06 21:30:00,519.817
2025-08-06 21:45:00,384.914
2025-08-06 22:00:00,346.139
2025-08-06 22:15:00,216.665
2025-08-06 22:30:00,216.43
2025-08-06 22:45:00,223.475
2025-08-06 23:00:00,212.273
2025-08-06 23:15:00,213.415
2025-08-06 23:30:00,299.162
2025-08-06 23:45:00,226.242
2025-08-07 00:00:00,492.799
2025-08-07 00:15:00,673.312
2025-08-07 00:30:00,527.35
2025-08-07 00:45:00,642.143
2025-08-07 01:00:00,633.958
2025-08-07 01:15:00,628.004
2025-08-07 01:30:00,599.838
2025-08-07 01:45:00,529.359
2025-08-07 02:00:00,566.771
2025-08-07 02:15:00,651.066
2025-08-07 02:30:00,778.637
2025-08-07 02:45:00,793.087
2025-08-07 03:00:00,772.762
2025-08-07 03:15:00,794.497
2025-08-07 03:30:00,819.328
2025-08-07 03:45:00,863.78
2025-08-07 04:00:00,883.84
2025-08-07 04:15:00,878.989
2025-08-07 04:30:00,888.472
2025-08-07 04:45:00,882.374
2025-08-07 05:00:00,886.154
2025-08-07 05:15:00,877.889
2025-08-07 05:30:00,889.619
2025-08-07 05:45:00,891.555
2025-08-07 06:00:00,888.174
2025-08-07 06:15:00,839.647
2025-08-07 06:30:00,822.945
2025-08-07 06:45:00,768.016
2025-08-07 07:00:00,740.848
2025-08-07 07:15:00,693.521
2025-08-07 07:30:00,655.515
2025-08-07 07:45:00,604.467
2025-08-07 08:00:00,581.134
2025-08-07 08:15:00,626.18
2025-08-07 08:30:00,600.769
2025-08-07 08:45:00,654.212
2025-08-07 09:00:00,678.884
2025-08-07 09:15:00,625.576
2025-08-07 09:30:00,470.663
2025-08-07 09:45:00,430.196
2025-08-07 10:00:00,533.651
2025-08-07 10:15:00,438.803
2025-08-07 10:30:00,506.684
2025-08-07 10:45:00,466.99
2025-08-07 11:00:00,492.117
2025-08-07 11:15:00,507.573
2025-08-07 11:30:00,537.696
2025-08-07 11:45:00,508.081
2025-08-07 12:00:00,520.056
2025-08-07 12:15:00,538.555
2025-08-07 12:30:00,562.584
2025-08-07 12:45:00,560.887
2025-08-07 13:00:00,556.675
2025-08-07 13:15:00,548.747
2025-08-07 13:30:00,546.344
2025-08-07 13:45:00,518.002
2025-08-07 14:00:00,448.455
2025-08-07 14:15:00,455.28
2025-08-07 14:30:00,510.276
2025-08-07 14:45:00,564.905
2025-08-07 15:00:00,374.618
2025-08-07 15:15:00,414.706
2025-08-07 15:30:00,396.391
2025-08-07 15:45:00,412.457
2025-08-07 16:00:00,244.964
2025-08-07 16:15:00,259.078
2025-08-07 16:30:00,222.498
2025-08-07 16:45:00,211.952
2025-08-07 17:00:00,209.498
2025-08-07 17:15:00,249.312
2025-08-07 17:30:00,212.515
2025-08-07 17:45:00,303.206
2025-08-07 18:00:00,319.525
2025-08-07 18:15:00,332.769
2025-08-07 18:30:00,507.659
2025-08-07 18:45:00,475.858
2025-08-07 19:00:00,410.731
2025-08-07 19:15:00,484.18
2025-08-07 19:30:00,537.044
2025-08-07 19:45:00,616.015
2025-08-07 20:00:00,774.275
2025-08-07 20:15:00,760.143
2025-08-07 20:30:00,666.896
2025-08-07 20:45:00,654.243
2025-08-07 21:00:00,577.374
2025-08-07 21:15:00,552.196
2025-08-07 21:30:00,469.059
2025-08-07 21:45:00,251.084
2025-08-07 22:00:00,251.239
2025-08-07 22:15:00,254.039
2025-08-07 22:30:00,275.459
2025-08-07 22:45:00,249.832
2025-08-07 23:00:00,261.781
2025-08-07 23:15:00,358.82
2025-08-07 23:30:00,459.529
2025-08-07 23:45:00,257.969
2025-08-08 00:00:00,768.32
2025-08-08 00:15:00,792.221
2025-08-08 00:30:00,833.32
2025-08-08 00:45:00,837.656
2025-08-08 01:00:00,1082.155
2025-08-08 01:15:00,716.583
2025-08-08 01:30:00,749.935
2025-08-08 01:45:00,740.168
2025-08-08 02:00:00,841.078
2025-08-08 02:15:00,830.687
2025-08-08 02:30:00,871.177
2025-08-08 02:45:00,838.572
2025-08-08 03:00:00,803.75
2025-08-08 03:15:00,839.489
2025-08-08 03:30:00,867.125
2025-08-08 03:45:00,872.427
2025-08-08 04:00:00,919.45
2025-08-08 04:15:00,927.255
2025-08-08 04:30:00,896.192
2025-08-08 04:45:00,911.21
2025-08-08 05:00:00,891.838
2025-08-08 05:15:00,902.914
2025-08-08 05:30:00,909.385
2025-08-08 05:45:00,878.881
2025-08-08 06:00:00,821.639
2025-08-08 06:15:00,780.705
2025-08-08 06:30:00,747.927
2025-08-08 06:45:00,741.628
2025-08-08 07:00:00,721.532
2025-08-08 07:15:00,642.684
2025-08-08 07:30:00,568.629
2025-08-08 07:45:00,527.892
2025-08-08 08:00:00,373.23
2025-08-08 08:15:00,465.679
2025-08-08 08:30:00,414.089
2025-08-08 08:45:00,356.004
2025-08-08 09:00:00,294.605
2025-08-08 09:15:00,190.925
2025-08-08 09:30:00,186.328
2025-08-08 09:45:00,180.656
2025-08-08 10:00:00,178.022
2025-08-08 10:15:00,173.502
2025-08-08 10:30:00,172.054
2025-08-08 10:45:00,167.004
2025-08-08 11:00:00,166.716
2025-08-08 11:15:00,171.739
2025-08-08 11:30:00,188.273
2025-08-08 11:45:00,189.842
2025-08-08 12:00:00,191.559
2025-08-08 12:15:00,194.658
2025-08-08 12:30:00,217.979
2025-08-08 12:45:00,213.718
2025-08-08 13:00:00,219.514
2025-08-08 13:15:00,217.576
2025-08-08 13:30:00,218.936
2025-08-08 13:45:00,238.957
2025-08-08 14:00:00,198.813
2025-08-08 14:15:00,205.942
2025-08-08 14:30:00,205.863
2025-08-08 14:45:00,205.124
2025-08-08 15:00:00,189.277
2025-08-08 15:15:00,208.326
2025-08-08 15:30:00,212.685
2025-08-08 15:45:00,360.887
2025-08-08 16:00:00,411.213
2025-08-08 16:15:00,303.818
2025-08-08 16:30:00,363.781
2025-08-08 16:45:00,488.149
2025-08-08 17:00:00,457.725
2025-08-08 17:15:00,510.223
2025-08-08 17:30:00,555.518
2025-08-08 17:45:00,677.603
2025-08-08 18:00:00,631.358
2025-08-08 18:15:00,604.459
2025-08-08 18:30:00,736.015
2025-08-08 18:45:00,806.841
2025-08-08 19:00:00,870.063
2025-08-08 19:15:00,969.11
2025-08-08 19:30:00,1029.057
2025-08-08 19:45:00,924.89
2025-08-08 20:00:00,917.17
2025-08-08 20:15:00,976.911
2025-08-08 20:30:00,980.12
2025-08-08 20:45:00,1128.424
2025-08-08 21:00:00,1145.026
2025-08-08 21:15:00,1074.073
2025-08-08 21:30:00,1037.4
2025-08-08 21:45:00,994.95
2025-08-08 22:00:00,967.996
2025-08-08 22:15:00,980.742
2025-08-08 22:30:00,949.391
2025-08-08 22:45:00,877.864
2025-08-08 23:00:00,871.037
2025-08-08 23:15:00,877.117
2025-08-08 23:30:00,851.529
2025-08-08 23:45:00,838.603
2025-08-09 00:00:00,1355.005
2025-08-09 00:15:00,1400.372
2025-08-09 00:30:00,1369.406
2025-08-09 00:45:00,1407.135
2025-08-09 01:00:00,1406.781
2025-08-09 01:15:00,1413.723
2025-08-09 01:30:00,1398.875
2025-08-09 01:45:00,1340.414
2025-08-09 02:00:00,1345.655
2025-08-09 02:15:00,1374.041
2025-08-09 02:30:00,1298.661
2025-08-09 02:45:00,1360.328
2025-08-09 03:00:00,1410.704
2025-08-09 03:15:00,1337.744
2025-08-09 03:30:00,1420.732
2025-08-09 03:45:00,1420.856
2025-08-09 04:00:00,1428.709
2025-08-09 04:15:00,1465.902
2025-08-09 04:30:00,1500.648
2025-08-09 04:45:00,1459.13
2025-08-09 05:00:00,1442.17
2025-08-09 05:15:00,1468.099
2025-08-09 05:30:00,1457.998
2025-08-09 05:45:00,1471.997
2025-08-09 06:00:00,1468.172
2025-08-09 06:15:00,1473.459
2025-08-09 06:30:00,1388.182
2025-08-09 06:45:00,1339.862
2025-08-09 07:00:00,1245.866
2025-08-09 07:15:00,1118.236
2025-08-09 07:30:00,939.942
2025-08-09 07:45:00,891.189
2025-08-09 08:00:00,757.442
2025-08-09 08:15:00,694.785
2025-08-09 08:30:00,621.486
2025-08-09 08:45:00,639.382
2025-08-09 09:00:00,581.956
2025-08-09 09:15:00,416.24
2025-08-09 09:30:00,382.788
2025-08-09 09:45:00,364.268
2025-08-09 10:00:00,328.078
2025-08-09 10:15:00,250.815
2025-08-09 10:30:00,218.499
2025-08-09 10:45:00,214.706
2025-08-09 11:00:00,325.655
2025-08-09 11:15:00,320.586
2025-08-09 11:30:00,453.816
2025-08-09 11:45:00,410.825
2025-08-09 12:00:00,444.54
2025-08-09 12:15:00,470.18
2025-08-09 12:30:00,545.6
2025-08-09 12:45:00,524.777
2025-08-09 13:00:00,528.105
2025-08-09 13:15:00,514.552
2025-08-09 13:30:00,528.286
2025-08-09 13:45:00,468.697
2025-08-09 14:00:00,365.393
2025-08-09 14:15:00,353.117
2025-08-09 14:30:00,340.512
2025-08-09 14:45:00,359.831
2025-08-09 15:00:00,482.453
2025-08-09 15:15:00,448.343
2025-08-09 15:30:00,396.706
2025-08-09 15:45:00,506.697
2025-08-09 16:00:00,521.399
2025-08-09 16:15:00,547.472
2025-08-09 16:30:00,541.134
2025-08-09 16:45:00,544.624
2025-08-09 17:00:00,496.663
2025-08-09 17:15:00,632.401
2025-08-09 17:30:00,582.028
2025-08-09 17:45:00,581.78
2025-08-09 18:00:00,637.367
2025-08-09 18:15:00,683.104
2025-08-09 18:30:00,813.594
2025-08-09 18:45:00,830.295
2025-08-09 19:00:00,869.544
2025-08-09 19:15:00,878.955
2025-08-09 19:30:00,957.81
2025-08-09 19:45:00,1031.157
2025-08-09 20:00:00,1081.826
2025-08-09 20:15:00,1112.977
2025-08-09 20:30:00,1188.651
2025-08-09 20:45:00,1217.907
2025-08-09 21:00:00,1263.123
2025-08-09 21:15:00,1180.405
2025-08-09 21:30:00,1194.537
2025-08-09 21:45:00,1134.917
2025-08-09 22:00:00,1134.012
2025-08-09 22:15:00,1176.911
2025-08-09 22:30:00,1170.695
2025-08-09 22:45:00,1116.358
2025-08-09 23:00:00,1139.939
2025-08-09 23:15:00,1283.974
2025-08-09 23:30:00,1230.938
2025-08-09 23:45:00,1235.005
2025-08-10 00:00:00,1436.211
2025-08-10 00:15:00,1481.668
2025-08-10 00:30:00,1484.911
2025-08-10 00:45:00,1484.731
2025-08-10 01:00:00,1482.692
2025-08-10 01:15:00,1512.108
2025-08-10 01:30:00,1502.883
2025-08-10 01:45:00,1485.432
2025-08-10 02:00:00,1452.13
2025-08-10 02:15:00,1439.77
2025-08-10 02:30:00,1450.991
2025-08-10 02:45:00,1469.957
2025-08-10 03:00:00,1474.938
2025-08-10 03:15:00,1461.137
2025-08-10 03:30:00,1420.822
2025-08-10 03:45:00,1355.347
2025-08-10 04:00:00,1305.052
2025-08-10 04:15:00,1288.148
2025-08-10 04:30:00,1345.004
2025-08-10 04:45:00,1280.959
2025-08-10 05:00:00,1323.594
2025-08-10 05:15:00,1293.031
2025-08-10 05:30:00,1259.383
2025-08-10 05:45:00,1295.136
2025-08-10 06:00:00,1335.482
2025-08-10 06:15:00,1287.139
2025-08-10 06:30:00,1214.22
2025-08-10 06:45:00,1135.58
2025-08-10 07:00:00,1060.327
2025-08-10 07:15:00,880.16
2025-08-10 07:30:00,736.156
2025-08-10 07:45:00,697.33
2025-08-10 08:00:00,597.226
2025-08-10 08:15:00,619.027
2025-08-10 08:30:00,561.922
2025-08-10 08:45:00,563.097
2025-08-10 09:00:00,489.468
2025-08-10 09:15:00,415.935
2025-08-10 09:30:00,417.844
2025-08-10 09:45:00,290.074
2025-08-10 10:00:00,260.621
2025-08-10 10:15:00,211.26
2025-08-10 10:30:00,197.217
2025-08-10 10:45:00,171.531
2025-08-10 11:00:00,175.37
2025-08-10 11:15:00,157.481
2025-08-10 11:30:00,221.325
2025-08-10 11:45:00,166.463
2025-08-10 12:00:00,333.23
2025-08-10 12:15:00,230.033
2025-08-10 12:30:00,334.965
2025-08-10 12:45:00,355.794
2025-08-10 13:00:00,374.999
2025-08-10 13:15:00,373.817
2025-08-10 13:30:00,389.328
2025-08-10 13:45:00,340.926
2025-08-10 14:00:00,209.242
2025-08-10 14:15:00,241.88
2025-08-10 14:30:00,311.407
2025-08-10 14:45:00,312.481
2025-08-10 15:00:00,349.53
2025-08-10 15:15:00,305.836
2025-08-10 15:30:00,226.939
2025-08-10 15:45:00,243.776
2025-08-10 16:00:00,235.718
2025-08-10 16:15:00,287.25
2025-08-10 16:30:00,272.224
2025-08-10 16:45:00,254.7
2025-08-10 17:00:00,220.564
2025-08-10 17:15:00,238.819
2025-08-10 17:30:00,237.883
2025-08-10 17:45:00,300.132
2025-08-10 18:00:00,339.856
2025-08-10 18:15:00,337.275
2025-08-10 18:30:00,395.457
2025-08-10 18:45:00,473.76
2025-08-10 19:00:00,523.232
2025-08-10 19:15:00,561.61
2025-08-10 19:30:00,620.211
2025-08-10 19:45:00,667.494
2025-08-10 20:00:00,720.454
2025-08-10 20:15:00,761.526
2025-08-10 20:30:00,796.514
2025-08-10 20:45:00,827.639
2025-08-10 21:00:00,838.501
2025-08-10 21:15:00,845.155
2025-08-10 21:30:00,845.971
2025-08-10 21:45:00,827.268
2025-08-10 22:00:00,833.243
2025-08-10 22:15:00,789.664
2025-08-10 22:30:00,806.974
2025-08-10 22:45:00,810.91
2025-08-10 23:00:00,917.235
2025-08-10 23:15:00,969.078
2025-08-10 23:30:00,921.324
2025-08-10 23:45:00,879.594
2025-08-11 00:00:00,1033.987
2025-08-11 00:15:00,1064.796
2025-08-11 00:30:00,1075.659
2025-08-11 00:45:00,1086.794
2025-08-11 01:00:00,1101.141
2025-08-11 01:15:00,1138.188
2025-08-11 01:30:00,1160.523
2025-08-11 01:45:00,1173.943
2025-08-11 02:00:00,1201.02
2025-08-11 02:15:00,1196.877
2025-08-11 02:30:00,1210.445
2025-08-11 02:45:00,1219.75
2025-08-11 03:00:00,1195.7
2025-08-11 03:15:00,1211.442
2025-08-11 03:30:00,1203.678
2025-08-11 03:45:00,1201.4
2025-08-11 04:00:00,1173.103
2025-08-11 04:15:00,1141.255
2025-08-11 04:30:00,1107.232
2025-08-11 04:45:00,1055.516
2025-08-11 05:00:00,993.794
2025-08-11 05:15:00,957.415
2025-08-11 05:30:00,957.52
2025-08-11 05:45:00,867.659
2025-08-11 06:00:00,837.007
2025-08-11 06:15:00,695.402
2025-08-11 06:30:00,698.028
2025-08-11 06:45:00,716.321
2025-08-11 07:00:00,704.831
2025-08-11 07:15:00,639.653
2025-08-11 07:30:00,481.68
2025-08-11 07:45:00,459.412
2025-08-11 08:00:00,513.008
2025-08-11 08:15:00,492.755
2025-08-11 08:30:00,525.66
2025-08-11 08:45:00,542.142
2025-08-11 09:00:00,522.382
2025-08-11 09:15:00,462.255
2025-08-11 09:30:00,446.913
2025-08-11 09:45:00,390.338
2025-08-11 10:00:00,427.787
2025-08-11 10:15:00,354.093
2025-08-11 10:30:00,336.344
2025-08-11 10:45:00,269.78
2025-08-11 11:00:00,212.968
2025-08-11 11:15:00,332.687
2025-08-11 11:30:00,275.045
2025-08-11 11:45:00,262.05
2025-08-11 12:00:00,202.854
2025-08-11 12:15:00,201.011
2025-08-11 12:30:00,254.566
2025-08-11 12:45:00,253.776
2025-08-11 13:00:00,267.402
2025-08-11 13:15:00,266.111
2025-08-11 13:30:00,253.512
2025-08-11 13:45:00,266.574
2025-08-11 14:00:00,253.696
2025-08-11 14:15:00,237.949
2025-08-11 14:30:00,233.538
2025-08-11 14:45:00,237.908
2025-08-11 15:00:00,234.085
2025-08-11 15:15:00,239.56
2025-08-11 15:30:00,229.49
2025-08-11 15:45:00,234.83
2025-08-11 16:00:00,237.775
2025-08-11 16:15:00,243.49
2025-08-11 16:30:00,233.602
2025-08-11 16:45:00,230.789
2025-08-11 17:00:00,222.607
2025-08-11 17:15:00,223.819
2025-08-11 17:30:00,216.911
2025-08-11 17:45:00,236.049
2025-08-11 18:00:00,241.664
2025-08-11 18:15:00,246.901
2025-08-11 18:30:00,252.889
2025-08-11 18:45:00,266.286
2025-08-11 19:00:00,274.971
2025-08-11 19:15:00,286.316
2025-08-11 19:30:00,288.713
2025-08-11 19:45:00,299.211
2025-08-11 20:00:00,324.156
2025-08-11 20:15:00,339.469
2025-08-11 20:30:00,354.249
2025-08-11 20:45:00,370.986
2025-08-11 21:00:00,374.264
2025-08-11 21:15:00,378.391
2025-08-11 21:30:00,372.954
2025-08-11 21:45:00,386.026
2025-08-11 22:00:00,406.494
2025-08-11 22:15:00,414.536
2025-08-11 22:30:00,417.461
2025-08-11 22:45:00,424.82
2025-08-11 23:00:00,431.055
2025-08-11 23:15:00,438.545
2025-08-11 23:30:00,449.587
2025-08-11 23:45:00,471.082
2025-08-12 00:00:00,491.496
2025-08-12 00:15:00,516.234
2025-08-12 00:30:00,524.486
2025-08-12 00:45:00,551.393
2025-08-12 01:00:00,547.985
2025-08-12 01:15:00,553.7
2025-08-12 01:30:00,558.38
2025-08-12 01:45:00,562.81
2025-08-12 02:00:00,566.66
2025-08-12 02:15:00,572.323
2025-08-12 02:30:00,571.975
2025-08-12 02:45:00,581.09
2025-08-12 03:00:00,588.188
2025-08-12 03:15:00,593.93
2025-08-12 03:30:00,597.675
2025-08-12 03:45:00,618.372
2025-08-12 04:00:00,636.635
2025-08-12 04:15:00,653.958
2025-08-12 04:30:00,665.96
2025-08-12 04:45:00,664.893
2025-08-12 05:00:00,670.82
2025-08-12 05:15:00,673.31
2025-08-12 05:30:00,686.514
2025-08-12 05:45:00,686.89
2025-08-12 06:00:00,689.518
2025-08-12 06:15:00,692.535
2025-08-12 06:30:00,664.278
2025-08-12 06:45:00,655.602
2025-08-12 07:00:00,627.367
2025-08-12 07:15:00,552.667
2025-08-12 07:30:00,367.899
2025-08-12 07:45:00,405.288
2025-08-12 08:00:00,489.081
2025-08-12 08:15:00,496.651
2025-08-12 08:30:00,541.532
2025-08-12 08:45:00,527.323
2025-08-12 09:00:00,502.114
2025-08-12 09:15:00,463.889
2025-08-12 09:30:00,452.888
2025-08-12 09:45:00,445.608
2025-08-12 10:00:00,381.074
2025-08-12 10:15:00,349.439
2025-08-12 10:30:00,220.076
2025-08-12 10:45:00,310.243
2025-08-12 11:00:00,312.313
2025-08-12 11:15:00,312.457
2025-08-12 11:30:00,283.89
2025-08-12 11:45:00,259.075
2025-08-12 12:00:00,263.031
2025-08-12 12:15:00,263.427
2025-08-12 12:30:00,259.496
2025-08-12 12:45:00,262.979
2025-08-12 13:00:00,229.925
2025-08-12 13:15:00,226.528
2025-08-12 13:30:00,230.839
2025-08-12 13:45:00,226.774
2025-08-12 14:00:00,208.867
2025-08-12 14:15:00,201.781
2025-08-12 14:30:00,194.749
2025-08-12 14:45:00,191.129
2025-08-12 15:00:00,199.544
2025-08-12 15:15:00,206.867
2025-08-12 15:30:00,198.386
2025-08-12 15:45:00,210.593
2025-08-12 16:00:00,218.725
2025-08-12 16:15:00,211.66
2025-08-12 16:30:00,219.456
2025-08-12 16:45:00,161.992
2025-08-12 17:00:00,201.519
2025-08-12 17:15:00,208.381
2025-08-12 17:30:00,220.102
2025-08-12 17:45:00,247.639
2025-08-12 18:00:00,259.311
2025-08-12 18:15:00,260.318
2025-08-12 18:30:00,277.494
2025-08-12 18:45:00,274.909
2025-08-12 19:00:00,263.529
2025-08-12 19:15:00,267.524
2025-08-12 19:30:00,272.481
2025-08-12 19:45:00,278.481
2025-08-12 20:00:00,290.886
2025-08-12 20:15:00,293.286
2025-08-12 20:30:00,290.101
2025-08-12 20:45:00,290.314
2025-08-12 21:00:00,307.82
2025-08-12 21:15:00,286.198
2025-08-12 21:30:00,301.254
2025-08-12 21:45:00,271.3
2025-08-12 22:00:00,312.38
2025-08-12 22:15:00,317.665
2025-08-12 22:30:00,302.258
2025-08-12 22:45:00,300.13
2025-08-12 23:00:00,308.415
2025-08-12 23:15:00,313.25
2025-08-12 23:30:00,320.108
2025-08-12 23:45:00,303.845
2025-08-13 00:00:00,303.44
2025-08-13 00:15:00,311.712
2025-08-13 00:30:00,303.06
2025-08-13 00:45:00,303.48
2025-08-13 01:00:00,290.98
2025-08-13 01:15:00,302.015
2025-08-13 01:30:00,297.835
2025-08-13 01:45:00,297.122
2025-08-13 02:00:00,302.332
2025-08-13 02:15:00,316.79
2025-08-13 02:30:00,325.073
2025-08-13 02:45:00,336.815
2025-08-13 03:00:00,347.573
2025-08-13 03:15:00,348.7
2025-08-13 03:30:00,347.845
2025-08-13 03:45:00,348.182
2025-08-13 04:00:00,342.633
2025-08-13 04:15:00,342.172
2025-08-13 04:30:00,333.64
2025-08-13 04:45:00,325.457
2025-08-13 05:00:00,324.38
2025-08-13 05:15:00,309.592
2025-08-13 05:30:00,297.875
2025-08-13 05:45:00,289.758
2025-08-13 06:00:00,273.793
2025-08-13 06:15:00,274.645
2025-08-13 06:30:00,273.378
2025-08-13 06:45:00,264.275
2025-08-13 07:00:00,252.97
2025-08-13 07:15:00,251.383
2025-08-13 07:30:00,230.535
2025-08-13 07:45:00,212.035
2025-08-13 08:00:00,203.55
2025-08-13 08:15:00,184.447
2025-08-13 08:30:00,161.715
2025-08-13 08:45:00,149.1
2025-08-13 09:00:00,135.87
2025-08-13 09:15:00,128.315
2025-08-13 09:30:00,109.2
2025-08-13 09:45:00,90.225
2025-08-13 10:00:00,80.353
2025-08-13 10:15:00,70.405
2025-08-13 10:30:00,61.272
2025-08-13 10:45:00,58.396
2025-08-13 11:00:00,51.915
2025-08-13 11:15:00,59.033
2025-08-13 11:30:00,57.416
2025-08-13 11:45:00,65.001
2025-08-13 12:00:00,71.331
2025-08-13 12:15:00,67.404
2025-08-13 12:30:00,75.808
2025-08-13 12:45:00,72.637
2025-08-13 13:00:00,69.293
2025-08-13 13:15:00,79.243
2025-08-13 13:30:00,76.679
2025-08-13 13:45:00,74.869
2025-08-13 14:00:00,64.358
2025-08-13 14:15:00,64.099
2025-08-13 14:30:00,66.964
2025-08-13 14:45:00,77.418
2025-08-13 15:00:00,83.373
2025-08-13 15:15:00,87.225
2025-08-13 15:30:00,85.817
2025-08-13 15:45:00,101.34
2025-08-13 16:00:00,111.314
2025-08-13 16:15:00,145.426
2025-08-13 16:30:00,156.757
2025-08-13 16:45:00,163.462
2025-08-13 17:00:00,202.3
2025-08-13 17:15:00,229.37
2025-08-13 17:30:00,260.047
2025-08-13 17:45:00,271.47
2025-08-13 18:00:00,268.261
2025-08-13 18:15:00,145.096
2025-08-13 18:30:00,148.1
2025-08-13 18:45:00,135.331
2025-08-13 19:00:00,142.699
2025-08-13 19:15:00,415.695
2025-08-13 19:30:00,435.957
2025-08-13 19:45:00,422.461
2025-08-13 20:00:00,410.33
2025-08-13 20:15:00,487.505
2025-08-13 20:30:00,419.492
2025-08-13 20:45:00,570.043
2025-08-13 21:00:00,474.203
2025-08-13 21:15:00,448.557
2025-08-13 21:30:00,396.582
2025-08-13 21:45:00,274.427
2025-08-13 22:00:00,515.513
2025-08-13 22:15:00,522.332
2025-08-13 22:30:00,404.291
2025-08-13 22:45:00,340.033
2025-08-13 23:00:00,279.355
2025-08-13 23:15:00,311.941
2025-08-13 23:30:00,449.088
2025-08-13 23:45:00,477.583
2025-08-14 00:00:00,601.531
2025-08-14 00:15:00,575.414
2025-08-14 00:30:00,754.768
2025-08-14 00:45:00,732.435
2025-08-14 01:00:00,657.416
2025-08-14 01:15:00,645.861
2025-08-14 01:30:00,517.731
2025-08-14 01:45:00,456.87
2025-08-14 02:00:00,577.999
2025-08-14 02:15:00,559.884
2025-08-14 02:30:00,548.434
2025-08-14 02:45:00,417.401
2025-08-14 03:00:00,315.213
2025-08-14 03:15:00,314.179
2025-08-14 03:30:00,279.894
2025-08-14 03:45:00,287.0
2025-08-14 04:00:00,286.309
2025-08-14 04:15:00,217.093
2025-08-14 04:30:00,224.055
2025-08-14 04:45:00,231.407
2025-08-14 05:00:00,386.639
2025-08-14 05:15:00,452.36
2025-08-14 05:30:00,524.08
2025-08-14 05:45:00,765.302
2025-08-14 06:00:00,703.251
2025-08-14 06:15:00,644.461
2025-08-14 06:30:00,720.492
2025-08-14 06:45:00,684.119
2025-08-14 07:00:00,815.205
2025-08-14 07:15:00,770.988
2025-08-14 07:30:00,579.217
2025-08-14 07:45:00,656.241
2025-08-14 08:00:00,590.839
2025-08-14 08:15:00,608.399
2025-08-14 08:30:00,611.993
2025-08-14 08:45:00,613.44
2025-08-14 09:00:00,586.087
2025-08-14 09:15:00,568.666
2025-08-14 09:30:00,535.332
2025-08-14 09:45:00,540.662
2025-08-14 10:00:00,462.678
2025-08-14 10:15:00,489.107
2025-08-14 10:30:00,507.622
2025-08-14 10:45:00,514.42
2025-08-14 11:00:00,514.46
2025-08-14 11:15:00,503.355
2025-08-14 11:30:00,607.328
2025-08-14 11:45:00,561.887
2025-08-14 12:00:00,472.764
2025-08-14 12:15:00,337.109
2025-08-14 12:30:00,307.753
2025-08-14 12:45:00,402.33
2025-08-14 13:00:00,450.06
2025-08-14 13:15:00,445.075
2025-08-14 13:30:00,434.946
2025-08-14 13:45:00,300.01
2025-08-14 14:00:00,287.168
2025-08-14 14:15:00,256.493
2025-08-14 14:30:00,203.1
2025-08-14 14:45:00,207.945
2025-08-14 15:00:00,214.633
2025-08-14 15:15:00,250.121
2025-08-14 15:30:00,299.51
2025-08-14 15:45:00,314.575
2025-08-14 16:00:00,427.565
2025-08-14 16:15:00,493.802
2025-08-14 16:30:00,484.398
2025-08-14 16:45:00,545.978
2025-08-14 17:00:00,374.909
2025-08-14 17:15:00,239.387
2025-08-14 17:30:00,314.142
2025-08-14 17:45:00,408.234
2025-08-14 18:00:00,424.506
2025-08-14 18:15:00,430.031
2025-08-14 18:30:00,379.918
2025-08-14 18:45:00,374.529
2025-08-14 19:00:00,373.02
2025-08-14 19:15:00,386.393
2025-08-14 19:30:00,385.613
2025-08-14 19:45:00,398.912
2025-08-14 20:00:00,412.892
2025-08-14 20:15:00,411.575
2025-08-14 20:30:00,192.415
2025-08-14 20:45:00,146.107
2025-08-14 21:00:00,146.579
2025-08-14 21:15:00,154.303
2025-08-14 21:30:00,154.324
2025-08-14 21:45:00,170.75
2025-08-14 22:00:00,146.289
2025-08-14 22:15:00,155.171
2025-08-14 22:30:00,154.959
2025-08-14 22:45:00,154.351
2025-08-14 23:00:00,155.223
2025-08-14 23:15:00,154.681
2025-08-14 23:30:00,153.557
2025-08-14 23:45:00,199.643
2025-08-15 00:00:00,164.921
2025-08-15 00:15:00,282.754
2025-08-15 00:30:00,237.474
2025-08-15 00:45:00,259.652
2025-08-15 01:00:00,228.16
2025-08-15 01:15:00,156.423
2025-08-15 01:30:00,160.817
2025-08-15 01:45:00,152.956
2025-08-15 02:00:00,152.741
2025-08-15 02:15:00,152.819
2025-08-15 02:30:00,151.334
2025-08-15 02:45:00,146.229
2025-08-15 03:00:00,148.089
2025-08-15 03:15:00,145.759
2025-08-15 03:30:00,145.779
2025-08-15 03:45:00,149.759
2025-08-15 04:00:00,145.044
2025-08-15 04:15:00,145.009
2025-08-15 04:30:00,155.405
2025-08-15 04:45:00,171.097
2025-08-15 05:00:00,232.279
2025-08-15 05:15:00,244.549
2025-08-15 05:30:00,155.876
2025-08-15 05:45:00,152.971
2025-08-15 06:00:00,168.358
2025-08-15 06:15:00,145.701
2025-08-15 06:30:00,145.167
2025-08-15 06:45:00,145.212
2025-08-15 07:00:00,145.323
2025-08-15 07:15:00,152.058
2025-08-15 07:30:00,144.424
2025-08-15 07:45:00,149.322
2025-08-15 08:00:00,148.627
2025-08-15 08:15:00,147.396
2025-08-15 08:30:00,148.753
2025-08-15 08:45:00,142.674
2025-08-15 09:00:00,143.327
2025-08-15 09:15:00,144.799
2025-08-15 09:30:00,144.697
2025-08-15 09:45:00,144.757
2025-08-15 10:00:00,150.012
2025-08-15 10:15:00,148.892
2025-08-15 10:30:00,145.292
2025-08-15 10:45:00,144.452
2025-08-15 11:00:00,145.077
2025-08-15 11:15:00,143.238
2025-08-15 11:30:00,142.558
2025-08-15 11:45:00,140.298
2025-08-15 12:00:00,139.19
2025-08-15 12:15:00,136.601
2025-08-15 12:30:00,135.654
2025-08-15 12:45:00,137.707
2025-08-15 13:00:00,135.426
2025-08-15 13:15:00,136.643
2025-08-15 13:30:00,135.423
2025-08-15 13:45:00,138.516
2025-08-15 14:00:00,135.303
2025-08-15 14:15:00,134.048
2025-08-15 14:30:00,131.447
2025-08-15 14:45:00,129.311
2025-08-15 15:00:00,141.185
2025-08-15 15:15:00,158.019
2025-08-15 15:30:00,252.149
2025-08-15 15:45:00,219.091
2025-08-15 16:00:00,259.435
2025-08-15 16:15:00,303.432
2025-08-15 16:30:00,368.902
2025-08-15 16:45:00,250.175
2025-08-15 17:00:00,164.816
2025-08-15 17:15:00,169.174
2025-08-15 17:30:00,216.236
2025-08-15 17:45:00,258.557
2025-08-15 18:00:00,244.721
2025-08-15 18:15:00,261.113
2025-08-15 18:30:00,281.145
2025-08-15 18:45:00,112.99
2025-08-15 19:00:00,201.143
2025-08-15 19:15:00,184.457
2025-08-15 19:30:00,138.998
2025-08-15 19:45:00,190.157
2025-08-15 20:00:00,263.925
2025-08-15 20:15:00,266.379
2025-08-15 20:30:00,245.284
2025-08-15 20:45:00,251.707
2025-08-15 21:00:00,182.774
2025-08-15 21:15:00,237.905
2025-08-15 21:30:00,120.752
2025-08-15 21:45:00,121.282
2025-08-15 22:00:00,303.194
2025-08-15 22:15:00,315.555
2025-08-15 22:30:00,307.33
2025-08-15 22:45:00,276.659
2025-08-15 23:00:00,189.517
2025-08-15 23:15:00,187.894
2025-08-15 23:30:00,170.192
2025-08-15 23:45:00,225.366
2025-08-16 00:00:00,344.095
2025-08-16 00:15:00,449.471
2025-08-16 00:30:00,440.299
2025-08-16 00:45:00,419.045
2025-08-16 01:00:00,396.873
2025-08-16 01:15:00,391.239
2025-08-16 01:30:00,423.684
2025-08-16 01:45:00,381.913
2025-08-16 02:00:00,389.922
2025-08-16 02:15:00,341.636
2025-08-16 02:30:00,390.456
2025-08-16 02:45:00,322.062
2025-08-16 03:00:00,234.821
2025-08-16 03:15:00,377.525
2025-08-16 03:30:00,319.19
2025-08-16 03:45:00,323.328
2025-08-16 04:00:00,277.792
2025-08-16 04:15:00,281.186
2025-08-16 04:30:00,282.961
2025-08-16 04:45:00,246.168
2025-08-16 05:00:00,291.293
2025-08-16 05:15:00,273.663
2025-08-16 05:30:00,275.892
2025-08-16 05:45:00,260.487
2025-08-16 06:00:00,248.685
2025-08-16 06:15:00,259.465
2025-08-16 06:30:00,256.015
2025-08-16 06:45:00,244.745
2025-08-16 07:00:00,240.063
2025-08-16 07:15:00,219.167
2025-08-16 07:30:00,130.81
2025-08-16 07:45:00,165.562
2025-08-16 08:00:00,117.932
2025-08-16 08:15:00,100.81
2025-08-16 08:30:00,79.978
2025-08-16 08:45:00,62.882
2025-08-16 09:00:00,54.566
2025-08-16 09:15:00,48.607
2025-08-16 09:30:00,45.953
2025-08-16 09:45:00,44.973
2025-08-16 10:00:00,46.793
2025-08-16 10:15:00,44.311
2025-08-16 10:30:00,40.124
2025-08-16 10:45:00,38.763
2025-08-16 11:00:00,37.176
2025-08-16 11:15:00,46.542
2025-08-16 11:30:00,40.836
2025-08-16 11:45:00,40.744
2025-08-16 12:00:00,39.089
2025-08-16 12:15:00,39.724
2025-08-16 12:30:00,41.873
2025-08-16 12:45:00,43.128
2025-08-16 13:00:00,43.246
2025-08-16 13:15:00,45.785
2025-08-16 13:30:00,45.996
2025-08-16 13:45:00,45.574
2025-08-16 14:00:00,43.721
2025-08-16 14:15:00,45.039
2025-08-16 14:30:00,50.57
2025-08-16 14:45:00,44.594
2025-08-16 15:00:00,44.167
2025-08-16 15:15:00,45.914
2025-08-16 15:30:00,48.516
2025-08-16 15:45:00,45.56
2025-08-16 16:00:00,58.78
2025-08-16 16:15:00,85.145
2025-08-16 16:30:00,76.533
2025-08-16 16:45:00,72.857
2025-08-16 17:00:00,68.757
2025-08-16 17:15:00,79.817
2025-08-16 17:30:00,91.49
2025-08-16 17:45:00,103.308
2025-08-16 18:00:00,116.605
2025-08-16 18:15:00,125.802
2025-08-16 18:30:00,128.915
2025-08-16 18:45:00,161.038
2025-08-16 19:00:00,178.253
2025-08-16 19:15:00,152.81
2025-08-16 19:30:00,152.682
2025-08-16 19:45:00,171.905
2025-08-16 20:00:00,186.1
2025-08-16 20:15:00,187.637
2025-08-16 20:30:00,203.15
2025-08-16 20:45:00,221.949
2025-08-16 21:00:00,230.402
2025-08-16 21:15:00,251.471
2025-08-16 21:30:00,163.455
2025-08-16 21:45:00,195.627
2025-08-16 22:00:00,248.242
2025-08-16 22:15:00,238.237
2025-08-16 22:30:00,293.185
2025-08-16 22:45:00,300.228
2025-08-16 23:00:00,282.755
2025-08-16 23:15:00,278.878
2025-08-16 23:30:00,290.163
2025-08-16 23:45:00,286.223
2025-08-17 00:00:00,281.33
2025-08-17 00:15:00,282.345
2025-08-17 00:30:00,286.443
2025-08-17 00:45:00,265.383
2025-08-17 01:00:00,256.82
2025-08-17 01:15:00,263.017
2025-08-17 01:30:00,260.95
2025-08-17 01:45:00,258.362
2025-08-17 02:00:00,256.418
2025-08-17 02:15:00,230.81
2025-08-17 02:30:00,223.095
2025-08-17 02:45:00,223.33
2025-08-17 03:00:00,221.723
2025-08-17 03:15:00,214.178
2025-08-17 03:30:00,213.6
2025-08-17 03:45:00,210.085
2025-08-17 04:00:00,193.667
2025-08-17 04:15:00,183.115
2025-08-17 04:30:00,186.688
2025-08-17 04:45:00,172.63
2025-08-17 05:00:00,164.505
2025-08-17 05:15:00,156.585
2025-08-17 05:30:00,151.693
2025-08-17 05:45:00,147.16
2025-08-17 06:00:00,143.883
2025-08-17 06:15:00,146.12
2025-08-17 06:30:00,147.46
2025-08-17 06:45:00,148.977
2025-08-17 07:00:00,148.005
2025-08-17 07:15:00,136.515
2025-08-17 07:30:00,122.816
2025-08-17 07:45:00,106.257
2025-08-17 08:00:00,78.993
2025-08-17 08:15:00,79.283
2025-08-17 08:30:00,75.03
2025-08-17 08:45:00,68.358
2025-08-17 09:00:00,64.816
2025-08-17 09:15:00,59.3
2025-08-17 09:30:00,56.799
2025-08-17 09:45:00,49.674
2025-08-17 10:00:00,46.7
2025-08-17 10:15:00,43.769
2025-08-17 10:30:00,40.965
2025-08-17 10:45:00,38.049
2025-08-17 11:00:00,37.202
2025-08-17 11:15:00,37.076
2025-08-17 11:30:00,38.69
2025-08-17 11:45:00,38.013
2025-08-17 12:00:00,38.701
2025-08-17 12:15:00,38.666
2025-08-17 12:30:00,38.509
2025-08-17 12:45:00,38.939
2025-08-17 13:00:00,37.811
2025-08-17 13:15:00,39.669
2025-08-17 13:30:00,38.468
2025-08-17 13:45:00,40.472
2025-08-17 14:00:00,44.124
2025-08-17 14:15:00,46.484
2025-08-17 14:30:00,48.88
2025-08-17 14:45:00,55.504
2025-08-17 15:00:00,61.072
2025-08-17 15:15:00,67.662
2025-08-17 15:30:00,74.395
2025-08-17 15:45:00,80.357
2025-08-17 16:00:00,121.397
2025-08-17 16:15:00,164.44
2025-08-17 16:30:00,201.212
2025-08-17 16:45:00,216.633
2025-08-17 17:00:00,219.342
2025-08-17 17:15:00,219.845
2025-08-17 17:30:00,223.52
2025-08-17 17:45:00,215.568
2025-08-17 18:00:00,213.375
2025-08-17 18:15:00,208.155
2025-08-17 18:30:00,211.045
2025-08-17 18:45:00,184.365
2025-08-17 19:00:00,209.763
2025-08-17 19:15:00,216.836
2025-08-17 19:30:00,257.594
2025-08-17 19:45:00,282.634
2025-08-17 20:00:00,306.361
2025-08-17 20:15:00,320.836
2025-08-17 20:30:00,339.324
2025-08-17 20:45:00,393.603
2025-08-17 21:00:00,377.672
2025-08-17 21:15:00,341.872
2025-08-17 21:30:00,358.689
2025-08-17 21:45:00,350.194
2025-08-17 22:00:00,321.762
2025-08-17 22:15:00,327.126
2025-08-17 22:30:00,470.975
2025-08-17 22:45:00,394.443
2025-08-17 23:00:00,461.695
2025-08-17 23:15:00,495.017
2025-08-17 23:30:00,434.958
2025-08-17 23:45:00,497.533
2025-08-18 00:00:00,506.068
2025-08-18 00:15:00,554.655
2025-08-18 00:30:00,533.625
2025-08-18 00:45:00,520.695
2025-08-18 01:00:00,526.372
2025-08-18 01:15:00,518.898
2025-08-18 01:30:00,506.119
2025-08-18 01:45:00,532.66
2025-08-18 02:00:00,519.685
2025-08-18 02:15:00,494.688
2025-08-18 02:30:00,473.945
2025-08-18 02:45:00,456.225
2025-08-18 03:00:00,463.563
2025-08-18 03:15:00,460.905
2025-08-18 03:30:00,461.617
2025-08-18 03:45:00,468.35
2025-08-18 04:00:00,482.15
2025-08-18 04:15:00,480.122
2025-08-18 04:30:00,471.945
2025-08-18 04:45:00,450.81
2025-08-18 05:00:00,451.272
2025-08-18 05:15:00,431.68
2025-08-18 05:30:00,430.647
2025-08-18 05:45:00,418.41
2025-08-18 06:00:00,410.15
2025-08-18 06:15:00,414.913
2025-08-18 06:30:00,418.828
2025-08-18 06:45:00,406.655
2025-08-18 07:00:00,408.04
2025-08-18 07:15:00,315.488
2025-08-18 07:30:00,230.061
2025-08-18 07:45:00,135.734
2025-08-18 08:00:00,127.737
2025-08-18 08:15:00,130.327
2025-08-18 08:30:00,167.636
2025-08-18 08:45:00,140.211
2025-08-18 09:00:00,297.274
2025-08-18 09:15:00,273.59
2025-08-18 09:30:00,225.132
2025-08-18 09:45:00,240.349
2025-08-18 10:00:00,258.737
2025-08-18 10:15:00,276.764
2025-08-18 10:30:00,263.763
2025-08-18 10:45:00,257.2
2025-08-18 11:00:00,250.78
2025-08-18 11:15:00,259.16
2025-08-18 11:30:00,251.365
2025-08-18 11:45:00,243.535
2025-08-18 12:00:00,250.01
2025-08-18 12:15:00,235.746
2025-08-18 12:30:00,239.533
2025-08-18 12:45:00,236.85
2025-08-18 13:00:00,233.885
2025-08-18 13:15:00,212.145
2025-08-18 13:30:00,228.951
2025-08-18 13:45:00,232.285
2025-08-18 14:00:00,247.848
2025-08-18 14:15:00,253.505
2025-08-18 14:30:00,276.263
2025-08-18 14:45:00,235.687
2025-08-18 15:00:00,311.433
2025-08-18 15:15:00,233.954
2025-08-18 15:30:00,246.048
2025-08-18 15:45:00,339.94
2025-08-18 16:00:00,373.593
2025-08-18 16:15:00,389.082
2025-08-18 16:30:00,419.415
2025-08-18 16:45:00,460.21
2025-08-18 17:00:00,492.04
2025-08-18 17:15:00,512.65
2025-08-18 17:30:00,525.916
2025-08-18 17:45:00,472.99
2025-08-18 18:00:00,431.941
2025-08-18 18:15:00,466.871
2025-08-18 18:30:00,452.667
2025-08-18 18:45:00,480.919
2025-08-18 19:00:00,587.694
2025-08-18 19:15:00,578.367
2025-08-18 19:30:00,631.861
2025-08-18 19:45:00,742.94
2025-08-18 20:00:00,698.709
2025-08-18 20:15:00,646.836
2025-08-18 20:30:00,727.946
2025-08-18 20:45:00,717.436
2025-08-18 21:00:00,760.65
2025-08-18 21:15:00,730.74
2025-08-18 21:30:00,692.075
2025-08-18 21:45:00,707.786
2025-08-18 22:00:00,636.436
2025-08-18 22:15:00,561.064
2025-08-18 22:30:00,439.8
2025-08-18 22:45:00,450.737
2025-08-18 23:00:00,474.048
2025-08-18 23:15:00,498.689
2025-08-18 23:30:00,456.518
2025-08-18 23:45:00,557.641
2025-08-19 00:00:00,786.044
2025-08-19 00:15:00,959.285
2025-08-19 00:30:00,885.486
2025-08-19 00:45:00,943.039
2025-08-19 01:00:00,1012.657
2025-08-19 01:15:00,1055.877
2025-08-19 01:30:00,1064.412
2025-08-19 01:45:00,1047.84
2025-08-19 02:00:00,1045.55
2025-08-19 02:15:00,1032.963
2025-08-19 02:30:00,1010.585
2025-08-19 02:45:00,1006.245
2025-08-19 03:00:00,999.503
2025-08-19 03:15:00,995.74
2025-08-19 03:30:00,969.315
2025-08-19 03:45:00,962.232
2025-08-19 04:00:00,943.888
2025-08-19 04:15:00,940.065
2025-08-19 04:30:00,936.802
2025-08-19 04:45:00,920.028
2025-08-19 05:00:00,895.513
2025-08-19 05:15:00,880.625
2025-08-19 05:30:00,863.365
2025-08-19 05:45:00,847.175
2025-08-19 06:00:00,828.756
2025-08-19 06:15:00,792.045
2025-08-19 06:30:00,767.042
2025-08-19 06:45:00,743.388
2025-08-19 07:00:00,731.346
2025-08-19 07:15:00,570.634
2025-08-19 07:30:00,504.604
2025-08-19 07:45:00,416.327
2025-08-19 08:00:00,312.236
2025-08-19 08:15:00,355.562
2025-08-19 08:30:00,357.294
2025-08-19 08:45:00,293.909
2025-08-19 09:00:00,430.017
2025-08-19 09:15:00,419.923
2025-08-19 09:30:00,397.319
2025-08-19 09:45:00,472.379
2025-08-19 10:00:00,490.631
2025-08-19 10:15:00,400.963
2025-08-19 10:30:00,380.974
2025-08-19 10:45:00,400.534
2025-08-19 11:00:00,394.982
2025-08-19 11:15:00,408.141
2025-08-19 11:30:00,405.757
2025-08-19 11:45:00,463.208
2025-08-19 12:00:00,429.948
2025-08-19 12:15:00,389.456
2025-08-19 12:30:00,449.228
2025-08-19 12:45:00,459.969
2025-08-19 13:00:00,445.752
2025-08-19 13:15:00,426.518
2025-08-19 13:30:00,409.713
2025-08-19 13:45:00,375.772
2025-08-19 14:00:00,379.441
2025-08-19 14:15:00,379.857
2025-08-19 14:30:00,349.885
2025-08-19 14:45:00,344.644
2025-08-19 15:00:00,344.443
2025-08-19 15:15:00,370.722
2025-08-19 15:30:00,408.53
2025-08-19 15:45:00,436.298
2025-08-19 16:00:00,427.34
2025-08-19 16:15:00,443.034
2025-08-19 16:30:00,517.167
2025-08-19 16:45:00,380.866
2025-08-19 17:00:00,444.508
2025-08-19 17:15:00,476.565
2025-08-19 17:30:00,450.537
2025-08-19 17:45:00,398.698
2025-08-19 18:00:00,443.376
2025-08-19 18:15:00,485.099
2025-08-19 18:30:00,499.616
2025-08-19 18:45:00,503.466
2025-08-19 19:00:00,528.45
2025-08-19 19:15:00,631.805
2025-08-19 19:30:00,736.821
2025-08-19 19:45:00,796.213
2025-08-19 20:00:00,876.177
2025-08-19 20:15:00,897.524
2025-08-19 20:30:00,958.366
2025-08-19 20:45:00,967.951
2025-08-19 21:00:00,975.218
2025-08-19 21:15:00,886.765
2025-08-19 21:30:00,908.057
2025-08-19 21:45:00,788.865
2025-08-19 22:00:00,652.193
2025-08-19 22:15:00,657.892
2025-08-19 22:30:00,655.195
2025-08-19 22:45:00,637.196
2025-08-19 23:00:00,771.778
2025-08-19 23:15:00,772.28
2025-08-19 23:30:00,701.033
2025-08-19 23:45:00,805.341
2025-08-20 00:00:00,1100.446
2025-08-20 00:15:00,1126.096
2025-08-20 00:30:00,1091.623
2025-08-20 00:45:00,1069.032
2025-08-20 01:00:00,1216.727
2025-08-20 01:15:00,1225.789
2025-08-20 01:30:00,1235.228
2025-08-20 01:45:00,1169.865
2025-08-20 02:00:00,1150.928
2025-08-20 02:15:00,1121.688
2025-08-20 02:30:00,1104.922
2025-08-20 02:45:00,1102.628
2025-08-20 03:00:00,1083.409
2025-08-20 03:15:00,1094.296
2025-08-20 03:30:00,1097.068
2025-08-20 03:45:00,1038.923
2025-08-20 04:00:00,1008.478
2025-08-20 04:15:00,996.351
2025-08-20 04:30:00,977.827
2025-08-20 04:45:00,1004.191
2025-08-20 05:00:00,1018.259
2025-08-20 05:15:00,1027.144
2025-08-20 05:30:00,1030.571
2025-08-20 05:45:00,974.871
2025-08-20 06:00:00,948.949
2025-08-20 06:15:00,908.389
2025-08-20 06:30:00,878.8
2025-08-20 06:45:00,847.259
2025-08-20 07:00:00,842.204
2025-08-20 07:15:00,766.447
2025-08-20 07:30:00,666.844
2025-08-20 07:45:00,650.482
2025-08-20 08:00:00,643.329
2025-08-20 08:15:00,634.744
2025-08-20 08:30:00,660.303
2025-08-20 08:45:00,802.522
2025-08-20 09:00:00,788.034
2025-08-20 09:15:00,658.595
2025-08-20 09:30:00,716.724
2025-08-20 09:45:00,759.047
2025-08-20 10:00:00,792.438
2025-08-20 10:15:00,717.243
2025-08-20 10:30:00,712.042
2025-08-20 10:45:00,756.967
2025-08-20 11:00:00,689.043
2025-08-20 11:15:00,708.657
2025-08-20 11:30:00,644.734
2025-08-20 11:45:00,645.471
2025-08-20 12:00:00,734.064
2025-08-20 12:15:00,672.786
2025-08-20 12:30:00,654.967
2025-08-20 12:45:00,710.723
2025-08-20 13:00:00,683.536
2025-08-20 13:15:00,668.93
2025-08-20 13:30:00,642.897
2025-08-20 13:45:00,642.726
2025-08-20 14:00:00,646.767
2025-08-20 14:15:00,698.144
2025-08-20 14:30:00,628.865
2025-08-20 14:45:00,606.517
2025-08-20 15:00:00,625.412
2025-08-20 15:15:00,713.734
2025-08-20 15:30:00,777.347
2025-08-20 15:45:00,906.216
2025-08-20 16:00:00,1012.65
2025-08-20 16:15:00,1076.49
2025-08-20 16:30:00,889.634
2025-08-20 16:45:00,733.078
2025-08-20 17:00:00,843.852
2025-08-20 17:15:00,889.083
2025-08-20 17:30:00,899.851
2025-08-20 17:45:00,829.539
2025-08-20 18:00:00,873.815
2025-08-20 18:15:00,846.977
2025-08-20 18:30:00,926.831
2025-08-20 18:45:00,932.417
2025-08-20 19:00:00,918.13
2025-08-20 19:15:00,944.74
2025-08-20 19:30:00,1043.081
2025-08-20 19:45:00,1074.734
2025-08-20 20:00:00,1063.909
2025-08-20 20:15:00,1089.318
2025-08-20 20:30:00,1007.991
2025-08-20 20:45:00,981.819
2025-08-20 21:00:00,973.308
2025-08-20 21:15:00,891.813
2025-08-20 21:30:00,818.96
2025-08-20 21:45:00,798.077
2025-08-20 22:00:00,815.215
2025-08-20 22:15:00,729.713
2025-08-20 22:30:00,711.987
2025-08-20 22:45:00,685.135
2025-08-20 23:00:00,855.902
2025-08-20 23:15:00,883.827
2025-08-20 23:30:00,824.55
2025-08-20 23:45:00,827.77
2025-08-21 00:00:00,1372.337
2025-08-21 00:15:00,1393.047
2025-08-21 00:30:00,1344.625
2025-08-21 00:45:00,1308.108
2025-08-21 01:00:00,1302.123
2025-08-21 01:15:00,1349.409
2025-08-21 01:30:00,1336.415
2025-08-21 01:45:00,1395.424
2025-08-21 02:00:00,1367.609
2025-08-21 02:15:00,1361.976
2025-08-21 02:30:00,1386.851
2025-08-21 02:45:00,1346.847
2025-08-21 03:00:00,1253.148
2025-08-21 03:15:00,1228.581
2025-08-21 03:30:00,1212.592
2025-08-21 03:45:00,1227.18
2025-08-21 04:00:00,1295.312
2025-08-21 04:15:00,1255.16
2025-08-21 04:30:00,1208.967
2025-08-21 04:45:00,1220.152
2025-08-21 05:00:00,1228.06
2025-08-21 05:15:00,1229.071
2025-08-21 05:30:00,1191.168
2025-08-21 05:45:00,1189.276
2025-08-21 06:00:00,1289.65
2025-08-21 06:15:00,1219.673
2025-08-21 06:30:00,1258.8
2025-08-21 06:45:00,1195.043
2025-08-21 07:00:00,1181.533
2025-08-21 07:15:00,1095.546
2025-08-21 07:30:00,1094.929
2025-08-21 07:45:00,1119.569
2025-08-21 08:00:00,1158.819
2025-08-21 08:15:00,1235.521
2025-08-21 08:30:00,1199.933
2025-08-21 08:45:00,1266.048
2025-08-21 09:00:00,1192.731
2025-08-21 09:15:00,1198.825
2025-08-21 09:30:00,1156.181
2025-08-21 09:45:00,1103.202
2025-08-21 10:00:00,1056.224
2025-08-21 10:15:00,1075.463
2025-08-21 10:30:00,1051.004
2025-08-21 10:45:00,1054.689
2025-08-21 11:00:00,1059.35
2025-08-21 11:15:00,1043.69
2025-08-21 11:30:00,997.279
2025-08-21 11:45:00,934.437
2025-08-21 12:00:00,856.091
2025-08-21 12:15:00,908.535
2025-08-21 12:30:00,904.265
2025-08-21 12:45:00,909.538
2025-08-21 13:00:00,883.722
2025-08-21 13:15:00,833.274
2025-08-21 13:30:00,854.09
2025-08-21 13:45:00,807.899
2025-08-21 14:00:00,776.021
2025-08-21 14:15:00,796.749
2025-08-21 14:30:00,735.26
2025-08-21 14:45:00,800.984
2025-08-21 15:00:00,807.734
2025-08-21 15:15:00,920.117
2025-08-21 15:30:00,993.064
2025-08-21 15:45:00,985.385
2025-08-21 16:00:00,1007.974
2025-08-21 16:15:00,1030.198
2025-08-21 16:30:00,979.381
2025-08-21 16:45:00,973.936
2025-08-21 17:00:00,987.58
2025-08-21 17:15:00,1004.981
2025-08-21 17:30:00,992.429
2025-08-21 17:45:00,1008.644
2025-08-21 18:00:00,1039.842
2025-08-21 18:15:00,1024.906
2025-08-21 18:30:00,1065.973
2025-08-21 18:45:00,1120.449
2025-08-21 19:00:00,1098.054
2025-08-21 19:15:00,1111.863
2025-08-21 19:30:00,1173.267
2025-08-21 19:45:00,1225.4
2025-08-21 20:00:00,1178.38
2025-08-21 20:15:00,1156.331
2025-08-21 20:30:00,1176.226
2025-08-21 20:45:00,1166.985
2025-08-21 21:00:00,1188.001
2025-08-21 21:15:00,1167.702
2025-08-21 21:30:00,1052.212
2025-08-21 21:45:00,1018.534
2025-08-21 22:00:00,936.445
2025-08-21 22:15:00,1048.642
2025-08-21 22:30:00,1049.412
2025-08-21 22:45:00,1058.371
2025-08-21 23:00:00,1091.942
2025-08-21 23:15:00,1167.856
2025-08-21 23:30:00,1114.409
2025-08-21 23:45:00,1123.913
2025-08-22 00:00:00,1103.871
2025-08-22 00:15:00,1217.694
2025-08-22 00:30:00,1168.787
2025-08-22 00:45:00,1116.284
2025-08-22 01:00:00,1063.109
2025-08-22 01:15:00,1105.101
2025-08-22 01:30:00,1103.503
2025-08-22 01:45:00,1064.056
2025-08-22 02:00:00,1062.848
2025-08-22 02:15:00,1024.954
2025-08-22 02:30:00,1075.717
2025-08-22 02:45:00,1080.909
2025-08-22 03:00:00,1074.239
2025-08-22 03:15:00,1084.329
2025-08-22 03:30:00,1070.646
2025-08-22 03:45:00,1008.612
2025-08-22 04:00:00,1052.879
2025-08-22 04:15:00,1029.912
2025-08-22 04:30:00,1067.869
2025-08-22 04:45:00,1034.433
2025-08-22 05:00:00,1061.615
2025-08-22 05:15:00,1052.648
2025-08-22 05:30:00,1038.887
2025-08-22 05:45:00,1028.04
2025-08-22 06:00:00,981.239
2025-08-22 06:15:00,1026.51
2025-08-22 06:30:00,1000.218
2025-08-22 06:45:00,1009.201
2025-08-22 07:00:00,1014.515
2025-08-22 07:15:00,942.067
2025-08-22 07:30:00,937.902
2025-08-22 07:45:00,972.602
2025-08-22 08:00:00,992.363
2025-08-22 08:15:00,940.702
2025-08-22 08:30:00,942.152
2025-08-22 08:45:00,924.125
2025-08-22 09:00:00,907.324
2025-08-22 09:15:00,956.926
2025-08-22 09:30:00,989.123
2025-08-22 09:45:00,930.074
2025-08-22 10:00:00,886.564
2025-08-22 10:15:00,881.958
2025-08-22 10:30:00,840.625
2025-08-22 10:45:00,878.088
2025-08-22 11:00:00,903.326
2025-08-22 11:15:00,864.204
2025-08-22 11:30:00,831.832
2025-08-22 11:45:00,798.067
2025-08-22 12:00:00,788.41
2025-08-22 12:15:00,795.157
2025-08-22 12:30:00,805.386
2025-08-22 12:45:00,796.328
2025-08-22 13:00:00,804.997
2025-08-22 13:15:00,796.946
2025-08-22 13:30:00,761.058
2025-08-22 13:45:00,758.093
2025-08-22 14:00:00,765.167
2025-08-22 14:15:00,771.866
2025-08-22 14:30:00,747.642
2025-08-22 14:45:00,690.933
2025-08-22 15:00:00,738.842
2025-08-22 15:15:00,747.102
2025-08-22 15:30:00,743.143
2025-08-22 15:45:00,756.381
2025-08-22 16:00:00,749.248
2025-08-22 16:15:00,801.789
2025-08-22 16:30:00,800.258
2025-08-22 16:45:00,705.91
2025-08-22 17:00:00,767.363
2025-08-22 17:15:00,768.33
2025-08-22 17:30:00,776.84
2025-08-22 17:45:00,781.48
2025-08-22 18:00:00,779.943
2025-08-22 18:15:00,783.835
2025-08-22 18:30:00,772.425
2025-08-22 18:45:00,768.73
2025-08-22 19:00:00,764.785
2025-08-22 19:15:00,765.185
2025-08-22 19:30:00,777.55
2025-08-22 19:45:00,799.34
2025-08-22 20:00:00,816.605
2025-08-22 20:15:00,824.25
2025-08-22 20:30:00,850.338
2025-08-22 20:45:00,870.89
2025-08-22 21:00:00,876.284
2025-08-22 21:15:00,875.826
2025-08-22 21:30:00,880.181
2025-08-22 21:45:00,871.116
2025-08-22 22:00:00,861.707
2025-08-22 22:15:00,883.2
2025-08-22 22:30:00,866.485
2025-08-22 22:45:00,923.754
2025-08-22 23:00:00,923.085
2025-08-22 23:15:00,975.755
2025-08-22 23:30:00,991.37
2025-08-22 23:45:00,983.405
2025-08-23 00:00:00,965.299
2025-08-23 00:15:00,1013.041
2025-08-23 00:30:00,1020.026
2025-08-23 00:45:00,1020.836
2025-08-23 01:00:00,994.968
2025-08-23 01:15:00,1015.992
2025-08-23 01:30:00,972.25
2025-08-23 01:45:00,951.44
2025-08-23 02:00:00,960.929
2025-08-23 02:15:00,942.115
2025-08-23 02:30:00,929.646
2025-08-23 02:45:00,935.43
2025-08-23 03:00:00,919.711
2025-08-23 03:15:00,928.412
2025-08-23 03:30:00,920.672
2025-08-23 03:45:00,921.128
2025-08-23 04:00:00,934.378
2025-08-23 04:15:00,916.956
2025-08-23 04:30:00,912.552
2025-08-23 04:45:00,898.156
2025-08-23 05:00:00,904.583
2025-08-23 05:15:00,911.835
2025-08-23 05:30:00,907.745
2025-08-23 05:45:00,859.3
2025-08-23 06:00:00,893.229
2025-08-23 06:15:00,883.831
2025-08-23 06:30:00,845.421
2025-08-23 06:45:00,858.322
2025-08-23 07:00:00,772.638
2025-08-23 07:15:00,754.956
2025-08-23 07:30:00,681.128
2025-08-23 07:45:00,645.359
2025-08-23 08:00:00,628.223
2025-08-23 08:15:00,605.192
2025-08-23 08:30:00,607.391
2025-08-23 08:45:00,587.205
2025-08-23 09:00:00,512.616
2025-08-23 09:15:00,500.971
2025-08-23 09:30:00,518.343
2025-08-23 09:45:00,492.639
2025-08-23 10:00:00,456.482
2025-08-23 10:15:00,408.073
2025-08-23 10:30:00,402.485
2025-08-23 10:45:00,404.279
2025-08-23 11:00:00,399.735
2025-08-23 11:15:00,380.802
2025-08-23 11:30:00,356.684
2025-08-23 11:45:00,364.522
2025-08-23 12:00:00,370.707
2025-08-23 12:15:00,380.802
2025-08-23 12:30:00,356.35
2025-08-23 12:45:00,348.96
2025-08-23 13:00:00,349.578
2025-08-23 13:15:00,339.82
2025-08-23 13:30:00,320.95
2025-08-23 13:45:00,303.283
2025-08-23 14:00:00,295.18
2025-08-23 14:15:00,285.441
2025-08-23 14:30:00,278.918
2025-08-23 14:45:00,265.688
2025-08-23 15:00:00,254.527
2025-08-23 15:15:00,244.405
2025-08-23 15:30:00,229.89
2025-08-23 15:45:00,224.4
2025-08-23 16:00:00,213.42
2025-08-23 16:15:00,210.288
2025-08-23 16:30:00,199.193
2025-08-23 16:45:00,191.14
2025-08-23 17:00:00,196.158
2025-08-23 17:15:00,198.475
2025-08-23 17:30:00,194.173
2025-08-23 17:45:00,195.28
2025-08-23 18:00:00,196.97
2025-08-23 18:15:00,204.805
2025-08-23 18:30:00,205.872
2025-08-23 18:45:00,204.982
2025-08-23 19:00:00,208.122
2025-08-23 19:15:00,210.982
2025-08-23 19:30:00,215.742
2025-08-23 19:45:00,231.78
2025-08-23 20:00:00,263.64
2025-08-23 20:15:00,280.1
2025-08-23 20:30:00,305.685
2025-08-23 20:45:00,338.533
2025-08-23 21:00:00,375.435
2025-08-23 21:15:00,375.835
2025-08-23 21:30:00,398.522
2025-08-23 21:45:00,407.388
2025-08-23 22:00:00,430.323
2025-08-23 22:15:00,452.585
2025-08-23 22:30:00,471.642
2025-08-23 22:45:00,488.345
2025-08-23 23:00:00,512.638
2025-08-23 23:15:00,524.403
2025-08-23 23:30:00,546.63
2025-08-23 23:45:00,574.45
2025-08-24 00:00:00,593.225
2025-08-24 00:15:00,613.555
2025-08-24 00:30:00,625.537
2025-08-24 00:45:00,626.843
2025-08-24 01:00:00,621.685
2025-08-24 01:15:00,618.17
2025-08-24 01:30:00,602.09
2025-08-24 01:45:00,593.735
2025-08-24 02:00:00,595.583
2025-08-24 02:15:00,594.153
2025-08-24 02:30:00,595.395
2025-08-24 02:45:00,607.703
2025-08-24 03:00:00,617.703
2025-08-24 03:15:00,636.492
2025-08-24 03:30:00,629.307
2025-08-24 03:45:00,630.33
2025-08-24 04:00:00,631.948
2025-08-24 04:15:00,653.81
2025-08-24 04:30:00,657.98
2025-08-24 04:45:00,664.968
2025-08-24 05:00:00,680.333
2025-08-24 05:15:00,692.015
2025-08-24 05:30:00,694.795
2025-08-24 05:45:00,689.3
2025-08-24 06:00:00,675.285
2025-08-24 06:15:00,673.927
2025-08-24 06:30:00,680.438
2025-08-24 06:45:00,676.45
2025-08-24 07:00:00,659.878
2025-08-24 07:15:00,637.365
2025-08-24 07:30:00,565.057
2025-08-24 07:45:00,493.618
2025-08-24 08:00:00,460.129
2025-08-24 08:15:00,453.084
2025-08-24 08:30:00,399.33
2025-08-24 08:45:00,355.907
2025-08-24 09:00:00,305.722
2025-08-24 09:15:00,257.123
2025-08-24 09:30:00,234.385
2025-08-24 09:45:00,244.204
2025-08-24 10:00:00,253.193
2025-08-24 10:15:00,282.414
2025-08-24 10:30:00,253.745
2025-08-24 10:45:00,274.42
2025-08-24 11:00:00,250.585
2025-08-24 11:15:00,168.924
2025-08-24 11:30:00,174.212
2025-08-24 11:45:00,179.092
2025-08-24 12:00:00,161.101
2025-08-24 12:15:00,156.594
2025-08-24 12:30:00,167.701
2025-08-24 12:45:00,200.804
2025-08-24 13:00:00,211.785
2025-08-24 13:15:00,199.975
2025-08-24 13:30:00,203.14
2025-08-24 13:45:00,203.907
2025-08-24 14:00:00,199.092
2025-08-24 14:15:00,218.622
2025-08-24 14:30:00,210.723
2025-08-24 14:45:00,206.467
2025-08-24 15:00:00,210.155
2025-08-24 15:15:00,202.212
2025-08-24 15:30:00,202.95
2025-08-24 15:45:00,209.625
2025-08-24 16:00:00,225.813
2025-08-24 16:15:00,215.585
2025-08-24 16:30:00,223.91
2025-08-24 16:45:00,236.095
2025-08-24 17:00:00,254.21
2025-08-24 17:15:00,262.703
2025-08-24 17:30:00,267.068
2025-08-24 17:45:00,254.32
2025-08-24 18:00:00,256.265
2025-08-24 18:15:00,272.575
2025-08-24 18:30:00,299.823
2025-08-24 18:45:00,342.802
2025-08-24 19:00:00,343.024
2025-08-24 19:15:00,361.575
2025-08-24 19:30:00,351.3
2025-08-24 19:45:00,351.61
2025-08-24 20:00:00,357.4
2025-08-24 20:15:00,383.943
2025-08-24 20:30:00,425.198
2025-08-24 20:45:00,481.225
2025-08-24 21:00:00,460.355
2025-08-24 21:15:00,460.895
2025-08-24 21:30:00,470.07
2025-08-24 21:45:00,467.707
2025-08-24 22:00:00,487.315
2025-08-24 22:15:00,499.932
2025-08-24 22:30:00,507.605
2025-08-24 22:45:00,508.83
2025-08-24 23:00:00,489.962
2025-08-24 23:15:00,490.585
2025-08-24 23:30:00,501.875
2025-08-24 23:45:00,508.84
2025-08-25 00:00:00,509.927
2025-08-25 00:15:00,491.635
2025-08-25 00:30:00,481.91
2025-08-25 00:45:00,461.42
2025-08-25 01:00:00,454.467
2025-08-25 01:15:00,469.473
2025-08-25 01:30:00,479.652
2025-08-25 01:45:00,482.367
2025-08-25 02:00:00,479.013
2025-08-25 02:15:00,472.775
2025-08-25 02:30:00,474.682
2025-08-25 02:45:00,481.342
2025-08-25 03:00:00,480.392
2025-08-25 03:15:00,477.015
2025-08-25 03:30:00,459.348
2025-08-25 03:45:00,458.415
2025-08-25 04:00:00,441.703
2025-08-25 04:15:00,437.453
2025-08-25 04:30:00,421.92
2025-08-25 04:45:00,427.462
2025-08-25 05:00:00,415.587
2025-08-25 05:15:00,404.842
2025-08-25 05:30:00,393.495
2025-08-25 05:45:00,364.497
2025-08-25 06:00:00,352.353
2025-08-25 06:15:00,336.022
2025-08-25 06:30:00,307.767
2025-08-25 06:45:00,290.323
2025-08-25 07:00:00,282.01
2025-08-25 07:15:00,267.978
2025-08-25 07:30:00,255.137
2025-08-25 07:45:00,236.682
2025-08-25 08:00:00,217.878
2025-08-25 08:15:00,206.19
2025-08-25 08:30:00,196.26
2025-08-25 08:45:00,172.58
2025-08-25 09:00:00,157.59
2025-08-25 09:15:00,140.765
2025-08-25 09:30:00,126.963
2025-08-25 09:45:00,116.018
2025-08-25 10:00:00,112.08
2025-08-25 10:15:00,105.467
2025-08-25 10:30:00,99.095
2025-08-25 10:45:00,94.28
2025-08-25 11:00:00,92.952
2025-08-25 11:15:00,94.948
2025-08-25 11:30:00,98.643
2025-08-25 11:45:00,95.555
2025-08-25 12:00:00,93.83
2025-08-25 12:15:00,88.177
2025-08-25 12:30:00,84.775
2025-08-25 12:45:00,88.067
2025-08-25 13:00:00,89.685
2025-08-25 13:15:00,89.165
2025-08-25 13:30:00,90.445
2025-08-25 13:45:00,87.158
2025-08-25 14:00:00,88.418
2025-08-25 14:15:00,92.418
2025-08-25 14:30:00,93.662
2025-08-25 14:45:00,94.015
2025-08-25 15:00:00,97.21
2025-08-25 15:15:00,102.27
2025-08-25 15:30:00,101.058
2025-08-25 15:45:00,93.717
2025-08-25 16:00:00,96.695
2025-08-25 16:15:00,95.243
2025-08-25 16:30:00,99.207
2025-08-25 16:45:00,106.433
2025-08-25 17:00:00,101.213
2025-08-25 17:15:00,103.382
2025-08-25 17:30:00,109.665
2025-08-25 17:45:00,116.643
2025-08-25 18:00:00,127.228
2025-08-25 18:15:00,138.87
2025-08-25 18:30:00,147.178
2025-08-25 18:45:00,163.285
2025-08-25 19:00:00,181.228
2025-08-25 19:15:00,205.114
2025-08-25 19:30:00,230.394
2025-08-25 19:45:00,255.621
2025-08-25 20:00:00,291.439
2025-08-25 20:15:00,314.994
2025-08-25 20:30:00,403.695
2025-08-25 20:45:00,486.302
2025-08-25 21:00:00,493.501
2025-08-25 21:15:00,508.342
2025-08-25 21:30:00,526.133
2025-08-25 21:45:00,493.631
2025-08-25 22:00:00,493.292
2025-08-25 22:15:00,509.212
2025-08-25 22:30:00,514.565
2025-08-25 22:45:00,542.162
2025-08-25 23:00:00,605.222
2025-08-25 23:15:00,652.403
2025-08-25 23:30:00,655.28
2025-08-25 23:45:00,702.102
2025-08-26 00:00:00,687.669
2025-08-26 00:15:00,661.109
2025-08-26 00:30:00,646.959
2025-08-26 00:45:00,631.439
2025-08-26 01:00:00,622.495
2025-08-26 01:15:00,618.588
2025-08-26 01:30:00,607.855
2025-08-26 01:45:00,547.205
2025-08-26 02:00:00,535.505
2025-08-26 02:15:00,524.985
2025-08-26 02:30:00,526.468
2025-08-26 02:45:00,514.345
2025-08-26 03:00:00,511.608
2025-08-26 03:15:00,509.362
2025-08-26 03:30:00,505.125
2025-08-26 03:45:00,520.167
2025-08-26 04:00:00,547.52
2025-08-26 04:15:00,552.362
2025-08-26 04:30:00,548.17
2025-08-26 04:45:00,545.643
2025-08-26 05:00:00,536.093
2025-08-26 05:15:00,525.56
2025-08-26 05:30:00,488.295
2025-08-26 05:45:00,462.115
2025-08-26 06:00:00,426.557
2025-08-26 06:15:00,403.307
2025-08-26 06:30:00,380.1
2025-08-26 06:45:00,354.038
2025-08-26 07:00:00,343.34
2025-08-26 07:15:00,317.408
2025-08-26 07:30:00,297.557
2025-08-26 07:45:00,271.75
2025-08-26 08:00:00,245.178
2025-08-26 08:15:00,208.705
2025-08-26 08:30:00,175.915
2025-08-26 08:45:00,151.253
2025-08-26 09:00:00,137.985
2025-08-26 09:15:00,119.33
2025-08-26 09:30:00,96.643
2025-08-26 09:45:00,80.507
2025-08-26 10:00:00,66.253
2025-08-26 10:15:00,58.673
2025-08-26 10:30:00,51.627
2025-08-26 10:45:00,48.9
2025-08-26 11:00:00,43.745
2025-08-26 11:15:00,40.475
2025-08-26 11:30:00,35.952
2025-08-26 11:45:00,33.583
2025-08-26 12:00:00,33.813
2025-08-26 12:15:00,37.15
2025-08-26 12:30:00,35.705
2025-08-26 12:45:00,38.463
2025-08-26 13:00:00,42.412
2025-08-26 13:15:00,44.545
2025-08-26 13:30:00,44.757
2025-08-26 13:45:00,45.472
2025-08-26 14:00:00,44.873
2025-08-26 14:15:00,53.27
2025-08-26 14:30:00,54.71
2025-08-26 14:45:00,69.223
2025-08-26 15:00:00,62.217
2025-08-26 15:15:00,65.863
2025-08-26 15:30:00,72.713
2025-08-26 15:45:00,91.272
2025-08-26 16:00:00,104.662
2025-08-26 16:15:00,104.488
2025-08-26 16:30:00,105.902
2025-08-26 16:45:00,93.62
2025-08-26 17:00:00,91.7
2025-08-26 17:15:00,101.732
2025-08-26 17:30:00,102.313
2025-08-26 17:45:00,109.908
2025-08-26 18:00:00,112.895
2025-08-26 18:15:00,115.425
2025-08-26 18:30:00,154.688
2025-08-26 18:45:00,164.327
2025-08-26 19:00:00,169.805
2025-08-26 19:15:00,165.742
2025-08-26 19:30:00,167.723
2025-08-26 19:45:00,185.82
2025-08-26 20:00:00,189.928
2025-08-26 20:15:00,194.565
2025-08-26 20:30:00,193.22
2025-08-26 20:45:00,215.04
2025-08-26 21:00:00,238.122
2025-08-26 21:15:00,266.313
2025-08-26 21:30:00,282.922
2025-08-26 21:45:00,301.755
2025-08-26 22:00:00,324.395
2025-08-26 22:15:00,330.728
2025-08-26 22:30:00,346.89
2025-08-26 22:45:00,354.612
2025-08-26 23:00:00,354.522
2025-08-26 23:15:00,361.165
2025-08-26 23:30:00,358.547
2025-08-26 23:45:00,351.723
2025-08-27 00:00:00,348.18
2025-08-27 00:15:00,355.832
2025-08-27 00:30:00,359.745
2025-08-27 00:45:00,360.258
2025-08-27 01:00:00,340.612
2025-08-27 01:15:00,335.655
2025-08-27 01:30:00,324.32
2025-08-27 01:45:00,331.83
2025-08-27 02:00:00,322.723
2025-08-27 02:15:00,307.88
2025-08-27 02:30:00,296.432
2025-08-27 02:45:00,275.823
2025-08-27 03:00:00,268.348
2025-08-27 03:15:00,262.595
2025-08-27 03:30:00,247.56
2025-08-27 03:45:00,232.12
2025-08-27 04:00:00,221.693
2025-08-27 04:15:00,204.857
2025-08-27 04:30:00,197.58
2025-08-27 04:45:00,191.872
2025-08-27 05:00:00,182.553
2025-08-27 05:15:00,174.61
2025-08-27 05:30:00,165.07
2025-08-27 05:45:00,157.943
2025-08-27 06:00:00,153.018
2025-08-27 06:15:00,154.93
2025-08-27 06:30:00,141.62
2025-08-27 06:45:00,135.455
2025-08-27 07:00:00,126.768
2025-08-27 07:15:00,120.857
2025-08-27 07:30:00,116.105
2025-08-27 07:45:00,106.735
2025-08-27 08:00:00,98.173
2025-08-27 08:15:00,93.018
2025-08-27 08:30:00,84.293
2025-08-27 08:45:00,76.768
2025-08-27 09:00:00,72.195
2025-08-27 09:15:00,62.498
2025-08-27 09:30:00,54.423
2025-08-27 09:45:00,47.432
2025-08-27 10:00:00,42.805
2025-08-27 10:15:00,39.673
2025-08-27 10:30:00,35.095
2025-08-27 10:45:00,34.432
2025-08-27 11:00:00,34.57
2025-08-27 11:15:00,34.55
2025-08-27 11:30:00,33.092
2025-08-27 11:45:00,34.978
2025-08-27 12:00:00,35.778
2025-08-27 12:15:00,38.268
2025-08-27 12:30:00,45.545
2025-08-27 12:45:00,50.417
2025-08-27 13:00:00,59.37
2025-08-27 13:15:00,65.598
2025-08-27 13:30:00,70.73
2025-08-27 13:45:00,72.317
2025-08-27 14:00:00,73.98
2025-08-27 14:15:00,78.095
2025-08-27 14:30:00,86.71
2025-08-27 14:45:00,91.268
2025-08-27 15:00:00,92.967
2025-08-27 15:15:00,90.063
2025-08-27 15:30:00,102.25
2025-08-27 15:45:00,109.885
2025-08-27 16:00:00,119.6
2025-08-27 16:15:00,104.67
2025-08-27 16:30:00,108.622
2025-08-27 16:45:00,98.935
2025-08-27 17:00:00,113.378
2025-08-27 17:15:00,131.432
2025-08-27 17:30:00,132.05
2025-08-27 17:45:00,140.355
2025-08-27 18:00:00,138.12
2025-08-27 18:15:00,142.842
2025-08-27 18:30:00,164.315
2025-08-27 18:45:00,179.188
2025-08-27 19:00:00,181.85
2025-08-27 19:15:00,190.185
2025-08-27 19:30:00,196.67
2025-08-27 19:45:00,193.702
2025-08-27 20:00:00,210.84
2025-08-27 20:15:00,243.43
2025-08-27 20:30:00,275.085
2025-08-27 20:45:00,288.755
2025-08-27 21:00:00,279.908
2025-08-27 21:15:00,273.105
2025-08-27 21:30:00,288.885
2025-08-27 21:45:00,298.063
2025-08-27 22:00:00,322.2
2025-08-27 22:15:00,333.615
2025-08-27 22:30:00,331.078
2025-08-27 22:45:00,340.693
2025-08-27 23:00:00,350.948
2025-08-27 23:15:00,350.688
2025-08-27 23:30:00,344.978
2025-08-27 23:45:00,346.61
2025-08-28 00:00:00,349.805
2025-08-28 00:15:00,360.845
2025-08-28 00:30:00,367.888
2025-08-28 00:45:00,361.09
2025-08-28 01:00:00,362.955
2025-08-28 01:15:00,370.195
2025-08-28 01:30:00,375.592
2025-08-28 01:45:00,385.155
2025-08-28 02:00:00,371.288
2025-08-28 02:15:00,356.767
2025-08-28 02:30:00,342.815
2025-08-28 02:45:00,322.84
2025-08-28 03:00:00,315.875
2025-08-28 03:15:00,305.66
2025-08-28 03:30:00,301.033
2025-08-28 03:45:00,298.805
2025-08-28 04:00:00,290.147
2025-08-28 04:15:00,279.267
2025-08-28 04:30:00,272.25
2025-08-28 04:45:00,267.39
2025-08-28 05:00:00,262.992
2025-08-28 05:15:00,263.875
2025-08-28 05:30:00,256.973
2025-08-28 05:45:00,255.673
2025-08-28 06:00:00,248.14
2025-08-28 06:15:00,243.173
2025-08-28 06:30:00,245.805
2025-08-28 06:45:00,245.342
2025-08-28 07:00:00,247.482
2025-08-28 07:15:00,242.113
2025-08-28 07:30:00,230.367
2025-08-28 07:45:00,212.158
2025-08-28 08:00:00,202.66
2025-08-28 08:15:00,197.025
2025-08-28 08:30:00,178.682
2025-08-28 08:45:00,154.348
2025-08-28 09:00:00,137.45
2025-08-28 09:15:00,118.622
2025-08-28 09:30:00,99.08
2025-08-28 09:45:00,80.442
2025-08-28 10:00:00,71.772
2025-08-28 10:15:00,63.068
2025-08-28 10:30:00,62.178
2025-08-28 10:45:00,61.97
2025-08-28 11:00:00,59.118
2025-08-28 11:15:00,57.17
2025-08-28 11:30:00,58.638
2025-08-28 11:45:00,63.66
2025-08-28 12:00:00,64.967
2025-08-28 12:15:00,64.662
2025-08-28 12:30:00,67.113
2025-08-28 12:45:00,74.823
2025-08-28 13:00:00,81.94
2025-08-28 13:15:00,90.065
2025-08-28 13:30:00,97.73
2025-08-28 13:45:00,99.723
2025-08-28 14:00:00,100.75
2025-08-28 14:15:00,107.83
2025-08-28 14:30:00,119.452
2025-08-28 14:45:00,128.428
2025-08-28 15:00:00,130.05
2025-08-28 15:15:00,131.867
2025-08-28 15:30:00,152.372
2025-08-28 15:45:00,160.883
2025-08-28 16:00:00,167.577
2025-08-28 16:15:00,171.62
2025-08-28 16:30:00,200.27
2025-08-28 16:45:00,210.678
2025-08-28 17:00:00,209.51
2025-08-28 17:15:00,188.038
2025-08-28 17:30:00,210.313
2025-08-28 17:45:00,217.867
2025-08-28 18:00:00,244.867
2025-08-28 18:15:00,289.008
2025-08-28 18:30:00,304.4
2025-08-28 18:45:00,330.263
2025-08-28 19:00:00,340.422
2025-08-28 19:15:00,349.565
2025-08-28 19:30:00,373.41
2025-08-28 19:45:00,388.635
2025-08-28 20:00:00,389.715
2025-08-28 20:15:00,389.4
2025-08-28 20:30:00,393.905
2025-08-28 20:45:00,404.457
2025-08-28 21:00:00,396.682
2025-08-28 21:15:00,396.695
2025-08-28 21:30:00,381.41
2025-08-28 21:45:00,377.19
2025-08-28 22:00:00,381.487
2025-08-28 22:15:00,391.32
2025-08-28 22:30:00,409.235
2025-08-28 22:45:00,410.06
2025-08-28 23:00:00,398.455
2025-08-28 23:15:00,387.543
2025-08-28 23:30:00,372.318
2025-08-28 23:45:00,360.003
2025-08-29 00:00:00,344.997
2025-08-29 00:15:00,336.79
2025-08-29 00:30:00,325.223
2025-08-29 00:45:00,311.985
2025-08-29 01:00:00,302.008
2025-08-29 01:15:00,299.825
2025-08-29 01:30:00,304.855
2025-08-29 01:45:00,308.772
2025-08-29 02:00:00,300.34
2025-08-29 02:15:00,285.543
2025-08-29 02:30:00,271.878
2025-08-29 02:45:00,267.86
2025-08-29 03:00:00,260.193
2025-08-29 03:15:00,252.242
2025-08-29 03:30:00,247.917
2025-08-29 03:45:00,239.145
2025-08-29 04:00:00,230.475
2025-08-29 04:15:00,220.117
2025-08-29 04:30:00,229.747
2025-08-29 04:45:00,216.913
2025-08-29 05:00:00,203.307
2025-08-29 05:15:00,199.59
2025-08-29 05:30:00,193.11
2025-08-29 05:45:00,195.268
2025-08-29 06:00:00,183.613
2025-08-29 06:15:00,180.077
2025-08-29 06:30:00,169.76
2025-08-29 06:45:00,164.535
2025-08-29 07:00:00,163.605
2025-08-29 07:15:00,158.865
2025-08-29 07:30:00,154.425
2025-08-29 07:45:00,144.027
2025-08-29 08:00:00,138.42
2025-08-29 08:15:00,127.835
2025-08-29 08:30:00,109.875
2025-08-29 08:45:00,90.848
2025-08-29 09:00:00,83.228
2025-08-29 09:15:00,75.073
2025-08-29 09:30:00,64.515
2025-08-29 09:45:00,59.53
2025-08-29 10:00:00,56.022
2025-08-29 10:15:00,49.12
2025-08-29 10:30:00,42.803
2025-08-29 10:45:00,40.627
2025-08-29 11:00:00,37.533
2025-08-29 11:15:00,37.845
2025-08-29 11:30:00,37.805
2025-08-29 11:45:00,35.4
2025-08-29 12:00:00,33.467
2025-08-29 12:15:00,34.728
2025-08-29 12:30:00,35.018
2025-08-29 12:45:00,33.088
2025-08-29 13:00:00,36.09
2025-08-29 13:15:00,36.3
2025-08-29 13:30:00,37.17
2025-08-29 13:45:00,42.412
2025-08-29 14:00:00,43.568
2025-08-29 14:15:00,49.065
2025-08-29 14:30:00,48.39
2025-08-29 14:45:00,55.57
2025-08-29 15:00:00,57.588
2025-08-29 15:15:00,61.115
2025-08-29 15:30:00,69.36
2025-08-29 15:45:00,80.073
2025-08-29 16:00:00,93.982
2025-08-29 16:15:00,93.723
2025-08-29 16:30:00,96.908
2025-08-29 16:45:00,101.342
2025-08-29 17:00:00,112.077
2025-08-29 17:15:00,111.067
2025-08-29 17:30:00,118.058
2025-08-29 17:45:00,139.503
2025-08-29 18:00:00,158.697
2025-08-29 18:15:00,168.515
2025-08-29 18:30:00,195.617
2025-08-29 18:45:00,226.637
2025-08-29 19:00:00,259.64
2025-08-29 19:15:00,276.385
2025-08-29 19:30:00,301.242
2025-08-29 19:45:00,327.897
2025-08-29 20:00:00,370.068
2025-08-29 20:15:00,388.68
2025-08-29 20:30:00,412.872
2025-08-29 20:45:00,438.522
2025-08-29 21:00:00,448.223
2025-08-29 21:15:00,487.205
2025-08-29 21:30:00,510.79
2025-08-29 21:45:00,522.77
2025-08-29 22:00:00,518.782
2025-08-29 22:15:00,481.205
2025-08-29 22:30:00,475.297
2025-08-29 22:45:00,465.422
2025-08-29 23:00:00,490.522
2025-08-29 23:15:00,542.388
2025-08-29 23:30:00,550.8
2025-08-29 23:45:00,540.345
2025-08-30 00:00:00,495.621
2025-08-30 00:15:00,480.789
2025-08-30 00:30:00,464.269
2025-08-30 00:45:00,455.495
2025-08-30 01:00:00,445.527
2025-08-30 01:15:00,436.56
2025-08-30 01:30:00,449.237
2025-08-30 01:45:00,460.957
2025-08-30 02:00:00,457.922
2025-08-30 02:15:00,466.122
2025-08-30 02:30:00,459.867
2025-08-30 02:45:00,446.283
2025-08-30 03:00:00,417.168
2025-08-30 03:15:00,397.255
2025-08-30 03:30:00,384.33
2025-08-30 03:45:00,375.215
2025-08-30 04:00:00,369.758
2025-08-30 04:15:00,355.223
2025-08-30 04:30:00,335.258
2025-08-30 04:45:00,310.545
2025-08-30 05:00:00,293.79
2025-08-30 05:15:00,273.645
2025-08-30 05:30:00,252.83
2025-08-30 05:45:00,246.512
2025-08-30 06:00:00,251.265
2025-08-30 06:15:00,254.595
2025-08-30 06:30:00,255.053
2025-08-30 06:45:00,248.785
2025-08-30 07:00:00,261.925
2025-08-30 07:15:00,271.405
2025-08-30 07:30:00,270.995
2025-08-30 07:45:00,263.622
2025-08-30 08:00:00,253.535
2025-08-30 08:15:00,232.217
2025-08-30 08:30:00,212.193
2025-08-30 08:45:00,192.0
2025-08-30 09:00:00,174.415
2025-08-30 09:15:00,161.045
2025-08-30 09:30:00,145.22
2025-08-30 09:45:00,120.695
2025-08-30 10:00:00,113.732
2025-08-30 10:15:00,106.64
2025-08-30 10:30:00,92.997
2025-08-30 10:45:00,81.87
2025-08-30 11:00:00,79.537
2025-08-30 11:15:00,77.985
2025-08-30 11:30:00,70.925
2025-08-30 11:45:00,70.25
2025-08-30 12:00:00,70.86
2025-08-30 12:15:00,69.728
2025-08-30 12:30:00,69.475
2025-08-30 12:45:00,65.68
2025-08-30 13:00:00,0.0
2025-08-30 13:15:00,0.0
2025-08-30 13:30:00,0.0
2025-08-30 13:45:00,0.0
2025-08-30 14:00:00,0.0
2025-08-30 14:15:00,0.0
2025-08-30 14:30:00,0.0
2025-08-30 14:45:00,0.0
2025-08-30 15:00:00,0.0
2025-08-30 15:15:00,0.0
2025-08-30 15:30:00,0.0
2025-08-30 15:45:00,0.0
2025-08-30 16:00:00,0.0
2025-08-30 16:15:00,0.0
2025-08-30 16:30:00,0.0
2025-08-30 16:45:00,0.0
2025-08-30 17:00:00,0.0
2025-08-30 17:15:00,0.0
2025-08-30 17:30:00,0.0
2025-08-30 17:45:00,0.0
2025-08-30 18:00:00,0.0
2025-08-30 18:15:00,0.0
2025-08-30 18:30:00,0.0
2025-08-30 18:45:00,0.0
2025-08-30 19:00:00,0.0
2025-08-30 19:15:00,0.0
2025-08-30 19:30:00,0.0
2025-08-30 19:45:00,0.0
2025-08-30 20:00:00,0.0
2025-08-30 20:15:00,0.0
2025-08-30 20:30:00,0.0
2025-08-30 20:45:00,0.0
2025-08-30 21:00:00,0.0
2025-08-30 21:15:00,0.0
2025-08-30 21:30:00,0.0
2025-08-30 21:45:00,0.0
2025-08-30 22:00:00,0.0
2025-08-30 22:15:00,0.0
2025-08-30 22:30:00,0.0
2025-08-30 22:45:00,0.0
2025-08-30 23:00:00,0.0
2025-08-30 23:15:00,0.0
2025-08-30 23:30:00,0.0
2025-08-30 23:45:00,0.0
2025-08-31 00:00:00,119.247
2025-08-31 00:15:00,114.732
2025-08-31 00:30:00,114.647
2025-08-31 00:45:00,118.022
2025-08-31 01:00:00,111.22
2025-08-31 01:15:00,111.47
2025-08-31 01:30:00,105.957
2025-08-31 01:45:00,91.865
2025-08-31 02:00:00,78.625
2025-08-31 02:15:00,75.97
2025-08-31 02:30:00,75.423
2025-08-31 02:45:00,78.217
2025-08-31 03:00:00,78.143
2025-08-31 03:15:00,88.42
2025-08-31 03:30:00,87.753
2025-08-31 03:45:00,82.13
2025-08-31 04:00:00,86.863
2025-08-31 04:15:00,94.83
2025-08-31 04:30:00,92.348
2025-08-31 04:45:00,88.768
2025-08-31 05:00:00,86.59
2025-08-31 05:15:00,83.688
2025-08-31 05:30:00,82.665
2025-08-31 05:45:00,78.357
2025-08-31 06:00:00,74.698
2025-08-31 06:15:00,74.49
2025-08-31 06:30:00,74.353
2025-08-31 06:45:00,77.743
2025-08-31 07:00:00,80.67
2025-08-31 07:15:00,85.62
2025-08-31 07:30:00,86.048
2025-08-31 07:45:00,84.247
2025-08-31 08:00:00,79.253
2025-08-31 08:15:00,78.13
2025-08-31 08:30:00,74.045
2025-08-31 08:45:00,73.683
2025-08-31 09:00:00,72.495
2025-08-31 09:15:00,69.055
2025-08-31 09:30:00,60.255
2025-08-31 09:45:00,53.704
2025-08-31 10:00:00,51.382
2025-08-31 10:15:00,49.43
2025-08-31 10:30:00,49.327
2025-08-31 10:45:00,51.377
2025-08-31 11:00:00,48.912
2025-08-31 11:15:00,52.222
2025-08-31 11:30:00,57.16
2025-08-31 11:45:00,61.0
2025-08-31 12:00:00,69.798
2025-08-31 12:15:00,67.882
2025-08-31 12:30:00,69.81
2025-08-31 12:45:00,64.855
2025-08-31 13:00:00,65.215
2025-08-31 13:15:00,64.975
2025-08-31 13:30:00,68.077
2025-08-31 13:45:00,65.988
2025-08-31 14:00:00,67.872
2025-08-31 14:15:00,64.5
2025-08-31 14:30:00,66.785
2025-08-31 14:45:00,70.618
2025-08-31 15:00:00,74.69
2025-08-31 15:15:00,77.61
2025-08-31 15:30:00,67.995
2025-08-31 15:45:00,63.653
2025-08-31 16:00:00,65.558
2025-08-31 16:15:00,69.36
2025-08-31 16:30:00,67.863
2025-08-31 16:45:00,74.012
2025-08-31 17:00:00,67.51
2025-08-31 17:15:00,71.715
2025-08-31 17:30:00,69.895
2025-08-31 17:45:00,80.64
2025-08-31 18:00:00,80.28
2025-08-31 18:15:00,84.745
2025-08-31 18:30:00,94.912
2025-08-31 18:45:00,76.007
2025-08-31 19:00:00,78.308
2025-08-31 19:15:00,77.38
2025-08-31 19:30:00,77.423
2025-08-31 19:45:00,83.747
2025-08-31 20:00:00,99.933
2025-08-31 20:15:00,117.022
2025-08-31 20:30:00,116.098
2025-08-31 20:45:00,122.162
2025-08-31 21:00:00,133.977
2025-08-31 21:15:00,143.863
2025-08-31 21:30:00,149.91
2025-08-31 21:45:00,145.645
2025-08-31 22:00:00,144.615
2025-08-31 22:15:00,146.837
2025-08-31 22:30:00,153.365
2025-08-31 22:45:00,154.223
2025-08-31 23:00:00,159.527
2025-08-31 23:15:00,173.5
2025-08-31 23:30:00,181.107
2025-08-31 23:45:00,203.458
2025-10-25 00:00:00,1264.8
2025-10-25 00:15:00,1255.12
2025-10-25 00:30:00,1247.985
2025-10-25 00:45:00,1261.522
2025-10-25 01:00:00,1248.605
2025-10-25 01:15:00,1251.285
2025-10-25 01:30:00,1237.86
2025-10-25 01:45:00,1220.703
2025-10-25 02:00:00,1206.56
2025-10-25 02:15:00,1191.82
2025-10-25 02:30:00,1175.313
2025-10-25 02:45:00,1147.483
2025-10-25 03:00:00,1122.81
2025-10-25 03:15:00,1100.42
2025-10-25 03:30:00,1084.287
2025-10-25 03:45:00,1067.007
2025-10-25 04:00:00,1055.42
2025-10-25 04:15:00,1049.415
2025-10-25 04:30:00,1043.0
2025-10-25 04:45:00,1038.42
2025-10-25 05:00:00,1040.61
2025-10-25 05:15:00,1031.738
2025-10-25 05:30:00,1017.42
2025-10-25 05:45:00,1017.09
2025-10-25 06:00:00,987.513
2025-10-25 06:15:00,959.26
2025-10-25 06:30:00,933.576
2025-10-25 06:45:00,919.547
2025-10-25 07:00:00,888.732
2025-10-25 07:15:00,859.122
2025-10-25 07:30:00,760.272
2025-10-25 07:45:00,836.0
2025-10-25 08:00:00,836.963
2025-10-25 08:15:00,718.369
2025-10-25 08:30:00,788.375
2025-10-25 08:45:00,720.321
2025-10-25 09:00:00,679.803
2025-10-25 09:15:00,675.435
2025-10-25 09:30:00,638.472
2025-10-25 09:45:00,598.646
2025-10-25 10:00:00,595.253
2025-10-25 10:15:00,552.037
2025-10-25 10:30:00,533.782
2025-10-25 10:45:00,536.468
2025-10-25 11:00:00,515.153
2025-10-25 11:15:00,501.797
2025-10-25 11:30:00,467.66
2025-10-25 11:45:00,469.348
2025-10-25 12:00:00,455.008
2025-10-25 12:15:00,433.44
2025-10-25 12:30:00,414.997
2025-10-25 12:45:00,413.328
2025-10-25 13:00:00,416.74
2025-10-25 13:15:00,415.492
2025-10-25 13:30:00,416.175
2025-10-25 13:45:00,425.533
2025-10-25 14:00:00,431.848
2025-10-25 14:15:00,478.875
2025-10-25 14:30:00,498.293
2025-10-25 14:45:00,518.84
2025-10-25 15:00:00,550.222
2025-10-25 15:15:00,556.508
2025-10-25 15:30:00,563.838
2025-10-25 15:45:00,596.018
2025-10-25 16:00:00,603.925
2025-10-25 16:15:00,628.255
2025-10-25 16:30:00,645.782
2025-10-25 16:45:00,655.518
2025-10-25 17:00:00,681.782
2025-10-25 17:15:00,704.07
2025-10-25 17:30:00,727.425
2025-10-25 17:45:00,751.26
2025-10-25 18:00:00,759.313
2025-10-25 18:15:00,761.463
2025-10-25 18:30:00,776.773
2025-10-25 18:45:00,781.025
2025-10-25 19:00:00,818.172
2025-10-25 19:15:00,834.872
2025-10-25 19:30:00,854.867
2025-10-25 19:45:00,881.987
2025-10-25 20:00:00,893.38
2025-10-25 20:15:00,903.555
2025-10-25 20:30:00,933.617
2025-10-25 20:45:00,939.415
2025-10-25 21:00:00,958.102
2025-10-25 21:15:00,958.857
2025-10-25 21:30:00,942.526
2025-10-25 21:45:00,956.29
2025-10-25 22:00:00,961.48
2025-10-25 22:15:00,963.232
2025-10-25 22:30:00,959.843
2025-10-25 22:45:00,932.835
2025-10-25 23:00:00,921.945
2025-10-25 23:15:00,906.215
2025-10-25 23:30:00,857.23
2025-10-25 23:45:00,902.328
2025-10-28 00:00:00,496.163
2025-10-28 00:15:00,491.492
2025-10-28 00:30:00,492.625
2025-10-28 00:45:00,473.12
2025-10-28 01:00:00,469.86
2025-10-28 01:15:00,470.337
2025-10-28 01:30:00,467.89
2025-10-28 01:45:00,458.508
2025-10-28 02:00:00,454.017
2025-10-28 02:15:00,444.372
2025-10-28 02:30:00,437.555
2025-10-28 02:45:00,431.985
2025-10-28 03:00:00,433.835
2025-10-28 03:15:00,439.755
2025-10-28 03:30:00,431.095
2025-10-28 03:45:00,432.375
2025-10-28 04:00:00,436.078
2025-10-28 04:15:00,438.353
2025-10-28 04:30:00,435.288
2025-10-28 04:45:00,435.918
2025-10-28 05:00:00,437.293
2025-10-28 05:15:00,437.492
2025-10-28 05:30:00,441.633
2025-10-28 05:45:00,432.43
2025-10-28 06:00:00,431.668
2025-10-28 06:15:00,433.995
2025-10-28 06:30:00,437.785
2025-10-28 06:45:00,434.11
2025-10-28 07:00:00,438.247
2025-10-28 07:15:00,428.31
2025-10-28 07:30:00,430.138
2025-10-28 07:45:00,446.3
2025-10-28 08:00:00,468.97
2025-10-28 08:15:00,454.867
2025-10-28 08:30:00,453.263
2025-10-28 08:45:00,455.66
2025-10-28 09:00:00,254.348
2025-10-28 09:15:00,204.43
2025-10-28 09:30:00,241.554
2025-10-28 09:45:00,276.173
2025-10-28 10:00:00,301.072
2025-10-28 10:15:00,285.546
2025-10-28 10:30:00,276.733
2025-10-28 10:45:00,273.021
2025-10-28 11:00:00,276.678
2025-10-28 11:15:00,298.457
2025-10-28 11:30:00,236.749
2025-10-28 11:45:00,227.263
2025-10-28 12:00:00,261.415
2025-10-28 12:15:00,229.315
2025-10-28 12:30:00,259.404
2025-10-28 12:45:00,240.503
2025-10-28 13:00:00,212.447
2025-10-28 13:15:00,192.89
2025-10-28 13:30:00,190.05
2025-10-28 13:45:00,180.565
2025-10-28 14:00:00,170.575
2025-10-28 14:15:00,178.3
2025-10-28 14:30:00,178.477
2025-10-28 14:45:00,181.68
2025-10-28 15:00:00,184.11
2025-10-28 15:15:00,184.025
2025-10-28 15:30:00,180.077
2025-10-28 15:45:00,189.22
2025-10-28 16:00:00,197.1
2025-10-28 16:15:00,213.015
2025-10-28 16:30:00,238.688
2025-10-28 16:45:00,260.905
2025-10-28 17:00:00,286.663
2025-10-28 17:15:00,324.603
2025-10-28 17:30:00,349.492
2025-10-28 17:45:00,366.277
2025-10-28 18:00:00,378.779
2025-10-28 18:15:00,383.632
2025-10-28 18:30:00,402.804
2025-10-28 18:45:00,413.794
2025-10-28 19:00:00,436.783
2025-10-28 19:15:00,455.707
2025-10-28 19:30:00,457.544
2025-10-28 19:45:00,514.835
2025-10-28 20:00:00,527.773
2025-10-28 20:15:00,544.73
2025-10-28 20:30:00,554.008
2025-10-28 20:45:00,542.895
2025-10-28 21:00:00,557.77
2025-10-28 21:15:00,562.12
2025-10-28 21:30:00,553.878
2025-10-28 21:45:00,543.282
2025-10-28 22:00:00,543.035
2025-10-28 22:15:00,544.573
2025-10-28 22:30:00,513.964
2025-10-28 22:45:00,475.456
2025-10-28 23:00:00,518.725
2025-10-28 23:15:00,509.89
2025-10-28 23:30:00,489.36
2025-10-28 23:45:00,463.43
2025-10-29 00:00:00,449.305
2025-10-29 00:15:00,453.49
2025-10-29 00:30:00,449.233
2025-10-29 00:45:00,433.383
2025-10-29 01:00:00,426.95
2025-10-29 01:15:00,439.703
2025-10-29 01:30:00,423.907
2025-10-29 01:45:00,428.277
2025-10-29 02:00:00,440.392
2025-10-29 02:15:00,448.413
2025-10-29 02:30:00,459.332
2025-10-29 02:45:00,446.328
2025-10-29 03:00:00,441.867
2025-10-29 03:15:00,442.775
2025-10-29 03:30:00,436.883
2025-10-29 03:45:00,423.375
2025-10-29 04:00:00,409.84
2025-10-29 04:15:00,388.0
2025-10-29 04:30:00,380.005
2025-10-29 04:45:00,361.83
2025-10-29 05:00:00,355.892
2025-10-29 05:15:00,346.01
2025-10-29 05:30:00,345.142
2025-10-29 05:45:00,331.01
2025-10-29 06:00:00,302.821
2025-10-29 06:15:00,316.95
2025-10-29 06:30:00,310.383
2025-10-29 06:45:00,306.045
2025-10-29 07:00:00,299.52
2025-10-29 07:15:00,278.05
2025-10-29 07:30:00,258.038
2025-10-29 07:45:00,253.3
2025-10-29 08:00:00,247.587
2025-10-29 08:15:00,243.265
2025-10-29 08:30:00,234.863
2025-10-29 08:45:00,214.738
2025-10-29 09:00:00,206.63
2025-10-29 09:15:00,209.62
2025-10-29 09:30:00,203.982
2025-10-29 09:45:00,191.913
2025-10-29 10:00:00,169.738
2025-10-29 10:15:00,154.432
2025-10-29 10:30:00,149.848
2025-10-29 10:45:00,135.773
2025-10-29 11:00:00,119.855
2025-10-29 11:15:00,108.088
2025-10-29 11:30:00,100.783
2025-10-29 11:45:00,90.09
2025-10-29 12:00:00,86.945
2025-10-29 12:15:00,77.58
2025-10-29 12:30:00,70.323
2025-10-29 12:45:00,65.463
2025-10-29 13:00:00,60.217
2025-10-29 13:15:00,59.092
2025-10-29 13:30:00,66.872
2025-10-29 13:45:00,63.62
2025-10-29 14:00:00,63.595
2025-10-29 14:15:00,67.882
2025-10-29 14:30:00,64.442
2025-10-29 14:45:00,51.71
2025-10-29 15:00:00,47.65
2025-10-29 15:15:00,48.785
2025-10-29 15:30:00,48.388
2025-10-29 15:45:00,51.103
2025-10-29 16:00:00,52.025
2025-10-29 16:15:00,51.107
2025-10-29 16:30:00,58.382
2025-10-29 16:45:00,56.985
2025-10-29 17:00:00,56.923
2025-10-29 17:15:00,63.007
2025-10-29 17:30:00,72.19
2025-10-29 17:45:00,75.527
2025-10-29 18:00:00,86.832
2025-10-29 18:15:00,101.185
2025-10-29 18:30:00,110.003
2025-10-29 18:45:00,116.885
2025-10-29 19:00:00,135.777
2025-10-29 19:15:00,139.865
2025-10-29 19:30:00,149.393
2025-10-29 19:45:00,171.755
2025-10-29 20:00:00,177.962
2025-10-29 20:15:00,168.6
2025-10-29 20:30:00,160.765
2025-10-29 20:45:00,165.727
2025-10-29 21:00:00,164.173
2025-10-29 21:15:00,167.575
2025-10-29 21:30:00,171.47
2025-10-29 21:45:00,181.33
2025-10-29 22:00:00,191.363
2025-10-29 22:15:00,188.785
2025-10-29 22:30:00,181.482
2025-10-29 22:45:00,189.232
2025-10-29 23:00:00,201.428
2025-10-29 23:15:00,220.305
2025-10-29 23:30:00,241.923
2025-10-29 23:45:00,252.13
2025-10-30 00:00:00,252.44
2025-10-30 00:15:00,250.32
2025-10-30 00:30:00,245.928
2025-10-30 00:45:00,244.82
2025-10-30 01:00:00,247.16
2025-10-30 01:15:00,217.452
2025-10-30 01:30:00,206.82
2025-10-30 01:45:00,233.525
2025-10-30 02:00:00,230.005
2025-10-30 02:15:00,232.165
2025-10-30 02:30:00,234.313
2025-10-30 02:45:00,254.227
2025-10-30 03:00:00,287.587
2025-10-30 03:15:00,287.54
2025-10-30 03:30:00,277.93
2025-10-30 03:45:00,264.445
2025-10-30 04:00:00,252.193
2025-10-30 04:15:00,243.42
2025-10-30 04:30:00,242.327
2025-10-30 04:45:00,240.95
2025-10-30 05:00:00,250.86
2025-10-30 05:15:00,257.055
2025-10-30 05:30:00,238.212
2025-10-30 05:45:00,236.357
2025-10-30 06:00:00,216.98
2025-10-30 06:15:00,194.415
2025-10-30 06:30:00,190.32
2025-10-30 06:45:00,198.107
2025-10-30 07:00:00,195.8
2025-10-30 07:15:00,192.115
2025-10-30 07:30:00,190.893
2025-10-30 07:45:00,192.523
2025-10-30 08:00:00,187.865
2025-10-30 08:15:00,176.925
2025-10-30 08:30:00,174.745
2025-10-30 08:45:00,170.917
2025-10-30 09:00:00,165.027
2025-10-30 09:15:00,163.447
2025-10-30 09:30:00,160.247
2025-10-30 09:45:00,165.85
2025-10-30 10:00:00,155.275
2025-10-30 10:15:00,153.84
2025-10-30 10:30:00,154.378
2025-10-30 10:45:00,154.658
2025-10-30 11:00:00,144.575
2025-10-30 11:15:00,143.045
2025-10-30 11:30:00,137.24
2025-10-30 11:45:00,137.253
2025-10-30 12:00:00,133.292
2025-10-30 12:15:00,134.665
2025-10-30 12:30:00,136.95
2025-10-30 12:45:00,130.622
2025-10-30 13:00:00,124.723
2025-10-30 13:15:00,138.47
2025-10-30 13:30:00,144.075
2025-10-30 13:45:00,161.075
2025-10-30 14:00:00,162.538
2025-10-30 14:15:00,159.268
2025-10-30 14:30:00,165.732
2025-10-30 14:45:00,181.523
2025-10-30 15:00:00,189.49
2025-10-30 15:15:00,207.563
2025-10-30 15:30:00,232.333
2025-10-30 15:45:00,250.732
2025-10-30 16:00:00,252.708
2025-10-30 16:15:00,245.572
2025-10-30 16:30:00,246.896
2025-10-30 16:45:00,288.828
2025-10-30 17:00:00,311.745
2025-10-30 17:15:00,331.55
2025-10-30 17:30:00,337.615
2025-10-30 17:45:00,344.07
2025-10-30 18:00:00,346.547
2025-10-30 18:15:00,343.975
2025-10-30 18:30:00,338.188
2025-10-30 18:45:00,339.003
2025-10-30 19:00:00,339.842
2025-10-30 19:15:00,336.242
2025-10-30 19:30:00,342.1
2025-10-30 19:45:00,364.888
2025-10-30 20:00:00,394.177
2025-10-30 20:15:00,387.51
2025-10-30 20:30:00,398.533
2025-10-30 20:45:00,392.103
2025-10-30 21:00:00,398.07
2025-10-30 21:15:00,400.505
2025-10-30 21:30:00,409.073
2025-10-30 21:45:00,415.195
2025-10-30 22:00:00,399.49
2025-10-30 22:15:00,402.15
2025-10-30 22:30:00,417.02
2025-10-30 22:45:00,428.263
2025-10-30 23:00:00,442.53
2025-10-30 23:15:00,347.728
2025-10-30 23:30:00,409.107
2025-10-30 23:45:00,435.868
2025-10-31 00:00:00,529.005
2025-10-31 00:15:00,535.322
2025-10-31 00:30:00,552.717
2025-10-31 00:45:00,424.896
2025-10-31 01:00:00,613.545
2025-10-31 01:15:00,658.24
2025-10-31 01:30:00,628.948
2025-10-31 01:45:00,614.115
2025-10-31 02:00:00,620.018
2025-10-31 02:15:00,668.497
2025-10-31 02:30:00,677.84
2025-10-31 02:45:00,690.162
2025-10-31 03:00:00,713.268
2025-10-31 03:15:00,746.45
2025-10-31 03:30:00,776.355
2025-10-31 03:45:00,785.29
2025-10-31 04:00:00,802.472
2025-10-31 04:15:00,850.14
2025-10-31 04:30:00,672.505
2025-10-31 04:45:00,891.773
2025-10-31 05:00:00,818.667
2025-10-31 05:15:00,896.715
2025-10-31 05:30:00,879.65
2025-10-31 05:45:00,861.335
2025-10-31 06:00:00,872.477
2025-10-31 06:15:00,886.0
2025-10-31 06:30:00,888.869
2025-10-31 06:45:00,845.713
2025-10-31 07:00:00,814.549
2025-10-31 07:15:00,822.021
2025-10-31 07:30:00,841.797
2025-10-31 07:45:00,815.22
2025-10-31 08:00:00,764.855
2025-10-31 08:15:00,739.365
2025-10-31 08:30:00,731.566
2025-10-31 08:45:00,757.612
2025-10-31 09:00:00,661.175
2025-10-31 09:15:00,700.134
2025-10-31 09:30:00,729.622
2025-10-31 09:45:00,707.03
2025-10-31 10:00:00,692.227
2025-10-31 10:15:00,683.518
2025-10-31 10:30:00,693.275
2025-10-31 10:45:00,727.33
2025-10-31 11:00:00,719.805
2025-10-31 11:15:00,711.255
2025-10-31 11:30:00,660.969
2025-10-31 11:45:00,630.92
2025-10-31 12:00:00,563.127
2025-10-31 12:15:00,595.845
2025-10-31 12:30:00,589.07
2025-10-31 12:45:00,554.595
2025-10-31 13:00:00,557.432
2025-10-31 13:15:00,573.443
2025-10-31 13:30:00,594.492
2025-10-31 13:45:00,621.833
2025-10-31 14:00:00,639.148
2025-10-31 14:15:00,673.657
2025-10-31 14:30:00,708.57
2025-10-31 14:45:00,745.105
2025-10-31 15:00:00,764.029
2025-10-31 15:15:00,783.655
2025-10-31 15:30:00,834.735
2025-10-31 15:45:00,864.27
2025-10-31 16:00:00,885.43
2025-10-31 16:15:00,921.078
2025-10-31 16:30:00,961.865
2025-10-31 16:45:00,971.328
2025-10-31 17:00:00,971.133
2025-10-31 17:15:00,985.98
2025-10-31 17:30:00,1012.885
2025-10-31 17:45:00,1071.43
2025-10-31 18:00:00,1091.79
2025-10-31 18:15:00,1124.993
2025-10-31 18:30:00,1156.958
2025-10-31 18:45:00,1181.75
2025-10-31 19:00:00,1187.146
2025-10-31 19:15:00,1232.012
2025-10-31 19:30:00,1233.233
2025-10-31 19:45:00,1199.744
2025-10-31 20:00:00,1136.008
2025-10-31 20:15:00,1077.496
2025-10-31 20:30:00,1169.71
2025-10-31 20:45:00,1114.022
2025-10-31 21:00:00,1069.593
2025-10-31 21:15:00,1002.755
2025-10-31 21:30:00,987.093
2025-10-31 21:45:00,966.552
2025-10-31 22:00:00,978.472
2025-10-31 22:15:00,964.235
2025-10-31 22:30:00,946.87
2025-10-31 22:45:00,947.385
2025-10-31 23:00:00,946.393
2025-10-31 23:15:00,911.677
2025-10-31 23:30:00,904.425
2025-10-31 23:45:00,926.813
2025-11-01 00:00:00,927.759
2025-11-01 00:15:00,919.445
2025-11-01 00:30:00,918.597
2025-11-01 00:45:00,904.31
2025-11-01 01:00:00,921.13
2025-11-01 01:15:00,927.323
2025-11-01 01:30:00,937.987
2025-11-01 01:45:00,932.323
2025-11-01 02:00:00,933.6
2025-11-01 02:15:00,926.758
2025-11-01 02:30:00,900.655
2025-11-01 02:45:00,910.565
2025-11-01 03:00:00,920.355
2025-11-01 03:15:00,906.75
2025-11-01 03:30:00,880.494
2025-11-01 03:45:00,936.725
2025-11-01 04:00:00,928.895
2025-11-01 04:15:00,927.857
2025-11-01 04:30:00,905.742
2025-11-01 04:45:00,907.718
2025-11-01 05:00:00,978.023
2025-11-01 05:15:00,936.94
2025-11-01 05:30:00,978.941
2025-11-01 05:45:00,949.551
2025-11-01 06:00:00,972.601
2025-11-01 06:15:00,966.644
2025-11-01 06:30:00,892.25
2025-11-01 06:45:00,877.484
2025-11-01 07:00:00,796.929
2025-11-01 07:15:00,753.468
2025-11-01 07:30:00,612.803
2025-11-01 07:45:00,671.891
2025-11-01 08:00:00,666.3
2025-11-01 08:15:00,687.541
2025-11-01 08:30:00,661.905
2025-11-01 08:45:00,675.242
2025-11-01 09:00:00,634.85
2025-11-01 09:15:00,628.48
2025-11-01 09:30:00,592.835
2025-11-01 09:45:00,554.195
2025-11-01 10:00:00,513.343
2025-11-01 10:15:00,494.735
2025-11-01 10:30:00,412.342
2025-11-01 10:45:00,400.287
2025-11-01 11:00:00,471.415
2025-11-01 11:15:00,457.677
2025-11-01 11:30:00,409.953
2025-11-01 11:45:00,350.031
2025-11-01 12:00:00,372.23
2025-11-01 12:15:00,345.481
2025-11-01 12:30:00,360.993
2025-11-01 12:45:00,325.706
2025-11-01 13:00:00,283.943
2025-11-01 13:15:00,297.536
2025-11-01 13:30:00,291.221
2025-11-01 13:45:00,261.153
2025-11-01 14:00:00,361.087
2025-11-01 14:15:00,362.549
2025-11-01 14:30:00,400.565
2025-11-01 14:45:00,400.642
2025-11-01 15:00:00,407.152
2025-11-01 15:15:00,428.17
2025-11-01 15:30:00,442.17
2025-11-01 15:45:00,456.095
2025-11-01 16:00:00,448.053
2025-11-01 16:15:00,520.421
2025-11-01 16:30:00,572.838
2025-11-01 16:45:00,578.385
2025-11-01 17:00:00,603.203
2025-11-01 17:15:00,585.92
2025-11-01 17:30:00,611.23
2025-11-01 17:45:00,661.367
2025-11-01 18:00:00,678.335
2025-11-01 18:15:00,720.135
2025-11-01 18:30:00,746.203
2025-11-01 18:45:00,774.65
2025-11-01 19:00:00,782.297
2025-11-01 19:15:00,778.375
2025-11-01 19:30:00,691.587
2025-11-01 19:45:00,706.145
2025-11-01 20:00:00,670.492
2025-11-01 20:15:00,632.819
2025-11-01 20:30:00,617.112
2025-11-01 20:45:00,607.249
2025-11-01 21:00:00,586.45
2025-11-01 21:15:00,592.374
2025-11-01 21:30:00,596.2
2025-11-01 21:45:00,561.499
2025-11-01 22:00:00,671.518
2025-11-01 22:15:00,673.247
2025-11-01 22:30:00,664.773
2025-11-01 22:45:00,637.372
2025-11-01 23:00:00,639.198
2025-11-01 23:15:00,648.93
2025-11-01 23:30:00,593.234
2025-11-01 23:45:00,628.893
2025-11-02 00:00:00,588.205
2025-11-02 00:15:00,559.545
2025-11-02 00:30:00,535.338
2025-11-02 00:45:00,505.89
2025-11-02 01:00:00,500.367
2025-11-02 01:15:00,497.408
2025-11-02 01:30:00,483.672
2025-11-02 01:45:00,486.42
2025-11-02 02:00:00,491.342
2025-11-02 02:15:00,487.905
2025-11-02 02:30:00,468.725
2025-11-02 02:45:00,464.622
2025-11-02 03:00:00,457.08
2025-11-02 03:15:00,474.925
2025-11-02 03:30:00,501.245
2025-11-02 03:45:00,507.647
2025-11-02 04:00:00,511.933
2025-11-02 04:15:00,547.2
2025-11-02 04:30:00,567.365
2025-11-02 04:45:00,583.208
2025-11-02 05:00:00,575.237
2025-11-02 05:15:00,608.508
2025-11-02 05:30:00,636.982
2025-11-02 05:45:00,617.567
2025-11-02 06:00:00,553.639
2025-11-02 06:15:00,507.949
2025-11-02 06:30:00,671.45
2025-11-02 06:45:00,739.285
2025-11-02 07:00:00,707.865
2025-11-02 07:15:00,688.042
2025-11-02 07:30:00,691.745
2025-11-02 07:45:00,696.32
2025-11-02 08:00:00,720.182
2025-11-02 08:15:00,626.514
2025-11-02 08:30:00,637.707
2025-11-02 08:45:00,646.933
2025-11-02 09:00:00,672.182
2025-11-02 09:15:00,682.432
2025-11-02 09:30:00,639.107
2025-11-02 09:45:00,610.805
2025-11-02 10:00:00,571.727
2025-11-02 10:15:00,565.097
2025-11-02 10:30:00,562.165
2025-11-02 10:45:00,539.468
2025-11-02 11:00:00,496.37
2025-11-02 11:15:00,494.275
2025-11-02 11:30:00,497.79
2025-11-02 11:45:00,489.212
2025-11-02 12:00:00,498.467
2025-11-02 12:15:00,507.747
2025-11-02 12:30:00,507.967
2025-11-02 12:45:00,531.557
2025-11-02 13:00:00,544.335
2025-11-02 13:15:00,553.795
2025-11-02 13:30:00,565.297
2025-11-02 13:45:00,555.491
2025-11-02 14:00:00,551.902
2025-11-02 14:15:00,528.272
2025-11-02 14:30:00,566.838
2025-11-02 14:45:00,569.6
2025-11-02 15:00:00,602.285
2025-11-02 15:15:00,596.44
2025-11-02 15:30:00,606.82
2025-11-02 15:45:00,644.725
2025-11-02 16:00:00,684.343
2025-11-02 16:15:00,735.74
2025-11-02 16:30:00,746.677
2025-11-02 16:45:00,772.713
2025-11-02 17:00:00,796.213
2025-11-02 17:15:00,823.052
2025-11-02 17:30:00,838.073
2025-11-02 17:45:00,848.857
2025-11-02 18:00:00,850.62
2025-11-02 18:15:00,850.755
2025-11-02 18:30:00,835.205
2025-11-02 18:45:00,813.36
2025-11-02 19:00:00,803.172
2025-11-02 19:15:00,805.825
2025-11-02 19:30:00,800.985
2025-11-02 19:45:00,799.268
2025-11-02 20:00:00,826.588
2025-11-02 20:15:00,834.335
2025-11-02 20:30:00,845.918
2025-11-02 20:45:00,863.735
2025-11-02 21:00:00,860.287
2025-11-02 21:15:00,883.912
2025-11-02 21:30:00,897.753
2025-11-02 21:45:00,889.52
2025-11-02 22:00:00,899.292
2025-11-02 22:15:00,893.657
2025-11-02 22:30:00,840.756
2025-11-02 22:45:00,767.073
2025-11-02 23:00:00,729.612
2025-11-02 23:15:00,776.91
2025-11-02 23:30:00,689.035
2025-11-02 23:45:00,857.516
2025-11-03 00:00:00,816.996
2025-11-03 00:15:00,820.35
2025-11-03 00:30:00,803.11
2025-11-03 00:45:00,771.845
2025-11-03 01:00:00,767.097
2025-11-03 01:15:00,754.912
2025-11-03 01:30:00,789.268
2025-11-03 01:45:00,790.227
2025-11-03 02:00:00,801.17
2025-11-03 02:15:00,829.105
2025-11-03 02:30:00,862.617
2025-11-03 02:45:00,885.939
2025-11-03 03:00:00,888.644
2025-11-03 03:15:00,930.092
2025-11-03 03:30:00,985.575
2025-11-03 03:45:00,1011.157
2025-11-03 04:00:00,997.855
2025-11-03 04:15:00,1013.732
2025-11-03 04:30:00,1043.682
2025-11-03 04:45:00,1112.815
2025-11-03 05:00:00,1070.573
2025-11-03 05:15:00,1173.14
2025-11-03 05:30:00,1184.39
2025-11-03 05:45:00,1080.41
2025-11-03 06:00:00,1111.51
2025-11-03 06:15:00,1167.983
2025-11-03 06:30:00,1242.932
2025-11-03 06:45:00,1233.377
2025-11-03 07:00:00,1154.177
2025-11-03 07:15:00,1117.527
2025-11-03 07:30:00,1103.757
2025-11-03 07:45:00,1106.42
2025-11-03 08:00:00,1105.708
2025-11-03 08:15:00,1117.522
2025-11-03 08:30:00,1100.24
2025-11-03 08:45:00,1060.865
2025-11-03 09:00:00,1042.84
2025-11-03 09:15:00,1026.64
2025-11-03 09:30:00,1006.122
2025-11-03 09:45:00,973.3
2025-11-03 10:00:00,960.06
2025-11-03 10:15:00,932.985
2025-11-03 10:30:00,889.198
2025-11-03 10:45:00,846.14
2025-11-03 11:00:00,791.162
2025-11-03 11:15:00,748.1
2025-11-03 11:30:00,709.905
2025-11-03 11:45:00,674.563
2025-11-03 12:00:00,647.41
2025-11-03 12:15:00,641.595
2025-11-03 12:30:00,630.398
2025-11-03 12:45:00,624.28
2025-11-03 13:00:00,625.295
2025-11-03 13:15:00,627.975
2025-11-03 13:30:00,625.925
2025-11-03 13:45:00,622.318
2025-11-03 14:00:00,613.023
2025-11-03 14:15:00,616.528
2025-11-03 14:30:00,593.313
2025-11-03 14:45:00,596.235
2025-11-03 15:00:00,603.482
2025-11-03 15:15:00,595.963
2025-11-03 15:30:00,594.792
2025-11-03 15:45:00,602.565
2025-11-03 16:00:00,611.237
2025-11-03 16:15:00,623.912
2025-11-03 16:30:00,632.135
2025-11-03 16:45:00,651.03
2025-11-03 17:00:00,671.485
2025-11-03 17:15:00,684.385
2025-11-03 17:30:00,676.175
2025-11-03 17:45:00,677.628
2025-11-03 18:00:00,667.042
2025-11-03 18:15:00,682.463
2025-11-03 18:30:00,693.847
2025-11-03 18:45:00,709.635
2025-11-03 19:00:00,718.938
2025-11-03 19:15:00,726.698
2025-11-03 19:30:00,743.922
2025-11-03 19:45:00,757.593
2025-11-03 20:00:00,752.422
2025-11-03 20:15:00,752.578
2025-11-03 20:30:00,768.438
2025-11-03 20:45:00,766.57
2025-11-03 21:00:00,746.286
2025-11-03 21:15:00,753.332
2025-11-03 21:30:00,736.917
2025-11-03 21:45:00,697.148
2025-11-03 22:00:00,685.685
2025-11-03 22:15:00,672.482
2025-11-03 22:30:00,655.815
2025-11-03 22:45:00,621.177
2025-11-03 23:00:00,600.662
2025-11-03 23:15:00,589.26
2025-11-03 23:30:00,573.888
2025-11-03 23:45:00,568.273
2025-11-04 00:00:00,574.66
2025-11-04 00:15:00,572.1
2025-11-04 00:30:00,564.005
2025-11-04 00:45:00,571.597
2025-11-04 01:00:00,567.47
2025-11-04 01:15:00,571.917
2025-11-04 01:30:00,571.737
2025-11-04 01:45:00,550.648
2025-11-04 02:00:00,540.607
2025-11-04 02:15:00,536.515
2025-11-04 02:30:00,555.148
2025-11-04 02:45:00,569.19
2025-11-04 03:00:00,582.287
2025-11-04 03:15:00,560.0
2025-11-04 03:30:00,535.12
2025-11-04 03:45:00,504.64
2025-11-04 04:00:00,499.842
2025-11-04 04:15:00,482.42
2025-11-04 04:30:00,483.552
2025-11-04 04:45:00,483.865
2025-11-04 05:00:00,494.89
2025-11-04 05:15:00,493.815
2025-11-04 05:30:00,515.995
2025-11-04 05:45:00,535.263
2025-11-04 06:00:00,555.275
2025-11-04 06:15:00,587.367
2025-11-04 06:30:00,575.055
2025-11-04 06:45:00,550.032
2025-11-04 07:00:00,535.422
2025-11-04 07:15:00,523.935
2025-11-04 07:30:00,535.112
2025-11-04 07:45:00,506.443
2025-11-04 08:00:00,451.742
2025-11-04 08:15:00,427.0
2025-11-04 08:30:00,391.865
2025-11-04 08:45:00,372.207
2025-11-04 09:00:00,346.94
2025-11-04 09:15:00,335.78
2025-11-04 09:30:00,330.92
2025-11-04 09:45:00,319.832
2025-11-04 10:00:00,318.203
2025-11-04 10:15:00,310.223
2025-11-04 10:30:00,309.385
2025-11-04 10:45:00,308.515
2025-11-04 11:00:00,281.543
2025-11-04 11:15:00,275.77
2025-11-04 11:30:00,264.155
2025-11-04 11:45:00,207.705
2025-11-04 12:00:00,237.152
2025-11-04 12:15:00,230.795
2025-11-04 12:30:00,226.148
2025-11-04 12:45:00,223.305
2025-11-04 13:00:00,212.515
2025-11-04 13:15:00,251.66
2025-11-04 13:30:00,237.394
2025-11-04 13:45:00,205.346
2025-11-04 14:00:00,200.523
2025-11-04 14:15:00,197.406
2025-11-04 14:30:00,192.379
2025-11-04 14:45:00,205.258
2025-11-04 15:00:00,198.997
2025-11-04 15:15:00,193.74
2025-11-04 15:30:00,190.204
2025-11-04 15:45:00,153.372
2025-11-04 16:00:00,88.906
2025-11-04 16:15:00,180.532
2025-11-04 16:30:00,192.807
2025-11-04 16:45:00,194.997
2025-11-04 17:00:00,207.25
2025-11-04 17:15:00,215.352
2025-11-04 17:30:00,247.193
2025-11-04 17:45:00,268.445
2025-11-04 18:00:00,284.063
2025-11-04 18:15:00,289.06
2025-11-04 18:30:00,295.258
2025-11-04 18:45:00,315.59
2025-11-04 19:00:00,338.955
2025-11-04 19:15:00,358.418
2025-11-04 19:30:00,379.47
2025-11-04 19:45:00,406.045
2025-11-04 20:00:00,416.84
2025-11-04 20:15:00,437.005
2025-11-04 20:30:00,420.72
2025-11-04 20:45:00,427.175
2025-11-04 21:00:00,415.915
2025-11-04 21:15:00,420.288
2025-11-04 21:30:00,389.47
2025-11-04 21:45:00,353.608
2025-11-04 22:00:00,320.388
2025-11-04 22:15:00,317.98
2025-11-04 22:30:00,310.728
2025-11-04 22:45:00,267.957
2025-11-04 23:00:00,274.198
2025-11-04 23:15:00,268.835
2025-11-04 23:30:00,255.34
2025-11-04 23:45:00,251.92
2025-11-05 00:00:00,239.345
2025-11-05 00:15:00,239.29
2025-11-05 00:30:00,241.665
2025-11-05 00:45:00,239.452
2025-11-05 01:00:00,234.78
2025-11-05 01:15:00,237.515
2025-11-05 01:30:00,231.94
2025-11-05 01:45:00,223.592
2025-11-05 02:00:00,221.54
2025-11-05 02:15:00,212.985
2025-11-05 02:30:00,208.458
2025-11-05 02:45:00,205.4
2025-11-05 03:00:00,199.28
2025-11-05 03:15:00,187.915
2025-11-05 03:30:00,180.908
2025-11-05 03:45:00,177.82
2025-11-05 04:00:00,177.667
2025-11-05 04:15:00,184.41
2025-11-05 04:30:00,183.003
2025-11-05 04:45:00,187.085
2025-11-05 05:00:00,191.732
2025-11-05 05:15:00,198.225
2025-11-05 05:30:00,205.085
2025-11-05 05:45:00,209.76
2025-11-05 06:00:00,214.542
2025-11-05 06:15:00,222.633
2025-11-05 06:30:00,219.715
2025-11-05 06:45:00,221.148
2025-11-05 07:00:00,221.815
2025-11-05 07:15:00,237.66
2025-11-05 07:30:00,246.78
2025-11-05 07:45:00,255.94
2025-11-05 08:00:00,259.525
2025-11-05 08:15:00,254.005
2025-11-05 08:30:00,254.17
2025-11-05 08:45:00,242.997
2025-11-05 09:00:00,213.858
2025-11-05 09:15:00,152.041
2025-11-05 09:30:00,164.25
2025-11-05 09:45:00,143.235
2025-11-05 10:00:00,136.517
2025-11-05 10:15:00,150.21
2025-11-05 10:30:00,126.923
2025-11-05 10:45:00,136.648
2025-11-05 11:00:00,127.37
2025-11-05 11:15:00,113.537
2025-11-05 11:30:00,94.869
2025-11-05 11:45:00,89.45
2025-11-05 12:00:00,105.353
2025-11-05 12:15:00,97.95
2025-11-05 12:30:00,90.982
2025-11-05 12:45:00,83.948
2025-11-05 13:00:00,78.615
2025-11-05 13:15:00,67.707
2025-11-05 13:30:00,60.775
2025-11-05 13:45:00,59.37
2025-11-05 14:00:00,62.39
2025-11-05 14:15:00,62.171
2025-11-05 14:30:00,62.683
2025-11-05 14:45:00,70.423
2025-11-05 15:00:00,79.808
2025-11-05 15:15:00,84.497
2025-11-05 15:30:00,85.195
2025-11-05 15:45:00,87.03
2025-11-05 16:00:00,90.545
2025-11-05 16:15:00,99.0
2025-11-05 16:30:00,104.993
2025-11-05 16:45:00,115.105
2025-11-05 17:00:00,129.938
2025-11-05 17:15:00,146.842
2025-11-05 17:30:00,163.17
2025-11-05 17:45:00,188.635
2025-11-05 18:00:00,203.977
2025-11-05 18:15:00,237.565
2025-11-05 18:30:00,249.655
2025-11-05 18:45:00,272.145
2025-11-05 19:00:00,291.492
2025-11-05 19:15:00,312.793
2025-11-05 19:30:00,324.635
2025-11-05 19:45:00,341.438
2025-11-05 20:00:00,340.76
2025-11-05 20:15:00,344.013
2025-11-05 20:30:00,345.133
2025-11-05 20:45:00,344.237
2025-11-05 21:00:00,336.867
2025-11-05 21:15:00,333.095
2025-11-05 21:30:00,327.555
2025-11-05 21:45:00,334.77
2025-11-05 22:00:00,344.485
2025-11-05 22:15:00,355.068
2025-11-05 22:30:00,363.04
2025-11-05 22:45:00,375.103
2025-11-05 23:00:00,373.045
2025-11-05 23:15:00,372.98
2025-11-05 23:30:00,366.642
2025-11-05 23:45:00,382.045
2025-11-06 00:00:00,385.18
2025-11-06 00:15:00,379.943
2025-11-06 00:30:00,385.142
2025-11-06 00:45:00,380.21
2025-11-06 01:00:00,388.47
2025-11-06 01:15:00,393.955
2025-11-06 01:30:00,396.54
2025-11-06 01:45:00,397.487
2025-11-06 02:00:00,395.717
2025-11-06 02:15:00,390.95
2025-11-06 02:30:00,388.85
2025-11-06 02:45:00,392.02
2025-11-06 03:00:00,393.095
2025-11-06 03:15:00,408.592
2025-11-06 03:30:00,405.128
2025-11-06 03:45:00,402.665
2025-11-06 04:00:00,409.54
2025-11-06 04:15:00,413.775
2025-11-06 04:30:00,407.723
2025-11-06 04:45:00,400.885
2025-11-06 05:00:00,400.538
2025-11-06 05:15:00,397.392
2025-11-06 05:30:00,397.965
2025-11-06 05:45:00,392.783
2025-11-06 06:00:00,391.735
2025-11-06 06:15:00,381.345
2025-11-06 06:30:00,385.658
2025-11-06 06:45:00,383.88
2025-11-06 07:00:00,377.22
2025-11-06 07:15:00,365.745
2025-11-06 07:30:00,361.418
2025-11-06 07:45:00,361.603
2025-11-06 08:00:00,347.263
2025-11-06 08:15:00,341.277
2025-11-06 08:30:00,325.245
2025-11-06 08:45:00,308.505
2025-11-06 09:00:00,303.235
2025-11-06 09:15:00,300.513
2025-11-06 09:30:00,299.08
2025-11-06 09:45:00,292.633
2025-11-06 10:00:00,290.263
2025-11-06 10:15:00,291.42
2025-11-06 10:30:00,281.712
2025-11-06 10:45:00,281.315
2025-11-06 11:00:00,273.28
2025-11-06 11:15:00,270.397
2025-11-06 11:30:00,269.652
2025-11-06 11:45:00,281.49
2025-11-06 12:00:00,290.108
2025-11-06 12:15:00,284.615
2025-11-06 12:30:00,285.358
2025-11-06 12:45:00,298.858
2025-11-06 13:00:00,293.758
2025-11-06 13:15:00,285.052
2025-11-06 13:30:00,284.737
2025-11-06 13:45:00,293.63
2025-11-06 14:00:00,290.75
2025-11-06 14:15:00,304.15
2025-11-06 14:30:00,327.39
2025-11-06 14:45:00,331.68
2025-11-06 15:00:00,325.878
2025-11-06 15:15:00,331.75
2025-11-06 15:30:00,332.878
2025-11-06 15:45:00,338.875
2025-11-06 16:00:00,339.138
2025-11-06 16:15:00,346.017
2025-11-06 16:30:00,351.63
2025-11-06 16:45:00,362.785
2025-11-06 17:00:00,372.573
2025-11-06 17:15:00,380.212
2025-11-06 17:30:00,372.435
2025-11-06 17:45:00,371.517
2025-11-06 18:00:00,375.103
2025-11-06 18:15:00,384.52
2025-11-06 18:30:00,391.935
2025-11-06 18:45:00,409.455
2025-11-06 19:00:00,427.783
2025-11-06 19:15:00,439.8
2025-11-06 19:30:00,451.763
2025-11-06 19:45:00,474.565
2025-11-06 20:00:00,464.575
2025-11-06 20:15:00,485.735
2025-11-06 20:30:00,501.05
2025-11-06 20:45:00,502.68
2025-11-06 21:00:00,520.15
2025-11-06 21:15:00,533.617
2025-11-06 21:30:00,550.505
2025-11-06 21:45:00,560.175
2025-11-06 22:00:00,569.025
2025-11-06 22:15:00,565.445
2025-11-06 22:30:00,570.003
2025-11-06 22:45:00,577.68
2025-11-06 23:00:00,594.083
2025-11-06 23:15:00,598.578
2025-11-06 23:30:00,590.893
2025-11-06 23:45:00,597.032
2025-11-07 00:00:00,590.8
2025-11-07 00:15:00,587.42
2025-11-07 00:30:00,600.77
2025-11-07 00:45:00,594.03
2025-11-07 01:00:00,597.0
2025-11-07 01:15:00,606.07
2025-11-07 01:30:00,602.807
2025-11-07 01:45:00,600.745
2025-11-07 02:00:00,587.375
2025-11-07 02:15:00,602.615
2025-11-07 02:30:00,597.068
2025-11-07 02:45:00,598.503
2025-11-07 03:00:00,577.485
2025-11-07 03:15:00,558.895
2025-11-07 03:30:00,546.935
2025-11-07 03:45:00,552.91
2025-11-07 04:00:00,548.968
2025-11-07 04:15:00,543.768
2025-11-07 04:30:00,540.383
2025-11-07 04:45:00,518.505
2025-11-07 05:00:00,505.345
2025-11-07 05:15:00,485.182
2025-11-07 05:30:00,465.135
2025-11-07 05:45:00,458.527
2025-11-07 06:00:00,451.42
2025-11-07 06:15:00,445.655
2025-11-07 06:30:00,437.9
2025-11-07 06:45:00,434.168
2025-11-07 07:00:00,427.325
2025-11-07 07:15:00,423.99
2025-11-07 07:30:00,426.858
2025-11-07 07:45:00,422.585
2025-11-07 08:00:00,414.668
2025-11-07 08:15:00,415.535
2025-11-07 08:30:00,411.465
2025-11-07 08:45:00,401.872
2025-11-07 09:00:00,405.513
2025-11-07 09:15:00,390.717
2025-11-07 09:30:00,388.013
2025-11-07 09:45:00,376.103
2025-11-07 10:00:00,367.688
2025-11-07 10:15:00,351.358
2025-11-07 10:30:00,350.443
2025-11-07 10:45:00,344.685
2025-11-07 11:00:00,332.358
2025-11-07 11:15:00,329.943
2025-11-07 11:30:00,313.465
2025-11-07 11:45:00,301.242
2025-11-07 12:00:00,284.49
2025-11-07 12:15:00,278.807
2025-11-07 12:30:00,267.698
2025-11-07 12:45:00,255.36
2025-11-07 13:00:00,247.495
2025-11-07 13:15:00,246.625
2025-11-07 13:30:00,239.008
2025-11-07 13:45:00,245.875
2025-11-07 14:00:00,241.965
2025-11-07 14:15:00,235.613
2025-11-07 14:30:00,222.572
2025-11-07 14:45:00,217.275
2025-11-07 15:00:00,209.803
2025-11-07 15:15:00,217.4
2025-11-07 15:30:00,215.985
2025-11-07 15:45:00,210.408
2025-11-07 16:00:00,209.333
2025-11-07 16:15:00,212.56
2025-11-07 16:30:00,215.238
2025-11-07 16:45:00,220.505
2025-11-07 17:00:00,222.402
2025-11-07 17:15:00,221.738
2025-11-07 17:30:00,236.667
2025-11-07 17:45:00,249.43
2025-11-07 18:00:00,255.63
2025-11-07 18:15:00,270.45
2025-11-07 18:30:00,278.74
2025-11-07 18:45:00,293.16
2025-11-07 19:00:00,301.563
2025-11-07 19:15:00,309.765
2025-11-07 19:30:00,325.397
2025-11-07 19:45:00,356.4
2025-11-07 20:00:00,371.302
2025-11-07 20:15:00,379.14
2025-11-07 20:30:00,408.772
2025-11-07 20:45:00,419.19
2025-11-07 21:00:00,428.503
2025-11-07 21:15:00,430.545
2025-11-07 21:30:00,445.97
2025-11-07 21:45:00,445.27
2025-11-07 22:00:00,452.345
2025-11-07 22:15:00,460.932
2025-11-07 22:30:00,474.927
2025-11-07 22:45:00,485.975
2025-11-07 23:00:00,507.233
2025-11-07 23:15:00,524.09
2025-11-07 23:30:00,543.417
2025-11-07 23:45:00,567.82
2025-11-08 00:00:00,586.325
2025-11-08 00:15:00,604.825
2025-11-08 00:30:00,613.328
2025-11-08 00:45:00,624.58
2025-11-08 01:00:00,635.487
2025-11-08 01:15:00,654.482
2025-11-08 01:30:00,660.88
2025-11-08 01:45:00,698.828
2025-11-08 02:00:00,708.93
2025-11-08 02:15:00,736.427
2025-11-08 02:30:00,732.063
2025-11-08 02:45:00,738.905
2025-11-08 03:00:00,759.845
2025-11-08 03:15:00,776.513
2025-11-08 03:30:00,792.255
2025-11-08 03:45:00,798.29
2025-11-08 04:00:00,794.795
2025-11-08 04:15:00,807.573
2025-11-08 04:30:00,846.71
2025-11-08 04:45:00,863.36
2025-11-08 05:00:00,878.685
2025-11-08 05:15:00,888.073
2025-11-08 05:30:00,884.29
2025-11-08 05:45:00,879.857
2025-11-08 06:00:00,897.84
2025-11-08 06:15:00,909.11
2025-11-08 06:30:00,901.016
2025-11-08 06:45:00,910.365
2025-11-08 07:00:00,909.508
2025-11-08 07:15:00,908.975
2025-11-08 07:30:00,915.965
2025-11-08 07:45:00,927.641
2025-11-08 08:00:00,916.365
2025-11-08 08:15:00,910.86
2025-11-08 08:30:00,913.922
2025-11-08 08:45:00,916.0
2025-11-08 09:00:00,907.083
2025-11-08 09:15:00,910.688
2025-11-08 09:30:00,902.855
2025-11-08 09:45:00,910.703
2025-11-08 10:00:00,901.247
2025-11-08 10:15:00,884.383
2025-11-08 10:30:00,884.975
2025-11-08 10:45:00,854.847
2025-11-08 11:00:00,841.088
2025-11-08 11:15:00,850.065
2025-11-08 11:30:00,835.063
2025-11-08 11:45:00,834.48
2025-11-08 12:00:00,821.403
2025-11-08 12:15:00,790.253
2025-11-08 12:30:00,778.407
2025-11-08 12:45:00,768.115
2025-11-08 13:00:00,758.193
2025-11-08 13:15:00,765.755
2025-11-08 13:30:00,756.765
2025-11-08 13:45:00,755.662
2025-11-08 14:00:00,763.552
2025-11-08 14:15:00,752.0
2025-11-08 14:30:00,749.215
2025-11-08 14:45:00,756.432
2025-11-08 15:00:00,745.323
2025-11-08 15:15:00,765.385
2025-11-08 15:30:00,765.59
2025-11-08 15:45:00,781.802
2025-11-08 16:00:00,779.227
2025-11-08 16:15:00,799.383
2025-11-08 16:30:00,822.872
2025-11-08 16:45:00,831.722
2025-11-08 17:00:00,852.25
2025-11-08 17:15:00,878.435
2025-11-08 17:30:00,929.055
2025-11-08 17:45:00,945.237
2025-11-08 18:00:00,968.69
2025-11-08 18:15:00,998.963
2025-11-08 18:30:00,1010.643
2025-11-08 18:45:00,1005.573
2025-11-08 19:00:00,1017.6
2025-11-08 19:15:00,1046.438
2025-11-08 19:30:00,1048.79
2025-11-08 19:45:00,1063.473
2025-11-08 20:00:00,1068.73
2025-11-08 20:15:00,1061.75
2025-11-08 20:30:00,1068.797
2025-11-08 20:45:00,1055.12
2025-11-08 21:00:00,1048.12
2025-11-08 21:15:00,1050.445
2025-11-08 21:30:00,1062.515
2025-11-08 21:45:00,1078.557
2025-11-08 22:00:00,1063.78
2025-11-08 22:15:00,1052.123
2025-11-08 22:30:00,1039.33
2025-11-08 22:45:00,1036.2
2025-11-08 23:00:00,1015.39
2025-11-08 23:15:00,995.994
2025-11-08 23:30:00,985.345
2025-11-08 23:45:00,985.807
2025-11-09 00:00:00,978.982
2025-11-09 00:15:00,962.04
2025-11-09 00:30:00,952.01
2025-11-09 00:45:00,955.278
2025-11-09 01:00:00,938.79
2025-11-09 01:15:00,958.273
2025-11-09 01:30:00,960.955
2025-11-09 01:45:00,983.528
2025-11-09 02:00:00,987.287
2025-11-09 02:15:00,1004.38
2025-11-09 02:30:00,1010.838
2025-11-09 02:45:00,1030.36
2025-11-09 03:00:00,1040.225
2025-11-09 03:15:00,1050.502
2025-11-09 03:30:00,1051.838
2025-11-09 03:45:00,1058.397
2025-11-09 04:00:00,1073.22
2025-11-09 04:15:00,1073.255
2025-11-09 04:30:00,1065.333
2025-11-09 04:45:00,1086.022
2025-11-09 05:00:00,1082.44
2025-11-09 05:15:00,1082.292
2025-11-09 05:30:00,1076.955
2025-11-09 05:45:00,1098.775
2025-11-09 06:00:00,1063.139
2025-11-09 06:15:00,1129.845
2025-11-09 06:30:00,874.31
2025-11-09 06:45:00,985.961
2025-11-09 07:00:00,920.56
2025-11-09 07:15:00,1124.024
2025-11-09 07:30:00,1222.025
2025-11-09 07:45:00,1205.339
2025-11-09 08:00:00,1207.13
2025-11-09 08:15:00,1193.147
2025-11-09 08:30:00,1218.09
2025-11-09 08:45:00,1246.333
2025-11-09 09:00:00,1285.662
2025-11-09 09:15:00,1305.01
2025-11-09 09:30:00,1262.517
2025-11-09 09:45:00,1232.305
2025-11-09 10:00:00,1207.595
2025-11-09 10:15:00,1183.853
2025-11-09 10:30:00,1162.285
2025-11-09 10:45:00,1122.208
2025-11-09 11:00:00,1077.402
2025-11-09 11:15:00,1060.652
2025-11-09 11:30:00,1033.1
2025-11-09 11:45:00,1027.127
2025-11-09 12:00:00,1037.488
2025-11-09 12:15:00,1037.425
2025-11-09 12:30:00,1020.1
2025-11-09 12:45:00,1012.44
2025-11-09 13:00:00,1012.907
2025-11-09 13:15:00,1033.45
2025-11-09 13:30:00,1001.383
2025-11-09 13:45:00,964.35
2025-11-09 14:00:00,929.378
2025-11-09 14:15:00,866.485
2025-11-09 14:30:00,916.722
2025-11-09 14:45:00,955.925
2025-11-09 15:00:00,935.367
2025-11-09 15:15:00,923.945
2025-11-09 15:30:00,923.177
2025-11-09 15:45:00,960.487
2025-11-09 16:00:00,1001.94
2025-11-09 16:15:00,1028.422
2025-11-09 16:30:00,1062.435
2025-11-09 16:45:00,1084.45
2025-11-09 17:00:00,1109.15
2025-11-09 17:15:00,1147.188
2025-11-09 17:30:00,1170.542
2025-11-09 17:45:00,1087.444
2025-11-09 18:00:00,1199.757
2025-11-09 18:15:00,1198.443
2025-11-09 18:30:00,1186.6
2025-11-09 18:45:00,1194.902
2025-11-09 19:00:00,1171.662
2025-11-09 19:15:00,1189.167
2025-11-09 19:30:00,1200.755
2025-11-09 19:45:00,1232.455
2025-11-09 20:00:00,1259.32
2025-11-09 20:15:00,1276.813
2025-11-09 20:30:00,1280.083
2025-11-09 20:45:00,1263.963
2025-11-09 21:00:00,1234.007
2025-11-09 21:15:00,1202.397
2025-11-09 21:30:00,1183.537
2025-11-09 21:45:00,1168.95
2025-11-09 22:00:00,1149.777
2025-11-09 22:15:00,1146.838
2025-11-09 22:30:00,1147.257
2025-11-09 22:45:00,1167.95
2025-11-09 23:00:00,1190.615
2025-11-09 23:15:00,1112.829
2025-11-09 23:30:00,1099.622
2025-11-09 23:45:00,1137.242
2025-11-10 00:00:00,1012.304
2025-11-10 00:15:00,1188.257
2025-11-10 00:30:00,1179.695
2025-11-10 00:45:00,1174.522
2025-11-10 01:00:00,1139.44
2025-11-10 01:15:00,1122.943
2025-11-10 01:30:00,1189.22
2025-11-10 01:45:00,1175.215
2025-11-10 02:00:00,1159.295
2025-11-10 02:15:00,1144.065
2025-11-10 02:30:00,1145.905
2025-11-10 02:45:00,1127.198
2025-11-10 03:00:00,1115.963
2025-11-10 03:15:00,1115.377
2025-11-10 03:30:00,1156.182
2025-11-10 03:45:00,1138.092
2025-11-10 04:00:00,1142.022
2025-11-10 04:15:00,1141.023
2025-11-10 04:30:00,1117.239
2025-11-10 04:45:00,1091.17
2025-11-10 05:00:00,1073.206
2025-11-10 05:15:00,1121.032
2025-11-10 05:30:00,1151.007
2025-11-10 05:45:00,1108.03
2025-11-10 06:00:00,1077.46
2025-11-10 06:15:00,1067.695
2025-11-10 06:30:00,1073.412
2025-11-10 06:45:00,1068.91
2025-11-10 07:00:00,1046.262
2025-11-10 07:15:00,1018.32
2025-11-10 07:30:00,997.925
2025-11-10 07:45:00,967.872
2025-11-10 08:00:00,933.843
2025-11-10 08:15:00,934.088
2025-11-10 08:30:00,913.403
2025-11-10 08:45:00,883.345
2025-11-10 09:00:00,840.405
2025-11-10 09:15:00,822.878
2025-11-10 09:30:00,811.628
2025-11-10 09:45:00,799.102
2025-11-10 10:00:00,785.018
2025-11-10 10:15:00,774.39
2025-11-10 10:30:00,743.325
2025-11-10 10:45:00,731.813
2025-11-10 11:00:00,713.747
2025-11-10 11:15:00,700.172
2025-11-10 11:30:00,683.76
2025-11-10 11:45:00,672.18
2025-11-10 12:00:00,662.833
2025-11-10 12:15:00,658.56
2025-11-10 12:30:00,643.175
2025-11-10 12:45:00,632.9
2025-11-10 13:00:00,578.905
2025-11-10 13:15:00,631.218
2025-11-10 13:30:00,640.818
2025-11-10 13:45:00,629.727
2025-11-10 14:00:00,645.992
2025-11-10 14:15:00,573.878
2025-11-10 14:30:00,626.139
2025-11-10 14:45:00,619.234
2025-11-10 15:00:00,688.472
2025-11-10 15:15:00,678.583
2025-11-10 15:30:00,671.232
2025-11-10 15:45:00,675.927
2025-11-10 16:00:00,710.955
2025-11-10 16:15:00,777.662
2025-11-10 16:30:00,829.875
2025-11-10 16:45:00,876.953
2025-11-10 17:00:00,911.16
2025-11-10 17:15:00,934.787
2025-11-10 17:30:00,978.518
2025-11-10 17:45:00,990.218
2025-11-10 18:00:00,1032.195
2025-11-10 18:15:00,1044.95
2025-11-10 18:30:00,1071.677
2025-11-10 18:45:00,1075.358
2025-11-10 19:00:00,1095.92
2025-11-10 19:15:00,1138.443
2025-11-10 19:30:00,1170.595
2025-11-10 19:45:00,1205.275
2025-11-10 20:00:00,1239.632
2025-11-10 20:15:00,1253.735
2025-11-10 20:30:00,1286.478
2025-11-10 20:45:00,1293.532
2025-11-10 21:00:00,1298.27
2025-11-10 21:15:00,1317.17
2025-11-10 21:30:00,1325.235
2025-11-10 21:45:00,1334.988
2025-11-10 22:00:00,1316.81
2025-11-10 22:15:00,1304.432
2025-11-10 22:30:00,1314.62
2025-11-10 22:45:00,1330.15
2025-11-10 23:00:00,1351.55
2025-11-10 23:15:00,1359.97
2025-11-10 23:30:00,1320.954
2025-11-10 23:45:00,1182.587
2025-11-11 00:00:00,1396.248
2025-11-11 00:15:00,1404.44
2025-11-11 00:30:00,1367.44
2025-11-11 00:45:00,1390.64
2025-11-11 01:00:00,1366.715
2025-11-11 01:15:00,1417.818
2025-11-11 01:30:00,1444.757
2025-11-11 01:45:00,1442.355
2025-11-11 02:00:00,1450.302
2025-11-11 02:15:00,1449.96
2025-11-11 02:30:00,1452.782
2025-11-11 02:45:00,1484.495
2025-11-11 03:00:00,1503.242
2025-11-11 03:15:00,1516.485
2025-11-11 03:30:00,1434.308
2025-11-11 03:45:00,1445.895
2025-11-11 04:00:00,1520.08
2025-11-11 04:15:00,1547.681
2025-11-11 04:30:00,1553.77
2025-11-11 04:45:00,1514.463
2025-11-11 05:00:00,1525.818
2025-11-11 05:15:00,1563.642
2025-11-11 05:30:00,1563.611
2025-11-11 05:45:00,1546.203
2025-11-11 06:00:00,1439.801
2025-11-11 06:15:00,1550.58
2025-11-11 06:30:00,1574.007
2025-11-11 06:45:00,1569.238
2025-11-11 07:00:00,1520.325
2025-11-11 07:15:00,1500.755
2025-11-11 07:30:00,1537.978
2025-11-11 07:45:00,1505.113
2025-11-11 08:00:00,1477.555
2025-11-11 08:15:00,1458.752
2025-11-11 08:30:00,1443.57
2025-11-11 08:45:00,1412.13
2025-11-11 09:00:00,1384.105
2025-11-11 09:15:00,1373.755
2025-11-11 09:30:00,1357.892
2025-11-11 09:45:00,1330.917
2025-11-11 10:00:00,1318.098
2025-11-11 10:15:00,1262.277
2025-11-11 10:30:00,1282.365
2025-11-11 10:45:00,1246.93
2025-11-11 11:00:00,1264.468
2025-11-11 11:15:00,1262.4
2025-11-11 11:30:00,1255.165
2025-11-11 11:45:00,1211.325
2025-11-11 12:00:00,1250.623
2025-11-11 12:15:00,1240.588
2025-11-11 12:30:00,1233.855
2025-11-11 12:45:00,1230.63
2025-11-11 13:00:00,1217.762
2025-11-11 13:15:00,1210.785
2025-11-11 13:30:00,1194.387
2025-11-11 13:45:00,1207.642
2025-11-11 14:00:00,1212.998
2025-11-11 14:15:00,1207.252
2025-11-11 14:30:00,1223.667
2025-11-11 14:45:00,1220.755
2025-11-11 15:00:00,1214.395
2025-11-11 15:15:00,1220.18
2025-11-11 15:30:00,1235.323
2025-11-11 15:45:00,1242.137
2025-11-11 16:00:00,1270.19
2025-11-11 16:15:00,1220.041
2025-11-11 16:30:00,1164.294
2025-11-11 16:45:00,1148.183
2025-11-11 17:00:00,1326.422
2025-11-11 17:15:00,1233.66
2025-11-11 17:30:00,1348.172
2025-11-11 17:45:00,1324.08
2025-11-11 18:00:00,1343.093
2025-11-11 18:15:00,1384.922
2025-11-11 18:30:00,1397.907
2025-11-11 18:45:00,1453.824
2025-11-11 19:00:00,1483.1
2025-11-11 19:15:00,1481.43
2025-11-11 19:30:00,1442.337
2025-11-11 19:45:00,1505.991
2025-11-11 20:00:00,1500.309
2025-11-11 20:15:00,1479.539
2025-11-11 20:30:00,1455.293
2025-11-11 20:45:00,1525.388
2025-11-11 21:00:00,1555.73
2025-11-11 21:15:00,1525.752
2025-11-11 21:30:00,1504.162
2025-11-11 21:45:00,1496.765
2025-11-11 22:00:00,1513.392
2025-11-11 22:15:00,1509.045
2025-11-11 22:30:00,1505.828
2025-11-11 22:45:00,1503.43
2025-11-11 23:00:00,1488.782
2025-11-11 23:15:00,1477.223
2025-11-11 23:30:00,1452.917
2025-11-11 23:45:00,1389.235
2025-11-12 00:00:00,1448.254
2025-11-12 00:15:00,1449.786
2025-11-12 00:30:00,1421.34
2025-11-12 00:45:00,1495.468
2025-11-12 01:00:00,1479.895
2025-11-12 01:15:00,1489.84
2025-11-12 01:30:00,1418.661
2025-11-12 01:45:00,1442.701
2025-11-12 02:00:00,1526.613
2025-11-12 02:15:00,1485.59
2025-11-12 02:30:00,1460.443
2025-11-12 02:45:00,1524.943
2025-11-12 03:00:00,1381.342
2025-11-12 03:15:00,1391.855
2025-11-12 03:30:00,1383.038
2025-11-12 03:45:00,1420.034
2025-11-12 04:00:00,1325.398
2025-11-12 04:15:00,1349.781
2025-11-12 04:30:00,1379.235
2025-11-12 04:45:00,1395.824
2025-11-12 05:00:00,1450.614
2025-11-12 05:15:00,1519.223
2025-11-12 05:30:00,1518.665
2025-11-12 05:45:00,1507.905
2025-11-12 06:00:00,1500.943
2025-11-12 06:15:00,1518.218
2025-11-12 06:30:00,1562.063
2025-11-12 06:45:00,1579.052
2025-11-12 07:00:00,1562.823
2025-11-12 07:15:00,1563.11
2025-11-12 07:30:00,1545.24
2025-11-12 07:45:00,1541.218
2025-11-12 08:00:00,1534.488
2025-11-12 08:15:00,1509.152
2025-11-12 08:30:00,1496.355
2025-11-12 08:45:00,1482.035
2025-11-12 09:00:00,1471.495
2025-11-12 09:15:00,1452.387
2025-11-12 09:30:00,1438.595
2025-11-12 09:45:00,1407.59
2025-11-12 10:00:00,1398.895
2025-11-12 10:15:00,1373.432
2025-11-12 10:30:00,1327.51
2025-11-12 10:45:00,1285.86
2025-11-12 11:00:00,1258.507
2025-11-12 11:15:00,1209.46
2025-11-12 11:30:00,1166.397
2025-11-12 11:45:00,1097.524
2025-11-12 12:00:00,1096.62
2025-11-12 12:15:00,1071.313
2025-11-12 12:30:00,1036.86
2025-11-12 12:45:00,1002.948
2025-11-12 13:00:00,974.573
2025-11-12 13:15:00,992.155
2025-11-12 13:30:00,989.948
2025-11-12 13:45:00,979.175
2025-11-12 14:00:00,971.893
2025-11-12 14:15:00,950.862
2025-11-12 14:30:00,944.307
2025-11-12 14:45:00,952.568
2025-11-12 15:00:00,965.125
2025-11-12 15:15:00,975.405
2025-11-12 15:30:00,974.953
2025-11-12 15:45:00,988.497
2025-11-12 16:00:00,1012.138
2025-11-12 16:15:00,1028.935
2025-11-12 16:30:00,1049.895
2025-11-12 16:45:00,1074.733
2025-11-12 17:00:00,1092.432
2025-11-12 17:15:00,1133.068
2025-11-12 17:30:00,1167.017
2025-11-12 17:45:00,1191.953
2025-11-12 18:00:00,1245.012
2025-11-12 18:15:00,1303.387
2025-11-12 18:30:00,1340.895
2025-11-12 18:45:00,1388.338
2025-11-12 19:00:00,1432.215
2025-11-12 19:15:00,1440.487
2025-11-12 19:30:00,1511.495
2025-11-12 19:45:00,1527.63
2025-11-12 20:00:00,1547.733
2025-11-12 20:15:00,1574.998
2025-11-12 20:30:00,1556.458
2025-11-12 20:45:00,1582.085
2025-11-12 21:00:00,1563.002
2025-11-12 21:15:00,1559.13
2025-11-12 21:30:00,1551.12
2025-11-12 21:45:00,1537.84
2025-11-12 22:00:00,1549.045
2025-11-12 22:15:00,1555.323
2025-11-12 22:30:00,1583.037
2025-11-12 22:45:00,1586.787
2025-11-12 23:00:00,1607.52
2025-11-12 23:15:00,1486.154
2025-11-12 23:30:00,1497.494
2025-11-12 23:45:00,1510.345
2025-11-13 00:00:00,1355.842
2025-11-13 00:15:00,1349.844
2025-11-13 00:30:00,1314.796
2025-11-13 00:45:00,1378.023
2025-11-13 01:00:00,1349.172
2025-11-13 01:15:00,1477.113
2025-11-13 01:30:00,1451.748
2025-11-13 01:45:00,1451.265
2025-11-13 02:00:00,1441.4
2025-11-13 02:15:00,1451.29
2025-11-13 02:30:00,1510.682
2025-11-13 02:45:00,1508.654
2025-11-13 03:00:00,1460.459
2025-11-13 03:15:00,1433.944
2025-11-13 03:30:00,1439.46
2025-11-13 03:45:00,1341.441
2025-11-13 04:00:00,1469.844
2025-11-13 04:15:00,1443.38
2025-11-13 04:30:00,1438.1
2025-11-13 04:45:00,1428.79
2025-11-13 05:00:00,1412.86
2025-11-13 05:15:00,1445.295
2025-11-13 05:30:00,1441.557
2025-11-13 05:45:00,1428.885
2025-11-13 06:00:00,1429.723
2025-11-13 06:15:00,1408.835
2025-11-13 06:30:00,1404.4
2025-11-13 06:45:00,1376.835
2025-11-13 07:00:00,1368.578
2025-11-13 07:15:00,1345.8
2025-11-13 07:30:00,1333.55
2025-11-13 07:45:00,1287.91
2025-11-13 08:00:00,1268.29
2025-11-13 08:15:00,1241.953
2025-11-13 08:30:00,1204.313
2025-11-13 08:45:00,1170.02
2025-11-13 09:00:00,1136.52
2025-11-13 09:15:00,1001.594
2025-11-13 09:30:00,900.694
2025-11-13 09:45:00,703.19
2025-11-13 10:00:00,571.377
2025-11-13 10:15:00,556.55
2025-11-13 10:30:00,371.125
2025-11-13 10:45:00,254.875
2025-11-13 11:00:00,303.729
2025-11-13 11:15:00,213.867
2025-11-13 11:30:00,260.491
2025-11-13 11:45:00,207.502
2025-11-13 12:00:00,362.936
2025-11-13 12:15:00,302.441
2025-11-13 12:30:00,302.787
2025-11-13 12:45:00,273.451
2025-11-13 13:00:00,223.626
2025-11-13 13:15:00,219.112
2025-11-13 13:30:00,249.487
2025-11-13 13:45:00,187.077
2025-11-13 14:00:00,170.57
2025-11-13 14:15:00,183.248
2025-11-13 14:30:00,219.727
2025-11-13 14:45:00,219.662
2025-11-13 15:00:00,342.725
2025-11-13 15:15:00,519.873
2025-11-13 15:30:00,533.66
2025-11-13 15:45:00,559.552
2025-11-13 16:00:00,579.258
2025-11-13 16:15:00,610.165
2025-11-13 16:30:00,696.698
2025-11-13 16:45:00,738.15
2025-11-13 17:00:00,757.968
2025-11-13 17:15:00,793.237
2025-11-13 17:30:00,832.097
2025-11-13 17:45:00,863.753
2025-11-13 18:00:00,897.188
2025-11-13 18:15:00,933.87
2025-11-13 18:30:00,976.203
2025-11-13 18:45:00,1036.478
2025-11-13 19:00:00,1088.693
2025-11-13 19:15:00,1128.307
2025-11-13 19:30:00,1179.925
2025-11-13 19:45:00,1212.034
2025-11-13 20:00:00,1264.98
2025-11-13 20:15:00,1265.18
2025-11-13 20:30:00,1268.885
2025-11-13 20:45:00,1257.82
2025-11-13 21:00:00,1235.475
2025-11-13 21:15:00,1210.09
2025-11-13 21:30:00,1210.54
2025-11-13 21:45:00,1204.973
2025-11-13 22:00:00,1201.647
2025-11-13 22:15:00,1192.43
2025-11-13 22:30:00,1178.355
2025-11-13 22:45:00,1154.693
2025-11-13 23:00:00,1143.162
2025-11-13 23:15:00,1124.662
2025-11-13 23:30:00,1103.093
2025-11-13 23:45:00,1080.735
2025-11-14 00:00:00,1031.662
2025-11-14 00:15:00,999.802
2025-11-14 00:30:00,989.278
2025-11-14 00:45:00,976.182
2025-11-14 01:00:00,979.225
2025-11-14 01:15:00,956.55
2025-11-14 01:30:00,926.605
2025-11-14 01:45:00,907.313
2025-11-14 02:00:00,909.417
2025-11-14 02:15:00,899.68
2025-11-14 02:30:00,897.04
2025-11-14 02:45:00,899.6
2025-11-14 03:00:00,881.415
2025-11-14 03:15:00,882.157
2025-11-14 03:30:00,880.485
2025-11-14 03:45:00,893.753
2025-11-14 04:00:00,903.795
2025-11-14 04:15:00,908.56
2025-11-14 04:30:00,924.318
2025-11-14 04:45:00,918.951
2025-11-14 05:00:00,923.995
2025-11-14 05:15:00,911.785
2025-11-14 05:30:00,898.895
2025-11-14 05:45:00,882.97
2025-11-14 06:00:00,860.655
2025-11-14 06:15:00,811.9
2025-11-14 06:30:00,787.313
2025-11-14 06:45:00,774.372
2025-11-14 07:00:00,765.597
2025-11-14 07:15:00,763.735
2025-11-14 07:30:00,736.465
2025-11-14 07:45:00,686.55
2025-11-14 08:00:00,657.625
2025-11-14 08:15:00,616.638
2025-11-14 08:30:00,582.605
2025-11-14 08:45:00,537.867
2025-11-14 09:00:00,488.742
2025-11-14 09:15:00,445.41
2025-11-14 09:30:00,406.612
2025-11-14 09:45:00,321.244
2025-11-14 10:00:00,241.721
2025-11-14 10:15:00,227.733
2025-11-14 10:30:00,191.458
2025-11-14 10:45:00,120.019
2025-11-14 11:00:00,106.965
2025-11-14 11:15:00,94.707
2025-11-14 11:30:00,151.301
2025-11-14 11:45:00,75.428
2025-11-14 12:00:00,90.453
2025-11-14 12:15:00,70.315
2025-11-14 12:30:00,71.365
2025-11-14 12:45:00,80.496
2025-11-14 13:00:00,85.297
2025-11-14 13:15:00,99.048
2025-11-14 13:30:00,100.698
2025-11-14 13:45:00,100.475
2025-11-14 14:00:00,105.783
2025-11-14 14:15:00,110.765
2025-11-14 14:30:00,115.385
2025-11-14 14:45:00,100.551
2025-11-14 15:00:00,121.763
2025-11-14 15:15:00,134.488
2025-11-14 15:30:00,145.015
2025-11-14 15:45:00,149.477
2025-11-14 16:00:00,160.477
2025-11-14 16:15:00,168.938
2025-11-14 16:30:00,185.878
2025-11-14 16:45:00,202.275
2025-11-14 17:00:00,222.93
2025-11-14 17:15:00,244.053
2025-11-14 17:30:00,268.453
2025-11-14 17:45:00,290.635
2025-11-14 18:00:00,306.117
2025-11-14 18:15:00,350.802
2025-11-14 18:30:00,378.41
2025-11-14 18:45:00,421.48
2025-11-14 19:00:00,457.08
2025-11-14 19:15:00,477.992
2025-11-14 19:30:00,502.4
2025-11-14 19:45:00,524.9
2025-11-14 20:00:00,541.468
2025-11-14 20:15:00,538.982
2025-11-14 20:30:00,556.097
2025-11-14 20:45:00,566.0
2025-11-14 21:00:00,563.345
2025-11-14 21:15:00,578.08
2025-11-14 21:30:00,583.593
2025-11-14 21:45:00,595.645
2025-11-14 22:00:00,604.89
2025-11-14 22:15:00,606.13
2025-11-14 22:30:00,596.19
2025-11-14 22:45:00,589.2
2025-11-14 23:00:00,586.725
2025-11-14 23:15:00,532.298
2025-11-14 23:30:00,561.237
2025-11-14 23:45:00,543.91
2025-11-15 00:00:00,505.182
2025-11-15 00:15:00,474.872
2025-11-15 00:30:00,466.2
2025-11-15 00:45:00,464.08
2025-11-15 01:00:00,457.223
2025-11-15 01:15:00,429.215
2025-11-15 01:30:00,420.06
2025-11-15 01:45:00,392.513
2025-11-15 02:00:00,374.05
2025-11-15 02:15:00,350.895
2025-11-15 02:30:00,331.04
2025-11-15 02:45:00,320.25
2025-11-15 03:00:00,306.95
2025-11-15 03:15:00,288.92
2025-11-15 03:30:00,273.355
2025-11-15 03:45:00,270.892
2025-11-15 04:00:00,269.078
2025-11-15 04:15:00,262.297
2025-11-15 04:30:00,256.122
2025-11-15 04:45:00,245.01
2025-11-15 05:00:00,242.398
2025-11-15 05:15:00,239.712
2025-11-15 05:30:00,244.905
2025-11-15 05:45:00,222.848
2025-11-15 06:00:00,215.137
2025-11-15 06:15:00,199.535
2025-11-15 06:30:00,198.79
2025-11-15 06:45:00,194.693
2025-11-15 07:00:00,189.73
2025-11-15 07:15:00,182.202
2025-11-15 07:30:00,163.33
2025-11-15 07:45:00,143.592
2025-11-15 08:00:00,127.118
2025-11-15 08:15:00,116.315
2025-11-15 08:30:00,103.113
2025-11-15 08:45:00,89.848
2025-11-15 09:00:00,78.89
2025-11-15 09:15:00,68.183
2025-11-15 09:30:00,57.017
2025-11-15 09:45:00,51.315
2025-11-15 10:00:00,54.52
2025-11-15 10:15:00,46.166
2025-11-15 10:30:00,45.209
2025-11-15 10:45:00,45.701
2025-11-15 11:00:00,48.608
2025-11-15 11:15:00,42.361
2025-11-15 11:30:00,49.126
2025-11-15 11:45:00,43.864
2025-11-15 12:00:00,39.313
2025-11-15 12:15:00,39.232
2025-11-15 12:30:00,37.889
2025-11-15 12:45:00,38.637
2025-11-15 13:00:00,43.677
2025-11-15 13:15:00,52.544
2025-11-15 13:30:00,47.905
2025-11-15 13:45:00,47.443
2025-11-15 14:00:00,51.621
2025-11-15 14:15:00,47.416
2025-11-15 14:30:00,56.273
2025-11-15 14:45:00,61.635
2025-11-15 15:00:00,50.937
2025-11-15 15:15:00,56.113
2025-11-15 15:30:00,81.779
2025-11-15 15:45:00,89.87
2025-11-15 16:00:00,94.325
2025-11-15 16:15:00,100.658
2025-11-15 16:30:00,105.577
2025-11-15 16:45:00,115.04
2025-11-15 17:00:00,128.91
2025-11-15 17:15:00,147.645
2025-11-15 17:30:00,167.43
2025-11-15 17:45:00,176.16
2025-11-15 18:00:00,217.04
2025-11-15 18:15:00,241.818
2025-11-15 18:30:00,274.362
2025-11-15 18:45:00,298.027
2025-11-15 19:00:00,303.497
2025-11-15 19:15:00,311.328
2025-11-15 19:30:00,321.047
2025-11-15 19:45:00,327.66
2025-11-15 20:00:00,336.34
2025-11-15 20:15:00,334.805
2025-11-15 20:30:00,326.385
2025-11-15 20:45:00,309.565
2025-11-15 21:00:00,295.395
2025-11-15 21:15:00,288.67
2025-11-15 21:30:00,283.848
2025-11-15 21:45:00,276.515
2025-11-15 22:00:00,280.47
2025-11-15 22:15:00,285.747
2025-11-15 22:30:00,280.205
2025-11-15 22:45:00,280.467
2025-11-15 23:00:00,274.525
2025-11-15 23:15:00,251.985
2025-11-15 23:30:00,237.928
2025-11-15 23:45:00,226.973
2025-11-16 00:00:00,200.902
2025-11-16 00:15:00,189.43
2025-11-16 00:30:00,192.6
2025-11-16 00:45:00,182.492
2025-11-16 01:00:00,177.508
2025-11-16 01:15:00,177.415
2025-11-16 01:30:00,168.915
2025-11-16 01:45:00,162.03
2025-11-16 02:00:00,156.958
2025-11-16 02:15:00,158.342
2025-11-16 02:30:00,165.47
2025-11-16 02:45:00,167.415
2025-11-16 03:00:00,167.952
2025-11-16 03:15:00,163.03
2025-11-16 03:30:00,162.072
2025-11-16 03:45:00,152.057
2025-11-16 04:00:00,142.415
2025-11-16 04:15:00,137.432
2025-11-16 04:30:00,131.208
2025-11-16 04:45:00,126.743
2025-11-16 05:00:00,117.732
2025-11-16 05:15:00,115.39
2025-11-16 05:30:00,111.478
2025-11-16 05:45:00,112.548
2025-11-16 06:00:00,115.452
2025-11-16 06:15:00,114.45
2025-11-16 06:30:00,113.637
2025-11-16 06:45:00,103.83
2025-11-16 07:00:00,95.723
2025-11-16 07:15:00,88.235
2025-11-16 07:30:00,83.368
2025-11-16 07:45:00,74.395
2025-11-16 08:00:00,72.395
2025-11-16 08:15:00,67.54
2025-11-16 08:30:00,66.652
2025-11-16 08:45:00,62.743
2025-11-16 09:00:00,63.682
2025-11-16 09:15:00,49.274
2025-11-16 09:30:00,43.616
2025-11-16 09:45:00,43.084
2025-11-16 10:00:00,47.201
2025-11-16 10:15:00,44.627
2025-11-16 10:30:00,42.124
2025-11-16 10:45:00,38.81
2025-11-16 11:00:00,38.443
2025-11-16 11:15:00,37.712
2025-11-16 11:30:00,37.343
2025-11-16 11:45:00,38.969
2025-11-16 12:00:00,47.304
2025-11-16 12:15:00,42.556
2025-11-16 12:30:00,42.744
2025-11-16 12:45:00,43.681
2025-11-16 13:00:00,43.537
2025-11-16 13:15:00,39.277
2025-11-16 13:30:00,42.583
2025-11-16 13:45:00,44.498
2025-11-16 14:00:00,46.208
2025-11-16 14:15:00,48.825
2025-11-16 14:30:00,49.536
2025-11-16 14:45:00,45.761
2025-11-16 15:00:00,45.563
2025-11-16 15:15:00,52.46
2025-11-16 15:30:00,66.59
2025-11-16 15:45:00,70.723
2025-11-16 16:00:00,77.418
2025-11-16 16:15:00,80.65
2025-11-16 16:30:00,89.155
2025-11-16 16:45:00,98.327
2025-11-16 17:00:00,106.725
2025-11-16 17:15:00,119.305
2025-11-16 17:30:00,128.51
2025-11-16 17:45:00,145.512
2025-11-16 18:00:00,164.055
2025-11-16 18:15:00,189.415
2025-11-16 18:30:00,209.783
2025-11-16 18:45:00,242.223
2025-11-16 19:00:00,264.783
2025-11-16 19:15:00,287.135
2025-11-16 19:30:00,309.295
2025-11-16 19:45:00,345.027
2025-11-16 20:00:00,373.485
2025-11-16 20:15:00,401.063
2025-11-16 20:30:00,415.815
2025-11-16 20:45:00,434.915
2025-11-16 21:00:00,448.585
2025-11-16 21:15:00,465.375
2025-11-16 21:30:00,478.025
2025-11-16 21:45:00,481.63
2025-11-16 22:00:00,501.1
2025-11-16 22:15:00,511.402
2025-11-16 22:30:00,514.657
2025-11-16 22:45:00,521.145
2025-11-16 23:00:00,534.273
2025-11-16 23:15:00,541.042
2025-11-16 23:30:00,546.235
2025-11-16 23:45:00,545.28
2025-11-17 00:00:00,589.5
2025-11-17 00:15:00,613.737
2025-11-17 00:30:00,603.455
2025-11-17 00:45:00,620.77
2025-11-17 01:00:00,655.768
2025-11-17 01:15:00,670.102
2025-11-17 01:30:00,712.263
2025-11-17 01:45:00,750.297
2025-11-17 02:00:00,798.525
2025-11-17 02:15:00,853.292
2025-11-17 02:30:00,897.612
2025-11-17 02:45:00,933.753
2025-11-17 03:00:00,1004.785
2025-11-17 03:15:00,1057.897
2025-11-17 03:30:00,1109.693
2025-11-17 03:45:00,1152.208
2025-11-17 04:00:00,1196.38
2025-11-17 04:15:00,1230.573
2025-11-17 04:30:00,1237.581
2025-11-17 04:45:00,1288.83
2025-11-17 05:00:00,1313.787
2025-11-17 05:15:00,1348.1
2025-11-17 05:30:00,1388.09
2025-11-17 05:45:00,1396.901
2025-11-17 06:00:00,1505.785
2025-11-17 06:15:00,1527.843
2025-11-17 06:30:00,1554.48
2025-11-17 06:45:00,1564.815
2025-11-17 07:00:00,1583.667
2025-11-17 07:15:00,1633.573
2025-11-17 07:30:00,1645.517
2025-11-17 07:45:00,1653.469
2025-11-17 08:00:00,1587.391
2025-11-17 08:15:00,1677.305
2025-11-17 08:30:00,1696.315
2025-11-17 08:45:00,1644.723
2025-11-17 09:00:00,1697.23
2025-11-17 09:15:00,1689.573
2025-11-17 09:30:00,1688.455
2025-11-17 09:45:00,1681.395
2025-11-17 10:00:00,1657.233
2025-11-17 10:15:00,1635.325
2025-11-17 10:30:00,1627.615
2025-11-17 10:45:00,1633.522
2025-11-17 11:00:00,1631.33
2025-11-17 11:15:00,1641.22
2025-11-17 11:30:00,1633.6
2025-11-17 11:45:00,1630.292
2025-11-17 12:00:00,1623.985
2025-11-17 12:15:00,1606.833
2025-11-17 12:30:00,1626.4
2025-11-17 12:45:00,1624.5
2025-11-17 13:00:00,1657.58
2025-11-17 13:15:00,1669.44
2025-11-17 13:30:00,1678.09
2025-11-17 13:45:00,1672.042
2025-11-17 14:00:00,1671.368
2025-11-17 14:15:00,1714.72
2025-11-17 14:30:00,1695.152
2025-11-17 14:45:00,1733.498
2025-11-17 15:00:00,1750.142
2025-11-17 15:15:00,1765.623
2025-11-17 15:30:00,1780.818
2025-11-17 15:45:00,1800.79
2025-11-17 16:00:00,1811.108
2025-11-17 16:15:00,1867.95
2025-11-17 16:30:00,1887.797
2025-11-17 16:45:00,1894.172
2025-11-17 17:00:00,1885.496
2025-11-17 17:15:00,1896.317
2025-11-17 17:30:00,1908.755
2025-11-17 17:45:00,1912.581
2025-11-17 18:00:00,1912.004
2025-11-17 18:15:00,1869.279
2025-11-17 18:30:00,1832.143
2025-11-17 18:45:00,1816.782
2025-11-17 19:00:00,1837.287
2025-11-17 19:15:00,1797.667
2025-11-17 19:30:00,1815.058
2025-11-17 19:45:00,1772.239
2025-11-17 20:00:00,1749.512
2025-11-17 20:15:00,1772.983
2025-11-17 20:30:00,1841.474
2025-11-17 20:45:00,1780.379
2025-11-17 21:00:00,1716.563
2025-11-17 21:15:00,1761.745
2025-11-17 21:30:00,1693.365
2025-11-17 21:45:00,1790.199
2025-11-17 22:00:00,1813.647
2025-11-17 22:15:00,1793.391
2025-11-17 22:30:00,1779.848
2025-11-17 22:45:00,1746.356
2025-11-17 23:00:00,1732.754
2025-11-17 23:15:00,1776.788
2025-11-17 23:30:00,1762.002
2025-11-17 23:45:00,1780.666
2025-11-18 00:00:00,1692.935
2025-11-18 00:15:00,1685.645
2025-11-18 00:30:00,1664.473
2025-11-18 00:45:00,1682.239
2025-11-18 01:00:00,1664.308
2025-11-18 01:15:00,1674.007
2025-11-18 01:30:00,1659.582
2025-11-18 01:45:00,1640.424
2025-11-18 02:00:00,1647.041
2025-11-18 02:15:00,1652.922
2025-11-18 02:30:00,1659.83
2025-11-18 02:45:00,1651.864
2025-11-18 03:00:00,1623.346
2025-11-18 03:15:00,1634.891
2025-11-18 03:30:00,1617.989
2025-11-18 03:45:00,1631.24
2025-11-18 04:00:00,1623.782
2025-11-18 04:15:00,1634.382
2025-11-18 04:30:00,1618.299
2025-11-18 04:45:00,1593.869
2025-11-18 05:00:00,1596.732
2025-11-18 05:15:00,1596.955
2025-11-18 05:30:00,1564.786
2025-11-18 05:45:00,1540.671
2025-11-18 06:00:00,1514.093
2025-11-18 06:15:00,1515.292
2025-11-18 06:30:00,1507.857
2025-11-18 06:45:00,1495.134
2025-11-18 07:00:00,1492.416
2025-11-18 07:15:00,1516.607
2025-11-18 07:30:00,1506.954
2025-11-18 07:45:00,1449.594
2025-11-18 08:00:00,1467.254
2025-11-18 08:15:00,1447.481
2025-11-18 08:30:00,1455.095
2025-11-18 08:45:00,1449.085
2025-11-18 09:00:00,1424.733
2025-11-18 09:15:00,1413.911
2025-11-18 09:30:00,1371.934
2025-11-18 09:45:00,1360.877
2025-11-18 10:00:00,1350.074
2025-11-18 10:15:00,1347.313
2025-11-18 10:30:00,1350.132
2025-11-18 10:45:00,1345.873
2025-11-18 11:00:00,1296.276
2025-11-18 11:15:00,1268.87
2025-11-18 11:30:00,1205.447
2025-11-18 11:45:00,1213.851
2025-11-18 12:00:00,1169.398
2025-11-18 12:15:00,1108.27
2025-11-18 12:30:00,1175.131
2025-11-18 12:45:00,1200.247
2025-11-18 13:00:00,1166.256
2025-11-18 13:15:00,1150.825
2025-11-18 13:30:00,1158.749
2025-11-18 13:45:00,1154.414
2025-11-18 14:00:00,1153.422
2025-11-18 14:15:00,1171.91
2025-11-18 14:30:00,1148.58
2025-11-18 14:45:00,1144.657
2025-11-18 15:00:00,1142.206
2025-11-18 15:15:00,1104.108
2025-11-18 15:30:00,1078.797
2025-11-18 15:45:00,1074.417
2025-11-18 16:00:00,1077.262
2025-11-18 16:15:00,1084.637
2025-11-18 16:30:00,1080.373
2025-11-18 16:45:00,1057.865
2025-11-18 17:00:00,1037.089
2025-11-18 17:15:00,1011.188
2025-11-18 17:30:00,1021.256
2025-11-18 17:45:00,1017.306
2025-11-18 18:00:00,1066.64
2025-11-18 18:15:00,990.82
2025-11-18 18:30:00,991.905
2025-11-18 18:45:00,963.508
2025-11-18 19:00:00,955.65
2025-11-18 19:15:00,953.078
2025-11-18 19:30:00,944.907
2025-11-18 19:45:00,962.635
2025-11-18 20:00:00,966.282
2025-11-18 20:15:00,983.16
2025-11-18 20:30:00,990.185
2025-11-18 20:45:00,995.49
2025-11-18 21:00:00,984.505
2025-11-18 21:15:00,980.773
2025-11-18 21:30:00,989.492
2025-11-18 21:45:00,986.018
2025-11-18 22:00:00,1008.045
2025-11-18 22:15:00,995.37
2025-11-18 22:30:00,1007.472
2025-11-18 22:45:00,1020.938
2025-11-18 23:00:00,1015.472
2025-11-18 23:15:00,1013.037
2025-11-18 23:30:00,1005.968
2025-11-18 23:45:00,1034.272
2025-11-19 00:00:00,1031.22
2025-11-19 00:15:00,1036.75
2025-11-19 00:30:00,1042.512
2025-11-19 00:45:00,1057.135
2025-11-19 01:00:00,1070.255
2025-11-19 01:15:00,1056.785
2025-11-19 01:30:00,1059.19
2025-11-19 01:45:00,1042.04
2025-11-19 02:00:00,1018.53
2025-11-19 02:15:00,1012.523
2025-11-19 02:30:00,1012.59
2025-11-19 02:45:00,1008.722
2025-11-19 03:00:00,1013.415
2025-11-19 03:15:00,980.818
2025-11-19 03:30:00,984.105
2025-11-19 03:45:00,996.482
2025-11-19 04:00:00,984.795
2025-11-19 04:15:00,978.422
2025-11-19 04:30:00,966.185
2025-11-19 04:45:00,948.063
2025-11-19 05:00:00,943.208
2025-11-19 05:15:00,928.45
2025-11-19 05:30:00,920.888
2025-11-19 05:45:00,921.775
2025-11-19 06:00:00,913.53
2025-11-19 06:15:00,917.16
2025-11-19 06:30:00,909.06
2025-11-19 06:45:00,892.057
2025-11-19 07:00:00,884.645
2025-11-19 07:15:00,866.035
2025-11-19 07:30:00,850.063
2025-11-19 07:45:00,828.602
2025-11-19 08:00:00,817.54
2025-11-19 08:15:00,796.443
2025-11-19 08:30:00,761.727
2025-11-19 08:45:00,765.378
2025-11-19 09:00:00,747.518
2025-11-19 09:15:00,728.456
2025-11-19 09:30:00,639.477
2025-11-19 09:45:00,489.401
2025-11-19 10:00:00,420.64
2025-11-19 10:15:00,390.882
2025-11-19 10:30:00,400.877
2025-11-19 10:45:00,357.784
2025-11-19 11:00:00,355.61
2025-11-19 11:15:00,358.618
2025-11-19 11:30:00,370.424
2025-11-19 11:45:00,373.114
2025-11-19 12:00:00,547.003
2025-11-19 12:15:00,516.229
2025-11-19 12:30:00,525.255
2025-11-19 12:45:00,484.288
2025-11-19 13:00:00,474.804
2025-11-19 13:15:00,470.831
2025-11-19 13:30:00,474.671
2025-11-19 13:45:00,398.829
2025-11-19 14:00:00,395.036
2025-11-19 14:15:00,377.717
2025-11-19 14:30:00,400.86
2025-11-19 14:45:00,425.233
2025-11-19 15:00:00,407.295
2025-11-19 15:15:00,390.914
2025-11-19 15:30:00,415.119
2025-11-19 15:45:00,359.419
2025-11-19 16:00:00,419.468
2025-11-19 16:15:00,547.807
2025-11-19 16:30:00,613.635
2025-11-19 16:45:00,601.335
2025-11-19 17:00:00,612.438
2025-11-19 17:15:00,624.09
2025-11-19 17:30:00,658.64
2025-11-19 17:45:00,684.02
2025-11-19 18:00:00,702.975
2025-11-19 18:15:00,730.907
2025-11-19 18:30:00,742.513
2025-11-19 18:45:00,755.795
2025-11-19 19:00:00,821.088
2025-11-19 19:15:00,857.63
2025-11-19 19:30:00,859.862
2025-11-19 19:45:00,857.36
2025-11-19 20:00:00,845.99
2025-11-19 20:15:00,853.982
2025-11-19 20:30:00,853.97
2025-11-19 20:45:00,913.075
2025-11-19 21:00:00,925.037
2025-11-19 21:15:00,936.112
2025-11-19 21:30:00,957.985
2025-11-19 21:45:00,934.22
2025-11-19 22:00:00,948.98
2025-11-19 22:15:00,940.497
2025-11-19 22:30:00,931.677
2025-11-19 22:45:00,917.07
2025-11-19 23:00:00,903.519
2025-11-19 23:15:00,732.595
2025-11-19 23:30:00,701.857
2025-11-19 23:45:00,665.046
2025-11-20 00:00:00,847.615
2025-11-20 00:15:00,815.405
2025-11-20 00:30:00,763.313
2025-11-20 00:45:00,754.68
2025-11-20 01:00:00,789.047
2025-11-20 01:15:00,826.718
2025-11-20 01:30:00,809.477
2025-11-20 01:45:00,769.773
2025-11-20 02:00:00,720.805
2025-11-20 02:15:00,708.708
2025-11-20 02:30:00,692.99
2025-11-20 02:45:00,686.79
2025-11-20 03:00:00,664.07
2025-11-20 03:15:00,633.997
2025-11-20 03:30:00,633.523
2025-11-20 03:45:00,617.825
2025-11-20 04:00:00,604.463
2025-11-20 04:15:00,591.153
2025-11-20 04:30:00,582.403
2025-11-20 04:45:00,561.205
2025-11-20 05:00:00,556.287
2025-11-20 05:15:00,559.333
2025-11-20 05:30:00,555.403
2025-11-20 05:45:00,531.633
2025-11-20 06:00:00,514.193
2025-11-20 06:15:00,518.968
2025-11-20 06:30:00,516.997
2025-11-20 06:45:00,517.167
2025-11-20 07:00:00,521.5
2025-11-20 07:15:00,521.435
2025-11-20 07:30:00,491.358
2025-11-20 07:45:00,465.175
2025-11-20 08:00:00,448.31
2025-11-20 08:15:00,443.747
2025-11-20 08:30:00,441.48
2025-11-20 08:45:00,428.72
2025-11-20 09:00:00,426.438
2025-11-20 09:15:00,412.085
2025-11-20 09:30:00,387.693
2025-11-20 09:45:00,361.953
2025-11-20 10:00:00,346.043
2025-11-20 10:15:00,320.953
2025-11-20 10:30:00,314.177
2025-11-20 10:45:00,301.51
2025-11-20 11:00:00,295.645
2025-11-20 11:15:00,285.05
2025-11-20 11:30:00,274.223
2025-11-20 11:45:00,263.392
2025-11-20 12:00:00,262.272
2025-11-20 12:15:00,276.677
2025-11-20 12:30:00,273.755
2025-11-20 12:45:00,274.65
2025-11-20 13:00:00,257.625
2025-11-20 13:15:00,256.45
2025-11-20 13:30:00,257.965
2025-11-20 13:45:00,276.34
2025-11-20 14:00:00,280.47
2025-11-20 14:15:00,292.013
2025-11-20 14:30:00,293.369
2025-11-20 14:45:00,305.225
2025-11-20 15:00:00,314.715
2025-11-20 15:15:00,331.672
2025-11-20 15:30:00,360.063
2025-11-20 15:45:00,391.935
2025-11-20 16:00:00,423.385
2025-11-20 16:15:00,440.487
2025-11-20 16:30:00,466.775
2025-11-20 16:45:00,489.92
2025-11-20 17:00:00,533.14
2025-11-20 17:15:00,564.188
2025-11-20 17:30:00,592.71
2025-11-20 17:45:00,633.693
2025-11-20 18:00:00,661.535
2025-11-20 18:15:00,716.222
2025-11-20 18:30:00,780.24
2025-11-20 18:45:00,826.28
2025-11-20 19:00:00,847.323
2025-11-20 19:15:00,880.157
2025-11-20 19:30:00,900.09
2025-11-20 19:45:00,912.997
2025-11-20 20:00:00,922.925
2025-11-20 20:15:00,941.128
2025-11-20 20:30:00,937.972
2025-11-20 20:45:00,929.935
2025-11-20 21:00:00,920.66
2025-11-20 21:15:00,929.0
2025-11-20 21:30:00,936.667
2025-11-20 21:45:00,941.018
2025-11-20 22:00:00,925.61
2025-11-20 22:15:00,910.505
2025-11-20 22:30:00,892.1
2025-11-20 22:45:00,890.287
2025-11-20 23:00:00,910.242
2025-11-20 23:15:00,912.325
2025-11-20 23:30:00,908.323
2025-11-20 23:45:00,926.365
2025-11-21 00:00:00,932.102
2025-11-21 00:15:00,952.253
2025-11-21 00:30:00,968.195
2025-11-21 00:45:00,970.695
2025-11-21 01:00:00,977.313
2025-11-21 01:15:00,989.803
2025-11-21 01:30:00,977.339
2025-11-21 01:45:00,971.012
2025-11-21 02:00:00,978.261
2025-11-21 02:15:00,992.699
2025-11-21 02:30:00,1014.185
2025-11-21 02:45:00,1039.998
2025-11-21 03:00:00,1056.331
2025-11-21 03:15:00,1040.452
2025-11-21 03:30:00,1044.951
2025-11-21 03:45:00,1035.532
2025-11-21 04:00:00,1039.181
2025-11-21 04:15:00,1037.984
2025-11-21 04:30:00,1042.749
2025-11-21 04:45:00,1076.252
2025-11-21 05:00:00,1090.02
2025-11-21 05:15:00,1121.989
2025-11-21 05:30:00,1143.125
2025-11-21 05:45:00,1142.536
2025-11-21 06:00:00,1148.819
2025-11-21 06:15:00,1170.178
2025-11-21 06:30:00,1177.481
2025-11-21 06:45:00,1186.165
2025-11-21 07:00:00,1192.607
2025-11-21 07:15:00,1207.731
2025-11-21 07:30:00,1213.403
2025-11-21 07:45:00,1192.632
2025-11-21 08:00:00,1162.323
2025-11-21 08:15:00,1097.202
2025-11-21 08:30:00,920.184
2025-11-21 08:45:00,928.218
2025-11-21 09:00:00,858.934
2025-11-21 09:15:00,953.286
2025-11-21 09:30:00,875.325
2025-11-21 09:45:00,872.938
2025-11-21 10:00:00,894.02
2025-11-21 10:15:00,781.415
2025-11-21 10:30:00,734.681
2025-11-21 10:45:00,563.543
2025-11-21 11:00:00,485.657
2025-11-21 11:15:00,437.426
2025-11-21 11:30:00,353.416
2025-11-21 11:45:00,335.442
2025-11-21 12:00:00,373.183
2025-11-21 12:15:00,386.888
2025-11-21 12:30:00,406.423
2025-11-21 12:45:00,333.485
2025-11-21 13:00:00,344.094
2025-11-21 13:15:00,303.138
2025-11-21 13:30:00,281.105
2025-11-21 13:45:00,256.784
2025-11-21 14:00:00,225.879
2025-11-21 14:15:00,235.823
2025-11-21 14:30:00,248.098
2025-11-21 14:45:00,323.07
2025-11-21 15:00:00,389.8
2025-11-21 15:15:00,397.68
2025-11-21 15:30:00,423.797
2025-11-21 15:45:00,455.075
2025-11-21 16:00:00,492.533
2025-11-21 16:15:00,459.032
2025-11-21 16:30:00,522.748
2025-11-21 16:45:00,579.74
2025-11-21 17:00:00,601.145
2025-11-21 17:15:00,622.64
2025-11-21 17:30:00,627.542
2025-11-21 17:45:00,643.588
2025-11-21 18:00:00,685.705
2025-11-21 18:15:00,715.94
2025-11-21 18:30:00,642.47
2025-11-21 18:45:00,800.087
2025-11-21 19:00:00,875.03
2025-11-21 19:15:00,914.153
2025-11-21 19:30:00,935.345
2025-11-21 19:45:00,933.27
2025-11-21 20:00:00,936.722
2025-11-21 20:15:00,931.357
2025-11-21 20:30:00,962.594
2025-11-21 20:45:00,1064.24
2025-11-21 21:00:00,1039.0
2025-11-21 21:15:00,1005.675
2025-11-21 21:30:00,1012.855
2025-11-21 21:45:00,1015.265
2025-11-21 22:00:00,1074.848
2025-11-21 22:15:00,1090.708
2025-11-21 22:30:00,1035.493
2025-11-21 22:45:00,1043.965
2025-11-21 23:00:00,1040.943
2025-11-21 23:15:00,1023.425
2025-11-21 23:30:00,1003.66
2025-11-21 23:45:00,989.383
2025-11-22 00:00:00,927.213
2025-11-22 00:15:00,868.85
2025-11-22 00:30:00,849.78
2025-11-22 00:45:00,826.537
2025-11-22 01:00:00,833.585
2025-11-22 01:15:00,816.965
2025-11-22 01:30:00,798.525
2025-11-22 01:45:00,771.463
2025-11-22 02:00:00,733.65
2025-11-22 02:15:00,703.21
2025-11-22 02:30:00,666.36
2025-11-22 02:45:00,622.448
2025-11-22 03:00:00,608.49
2025-11-22 03:15:00,579.357
2025-11-22 03:30:00,551.047
2025-11-22 03:45:00,532.422
2025-11-22 04:00:00,520.698
2025-11-22 04:15:00,502.008
2025-11-22 04:30:00,494.175
2025-11-22 04:45:00,501.79
2025-11-22 05:00:00,500.36
2025-11-22 05:15:00,485.807
2025-11-22 05:30:00,480.443
2025-11-22 05:45:00,465.913
2025-11-22 06:00:00,463.638
2025-11-22 06:15:00,448.15
2025-11-22 06:30:00,429.892
2025-11-22 06:45:00,407.68
2025-11-22 07:00:00,378.112
2025-11-22 07:15:00,413.237
2025-11-22 07:30:00,379.258
2025-11-22 07:45:00,381.95
2025-11-22 08:00:00,367.552
2025-11-22 08:15:00,357.095
2025-11-22 08:30:00,328.448
2025-11-22 08:45:00,318.045
2025-11-22 09:00:00,308.422
2025-11-22 09:15:00,276.973
2025-11-22 09:30:00,249.95
2025-11-22 09:45:00,226.275
2025-11-22 10:00:00,188.122
2025-11-22 10:15:00,137.93
2025-11-22 10:30:00,119.144
2025-11-22 10:45:00,85.77
2025-11-22 11:00:00,87.298
2025-11-22 11:15:00,88.497
2025-11-22 11:30:00,85.785
2025-11-22 11:45:00,79.283
2025-11-22 12:00:00,74.993
2025-11-22 12:15:00,71.31
2025-11-22 12:30:00,70.865
2025-11-22 12:45:00,68.025
2025-11-22 13:00:00,63.292
2025-11-22 13:15:00,55.963
2025-11-22 13:30:00,53.63
2025-11-22 13:45:00,47.488
2025-11-22 14:00:00,49.82
2025-11-22 14:15:00,51.807
2025-11-22 14:30:00,53.929
2025-11-22 14:45:00,52.372
2025-11-22 15:00:00,58.26
2025-11-22 15:15:00,61.68
2025-11-22 15:30:00,63.993
2025-11-22 15:45:00,67.488
2025-11-22 16:00:00,72.868
2025-11-22 16:15:00,78.823
2025-11-22 16:30:00,79.878
2025-11-22 16:45:00,84.92
2025-11-22 17:00:00,94.238
2025-11-22 17:15:00,103.533
2025-11-22 17:30:00,115.465
2025-11-22 17:45:00,130.063
2025-11-22 18:00:00,144.88
2025-11-22 18:15:00,159.813
2025-11-22 18:30:00,178.77
2025-11-22 18:45:00,200.065
2025-11-22 19:00:00,203.715
2025-11-22 19:15:00,208.898
2025-11-22 19:30:00,200.587
2025-11-22 19:45:00,201.133
2025-11-22 20:00:00,205.25
2025-11-22 20:15:00,200.52
2025-11-22 20:30:00,198.693
2025-11-22 20:45:00,198.155
2025-11-22 21:00:00,193.883
2025-11-22 21:15:00,188.902
2025-11-22 21:30:00,186.085
2025-11-22 21:45:00,187.702
2025-11-22 22:00:00,177.777
2025-11-22 22:15:00,167.12
2025-11-22 22:30:00,157.53
2025-11-22 22:45:00,153.15
2025-11-22 23:00:00,152.527
2025-11-22 23:15:00,157.725
2025-11-22 23:30:00,153.35
2025-11-22 23:45:00,150.443
2025-11-23 00:00:00,142.178
2025-11-23 00:15:00,145.58
2025-11-23 00:30:00,156.73
2025-11-23 00:45:00,150.515
2025-11-23 01:00:00,148.94
2025-11-23 01:15:00,142.0
2025-11-23 01:30:00,131.485
2025-11-23 01:45:00,131.56
2025-11-23 02:00:00,129.837
2025-11-23 02:15:00,116.158
2025-11-23 02:30:00,107.537
2025-11-23 02:45:00,105.283
2025-11-23 03:00:00,107.855
2025-11-23 03:15:00,97.402
2025-11-23 03:30:00,96.14
2025-11-23 03:45:00,92.845
2025-11-23 04:00:00,96.425
2025-11-23 04:15:00,110.272
2025-11-23 04:30:00,113.405
2025-11-23 04:45:00,112.882
2025-11-23 05:00:00,125.165
2025-11-23 05:15:00,128.068
2025-11-23 05:30:00,120.158
2025-11-23 05:45:00,119.887
2025-11-23 06:00:00,118.555
2025-11-23 06:15:00,127.025
2025-11-23 06:30:00,128.875
2025-11-23 06:45:00,120.315
2025-11-23 07:00:00,111.5
2025-11-23 07:15:00,123.46
2025-11-23 07:30:00,125.94
2025-11-23 07:45:00,122.158
2025-11-23 08:00:00,119.857
2025-11-23 08:15:00,114.603
2025-11-23 08:30:00,122.463
2025-11-23 08:45:00,136.523
2025-11-23 09:00:00,130.355
2025-11-23 09:15:00,118.777
2025-11-23 09:30:00,111.088
2025-11-23 09:45:00,96.315
2025-11-23 10:00:00,90.228
2025-11-23 10:15:00,87.73
2025-11-23 10:30:00,82.942
2025-11-23 10:45:00,79.338
2025-11-23 11:00:00,79.395
2025-11-23 11:15:00,79.975
2025-11-23 11:30:00,76.24
2025-11-23 11:45:00,76.652
2025-11-23 12:00:00,79.673
2025-11-23 12:15:00,81.522
2025-11-23 12:30:00,81.793
2025-11-23 12:45:00,87.33
2025-11-23 13:00:00,86.425
2025-11-23 13:15:00,91.37
2025-11-23 13:30:00,92.658
2025-11-23 13:45:00,96.05
2025-11-23 14:00:00,100.305
2025-11-23 14:15:00,108.813
2025-11-23 14:30:00,102.558
2025-11-23 14:45:00,103.25
2025-11-23 15:00:00,108.385
2025-11-23 15:15:00,115.015
2025-11-23 15:30:00,119.005
2025-11-23 15:45:00,126.308
2025-11-23 16:00:00,133.542
2025-11-23 16:15:00,142.285
2025-11-23 16:30:00,153.195
2025-11-23 16:45:00,159.372
2025-11-23 17:00:00,164.005
2025-11-23 17:15:00,172.512
2025-11-23 17:30:00,186.402
2025-11-23 17:45:00,192.932
2025-11-23 18:00:00,206.102
2025-11-23 18:15:00,222.43
2025-11-23 18:30:00,248.852
2025-11-23 18:45:00,282.897
2025-11-23 19:00:00,307.195
2025-11-23 19:15:00,329.892
2025-11-23 19:30:00,349.392
2025-11-23 19:45:00,364.943
2025-11-23 20:00:00,376.865
2025-11-23 20:15:00,400.545
2025-11-23 20:30:00,414.642
2025-11-23 20:45:00,428.418
2025-11-23 21:00:00,436.49
2025-11-23 21:15:00,452.97
2025-11-23 21:30:00,461.04
2025-11-23 21:45:00,473.13
2025-11-23 22:00:00,472.728
2025-11-23 22:15:00,478.23
2025-11-23 22:30:00,467.758
2025-11-23 22:45:00,459.932
2025-11-23 23:00:00,454.003
2025-11-23 23:15:00,458.225
2025-11-23 23:30:00,475.22
2025-11-23 23:45:00,494.527
2025-11-24 00:00:00,472.962
2025-11-24 00:15:00,481.865
2025-11-24 00:30:00,483.552
2025-11-24 00:45:00,469.647
2025-11-24 01:00:00,430.585
2025-11-24 01:15:00,417.7
2025-11-24 01:30:00,395.503
2025-11-24 01:45:00,376.025
2025-11-24 02:00:00,375.853
2025-11-24 02:15:00,375.655
2025-11-24 02:30:00,367.078
2025-11-24 02:45:00,364.497
2025-11-24 03:00:00,369.635
2025-11-24 03:15:00,370.16
2025-11-24 03:30:00,369.117
2025-11-24 03:45:00,364.147
2025-11-24 04:00:00,361.568
2025-11-24 04:15:00,370.552
2025-11-24 04:30:00,369.775
2025-11-24 04:45:00,375.515
2025-11-24 05:00:00,372.045
2025-11-24 05:15:00,376.885
2025-11-24 05:30:00,394.473
2025-11-24 05:45:00,424.41
2025-11-24 06:00:00,424.837
2025-11-24 06:15:00,415.075
2025-11-24 06:30:00,403.655
2025-11-24 06:45:00,395.973
2025-11-24 07:00:00,392.725
2025-11-24 07:15:00,391.112
2025-11-24 07:30:00,393.967
2025-11-24 07:45:00,391.172
2025-11-24 08:00:00,395.082
2025-11-24 08:15:00,411.453
2025-11-24 08:30:00,432.7
2025-11-24 08:45:00,439.71
2025-11-24 09:00:00,435.927
2025-11-24 09:15:00,440.38
2025-11-24 09:30:00,424.805
2025-11-24 09:45:00,404.605
2025-11-24 10:00:00,383.07
2025-11-24 10:15:00,358.03
2025-11-24 10:30:00,338.997
2025-11-24 10:45:00,293.479
2025-11-24 11:00:00,255.682
2025-11-24 11:15:00,268.505
2025-11-24 11:30:00,262.99
2025-11-24 11:45:00,217.908
2025-11-24 12:00:00,249.827
2025-11-24 12:15:00,252.2
2025-11-24 12:30:00,274.217
2025-11-24 12:45:00,282.435
2025-11-24 13:00:00,292.406
2025-11-24 13:15:00,306.359
2025-11-24 13:30:00,313.975
2025-11-24 13:45:00,289.776
2025-11-24 14:00:00,284.327
2025-11-24 14:15:00,326.67
2025-11-24 14:30:00,420.476
2025-11-24 14:45:00,579.252
2025-11-24 15:00:00,612.977
2025-11-24 15:15:00,658.622
2025-11-24 15:30:00,725.237
2025-11-24 15:45:00,784.458
2025-11-24 16:00:00,699.164
2025-11-24 16:15:00,883.413
2025-11-24 16:30:00,1061.182
2025-11-24 16:45:00,1141.235
2025-11-24 17:00:00,1183.875
2025-11-24 17:15:00,1161.243
2025-11-24 17:30:00,1199.444
2025-11-24 17:45:00,1377.796
2025-11-24 18:00:00,1480.685
2025-11-24 18:15:00,1559.458
2025-11-24 18:30:00,1557.182
2025-11-24 18:45:00,1625.248
2025-11-24 19:00:00,1637.035
2025-11-24 19:15:00,1702.163
2025-11-24 19:30:00,1715.329
2025-11-24 19:45:00,1699.242
2025-11-24 20:00:00,1825.108
2025-11-24 20:15:00,1792.885
2025-11-24 20:30:00,1841.983
2025-11-24 20:45:00,1818.151
2025-11-24 21:00:00,1766.356
2025-11-24 21:15:00,1762.123
2025-11-24 21:30:00,1791.745
2025-11-24 21:45:00,1763.964
2025-11-24 22:00:00,1736.354
2025-11-24 22:15:00,1788.103
2025-11-24 22:30:00,1775.614
2025-11-24 22:45:00,1778.64
2025-11-24 23:00:00,1777.205
2025-11-24 23:15:00,1780.738
2025-11-24 23:30:00,1708.836
2025-11-24 23:45:00,1617.151
2025-11-25 00:00:00,1517.451
2025-11-25 00:15:00,1540.481
2025-11-25 00:30:00,1514.81
2025-11-25 00:45:00,1507.54
2025-11-25 01:00:00,1601.824
2025-11-25 01:15:00,1553.391
2025-11-25 01:30:00,1558.99
2025-11-25 01:45:00,1536.71
2025-11-25 02:00:00,1481.066
2025-11-25 02:15:00,1523.911
2025-11-25 02:30:00,1593.439
2025-11-25 02:45:00,1536.12
2025-11-25 03:00:00,1581.159
2025-11-25 03:15:00,1572.791
2025-11-25 03:30:00,1540.548
2025-11-25 03:45:00,1556.436
2025-11-25 04:00:00,1511.76
2025-11-25 04:15:00,1511.055
2025-11-25 04:30:00,1517.55
2025-11-25 04:45:00,1469.417
2025-11-25 05:00:00,1449.001
2025-11-25 05:15:00,1456.777
2025-11-25 05:30:00,1464.902
2025-11-25 05:45:00,1463.252
2025-11-25 06:00:00,1455.498
2025-11-25 06:15:00,1414.61
2025-11-25 06:30:00,1262.808
2025-11-25 06:45:00,1293.438
2025-11-25 07:00:00,1220.152
2025-11-25 07:15:00,1163.826
2025-11-25 07:30:00,1158.616
2025-11-25 07:45:00,1136.049
2025-11-25 08:00:00,980.033
2025-11-25 08:15:00,917.084
2025-11-25 08:30:00,826.47
2025-11-25 08:45:00,709.028
2025-11-25 09:00:00,853.549
2025-11-25 09:15:00,706.909
2025-11-25 09:30:00,490.672
2025-11-25 09:45:00,415.129
2025-11-25 10:00:00,517.708
2025-11-25 10:15:00,492.533
2025-11-25 10:30:00,482.471
2025-11-25 10:45:00,390.523
2025-11-25 11:00:00,456.366
2025-11-25 11:15:00,406.298
2025-11-25 11:30:00,393.341
2025-11-25 11:45:00,338.868
2025-11-25 12:00:00,489.773
2025-11-25 12:15:00,463.351
2025-11-25 12:30:00,470.912
2025-11-25 12:45:00,411.419
2025-11-25 13:00:00,396.985
2025-11-25 13:15:00,356.031
2025-11-25 13:30:00,328.266
2025-11-25 13:45:00,302.22
2025-11-25 14:00:00,295.786
2025-11-25 14:15:00,304.521
2025-11-25 14:30:00,351.911
2025-11-25 14:45:00,399.942
2025-11-25 15:00:00,501.425
2025-11-25 15:15:00,490.052
2025-11-25 15:30:00,479.852
2025-11-25 15:45:00,493.7
2025-11-25 16:00:00,509.578
2025-11-25 16:15:00,553.325
2025-11-25 16:30:00,563.997
2025-11-25 16:45:00,548.485
2025-11-25 17:00:00,554.64
2025-11-25 17:15:00,548.435
2025-11-25 17:30:00,533.77
2025-11-25 17:45:00,533.49
2025-11-25 18:00:00,544.747
2025-11-25 18:15:00,557.375
2025-11-25 18:30:00,570.195
2025-11-25 18:45:00,599.575
2025-11-25 19:00:00,615.96
2025-11-25 19:15:00,658.052
2025-11-25 19:30:00,686.155
2025-11-25 19:45:00,721.083
2025-11-25 20:00:00,716.172
2025-11-25 20:15:00,718.162
2025-11-25 20:30:00,714.02
2025-11-25 20:45:00,751.98
2025-11-25 21:00:00,748.182
2025-11-25 21:15:00,748.975
2025-11-25 21:30:00,733.968
2025-11-25 21:45:00,725.878
2025-11-25 22:00:00,733.37
2025-11-25 22:15:00,716.78
2025-11-25 22:30:00,696.03
2025-11-25 22:45:00,666.445
2025-11-25 23:00:00,637.208
2025-11-25 23:15:00,607.485
2025-11-25 23:30:00,587.943
2025-11-25 23:45:00,572.07
2025-11-26 00:00:00,554.83
2025-11-26 00:15:00,563.667
2025-11-26 00:30:00,581.823
2025-11-26 00:45:00,572.018
2025-11-26 01:00:00,559.758
2025-11-26 01:15:00,561.282
2025-11-26 01:30:00,543.365
2025-11-26 01:45:00,531.518
2025-11-26 02:00:00,526.963
2025-11-26 02:15:00,529.807
2025-11-26 02:30:00,527.672
2025-11-26 02:45:00,511.125
2025-11-26 03:00:00,497.99
2025-11-26 03:15:00,471.02
2025-11-26 03:30:00,470.177
2025-11-26 03:45:00,472.908
2025-11-26 04:00:00,469.275
2025-11-26 04:15:00,448.591
2025-11-26 04:30:00,479.41
2025-11-26 04:45:00,496.38
2025-11-26 05:00:00,494.938
2025-11-26 05:15:00,490.325
2025-11-26 05:30:00,479.332
2025-11-26 05:45:00,528.482
2025-11-26 06:00:00,543.268
2025-11-26 06:15:00,552.503
2025-11-26 06:30:00,558.068
2025-11-26 06:45:00,557.16
2025-11-26 07:00:00,558.847
2025-11-26 07:15:00,557.612
2025-11-26 07:30:00,560.885
2025-11-26 07:45:00,538.472
2025-11-26 08:00:00,518.997
2025-11-26 08:15:00,500.59
2025-11-26 08:30:00,484.642
2025-11-26 08:45:00,452.707
2025-11-26 09:00:00,406.668
2025-11-26 09:15:00,357.832
2025-11-26 09:30:00,292.29
2025-11-26 09:45:00,250.201
2025-11-26 10:00:00,256.793
2025-11-26 10:15:00,223.084
2025-11-26 10:30:00,209.163
2025-11-26 10:45:00,171.706
2025-11-26 11:00:00,165.465
2025-11-26 11:15:00,149.29
2025-11-26 11:30:00,155.385
2025-11-26 11:45:00,139.36
2025-11-26 12:00:00,146.768
2025-11-26 12:15:00,143.09
2025-11-26 12:30:00,150.917
2025-11-26 12:45:00,144.738
2025-11-26 13:00:00,152.133
2025-11-26 13:15:00,162.935
2025-11-26 13:30:00,168.577
2025-11-26 13:45:00,177.06
2025-11-26 14:00:00,175.257
2025-11-26 14:15:00,179.222
2025-11-26 14:30:00,186.213
2025-11-26 14:45:00,207.415
2025-11-26 15:00:00,226.065
2025-11-26 15:15:00,242.503
2025-11-26 15:30:00,267.985
2025-11-26 15:45:00,301.035
2025-11-26 16:00:00,331.02
2025-11-26 16:15:00,362.695
2025-11-26 16:30:00,392.95
2025-11-26 16:45:00,437.115
2025-11-26 17:00:00,486.962
2025-11-26 17:15:00,534.28
2025-11-26 17:30:00,586.695
2025-11-26 17:45:00,648.81
2025-11-26 18:00:00,709.922
2025-11-26 18:15:00,804.792
2025-11-26 18:30:00,903.2
2025-11-26 18:45:00,985.895
2025-11-26 19:00:00,1076.657
2025-11-26 19:15:00,1159.802
2025-11-26 19:30:00,1260.038
2025-11-26 19:45:00,1347.829
2025-11-26 20:00:00,1446.2
2025-11-26 20:15:00,1484.148
2025-11-26 20:30:00,1559.149
2025-11-26 20:45:00,1552.462
2025-11-26 21:00:00,1694.632
2025-11-26 21:15:00,1621.677
2025-11-26 21:30:00,1622.31
2025-11-26 21:45:00,1553.67
2025-11-26 22:00:00,1670.352
2025-11-26 22:15:00,1681.097
2025-11-26 22:30:00,1864.989
2025-11-26 22:45:00,1838.159
2025-11-26 23:00:00,1808.864
2025-11-26 23:15:00,1828.854
2025-11-26 23:30:00,1786.054
2025-11-26 23:45:00,1758.893
2025-11-27 00:00:00,1969.599
2025-11-27 00:15:00,1982.844
2025-11-27 00:30:00,2012.483
2025-11-27 00:45:00,1966.626
2025-11-27 01:00:00,1968.432
2025-11-27 01:15:00,2000.792
2025-11-27 01:30:00,2041.593
2025-11-27 01:45:00,2036.279
2025-11-27 02:00:00,2023.428
2025-11-27 02:15:00,1981.162
2025-11-27 02:30:00,1941.118
2025-11-27 02:45:00,1886.475
2025-11-27 03:00:00,1864.001
2025-11-27 03:15:00,1907.912
2025-11-27 03:30:00,1904.873
2025-11-27 03:45:00,1874.172
2025-11-27 04:00:00,1889.318
2025-11-27 04:15:00,1823.301
2025-11-27 04:30:00,1888.842
2025-11-27 04:45:00,1883.849
2025-11-27 05:00:00,1863.201
2025-11-27 05:15:00,1917.264
2025-11-27 05:30:00,1880.286
2025-11-27 05:45:00,1914.434
2025-11-27 06:00:00,1902.062
2025-11-27 06:15:00,1897.399
2025-11-27 06:30:00,1950.197
2025-11-27 06:45:00,1772.922
2025-11-27 07:00:00,1604.835
2025-11-27 07:15:00,1569.405
2025-11-27 07:30:00,1602.202
2025-11-27 07:45:00,1523.815
2025-11-27 08:00:00,1458.082
2025-11-27 08:15:00,1428.317
2025-11-27 08:30:00,1335.918
2025-11-27 08:45:00,1338.118
2025-11-27 09:00:00,1513.026
2025-11-27 09:15:00,1353.673
2025-11-27 09:30:00,1235.04
2025-11-27 09:45:00,1014.726
2025-11-27 10:00:00,1139.623
2025-11-27 10:15:00,1070.632
2025-11-27 10:30:00,985.985
2025-11-27 10:45:00,903.616
2025-11-27 11:00:00,896.315
2025-11-27 11:15:00,886.467
2025-11-27 11:30:00,814.983
2025-11-27 11:45:00,764.33
2025-11-27 12:00:00,889.231
2025-11-27 12:15:00,845.451
2025-11-27 12:30:00,830.66
2025-11-27 12:45:00,761.103
2025-11-27 13:00:00,729.159
2025-11-27 13:15:00,679.047
2025-11-27 13:30:00,691.638
2025-11-27 13:45:00,653.679
2025-11-27 14:00:00,624.26
2025-11-27 14:15:00,650.488
2025-11-27 14:30:00,745.53
2025-11-27 14:45:00,795.769
2025-11-27 15:00:00,698.509
2025-11-27 15:15:00,793.363
2025-11-27 15:30:00,875.875
2025-11-27 15:45:00,881.335
2025-11-27 16:00:00,893.727
2025-11-27 16:15:00,912.198
2025-11-27 16:30:00,921.847
2025-11-27 16:45:00,935.575
2025-11-27 17:00:00,938.343
2025-11-27 17:15:00,939.487
2025-11-27 17:30:00,921.628
2025-11-27 17:45:00,927.182
2025-11-27 18:00:00,955.938
2025-11-27 18:15:00,984.643
2025-11-27 18:30:00,1008.05
2025-11-27 18:45:00,1053.748
2025-11-27 19:00:00,1086.453
2025-11-27 19:15:00,1114.64
2025-11-27 19:30:00,1111.557
2025-11-27 19:45:00,1130.113
2025-11-27 20:00:00,1120.335
2025-11-27 20:15:00,1098.82
2025-11-27 20:30:00,1076.652
2025-11-27 20:45:00,1050.188
2025-11-27 21:00:00,1017.102
2025-11-27 21:15:00,1004.045
2025-11-27 21:30:00,993.557
2025-11-27 21:45:00,977.573
2025-11-27 22:00:00,969.525
2025-11-27 22:15:00,965.4
2025-11-27 22:30:00,960.13
2025-11-27 22:45:00,950.895
2025-11-27 23:00:00,953.32
2025-11-27 23:15:00,942.41
2025-11-27 23:30:00,923.535
2025-11-27 23:45:00,898.657
2025-11-28 00:00:00,871.06
2025-11-28 00:15:00,848.97
2025-11-28 00:30:00,825.578
2025-11-28 00:45:00,798.725
2025-11-28 01:00:00,765.278
2025-11-28 01:15:00,733.7
2025-11-28 01:30:00,707.105
2025-11-28 01:45:00,689.773
2025-11-28 02:00:00,676.023
2025-11-28 02:15:00,657.232
2025-11-28 02:30:00,650.593
2025-11-28 02:45:00,647.07
2025-11-28 03:00:00,643.508
2025-11-28 03:15:00,630.307
2025-11-28 03:30:00,625.65
2025-11-28 03:45:00,619.372
2025-11-28 04:00:00,623.07
2025-11-28 04:15:00,629.393
2025-11-28 04:30:00,634.593
2025-11-28 04:45:00,628.14
2025-11-28 05:00:00,625.895
2025-11-28 05:15:00,624.083
2025-11-28 05:30:00,620.02
2025-11-28 05:45:00,624.385
2025-11-28 06:00:00,619.23
2025-11-28 06:15:00,610.455
2025-11-28 06:30:00,596.057
2025-11-28 06:45:00,585.807
2025-11-28 07:00:00,568.713
2025-11-28 07:15:00,557.177
2025-11-28 07:30:00,545.485
2025-11-28 07:45:00,535.82
2025-11-28 08:00:00,517.758
2025-11-28 08:15:00,507.41
2025-11-28 08:30:00,484.765
2025-11-28 08:45:00,447.987
2025-11-28 09:00:00,430.775
2025-11-28 09:15:00,405.21
2025-11-28 09:30:00,377.057
2025-11-28 09:45:00,336.152
2025-11-28 10:00:00,308.992
2025-11-28 10:15:00,280.337
2025-11-28 10:30:00,263.712
2025-11-28 10:45:00,239.587
2025-11-28 11:00:00,221.645
2025-11-28 11:15:00,212.735
2025-11-28 11:30:00,202.58
2025-11-28 11:45:00,191.015
2025-11-28 12:00:00,188.477
2025-11-28 12:15:00,182.697
2025-11-28 12:30:00,164.818
2025-11-28 12:45:00,160.936
2025-11-28 13:00:00,155.872
2025-11-28 13:15:00,160.087
2025-11-28 13:30:00,162.393
2025-11-28 13:45:00,150.058
2025-11-28 14:00:00,151.584
2025-11-28 14:15:00,145.116
2025-11-28 14:30:00,160.925
2025-11-28 14:45:00,165.57
2025-11-28 15:00:00,166.033
2025-11-28 15:15:00,165.583
2025-11-28 15:30:00,170.975
2025-11-28 15:45:00,162.605
2025-11-28 16:00:00,179.503
2025-11-28 16:15:00,186.932
2025-11-28 16:30:00,193.753
2025-11-28 16:45:00,192.49
2025-11-28 17:00:00,195.753
2025-11-28 17:15:00,200.712
2025-11-28 17:30:00,212.02
2025-11-28 17:45:00,228.73
2025-11-28 18:00:00,243.663
2025-11-28 18:15:00,261.9
2025-11-28 18:30:00,277.293
2025-11-28 18:45:00,299.06
2025-11-28 19:00:00,308.432
2025-11-28 19:15:00,327.72
2025-11-28 19:30:00,339.186
2025-11-28 19:45:00,369.401
2025-11-28 20:00:00,382.628
2025-11-28 20:15:00,396.908
2025-11-28 20:30:00,395.259
2025-11-28 20:45:00,396.604
2025-11-28 21:00:00,397.621
2025-11-28 21:15:00,405.652
2025-11-28 21:30:00,398.391
2025-11-28 21:45:00,398.68
2025-11-28 22:00:00,394.973
2025-11-28 22:15:00,391.524
2025-11-28 22:30:00,402.075
2025-11-28 22:45:00,398.622
2025-11-28 23:00:00,402.15
2025-11-28 23:15:00,394.978
2025-11-28 23:30:00,390.875
2025-11-28 23:45:00,401.318
2025-11-29 00:00:00,398.427
2025-11-29 00:15:00,395.664
2025-11-29 00:30:00,400.136
2025-11-29 00:45:00,413.18
2025-11-29 01:00:00,423.66
2025-11-29 01:15:00,419.658
2025-11-29 01:30:00,417.535
2025-11-29 01:45:00,420.457
2025-11-29 02:00:00,401.557
2025-11-29 02:15:00,399.307
2025-11-29 02:30:00,403.707
2025-11-29 02:45:00,415.345
2025-11-29 03:00:00,407.59
2025-11-29 03:15:00,414.8
2025-11-29 03:30:00,428.402
2025-11-29 03:45:00,418.927
2025-11-29 04:00:00,410.74
2025-11-29 04:15:00,395.117
2025-11-29 04:30:00,388.755
2025-11-29 04:45:00,433.422
2025-11-29 05:00:00,423.551
2025-11-29 05:15:00,437.582
2025-11-29 05:30:00,441.962
2025-11-29 05:45:00,447.465
2025-11-29 06:00:00,458.712
2025-11-29 06:15:00,468.015
2025-11-29 06:30:00,461.465
2025-11-29 06:45:00,452.138
2025-11-29 07:00:00,446.737
2025-11-29 07:15:00,440.89
2025-11-29 07:30:00,440.39
2025-11-29 07:45:00,417.658
2025-11-29 08:00:00,401.68
2025-11-29 08:15:00,377.378
2025-11-29 08:30:00,353.705
2025-11-29 08:45:00,332.425
2025-11-29 09:00:00,308.957
2025-11-29 09:15:00,283.068
2025-11-29 09:30:00,266.247
2025-11-29 09:45:00,245.095
2025-11-29 10:00:00,215.54
2025-11-29 10:15:00,166.251
2025-11-29 10:30:00,154.572
2025-11-29 10:45:00,134.437
2025-11-29 11:00:00,127.039
2025-11-29 11:15:00,103.925
2025-11-29 11:30:00,100.397
2025-11-29 11:45:00,80.07
2025-11-29 12:00:00,97.805
2025-11-29 12:15:00,86.957
2025-11-29 12:30:00,81.435
2025-11-29 12:45:00,75.725
2025-11-29 13:00:00,74.385
2025-11-29 13:15:00,67.255
2025-11-29 13:30:00,68.73
2025-11-29 13:45:00,63.008
2025-11-29 14:00:00,61.019
2025-11-29 14:15:00,63.049
2025-11-29 14:30:00,67.355
2025-11-29 14:45:00,71.39
2025-11-29 15:00:00,72.165
2025-11-29 15:15:00,78.757
2025-11-29 15:30:00,76.6
2025-11-29 15:45:00,81.355
2025-11-29 16:00:00,89.135
2025-11-29 16:15:00,96.445
2025-11-29 16:30:00,104.817
2025-11-29 16:45:00,111.173
2025-11-29 17:00:00,119.98
2025-11-29 17:15:00,130.54
2025-11-29 17:30:00,148.503
2025-11-29 17:45:00,174.56
2025-11-29 18:00:00,211.41
2025-11-29 18:15:00,266.638
2025-11-29 18:30:00,324.395
2025-11-29 18:45:00,374.86
2025-11-29 19:00:00,430.802
2025-11-29 19:15:00,468.83
2025-11-29 19:30:00,528.518
2025-11-29 19:45:00,558.096
2025-11-29 20:00:00,585.34
2025-11-29 20:15:00,617.855
2025-11-29 20:30:00,644.445
2025-11-29 20:45:00,671.08
2025-11-29 21:00:00,682.235
2025-11-29 21:15:00,698.475
2025-11-29 21:30:00,724.289
2025-11-29 21:45:00,651.787
2025-11-29 22:00:00,591.233
2025-11-29 22:15:00,510.187
2025-11-29 22:30:00,608.153
2025-11-29 22:45:00,515.051
2025-11-29 23:00:00,715.338
2025-11-29 23:15:00,646.407
2025-11-29 23:30:00,650.19
2025-11-29 23:45:00,780.198
2025-11-30 00:00:00,765.465
2025-11-30 00:15:00,755.81
2025-11-30 00:30:00,732.31
2025-11-30 00:45:00,727.675
2025-11-30 01:00:00,767.662
2025-11-30 01:15:00,779.695
2025-11-30 01:30:00,779.177
2025-11-30 01:45:00,768.763
2025-11-30 02:00:00,787.422
2025-11-30 02:15:00,806.188
2025-11-30 02:30:00,817.865
2025-11-30 02:45:00,817.186
2025-11-30 03:00:00,757.092
2025-11-30 03:15:00,710.681
2025-11-30 03:30:00,670.329
2025-11-30 03:45:00,788.109
2025-11-30 04:00:00,844.853
2025-11-30 04:15:00,806.67
2025-11-30 04:30:00,791.751
2025-11-30 04:45:00,777.359
2025-11-30 05:00:00,814.559
2025-11-30 05:15:00,826.735
2025-11-30 05:30:00,797.667
2025-11-30 05:45:00,817.49
2025-11-30 06:00:00,752.571
2025-11-30 06:15:00,738.139
2025-11-30 06:30:00,781.398
2025-11-30 06:45:00,778.997
2025-11-30 07:00:00,761.44
2025-11-30 07:15:00,682.695
2025-11-30 07:30:00,704.857
2025-11-30 07:45:00,717.648
2025-11-30 08:00:00,702.722
2025-11-30 08:15:00,673.375
2025-11-30 08:30:00,630.888
2025-11-30 08:45:00,631.21
2025-11-30 09:00:00,559.076
2025-11-30 09:15:00,437.157
2025-11-30 09:30:00,379.169
2025-11-30 09:45:00,339.535
2025-11-30 10:00:00,383.982
2025-11-30 10:15:00,313.749
2025-11-30 10:30:00,298.28
2025-11-30 10:45:00,216.406
2025-11-30 11:00:00,190.783
2025-11-30 11:15:00,158.902
2025-11-30 11:30:00,180.962
2025-11-30 11:45:00,173.707
2025-11-30 12:00:00,206.871
2025-11-30 12:15:00,194.331
2025-11-30 12:30:00,196.717
2025-11-30 12:45:00,161.536
2025-11-30 13:00:00,147.911
2025-11-30 13:15:00,139.093
2025-11-30 13:30:00,131.221
2025-11-30 13:45:00,112.057
2025-11-30 14:00:00,107.941
2025-11-30 14:15:00,108.074
2025-11-30 14:30:00,121.105
2025-11-30 14:45:00,121.521
2025-11-30 15:00:00,120.91
2025-11-30 15:15:00,114.08
2025-11-30 15:30:00,109.677
2025-11-30 15:45:00,110.018
2025-11-30 16:00:00,112.342
2025-11-30 16:15:00,122.32
2025-11-30 16:30:00,121.85
2025-11-30 16:45:00,123.02
2025-11-30 17:00:00,126.988
2025-11-30 17:15:00,135.652
2025-11-30 17:30:00,142.247
2025-11-30 17:45:00,171.723
2025-11-30 18:00:00,184.837
2025-11-30 18:15:00,201.05
2025-11-30 18:30:00,227.39
2025-11-30 18:45:00,255.518
2025-11-30 19:00:00,280.158
2025-11-30 19:15:00,294.065
2025-11-30 19:30:00,296.978
2025-11-30 19:45:00,312.878
2025-11-30 20:00:00,321.436
2025-11-30 20:15:00,326.675
2025-11-30 20:30:00,332.68
2025-11-30 20:45:00,355.93
2025-11-30 21:00:00,360.95
2025-11-30 21:15:00,378.25
2025-11-30 21:30:00,384.755
2025-11-30 21:45:00,409.467
2025-11-30 22:00:00,421.49
2025-11-30 22:15:00,438.875
2025-11-30 22:30:00,453.37
2025-11-30 22:45:00,466.913
2025-11-30 23:00:00,484.478
2025-11-30 23:15:00,490.09
2025-11-30 23:30:00,477.408
2025-11-30 23:45:00,470.785
2025-12-01 00:00:00,485.635
2025-12-01 00:15:00,484.467
2025-12-01 00:30:00,483.86
2025-12-01 00:45:00,499.495
2025-12-01 01:00:00,518.105
2025-12-01 01:15:00,502.046
2025-12-01 01:30:00,511.304
2025-12-01 01:45:00,517.888
2025-12-01 02:00:00,520.518
2025-12-01 02:15:00,521.888
2025-12-01 02:30:00,526.282
2025-12-01 02:45:00,526.977
2025-12-01 03:00:00,539.73
2025-12-01 03:15:00,542.815
2025-12-01 03:30:00,545.66
2025-12-01 03:45:00,543.415
2025-12-01 04:00:00,530.237
2025-12-01 04:15:00,538.26
2025-12-01 04:30:00,550.693
2025-12-01 04:45:00,561.307
2025-12-01 05:00:00,563.318
2025-12-01 05:15:00,561.857
2025-12-01 05:30:00,562.64
2025-12-01 05:45:00,539.235
2025-12-01 06:00:00,519.525
2025-12-01 06:15:00,511.092
2025-12-01 06:30:00,491.31
2025-12-01 06:45:00,483.46
2025-12-01 07:00:00,464.448
2025-12-01 07:15:00,452.078
2025-12-01 07:30:00,430.745
2025-12-01 07:45:00,403.217
2025-12-01 08:00:00,400.605
2025-12-01 08:15:00,385.11
2025-12-01 08:30:00,358.878
2025-12-01 08:45:00,324.135
2025-12-01 09:00:00,304.485
2025-12-01 09:15:00,289.865
2025-12-01 09:30:00,269.932
2025-12-01 09:45:00,237.768
2025-12-01 10:00:00,216.932
2025-12-01 10:15:00,196.932
2025-12-01 10:30:00,170.905
2025-12-01 10:45:00,140.905
2025-12-01 11:00:00,122.465
2025-12-01 11:15:00,106.223
2025-12-01 11:30:00,89.205
2025-12-01 11:45:00,78.015
2025-12-01 12:00:00,72.067
2025-12-01 12:15:00,66.918
2025-12-01 12:30:00,66.68
2025-12-01 12:45:00,63.097
2025-12-01 13:00:00,63.904
2025-12-01 13:15:00,58.348
2025-12-01 13:30:00,60.21
2025-12-01 13:45:00,56.932
2025-12-01 14:00:00,56.63
2025-12-01 14:15:00,58.048
2025-12-01 14:30:00,57.735
2025-12-01 14:45:00,62.917
2025-12-01 15:00:00,67.022
2025-12-01 15:15:00,69.598
2025-12-01 15:30:00,71.317
2025-12-01 15:45:00,72.53
2025-12-01 16:00:00,77.902
2025-12-01 16:15:00,79.395
2025-12-01 16:30:00,82.1
2025-12-01 16:45:00,87.393
2025-12-01 17:00:00,92.325
2025-12-01 17:15:00,107.467
2025-12-01 17:30:00,123.585
2025-12-01 17:45:00,144.27
2025-12-01 18:00:00,163.417
2025-12-01 18:15:00,186.997
2025-12-01 18:30:00,196.364
2025-12-01 18:45:00,226.154
2025-12-01 19:00:00,258.981
2025-12-01 19:15:00,290.759
2025-12-01 19:30:00,313.594
2025-12-01 19:45:00,340.036
2025-12-01 20:00:00,362.334
2025-12-01 20:15:00,385.854
2025-12-01 20:30:00,413.931
2025-12-01 20:45:00,431.731
2025-12-01 21:00:00,448.079
2025-12-01 21:15:00,449.016
2025-12-01 21:30:00,475.394
2025-12-01 21:45:00,492.539
2025-12-01 22:00:00,507.096
2025-12-01 22:15:00,548.01
2025-12-01 22:30:00,499.054
2025-12-01 22:45:00,555.153
2025-12-01 23:00:00,554.78
2025-12-01 23:15:00,556.44
2025-12-01 23:30:00,564.443
2025-12-01 23:45:00,553.961
2025-12-02 00:00:00,556.747
2025-12-02 00:15:00,557.617
2025-12-02 00:30:00,563.944
2025-12-02 00:45:00,551.258
2025-12-02 01:00:00,533.903
2025-12-02 01:15:00,526.065
2025-12-02 01:30:00,535.172
2025-12-02 01:45:00,529.624
2025-12-02 02:00:00,524.172
2025-12-02 02:15:00,529.099
2025-12-02 02:30:00,535.427
2025-12-02 02:45:00,536.919
2025-12-02 03:00:00,537.739
2025-12-02 03:15:00,537.282
2025-12-02 03:30:00,532.192
2025-12-02 03:45:00,538.594
2025-12-02 04:00:00,531.967
2025-12-02 04:15:00,548.847
2025-12-02 04:30:00,570.172
2025-12-02 04:45:00,569.952
2025-12-02 05:00:00,573.397
2025-12-02 05:15:00,568.419
2025-12-02 05:30:00,591.094
2025-12-02 05:45:00,564.09
2025-12-02 06:00:00,554.157
2025-12-02 06:15:00,674.504
2025-12-02 06:30:00,702.329
2025-12-02 06:45:00,665.378
2025-12-02 07:00:00,691.742
2025-12-02 07:15:00,657.007
2025-12-02 07:30:00,738.997
2025-12-02 07:45:00,740.237
2025-12-02 08:00:00,741.209
2025-12-02 08:15:00,737.449
2025-12-02 08:30:00,726.693
2025-12-02 08:45:00,637.851
2025-12-02 09:00:00,537.39
2025-12-02 09:15:00,458.153
2025-12-02 09:30:00,762.867
2025-12-02 09:45:00,751.302
2025-12-02 10:00:00,748.887
2025-12-02 10:15:00,719.537
2025-12-02 10:30:00,730.122
2025-12-02 10:45:00,757.262
2025-12-02 11:00:00,754.627
2025-12-02 11:15:00,765.922
2025-12-02 11:30:00,787.482
2025-12-02 11:45:00,780.139
2025-12-02 12:00:00,786.514
2025-12-02 12:15:00,798.819
2025-12-02 12:30:00,819.714
2025-12-02 12:45:00,823.674
2025-12-02 13:00:00,834.532
2025-12-02 13:15:00,855.399
2025-12-02 13:30:00,858.207
2025-12-02 13:45:00,854.704
2025-12-02 14:00:00,868.607
2025-12-02 14:15:00,882.707
2025-12-02 14:30:00,906.952
2025-12-02 14:45:00,942.239
2025-12-02 15:00:00,888.356
2025-12-02 15:15:00,941.1
2025-12-02 15:30:00,996.234
2025-12-02 15:45:00,1017.809
2025-12-02 16:00:00,1039.547
2025-12-02 16:15:00,1067.132
2025-12-02 16:30:00,1099.877
2025-12-02 16:45:00,1142.802
2025-12-02 17:00:00,1246.642
2025-12-02 17:15:00,1295.932
2025-12-02 17:30:00,1346.242
2025-12-02 17:45:00,1384.362
2025-12-02 18:00:00,1419.237
2025-12-02 18:15:00,1474.419
2025-12-02 18:30:00,1504.529
2025-12-02 18:45:00,1523.289
2025-12-02 19:00:00,1561.724
2025-12-02 19:15:00,1581.538
2025-12-02 19:30:00,1619.799
2025-12-02 19:45:00,1650.444
2025-12-02 20:00:00,1660.582
2025-12-02 20:15:00,1564.934
2025-12-02 20:30:00,1668.628
2025-12-02 20:45:00,1653.193
2025-12-02 21:00:00,1684.818
2025-12-02 21:15:00,1672.234
2025-12-02 21:30:00,1692.831
2025-12-02 21:45:00,1622.537
2025-12-02 22:00:00,1659.176
2025-12-02 22:15:00,1619.269
2025-12-02 22:30:00,1658.505
2025-12-02 22:45:00,1673.585
2025-12-02 23:00:00,1592.374
2025-12-02 23:15:00,1526.307
2025-12-02 23:30:00,1623.029
2025-12-02 23:45:00,1708.044
2025-12-03 00:00:00,1752.046
2025-12-03 00:15:00,1834.364
2025-12-03 00:30:00,1768.366
2025-12-03 00:45:00,1742.369
2025-12-03 01:00:00,1852.052
2025-12-03 01:15:00,1949.307
2025-12-03 01:30:00,1963.375
2025-12-03 01:45:00,1945.575
2025-12-03 02:00:00,1990.752
2025-12-03 02:15:00,2004.116
2025-12-03 02:30:00,2003.214
2025-12-03 02:45:00,1985.436
2025-12-03 03:00:00,1994.486
2025-12-03 03:15:00,1988.555
2025-12-03 03:30:00,2004.656
2025-12-03 03:45:00,2004.629
2025-12-03 04:00:00,2010.12
2025-12-03 04:15:00,2009.566
2025-12-03 04:30:00,2020.335
2025-12-03 04:45:00,2021.985
2025-12-03 05:00:00,2019.878
2025-12-03 05:15:00,2013.233
2025-12-03 05:30:00,1979.804
2025-12-03 05:45:00,1961.137
2025-12-03 06:00:00,1956.32
2025-12-03 06:15:00,1939.331
2025-12-03 06:30:00,1927.593
2025-12-03 06:45:00,1723.261
2025-12-03 07:00:00,1739.339
2025-12-03 07:15:00,1746.244
2025-12-03 07:30:00,1827.689
2025-12-03 07:45:00,1823.584
2025-12-03 08:00:00,1786.073
2025-12-03 08:15:00,1749.585
2025-12-03 08:30:00,1733.073
2025-12-03 08:45:00,1713.505
2025-12-03 09:00:00,1686.041
2025-12-03 09:15:00,1647.682
2025-12-03 09:30:00,1634.7
2025-12-03 09:45:00,1607.366
2025-12-03 10:00:00,1564.813
2025-12-03 10:15:00,1504.05
2025-12-03 10:30:00,1458.285
2025-12-03 10:45:00,1356.429
2025-12-03 11:00:00,1343.52
2025-12-03 11:15:00,1059.301
2025-12-03 11:30:00,1037.32
2025-12-03 11:45:00,1039.129
2025-12-03 12:00:00,1125.3
2025-12-03 12:15:00,1080.787
2025-12-03 12:30:00,986.38
2025-12-03 12:45:00,915.405
2025-12-03 13:00:00,867.805
2025-12-03 13:15:00,860.945
2025-12-03 13:30:00,795.023
2025-12-03 13:45:00,618.272
2025-12-03 14:00:00,514.141
2025-12-03 14:15:00,488.043
2025-12-03 14:30:00,531.039
2025-12-03 14:45:00,687.099
2025-12-03 15:00:00,669.398
2025-12-03 15:15:00,654.54
2025-12-03 15:30:00,654.795
2025-12-03 15:45:00,667.41
2025-12-03 16:00:00,680.205
2025-12-03 16:15:00,724.96
2025-12-03 16:30:00,727.787
2025-12-03 16:45:00,724.8
2025-12-03 17:00:00,737.265
2025-12-03 17:15:00,764.787
2025-12-03 17:30:00,769.595
2025-12-03 17:45:00,784.865
2025-12-03 18:00:00,814.465
2025-12-03 18:15:00,845.94
2025-12-03 18:30:00,840.747
2025-12-03 18:45:00,953.287
2025-12-03 19:00:00,974.65
2025-12-03 19:15:00,979.198
2025-12-03 19:30:00,1022.6
2025-12-03 19:45:00,1033.512
2025-12-03 20:00:00,1015.037
2025-12-03 20:15:00,994.93
2025-12-03 20:30:00,970.035
2025-12-03 20:45:00,959.745
2025-12-03 21:00:00,939.432
2025-12-03 21:15:00,903.12
2025-12-03 21:30:00,878.99
2025-12-03 21:45:00,855.672
2025-12-03 22:00:00,845.352
2025-12-03 22:15:00,805.528
2025-12-03 22:30:00,780.28
2025-12-03 22:45:00,749.225
2025-12-03 23:00:00,740.807
2025-12-03 23:15:00,720.201
2025-12-03 23:30:00,713.105
2025-12-03 23:45:00,678.847
2025-12-04 00:00:00,632.037
2025-12-04 00:15:00,607.422
2025-12-04 00:30:00,594.035
2025-12-04 00:45:00,563.643
2025-12-04 01:00:00,547.907
2025-12-04 01:15:00,515.068
2025-12-04 01:30:00,498.092
2025-12-04 01:45:00,495.392
2025-12-04 02:00:00,486.318
2025-12-04 02:15:00,470.805
2025-12-04 02:30:00,464.505
2025-12-04 02:45:00,447.628
2025-12-04 03:00:00,446.28
2025-12-04 03:15:00,432.09
2025-12-04 03:30:00,419.09
2025-12-04 03:45:00,383.543
2025-12-04 04:00:00,378.795
2025-12-04 04:15:00,375.483
2025-12-04 04:30:00,356.215
2025-12-04 04:45:00,342.052
2025-12-04 05:00:00,309.168
2025-12-04 05:15:00,324.478
2025-12-04 05:30:00,302.172
2025-12-04 05:45:00,296.563
2025-12-04 06:00:00,285.835
2025-12-04 06:15:00,281.03
2025-12-04 06:30:00,257.81
2025-12-04 06:45:00,252.155
2025-12-04 07:00:00,254.175
2025-12-04 07:15:00,256.663
2025-12-04 07:30:00,243.265
2025-12-04 07:45:00,239.87
2025-12-04 08:00:00,240.742
2025-12-04 08:15:00,240.191
2025-12-04 08:30:00,248.349
2025-12-04 08:45:00,241.954
2025-12-04 09:00:00,244.97
2025-12-04 09:15:00,237.879
2025-12-04 09:30:00,243.77
2025-12-04 09:45:00,231.867
2025-12-04 10:00:00,225.705
2025-12-04 10:15:00,209.902
2025-12-04 10:30:00,201.115
2025-12-04 10:45:00,178.565
2025-12-04 11:00:00,165.227
2025-12-04 11:15:00,153.515
2025-12-04 11:30:00,140.12
2025-12-04 11:45:00,140.813
2025-12-04 12:00:00,133.587
2025-12-04 12:15:00,131.667
2025-12-04 12:30:00,121.363
2025-12-04 12:45:00,120.798
2025-12-04 13:00:00,117.963
2025-12-04 13:15:00,121.07
2025-12-04 13:30:00,125.715
2025-12-04 13:45:00,132.78
2025-12-04 14:00:00,131.387
2025-12-04 14:15:00,131.37
2025-12-04 14:30:00,134.253
2025-12-04 14:45:00,138.54
2025-12-04 15:00:00,145.083
2025-12-04 15:15:00,157.64
2025-12-04 15:30:00,167.193
2025-12-04 15:45:00,181.69
2025-12-04 16:00:00,197.79
2025-12-04 16:15:00,216.568
2025-12-04 16:30:00,229.553
2025-12-04 16:45:00,246.885
2025-12-04 17:00:00,250.092
2025-12-04 17:15:00,280.34
2025-12-04 17:30:00,290.06
2025-12-04 17:45:00,298.371
2025-12-04 18:00:00,300.571
2025-12-04 18:15:00,319.679
2025-12-04 18:30:00,351.829
2025-12-04 18:45:00,384.81
2025-12-04 19:00:00,401.159
2025-12-04 19:15:00,426.395
2025-12-04 19:30:00,444.865
2025-12-04 19:45:00,466.785
2025-12-04 20:00:00,491.103
2025-12-04 20:15:00,510.36
2025-12-04 20:30:00,530.295
2025-12-04 20:45:00,555.3
2025-12-04 21:00:00,557.03
2025-12-04 21:15:00,564.355
2025-12-04 21:30:00,566.552
2025-12-04 21:45:00,581.075
2025-12-04 22:00:00,598.042
2025-12-04 22:15:00,602.285
2025-12-04 22:30:00,594.53
2025-12-04 22:45:00,614.867
2025-12-04 23:00:00,457.491
2025-12-04 23:15:00,496.492
2025-12-04 23:30:00,475.766
2025-12-04 23:45:00,641.544
2025-12-05 00:00:00,649.088
2025-12-05 00:15:00,626.597
2025-12-05 00:30:00,627.203
2025-12-05 00:45:00,626.495
2025-12-05 01:00:00,641.883
2025-12-05 01:15:00,646.035
2025-12-05 01:30:00,631.625
2025-12-05 01:45:00,624.93
2025-12-05 02:00:00,621.857
2025-12-05 02:15:00,609.79
2025-12-05 02:30:00,605.922
2025-12-05 02:45:00,608.013
2025-12-05 03:00:00,609.922
2025-12-05 03:15:00,612.53
2025-12-05 03:30:00,610.492
2025-12-05 03:45:00,604.72
2025-12-05 04:00:00,604.097
2025-12-05 04:15:00,592.29
2025-12-05 04:30:00,568.338
2025-12-05 04:45:00,563.362
2025-12-05 05:00:00,553.015
2025-12-05 05:15:00,535.872
2025-12-05 05:30:00,545.4
2025-12-05 05:45:00,559.025
2025-12-05 06:00:00,576.932
2025-12-05 06:15:00,592.52
2025-12-05 06:30:00,576.629
2025-12-05 06:45:00,606.735
2025-12-05 07:00:00,589.052
2025-12-05 07:15:00,566.8
2025-12-05 07:30:00,543.47
2025-12-05 07:45:00,512.165
2025-12-05 08:00:00,500.975
2025-12-05 08:15:00,477.311
2025-12-05 08:30:00,453.949
2025-12-05 08:45:00,423.807
2025-12-05 09:00:00,406.87
2025-12-05 09:15:00,421.438
2025-12-05 09:30:00,404.212
2025-12-05 09:45:00,385.005
2025-12-05 10:00:00,344.348
2025-12-05 10:15:00,391.75
2025-12-05 10:30:00,367.913
2025-12-05 10:45:00,326.473
2025-12-05 11:00:00,313.18
2025-12-05 11:15:00,324.96
2025-12-05 11:30:00,310.521
2025-12-05 11:45:00,301.89
2025-12-05 12:00:00,289.995
2025-12-05 12:15:00,281.03
2025-12-05 12:30:00,264.193
2025-12-05 12:45:00,244.967
2025-12-05 13:00:00,228.253
2025-12-05 13:15:00,241.673
2025-12-05 13:30:00,241.395
2025-12-05 13:45:00,230.932
2025-12-05 14:00:00,213.913
2025-12-05 14:15:00,210.413
2025-12-05 14:30:00,204.175
2025-12-05 14:45:00,205.22
2025-12-05 15:00:00,202.79
2025-12-05 15:15:00,192.195
2025-12-05 15:30:00,194.99
2025-12-05 15:45:00,214.607
2025-12-05 16:00:00,220.973
2025-12-05 16:15:00,217.212
2025-12-05 16:30:00,239.848
2025-12-05 16:45:00,231.008
2025-12-05 17:00:00,241.783
2025-12-05 17:15:00,239.35
2025-12-05 17:30:00,225.678
2025-12-05 17:45:00,232.445
2025-12-05 18:00:00,225.602
2025-12-05 18:15:00,215.792
2025-12-05 18:30:00,207.249
2025-12-05 18:45:00,199.545
2025-12-05 19:00:00,196.435
2025-12-05 19:15:00,194.24
2025-12-05 19:30:00,185.678
2025-12-05 19:45:00,184.535
2025-12-05 20:00:00,179.648
2025-12-05 20:15:00,176.482
2025-12-05 20:30:00,178.818
2025-12-05 20:45:00,183.02
2025-12-05 21:00:00,180.605
2025-12-05 21:15:00,175.872
2025-12-05 21:30:00,173.613
2025-12-05 21:45:00,178.65
2025-12-05 22:00:00,172.988
2025-12-05 22:15:00,171.258
2025-12-05 22:30:00,163.505
2025-12-05 22:45:00,156.8
2025-12-05 23:00:00,150.852
2025-12-05 23:15:00,143.725
2025-12-05 23:30:00,144.995
2025-12-05 23:45:00,160.208
2025-12-06 00:00:00,156.027
2025-12-06 00:15:00,150.693
2025-12-06 00:30:00,154.107
2025-12-06 00:45:00,150.792
2025-12-06 01:00:00,148.307
2025-12-06 01:15:00,141.553
2025-12-06 01:30:00,137.35
2025-12-06 01:45:00,137.477
2025-12-06 02:00:00,131.59
2025-12-06 02:15:00,130.82
2025-12-06 02:30:00,125.348
2025-12-06 02:45:00,122.058
2025-12-06 03:00:00,116.815
2025-12-06 03:15:00,110.57
2025-12-06 03:30:00,115.45
2025-12-06 03:45:00,118.103
2025-12-06 04:00:00,115.065
2025-12-06 04:15:00,116.253
2025-12-06 04:30:00,119.927
2025-12-06 04:45:00,124.058
2025-12-06 05:00:00,128.67
2025-12-06 05:15:00,137.947
2025-12-06 05:30:00,138.975
2025-12-06 05:45:00,144.482
2025-12-06 06:00:00,151.555
2025-12-06 06:15:00,156.398
2025-12-06 06:30:00,158.69
2025-12-06 06:45:00,162.432
2025-12-06 07:00:00,169.758
2025-12-06 07:15:00,177.982
2025-12-06 07:30:00,185.663
2025-12-06 07:45:00,187.375
2025-12-06 08:00:00,184.742
2025-12-06 08:15:00,176.238
2025-12-06 08:30:00,173.905
2025-12-06 08:45:00,206.803
2025-12-06 09:00:00,211.27
2025-12-06 09:15:00,195.44
2025-12-06 09:30:00,209.255
2025-12-06 09:45:00,201.01
2025-12-06 10:00:00,193.503
2025-12-06 10:15:00,191.745
2025-12-06 10:30:00,180.637
2025-12-06 10:45:00,176.66
2025-12-06 11:00:00,164.265
2025-12-06 11:15:00,158.44
2025-12-06 11:30:00,147.008
2025-12-06 11:45:00,131.505
2025-12-06 12:00:00,132.503
2025-12-06 12:15:00,129.247
2025-12-06 12:30:00,130.835
2025-12-06 12:45:00,121.46
2025-12-06 13:00:00,117.365
2025-12-06 13:15:00,117.95
2025-12-06 13:30:00,108.55
2025-12-06 13:45:00,107.808
2025-12-06 14:00:00,109.887
2025-12-06 14:15:00,100.475
2025-12-06 14:30:00,94.563
2025-12-06 14:45:00,86.777
2025-12-06 15:00:00,80.765
2025-12-06 15:15:00,81.99
2025-12-06 15:30:00,80.887
2025-12-06 15:45:00,79.537
2025-12-06 16:00:00,75.08
2025-12-06 16:15:00,79.603
2025-12-06 16:30:00,78.08
2025-12-06 16:45:00,79.092
2025-12-06 17:00:00,81.245
2025-12-06 17:15:00,85.17
2025-12-06 17:30:00,87.67
2025-12-06 17:45:00,90.738
2025-12-06 18:00:00,105.268
2025-12-06 18:15:00,125.897
2025-12-06 18:30:00,152.83
2025-12-06 18:45:00,167.928
2025-12-06 19:00:00,188.992
2025-12-06 19:15:00,216.492
2025-12-06 19:30:00,239.178
2025-12-06 19:45:00,265.7
2025-12-06 20:00:00,277.758
2025-12-06 20:15:00,286.46
2025-12-06 20:30:00,294.355
2025-12-06 20:45:00,302.372
2025-12-06 21:00:00,296.103
2025-12-06 21:15:00,293.93
2025-12-06 21:30:00,288.828
2025-12-06 21:45:00,291.182
2025-12-06 22:00:00,283.883
2025-12-06 22:15:00,266.82
2025-12-06 22:30:00,251.458
2025-12-06 22:45:00,236.447
2025-12-06 23:00:00,218.16
2025-12-06 23:15:00,199.318
2025-12-06 23:30:00,201.115
2025-12-06 23:45:00,192.917
2025-12-07 00:00:00,178.508
2025-12-07 00:15:00,171.133
2025-12-07 00:30:00,166.08
2025-12-07 00:45:00,164.135
2025-12-07 01:00:00,158.59
2025-12-07 01:15:00,172.758
2025-12-07 01:30:00,168.815
2025-12-07 01:45:00,175.878
2025-12-07 02:00:00,185.417
2025-12-07 02:15:00,190.65
2025-12-07 02:30:00,190.553
2025-12-07 02:45:00,177.34
2025-12-07 03:00:00,167.352
2025-12-07 03:15:00,157.492
2025-12-07 03:30:00,150.997
2025-12-07 03:45:00,145.997
2025-12-07 04:00:00,136.693
2025-12-07 04:15:00,128.902
2025-12-07 04:30:00,126.305
2025-12-07 04:45:00,131.313
2025-12-07 05:00:00,131.923
2025-12-07 05:15:00,132.602
2025-12-07 05:30:00,134.197
2025-12-07 05:45:00,126.067
2025-12-07 06:00:00,114.128
2025-12-07 06:15:00,114.302
2025-12-07 06:30:00,120.69
2025-12-07 06:45:00,109.3
2025-12-07 07:00:00,112.26
2025-12-07 07:15:00,119.192
2025-12-07 07:30:00,119.4
2025-12-07 07:45:00,113.615
2025-12-07 08:00:00,111.67
2025-12-07 08:15:00,108.615
2025-12-07 08:30:00,103.018
2025-12-07 08:45:00,118.393
2025-12-07 09:00:00,118.863
2025-12-07 09:15:00,109.198
2025-12-07 09:30:00,114.205
2025-12-07 09:45:00,111.813
2025-12-07 10:00:00,112.495
2025-12-07 10:15:00,101.355
2025-12-07 10:30:00,97.618
2025-12-07 10:45:00,101.152
2025-12-07 11:00:00,97.063
2025-12-07 11:15:00,93.595
2025-12-07 11:30:00,91.625
2025-12-07 11:45:00,97.24
2025-12-07 12:00:00,99.915
2025-12-07 12:15:00,97.507
2025-12-07 12:30:00,97.095
2025-12-07 12:45:00,100.145
2025-12-07 13:00:00,99.207
2025-12-07 13:15:00,102.628
2025-12-07 13:30:00,100.415
2025-12-07 13:45:00,103.772
2025-12-07 14:00:00,109.025
2025-12-07 14:15:00,112.473
2025-12-07 14:30:00,117.933
2025-12-07 14:45:00,136.49
2025-12-07 15:00:00,146.443
2025-12-07 15:15:00,157.673
2025-12-07 15:30:00,178.678
2025-12-07 15:45:00,194.405
2025-12-07 16:00:00,202.3
2025-12-07 16:15:00,217.48
2025-12-07 16:30:00,241.258
2025-12-07 16:45:00,265.02
2025-12-07 17:00:00,293.422
2025-12-07 17:15:00,322.677
2025-12-07 17:30:00,347.94
2025-12-07 17:45:00,384.652
2025-12-07 18:00:00,431.413
2025-12-07 18:15:00,476.485
2025-12-07 18:30:00,509.51
2025-12-07 18:45:00,551.023
2025-12-07 19:00:00,602.742
2025-12-07 19:15:00,631.412
2025-12-07 19:30:00,649.6
2025-12-07 19:45:00,690.725
2025-12-07 20:00:00,737.278
2025-12-07 20:15:00,793.115
2025-12-07 20:30:00,814.845
2025-12-07 20:45:00,840.375
2025-12-07 21:00:00,851.5
2025-12-07 21:15:00,871.617
2025-12-07 21:30:00,889.843
2025-12-07 21:45:00,912.718
2025-12-07 22:00:00,953.143
2025-12-07 22:15:00,957.445
2025-12-07 22:30:00,908.402
2025-12-07 22:45:00,949.734
2025-12-07 23:00:00,859.411
2025-12-07 23:15:00,1020.53
2025-12-07 23:30:00,1088.127
2025-12-07 23:45:00,1108.34
2025-12-08 00:00:00,1100.39
2025-12-08 00:15:00,1093.505
2025-12-08 00:30:00,1138.465
2025-12-08 00:45:00,1211.853
2025-12-08 01:00:00,1249.348
2025-12-08 01:15:00,1259.568
2025-12-08 01:30:00,1258.135
2025-12-08 01:45:00,1257.517
2025-12-08 02:00:00,1251.022
2025-12-08 02:15:00,1260.785
2025-12-08 02:30:00,1256.41
2025-12-08 02:45:00,1248.035
2025-12-08 03:00:00,1255.137
2025-12-08 03:15:00,1206.269
2025-12-08 03:30:00,1159.681
2025-12-08 03:45:00,1103.864
2025-12-08 04:00:00,1123.262
2025-12-08 04:15:00,1109.59
2025-12-08 04:30:00,1066.98
2025-12-08 04:45:00,1016.362
2025-12-08 05:00:00,993.075
2025-12-08 05:15:00,1010.268
2025-12-08 05:30:00,988.875
2025-12-08 05:45:00,984.8
2025-12-08 06:00:00,978.095
2025-12-08 06:15:00,973.963
2025-12-08 06:30:00,963.258
2025-12-08 06:45:00,962.282
2025-12-08 07:00:00,969.78
2025-12-08 07:15:00,980.035
2025-12-08 07:30:00,970.045
2025-12-08 07:45:00,943.463
2025-12-08 08:00:00,906.94
2025-12-08 08:15:00,890.255
2025-12-08 08:30:00,890.295
2025-12-08 08:45:00,864.958
2025-12-08 09:00:00,829.328
2025-12-08 09:15:00,826.422
2025-12-08 09:30:00,793.225
2025-12-08 09:45:00,759.375
2025-12-08 10:00:00,726.862
2025-12-08 10:15:00,694.838
2025-12-08 10:30:00,651.102
2025-12-08 10:45:00,616.992
2025-12-08 11:00:00,579.528
2025-12-08 11:15:00,539.593
2025-12-08 11:30:00,503.332
2025-12-08 11:45:00,486.207
2025-12-08 12:00:00,455.265
2025-12-08 12:15:00,431.647
2025-12-08 12:30:00,403.848
2025-12-08 12:45:00,390.155
2025-12-08 13:00:00,373.283
2025-12-08 13:15:00,365.552
2025-12-08 13:30:00,344.957
2025-12-08 13:45:00,317.095
2025-12-08 14:00:00,295.217
2025-12-08 14:15:00,292.154
2025-12-08 14:30:00,296.268
2025-12-08 14:45:00,295.728
2025-12-08 15:00:00,317.517
2025-12-08 15:15:00,323.235
2025-12-08 15:30:00,320.515
2025-12-08 15:45:00,329.42
2025-12-08 16:00:00,345.073
2025-12-08 16:15:00,363.03
2025-12-08 16:30:00,376.973
2025-12-08 16:45:00,399.06
2025-12-08 17:00:00,415.642
2025-12-08 17:15:00,447.547
2025-12-08 17:30:00,474.052
2025-12-08 17:45:00,514.825
2025-12-08 18:00:00,548.023
2025-12-08 18:15:00,596.635
2025-12-08 18:30:00,643.768
2025-12-08 18:45:00,715.282
2025-12-08 19:00:00,769.083
2025-12-08 19:15:00,819.475
2025-12-08 19:30:00,845.528
2025-12-08 19:45:00,879.035
2025-12-08 20:00:00,896.977
2025-12-08 20:15:00,909.893
2025-12-08 20:30:00,911.92
2025-12-08 20:45:00,901.811
2025-12-08 21:00:00,905.686
2025-12-08 21:15:00,893.763
2025-12-08 21:30:00,886.245
2025-12-08 21:45:00,860.25
2025-12-08 22:00:00,826.421
2025-12-08 22:15:00,791.596
2025-12-08 22:30:00,765.997
2025-12-08 22:45:00,733.898
2025-12-08 23:00:00,697.89
2025-12-08 23:15:00,668.938
2025-12-08 23:30:00,642.093
2025-12-08 23:45:00,615.438
2025-12-09 00:00:00,562.969
2025-12-09 00:15:00,556.615
2025-12-09 00:30:00,567.355
2025-12-09 00:45:00,562.195
2025-12-09 01:00:00,556.319
2025-12-09 01:15:00,556.29
2025-12-09 01:30:00,553.388
2025-12-09 01:45:00,551.297
2025-12-09 02:00:00,537.758
2025-12-09 02:15:00,525.27
2025-12-09 02:30:00,503.8
2025-12-09 02:45:00,488.207
2025-12-09 03:00:00,470.75
2025-12-09 03:15:00,452.063
2025-12-09 03:30:00,440.685
2025-12-09 03:45:00,425.112
2025-12-09 04:00:00,401.88
2025-12-09 04:15:00,388.46
2025-12-09 04:30:00,382.265
2025-12-09 04:45:00,375.855
2025-12-09 05:00:00,355.78
2025-12-09 05:15:00,340.163
2025-12-09 05:30:00,309.165
2025-12-09 05:45:00,276.003
2025-12-09 06:00:00,245.533
2025-12-09 06:15:00,213.688
2025-12-09 06:30:00,198.038
2025-12-09 06:45:00,189.063
2025-12-09 07:00:00,176.67
2025-12-09 07:15:00,171.515
2025-12-09 07:30:00,181.872
2025-12-09 07:45:00,178.825
2025-12-09 08:00:00,171.93
2025-12-09 08:15:00,166.548
2025-12-09 08:30:00,153.807
2025-12-09 08:45:00,138.137
2025-12-09 09:00:00,125.65
2025-12-09 09:15:00,113.378
2025-12-09 09:30:00,103.253
2025-12-09 09:45:00,86.17
2025-12-09 10:00:00,76.473
2025-12-09 10:15:00,62.362
2025-12-09 10:30:00,56.145
2025-12-09 10:45:00,50.208
2025-12-09 11:00:00,46.93
2025-12-09 11:15:00,44.515
2025-12-09 11:30:00,40.94
2025-12-09 11:45:00,40.158
2025-12-09 12:00:00,42.2
2025-12-09 12:15:00,44.998
2025-12-09 12:30:00,44.585
2025-12-09 12:45:00,48.963
2025-12-09 13:00:00,52.487
2025-12-09 13:15:00,46.862
2025-12-09 13:30:00,48.89
2025-12-09 13:45:00,45.81
2025-12-09 14:00:00,44.815
2025-12-09 14:15:00,45.945
2025-12-09 14:30:00,49.232
2025-12-09 14:45:00,48.345
2025-12-09 15:00:00,49.685
2025-12-09 15:15:00,51.673
2025-12-09 15:30:00,53.853
2025-12-09 15:45:00,56.06
2025-12-09 16:00:00,59.007
2025-12-09 16:15:00,64.445
2025-12-09 16:30:00,67.565
2025-12-09 16:45:00,72.033
2025-12-09 17:00:00,72.387
2025-12-09 17:15:00,74.198
2025-12-09 17:30:00,82.865
2025-12-09 17:45:00,94.66
2025-12-09 18:00:00,104.445
2025-12-09 18:15:00,119.433
2025-12-09 18:30:00,135.525
2025-12-09 18:45:00,159.348
2025-12-09 19:00:00,174.585
2025-12-09 19:15:00,185.577
2025-12-09 19:30:00,200.25
2025-12-09 19:45:00,211.87
2025-12-09 20:00:00,221.667
2025-12-09 20:15:00,237.025
2025-12-09 20:30:00,242.288
2025-12-09 20:45:00,252.085
2025-12-09 21:00:00,250.365
2025-12-09 21:15:00,251.318
2025-12-09 21:30:00,251.852
2025-12-09 21:45:00,253.235
2025-12-09 22:00:00,255.585
2025-12-09 22:15:00,251.087
2025-12-09 22:30:00,244.997
2025-12-09 22:45:00,236.095
2025-12-09 23:00:00,231.708
2025-12-09 23:15:00,222.9
2025-12-09 23:30:00,208.525
2025-12-09 23:45:00,201.735
2025-12-10 00:00:00,192.98
2025-12-10 00:15:00,182.402
2025-12-10 00:30:00,188.01
2025-12-10 00:45:00,190.492
2025-12-10 01:00:00,188.848
2025-12-10 01:15:00,187.167
2025-12-10 01:30:00,188.723
2025-12-10 01:45:00,183.48
2025-12-10 02:00:00,178.622
2025-12-10 02:15:00,165.0
2025-12-10 02:30:00,158.438
2025-12-10 02:45:00,157.042
2025-12-10 03:00:00,160.535
2025-12-10 03:15:00,158.435
2025-12-10 03:30:00,155.947
2025-12-10 03:45:00,155.428
2025-12-10 04:00:00,160.977
2025-12-10 04:15:00,163.85
2025-12-10 04:30:00,162.393
2025-12-10 04:45:00,165.792
2025-12-10 05:00:00,177.23
2025-12-10 05:15:00,180.1
2025-12-10 05:30:00,187.905
2025-12-10 05:45:00,190.667
2025-12-10 06:00:00,189.815
2025-12-10 06:15:00,189.688
2025-12-10 06:30:00,198.758
2025-12-10 06:45:00,205.107
2025-12-10 07:00:00,220.223
2025-12-10 07:15:00,232.477
2025-12-10 07:30:00,243.395
2025-12-10 07:45:00,250.85
2025-12-10 08:00:00,257.93
2025-12-10 08:15:00,272.883
2025-12-10 08:30:00,268.455
2025-12-10 08:45:00,259.693
2025-12-10 09:00:00,256.19
2025-12-10 09:15:00,252.057
2025-12-10 09:30:00,241.788
2025-12-10 09:45:00,243.8
2025-12-10 10:00:00,241.5
2025-12-10 10:15:00,239.352
2025-12-10 10:30:00,234.307
2025-12-10 10:45:00,230.41
2025-12-10 11:00:00,233.527
2025-12-10 11:15:00,231.4
2025-12-10 11:30:00,231.315
2025-12-10 11:45:00,231.36
2025-12-10 12:00:00,218.617
2025-12-10 12:15:00,207.555
2025-12-10 12:30:00,205.038
2025-12-10 12:45:00,214.303
2025-12-10 13:00:00,216.27
2025-12-10 13:15:00,216.648
2025-12-10 13:30:00,207.34
2025-12-10 13:45:00,209.79
2025-12-10 14:00:00,208.688
2025-12-10 14:15:00,207.915
2025-12-10 14:30:00,207.28
2025-12-10 14:45:00,211.75
2025-12-10 15:00:00,210.005
2025-12-10 15:15:00,217.303
2025-12-10 15:30:00,207.14
2025-12-10 15:45:00,202.98
2025-12-10 16:00:00,195.105
2025-12-10 16:15:00,193.755
2025-12-10 16:30:00,184.425
2025-12-10 16:45:00,191.78
2025-12-10 17:00:00,193.482
2025-12-10 17:15:00,205.352
2025-12-10 17:30:00,203.367
2025-12-10 17:45:00,193.568
2025-12-10 18:00:00,203.092
2025-12-10 18:15:00,210.553
2025-12-10 18:30:00,225.482
2025-12-10 18:45:00,237.55
2025-12-10 19:00:00,249.083
2025-12-10 19:15:00,251.617
2025-12-10 19:30:00,240.982
2025-12-10 19:45:00,229.355
2025-12-10 20:00:00,200.745
2025-12-10 20:15:00,184.016
2025-12-10 20:30:00,182.205
2025-12-10 20:45:00,176.98
2025-12-10 21:00:00,180.71
2025-12-10 21:15:00,185.28
2025-12-10 21:30:00,179.08
2025-12-10 21:45:00,168.512
2025-12-10 22:00:00,163.732
2025-12-10 22:15:00,157.08
2025-12-10 22:30:00,142.83
2025-12-10 22:45:00,128.008
2025-12-10 23:00:00,123.175
2025-12-10 23:15:00,117.11
2025-12-10 23:30:00,111.433
2025-12-10 23:45:00,105.36
2025-12-11 00:00:00,95.915
2025-12-11 00:15:00,94.887
2025-12-11 00:30:00,94.84
2025-12-11 00:45:00,92.378
2025-12-11 01:00:00,92.095
2025-12-11 01:15:00,91.54
2025-12-11 01:30:00,89.465
2025-12-11 01:45:00,85.243
2025-12-11 02:00:00,77.548
2025-12-11 02:15:00,76.215
2025-12-11 02:30:00,75.905
2025-12-11 02:45:00,77.53
2025-12-11 03:00:00,78.86
2025-12-11 03:15:00,77.957
2025-12-11 03:30:00,73.868
2025-12-11 03:45:00,72.293
2025-12-11 04:00:00,70.757
2025-12-11 04:15:00,70.738
2025-12-11 04:30:00,66.887
2025-12-11 04:45:00,66.39
2025-12-11 05:00:00,71.448
2025-12-11 05:15:00,67.948
2025-12-11 05:30:00,67.345
2025-12-11 05:45:00,65.615
2025-12-11 06:00:00,69.188
2025-12-11 06:15:00,70.558
2025-12-11 06:30:00,71.293
2025-12-11 06:45:00,73.302
2025-12-11 07:00:00,68.075
2025-12-11 07:15:00,64.93
2025-12-11 07:30:00,60.662
2025-12-11 07:45:00,58.283
2025-12-11 08:00:00,57.438
2025-12-11 08:15:00,55.838
2025-12-11 08:30:00,56.393
2025-12-11 08:45:00,56.135
2025-12-11 09:00:00,60.63
2025-12-11 09:15:00,57.825
2025-12-11 09:30:00,57.865
2025-12-11 09:45:00,54.893
2025-12-11 10:00:00,56.188
2025-12-11 10:15:00,55.44
2025-12-11 10:30:00,54.88
2025-12-11 10:45:00,56.6
2025-12-11 11:00:00,55.07
2025-12-11 11:15:00,58.83
2025-12-11 11:30:00,55.34
2025-12-11 11:45:00,51.865
2025-12-11 12:00:00,49.645
2025-12-11 12:15:00,48.865
2025-12-11 12:30:00,47.8
2025-12-11 12:45:00,49.748
2025-12-11 13:00:00,50.935
2025-12-11 13:15:00,54.162
2025-12-11 13:30:00,55.213
2025-12-11 13:45:00,58.533
2025-12-11 14:00:00,58.95
2025-12-11 14:15:00,64.863
2025-12-11 14:30:00,69.495
2025-12-11 14:45:00,73.885
2025-12-11 15:00:00,76.603
2025-12-11 15:15:00,79.897
2025-12-11 15:30:00,88.28
2025-12-11 15:45:00,90.0
2025-12-11 16:00:00,98.76
2025-12-11 16:15:00,107.662
2025-12-11 16:30:00,117.19
2025-12-11 16:45:00,128.305
2025-12-11 17:00:00,135.045
2025-12-11 17:15:00,159.643
2025-12-11 17:30:00,173.633
2025-12-11 17:45:00,191.523
2025-12-11 18:00:00,217.305
2025-12-11 18:15:00,244.19
2025-12-11 18:30:00,279.39
2025-12-11 18:45:00,316.823
2025-12-11 19:00:00,350.027
2025-12-11 19:15:00,389.272
2025-12-11 19:30:00,417.34
2025-12-11 19:45:00,449.837
2025-12-11 20:00:00,460.337
2025-12-11 20:15:00,472.008
2025-12-11 20:30:00,496.645
2025-12-11 20:45:00,516.4
2025-12-11 21:00:00,530.145
2025-12-11 21:15:00,543.61
2025-12-11 21:30:00,549.015
2025-12-11 21:45:00,553.64
2025-12-11 22:00:00,563.143
2025-12-11 22:15:00,564.78
2025-12-11 22:30:00,572.378
2025-12-11 22:45:00,574.768
2025-12-11 23:00:00,578.69
2025-12-11 23:15:00,595.698
2025-12-11 23:30:00,593.695
2025-12-11 23:45:00,614.155
2025-12-12 00:00:00,607.391
2025-12-12 00:15:00,616.388
2025-12-12 00:30:00,612.852
2025-12-12 00:45:00,609.62
2025-12-12 01:00:00,614.685
2025-12-12 01:15:00,611.425
2025-12-12 01:30:00,615.26
2025-12-12 01:45:00,615.977
2025-12-12 02:00:00,610.59
2025-12-12 02:15:00,609.343
2025-12-12 02:30:00,604.24
2025-12-12 02:45:00,599.92
2025-12-12 03:00:00,587.412
2025-12-12 03:15:00,589.035
2025-12-12 03:30:00,596.213
2025-12-12 03:45:00,576.75
2025-12-12 04:00:00,587.713
2025-12-12 04:15:00,598.568
2025-12-12 04:30:00,591.422
2025-12-12 04:45:00,605.31
2025-12-12 05:00:00,632.047
2025-12-12 05:15:00,647.883
2025-12-12 05:30:00,654.458
2025-12-12 05:45:00,642.96
2025-12-12 06:00:00,653.51
2025-12-12 06:15:00,692.013
2025-12-12 06:30:00,689.568
2025-12-12 06:45:00,688.278
2025-12-12 07:00:00,687.727
2025-12-12 07:15:00,706.54
2025-12-12 07:30:00,719.068
2025-12-12 07:45:00,728.018
2025-12-12 08:00:00,727.117
2025-12-12 08:15:00,722.593
2025-12-12 08:30:00,710.468
2025-12-12 08:45:00,731.565
2025-12-12 09:00:00,757.805
2025-12-12 09:15:00,749.193
2025-12-12 09:30:00,769.052
2025-12-12 09:45:00,754.372
2025-12-12 10:00:00,757.22
2025-12-12 10:15:00,734.435
2025-12-12 10:30:00,731.585
2025-12-12 10:45:00,744.968
2025-12-12 11:00:00,726.188
2025-12-12 11:15:00,708.86
2025-12-12 11:30:00,717.94
2025-12-12 11:45:00,706.85
2025-12-12 12:00:00,705.537
2025-12-12 12:15:00,688.417
2025-12-12 12:30:00,673.088
2025-12-12 12:45:00,680.273
2025-12-12 13:00:00,642.607
2025-12-12 13:15:00,628.552
2025-12-12 13:30:00,634.675
2025-12-12 13:45:00,639.04
2025-12-12 14:00:00,643.07
2025-12-12 14:15:00,647.573
2025-12-12 14:30:00,654.49
2025-12-12 14:45:00,653.188
2025-12-12 15:00:00,625.185
2025-12-12 15:15:00,639.895
2025-12-12 15:30:00,652.302
2025-12-12 15:45:00,671.105
2025-12-12 16:00:00,708.25
2025-12-12 16:15:00,719.162
2025-12-12 16:30:00,729.465
2025-12-12 16:45:00,744.568
2025-12-12 17:00:00,750.37
2025-12-12 17:15:00,748.302
2025-12-12 17:30:00,752.325
2025-12-12 17:45:00,774.455
2025-12-12 18:00:00,801.625
2025-12-12 18:15:00,820.695
2025-12-12 18:30:00,826.487
2025-12-12 18:45:00,840.99
2025-12-12 19:00:00,873.922
2025-12-12 19:15:00,893.867
2025-12-12 19:30:00,919.953
2025-12-12 19:45:00,937.325
2025-12-12 20:00:00,952.17
2025-12-12 20:15:00,948.667
2025-12-12 20:30:00,958.177
2025-12-12 20:45:00,971.417
2025-12-12 21:00:00,974.64
2025-12-12 21:15:00,994.44
2025-12-12 21:30:00,1004.638
2025-12-12 21:45:00,1018.338
2025-12-12 22:00:00,1050.672
2025-12-12 22:15:00,1084.057
2025-12-12 22:30:00,1123.06
2025-12-12 22:45:00,1136.365
2025-12-12 23:00:00,1142.708
2025-12-12 23:15:00,1170.945
2025-12-12 23:30:00,1202.422
2025-12-12 23:45:00,1208.123
2025-12-13 00:00:00,1270.63
2025-12-13 00:15:00,1288.905
2025-12-13 00:30:00,1306.14
2025-12-13 00:45:00,1321.882
2025-12-13 01:00:00,1372.405
2025-12-13 01:15:00,1387.536
2025-12-13 01:30:00,1462.068
2025-12-13 01:45:00,1511.557
2025-12-13 02:00:00,1564.858
2025-12-13 02:15:00,1625.975
2025-12-13 02:30:00,1618.059
2025-12-13 02:45:00,1624.979
2025-12-13 03:00:00,1581.434
2025-12-13 03:15:00,1574.861
2025-12-13 03:30:00,1605.398
2025-12-13 03:45:00,1666.017
2025-12-13 04:00:00,1693.682
2025-12-13 04:15:00,1739.051
2025-12-13 04:30:00,1732.964
2025-12-13 04:45:00,1754.488
2025-12-13 05:00:00,1803.079
2025-12-13 05:15:00,1780.454
2025-12-13 05:30:00,1843.888
2025-12-13 05:45:00,1832.224
2025-12-13 06:00:00,1788.601
2025-12-13 06:15:00,1662.15
2025-12-13 06:30:00,1480.486
2025-12-13 06:45:00,1499.229
2025-12-13 07:00:00,1423.233
2025-12-13 07:15:00,1239.837
2025-12-13 07:30:00,1333.053
2025-12-13 07:45:00,1385.379
2025-12-13 08:00:00,1601.468
2025-12-13 08:15:00,1776.299
2025-12-13 08:30:00,1772.633
2025-12-13 08:45:00,1745.322
2025-12-13 09:00:00,1725.227
2025-12-13 09:15:00,1699.836
2025-12-13 09:30:00,1687.674
2025-12-13 09:45:00,1657.214
2025-12-13 10:00:00,1658.65
2025-12-13 10:15:00,1612.236
2025-12-13 10:30:00,1593.027
2025-12-13 10:45:00,1553.406
2025-12-13 11:00:00,1443.552
2025-12-13 11:15:00,1408.443
2025-12-13 11:30:00,1343.729
2025-12-13 11:45:00,1358.104
2025-12-13 12:00:00,1418.999
2025-12-13 12:15:00,1219.422
2025-12-13 12:30:00,1159.058
2025-12-13 12:45:00,1020.548
2025-12-13 13:00:00,874.627
2025-12-13 13:15:00,811.968
2025-12-13 13:30:00,805.346
2025-12-13 13:45:00,774.589
2025-12-13 14:00:00,847.537
2025-12-13 14:15:00,891.57
2025-12-13 14:30:00,761.095
2025-12-13 14:45:00,809.042
2025-12-13 15:00:00,788.188
2025-12-13 15:15:00,630.855
2025-12-13 15:30:00,673.28
2025-12-13 15:45:00,870.828
2025-12-13 16:00:00,875.364
2025-12-13 16:15:00,938.989
2025-12-13 16:30:00,937.125
2025-12-13 16:45:00,946.375
2025-12-13 17:00:00,983.17
2025-12-13 17:15:00,980.195
2025-12-13 17:30:00,1027.738
2025-12-13 17:45:00,1020.078
2025-12-13 18:00:00,995.966
2025-12-13 18:15:00,958.886
2025-12-13 18:30:00,992.471
2025-12-13 18:45:00,930.612
2025-12-13 19:00:00,913.464
2025-12-13 19:15:00,937.926
2025-12-13 19:30:00,1078.985
2025-12-13 19:45:00,1089.782
2025-12-13 20:00:00,1080.912
2025-12-13 20:15:00,1060.598
2025-12-13 20:30:00,1060.05
2025-12-13 20:45:00,1077.225
2025-12-13 21:00:00,1077.29
2025-12-13 21:15:00,1063.715
2025-12-13 21:30:00,1057.748
2025-12-13 21:45:00,1054.672
2025-12-13 22:00:00,1046.537
2025-12-13 22:15:00,1047.285
2025-12-13 22:30:00,1064.193
2025-12-13 22:45:00,1073.41
2025-12-13 23:00:00,1043.806
2025-12-13 23:15:00,993.487
2025-12-13 23:30:00,911.65
2025-12-13 23:45:00,929.964
2025-12-14 00:00:00,1083.19
2025-12-14 00:15:00,1090.495
2025-12-14 00:30:00,1080.45
2025-12-14 00:45:00,1075.613
2025-12-14 01:00:00,1047.016
2025-12-14 01:15:00,969.487
2025-12-14 01:30:00,900.265
2025-12-14 01:45:00,844.605
2025-12-14 02:00:00,822.523
2025-12-14 02:15:00,877.579
2025-12-14 02:30:00,889.079
2025-12-14 02:45:00,1049.252
2025-12-14 03:00:00,1006.667
2025-12-14 03:15:00,982.958
2025-12-14 03:30:00,978.047
2025-12-14 03:45:00,971.878
2025-12-14 04:00:00,991.87
2025-12-14 04:15:00,990.285
2025-12-14 04:30:00,1000.605
2025-12-14 04:45:00,994.255
2025-12-14 05:00:00,1000.15
2025-12-14 05:15:00,1002.927
2025-12-14 05:30:00,1020.847
2025-12-14 05:45:00,1006.918
2025-12-14 06:00:00,998.955
2025-12-14 06:15:00,988.297
2025-12-14 06:30:00,670.608
2025-12-14 06:45:00,713.984
2025-12-14 07:00:00,792.146
2025-12-14 07:15:00,908.935
2025-12-14 07:30:00,911.018
2025-12-14 07:45:00,824.09
2025-12-14 08:00:00,765.217
2025-12-14 08:15:00,777.081
2025-12-14 08:30:00,777.677
2025-12-14 08:45:00,759.228
2025-12-14 09:00:00,738.268
2025-12-14 09:15:00,663.831
2025-12-14 09:30:00,567.966
2025-12-14 09:45:00,532.627
2025-12-14 10:00:00,437.865
2025-12-14 10:15:00,394.617
2025-12-14 10:30:00,423.837
2025-12-14 10:45:00,488.287
2025-12-14 11:00:00,474.175
2025-12-14 11:15:00,425.488
2025-12-14 11:30:00,394.275
2025-12-14 11:45:00,323.472
2025-12-14 12:00:00,347.28
2025-12-14 12:15:00,356.889
2025-12-14 12:30:00,341.372
2025-12-14 12:45:00,307.061
2025-12-14 13:00:00,282.51
2025-12-14 13:15:00,268.325
2025-12-14 13:30:00,270.446
2025-12-14 13:45:00,246.687
2025-12-14 14:00:00,214.805
2025-12-14 14:15:00,216.71
2025-12-14 14:30:00,234.032
2025-12-14 14:45:00,230.252
2025-12-14 15:00:00,219.314
2025-12-14 15:15:00,220.99
2025-12-14 15:30:00,221.988
2025-12-14 15:45:00,219.462
2025-12-14 16:00:00,222.473
2025-12-14 16:15:00,218.075
2025-12-14 16:30:00,227.24
2025-12-14 16:45:00,229.997
2025-12-14 17:00:00,234.268
2025-12-14 17:15:00,235.827
2025-12-14 17:30:00,239.73
2025-12-14 17:45:00,251.098
2025-12-14 18:00:00,264.073
2025-12-14 18:15:00,289.38
2025-12-14 18:30:00,321.573
2025-12-14 18:45:00,344.892
2025-12-14 19:00:00,378.2
2025-12-14 19:15:00,403.897
2025-12-14 19:30:00,419.86
2025-12-14 19:45:00,445.44
2025-12-14 20:00:00,442.878
2025-12-14 20:15:00,446.457
2025-12-14 20:30:00,443.117
2025-12-14 20:45:00,438.867
2025-12-14 21:00:00,436.84
2025-12-14 21:15:00,427.31
2025-12-14 21:30:00,429.655
2025-12-14 21:45:00,438.525
2025-12-14 22:00:00,443.095
2025-12-14 22:15:00,435.19
2025-12-14 22:30:00,433.438
2025-12-14 22:45:00,440.965
2025-12-14 23:00:00,441.225
2025-12-14 23:15:00,434.655
2025-12-14 23:30:00,427.188
2025-12-14 23:45:00,420.9
2025-12-15 00:00:00,415.89
2025-12-15 00:15:00,410.573
2025-12-15 00:30:00,405.25
2025-12-15 00:45:00,404.405
2025-12-15 01:00:00,405.465
2025-12-15 01:15:00,391.95
2025-12-15 01:30:00,387.9
2025-12-15 01:45:00,387.405
2025-12-15 02:00:00,391.203
2025-12-15 02:15:00,406.772
2025-12-15 02:30:00,407.25
2025-12-15 02:45:00,407.628
2025-12-15 03:00:00,404.888
2025-12-15 03:15:00,405.995
2025-12-15 03:30:00,400.16
2025-12-15 03:45:00,389.862
2025-12-15 04:00:00,392.96
2025-12-15 04:15:00,390.883
2025-12-15 04:30:00,391.965
2025-12-15 04:45:00,382.103
2025-12-15 05:00:00,376.39
2025-12-15 05:15:00,378.307
2025-12-15 05:30:00,388.77
2025-12-15 05:45:00,399.55
2025-12-15 06:00:00,394.375
2025-12-15 06:15:00,402.688
2025-12-15 06:30:00,410.32
2025-12-15 06:45:00,415.14
2025-12-15 07:00:00,424.535
2025-12-15 07:15:00,433.835
2025-12-15 07:30:00,446.315
2025-12-15 07:45:00,450.207
2025-12-15 08:00:00,452.915
2025-12-15 08:15:00,454.08
2025-12-15 08:30:00,453.943
2025-12-15 08:45:00,460.635
2025-12-15 09:00:00,460.688
2025-12-15 09:15:00,461.978
2025-12-15 09:30:00,462.772
2025-12-15 09:45:00,440.483
2025-12-15 10:00:00,438.95
2025-12-15 10:15:00,420.353
2025-12-15 10:30:00,407.422
2025-12-15 10:45:00,400.815
2025-12-15 11:00:00,401.755
2025-12-15 11:15:00,396.18
2025-12-15 11:30:00,370.033
2025-12-15 11:45:00,350.97
2025-12-15 12:00:00,338.402
2025-12-15 12:15:00,312.168
2025-12-15 12:30:00,294.932
2025-12-15 12:45:00,294.483
2025-12-15 13:00:00,284.367
2025-12-15 13:15:00,279.08
2025-12-15 13:30:00,278.862
2025-12-15 13:45:00,262.915
2025-12-15 14:00:00,269.515
2025-12-15 14:15:00,268.582
2025-12-15 14:30:00,277.025
2025-12-15 14:45:00,282.168
2025-12-15 15:00:00,279.658
2025-12-15 15:15:00,286.332
2025-12-15 15:30:00,290.122
2025-12-15 15:45:00,297.74
2025-12-15 16:00:00,295.842
2025-12-15 16:15:00,287.01
2025-12-15 16:30:00,280.492
2025-12-15 16:45:00,291.168
2025-12-15 17:00:00,294.58
2025-12-15 17:15:00,296.358
2025-12-15 17:30:00,308.462
2025-12-15 17:45:00,333.645
2025-12-15 18:00:00,367.475
2025-12-15 18:15:00,399.378
2025-12-15 18:30:00,436.735
2025-12-15 18:45:00,475.342
2025-12-15 19:00:00,522.02
2025-12-15 19:15:00,544.47
2025-12-15 19:30:00,558.35
2025-12-15 19:45:00,564.463
2025-12-15 20:00:00,584.16
2025-12-15 20:15:00,596.763
2025-12-15 20:30:00,604.503
2025-12-15 20:45:00,612.605
2025-12-15 21:00:00,614.1
2025-12-15 21:15:00,616.042
2025-12-15 21:30:00,624.125
2025-12-15 21:45:00,639.4
2025-12-15 22:00:00,650.042
2025-12-15 22:15:00,647.67
2025-12-15 22:30:00,657.477
2025-12-15 22:45:00,652.225
2025-12-15 23:00:00,628.473
2025-12-15 23:15:00,614.008
2025-12-15 23:30:00,727.85
2025-12-15 23:45:00,751.025
2025-12-16 00:00:00,725.555
2025-12-16 00:15:00,730.29
2025-12-16 00:30:00,721.232
2025-12-16 00:45:00,668.657
2025-12-16 01:00:00,720.765
2025-12-16 01:15:00,757.79
2025-12-16 01:30:00,759.778
2025-12-16 01:45:00,748.21
2025-12-16 02:00:00,736.438
2025-12-16 02:15:00,735.01
2025-12-16 02:30:00,719.791
2025-12-16 02:45:00,691.515
2025-12-16 03:00:00,711.27
2025-12-16 03:15:00,728.237
2025-12-16 03:30:00,726.735
2025-12-16 03:45:00,701.96
2025-12-16 04:00:00,678.708
2025-12-16 04:15:00,680.585
2025-12-16 04:30:00,661.054
2025-12-16 04:45:00,665.098
2025-12-16 05:00:00,647.555
2025-12-16 05:15:00,645.83
2025-12-16 05:30:00,647.523
2025-12-16 05:45:00,624.643
2025-12-16 06:00:00,622.335
2025-12-16 06:15:00,621.18
2025-12-16 06:30:00,601.203
2025-12-16 06:45:00,581.302
2025-12-16 07:00:00,562.732
2025-12-16 07:15:00,536.935
2025-12-16 07:30:00,514.912
2025-12-16 07:45:00,481.68
2025-12-16 08:00:00,440.109
2025-12-16 08:15:00,420.858
2025-12-16 08:30:00,408.927
2025-12-16 08:45:00,399.918
2025-12-16 09:00:00,381.973
2025-12-16 09:15:00,362.203
2025-12-16 09:30:00,321.42
2025-12-16 09:45:00,305.585
2025-12-16 10:00:00,290.975
2025-12-16 10:15:00,275.565
2025-12-16 10:30:00,254.025
2025-12-16 10:45:00,241.715
2025-12-16 11:00:00,232.283
2025-12-16 11:15:00,214.938
2025-12-16 11:30:00,190.71
2025-12-16 11:45:00,167.242
2025-12-16 12:00:00,142.667
2025-12-16 12:15:00,126.357
2025-12-16 12:30:00,117.527
2025-12-16 12:45:00,103.935
2025-12-16 13:00:00,87.3
2025-12-16 13:15:00,76.99
2025-12-16 13:30:00,68.725
2025-12-16 13:45:00,66.433
2025-12-16 14:00:00,61.29
2025-12-16 14:15:00,57.528
2025-12-16 14:30:00,50.33
2025-12-16 14:45:00,44.548
2025-12-16 15:00:00,42.153
2025-12-16 15:15:00,42.833
2025-12-16 15:30:00,43.2
2025-12-16 15:45:00,42.405
2025-12-16 16:00:00,44.627
2025-12-16 16:15:00,42.32
2025-12-16 16:30:00,42.827
2025-12-16 16:45:00,45.278
2025-12-16 17:00:00,45.572
2025-12-16 17:15:00,45.033
2025-12-16 17:30:00,50.87
2025-12-16 17:45:00,58.265
2025-12-16 18:00:00,60.41
2025-12-16 18:15:00,64.89
2025-12-16 18:30:00,73.01
2025-12-16 18:45:00,80.518
2025-12-16 19:00:00,96.543
2025-12-16 19:15:00,106.44
2025-12-16 19:30:00,122.985
2025-12-16 19:45:00,136.102
2025-12-16 20:00:00,143.393
2025-12-16 20:15:00,155.45
2025-12-16 20:30:00,164.945
2025-12-16 20:45:00,180.29
2025-12-16 21:00:00,189.76
2025-12-16 21:15:00,193.475
2025-12-16 21:30:00,206.545
2025-12-16 21:45:00,216.69
2025-12-16 22:00:00,240.355
2025-12-16 22:15:00,248.37
2025-12-16 22:30:00,266.49
2025-12-16 22:45:00,280.495
2025-12-16 23:00:00,301.285
2025-12-16 23:15:00,319.418
2025-12-16 23:30:00,318.48
2025-12-16 23:45:00,325.8
2025-12-17 00:00:00,347.07
2025-12-17 00:15:00,366.955
2025-12-17 00:30:00,383.938
2025-12-17 00:45:00,294.102
2025-12-17 01:00:00,328.368
2025-12-17 01:15:00,450.535
2025-12-17 01:30:00,470.68
2025-12-17 01:45:00,491.022
2025-12-17 02:00:00,473.253
2025-12-17 02:15:00,506.335
2025-12-17 02:30:00,541.715
2025-12-17 02:45:00,523.094
2025-12-17 03:00:00,567.38
2025-12-17 03:15:00,565.067
2025-12-17 03:30:00,600.579
2025-12-17 03:45:00,609.6
2025-12-17 04:00:00,660.386
2025-12-17 04:15:00,641.626
2025-12-17 04:30:00,631.361
2025-12-17 04:45:00,642.698
2025-12-17 05:00:00,652.424
2025-12-17 05:15:00,719.686
2025-12-17 05:30:00,751.017
2025-12-17 05:45:00,739.097
2025-12-17 06:00:00,810.655
2025-12-17 06:15:00,829.143
2025-12-17 06:30:00,877.965
2025-12-17 06:45:00,932.735
2025-12-17 07:00:00,977.715
2025-12-17 07:15:00,1027.168
2025-12-17 07:30:00,1022.825
2025-12-17 07:45:00,1084.766
2025-12-17 08:00:00,1143.43
2025-12-17 08:15:00,1102.402
2025-12-17 08:30:00,1019.789
2025-12-17 08:45:00,911.175
2025-12-17 09:00:00,1099.995
2025-12-17 09:15:00,973.357
2025-12-17 09:30:00,959.904
2025-12-17 09:45:00,895.39
2025-12-17 10:00:00,942.95
2025-12-17 10:15:00,852.258
2025-12-17 10:30:00,700.394
2025-12-17 10:45:00,627.878
2025-12-17 11:00:00,595.879
2025-12-17 11:15:00,688.203
2025-12-17 11:30:00,656.117
2025-12-17 11:45:00,419.184
2025-12-17 12:00:00,586.586
2025-12-17 12:15:00,549.823
2025-12-17 12:30:00,567.205
2025-12-17 12:45:00,499.829
2025-12-17 13:00:00,598.565
2025-12-17 13:15:00,569.129
2025-12-17 13:30:00,607.613
2025-12-17 13:45:00,475.063
2025-12-17 14:00:00,472.708
2025-12-17 14:15:00,395.655
2025-12-17 14:30:00,377.65
2025-12-17 14:45:00,303.242
2025-12-17 15:00:00,392.444
2025-12-17 15:15:00,391.336
2025-12-17 15:30:00,408.364
2025-12-17 15:45:00,468.278
2025-12-17 16:00:00,647.797
2025-12-17 16:15:00,669.818
2025-12-17 16:30:00,682.393
2025-12-17 16:45:00,705.16
2025-12-17 17:00:00,746.912
2025-12-17 17:15:00,779.183
2025-12-17 17:30:00,858.91
2025-12-17 17:45:00,787.772
2025-12-17 18:00:00,835.2
2025-12-17 18:15:00,842.628
2025-12-17 18:30:00,885.653
2025-12-17 18:45:00,861.948
2025-12-17 19:00:00,922.774
2025-12-17 19:15:00,848.899
2025-12-17 19:30:00,948.106
2025-12-17 19:45:00,887.24
2025-12-17 20:00:00,975.178
2025-12-17 20:15:00,917.876
2025-12-17 20:30:00,964.257
2025-12-17 20:45:00,949.114
2025-12-17 21:00:00,936.116
2025-12-17 21:15:00,869.367
2025-12-17 21:30:00,867.61
2025-12-17 21:45:00,826.465
2025-12-17 22:00:00,875.009
2025-12-17 22:15:00,823.301
2025-12-17 22:30:00,747.778
2025-12-17 22:45:00,667.551
2025-12-17 23:00:00,727.143
2025-12-17 23:15:00,703.737
2025-12-17 23:30:00,640.432
2025-12-17 23:45:00,585.045
2025-12-18 00:00:00,512.535
2025-12-18 00:15:00,474.802
2025-12-18 00:30:00,485.11
2025-12-18 00:45:00,454.42
2025-12-18 01:00:00,438.005
2025-12-18 01:15:00,421.445
2025-12-18 01:30:00,405.625
2025-12-18 01:45:00,393.43
2025-12-18 02:00:00,378.073
2025-12-18 02:15:00,353.73
2025-12-18 02:30:00,334.03
2025-12-18 02:45:00,322.783
2025-12-18 03:00:00,305.345
2025-12-18 03:15:00,289.777
2025-12-18 03:30:00,282.138
2025-12-18 03:45:00,269.372
2025-12-18 04:00:00,253.212
2025-12-18 04:15:00,242.98
2025-12-18 04:30:00,238.053
2025-12-18 04:45:00,228.755
2025-12-18 05:00:00,231.387
2025-12-18 05:15:00,223.378
2025-12-18 05:30:00,207.675
2025-12-18 05:45:00,199.417
2025-12-18 06:00:00,198.885
2025-12-18 06:15:00,187.525
2025-12-18 06:30:00,180.795
2025-12-18 06:45:00,173.605
2025-12-18 07:00:00,169.64
2025-12-18 07:15:00,166.625
2025-12-18 07:30:00,170.62
2025-12-18 07:45:00,174.083
2025-12-18 08:00:00,176.305
2025-12-18 08:15:00,180.352
2025-12-18 08:30:00,181.762
2025-12-18 08:45:00,187.135
2025-12-18 09:00:00,184.875
2025-12-18 09:15:00,183.845
2025-12-18 09:30:00,189.895
2025-12-18 09:45:00,178.268
2025-12-18 10:00:00,163.438
2025-12-18 10:15:00,152.48
2025-12-18 10:30:00,140.89
2025-12-18 10:45:00,137.605
2025-12-18 11:00:00,134.8
2025-12-18 11:15:00,131.887
2025-12-18 11:30:00,129.076
2025-12-18 11:45:00,132.77
2025-12-18 12:00:00,133.17
2025-12-18 12:15:00,135.178
2025-12-18 12:30:00,139.492
2025-12-18 12:45:00,138.57
2025-12-18 13:00:00,151.24
2025-12-18 13:15:00,164.97
2025-12-18 13:30:00,171.145
2025-12-18 13:45:00,156.857
2025-12-18 14:00:00,149.586
2025-12-18 14:15:00,127.736
2025-12-18 14:30:00,137.159
2025-12-18 14:45:00,121.132
2025-12-18 15:00:00,198.088
2025-12-18 15:15:00,195.97
2025-12-18 15:30:00,207.518
2025-12-18 15:45:00,219.932
2025-12-18 16:00:00,232.145
2025-12-18 16:15:00,271.663
2025-12-18 16:30:00,309.813
2025-12-18 16:45:00,334.642
2025-12-18 17:00:00,350.538
2025-12-18 17:15:00,370.358
2025-12-18 17:30:00,397.265
2025-12-18 17:45:00,424.483
2025-12-18 18:00:00,471.057
2025-12-18 18:15:00,532.6
2025-12-18 18:30:00,596.997
2025-12-18 18:45:00,663.232
2025-12-18 19:00:00,735.338
2025-12-18 19:15:00,793.977
2025-12-18 19:30:00,836.633
2025-12-18 19:45:00,885.003
2025-12-18 20:00:00,949.76
2025-12-18 20:15:00,970.823
2025-12-18 20:30:00,1042.137
2025-12-18 20:45:00,982.988
2025-12-18 21:00:00,1095.749
2025-12-18 21:15:00,1062.352
2025-12-18 21:30:00,1198.652
2025-12-18 21:45:00,1195.145
2025-12-18 22:00:00,1179.554
2025-12-18 22:15:00,1138.96
2025-12-18 22:30:00,1055.334
2025-12-18 22:45:00,1152.519
2025-12-18 23:00:00,1234.374
2025-12-18 23:15:00,1098.412
2025-12-18 23:30:00,932.272
2025-12-18 23:45:00,939.51
2025-12-19 00:00:00,1193.085
2025-12-19 00:15:00,1109.591
2025-12-19 00:30:00,1062.027
2025-12-19 00:45:00,1107.333
2025-12-19 01:00:00,1317.719
2025-12-19 01:15:00,1292.709
2025-12-19 01:30:00,1210.714
2025-12-19 01:45:00,1113.05
2025-12-19 02:00:00,1124.705
2025-12-19 02:15:00,1098.712
2025-12-19 02:30:00,1034.198
2025-12-19 02:45:00,998.623
2025-12-19 03:00:00,1045.075
2025-12-19 03:15:00,946.782
2025-12-19 03:30:00,871.402
2025-12-19 03:45:00,930.599
2025-12-19 04:00:00,914.597
2025-12-19 04:15:00,891.493
2025-12-19 04:30:00,910.055
2025-12-19 04:45:00,926.749
2025-12-19 05:00:00,910.796
2025-12-19 05:15:00,946.747
2025-12-19 05:30:00,891.795
2025-12-19 05:45:00,918.882
2025-12-19 06:00:00,954.779
2025-12-19 06:15:00,1134.842
2025-12-19 06:30:00,1322.826
2025-12-19 06:45:00,1057.504
2025-12-19 07:00:00,1093.446
2025-12-19 07:15:00,1116.769
2025-12-19 07:30:00,1213.357
2025-12-19 07:45:00,1275.576
2025-12-19 08:00:00,1289.345
2025-12-19 08:15:00,1261.025
2025-12-19 08:30:00,1172.111
2025-12-19 08:45:00,978.74
2025-12-19 09:00:00,904.085
2025-12-19 09:15:00,821.437
2025-12-19 09:30:00,863.07
2025-12-19 09:45:00,835.978
2025-12-19 10:00:00,728.309
2025-12-19 10:15:00,647.349
2025-12-19 10:30:00,553.277
2025-12-19 10:45:00,502.489
2025-12-19 11:00:00,487.241
2025-12-19 11:15:00,371.488
2025-12-19 11:30:00,326.348
2025-12-19 11:45:00,239.687
2025-12-19 12:00:00,436.81
2025-12-19 12:15:00,392.864
2025-12-19 12:30:00,412.58
2025-12-19 12:45:00,332.007
2025-12-19 13:00:00,489.194
2025-12-19 13:15:00,356.982
2025-12-19 13:30:00,419.869
2025-12-19 13:45:00,329.806
2025-12-19 14:00:00,319.256
2025-12-19 14:15:00,246.047
2025-12-19 14:30:00,222.083
2025-12-19 14:45:00,177.945
2025-12-19 15:00:00,205.364
2025-12-19 15:15:00,288.81
2025-12-19 15:30:00,470.818
2025-12-19 15:45:00,334.953
2025-12-19 16:00:00,305.235
2025-12-19 16:15:00,303.668
2025-12-19 16:30:00,418.814
2025-12-19 16:45:00,409.056
2025-12-19 17:00:00,523.862
2025-12-19 17:15:00,526.115
2025-12-19 17:30:00,549.787
2025-12-19 17:45:00,601.282
2025-12-19 18:00:00,613.487
2025-12-19 18:15:00,612.037
2025-12-19 18:30:00,671.545
2025-12-19 18:45:00,627.66
2025-12-19 19:00:00,681.993
2025-12-19 19:15:00,701.839
2025-12-19 19:30:00,763.505
2025-12-19 19:45:00,735.094
2025-12-19 20:00:00,794.742
2025-12-19 20:15:00,718.483
2025-12-19 20:30:00,731.725
2025-12-19 20:45:00,622.75
2025-12-19 21:00:00,661.572
2025-12-19 21:15:00,645.273
2025-12-19 21:30:00,643.748
2025-12-19 21:45:00,547.968
2025-12-19 22:00:00,574.097
2025-12-19 22:15:00,602.716
2025-12-19 22:30:00,598.862
2025-12-19 22:45:00,679.672
2025-12-19 23:00:00,675.813
2025-12-19 23:15:00,669.0
2025-12-19 23:30:00,675.852
2025-12-19 23:45:00,680.57
2025-12-20 00:00:00,658.972
2025-12-20 00:15:00,667.506
2025-12-20 00:30:00,664.318
2025-12-20 00:45:00,662.921
2025-12-20 01:00:00,660.023
2025-12-20 01:15:00,636.699
2025-12-20 01:30:00,612.17
2025-12-20 01:45:00,581.22
2025-12-20 02:00:00,571.938
2025-12-20 02:15:00,540.422
2025-12-20 02:30:00,529.625
2025-12-20 02:45:00,529.151
2025-12-20 03:00:00,528.367
2025-12-20 03:15:00,489.915
2025-12-20 03:30:00,479.237
2025-12-20 03:45:00,472.06
2025-12-20 04:00:00,473.802
2025-12-20 04:15:00,470.015
2025-12-20 04:30:00,450.765
2025-12-20 04:45:00,453.06
2025-12-20 05:00:00,458.418
2025-12-20 05:15:00,457.672
2025-12-20 05:30:00,468.693
2025-12-20 05:45:00,462.935
2025-12-20 06:00:00,463.003
2025-12-20 06:15:00,469.535
2025-12-20 06:30:00,473.332
2025-12-20 06:45:00,476.758
2025-12-20 07:00:00,472.081
2025-12-20 07:15:00,352.989
2025-12-20 07:30:00,482.331
2025-12-20 07:45:00,511.263
2025-12-20 08:00:00,506.975
2025-12-20 08:15:00,513.375
2025-12-20 08:30:00,517.975
2025-12-20 08:45:00,531.62
2025-12-20 09:00:00,553.968
2025-12-20 09:15:00,545.885
2025-12-20 09:30:00,535.99
2025-12-20 09:45:00,546.768
2025-12-20 10:00:00,549.713
2025-12-20 10:15:00,548.715
2025-12-20 10:30:00,529.124
2025-12-20 10:45:00,519.124
2025-12-20 11:00:00,528.68
2025-12-20 11:15:00,518.019
2025-12-20 11:30:00,532.78
2025-12-20 11:45:00,531.75
2025-12-20 12:00:00,529.307
2025-12-20 12:15:00,529.7
2025-12-20 12:30:00,545.458
2025-12-20 12:45:00,554.547
2025-12-20 13:00:00,576.36
2025-12-20 13:15:00,583.86
2025-12-20 13:30:00,602.345
2025-12-20 13:45:00,635.302
2025-12-20 14:00:00,653.532
2025-12-20 14:15:00,675.11
2025-12-20 14:30:00,706.347
2025-12-20 14:45:00,732.063
2025-12-20 15:00:00,760.273
2025-12-20 15:15:00,798.568
2025-12-20 15:30:00,852.042
2025-12-20 15:45:00,886.628
2025-12-20 16:00:00,932.938
2025-12-20 16:15:00,979.005
2025-12-20 16:30:00,1019.797
2025-12-20 16:45:00,1065.557
2025-12-20 17:00:00,1113.458
2025-12-20 17:15:00,1158.458
2025-12-20 17:30:00,1221.858
2025-12-20 17:45:00,1274.255
2025-12-20 18:00:00,1334.037
2025-12-20 18:15:00,1372.012
2025-12-20 18:30:00,1404.45
2025-12-20 18:45:00,1431.578
2025-12-20 19:00:00,1461.443
2025-12-20 19:15:00,1494.927
2025-12-20 19:30:00,1539.89
2025-12-20 19:45:00,1581.333
2025-12-20 20:00:00,1646.427
2025-12-20 20:15:00,1680.417
2025-12-20 20:30:00,1654.795
2025-12-20 20:45:00,1663.994
2025-12-20 21:00:00,1653.036
2025-12-20 21:15:00,1695.952
2025-12-20 21:30:00,1637.879
2025-12-20 21:45:00,1617.339
2025-12-20 22:00:00,1605.17
2025-12-20 22:15:00,1604.671
2025-12-20 22:30:00,1619.601
2025-12-20 22:45:00,1703.609
2025-12-20 23:00:00,1797.701
2025-12-20 23:15:00,1794.24
2025-12-20 23:30:00,1736.463
2025-12-20 23:45:00,1542.081
2025-12-21 00:00:00,1721.357
2025-12-21 00:15:00,1616.695
2025-12-21 00:30:00,1619.587
2025-12-21 00:45:00,1733.764
2025-12-21 01:00:00,1711.386
2025-12-21 01:15:00,1633.099
2025-12-21 01:30:00,1631.939
2025-12-21 01:45:00,1575.373
2025-12-21 02:00:00,1492.734
2025-12-21 02:15:00,1468.061
2025-12-21 02:30:00,1469.088
2025-12-21 02:45:00,1438.292
2025-12-21 03:00:00,1427.078
2025-12-21 03:15:00,1384.268
2025-12-21 03:30:00,1344.724
2025-12-21 03:45:00,1306.954
2025-12-21 04:00:00,1239.709
2025-12-21 04:15:00,1157.337
2025-12-21 04:30:00,1165.895
2025-12-21 04:45:00,1155.871
2025-12-21 05:00:00,1117.841
2025-12-21 05:15:00,1102.149
2025-12-21 05:30:00,1087.083
2025-12-21 05:45:00,991.403
2025-12-21 06:00:00,1005.408
2025-12-21 06:15:00,990.596
2025-12-21 06:30:00,1060.213
2025-12-21 06:45:00,1082.002
2025-12-21 07:00:00,775.013
2025-12-21 07:15:00,827.564
2025-12-21 07:30:00,716.281
2025-12-21 07:45:00,717.722
2025-12-21 08:00:00,780.72
2025-12-21 08:15:00,876.802
2025-12-21 08:30:00,875.24
2025-12-21 08:45:00,838.607
2025-12-21 09:00:00,812.864
2025-12-21 09:15:00,806.66
2025-12-21 09:30:00,802.299
2025-12-21 09:45:00,780.872
2025-12-21 10:00:00,747.425
2025-12-21 10:15:00,706.578
2025-12-21 10:30:00,680.165
2025-12-21 10:45:00,677.695
2025-12-21 11:00:00,646.565
2025-12-21 11:15:00,616.685
2025-12-21 11:30:00,601.338
2025-12-21 11:45:00,568.912
2025-12-21 12:00:00,544.925
2025-12-21 12:15:00,585.367
2025-12-21 12:30:00,513.909
2025-12-21 12:45:00,468.862
2025-12-21 13:00:00,478.166
2025-12-21 13:15:00,439.801
2025-12-21 13:30:00,449.426
2025-12-21 13:45:00,392.267
2025-12-21 14:00:00,368.391
2025-12-21 14:15:00,334.793
2025-12-21 14:30:00,395.115
2025-12-21 14:45:00,357.565
2025-12-21 15:00:00,358.88
2025-12-21 15:15:00,409.009
2025-12-21 15:30:00,405.622
2025-12-21 15:45:00,424.203
2025-12-21 16:00:00,422.957
2025-12-21 16:15:00,420.487
2025-12-21 16:30:00,448.03
2025-12-21 16:45:00,459.913
2025-12-21 17:00:00,463.24
2025-12-21 17:15:00,450.258
2025-12-21 17:30:00,485.335
2025-12-21 17:45:00,500.03
2025-12-21 18:00:00,521.847
2025-12-21 18:15:00,542.023
2025-12-21 18:30:00,564.56
2025-12-21 18:45:00,604.17
2025-12-21 19:00:00,622.693
2025-12-21 19:15:00,629.927
2025-12-21 19:30:00,653.78
2025-12-21 19:45:00,673.08
2025-12-21 20:00:00,676.963
2025-12-21 20:15:00,670.83
2025-12-21 20:30:00,667.25
2025-12-21 20:45:00,661.74
2025-12-21 21:00:00,652.426
2025-12-21 21:15:00,631.393
2025-12-21 21:30:00,603.857
2025-12-21 21:45:00,592.54
2025-12-21 22:00:00,570.12
2025-12-21 22:15:00,549.405
2025-12-21 22:30:00,541.686
2025-12-21 22:45:00,470.063
2025-12-21 23:00:00,543.662
2025-12-21 23:15:00,541.203
2025-12-21 23:30:00,538.297
2025-12-21 23:45:00,540.465
2025-12-22 00:00:00,512.675
2025-12-22 00:15:00,494.415
2025-12-22 00:30:00,510.28
2025-12-22 00:45:00,507.203
2025-12-22 01:00:00,499.96
2025-12-22 01:15:00,481.175
2025-12-22 01:30:00,477.842
2025-12-22 01:45:00,471.568
2025-12-22 02:00:00,494.695
2025-12-22 02:15:00,465.83
2025-12-22 02:30:00,459.97
2025-12-22 02:45:00,450.267
2025-12-22 03:00:00,440.35
2025-12-22 03:15:00,444.853
2025-12-22 03:30:00,444.237
2025-12-22 03:45:00,443.747
2025-12-22 04:00:00,446.837
2025-12-22 04:15:00,450.082
2025-12-22 04:30:00,448.525
2025-12-22 04:45:00,445.52
2025-12-22 05:00:00,448.392
2025-12-22 05:15:00,456.955
2025-12-22 05:30:00,462.212
2025-12-22 05:45:00,481.353
2025-12-22 06:00:00,482.75
2025-12-22 06:15:00,503.44
2025-12-22 06:30:00,532.395
2025-12-22 06:45:00,549.095
2025-12-22 07:00:00,547.657
2025-12-22 07:15:00,562.845
2025-12-22 07:30:00,548.622
2025-12-22 07:45:00,546.047
2025-12-22 08:00:00,564.685
2025-12-22 08:15:00,580.43
2025-12-22 08:30:00,603.935
2025-12-22 08:45:00,609.383
2025-12-22 09:00:00,635.17
2025-12-22 09:15:00,659.92
2025-12-22 09:30:00,691.09
2025-12-22 09:45:00,705.825
2025-12-22 10:00:00,721.96
2025-12-22 10:15:00,742.01
2025-12-22 10:30:00,744.247
2025-12-22 10:45:00,737.622
2025-12-22 11:00:00,733.59
2025-12-22 11:15:00,734.545
2025-12-22 11:30:00,720.283
2025-12-22 11:45:00,671.027
2025-12-22 12:00:00,728.532
2025-12-22 12:15:00,729.645
2025-12-22 12:30:00,718.688
2025-12-22 12:45:00,715.218
2025-12-22 13:00:00,719.193
2025-12-22 13:15:00,711.01
2025-12-22 13:30:00,727.287
2025-12-22 13:45:00,723.645
2025-12-22 14:00:00,723.893
2025-12-22 14:15:00,725.545
2025-12-22 14:30:00,731.758
2025-12-22 14:45:00,730.667
2025-12-22 15:00:00,693.83
2025-12-22 15:15:00,690.91
2025-12-22 15:30:00,692.931
2025-12-22 15:45:00,699.136
2025-12-22 16:00:00,749.045
2025-12-22 16:15:00,758.91
2025-12-22 16:30:00,758.588
2025-12-22 16:45:00,767.825
2025-12-22 17:00:00,784.545
2025-12-22 17:15:00,809.205
2025-12-22 17:30:00,830.865
2025-12-22 17:45:00,841.003
2025-12-22 18:00:00,833.838
2025-12-22 18:15:00,844.003
2025-12-22 18:30:00,875.448
2025-12-22 18:45:00,907.105
2025-12-22 19:00:00,941.275
2025-12-22 19:15:00,944.5
2025-12-22 19:30:00,959.318
2025-12-22 19:45:00,973.015
2025-12-22 20:00:00,971.53
2025-12-22 20:15:00,976.285
2025-12-22 20:30:00,975.633
2025-12-22 20:45:00,977.708
2025-12-22 21:00:00,964.018
2025-12-22 21:15:00,951.912
2025-12-22 21:30:00,940.647
2025-12-22 21:45:00,921.146
2025-12-22 22:00:00,914.81
2025-12-22 22:15:00,879.359
2025-12-22 22:30:00,826.204
2025-12-22 22:45:00,734.126
2025-12-22 23:00:00,809.607
2025-12-22 23:15:00,906.425
2025-12-22 23:30:00,909.98
2025-12-22 23:45:00,888.568
2025-12-23 00:00:00,859.245
2025-12-23 00:15:00,798.441
2025-12-23 00:30:00,800.719
2025-12-23 00:45:00,725.002
2025-12-23 01:00:00,764.013
2025-12-23 01:15:00,865.525
2025-12-23 01:30:00,845.015
2025-12-23 01:45:00,824.795
2025-12-23 02:00:00,829.787
2025-12-23 02:15:00,838.453
2025-12-23 02:30:00,864.367
2025-12-23 02:45:00,877.629
2025-12-23 03:00:00,884.08
2025-12-23 03:15:00,897.648
2025-12-23 03:30:00,910.648
2025-12-23 03:45:00,902.195
2025-12-23 04:00:00,867.167
2025-12-23 04:15:00,887.884
2025-12-23 04:30:00,894.749
2025-12-23 04:45:00,890.036
2025-12-23 05:00:00,912.989
2025-12-23 05:15:00,896.24
2025-12-23 05:30:00,894.797
2025-12-23 05:45:00,938.72
2025-12-23 06:00:00,929.921
2025-12-23 06:15:00,963.653
2025-12-23 06:30:00,966.372
2025-12-23 06:45:00,951.689
2025-12-23 07:00:00,915.312
2025-12-23 07:15:00,860.15
2025-12-23 07:30:00,897.813
2025-12-23 07:45:00,921.927
2025-12-23 08:00:00,952.155
2025-12-23 08:15:00,982.083
2025-12-23 08:30:00,972.722
2025-12-23 08:45:00,925.315
2025-12-23 09:00:00,908.537
2025-12-23 09:15:00,908.427
2025-12-23 09:30:00,830.547
2025-12-23 09:45:00,871.594
2025-12-23 10:00:00,878.162
2025-12-23 10:15:00,863.785
2025-12-23 10:30:00,848.828
2025-12-23 10:45:00,825.932
2025-12-23 11:00:00,800.713
2025-12-23 11:15:00,802.338
2025-12-23 11:30:00,788.008
2025-12-23 11:45:00,772.24
2025-12-23 12:00:00,748.968
2025-12-23 12:15:00,735.263
2025-12-23 12:30:00,711.513
2025-12-23 12:45:00,704.628
2025-12-23 13:00:00,684.065
2025-12-23 13:15:00,666.722
2025-12-23 13:30:00,665.315
2025-12-23 13:45:00,653.672
2025-12-23 14:00:00,651.667
2025-12-23 14:15:00,655.667
2025-12-23 14:30:00,656.91
2025-12-23 14:45:00,667.227
2025-12-23 15:00:00,667.268
2025-12-23 15:15:00,688.22
2025-12-23 15:30:00,701.407
2025-12-23 15:45:00,722.843
2025-12-23 16:00:00,733.905
2025-12-23 16:15:00,762.133
2025-12-23 16:30:00,788.605
2025-12-23 16:45:00,822.167
2025-12-23 17:00:00,864.3
2025-12-23 17:15:00,885.8
2025-12-23 17:30:00,922.065
2025-12-23 17:45:00,947.95
2025-12-23 18:00:00,964.37
2025-12-23 18:15:00,1003.505
2025-12-23 18:30:00,1038.563
2025-12-23 18:45:00,1063.72
2025-12-23 19:00:00,1077.524
2025-12-23 19:15:00,1084.352
2025-12-23 19:30:00,1093.071
2025-12-23 19:45:00,1111.855
2025-12-23 20:00:00,1114.308
2025-12-23 20:15:00,1126.974
2025-12-23 20:30:00,1100.991
2025-12-23 20:45:00,1099.796
2025-12-23 21:00:00,1115.348
2025-12-23 21:15:00,1122.051
2025-12-23 21:30:00,1147.45
2025-12-23 21:45:00,1130.991
2025-12-23 22:00:00,1114.074
2025-12-23 22:15:00,1108.62
2025-12-23 22:30:00,1065.434
2025-12-23 22:45:00,1068.591
2025-12-23 23:00:00,1039.173
2025-12-23 23:15:00,1073.409
2025-12-23 23:30:00,946.417
2025-12-23 23:45:00,921.796
2025-12-24 00:00:00,1084.721
2025-12-24 00:15:00,1105.066
2025-12-24 00:30:00,1122.625
2025-12-24 00:45:00,1099.125
2025-12-24 01:00:00,1084.138
2025-12-24 01:15:00,1150.043
2025-12-24 01:30:00,1170.369
2025-12-24 01:45:00,1174.165
2025-12-24 02:00:00,1129.693
2025-12-24 02:15:00,1087.827
2025-12-24 02:30:00,1090.079
2025-12-24 02:45:00,1098.544
2025-12-24 03:00:00,1108.302
2025-12-24 03:15:00,1082.864
2025-12-24 03:30:00,1049.828
2025-12-24 03:45:00,1006.857
2025-12-24 04:00:00,973.731
2025-12-24 04:15:00,996.291
2025-12-24 04:30:00,970.84
2025-12-24 04:45:00,976.192
2025-12-24 05:00:00,970.68
2025-12-24 05:15:00,962.526
2025-12-24 05:30:00,944.508
2025-12-24 05:45:00,916.727
2025-12-24 06:00:00,945.531
2025-12-24 06:15:00,937.306
2025-12-24 06:30:00,939.128
2025-12-24 06:45:00,937.762
2025-12-24 07:00:00,946.625
2025-12-24 07:15:00,935.028
2025-12-24 07:30:00,957.607
2025-12-24 07:45:00,927.222
2025-12-24 08:00:00,931.571
2025-12-24 08:15:00,909.031
2025-12-24 08:30:00,926.736
2025-12-24 08:45:00,917.759
2025-12-24 09:00:00,949.371
2025-12-24 09:15:00,951.804
2025-12-24 09:30:00,952.689
2025-12-24 09:45:00,961.695
2025-12-24 10:00:00,934.785
2025-12-24 10:15:00,918.684
2025-12-24 10:30:00,904.421
2025-12-24 10:45:00,918.682
2025-12-24 11:00:00,910.154
2025-12-24 11:15:00,916.64
2025-12-24 11:30:00,907.063
2025-12-24 11:45:00,882.359
2025-12-24 12:00:00,908.359
2025-12-24 12:15:00,899.067
2025-12-24 12:30:00,758.062
2025-12-24 12:45:00,909.229
2025-12-24 13:00:00,924.258
2025-12-24 13:15:00,935.705
2025-12-24 13:30:00,952.673
2025-12-24 13:45:00,955.361
2025-12-24 14:00:00,1002.805
2025-12-24 14:15:00,1037.949
2025-12-24 14:30:00,1064.886
2025-12-24 14:45:00,1077.823
2025-12-24 15:00:00,1068.372
2025-12-24 15:15:00,1101.353
2025-12-24 15:30:00,1105.3
2025-12-24 15:45:00,1107.051
2025-12-24 16:00:00,1162.941
2025-12-24 16:15:00,1174.707
2025-12-24 16:30:00,1190.82
2025-12-24 16:45:00,1196.689
2025-12-24 17:00:00,1212.915
2025-12-24 17:15:00,1245.277
2025-12-24 17:30:00,1274.865
2025-12-24 17:45:00,1318.445
2025-12-24 18:00:00,1316.101
2025-12-24 18:15:00,1314.33
2025-12-24 18:30:00,1347.18
2025-12-24 18:45:00,1343.352
2025-12-24 19:00:00,1355.884
2025-12-24 19:15:00,1375.004
2025-12-24 19:30:00,1384.859
2025-12-24 19:45:00,1405.474
2025-12-24 20:00:00,1399.279
2025-12-24 20:15:00,1390.911
2025-12-24 20:30:00,1392.864
2025-12-24 20:45:00,1390.595
2025-12-24 21:00:00,1378.099
2025-12-24 21:15:00,1378.822
2025-12-24 21:30:00,1364.966
2025-12-24 21:45:00,1369.511
2025-12-24 22:00:00,1354.199
2025-12-24 22:15:00,1320.638
2025-12-24 22:30:00,1382.002
2025-12-24 22:45:00,1391.913
2025-12-24 23:00:00,1374.065
2025-12-24 23:15:00,1342.583
2025-12-24 23:30:00,1356.388
2025-12-24 23:45:00,1370.95
2025-12-25 00:00:00,1389.249
2025-12-25 00:15:00,1245.799
2025-12-25 00:30:00,1300.422
2025-12-25 00:45:00,1237.047
2025-12-25 01:00:00,1159.724
2025-12-25 01:15:00,1076.024
2025-12-25 01:30:00,1156.234
2025-12-25 01:45:00,1374.829
2025-12-25 02:00:00,1355.869
2025-12-25 02:15:00,1284.936
2025-12-25 02:30:00,1253.28
2025-12-25 02:45:00,1212.154
2025-12-25 03:00:00,1270.763
2025-12-25 03:15:00,1209.982
2025-12-25 03:30:00,1367.504
2025-12-25 03:45:00,1360.431
2025-12-25 04:00:00,1352.589
2025-12-25 04:15:00,1324.571
2025-12-25 04:30:00,1329.606
2025-12-25 04:45:00,1323.269
2025-12-25 05:00:00,1301.967
2025-12-25 05:15:00,1369.131
2025-12-25 05:30:00,1284.146
2025-12-25 05:45:00,1232.872
2025-12-25 06:00:00,1255.519
2025-12-25 06:15:00,1341.01
2025-12-25 06:30:00,1279.558
2025-12-25 06:45:00,1244.484
2025-12-25 07:00:00,1293.453
2025-12-25 07:15:00,1350.251
2025-12-25 07:30:00,1361.642
2025-12-25 07:45:00,1381.064
2025-12-25 08:00:00,1373.261
2025-12-25 08:15:00,1380.934
2025-12-25 08:30:00,1401.055
2025-12-25 08:45:00,1392.465
2025-12-25 09:00:00,1396.233
2025-12-25 09:15:00,1376.16
2025-12-25 09:30:00,1342.995
2025-12-25 09:45:00,1312.301
2025-12-25 10:00:00,1290.882
2025-12-25 10:15:00,1249.343
2025-12-25 10:30:00,1236.131
2025-12-25 10:45:00,1199.157
2025-12-25 11:00:00,1132.126
2025-12-25 11:15:00,985.899
2025-12-25 11:30:00,973.732
2025-12-25 11:45:00,857.458
2025-12-25 12:00:00,1039.569
2025-12-25 12:15:00,1002.955
2025-12-25 12:30:00,965.332
2025-12-25 12:45:00,932.234
2025-12-25 13:00:00,950.638
2025-12-25 13:15:00,925.176
2025-12-25 13:30:00,939.065
2025-12-25 13:45:00,831.066
2025-12-25 14:00:00,733.095
2025-12-25 14:15:00,557.621
2025-12-25 14:30:00,487.448
2025-12-25 14:45:00,581.284
2025-12-25 15:00:00,716.015
2025-12-25 15:15:00,741.331
2025-12-25 15:30:00,811.247
2025-12-25 15:45:00,863.508
2025-12-25 16:00:00,887.529
2025-12-25 16:15:00,934.071
2025-12-25 16:30:00,949.152
2025-12-25 16:45:00,993.62
2025-12-25 17:00:00,1021.913
2025-12-25 17:15:00,1047.71
2025-12-25 17:30:00,1059.259
2025-12-25 17:45:00,1042.815
2025-12-25 18:00:00,1072.309
2025-12-25 18:15:00,1123.974
2025-12-25 18:30:00,1163.859
2025-12-25 18:45:00,1162.052
2025-12-25 19:00:00,1268.515
2025-12-25 19:15:00,1301.484
2025-12-25 19:30:00,1322.897
2025-12-25 19:45:00,1329.672
2025-12-25 20:00:00,1327.277
2025-12-25 20:15:00,1323.963
2025-12-25 20:30:00,1327.483
2025-12-25 20:45:00,1304.708
2025-12-25 21:00:00,1290.46
2025-12-25 21:15:00,1281.775
2025-12-25 21:30:00,1263.828
2025-12-25 21:45:00,1242.198
2025-12-25 22:00:00,1238.517
2025-12-25 22:15:00,1222.368
2025-12-25 22:30:00,1207.0
2025-12-25 22:45:00,1186.646
2025-12-25 23:00:00,1183.191
2025-12-25 23:15:00,1158.001
2025-12-25 23:30:00,1089.632
2025-12-25 23:45:00,995.646
2025-12-26 00:00:00,1109.066
2025-12-26 00:15:00,1078.891
2025-12-26 00:30:00,1091.53
2025-12-26 00:45:00,1068.301
2025-12-26 01:00:00,1050.795
2025-12-26 01:15:00,1038.822
2025-12-26 01:30:00,961.299
2025-12-26 01:45:00,934.157
2025-12-26 02:00:00,870.524
2025-12-26 02:15:00,827.634
2025-12-26 02:30:00,966.242
2025-12-26 02:45:00,954.508
2025-12-26 03:00:00,928.138
2025-12-26 03:15:00,899.088
2025-12-26 03:30:00,886.655
2025-12-26 03:45:00,888.227
2025-12-26 04:00:00,896.165
2025-12-26 04:15:00,887.657
2025-12-26 04:30:00,886.104
2025-12-26 04:45:00,889.849
2025-12-26 05:00:00,873.191
2025-12-26 05:15:00,868.468
2025-12-26 05:30:00,841.487
2025-12-26 05:45:00,826.333
2025-12-26 06:00:00,810.06
2025-12-26 06:15:00,779.806
2025-12-26 06:30:00,716.479
2025-12-26 06:45:00,718.427
2025-12-26 07:00:00,686.83
2025-12-26 07:15:00,660.375
2025-12-26 07:30:00,639.878
2025-12-26 07:45:00,598.532
2025-12-26 08:00:00,581.333
2025-12-26 08:15:00,561.607
2025-12-26 08:30:00,523.98
2025-12-26 08:45:00,487.625
2025-12-26 09:00:00,465.73
2025-12-26 09:15:00,425.642
2025-12-26 09:30:00,389.485
2025-12-26 09:45:00,344.43
2025-12-26 10:00:00,307.462
2025-12-26 10:15:00,259.717
2025-12-26 10:30:00,215.829
2025-12-26 10:45:00,188.82
2025-12-26 11:00:00,163.04
2025-12-26 11:15:00,119.944
2025-12-26 11:30:00,83.955
2025-12-26 11:45:00,84.717
2025-12-26 12:00:00,120.467
2025-12-26 12:15:00,116.927
2025-12-26 12:30:00,101.827
2025-12-26 12:45:00,113.482
2025-12-26 13:00:00,107.46
2025-12-26 13:15:00,106.355
2025-12-26 13:30:00,102.493
2025-12-26 13:45:00,93.51
2025-12-26 14:00:00,91.543
2025-12-26 14:15:00,84.342
2025-12-26 14:30:00,84.497
2025-12-26 14:45:00,85.545
2025-12-26 15:00:00,87.03
2025-12-26 15:15:00,74.653
2025-12-26 15:30:00,87.515
2025-12-26 15:45:00,95.688
2025-12-26 16:00:00,97.442
2025-12-26 16:15:00,98.26
2025-12-26 16:30:00,104.132
2025-12-26 16:45:00,108.17
2025-12-26 17:00:00,106.207
2025-12-26 17:15:00,105.825
2025-12-26 17:30:00,105.018
2025-12-26 17:45:00,106.842
2025-12-26 18:00:00,109.82
2025-12-26 18:15:00,117.107
2025-12-26 18:30:00,131.658
2025-12-26 18:45:00,148.73
2025-12-26 19:00:00,161.557
2025-12-26 19:15:00,169.663
2025-12-26 19:30:00,170.334
2025-12-26 19:45:00,189.617
2025-12-26 20:00:00,194.965
2025-12-26 20:15:00,198.887
2025-12-26 20:30:00,201.307
2025-12-26 20:45:00,191.17
2025-12-26 21:00:00,183.735
2025-12-26 21:15:00,185.693
2025-12-26 21:30:00,184.31
2025-12-26 21:45:00,173.78
2025-12-26 22:00:00,174.035
2025-12-26 22:15:00,179.575
2025-12-26 22:30:00,183.402
2025-12-26 22:45:00,187.848
2025-12-26 23:00:00,197.21
2025-12-26 23:15:00,198.133
2025-12-26 23:30:00,195.975
2025-12-26 23:45:00,185.617
2025-12-27 00:00:00,169.22
2025-12-27 00:15:00,170.41
2025-12-27 00:30:00,161.705
2025-12-27 00:45:00,161.28
2025-12-27 01:00:00,152.303
2025-12-27 01:15:00,143.667
2025-12-27 01:30:00,131.883
2025-12-27 01:45:00,123.275
2025-12-27 02:00:00,120.045
2025-12-27 02:15:00,121.503
2025-12-27 02:30:00,119.037
2025-12-27 02:45:00,117.025
2025-12-27 03:00:00,114.088
2025-12-27 03:15:00,107.677
2025-12-27 03:30:00,104.165
2025-12-27 03:45:00,104.33
2025-12-27 04:00:00,115.97
2025-12-27 04:15:00,119.27
2025-12-27 04:30:00,115.56
2025-12-27 04:45:00,108.23
2025-12-27 05:00:00,102.29
2025-12-27 05:15:00,104.128
2025-12-27 05:30:00,103.625
2025-12-27 05:45:00,107.003
2025-12-27 06:00:00,114.582
2025-12-27 06:15:00,117.525
2025-12-27 06:30:00,116.4
2025-12-27 06:45:00,120.145
2025-12-27 07:00:00,113.225
2025-12-27 07:15:00,112.365
2025-12-27 07:30:00,118.298
2025-12-27 07:45:00,120.18
2025-12-27 08:00:00,127.188
2025-12-27 08:15:00,138.12
2025-12-27 08:30:00,135.885
2025-12-27 08:45:00,134.258
2025-12-27 09:00:00,133.227
2025-12-27 09:15:00,127.717
2025-12-27 09:30:00,114.768
2025-12-27 09:45:00,99.615
2025-12-27 10:00:00,86.757
2025-12-27 10:15:00,73.372
2025-12-27 10:30:00,63.335
2025-12-27 10:45:00,59.607
2025-12-27 11:00:00,56.237
2025-12-27 11:15:00,57.053
2025-12-27 11:30:00,56.18
2025-12-27 11:45:00,66.635
2025-12-27 12:00:00,67.092
2025-12-27 12:15:00,58.375
2025-12-27 12:30:00,54.178
2025-12-27 12:45:00,50.423
2025-12-27 13:00:00,46.518
2025-12-27 13:15:00,43.912
2025-12-27 13:30:00,47.088
2025-12-27 13:45:00,44.123
2025-12-27 14:00:00,37.912
2025-12-27 14:15:00,36.342
2025-12-27 14:30:00,35.827
2025-12-27 14:45:00,35.447
2025-12-27 15:00:00,36.857
2025-12-27 15:15:00,39.62
2025-12-27 15:30:00,42.08
2025-12-27 15:45:00,42.097
2025-12-27 16:00:00,47.033
2025-12-27 16:15:00,49.057
2025-12-27 16:30:00,55.41
2025-12-27 16:45:00,59.112
2025-12-27 17:00:00,68.378
2025-12-27 17:15:00,79.677
2025-12-27 17:30:00,89.885
2025-12-27 17:45:00,104.46
2025-12-27 18:00:00,124.88
2025-12-27 18:15:00,142.818
2025-12-27 18:30:00,166.96
2025-12-27 18:45:00,179.423
2025-12-27 19:00:00,188.068
2025-12-27 19:15:00,204.538
2025-12-27 19:30:00,225.325
2025-12-27 19:45:00,229.727
2025-12-27 20:00:00,227.79
2025-12-27 20:15:00,222.273
2025-12-27 20:30:00,219.923
2025-12-27 20:45:00,217.655
2025-12-27 21:00:00,205.643
2025-12-27 21:15:00,210.777
2025-12-27 21:30:00,205.773
2025-12-27 21:45:00,207.548
2025-12-27 22:00:00,209.337
2025-12-27 22:15:00,210.11
2025-12-27 22:30:00,207.845
2025-12-27 22:45:00,213.095
2025-12-27 23:00:00,212.815
2025-12-27 23:15:00,207.05
2025-12-27 23:30:00,199.137
2025-12-27 23:45:00,192.295
2025-12-28 00:00:00,173.055
2025-12-28 00:15:00,167.2
2025-12-28 00:30:00,170.975
2025-12-28 00:45:00,158.39
2025-12-28 01:00:00,146.447
2025-12-28 01:15:00,138.535
2025-12-28 01:30:00,124.98
2025-12-28 01:45:00,113.387
2025-12-28 02:00:00,102.357
2025-12-28 02:15:00,98.46
2025-12-28 02:30:00,97.49
2025-12-28 02:45:00,96.82
2025-12-28 03:00:00,100.493
2025-12-28 03:15:00,103.202
2025-12-28 03:30:00,107.485
2025-12-28 03:45:00,106.423
2025-12-28 04:00:00,99.62
2025-12-28 04:15:00,101.647
2025-12-28 04:30:00,102.747
2025-12-28 04:45:00,107.588
2025-12-28 05:00:00,98.07
2025-12-28 05:15:00,104.707
2025-12-28 05:30:00,97.84
2025-12-28 05:45:00,99.25
2025-12-28 06:00:00,103.995
2025-12-28 06:15:00,110.952
2025-12-28 06:30:00,115.32
2025-12-28 06:45:00,122.875
2025-12-28 07:00:00,115.375
2025-12-28 07:15:00,111.105
2025-12-28 07:30:00,106.7
2025-12-28 07:45:00,106.247
2025-12-28 08:00:00,108.978
2025-12-28 08:15:00,120.027
2025-12-28 08:30:00,124.448
2025-12-28 08:45:00,119.94
2025-12-28 09:00:00,119.06
2025-12-28 09:15:00,111.7
2025-12-28 09:30:00,107.412
2025-12-28 09:45:00,102.425
2025-12-28 10:00:00,90.762
2025-12-28 10:15:00,85.796
2025-12-28 10:30:00,79.515
2025-12-28 10:45:00,72.71
2025-12-28 11:00:00,69.195
2025-12-28 11:15:00,66.772
2025-12-28 11:30:00,53.896
2025-12-28 11:45:00,46.818
2025-12-28 12:00:00,57.574
2025-12-28 12:15:00,57.524
2025-12-28 12:30:00,59.474
2025-12-28 12:45:00,55.748
2025-12-28 13:00:00,58.59
2025-12-28 13:15:00,63.44
2025-12-28 13:30:00,63.465
2025-12-28 13:45:00,65.548
2025-12-28 14:00:00,64.439
2025-12-28 14:15:00,51.243
2025-12-28 14:30:00,52.841
2025-12-28 14:45:00,60.934
2025-12-28 15:00:00,63.653
2025-12-28 15:15:00,73.698
2025-12-28 15:30:00,63.908
2025-12-28 15:45:00,64.725
2025-12-28 16:00:00,72.853
2025-12-28 16:15:00,74.247
2025-12-28 16:30:00,79.33
2025-12-28 16:45:00,79.875
2025-12-28 17:00:00,81.585
2025-12-28 17:15:00,85.57
2025-12-28 17:30:00,91.315
2025-12-28 17:45:00,99.095
2025-12-28 18:00:00,111.62
2025-12-28 18:15:00,117.375
2025-12-28 18:30:00,136.66
2025-12-28 18:45:00,157.955
2025-12-28 19:00:00,170.438
2025-12-28 19:15:00,183.04
2025-12-28 19:30:00,199.93
2025-12-28 19:45:00,220.995
2025-12-28 20:00:00,228.378
2025-12-28 20:15:00,243.57
2025-12-28 20:30:00,253.035
2025-12-28 20:45:00,263.418
2025-12-28 21:00:00,266.445
2025-12-28 21:15:00,275.138
2025-12-28 21:30:00,268.43
2025-12-28 21:45:00,271.193
2025-12-28 22:00:00,283.418
2025-12-28 22:15:00,291.19
2025-12-28 22:30:00,307.408
2025-12-28 22:45:00,314.908
2025-12-28 23:00:00,319.975
2025-12-28 23:15:00,313.445
2025-12-28 23:30:00,304.475
2025-12-28 23:45:00,299.728
2025-12-29 00:00:00,288.75
2025-12-29 00:15:00,282.763
2025-12-29 00:30:00,283.397
2025-12-29 00:45:00,272.427
2025-12-29 01:00:00,270.362
2025-12-29 01:15:00,269.763
2025-12-29 01:30:00,267.645
2025-12-29 01:45:00,258.853
2025-12-29 02:00:00,253.372
2025-12-29 02:15:00,253.003
2025-12-29 02:30:00,243.348
2025-12-29 02:45:00,237.878
2025-12-29 03:00:00,224.762
2025-12-29 03:15:00,208.16
2025-12-29 03:30:00,196.792
2025-12-29 03:45:00,186.155
2025-12-29 04:00:00,184.378
2025-12-29 04:15:00,177.74
2025-12-29 04:30:00,179.503
2025-12-29 04:45:00,174.615
2025-12-29 05:00:00,162.02
2025-12-29 05:15:00,163.485
2025-12-29 05:30:00,159.967
2025-12-29 05:45:00,159.577
2025-12-29 06:00:00,156.352
2025-12-29 06:15:00,152.9
2025-12-29 06:30:00,146.755
2025-12-29 06:45:00,142.042
2025-12-29 07:00:00,141.97
2025-12-29 07:15:00,130.61
2025-12-29 07:30:00,120.948
2025-12-29 07:45:00,113.69
2025-12-29 08:00:00,101.81
2025-12-29 08:15:00,94.723
2025-12-29 08:30:00,90.967
2025-12-29 08:45:00,86.707
2025-12-29 09:00:00,88.245
2025-12-29 09:15:00,84.957
2025-12-29 09:30:00,82.522
2025-12-29 09:45:00,81.31
2025-12-29 10:00:00,77.978
2025-12-29 10:15:00,73.175
2025-12-29 10:30:00,65.527
2025-12-29 10:45:00,60.445
2025-12-29 11:00:00,59.188
2025-12-29 11:15:00,61.685
2025-12-29 11:30:00,59.208
2025-12-29 11:45:00,56.09
2025-12-29 12:00:00,53.115
2025-12-29 12:15:00,51.222
2025-12-29 12:30:00,49.792
2025-12-29 12:45:00,46.743
2025-12-29 13:00:00,45.345
2025-12-29 13:15:00,44.38
2025-12-29 13:30:00,45.585
2025-12-29 13:45:00,43.785
2025-12-29 14:00:00,41.958
2025-12-29 14:15:00,44.693
2025-12-29 14:30:00,44.467
2025-12-29 14:45:00,46.132
2025-12-29 15:00:00,48.45
2025-12-29 15:15:00,49.805
2025-12-29 15:30:00,55.298
2025-12-29 15:45:00,62.472
2025-12-29 16:00:00,71.8
2025-12-29 16:15:00,72.405
2025-12-29 16:30:00,81.702
2025-12-29 16:45:00,90.152
2025-12-29 17:00:00,93.109
2025-12-29 17:15:00,101.311
2025-12-29 17:30:00,109.086
2025-12-29 17:45:00,126.041
2025-12-29 18:00:00,142.036
2025-12-29 18:15:00,157.884
2025-12-29 18:30:00,177.571
2025-12-29 18:45:00,186.129
2025-12-29 19:00:00,196.981
2025-12-29 19:15:00,213.466
2025-12-29 19:30:00,223.781
2025-12-29 19:45:00,248.401
2025-12-29 20:00:00,259.051
2025-12-29 20:15:00,268.666
2025-12-29 20:30:00,273.144
2025-12-29 20:45:00,285.921
2025-12-29 21:00:00,277.126
2025-12-29 21:15:00,280.424
2025-12-29 21:30:00,281.324
2025-12-29 21:45:00,278.891
2025-12-29 22:00:00,277.714
2025-12-29 22:15:00,288.426
2025-12-29 22:30:00,296.814
2025-12-29 22:45:00,309.119
2025-12-29 23:00:00,325.063
2025-12-29 23:15:00,340.59
2025-12-29 23:30:00,339.897
2025-12-29 23:45:00,339.93
2025-12-30 00:00:00,353.751
2025-12-30 00:15:00,365.851
2025-12-30 00:30:00,349.139
2025-12-30 00:45:00,368.455
2025-12-30 01:00:00,379.113
2025-12-30 01:15:00,380.95
2025-12-30 01:30:00,382.788
2025-12-30 01:45:00,381.777
2025-12-30 02:00:00,379.425
2025-12-30 02:15:00,369.878
2025-12-30 02:30:00,369.685
2025-12-30 02:45:00,369.797
2025-12-30 03:00:00,369.203
2025-12-30 03:15:00,353.617
2025-12-30 03:30:00,340.622
2025-12-30 03:45:00,341.707
2025-12-30 04:00:00,339.108
2025-12-30 04:15:00,339.508
2025-12-30 04:30:00,350.017
2025-12-30 04:45:00,363.36
2025-12-30 05:00:00,372.082
2025-12-30 05:15:00,374.642
2025-12-30 05:30:00,371.375
2025-12-30 05:45:00,366.038
2025-12-30 06:00:00,370.495
2025-12-30 06:15:00,373.63
2025-12-30 06:30:00,375.177
2025-12-30 06:45:00,383.09
2025-12-30 07:00:00,372.165
2025-12-30 07:15:00,357.7
2025-12-30 07:30:00,354.453
2025-12-30 07:45:00,344.445
2025-12-30 08:00:00,334.405
2025-12-30 08:15:00,323.305
2025-12-30 08:30:00,319.652
2025-12-30 08:45:00,309.188
2025-12-30 09:00:00,313.685
2025-12-30 09:15:00,314.853
2025-12-30 09:30:00,311.793
2025-12-30 09:45:00,310.457
2025-12-30 10:00:00,306.694
2025-12-30 10:15:00,294.32
2025-12-30 10:30:00,278.165
2025-12-30 10:45:00,248.98
2025-12-30 11:00:00,219.39
2025-12-30 11:15:00,207.143
2025-12-30 11:30:00,193.008
2025-12-30 11:45:00,175.755
2025-12-30 12:00:00,162.0
2025-12-30 12:15:00,145.758
2025-12-30 12:30:00,132.755
2025-12-30 12:45:00,124.613
2025-12-30 13:00:00,117.332
2025-12-30 13:15:00,121.348
2025-12-30 13:30:00,129.602
2025-12-30 13:45:00,133.803
2025-12-30 14:00:00,130.89
2025-12-30 14:15:00,137.625
2025-12-30 14:30:00,137.208
2025-12-30 14:45:00,137.185
2025-12-30 15:00:00,141.16
2025-12-30 15:15:00,137.488
2025-12-30 15:30:00,141.417
2025-12-30 15:45:00,150.805
2025-12-30 16:00:00,163.908
2025-12-30 16:15:00,174.508
2025-12-30 16:30:00,198.548
2025-12-30 16:45:00,208.905
2025-12-30 17:00:00,218.568
2025-12-30 17:15:00,233.94
2025-12-30 17:30:00,263.932
2025-12-30 17:45:00,282.802
2025-12-30 18:00:00,319.103
2025-12-30 18:15:00,364.628
2025-12-30 18:30:00,406.505
2025-12-30 18:45:00,455.235
2025-12-30 19:00:00,495.862
2025-12-30 19:15:00,528.105
2025-12-30 19:30:00,547.85
2025-12-30 19:45:00,578.547
2025-12-30 20:00:00,593.61
2025-12-30 20:15:00,611.625
2025-12-30 20:30:00,626.282
2025-12-30 20:45:00,637.86
2025-12-30 21:00:00,639.503
2025-12-30 21:15:00,634.405
2025-12-30 21:30:00,638.537
2025-12-30 21:45:00,646.302
2025-12-30 22:00:00,638.638
2025-12-30 22:15:00,627.438
2025-12-30 22:30:00,609.465
2025-12-30 22:45:00,606.222
2025-12-30 23:00:00,597.847
2025-12-30 23:15:00,592.378
2025-12-30 23:30:00,599.237
2025-12-30 23:45:00,587.33
2025-12-31 00:00:00,597.255
2025-12-31 00:15:00,583.287
2025-12-31 00:30:00,593.125
2025-12-31 00:45:00,600.685
2025-12-31 01:00:00,615.335
2025-12-31 01:15:00,655.703
2025-12-31 01:30:00,663.297
2025-12-31 01:45:00,664.1
2025-12-31 02:00:00,692.133
2025-12-31 02:15:00,694.795
2025-12-31 02:30:00,734.955
2025-12-31 02:45:00,717.46
2025-12-31 03:00:00,693.778
2025-12-31 03:15:00,706.655
2025-12-31 03:30:00,722.732
2025-12-31 03:45:00,711.905
2025-12-31 04:00:00,689.44
2025-12-31 04:15:00,667.503
2025-12-31 04:30:00,660.333
2025-12-31 04:45:00,659.73
2025-12-31 05:00:00,674.26
2025-12-31 05:15:00,692.407
2025-12-31 05:30:00,692.96
2025-12-31 05:45:00,679.245
2025-12-31 06:00:00,688.352
2025-12-31 06:15:00,710.04
2025-12-31 06:30:00,732.078
2025-12-31 06:45:00,776.615
2025-12-31 07:00:00,787.61
2025-12-31 07:15:00,802.61
2025-12-31 07:30:00,818.98
2025-12-31 07:45:00,832.87
2025-12-31 08:00:00,823.905
2025-12-31 08:15:00,825.67
2025-12-31 08:30:00,822.208
2025-12-31 08:45:00,808.495
2025-12-31 09:00:00,810.023
2025-12-31 09:15:00,801.977
2025-12-31 09:30:00,777.032
2025-12-31 09:45:00,763.497
2025-12-31 10:00:00,754.18
2025-12-31 10:15:00,727.857
2025-12-31 10:30:00,708.959
2025-12-31 10:45:00,689.596
2025-12-31 11:00:00,653.577
2025-12-31 11:15:00,643.963
2025-12-31 11:30:00,623.668
2025-12-31 11:45:00,615.036
2025-12-31 12:00:00,617.879
2025-12-31 12:15:00,618.139
2025-12-31 12:30:00,618.164
2025-12-31 12:45:00,612.014
2025-12-31 13:00:00,600.139
2025-12-31 13:15:00,603.172
2025-12-31 13:30:00,607.352
2025-12-31 13:45:00,610.398
2025-12-31 14:00:00,605.208
2025-12-31 14:15:00,599.945
2025-12-31 14:30:00,603.21
2025-12-31 14:45:00,605.205
2025-12-31 15:00:00,615.14
2025-12-31 15:15:00,606.282
2025-12-31 15:30:00,638.323
2025-12-31 15:45:00,666.922
2025-12-31 16:00:00,692.883
2025-12-31 16:15:00,712.458
2025-12-31 16:30:00,741.847
2025-12-31 16:45:00,762.987
2025-12-31 17:00:00,778.063
2025-12-31 17:15:00,804.0
2025-12-31 17:30:00,836.153
2025-12-31 17:45:00,850.83
2025-12-31 18:00:00,868.915
2025-12-31 18:15:00,889.823
2025-12-31 18:30:00,928.145
2025-12-31 18:45:00,941.79
2025-12-31 19:00:00,980.258
2025-12-31 19:15:00,1003.19
2025-12-31 19:30:00,1020.042
2025-12-31 19:45:00,1041.955
2025-12-31 20:00:00,1060.142
2025-12-31 20:15:00,1070.137
2025-12-31 20:30:00,1082.375
2025-12-31 20:45:00,1089.427
2025-12-31 21:00:00,1099.93
2025-12-31 21:15:00,1135.963
2025-12-31 21:30:00,1177.735
2025-12-31 21:45:00,1175.515
2025-12-31 22:00:00,1221.882
2025-12-31 22:15:00,1239.397
2025-12-31 22:30:00,1282.411
2025-12-31 22:45:00,1313.601
2025-12-31 23:00:00,1331.011
2025-12-31 23:15:00,1341.515
2025-12-31 23:30:00,1359.324
2025-12-31 23:45:00,1313.093
2026-01-01 00:00:00,1395.098
2026-01-01 00:15:00,1421.392
2026-01-01 00:30:00,1428.62
2026-01-01 00:45:00,1429.363
2026-01-01 01:00:00,1429.96
2026-01-01 01:15:00,1445.613
2026-01-01 01:30:00,1445.557
2026-01-01 01:45:00,1457.33
2026-01-01 02:00:00,1464.756
2026-01-01 02:15:00,1472.937
2026-01-01 02:30:00,1463.799
2026-01-01 02:45:00,1483.646
2026-01-01 03:00:00,1479.056
2026-01-01 03:15:00,1470.486
2026-01-01 03:30:00,1472.986
2026-01-01 03:45:00,1473.147
2026-01-01 04:00:00,1483.215
2026-01-01 04:15:00,1482.044
2026-01-01 04:30:00,1490.441
2026-01-01 04:45:00,1472.156
2026-01-01 05:00:00,1478.513
2026-01-01 05:15:00,1472.408
2026-01-01 05:30:00,1484.925
2026-01-01 05:45:00,1466.373
2026-01-01 06:00:00,1454.369
2026-01-01 06:15:00,1456.772
2026-01-01 06:30:00,1234.859
2026-01-01 06:45:00,1323.305
2026-01-01 07:00:00,1221.472
2026-01-01 07:15:00,1385.08
2026-01-01 07:30:00,1414.989
2026-01-01 07:45:00,1381.562
2026-01-01 08:00:00,1351.632
2026-01-01 08:15:00,1357.06
2026-01-01 08:30:00,1370.395
2026-01-01 08:45:00,1355.616
2026-01-01 09:00:00,1328.36
2026-01-01 09:15:00,1303.253
2026-01-01 09:30:00,1274.403
2026-01-01 09:45:00,1268.711
2026-01-01 10:00:00,1231.089
2026-01-01 10:15:00,1213.549
2026-01-01 10:30:00,1188.386
2026-01-01 10:45:00,1209.252
2026-01-01 11:00:00,1184.157
2026-01-01 11:15:00,1158.332
2026-01-01 11:30:00,1116.484
2026-01-01 11:45:00,1133.755
2026-01-01 12:00:00,1080.407
2026-01-01 12:15:00,1094.598
2026-01-01 12:30:00,1060.709
2026-01-01 12:45:00,1056.037
2026-01-01 13:00:00,1027.512
2026-01-01 13:15:00,1031.628
2026-01-01 13:30:00,1012.82
2026-01-01 13:45:00,1001.263
2026-01-01 14:00:00,984.391
2026-01-01 14:15:00,960.043
2026-01-01 14:30:00,971.179
2026-01-01 14:45:00,987.753
2026-01-01 15:00:00,996.82
2026-01-01 15:15:00,991.398
2026-01-01 15:30:00,994.188
2026-01-01 15:45:00,986.66
2026-01-01 16:00:00,990.007
2026-01-01 16:15:00,980.224
2026-01-01 16:30:00,990.363
2026-01-01 16:45:00,1004.618
2026-01-01 17:00:00,1001.466
2026-01-01 17:15:00,990.124
2026-01-01 17:30:00,996.199
2026-01-01 17:45:00,999.611
2026-01-01 18:00:00,979.195
2026-01-01 18:15:00,966.497
2026-01-01 18:30:00,963.449
2026-01-01 18:45:00,952.319
2026-01-01 19:00:00,943.57
2026-01-01 19:15:00,942.496
2026-01-01 19:30:00,932.753
2026-01-01 19:45:00,927.83
2026-01-01 20:00:00,911.986
2026-01-01 20:15:00,905.355
2026-01-01 20:30:00,906.766
2026-01-01 20:45:00,889.021
2026-01-01 21:00:00,871.063
2026-01-01 21:15:00,846.173
2026-01-01 21:30:00,818.615
2026-01-01 21:45:00,803.56
2026-01-01 22:00:00,787.05
2026-01-01 22:15:00,790.783
2026-01-01 22:30:00,788.62
2026-01-01 22:45:00,773.57
2026-01-01 23:00:00,748.148
2026-01-01 23:15:00,749.275
2026-01-01 23:30:00,746.133
2026-01-01 23:45:00,720.085
2026-01-02 00:00:00,708.282
2026-01-02 00:15:00,726.463
2026-01-02 00:30:00,692.888
2026-01-02 00:45:00,703.578
2026-01-02 01:00:00,688.705
2026-01-02 01:15:00,690.013
2026-01-02 01:30:00,693.745
2026-01-02 01:45:00,677.125
2026-01-02 02:00:00,650.445
2026-01-02 02:15:00,640.04
2026-01-02 02:30:00,646.25
2026-01-02 02:45:00,627.982
2026-01-02 03:00:00,632.828
2026-01-02 03:15:00,663.383
2026-01-02 03:30:00,665.57
2026-01-02 03:45:00,672.188
2026-01-02 04:00:00,654.755
2026-01-02 04:15:00,644.455
2026-01-02 04:30:00,648.182
2026-01-02 04:45:00,665.025
2026-01-02 05:00:00,691.09
2026-01-02 05:15:00,697.06
2026-01-02 05:30:00,695.742
2026-01-02 05:45:00,697.503
2026-01-02 06:00:00,689.508
2026-01-02 06:15:00,672.615
2026-01-02 06:30:00,671.21
2026-01-02 06:45:00,665.7
2026-01-02 07:00:00,654.3
2026-01-02 07:15:00,626.74
2026-01-02 07:30:00,625.617
2026-01-02 07:45:00,647.93
2026-01-02 08:00:00,647.438
2026-01-02 08:15:00,633.105
2026-01-02 08:30:00,621.99
2026-01-02 08:45:00,619.105
2026-01-02 09:00:00,630.885
2026-01-02 09:15:00,624.388
2026-01-02 09:30:00,608.422
2026-01-02 09:45:00,597.662
2026-01-02 10:00:00,589.432
2026-01-02 10:15:00,573.537
2026-01-02 10:30:00,576.25
2026-01-02 10:45:00,548.09
2026-01-02 11:00:00,534.876
2026-01-02 11:15:00,521.198
2026-01-02 11:30:00,488.788
2026-01-02 11:45:00,496.915
2026-01-02 12:00:00,502.495
2026-01-02 12:15:00,476.552
2026-01-02 12:30:00,475.922
2026-01-02 12:45:00,472.557
2026-01-02 13:00:00,465.7
2026-01-02 13:15:00,487.005
2026-01-02 13:30:00,489.35
2026-01-02 13:45:00,486.943
2026-01-02 14:00:00,484.398
2026-01-02 14:15:00,490.05
2026-01-02 14:30:00,488.5
2026-01-02 14:45:00,495.013
2026-01-02 15:00:00,524.17
2026-01-02 15:15:00,518.225
2026-01-02 15:30:00,514.857
2026-01-02 15:45:00,506.84
2026-01-02 16:00:00,538.095
2026-01-02 16:15:00,514.38
2026-01-02 16:30:00,514.502
2026-01-02 16:45:00,519.135
2026-01-02 17:00:00,511.041
2026-01-02 17:15:00,503.354
2026-01-02 17:30:00,519.143
2026-01-02 17:45:00,545.396
2026-01-02 18:00:00,558.088
2026-01-02 18:15:00,578.256
2026-01-02 18:30:00,579.345
2026-01-02 18:45:00,599.938
2026-01-02 19:00:00,613.085
2026-01-02 19:15:00,604.068
2026-01-02 19:30:00,607.735
2026-01-02 19:45:00,603.157
2026-01-02 20:00:00,575.405
2026-01-02 20:15:00,569.895
2026-01-02 20:30:00,555.455
2026-01-02 20:45:00,544.13
2026-01-02 21:00:00,544.31
2026-01-02 21:15:00,526.714
2026-01-02 21:30:00,502.378
2026-01-02 21:45:00,492.816
2026-01-02 22:00:00,476.515
2026-01-02 22:15:00,466.0
2026-01-02 22:30:00,448.335
2026-01-02 22:45:00,436.385
2026-01-02 23:00:00,413.628
2026-01-02 23:15:00,396.242
2026-01-02 23:30:00,387.668
2026-01-02 23:45:00,423.668
2026-01-03 00:00:00,365.259
2026-01-03 00:15:00,345.801
2026-01-03 00:30:00,356.756
2026-01-03 00:45:00,332.65
2026-01-03 01:00:00,325.275
2026-01-03 01:15:00,302.003
2026-01-03 01:30:00,284.943
2026-01-03 01:45:00,293.063
2026-01-03 02:00:00,284.638
2026-01-03 02:15:00,279.008
2026-01-03 02:30:00,262.655
2026-01-03 02:45:00,259.832
2026-01-03 03:00:00,252.732
2026-01-03 03:15:00,249.075
2026-01-03 03:30:00,245.188
2026-01-03 03:45:00,248.122
2026-01-03 04:00:00,241.682
2026-01-03 04:15:00,230.247
2026-01-03 04:30:00,220.497
2026-01-03 04:45:00,208.512
2026-01-03 05:00:00,208.72
2026-01-03 05:15:00,194.512
2026-01-03 05:30:00,202.28
2026-01-03 05:45:00,210.527
2026-01-03 06:00:00,212.008
2026-01-03 06:15:00,216.74
2026-01-03 06:30:00,218.833
2026-01-03 06:45:00,227.783
2026-01-03 07:00:00,215.27
2026-01-03 07:15:00,210.742
2026-01-03 07:30:00,213.245
2026-01-03 07:45:00,197.807
2026-01-03 08:00:00,190.49
2026-01-03 08:15:00,182.242
2026-01-03 08:30:00,181.208
2026-01-03 08:45:00,182.768
2026-01-03 09:00:00,189.628
2026-01-03 09:15:00,185.997
2026-01-03 09:30:00,185.018
2026-01-03 09:45:00,181.438
2026-01-03 10:00:00,166.518
2026-01-03 10:15:00,159.973
2026-01-03 10:30:00,145.238
2026-01-03 10:45:00,159.01
2026-01-03 11:00:00,155.348
2026-01-03 11:15:00,163.452
2026-01-03 11:30:00,147.545
2026-01-03 11:45:00,145.458
2026-01-03 12:00:00,161.125
2026-01-03 12:15:00,157.25
2026-01-03 12:30:00,155.063
2026-01-03 12:45:00,203.628
2026-01-03 13:00:00,177.005
2026-01-03 13:15:00,187.158
2026-01-03 13:30:00,185.685
2026-01-03 13:45:00,190.46
2026-01-03 14:00:00,198.18
2026-01-03 14:15:00,202.3
2026-01-03 14:30:00,192.577
2026-01-03 14:45:00,203.128
2026-01-03 15:00:00,206.938
2026-01-03 15:15:00,194.932
2026-01-03 15:30:00,190.682
2026-01-03 15:45:00,189.65
2026-01-03 16:00:00,220.553
2026-01-03 16:15:00,224.947
2026-01-03 16:30:00,224.845
2026-01-03 16:45:00,221.845
2026-01-03 17:00:00,215.985
2026-01-03 17:15:00,224.497
2026-01-03 17:30:00,220.992
2026-01-03 17:45:00,263.805
2026-01-03 18:00:00,257.888
2026-01-03 18:15:00,269.505
2026-01-03 18:30:00,299.987
2026-01-03 18:45:00,296.835
2026-01-03 19:00:00,327.11
2026-01-03 19:15:00,340.745
2026-01-03 19:30:00,349.35
2026-01-03 19:45:00,372.955
2026-01-03 20:00:00,385.53
2026-01-03 20:15:00,386.038
2026-01-03 20:30:00,386.23
2026-01-03 20:45:00,397.01
2026-01-03 21:00:00,404.617
2026-01-03 21:15:00,411.78
2026-01-03 21:30:00,408.69
2026-01-03 21:45:00,415.235
2026-01-03 22:00:00,421.865
2026-01-03 22:15:00,424.073
2026-01-03 22:30:00,421.745
2026-01-03 22:45:00,432.277
2026-01-03 23:00:00,432.922
2026-01-03 23:15:00,411.763
2026-01-03 23:30:00,425.345
2026-01-03 23:45:00,448.745
2026-01-04 00:00:00,468.092
2026-01-04 00:15:00,473.195
2026-01-04 00:30:00,477.855
2026-01-04 00:45:00,476.098
2026-01-04 01:00:00,490.767
2026-01-04 01:15:00,503.688
2026-01-04 01:30:00,489.913
2026-01-04 01:45:00,494.348
2026-01-04 02:00:00,488.033
2026-01-04 02:15:00,493.573
2026-01-04 02:30:00,487.445
2026-01-04 02:45:00,481.78
2026-01-04 03:00:00,498.5
2026-01-04 03:15:00,503.793
2026-01-04 03:30:00,505.547
2026-01-04 03:45:00,537.893
2026-01-04 04:00:00,564.323
2026-01-04 04:15:00,554.917
2026-01-04 04:30:00,513.02
2026-01-04 04:45:00,485.712
2026-01-04 05:00:00,482.82
2026-01-04 05:15:00,486.26
2026-01-04 05:30:00,495.87
2026-01-04 05:45:00,479.788
2026-01-04 06:00:00,461.617
2026-01-04 06:15:00,456.293
2026-01-04 06:30:00,453.013
2026-01-04 06:45:00,445.443
2026-01-04 07:00:00,452.705
2026-01-04 07:15:00,441.415
2026-01-04 07:30:00,441.158
2026-01-04 07:45:00,436.557
2026-01-04 08:00:00,411.405
2026-01-04 08:15:00,399.013
2026-01-04 08:30:00,387.027
2026-01-04 08:45:00,368.215
2026-01-04 09:00:00,360.987
2026-01-04 09:15:00,375.73
2026-01-04 09:30:00,377.265
2026-01-04 09:45:00,371.575
2026-01-04 10:00:00,365.717
2026-01-04 10:15:00,361.487
2026-01-04 10:30:00,352.23
2026-01-04 10:45:00,349.813
2026-01-04 11:00:00,355.545
2026-01-04 11:15:00,356.003
2026-01-04 11:30:00,343.867
2026-01-04 11:45:00,330.69
2026-01-04 12:00:00,310.395
2026-01-04 12:15:00,302.753
2026-01-04 12:30:00,294.582
2026-01-04 12:45:00,286.635
2026-01-04 13:00:00,281.307
2026-01-04 13:15:00,287.212
2026-01-04 13:30:00,279.145
2026-01-04 13:45:00,280.103
2026-01-04 14:00:00,274.163
2026-01-04 14:15:00,272.897
2026-01-04 14:30:00,270.717
2026-01-04 14:45:00,271.38
2026-01-04 15:00:00,265.897
2026-01-04 15:15:00,261.196
2026-01-04 15:30:00,267.231
2026-01-04 15:45:00,287.169
2026-01-04 16:00:00,304.761
2026-01-04 16:15:00,316.431
2026-01-04 16:30:00,302.394
2026-01-04 16:45:00,306.039
2026-01-04 17:00:00,299.337
2026-01-04 17:15:00,328.553
2026-01-04 17:30:00,347.853
2026-01-04 17:45:00,353.71
2026-01-04 18:00:00,339.725
2026-01-04 18:15:00,369.035
2026-01-04 18:30:00,382.749
2026-01-04 18:45:00,401.014
2026-01-04 19:00:00,437.223
2026-01-04 19:15:00,473.331
2026-01-04 19:30:00,502.511
2026-01-04 19:45:00,527.815
2026-01-04 20:00:00,573.895
2026-01-04 20:15:00,580.085
2026-01-04 20:30:00,596.807
2026-01-04 20:45:00,622.448
2026-01-04 21:00:00,634.047
2026-01-04 21:15:00,637.607
2026-01-04 21:30:00,648.927
2026-01-04 21:45:00,652.823
2026-01-04 22:00:00,637.484
2026-01-04 22:15:00,651.286
2026-01-04 22:30:00,661.905
2026-01-04 22:45:00,658.037
2026-01-04 23:00:00,681.775
2026-01-04 23:15:00,659.713
2026-01-04 23:30:00,695.62
2026-01-04 23:45:00,705.532
2026-01-05 00:00:00,736.906
2026-01-05 00:15:00,755.799
2026-01-05 00:30:00,795.304
2026-01-05 00:45:00,793.578
2026-01-05 01:00:00,789.28
2026-01-05 01:15:00,794.987
2026-01-05 01:30:00,771.622
2026-01-05 01:45:00,791.68
2026-01-05 02:00:00,784.633
2026-01-05 02:15:00,760.61
2026-01-05 02:30:00,733.655
2026-01-05 02:45:00,771.638
2026-01-05 03:00:00,808.21
2026-01-05 03:15:00,789.672
2026-01-05 03:30:00,823.065
2026-01-05 03:45:00,829.782
2026-01-05 04:00:00,825.003
2026-01-05 04:15:00,830.583
2026-01-05 04:30:00,864.3
2026-01-05 04:45:00,867.657
2026-01-05 05:00:00,867.838
2026-01-05 05:15:00,843.22
2026-01-05 05:30:00,838.537
2026-01-05 05:45:00,839.282
2026-01-05 06:00:00,819.51
2026-01-05 06:15:00,818.472
2026-01-05 06:30:00,819.653
2026-01-05 06:45:00,816.792
2026-01-05 07:00:00,804.83
2026-01-05 07:15:00,803.997
2026-01-05 07:30:00,784.542
2026-01-05 07:45:00,765.505
2026-01-05 08:00:00,767.765
2026-01-05 08:15:00,783.737
2026-01-05 08:30:00,775.472
2026-01-05 08:45:00,773.958
2026-01-05 09:00:00,753.263
2026-01-05 09:15:00,726.905
2026-01-05 09:30:00,734.175
2026-01-05 09:45:00,721.557
2026-01-05 10:00:00,712.445
2026-01-05 10:15:00,694.085
2026-01-05 10:30:00,677.097
2026-01-05 10:45:00,669.735
2026-01-05 11:00:00,649.775
2026-01-05 11:15:00,634.818
2026-01-05 11:30:00,604.871
2026-01-05 11:45:00,586.218
2026-01-05 12:00:00,566.962
2026-01-05 12:15:00,547.512
2026-01-05 12:30:00,534.942
2026-01-05 12:45:00,511.342
2026-01-05 13:00:00,506.897
2026-01-05 13:15:00,514.524
2026-01-05 13:30:00,519.734
2026-01-05 13:45:00,489.194
2026-01-05 14:00:00,478.142
2026-01-05 14:15:00,526.188
2026-01-05 14:30:00,497.158
2026-01-05 14:45:00,519.04
2026-01-05 15:00:00,510.397
2026-01-05 15:15:00,497.455
2026-01-05 15:30:00,500.496
2026-01-05 15:45:00,501.366
2026-01-05 16:00:00,513.801
2026-01-05 16:15:00,522.809
2026-01-05 16:30:00,554.6
2026-01-05 16:45:00,577.435
2026-01-05 17:00:00,605.977
2026-01-05 17:15:00,605.987
2026-01-05 17:30:00,595.766
2026-01-05 17:45:00,586.314
2026-01-05 18:00:00,610.763
2026-01-05 18:15:00,625.356
2026-01-05 18:30:00,653.098
2026-01-05 18:45:00,661.746
2026-01-05 19:00:00,677.004
2026-01-05 19:15:00,705.037
2026-01-05 19:30:00,732.484
2026-01-05 19:45:00,740.989
2026-01-05 20:00:00,753.164
2026-01-05 20:15:00,762.457
2026-01-05 20:30:00,762.198
2026-01-05 20:45:00,763.815
2026-01-05 21:00:00,787.872
2026-01-05 21:15:00,788.111
2026-01-05 21:30:00,798.331
2026-01-05 21:45:00,794.115
2026-01-05 22:00:00,800.354
2026-01-05 22:15:00,798.577
2026-01-05 22:30:00,769.139
2026-01-05 22:45:00,765.381
2026-01-05 23:00:00,772.205
2026-01-05 23:15:00,768.887
2026-01-05 23:30:00,753.966
2026-01-05 23:45:00,745.755
2026-01-06 00:00:00,711.376
2026-01-06 00:15:00,686.912
2026-01-06 00:30:00,673.607
2026-01-06 00:45:00,643.6
2026-01-06 01:00:00,643.357
2026-01-06 01:15:00,626.768
2026-01-06 01:30:00,613.227
2026-01-06 01:45:00,605.75
2026-01-06 02:00:00,605.935
2026-01-06 02:15:00,619.555
2026-01-06 02:30:00,623.58
2026-01-06 02:45:00,637.412
2026-01-06 03:00:00,654.245
2026-01-06 03:15:00,679.237
2026-01-06 03:30:00,691.425
2026-01-06 03:45:00,704.345
2026-01-06 04:00:00,729.145
2026-01-06 04:15:00,745.265
2026-01-06 04:30:00,764.97
2026-01-06 04:45:00,780.775
2026-01-06 05:00:00,796.378
2026-01-06 05:15:00,813.907
2026-01-06 05:30:00,828.458
2026-01-06 05:45:00,843.14
2026-01-06 06:00:00,884.487
2026-01-06 06:15:00,868.857
2026-01-06 06:30:00,859.403
2026-01-06 06:45:00,845.878
2026-01-06 07:00:00,835.305
2026-01-06 07:15:00,838.625
2026-01-06 07:30:00,827.11
2026-01-06 07:45:00,819.315
2026-01-06 08:00:00,802.532
2026-01-06 08:15:00,792.42
2026-01-06 08:30:00,794.205
2026-01-06 08:45:00,801.866
2026-01-06 09:00:00,799.48
2026-01-06 09:15:00,799.672
2026-01-06 09:30:00,781.66
2026-01-06 09:45:00,766.749
2026-01-06 10:00:00,749.625
2026-01-06 10:15:00,697.353
2026-01-06 10:30:00,684.745
2026-01-06 10:45:00,615.11
2026-01-06 11:00:00,666.292
2026-01-06 11:15:00,645.113
2026-01-06 11:30:00,616.865
2026-01-06 11:45:00,488.59
2026-01-06 12:00:00,562.402
2026-01-06 12:15:00,534.497
2026-01-06 12:30:00,565.787
2026-01-06 12:45:00,495.652
2026-01-06 13:00:00,607.865
2026-01-06 13:15:00,601.624
2026-01-06 13:30:00,640.095
2026-01-06 13:45:00,602.207
2026-01-06 14:00:00,567.112
2026-01-06 14:15:00,532.487
2026-01-06 14:30:00,550.742
2026-01-06 14:45:00,512.609
2026-01-06 15:00:00,483.101
2026-01-06 15:15:00,464.916
2026-01-06 15:30:00,525.528
2026-01-06 15:45:00,534.128
2026-01-06 16:00:00,617.465
2026-01-06 16:15:00,609.515
2026-01-06 16:30:00,598.953
2026-01-06 16:45:00,623.19
2026-01-06 17:00:00,630.153
2026-01-06 17:15:00,654.523
2026-01-06 17:30:00,697.042
2026-01-06 17:45:00,692.745
2026-01-06 18:00:00,664.898
2026-01-06 18:15:00,651.157
2026-01-06 18:30:00,650.095
2026-01-06 18:45:00,668.198
2026-01-06 19:00:00,704.86
2026-01-06 19:15:00,730.44
2026-01-06 19:30:00,752.648
2026-01-06 19:45:00,777.513
2026-01-06 20:00:00,793.195
2026-01-06 20:15:00,816.14
2026-01-06 20:30:00,814.155
2026-01-06 20:45:00,817.839
2026-01-06 21:00:00,812.186
2026-01-06 21:15:00,802.86
2026-01-06 21:30:00,800.554
2026-01-06 21:45:00,787.773
2026-01-06 22:00:00,776.46
2026-01-06 22:15:00,710.561
2026-01-06 22:30:00,693.079
2026-01-06 22:45:00,718.374
2026-01-06 23:00:00,695.573
2026-01-06 23:15:00,675.078
2026-01-06 23:30:00,646.547
2026-01-06 23:45:00,652.643
2026-01-07 00:00:00,631.414
2026-01-07 00:15:00,630.371
2026-01-07 00:30:00,649.916
2026-01-07 00:45:00,640.091
2026-01-07 01:00:00,663.484
2026-01-07 01:15:00,662.023
2026-01-07 01:30:00,670.981
2026-01-07 01:45:00,666.075
2026-01-07 02:00:00,664.364
2026-01-07 02:15:00,669.839
2026-01-07 02:30:00,686.125
2026-01-07 02:45:00,669.119
2026-01-07 03:00:00,679.015
2026-01-07 03:15:00,669.422
2026-01-07 03:30:00,676.273
2026-01-07 03:45:00,699.535
2026-01-07 04:00:00,714.64
2026-01-07 04:15:00,730.64
2026-01-07 04:30:00,743.45
2026-01-07 04:45:00,751.34
2026-01-07 05:00:00,765.935
2026-01-07 05:15:00,767.11
2026-01-07 05:30:00,785.515
2026-01-07 05:45:00,780.862
2026-01-07 06:00:00,790.573
2026-01-07 06:15:00,795.917
2026-01-07 06:30:00,796.778
2026-01-07 06:45:00,785.12
2026-01-07 07:00:00,785.8
2026-01-07 07:15:00,781.698
2026-01-07 07:30:00,776.98
2026-01-07 07:45:00,755.557
2026-01-07 08:00:00,731.309
2026-01-07 08:15:00,721.706
2026-01-07 08:30:00,710.876
2026-01-07 08:45:00,690.5
2026-01-07 09:00:00,665.779
2026-01-07 09:15:00,636.141
2026-01-07 09:30:00,611.584
2026-01-07 09:45:00,594.81
2026-01-07 10:00:00,575.215
2026-01-07 10:15:00,544.138
2026-01-07 10:30:00,492.163
2026-01-07 10:45:00,486.491
2026-01-07 11:00:00,485.805
2026-01-07 11:15:00,461.867
2026-01-07 11:30:00,443.55
2026-01-07 11:45:00,417.851
2026-01-07 12:00:00,434.858
2026-01-07 12:15:00,445.527
2026-01-07 12:30:00,433.21
2026-01-07 12:45:00,425.56
2026-01-07 13:00:00,439.005
2026-01-07 13:15:00,454.485
2026-01-07 13:30:00,468.797
2026-01-07 13:45:00,503.085
2026-01-07 14:00:00,483.435
2026-01-07 14:15:00,442.785
2026-01-07 14:30:00,470.089
2026-01-07 14:45:00,529.465
2026-01-07 15:00:00,512.802
2026-01-07 15:15:00,493.253
2026-01-07 15:30:00,465.897
2026-01-07 15:45:00,481.035
2026-01-07 16:00:00,505.805
2026-01-07 16:15:00,515.477
2026-01-07 16:30:00,521.922
2026-01-07 16:45:00,525.32
2026-01-07 17:00:00,515.823
2026-01-07 17:15:00,514.14
2026-01-07 17:30:00,521.85
2026-01-07 17:45:00,512.79
2026-01-07 18:00:00,507.073
2026-01-07 18:15:00,516.575
2026-01-07 18:30:00,520.896
2026-01-07 18:45:00,553.004
2026-01-07 19:00:00,570.504
2026-01-07 19:15:00,577.206
2026-01-07 19:30:00,594.801
2026-01-07 19:45:00,610.96
2026-01-07 20:00:00,586.749
2026-01-07 20:15:00,604.325
2026-01-07 20:30:00,601.224
2026-01-07 20:45:00,611.588
2026-01-07 21:00:00,576.376
2026-01-07 21:15:00,596.225
2026-01-07 21:30:00,592.241
2026-01-07 21:45:00,606.556
2026-01-07 22:00:00,624.539
2026-01-07 22:15:00,624.471
2026-01-07 22:30:00,637.398
2026-01-07 22:45:00,659.667
2026-01-07 23:00:00,674.828
2026-01-07 23:15:00,686.262
2026-01-07 23:30:00,678.015
2026-01-07 23:45:00,676.47
2026-01-08 00:00:00,687.016
2026-01-08 00:15:00,696.861
2026-01-08 00:30:00,683.169
2026-01-08 00:45:00,699.278
2026-01-08 01:00:00,711.38
2026-01-08 01:15:00,713.661
2026-01-08 01:30:00,729.109
2026-01-08 01:45:00,751.063
2026-01-08 02:00:00,768.47
2026-01-08 02:15:00,798.657
2026-01-08 02:30:00,799.412
2026-01-08 02:45:00,815.388
2026-01-08 03:00:00,842.747
2026-01-08 03:15:00,862.542
2026-01-08 03:30:00,891.735
2026-01-08 03:45:00,909.16
2026-01-08 04:00:00,923.227
2026-01-08 04:15:00,959.52
2026-01-08 04:30:00,985.98
2026-01-08 04:45:00,1000.835
2026-01-08 05:00:00,1020.985
2026-01-08 05:15:00,1032.505
2026-01-08 05:30:00,1045.938
2026-01-08 05:45:00,1056.51
2026-01-08 06:00:00,1051.655
2026-01-08 06:15:00,1059.99
2026-01-08 06:30:00,1064.195
2026-01-08 06:45:00,1056.44
2026-01-08 07:00:00,1055.042
2026-01-08 07:15:00,1055.86
2026-01-08 07:30:00,1058.537
2026-01-08 07:45:00,1057.895
2026-01-08 08:00:00,1055.18
2026-01-08 08:15:00,1037.445
2026-01-08 08:30:00,1022.96
2026-01-08 08:45:00,988.935
2026-01-08 09:00:00,964.735
2026-01-08 09:15:00,921.208
2026-01-08 09:30:00,884.693
2026-01-08 09:45:00,839.891
2026-01-08 10:00:00,732.103
2026-01-08 10:15:00,591.439
2026-01-08 10:30:00,574.579
2026-01-08 10:45:00,492.979
2026-01-08 11:00:00,638.725
2026-01-08 11:15:00,609.768
2026-01-08 11:30:00,553.907
2026-01-08 11:45:00,504.002
2026-01-08 12:00:00,516.185
2026-01-08 12:15:00,511.358
2026-01-08 12:30:00,482.737
2026-01-08 12:45:00,439.845
2026-01-08 13:00:00,408.165
2026-01-08 13:15:00,431.065
2026-01-08 13:30:00,429.008
2026-01-08 13:45:00,397.0
2026-01-08 14:00:00,361.644
2026-01-08 14:15:00,327.754
2026-01-08 14:30:00,347.401
2026-01-08 14:45:00,351.55
2026-01-08 15:00:00,400.092
2026-01-08 15:15:00,407.62
2026-01-08 15:30:00,403.592
2026-01-08 15:45:00,414.285
2026-01-08 16:00:00,423.16
2026-01-08 16:15:00,444.473
2026-01-08 16:30:00,479.747
2026-01-08 16:45:00,477.168
2026-01-08 17:00:00,492.77
2026-01-08 17:15:00,510.432
2026-01-08 17:30:00,523.463
2026-01-08 17:45:00,529.393
2026-01-08 18:00:00,535.128
2026-01-08 18:15:00,543.44
2026-01-08 18:30:00,557.29
2026-01-08 18:45:00,587.69
2026-01-08 19:00:00,604.927
2026-01-08 19:15:00,634.48
2026-01-08 19:30:00,634.607
2026-01-08 19:45:00,639.005
2026-01-08 20:00:00,635.235
2026-01-08 20:15:00,623.667
2026-01-08 20:30:00,607.7
2026-01-08 20:45:00,586.155
2026-01-08 21:00:00,560.552
2026-01-08 21:15:00,544.232
2026-01-08 21:30:00,530.285
2026-01-08 21:45:00,506.565
2026-01-08 22:00:00,487.77
2026-01-08 22:15:00,458.158
2026-01-08 22:30:00,425.065
2026-01-08 22:45:00,403.717
2026-01-08 23:00:00,377.38
2026-01-08 23:15:00,358.7
2026-01-08 23:30:00,333.172
2026-01-08 23:45:00,313.39
2026-01-09 00:00:00,291.777
2026-01-09 00:15:00,274.98
2026-01-09 00:30:00,273.767
2026-01-09 00:45:00,256.285
2026-01-09 01:00:00,249.053
2026-01-09 01:15:00,239.408
2026-01-09 01:30:00,228.137
2026-01-09 01:45:00,207.008
2026-01-09 02:00:00,202.262
2026-01-09 02:15:00,199.345
2026-01-09 02:30:00,203.212
2026-01-09 02:45:00,197.515
2026-01-09 03:00:00,199.277
2026-01-09 03:15:00,193.512
2026-01-09 03:30:00,196.785
2026-01-09 03:45:00,192.485
2026-01-09 04:00:00,190.607
2026-01-09 04:15:00,186.41
2026-01-09 04:30:00,181.185
2026-01-09 04:45:00,177.975
2026-01-09 05:00:00,172.62
2026-01-09 05:15:00,170.938
2026-01-09 05:30:00,169.923
2026-01-09 05:45:00,164.048
2026-01-09 06:00:00,169.492
2026-01-09 06:15:00,172.825
2026-01-09 06:30:00,175.473
2026-01-09 06:45:00,179.135
2026-01-09 07:00:00,184.1
2026-01-09 07:15:00,187.107
2026-01-09 07:30:00,189.515
2026-01-09 07:45:00,190.46
2026-01-09 08:00:00,197.557
2026-01-09 08:15:00,196.365
2026-01-09 08:30:00,192.735
2026-01-09 08:45:00,190.063
2026-01-09 09:00:00,198.37
2026-01-09 09:15:00,190.895
2026-01-09 09:30:00,184.38
2026-01-09 09:45:00,179.673
2026-01-09 10:00:00,171.775
2026-01-09 10:15:00,167.408
2026-01-09 10:30:00,157.275
2026-01-09 10:45:00,156.033
2026-01-09 11:00:00,154.938
2026-01-09 11:15:00,149.837
2026-01-09 11:30:00,145.913
2026-01-09 11:45:00,123.402
2026-01-09 12:00:00,141.16
2026-01-09 12:15:00,132.72
2026-01-09 12:30:00,126.127
2026-01-09 12:45:00,119.11
2026-01-09 13:00:00,120.277
2026-01-09 13:15:00,119.397
2026-01-09 13:30:00,118.527
2026-01-09 13:45:00,112.137
2026-01-09 14:00:00,112.438
2026-01-09 14:15:00,105.355
2026-01-09 14:30:00,99.745
2026-01-09 14:45:00,95.365
2026-01-09 15:00:00,93.82
2026-01-09 15:15:00,90.2
2026-01-09 15:30:00,89.88
2026-01-09 15:45:00,90.96
2026-01-09 16:00:00,89.22
2026-01-09 16:15:00,83.805
2026-01-09 16:30:00,85.683
2026-01-09 16:45:00,89.87
2026-01-09 17:00:00,97.107
2026-01-09 17:15:00,104.247
2026-01-09 17:30:00,114.855
2026-01-09 17:45:00,124.158
2026-01-09 18:00:00,134.75
2026-01-09 18:15:00,143.44
2026-01-09 18:30:00,161.943
2026-01-09 18:45:00,180.148
2026-01-09 19:00:00,201.563
2026-01-09 19:15:00,221.615
2026-01-09 19:30:00,233.63
2026-01-09 19:45:00,253.783
2026-01-09 20:00:00,264.473
2026-01-09 20:15:00,269.568
2026-01-09 20:30:00,273.585
2026-01-09 20:45:00,281.115
2026-01-09 21:00:00,278.728
2026-01-09 21:15:00,281.49
2026-01-09 21:30:00,278.473
2026-01-09 21:45:00,280.568
2026-01-09 22:00:00,286.33
2026-01-09 22:15:00,286.973
2026-01-09 22:30:00,285.22
2026-01-09 22:45:00,289.272
2026-01-09 23:00:00,282.485
2026-01-09 23:15:00,274.008
2026-01-09 23:30:00,267.34
2026-01-09 23:45:00,260.513
2026-01-10 00:00:00,256.527
2026-01-10 00:15:00,248.725
2026-01-10 00:30:00,259.13
2026-01-10 00:45:00,256.465
2026-01-10 01:00:00,250.792
2026-01-10 01:15:00,244.855
2026-01-10 01:30:00,235.0
2026-01-10 01:45:00,231.158
2026-01-10 02:00:00,223.315
2026-01-10 02:15:00,211.935
2026-01-10 02:30:00,204.555
2026-01-10 02:45:00,197.878
2026-01-10 03:00:00,185.015
2026-01-10 03:15:00,181.163
2026-01-10 03:30:00,170.033
2026-01-10 03:45:00,156.413
2026-01-10 04:00:00,141.925
2026-01-10 04:15:00,131.745
2026-01-10 04:30:00,121.613
2026-01-10 04:45:00,120.247
2026-01-10 05:00:00,114.44
2026-01-10 05:15:00,110.045
2026-01-10 05:30:00,104.632
2026-01-10 05:45:00,103.598
2026-01-10 06:00:00,93.485
2026-01-10 06:15:00,90.705
2026-01-10 06:30:00,88.113
2026-01-10 06:45:00,86.02
2026-01-10 07:00:00,83.363
2026-01-10 07:15:00,83.745
2026-01-10 07:30:00,85.908
2026-01-10 07:45:00,81.16
2026-01-10 08:00:00,84.07
2026-01-10 08:15:00,96.96
2026-01-10 08:30:00,122.168
2026-01-10 08:45:00,130.432
2026-01-10 09:00:00,144.91
2026-01-10 09:15:00,146.083
2026-01-10 09:30:00,153.54
2026-01-10 09:45:00,155.585
2026-01-10 10:00:00,164.432
2026-01-10 10:15:00,174.445
2026-01-10 10:30:00,174.803
2026-01-10 10:45:00,177.938
2026-01-10 11:00:00,183.52
2026-01-10 11:15:00,193.84
2026-01-10 11:30:00,200.637
2026-01-10 11:45:00,203.475
2026-01-10 12:00:00,216.423
2026-01-10 12:15:00,227.58
2026-01-10 12:30:00,250.988
2026-01-10 12:45:00,278.035
2026-01-10 13:00:00,309.81
2026-01-10 13:15:00,343.027
2026-01-10 13:30:00,373.775
2026-01-10 13:45:00,415.41
2026-01-10 14:00:00,439.043
2026-01-10 14:15:00,465.112
2026-01-10 14:30:00,488.9
2026-01-10 14:45:00,531.495
2026-01-10 15:00:00,576.46
2026-01-10 15:15:00,623.7
2026-01-10 15:30:00,683.31
2026-01-10 15:45:00,737.888
2026-01-10 16:00:00,795.8
2026-01-10 16:15:00,850.922
2026-01-10 16:30:00,906.468
2026-01-10 16:45:00,968.225
2026-01-10 17:00:00,1014.633
2026-01-10 17:15:00,1054.547
2026-01-10 17:30:00,1070.235
2026-01-10 17:45:00,1113.276
2026-01-10 18:00:00,1146.946
2026-01-10 18:15:00,1197.948
2026-01-10 18:30:00,1230.813
2026-01-10 18:45:00,1292.365
2026-01-10 19:00:00,1336.662
2026-01-10 19:15:00,1375.522
2026-01-10 19:30:00,1421.75
2026-01-10 19:45:00,1460.042
2026-01-10 20:00:00,1472.895
2026-01-10 20:15:00,1483.098
2026-01-10 20:30:00,1491.313
2026-01-10 20:45:00,1501.145
2026-01-10 21:00:00,1483.1
2026-01-10 21:15:00,1478.502
2026-01-10 21:30:00,1454.64
2026-01-10 21:45:00,1443.295
2026-01-10 22:00:00,1423.927
2026-01-10 22:15:00,1410.065
2026-01-10 22:30:00,1391.44
2026-01-10 22:45:00,1366.605
2026-01-10 23:00:00,1327.238
2026-01-10 23:15:00,1306.157
2026-01-10 23:30:00,1274.682
2026-01-10 23:45:00,1244.953
2026-01-11 00:00:00,1191.353
2026-01-11 00:15:00,1153.705
2026-01-11 00:30:00,1113.877
2026-01-11 00:45:00,1106.8
2026-01-11 01:00:00,1110.62
2026-01-11 01:15:00,1091.58
2026-01-11 01:30:00,1054.62
2026-01-11 01:45:00,1009.693
2026-01-11 02:00:00,1005.833
2026-01-11 02:15:00,994.537
2026-01-11 02:30:00,992.105
2026-01-11 02:45:00,978.177
2026-01-11 03:00:00,978.235
2026-01-11 03:15:00,965.343
2026-01-11 03:30:00,968.367
2026-01-11 03:45:00,965.922
2026-01-11 04:00:00,968.073
2026-01-11 04:15:00,965.44
2026-01-11 04:30:00,962.54
2026-01-11 04:45:00,973.763
2026-01-11 05:00:00,976.403
2026-01-11 05:15:00,989.085
2026-01-11 05:30:00,977.518
2026-01-11 05:45:00,958.378
2026-01-11 06:00:00,935.768
2026-01-11 06:15:00,920.972
2026-01-11 06:30:00,907.443
2026-01-11 06:45:00,893.66
2026-01-11 07:00:00,873.845
2026-01-11 07:15:00,866.585
2026-01-11 07:30:00,837.477
2026-01-11 07:45:00,808.005
2026-01-11 08:00:00,779.487
2026-01-11 08:15:00,758.265
2026-01-11 08:30:00,724.395
2026-01-11 08:45:00,683.63
2026-01-11 09:00:00,650.665
2026-01-11 09:15:00,610.23
2026-01-11 09:30:00,582.99
2026-01-11 09:45:00,497.875
2026-01-11 10:00:00,435.798
2026-01-11 10:15:00,447.432
2026-01-11 10:30:00,416.247
2026-01-11 10:45:00,398.487
2026-01-11 11:00:00,365.805
2026-01-11 11:15:00,338.147
2026-01-11 11:30:00,319.867
2026-01-11 11:45:00,303.472
2026-01-11 12:00:00,313.53
2026-01-11 12:15:00,300.897
2026-01-11 12:30:00,295.805
2026-01-11 12:45:00,266.601
2026-01-11 13:00:00,248.418
2026-01-11 13:15:00,231.273
2026-01-11 13:30:00,217.899
2026-01-11 13:45:00,199.555
2026-01-11 14:00:00,182.796
2026-01-11 14:15:00,153.897
2026-01-11 14:30:00,142.059
2026-01-11 14:45:00,143.504
2026-01-11 15:00:00,176.273
2026-01-11 15:15:00,167.885
2026-01-11 15:30:00,165.705
2026-01-11 15:45:00,167.34
2026-01-11 16:00:00,171.598
2026-01-11 16:15:00,176.99
2026-01-11 16:30:00,172.56
2026-01-11 16:45:00,181.305
2026-01-11 17:00:00,194.125
2026-01-11 17:15:00,212.115
2026-01-11 17:30:00,225.975
2026-01-11 17:45:00,247.227
2026-01-11 18:00:00,266.325
2026-01-11 18:15:00,293.948
2026-01-11 18:30:00,328.767
2026-01-11 18:45:00,375.378
2026-01-11 19:00:00,439.228
2026-01-11 19:15:00,492.948
2026-01-11 19:30:00,538.782
2026-01-11 19:45:00,581.485
2026-01-11 20:00:00,607.045
2026-01-11 20:15:00,637.8
2026-01-11 20:30:00,670.365
2026-01-11 20:45:00,685.662
2026-01-11 21:00:00,684.107
2026-01-11 21:15:00,686.955
2026-01-11 21:30:00,710.135
2026-01-11 21:45:00,704.112
2026-01-11 22:00:00,703.462
2026-01-11 22:15:00,714.14
2026-01-11 22:30:00,712.573
2026-01-11 22:45:00,707.292
2026-01-11 23:00:00,706.247
2026-01-11 23:15:00,699.128
2026-01-11 23:30:00,687.46
2026-01-11 23:45:00,698.258
2026-01-12 00:00:00,699.407
2026-01-12 00:15:00,703.654
2026-01-12 00:30:00,690.645
2026-01-12 00:45:00,671.176
2026-01-12 01:00:00,675.278
2026-01-12 01:15:00,683.583
2026-01-12 01:30:00,700.573
2026-01-12 01:45:00,723.52
2026-01-12 02:00:00,718.945
2026-01-12 02:15:00,746.67
2026-01-12 02:30:00,756.98
2026-01-12 02:45:00,768.255
2026-01-12 03:00:00,771.41
2026-01-12 03:15:00,789.275
2026-01-12 03:30:00,803.45
2026-01-12 03:45:00,820.883
2026-01-12 04:00:00,821.355
2026-01-12 04:15:00,836.958
2026-01-12 04:30:00,855.945
2026-01-12 04:45:00,864.508
2026-01-12 05:00:00,877.268
2026-01-12 05:15:00,877.305
2026-01-12 05:30:00,896.585
2026-01-12 05:45:00,896.982
2026-01-12 06:00:00,920.032
2026-01-12 06:15:00,941.018
2026-01-12 06:30:00,958.083
2026-01-12 06:45:00,982.102
2026-01-12 07:00:00,1010.653
2026-01-12 07:15:00,1030.815
2026-01-12 07:30:00,1080.685
2026-01-12 07:45:00,1087.833
2026-01-12 08:00:00,1102.637
2026-01-12 08:15:00,1090.968
2026-01-12 08:30:00,1059.252
2026-01-12 08:45:00,1051.835
2026-01-12 09:00:00,1044.718
2026-01-12 09:15:00,1032.193
2026-01-12 09:30:00,988.542
2026-01-12 09:45:00,950.682
2026-01-12 10:00:00,908.365
2026-01-12 10:15:00,865.23
2026-01-12 10:30:00,828.773
2026-01-12 10:45:00,782.065
2026-01-12 11:00:00,746.958
2026-01-12 11:15:00,719.15
2026-01-12 11:30:00,677.682
2026-01-12 11:45:00,652.867
2026-01-12 12:00:00,634.958
2026-01-12 12:15:00,602.768
2026-01-12 12:30:00,597.31
2026-01-12 12:45:00,595.487
2026-01-12 13:00:00,595.065
2026-01-12 13:15:00,585.595
2026-01-12 13:30:00,584.508
2026-01-12 13:45:00,585.4
2026-01-12 14:00:00,572.867
2026-01-12 14:15:00,557.875
2026-01-12 14:30:00,536.92
2026-01-12 14:45:00,520.693
2026-01-12 15:00:00,514.305
2026-01-12 15:15:00,496.342
2026-01-12 15:30:00,493.045
2026-01-12 15:45:00,488.38
2026-01-12 16:00:00,470.66
2026-01-12 16:15:00,457.522
2026-01-12 16:30:00,450.258
2026-01-12 16:45:00,440.883
2026-01-12 17:00:00,439.603
2026-01-12 17:15:00,435.558
2026-01-12 17:30:00,446.122
2026-01-12 17:45:00,423.497
2026-01-12 18:00:00,401.024
2026-01-12 18:15:00,419.365
2026-01-12 18:30:00,433.01
2026-01-12 18:45:00,439.24
2026-01-12 19:00:00,445.517
2026-01-12 19:15:00,463.913
2026-01-12 19:30:00,489.688
2026-01-12 19:45:00,501.242
2026-01-12 20:00:00,516.995
2026-01-12 20:15:00,507.995
2026-01-12 20:30:00,518.19
2026-01-12 20:45:00,514.03
2026-01-12 21:00:00,500.258
2026-01-12 21:15:00,493.035
2026-01-12 21:30:00,480.985
2026-01-12 21:45:00,491.235
2026-01-12 22:00:00,488.055
2026-01-12 22:15:00,487.047
2026-01-12 22:30:00,485.043
2026-01-12 22:45:00,484.56
2026-01-12 23:00:00,486.508
2026-01-12 23:15:00,472.33
2026-01-12 23:30:00,464.277
2026-01-12 23:45:00,468.487
2026-01-13 00:00:00,464.182
2026-01-13 00:15:00,447.474
2026-01-13 00:30:00,435.381
2026-01-13 00:45:00,414.761
2026-01-13 01:00:00,399.349
2026-01-13 01:15:00,380.629
2026-01-13 01:30:00,359.655
2026-01-13 01:45:00,349.039
2026-01-13 02:00:00,338.527
2026-01-13 02:15:00,334.845
2026-01-13 02:30:00,324.35
2026-01-13 02:45:00,325.402
2026-01-13 03:00:00,319.932
2026-01-13 03:15:00,309.565
2026-01-13 03:30:00,301.425
2026-01-13 03:45:00,293.652
2026-01-13 04:00:00,277.867
2026-01-13 04:15:00,270.315
2026-01-13 04:30:00,254.615
2026-01-13 04:45:00,263.198
2026-01-13 05:00:00,265.263
2026-01-13 05:15:00,268.805
2026-01-13 05:30:00,275.087
2026-01-13 05:45:00,286.585
2026-01-13 06:00:00,302.672
2026-01-13 06:15:00,310.96
2026-01-13 06:30:00,308.656
2026-01-13 06:45:00,308.494
2026-01-13 07:00:00,317.474
2026-01-13 07:15:00,329.929
2026-01-13 07:30:00,331.584
2026-01-13 07:45:00,331.155
2026-01-13 08:00:00,328.07
2026-01-13 08:15:00,321.0
2026-01-13 08:30:00,317.427
2026-01-13 08:45:00,311.538
2026-01-13 09:00:00,298.957
2026-01-13 09:15:00,283.332
2026-01-13 09:30:00,260.045
2026-01-13 09:45:00,251.357
2026-01-13 10:00:00,234.077
2026-01-13 10:15:00,210.236
2026-01-13 10:30:00,197.593
2026-01-13 10:45:00,194.483
2026-01-13 11:00:00,190.165
2026-01-13 11:15:00,180.122
2026-01-13 11:30:00,170.185
2026-01-13 11:45:00,147.871
2026-01-13 12:00:00,154.988
2026-01-13 12:15:00,144.355
2026-01-13 12:30:00,138.063
2026-01-13 12:45:00,130.14
2026-01-13 13:00:00,127.525
2026-01-13 13:15:00,129.935
2026-01-13 13:30:00,137.473
2026-01-13 13:45:00,128.178
2026-01-13 14:00:00,116.17
2026-01-13 14:15:00,124.482
2026-01-13 14:30:00,129.168
2026-01-13 14:45:00,135.272
2026-01-13 15:00:00,154.379
2026-01-13 15:15:00,159.898
2026-01-13 15:30:00,164.41
2026-01-13 15:45:00,169.565
2026-01-13 16:00:00,172.955
2026-01-13 16:15:00,177.238
2026-01-13 16:30:00,179.113
2026-01-13 16:45:00,182.92
2026-01-13 17:00:00,181.095
2026-01-13 17:15:00,192.417
2026-01-13 17:30:00,207.327
2026-01-13 17:45:00,213.055
2026-01-13 18:00:00,207.033
2026-01-13 18:15:00,235.117
2026-01-13 18:30:00,250.695
2026-01-13 18:45:00,285.573
2026-01-13 19:00:00,325.08
2026-01-13 19:15:00,370.7
2026-01-13 19:30:00,416.747
2026-01-13 19:45:00,458.172
2026-01-13 20:00:00,503.672
2026-01-13 20:15:00,532.552
2026-01-13 20:30:00,566.093
2026-01-13 20:45:00,591.945
2026-01-13 21:00:00,608.72
2026-01-13 21:15:00,625.638
2026-01-13 21:30:00,645.78
2026-01-13 21:45:00,683.193
2026-01-13 22:00:00,708.388
2026-01-13 22:15:00,743.665
2026-01-13 22:30:00,785.532
2026-01-13 22:45:00,825.025
2026-01-13 23:00:00,848.035
2026-01-13 23:15:00,853.165
2026-01-13 23:30:00,869.005
2026-01-13 23:45:00,870.83
2026-01-14 00:00:00,898.768
2026-01-14 00:15:00,901.787
2026-01-14 00:30:00,904.157
2026-01-14 00:45:00,919.227
2026-01-14 01:00:00,948.797
2026-01-14 01:15:00,967.018
2026-01-14 01:30:00,970.125
2026-01-14 01:45:00,976.525
2026-01-14 02:00:00,1004.268
2026-01-14 02:15:00,1023.872
2026-01-14 02:30:00,1032.677
2026-01-14 02:45:00,1034.71
2026-01-14 03:00:00,1026.26
2026-01-14 03:15:00,1029.063
2026-01-14 03:30:00,1043.688
2026-01-14 03:45:00,1054.39
2026-01-14 04:00:00,1082.142
2026-01-14 04:15:00,1120.565
2026-01-14 04:30:00,1138.953
2026-01-14 04:45:00,1187.265
2026-01-14 05:00:00,1210.18
2026-01-14 05:15:00,1229.238
2026-01-14 05:30:00,1272.522
2026-01-14 05:45:00,1326.79
2026-01-14 06:00:00,1365.27
2026-01-14 06:15:00,1405.057
2026-01-14 06:30:00,1412.108
2026-01-14 06:45:00,1426.792
2026-01-14 07:00:00,1433.152
2026-01-14 07:15:00,1459.215
2026-01-14 07:30:00,1461.515
2026-01-14 07:45:00,1473.865
2026-01-14 08:00:00,1482.688
2026-01-14 08:15:00,1479.765
2026-01-14 08:30:00,1463.995
2026-01-14 08:45:00,1433.662
2026-01-14 09:00:00,1335.378
2026-01-14 09:15:00,1185.583
2026-01-14 09:30:00,1118.816
2026-01-14 09:45:00,992.015
2026-01-14 10:00:00,875.186
2026-01-14 10:15:00,926.138
2026-01-14 10:30:00,1045.155
2026-01-14 10:45:00,984.894
2026-01-14 11:00:00,930.882
2026-01-14 11:15:00,941.722
2026-01-14 11:30:00,885.153
2026-01-14 11:45:00,838.863
2026-01-14 12:00:00,887.463
2026-01-14 12:15:00,821.199
2026-01-14 12:30:00,817.552
2026-01-14 12:45:00,754.416
2026-01-14 13:00:00,684.644
2026-01-14 13:15:00,672.718
2026-01-14 13:30:00,683.403
2026-01-14 13:45:00,685.953
2026-01-14 14:00:00,671.984
2026-01-14 14:15:00,640.247
2026-01-14 14:30:00,611.736
2026-01-14 14:45:00,599.479
2026-01-14 15:00:00,633.82
2026-01-14 15:15:00,607.29
2026-01-14 15:30:00,583.045
2026-01-14 15:45:00,546.938
2026-01-14 16:00:00,535.112
2026-01-14 16:15:00,546.323
2026-01-14 16:30:00,513.143
2026-01-14 16:45:00,496.545
2026-01-14 17:00:00,459.91
2026-01-14 17:15:00,441.617
2026-01-14 17:30:00,435.867
2026-01-14 17:45:00,430.31
2026-01-14 18:00:00,423.085
2026-01-14 18:15:00,397.313
2026-01-14 18:30:00,394.015
2026-01-14 18:45:00,246.365
2026-01-14 19:00:00,257.622
2026-01-14 19:15:00,255.285
2026-01-14 19:30:00,261.622
2026-01-14 19:45:00,279.965
2026-01-14 20:00:00,272.346
2026-01-14 20:15:00,262.78
2026-01-14 20:30:00,276.16
2026-01-14 20:45:00,279.134
2026-01-14 21:00:00,294.342
2026-01-14 21:15:00,291.011
2026-01-14 21:30:00,291.885
2026-01-14 21:45:00,292.172
2026-01-14 22:00:00,286.27
2026-01-14 22:15:00,282.617
2026-01-14 22:30:00,273.888
2026-01-14 22:45:00,274.565
2026-01-14 23:00:00,272.533
2026-01-14 23:15:00,267.52
2026-01-14 23:30:00,255.572
2026-01-14 23:45:00,241.27
2026-01-15 00:00:00,253.253
2026-01-15 00:15:00,249.26
2026-01-15 00:30:00,249.01
2026-01-15 00:45:00,245.11
2026-01-15 01:00:00,246.58
2026-01-15 01:15:00,245.39
2026-01-15 01:30:00,251.167
2026-01-15 01:45:00,263.98
2026-01-15 02:00:00,280.165
2026-01-15 02:15:00,280.978
2026-01-15 02:30:00,280.568
2026-01-15 02:45:00,273.36
2026-01-15 03:00:00,278.117
2026-01-15 03:15:00,285.655
2026-01-15 03:30:00,280.828
2026-01-15 03:45:00,272.735
2026-01-15 04:00:00,280.177
2026-01-15 04:15:00,280.69
2026-01-15 04:30:00,277.665
2026-01-15 04:45:00,271.845
2026-01-15 05:00:00,262.483
2026-01-15 05:15:00,251.533
2026-01-15 05:30:00,241.7
2026-01-15 05:45:00,240.352
2026-01-15 06:00:00,224.962
2026-01-15 06:15:00,214.275
2026-01-15 06:30:00,199.268
2026-01-15 06:45:00,190.585
2026-01-15 07:00:00,188.173
2026-01-15 07:15:00,184.405
2026-01-15 07:30:00,185.413
2026-01-15 07:45:00,168.688
2026-01-15 08:00:00,150.395
2026-01-15 08:15:00,142.318
2026-01-15 08:30:00,140.333
2026-01-15 08:45:00,141.72
2026-01-15 09:00:00,141.462
2026-01-15 09:15:00,136.425
2026-01-15 09:30:00,127.435
2026-01-15 09:45:00,121.84
2026-01-15 10:00:00,123.558
2026-01-15 10:15:00,124.365
2026-01-15 10:30:00,128.077
2026-01-15 10:45:00,119.293
2026-01-15 11:00:00,118.253
2026-01-15 11:15:00,115.815
2026-01-15 11:30:00,108.003
2026-01-15 11:45:00,87.856
2026-01-15 12:00:00,93.688
2026-01-15 12:15:00,94.325
2026-01-15 12:30:00,89.488
2026-01-15 12:45:00,89.948
2026-01-15 13:00:00,91.045
2026-01-15 13:15:00,92.952
2026-01-15 13:30:00,91.277
2026-01-15 13:45:00,93.673
2026-01-15 14:00:00,98.397
2026-01-15 14:15:00,103.533
2026-01-15 14:30:00,107.207
2026-01-15 14:45:00,112.37
2026-01-15 15:00:00,114.232
2026-01-15 15:15:00,119.345
2026-01-15 15:30:00,124.495
2026-01-15 15:45:00,135.135
2026-01-15 16:00:00,133.292
2026-01-15 16:15:00,139.652
2026-01-15 16:30:00,136.288
2026-01-15 16:45:00,149.2
2026-01-15 17:00:00,151.053
2026-01-15 17:15:00,153.253
2026-01-15 17:30:00,168.592
2026-01-15 17:45:00,180.465
2026-01-15 18:00:00,199.64
2026-01-15 18:15:00,209.63
2026-01-15 18:30:00,223.798
2026-01-15 18:45:00,253.393
2026-01-15 19:00:00,277.413
2026-01-15 19:15:00,299.033
2026-01-15 19:30:00,324.57
2026-01-15 19:45:00,348.913
2026-01-15 20:00:00,357.372
2026-01-15 20:15:00,379.797
2026-01-15 20:30:00,402.1
2026-01-15 20:45:00,402.61
2026-01-15 21:00:00,439.362
2026-01-15 21:15:00,455.375
2026-01-15 21:30:00,479.043
2026-01-15 21:45:00,490.147
2026-01-15 22:00:00,504.073
2026-01-15 22:15:00,521.427
2026-01-15 22:30:00,534.528
2026-01-15 22:45:00,539.54
2026-01-15 23:00:00,551.802
2026-01-15 23:15:00,544.372
2026-01-15 23:30:00,549.032
2026-01-15 23:45:00,557.513
2026-01-16 00:00:00,564.78
2026-01-16 00:15:00,579.143
2026-01-16 00:30:00,587.165
2026-01-16 00:45:00,593.105
2026-01-16 01:00:00,587.95
2026-01-16 01:15:00,612.455
2026-01-16 01:30:00,611.177
2026-01-16 01:45:00,618.338
2026-01-16 02:00:00,622.508
2026-01-16 02:15:00,617.997
2026-01-16 02:30:00,621.565
2026-01-16 02:45:00,652.68
2026-01-16 03:00:00,672.282
2026-01-16 03:15:00,692.705
2026-01-16 03:30:00,686.28
2026-01-16 03:45:00,693.893
2026-01-16 04:00:00,703.035
2026-01-16 04:15:00,706.655
2026-01-16 04:30:00,711.023
2026-01-16 04:45:00,727.242
2026-01-16 05:00:00,720.07
2026-01-16 05:15:00,718.622
2026-01-16 05:30:00,709.492
2026-01-16 05:45:00,694.883
2026-01-16 06:00:00,699.175
2026-01-16 06:15:00,729.735
2026-01-16 06:30:00,729.468
2026-01-16 06:45:00,733.35
2026-01-16 07:00:00,736.278
2026-01-16 07:15:00,741.508
2026-01-16 07:30:00,734.975
2026-01-16 07:45:00,728.028
2026-01-16 08:00:00,725.695
2026-01-16 08:15:00,724.825
2026-01-16 08:30:00,717.417
2026-01-16 08:45:00,709.555
2026-01-16 09:00:00,699.968
2026-01-16 09:15:00,687.753
2026-01-16 09:30:00,665.573
2026-01-16 09:45:00,642.675
2026-01-16 10:00:00,639.9
2026-01-16 10:15:00,620.838
2026-01-16 10:30:00,602.05
2026-01-16 10:45:00,579.24
2026-01-16 11:00:00,559.188
2026-01-16 11:15:00,554.62
2026-01-16 11:30:00,536.85
2026-01-16 11:45:00,528.343
2026-01-16 12:00:00,522.175
2026-01-16 12:15:00,510.068
2026-01-16 12:30:00,502.07
2026-01-16 12:45:00,490.26
2026-01-16 13:00:00,467.77
2026-01-16 13:15:00,448.448
2026-01-16 13:30:00,448.392
2026-01-16 13:45:00,424.65
2026-01-16 14:00:00,414.957
2026-01-16 14:15:00,413.395
2026-01-16 14:30:00,405.725
2026-01-16 14:45:00,376.057
2026-01-16 15:00:00,353.045
2026-01-16 15:15:00,340.892
2026-01-16 15:30:00,325.508
2026-01-16 15:45:00,315.84
2026-01-16 16:00:00,303.188
2026-01-16 16:15:00,279.945
2026-01-16 16:30:00,272.462
2026-01-16 16:45:00,268.535
2026-01-16 17:00:00,249.6
2026-01-16 17:15:00,247.3
2026-01-16 17:30:00,231.077
2026-01-16 17:45:00,236.982
2026-01-16 18:00:00,234.428
2026-01-16 18:15:00,240.665
2026-01-16 18:30:00,236.315
2026-01-16 18:45:00,255.93
2026-01-16 19:00:00,256.462
2026-01-16 19:15:00,263.462
2026-01-16 19:30:00,269.888
2026-01-16 19:45:00,280.997
2026-01-16 20:00:00,278.198
2026-01-16 20:15:00,275.635
2026-01-16 20:30:00,271.832
2026-01-16 20:45:00,272.367
2026-01-16 21:00:00,282.315
2026-01-16 21:15:00,281.057
2026-01-16 21:30:00,285.26
2026-01-16 21:45:00,280.41
2026-01-16 22:00:00,284.788
2026-01-16 22:15:00,290.515
2026-01-16 22:30:00,287.39
2026-01-16 22:45:00,291.075
2026-01-16 23:00:00,301.31
2026-01-16 23:15:00,309.525
2026-01-16 23:30:00,318.163
2026-01-16 23:45:00,322.355
2026-01-17 00:00:00,333.432
2026-01-17 00:15:00,351.72
2026-01-17 00:30:00,349.86
2026-01-17 00:45:00,361.038
2026-01-17 01:00:00,365.932
2026-01-17 01:15:00,379.608
2026-01-17 01:30:00,379.753
2026-01-17 01:45:00,376.13
2026-01-17 02:00:00,375.427
2026-01-17 02:15:00,378.33
2026-01-17 02:30:00,371.935
2026-01-17 02:45:00,362.1
2026-01-17 03:00:00,360.79
2026-01-17 03:15:00,366.245
2026-01-17 03:30:00,366.25
2026-01-17 03:45:00,351.295
2026-01-17 04:00:00,351.733
2026-01-17 04:15:00,357.74
2026-01-17 04:30:00,359.83
2026-01-17 04:45:00,362.51
2026-01-17 05:00:00,373.63
2026-01-17 05:15:00,388.987
2026-01-17 05:30:00,413.4
2026-01-17 05:45:00,414.84
2026-01-17 06:00:00,431.432
2026-01-17 06:15:00,422.42
2026-01-17 06:30:00,418.82
2026-01-17 06:45:00,418.837
2026-01-17 07:00:00,409.668
2026-01-17 07:15:00,391.837
2026-01-17 07:30:00,375.443
2026-01-17 07:45:00,359.705
2026-01-17 08:00:00,343.813
2026-01-17 08:15:00,332.035
2026-01-17 08:30:00,332.582
2026-01-17 08:45:00,308.435
2026-01-17 09:00:00,299.152
2026-01-17 09:15:00,288.432
2026-01-17 09:30:00,268.935
2026-01-17 09:45:00,248.288
2026-01-17 10:00:00,236.885
2026-01-17 10:15:00,222.845
2026-01-17 10:30:00,208.43
2026-01-17 10:45:00,199.023
2026-01-17 11:00:00,180.842
2026-01-17 11:15:00,167.932
2026-01-17 11:30:00,156.215
2026-01-17 11:45:00,138.05
2026-01-17 12:00:00,123.168
2026-01-17 12:15:00,112.607
2026-01-17 12:30:00,105.768
2026-01-17 12:45:00,104.537
2026-01-17 13:00:00,96.455
2026-01-17 13:15:00,94.408
2026-01-17 13:30:00,84.4
2026-01-17 13:45:00,76.58
2026-01-17 14:00:00,68.07
2026-01-17 14:15:00,66.827
2026-01-17 14:30:00,63.917
2026-01-17 14:45:00,63.147
2026-01-17 15:00:00,63.577
2026-01-17 15:15:00,65.673
2026-01-17 15:30:00,65.342
2026-01-17 15:45:00,69.26
2026-01-17 16:00:00,71.95
2026-01-17 16:15:00,78.033
2026-01-17 16:30:00,82.938
2026-01-17 16:45:00,95.048
2026-01-17 17:00:00,92.427
2026-01-17 17:15:00,96.132
2026-01-17 17:30:00,101.567
2026-01-17 17:45:00,111.535
2026-01-17 18:00:00,112.757
2026-01-17 18:15:00,123.83
2026-01-17 18:30:00,138.938
2026-01-17 18:45:00,148.755
2026-01-17 19:00:00,159.717
2026-01-17 19:15:00,164.503
2026-01-17 19:30:00,171.383
2026-01-17 19:45:00,185.943
2026-01-17 20:00:00,196.092
2026-01-17 20:15:00,203.14
2026-01-17 20:30:00,219.303
2026-01-17 20:45:00,233.893
2026-01-17 21:00:00,246.56
2026-01-17 21:15:00,256.59
2026-01-17 21:30:00,269.37
2026-01-17 21:45:00,274.31
2026-01-17 22:00:00,283.957
2026-01-17 22:15:00,294.895
2026-01-17 22:30:00,313.54
2026-01-17 22:45:00,329.235
2026-01-17 23:00:00,350.3
2026-01-17 23:15:00,370.8
2026-01-17 23:30:00,398.115
2026-01-17 23:45:00,426.185
2026-01-18 00:00:00,434.212
2026-01-18 00:15:00,444.813
2026-01-18 00:30:00,461.17
2026-01-18 00:45:00,467.013
2026-01-18 01:00:00,472.025
2026-01-18 01:15:00,502.195
2026-01-18 01:30:00,513.69
2026-01-18 01:45:00,525.943
2026-01-18 02:00:00,534.035
2026-01-18 02:15:00,550.143
2026-01-18 02:30:00,562.872
2026-01-18 02:45:00,576.953
2026-01-18 03:00:00,595.34
2026-01-18 03:15:00,599.698
2026-01-18 03:30:00,615.117
2026-01-18 03:45:00,614.758
2026-01-18 04:00:00,606.703
2026-01-18 04:15:00,609.475
2026-01-18 04:30:00,611.662
2026-01-18 04:45:00,612.93
2026-01-18 05:00:00,606.982
2026-01-18 05:15:00,599.275
2026-01-18 05:30:00,606.508
2026-01-18 05:45:00,602.662
2026-01-18 06:00:00,595.307
2026-01-18 06:15:00,594.255
2026-01-18 06:30:00,594.727
2026-01-18 06:45:00,593.225
2026-01-18 07:00:00,592.607
2026-01-18 07:15:00,593.028
2026-01-18 07:30:00,593.177
2026-01-18 07:45:00,570.84
2026-01-18 08:00:00,569.703
2026-01-18 08:15:00,561.763
2026-01-18 08:30:00,549.162
2026-01-18 08:45:00,539.23
2026-01-18 09:00:00,537.552
2026-01-18 09:15:00,517.963
2026-01-18 09:30:00,504.138
2026-01-18 09:45:00,486.27
2026-01-18 10:00:00,467.717
2026-01-18 10:15:00,456.703
2026-01-18 10:30:00,447.32
2026-01-18 10:45:00,453.765
2026-01-18 11:00:00,447.48
2026-01-18 11:15:00,424.997
2026-01-18 11:30:00,406.473
2026-01-18 11:45:00,403.598
2026-01-18 12:00:00,391.467
2026-01-18 12:15:00,389.703
2026-01-18 12:30:00,377.975
2026-01-18 12:45:00,380.11
2026-01-18 13:00:00,364.45
2026-01-18 13:15:00,364.105
2026-01-18 13:30:00,371.652
2026-01-18 13:45:00,373.158
2026-01-18 14:00:00,386.705
2026-01-18 14:15:00,397.258
2026-01-18 14:30:00,397.797
2026-01-18 14:45:00,400.935
2026-01-18 15:00:00,394.65
2026-01-18 15:15:00,402.237
2026-01-18 15:30:00,435.545
2026-01-18 15:45:00,464.872
2026-01-18 16:00:00,473.51
2026-01-18 16:15:00,498.223
2026-01-18 16:30:00,497.93
2026-01-18 16:45:00,512.91
2026-01-18 17:00:00,532.583
2026-01-18 17:15:00,540.193
2026-01-18 17:30:00,569.645
2026-01-18 17:45:00,588.807
2026-01-18 18:00:00,612.135
2026-01-18 18:15:00,650.9
2026-01-18 18:30:00,677.463
2026-01-18 18:45:00,707.813
2026-01-18 19:00:00,767.265
2026-01-18 19:15:00,785.795
2026-01-18 19:30:00,816.07
2026-01-18 19:45:00,864.633
2026-01-18 20:00:00,867.565
2026-01-18 20:15:00,888.422
2026-01-18 20:30:00,916.64
2026-01-18 20:45:00,912.235
2026-01-18 21:00:00,920.655
2026-01-18 21:15:00,930.015
2026-01-18 21:30:00,934.275
2026-01-18 21:45:00,948.255
2026-01-18 22:00:00,951.805
2026-01-18 22:15:00,963.943
2026-01-18 22:30:00,983.42
2026-01-18 22:45:00,995.595
2026-01-18 23:00:00,995.745
2026-01-18 23:15:00,1002.915
2026-01-18 23:30:00,1023.6
2026-01-18 23:45:00,972.91
2026-01-19 00:00:00,961.89
2026-01-19 00:15:00,963.79
2026-01-19 00:30:00,941.797
2026-01-19 00:45:00,971.08
2026-01-19 01:00:00,966.938
2026-01-19 01:15:00,956.93
2026-01-19 01:30:00,937.097
2026-01-19 01:45:00,927.472
2026-01-19 02:00:00,926.617
2026-01-19 02:15:00,920.102
2026-01-19 02:30:00,915.782
2026-01-19 02:45:00,914.477
2026-01-19 03:00:00,924.972
2026-01-19 03:15:00,929.255
2026-01-19 03:30:00,933.78
2026-01-19 03:45:00,942.39
2026-01-19 04:00:00,962.953
2026-01-19 04:15:00,972.29
2026-01-19 04:30:00,995.185
2026-01-19 04:45:00,1008.417
2026-01-19 05:00:00,1037.973
2026-01-19 05:15:00,1061.983
2026-01-19 05:30:00,1101.108
2026-01-19 05:45:00,1112.99
2026-01-19 06:00:00,1112.6
2026-01-19 06:15:00,1125.345
2026-01-19 06:30:00,1132.69
2026-01-19 06:45:00,1142.098
2026-01-19 07:00:00,1152.943
2026-01-19 07:15:00,1164.593
2026-01-19 07:30:00,1189.757
2026-01-19 07:45:00,1198.052
2026-01-19 08:00:00,1190.733
2026-01-19 08:15:00,1180.483
2026-01-19 08:30:00,1158.25
2026-01-19 08:45:00,1142.568
2026-01-19 09:00:00,1135.863
2026-01-19 09:15:00,1122.608
2026-01-19 09:30:00,1117.375
2026-01-19 09:45:00,1114.45
2026-01-19 10:00:00,1106.583
2026-01-19 10:15:00,1122.968
2026-01-19 10:30:00,1131.642
2026-01-19 10:45:00,1116.297
2026-01-19 11:00:00,1117.557
2026-01-19 11:15:00,1109.252
2026-01-19 11:30:00,1092.42
2026-01-19 11:45:00,1071.088
2026-01-19 12:00:00,1049.915
2026-01-19 12:15:00,1061.06
2026-01-19 12:30:00,1013.372
2026-01-19 12:45:00,992.198
2026-01-19 13:00:00,980.015
2026-01-19 13:15:00,976.795
2026-01-19 13:30:00,977.638
2026-01-19 13:45:00,972.047
2026-01-19 14:00:00,961.102
2026-01-19 14:15:00,953.1
2026-01-19 14:30:00,969.782
2026-01-19 14:45:00,975.3
2026-01-19 15:00:00,980.675
2026-01-19 15:15:00,1000.97
2026-01-19 15:30:00,979.898
2026-01-19 15:45:00,975.258
2026-01-19 16:00:00,960.25
2026-01-19 16:15:00,951.568
2026-01-19 16:30:00,940.547
2026-01-19 16:45:00,965.325
2026-01-19 17:00:00,989.65
2026-01-19 17:15:00,1021.44
2026-01-19 17:30:00,1058.225
2026-01-19 17:45:00,1026.792
2026-01-19 18:00:00,1042.657
2026-01-19 18:15:00,1076.25
2026-01-19 18:30:00,1075.475
2026-01-19 18:45:00,1098.532
2026-01-19 19:00:00,1104.162
2026-01-19 19:15:00,1101.917
2026-01-19 19:30:00,1113.833
2026-01-19 19:45:00,1084.15
2026-01-19 20:00:00,1100.575
2026-01-19 20:15:00,1087.365
2026-01-19 20:30:00,1090.007
2026-01-19 20:45:00,1079.425
2026-01-19 21:00:00,1075.21
2026-01-19 21:15:00,1067.09
2026-01-19 21:30:00,1063.682
2026-01-19 21:45:00,1038.129
2026-01-19 22:00:00,1038.004
2026-01-19 22:15:00,1021.738
2026-01-19 22:30:00,1002.104
2026-01-19 22:45:00,984.125
2026-01-19 23:00:00,978.52
2026-01-19 23:15:00,996.486
2026-01-19 23:30:00,981.384
2026-01-19 23:45:00,772.02
2026-01-20 00:00:00,689.15
2026-01-20 00:15:00,682.302
2026-01-20 00:30:00,675.95
2026-01-20 00:45:00,680.732
2026-01-20 01:00:00,698.765
2026-01-20 01:15:00,684.365
2026-01-20 01:30:00,710.835
2026-01-20 01:45:00,706.963
2026-01-20 02:00:00,680.49
2026-01-20 02:15:00,669.74
2026-01-20 02:30:00,659.565
2026-01-20 02:45:00,662.338
2026-01-20 03:00:00,658.182
2026-01-20 03:15:00,648.362
2026-01-20 03:30:00,663.555
2026-01-20 03:45:00,654.12
2026-01-20 04:00:00,610.05
2026-01-20 04:15:00,622.758
2026-01-20 04:30:00,621.6
2026-01-20 04:45:00,627.055
2026-01-20 05:00:00,612.09
2026-01-20 05:15:00,598.438
2026-01-20 05:30:00,591.345
2026-01-20 05:45:00,562.677
2026-01-20 06:00:00,558.83
2026-01-20 06:15:00,550.345
2026-01-20 06:30:00,541.573
2026-01-20 06:45:00,546.222
2026-01-20 07:00:00,546.727
2026-01-20 07:15:00,539.518
2026-01-20 07:30:00,529.86
2026-01-20 07:45:00,526.99
2026-01-20 08:00:00,517.365
2026-01-20 08:15:00,494.128
2026-01-20 08:30:00,484.672
2026-01-20 08:45:00,468.582
2026-01-20 09:00:00,460.575
2026-01-20 09:15:00,466.43
2026-01-20 09:30:00,453.345
2026-01-20 09:45:00,446.445
2026-01-20 10:00:00,455.33
2026-01-20 10:15:00,454.383
2026-01-20 10:30:00,456.355
2026-01-20 10:45:00,442.758
2026-01-20 11:00:00,435.392
2026-01-20 11:15:00,431.29
2026-01-20 11:30:00,419.725
2026-01-20 11:45:00,419.01
2026-01-20 12:00:00,416.402
2026-01-20 12:15:00,412.703
2026-01-20 12:30:00,411.22
2026-01-20 12:45:00,401.02
2026-01-20 13:00:00,388.32
2026-01-20 13:15:00,393.342
2026-01-20 13:30:00,398.413
2026-01-20 13:45:00,395.223
2026-01-20 14:00:00,382.97
2026-01-20 14:15:00,388.797
2026-01-20 14:30:00,398.795
2026-01-20 14:45:00,385.695
2026-01-20 15:00:00,383.918
2026-01-20 15:15:00,376.605
2026-01-20 15:30:00,376.135
2026-01-20 15:45:00,375.592
2026-01-20 16:00:00,381.168
2026-01-20 16:15:00,388.348
2026-01-20 16:30:00,385.07
2026-01-20 16:45:00,379.565
2026-01-20 17:00:00,388.57
2026-01-20 17:15:00,388.755
2026-01-20 17:30:00,391.02
2026-01-20 17:45:00,390.223
2026-01-20 18:00:00,390.013
2026-01-20 18:15:00,379.27
2026-01-20 18:30:00,376.115
2026-01-20 18:45:00,373.422
2026-01-20 19:00:00,378.895
2026-01-20 19:15:00,382.085
2026-01-20 19:30:00,378.633
2026-01-20 19:45:00,384.392
2026-01-20 20:00:00,378.402
2026-01-20 20:15:00,380.288
2026-01-20 20:30:00,380.155
2026-01-20 20:45:00,379.772
2026-01-20 21:00:00,381.075
2026-01-20 21:15:00,384.56
2026-01-20 21:30:00,382.318
2026-01-20 21:45:00,386.612
2026-01-20 22:00:00,372.642
2026-01-20 22:15:00,372.19
2026-01-20 22:30:00,370.115
2026-01-20 22:45:00,359.835
2026-01-20 23:00:00,362.068
2026-01-20 23:15:00,354.733
2026-01-20 23:30:00,352.777
2026-01-20 23:45:00,347.237
2026-01-21 00:00:00,316.142
2026-01-21 00:15:00,314.902
2026-01-21 00:30:00,313.453
2026-01-21 00:45:00,313.668
2026-01-21 01:00:00,315.638
2026-01-21 01:15:00,311.063
2026-01-21 01:30:00,309.91
2026-01-21 01:45:00,310.112
2026-01-21 02:00:00,308.497
2026-01-21 02:15:00,304.133
2026-01-21 02:30:00,307.535
2026-01-21 02:45:00,311.467
2026-01-21 03:00:00,310.408
2026-01-21 03:15:00,310.272
2026-01-21 03:30:00,308.645
2026-01-21 03:45:00,307.37
2026-01-21 04:00:00,302.582
2026-01-21 04:15:00,283.853
2026-01-21 04:30:00,275.42
2026-01-21 04:45:00,273.595
2026-01-21 05:00:00,276.86
2026-01-21 05:15:00,276.172
2026-01-21 05:30:00,274.043
2026-01-21 05:45:00,268.335
2026-01-21 06:00:00,265.525
2026-01-21 06:15:00,270.88
2026-01-21 06:30:00,269.975
2026-01-21 06:45:00,267.587
2026-01-21 07:00:00,271.745
2026-01-21 07:15:00,270.27
2026-01-21 07:30:00,268.78
2026-01-21 07:45:00,257.395
2026-01-21 08:00:00,249.277
2026-01-21 08:15:00,232.815
2026-01-21 08:30:00,236.133
2026-01-21 08:45:00,225.87
2026-01-21 09:00:00,215.655
2026-01-21 09:15:00,198.583
2026-01-21 09:30:00,184.848
2026-01-21 09:45:00,192.012
2026-01-21 10:00:00,187.18
2026-01-21 10:15:00,188.357
2026-01-21 10:30:00,178.935
2026-01-21 10:45:00,176.775
2026-01-21 11:00:00,173.085
2026-01-21 11:15:00,173.083
2026-01-21 11:30:00,167.75
2026-01-21 11:45:00,169.452
2026-01-21 12:00:00,165.62
2026-01-21 12:15:00,166.363
2026-01-21 12:30:00,172.015
2026-01-21 12:45:00,179.182
2026-01-21 13:00:00,184.76
2026-01-21 13:15:00,188.777
2026-01-21 13:30:00,186.303
2026-01-21 13:45:00,181.19
2026-01-21 14:00:00,184.813
2026-01-21 14:15:00,188.167
2026-01-21 14:30:00,189.62
2026-01-21 14:45:00,185.305
2026-01-21 15:00:00,185.432
2026-01-21 15:15:00,182.702
2026-01-21 15:30:00,181.88
2026-01-21 15:45:00,187.428
2026-01-21 16:00:00,197.113
2026-01-21 16:15:00,202.557
2026-01-21 16:30:00,207.678
2026-01-21 16:45:00,197.115
2026-01-21 17:00:00,207.268
2026-01-21 17:15:00,202.895
2026-01-21 17:30:00,205.587
2026-01-21 17:45:00,208.087
2026-01-21 18:00:00,210.887
2026-01-21 18:15:00,193.678
2026-01-21 18:30:00,195.637
2026-01-21 18:45:00,201.753
2026-01-21 19:00:00,193.8
2026-01-21 19:15:00,193.943
2026-01-21 19:30:00,194.227
2026-01-21 19:45:00,201.633
2026-01-21 20:00:00,205.378
2026-01-21 20:15:00,212.973
2026-01-21 20:30:00,210.605
2026-01-21 20:45:00,206.863
2026-01-21 21:00:00,200.867
2026-01-21 21:15:00,202.395
2026-01-21 21:30:00,193.855
2026-01-21 21:45:00,197.583
2026-01-21 22:00:00,194.602
2026-01-21 22:15:00,186.8
2026-01-21 22:30:00,186.755
2026-01-21 22:45:00,189.742
2026-01-21 23:00:00,188.975
2026-01-21 23:15:00,185.193
2026-01-21 23:30:00,180.523
2026-01-21 23:45:00,187.275
2026-01-22 00:00:00,185.86
2026-01-22 00:15:00,183.428
2026-01-22 00:30:00,180.955
2026-01-22 00:45:00,173.195
2026-01-22 01:00:00,160.15
2026-01-22 01:15:00,157.928
2026-01-22 01:30:00,152.262
2026-01-22 01:45:00,147.482
2026-01-22 02:00:00,152.195
2026-01-22 02:15:00,150.242
2026-01-22 02:30:00,144.598
2026-01-22 02:45:00,141.14
2026-01-22 03:00:00,140.182
2026-01-22 03:15:00,139.425
2026-01-22 03:30:00,141.372
2026-01-22 03:45:00,145.43
2026-01-22 04:00:00,144.133
2026-01-22 04:15:00,145.708
2026-01-22 04:30:00,144.363
2026-01-22 04:45:00,140.887
2026-01-22 05:00:00,142.973
2026-01-22 05:15:00,141.74
2026-01-22 05:30:00,140.875
2026-01-22 05:45:00,146.5
2026-01-22 06:00:00,141.76
2026-01-22 06:15:00,138.417
2026-01-22 06:30:00,128.87
2026-01-22 06:45:00,126.077
2026-01-22 07:00:00,120.935
2026-01-22 07:15:00,114.995
2026-01-22 07:30:00,118.795
2026-01-22 07:45:00,105.22
2026-01-22 08:00:00,99.43
2026-01-22 08:15:00,92.86
2026-01-22 08:30:00,87.162
2026-01-22 08:45:00,82.382
2026-01-22 09:00:00,75.497
2026-01-22 09:15:00,69.715
2026-01-22 09:30:00,72.29
2026-01-22 09:45:00,74.18
2026-01-22 10:00:00,55.083
2026-01-22 10:15:00,32.088
2026-01-22 10:30:00,38.93
2026-01-22 10:45:00,56.403
2026-01-22 11:00:00,56.54
2026-01-22 11:15:00,63.25
2026-01-22 11:30:00,59.405
2026-01-22 11:45:00,55.982
2026-01-22 12:00:00,72.147
2026-01-22 12:15:00,73.183
2026-01-22 12:30:00,74.522
2026-01-22 12:45:00,76.7
2026-01-22 13:00:00,72.247
2026-01-22 13:15:00,75.382
2026-01-22 13:30:00,51.904
2026-01-22 13:45:00,70.647
2026-01-22 14:00:00,69.62
2026-01-22 14:15:00,75.005
2026-01-22 14:30:00,74.257
2026-01-22 14:45:00,67.717
2026-01-22 15:00:00,72.332
2026-01-22 15:15:00,70.73
2026-01-22 15:30:00,68.235
2026-01-22 15:45:00,62.592
2026-01-22 16:00:00,57.798
2026-01-22 16:15:00,54.885
2026-01-22 16:30:00,57.995
2026-01-22 16:45:00,65.357
2026-01-22 17:00:00,70.58
2026-01-22 17:15:00,75.825
2026-01-22 17:30:00,76.228
2026-01-22 17:45:00,83.445
2026-01-22 18:00:00,81.912
2026-01-22 18:15:00,81.085
2026-01-22 18:30:00,82.1
2026-01-22 18:45:00,83.285
2026-01-22 19:00:00,82.22
2026-01-22 19:15:00,87.272
2026-01-22 19:30:00,87.552
2026-01-22 19:45:00,89.813
2026-01-22 20:00:00,92.207
2026-01-22 20:15:00,92.33
2026-01-22 20:30:00,97.475
2026-01-22 20:45:00,96.713
2026-01-22 21:00:00,96.338
2026-01-22 21:15:00,97.418
2026-01-22 21:30:00,95.17
2026-01-22 21:45:00,91.0
2026-01-22 22:00:00,88.378
2026-01-22 22:15:00,90.427
2026-01-22 22:30:00,88.357
2026-01-22 22:45:00,94.1
2026-01-22 23:00:00,92.618
2026-01-22 23:15:00,90.37
2026-01-22 23:30:00,85.615
2026-01-22 23:45:00,91.685
2026-01-23 00:00:00,99.975
2026-01-23 00:15:00,102.995
2026-01-23 00:30:00,101.202
2026-01-23 00:45:00,101.715
2026-01-23 01:00:00,107.085
2026-01-23 01:15:00,109.287
2026-01-23 01:30:00,110.772
2026-01-23 01:45:00,109.192
2026-01-23 02:00:00,105.49
2026-01-23 02:15:00,87.598
2026-01-23 02:30:00,85.168
2026-01-23 02:45:00,86.147
2026-01-23 03:00:00,84.632
2026-01-23 03:15:00,81.825
2026-01-23 03:30:00,76.63
2026-01-23 03:45:00,73.19
2026-01-23 04:00:00,68.635
2026-01-23 04:15:00,68.375
2026-01-23 04:30:00,67.637
2026-01-23 04:45:00,69.185
2026-01-23 05:00:00,71.277
2026-01-23 05:15:00,72.332
2026-01-23 05:30:00,69.58
2026-01-23 05:45:00,70.165
2026-01-23 06:00:00,69.925
2026-01-23 06:15:00,70.723
2026-01-23 06:30:00,73.588
2026-01-23 06:45:00,72.655
2026-01-23 07:00:00,73.488
2026-01-23 07:15:00,78.8
2026-01-23 07:30:00,76.027
2026-01-23 07:45:00,68.772
2026-01-23 08:00:00,69.118
2026-01-23 08:15:00,64.735
2026-01-23 08:30:00,61.713
2026-01-23 08:45:00,57.93
2026-01-23 09:00:00,55.385
2026-01-23 09:15:00,54.09
2026-01-23 09:30:00,45.428
2026-01-23 09:45:00,36.022
2026-01-23 10:00:00,37.568
2026-01-23 10:15:00,35.542
2026-01-23 10:30:00,31.487
2026-01-23 10:45:00,28.015
2026-01-23 11:00:00,36.88
2026-01-23 11:15:00,35.857
2026-01-23 11:30:00,38.537
2026-01-23 11:45:00,37.385
2026-01-23 12:00:00,39.757
2026-01-23 12:15:00,42.4
2026-01-23 12:30:00,41.63
2026-01-23 12:45:00,40.705
2026-01-23 13:00:00,40.173
2026-01-23 13:15:00,39.16
2026-01-23 13:30:00,34.063
2026-01-23 13:45:00,32.528
2026-01-23 14:00:00,37.502
2026-01-23 14:15:00,39.055
2026-01-23 14:30:00,38.67
2026-01-23 14:45:00,41.755
2026-01-23 15:00:00,42.428
2026-01-23 15:15:00,43.33
2026-01-23 15:30:00,43.338
2026-01-23 15:45:00,40.38
2026-01-23 16:00:00,42.12
2026-01-23 16:15:00,41.075
2026-01-23 16:30:00,41.055
2026-01-23 16:45:00,43.693
2026-01-23 17:00:00,45.176
2026-01-23 17:15:00,50.289
2026-01-23 17:30:00,55.156
2026-01-23 17:45:00,60.624
2026-01-23 18:00:00,68.244
2026-01-23 18:15:00,75.174
2026-01-23 18:30:00,87.039
2026-01-23 18:45:00,94.131
2026-01-23 19:00:00,99.189
2026-01-23 19:15:00,102.421
2026-01-23 19:30:00,104.299
2026-01-23 19:45:00,107.255
2026-01-23 20:00:00,107.54
2026-01-23 20:15:00,105.99
2026-01-23 20:30:00,110.71
2026-01-23 20:45:00,114.533
2026-01-23 21:00:00,118.265
2026-01-23 21:15:00,128.827
2026-01-23 21:30:00,130.113
2026-01-23 21:45:00,133.145
2026-01-23 22:00:00,136.505
2026-01-23 22:15:00,135.945
2026-01-23 22:30:00,137.695
2026-01-23 22:45:00,135.143
2026-01-23 23:00:00,127.067
2026-01-23 23:15:00,123.217
2026-01-23 23:30:00,124.137
2026-01-23 23:45:00,121.195
2026-01-24 00:00:00,124.298
2026-01-24 00:15:00,119.49
2026-01-24 00:30:00,124.74
2026-01-24 00:45:00,128.47
2026-01-24 01:00:00,120.298
2026-01-24 01:15:00,120.618
2026-01-24 01:30:00,121.357
2026-01-24 01:45:00,130.303
2026-01-24 02:00:00,130.995
2026-01-24 02:15:00,123.88
2026-01-24 02:30:00,125.132
2026-01-24 02:45:00,121.073
2026-01-24 03:00:00,124.36
2026-01-24 03:15:00,121.677
2026-01-24 03:30:00,127.915
2026-01-24 03:45:00,129.065
2026-01-24 04:00:00,127.245
2026-01-24 04:15:00,126.173
2026-01-24 04:30:00,128.042
2026-01-24 04:45:00,122.865
2026-01-24 05:00:00,114.9
2026-01-24 05:15:00,110.02
2026-01-24 05:30:00,106.975
2026-01-24 05:45:00,107.872
2026-01-24 06:00:00,108.457
2026-01-24 06:15:00,111.573
2026-01-24 06:30:00,113.865
2026-01-24 06:45:00,114.025
2026-01-24 07:00:00,111.368
2026-01-24 07:15:00,113.215
2026-01-24 07:30:00,113.427
2026-01-24 07:45:00,106.515
2026-01-24 08:00:00,102.408
2026-01-24 08:15:00,96.77
2026-01-24 08:30:00,95.588
2026-01-24 08:45:00,88.21
2026-01-24 09:00:00,88.605
2026-01-24 09:15:00,86.743
2026-01-24 09:30:00,80.17
2026-01-24 09:45:00,84.372
2026-01-24 10:00:00,90.643
2026-01-24 10:15:00,92.67
2026-01-24 10:30:00,87.105
2026-01-24 10:45:00,94.082
2026-01-24 11:00:00,87.868
2026-01-24 11:15:00,90.29
2026-01-24 11:30:00,97.28
2026-01-24 11:45:00,102.365
2026-01-24 12:00:00,112.561
2026-01-24 12:15:00,128.97
2026-01-24 12:30:00,142.938
2026-01-24 12:45:00,145.946
2026-01-24 13:00:00,152.833
2026-01-24 13:15:00,166.449
2026-01-24 13:30:00,179.917
2026-01-24 13:45:00,197.515
2026-01-24 14:00:00,216.725
2026-01-24 14:15:00,236.095
2026-01-24 14:30:00,253.215
2026-01-24 14:45:00,275.325
2026-01-24 15:00:00,290.575
2026-01-24 15:15:00,314.015
2026-01-24 15:30:00,335.973
2026-01-24 15:45:00,366.538
2026-01-24 16:00:00,402.707
2026-01-24 16:15:00,434.983
2026-01-24 16:30:00,463.11
2026-01-24 16:45:00,506.217
2026-01-24 17:00:00,555.378
2026-01-24 17:15:00,605.405
2026-01-24 17:30:00,676.37
2026-01-24 17:45:00,742.725
2026-01-24 18:00:00,805.555
2026-01-24 18:15:00,876.028
2026-01-24 18:30:00,922.807
2026-01-24 18:45:00,976.135
2026-01-24 19:00:00,1037.24
2026-01-24 19:15:00,1086.07
2026-01-24 19:30:00,1129.078
2026-01-24 19:45:00,1180.338
2026-01-24 20:00:00,1202.522
2026-01-24 20:15:00,1226.485
2026-01-24 20:30:00,1240.468
2026-01-24 20:45:00,1261.99
2026-01-24 21:00:00,1278.535
2026-01-24 21:15:00,1291.228
2026-01-24 21:30:00,1313.843
2026-01-24 21:45:00,1316.925
2026-01-24 22:00:00,1318.35
2026-01-24 22:15:00,1326.345
2026-01-24 22:30:00,1311.927
2026-01-24 22:45:00,1316.16
2026-01-24 23:00:00,1320.14
2026-01-24 23:15:00,1313.715
2026-01-24 23:30:00,1295.785
2026-01-24 23:45:00,1295.515
2026-01-25 00:00:00,1279.815
2026-01-25 00:15:00,1267.78
2026-01-25 00:30:00,1256.66
2026-01-25 00:45:00,1257.938
2026-01-25 01:00:00,1228.142
2026-01-25 01:15:00,1227.993
2026-01-25 01:30:00,1214.882
2026-01-25 01:45:00,1225.172
2026-01-25 02:00:00,1209.608
2026-01-25 02:15:00,1209.84
2026-01-25 02:30:00,1200.272
2026-01-25 02:45:00,1200.04
2026-01-25 03:00:00,1212.422
2026-01-25 03:15:00,1217.167
2026-01-25 03:30:00,1233.662
2026-01-25 03:45:00,1224.765
2026-01-25 04:00:00,1211.735
2026-01-25 04:15:00,1197.32
2026-01-25 04:30:00,1208.895
2026-01-25 04:45:00,1208.77
2026-01-25 05:00:00,1183.568
2026-01-25 05:15:00,1171.833
2026-01-25 05:30:00,1144.675
2026-01-25 05:45:00,1128.478
2026-01-25 06:00:00,1119.835
2026-01-25 06:15:00,1133.007
2026-01-25 06:30:00,1117.595
2026-01-25 06:45:00,1123.203
2026-01-25 07:00:00,1095.147
2026-01-25 07:15:00,1079.2
2026-01-25 07:30:00,1071.44
2026-01-25 07:45:00,1058.813
2026-01-25 08:00:00,1040.49
2026-01-25 08:15:00,1030.995
2026-01-25 08:30:00,1012.21
2026-01-25 08:45:00,1007.063
2026-01-25 09:00:00,996.255
2026-01-25 09:15:00,997.48
2026-01-25 09:30:00,990.557
2026-01-25 09:45:00,978.595
2026-01-25 10:00:00,963.545
2026-01-25 10:15:00,963.9
2026-01-25 10:30:00,954.763
2026-01-25 10:45:00,956.188
2026-01-25 11:00:00,950.48
2026-01-25 11:15:00,937.21
2026-01-25 11:30:00,925.747
2026-01-25 11:45:00,915.65
2026-01-25 12:00:00,912.528
2026-01-25 12:15:00,917.292
2026-01-25 12:30:00,889.61
2026-01-25 12:45:00,888.08
2026-01-25 13:00:00,874.095
2026-01-25 13:15:00,878.065
2026-01-25 13:30:00,872.042
2026-01-25 13:45:00,864.662
2026-01-25 14:00:00,847.015
2026-01-25 14:15:00,832.347
2026-01-25 14:30:00,813.775
2026-01-25 14:45:00,807.253
2026-01-25 15:00:00,799.093
2026-01-25 15:15:00,796.422
2026-01-25 15:30:00,785.888
2026-01-25 15:45:00,778.165
2026-01-25 16:00:00,772.275
2026-01-25 16:15:00,771.545
2026-01-25 16:30:00,756.833
2026-01-25 16:45:00,763.643
2026-01-25 17:00:00,758.275
2026-01-25 17:15:00,758.725
2026-01-25 17:30:00,759.975
2026-01-25 17:45:00,761.08
2026-01-25 18:00:00,755.203
2026-01-25 18:15:00,761.58
2026-01-25 18:30:00,764.557
2026-01-25 18:45:00,789.13
2026-01-25 19:00:00,793.992
2026-01-25 19:15:00,798.888
2026-01-25 19:30:00,787.675
2026-01-25 19:45:00,810.732
2026-01-25 20:00:00,820.875
2026-01-25 20:15:00,806.052
2026-01-25 20:30:00,812.727
2026-01-25 20:45:00,826.8
2026-01-25 21:00:00,828.69
2026-01-25 21:15:00,831.15
2026-01-25 21:30:00,821.883
2026-01-25 21:45:00,830.528
2026-01-25 22:00:00,832.177
2026-01-25 22:15:00,849.177
2026-01-25 22:30:00,871.403
2026-01-25 22:45:00,881.12
2026-01-25 23:00:00,886.883
2026-01-25 23:15:00,888.695
2026-01-25 23:30:00,896.475
2026-01-25 23:45:00,903.17
2026-01-26 00:00:00,893.85
2026-01-26 00:15:00,913.472
2026-01-26 00:30:00,922.758
2026-01-26 00:45:00,915.302
2026-01-26 01:00:00,886.953
2026-01-26 01:15:00,891.177
2026-01-26 01:30:00,872.237
2026-01-26 01:45:00,847.44
2026-01-26 02:00:00,830.602
2026-01-26 02:15:00,825.537
2026-01-26 02:30:00,819.042
2026-01-26 02:45:00,816.115
2026-01-26 03:00:00,814.6
2026-01-26 03:15:00,812.102
2026-01-26 03:30:00,787.5
2026-01-26 03:45:00,774.395
2026-01-26 04:00:00,766.898
2026-01-26 04:15:00,752.78
2026-01-26 04:30:00,754.39
2026-01-26 04:45:00,735.487
2026-01-26 05:00:00,732.448
2026-01-26 05:15:00,736.735
2026-01-26 05:30:00,711.888
2026-01-26 05:45:00,718.28
2026-01-26 06:00:00,715.313
2026-01-26 06:15:00,705.907
2026-01-26 06:30:00,700.765
2026-01-26 06:45:00,698.797
2026-01-26 07:00:00,692.768
2026-01-26 07:15:00,694.648
2026-01-26 07:30:00,677.71
2026-01-26 07:45:00,685.362
2026-01-26 08:00:00,667.435
2026-01-26 08:15:00,672.667
2026-01-26 08:30:00,672.472
2026-01-26 08:45:00,667.43
2026-01-26 09:00:00,657.135
2026-01-26 09:15:00,645.073
2026-01-26 09:30:00,654.575
2026-01-26 09:45:00,644.182
2026-01-26 10:00:00,640.605
2026-01-26 10:15:00,615.195
2026-01-26 10:30:00,604.518
2026-01-26 10:45:00,593.72
2026-01-26 11:00:00,591.213
2026-01-26 11:15:00,575.208
2026-01-26 11:30:00,562.015
2026-01-26 11:45:00,578.96
2026-01-26 12:00:00,580.985
2026-01-26 12:15:00,590.297
2026-01-26 12:30:00,591.333
2026-01-26 12:45:00,598.778
2026-01-26 13:00:00,592.08
2026-01-26 13:15:00,607.722
2026-01-26 13:30:00,589.313
2026-01-26 13:45:00,589.528
2026-01-26 14:00:00,571.047
2026-01-26 14:15:00,579.727
2026-01-26 14:30:00,556.953
2026-01-26 14:45:00,545.448
2026-01-26 15:00:00,538.247
2026-01-26 15:15:00,533.145
2026-01-26 15:30:00,540.438
2026-01-26 15:45:00,556.453
2026-01-26 16:00:00,573.875
2026-01-26 16:15:00,574.365
2026-01-26 16:30:00,568.77
2026-01-26 16:45:00,576.153
2026-01-26 17:00:00,586.578
2026-01-26 17:15:00,608.138
2026-01-26 17:30:00,627.94
2026-01-26 17:45:00,649.622
2026-01-26 18:00:00,671.172
2026-01-26 18:15:00,701.63
2026-01-26 18:30:00,722.968
2026-01-26 18:45:00,733.768
2026-01-26 19:00:00,771.445
2026-01-26 19:15:00,788.49
2026-01-26 19:30:00,800.825
2026-01-26 19:45:00,833.573
2026-01-26 20:00:00,835.72
2026-01-26 20:15:00,845.063
2026-01-26 20:30:00,851.313
2026-01-26 20:45:00,842.537
2026-01-26 21:00:00,826.34
2026-01-26 21:15:00,823.648
2026-01-26 21:30:00,824.235
2026-01-26 21:45:00,817.695
2026-01-26 22:00:00,818.472
2026-01-26 22:15:00,817.792
2026-01-26 22:30:00,808.59
2026-01-26 22:45:00,791.985
2026-01-26 23:00:00,765.282
2026-01-26 23:15:00,743.885
2026-01-26 23:30:00,734.747
2026-01-26 23:45:00,724.282
2026-01-27 00:00:00,696.718
2026-01-27 00:15:00,678.097
2026-01-27 00:30:00,668.287
2026-01-27 00:45:00,673.115
2026-01-27 01:00:00,660.865
2026-01-27 01:15:00,683.84
2026-01-27 01:30:00,686.975
2026-01-27 01:45:00,684.61
2026-01-27 02:00:00,678.48
2026-01-27 02:15:00,669.415
2026-01-27 02:30:00,666.472
2026-01-27 02:45:00,660.545
2026-01-27 03:00:00,670.583
2026-01-27 03:15:00,689.72
2026-01-27 03:30:00,704.492
2026-01-27 03:45:00,707.352
2026-01-27 04:00:00,715.648
2026-01-27 04:15:00,735.495
2026-01-27 04:30:00,741.54
2026-01-27 04:45:00,740.917
2026-01-27 05:00:00,749.287
2026-01-27 05:15:00,776.295
2026-01-27 05:30:00,762.932
2026-01-27 05:45:00,777.155
2026-01-27 06:00:00,774.61
2026-01-27 06:15:00,763.785
2026-01-27 06:30:00,758.273
2026-01-27 06:45:00,751.422
2026-01-27 07:00:00,758.735
2026-01-27 07:15:00,779.55
2026-01-27 07:30:00,773.318
2026-01-27 07:45:00,771.9
2026-01-27 08:00:00,747.355
2026-01-27 08:15:00,691.787
2026-01-27 08:30:00,692.935
2026-01-27 08:45:00,702.838
2026-01-27 09:00:00,755.65
2026-01-27 09:15:00,772.745
2026-01-27 09:30:00,779.938
2026-01-27 09:45:00,785.625
2026-01-27 10:00:00,809.545
2026-01-27 10:15:00,809.2
2026-01-27 10:30:00,821.097
2026-01-27 10:45:00,823.905
2026-01-27 11:00:00,831.528
2026-01-27 11:15:00,834.91
2026-01-27 11:30:00,813.56
2026-01-27 11:45:00,780.862
2026-01-27 12:00:00,738.597
2026-01-27 12:15:00,714.11
2026-01-27 12:30:00,701.865
2026-01-27 12:45:00,700.46
2026-01-27 13:00:00,668.218
2026-01-27 13:15:00,645.023
2026-01-27 13:30:00,629.6
2026-01-27 13:45:00,592.343
2026-01-27 14:00:00,571.602
2026-01-27 14:15:00,537.55
2026-01-27 14:30:00,519.847
2026-01-27 14:45:00,486.535
2026-01-27 15:00:00,452.068
2026-01-27 15:15:00,440.092
2026-01-27 15:30:00,438.03
2026-01-27 15:45:00,438.938
2026-01-27 16:00:00,453.547
2026-01-27 16:15:00,469.32
2026-01-27 16:30:00,499.983
2026-01-27 16:45:00,496.258
2026-01-27 17:00:00,502.1
2026-01-27 17:15:00,512.37
2026-01-27 17:30:00,509.855
2026-01-27 17:45:00,499.965
2026-01-27 18:00:00,483.642
2026-01-27 18:15:00,485.517
2026-01-27 18:30:00,483.425
2026-01-27 18:45:00,490.628
2026-01-27 19:00:00,513.1
2026-01-27 19:15:00,542.28
2026-01-27 19:30:00,548.503
2026-01-27 19:45:00,543.935
2026-01-27 20:00:00,545.15
2026-01-27 20:15:00,507.712
2026-01-27 20:30:00,473.283
2026-01-27 20:45:00,442.563
2026-01-27 21:00:00,413.837
2026-01-27 21:15:00,399.872
2026-01-27 21:30:00,396.785
2026-01-27 21:45:00,399.89
2026-01-27 22:00:00,406.823
2026-01-27 22:15:00,411.483
2026-01-27 22:30:00,419.825
2026-01-27 22:45:00,422.703
2026-01-27 23:00:00,418.535
2026-01-27 23:15:00,415.022
2026-01-27 23:30:00,411.832
2026-01-27 23:45:00,406.865
2026-01-28 00:00:00,402.37
2026-01-28 00:15:00,406.772
2026-01-28 00:30:00,414.74
2026-01-28 00:45:00,425.337
2026-01-28 01:00:00,431.365
2026-01-28 01:15:00,460.12
2026-01-28 01:30:00,446.575
2026-01-28 01:45:00,439.955
2026-01-28 02:00:00,415.547
2026-01-28 02:15:00,399.522
2026-01-28 02:30:00,382.892
2026-01-28 02:45:00,381.293
2026-01-28 03:00:00,363.057
2026-01-28 03:15:00,340.647
2026-01-28 03:30:00,325.353
2026-01-28 03:45:00,299.302
2026-01-28 04:00:00,276.525
2026-01-28 04:15:00,264.043
2026-01-28 04:30:00,247.595
2026-01-28 04:45:00,243.038
2026-01-28 05:00:00,241.055
2026-01-28 05:15:00,248.075
2026-01-28 05:30:00,266.815
2026-01-28 05:45:00,276.575
2026-01-28 06:00:00,278.555
2026-01-28 06:15:00,279.09
2026-01-28 06:30:00,284.453
2026-01-28 06:45:00,302.61
2026-01-28 07:00:00,312.83
2026-01-28 07:15:00,323.265
2026-01-28 07:30:00,344.14
2026-01-28 07:45:00,366.18
2026-01-28 08:00:00,370.65
2026-01-28 08:15:00,391.83
2026-01-28 08:30:00,390.163
2026-01-28 08:45:00,385.397
2026-01-28 09:00:00,377.432
2026-01-28 09:15:00,372.855
2026-01-28 09:30:00,359.818
2026-01-28 09:45:00,352.92
2026-01-28 10:00:00,337.392
2026-01-28 10:15:00,332.83
2026-01-28 10:30:00,312.995
2026-01-28 10:45:00,283.323
2026-01-28 11:00:00,262.345
2026-01-28 11:15:00,243.553
2026-01-28 11:30:00,220.092
2026-01-28 11:45:00,195.99
2026-01-28 12:00:00,176.355
2026-01-28 12:15:00,160.633
2026-01-28 12:30:00,162.197
2026-01-28 12:45:00,167.495
2026-01-28 13:00:00,166.775
2026-01-28 13:15:00,165.167
2026-01-28 13:30:00,157.952
2026-01-28 13:45:00,147.555
2026-01-28 14:00:00,131.785
2026-01-28 14:15:00,124.912
2026-01-28 14:30:00,115.808
2026-01-28 14:45:00,113.548
2026-01-28 15:00:00,116.25
2026-01-28 15:15:00,117.893
2026-01-28 15:30:00,122.262
2026-01-28 15:45:00,121.175
2026-01-28 16:00:00,123.213
2026-01-28 16:15:00,130.538
2026-01-28 16:30:00,143.24
2026-01-28 16:45:00,148.925
2026-01-28 17:00:00,162.023
2026-01-28 17:15:00,178.613
2026-01-28 17:30:00,197.16
2026-01-28 17:45:00,225.262
2026-01-28 18:00:00,250.82
2026-01-28 18:15:00,283.318
2026-01-28 18:30:00,312.277
2026-01-28 18:45:00,336.765
2026-01-28 19:00:00,369.242
2026-01-28 19:15:00,385.46
2026-01-28 19:30:00,399.585
2026-01-28 19:45:00,426.38
2026-01-28 20:00:00,444.027
2026-01-28 20:15:00,454.67
2026-01-28 20:30:00,466.392
2026-01-28 20:45:00,467.72
2026-01-28 21:00:00,481.135
2026-01-28 21:15:00,498.717
2026-01-28 21:30:00,510.182
2026-01-28 21:45:00,518.545
2026-01-28 22:00:00,533.5
2026-01-28 22:15:00,547.568
2026-01-28 22:30:00,546.335
2026-01-28 22:45:00,551.477
2026-01-28 23:00:00,568.97
2026-01-28 23:15:00,591.338
2026-01-28 23:30:00,600.797
2026-01-28 23:45:00,612.093
2026-01-29 00:00:00,607.7
2026-01-29 00:15:00,606.333
2026-01-29 00:30:00,602.992
2026-01-29 00:45:00,603.69
2026-01-29 01:00:00,613.203
2026-01-29 01:15:00,631.25
2026-01-29 01:30:00,651.407
2026-01-29 01:45:00,652.34
2026-01-29 02:00:00,647.763
2026-01-29 02:15:00,681.638
2026-01-29 02:30:00,703.622
2026-01-29 02:45:00,699.097
2026-01-29 03:00:00,714.222
2026-01-29 03:15:00,733.443
2026-01-29 03:30:00,762.39
2026-01-29 03:45:00,776.755
2026-01-29 04:00:00,807.297
2026-01-29 04:15:00,819.963
2026-01-29 04:30:00,850.813
2026-01-29 04:45:00,871.925
2026-01-29 05:00:00,903.985
2026-01-29 05:15:00,922.265
2026-01-29 05:30:00,940.27
2026-01-29 05:45:00,975.578
2026-01-29 06:00:00,999.835
2026-01-29 06:15:00,1030.012
2026-01-29 06:30:00,1080.152
2026-01-29 06:45:00,1101.145
2026-01-29 07:00:00,1133.438
2026-01-29 07:15:00,1102.894
2026-01-29 07:30:00,1175.152
2026-01-29 07:45:00,1186.152
2026-01-29 08:00:00,1199.855
2026-01-29 08:15:00,1214.182
2026-01-29 08:30:00,1204.088
2026-01-29 08:45:00,1228.448
2026-01-29 09:00:00,1247.943
2026-01-29 09:15:00,1260.74
2026-01-29 09:30:00,1259.432
2026-01-29 09:45:00,1240.525
2026-01-29 10:00:00,1232.833
2026-01-29 10:15:00,1219.78
2026-01-29 10:30:00,1213.135
2026-01-29 10:45:00,1215.515
2026-01-29 11:00:00,1194.327
2026-01-29 11:15:00,1180.745
2026-01-29 11:30:00,1145.598
2026-01-29 11:45:00,1071.737
2026-01-29 12:00:00,1229.851
2026-01-29 12:15:00,1228.354
2026-01-29 12:30:00,1222.662
2026-01-29 12:45:00,1218.705
2026-01-29 13:00:00,1224.998
2026-01-29 13:15:00,1248.531
2026-01-29 13:30:00,1213.658
2026-01-29 13:45:00,1248.262
2026-01-29 14:00:00,1235.142
2026-01-29 14:15:00,1221.907
2026-01-29 14:30:00,1186.607
2026-01-29 14:45:00,1209.267
2026-01-29 15:00:00,1224.55
2026-01-29 15:15:00,1216.34
2026-01-29 15:30:00,1227.725
2026-01-29 15:45:00,1247.493
2026-01-29 16:00:00,1248.608
2026-01-29 16:15:00,1258.718
2026-01-29 16:30:00,1259.81
2026-01-29 16:45:00,1278.007
2026-01-29 17:00:00,1282.077
2026-01-29 17:15:00,1279.785
2026-01-29 17:30:00,1297.14
2026-01-29 17:45:00,1306.76
2026-01-29 18:00:00,1304.97
2026-01-29 18:15:00,1280.84
2026-01-29 18:30:00,1266.13
2026-01-29 18:45:00,1265.765
2026-01-29 19:00:00,1278.15
2026-01-29 19:15:00,1307.932
2026-01-29 19:30:00,1334.95
2026-01-29 19:45:00,1359.713
2026-01-29 20:00:00,1405.613
2026-01-29 20:15:00,1421.89
2026-01-29 20:30:00,1419.338
2026-01-29 20:45:00,1400.632
2026-01-29 21:00:00,1380.182
2026-01-29 21:15:00,1341.608
2026-01-29 21:30:00,1316.11
2026-01-29 21:45:00,1246.57
2026-01-29 22:00:00,1205.963
2026-01-29 22:15:00,1191.922
2026-01-29 22:30:00,1184.775
2026-01-29 22:45:00,1160.713
2026-01-29 23:00:00,1159.042
2026-01-29 23:15:00,1147.843
2026-01-29 23:30:00,1142.84
2026-01-29 23:45:00,1103.382
2026-01-30 00:00:00,1084.927
2026-01-30 00:15:00,1078.688
2026-01-30 00:30:00,1076.002
2026-01-30 00:45:00,1080.945
2026-01-30 01:00:00,1071.62
2026-01-30 01:15:00,1064.525
2026-01-30 01:30:00,1050.623
2026-01-30 01:45:00,1042.26
2026-01-30 02:00:00,1040.257
2026-01-30 02:15:00,1044.493
2026-01-30 02:30:00,1045.762
2026-01-30 02:45:00,1051.605
2026-01-30 03:00:00,1071.813
2026-01-30 03:15:00,1089.193
2026-01-30 03:30:00,1094.715
2026-01-30 03:45:00,1104.167
2026-01-30 04:00:00,1099.863
2026-01-30 04:15:00,1111.3
2026-01-30 04:30:00,1100.45
2026-01-30 04:45:00,1104.343
2026-01-30 05:00:00,1115.85
2026-01-30 05:15:00,1108.943
2026-01-30 05:30:00,1103.807
2026-01-30 05:45:00,1096.75
2026-01-30 06:00:00,1095.432
2026-01-30 06:15:00,1072.92
2026-01-30 06:30:00,1084.453
2026-01-30 06:45:00,1080.882
2026-01-30 07:00:00,1087.535
2026-01-30 07:15:00,1082.475
2026-01-30 07:30:00,1082.767
2026-01-30 07:45:00,1069.358
2026-01-30 08:00:00,1072.637
2026-01-30 08:15:00,1083.225
2026-01-30 08:30:00,1098.215
2026-01-30 08:45:00,1099.188
2026-01-30 09:00:00,1107.412
2026-01-30 09:15:00,1107.257
2026-01-30 09:30:00,1087.208
2026-01-30 09:45:00,1094.627
2026-01-30 10:00:00,1081.563
2026-01-30 10:15:00,1057.09
2026-01-30 10:30:00,1044.915
2026-01-30 10:45:00,1033.22
2026-01-30 11:00:00,1013.235
2026-01-30 11:15:00,1003.138
2026-01-30 11:30:00,1011.747
2026-01-30 11:45:00,1012.755
2026-01-30 12:00:00,1007.62
2026-01-30 12:15:00,990.997
2026-01-30 12:30:00,998.855
2026-01-30 12:45:00,1003.872
2026-01-30 13:00:00,1006.492
2026-01-30 13:15:00,1006.945
2026-01-30 13:30:00,1015.145
2026-01-30 13:45:00,1011.3
2026-01-30 14:00:00,1021.505
2026-01-30 14:15:00,1018.9
2026-01-30 14:30:00,1024.525
2026-01-30 14:45:00,1042.147
2026-01-30 15:00:00,1035.193
2026-01-30 15:15:00,1045.432
2026-01-30 15:30:00,1063.055
2026-01-30 15:45:00,1073.965
2026-01-30 16:00:00,1082.055
2026-01-30 16:15:00,1102.58
2026-01-30 16:30:00,1125.505
2026-01-30 16:45:00,1142.715
2026-01-30 17:00:00,1152.9
2026-01-30 17:15:00,1162.28
2026-01-30 17:30:00,1168.993
2026-01-30 17:45:00,1196.21
2026-01-30 18:00:00,1203.971
2026-01-30 18:15:00,1205.462
2026-01-30 18:30:00,1219.045
2026-01-30 18:45:00,1228.76
2026-01-30 19:00:00,1219.875
2026-01-30 19:15:00,1230.777
2026-01-30 19:30:00,1208.177
2026-01-30 19:45:00,1190.498
2026-01-30 20:00:00,1182.676
2026-01-30 20:15:00,1169.56
2026-01-30 20:30:00,1164.78
2026-01-30 20:45:00,1154.424
2026-01-30 21:00:00,1159.573
2026-01-30 21:15:00,1139.247
2026-01-30 21:30:00,1123.858
2026-01-30 21:45:00,1098.663
2026-01-30 22:00:00,1073.408
2026-01-30 22:15:00,1060.407
2026-01-30 22:30:00,1043.202
2026-01-30 22:45:00,1028.578
2026-01-30 23:00:00,1009.755
2026-01-30 23:15:00,991.367
2026-01-30 23:30:00,972.797
2026-01-30 23:45:00,922.54
2026-01-31 00:00:00,868.689
2026-01-31 00:15:00,854.2
2026-01-31 00:30:00,841.604
2026-01-31 00:45:00,818.234
2026-01-31 01:00:00,797.343
2026-01-31 01:15:00,803.347
2026-01-31 01:30:00,778.292
2026-01-31 01:45:00,755.36
2026-01-31 02:00:00,727.69
2026-01-31 02:15:00,708.333
2026-01-31 02:30:00,702.045
2026-01-31 02:45:00,693.537
2026-01-31 03:00:00,659.605
2026-01-31 03:15:00,651.645
2026-01-31 03:30:00,648.925
2026-01-31 03:45:00,636.292
2026-01-31 04:00:00,647.287
2026-01-31 04:15:00,629.435
2026-01-31 04:30:00,625.43
2026-01-31 04:45:00,632.297
2026-01-31 05:00:00,633.125
2026-01-31 05:15:00,636.275
2026-01-31 05:30:00,665.698
2026-01-31 05:45:00,677.852
2026-01-31 06:00:00,697.98
2026-01-31 06:15:00,692.938
2026-01-31 06:30:00,706.995
2026-01-31 06:45:00,712.268
2026-01-31 07:00:00,692.242
2026-01-31 07:15:00,711.092
2026-01-31 07:30:00,695.768
2026-01-31 07:45:00,659.278
2026-01-31 08:00:00,626.523
2026-01-31 08:15:00,638.795
2026-01-31 08:30:00,607.577
2026-01-31 08:45:00,598.775
2026-01-31 09:00:00,583.995
2026-01-31 09:15:00,597.875
2026-01-31 09:30:00,559.239
2026-01-31 09:45:00,571.517
2026-01-31 10:00:00,545.348
2026-01-31 10:15:00,543.75
2026-01-31 10:30:00,530.542
2026-01-31 10:45:00,509.52
2026-01-31 11:00:00,477.955
2026-01-31 11:15:00,461.703
2026-01-31 11:30:00,456.527
2026-01-31 11:45:00,460.402
2026-01-31 12:00:00,452.152
2026-01-31 12:15:00,442.855
2026-01-31 12:30:00,435.245
2026-01-31 12:45:00,412.797
2026-01-31 13:00:00,396.58
2026-01-31 13:15:00,358.825
2026-01-31 13:30:00,332.753
2026-01-31 13:45:00,325.592
2026-01-31 14:00:00,298.59
2026-01-31 14:15:00,292.047
2026-01-31 14:30:00,282.85
2026-01-31 14:45:00,276.65
2026-01-31 15:00:00,297.038
2026-01-31 15:15:00,327.353
2026-01-31 15:30:00,365.883
2026-01-31 15:45:00,399.543
2026-01-31 16:00:00,447.52
2026-01-31 16:15:00,483.79
2026-01-31 16:30:00,527.357
2026-01-31 16:45:00,530.552
2026-01-31 17:00:00,583.61
2026-01-31 17:15:00,637.378
2026-01-31 17:30:00,709.047
2026-01-31 17:45:00,774.395
2026-01-31 18:00:00,783.083
2026-01-31 18:15:00,821.85
2026-01-31 18:30:00,840.395
2026-01-31 18:45:00,872.528
2026-01-31 19:00:00,890.295
2026-01-31 19:15:00,893.958
2026-01-31 19:30:00,897.797
2026-01-31 19:45:00,874.653
2026-01-31 20:00:00,833.65
2026-01-31 20:15:00,823.037
2026-01-31 20:30:00,795.79
2026-01-31 20:45:00,777.177
2026-01-31 21:00:00,745.838
2026-01-31 21:15:00,717.177
2026-01-31 21:30:00,691.443
2026-01-31 21:45:00,660.872
2026-01-31 22:00:00,641.475
2026-01-31 22:15:00,638.935
2026-01-31 22:30:00,652.6
2026-01-31 22:45:00,646.085
2026-01-31 23:00:00,639.31
2026-01-31 23:15:00,639.188
2026-01-31 23:30:00,662.912
2026-01-31 23:45:00,649.575
2026-02-01 00:00:00,630.143
2026-02-01 00:15:00,608.6
2026-02-01 00:30:00,579.725
2026-02-01 00:45:00,559.395
2026-02-01 01:00:00,542.885
2026-02-01 01:15:00,507.78
2026-02-01 01:30:00,492.25
2026-02-01 01:45:00,461.075
2026-02-01 02:00:00,442.353
2026-02-01 02:15:00,420.948
2026-02-01 02:30:00,396.397
2026-02-01 02:45:00,390.397
2026-02-01 03:00:00,391.263
2026-02-01 03:15:00,401.669
2026-02-01 03:30:00,407.214
2026-02-01 03:45:00,413.937
2026-02-01 04:00:00,433.31
2026-02-01 04:15:00,434.342
2026-02-01 04:30:00,437.992
2026-02-01 04:45:00,430.122
2026-02-01 05:00:00,463.147
2026-02-01 05:15:00,475.834
2026-02-01 05:30:00,470.397
2026-02-01 05:45:00,435.642
2026-02-01 06:00:00,426.242
2026-02-01 06:15:00,430.145
2026-02-01 06:30:00,414.089
2026-02-01 06:45:00,374.752
2026-02-01 07:00:00,348.577
2026-02-01 07:15:00,339.767
2026-02-01 07:30:00,345.999
2026-02-01 07:45:00,348.642
2026-02-01 08:00:00,351.08
2026-02-01 08:15:00,356.688
2026-02-01 08:30:00,374.75
2026-02-01 08:45:00,398.63
2026-02-01 09:00:00,402.445
2026-02-01 09:15:00,384.802
2026-02-01 09:30:00,372.069
2026-02-01 09:45:00,350.492
2026-02-01 10:00:00,336.205
2026-02-01 10:15:00,322.693
2026-02-01 10:30:00,314.39
2026-02-01 10:45:00,292.842
2026-02-01 11:00:00,258.82
2026-02-01 11:15:00,240.742
2026-02-01 11:30:00,211.617
2026-02-01 11:45:00,197.503
2026-02-01 12:00:00,194.16
2026-02-01 12:15:00,199.77
2026-02-01 12:30:00,196.135
2026-02-01 12:45:00,186.305
2026-02-01 13:00:00,182.505
2026-02-01 13:15:00,174.355
2026-02-01 13:30:00,175.363
2026-02-01 13:45:00,167.827
2026-02-01 14:00:00,173.1
2026-02-01 14:15:00,182.988
2026-02-01 14:30:00,172.212
2026-02-01 14:45:00,167.79
2026-02-01 15:00:00,168.193
2026-02-01 15:15:00,175.583
2026-02-01 15:30:00,179.952
2026-02-01 15:45:00,187.165
2026-02-01 16:00:00,193.515
2026-02-01 16:15:00,197.807
2026-02-01 16:30:00,207.117
2026-02-01 16:45:00,220.833
2026-02-01 17:00:00,242.833
2026-02-01 17:15:00,258.677
2026-02-01 17:30:00,300.242
2026-02-01 17:45:00,337.753
2026-02-01 18:00:00,357.234
2026-02-01 18:15:00,380.179
2026-02-01 18:30:00,394.13
2026-02-01 18:45:00,408.652
2026-02-01 19:00:00,418.215
2026-02-01 19:15:00,435.515
2026-02-01 19:30:00,494.497
2026-02-01 19:45:00,502.307
2026-02-01 20:00:00,513.017
2026-02-01 20:15:00,530.064
2026-02-01 20:30:00,563.227
2026-02-01 20:45:00,575.089
2026-02-01 21:00:00,586.125
2026-02-01 21:15:00,594.068
2026-02-01 21:30:00,593.925
2026-02-01 21:45:00,596.905
2026-02-01 22:00:00,609.833
2026-02-01 22:15:00,627.302
2026-02-01 22:30:00,631.997
2026-02-01 22:45:00,645.875
2026-02-01 23:00:00,658.79
2026-02-01 23:15:00,667.53
2026-02-01 23:30:00,692.915
2026-02-01 23:45:00,681.905
2026-02-02 00:00:00,667.495
2026-02-02 00:15:00,659.648
2026-02-02 00:30:00,664.083
2026-02-02 00:45:00,639.883
2026-02-02 01:00:00,622.023
2026-02-02 01:15:00,609.635
2026-02-02 01:30:00,617.425
2026-02-02 01:45:00,609.487
2026-02-02 02:00:00,594.335
2026-02-02 02:15:00,604.015
2026-02-02 02:30:00,585.412
2026-02-02 02:45:00,570.557
2026-02-02 03:00:00,575.557
2026-02-02 03:15:00,589.89
2026-02-02 03:30:00,602.07
2026-02-02 03:45:00,647.305
2026-02-02 04:00:00,674.653
2026-02-02 04:15:00,689.3
2026-02-02 04:30:00,703.74
2026-02-02 04:45:00,710.393
2026-02-02 05:00:00,687.787
2026-02-02 05:15:00,699.218
2026-02-02 05:30:00,691.99
2026-02-02 05:45:00,694.745
2026-02-02 06:00:00,703.095
2026-02-02 06:15:00,696.335
2026-02-02 06:30:00,766.185
2026-02-02 06:45:00,789.505
2026-02-02 07:00:00,798.602
2026-02-02 07:15:00,798.535
2026-02-02 07:30:00,802.015
2026-02-02 07:45:00,802.792
2026-02-02 08:00:00,781.085
2026-02-02 08:15:00,751.695
2026-02-02 08:30:00,774.588
2026-02-02 08:45:00,750.938
2026-02-02 09:00:00,738.167
2026-02-02 09:15:00,720.66
2026-02-02 09:30:00,719.333
2026-02-02 09:45:00,697.125
2026-02-02 10:00:00,677.667
2026-02-02 10:15:00,640.583
2026-02-02 10:30:00,635.37
2026-02-02 10:45:00,606.052
2026-02-02 11:00:00,580.865
2026-02-02 11:15:00,546.68
2026-02-02 11:30:00,512.417
2026-02-02 11:45:00,474.335
2026-02-02 12:00:00,448.362
2026-02-02 12:15:00,407.735
2026-02-02 12:30:00,379.932
2026-02-02 12:45:00,350.295
2026-02-02 13:00:00,336.075
2026-02-02 13:15:00,333.95
2026-02-02 13:30:00,325.905
2026-02-02 13:45:00,322.83
2026-02-02 14:00:00,328.805
2026-02-02 14:15:00,330.133
2026-02-02 14:30:00,330.413
2026-02-02 14:45:00,349.24
2026-02-02 15:00:00,357.198
2026-02-02 15:15:00,372.087
2026-02-02 15:30:00,384.957
2026-02-02 15:45:00,395.765
2026-02-02 16:00:00,392.19
2026-02-02 16:15:00,391.265
2026-02-02 16:30:00,401.915
2026-02-02 16:45:00,428.34
2026-02-02 17:00:00,446.115
2026-02-02 17:15:00,459.267
2026-02-02 17:30:00,479.867
2026-02-02 17:45:00,490.31
2026-02-02 18:00:00,494.552
2026-02-02 18:15:00,509.867
2026-02-02 18:30:00,536.218
2026-02-02 18:45:00,569.927
2026-02-02 19:00:00,604.492
2026-02-02 19:15:00,637.825
2026-02-02 19:30:00,657.263
2026-02-02 19:45:00,674.98
2026-02-02 20:00:00,684.758
2026-02-02 20:15:00,700.773
2026-02-02 20:30:00,696.422
2026-02-02 20:45:00,711.54
2026-02-02 21:00:00,717.747
2026-02-02 21:15:00,709.307
2026-02-02 21:30:00,692.03
2026-02-02 21:45:00,681.625
2026-02-02 22:00:00,666.403
2026-02-02 22:15:00,630.475
2026-02-02 22:30:00,608.295
2026-02-02 22:45:00,596.4
2026-02-02 23:00:00,601.835
2026-02-02 23:15:00,596.372
2026-02-02 23:30:00,578.407
2026-02-02 23:45:00,565.698
2026-02-03 00:00:00,526.958
2026-02-03 00:15:00,513.628
2026-02-03 00:30:00,530.61
2026-02-03 00:45:00,524.282
2026-02-03 01:00:00,504.598
2026-02-03 01:15:00,508.655
2026-02-03 01:30:00,510.457
2026-02-03 01:45:00,522.782
2026-02-03 02:00:00,520.468
2026-02-03 02:15:00,510.93
2026-02-03 02:30:00,505.525
2026-02-03 02:45:00,484.867
2026-02-03 03:00:00,467.073
2026-02-03 03:15:00,449.055
2026-02-03 03:30:00,443.355
2026-02-03 03:45:00,424.297
2026-02-03 04:00:00,419.1
2026-02-03 04:15:00,406.245
2026-02-03 04:30:00,402.305
2026-02-03 04:45:00,375.688
2026-02-03 05:00:00,372.172
2026-02-03 05:15:00,368.288
2026-02-03 05:30:00,343.193
2026-02-03 05:45:00,337.658
2026-02-03 06:00:00,335.362
2026-02-03 06:15:00,314.908
2026-02-03 06:30:00,306.58
2026-02-03 06:45:00,299.9
2026-02-03 07:00:00,288.18
2026-02-03 07:15:00,285.467
2026-02-03 07:30:00,297.825
2026-02-03 07:45:00,295.668
2026-02-03 08:00:00,302.7
2026-02-03 08:15:00,303.465
2026-02-03 08:30:00,302.855
2026-02-03 08:45:00,317.337
2026-02-03 09:00:00,333.205
2026-02-03 09:15:00,330.72
2026-02-03 09:30:00,328.688
2026-02-03 09:45:00,336.14
2026-02-03 10:00:00,334.372
2026-02-03 10:15:00,349.353
2026-02-03 10:30:00,357.955
2026-02-03 10:45:00,352.56
2026-02-03 11:00:00,354.177
2026-02-03 11:15:00,362.89
2026-02-03 11:30:00,368.875
2026-02-03 11:45:00,372.707
2026-02-03 12:00:00,384.717
2026-02-03 12:15:00,381.54
2026-02-03 12:30:00,398.562
2026-02-03 12:45:00,400.824
2026-02-03 13:00:00,401.457
2026-02-03 13:15:00,409.065
2026-02-03 13:30:00,399.715
2026-02-03 13:45:00,380.264
2026-02-03 14:00:00,362.961
2026-02-03 14:15:00,362.83
2026-02-03 14:30:00,352.63
2026-02-03 14:45:00,349.11
2026-02-03 15:00:00,328.625
2026-02-03 15:15:00,316.07
2026-02-03 15:30:00,315.392
2026-02-03 15:45:00,313.103
2026-02-03 16:00:00,322.427
2026-02-03 16:15:00,321.168
2026-02-03 16:30:00,322.188
2026-02-03 16:45:00,334.68
2026-02-03 17:00:00,334.975
2026-02-03 17:15:00,331.508
2026-02-03 17:30:00,336.555
2026-02-03 17:45:00,344.995
2026-02-03 18:00:00,370.5
2026-02-03 18:15:00,392.302
2026-02-03 18:30:00,412.51
2026-02-03 18:45:00,422.922
2026-02-03 19:00:00,462.875
2026-02-03 19:15:00,468.517
2026-02-03 19:30:00,483.185
2026-02-03 19:45:00,525.085
2026-02-03 20:00:00,526.307
2026-02-03 20:15:00,521.117
2026-02-03 20:30:00,524.185
2026-02-03 20:45:00,524.805
2026-02-03 21:00:00,531.198
2026-02-03 21:15:00,560.19
2026-02-03 21:30:00,549.688
2026-02-03 21:45:00,547.088
2026-02-03 22:00:00,543.362
2026-02-03 22:15:00,556.722
2026-02-03 22:30:00,559.29
2026-02-03 22:45:00,568.018
2026-02-03 23:00:00,557.66
2026-02-03 23:15:00,546.907
2026-02-03 23:30:00,564.477
2026-02-03 23:45:00,572.22
2026-02-04 00:00:00,577.765
2026-02-04 00:15:00,562.585
2026-02-04 00:30:00,554.7
2026-02-04 00:45:00,547.482
2026-02-04 01:00:00,520.37
2026-02-04 01:15:00,511.598
2026-02-04 01:30:00,502.165
2026-02-04 01:45:00,502.64
2026-02-04 02:00:00,501.033
2026-02-04 02:15:00,504.645
2026-02-04 02:30:00,506.802
2026-02-04 02:45:00,512.7
2026-02-04 03:00:00,519.44
2026-02-04 03:15:00,521.963
2026-02-04 03:30:00,521.722
2026-02-04 03:45:00,539.02
2026-02-04 04:00:00,540.89
2026-02-04 04:15:00,554.537
2026-02-04 04:30:00,553.28
2026-02-04 04:45:00,560.578
2026-02-04 05:00:00,567.805
2026-02-04 05:15:00,579.465
2026-02-04 05:30:00,584.888
2026-02-04 05:45:00,610.22
2026-02-04 06:00:00,616.07
2026-02-04 06:15:00,648.725
2026-02-04 06:30:00,680.235
2026-02-04 06:45:00,702.282
2026-02-04 07:00:00,714.203
2026-02-04 07:15:00,737.06
2026-02-04 07:30:00,760.28
2026-02-04 07:45:00,767.99
2026-02-04 08:00:00,777.107
2026-02-04 08:15:00,801.453
2026-02-04 08:30:00,810.97
2026-02-04 08:45:00,835.41
2026-02-04 09:00:00,847.4
2026-02-04 09:15:00,863.22
2026-02-04 09:30:00,873.193
2026-02-04 09:45:00,900.24
2026-02-04 10:00:00,911.02
2026-02-04 10:15:00,926.593
2026-02-04 10:30:00,940.18
2026-02-04 10:45:00,947.975
2026-02-04 11:00:00,939.63
2026-02-04 11:15:00,944.182
2026-02-04 11:30:00,937.795
2026-02-04 11:45:00,967.765
2026-02-04 12:00:00,992.938
2026-02-04 12:15:00,1016.12
2026-02-04 12:30:00,1020.093
2026-02-04 12:45:00,1027.655
2026-02-04 13:00:00,1040.125
2026-02-04 13:15:00,1041.215
2026-02-04 13:30:00,1043.7
2026-02-04 13:45:00,1042.35
2026-02-04 14:00:00,1049.74
2026-02-04 14:15:00,1038.968
2026-02-04 14:30:00,1038.665
2026-02-04 14:45:00,1042.575
2026-02-04 15:00:00,1014.528
2026-02-04 15:15:00,1006.542
2026-02-04 15:30:00,999.825
2026-02-04 15:45:00,1010.05
2026-02-04 16:00:00,1017.435
2026-02-04 16:15:00,1019.112
2026-02-04 16:30:00,1015.665
2026-02-04 16:45:00,1017.588
2026-02-04 17:00:00,1006.775
2026-02-04 17:15:00,1012.352
2026-02-04 17:30:00,1036.228
2026-02-04 17:45:00,1039.36
2026-02-04 18:00:00,1048.74
2026-02-04 18:15:00,1053.468
2026-02-04 18:30:00,1048.564
2026-02-04 18:45:00,1068.853
2026-02-04 19:00:00,1069.735
2026-02-04 19:15:00,1080.292
2026-02-04 19:30:00,1080.782
2026-02-04 19:45:00,1099.009
2026-02-04 20:00:00,1076.18
2026-02-04 20:15:00,1059.478
2026-02-04 20:30:00,1026.813
2026-02-04 20:45:00,1013.523
2026-02-04 21:00:00,971.25
2026-02-04 21:15:00,930.855
2026-02-04 21:30:00,904.628
2026-02-04 21:45:00,876.343
2026-02-04 22:00:00,856.71
2026-02-04 22:15:00,838.922
2026-02-04 22:30:00,808.615
2026-02-04 22:45:00,773.835
2026-02-04 23:00:00,756.383
2026-02-04 23:15:00,709.013
2026-02-04 23:30:00,689.015
2026-02-04 23:45:00,656.09
2026-02-05 00:00:00,621.378
2026-02-05 00:15:00,610.768
2026-02-05 00:30:00,611.2
2026-02-05 00:45:00,573.625
2026-02-05 01:00:00,555.275
2026-02-05 01:15:00,535.953
2026-02-05 01:30:00,514.23
2026-02-05 01:45:00,492.728
2026-02-05 02:00:00,482.172
2026-02-05 02:15:00,469.122
2026-02-05 02:30:00,474.425
2026-02-05 02:45:00,483.41
2026-02-05 03:00:00,495.925
2026-02-05 03:15:00,493.01
2026-02-05 03:30:00,484.93
2026-02-05 03:45:00,484.675
2026-02-05 04:00:00,487.515
2026-02-05 04:15:00,498.592
2026-02-05 04:30:00,509.932
2026-02-05 04:45:00,528.155
2026-02-05 05:00:00,537.063
2026-02-05 05:15:00,549.29
2026-02-05 05:30:00,553.063
2026-02-05 05:45:00,572.737
2026-02-05 06:00:00,571.085
2026-02-05 06:15:00,573.128
2026-02-05 06:30:00,584.227
2026-02-05 06:45:00,599.518
2026-02-05 07:00:00,610.34
2026-02-05 07:15:00,631.485
2026-02-05 07:30:00,643.94
2026-02-05 07:45:00,644.93
2026-02-05 08:00:00,640.38
2026-02-05 08:15:00,666.76
2026-02-05 08:30:00,682.867
2026-02-05 08:45:00,687.565
2026-02-05 09:00:00,706.74
2026-02-05 09:15:00,707.008
2026-02-05 09:30:00,694.47
2026-02-05 09:45:00,688.31
2026-02-05 10:00:00,674.51
2026-02-05 10:15:00,677.96
2026-02-05 10:30:00,660.37
2026-02-05 10:45:00,640.093
2026-02-05 11:00:00,628.234
2026-02-05 11:15:00,631.407
2026-02-05 11:30:00,620.07
2026-02-05 11:45:00,618.583
2026-02-05 12:00:00,608.268
2026-02-05 12:15:00,635.43
2026-02-05 12:30:00,623.725
2026-02-05 12:45:00,628.825
2026-02-05 13:00:00,620.537
2026-02-05 13:15:00,573.936
2026-02-05 13:30:00,573.166
2026-02-05 13:45:00,533.128
2026-02-05 14:00:00,500.271
2026-02-05 14:15:00,458.958
2026-02-05 14:30:00,502.08
2026-02-05 14:45:00,447.603
2026-02-05 15:00:00,385.43
2026-02-05 15:15:00,376.848
2026-02-05 15:30:00,526.815
2026-02-05 15:45:00,535.315
2026-02-05 16:00:00,557.185
2026-02-05 16:15:00,551.422
2026-02-05 16:30:00,542.503
2026-02-05 16:45:00,559.825
2026-02-05 17:00:00,547.78
2026-02-05 17:15:00,547.425
2026-02-05 17:30:00,541.605
2026-02-05 17:45:00,564.153
2026-02-05 18:00:00,604.943
2026-02-05 18:15:00,635.66
2026-02-05 18:30:00,663.67
2026-02-05 18:45:00,674.731
2026-02-05 19:00:00,755.47
2026-02-05 19:15:00,774.472
2026-02-05 19:30:00,806.785
2026-02-05 19:45:00,818.602
2026-02-05 20:00:00,822.872
2026-02-05 20:15:00,834.927
2026-02-05 20:30:00,855.055
2026-02-05 20:45:00,849.675
2026-02-05 21:00:00,835.535
2026-02-05 21:15:00,841.063
2026-02-05 21:30:00,862.9
2026-02-05 21:45:00,872.602
2026-02-05 22:00:00,890.055
2026-02-05 22:15:00,918.758
2026-02-05 22:30:00,921.263
2026-02-05 22:45:00,938.218
2026-02-05 23:00:00,958.225
2026-02-05 23:15:00,949.885
2026-02-05 23:30:00,928.593
2026-02-05 23:45:00,909.602
2026-02-06 00:00:00,888.61
2026-02-06 00:15:00,870.638
2026-02-06 00:30:00,848.867
2026-02-06 00:45:00,834.948
2026-02-06 01:00:00,840.782
2026-02-06 01:15:00,822.385
2026-02-06 01:30:00,823.81
2026-02-06 01:45:00,830.825
2026-02-06 02:00:00,828.383
2026-02-06 02:15:00,827.802
2026-02-06 02:30:00,820.375
2026-02-06 02:45:00,814.435
2026-02-06 03:00:00,793.76
2026-02-06 03:15:00,792.963
2026-02-06 03:30:00,800.94
2026-02-06 03:45:00,778.215
2026-02-06 04:00:00,756.612
2026-02-06 04:15:00,738.06
2026-02-06 04:30:00,751.975
2026-02-06 04:45:00,763.8
2026-02-06 05:00:00,795.035
2026-02-06 05:15:00,817.7
2026-02-06 05:30:00,824.305
2026-02-06 05:45:00,816.112
2026-02-06 06:00:00,809.643
2026-02-06 06:15:00,810.7
2026-02-06 06:30:00,819.985
2026-02-06 06:45:00,830.362
2026-02-06 07:00:00,836.285
2026-02-06 07:15:00,831.811
2026-02-06 07:30:00,862.818
2026-02-06 07:45:00,873.718
2026-02-06 08:00:00,884.068
2026-02-06 08:15:00,897.66
2026-02-06 08:30:00,900.855
2026-02-06 08:45:00,923.333
2026-02-06 09:00:00,952.768
2026-02-06 09:15:00,961.385
2026-02-06 09:30:00,954.49
2026-02-06 09:45:00,947.542
2026-02-06 10:00:00,949.12
2026-02-06 10:15:00,938.415
2026-02-06 10:30:00,927.713
2026-02-06 10:45:00,927.855
2026-02-06 11:00:00,956.0
2026-02-06 11:15:00,966.61
2026-02-06 11:30:00,993.907
2026-02-06 11:45:00,1045.282
2026-02-06 12:00:00,1062.005
2026-02-06 12:15:00,1077.152
2026-02-06 12:30:00,1075.49
2026-02-06 12:45:00,1093.335
2026-02-06 13:00:00,1108.095
2026-02-06 13:15:00,1118.485
2026-02-06 13:30:00,1122.085
2026-02-06 13:45:00,1125.98
2026-02-06 14:00:00,1141.123
2026-02-06 14:15:00,1112.821
2026-02-06 14:30:00,1131.631
2026-02-06 14:45:00,1155.897
2026-02-06 15:00:00,1179.418
2026-02-06 15:15:00,1150.804
2026-02-06 15:30:00,1176.35
2026-02-06 15:45:00,1116.689
2026-02-06 16:00:00,1074.166
2026-02-06 16:15:00,1159.117
2026-02-06 16:30:00,1223.932
2026-02-06 16:45:00,1129.09
2026-02-06 17:00:00,1090.345
2026-02-06 17:15:00,1159.169
2026-02-06 17:30:00,1118.901
2026-02-06 17:45:00,1156.205
2026-02-06 18:00:00,1138.373
2026-02-06 18:15:00,1143.573
2026-02-06 18:30:00,1146.945
2026-02-06 18:45:00,1122.627
2026-02-06 19:00:00,1117.738
2026-02-06 19:15:00,1085.054
2026-02-06 19:30:00,1123.37
2026-02-06 19:45:00,1044.608
2026-02-06 20:00:00,1049.49
2026-02-06 20:15:00,1028.821
2026-02-06 20:30:00,1036.915
2026-02-06 20:45:00,1007.639
2026-02-06 21:00:00,1060.781
2026-02-06 21:15:00,1138.989
2026-02-06 21:30:00,1134.693
2026-02-06 21:45:00,1291.868
2026-02-06 22:00:00,1295.555
2026-02-06 22:15:00,1297.299
2026-02-06 22:30:00,1299.737
2026-02-06 22:45:00,1300.235
2026-02-06 23:00:00,1243.223
2026-02-06 23:15:00,1098.505
2026-02-06 23:30:00,973.445
2026-02-06 23:45:00,939.471
2026-02-07 00:00:00,1184.21
2026-02-07 00:15:00,1161.125
2026-02-07 00:30:00,1154.208
2026-02-07 00:45:00,1129.97
2026-02-07 01:00:00,1060.682
2026-02-07 01:15:00,1092.929
2026-02-07 01:30:00,1131.51
2026-02-07 01:45:00,1114.33
2026-02-07 02:00:00,1102.338
2026-02-07 02:15:00,1072.257
2026-02-07 02:30:00,1048.922
2026-02-07 02:45:00,1001.966
2026-02-07 03:00:00,1060.175
2026-02-07 03:15:00,1041.23
2026-02-07 03:30:00,1035.274
2026-02-07 03:45:00,1095.832
2026-02-07 04:00:00,1082.491
2026-02-07 04:15:00,1105.543
2026-02-07 04:30:00,1089.21
2026-02-07 04:45:00,1154.343
2026-02-07 05:00:00,1218.652
2026-02-07 05:15:00,1197.778
2026-02-07 05:30:00,1266.345
2026-02-07 05:45:00,1242.441
2026-02-07 06:00:00,1293.151
2026-02-07 06:15:00,1312.789
2026-02-07 06:30:00,1306.811
2026-02-07 06:45:00,1330.903
2026-02-07 07:00:00,1403.614
2026-02-07 07:15:00,1297.709
2026-02-07 07:30:00,1346.67
2026-02-07 07:45:00,1385.082
2026-02-07 08:00:00,1410.203
2026-02-07 08:15:00,1394.195
2026-02-07 08:30:00,1439.911
2026-02-07 08:45:00,1437.015
2026-02-07 09:00:00,1422.325
2026-02-07 09:15:00,1410.205
2026-02-07 09:30:00,1396.329
2026-02-07 09:45:00,1399.002
2026-02-07 10:00:00,1410.054
2026-02-07 10:15:00,1385.681
2026-02-07 10:30:00,1376.805
2026-02-07 10:45:00,1397.211
2026-02-07 11:00:00,1406.275
2026-02-07 11:15:00,1399.123
2026-02-07 11:30:00,1402.535
2026-02-07 11:45:00,1395.159
2026-02-07 12:00:00,1371.93
2026-02-07 12:15:00,1374.23
2026-02-07 12:30:00,1353.975
2026-02-07 12:45:00,1366.205
2026-02-07 13:00:00,1345.705
2026-02-07 13:15:00,1323.64
2026-02-07 13:30:00,1312.665
2026-02-07 13:45:00,1294.568
2026-02-07 14:00:00,1287.823
2026-02-07 14:15:00,1230.598
2026-02-07 14:30:00,1231.465
2026-02-07 14:45:00,1224.127
2026-02-07 15:00:00,1216.935
2026-02-07 15:15:00,1190.045
2026-02-07 15:30:00,1198.557
2026-02-07 15:45:00,1195.277
2026-02-07 16:00:00,1224.392
2026-02-07 16:15:00,1258.027
2026-02-07 16:30:00,1237.314
2026-02-07 16:45:00,1144.878
2026-02-07 17:00:00,1175.438
2026-02-07 17:15:00,1279.332
2026-02-07 17:30:00,1220.473
2026-02-07 17:45:00,1272.508
2026-02-07 18:00:00,1197.432
2026-02-07 18:15:00,1078.173
2026-02-07 18:30:00,1068.489
2026-02-07 18:45:00,985.34
2026-02-07 19:00:00,1096.081
2026-02-07 19:15:00,1209.365
2026-02-07 19:30:00,1316.686
2026-02-07 19:45:00,1293.021
2026-02-07 20:00:00,1266.704
2026-02-07 20:15:00,1237.432
2026-02-07 20:30:00,1259.0
2026-02-07 20:45:00,1102.066
2026-02-07 21:00:00,1270.552
2026-02-07 21:15:00,1524.258
2026-02-07 21:30:00,1542.816
2026-02-07 21:45:00,1524.426
2026-02-07 22:00:00,1487.772
2026-02-07 22:15:00,1514.733
2026-02-07 22:30:00,1524.04
2026-02-07 22:45:00,1535.101
2026-02-07 23:00:00,1528.621
2026-02-07 23:15:00,1427.672
2026-02-07 23:30:00,1295.193
2026-02-07 23:45:00,1171.097
2026-02-08 00:00:00,1371.783
2026-02-08 00:15:00,1396.638
2026-02-08 00:30:00,1385.593
2026-02-08 00:45:00,1325.621
2026-02-08 01:00:00,1249.889
2026-02-08 01:15:00,1308.188
2026-02-08 01:30:00,1333.027
2026-02-08 01:45:00,1329.177
2026-02-08 02:00:00,1320.85
2026-02-08 02:15:00,1317.206
2026-02-08 02:30:00,1345.351
2026-02-08 02:45:00,1291.19
2026-02-08 03:00:00,1300.462
2026-02-08 03:15:00,1242.565
2026-02-08 03:30:00,1201.002
2026-02-08 03:45:00,1241.981
2026-02-08 04:00:00,1311.632
2026-02-08 04:15:00,1306.334
2026-02-08 04:30:00,1292.838
2026-02-08 04:45:00,1275.179
2026-02-08 05:00:00,1265.064
2026-02-08 05:15:00,1267.068
2026-02-08 05:30:00,1189.146
2026-02-08 05:45:00,1061.965
2026-02-08 06:00:00,1141.051
2026-02-08 06:15:00,1137.283
2026-02-08 06:30:00,1201.477
2026-02-08 06:45:00,1172.165
2026-02-08 07:00:00,1077.364
2026-02-08 07:15:00,1147.158
2026-02-08 07:30:00,1149.676
2026-02-08 07:45:00,1159.034
2026-02-08 08:00:00,1148.008
2026-02-08 08:15:00,1148.587
2026-02-08 08:30:00,1139.276
2026-02-08 08:45:00,1113.425
2026-02-08 09:00:00,1040.44
2026-02-08 09:15:00,1003.482
2026-02-08 09:30:00,1027.53
2026-02-08 09:45:00,974.978
2026-02-08 10:00:00,927.292
2026-02-08 10:15:00,861.87
2026-02-08 10:30:00,829.208
2026-02-08 10:45:00,793.86
2026-02-08 11:00:00,802.573
2026-02-08 11:15:00,767.588
2026-02-08 11:30:00,739.61
2026-02-08 11:45:00,706.485
2026-02-08 12:00:00,651.915
2026-02-08 12:15:00,649.505
2026-02-08 12:30:00,629.068
2026-02-08 12:45:00,575.729
2026-02-08 13:00:00,583.191
2026-02-08 13:15:00,514.025
2026-02-08 13:30:00,484.457
2026-02-08 13:45:00,410.361
2026-02-08 14:00:00,369.358
2026-02-08 14:15:00,292.084
2026-02-08 14:30:00,293.991
2026-02-08 14:45:00,304.506
2026-02-08 15:00:00,427.976
2026-02-08 15:15:00,394.354
2026-02-08 15:30:00,410.606
2026-02-08 15:45:00,358.454
2026-02-08 16:00:00,359.398
2026-02-08 16:15:00,406.993
2026-02-08 16:30:00,347.538
2026-02-08 16:45:00,492.232
2026-02-08 17:00:00,540.24
2026-02-08 17:15:00,534.532
2026-02-08 17:30:00,540.503
2026-02-08 17:45:00,545.388
2026-02-08 18:00:00,555.746
2026-02-08 18:15:00,612.823
2026-02-08 18:30:00,616.77
2026-02-08 18:45:00,624.635
2026-02-08 19:00:00,645.807
2026-02-08 19:15:00,650.325
2026-02-08 19:30:00,682.03
2026-02-08 19:45:00,701.42
2026-02-08 20:00:00,720.407
2026-02-08 20:15:00,743.773
2026-02-08 20:30:00,733.79
2026-02-08 20:45:00,737.052
2026-02-08 21:00:00,723.907
2026-02-08 21:15:00,697.492
2026-02-08 21:30:00,665.693
2026-02-08 21:45:00,624.412
2026-02-08 22:00:00,616.885
2026-02-08 22:15:00,610.747
2026-02-08 22:30:00,623.588
2026-02-08 22:45:00,609.693
2026-02-08 23:00:00,591.61
2026-02-08 23:15:00,554.128
2026-02-08 23:30:00,535.105
2026-02-08 23:45:00,518.33
2026-02-09 00:00:00,487.453
2026-02-09 00:15:00,489.302
2026-02-09 00:30:00,504.918
2026-02-09 00:45:00,497.617
2026-02-09 01:00:00,484.37
2026-02-09 01:15:00,483.77
2026-02-09 01:30:00,522.76
2026-02-09 01:45:00,476.978
2026-02-09 02:00:00,444.985
2026-02-09 02:15:00,420.12
2026-02-09 02:30:00,448.06
2026-02-09 02:45:00,464.325
2026-02-09 03:00:00,433.965
2026-02-09 03:15:00,408.55
2026-02-09 03:30:00,389.625
2026-02-09 03:45:00,362.147
2026-02-09 04:00:00,356.47
2026-02-09 04:15:00,366.022
2026-02-09 04:30:00,330.66
2026-02-09 04:45:00,314.38
2026-02-09 05:00:00,301.845
2026-02-09 05:15:00,318.695
2026-02-09 05:30:00,340.98
2026-02-09 05:45:00,362.71
2026-02-09 06:00:00,354.922
2026-02-09 06:15:00,344.765
2026-02-09 06:30:00,368.905
2026-02-09 06:45:00,362.723
2026-02-09 07:00:00,386.555
2026-02-09 07:15:00,400.61
2026-02-09 07:30:00,386.332
2026-02-09 07:45:00,397.82
2026-02-09 08:00:00,386.305
2026-02-09 08:15:00,369.508
2026-02-09 08:30:00,363.462
2026-02-09 08:45:00,354.633
2026-02-09 09:00:00,373.89
2026-02-09 09:15:00,419.712
2026-02-09 09:30:00,396.645
2026-02-09 09:45:00,398.237
2026-02-09 10:00:00,412.438
2026-02-09 10:15:00,501.953
2026-02-09 10:30:00,527.607
2026-02-09 10:45:00,519.292
2026-02-09 11:00:00,514.982
2026-02-09 11:15:00,553.01
2026-02-09 11:30:00,577.215
2026-02-09 11:45:00,549.138
2026-02-09 12:00:00,556.125
2026-02-09 12:15:00,524.953
2026-02-09 12:30:00,528.38
2026-02-09 12:45:00,535.797
2026-02-09 13:00:00,526.563
2026-02-09 13:15:00,570.545
2026-02-09 13:30:00,586.845
2026-02-09 13:45:00,601.635
2026-02-09 14:00:00,606.92
2026-02-09 14:15:00,609.188
2026-02-09 14:30:00,609.6
2026-02-09 14:45:00,602.975
2026-02-09 15:00:00,613.432
2026-02-09 15:15:00,609.485
2026-02-09 15:30:00,611.987
2026-02-09 15:45:00,609.59
2026-02-09 16:00:00,606.26
2026-02-09 16:15:00,582.773
2026-02-09 16:30:00,594.753
2026-02-09 16:45:00,603.38
2026-02-09 17:00:00,644.59
2026-02-09 17:15:00,676.958
2026-02-09 17:30:00,668.045
2026-02-09 17:45:00,671.73
2026-02-09 18:00:00,572.401
2026-02-09 18:15:00,587.681
2026-02-09 18:30:00,604.847
2026-02-09 18:45:00,636.782
2026-02-09 19:00:00,654.362
2026-02-09 19:15:00,674.438
2026-02-09 19:30:00,796.468
2026-02-09 19:45:00,672.964
2026-02-09 20:00:00,699.296
2026-02-09 20:15:00,841.693
2026-02-09 20:30:00,835.242
2026-02-09 20:45:00,866.078
2026-02-09 21:00:00,878.756
2026-02-09 21:15:00,870.602
2026-02-09 21:30:00,869.311
2026-02-09 21:45:00,872.695
2026-02-09 22:00:00,885.508
2026-02-09 22:15:00,880.188
2026-02-09 22:30:00,875.883
2026-02-09 22:45:00,873.023
2026-02-09 23:00:00,874.845
2026-02-09 23:15:00,864.06
2026-02-09 23:30:00,863.59
2026-02-09 23:45:00,870.99
2026-02-10 00:00:00,871.282
2026-02-10 00:15:00,875.992
2026-02-10 00:30:00,873.177
2026-02-10 00:45:00,855.34
2026-02-10 01:00:00,870.547
2026-02-10 01:15:00,873.407
2026-02-10 01:30:00,871.41
2026-02-10 01:45:00,869.367
2026-02-10 02:00:00,864.657
2026-02-10 02:15:00,854.69
2026-02-10 02:30:00,857.648
2026-02-10 02:45:00,869.66
2026-02-10 03:00:00,863.338
2026-02-10 03:15:00,851.422
2026-02-10 03:30:00,847.307
2026-02-10 03:45:00,852.042
2026-02-10 04:00:00,849.718
2026-02-10 04:15:00,834.69
2026-02-10 04:30:00,817.023
2026-02-10 04:45:00,805.92
2026-02-10 05:00:00,784.45
2026-02-10 05:15:00,781.247
2026-02-10 05:30:00,781.065
2026-02-10 05:45:00,743.782
2026-02-10 06:00:00,761.419
2026-02-10 06:15:00,740.546
2026-02-10 06:30:00,710.762
2026-02-10 06:45:00,716.353
2026-02-10 07:00:00,584.291
2026-02-10 07:15:00,653.651
2026-02-10 07:30:00,743.025
2026-02-10 07:45:00,743.037
2026-02-10 08:00:00,736.875
2026-02-10 08:15:00,730.213
2026-02-10 08:30:00,739.073
2026-02-10 08:45:00,745.45
2026-02-10 09:00:00,781.605
2026-02-10 09:15:00,780.422
2026-02-10 09:30:00,767.938
2026-02-10 09:45:00,750.48
2026-02-10 10:00:00,751.633
2026-02-10 10:15:00,742.407
2026-02-10 10:30:00,642.513
2026-02-10 10:45:00,729.657
2026-02-10 11:00:00,729.76
2026-02-10 11:15:00,731.425
2026-02-10 11:30:00,728.91
2026-02-10 11:45:00,710.727
2026-02-10 12:00:00,710.015
2026-02-10 12:15:00,694.595
2026-02-10 12:30:00,664.69
2026-02-10 12:45:00,646.42
2026-02-10 13:00:00,617.162
2026-02-10 13:15:00,590.862
2026-02-10 13:30:00,582.963
2026-02-10 13:45:00,569.78
2026-02-10 14:00:00,555.47
2026-02-10 14:15:00,539.378
2026-02-10 14:30:00,509.605
2026-02-10 14:45:00,489.99
2026-02-10 15:00:00,459.145
2026-02-10 15:15:00,446.945
2026-02-10 15:30:00,440.055
2026-02-10 15:45:00,440.605
2026-02-10 16:00:00,440.862
2026-02-10 16:15:00,451.527
2026-02-10 16:30:00,446.695
2026-02-10 16:45:00,434.693
2026-02-10 17:00:00,438.66
2026-02-10 17:15:00,439.15
2026-02-10 17:30:00,460.465
2026-02-10 17:45:00,474.753
2026-02-10 18:00:00,501.223
2026-02-10 18:15:00,517.422
2026-02-10 18:30:00,509.455
2026-02-10 18:45:00,457.953
2026-02-10 19:00:00,478.915
2026-02-10 19:15:00,511.525
2026-02-10 19:30:00,518.62
2026-02-10 19:45:00,503.043
2026-02-10 20:00:00,502.175
2026-02-10 20:15:00,532.052
2026-02-10 20:30:00,517.72
2026-02-10 20:45:00,496.211
2026-02-10 21:00:00,493.99
2026-02-10 21:15:00,502.4
2026-02-10 21:30:00,507.66
2026-02-10 21:45:00,528.032
2026-02-10 22:00:00,533.215
2026-02-10 22:15:00,545.253
2026-02-10 22:30:00,557.682
2026-02-10 22:45:00,556.29
2026-02-10 23:00:00,545.425
2026-02-10 23:15:00,539.63
2026-02-10 23:30:00,532.787
2026-02-10 23:45:00,541.448
2026-02-11 00:00:00,538.932
2026-02-11 00:15:00,522.722
2026-02-11 00:30:00,509.862
2026-02-11 00:45:00,499.288
2026-02-11 01:00:00,479.55
2026-02-11 01:15:00,501.05
2026-02-11 01:30:00,471.54
2026-02-11 01:45:00,457.082
2026-02-11 02:00:00,443.26
2026-02-11 02:15:00,439.98
2026-02-11 02:30:00,435.285
2026-02-11 02:45:00,459.652
2026-02-11 03:00:00,468.355
2026-02-11 03:15:00,457.195
2026-02-11 03:30:00,472.455
2026-02-11 03:45:00,476.82
2026-02-11 04:00:00,471.23
2026-02-11 04:15:00,453.385
2026-02-11 04:30:00,455.645
2026-02-11 04:45:00,477.953
2026-02-11 05:00:00,490.14
2026-02-11 05:15:00,515.203
2026-02-11 05:30:00,481.223
2026-02-11 05:45:00,477.925
2026-02-11 06:00:00,459.177
2026-02-11 06:15:00,445.128
2026-02-11 06:30:00,439.01
2026-02-11 06:45:00,449.383
2026-02-11 07:00:00,463.133
2026-02-11 07:15:00,484.815
2026-02-11 07:30:00,504.992
2026-02-11 07:45:00,524.898
2026-02-11 08:00:00,522.823
2026-02-11 08:15:00,538.292
2026-02-11 08:30:00,532.395
2026-02-11 08:45:00,531.102
2026-02-11 09:00:00,495.73
2026-02-11 09:15:00,494.742
2026-02-11 09:30:00,499.56
2026-02-11 09:45:00,504.503
2026-02-11 10:00:00,509.855
2026-02-11 10:15:00,469.315
2026-02-11 10:30:00,467.59
2026-02-11 10:45:00,435.557
2026-02-11 11:00:00,404.53
2026-02-11 11:15:00,398.892
2026-02-11 11:30:00,378.837
2026-02-11 11:45:00,371.51
2026-02-11 12:00:00,328.318
2026-02-11 12:15:00,328.075
2026-02-11 12:30:00,329.142
2026-02-11 12:45:00,316.033
2026-02-11 13:00:00,307.815
2026-02-11 13:15:00,299.913
2026-02-11 13:30:00,291.255
2026-02-11 13:45:00,275.49
2026-02-11 14:00:00,253.035
2026-02-11 14:15:00,228.053
2026-02-11 14:30:00,215.54
2026-02-11 14:45:00,229.33
2026-02-11 15:00:00,212.182
2026-02-11 15:15:00,210.345
2026-02-11 15:30:00,220.775
2026-02-11 15:45:00,222.67
2026-02-11 16:00:00,234.872
2026-02-11 16:15:00,251.393
2026-02-11 16:30:00,268.987
2026-02-11 16:45:00,259.022
2026-02-11 17:00:00,266.892
2026-02-11 17:15:00,279.652
2026-02-11 17:30:00,297.23
2026-02-11 17:45:00,310.07
2026-02-11 18:00:00,308.367
2026-02-11 18:15:00,319.015
2026-02-11 18:30:00,330.3
2026-02-11 18:45:00,342.11
2026-02-11 19:00:00,355.945
2026-02-11 19:15:00,360.823
2026-02-11 19:30:00,356.858
2026-02-11 19:45:00,364.015
2026-02-11 20:00:00,368.138
2026-02-11 20:15:00,365.348
2026-02-11 20:30:00,358.95
2026-02-11 20:45:00,352.85
2026-02-11 21:00:00,347.038
2026-02-11 21:15:00,349.313
2026-02-11 21:30:00,345.015
2026-02-11 21:45:00,342.307
2026-02-11 22:00:00,319.355
2026-02-11 22:15:00,320.617
2026-02-11 22:30:00,317.085
2026-02-11 22:45:00,306.017
2026-02-11 23:00:00,297.962
2026-02-11 23:15:00,304.73
2026-02-11 23:30:00,291.487
2026-02-11 23:45:00,279.723
2026-02-12 00:00:00,275.663
2026-02-12 00:15:00,276.842
2026-02-12 00:30:00,296.665
2026-02-12 00:45:00,286.443
2026-02-12 01:00:00,287.658
2026-02-12 01:15:00,290.45
2026-02-12 01:30:00,290.525
2026-02-12 01:45:00,292.288
2026-02-12 02:00:00,302.717
2026-02-12 02:15:00,302.295
2026-02-12 02:30:00,300.68
2026-02-12 02:45:00,312.155
2026-02-12 03:00:00,324.862
2026-02-12 03:15:00,341.668
2026-02-12 03:30:00,353.225
2026-02-12 03:45:00,375.358
2026-02-12 04:00:00,378.122
2026-02-12 04:15:00,385.115
2026-02-12 04:30:00,409.975
2026-02-12 04:45:00,433.297
2026-02-12 05:00:00,456.158
2026-02-12 05:15:00,445.9
2026-02-12 05:30:00,454.505
2026-02-12 05:45:00,459.085
2026-02-12 06:00:00,478.372
2026-02-12 06:15:00,504.177
2026-02-12 06:30:00,512.465
2026-02-12 06:45:00,529.682
2026-02-12 07:00:00,539.833
2026-02-12 07:15:00,547.872
2026-02-12 07:30:00,553.727
2026-02-12 07:45:00,553.513
2026-02-12 08:00:00,586.253
2026-02-12 08:15:00,608.025
2026-02-12 08:30:00,622.775
2026-02-12 08:45:00,632.513
2026-02-12 09:00:00,656.737
2026-02-12 09:15:00,654.338
2026-02-12 09:30:00,653.643
2026-02-12 09:45:00,669.5
2026-02-12 10:00:00,659.117
2026-02-12 10:15:00,659.175
2026-02-12 10:30:00,655.727
2026-02-12 10:45:00,676.862
2026-02-12 11:00:00,685.23
2026-02-12 11:15:00,702.237
2026-02-12 11:30:00,702.215
2026-02-12 11:45:00,711.588
2026-02-12 12:00:00,700.307
2026-02-12 12:15:00,713.198
2026-02-12 12:30:00,700.55
2026-02-12 12:45:00,709.117
2026-02-12 13:00:00,718.87
2026-02-12 13:15:00,729.895
2026-02-12 13:30:00,728.633
2026-02-12 13:45:00,715.188
2026-02-12 14:00:00,721.607
2026-02-12 14:15:00,718.455
2026-02-12 14:30:00,728.787
2026-02-12 14:45:00,729.57
2026-02-12 15:00:00,713.79
2026-02-12 15:15:00,707.273
2026-02-12 15:30:00,690.375
2026-02-12 15:45:00,685.315
2026-02-12 16:00:00,685.823
2026-02-12 16:15:00,683.99
2026-02-12 16:30:00,683.625
2026-02-12 16:45:00,658.352
2026-02-12 17:00:00,646.657
2026-02-12 17:15:00,624.713
2026-02-12 17:30:00,625.797
2026-02-12 17:45:00,605.977
2026-02-12 18:00:00,600.965
2026-02-12 18:15:00,603.357
2026-02-12 18:30:00,604.722
2026-02-12 18:45:00,597.435
2026-02-12 19:00:00,600.292
2026-02-12 19:15:00,599.05
2026-02-12 19:30:00,583.4
2026-02-12 19:45:00,578.135
2026-02-12 20:00:00,572.352
2026-02-12 20:15:00,559.005
2026-02-12 20:30:00,573.35
2026-02-12 20:45:00,566.09
2026-02-12 21:00:00,570.847
2026-02-12 21:15:00,554.605
2026-02-12 21:30:00,554.655
2026-02-12 21:45:00,560.982
2026-02-12 22:00:00,549.0
2026-02-12 22:15:00,547.145
2026-02-12 22:30:00,551.003
2026-02-12 22:45:00,544.165
2026-02-12 23:00:00,551.398
2026-02-12 23:15:00,549.532
2026-02-12 23:30:00,549.862
2026-02-12 23:45:00,554.602
2026-02-13 00:00:00,559.325
2026-02-13 00:15:00,566.768
2026-02-13 00:30:00,570.318
2026-02-13 00:45:00,579.992
2026-02-13 01:00:00,581.34
2026-02-13 01:15:00,579.655
2026-02-13 01:30:00,584.465
2026-02-13 01:45:00,580.258
2026-02-13 02:00:00,558.162
2026-02-13 02:15:00,547.285
2026-02-13 02:30:00,565.66
2026-02-13 02:45:00,572.1
2026-02-13 03:00:00,579.965
2026-02-13 03:15:00,578.435
2026-02-13 03:30:00,588.605
2026-02-13 03:45:00,585.302
2026-02-13 04:00:00,588.13
2026-02-13 04:15:00,596.218
2026-02-13 04:30:00,597.878
2026-02-13 04:45:00,595.59
2026-02-13 05:00:00,609.068
2026-02-13 05:15:00,617.79
2026-02-13 05:30:00,620.833
2026-02-13 05:45:00,615.605
2026-02-13 06:00:00,606.638
2026-02-13 06:15:00,615.865
2026-02-13 06:30:00,615.82
2026-02-13 06:45:00,622.477
2026-02-13 07:00:00,627.275
2026-02-13 07:15:00,644.375
2026-02-13 07:30:00,658.11
2026-02-13 07:45:00,657.605
2026-02-13 08:00:00,676.995
2026-02-13 08:15:00,675.203
2026-02-13 08:30:00,693.682
2026-02-13 08:45:00,674.645
2026-02-13 09:00:00,685.977
2026-02-13 09:15:00,701.43
2026-02-13 09:30:00,691.122
2026-02-13 09:45:00,697.585
2026-02-13 10:00:00,695.907
2026-02-13 10:15:00,728.845
2026-02-13 10:30:00,747.138
2026-02-13 10:45:00,752.568
2026-02-13 11:00:00,770.643
2026-02-13 11:15:00,774.875
2026-02-13 11:30:00,788.475
2026-02-13 11:45:00,772.133
2026-02-13 12:00:00,759.583
2026-02-13 12:15:00,758.162
2026-02-13 12:30:00,744.412
2026-02-13 12:45:00,725.953
2026-02-13 13:00:00,721.47
2026-02-13 13:15:00,714.845
2026-02-13 13:30:00,719.2
2026-02-13 13:45:00,712.89
2026-02-13 14:00:00,718.435
2026-02-13 14:15:00,699.02
2026-02-13 14:30:00,710.02
2026-02-13 14:45:00,711.657
2026-02-13 15:00:00,698.745
2026-02-13 15:15:00,668.943
2026-02-13 15:30:00,651.833
2026-02-13 15:45:00,633.607
2026-02-13 16:00:00,635.963
2026-02-13 16:15:00,627.953
2026-02-13 16:30:00,636.443
2026-02-13 16:45:00,629.492
2026-02-13 17:00:00,626.95
2026-02-13 17:15:00,632.367
2026-02-13 17:30:00,634.753
2026-02-13 17:45:00,648.4
2026-02-13 18:00:00,643.943
2026-02-13 18:15:00,668.292
2026-02-13 18:30:00,685.26
2026-02-13 18:45:00,705.075
2026-02-13 19:00:00,726.44
2026-02-13 19:15:00,754.865
2026-02-13 19:30:00,783.872
2026-02-13 19:45:00,823.818
2026-02-13 20:00:00,845.047
2026-02-13 20:15:00,839.985
2026-02-13 20:30:00,865.965
2026-02-13 20:45:00,885.073
2026-02-13 21:00:00,909.145
2026-02-13 21:15:00,956.688
2026-02-13 21:30:00,973.54
2026-02-13 21:45:00,989.412
2026-02-13 22:00:00,1003.32
2026-02-13 22:15:00,1018.927
2026-02-13 22:30:00,1029.257
2026-02-13 22:45:00,1028.907
2026-02-13 23:00:00,1037.392
2026-02-13 23:15:00,1058.545
2026-02-13 23:30:00,1077.8
2026-02-13 23:45:00,1066.083
2026-02-14 00:00:00,1084.282
2026-02-14 00:15:00,1081.855
2026-02-14 00:30:00,1085.56
2026-02-14 00:45:00,1016.867
2026-02-14 01:00:00,1026.804
2026-02-14 01:15:00,966.619
2026-02-14 01:30:00,824.853
2026-02-14 01:45:00,767.948
2026-02-14 02:00:00,618.532
2026-02-14 02:15:00,592.468
2026-02-14 02:30:00,613.819
2026-02-14 02:45:00,589.102
2026-02-14 03:00:00,549.484
2026-02-14 03:15:00,576.418
2026-02-14 03:30:00,808.743
2026-02-14 03:45:00,780.114
2026-02-14 04:00:00,762.644
2026-02-14 04:15:00,794.039
2026-02-14 04:30:00,811.131
2026-02-14 04:45:00,846.076
2026-02-14 05:00:00,860.363
2026-02-14 05:15:00,825.983
2026-02-14 05:30:00,790.307
2026-02-14 05:45:00,733.613
2026-02-14 06:00:00,740.419
2026-02-14 06:15:00,717.875
2026-02-14 06:30:00,812.81
2026-02-14 06:45:00,797.463
2026-02-14 07:00:00,1014.319
2026-02-14 07:15:00,1012.755
2026-02-14 07:30:00,977.52
2026-02-14 07:45:00,927.307
2026-02-14 08:00:00,902.458
2026-02-14 08:15:00,928.8
2026-02-14 08:30:00,928.638
2026-02-14 08:45:00,896.41
2026-02-14 09:00:00,855.125
2026-02-14 09:15:00,761.303
2026-02-14 09:30:00,639.939
2026-02-14 09:45:00,525.653
2026-02-14 10:00:00,544.868
2026-02-14 10:15:00,559.658
2026-02-14 10:30:00,524.075
2026-02-14 10:45:00,348.254
2026-02-14 11:00:00,293.855
2026-02-14 11:15:00,216.99
2026-02-14 11:30:00,170.116
2026-02-14 11:45:00,131.154
2026-02-14 12:00:00,151.926
2026-02-14 12:15:00,117.678
2026-02-14 12:30:00,115.246
2026-02-14 12:45:00,111.073
2026-02-14 13:00:00,122.585
2026-02-14 13:15:00,111.468
2026-02-14 13:30:00,103.708
2026-02-14 13:45:00,104.354
2026-02-14 14:00:00,107.072
2026-02-14 14:15:00,101.544
2026-02-14 14:30:00,97.311
2026-02-14 14:45:00,96.574
2026-02-14 15:00:00,95.703
2026-02-14 15:15:00,94.561
2026-02-14 15:30:00,95.458
2026-02-14 15:45:00,99.938
2026-02-14 16:00:00,102.28
2026-02-14 16:15:00,102.75
2026-02-14 16:30:00,152.523
2026-02-14 16:45:00,234.445
2026-02-14 17:00:00,221.049
2026-02-14 17:15:00,278.922
2026-02-14 17:30:00,320.033
2026-02-14 17:45:00,357.283
2026-02-14 18:00:00,401.603
2026-02-14 18:15:00,441.543
2026-02-14 18:30:00,500.495
2026-02-14 18:45:00,547.396
2026-02-14 19:00:00,596.378
2026-02-14 19:15:00,645.41
2026-02-14 19:30:00,710.847
2026-02-14 19:45:00,782.34
2026-02-14 20:00:00,836.14
2026-02-14 20:15:00,757.184
2026-02-14 20:30:00,762.214
2026-02-14 20:45:00,906.626
2026-02-14 21:00:00,1054.307
2026-02-14 21:15:00,1092.169
2026-02-14 21:30:00,1063.921
2026-02-14 21:45:00,1065.111
2026-02-14 22:00:00,1130.215
2026-02-14 22:15:00,1237.715
2026-02-14 22:30:00,1223.872
2026-02-14 22:45:00,1274.632
2026-02-14 23:00:00,1329.027
2026-02-14 23:15:00,1373.667
2026-02-14 23:30:00,1408.907
2026-02-14 23:45:00,1402.09
2026-02-15 00:00:00,1444.012
2026-02-15 00:15:00,1478.48
2026-02-15 00:30:00,1489.028
2026-02-15 00:45:00,1466.003
2026-02-15 01:00:00,1310.184
2026-02-15 01:15:00,1191.438
2026-02-15 01:30:00,1196.061
2026-02-15 01:45:00,1103.718
2026-02-15 02:00:00,1018.279
2026-02-15 02:15:00,929.432
2026-02-15 02:30:00,861.518
2026-02-15 02:45:00,772.539
2026-02-15 03:00:00,700.438
2026-02-15 03:15:00,668.541
2026-02-15 03:30:00,718.004
2026-02-15 03:45:00,701.773
2026-02-15 04:00:00,779.167
2026-02-15 04:15:00,759.193
2026-02-15 04:30:00,804.474
2026-02-15 04:45:00,762.344
2026-02-15 05:00:00,797.439
2026-02-15 05:15:00,723.01
2026-02-15 05:30:00,670.396
2026-02-15 05:45:00,619.111
2026-02-15 06:00:00,588.415
2026-02-15 06:15:00,551.896
2026-02-15 06:30:00,620.964
2026-02-15 06:45:00,670.377
2026-02-15 07:00:00,842.109
2026-02-15 07:15:00,1041.893
2026-02-15 07:30:00,1265.973
2026-02-15 07:45:00,1249.458
2026-02-15 08:00:00,1235.998
2026-02-15 08:15:00,1140.329
2026-02-15 08:30:00,998.387
2026-02-15 08:45:00,791.885
2026-02-15 09:00:00,633.735
2026-02-15 09:15:00,460.645
2026-02-15 09:30:00,457.408
2026-02-15 09:45:00,517.236
2026-02-15 10:00:00,525.181
2026-02-15 10:15:00,457.431
2026-02-15 10:30:00,540.217
2026-02-15 10:45:00,344.555
2026-02-15 11:00:00,256.683
2026-02-15 11:15:00,250.805
2026-02-15 11:30:00,208.087
2026-02-15 11:45:00,164.19
2026-02-15 12:00:00,368.103
2026-02-15 12:15:00,441.54
2026-02-15 12:30:00,541.282
2026-02-15 12:45:00,407.084
2026-02-15 13:00:00,496.924
2026-02-15 13:15:00,346.622
2026-02-15 13:30:00,328.791
2026-02-15 13:45:00,300.171
2026-02-15 14:00:00,388.898
2026-02-15 14:15:00,369.675
2026-02-15 14:30:00,406.776
2026-02-15 14:45:00,453.789
2026-02-15 15:00:00,482.771
2026-02-15 15:15:00,660.104
2026-02-15 15:30:00,756.363
2026-02-15 15:45:00,979.966
2026-02-15 16:00:00,1072.421
2026-02-15 16:15:00,1092.777
2026-02-15 16:30:00,1120.426
2026-02-15 16:45:00,1119.65
2026-02-15 17:00:00,1132.335
2026-02-15 17:15:00,1160.252
2026-02-15 17:30:00,1179.522
2026-02-15 17:45:00,1220.26
2026-02-15 18:00:00,1283.407
2026-02-15 18:15:00,1318.875
2026-02-15 18:30:00,1344.466
2026-02-15 18:45:00,1374.68
2026-02-15 19:00:00,1420.312
2026-02-15 19:15:00,1448.443
2026-02-15 19:30:00,1473.328
2026-02-15 19:45:00,1483.075
2026-02-15 20:00:00,1518.127
2026-02-15 20:15:00,1517.292
2026-02-15 20:30:00,1540.095
2026-02-15 20:45:00,1534.912
2026-02-15 21:00:00,1529.787
2026-02-15 21:15:00,1557.655
2026-02-15 21:30:00,1478.689
2026-02-15 21:45:00,1393.101
2026-02-15 22:00:00,1420.616
2026-02-15 22:15:00,1529.15
2026-02-15 22:30:00,1542.828
2026-02-15 22:45:00,1489.855
2026-02-15 23:00:00,1461.85
2026-02-15 23:15:00,1468.255
2026-02-15 23:30:00,1497.725
2026-02-15 23:45:00,1518.655
2026-02-16 00:00:00,1524.963
2026-02-16 00:15:00,1527.855
2026-02-16 00:30:00,1328.218
2026-02-16 00:45:00,1069.264
2026-02-16 01:00:00,1009.889
2026-02-16 01:15:00,955.618
2026-02-16 01:30:00,863.111
2026-02-16 01:45:00,756.491
2026-02-16 02:00:00,884.353
2026-02-16 02:15:00,911.933
2026-02-16 02:30:00,827.341
2026-02-16 02:45:00,833.216
2026-02-16 03:00:00,931.225
2026-02-16 03:15:00,1011.32
2026-02-16 03:30:00,1177.378
2026-02-16 03:45:00,1217.406
2026-02-16 04:00:00,1409.687
2026-02-16 04:15:00,1382.542
2026-02-16 04:30:00,1338.105
2026-02-16 04:45:00,1313.738
2026-02-16 05:00:00,1331.568
2026-02-16 05:15:00,1302.834
2026-02-16 05:30:00,1223.275
2026-02-16 05:45:00,1226.371
2026-02-16 06:00:00,1315.929
2026-02-16 06:15:00,1369.421
2026-02-16 06:30:00,1319.447
2026-02-16 06:45:00,1411.813
2026-02-16 07:00:00,1430.448
2026-02-16 07:15:00,1467.3
2026-02-16 07:30:00,1486.333
2026-02-16 07:45:00,1522.13
2026-02-16 08:00:00,1557.377
2026-02-16 08:15:00,1593.21
2026-02-16 08:30:00,1605.098
2026-02-16 08:45:00,1583.986
2026-02-16 09:00:00,1523.576
2026-02-16 09:15:00,1481.596
2026-02-16 09:30:00,1458.777
2026-02-16 09:45:00,1435.907
2026-02-16 10:00:00,1401.382
2026-02-16 10:15:00,1401.296
2026-02-16 10:30:00,1376.396
2026-02-16 10:45:00,1349.307
2026-02-16 11:00:00,1343.526
2026-02-16 11:15:00,1330.43
2026-02-16 11:30:00,1317.133
2026-02-16 11:45:00,1283.444
2026-02-16 12:00:00,1288.041
2026-02-16 12:15:00,1285.487
2026-02-16 12:30:00,1274.711
2026-02-16 12:45:00,1271.954
2026-02-16 13:00:00,1265.689
2026-02-16 13:15:00,1262.812
2026-02-16 13:30:00,1261.089
2026-02-16 13:45:00,1264.715
2026-02-16 14:00:00,1255.712
2026-02-16 14:15:00,1257.031
2026-02-16 14:30:00,1254.83
2026-02-16 14:45:00,1281.006
2026-02-16 15:00:00,1271.591
2026-02-16 15:15:00,1273.372
2026-02-16 15:30:00,1267.143
2026-02-16 15:45:00,1253.098
2026-02-16 16:00:00,1259.342
2026-02-16 16:15:00,1251.37
2026-02-16 16:30:00,1226.673
2026-02-16 16:45:00,1202.517
2026-02-16 17:00:00,1185.617
2026-02-16 17:15:00,1240.193
2026-02-16 17:30:00,1158.413
2026-02-16 17:45:00,1135.871
2026-02-16 18:00:00,1100.417
2026-02-16 18:15:00,1128.422
2026-02-16 18:30:00,1121.203
2026-02-16 18:45:00,1063.381
2026-02-16 19:00:00,1039.204
2026-02-16 19:15:00,1000.631
2026-02-16 19:30:00,938.323
2026-02-16 19:45:00,921.602
2026-02-16 20:00:00,919.953
2026-02-16 20:15:00,893.712
2026-02-16 20:30:00,904.905
2026-02-16 20:45:00,864.895
2026-02-16 21:00:00,994.682
2026-02-16 21:15:00,939.284
2026-02-16 21:30:00,939.673
2026-02-16 21:45:00,911.931
2026-02-16 22:00:00,889.562
2026-02-16 22:15:00,860.282
2026-02-16 22:30:00,848.918
2026-02-16 22:45:00,852.23
2026-02-16 23:00:00,735.571
2026-02-16 23:15:00,744.975
2026-02-16 23:30:00,784.391
2026-02-16 23:45:00,788.805
2026-02-17 00:00:00,747.172
2026-02-17 00:15:00,753.966
2026-02-17 00:30:00,788.198
2026-02-17 00:45:00,768.42
2026-02-17 01:00:00,758.24
2026-02-17 01:15:00,755.139
2026-02-17 01:30:00,742.954
2026-02-17 01:45:00,718.271
2026-02-17 02:00:00,731.088
2026-02-17 02:15:00,717.617
2026-02-17 02:30:00,720.014
2026-02-17 02:45:00,716.435
2026-02-17 03:00:00,707.094
2026-02-17 03:15:00,702.191
2026-02-17 03:30:00,695.367
2026-02-17 03:45:00,681.117
2026-02-17 04:00:00,692.395
2026-02-17 04:15:00,697.725
2026-02-17 04:30:00,703.976
2026-02-17 04:45:00,685.746
2026-02-17 05:00:00,676.769
2026-02-17 05:15:00,659.696
2026-02-17 05:30:00,639.97
2026-02-17 05:45:00,632.623
2026-02-17 06:00:00,624.611
2026-02-17 06:15:00,610.964
2026-02-17 06:30:00,611.749
2026-02-17 06:45:00,597.307
2026-02-17 07:00:00,595.672
2026-02-17 07:15:00,569.25
2026-02-17 07:30:00,516.78
2026-02-17 07:45:00,460.234
2026-02-17 08:00:00,452.538
2026-02-17 08:15:00,466.225
2026-02-17 08:30:00,445.563
2026-02-17 08:45:00,431.875
2026-02-17 09:00:00,396.72
2026-02-17 09:15:00,376.935
2026-02-17 09:30:00,368.323
2026-02-17 09:45:00,359.383
2026-02-17 10:00:00,353.5
2026-02-17 10:15:00,340.0
2026-02-17 10:30:00,325.15
2026-02-17 10:45:00,307.145
2026-02-17 11:00:00,292.332
2026-02-17 11:15:00,274.78
2026-02-17 11:30:00,258.117
2026-02-17 11:45:00,245.635
2026-02-17 12:00:00,254.962
2026-02-17 12:15:00,262.585
2026-02-17 12:30:00,261.538
2026-02-17 12:45:00,246.988
2026-02-17 13:00:00,247.8
2026-02-17 13:15:00,237.69
2026-02-17 13:30:00,238.015
2026-02-17 13:45:00,240.0
2026-02-17 14:00:00,250.69
2026-02-17 14:15:00,258.142
2026-02-17 14:30:00,229.532
2026-02-17 14:45:00,247.04
2026-02-17 15:00:00,262.117
2026-02-17 15:15:00,263.092
2026-02-17 15:30:00,272.753
2026-02-17 15:45:00,265.068
2026-02-17 16:00:00,272.73
2026-02-17 16:15:00,288.885
2026-02-17 16:30:00,301.538
2026-02-17 16:45:00,296.46
2026-02-17 17:00:00,307.825
2026-02-17 17:15:00,323.277
2026-02-17 17:30:00,340.28
2026-02-17 17:45:00,361.365
2026-02-17 18:00:00,376.258
2026-02-17 18:15:00,384.733
2026-02-17 18:30:00,399.552
2026-02-17 18:45:00,396.845
2026-02-17 19:00:00,386.118
2026-02-17 19:15:00,376.047
2026-02-17 19:30:00,356.101
2026-02-17 19:45:00,325.249
2026-02-17 20:00:00,316.53
2026-02-17 20:15:00,384.225
2026-02-17 20:30:00,381.585
2026-02-17 20:45:00,372.818
2026-02-17 21:00:00,377.638
2026-02-17 21:15:00,384.087
2026-02-17 21:30:00,402.42
2026-02-17 21:45:00,399.462
2026-02-17 22:00:00,408.508
2026-02-17 22:15:00,402.245
2026-02-17 22:30:00,394.185
2026-02-17 22:45:00,397.71
2026-02-17 23:00:00,408.413
2026-02-17 23:15:00,418.902
2026-02-17 23:30:00,430.56
2026-02-17 23:45:00,453.033
2026-02-18 00:00:00,453.658
2026-02-18 00:15:00,460.36
2026-02-18 00:30:00,474.362
2026-02-18 00:45:00,497.247
2026-02-18 01:00:00,511.953
2026-02-18 01:15:00,518.253
2026-02-18 01:30:00,518.047
2026-02-18 01:45:00,513.753
2026-02-18 02:00:00,506.453
2026-02-18 02:15:00,498.853
2026-02-18 02:30:00,468.815
2026-02-18 02:45:00,449.212
2026-02-18 03:00:00,437.288
2026-02-18 03:15:00,418.663
2026-02-18 03:30:00,403.405
2026-02-18 03:45:00,398.513
2026-02-18 04:00:00,402.185
2026-02-18 04:15:00,406.948
2026-02-18 04:30:00,440.938
2026-02-18 04:45:00,448.293
2026-02-18 05:00:00,463.603
2026-02-18 05:15:00,486.01
2026-02-18 05:30:00,504.628
2026-02-18 05:45:00,526.05
2026-02-18 06:00:00,531.982
2026-02-18 06:15:00,526.328
2026-02-18 06:30:00,558.565
2026-02-18 06:45:00,563.05
2026-02-18 07:00:00,569.595
2026-02-18 07:15:00,573.62
2026-02-18 07:30:00,571.653
2026-02-18 07:45:00,567.98
2026-02-18 08:00:00,555.833
2026-02-18 08:15:00,554.51
2026-02-18 08:30:00,565.282
2026-02-18 08:45:00,587.18
2026-02-18 09:00:00,565.672
2026-02-18 09:15:00,530.768
2026-02-18 09:30:00,504.138
2026-02-18 09:45:00,465.39
2026-02-18 10:00:00,437.83
2026-02-18 10:15:00,400.408
2026-02-18 10:30:00,357.013
2026-02-18 10:45:00,331.427
2026-02-18 11:00:00,320.313
2026-02-18 11:15:00,300.795
2026-02-18 11:30:00,246.844
2026-02-18 11:45:00,211.603
2026-02-18 12:00:00,211.22
2026-02-18 12:15:00,191.283
2026-02-18 12:30:00,166.93
2026-02-18 12:45:00,189.908
2026-02-18 13:00:00,190.363
2026-02-18 13:15:00,176.414
2026-02-18 13:30:00,177.12
2026-02-18 13:45:00,177.327
2026-02-18 14:00:00,173.637
2026-02-18 14:15:00,182.658
2026-02-18 14:30:00,188.452
2026-02-18 14:45:00,192.057
2026-02-18 15:00:00,205.663
2026-02-18 15:15:00,209.465
2026-02-18 15:30:00,213.313
2026-02-18 15:45:00,222.887
2026-02-18 16:00:00,235.945
2026-02-18 16:15:00,261.737
2026-02-18 16:30:00,278.753
2026-02-18 16:45:00,297.075
2026-02-18 17:00:00,322.707
2026-02-18 17:15:00,355.022
2026-02-18 17:30:00,374.44
2026-02-18 17:45:00,402.818
2026-02-18 18:00:00,413.545
2026-02-18 18:15:00,445.155
2026-02-18 18:30:00,461.04
2026-02-18 18:45:00,475.1
2026-02-18 19:00:00,484.448
2026-02-18 19:15:00,502.52
2026-02-18 19:30:00,520.768
2026-02-18 19:45:00,520.222
2026-02-18 20:00:00,523.568
2026-02-18 20:15:00,510.89
2026-02-18 20:30:00,511.151
2026-02-18 20:45:00,494.949
2026-02-18 21:00:00,477.675
2026-02-18 21:15:00,478.193
2026-02-18 21:30:00,482.031
2026-02-18 21:45:00,482.853
2026-02-18 22:00:00,484.938
2026-02-18 22:15:00,474.25
2026-02-18 22:30:00,478.565
2026-02-18 22:45:00,472.453
2026-02-18 23:00:00,476.497
2026-02-18 23:15:00,457.902
2026-02-18 23:30:00,415.688
2026-02-18 23:45:00,402.483
2026-02-19 00:00:00,388.628
2026-02-19 00:15:00,402.035
2026-02-19 00:30:00,392.983
2026-02-19 00:45:00,376.392
2026-02-19 01:00:00,392.305
2026-02-19 01:15:00,412.848
2026-02-19 01:30:00,395.035
2026-02-19 01:45:00,389.723
2026-02-19 02:00:00,368.905
2026-02-19 02:15:00,344.77
2026-02-19 02:30:00,364.983
2026-02-19 02:45:00,354.52
2026-02-19 03:00:00,350.665
2026-02-19 03:15:00,332.612
2026-02-19 03:30:00,312.422
2026-02-19 03:45:00,287.038
2026-02-19 04:00:00,290.05
2026-02-19 04:15:00,314.845
2026-02-19 04:30:00,310.3
2026-02-19 04:45:00,340.392
2026-02-19 05:00:00,365.78
2026-02-19 05:15:00,385.9
2026-02-19 05:30:00,367.617
2026-02-19 05:45:00,354.902
2026-02-19 06:00:00,360.315
2026-02-19 06:15:00,367.52
2026-02-19 06:30:00,360.245
2026-02-19 06:45:00,357.67
2026-02-19 07:00:00,337.717
2026-02-19 07:15:00,350.635
2026-02-19 07:30:00,352.677
2026-02-19 07:45:00,369.09
2026-02-19 08:00:00,366.538
2026-02-19 08:15:00,360.427
2026-02-19 08:30:00,355.133
2026-02-19 08:45:00,351.033
2026-02-19 09:00:00,348.188
2026-02-19 09:15:00,342.598
2026-02-19 09:30:00,329.305
2026-02-19 09:45:00,337.385
2026-02-19 10:00:00,349.96
2026-02-19 10:15:00,359.918
2026-02-19 10:30:00,371.355
2026-02-19 10:45:00,366.845
2026-02-19 11:00:00,337.0
2026-02-19 11:15:00,345.62
2026-02-19 11:30:00,358.695
2026-02-19 11:45:00,358.008
2026-02-19 12:00:00,345.652
2026-02-19 12:15:00,334.195
2026-02-19 12:30:00,317.035
2026-02-19 12:45:00,314.008
2026-02-19 13:00:00,294.98
2026-02-19 13:15:00,278.087
2026-02-19 13:30:00,261.098
2026-02-19 13:45:00,255.525
2026-02-19 14:00:00,255.777
2026-02-19 14:15:00,256.595
2026-02-19 14:30:00,259.31
2026-02-19 14:45:00,257.712
2026-02-19 15:00:00,251.568
2026-02-19 15:15:00,262.267
2026-02-19 15:30:00,256.383
2026-02-19 15:45:00,260.81
2026-02-19 16:00:00,261.263
2026-02-19 16:15:00,258.98
2026-02-19 16:30:00,260.207
2026-02-19 16:45:00,271.828
2026-02-19 17:00:00,262.835
2026-02-19 17:15:00,258.467
2026-02-19 17:30:00,254.09
2026-02-19 17:45:00,262.578
2026-02-19 18:00:00,265.348
2026-02-19 18:15:00,282.138
2026-02-19 18:30:00,289.427
2026-02-19 18:45:00,295.642
2026-02-19 19:00:00,307.983
2026-02-19 19:15:00,333.235
2026-02-19 19:30:00,368.35
2026-02-19 19:45:00,407.865
2026-02-19 20:00:00,425.23
2026-02-19 20:15:00,452.795
2026-02-19 20:30:00,483.358
2026-02-19 20:45:00,488.557
2026-02-19 21:00:00,481.5
2026-02-19 21:15:00,483.395
2026-02-19 21:30:00,489.138
2026-02-19 21:45:00,487.275
2026-02-19 22:00:00,480.12
2026-02-19 22:15:00,480.872
2026-02-19 22:30:00,482.965
2026-02-19 22:45:00,506.745
2026-02-19 23:00:00,513.378
2026-02-19 23:15:00,519.807
2026-02-19 23:30:00,524.948
2026-02-19 23:45:00,524.193
2026-02-20 00:00:00,499.09
2026-02-20 00:15:00,480.225
2026-02-20 00:30:00,475.698
2026-02-20 00:45:00,454.247
2026-02-20 01:00:00,408.54
2026-02-20 01:15:00,398.135
2026-02-20 01:30:00,382.698
2026-02-20 01:45:00,375.147
2026-02-20 02:00:00,360.375
2026-02-20 02:15:00,359.057
2026-02-20 02:30:00,359.983
2026-02-20 02:45:00,351.033
2026-02-20 03:00:00,353.188
2026-02-20 03:15:00,340.81
2026-02-20 03:30:00,344.075
2026-02-20 03:45:00,340.522
2026-02-20 04:00:00,360.25
2026-02-20 04:15:00,364.2
2026-02-20 04:30:00,374.8
2026-02-20 04:45:00,369.485
2026-02-20 05:00:00,373.487
2026-02-20 05:15:00,375.875
2026-02-20 05:30:00,378.573
2026-02-20 05:45:00,364.342
2026-02-20 06:00:00,370.747
2026-02-20 06:15:00,366.703
2026-02-20 06:30:00,360.865
2026-02-20 06:45:00,351.22
2026-02-20 07:00:00,333.845
2026-02-20 07:15:00,325.88
2026-02-20 07:30:00,310.815
2026-02-20 07:45:00,297.62
2026-02-20 08:00:00,285.367
2026-02-20 08:15:00,272.23
2026-02-20 08:30:00,266.277
2026-02-20 08:45:00,259.388
2026-02-20 09:00:00,261.503
2026-02-20 09:15:00,259.233
2026-02-20 09:30:00,245.438
2026-02-20 09:45:00,240.22
2026-02-20 10:00:00,231.045
2026-02-20 10:15:00,221.715
2026-02-20 10:30:00,217.1
2026-02-20 10:45:00,209.878
2026-02-20 11:00:00,197.995
2026-02-20 11:15:00,177.563
2026-02-20 11:30:00,161.465
2026-02-20 11:45:00,157.857
2026-02-20 12:00:00,150.898
2026-02-20 12:15:00,144.572
2026-02-20 12:30:00,146.548
2026-02-20 12:45:00,126.447
2026-02-20 13:00:00,107.363
2026-02-20 13:15:00,81.202
2026-02-20 13:30:00,83.674
2026-02-20 13:45:00,87.549
2026-02-20 14:00:00,78.191
2026-02-20 14:15:00,67.552
2026-02-20 14:30:00,56.772
2026-02-20 14:45:00,55.524
2026-02-20 15:00:00,70.884
2026-02-20 15:15:00,77.24
2026-02-20 15:30:00,113.677
2026-02-20 15:45:00,125.423
2026-02-20 16:00:00,144.813
2026-02-20 16:15:00,180.723
2026-02-20 16:30:00,193.432
2026-02-20 16:45:00,197.6
2026-02-20 17:00:00,209.857
2026-02-20 17:15:00,225.988
2026-02-20 17:30:00,253.887
2026-02-20 17:45:00,279.37
2026-02-20 18:00:00,301.72
2026-02-20 18:15:00,334.38
2026-02-20 18:30:00,366.628
2026-02-20 18:45:00,410.503
2026-02-20 19:00:00,449.815
2026-02-20 19:15:00,528.31
2026-02-20 19:30:00,585.915
2026-02-20 19:45:00,648.708
2026-02-20 20:00:00,699.307
2026-02-20 20:15:00,741.225
2026-02-20 20:30:00,779.635
2026-02-20 20:45:00,817.318
2026-02-20 21:00:00,849.665
2026-02-20 21:15:00,900.775
2026-02-20 21:30:00,963.609
2026-02-20 21:45:00,1019.54
2026-02-20 22:00:00,1072.218
2026-02-20 22:15:00,1125.057
2026-02-20 22:30:00,1157.297
2026-02-20 22:45:00,1170.75
2026-02-20 23:00:00,1219.873
2026-02-20 23:15:00,1247.417
2026-02-20 23:30:00,1304.767
2026-02-20 23:45:00,1340.142
2026-02-21 00:00:00,1376.71
2026-02-21 00:15:00,1412.35
2026-02-21 00:30:00,1386.025
2026-02-21 00:45:00,1362.232
2026-02-21 01:00:00,1458.807
2026-02-21 01:15:00,1273.615
2026-02-21 01:30:00,1096.426
2026-02-21 01:45:00,977.013
2026-02-21 02:00:00,900.218
2026-02-21 02:15:00,904.361
2026-02-21 02:30:00,758.017
2026-02-21 02:45:00,704.673
2026-02-21 03:00:00,715.394
2026-02-21 03:15:00,683.465
2026-02-21 03:30:00,634.402
2026-02-21 03:45:00,571.823
2026-02-21 04:00:00,591.489
2026-02-21 04:15:00,576.132
2026-02-21 04:30:00,627.2
2026-02-21 04:45:00,681.307
2026-02-21 05:00:00,736.203
2026-02-21 05:15:00,786.446
2026-02-21 05:30:00,789.553
2026-02-21 05:45:00,702.666
2026-02-21 06:00:00,661.354
2026-02-21 06:15:00,674.057
2026-02-21 06:30:00,743.859
2026-02-21 06:45:00,874.296
2026-02-21 07:00:00,876.059
2026-02-21 07:15:00,1011.622
2026-02-21 07:30:00,1317.092
2026-02-21 07:45:00,1330.964
2026-02-21 08:00:00,1385.465
2026-02-21 08:15:00,1369.345
2026-02-21 08:30:00,1237.669
2026-02-21 08:45:00,1118.186
2026-02-21 09:00:00,1047.767
2026-02-21 09:15:00,899.757
2026-02-21 09:30:00,821.156
2026-02-21 09:45:00,750.052
2026-02-21 10:00:00,728.905
2026-02-21 10:15:00,655.752
2026-02-21 10:30:00,633.102
2026-02-21 10:45:00,652.925
2026-02-21 11:00:00,673.696
2026-02-21 11:15:00,609.87
2026-02-21 11:30:00,624.992
2026-02-21 11:45:00,784.572
2026-02-21 12:00:00,958.234
2026-02-21 12:15:00,1009.534
2026-02-21 12:30:00,1094.237
2026-02-21 12:45:00,1021.585
2026-02-21 13:00:00,993.879
2026-02-21 13:15:00,925.11
2026-02-21 13:30:00,916.971
2026-02-21 13:45:00,830.082
2026-02-21 14:00:00,818.497
2026-02-21 14:15:00,625.82
2026-02-21 14:30:00,549.237
2026-02-21 14:45:00,549.588
2026-02-21 15:00:00,543.64
2026-02-21 15:15:00,521.69
2026-02-21 15:30:00,584.048
2026-02-21 15:45:00,628.132
2026-02-21 16:00:00,689.875
2026-02-21 16:15:00,782.245
2026-02-21 16:30:00,903.685
2026-02-21 16:45:00,993.427
2026-02-21 17:00:00,955.86
2026-02-21 17:15:00,948.867
2026-02-21 17:30:00,945.62
2026-02-21 17:45:00,969.852
2026-02-21 18:00:00,1035.022
2026-02-21 18:15:00,952.717
2026-02-21 18:30:00,866.955
2026-02-21 18:45:00,1033.005
2026-02-21 19:00:00,1094.052
2026-02-21 19:15:00,1141.637
2026-02-21 19:30:00,1109.073
2026-02-21 19:45:00,1116.165
2026-02-21 20:00:00,1136.605
2026-02-21 20:15:00,1199.825
2026-02-21 20:30:00,1210.68
2026-02-21 20:45:00,1195.39
2026-02-21 21:00:00,1178.968
2026-02-21 21:15:00,1173.05
2026-02-21 21:30:00,1149.848
2026-02-21 21:45:00,1090.781
2026-02-21 22:00:00,1108.228
2026-02-21 22:15:00,1032.51
2026-02-21 22:30:00,884.289
2026-02-21 22:45:00,1145.48
2026-02-21 23:00:00,1099.85
2026-02-21 23:15:00,1053.55
2026-02-21 23:30:00,1011.66
2026-02-21 23:45:00,1000.54
2026-02-22 00:00:00,987.688
2026-02-22 00:15:00,975.307
2026-02-22 00:30:00,978.638
2026-02-22 00:45:00,971.075
2026-02-22 01:00:00,941.953
2026-02-22 01:15:00,902.968
2026-02-22 01:30:00,868.9
2026-02-22 01:45:00,801.187
2026-02-22 02:00:00,827.487
2026-02-22 02:15:00,732.32
2026-02-22 02:30:00,651.578
2026-02-22 02:45:00,614.826
2026-02-22 03:00:00,587.832
2026-02-22 03:15:00,509.167
2026-02-22 03:30:00,514.376
2026-02-22 03:45:00,515.485
2026-02-22 04:00:00,491.125
2026-02-22 04:15:00,497.505
2026-02-22 04:30:00,452.865
2026-02-22 04:45:00,416.897
2026-02-22 05:00:00,379.927
2026-02-22 05:15:00,357.568
2026-02-22 05:30:00,330.133
2026-02-22 05:45:00,292.94
2026-02-22 06:00:00,259.483
2026-02-22 06:15:00,240.68
2026-02-22 06:30:00,219.837
2026-02-22 06:45:00,201.072
2026-02-22 07:00:00,186.997
2026-02-22 07:15:00,182.337
2026-02-22 07:30:00,178.015
2026-02-22 07:45:00,158.015
2026-02-22 08:00:00,147.05
2026-02-22 08:15:00,131.833
2026-02-22 08:30:00,127.082
2026-02-22 08:45:00,117.345
2026-02-22 09:00:00,98.42
2026-02-22 09:15:00,82.291
2026-02-22 09:30:00,66.585
2026-02-22 09:45:00,60.737
2026-02-22 10:00:00,60.499
2026-02-22 10:15:00,49.941
2026-02-22 10:30:00,50.016
2026-02-22 10:45:00,49.294
2026-02-22 11:00:00,48.603
2026-02-22 11:15:00,47.432
2026-02-22 11:30:00,48.356
2026-02-22 11:45:00,46.262
2026-02-22 12:00:00,46.671
2026-02-22 12:15:00,44.829
2026-02-22 12:30:00,45.979
2026-02-22 12:45:00,45.211
2026-02-22 13:00:00,45.896
2026-02-22 13:15:00,48.536
2026-02-22 13:30:00,50.794
2026-02-22 13:45:00,52.701
2026-02-22 14:00:00,78.468
2026-02-22 14:15:00,77.425
2026-02-22 14:30:00,85.773
2026-02-22 14:45:00,91.568
2026-02-22 15:00:00,103.261
2026-02-22 15:15:00,100.601
2026-02-22 15:30:00,107.594
2026-02-22 15:45:00,136.27
2026-02-22 16:00:00,172.36
2026-02-22 16:15:00,202.673
2026-02-22 16:30:00,213.447
2026-02-22 16:45:00,228.305
2026-02-22 17:00:00,240.167
2026-02-22 17:15:00,266.237
2026-02-22 17:30:00,302.777
2026-02-22 17:45:00,278.203
2026-02-22 18:00:00,313.415
2026-02-22 18:15:00,339.408
2026-02-22 18:30:00,369.9
2026-02-22 18:45:00,407.365
2026-02-22 19:00:00,453.205
2026-02-22 19:15:00,486.328
2026-02-22 19:30:00,526.097
2026-02-22 19:45:00,566.42
2026-02-22 20:00:00,595.177
2026-02-22 20:15:00,632.167
2026-02-22 20:30:00,648.008
2026-02-22 20:45:00,682.857
2026-02-22 21:00:00,711.489
2026-02-22 21:15:00,610.22
2026-02-22 21:30:00,608.439
2026-02-22 21:45:00,705.254
2026-02-22 22:00:00,767.239
2026-02-22 22:15:00,755.148
2026-02-22 22:30:00,749.79
2026-02-22 22:45:00,755.656
2026-02-22 23:00:00,832.682
2026-02-22 23:15:00,853.895
2026-02-22 23:30:00,866.346
2026-02-22 23:45:00,881.117
2026-02-23 00:00:00,869.037
2026-02-23 00:15:00,888.542
2026-02-23 00:30:00,884.977
2026-02-23 00:45:00,890.633
2026-02-23 01:00:00,896.985
2026-02-23 01:15:00,899.785
2026-02-23 01:30:00,882.631
2026-02-23 01:45:00,892.474
2026-02-23 02:00:00,900.725
2026-02-23 02:15:00,810.075
2026-02-23 02:30:00,775.961
2026-02-23 02:45:00,705.444
2026-02-23 03:00:00,716.083
2026-02-23 03:15:00,728.107
2026-02-23 03:30:00,658.774
2026-02-23 03:45:00,600.811
2026-02-23 04:00:00,642.261
2026-02-23 04:15:00,727.602
2026-02-23 04:30:00,664.852
2026-02-23 04:45:00,712.275
2026-02-23 05:00:00,736.653
2026-02-23 05:15:00,733.789
2026-02-23 05:30:00,816.836
2026-02-23 05:45:00,813.186
2026-02-23 06:00:00,758.548
2026-02-23 06:15:00,638.301
2026-02-23 06:30:00,741.279
2026-02-23 06:45:00,766.963
2026-02-23 07:00:00,972.881
2026-02-23 07:15:00,1001.944
2026-02-23 07:30:00,1055.587
2026-02-23 07:45:00,908.621
2026-02-23 08:00:00,918.174
2026-02-23 08:15:00,991.506
2026-02-23 08:30:00,978.953
2026-02-23 08:45:00,971.728
2026-02-23 09:00:00,927.298
2026-02-23 09:15:00,1102.597
2026-02-23 09:30:00,1061.095
2026-02-23 09:45:00,964.88
2026-02-23 10:00:00,1039.75
2026-02-23 10:15:00,951.658
2026-02-23 10:30:00,1032.906
2026-02-23 10:45:00,1067.792
2026-02-23 11:00:00,1067.053
2026-02-23 11:15:00,1121.365
2026-02-23 11:30:00,1220.472
2026-02-23 11:45:00,1357.81
2026-02-23 12:00:00,1412.615
2026-02-23 12:15:00,1430.311
2026-02-23 12:30:00,1474.655
2026-02-23 12:45:00,1387.078
2026-02-23 13:00:00,1343.148
2026-02-23 13:15:00,1292.179
2026-02-23 13:30:00,1333.096
2026-02-23 13:45:00,1261.876
2026-02-23 14:00:00,1273.209
2026-02-23 14:15:00,1265.785
2026-02-23 14:30:00,1297.882
2026-02-23 14:45:00,1311.669
2026-02-23 15:00:00,1292.203
2026-02-23 15:15:00,1247.427
2026-02-23 15:30:00,1302.066
2026-02-23 15:45:00,1185.148
2026-02-23 16:00:00,1088.383
2026-02-23 16:15:00,1157.055
2026-02-23 16:30:00,1269.814
2026-02-23 16:45:00,1361.183
2026-02-23 17:00:00,1182.508
2026-02-23 17:15:00,1387.014
2026-02-23 17:30:00,1496.564
2026-02-23 17:45:00,1407.99
2026-02-23 18:00:00,1486.866
2026-02-23 18:15:00,1556.713
2026-02-23 18:30:00,1504.066
2026-02-23 18:45:00,1532.135
2026-02-23 19:00:00,1507.772
2026-02-23 19:15:00,1487.207
2026-02-23 19:30:00,1430.026
2026-02-23 19:45:00,1368.804
2026-02-23 20:00:00,1123.278
2026-02-23 20:15:00,907.997
2026-02-23 20:30:00,937.114
2026-02-23 20:45:00,973.661
2026-02-23 21:00:00,927.395
2026-02-23 21:15:00,990.441
2026-02-23 21:30:00,1048.869
2026-02-23 21:45:00,1002.256
2026-02-23 22:00:00,943.228
2026-02-23 22:15:00,898.656
2026-02-23 22:30:00,835.096
2026-02-23 22:45:00,893.161
2026-02-23 23:00:00,1036.522
2026-02-23 23:15:00,1391.305
2026-02-23 23:30:00,1245.962
2026-02-23 23:45:00,1022.808
2026-02-24 00:00:00,1159.43
2026-02-24 00:15:00,1076.16
2026-02-24 00:30:00,1186.45
2026-02-24 00:45:00,1038.907
2026-02-24 01:00:00,874.652
2026-02-24 01:15:00,761.504
2026-02-24 01:30:00,700.722
2026-02-24 01:45:00,586.055
2026-02-24 02:00:00,585.495
2026-02-24 02:15:00,653.844
2026-02-24 02:30:00,695.474
2026-02-24 02:45:00,673.616
2026-02-24 03:00:00,841.815
2026-02-24 03:15:00,919.128
2026-02-24 03:30:00,952.232
2026-02-24 03:45:00,898.569
2026-02-24 04:00:00,907.02
2026-02-24 04:15:00,859.104
2026-02-24 04:30:00,817.233
2026-02-24 04:45:00,819.323
2026-02-24 05:00:00,834.456
2026-02-24 05:15:00,747.195
2026-02-24 05:30:00,732.997
2026-02-24 05:45:00,685.477
2026-02-24 06:00:00,681.689
2026-02-24 06:15:00,757.25
2026-02-24 06:30:00,854.416
2026-02-24 06:45:00,945.793
2026-02-24 07:00:00,888.166
2026-02-24 07:15:00,950.342
2026-02-24 07:30:00,1037.272
2026-02-24 07:45:00,1039.49
2026-02-24 08:00:00,1058.575
2026-02-24 08:15:00,1053.645
2026-02-24 08:30:00,1063.925
2026-02-24 08:45:00,1109.83
2026-02-24 09:00:00,1163.49
2026-02-24 09:15:00,1189.988
2026-02-24 09:30:00,1214.313
2026-02-24 09:45:00,1195.233
2026-02-24 10:00:00,1188.14
2026-02-24 10:15:00,1197.826
2026-02-24 10:30:00,1173.913
2026-02-24 10:45:00,1154.825
2026-02-24 11:00:00,1109.766
2026-02-24 11:15:00,1062.448
2026-02-24 11:30:00,999.047
2026-02-24 11:45:00,947.688
2026-02-24 12:00:00,900.602
2026-02-24 12:15:00,833.965
2026-02-24 12:30:00,779.68
2026-02-24 12:45:00,738.29
2026-02-24 13:00:00,691.23
2026-02-24 13:15:00,578.56
2026-02-24 13:30:00,625.797
2026-02-24 13:45:00,588.718
2026-02-24 14:00:00,558.355
2026-02-24 14:15:00,567.19
2026-02-24 14:30:00,498.27
2026-02-24 14:45:00,451.594
2026-02-24 15:00:00,391.806
2026-02-24 15:15:00,445.349
2026-02-24 15:30:00,451.02
2026-02-24 15:45:00,472.355
2026-02-24 16:00:00,459.93
2026-02-24 16:15:00,460.635
2026-02-24 16:30:00,460.045
2026-02-24 16:45:00,473.717
2026-02-24 17:00:00,509.538
2026-02-24 17:15:00,513.458
2026-02-24 17:30:00,511.747
2026-02-24 17:45:00,515.818
2026-02-24 18:00:00,523.253
2026-02-24 18:15:00,523.588
2026-02-24 18:30:00,529.015
2026-02-24 18:45:00,540.672
2026-02-24 19:00:00,541.468
2026-02-24 19:15:00,547.985
2026-02-24 19:30:00,568.065
2026-02-24 19:45:00,564.583
2026-02-24 20:00:00,565.417
2026-02-24 20:15:00,560.622
2026-02-24 20:30:00,560.52
2026-02-24 20:45:00,554.33
2026-02-24 21:00:00,557.965
2026-02-24 21:15:00,543.43
2026-02-24 21:30:00,515.347
2026-02-24 21:45:00,507.413
2026-02-24 22:00:00,494.77
2026-02-24 22:15:00,488.753
2026-02-24 22:30:00,469.133
2026-02-24 22:45:00,443.522
2026-02-24 23:00:00,420.098
2026-02-24 23:15:00,408.297
2026-02-24 23:30:00,390.397
2026-02-24 23:45:00,377.615
2026-02-25 00:00:00,356.83
2026-02-25 00:15:00,350.207
2026-02-25 00:30:00,352.67
2026-02-25 00:45:00,341.013
2026-02-25 01:00:00,335.57
2026-02-25 01:15:00,342.693
2026-02-25 01:30:00,338.915
2026-02-25 01:45:00,342.425
2026-02-25 02:00:00,294.445
2026-02-25 02:15:00,285.31
2026-02-25 02:30:00,281.835
2026-02-25 02:45:00,288.97
2026-02-25 03:00:00,281.895
2026-02-25 03:15:00,299.443
2026-02-25 03:30:00,306.533
2026-02-25 03:45:00,309.87
2026-02-25 04:00:00,299.823
2026-02-25 04:15:00,289.413
2026-02-25 04:30:00,300.832
2026-02-25 04:45:00,296.905
2026-02-25 05:00:00,323.325
2026-02-25 05:15:00,322.515
2026-02-25 05:30:00,316.828
2026-02-25 05:45:00,325.21
2026-02-25 06:00:00,327.253
2026-02-25 06:15:00,324.753
2026-02-25 06:30:00,334.747
2026-02-25 06:45:00,331.017
2026-02-25 07:00:00,312.55
2026-02-25 07:15:00,307.103
2026-02-25 07:30:00,332.038
2026-02-25 07:45:00,353.432
2026-02-25 08:00:00,373.025
2026-02-25 08:15:00,386.395
2026-02-25 08:30:00,380.003
2026-02-25 08:45:00,379.983
2026-02-25 09:00:00,398.987
2026-02-25 09:15:00,414.217
2026-02-25 09:30:00,408.858
2026-02-25 09:45:00,401.033
2026-02-25 10:00:00,397.326
2026-02-25 10:15:00,444.637
2026-02-25 10:30:00,463.418
2026-02-25 10:45:00,450.013
2026-02-25 11:00:00,459.188
2026-02-25 11:15:00,484.818
2026-02-25 11:30:00,479.939
2026-02-25 11:45:00,555.889
2026-02-25 12:00:00,564.617
2026-02-25 12:15:00,569.335
2026-02-25 12:30:00,585.06
2026-02-25 12:45:00,588.8
2026-02-25 13:00:00,583.177
2026-02-25 13:15:00,575.119
2026-02-25 13:30:00,657.755
2026-02-25 13:45:00,662.383
2026-02-25 14:00:00,703.735
2026-02-25 14:15:00,710.14
2026-02-25 14:30:00,697.144
2026-02-25 14:45:00,804.63
2026-02-25 15:00:00,816.125
2026-02-25 15:15:00,825.338
2026-02-25 15:30:00,773.137
2026-02-25 15:45:00,796.301
2026-02-25 16:00:00,902.36
2026-02-25 16:15:00,924.055
2026-02-25 16:30:00,957.68
2026-02-25 16:45:00,970.867
2026-02-25 17:00:00,997.395
2026-02-25 17:15:00,1060.6
2026-02-25 17:30:00,1116.305
2026-02-25 17:45:00,1133.694
2026-02-25 18:00:00,982.31
2026-02-25 18:15:00,1046.228
2026-02-25 18:30:00,1018.038
2026-02-25 18:45:00,1083.178
2026-02-25 19:00:00,1139.002
2026-02-25 19:15:00,1167.471
2026-02-25 19:30:00,1166.016
2026-02-25 19:45:00,1070.227
2026-02-25 20:00:00,1081.42
2026-02-25 20:15:00,1098.656
2026-02-25 20:30:00,869.572
2026-02-25 20:45:00,1010.608
2026-02-25 21:00:00,1241.567
2026-02-25 21:15:00,1226.373
2026-02-25 21:30:00,1280.686
2026-02-25 21:45:00,1250.125
2026-02-25 22:00:00,1286.733
2026-02-25 22:15:00,1322.846
2026-02-25 22:30:00,1329.917
2026-02-25 22:45:00,1323.086
2026-02-25 23:00:00,1394.77
2026-02-25 23:15:00,1416.882
2026-02-25 23:30:00,1424.117
2026-02-25 23:45:00,1381.348
2026-02-26 00:00:00,1190.593
2026-02-26 00:15:00,1346.697
2026-02-26 00:30:00,1424.07
2026-02-26 00:45:00,1434.51
2026-02-26 01:00:00,1392.03
2026-02-26 01:15:00,1339.718
2026-02-26 01:30:00,1323.06
2026-02-26 01:45:00,1345.571
2026-02-26 02:00:00,1383.757
2026-02-26 02:15:00,1383.645
2026-02-26 02:30:00,1312.461
2026-02-26 02:45:00,1361.87
2026-02-26 03:00:00,1394.455
2026-02-26 03:15:00,1415.743
2026-02-26 03:30:00,1415.338
2026-02-26 03:45:00,1399.939
2026-02-26 04:00:00,1420.382
2026-02-26 04:15:00,1398.542
2026-02-26 04:30:00,1364.557
2026-02-26 04:45:00,1353.547
2026-02-26 05:00:00,1333.56
2026-02-26 05:15:00,1328.068
2026-02-26 05:30:00,1295.007
2026-02-26 05:45:00,1273.835
2026-02-26 06:00:00,1247.637
2026-02-26 06:15:00,1231.142
2026-02-26 06:30:00,1253.305
2026-02-26 06:45:00,1235.745
2026-02-26 07:00:00,1208.037
2026-02-26 07:15:00,1255.605
2026-02-26 07:30:00,1308.43
2026-02-26 07:45:00,1377.2
2026-02-26 08:00:00,1377.757
2026-02-26 08:15:00,1355.48
2026-02-26 08:30:00,1328.613
2026-02-26 08:45:00,1307.382
2026-02-26 09:00:00,1284.75
2026-02-26 09:15:00,1267.142
2026-02-26 09:30:00,1279.61
2026-02-26 09:45:00,1311.45
2026-02-26 10:00:00,1310.175
2026-02-26 10:15:00,1297.69
2026-02-26 10:30:00,1287.955
2026-02-26 10:45:00,1285.485
2026-02-26 11:00:00,1281.885
2026-02-26 11:15:00,1234.912
2026-02-26 11:30:00,1202.218
2026-02-26 11:45:00,1154.26
2026-02-26 12:00:00,1156.012
2026-02-26 12:15:00,1185.223
2026-02-26 12:30:00,1172.63
2026-02-26 12:45:00,1187.565
2026-02-26 13:00:00,1201.448
2026-02-26 13:15:00,1147.755
2026-02-26 13:30:00,1180.313
2026-02-26 13:45:00,1183.88
2026-02-26 14:00:00,1115.26
2026-02-26 14:15:00,1120.307
2026-02-26 14:30:00,1080.735
2026-02-26 14:45:00,1075.755
2026-02-26 15:00:00,1062.557
2026-02-26 15:15:00,1015.693
2026-02-26 15:30:00,1028.093
2026-02-26 15:45:00,1033.877
2026-02-26 16:00:00,1040.365
2026-02-26 16:15:00,1015.63
2026-02-26 16:30:00,1028.108
2026-02-26 16:45:00,1023.9
2026-02-26 17:00:00,1036.333
2026-02-26 17:15:00,1064.512
2026-02-26 17:30:00,1049.67
2026-02-26 17:45:00,1047.28
2026-02-26 18:00:00,1029.015
2026-02-26 18:15:00,1016.097
2026-02-26 18:30:00,1001.938
2026-02-26 18:45:00,1047.285
2026-02-26 19:00:00,1050.765
2026-02-26 19:15:00,1094.04
2026-02-26 19:30:00,1079.035
2026-02-26 19:45:00,1076.755
2026-02-26 20:00:00,1065.807
2026-02-26 20:15:00,1023.487
2026-02-26 20:30:00,1039.69
2026-02-26 20:45:00,1040.307
2026-02-26 21:00:00,1031.142
2026-02-26 21:15:00,1023.695
2026-02-26 21:30:00,1020.813
2026-02-26 21:45:00,1023.665
2026-02-26 22:00:00,1022.607
2026-02-26 22:15:00,1022.648
2026-02-26 22:30:00,1017.213
2026-02-26 22:45:00,1001.904
2026-02-26 23:00:00,1025.9
2026-02-26 23:15:00,1033.843
2026-02-26 23:30:00,997.4
2026-02-26 23:45:00,983.675
2026-02-27 00:00:00,977.628
2026-02-27 00:15:00,1000.09
2026-02-27 00:30:00,997.278
2026-02-27 00:45:00,1007.54
2026-02-27 01:00:00,1034.583
2026-02-27 01:15:00,1053.052
2026-02-27 01:30:00,965.82
2026-02-27 01:45:00,1015.31
2026-02-27 02:00:00,1049.983
2026-02-27 02:15:00,1053.568
2026-02-27 02:30:00,1033.56
2026-02-27 02:45:00,1002.485
2026-02-27 03:00:00,995.849
2026-02-27 03:15:00,1026.488
2026-02-27 03:30:00,988.381
2026-02-27 03:45:00,943.13
2026-02-27 04:00:00,1002.275
2026-02-27 04:15:00,936.975
2026-02-27 04:30:00,953.316
2026-02-27 04:45:00,952.887
2026-02-27 05:00:00,949.52
2026-02-27 05:15:00,955.443
2026-02-27 05:30:00,921.705
2026-02-27 05:45:00,904.55
2026-02-27 06:00:00,892.65
2026-02-27 06:15:00,864.012
2026-02-27 06:30:00,939.95
2026-02-27 06:45:00,924.455
2026-02-27 07:00:00,916.765
2026-02-27 07:15:00,877.878
2026-02-27 07:30:00,931.86
2026-02-27 07:45:00,921.083
2026-02-27 08:00:00,893.205
2026-02-27 08:15:00,870.237
2026-02-27 08:30:00,852.143
2026-02-27 08:45:00,848.302
2026-02-27 09:00:00,835.475
2026-02-27 09:15:00,818.597
2026-02-27 09:30:00,792.68
2026-02-27 09:45:00,759.99
2026-02-27 10:00:00,743.7
2026-02-27 10:15:00,705.802
2026-02-27 10:30:00,656.36
2026-02-27 10:45:00,601.472
2026-02-27 11:00:00,594.653
2026-02-27 11:15:00,601.525
2026-02-27 11:30:00,597.768
2026-02-27 11:45:00,592.117
2026-02-27 12:00:00,568.148
2026-02-27 12:15:00,568.552
2026-02-27 12:30:00,584.008
2026-02-27 12:45:00,550.79
2026-02-27 13:00:00,546.073
2026-02-27 13:15:00,527.932
2026-02-27 13:30:00,527.818
2026-02-27 13:45:00,511.422
2026-02-27 14:00:00,499.945
2026-02-27 14:15:00,499.53
2026-02-27 14:30:00,498.46
2026-02-27 14:45:00,503.777
2026-02-27 15:00:00,495.267
2026-02-27 15:15:00,472.272
2026-02-27 15:30:00,470.332
2026-02-27 15:45:00,476.98
2026-02-27 16:00:00,483.527
2026-02-27 16:15:00,489.7
2026-02-27 16:30:00,488.08
2026-02-27 16:45:00,518.78
2026-02-27 17:00:00,528.612
2026-02-27 17:15:00,526.24
2026-02-27 17:30:00,532.125
2026-02-27 17:45:00,537.338
2026-02-27 18:00:00,554.05
2026-02-27 18:15:00,586.615
2026-02-27 18:30:00,603.078
2026-02-27 18:45:00,635.075
2026-02-27 19:00:00,665.237
2026-02-27 19:15:00,678.505
2026-02-27 19:30:00,704.537
2026-02-27 19:45:00,712.88
2026-02-27 20:00:00,718.688
2026-02-27 20:15:00,718.555
2026-02-27 20:30:00,739.56
2026-02-27 20:45:00,733.722
2026-02-27 21:00:00,716.12
2026-02-27 21:15:00,719.66
2026-02-27 21:30:00,720.925
2026-02-27 21:45:00,719.215
2026-02-27 22:00:00,729.255
2026-02-27 22:15:00,723.468
2026-02-27 22:30:00,713.055
2026-02-27 22:45:00,718.395
2026-02-27 23:00:00,725.063
2026-02-27 23:15:00,720.825
2026-02-27 23:30:00,713.133
2026-02-27 23:45:00,722.845
2026-02-28 00:00:00,725.345
2026-02-28 00:15:00,737.263
2026-02-28 00:30:00,753.025
2026-02-28 00:45:00,753.83
2026-02-28 01:00:00,731.792
2026-02-28 01:15:00,739.302
2026-02-28 01:30:00,751.845
2026-02-28 01:45:00,735.648
2026-02-28 02:00:00,727.977
2026-02-28 02:15:00,738.725
2026-02-28 02:30:00,723.895
2026-02-28 02:45:00,719.99
2026-02-28 03:00:00,726.19
2026-02-28 03:15:00,727.89
2026-02-28 03:30:00,720.135
2026-02-28 03:45:00,716.87
2026-02-28 04:00:00,748.318
2026-02-28 04:15:00,725.862
2026-02-28 04:30:00,707.253
2026-02-28 04:45:00,700.305
2026-02-28 05:00:00,713.24
2026-02-28 05:15:00,739.755
2026-02-28 05:30:00,770.932
2026-02-28 05:45:00,796.475
2026-02-28 06:00:00,793.393
2026-02-28 06:15:00,789.532
2026-02-28 06:30:00,813.932
2026-02-28 06:45:00,857.255
2026-02-28 07:00:00,852.703
2026-02-28 07:15:00,847.833
2026-02-28 07:30:00,826.36
2026-02-28 07:45:00,791.018
2026-02-28 08:00:00,777.982
2026-02-28 08:15:00,760.708
2026-02-28 08:30:00,743.367
2026-02-28 08:45:00,737.915
2026-02-28 09:00:00,747.213
2026-02-28 09:15:00,730.195
2026-02-28 09:30:00,700.878
2026-02-28 09:45:00,691.29
2026-02-28 10:00:00,648.155
2026-02-28 10:15:00,658.045
2026-02-28 10:30:00,663.633
2026-02-28 10:45:00,655.167
2026-02-28 11:00:00,661.343
2026-02-28 11:15:00,638.383
2026-02-28 11:30:00,634.282
2026-02-28 11:45:00,642.515
2026-02-28 12:00:00,625.593
2026-02-28 12:15:00,627.965
2026-02-28 12:30:00,618.847
2026-02-28 12:45:00,620.463
2026-02-28 13:00:00,602.333
2026-02-28 13:15:00,606.485
2026-02-28 13:30:00,583.427
2026-02-28 13:45:00,573.63
2026-02-28 14:00:00,569.775
2026-02-28 14:15:00,600.968
2026-02-28 14:30:00,608.653
2026-02-28 14:45:00,600.037
2026-02-28 15:00:00,617.552
2026-02-28 15:15:00,636.1
2026-02-28 15:30:00,655.622
2026-02-28 15:45:00,677.013
2026-02-28 16:00:00,671.813
2026-02-28 16:15:00,681.008
2026-02-28 16:30:00,695.028
2026-02-28 16:45:00,724.37
2026-02-28 17:00:00,749.42
2026-02-28 17:15:00,799.463
2026-02-28 17:30:00,811.003
2026-02-28 17:45:00,835.455
2026-02-28 18:00:00,851.753
2026-02-28 18:15:00,873.552
2026-02-28 18:30:00,924.622
2026-02-28 18:45:00,930.992
2026-02-28 19:00:00,953.453
2026-02-28 19:15:00,991.602
2026-02-28 19:30:00,1003.78
2026-02-28 19:45:00,1028.238
2026-02-28 20:00:00,1026.032
2026-02-28 20:15:00,1051.51
2026-02-28 20:30:00,1057.405
2026-02-28 20:45:00,1062.93
2026-02-28 21:00:00,1091.458
2026-02-28 21:15:00,1102.233
2026-02-28 21:30:00,1103.848
2026-02-28 21:45:00,1106.512
2026-02-28 22:00:00,1109.813
2026-02-28 22:15:00,1117.95
2026-02-28 22:30:00,1130.68
2026-02-28 22:45:00,1102.517
2026-02-28 23:00:00,1111.348
2026-02-28 23:15:00,1074.485
2026-02-28 23:30:00,1081.37
2026-02-28 23:45:00,1080.365
2026-03-01 00:00:00,1118.49
2026-03-01 00:15:00,1131.613
2026-03-01 00:30:00,1113.672
2026-03-01 00:45:00,1115.248
2026-03-01 01:00:00,1102.552
2026-03-01 01:15:00,1101.978
2026-03-01 01:30:00,1073.052
2026-03-01 01:45:00,1048.497
2026-03-01 02:00:00,1031.458
2026-03-01 02:15:00,1028.559
2026-03-01 02:30:00,935.228
2026-03-01 02:45:00,1065.311
2026-03-01 03:00:00,1111.145
2026-03-01 03:15:00,1115.63
2026-03-01 03:30:00,1024.924
2026-03-01 03:45:00,926.02
2026-03-01 04:00:00,884.311
2026-03-01 04:15:00,920.235
2026-03-01 04:30:00,837.024
2026-03-01 04:45:00,799.889
2026-03-01 05:00:00,788.665
2026-03-01 05:15:00,747.427
2026-03-01 05:30:00,794.74
2026-03-01 05:45:00,755.239
2026-03-01 06:00:00,712.715
2026-03-01 06:15:00,671.657
2026-03-01 06:30:00,855.956
2026-03-01 06:45:00,860.003
2026-03-01 07:00:00,717.187
2026-03-01 07:15:00,761.286
2026-03-01 07:30:00,814.866
2026-03-01 07:45:00,680.719
2026-03-01 08:00:00,814.568
2026-03-01 08:15:00,933.24
2026-03-01 08:30:00,928.24
2026-03-01 08:45:00,917.185
2026-03-01 09:00:00,930.38
2026-03-01 09:15:00,900.782
2026-03-01 09:30:00,945.781
2026-03-01 09:45:00,941.028
2026-03-01 10:00:00,1023.085
2026-03-01 10:15:00,985.21
2026-03-01 10:30:00,953.698
2026-03-01 10:45:00,937.69
2026-03-01 11:00:00,932.643
2026-03-01 11:15:00,955.82
2026-03-01 11:30:00,961.042
2026-03-01 11:45:00,924.97
2026-03-01 12:00:00,926.903
2026-03-01 12:15:00,912.585
2026-03-01 12:30:00,911.037
2026-03-01 12:45:00,918.095
2026-03-01 13:00:00,912.595
2026-03-01 13:15:00,876.365
2026-03-01 13:30:00,899.203
2026-03-01 13:45:00,880.32
2026-03-01 14:00:00,885.37
2026-03-01 14:15:00,853.932
2026-03-01 14:30:00,839.552
2026-03-01 14:45:00,848.612
2026-03-01 15:00:00,846.19
2026-03-01 15:15:00,755.164
2026-03-01 15:30:00,800.88
2026-03-01 15:45:00,800.047
2026-03-01 16:00:00,732.455
2026-03-01 16:15:00,741.715
2026-03-01 16:30:00,677.722
2026-03-01 16:45:00,670.813
2026-03-01 17:00:00,703.09
2026-03-01 17:15:00,820.434
2026-03-01 17:30:00,861.24
2026-03-01 17:45:00,899.43
2026-03-01 18:00:00,936.82
2026-03-01 18:15:00,975.213
2026-03-01 18:30:00,967.287
2026-03-01 18:45:00,822.367
2026-03-01 19:00:00,866.878
2026-03-01 19:15:00,1045.324
2026-03-01 19:30:00,1089.988
2026-03-01 19:45:00,1174.849
2026-03-01 20:00:00,1163.307
2026-03-01 20:15:00,1186.335
2026-03-01 20:30:00,1234.035
2026-03-01 20:45:00,1258.647
2026-03-01 21:00:00,1279.983
2026-03-01 21:15:00,1284.137
2026-03-01 21:30:00,1294.5
2026-03-01 21:45:00,1313.935
2026-03-01 22:00:00,1286.943
2026-03-01 22:15:00,1306.527
2026-03-01 22:30:00,1308.743
2026-03-01 22:45:00,1295.818
2026-03-01 23:00:00,1299.118
2026-03-01 23:15:00,1288.801
2026-03-01 23:30:00,1122.464
2026-03-01 23:45:00,1132.298
2026-03-02 00:00:00,1347.839
2026-03-02 00:15:00,1294.276
2026-03-02 00:30:00,1284.349
2026-03-02 00:45:00,1227.803
2026-03-02 01:00:00,1317.458
2026-03-02 01:15:00,1148.297
2026-03-02 01:30:00,1154.255
2026-03-02 01:45:00,1059.742
2026-03-02 02:00:00,1093.332
2026-03-02 02:15:00,1040.764
2026-03-02 02:30:00,1002.74
2026-03-02 02:45:00,992.403
2026-03-02 03:00:00,1060.633
2026-03-02 03:15:00,1065.374
2026-03-02 03:30:00,1000.295
2026-03-02 03:45:00,1049.946
2026-03-02 04:00:00,1182.791
2026-03-02 04:15:00,1166.667
2026-03-02 04:30:00,1161.193
2026-03-02 04:45:00,1166.385
2026-03-02 05:00:00,1193.918
2026-03-02 05:15:00,1149.164
2026-03-02 05:30:00,1135.053
2026-03-02 05:45:00,1084.281
2026-03-02 06:00:00,961.708
2026-03-02 06:15:00,756.103
2026-03-02 06:30:00,806.975
2026-03-02 06:45:00,938.81
2026-03-02 07:00:00,1016.395
2026-03-02 07:15:00,1048.829
2026-03-02 07:30:00,1233.927
2026-03-02 07:45:00,1242.782
2026-03-02 08:00:00,1233.488
2026-03-02 08:15:00,1241.287
2026-03-02 08:30:00,1307.524
2026-03-02 08:45:00,1352.73
2026-03-02 09:00:00,1371.03
2026-03-02 09:15:00,1377.865
2026-03-02 09:30:00,1305.043
2026-03-02 09:45:00,1338.749
2026-03-02 10:00:00,1351.717
2026-03-02 10:15:00,1353.791
2026-03-02 10:30:00,1352.347
2026-03-02 10:45:00,1353.497
2026-03-02 11:00:00,1358.282
2026-03-02 11:15:00,1379.652
2026-03-02 11:30:00,1315.897
2026-03-02 11:45:00,1408.801
2026-03-02 12:00:00,1429.934
2026-03-02 12:15:00,1399.549
2026-03-02 12:30:00,1372.14
2026-03-02 12:45:00,1352.499
2026-03-02 13:00:00,1378.678
2026-03-02 13:15:00,1363.226
2026-03-02 13:30:00,1375.0
2026-03-02 13:45:00,1314.017
2026-03-02 14:00:00,1241.127
2026-03-02 14:15:00,1177.53
2026-03-02 14:30:00,1257.776
2026-03-02 14:45:00,1245.422
2026-03-02 15:00:00,1320.045
2026-03-02 15:15:00,1320.424
2026-03-02 15:30:00,1354.022
2026-03-02 15:45:00,1204.741
2026-03-02 16:00:00,1149.905
2026-03-02 16:15:00,1151.897
2026-03-02 16:30:00,1126.179
2026-03-02 16:45:00,1098.54
2026-03-02 17:00:00,1205.229
2026-03-02 17:15:00,1374.584
2026-03-02 17:30:00,1406.155
2026-03-02 17:45:00,1388.215
2026-03-02 18:00:00,1384.217
2026-03-02 18:15:00,1310.689
2026-03-02 18:30:00,1340.748
2026-03-02 18:45:00,1237.044
2026-03-02 19:00:00,1236.223
2026-03-02 19:15:00,1375.005
2026-03-02 19:30:00,1452.17
2026-03-02 19:45:00,1459.912
2026-03-02 20:00:00,1434.677
2026-03-02 20:15:00,1470.114
2026-03-02 20:30:00,1509.51
2026-03-02 20:45:00,1452.212
2026-03-02 21:00:00,1535.298
2026-03-02 21:15:00,1525.746
2026-03-02 21:30:00,1492.042
2026-03-02 21:45:00,1559.12
2026-03-02 22:00:00,1538.041
2026-03-02 22:15:00,1550.758
2026-03-02 22:30:00,1541.794
2026-03-02 22:45:00,1495.967
2026-03-02 23:00:00,1503.333
2026-03-02 23:15:00,1515.764
2026-03-02 23:30:00,1501.457
2026-03-02 23:45:00,1483.252
2026-03-03 00:00:00,1440.251
2026-03-03 00:15:00,1461.433
2026-03-03 00:30:00,1472.683
2026-03-03 00:45:00,1491.107
2026-03-03 01:00:00,1489.757
2026-03-03 01:15:00,1455.962
2026-03-03 01:30:00,1333.79
2026-03-03 01:45:00,1307.319
2026-03-03 02:00:00,1449.458
2026-03-03 02:15:00,1407.102
2026-03-03 02:30:00,1388.349
2026-03-03 02:45:00,1428.896
2026-03-03 03:00:00,1406.383
2026-03-03 03:15:00,1425.1
2026-03-03 03:30:00,1368.533
2026-03-03 03:45:00,1368.892
2026-03-03 04:00:00,1379.798
2026-03-03 04:15:00,1388.385
2026-03-03 04:30:00,1398.189
2026-03-03 04:45:00,1374.414
2026-03-03 05:00:00,1369.798
2026-03-03 05:15:00,1363.437
2026-03-03 05:30:00,1325.927
2026-03-03 05:45:00,1221.924
2026-03-03 06:00:00,1203.187
2026-03-03 06:15:00,1174.791
2026-03-03 06:30:00,1259.97
2026-03-03 06:45:00,1350.197
2026-03-03 07:00:00,1319.899
2026-03-03 07:15:00,1302.457
2026-03-03 07:30:00,1278.616
2026-03-03 07:45:00,1292.855
2026-03-03 08:00:00,1308.538
2026-03-03 08:15:00,1312.037
2026-03-03 08:30:00,1292.353
2026-03-03 08:45:00,1294.738
2026-03-03 09:00:00,1297.771
2026-03-03 09:15:00,1274.832
2026-03-03 09:30:00,1283.542
2026-03-03 09:45:00,1276.345
2026-03-03 10:00:00,1251.232
2026-03-03 10:15:00,1238.254
2026-03-03 10:30:00,1225.803
2026-03-03 10:45:00,1170.747
2026-03-03 11:00:00,1178.635
2026-03-03 11:15:00,1193.317
2026-03-03 11:30:00,1163.526
2026-03-03 11:45:00,1151.623
2026-03-03 12:00:00,1154.52
2026-03-03 12:15:00,1146.1
2026-03-03 12:30:00,1096.953
2026-03-03 12:45:00,1016.21
2026-03-03 13:00:00,988.68
2026-03-03 13:15:00,966.593
2026-03-03 13:30:00,952.22
2026-03-03 13:45:00,943.86
2026-03-03 14:00:00,936.47
2026-03-03 14:15:00,849.33
2026-03-03 14:30:00,876.736
2026-03-03 14:45:00,817.778
2026-03-03 15:00:00,815.683
2026-03-03 15:15:00,852.551
2026-03-03 15:30:00,844.643
2026-03-03 15:45:00,820.265
2026-03-03 16:00:00,814.292
2026-03-03 16:15:00,836.593
2026-03-03 16:30:00,875.725
2026-03-03 16:45:00,815.039
2026-03-03 17:00:00,773.991
2026-03-03 17:15:00,902.287
2026-03-03 17:30:00,884.305
2026-03-03 17:45:00,842.472
2026-03-03 18:00:00,832.758
2026-03-03 18:15:00,839.057
2026-03-03 18:30:00,857.167
2026-03-03 18:45:00,856.926
2026-03-03 19:00:00,884.17
2026-03-03 19:15:00,894.907
2026-03-03 19:30:00,901.495
2026-03-03 19:45:00,922.883
2026-03-03 20:00:00,930.354
2026-03-03 20:15:00,939.145
2026-03-03 20:30:00,917.023
2026-03-03 20:45:00,918.425
2026-03-03 21:00:00,924.341
2026-03-03 21:15:00,974.601
2026-03-03 21:30:00,982.206
2026-03-03 21:45:00,983.146
2026-03-03 22:00:00,974.51
2026-03-03 22:15:00,936.968
2026-03-03 22:30:00,919.388
2026-03-03 22:45:00,877.583
2026-03-03 23:00:00,841.215
2026-03-03 23:15:00,814.24
2026-03-03 23:30:00,795.992
2026-03-03 23:45:00,796.148
2026-03-04 00:00:00,765.638
2026-03-04 00:15:00,748.95
2026-03-04 00:30:00,753.88
2026-03-04 00:45:00,758.193
2026-03-04 01:00:00,734.09
2026-03-04 01:15:00,718.74
2026-03-04 01:30:00,719.378
2026-03-04 01:45:00,700.383
2026-03-04 02:00:00,667.25
2026-03-04 02:15:00,652.143
2026-03-04 02:30:00,632.055
2026-03-04 02:45:00,607.883
2026-03-04 03:00:00,596.09
2026-03-04 03:15:00,594.01
2026-03-04 03:30:00,562.455
2026-03-04 03:45:00,565.078
2026-03-04 04:00:00,579.905
2026-03-04 04:15:00,584.64
2026-03-04 04:30:00,605.472
2026-03-04 04:45:00,587.19
2026-03-04 05:00:00,565.18
2026-03-04 05:15:00,532.948
2026-03-04 05:30:00,497.642
2026-03-04 05:45:00,472.335
2026-03-04 06:00:00,462.195
2026-03-04 06:15:00,452.267
2026-03-04 06:30:00,439.29
2026-03-04 06:45:00,433.39
2026-03-04 07:00:00,432.43
2026-03-04 07:15:00,446.06
2026-03-04 07:30:00,455.897
2026-03-04 07:45:00,469.283
2026-03-04 08:00:00,462.83
2026-03-04 08:15:00,446.138
2026-03-04 08:30:00,420.62
2026-03-04 08:45:00,383.005
2026-03-04 09:00:00,355.283
2026-03-04 09:15:00,339.728
2026-03-04 09:30:00,321.15
2026-03-04 09:45:00,268.671
2026-03-04 10:00:00,230.357
2026-03-04 10:15:00,193.386
2026-03-04 10:30:00,243.452
2026-03-04 10:45:00,212.985
2026-03-04 11:00:00,201.137
2026-03-04 11:15:00,187.96
2026-03-04 11:30:00,193.598
2026-03-04 11:45:00,227.465
2026-03-04 12:00:00,244.837
2026-03-04 12:15:00,228.19
2026-03-04 12:30:00,208.557
2026-03-04 12:45:00,183.352
2026-03-04 13:00:00,170.065
2026-03-04 13:15:00,146.885
2026-03-04 13:30:00,142.21
2026-03-04 13:45:00,132.857
2026-03-04 14:00:00,125.382
2026-03-04 14:15:00,127.283
2026-03-04 14:30:00,117.833
2026-03-04 14:45:00,96.787
2026-03-04 15:00:00,112.56
2026-03-04 15:15:00,114.63
2026-03-04 15:30:00,133.126
2026-03-04 15:45:00,129.881
2026-03-04 16:00:00,119.525
2026-03-04 16:15:00,115.995
2026-03-04 16:30:00,112.418
2026-03-04 16:45:00,110.1
2026-03-04 17:00:00,107.885
2026-03-04 17:15:00,100.838
2026-03-04 17:30:00,107.315
2026-03-04 17:45:00,107.802
2026-03-04 18:00:00,103.423
2026-03-04 18:15:00,102.777
2026-03-04 18:30:00,105.18
2026-03-04 18:45:00,123.78
2026-03-04 19:00:00,135.75
2026-03-04 19:15:00,150.29
2026-03-04 19:30:00,173.58
2026-03-04 19:45:00,187.87
2026-03-04 20:00:00,192.387
2026-03-04 20:15:00,192.95
2026-03-04 20:30:00,189.902
2026-03-04 20:45:00,175.952
2026-03-04 21:00:00,164.935
2026-03-04 21:15:00,167.452
2026-03-04 21:30:00,164.102
2026-03-04 21:45:00,164.06
2026-03-04 22:00:00,162.835
2026-03-04 22:15:00,166.18
2026-03-04 22:30:00,171.717
2026-03-04 22:45:00,183.975
2026-03-04 23:00:00,199.27
2026-03-04 23:15:00,219.473
2026-03-04 23:30:00,219.915
2026-03-04 23:45:00,217.913
2026-03-05 00:00:00,196.107
2026-03-05 00:15:00,213.905
2026-03-05 00:30:00,232.97
2026-03-05 00:45:00,243.26
2026-03-05 01:00:00,254.05
2026-03-05 01:15:00,254.887
2026-03-05 01:30:00,249.837
2026-03-05 01:45:00,231.88
2026-03-05 02:00:00,218.467
2026-03-05 02:15:00,219.09
2026-03-05 02:30:00,213.27
2026-03-05 02:45:00,211.307
2026-03-05 03:00:00,212.242
2026-03-05 03:15:00,228.527
2026-03-05 03:30:00,246.57
2026-03-05 03:45:00,257.293
2026-03-05 04:00:00,251.77
2026-03-05 04:15:00,253.992
2026-03-05 04:30:00,238.518
2026-03-05 04:45:00,223.825
2026-03-05 05:00:00,227.137
2026-03-05 05:15:00,240.098
2026-03-05 05:30:00,246.51
2026-03-05 05:45:00,247.875
2026-03-05 06:00:00,278.405
2026-03-05 06:15:00,291.695
2026-03-05 06:30:00,323.337
2026-03-05 06:45:00,343.992
2026-03-05 07:00:00,357.432
2026-03-05 07:15:00,367.598
2026-03-05 07:30:00,395.13
2026-03-05 07:45:00,420.135
2026-03-05 08:00:00,358.41
2026-03-05 08:15:00,367.958
2026-03-05 08:30:00,421.15
2026-03-05 08:45:00,418.848
2026-03-05 09:00:00,398.027
2026-03-05 09:15:00,356.185
2026-03-05 09:30:00,325.608
2026-03-05 09:45:00,324.772
2026-03-05 10:00:00,275.81
2026-03-05 10:15:00,211.825
2026-03-05 10:30:00,272.953
2026-03-05 10:45:00,281.46
2026-03-05 11:00:00,306.198
2026-03-05 11:15:00,322.035
2026-03-05 11:30:00,326.93
2026-03-05 11:45:00,356.06
2026-03-05 12:00:00,361.777
2026-03-05 12:15:00,382.8
2026-03-05 12:30:00,409.44
2026-03-05 12:45:00,446.277
2026-03-05 13:00:00,461.325
2026-03-05 13:15:00,475.26
2026-03-05 13:30:00,493.462
2026-03-05 13:45:00,481.395
2026-03-05 14:00:00,473.775
2026-03-05 14:15:00,479.122
2026-03-05 14:30:00,496.965
2026-03-05 14:45:00,524.615
2026-03-05 15:00:00,554.872
2026-03-05 15:15:00,603.6
2026-03-05 15:30:00,649.39
2026-03-05 15:45:00,639.115
2026-03-05 16:00:00,541.841
2026-03-05 16:15:00,596.353
2026-03-05 16:30:00,633.917
2026-03-05 16:45:00,604.074
2026-03-05 17:00:00,770.21
2026-03-05 17:15:00,772.635
2026-03-05 17:30:00,789.982
2026-03-05 17:45:00,816.688
2026-03-05 18:00:00,847.082
2026-03-05 18:15:00,884.349
2026-03-05 18:30:00,893.775
2026-03-05 18:45:00,883.745
2026-03-05 19:00:00,886.349
2026-03-05 19:15:00,879.206
2026-03-05 19:30:00,875.193
2026-03-05 19:45:00,882.875
2026-03-05 20:00:00,898.307
2026-03-05 20:15:00,864.55
2026-03-05 20:30:00,848.01
2026-03-05 20:45:00,831.787
2026-03-05 21:00:00,797.568
2026-03-05 21:15:00,817.023
2026-03-05 21:30:00,835.307
2026-03-05 21:45:00,858.427
2026-03-05 22:00:00,900.578
2026-03-05 22:15:00,947.362
2026-03-05 22:30:00,975.56
2026-03-05 22:45:00,1005.19
2026-03-05 23:00:00,1013.78
2026-03-05 23:15:00,996.765
2026-03-05 23:30:00,982.778
2026-03-05 23:45:00,968.75
2026-03-06 00:00:00,932.49
2026-03-06 00:15:00,890.62
2026-03-06 00:30:00,887.208
2026-03-06 00:45:00,848.778
2026-03-06 01:00:00,822.92
2026-03-06 01:15:00,793.162
2026-03-06 01:30:00,781.888
2026-03-06 01:45:00,775.568
2026-03-06 02:00:00,755.685
2026-03-06 02:15:00,711.893
2026-03-06 02:30:00,663.737
2026-03-06 02:45:00,619.013
2026-03-06 03:00:00,577.177
2026-03-06 03:15:00,564.75
2026-03-06 03:30:00,560.825
2026-03-06 03:45:00,563.64
2026-03-06 04:00:00,575.732
2026-03-06 04:15:00,583.417
2026-03-06 04:30:00,600.51
2026-03-06 04:45:00,609.653
2026-03-06 05:00:00,608.965
2026-03-06 05:15:00,611.085
2026-03-06 05:30:00,617.43
2026-03-06 05:45:00,616.968
2026-03-06 06:00:00,625.003
2026-03-06 06:15:00,609.318
2026-03-06 06:30:00,671.898
2026-03-06 06:45:00,676.735
2026-03-06 07:00:00,675.385
2026-03-06 07:15:00,681.565
2026-03-06 07:30:00,654.65
2026-03-06 07:45:00,635.835
2026-03-06 08:00:00,594.05
2026-03-06 08:15:00,563.18
2026-03-06 08:30:00,438.722
2026-03-06 08:45:00,410.592
2026-03-06 09:00:00,358.493
2026-03-06 09:15:00,394.141
2026-03-06 09:30:00,365.177
2026-03-06 09:45:00,268.048
2026-03-06 10:00:00,195.64
2026-03-06 10:15:00,179.985
2026-03-06 10:30:00,165.198
2026-03-06 10:45:00,221.321
2026-03-06 11:00:00,284.017
2026-03-06 11:15:00,291.59
2026-03-06 11:30:00,339.961
2026-03-06 11:45:00,356.806
2026-03-06 12:00:00,344.302
2026-03-06 12:15:00,333.935
2026-03-06 12:30:00,337.438
2026-03-06 12:45:00,336.642
2026-03-06 13:00:00,346.962
2026-03-06 13:15:00,351.19
2026-03-06 13:30:00,340.198
2026-03-06 13:45:00,325.443
2026-03-06 14:00:00,321.242
2026-03-06 14:15:00,330.53
2026-03-06 14:30:00,342.688
2026-03-06 14:45:00,351.625
2026-03-06 15:00:00,338.705
2026-03-06 15:15:00,341.425
2026-03-06 15:30:00,334.647
2026-03-06 15:45:00,342.655
2026-03-06 16:00:00,359.538
2026-03-06 16:15:00,383.103
2026-03-06 16:30:00,412.908
2026-03-06 16:45:00,452.89
2026-03-06 17:00:00,497.957
2026-03-06 17:15:00,526.355
2026-03-06 17:30:00,574.475
2026-03-06 17:45:00,608.115
2026-03-06 18:00:00,650.4
2026-03-06 18:15:00,681.388
2026-03-06 18:30:00,706.615
2026-03-06 18:45:00,752.105
2026-03-06 19:00:00,782.095
2026-03-06 19:15:00,808.04
2026-03-06 19:30:00,829.5
2026-03-06 19:45:00,854.128
2026-03-06 20:00:00,876.593
2026-03-06 20:15:00,865.653
2026-03-06 20:30:00,826.492
2026-03-06 20:45:00,791.982
2026-03-06 21:00:00,765.907
2026-03-06 21:15:00,748.275
2026-03-06 21:30:00,740.898
2026-03-06 21:45:00,739.357
2026-03-06 22:00:00,728.292
2026-03-06 22:15:00,717.802
2026-03-06 22:30:00,703.235
2026-03-06 22:45:00,695.595
2026-03-06 23:00:00,677.57
2026-03-06 23:15:00,674.46
2026-03-06 23:30:00,649.302
2026-03-06 23:45:00,643.45
2026-03-07 00:00:00,621.725
2026-03-07 00:15:00,588.18
2026-03-07 00:30:00,555.72
2026-03-07 00:45:00,526.215
2026-03-07 01:00:00,521.56
2026-03-07 01:15:00,529.33
2026-03-07 01:30:00,547.602
2026-03-07 01:45:00,568.14
2026-03-07 02:00:00,559.732
2026-03-07 02:15:00,559.505
2026-03-07 02:30:00,562.648
2026-03-07 02:45:00,552.94
2026-03-07 03:00:00,543.585
2026-03-07 03:15:00,531.39
2026-03-07 03:30:00,539.695
2026-03-07 03:45:00,538.133
2026-03-07 04:00:00,546.448
2026-03-07 04:15:00,545.895
2026-03-07 04:30:00,522.75
2026-03-07 04:45:00,482.712
2026-03-07 05:00:00,452.897
2026-03-07 05:15:00,438.155
2026-03-07 05:30:00,421.862
2026-03-07 05:45:00,426.96
2026-03-07 06:00:00,448.035
2026-03-07 06:15:00,474.79
2026-03-07 06:30:00,498.807
2026-03-07 06:45:00,512.815
2026-03-07 07:00:00,316.337
2026-03-07 07:15:00,526.778
2026-03-07 07:30:00,524.18
2026-03-07 07:45:00,503.12
2026-03-07 08:00:00,497.467
2026-03-07 08:15:00,465.253
2026-03-07 08:30:00,471.228
2026-03-07 08:45:00,435.016
2026-03-07 09:00:00,425.811
2026-03-07 09:15:00,408.535
2026-03-07 09:30:00,378.652
2026-03-07 09:45:00,346.32
2026-03-07 10:00:00,332.235
2026-03-07 10:15:00,273.412
2026-03-07 10:30:00,270.36
2026-03-07 10:45:00,284.746
2026-03-07 11:00:00,307.675
2026-03-07 11:15:00,268.356
2026-03-07 11:30:00,271.025
2026-03-07 11:45:00,263.4
2026-03-07 12:00:00,257.29
2026-03-07 12:15:00,261.108
2026-03-07 12:30:00,259.078
2026-03-07 12:45:00,252.917
2026-03-07 13:00:00,249.583
2026-03-07 13:15:00,246.485
2026-03-07 13:30:00,255.77
2026-03-07 13:45:00,267.03
2026-03-07 14:00:00,269.9
2026-03-07 14:15:00,286.165
2026-03-07 14:30:00,310.53
2026-03-07 14:45:00,317.06
2026-03-07 15:00:00,336.793
2026-03-07 15:15:00,365.997
2026-03-07 15:30:00,388.55
2026-03-07 15:45:00,414.425
2026-03-07 16:00:00,456.95
2026-03-07 16:15:00,480.628
2026-03-07 16:30:00,502.26
2026-03-07 16:45:00,528.165
2026-03-07 17:00:00,587.335
2026-03-07 17:15:00,626.422
2026-03-07 17:30:00,677.975
2026-03-07 17:45:00,710.75
2026-03-07 18:00:00,759.385
2026-03-07 18:15:00,818.958
2026-03-07 18:30:00,869.263
2026-03-07 18:45:00,908.542
2026-03-07 19:00:00,962.943
2026-03-07 19:15:00,1002.975
2026-03-07 19:30:00,980.383
2026-03-07 19:45:00,900.594
2026-03-07 20:00:00,1024.794
2026-03-07 20:15:00,1075.861
2026-03-07 20:30:00,1107.405
2026-03-07 20:45:00,1067.113
2026-03-07 21:00:00,1025.145
2026-03-07 21:15:00,1055.905
2026-03-07 21:30:00,1079.402
2026-03-07 21:45:00,1044.538
2026-03-07 22:00:00,1089.509
2026-03-07 22:15:00,1101.762
2026-03-07 22:30:00,1089.292
2026-03-07 22:45:00,1045.368
2026-03-07 23:00:00,1073.532
2026-03-07 23:15:00,985.318
2026-03-07 23:30:00,1073.886
2026-03-07 23:45:00,1042.805
2026-03-08 00:00:00,1018.532
2026-03-08 00:15:00,1006.22
2026-03-08 00:30:00,977.843
2026-03-08 00:45:00,971.792
2026-03-08 01:00:00,979.713
2026-03-08 01:15:00,969.72
2026-03-08 01:30:00,950.78
2026-03-08 01:45:00,934.028
2026-03-08 02:00:00,904.927
2026-03-08 02:15:00,881.508
2026-03-08 02:30:00,868.907
2026-03-08 02:45:00,863.992
2026-03-08 03:00:00,850.852
2026-03-08 03:15:00,840.807
2026-03-08 03:30:00,828.585
2026-03-08 03:45:00,809.805
2026-03-08 04:00:00,817.715
2026-03-08 04:15:00,810.08
2026-03-08 04:30:00,802.227
2026-03-08 04:45:00,774.638
2026-03-08 05:00:00,772.768
2026-03-08 05:15:00,751.838
2026-03-08 05:30:00,736.6
2026-03-08 05:45:00,719.24
2026-03-08 06:00:00,704.145
2026-03-08 06:15:00,677.992
2026-03-08 06:30:00,654.953
2026-03-08 06:45:00,630.76
2026-03-08 07:00:00,592.695
2026-03-08 07:15:00,580.2
2026-03-08 07:30:00,557.06
2026-03-08 07:45:00,540.417
2026-03-08 08:00:00,518.76
2026-03-08 08:15:00,508.978
2026-03-08 08:30:00,493.297
2026-03-08 08:45:00,476.395
2026-03-08 09:00:00,459.267
2026-03-08 09:15:00,445.142
2026-03-08 09:30:00,421.805
2026-03-08 09:45:00,388.592
2026-03-08 10:00:00,360.185
2026-03-08 10:15:00,348.402
2026-03-08 10:30:00,331.038
2026-03-08 10:45:00,320.663
2026-03-08 11:00:00,301.955
2026-03-08 11:15:00,297.08
2026-03-08 11:30:00,291.23
2026-03-08 11:45:00,288.617
2026-03-08 12:00:00,280.285
2026-03-08 12:15:00,279.99
2026-03-08 12:30:00,281.685
2026-03-08 12:45:00,276.522
2026-03-08 13:00:00,274.068
2026-03-08 13:15:00,278.983
2026-03-08 13:30:00,289.945
2026-03-08 13:45:00,297.022
2026-03-08 14:00:00,304.12
2026-03-08 14:15:00,314.285
2026-03-08 14:30:00,314.785
2026-03-08 14:45:00,325.275
2026-03-08 15:00:00,346.78
2026-03-08 15:15:00,356.302
2026-03-08 15:30:00,372.013
2026-03-08 15:45:00,398.33
2026-03-08 16:00:00,417.872
2026-03-08 16:15:00,433.788
2026-03-08 16:30:00,443.125
2026-03-08 16:45:00,439.397
2026-03-08 17:00:00,457.84
2026-03-08 17:15:00,462.97
2026-03-08 17:30:00,479.98
2026-03-08 17:45:00,505.703
2026-03-08 18:00:00,522.247
2026-03-08 18:15:00,545.593
2026-03-08 18:30:00,565.057
2026-03-08 18:45:00,588.032
2026-03-08 19:00:00,590.885
2026-03-08 19:15:00,602.665
2026-03-08 19:30:00,625.3
2026-03-08 19:45:00,656.035
2026-03-08 20:00:00,671.063
2026-03-08 20:15:00,683.735
2026-03-08 20:30:00,691.495
2026-03-08 20:45:00,697.643
2026-03-08 21:00:00,690.037
2026-03-08 21:15:00,688.547
2026-03-08 21:30:00,684.013
2026-03-08 21:45:00,698.492
2026-03-08 22:00:00,711.547
2026-03-08 22:15:00,726.388
2026-03-08 22:30:00,749.26
2026-03-08 22:45:00,760.578
2026-03-08 23:00:00,764.56
2026-03-08 23:15:00,777.38
2026-03-08 23:30:00,784.857
2026-03-08 23:45:00,750.722
2026-03-09 00:00:00,890.588
2026-03-09 00:15:00,917.037
2026-03-09 00:30:00,924.315
2026-03-09 00:45:00,952.31
2026-03-09 01:00:00,956.097
2026-03-09 01:15:00,1033.427
2026-03-09 01:30:00,1068.782
2026-03-09 01:45:00,1110.185
2026-03-09 02:00:00,1136.723
2026-03-09 02:15:00,1187.562
2026-03-09 02:30:00,1178.807
2026-03-09 02:45:00,1115.139
2026-03-09 03:00:00,1136.194
2026-03-09 03:15:00,1098.168
2026-03-09 03:30:00,1041.122
2026-03-09 03:45:00,1013.307
2026-03-09 04:00:00,1025.943
2026-03-09 04:15:00,1073.093
2026-03-09 04:30:00,1066.867
2026-03-09 04:45:00,1042.03
2026-03-09 05:00:00,1188.111
2026-03-09 05:15:00,1170.968
2026-03-09 05:30:00,1139.796
2026-03-09 05:45:00,1116.038
2026-03-09 06:00:00,1270.843
2026-03-09 06:15:00,1197.297
2026-03-09 06:30:00,1227.675
2026-03-09 06:45:00,1370.563
2026-03-09 07:00:00,1371.895
2026-03-09 07:15:00,1358.422
2026-03-09 07:30:00,1362.295
2026-03-09 07:45:00,1391.083
2026-03-09 08:00:00,1456.502
2026-03-09 08:15:00,1472.885
2026-03-09 08:30:00,1455.693
2026-03-09 08:45:00,1473.03
2026-03-09 09:00:00,1509.527
2026-03-09 09:15:00,1520.917
2026-03-09 09:30:00,1545.35
2026-03-09 09:45:00,1567.078
2026-03-09 10:00:00,1571.568
2026-03-09 10:15:00,1488.816
2026-03-09 10:30:00,1343.222
2026-03-09 10:45:00,1238.306
2026-03-09 11:00:00,1270.864
2026-03-09 11:15:00,1095.622
2026-03-09 11:30:00,1011.371
2026-03-09 11:45:00,1017.428
2026-03-09 12:00:00,1324.297
2026-03-09 12:15:00,1321.094
2026-03-09 12:30:00,1351.512
2026-03-09 12:45:00,1428.563
2026-03-09 13:00:00,1415.945
2026-03-09 13:15:00,1431.614
2026-03-09 13:30:00,1440.829
2026-03-09 13:45:00,1510.3
2026-03-09 14:00:00,1385.642
2026-03-09 14:15:00,1268.56
2026-03-09 14:30:00,1134.48
2026-03-09 14:45:00,1227.177
2026-03-09 15:00:00,1354.178
2026-03-09 15:15:00,1289.153
2026-03-09 15:30:00,1342.47
2026-03-09 15:45:00,1334.694
2026-03-09 16:00:00,1263.468
2026-03-09 16:15:00,1370.629
2026-03-09 16:30:00,1441.078
2026-03-09 16:45:00,1346.611
2026-03-09 17:00:00,1411.048
2026-03-09 17:15:00,1420.481
2026-03-09 17:30:00,1416.284
2026-03-09 17:45:00,1421.598
2026-03-09 18:00:00,1166.795
2026-03-09 18:15:00,1208.488
2026-03-09 18:30:00,1309.667
2026-03-09 18:45:00,1507.816
2026-03-09 19:00:00,1481.732
2026-03-09 19:15:00,1233.67
2026-03-09 19:30:00,1276.497
2026-03-09 19:45:00,1345.224
2026-03-09 20:00:00,1232.424
2026-03-09 20:15:00,1150.828
2026-03-09 20:30:00,1130.588
2026-03-09 20:45:00,1120.923
2026-03-09 21:00:00,1047.211
2026-03-09 21:15:00,1039.122
2026-03-09 21:30:00,1074.129
2026-03-09 21:45:00,1125.825
2026-03-09 22:00:00,1008.123
2026-03-09 22:15:00,1125.657
2026-03-09 22:30:00,933.624
2026-03-09 22:45:00,1058.403
2026-03-09 23:00:00,1188.65
2026-03-09 23:15:00,1072.134
2026-03-09 23:30:00,881.76
2026-03-09 23:45:00,811.08
2026-03-10 00:00:00,1144.598
2026-03-10 00:15:00,1188.079
2026-03-10 00:30:00,1105.07
2026-03-10 00:45:00,1044.63
2026-03-10 01:00:00,1019.648
2026-03-10 01:15:00,1046.46
2026-03-10 01:30:00,1048.132
2026-03-10 01:45:00,992.417
2026-03-10 02:00:00,947.82
2026-03-10 02:15:00,928.875
2026-03-10 02:30:00,928.578
2026-03-10 02:45:00,889.547
2026-03-10 03:00:00,865.747
2026-03-10 03:15:00,821.992
2026-03-10 03:30:00,790.93
2026-03-10 03:45:00,770.25
2026-03-10 04:00:00,747.713
2026-03-10 04:15:00,739.65
2026-03-10 04:30:00,748.612
2026-03-10 04:45:00,723.688
2026-03-10 05:00:00,723.828
2026-03-10 05:15:00,662.398
2026-03-10 05:30:00,698.59
2026-03-10 05:45:00,680.73
2026-03-10 06:00:00,672.03
2026-03-10 06:15:00,655.595
2026-03-10 06:30:00,604.667
2026-03-10 06:45:00,598.64
2026-03-10 07:00:00,568.695
2026-03-10 07:15:00,528.847
2026-03-10 07:30:00,505.693
2026-03-10 07:45:00,485.915
2026-03-10 08:00:00,452.805
2026-03-10 08:15:00,426.733
2026-03-10 08:30:00,410.862
2026-03-10 08:45:00,396.973
2026-03-10 09:00:00,374.02
2026-03-10 09:15:00,364.495
2026-03-10 09:30:00,348.517
2026-03-10 09:45:00,331.03
2026-03-10 10:00:00,310.987
2026-03-10 10:15:00,284.418
2026-03-10 10:30:00,240.624
2026-03-10 10:45:00,188.791
2026-03-10 11:00:00,161.553
2026-03-10 11:15:00,166.593
2026-03-10 11:30:00,127.969
2026-03-10 11:45:00,113.009
2026-03-10 12:00:00,138.943
2026-03-10 12:15:00,117.87
2026-03-10 12:30:00,131.512
2026-03-10 12:45:00,94.234
2026-03-10 13:00:00,108.93
2026-03-10 13:15:00,88.166
2026-03-10 13:30:00,88.796
2026-03-10 13:45:00,81.46
2026-03-10 14:00:00,82.163
2026-03-10 14:15:00,80.866
2026-03-10 14:30:00,83.197
2026-03-10 14:45:00,82.616
2026-03-10 15:00:00,82.852
2026-03-10 15:15:00,95.194
2026-03-10 15:30:00,83.207
2026-03-10 15:45:00,82.209
2026-03-10 16:00:00,82.699
2026-03-10 16:15:00,82.743
2026-03-10 16:30:00,82.24
2026-03-10 16:45:00,106.898
2026-03-10 17:00:00,134.258
2026-03-10 17:15:00,134.768
2026-03-10 17:30:00,139.477
2026-03-10 17:45:00,142.44
2026-03-10 18:00:00,148.977
2026-03-10 18:15:00,171.03
2026-03-10 18:30:00,179.443
2026-03-10 18:45:00,195.348
2026-03-10 19:00:00,210.19
2026-03-10 19:15:00,239.947
2026-03-10 19:30:00,266.41
2026-03-10 19:45:00,292.07
2026-03-10 20:00:00,323.513
2026-03-10 20:15:00,345.598
2026-03-10 20:30:00,365.902
2026-03-10 20:45:00,376.978
2026-03-10 21:00:00,388.703
2026-03-10 21:15:00,399.777
2026-03-10 21:30:00,406.636
2026-03-10 21:45:00,428.287
2026-03-10 22:00:00,447.29
2026-03-10 22:15:00,466.2
2026-03-10 22:30:00,480.682
2026-03-10 22:45:00,497.992
2026-03-10 23:00:00,492.72
2026-03-10 23:15:00,509.585
2026-03-10 23:30:00,502.755
2026-03-10 23:45:00,504.207
2026-03-11 00:00:00,491.98
2026-03-11 00:15:00,499.087
2026-03-11 00:30:00,502.688
2026-03-11 00:45:00,503.672
2026-03-11 01:00:00,515.472
2026-03-11 01:15:00,514.648
2026-03-11 01:30:00,494.492
2026-03-11 01:45:00,490.13
2026-03-11 02:00:00,489.88
2026-03-11 02:15:00,487.763
2026-03-11 02:30:00,476.48
2026-03-11 02:45:00,477.348
2026-03-11 03:00:00,481.288
2026-03-11 03:15:00,482.75
2026-03-11 03:30:00,486.525
2026-03-11 03:45:00,487.883
2026-03-11 04:00:00,489.508
2026-03-11 04:15:00,487.92
2026-03-11 04:30:00,482.328
2026-03-11 04:45:00,483.342
2026-03-11 05:00:00,490.033
2026-03-11 05:15:00,477.793
2026-03-11 05:30:00,460.425
2026-03-11 05:45:00,464.927
2026-03-11 06:00:00,466.12
2026-03-11 06:15:00,447.777
2026-03-11 06:30:00,436.6
2026-03-11 06:45:00,438.358
2026-03-11 07:00:00,423.81
2026-03-11 07:15:00,422.038
2026-03-11 07:30:00,411.17
2026-03-11 07:45:00,399.723
2026-03-11 08:00:00,371.188
2026-03-11 08:15:00,355.742
2026-03-11 08:30:00,334.478
2026-03-11 08:45:00,311.223
2026-03-11 09:00:00,238.074
2026-03-11 09:15:00,135.805
2026-03-11 09:30:00,68.964
2026-03-11 09:45:00,94.2
2026-03-11 10:00:00,73.191
2026-03-11 10:15:00,77.626
2026-03-11 10:30:00,66.717
2026-03-11 10:45:00,58.519
2026-03-11 11:00:00,57.987
2026-03-11 11:15:00,53.491
2026-03-11 11:30:00,51.366
2026-03-11 11:45:00,50.232
2026-03-11 12:00:00,45.174
2026-03-11 12:15:00,42.455
2026-03-11 12:30:00,40.076
2026-03-11 12:45:00,39.254
2026-03-11 13:00:00,39.188
2026-03-11 13:15:00,36.814
2026-03-11 13:30:00,34.832
2026-03-11 13:45:00,33.348
2026-03-11 14:00:00,33.892
2026-03-11 14:15:00,32.919
2026-03-11 14:30:00,33.562
2026-03-11 14:45:00,32.364
2026-03-11 15:00:00,33.569
2026-03-11 15:15:00,35.072
2026-03-11 15:30:00,38.371
2026-03-11 15:45:00,42.678
2026-03-11 16:00:00,44.541
2026-03-11 16:15:00,52.22
2026-03-11 16:30:00,61.433
2026-03-11 16:45:00,70.215
2026-03-11 17:00:00,86.223
2026-03-11 17:15:00,94.065
2026-03-11 17:30:00,111.338
2026-03-11 17:45:00,133.41
2026-03-11 18:00:00,105.568
2026-03-11 18:15:00,133.865
2026-03-11 18:30:00,212.57
2026-03-11 18:45:00,240.66
2026-03-11 19:00:00,276.603
2026-03-11 19:15:00,294.652
2026-03-11 19:30:00,338.485
2026-03-11 19:45:00,405.05
2026-03-11 20:00:00,453.04
2026-03-11 20:15:00,490.457
2026-03-11 20:30:00,528.102
2026-03-11 20:45:00,563.282
2026-03-11 21:00:00,599.5
2026-03-11 21:15:00,624.37
2026-03-11 21:30:00,646.145
2026-03-11 21:45:00,667.48
2026-03-11 22:00:00,685.525
2026-03-11 22:15:00,655.141
2026-03-11 22:30:00,391.654
2026-03-11 22:45:00,227.788
2026-03-11 23:00:00,340.841
2026-03-11 23:15:00,399.107
2026-03-11 23:30:00,444.199
2026-03-11 23:45:00,457.113
2026-03-12 00:00:00,775.542
2026-03-12 00:15:00,791.05
2026-03-12 00:30:00,789.25
2026-03-12 00:45:00,800.595
2026-03-12 01:00:00,853.463
2026-03-12 01:15:00,848.976
2026-03-12 01:30:00,801.977
2026-03-12 01:45:00,981.43
2026-03-12 02:00:00,997.13
2026-03-12 02:15:00,1014.292
2026-03-12 02:30:00,986.275
2026-03-12 02:45:00,990.133
2026-03-12 03:00:00,1069.422
2026-03-12 03:15:00,1078.655
2026-03-12 03:30:00,1088.04
2026-03-12 03:45:00,1098.257
2026-03-12 04:00:00,1116.767
2026-03-12 04:15:00,1138.563
2026-03-12 04:30:00,1165.478
2026-03-12 04:45:00,1197.28
2026-03-12 05:00:00,1226.828
2026-03-12 05:15:00,1251.035
2026-03-12 05:30:00,1283.71
2026-03-12 05:45:00,1314.598
2026-03-12 06:00:00,1343.068
2026-03-12 06:15:00,1284.279
2026-03-12 06:30:00,1373.68
2026-03-12 06:45:00,1384.72
2026-03-12 07:00:00,1397.305
2026-03-12 07:15:00,1407.515
2026-03-12 07:30:00,1360.545
2026-03-12 07:45:00,1369.25
2026-03-12 08:00:00,1051.327
2026-03-12 08:15:00,1030.269
2026-03-12 08:30:00,783.908
2026-03-12 08:45:00,721.656
2026-03-12 09:00:00,552.529
2026-03-12 09:15:00,438.708
2026-03-12 09:30:00,339.481
2026-03-12 09:45:00,336.12
2026-03-12 10:00:00,313.651
2026-03-12 10:15:00,338.517
2026-03-12 10:30:00,315.368
2026-03-12 10:45:00,154.829
2026-03-12 11:00:00,154.146
2026-03-12 11:15:00,154.111
2026-03-12 11:30:00,152.583
2026-03-12 11:45:00,151.951
2026-03-12 12:00:00,151.415
2026-03-12 12:15:00,152.32
2026-03-12 12:30:00,151.807
2026-03-12 12:45:00,150.719
2026-03-12 13:00:00,150.891
2026-03-12 13:15:00,152.761
2026-03-12 13:30:00,155.611
2026-03-12 13:45:00,150.026
2026-03-12 14:00:00,151.659
2026-03-12 14:15:00,152.435
2026-03-12 14:30:00,154.296
2026-03-12 14:45:00,155.409
2026-03-12 15:00:00,215.24
2026-03-12 15:15:00,310.795
2026-03-12 15:30:00,452.119
2026-03-12 15:45:00,369.029
2026-03-12 16:00:00,328.757
2026-03-12 16:15:00,432.248
2026-03-12 16:30:00,518.783
2026-03-12 16:45:00,612.43
2026-03-12 17:00:00,819.664
2026-03-12 17:15:00,822.168
2026-03-12 17:30:00,779.343
2026-03-12 17:45:00,736.974
2026-03-12 18:00:00,825.995
2026-03-12 18:15:00,855.118
2026-03-12 18:30:00,936.836
2026-03-12 18:45:00,942.883
2026-03-12 19:00:00,1054.157
2026-03-12 19:15:00,1036.235
2026-03-12 19:30:00,933.081
2026-03-12 19:45:00,1019.446
2026-03-12 20:00:00,978.132
2026-03-12 20:15:00,1004.399
2026-03-12 20:30:00,932.413
2026-03-12 20:45:00,806.476
2026-03-12 21:00:00,883.35
2026-03-12 21:15:00,1099.733
2026-03-12 21:30:00,1203.965
2026-03-12 21:45:00,1245.021
2026-03-12 22:00:00,1205.427
2026-03-12 22:15:00,1177.692
2026-03-12 22:30:00,1200.667
2026-03-12 22:45:00,1221.354
2026-03-12 23:00:00,1150.555
2026-03-12 23:15:00,1115.42
2026-03-12 23:30:00,1153.897
2026-03-12 23:45:00,1122.596
2026-03-13 00:00:00,1248.838
2026-03-13 00:15:00,1198.745
2026-03-13 00:30:00,1180.58
2026-03-13 00:45:00,1133.402
2026-03-13 01:00:00,1145.185
2026-03-13 01:15:00,1153.29
2026-03-13 01:30:00,1128.87
2026-03-13 01:45:00,1065.853
2026-03-13 02:00:00,1010.528
2026-03-13 02:15:00,957.915
2026-03-13 02:30:00,923.32
2026-03-13 02:45:00,875.727
2026-03-13 03:00:00,831.945
2026-03-13 03:15:00,784.96
2026-03-13 03:30:00,756.787
2026-03-13 03:45:00,725.595
2026-03-13 04:00:00,689.807
2026-03-13 04:15:00,643.48
2026-03-13 04:30:00,614.052
2026-03-13 04:45:00,587.63
2026-03-13 05:00:00,575.477
2026-03-13 05:15:00,569.41
2026-03-13 05:30:00,567.445
2026-03-13 05:45:00,564.32
2026-03-13 06:00:00,572.485
2026-03-13 06:15:00,568.292
2026-03-13 06:30:00,566.17
2026-03-13 06:45:00,554.85
2026-03-13 07:00:00,533.573
2026-03-13 07:15:00,519.263
2026-03-13 07:30:00,525.117
2026-03-13 07:45:00,522.518
2026-03-13 08:00:00,508.26
2026-03-13 08:15:00,494.987
2026-03-13 08:30:00,456.53
2026-03-13 08:45:00,419.255
2026-03-13 09:00:00,374.507
2026-03-13 09:15:00,283.442
2026-03-13 09:30:00,190.424
2026-03-13 09:45:00,160.636
2026-03-13 10:00:00,113.646
2026-03-13 10:15:00,98.782
2026-03-13 10:30:00,100.869
2026-03-13 10:45:00,84.289
2026-03-13 11:00:00,74.16
2026-03-13 11:15:00,66.331
2026-03-13 11:30:00,61.564
2026-03-13 11:45:00,65.308
2026-03-13 12:00:00,63.326
2026-03-13 12:15:00,64.801
2026-03-13 12:30:00,60.891
2026-03-13 12:45:00,55.911
2026-03-13 13:00:00,53.387
2026-03-13 13:15:00,59.716
2026-03-13 13:30:00,62.272
2026-03-13 13:45:00,56.74
2026-03-13 14:00:00,58.252
2026-03-13 14:15:00,58.358
2026-03-13 14:30:00,58.548
2026-03-13 14:45:00,63.474
2026-03-13 15:00:00,61.209
2026-03-13 15:15:00,65.169
2026-03-13 15:30:00,63.263
2026-03-13 15:45:00,67.865
2026-03-13 16:00:00,79.858
2026-03-13 16:15:00,90.336
2026-03-13 16:30:00,101.985
2026-03-13 16:45:00,109.845
2026-03-13 17:00:00,121.77
2026-03-13 17:15:00,131.268
2026-03-13 17:30:00,143.865
2026-03-13 17:45:00,160.602
2026-03-13 18:00:00,178.813
2026-03-13 18:15:00,200.715
2026-03-13 18:30:00,226.447
2026-03-13 18:45:00,255.617
2026-03-13 19:00:00,285.925
2026-03-13 19:15:00,324.15
2026-03-13 19:30:00,367.1
2026-03-13 19:45:00,419.927
2026-03-13 20:00:00,467.18
2026-03-13 20:15:00,442.478
2026-03-13 20:30:00,485.04
2026-03-13 20:45:00,556.996
2026-03-13 21:00:00,605.81
2026-03-13 21:15:00,638.46
2026-03-13 21:30:00,633.84
2026-03-13 21:45:00,635.588
2026-03-13 22:00:00,683.148
2026-03-13 22:15:00,734.21
2026-03-13 22:30:00,758.44
2026-03-13 22:45:00,775.72
2026-03-13 23:00:00,795.878
2026-03-13 23:15:00,811.653
2026-03-13 23:30:00,830.922
2026-03-13 23:45:00,838.315
2026-03-14 00:00:00,857.052
2026-03-14 00:15:00,864.932
2026-03-14 00:30:00,872.05
2026-03-14 00:45:00,868.568
2026-03-14 01:00:00,879.705
2026-03-14 01:15:00,878.995
2026-03-14 01:30:00,897.53
2026-03-14 01:45:00,917.383
2026-03-14 02:00:00,931.185
2026-03-14 02:15:00,954.778
2026-03-14 02:30:00,968.225
2026-03-14 02:45:00,978.463
2026-03-14 03:00:00,979.885
2026-03-14 03:15:00,982.133
2026-03-14 03:30:00,964.525
2026-03-14 03:45:00,964.37
2026-03-14 04:00:00,966.115
2026-03-14 04:15:00,958.323
2026-03-14 04:30:00,959.653
2026-03-14 04:45:00,950.307
2026-03-14 05:00:00,947.122
2026-03-14 05:15:00,942.843
2026-03-14 05:30:00,934.465
2026-03-14 05:45:00,934.39
2026-03-14 06:00:00,927.917
2026-03-14 06:15:00,932.305
2026-03-14 06:30:00,953.16
2026-03-14 06:45:00,948.684
2026-03-14 07:00:00,929.537
2026-03-14 07:15:00,953.422
2026-03-14 07:30:00,895.532
2026-03-14 07:45:00,867.241
2026-03-14 08:00:00,878.856
2026-03-14 08:15:00,910.752
2026-03-14 08:30:00,789.215
2026-03-14 08:45:00,875.245
2026-03-14 09:00:00,777.4
2026-03-14 09:15:00,735.441
2026-03-14 09:30:00,607.216
2026-03-14 09:45:00,497.263
2026-03-14 10:00:00,426.2
2026-03-14 10:15:00,437.654
2026-03-14 10:30:00,495.524
2026-03-14 10:45:00,458.02
2026-03-14 11:00:00,434.738
2026-03-14 11:15:00,437.153
2026-03-14 11:30:00,332.418
2026-03-14 11:45:00,310.4
2026-03-14 12:00:00,428.326
2026-03-14 12:15:00,389.196
2026-03-14 12:30:00,381.733
2026-03-14 12:45:00,336.797
2026-03-14 13:00:00,360.28
2026-03-14 13:15:00,322.391
2026-03-14 13:30:00,342.445
2026-03-14 13:45:00,419.711
2026-03-14 14:00:00,401.815
2026-03-14 14:15:00,386.241
2026-03-14 14:30:00,395.517
2026-03-14 14:45:00,419.965
2026-03-14 15:00:00,430.626
2026-03-14 15:15:00,405.785
2026-03-14 15:30:00,409.835
2026-03-14 15:45:00,411.7
2026-03-14 16:00:00,446.612
2026-03-14 16:15:00,453.83
2026-03-14 16:30:00,466.142
2026-03-14 16:45:00,476.56
2026-03-14 17:00:00,472.932
2026-03-14 17:15:00,475.608
2026-03-14 17:30:00,493.598
2026-03-14 17:45:00,526.915
2026-03-14 18:00:00,559.468
2026-03-14 18:15:00,599.843
2026-03-14 18:30:00,627.862
2026-03-14 18:45:00,587.982
2026-03-14 19:00:00,666.934
2026-03-14 19:15:00,736.43
2026-03-14 19:30:00,774.31
2026-03-14 19:45:00,824.446
2026-03-14 20:00:00,748.397
2026-03-14 20:15:00,863.532
2026-03-14 20:30:00,909.365
2026-03-14 20:45:00,884.942
2026-03-14 21:00:00,914.785
2026-03-14 21:15:00,927.435
2026-03-14 21:30:00,978.254
2026-03-14 21:45:00,894.552
2026-03-14 22:00:00,899.928
2026-03-14 22:15:00,851.477
2026-03-14 22:30:00,918.771
2026-03-14 22:45:00,1030.165
2026-03-14 23:00:00,1003.815
2026-03-14 23:15:00,995.578
2026-03-14 23:30:00,1003.322
2026-03-14 23:45:00,1031.858
2026-03-15 00:00:00,1060.17
2026-03-15 00:15:00,1072.792
2026-03-15 00:30:00,1076.36
2026-03-15 00:45:00,1060.292
2026-03-15 01:00:00,1084.797
2026-03-15 01:15:00,1093.295
2026-03-15 01:30:00,1101.012
2026-03-15 01:45:00,1081.363
2026-03-15 02:00:00,1075.41
2026-03-15 02:15:00,1075.455
2026-03-15 02:30:00,1081.252
2026-03-15 02:45:00,1075.887
2026-03-15 03:00:00,1091.28
2026-03-15 03:15:00,1086.248
2026-03-15 03:30:00,1093.042
2026-03-15 03:45:00,1086.01
2026-03-15 04:00:00,1082.703
2026-03-15 04:15:00,1090.69
2026-03-15 04:30:00,1087.695
2026-03-15 04:45:00,1078.488
2026-03-15 05:00:00,1060.735
2026-03-15 05:15:00,1027.74
2026-03-15 05:30:00,1040.025
2026-03-15 05:45:00,1031.745
2026-03-15 06:00:00,1051.662
2026-03-15 06:15:00,989.119
2026-03-15 06:30:00,677.464
2026-03-15 06:45:00,647.599
2026-03-15 07:00:00,554.065
2026-03-15 07:15:00,594.459
2026-03-15 07:30:00,792.191
2026-03-15 07:45:00,809.724
2026-03-15 08:00:00,829.76
2026-03-15 08:15:00,811.778
2026-03-15 08:30:00,809.96
2026-03-15 08:45:00,787.02
2026-03-15 09:00:00,798.825
2026-03-15 09:15:00,815.028
2026-03-15 09:30:00,800.27
2026-03-15 09:45:00,775.797
2026-03-15 10:00:00,754.45
2026-03-15 10:15:00,734.275
2026-03-15 10:30:00,718.915
2026-03-15 10:45:00,694.953
2026-03-15 11:00:00,679.768
2026-03-15 11:15:00,665.122
2026-03-15 11:30:00,648.093
2026-03-15 11:45:00,629.318
2026-03-15 12:00:00,612.865
2026-03-15 12:15:00,613.82
2026-03-15 12:30:00,600.715
2026-03-15 12:45:00,594.167
2026-03-15 13:00:00,575.11
2026-03-15 13:15:00,568.245
2026-03-15 13:30:00,567.997
2026-03-15 13:45:00,570.335
2026-03-15 14:00:00,579.542
2026-03-15 14:15:00,570.453
2026-03-15 14:30:00,569.03
2026-03-15 14:45:00,564.977
2026-03-15 15:00:00,558.927
2026-03-15 15:15:00,568.845
2026-03-15 15:30:00,575.273
2026-03-15 15:45:00,584.338
2026-03-15 16:00:00,587.862
2026-03-15 16:15:00,588.427
2026-03-15 16:30:00,596.4
2026-03-15 16:45:00,614.04
2026-03-15 17:00:00,623.047
2026-03-15 17:15:00,635.477
2026-03-15 17:30:00,642.325
2026-03-15 17:45:00,653.052
2026-03-15 18:00:00,668.412
2026-03-15 18:15:00,681.49
2026-03-15 18:30:00,695.78
2026-03-15 18:45:00,709.025
2026-03-15 19:00:00,712.878
2026-03-15 19:15:00,724.347
2026-03-15 19:30:00,733.695
2026-03-15 19:45:00,733.3
2026-03-15 20:00:00,743.415
2026-03-15 20:15:00,757.023
2026-03-15 20:30:00,752.75
2026-03-15 20:45:00,764.078
2026-03-15 21:00:00,759.458
2026-03-15 21:15:00,664.499
2026-03-15 21:30:00,524.587
2026-03-15 21:45:00,480.878
2026-03-15 22:00:00,525.623
2026-03-15 22:15:00,519.643
2026-03-15 22:30:00,671.214
2026-03-15 22:45:00,600.494
2026-03-15 23:00:00,637.599
2026-03-15 23:15:00,568.369
2026-03-15 23:30:00,611.842
2026-03-15 23:45:00,662.695
2026-03-16 00:00:00,709.313
2026-03-16 00:15:00,708.205
2026-03-16 00:30:00,684.245
2026-03-16 00:45:00,692.06
2026-03-16 01:00:00,711.43
2026-03-16 01:15:00,773.53
2026-03-16 01:30:00,785.658
2026-03-16 01:45:00,800.86
2026-03-16 02:00:00,785.4
2026-03-16 02:15:00,772.795
2026-03-16 02:30:00,773.955
2026-03-16 02:45:00,757.655
2026-03-16 03:00:00,727.893
2026-03-16 03:15:00,722.263
2026-03-16 03:30:00,729.503
2026-03-16 03:45:00,737.835
2026-03-16 04:00:00,740.725
2026-03-16 04:15:00,715.605
2026-03-16 04:30:00,702.51
2026-03-16 04:45:00,687.99
2026-03-16 05:00:00,702.478
2026-03-16 05:15:00,699.443
2026-03-16 05:30:00,699.723
2026-03-16 05:45:00,710.82
2026-03-16 06:00:00,728.598
2026-03-16 06:15:00,725.243
2026-03-16 06:30:00,726.143
2026-03-16 06:45:00,717.288
2026-03-16 07:00:00,715.835
2026-03-16 07:15:00,706.07
2026-03-16 07:30:00,700.62
2026-03-16 07:45:00,688.17
2026-03-16 08:00:00,656.945
2026-03-16 08:15:00,648.28
2026-03-16 08:30:00,636.218
2026-03-16 08:45:00,655.753
2026-03-16 09:00:00,657.43
2026-03-16 09:15:00,646.01
2026-03-16 09:30:00,638.758
2026-03-16 09:45:00,626.108
2026-03-16 10:00:00,621.373
2026-03-16 10:15:00,621.728
2026-03-16 10:30:00,623.92
2026-03-16 10:45:00,628.605
2026-03-16 11:00:00,628.163
2026-03-16 11:15:00,627.345
2026-03-16 11:30:00,610.654
2026-03-16 11:45:00,426.832
2026-03-16 12:00:00,463.062
2026-03-16 12:15:00,407.697
2026-03-16 12:30:00,450.054
2026-03-16 12:45:00,428.969
2026-03-16 13:00:00,348.379
2026-03-16 13:15:00,337.357
2026-03-16 13:30:00,405.6
2026-03-16 13:45:00,462.303
2026-03-16 14:00:00,464.363
2026-03-16 14:15:00,510.375
2026-03-16 14:30:00,514.613
2026-03-16 14:45:00,471.362
2026-03-16 15:00:00,512.755
2026-03-16 15:15:00,518.853
2026-03-16 15:30:00,535.218
2026-03-16 15:45:00,523.668
2026-03-16 16:00:00,514.233
2026-03-16 16:15:00,518.88
2026-03-16 16:30:00,512.51
2026-03-16 16:45:00,523.118
2026-03-16 17:00:00,514.75
2026-03-16 17:15:00,526.173
2026-03-16 17:30:00,536.013
2026-03-16 17:45:00,535.628
2026-03-16 18:00:00,544.46
2026-03-16 18:15:00,550.213
2026-03-16 18:30:00,576.045
2026-03-16 18:45:00,597.013
2026-03-16 19:00:00,620.648
2026-03-16 19:15:00,629.945
2026-03-16 19:30:00,625.303
2026-03-16 19:45:00,658.475
2026-03-16 20:00:00,669.243
2026-03-16 20:15:00,694.513
2026-03-16 20:30:00,706.158
2026-03-16 20:45:00,682.377
2026-03-16 21:00:00,716.105
2026-03-16 21:15:00,715.945
2026-03-16 21:30:00,735.988
2026-03-16 21:45:00,742.521
2026-03-16 22:00:00,730.148
2026-03-16 22:15:00,805.81
2026-03-16 22:30:00,821.848
2026-03-16 22:45:00,838.14
2026-03-16 23:00:00,810.258
2026-03-16 23:15:00,836.495
2026-03-16 23:30:00,849.749
2026-03-16 23:45:00,800.305
2026-03-17 00:00:00,882.855
2026-03-17 00:15:00,895.748
2026-03-17 00:30:00,916.513
2026-03-17 00:45:00,912.42
2026-03-17 01:00:00,946.655
2026-03-17 01:15:00,986.61
2026-03-17 01:30:00,1023.118
2026-03-17 01:45:00,1036.268
2026-03-17 02:00:00,1049.598
2026-03-17 02:15:00,1065.14
2026-03-17 02:30:00,1055.555
2026-03-17 02:45:00,1084.015
2026-03-17 03:00:00,1092.155
2026-03-17 03:15:00,1101.06
2026-03-17 03:30:00,1098.802
2026-03-17 03:45:00,1107.949
2026-03-17 04:00:00,1140.796
2026-03-17 04:15:00,1165.921
2026-03-17 04:30:00,1176.995
2026-03-17 04:45:00,1173.485
2026-03-17 05:00:00,1181.625
2026-03-17 05:15:00,1198.49
2026-03-17 05:30:00,1186.445
2026-03-17 05:45:00,1228.52
2026-03-17 06:00:00,1221.86
2026-03-17 06:15:00,1192.875
2026-03-17 06:30:00,1191.014
2026-03-17 06:45:00,1234.151
2026-03-17 07:00:00,1230.019
2026-03-17 07:15:00,1264.801
2026-03-17 07:30:00,1259.371
2026-03-17 07:45:00,1228.088
2026-03-17 08:00:00,1165.809
2026-03-17 08:15:00,1139.223
2026-03-17 08:30:00,1156.074
2026-03-17 08:45:00,1156.45
2026-03-17 09:00:00,1065.131
2026-03-17 09:15:00,989.409
2026-03-17 09:30:00,917.966
2026-03-17 09:45:00,898.233
2026-03-17 10:00:00,696.019
2026-03-17 10:15:00,686.482
2026-03-17 10:30:00,613.42
2026-03-17 10:45:00,615.548
2026-03-17 11:00:00,622.036
2026-03-17 11:15:00,595.983
2026-03-17 11:30:00,554.281
2026-03-17 11:45:00,346.339
2026-03-17 12:00:00,463.656
2026-03-17 12:15:00,378.139
2026-03-17 12:30:00,496.695
2026-03-17 12:45:00,565.03
2026-03-17 13:00:00,606.407
2026-03-17 13:15:00,590.828
2026-03-17 13:30:00,642.355
2026-03-17 13:45:00,618.753
2026-03-17 14:00:00,780.231
2026-03-17 14:15:00,718.746
2026-03-17 14:30:00,757.972
2026-03-17 14:45:00,774.528
2026-03-17 15:00:00,886.762
2026-03-17 15:15:00,903.13
2026-03-17 15:30:00,996.61
2026-03-17 15:45:00,1005.716
2026-03-17 16:00:00,957.492
2026-03-17 16:15:00,963.534
2026-03-17 16:30:00,951.499
2026-03-17 16:45:00,964.048
2026-03-17 17:00:00,1038.582
2026-03-17 17:15:00,1124.775
2026-03-17 17:30:00,1125.036
2026-03-17 17:45:00,1085.295
2026-03-17 18:00:00,1027.939
2026-03-17 18:15:00,1090.355
2026-03-17 18:30:00,1111.57
2026-03-17 18:45:00,1234.645
2026-03-17 19:00:00,1173.328
2026-03-17 19:15:00,1173.965
2026-03-17 19:30:00,1153.055
2026-03-17 19:45:00,1119.586
2026-03-17 20:00:00,1030.244
2026-03-17 20:15:00,1066.796
2026-03-17 20:30:00,1177.955
2026-03-17 20:45:00,1223.49
2026-03-17 21:00:00,1199.57
2026-03-17 21:15:00,1140.0
2026-03-17 21:30:00,1166.545
2026-03-17 21:45:00,1189.078
2026-03-17 22:00:00,1205.71
2026-03-17 22:15:00,1207.71
2026-03-17 22:30:00,1211.948
2026-03-17 22:45:00,1217.005
2026-03-17 23:00:00,1213.33
2026-03-17 23:15:00,1214.55
2026-03-17 23:30:00,1201.695
2026-03-17 23:45:00,1072.644
2026-03-18 00:00:00,1166.26
2026-03-18 00:15:00,1163.426
2026-03-18 00:30:00,1115.289
2026-03-18 00:45:00,1141.243
2026-03-18 01:00:00,1118.123
2026-03-18 01:15:00,1121.988
2026-03-18 01:30:00,1100.308
2026-03-18 01:45:00,1113.2
2026-03-18 02:00:00,1090.85
2026-03-18 02:15:00,1092.17
2026-03-18 02:30:00,1099.873
2026-03-18 02:45:00,1101.635
2026-03-18 03:00:00,1090.028
2026-03-18 03:15:00,1087.805
2026-03-18 03:30:00,1091.645
2026-03-18 03:45:00,1085.32
2026-03-18 04:00:00,1100.968
2026-03-18 04:15:00,1108.86
2026-03-18 04:30:00,1098.33
2026-03-18 04:45:00,1130.535
2026-03-18 05:00:00,1146.21
2026-03-18 05:15:00,1147.81
2026-03-18 05:30:00,1136.3
2026-03-18 05:45:00,1146.263
2026-03-18 06:00:00,1138.163
2026-03-18 06:15:00,1142.435
2026-03-18 06:30:00,1148.676
2026-03-18 06:45:00,992.527
2026-03-18 07:00:00,1155.1
2026-03-18 07:15:00,1137.95
2026-03-18 07:30:00,1131.658
2026-03-18 07:45:00,1131.428
2026-03-18 08:00:00,1109.543
2026-03-18 08:15:00,1145.483
2026-03-18 08:30:00,1162.998
2026-03-18 08:45:00,1160.99
2026-03-18 09:00:00,1148.443
2026-03-18 09:15:00,1148.588
2026-03-18 09:30:00,1151.315
2026-03-18 09:45:00,1175.16
2026-03-18 10:00:00,1180.803
2026-03-18 10:15:00,1184.255
2026-03-18 10:30:00,1172.796
2026-03-18 10:45:00,1164.855
2026-03-18 11:00:00,1150.198
2026-03-18 11:15:00,1156.92
2026-03-18 11:30:00,1010.369
2026-03-18 11:45:00,927.961
2026-03-18 12:00:00,1162.058
2026-03-18 12:15:00,1074.209
2026-03-18 12:30:00,973.551
2026-03-18 12:45:00,921.248
2026-03-18 13:00:00,948.489
2026-03-18 13:15:00,1055.859
2026-03-18 13:30:00,938.32
2026-03-18 13:45:00,708.605
2026-03-18 14:00:00,613.595
2026-03-18 14:15:00,407.804
2026-03-18 14:30:00,452.613
2026-03-18 14:45:00,438.64
2026-03-18 15:00:00,513.041
2026-03-18 15:15:00,578.59
2026-03-18 15:30:00,585.299
2026-03-18 15:45:00,617.028
2026-03-18 16:00:00,760.646
2026-03-18 16:15:00,782.412
2026-03-18 16:30:00,759.504
2026-03-18 16:45:00,734.005
2026-03-18 17:00:00,745.565
2026-03-18 17:15:00,743.318
2026-03-18 17:30:00,737.308
2026-03-18 17:45:00,728.563
2026-03-18 18:00:00,723.845
2026-03-18 18:15:00,709.453
2026-03-18 18:30:00,703.333
2026-03-18 18:45:00,692.96
2026-03-18 19:00:00,696.793
2026-03-18 19:15:00,679.133
2026-03-18 19:30:00,700.973
2026-03-18 19:45:00,699.025
2026-03-18 20:00:00,728.81
2026-03-18 20:15:00,749.27
2026-03-18 20:30:00,766.255
2026-03-18 20:45:00,771.523
2026-03-18 21:00:00,781.843
2026-03-18 21:15:00,796.94
2026-03-18 21:30:00,812.063
2026-03-18 21:45:00,818.443
2026-03-18 22:00:00,793.765
2026-03-18 22:15:00,779.19
2026-03-18 22:30:00,802.978
2026-03-18 22:45:00,783.858
2026-03-18 23:00:00,795.695
2026-03-18 23:15:00,803.95
2026-03-18 23:30:00,805.59
2026-03-18 23:45:00,766.358
2026-03-19 00:00:00,742.823
2026-03-19 00:15:00,740.4
2026-03-19 00:30:00,767.28
2026-03-19 00:45:00,745.705
2026-03-19 01:00:00,751.988
2026-03-19 01:15:00,737.128
2026-03-19 01:30:00,723.29
2026-03-19 01:45:00,697.595
2026-03-19 02:00:00,695.52
2026-03-19 02:15:00,709.54
2026-03-19 02:30:00,690.113
2026-03-19 02:45:00,646.59
2026-03-19 03:00:00,629.898
2026-03-19 03:15:00,609.625
2026-03-19 03:30:00,597.345
2026-03-19 03:45:00,573.615
2026-03-19 04:00:00,546.555
2026-03-19 04:15:00,499.905
2026-03-19 04:30:00,483.408
2026-03-19 04:45:00,492.71
2026-03-19 05:00:00,496.073
2026-03-19 05:15:00,481.09
2026-03-19 05:30:00,476.988
2026-03-19 05:45:00,507.74
2026-03-19 06:00:00,497.283
2026-03-19 06:15:00,530.473
2026-03-19 06:30:00,562.76
2026-03-19 06:45:00,584.806
2026-03-19 07:00:00,595.508
2026-03-19 07:15:00,616.753
2026-03-19 07:30:00,616.148
2026-03-19 07:45:00,600.245
2026-03-19 08:00:00,587.578
2026-03-19 08:15:00,576.288
2026-03-19 08:30:00,547.333
2026-03-19 08:45:00,511.265
2026-03-19 09:00:00,511.82
2026-03-19 09:15:00,516.58
2026-03-19 09:30:00,500.53
2026-03-19 09:45:00,483.63
2026-03-19 10:00:00,471.645
2026-03-19 10:15:00,460.208
2026-03-19 10:30:00,445.243
2026-03-19 10:45:00,440.143
2026-03-19 11:00:00,437.625
2026-03-19 11:15:00,449.845
2026-03-19 11:30:00,441.073
2026-03-19 11:45:00,425.373
2026-03-19 12:00:00,421.908
2026-03-19 12:15:00,432.033
2026-03-19 12:30:00,398.898
2026-03-19 12:45:00,379.365
2026-03-19 13:00:00,408.723
2026-03-19 13:15:00,429.683
2026-03-19 13:30:00,449.35
2026-03-19 13:45:00,459.61
2026-03-19 14:00:00,445.628
2026-03-19 14:15:00,438.508
2026-03-19 14:30:00,446.035
2026-03-19 14:45:00,431.47
2026-03-19 15:00:00,434.575
2026-03-19 15:15:00,450.695
2026-03-19 15:30:00,484.008
2026-03-19 15:45:00,477.903
2026-03-19 16:00:00,467.14
2026-03-19 16:15:00,481.643
2026-03-19 16:30:00,484.53
2026-03-19 16:45:00,476.31
2026-03-19 17:00:00,481.96
2026-03-19 17:15:00,490.06
2026-03-19 17:30:00,506.123
2026-03-19 17:45:00,528.903
2026-03-19 18:00:00,544.663
2026-03-19 18:15:00,558.625
2026-03-19 18:30:00,578.998
2026-03-19 18:45:00,610.005
2026-03-19 19:00:00,623.563
2026-03-19 19:15:00,638.245
2026-03-19 19:30:00,668.913
2026-03-19 19:45:00,674.965
2026-03-19 20:00:00,697.173
2026-03-19 20:15:00,689.008
2026-03-19 20:30:00,715.58
2026-03-19 20:45:00,726.153
2026-03-19 21:00:00,722.463
2026-03-19 21:15:00,727.468
2026-03-19 21:30:00,732.918
2026-03-19 21:45:00,729.888
2026-03-19 22:00:00,732.445
2026-03-19 22:15:00,731.33
2026-03-19 22:30:00,728.325
2026-03-19 22:45:00,739.003
2026-03-19 23:00:00,732.56
2026-03-19 23:15:00,713.365
2026-03-19 23:30:00,717.118
2026-03-19 23:45:00,728.165
2026-03-20 00:00:00,746.34
2026-03-20 00:15:00,743.423
2026-03-20 00:30:00,752.388
2026-03-20 00:45:00,744.423
2026-03-20 01:00:00,744.293
2026-03-20 01:15:00,734.043
2026-03-20 01:30:00,759.118
2026-03-20 01:45:00,756.375
2026-03-20 02:00:00,744.328
2026-03-20 02:15:00,732.808
2026-03-20 02:30:00,731.885
2026-03-20 02:45:00,755.348
2026-03-20 03:00:00,661.513
2026-03-20 03:15:00,669.805
2026-03-20 03:30:00,709.24
2026-03-20 03:45:00,772.39
2026-03-20 04:00:00,750.153
2026-03-20 04:15:00,736.308
2026-03-20 04:30:00,734.017
2026-03-20 04:45:00,769.815
2026-03-20 05:00:00,787.298
2026-03-20 05:15:00,753.38
2026-03-20 05:30:00,734.995
2026-03-20 05:45:00,724.94
2026-03-20 06:00:00,786.75
2026-03-20 06:15:00,767.998
2026-03-20 06:30:00,746.64
2026-03-20 06:45:00,739.543
2026-03-20 07:00:00,764.935
2026-03-20 07:15:00,737.203
2026-03-20 07:30:00,706.773
2026-03-20 07:45:00,722.608
2026-03-20 08:00:00,721.705
2026-03-20 08:15:00,713.04
2026-03-20 08:30:00,695.993
2026-03-20 08:45:00,760.043
2026-03-20 09:00:00,744.84
2026-03-20 09:15:00,753.785
2026-03-20 09:30:00,779.1
2026-03-20 09:45:00,783.198
2026-03-20 10:00:00,765.87
2026-03-20 10:15:00,755.225
2026-03-20 10:30:00,761.178
2026-03-20 10:45:00,750.44
2026-03-20 11:00:00,747.293
2026-03-20 11:15:00,753.593
2026-03-20 11:30:00,764.585
2026-03-20 11:45:00,753.418
2026-03-20 12:00:00,756.088
2026-03-20 12:15:00,734.73
2026-03-20 12:30:00,712.278
2026-03-20 12:45:00,728.065
2026-03-20 13:00:00,735.738
2026-03-20 13:15:00,750.303
2026-03-20 13:30:00,765.14
2026-03-20 13:45:00,786.99
2026-03-20 14:00:00,760.5
2026-03-20 14:15:00,761.313
2026-03-20 14:30:00,759.285
2026-03-20 14:45:00,743.08
2026-03-20 15:00:00,739.988
2026-03-20 15:15:00,769.365
2026-03-20 15:30:00,763.955
2026-03-20 15:45:00,743.035
2026-03-20 16:00:00,743.838
2026-03-20 16:15:00,697.619
2026-03-20 16:30:00,771.893
2026-03-20 16:45:00,784.993
2026-03-20 17:00:00,806.208
2026-03-20 17:15:00,769.885
2026-03-20 17:30:00,817.943
2026-03-20 17:45:00,805.22
2026-03-20 18:00:00,799.598
2026-03-20 18:15:00,795.355
2026-03-20 18:30:00,773.16
2026-03-20 18:45:00,749.825
2026-03-20 19:00:00,735.253
2026-03-20 19:15:00,710.688
2026-03-20 19:30:00,721.295
2026-03-20 19:45:00,721.43
2026-03-20 20:00:00,712.893
2026-03-20 20:15:00,717.155
2026-03-20 20:30:00,709.51
2026-03-20 20:45:00,694.273
2026-03-20 21:00:00,660.395
2026-03-20 21:15:00,647.538
2026-03-20 21:30:00,600.478
2026-03-20 21:45:00,579.668
2026-03-20 22:00:00,550.26
2026-03-20 22:15:00,543.885
2026-03-20 22:30:00,532.128
2026-03-20 22:45:00,528.068
2026-03-20 23:00:00,508.568
2026-03-20 23:15:00,481.47
2026-03-20 23:30:00,469.898
2026-03-20 23:45:00,441.578
2026-03-21 00:00:00,416.365
2026-03-21 00:15:00,406.238
2026-03-21 00:30:00,398.388
2026-03-21 00:45:00,336.306
2026-03-21 01:00:00,358.649
2026-03-21 01:15:00,376.0
2026-03-21 01:30:00,364.855
2026-03-21 01:45:00,365.195
2026-03-21 02:00:00,320.608
2026-03-21 02:15:00,305.233
2026-03-21 02:30:00,303.355
2026-03-21 02:45:00,288.31
2026-03-21 03:00:00,293.545
2026-03-21 03:15:00,306.385
2026-03-21 03:30:00,323.623
2026-03-21 03:45:00,339.673
2026-03-21 04:00:00,342.59
2026-03-21 04:15:00,332.928
2026-03-21 04:30:00,310.375
2026-03-21 04:45:00,314.733
2026-03-21 05:00:00,331.533
2026-03-21 05:15:00,347.64
2026-03-21 05:30:00,343.175
2026-03-21 05:45:00,344.2
2026-03-21 06:00:00,344.155
2026-03-21 06:15:00,365.59
2026-03-21 06:30:00,356.71
2026-03-21 06:45:00,344.055
2026-03-21 07:00:00,348.59
2026-03-21 07:15:00,336.303
2026-03-21 07:30:00,350.55
2026-03-21 07:45:00,344.328
2026-03-21 08:00:00,298.928
2026-03-21 08:15:00,297.478
2026-03-21 08:30:00,279.783
2026-03-21 08:45:00,274.065
2026-03-21 09:00:00,284.47
2026-03-21 09:15:00,280.303
2026-03-21 09:30:00,274.288
2026-03-21 09:45:00,291.74
2026-03-21 10:00:00,290.303
2026-03-21 10:15:00,279.07
2026-03-21 10:30:00,305.88
2026-03-21 10:45:00,296.933
2026-03-21 11:00:00,290.743
2026-03-21 11:15:00,292.078
2026-03-21 11:30:00,277.368
2026-03-21 11:45:00,285.533
2026-03-21 12:00:00,281.158
2026-03-21 12:15:00,280.363
2026-03-21 12:30:00,279.008
2026-03-21 12:45:00,287.23
2026-03-21 13:00:00,304.165
2026-03-21 13:15:00,302.325
2026-03-21 13:30:00,323.253
2026-03-21 13:45:00,327.35
2026-03-21 14:00:00,343.795
2026-03-21 14:15:00,352.928
2026-03-21 14:30:00,360.54
2026-03-21 14:45:00,380.188
2026-03-21 15:00:00,394.563
2026-03-21 15:15:00,422.375
2026-03-21 15:30:00,441.465
2026-03-21 15:45:00,447.608
2026-03-21 16:00:00,469.553
2026-03-21 16:15:00,496.658
2026-03-21 16:30:00,510.468
2026-03-21 16:45:00,522.123
2026-03-21 17:00:00,549.005
2026-03-21 17:15:00,576.148
2026-03-21 17:30:00,591.663
2026-03-21 17:45:00,621.675
2026-03-21 18:00:00,641.888
2026-03-21 18:15:00,668.683
2026-03-21 18:30:00,695.645
2026-03-21 18:45:00,718.68
2026-03-21 19:00:00,740.465
2026-03-21 19:15:00,767.49
2026-03-21 19:30:00,805.048
2026-03-21 19:45:00,846.153
2026-03-21 20:00:00,821.537
2026-03-21 20:15:00,895.353
2026-03-21 20:30:00,925.625
2026-03-21 20:45:00,926.695
2026-03-21 21:00:00,933.628
2026-03-21 21:15:00,907.898
2026-03-21 21:30:00,905.828
2026-03-21 21:45:00,891.468
2026-03-21 22:00:00,883.58
2026-03-21 22:15:00,900.723
2026-03-21 22:30:00,900.538
2026-03-21 22:45:00,909.838
2026-03-21 23:00:00,916.653
2026-03-21 23:15:00,929.79
2026-03-21 23:30:00,939.368
2026-03-21 23:45:00,951.643
2026-03-22 00:00:00,947.343
2026-03-22 00:15:00,972.018
2026-03-22 00:30:00,985.108
2026-03-22 00:45:00,973.133
2026-03-22 01:00:00,957.863
2026-03-22 01:15:00,983.105
2026-03-22 01:30:00,996.4
2026-03-22 01:45:00,999.243
2026-03-22 02:00:00,1029.503
2026-03-22 02:15:00,1028.365
2026-03-22 02:30:00,1014.088
2026-03-22 02:45:00,986.825
2026-03-22 03:00:00,965.058
2026-03-22 03:15:00,971.255
2026-03-22 03:30:00,959.885
2026-03-22 03:45:00,885.807
2026-03-22 04:00:00,967.546
2026-03-22 04:15:00,994.225
2026-03-22 04:30:00,969.067
2026-03-22 04:45:00,975.544
2026-03-22 05:00:00,981.743
2026-03-22 05:15:00,988.296
2026-03-22 05:30:00,1002.058
2026-03-22 05:45:00,923.544
2026-03-22 06:00:00,926.104
2026-03-22 06:15:00,845.38
2026-03-22 06:30:00,806.663
2026-03-22 06:45:00,741.131
2026-03-22 07:00:00,733.805
2026-03-22 07:15:00,739.979
2026-03-22 07:30:00,736.852
2026-03-22 07:45:00,807.982
2026-03-22 08:00:00,778.199
2026-03-22 08:15:00,903.522
2026-03-22 08:30:00,925.389
2026-03-22 08:45:00,918.248
2026-03-22 09:00:00,894.915
2026-03-22 09:15:00,896.653
2026-03-22 09:30:00,884.108
2026-03-22 09:45:00,889.693
2026-03-22 10:00:00,912.193
2026-03-22 10:15:00,885.26
2026-03-22 10:30:00,865.095
2026-03-22 10:45:00,840.283
2026-03-22 11:00:00,818.72
2026-03-22 11:15:00,792.383
2026-03-22 11:30:00,783.868
2026-03-22 11:45:00,770.938
2026-03-22 12:00:00,766.54
2026-03-22 12:15:00,749.928
2026-03-22 12:30:00,726.58
2026-03-22 12:45:00,705.618
2026-03-22 13:00:00,681.045
2026-03-22 13:15:00,674.603
2026-03-22 13:30:00,664.928
2026-03-22 13:45:00,657.3
2026-03-22 14:00:00,628.313
2026-03-22 14:15:00,608.775
2026-03-22 14:30:00,596.83
2026-03-22 14:45:00,585.47
2026-03-22 15:00:00,584.55
2026-03-22 15:15:00,573.155
2026-03-22 15:30:00,540.558
2026-03-22 15:45:00,517.938
2026-03-22 16:00:00,505.81
2026-03-22 16:15:00,488.56
2026-03-22 16:30:00,480.35
2026-03-22 16:45:00,484.67
2026-03-22 17:00:00,479.298
2026-03-22 17:15:00,477.31
2026-03-22 17:30:00,472.158
2026-03-22 17:45:00,483.193
2026-03-22 18:00:00,474.8
2026-03-22 18:15:00,468.975
2026-03-22 18:30:00,493.965
2026-03-22 18:45:00,511.85
2026-03-22 19:00:00,516.01
2026-03-22 19:15:00,531.52
2026-03-22 19:30:00,550.785
2026-03-22 19:45:00,583.368
2026-03-22 20:00:00,577.095
2026-03-22 20:15:00,581.093
2026-03-22 20:30:00,583.608
2026-03-22 20:45:00,602.768
2026-03-22 21:00:00,625.528
2026-03-22 21:15:00,659.9
2026-03-22 21:30:00,669.173
2026-03-22 21:45:00,685.083
2026-03-22 22:00:00,687.908
2026-03-22 22:15:00,692.078
2026-03-22 22:30:00,696.368
2026-03-22 22:45:00,702.918
2026-03-22 23:00:00,707.565
2026-03-22 23:15:00,712.67
2026-03-22 23:30:00,730.368
2026-03-22 23:45:00,752.685
2026-03-23 00:00:00,776.103
2026-03-23 00:15:00,789.528
2026-03-23 00:30:00,768.743
2026-03-23 00:45:00,779.445
2026-03-23 01:00:00,799.99
2026-03-23 01:15:00,802.828
2026-03-23 01:30:00,822.778
2026-03-23 01:45:00,826.123
2026-03-23 02:00:00,825.688
2026-03-23 02:15:00,830.42
2026-03-23 02:30:00,811.593
2026-03-23 02:45:00,835.265
2026-03-23 03:00:00,833.135
2026-03-23 03:15:00,802.228
2026-03-23 03:30:00,793.43
2026-03-23 03:45:00,777.113
2026-03-23 04:00:00,785.895
2026-03-23 04:15:00,775.77
2026-03-23 04:30:00,808.523
2026-03-23 04:45:00,826.555
2026-03-23 05:00:00,838.298
2026-03-23 05:15:00,851.005
2026-03-23 05:30:00,848.523
2026-03-23 05:45:00,850.753
2026-03-23 06:00:00,860.055
2026-03-23 06:15:00,868.788
2026-03-23 06:30:00,889.97
2026-03-23 06:45:00,856.07
2026-03-23 07:00:00,851.268
2026-03-23 07:15:00,865.033
2026-03-23 07:30:00,868.048
2026-03-23 07:45:00,855.268
2026-03-23 08:00:00,861.39
2026-03-23 08:15:00,855.39
2026-03-23 08:30:00,835.953
2026-03-23 08:45:00,838.358
2026-03-23 09:00:00,851.043
2026-03-23 09:15:00,899.083
2026-03-23 09:30:00,877.098
2026-03-23 09:45:00,874.338
2026-03-23 10:00:00,865.55
2026-03-23 10:15:00,882.073
2026-03-23 10:30:00,870.435
2026-03-23 10:45:00,872.595
2026-03-23 11:00:00,881.7
2026-03-23 11:15:00,880.808
2026-03-23 11:30:00,873.9
2026-03-23 11:45:00,858.22
2026-03-23 12:00:00,838.373
2026-03-23 12:15:00,823.735
2026-03-23 12:30:00,814.763
2026-03-23 12:45:00,798.565
2026-03-23 13:00:00,795.398
2026-03-23 13:15:00,788.15
2026-03-23 13:30:00,770.365
2026-03-23 13:45:00,752.838
2026-03-23 14:00:00,759.075
2026-03-23 14:15:00,753.543
2026-03-23 14:30:00,749.15
2026-03-23 14:45:00,733.063
2026-03-23 15:00:00,722.698
2026-03-23 15:15:00,725.3
2026-03-23 15:30:00,712.713
2026-03-23 15:45:00,688.695
2026-03-23 16:00:00,680.258
2026-03-23 16:15:00,689.533
2026-03-23 16:30:00,689.733
2026-03-23 16:45:00,694.06
2026-03-23 17:00:00,682.92
2026-03-23 17:15:00,683.215
2026-03-23 17:30:00,687.488
2026-03-23 17:45:00,685.818
2026-03-23 18:00:00,685.148
2026-03-23 18:15:00,692.848
2026-03-23 18:30:00,687.693
2026-03-23 18:45:00,687.328
2026-03-23 19:00:00,697.89
2026-03-23 19:15:00,713.768
2026-03-23 19:30:00,714.755
2026-03-23 19:45:00,720.045
2026-03-23 20:00:00,731.705
2026-03-23 20:15:00,749.39
2026-03-23 20:30:00,754.908
2026-03-23 20:45:00,766.01
2026-03-23 21:00:00,769.055
2026-03-23 21:15:00,800.563
2026-03-23 21:30:00,821.318
2026-03-23 21:45:00,854.635
2026-03-23 22:00:00,871.44
2026-03-23 22:15:00,881.408
2026-03-23 22:30:00,883.079
2026-03-23 22:45:00,877.88
2026-03-23 23:00:00,912.993
2026-03-23 23:15:00,906.475
2026-03-23 23:30:00,912.448
2026-03-23 23:45:00,923.73
2026-03-24 00:00:00,937.75
2026-03-24 00:15:00,950.113
2026-03-24 00:30:00,938.043
2026-03-24 00:45:00,905.983
2026-03-24 01:00:00,934.37
2026-03-24 01:15:00,924.798
2026-03-24 01:30:00,904.066
2026-03-24 01:45:00,856.766
2026-03-24 02:00:00,925.459
2026-03-24 02:15:00,969.657
2026-03-24 02:30:00,834.576
2026-03-24 02:45:00,990.565
2026-03-24 03:00:00,969.903
2026-03-24 03:15:00,951.34
2026-03-24 03:30:00,902.96
2026-03-24 03:45:00,903.75
2026-03-24 04:00:00,941.383
2026-03-24 04:15:00,768.874
2026-03-24 04:30:00,810.646
2026-03-24 04:45:00,814.196
2026-03-24 05:00:00,889.864
2026-03-24 05:15:00,880.837
2026-03-24 05:30:00,911.443
2026-03-24 05:45:00,838.017
2026-03-24 06:00:00,734.921
2026-03-24 06:15:00,604.143
2026-03-24 06:30:00,744.14
2026-03-24 06:45:00,922.519
2026-03-24 07:00:00,902.398
2026-03-24 07:15:00,920.02
2026-03-24 07:30:00,847.041
2026-03-24 07:45:00,846.843
2026-03-24 08:00:00,785.835
2026-03-24 08:15:00,748.463
2026-03-24 08:30:00,710.953
2026-03-24 08:45:00,677.19
2026-03-24 09:00:00,653.97
2026-03-24 09:15:00,615.86
2026-03-24 09:30:00,584.978
2026-03-24 09:45:00,547.578
2026-03-24 10:00:00,515.663
2026-03-24 10:15:00,506.01
2026-03-24 10:30:00,488.173
2026-03-24 10:45:00,469.565
2026-03-24 11:00:00,452.358
2026-03-24 11:15:00,444.008
2026-03-24 11:30:00,419.57
2026-03-24 11:45:00,420.648
2026-03-24 12:00:00,411.913
2026-03-24 12:15:00,414.575
2026-03-24 12:30:00,395.258
2026-03-24 12:45:00,375.7
2026-03-24 13:00:00,367.398
2026-03-24 13:15:00,356.1
2026-03-24 13:30:00,349.44
2026-03-24 13:45:00,339.445
2026-03-24 14:00:00,339.84
2026-03-24 14:15:00,327.44
2026-03-24 14:30:00,328.38
2026-03-24 14:45:00,325.345
2026-03-24 15:00:00,312.42
2026-03-24 15:15:00,328.638
2026-03-24 15:30:00,344.83
2026-03-24 15:45:00,340.605
2026-03-24 16:00:00,336.31
2026-03-24 16:15:00,348.915
2026-03-24 16:30:00,364.49
2026-03-24 16:45:00,378.168
2026-03-24 17:00:00,392.058
2026-03-24 17:15:00,400.15
2026-03-24 17:30:00,391.148
2026-03-24 17:45:00,398.815
2026-03-24 18:00:00,417.303
2026-03-24 18:15:00,449.438
2026-03-24 18:30:00,474.213
2026-03-24 18:45:00,492.165
2026-03-24 19:00:00,504.31
2026-03-24 19:15:00,513.348
2026-03-24 19:30:00,529.468
2026-03-24 19:45:00,547.568
2026-03-24 20:00:00,551.84
2026-03-24 20:15:00,561.213
2026-03-24 20:30:00,558.203
2026-03-24 20:45:00,542.155
2026-03-24 21:00:00,543.718
2026-03-24 21:15:00,536.14
2026-03-24 21:30:00,534.468
2026-03-24 21:45:00,539.52
2026-03-24 22:00:00,526.503
2026-03-24 22:15:00,527.143
2026-03-24 22:30:00,484.193
2026-03-24 22:45:00,487.945
2026-03-24 23:00:00,517.143
2026-03-24 23:15:00,510.108
2026-03-24 23:30:00,508.078
2026-03-24 23:45:00,492.295
2026-03-25 00:00:00,470.175
2026-03-25 00:15:00,472.858
2026-03-25 00:30:00,484.083
2026-03-25 00:45:00,495.258
2026-03-25 01:00:00,490.73
2026-03-25 01:15:00,477.748
2026-03-25 01:30:00,447.358
2026-03-25 01:45:00,436.925
2026-03-25 02:00:00,438.705
2026-03-25 02:15:00,418.06
2026-03-25 02:30:00,393.453
2026-03-25 02:45:00,384.83
2026-03-25 03:00:00,381.17
2026-03-25 03:15:00,339.868
2026-03-25 03:30:00,328.878
2026-03-25 03:45:00,334.523
2026-03-25 04:00:00,339.738
2026-03-25 04:15:00,351.468
2026-03-25 04:30:00,344.719
2026-03-25 04:45:00,271.924
2026-03-25 05:00:00,271.391
2026-03-25 05:15:00,362.813
2026-03-25 05:30:00,330.185
2026-03-25 05:45:00,316.21
2026-03-25 06:00:00,313.775
2026-03-25 06:15:00,318.688
2026-03-25 06:30:00,328.935
2026-03-25 06:45:00,321.87
2026-03-25 07:00:00,309.0
2026-03-25 07:15:00,299.768
2026-03-25 07:30:00,290.61
2026-03-25 07:45:00,283.855
2026-03-25 08:00:00,196.472
2026-03-25 08:15:00,225.088
2026-03-25 08:30:00,242.668
2026-03-25 08:45:00,248.952
2026-03-25 09:00:00,206.954
2026-03-25 09:15:00,200.826
2026-03-25 09:30:00,161.476
2026-03-25 09:45:00,140.722
2026-03-25 10:00:00,143.267
2026-03-25 10:15:00,162.311
2026-03-25 10:30:00,215.357
2026-03-25 10:45:00,212.076
2026-03-25 11:00:00,234.68
2026-03-25 11:15:00,244.25
2026-03-25 11:30:00,250.548
2026-03-25 11:45:00,247.805
2026-03-25 12:00:00,233.093
2026-03-25 12:15:00,238.198
2026-03-25 12:30:00,259.165
2026-03-25 12:45:00,244.66
2026-03-25 13:00:00,249.645
2026-03-25 13:15:00,262.43
2026-03-25 13:30:00,277.543
2026-03-25 13:45:00,284.064
2026-03-25 14:00:00,283.653
2026-03-25 14:15:00,284.378
2026-03-25 14:30:00,304.828
2026-03-25 14:45:00,305.075
2026-03-25 15:00:00,305.77
2026-03-25 15:15:00,319.128
2026-03-25 15:30:00,328.408
2026-03-25 15:45:00,328.725
2026-03-25 16:00:00,339.72
2026-03-25 16:15:00,355.265
2026-03-25 16:30:00,363.568
2026-03-25 16:45:00,376.338
2026-03-25 17:00:00,408.158
2026-03-25 17:15:00,437.633
2026-03-25 17:30:00,456.17
2026-03-25 17:45:00,486.21
2026-03-25 18:00:00,528.23
2026-03-25 18:15:00,569.103
2026-03-25 18:30:00,591.96
2026-03-25 18:45:00,542.858
2026-03-25 19:00:00,465.79
2026-03-25 19:15:00,552.339
2026-03-25 19:30:00,577.918
2026-03-25 19:45:00,614.844
2026-03-25 20:00:00,619.803
2026-03-25 20:15:00,667.689
2026-03-25 20:30:00,724.475
2026-03-25 20:45:00,824.086
2026-03-25 21:00:00,914.2
2026-03-25 21:15:00,925.44
2026-03-25 21:30:00,917.658
2026-03-25 21:45:00,924.428
2026-03-25 22:00:00,965.03
2026-03-25 22:15:00,998.543
2026-03-25 22:30:00,1021.28
2026-03-25 22:45:00,1028.263
2026-03-25 23:00:00,1028.035
2026-03-25 23:15:00,1010.735
2026-03-25 23:30:00,794.363
2026-03-25 23:45:00,898.459
2026-03-26 00:00:00,1084.283
2026-03-26 00:15:00,1062.538
2026-03-26 00:30:00,1009.352
2026-03-26 00:45:00,950.978
2026-03-26 01:00:00,924.505
2026-03-26 01:15:00,982.795
2026-03-26 01:30:00,1030.225
2026-03-26 01:45:00,1058.814
2026-03-26 02:00:00,1068.33
2026-03-26 02:15:00,1081.079
2026-03-26 02:30:00,1110.259
2026-03-26 02:45:00,1073.772
2026-03-26 03:00:00,1116.821
2026-03-26 03:15:00,1151.765
2026-03-26 03:30:00,1202.673
2026-03-26 03:45:00,1212.427
2026-03-26 04:00:00,1235.671
2026-03-26 04:15:00,1209.271
2026-03-26 04:30:00,1259.422
2026-03-26 04:45:00,1262.473
2026-03-26 05:00:00,1265.59
2026-03-26 05:15:00,1235.973
2026-03-26 05:30:00,1191.571
2026-03-26 05:45:00,1160.223
2026-03-26 06:00:00,1160.5
2026-03-26 06:15:00,1174.115
2026-03-26 06:30:00,1151.488
2026-03-26 06:45:00,1122.52
2026-03-26 07:00:00,1107.91
2026-03-26 07:15:00,1075.7
2026-03-26 07:30:00,1027.978
2026-03-26 07:45:00,1001.173
2026-03-26 08:00:00,953.728
2026-03-26 08:15:00,954.663
2026-03-26 08:30:00,921.405
2026-03-26 08:45:00,892.98
2026-03-26 09:00:00,866.555
2026-03-26 09:15:00,827.19
2026-03-26 09:30:00,795.003
2026-03-26 09:45:00,761.473
2026-03-26 10:00:00,727.223
2026-03-26 10:15:00,711.058
2026-03-26 10:30:00,692.278
2026-03-26 10:45:00,668.52
2026-03-26 11:00:00,677.708
2026-03-26 11:15:00,659.755
2026-03-26 11:30:00,661.828
2026-03-26 11:45:00,654.063
2026-03-26 12:00:00,647.285
2026-03-26 12:15:00,623.88
2026-03-26 12:30:00,599.025
2026-03-26 12:45:00,589.42
2026-03-26 13:00:00,557.543
2026-03-26 13:15:00,531.063
2026-03-26 13:30:00,510.518
2026-03-26 13:45:00,483.725
2026-03-26 14:00:00,464.748
2026-03-26 14:15:00,432.965
2026-03-26 14:30:00,438.365
2026-03-26 14:45:00,428.82
2026-03-26 15:00:00,417.955
2026-03-26 15:15:00,402.693
2026-03-26 15:30:00,397.733
2026-03-26 15:45:00,415.41
2026-03-26 16:00:00,399.235
2026-03-26 16:15:00,384.375
2026-03-26 16:30:00,382.27
2026-03-26 16:45:00,382.635
2026-03-26 17:00:00,393.708
2026-03-26 17:15:00,408.395
2026-03-26 17:30:00,419.648
2026-03-26 17:45:00,446.673
2026-03-26 18:00:00,458.71
2026-03-26 18:15:00,465.115
2026-03-26 18:30:00,473.973
2026-03-26 18:45:00,460.25
2026-03-26 19:00:00,446.058
2026-03-26 19:15:00,439.623
2026-03-26 19:30:00,429.893
2026-03-26 19:45:00,416.58
2026-03-26 20:00:00,413.123
2026-03-26 20:15:00,403.103
2026-03-26 20:30:00,403.925
2026-03-26 20:45:00,402.69
2026-03-26 21:00:00,396.623
2026-03-26 21:15:00,392.49
2026-03-26 21:30:00,381.708
2026-03-26 21:45:00,410.595
2026-03-26 22:00:00,439.53
2026-03-26 22:15:00,449.218
2026-03-26 22:30:00,481.957
2026-03-26 22:45:00,383.59
2026-03-26 23:00:00,503.362
2026-03-26 23:15:00,585.218
2026-03-26 23:30:00,605.375
2026-03-26 23:45:00,566.283
2026-03-27 00:00:00,559.933
2026-03-27 00:15:00,579.915
2026-03-27 00:30:00,533.963
2026-03-27 00:45:00,464.125
2026-03-27 01:00:00,462.899
2026-03-27 01:15:00,477.667
2026-03-27 01:30:00,575.644
2026-03-27 01:45:00,610.85
2026-03-27 02:00:00,608.328
2026-03-27 02:15:00,626.005
2026-03-27 02:30:00,609.814
2026-03-27 02:45:00,600.06
2026-03-27 03:00:00,648.001
2026-03-27 03:15:00,634.603
2026-03-27 03:30:00,588.436
2026-03-27 03:45:00,540.998
2026-03-27 04:00:00,527.167
2026-03-27 04:15:00,513.584
2026-03-27 04:30:00,546.41
2026-03-27 04:45:00,549.593
2026-03-27 05:00:00,515.909
2026-03-27 05:15:00,491.116
2026-03-27 05:30:00,528.539
2026-03-27 05:45:00,470.375
2026-03-27 06:00:00,481.08
2026-03-27 06:15:00,586.162
2026-03-27 06:30:00,566.44
2026-03-27 06:45:00,586.081
2026-03-27 07:00:00,640.076
2026-03-27 07:15:00,703.185
2026-03-27 07:30:00,599.32
2026-03-27 07:45:00,545.776
2026-03-27 08:00:00,561.295
2026-03-27 08:15:00,523.487
2026-03-27 08:30:00,532.413
2026-03-27 08:45:00,400.392
2026-03-27 09:00:00,345.328
2026-03-27 09:15:00,278.716
2026-03-27 09:30:00,226.474
2026-03-27 09:45:00,246.614
2026-03-27 10:00:00,357.445
2026-03-27 10:15:00,504.125
2026-03-27 10:30:00,483.452
2026-03-27 10:45:00,456.97
2026-03-27 11:00:00,460.42
2026-03-27 11:15:00,456.205
2026-03-27 11:30:00,446.488
2026-03-27 11:45:00,455.206
2026-03-27 12:00:00,444.617
2026-03-27 12:15:00,434.282
2026-03-27 12:30:00,435.734
2026-03-27 12:45:00,457.137
2026-03-27 13:00:00,480.793
2026-03-27 13:15:00,471.723
2026-03-27 13:30:00,485.956
2026-03-27 13:45:00,487.907
2026-03-27 14:00:00,499.147
2026-03-27 14:15:00,483.781
2026-03-27 14:30:00,533.823
2026-03-27 14:45:00,545.63
2026-03-27 15:00:00,570.423
2026-03-27 15:15:00,506.085
2026-03-27 15:30:00,533.665
2026-03-27 15:45:00,407.773
2026-03-27 16:00:00,520.515
2026-03-27 16:15:00,503.005
2026-03-27 16:30:00,513.025
2026-03-27 16:45:00,506.413
2026-03-27 17:00:00,531.208
2026-03-27 17:15:00,575.72
2026-03-27 17:30:00,643.08
2026-03-27 17:45:00,637.819
2026-03-27 18:00:00,644.158
2026-03-27 18:15:00,577.958
2026-03-27 18:30:00,621.642
2026-03-27 18:45:00,615.283
2026-03-27 19:00:00,539.521
2026-03-27 19:15:00,545.418
2026-03-27 19:30:00,595.94
2026-03-27 19:45:00,486.556
2026-03-27 20:00:00,413.946
2026-03-27 20:15:00,396.712
2026-03-27 20:30:00,377.047
2026-03-27 20:45:00,312.098
2026-03-27 21:00:00,241.251
2026-03-27 21:15:00,218.224
2026-03-27 21:30:00,200.584
2026-03-27 21:45:00,306.05
2026-03-27 22:00:00,412.285
2026-03-27 22:15:00,549.408
2026-03-27 22:30:00,522.01
2026-03-27 22:45:00,458.585
2026-03-27 23:00:00,513.95
2026-03-27 23:15:00,521.67
2026-03-27 23:30:00,546.775
2026-03-27 23:45:00,530.463
2026-03-28 00:00:00,507.018
2026-03-28 00:15:00,524.818
2026-03-28 00:30:00,436.437
2026-03-28 00:45:00,355.641
2026-03-28 01:00:00,345.164
2026-03-28 01:15:00,344.099
2026-03-28 01:30:00,360.674
2026-03-28 01:45:00,460.058
2026-03-28 02:00:00,500.715
2026-03-28 02:15:00,500.81
2026-03-28 02:30:00,510.263
2026-03-28 02:45:00,499.383
2026-03-28 03:00:00,467.53
2026-03-28 03:15:00,466.25
2026-03-28 03:30:00,472.728
2026-03-28 03:45:00,497.025
2026-03-28 04:00:00,504.38
2026-03-28 04:15:00,475.508
2026-03-28 04:30:00,468.118
2026-03-28 04:45:00,458.165
2026-03-28 05:00:00,432.595
2026-03-28 05:15:00,396.319
2026-03-28 05:30:00,405.935
2026-03-28 05:45:00,370.643
2026-03-28 06:00:00,317.545
2026-03-28 06:15:00,338.116
2026-03-28 06:30:00,367.498
2026-03-28 06:45:00,395.649
2026-03-28 07:00:00,386.97
2026-03-28 07:15:00,388.163
2026-03-28 07:30:00,393.283
2026-03-28 07:45:00,368.788
2026-03-28 08:00:00,384.863
2026-03-28 08:15:00,399.46
2026-03-28 08:30:00,393.385
2026-03-28 08:45:00,379.33
2026-03-28 09:00:00,382.173
2026-03-28 09:15:00,361.17
2026-03-28 09:30:00,347.58
2026-03-28 09:45:00,385.615
2026-03-28 10:00:00,372.965
2026-03-28 10:15:00,327.682
2026-03-28 10:30:00,342.025
2026-03-28 10:45:00,333.473
2026-03-28 11:00:00,311.193
2026-03-28 11:15:00,293.973
2026-03-28 11:30:00,285.593
2026-03-28 11:45:00,261.841
2026-03-28 12:00:00,221.901
2026-03-28 12:15:00,174.87
2026-03-28 12:30:00,192.413
2026-03-28 12:45:00,175.66
2026-03-28 13:00:00,177.914
2026-03-28 13:15:00,187.573
2026-03-28 13:30:00,169.443
2026-03-28 13:45:00,160.253
2026-03-28 14:00:00,155.78
2026-03-28 14:15:00,158.818
2026-03-28 14:30:00,149.728
2026-03-28 14:45:00,147.135
2026-03-28 15:00:00,150.25
2026-03-28 15:15:00,139.518
2026-03-28 15:30:00,129.843
2026-03-28 15:45:00,130.84
2026-03-28 16:00:00,127.333
2026-03-28 16:15:00,130.488
2026-03-28 16:30:00,131.358
2026-03-28 16:45:00,137.215
2026-03-28 17:00:00,138.228
2026-03-28 17:15:00,132.533
2026-03-28 17:30:00,144.738
2026-03-28 17:45:00,156.263
2026-03-28 18:00:00,166.25
2026-03-28 18:15:00,129.956
2026-03-28 18:30:00,180.51
2026-03-28 18:45:00,185.673
2026-03-28 19:00:00,156.408
2026-03-28 19:15:00,185.522
2026-03-28 19:30:00,215.96
2026-03-28 19:45:00,212.768
2026-03-28 20:00:00,209.897
2026-03-28 20:15:00,236.348
2026-03-28 20:30:00,176.562
2026-03-28 20:45:00,224.975
2026-03-28 21:00:00,179.203
2026-03-28 21:15:00,237.92
2026-03-28 21:30:00,239.285
2026-03-28 21:45:00,235.263
2026-03-28 22:00:00,233.665
2026-03-28 22:15:00,221.673
2026-03-28 22:30:00,229.215
2026-03-28 22:45:00,234.4
2026-03-28 23:00:00,235.4
2026-03-28 23:15:00,238.233
2026-03-28 23:30:00,237.378
2026-03-28 23:45:00,238.893
2026-03-29 00:00:00,216.952
2026-03-29 00:15:00,241.538
2026-03-29 00:30:00,240.242
2026-03-29 00:45:00,242.01
2026-03-29 01:00:00,254.89
2026-03-29 01:15:00,257.993
2026-03-29 01:30:00,267.935
2026-03-29 01:45:00,282.338
2026-03-29 02:00:00,282.124
2026-03-29 02:15:00,253.201
2026-03-29 02:30:00,200.3
2026-03-29 02:45:00,129.111
2026-03-29 03:00:00,116.238
2026-03-29 03:15:00,112.491
2026-03-29 03:30:00,110.733
2026-03-29 03:45:00,110.736
2026-03-29 04:00:00,114.44
2026-03-29 04:15:00,110.894
2026-03-29 04:30:00,107.706
2026-03-29 04:45:00,99.441
2026-03-29 05:00:00,107.541
2026-03-29 05:15:00,105.753
2026-03-29 05:30:00,104.298
2026-03-29 05:45:00,102.237
2026-03-29 06:00:00,104.4
2026-03-29 06:15:00,103.304
2026-03-29 06:30:00,104.421
2026-03-29 06:45:00,105.777
2026-03-29 07:00:00,105.347
2026-03-29 07:15:00,144.69
2026-03-29 07:30:00,227.145
2026-03-29 07:45:00,101.9
2026-03-29 08:00:00,256.698
2026-03-29 08:15:00,211.617
2026-03-29 08:30:00,252.219
2026-03-29 08:45:00,278.538
2026-03-29 09:00:00,324.189
2026-03-29 09:15:00,399.935
2026-03-29 09:30:00,392.258
2026-03-29 09:45:00,441.489
2026-03-29 10:00:00,567.816
2026-03-29 10:15:00,582.624
2026-03-29 10:30:00,545.178
2026-03-29 10:45:00,527.613
2026-03-29 11:00:00,629.97
2026-03-29 11:15:00,618.264
2026-03-29 11:30:00,477.772
2026-03-29 11:45:00,379.311
2026-03-29 12:00:00,664.94
2026-03-29 12:15:00,590.065
2026-03-29 12:30:00,617.929
2026-03-29 12:45:00,579.566
2026-03-29 13:00:00,625.851
2026-03-29 13:15:00,670.062
2026-03-29 13:30:00,711.538
2026-03-29 13:45:00,592.635
2026-03-29 14:00:00,763.249
2026-03-29 14:15:00,645.55
2026-03-29 14:30:00,798.104
2026-03-29 14:45:00,881.317
2026-03-29 15:00:00,900.021
2026-03-29 15:15:00,901.36
2026-03-29 15:30:00,1045.039
2026-03-29 15:45:00,1079.266
2026-03-29 16:00:00,1156.187
2026-03-29 16:15:00,1204.71
2026-03-29 16:30:00,1244.384
2026-03-29 16:45:00,1285.638
2026-03-29 17:00:00,1342.498
2026-03-29 17:15:00,1263.666
2026-03-29 17:30:00,1203.376
2026-03-29 17:45:00,1081.391
2026-03-29 18:00:00,1028.423
2026-03-29 18:15:00,889.333
2026-03-29 18:30:00,870.462
2026-03-29 18:45:00,857.56
2026-03-29 19:00:00,889.076
2026-03-29 19:15:00,820.906
2026-03-29 19:30:00,872.056
2026-03-29 19:45:00,811.982
2026-03-29 20:00:00,935.114
2026-03-29 20:15:00,958.71
2026-03-29 20:30:00,946.536
2026-03-29 20:45:00,1026.736
2026-03-29 21:00:00,976.596
2026-03-29 21:15:00,785.464
2026-03-29 21:30:00,680.406
2026-03-29 21:45:00,793.201
2026-03-29 22:00:00,861.402
2026-03-29 22:15:00,796.666
2026-03-29 22:30:00,693.239
2026-03-29 22:45:00,495.148
2026-03-29 23:00:00,397.005
2026-03-29 23:15:00,308.084
2026-03-29 23:30:00,272.816
2026-03-29 23:45:00,292.026
2026-03-30 00:00:00,597.201
2026-03-30 00:15:00,681.309
2026-03-30 00:30:00,500.169
2026-03-30 00:45:00,498.058
2026-03-30 01:00:00,585.729
2026-03-30 01:15:00,525.265
2026-03-30 01:30:00,555.066
2026-03-30 01:45:00,514.288
2026-03-30 02:00:00,396.891
2026-03-30 02:15:00,279.875
2026-03-30 02:30:00,201.378
2026-03-30 02:45:00,176.089
2026-03-30 03:00:00,163.673
2026-03-30 03:15:00,163.758
2026-03-30 03:30:00,164.035
2026-03-30 03:45:00,164.441
2026-03-30 04:00:00,163.73
2026-03-30 04:15:00,164.11
2026-03-30 04:30:00,164.378
2026-03-30 04:45:00,164.89
2026-03-30 05:00:00,164.474
2026-03-30 05:15:00,165.136
2026-03-30 05:30:00,164.751
2026-03-30 05:45:00,164.016
2026-03-30 06:00:00,164.441
2026-03-30 06:15:00,182.133
2026-03-30 06:30:00,342.505
2026-03-30 06:45:00,343.611
2026-03-30 07:00:00,611.17
2026-03-30 07:15:00,903.052
2026-03-30 07:30:00,964.756
2026-03-30 07:45:00,681.41
2026-03-30 08:00:00,722.684
2026-03-30 08:15:00,832.411
2026-03-30 08:30:00,1037.892
2026-03-30 08:45:00,994.601
2026-03-30 09:00:00,905.729
2026-03-30 09:15:00,684.453
2026-03-30 09:30:00,734.877
2026-03-30 09:45:00,552.06
2026-03-30 10:00:00,600.237
2026-03-30 10:15:00,593.11
2026-03-30 10:30:00,621.123
2026-03-30 10:45:00,784.593
2026-03-30 11:00:00,612.244
2026-03-30 11:15:00,535.786
2026-03-30 11:30:00,462.817
2026-03-30 11:45:00,484.442
2026-03-30 12:00:00,463.781
2026-03-30 12:15:00,513.681
2026-03-30 12:30:00,507.881
2026-03-30 12:45:00,507.342
2026-03-30 13:00:00,516.329
2026-03-30 13:15:00,501.419
2026-03-30 13:30:00,483.507
2026-03-30 13:45:00,419.74
2026-03-30 14:00:00,370.986
2026-03-30 14:15:00,346.112
2026-03-30 14:30:00,286.0
2026-03-30 14:45:00,238.691
2026-03-30 15:00:00,277.535
2026-03-30 15:15:00,262.957
2026-03-30 15:30:00,375.048
2026-03-30 15:45:00,543.887
2026-03-30 16:00:00,744.267
2026-03-30 16:15:00,877.845
2026-03-30 16:30:00,752.298
2026-03-30 16:45:00,683.364
2026-03-30 17:00:00,684.995
2026-03-30 17:15:00,723.892
2026-03-30 17:30:00,705.814
2026-03-30 17:45:00,724.94
2026-03-30 18:00:00,589.31
2026-03-30 18:15:00,678.773
2026-03-30 18:30:00,770.966
2026-03-30 18:45:00,608.104
2026-03-30 19:00:00,566.031
2026-03-30 19:15:00,601.594
2026-03-30 19:30:00,667.168
2026-03-30 19:45:00,699.545
2026-03-30 20:00:00,709.625
2026-03-30 20:15:00,737.502
2026-03-30 20:30:00,806.667
2026-03-30 20:45:00,813.009
2026-03-30 21:00:00,914.467
2026-03-30 21:15:00,894.354
2026-03-30 21:30:00,926.287
2026-03-30 21:45:00,1008.919
2026-03-30 22:00:00,995.245
2026-03-30 22:15:00,901.628
2026-03-30 22:30:00,857.334
2026-03-30 22:45:00,765.548
2026-03-30 23:00:00,642.715
2026-03-30 23:15:00,442.561
2026-03-30 23:30:00,401.536
2026-03-30 23:45:00,505.559
2026-03-31 00:00:00,1019.322
2026-03-31 00:15:00,1147.678
2026-03-31 00:30:00,1057.375
2026-03-31 00:45:00,950.527
2026-03-31 01:00:00,1101.627
2026-03-31 01:15:00,1141.628
2026-03-31 01:30:00,1162.968
2026-03-31 01:45:00,1028.072
2026-03-31 02:00:00,1058.217
2026-03-31 02:15:00,993.971
2026-03-31 02:30:00,970.585
2026-03-31 02:45:00,945.453
2026-03-31 03:00:00,851.368
2026-03-31 03:15:00,826.623
2026-03-31 03:30:00,807.841
2026-03-31 03:45:00,751.107
2026-03-31 04:00:00,655.094
2026-03-31 04:15:00,628.32
2026-03-31 04:30:00,625.094
2026-03-31 04:45:00,622.112
2026-03-31 05:00:00,706.234
2026-03-31 05:15:00,737.617
2026-03-31 05:30:00,727.345
2026-03-31 05:45:00,718.636
2026-03-31 06:00:00,727.065
2026-03-31 06:15:00,701.994
2026-03-31 06:30:00,810.55
2026-03-31 06:45:00,960.269
2026-03-31 07:00:00,1154.537
2026-03-31 07:15:00,1192.542
2026-03-31 07:30:00,1231.437
2026-03-31 07:45:00,1369.067
2026-03-31 08:00:00,1445.005
2026-03-31 08:15:00,1434.36
2026-03-31 08:30:00,1446.236
2026-03-31 08:45:00,1481.75
2026-03-31 09:00:00,1436.371
2026-03-31 09:15:00,1335.781
2026-03-31 09:30:00,1303.412
2026-03-31 09:45:00,1256.178
2026-03-31 10:00:00,1218.25
2026-03-31 10:15:00,1173.862
2026-03-31 10:30:00,1156.987
2026-03-31 10:45:00,1252.38
2026-03-31 11:00:00,1218.094
2026-03-31 11:15:00,1223.919
2026-03-31 11:30:00,1098.837
2026-03-31 11:45:00,895.544
2026-03-31 12:00:00,1055.644
2026-03-31 12:15:00,986.996
2026-03-31 12:30:00,987.112
2026-03-31 12:45:00,874.712
2026-03-31 13:00:00,778.294
2026-03-31 13:15:00,641.47
2026-03-31 13:30:00,553.355
2026-03-31 13:45:00,252.861
2026-03-31 14:00:00,153.111
2026-03-31 14:15:00,150.965
2026-03-31 14:30:00,153.133
2026-03-31 14:45:00,151.934
2026-03-31 15:00:00,151.587
2026-03-31 15:15:00,151.406
2026-03-31 15:30:00,151.654
2026-03-31 15:45:00,150.793
2026-03-31 16:00:00,317.627
2026-03-31 16:15:00,270.566
2026-03-31 16:30:00,257.166
2026-03-31 16:45:00,188.646
2026-03-31 17:00:00,149.224
2026-03-31 17:15:00,152.284
2026-03-31 17:30:00,245.7
2026-03-31 17:45:00,186.123
2026-03-31 18:00:00,148.988
2026-03-31 18:15:00,184.396
2026-03-31 18:30:00,414.927
2026-03-31 18:45:00,645.963
2026-03-31 19:00:00,656.962
2026-03-31 19:15:00,370.854
2026-03-31 19:30:00,450.398
2026-03-31 19:45:00,525.049
2026-03-31 20:00:00,454.951
2026-03-31 20:15:00,365.977
2026-03-31 20:30:00,380.356
2026-03-31 20:45:00,396.251
2026-03-31 21:00:00,504.561
2026-03-31 21:15:00,664.088
2026-03-31 21:30:00,656.133
2026-03-31 21:45:00,681.98
2026-03-31 22:00:00,687.058
2026-03-31 22:15:00,652.728
2026-03-31 22:30:00,574.11
2026-03-31 22:45:00,672.301
2026-03-31 23:00:00,714.947
2026-03-31 23:15:00,626.141
2026-03-31 23:30:00,396.479
2026-03-31 23:45:00,615.37
2026-04-01 00:00:00,601.858
2026-04-01 00:15:00,482.086
2026-04-01 00:30:00,440.223
2026-04-01 00:45:00,497.784
2026-04-01 01:00:00,426.112
2026-04-01 01:15:00,410.807
2026-04-01 01:30:00,422.673
2026-04-01 01:45:00,414.17
2026-04-01 02:00:00,352.691
2026-04-01 02:15:00,293.04
2026-04-01 02:30:00,273.775
2026-04-01 02:45:00,271.084
2026-04-01 03:00:00,136.784
2026-04-01 03:15:00,135.264
2026-04-01 03:30:00,133.371
2026-04-01 03:45:00,133.709
2026-04-01 04:00:00,130.382
2026-04-01 04:15:00,128.728
2026-04-01 04:30:00,127.588
2026-04-01 04:45:00,127.085
2026-04-01 05:00:00,126.453
2026-04-01 05:15:00,125.789
2026-04-01 05:30:00,126.236
2026-04-01 05:45:00,125.314
2026-04-01 06:00:00,120.379
2026-04-01 06:15:00,120.425
2026-04-01 06:30:00,221.991
2026-04-01 06:45:00,370.862
2026-04-01 07:00:00,384.448
2026-04-01 07:15:00,353.716
2026-04-01 07:30:00,308.251
2026-04-01 07:45:00,184.797
2026-04-01 08:00:00,162.303
2026-04-01 08:15:00,159.491
2026-04-01 08:30:00,124.613
2026-04-01 08:45:00,150.466
2026-04-01 09:00:00,154.723
2026-04-01 09:15:00,127.26
2026-04-01 09:30:00,145.268
2026-04-01 09:45:00,127.972
2026-04-01 10:00:00,119.777
2026-04-01 10:15:00,145.144
2026-04-01 10:30:00,119.735
2026-04-01 10:45:00,74.822
2026-04-01 11:00:00,67.686
2026-04-01 11:15:00,57.272
2026-04-01 11:30:00,38.485
2026-04-01 11:45:00,51.761
2026-04-01 12:00:00,85.615
2026-04-01 12:15:00,75.104
2026-04-01 12:30:00,82.083
2026-04-01 12:45:00,58.19
2026-04-01 13:00:00,46.609
2026-04-01 13:15:00,35.511
2026-04-01 13:30:00,41.171
2026-04-01 13:45:00,35.622
2026-04-01 14:00:00,72.643
2026-04-01 14:15:00,88.521
2026-04-01 14:30:00,88.519
2026-04-01 14:45:00,70.262
2026-04-01 15:00:00,93.241
2026-04-01 15:15:00,108.882
2026-04-01 15:30:00,75.151
2026-04-01 15:45:00,127.726
2026-04-01 16:00:00,134.013
2026-04-01 16:15:00,155.253
2026-04-01 16:30:00,159.305
2026-04-01 16:45:00,143.671
2026-04-01 17:00:00,132.159
2026-04-01 17:15:00,84.848
2026-04-01 17:30:00,133.734
2026-04-01 17:45:00,195.378
2026-04-01 18:00:00,192.2
2026-04-01 18:15:00,230.627
2026-04-01 18:30:00,199.084
2026-04-01 18:45:00,231.932
2026-04-01 19:00:00,236.235
2026-04-01 19:15:00,296.121
2026-04-01 19:30:00,188.582
2026-04-01 19:45:00,198.616
2026-04-01 20:00:00,261.808
2026-04-01 20:15:00,245.482
2026-04-01 20:30:00,276.825
2026-04-01 20:45:00,312.7
2026-04-01 21:00:00,282.657
2026-04-01 21:15:00,365.838
2026-04-01 21:30:00,414.442
2026-04-01 21:45:00,300.027
2026-04-01 22:00:00,265.812
2026-04-01 22:15:00,236.587
2026-04-01 22:30:00,140.981
2026-04-01 22:45:00,151.808
2026-04-01 23:00:00,239.781
2026-04-01 23:15:00,243.436
2026-04-01 23:30:00,243.922
2026-04-01 23:45:00,260.647
2026-04-02 00:00:00,231.689
2026-04-02 00:15:00,258.859
2026-04-02 00:30:00,316.697
2026-04-02 00:45:00,266.395
2026-04-02 01:00:00,254.146
2026-04-02 01:15:00,236.16
2026-04-02 01:30:00,242.432
2026-04-02 01:45:00,192.986
2026-04-02 02:00:00,234.803
2026-04-02 02:15:00,293.34
2026-04-02 02:30:00,416.736
2026-04-02 02:45:00,400.614
2026-04-02 03:00:00,307.861
2026-04-02 03:15:00,273.637
2026-04-02 03:30:00,220.043
2026-04-02 03:45:00,286.199
2026-04-02 04:00:00,296.217
2026-04-02 04:15:00,290.271
2026-04-02 04:30:00,291.361
2026-04-02 04:45:00,298.505
2026-04-02 05:00:00,277.367
2026-04-02 05:15:00,301.565
2026-04-02 05:30:00,293.58
2026-04-02 05:45:00,335.268
2026-04-02 06:00:00,371.225
2026-04-02 06:15:00,227.256
2026-04-02 06:30:00,400.395
2026-04-02 06:45:00,604.884
2026-04-02 07:00:00,489.537
2026-04-02 07:15:00,357.563
2026-04-02 07:30:00,366.097
2026-04-02 07:45:00,296.124
2026-04-02 08:00:00,271.284
2026-04-02 08:15:00,386.656
2026-04-02 08:30:00,404.857
2026-04-02 08:45:00,448.312
2026-04-02 09:00:00,529.309
2026-04-02 09:15:00,693.941
2026-04-02 09:30:00,766.779
2026-04-02 09:45:00,733.071
2026-04-02 10:00:00,898.463
2026-04-02 10:15:00,900.5
2026-04-02 10:30:00,932.527
2026-04-02 10:45:00,920.333
2026-04-02 11:00:00,899.08
2026-04-02 11:15:00,896.163
2026-04-02 11:30:00,899.448
2026-04-02 11:45:00,898.443
2026-04-02 12:00:00,1008.752
2026-04-02 12:15:00,910.854
2026-04-02 12:30:00,857.574
2026-04-02 12:45:00,813.059
2026-04-02 13:00:00,791.87
2026-04-02 13:15:00,633.278
2026-04-02 13:30:00,697.057
2026-04-02 13:45:00,749.947
2026-04-02 14:00:00,728.833
2026-04-02 14:15:00,742.273
2026-04-02 14:30:00,738.313
2026-04-02 14:45:00,754.349
2026-04-02 15:00:00,733.507
2026-04-02 15:15:00,729.118
2026-04-02 15:30:00,750.489
2026-04-02 15:45:00,767.685
2026-04-02 16:00:00,708.965
2026-04-02 16:15:00,740.327
2026-04-02 16:30:00,683.983
2026-04-02 16:45:00,648.618
2026-04-02 17:00:00,668.333
2026-04-02 17:15:00,660.911
2026-04-02 17:30:00,624.073
2026-04-02 17:45:00,605.346
2026-04-02 18:00:00,511.305
2026-04-02 18:15:00,515.916
2026-04-02 18:30:00,533.777
2026-04-02 18:45:00,533.835
2026-04-02 19:00:00,454.164
2026-04-02 19:15:00,460.597
2026-04-02 19:30:00,430.494
2026-04-02 19:45:00,486.326
2026-04-02 20:00:00,573.642
2026-04-02 20:15:00,445.645
2026-04-02 20:30:00,428.473
2026-04-02 20:45:00,403.055
2026-04-02 21:00:00,403.112
2026-04-02 21:15:00,388.615
2026-04-02 21:30:00,355.002
2026-04-02 21:45:00,404.593
2026-04-02 22:00:00,447.497
2026-04-02 22:15:00,286.164
2026-04-02 22:30:00,166.092
2026-04-02 22:45:00,161.477
2026-04-02 23:00:00,145.603
2026-04-02 23:15:00,145.872
2026-04-02 23:30:00,146.418
2026-04-02 23:45:00,145.401
2026-04-03 00:00:00,268.462
2026-04-03 00:15:00,247.984
2026-04-03 00:30:00,308.255
2026-04-03 00:45:00,283.277
2026-04-03 01:00:00,307.817
2026-04-03 01:15:00,413.689
2026-04-03 01:30:00,291.556
2026-04-03 01:45:00,426.838
2026-04-03 02:00:00,405.203
2026-04-03 02:15:00,394.91
2026-04-03 02:30:00,372.944
2026-04-03 02:45:00,475.556
2026-04-03 03:00:00,592.959
2026-04-03 03:15:00,705.918
2026-04-03 03:30:00,596.653
2026-04-03 03:45:00,563.974
2026-04-03 04:00:00,542.184
2026-04-03 04:15:00,464.632
2026-04-03 04:30:00,561.33
2026-04-03 04:45:00,493.958
2026-04-03 05:00:00,507.756
2026-04-03 05:15:00,499.25
2026-04-03 05:30:00,442.231
2026-04-03 05:45:00,308.054
2026-04-03 06:00:00,157.384
2026-04-03 06:15:00,237.45
2026-04-03 06:30:00,159.346
2026-04-03 06:45:00,158.5
2026-04-03 07:00:00,193.089
2026-04-03 07:15:00,158.941
2026-04-03 07:30:00,158.54
2026-04-03 07:45:00,158.989
2026-04-03 08:00:00,158.062
2026-04-03 08:15:00,161.569
2026-04-03 08:30:00,244.261
2026-04-03 08:45:00,296.132
2026-04-03 09:00:00,167.265
2026-04-03 09:15:00,193.454
2026-04-03 09:30:00,304.67
2026-04-03 09:45:00,295.018
2026-04-03 10:00:00,644.475
2026-04-03 10:15:00,625.892
2026-04-03 10:30:00,642.726
2026-04-03 10:45:00,629.049
2026-04-03 11:00:00,640.013
2026-04-03 11:15:00,571.082
2026-04-03 11:30:00,456.864
2026-04-03 11:45:00,334.778
2026-04-03 12:00:00,536.733
2026-04-03 12:15:00,532.914
2026-04-03 12:30:00,435.254
2026-04-03 12:45:00,209.24
2026-04-03 13:00:00,153.348
2026-04-03 13:15:00,150.385
2026-04-03 13:30:00,143.604
2026-04-03 13:45:00,147.432
2026-04-03 14:00:00,149.231
2026-04-03 14:15:00,150.689
2026-04-03 14:30:00,148.775
2026-04-03 14:45:00,148.881
2026-04-03 15:00:00,146.265
2026-04-03 15:15:00,0.0
2026-04-03 15:30:00,0.25
2026-04-03 15:45:00,0.0
2026-04-03 16:00:00,0.0
2026-04-03 16:15:00,0.0
2026-04-03 16:30:00,0.0
2026-04-03 16:45:00,0.0
2026-04-03 17:00:00,0.0
2026-04-03 17:15:00,0.0
2026-04-03 17:30:00,0.0
2026-04-03 17:45:00,106.912
2026-04-03 18:00:00,110.243
2026-04-03 18:15:00,282.95
2026-04-03 18:30:00,271.207
2026-04-03 18:45:00,348.088
2026-04-03 19:00:00,292.264
2026-04-03 19:15:00,111.412
2026-04-03 19:30:00,102.776
2026-04-03 19:45:00,157.696
2026-04-03 20:00:00,120.042
2026-04-03 20:15:00,177.044
2026-04-03 20:30:00,139.77
2026-04-03 20:45:00,169.146
2026-04-03 21:00:00,179.107
2026-04-03 21:15:00,138.78
2026-04-03 21:30:00,396.793
2026-04-03 21:45:00,509.292
2026-04-03 22:00:00,518.379
2026-04-03 22:15:00,448.385
2026-04-03 22:30:00,379.379
2026-04-03 22:45:00,350.107
2026-04-03 23:00:00,224.51
2026-04-03 23:15:00,203.118
2026-04-03 23:30:00,128.997
2026-04-03 23:45:00,40.985
2026-04-04 00:00:00,364.109
2026-04-04 00:15:00,344.002
2026-04-04 00:30:00,355.282
2026-04-04 00:45:00,386.944
2026-04-04 01:00:00,362.163
2026-04-04 01:15:00,368.581
2026-04-04 01:30:00,390.09
2026-04-04 01:45:00,400.713
2026-04-04 02:00:00,422.37
2026-04-04 02:15:00,327.381
2026-04-04 02:30:00,364.855
2026-04-04 02:45:00,310.405
2026-04-04 03:00:00,285.017
2026-04-04 03:15:00,352.78
2026-04-04 03:30:00,300.915
2026-04-04 03:45:00,248.203
2026-04-04 04:00:00,67.291
2026-04-04 04:15:00,68.843
2026-04-04 04:30:00,17.815
2026-04-04 04:45:00,39.266
2026-04-04 05:00:00,20.674
2026-04-04 05:15:00,58.762
2026-04-04 05:30:00,164.809
2026-04-04 05:45:00,75.295
2026-04-04 06:00:00,0.0
2026-04-04 06:15:00,100.172
2026-04-04 06:30:00,153.277
2026-04-04 06:45:00,320.41
2026-04-04 07:00:00,322.538
2026-04-04 07:15:00,318.798
2026-04-04 07:30:00,133.195
2026-04-04 07:45:00,26.426
2026-04-04 08:00:00,0.0
2026-04-04 08:15:00,0.0
2026-04-04 08:30:00,0.0
2026-04-04 08:45:00,0.0
2026-04-04 09:00:00,0.0
2026-04-04 09:15:00,0.0
2026-04-04 09:30:00,28.74
2026-04-04 09:45:00,48.447
2026-04-04 10:00:00,37.462
2026-04-04 10:15:00,0.0
2026-04-04 10:30:00,0.0
2026-04-04 10:45:00,0.0
2026-04-04 11:00:00,29.736
2026-04-04 11:15:00,0.0
2026-04-04 11:30:00,0.0
2026-04-04 11:45:00,0.0
2026-04-04 12:00:00,0.0
2026-04-04 12:15:00,0.0
2026-04-04 12:30:00,0.0
2026-04-04 12:45:00,0.0
2026-04-04 13:00:00,0.0
2026-04-04 13:15:00,0.0
2026-04-04 13:30:00,0.0
2026-04-04 13:45:00,0.0
2026-04-04 14:00:00,0.0
2026-04-04 14:15:00,0.0
2026-04-04 14:30:00,0.0
2026-04-04 14:45:00,0.0
2026-04-04 15:00:00,0.0
2026-04-04 15:15:00,0.0
2026-04-04 15:30:00,0.0
2026-04-04 15:45:00,0.0
2026-04-04 16:00:00,0.0
2026-04-04 16:15:00,0.0
2026-04-04 16:30:00,0.0
2026-04-04 16:45:00,0.0
2026-04-04 17:00:00,48.983
2026-04-04 17:15:00,12.01
2026-04-04 17:30:00,32.468
2026-04-04 17:45:00,0.0
2026-04-04 18:00:00,33.585
2026-04-04 18:15:00,51.706
2026-04-04 18:30:00,135.045
2026-04-04 18:45:00,60.36
2026-04-04 19:00:00,178.073
2026-04-04 19:15:00,217.573
2026-04-04 19:30:00,329.887
2026-04-04 19:45:00,361.185
2026-04-04 20:00:00,361.806
2026-04-04 20:15:00,362.434
2026-04-04 20:30:00,438.306
2026-04-04 20:45:00,296.244
2026-04-04 21:00:00,334.165
2026-04-04 21:15:00,343.071
2026-04-04 21:30:00,325.554
2026-04-04 21:45:00,367.261
2026-04-04 22:00:00,349.509
2026-04-04 22:15:00,432.622
2026-04-04 22:30:00,362.853
2026-04-04 22:45:00,452.615
2026-04-04 23:00:00,310.972
2026-04-04 23:15:00,284.677
2026-04-04 23:30:00,166.31
2026-04-04 23:45:00,192.398
2026-04-05 00:00:00,595.08
2026-04-05 00:15:00,353.372
2026-04-05 00:30:00,284.969
2026-04-05 00:45:00,252.964
2026-04-05 01:00:00,201.157
2026-04-05 01:15:00,188.477
2026-04-05 01:30:00,37.288
2026-04-05 01:45:00,51.366
2026-04-05 02:00:00,0.0
2026-04-05 02:15:00,0.0
2026-04-05 02:30:00,0.0
2026-04-05 02:45:00,0.0
2026-04-05 03:00:00,0.0
2026-04-05 03:15:00,0.0
2026-04-05 03:30:00,0.0
2026-04-05 03:45:00,0.0
2026-04-05 04:00:00,0.0
2026-04-05 04:15:00,0.0
2026-04-05 04:30:00,0.0
2026-04-05 04:45:00,0.0
2026-04-05 05:00:00,0.0
2026-04-05 05:15:00,0.0
2026-04-05 05:30:00,0.0
2026-04-05 05:45:00,0.0
2026-04-05 06:00:00,0.0
2026-04-05 06:15:00,0.0
2026-04-05 06:30:00,0.0
2026-04-05 06:45:00,61.742
2026-04-05 07:00:00,0.0
2026-04-05 07:15:00,0.0
2026-04-05 07:30:00,0.0
2026-04-05 07:45:00,0.0
2026-04-05 08:00:00,0.0
2026-04-05 08:15:00,0.0
2026-04-05 08:30:00,0.0
2026-04-05 08:45:00,0.0
2026-04-05 09:00:00,0.0
2026-04-05 09:15:00,0.0
2026-04-05 09:30:00,0.0
2026-04-05 09:45:00,0.0
2026-04-05 10:00:00,0.0
2026-04-05 10:15:00,0.0
2026-04-05 10:30:00,0.0
2026-04-05 10:45:00,0.0
2026-04-05 11:00:00,0.0
2026-04-05 11:15:00,0.0
2026-04-05 11:30:00,0.0
2026-04-05 11:45:00,0.0
2026-04-05 12:00:00,0.0
2026-04-05 12:15:00,0.0
2026-04-05 12:30:00,0.0
2026-04-05 12:45:00,0.0
2026-04-05 13:00:00,13.41
2026-04-05 13:15:00,0.0
2026-04-05 13:30:00,0.0
2026-04-05 13:45:00,0.0
2026-04-05 14:00:00,0.0
2026-04-05 14:15:00,0.0
2026-04-05 14:30:00,0.0
2026-04-05 14:45:00,0.0
2026-04-05 15:00:00,0.0
2026-04-05 15:15:00,0.0
2026-04-05 15:30:00,13.643
2026-04-05 15:45:00,5.94
2026-04-05 16:00:00,120.142
2026-04-05 16:15:00,225.43
2026-04-05 16:30:00,396.388
2026-04-05 16:45:00,392.093
2026-04-05 17:00:00,425.572
2026-04-05 17:15:00,355.272
2026-04-05 17:30:00,296.985
2026-04-05 17:45:00,426.117
2026-04-05 18:00:00,406.581
2026-04-05 18:15:00,423.606
2026-04-05 18:30:00,369.673
2026-04-05 18:45:00,339.501
2026-04-05 19:00:00,222.192
2026-04-05 19:15:00,191.488
2026-04-05 19:30:00,307.105
2026-04-05 19:45:00,335.224
2026-04-05 20:00:00,225.003
2026-04-05 20:15:00,166.02
2026-04-05 20:30:00,46.634
2026-04-05 20:45:00,0.0
2026-04-05 21:00:00,0.0
2026-04-05 21:15:00,0.0
2026-04-05 21:30:00,394.085
2026-04-05 21:45:00,196.852
2026-04-05 22:00:00,119.088
2026-04-05 22:15:00,346.679
2026-04-05 22:30:00,551.492
2026-04-05 22:45:00,426.037
2026-04-05 23:00:00,469.168
2026-04-05 23:15:00,423.299
2026-04-05 23:30:00,290.228
2026-04-05 23:45:00,448.975
2026-04-06 00:00:00,371.799
2026-04-06 00:15:00,381.812
2026-04-06 00:30:00,191.702
2026-04-06 00:45:00,341.027
2026-04-06 01:00:00,186.192
2026-04-06 01:15:00,132.531
2026-04-06 01:30:00,2.127
2026-04-06 01:45:00,35.996
2026-04-06 02:00:00,0.0
2026-04-06 02:15:00,0.0
2026-04-06 02:30:00,59.208
2026-04-06 02:45:00,56.069
2026-04-06 03:00:00,116.028
2026-04-06 03:15:00,40.456
2026-04-06 03:30:00,46.25
2026-04-06 03:45:00,35.212
2026-04-06 04:00:00,0.0
2026-04-06 04:15:00,0.0
2026-04-06 04:30:00,67.282
2026-04-06 04:45:00,33.268
2026-04-06 05:00:00,78.998
2026-04-06 05:15:00,151.599
2026-04-06 05:30:00,72.274
2026-04-06 05:45:00,95.74
2026-04-06 06:00:00,95.463
2026-04-06 06:15:00,0.0
2026-04-06 06:30:00,108.07
2026-04-06 06:45:00,249.798
2026-04-06 07:00:00,89.346
2026-04-06 07:15:00,62.342
2026-04-06 07:30:00,160.804
2026-04-06 07:45:00,225.785
2026-04-06 08:00:00,57.446
2026-04-06 08:15:00,114.18
2026-04-06 08:30:00,258.809
2026-04-06 08:45:00,465.448
2026-04-06 09:00:00,514.368
2026-04-06 09:15:00,501.45
2026-04-06 09:30:00,511.328
2026-04-06 09:45:00,540.703
2026-04-06 10:00:00,533.722
2026-04-06 10:15:00,638.261
2026-04-06 10:30:00,684.185
2026-04-06 10:45:00,688.813
2026-04-06 11:00:00,639.591
2026-04-06 11:15:00,579.07
2026-04-06 11:30:00,531.849
2026-04-06 11:45:00,525.185
2026-04-06 12:00:00,728.345
2026-04-06 12:15:00,677.92
2026-04-06 12:30:00,659.763
2026-04-06 12:45:00,652.185
2026-04-06 13:00:00,640.262
2026-04-06 13:15:00,691.844
2026-04-06 13:30:00,783.703
2026-04-06 13:45:00,714.064
2026-04-06 14:00:00,644.279
2026-04-06 14:15:00,558.676
2026-04-06 14:30:00,562.835
2026-04-06 14:45:00,584.679
2026-04-06 15:00:00,701.028
2026-04-06 15:15:00,685.19
2026-04-06 15:30:00,716.408
2026-04-06 15:45:00,734.69
2026-04-06 16:00:00,545.379
2026-04-06 16:15:00,599.667
2026-04-06 16:30:00,629.523
2026-04-06 16:45:00,670.51
2026-04-06 17:00:00,736.304
2026-04-06 17:15:00,712.543
2026-04-06 17:30:00,696.126
2026-04-06 17:45:00,688.074
2026-04-06 18:00:00,555.368
2026-04-06 18:15:00,483.197
2026-04-06 18:30:00,482.134
2026-04-06 18:45:00,541.558
2026-04-06 19:00:00,629.184
2026-04-06 19:15:00,809.641
2026-04-06 19:30:00,690.477
2026-04-06 19:45:00,508.211
2026-04-06 20:00:00,492.995
2026-04-06 20:15:00,515.223
2026-04-06 20:30:00,369.102
2026-04-06 20:45:00,358.896
2026-04-06 21:00:00,561.834
2026-04-06 21:15:00,452.718
2026-04-06 21:30:00,391.601
2026-04-06 21:45:00,369.275
2026-04-06 22:00:00,588.781
2026-04-06 22:15:00,547.625
2026-04-06 22:30:00,533.402
2026-04-06 22:45:00,414.238
2026-04-06 23:00:00,399.894
2026-04-06 23:15:00,482.486
2026-04-06 23:30:00,457.587
2026-04-06 23:45:00,478.07
2026-04-07 00:00:00,534.065
2026-04-07 00:15:00,582.951
2026-04-07 00:30:00,537.196
2026-04-07 00:45:00,558.035
2026-04-07 01:00:00,455.778
2026-04-07 01:15:00,451.761
2026-04-07 01:30:00,442.642
2026-04-07 01:45:00,390.418
2026-04-07 02:00:00,357.196
2026-04-07 02:15:00,397.357
2026-04-07 02:30:00,475.147
2026-04-07 02:45:00,435.941
2026-04-07 03:00:00,491.588
2026-04-07 03:15:00,592.47
2026-04-07 03:30:00,543.365
2026-04-07 03:45:00,665.066
2026-04-07 04:00:00,568.182
2026-04-07 04:15:00,520.71
2026-04-07 04:30:00,522.33
2026-04-07 04:45:00,540.203
2026-04-07 05:00:00,462.308
2026-04-07 05:15:00,506.516
2026-04-07 05:30:00,488.341
2026-04-07 05:45:00,367.282
2026-04-07 06:00:00,450.981
2026-04-07 06:15:00,541.832
2026-04-07 06:30:00,613.268
2026-04-07 06:45:00,589.835
2026-04-07 07:00:00,596.282
2026-04-07 07:15:00,562.249
2026-04-07 07:30:00,411.065
2026-04-07 07:45:00,442.015
2026-04-07 08:00:00,324.18
2026-04-07 08:15:00,366.069
2026-04-07 08:30:00,233.101
2026-04-07 08:45:00,326.398
2026-04-07 09:00:00,236.126
2026-04-07 09:15:00,233.328
2026-04-07 09:30:00,272.311
2026-04-07 09:45:00,333.188
2026-04-07 10:00:00,389.085
2026-04-07 10:15:00,343.11
2026-04-07 10:30:00,337.818
2026-04-07 10:45:00,354.958
2026-04-07 11:00:00,337.615
2026-04-07 11:15:00,311.15
2026-04-07 11:30:00,298.422
2026-04-07 11:45:00,313.203
2026-04-07 12:00:00,298.773
2026-04-07 12:15:00,299.093
2026-04-07 12:30:00,287.385
2026-04-07 12:45:00,293.805
2026-04-07 13:00:00,285.388
2026-04-07 13:15:00,287.583
2026-04-07 13:30:00,295.583
2026-04-07 13:45:00,304.103
2026-04-07 14:00:00,301.808
2026-04-07 14:15:00,301.075
2026-04-07 14:30:00,320.208
2026-04-07 14:45:00,326.628
2026-04-07 15:00:00,327.03
2026-04-07 15:15:00,328.95
2026-04-07 15:30:00,336.093
2026-04-07 15:45:00,348.173
2026-04-07 16:00:00,322.453
2026-04-07 16:15:00,310.437
2026-04-07 16:30:00,373.725
2026-04-07 16:45:00,375.273
2026-04-07 17:00:00,360.687
2026-04-07 17:15:00,380.346
2026-04-07 17:30:00,437.78
2026-04-07 17:45:00,438.251
2026-04-07 18:00:00,441.078
2026-04-07 18:15:00,484.341
2026-04-07 18:30:00,493.037
2026-04-07 18:45:00,510.076
2026-04-07 19:00:00,554.265
2026-04-07 19:15:00,574.253
2026-04-07 19:30:00,598.93
2026-04-07 19:45:00,524.27
2026-04-07 20:00:00,561.184
2026-04-07 20:15:00,559.62
2026-04-07 20:30:00,587.041
2026-04-07 20:45:00,532.367
2026-04-07 21:00:00,553.384
2026-04-07 21:15:00,566.373
2026-04-07 21:30:00,486.657
2026-04-07 21:45:00,480.194
2026-04-07 22:00:00,415.454
2026-04-07 22:15:00,276.739
2026-04-07 22:30:00,162.387
2026-04-07 22:45:00,125.272
2026-04-07 23:00:00,167.829
2026-04-07 23:15:00,239.909
2026-04-07 23:30:00,248.953
2026-04-07 23:45:00,217.655
2026-04-08 00:00:00,603.993
2026-04-08 00:15:00,644.715
2026-04-08 00:30:00,597.756
2026-04-08 00:45:00,521.608
2026-04-08 01:00:00,452.951
2026-04-08 01:15:00,329.06
2026-04-08 01:30:00,259.455
2026-04-08 01:45:00,183.266
2026-04-08 02:00:00,130.885
2026-04-08 02:15:00,224.288
2026-04-08 02:30:00,190.949
2026-04-08 02:45:00,295.145
2026-04-08 03:00:00,268.928
2026-04-08 03:15:00,305.023
2026-04-08 03:30:00,246.511
2026-04-08 03:45:00,259.52
2026-04-08 04:00:00,366.381
2026-04-08 04:15:00,298.22
2026-04-08 04:30:00,360.447
2026-04-08 04:45:00,382.229
2026-04-08 05:00:00,401.675
2026-04-08 05:15:00,465.097
2026-04-08 05:30:00,355.83
2026-04-08 05:45:00,477.701
2026-04-08 06:00:00,629.231
2026-04-08 06:15:00,713.635
2026-04-08 06:30:00,752.304
2026-04-08 06:45:00,846.655
2026-04-08 07:00:00,830.448
2026-04-08 07:15:00,728.656
2026-04-08 07:30:00,609.288
2026-04-08 07:45:00,628.625
2026-04-08 08:00:00,657.621
2026-04-08 08:15:00,684.537
2026-04-08 08:30:00,679.653
2026-04-08 08:45:00,667.373
2026-04-08 09:00:00,582.515
2026-04-08 09:15:00,604.161
2026-04-08 09:30:00,683.206
2026-04-08 09:45:00,712.949
2026-04-08 10:00:00,651.249
2026-04-08 10:15:00,564.295
2026-04-08 10:30:00,537.521
2026-04-08 10:45:00,390.856
2026-04-08 11:00:00,246.591
2026-04-08 11:15:00,146.304
2026-04-08 11:30:00,0.0
2026-04-08 11:45:00,39.685
2026-04-08 12:00:00,189.782
2026-04-08 12:15:00,197.818
2026-04-08 12:30:00,136.633
2026-04-08 12:45:00,140.557
2026-04-08 13:00:00,0.0
2026-04-08 13:15:00,26.191
2026-04-08 13:30:00,108.964
2026-04-08 13:45:00,0.0
2026-04-08 14:00:00,0.0
2026-04-08 14:15:00,0.0
2026-04-08 14:30:00,0.0
2026-04-08 14:45:00,0.0
2026-04-08 15:00:00,0.0
2026-04-08 15:15:00,0.0
2026-04-08 15:30:00,0.0
2026-04-08 15:45:00,0.0
2026-04-08 16:00:00,0.0
2026-04-08 16:15:00,11.278
2026-04-08 16:30:00,51.166
2026-04-08 16:45:00,369.008
2026-04-08 17:00:00,521.678
2026-04-08 17:15:00,598.843
2026-04-08 17:30:00,785.118
2026-04-08 17:45:00,813.695
2026-04-08 18:00:00,864.058
2026-04-08 18:15:00,923.751
2026-04-08 18:30:00,1105.636
2026-04-08 18:45:00,932.281
2026-04-08 19:00:00,854.403
2026-04-08 19:15:00,849.785
2026-04-08 19:30:00,989.392
2026-04-08 19:45:00,1081.575
2026-04-08 20:00:00,1015.835
2026-04-08 20:15:00,1090.538
2026-04-08 20:30:00,1098.942
2026-04-08 20:45:00,1174.604
2026-04-08 21:00:00,1275.156
2026-04-08 21:15:00,1340.17
2026-04-08 21:30:00,1299.784
2026-04-08 21:45:00,1195.968
2026-04-08 22:00:00,1065.448
2026-04-08 22:15:00,845.417
2026-04-08 22:30:00,639.2
2026-04-08 22:45:00,662.618
2026-04-08 23:00:00,668.735
2026-04-08 23:15:00,575.325
2026-04-08 23:30:00,393.749
2026-04-08 23:45:00,333.801
2026-04-09 00:00:00,1044.92
2026-04-09 00:15:00,1259.363
2026-04-09 00:30:00,1224.029
2026-04-09 00:45:00,1004.571
2026-04-09 01:00:00,892.142
2026-04-09 01:15:00,772.467
2026-04-09 01:30:00,574.972
2026-04-09 01:45:00,573.692
2026-04-09 02:00:00,487.103
2026-04-09 02:15:00,431.336
2026-04-09 02:30:00,464.03
2026-04-09 02:45:00,381.034
2026-04-09 03:00:00,383.019
2026-04-09 03:15:00,323.527
2026-04-09 03:30:00,441.354
2026-04-09 03:45:00,423.622
2026-04-09 04:00:00,313.151
2026-04-09 04:15:00,256.95
2026-04-09 04:30:00,275.271
2026-04-09 04:45:00,166.647
2026-04-09 05:00:00,252.595
2026-04-09 05:15:00,345.975
2026-04-09 05:30:00,393.95
2026-04-09 05:45:00,445.841
2026-04-09 06:00:00,521.503
2026-04-09 06:15:00,619.953
2026-04-09 06:30:00,870.061
2026-04-09 06:45:00,1036.523
2026-04-09 07:00:00,804.646
2026-04-09 07:15:00,581.084
2026-04-09 07:30:00,490.744
2026-04-09 07:45:00,490.79
2026-04-09 08:00:00,402.894
2026-04-09 08:15:00,366.501
2026-04-09 08:30:00,403.502
2026-04-09 08:45:00,351.044
2026-04-09 09:00:00,306.494
2026-04-09 09:15:00,278.291
2026-04-09 09:30:00,353.084
2026-04-09 09:45:00,384.182
2026-04-09 10:00:00,423.746
2026-04-09 10:15:00,403.142
2026-04-09 10:30:00,337.132
2026-04-09 10:45:00,212.845
2026-04-09 11:00:00,153.947
2026-04-09 11:15:00,141.704
2026-04-09 11:30:00,169.129
2026-04-09 11:45:00,73.054
2026-04-09 12:00:00,271.081
2026-04-09 12:15:00,367.038
2026-04-09 12:30:00,377.333
2026-04-09 12:45:00,369.824
2026-04-09 13:00:00,506.354
2026-04-09 13:15:00,407.795
2026-04-09 13:30:00,404.302
2026-04-09 13:45:00,341.319
2026-04-09 14:00:00,290.036
2026-04-09 14:15:00,278.029
2026-04-09 14:30:00,227.247
2026-04-09 14:45:00,216.236
2026-04-09 15:00:00,230.792
2026-04-09 15:15:00,238.222
2026-04-09 15:30:00,240.991
2026-04-09 15:45:00,237.286
2026-04-09 16:00:00,240.4
2026-04-09 16:15:00,383.491
2026-04-09 16:30:00,429.418
2026-04-09 16:45:00,446.637
2026-04-09 17:00:00,464.147
2026-04-09 17:15:00,527.901
2026-04-09 17:30:00,750.684
2026-04-09 17:45:00,790.331
2026-04-09 18:00:00,798.887
2026-04-09 18:15:00,977.919
2026-04-09 18:30:00,835.0
2026-04-09 18:45:00,846.178
2026-04-09 19:00:00,898.019
2026-04-09 19:15:00,920.714
2026-04-09 19:30:00,924.976
2026-04-09 19:45:00,884.366
2026-04-09 20:00:00,801.214
2026-04-09 20:15:00,786.085
2026-04-09 20:30:00,893.942
2026-04-09 20:45:00,831.519
2026-04-09 21:00:00,842.236
2026-04-09 21:15:00,786.232
2026-04-09 21:30:00,843.2
2026-04-09 21:45:00,828.611
2026-04-09 22:00:00,693.162
2026-04-09 22:15:00,765.712
2026-04-09 22:30:00,696.092
2026-04-09 22:45:00,608.324
2026-04-09 23:00:00,473.491
2026-04-09 23:15:00,293.6
2026-04-09 23:30:00,275.203
2026-04-09 23:45:00,390.981
2026-04-10 00:00:00,1149.563
2026-04-10 00:15:00,1080.265
2026-04-10 00:30:00,931.896
2026-04-10 00:45:00,855.535
2026-04-10 01:00:00,704.108
2026-04-10 01:15:00,685.396
2026-04-10 01:30:00,591.488
2026-04-10 01:45:00,637.255
2026-04-10 02:00:00,622.042
2026-04-10 02:15:00,622.993
2026-04-10 02:30:00,637.514
2026-04-10 02:45:00,676.122
2026-04-10 03:00:00,846.43
2026-04-10 03:15:00,812.159
2026-04-10 03:30:00,756.384
2026-04-10 03:45:00,765.796
2026-04-10 04:00:00,746.623
2026-04-10 04:15:00,691.8
2026-04-10 04:30:00,622.918
2026-04-10 04:45:00,680.366
2026-04-10 05:00:00,648.732
2026-04-10 05:15:00,661.233
2026-04-10 05:30:00,630.364
2026-04-10 05:45:00,554.696
2026-04-10 06:00:00,385.106
2026-04-10 06:15:00,545.277
2026-04-10 06:30:00,608.437
2026-04-10 06:45:00,569.764
2026-04-10 07:00:00,335.802
2026-04-10 07:15:00,165.13
2026-04-10 07:30:00,108.779
2026-04-10 07:45:00,0.0
2026-04-10 08:00:00,5.919
2026-04-10 08:15:00,0.0
2026-04-10 08:30:00,0.0
2026-04-10 08:45:00,0.0
2026-04-10 09:00:00,0.0
2026-04-10 09:15:00,0.0
2026-04-10 09:30:00,0.0
2026-04-10 09:45:00,0.0
2026-04-10 10:00:00,0.0
2026-04-10 10:15:00,0.0
2026-04-10 10:30:00,256.366
2026-04-10 10:45:00,112.172
2026-04-10 11:00:00,6.982
2026-04-10 11:15:00,87.472
2026-04-10 11:30:00,67.516
2026-04-10 11:45:00,76.599
2026-04-10 12:00:00,181.081
2026-04-10 12:15:00,85.078
2026-04-10 12:30:00,104.707
2026-04-10 12:45:00,84.946
2026-04-10 13:00:00,105.008
2026-04-10 13:15:00,147.487
2026-04-10 13:30:00,150.753
2026-04-10 13:45:00,108.558
2026-04-10 14:00:00,18.548
2026-04-10 14:15:00,110.369
2026-04-10 14:30:00,12.203
2026-04-10 14:45:00,13.963
2026-04-10 15:00:00,356.267
2026-04-10 15:15:00,449.678
2026-04-10 15:30:00,479.281
2026-04-10 15:45:00,442.149
2026-04-10 16:00:00,345.135
2026-04-10 16:15:00,373.033
2026-04-10 16:30:00,436.237
2026-04-10 16:45:00,300.479
2026-04-10 17:00:00,775.215
2026-04-10 17:15:00,974.585
2026-04-10 17:30:00,1298.235
2026-04-10 17:45:00,1292.186
2026-04-10 18:00:00,1297.879
2026-04-10 18:15:00,1402.714
2026-04-10 18:30:00,1464.529
2026-04-10 18:45:00,1525.073
2026-04-10 19:00:00,1307.259
2026-04-10 19:15:00,1379.911
2026-04-10 19:30:00,1332.37
2026-04-10 19:45:00,1428.26
2026-04-10 20:00:00,1430.299
2026-04-10 20:15:00,1422.045
2026-04-10 20:30:00,1300.522
2026-04-10 20:45:00,1143.318
2026-04-10 21:00:00,1119.228
2026-04-10 21:15:00,1235.499
2026-04-10 21:30:00,1183.893
2026-04-10 21:45:00,1014.033
2026-04-10 22:00:00,890.239
2026-04-10 22:15:00,796.916
2026-04-10 22:30:00,663.503
2026-04-10 22:45:00,733.814
2026-04-10 23:00:00,766.497
2026-04-10 23:15:00,860.76
2026-04-10 23:30:00,828.122
2026-04-10 23:45:00,705.26
2026-04-11 00:00:00,1300.446
2026-04-11 00:15:00,1409.227
2026-04-11 00:30:00,1114.369
2026-04-11 00:45:00,1089.024
2026-04-11 01:00:00,1021.277
2026-04-11 01:15:00,975.066
2026-04-11 01:30:00,975.247
2026-04-11 01:45:00,933.846
2026-04-11 02:00:00,920.355
2026-04-11 02:15:00,961.353
2026-04-11 02:30:00,931.016
2026-04-11 02:45:00,985.867
2026-04-11 03:00:00,1067.824
2026-04-11 03:15:00,1136.862
2026-04-11 03:30:00,1110.515
2026-04-11 03:45:00,1067.863
2026-04-11 04:00:00,1027.517
2026-04-11 04:15:00,990.551
2026-04-11 04:30:00,896.077
2026-04-11 04:45:00,940.503
2026-04-11 05:00:00,921.779
2026-04-11 05:15:00,871.18
2026-04-11 05:30:00,825.937
2026-04-11 05:45:00,715.843
2026-04-11 06:00:00,670.833
2026-04-11 06:15:00,684.114
2026-04-11 06:30:00,547.3
2026-04-11 06:45:00,455.131
2026-04-11 07:00:00,403.634
2026-04-11 07:15:00,416.252
2026-04-11 07:30:00,520.449
2026-04-11 07:45:00,584.012
2026-04-11 08:00:00,621.909
2026-04-11 08:15:00,480.974
2026-04-11 08:30:00,606.29
2026-04-11 08:45:00,607.302
2026-04-11 09:00:00,669.806
2026-04-11 09:15:00,654.54
2026-04-11 09:30:00,598.004
2026-04-11 09:45:00,801.047
2026-04-11 10:00:00,868.783
2026-04-11 10:15:00,822.874
2026-04-11 10:30:00,858.766
2026-04-11 10:45:00,886.073
2026-04-11 11:00:00,871.411
2026-04-11 11:15:00,819.022
2026-04-11 11:30:00,730.05
2026-04-11 11:45:00,683.812
2026-04-11 12:00:00,906.379
2026-04-11 12:15:00,828.835
2026-04-11 12:30:00,743.01
2026-04-11 12:45:00,625.337
2026-04-11 13:00:00,382.521
2026-04-11 13:15:00,300.973
2026-04-11 13:30:00,580.077
2026-04-11 13:45:00,562.279
2026-04-11 14:00:00,381.573
2026-04-11 14:15:00,462.521
2026-04-11 14:30:00,527.187
2026-04-11 14:45:00,631.577
2026-04-11 15:00:00,674.7
2026-04-11 15:15:00,736.069
2026-04-11 15:30:00,710.286
2026-04-11 15:45:00,925.23
2026-04-11 16:00:00,878.177
2026-04-11 16:15:00,799.639
2026-04-11 16:30:00,693.946
2026-04-11 16:45:00,501.823
2026-04-11 17:00:00,606.206
2026-04-11 17:15:00,732.147
2026-04-11 17:30:00,679.613
2026-04-11 17:45:00,662.675
2026-04-11 18:00:00,677.197
2026-04-11 18:15:00,723.238
2026-04-11 18:30:00,846.156
2026-04-11 18:45:00,921.433
2026-04-11 19:00:00,919.635
2026-04-11 19:15:00,1013.071
2026-04-11 19:30:00,1013.599
2026-04-11 19:45:00,990.291
2026-04-11 20:00:00,903.175
2026-04-11 20:15:00,824.448
2026-04-11 20:30:00,728.901
2026-04-11 20:45:00,611.153
2026-04-11 21:00:00,600.666
2026-04-11 21:15:00,579.602
2026-04-11 21:30:00,454.223
2026-04-11 21:45:00,415.197
2026-04-11 22:00:00,384.028
2026-04-11 22:15:00,236.847
2026-04-11 22:30:00,277.298
2026-04-11 22:45:00,279.732
2026-04-11 23:00:00,203.466
2026-04-11 23:15:00,347.232
2026-04-11 23:30:00,469.909
2026-04-11 23:45:00,606.064
2026-04-12 00:00:00,1009.009
2026-04-12 00:15:00,1025.832
2026-04-12 00:30:00,1016.145
2026-04-12 00:45:00,1037.018
2026-04-12 01:00:00,1086.155
2026-04-12 01:15:00,954.893
2026-04-12 01:30:00,780.594
2026-04-12 01:45:00,754.821
2026-04-12 02:00:00,689.766
2026-04-12 02:15:00,698.732
2026-04-12 02:30:00,720.711
2026-04-12 02:45:00,749.183
2026-04-12 03:00:00,713.815
2026-04-12 03:15:00,720.974
2026-04-12 03:30:00,626.823
2026-04-12 03:45:00,739.225
2026-04-12 04:00:00,722.056
2026-04-12 04:15:00,691.82
2026-04-12 04:30:00,737.362
2026-04-12 04:45:00,762.71
2026-04-12 05:00:00,708.218
2026-04-12 05:15:00,663.453
2026-04-12 05:30:00,659.698
2026-04-12 05:45:00,508.149
2026-04-12 06:00:00,433.256
2026-04-12 06:15:00,410.795
2026-04-12 06:30:00,422.249
2026-04-12 06:45:00,483.617
2026-04-12 07:00:00,479.336
2026-04-12 07:15:00,453.242
2026-04-12 07:30:00,449.175
2026-04-12 07:45:00,433.538
2026-04-12 08:00:00,384.149
2026-04-12 08:15:00,444.468
2026-04-12 08:30:00,292.315
2026-04-12 08:45:00,224.593
2026-04-12 09:00:00,161.777
2026-04-12 09:15:00,241.154
2026-04-12 09:30:00,288.699
2026-04-12 09:45:00,314.31
2026-04-12 10:00:00,340.788
2026-04-12 10:15:00,335.047
2026-04-12 10:30:00,326.208
2026-04-12 10:45:00,336.908
2026-04-12 11:00:00,328.355
2026-04-12 11:15:00,327.038
2026-04-12 11:30:00,339.864
2026-04-12 11:45:00,314.798
2026-04-12 12:00:00,309.374
2026-04-12 12:15:00,285.324
2026-04-12 12:30:00,278.832
2026-04-12 12:45:00,256.708
2026-04-12 13:00:00,230.268
2026-04-12 13:15:00,223.061
2026-04-12 13:30:00,235.586
2026-04-12 13:45:00,239.838
2026-04-12 14:00:00,173.613
2026-04-12 14:15:00,137.824
2026-04-12 14:30:00,74.608
2026-04-12 14:45:00,147.379
2026-04-12 15:00:00,212.137
2026-04-12 15:15:00,197.466
2026-04-12 15:30:00,152.929
2026-04-12 15:45:00,179.132
2026-04-12 16:00:00,114.671
2026-04-12 16:15:00,112.641
2026-04-12 16:30:00,229.139
2026-04-12 16:45:00,266.968
2026-04-12 17:00:00,285.435
2026-04-12 17:15:00,291.983
2026-04-12 17:30:00,305.708
2026-04-12 17:45:00,292.601
2026-04-12 18:00:00,340.663
2026-04-12 18:15:00,285.878
2026-04-12 18:30:00,309.244
2026-04-12 18:45:00,377.077
2026-04-12 19:00:00,380.013
2026-04-12 19:15:00,401.52
2026-04-12 19:30:00,326.301
2026-04-12 19:45:00,268.411
2026-04-12 20:00:00,65.62
2026-04-12 20:15:00,108.072
2026-04-12 20:30:00,58.842
2026-04-12 20:45:00,63.171
2026-04-12 21:00:00,155.827
2026-04-12 21:15:00,113.986
2026-04-12 21:30:00,443.611
2026-04-12 21:45:00,436.242
2026-04-12 22:00:00,269.829
2026-04-12 22:15:00,133.256
2026-04-12 22:30:00,107.528
2026-04-12 22:45:00,124.387
2026-04-12 23:00:00,265.7
2026-04-12 23:15:00,322.403
2026-04-12 23:30:00,307.128
2026-04-12 23:45:00,3.637
2026-04-13 00:00:00,482.927
2026-04-13 00:15:00,501.034
2026-04-13 00:30:00,464.517
2026-04-13 00:45:00,360.213
2026-04-13 01:00:00,386.392
2026-04-13 01:15:00,298.14
2026-04-13 01:30:00,229.833
2026-04-13 01:45:00,212.6
2026-04-13 02:00:00,231.468
2026-04-13 02:15:00,291.204
2026-04-13 02:30:00,397.006
2026-04-13 02:45:00,474.874
2026-04-13 03:00:00,529.094
2026-04-13 03:15:00,548.663
2026-04-13 03:30:00,537.225
2026-04-13 03:45:00,443.283
2026-04-13 04:00:00,375.091
2026-04-13 04:15:00,380.377
2026-04-13 04:30:00,435.224
2026-04-13 04:45:00,388.791
2026-04-13 05:00:00,336.279
2026-04-13 05:15:00,466.415
2026-04-13 05:30:00,502.361
2026-04-13 05:45:00,397.08
2026-04-13 06:00:00,291.155
2026-04-13 06:15:00,455.384
2026-04-13 06:30:00,573.202
2026-04-13 06:45:00,605.185
2026-04-13 07:00:00,752.031
2026-04-13 07:15:00,758.617
2026-04-13 07:30:00,524.156
2026-04-13 07:45:00,488.344
2026-04-13 08:00:00,422.279
2026-04-13 08:15:00,413.87
2026-04-13 08:30:00,501.633
2026-04-13 08:45:00,582.515
2026-04-13 09:00:00,657.305
2026-04-13 09:15:00,680.954
2026-04-13 09:30:00,740.817
2026-04-13 09:45:00,637.676
2026-04-13 10:00:00,719.213
2026-04-13 10:15:00,700.603
2026-04-13 10:30:00,699.006
2026-04-13 10:45:00,699.783
2026-04-13 11:00:00,719.407
2026-04-13 11:15:00,715.44
2026-04-13 11:30:00,669.152
2026-04-13 11:45:00,684.157
2026-04-13 12:00:00,712.825
2026-04-13 12:15:00,709.842
2026-04-13 12:30:00,693.736
2026-04-13 12:45:00,649.042
2026-04-13 13:00:00,0.0
2026-04-13 13:15:00,0.0
2026-04-13 13:30:00,0.0
2026-04-13 13:45:00,0.0
2026-04-13 14:00:00,0.0
2026-04-13 14:15:00,0.0
2026-04-13 14:30:00,0.0
2026-04-13 14:45:00,0.0
2026-04-13 15:00:00,0.0
2026-04-13 15:15:00,0.0
2026-04-13 15:30:00,0.0
2026-04-13 15:45:00,0.0
2026-04-13 16:00:00,0.0
2026-04-13 16:15:00,0.0
2026-04-13 16:30:00,0.0
2026-04-13 16:45:00,0.0
2026-04-13 17:00:00,0.0
2026-04-13 17:15:00,0.0
2026-04-13 17:30:00,0.0
2026-04-13 17:45:00,0.0
2026-04-13 18:00:00,0.0
2026-04-13 18:15:00,0.0
2026-04-13 18:30:00,0.0
2026-04-13 18:45:00,0.0
2026-04-13 19:00:00,0.0
2026-04-13 19:15:00,0.0
2026-04-13 19:30:00,0.0
2026-04-13 19:45:00,0.0
2026-04-13 20:00:00,0.0
2026-04-13 20:15:00,0.0
2026-04-13 20:30:00,0.0
2026-04-13 20:45:00,0.0
2026-04-13 21:00:00,0.0
2026-04-13 21:15:00,0.0
2026-04-13 21:30:00,0.0
2026-04-13 21:45:00,0.0
2026-04-13 22:00:00,0.0
2026-04-13 22:15:00,0.0
2026-04-13 22:30:00,0.0
2026-04-13 22:45:00,0.0
2026-04-13 23:00:00,0.0
2026-04-13 23:15:00,0.0
2026-04-13 23:30:00,0.0
2026-04-13 23:45:00,0.0
