time,实时发电_光伏
2025-06-11 00:00:00,0.0
2025-06-11 00:15:00,0.0
2025-06-11 00:30:00,0.0
2025-06-11 00:45:00,0.0
2025-06-11 01:00:00,0.0
2025-06-11 01:15:00,0.0
2025-06-11 01:30:00,0.0
2025-06-11 01:45:00,0.0
2025-06-11 02:00:00,0.0
2025-06-11 02:15:00,0.0
2025-06-11 02:30:00,0.0
2025-06-11 02:45:00,0.0
2025-06-11 03:00:00,0.0
2025-06-11 03:15:00,0.0
2025-06-11 03:30:00,0.0
2025-06-11 03:45:00,0.0
2025-06-11 04:00:00,0.0
2025-06-11 04:15:00,0.0
2025-06-11 04:30:00,0.0
2025-06-11 04:45:00,0.0
2025-06-11 05:00:00,0.0
2025-06-11 05:15:00,0.832
2025-06-11 05:30:00,2.172
2025-06-11 05:45:00,6.608
2025-06-11 06:00:00,15.273
2025-06-11 06:15:00,29.868
2025-06-11 06:30:00,48.34
2025-06-11 06:45:00,67.93
2025-06-11 07:00:00,90.827
2025-06-11 07:15:00,112.202
2025-06-11 07:30:00,134.932
2025-06-11 07:45:00,162.025
2025-06-11 08:00:00,184.447
2025-06-11 08:15:00,201.62
2025-06-11 08:30:00,218.24
2025-06-11 08:45:00,229.0
2025-06-11 09:00:00,249.837
2025-06-11 09:15:00,267.453
2025-06-11 09:30:00,278.595
2025-06-11 09:45:00,300.693
2025-06-11 10:00:00,314.755
2025-06-11 10:15:00,333.027
2025-06-11 10:30:00,341.788
2025-06-11 10:45:00,357.323
2025-06-11 11:00:00,376.728
2025-06-11 11:15:00,398.65
2025-06-11 11:30:00,402.913
2025-06-11 11:45:00,403.182
2025-06-11 12:00:00,413.125
2025-06-11 12:15:00,414.565
2025-06-11 12:30:00,407.355
2025-06-11 12:45:00,410.397
2025-06-11 13:00:00,410.19
2025-06-11 13:15:00,393.967
2025-06-11 13:30:00,397.69
2025-06-11 13:45:00,387.694
2025-06-11 14:00:00,364.646
2025-06-11 14:15:00,355.95
2025-06-11 14:30:00,342.703
2025-06-11 14:45:00,329.212
2025-06-11 15:00:00,318.207
2025-06-11 15:15:00,293.05
2025-06-11 15:30:00,268.135
2025-06-11 15:45:00,256.675
2025-06-11 16:00:00,235.115
2025-06-11 16:15:00,219.633
2025-06-11 16:30:00,197.827
2025-06-11 16:45:00,171.497
2025-06-11 17:00:00,155.637
2025-06-11 17:15:00,131.12
2025-06-11 17:30:00,101.918
2025-06-11 17:45:00,77.482
2025-06-11 18:00:00,57.38
2025-06-11 18:15:00,38.42
2025-06-11 18:30:00,23.542
2025-06-11 18:45:00,13.33
2025-06-11 19:00:00,5.705
2025-06-11 19:15:00,1.393
2025-06-11 19:30:00,0.582
2025-06-11 19:45:00,0.395
2025-06-11 20:00:00,0.255
2025-06-11 20:15:00,0.0
2025-06-11 20:30:00,0.0
2025-06-11 20:45:00,0.0
2025-06-11 21:00:00,0.0
2025-06-11 21:15:00,0.0
2025-06-11 21:30:00,0.0
2025-06-11 21:45:00,0.0
2025-06-11 22:00:00,0.0
2025-06-11 22:15:00,0.0
2025-06-11 22:30:00,0.0
2025-06-11 22:45:00,0.0
2025-06-11 23:00:00,0.0
2025-06-11 23:15:00,0.0
2025-06-11 23:30:00,0.0
2025-06-11 23:45:00,0.0
2025-06-12 00:00:00,0.0
2025-06-12 00:15:00,0.0
2025-06-12 00:30:00,0.0
2025-06-12 00:45:00,0.0
2025-06-12 01:00:00,0.0
2025-06-12 01:15:00,0.0
2025-06-12 01:30:00,0.0
2025-06-12 01:45:00,0.0
2025-06-12 02:00:00,0.0
2025-06-12 02:15:00,0.0
2025-06-12 02:30:00,0.0
2025-06-12 02:45:00,0.0
2025-06-12 03:00:00,0.0
2025-06-12 03:15:00,0.0
2025-06-12 03:30:00,0.0
2025-06-12 03:45:00,0.0
2025-06-12 04:00:00,0.0
2025-06-12 04:15:00,0.0
2025-06-12 04:30:00,0.0
2025-06-12 04:45:00,0.0
2025-06-12 05:00:00,0.0
2025-06-12 05:15:00,0.27
2025-06-12 05:30:00,1.385
2025-06-12 05:45:00,4.762
2025-06-12 06:00:00,13.472
2025-06-12 06:15:00,27.535
2025-06-12 06:30:00,45.3
2025-06-12 06:45:00,66.277
2025-06-12 07:00:00,89.81
2025-06-12 07:15:00,114.17
2025-06-12 07:30:00,139.723
2025-06-12 07:45:00,159.533
2025-06-12 08:00:00,183.48
2025-06-12 08:15:00,210.762
2025-06-12 08:30:00,238.527
2025-06-12 08:45:00,244.24
2025-06-12 09:00:00,258.96
2025-06-12 09:15:00,281.353
2025-06-12 09:30:00,293.97
2025-06-12 09:45:00,313.335
2025-06-12 10:00:00,334.025
2025-06-12 10:15:00,352.515
2025-06-12 10:30:00,370.82
2025-06-12 10:45:00,382.83
2025-06-12 11:00:00,402.693
2025-06-12 11:15:00,416.11
2025-06-12 11:30:00,421.188
2025-06-12 11:45:00,417.467
2025-06-12 12:00:00,427.087
2025-06-12 12:15:00,429.612
2025-06-12 12:30:00,439.953
2025-06-12 12:45:00,435.735
2025-06-12 13:00:00,437.31
2025-06-12 13:15:00,439.915
2025-06-12 13:30:00,443.645
2025-06-12 13:45:00,429.078
2025-06-12 14:00:00,413.133
2025-06-12 14:15:00,398.66
2025-06-12 14:30:00,390.832
2025-06-12 14:45:00,374.543
2025-06-12 15:00:00,370.038
2025-06-12 15:15:00,350.165
2025-06-12 15:30:00,331.247
2025-06-12 15:45:00,312.807
2025-06-12 16:00:00,275.66
2025-06-12 16:15:00,253.31
2025-06-12 16:30:00,230.747
2025-06-12 16:45:00,203.898
2025-06-12 17:00:00,172.327
2025-06-12 17:15:00,149.895
2025-06-12 17:30:00,128.602
2025-06-12 17:45:00,119.618
2025-06-12 18:00:00,86.665
2025-06-12 18:15:00,60.645
2025-06-12 18:30:00,39.458
2025-06-12 18:45:00,23.683
2025-06-12 19:00:00,9.09
2025-06-12 19:15:00,3.64
2025-06-12 19:30:00,1.915
2025-06-12 19:45:00,1.712
2025-06-12 20:00:00,1.07
2025-06-12 20:15:00,0.0
2025-06-12 20:30:00,0.0
2025-06-12 20:45:00,0.0
2025-06-12 21:00:00,0.0
2025-06-12 21:15:00,0.0
2025-06-12 21:30:00,0.0
2025-06-12 21:45:00,0.0
2025-06-12 22:00:00,0.0
2025-06-12 22:15:00,0.0
2025-06-12 22:30:00,0.0
2025-06-12 22:45:00,0.0
2025-06-12 23:00:00,0.0
2025-06-12 23:15:00,0.0
2025-06-12 23:30:00,0.0
2025-06-12 23:45:00,0.0
2025-06-13 00:00:00,0.0
2025-06-13 00:15:00,0.0
2025-06-13 00:30:00,0.0
2025-06-13 00:45:00,0.0
2025-06-13 01:00:00,0.0
2025-06-13 01:15:00,0.0
2025-06-13 01:30:00,0.0
2025-06-13 01:45:00,0.0
2025-06-13 02:00:00,0.0
2025-06-13 02:15:00,0.0
2025-06-13 02:30:00,0.0
2025-06-13 02:45:00,0.0
2025-06-13 03:00:00,0.0
2025-06-13 03:15:00,0.0
2025-06-13 03:30:00,0.0
2025-06-13 03:45:00,0.0
2025-06-13 04:00:00,0.0
2025-06-13 04:15:00,0.0
2025-06-13 04:30:00,0.0
2025-06-13 04:45:00,0.0
2025-06-13 05:00:00,0.343
2025-06-13 05:15:00,0.34
2025-06-13 05:30:00,1.217
2025-06-13 05:45:00,6.4
2025-06-13 06:00:00,18.458
2025-06-13 06:15:00,39.775
2025-06-13 06:30:00,64.338
2025-06-13 06:45:00,92.658
2025-06-13 07:00:00,125.185
2025-06-13 07:15:00,162.438
2025-06-13 07:30:00,201.205
2025-06-13 07:45:00,237.383
2025-06-13 08:00:00,277.578
2025-06-13 08:15:00,323.103
2025-06-13 08:30:00,367.962
2025-06-13 08:45:00,432.16
2025-06-13 09:00:00,471.668
2025-06-13 09:15:00,515.195
2025-06-13 09:30:00,518.199
2025-06-13 09:45:00,497.055
2025-06-13 10:00:00,561.397
2025-06-13 10:15:00,591.253
2025-06-13 10:30:00,600.665
2025-06-13 10:45:00,650.655
2025-06-13 11:00:00,677.185
2025-06-13 11:15:00,664.078
2025-06-13 11:30:00,672.95
2025-06-13 11:45:00,676.26
2025-06-13 12:00:00,693.975
2025-06-13 12:15:00,684.15
2025-06-13 12:30:00,692.328
2025-06-13 12:45:00,707.675
2025-06-13 13:00:00,699.828
2025-06-13 13:15:00,690.622
2025-06-13 13:30:00,606.416
2025-06-13 13:45:00,655.954
2025-06-13 14:00:00,618.451
2025-06-13 14:15:00,626.521
2025-06-13 14:30:00,595.821
2025-06-13 14:45:00,599.492
2025-06-13 15:00:00,564.828
2025-06-13 15:15:00,525.338
2025-06-13 15:30:00,494.047
2025-06-13 15:45:00,468.95
2025-06-13 16:00:00,430.575
2025-06-13 16:15:00,387.3
2025-06-13 16:30:00,342.372
2025-06-13 16:45:00,298.325
2025-06-13 17:00:00,257.29
2025-06-13 17:15:00,211.965
2025-06-13 17:30:00,171.503
2025-06-13 17:45:00,137.462
2025-06-13 18:00:00,104.713
2025-06-13 18:15:00,74.79
2025-06-13 18:30:00,44.975
2025-06-13 18:45:00,26.917
2025-06-13 19:00:00,11.615
2025-06-13 19:15:00,2.303
2025-06-13 19:30:00,0.697
2025-06-13 19:45:00,0.465
2025-06-13 20:00:00,0.377
2025-06-13 20:15:00,0.0
2025-06-13 20:30:00,0.0
2025-06-13 20:45:00,0.0
2025-06-13 21:00:00,0.0
2025-06-13 21:15:00,0.0
2025-06-13 21:30:00,0.0
2025-06-13 21:45:00,0.0
2025-06-13 22:00:00,0.0
2025-06-13 22:15:00,0.0
2025-06-13 22:30:00,0.0
2025-06-13 22:45:00,0.0
2025-06-13 23:00:00,0.0
2025-06-13 23:15:00,0.0
2025-06-13 23:30:00,0.0
2025-06-13 23:45:00,0.0
2025-06-14 00:00:00,0.0
2025-06-14 00:15:00,0.0
2025-06-14 00:30:00,0.0
2025-06-14 00:45:00,0.0
2025-06-14 01:00:00,0.0
2025-06-14 01:15:00,0.0
2025-06-14 01:30:00,0.0
2025-06-14 01:45:00,0.0
2025-06-14 02:00:00,0.0
2025-06-14 02:15:00,0.0
2025-06-14 02:30:00,0.0
2025-06-14 02:45:00,0.0
2025-06-14 03:00:00,0.0
2025-06-14 03:15:00,0.0
2025-06-14 03:30:00,0.0
2025-06-14 03:45:00,0.0
2025-06-14 04:00:00,0.0
2025-06-14 04:15:00,0.0
2025-06-14 04:30:00,0.0
2025-06-14 04:45:00,0.0
2025-06-14 05:00:00,0.51
2025-06-14 05:15:00,0.775
2025-06-14 05:30:00,2.793
2025-06-14 05:45:00,9.712
2025-06-14 06:00:00,25.587
2025-06-14 06:15:00,49.583
2025-06-14 06:30:00,76.887
2025-06-14 06:45:00,112.967
2025-06-14 07:00:00,153.538
2025-06-14 07:15:00,182.292
2025-06-14 07:30:00,182.196
2025-06-14 07:45:00,175.44
2025-06-14 08:00:00,262.264
2025-06-14 08:15:00,279.612
2025-06-14 08:30:00,302.079
2025-06-14 08:45:00,366.745
2025-06-14 09:00:00,489.918
2025-06-14 09:15:00,544.448
2025-06-14 09:30:00,544.21
2025-06-14 09:45:00,657.06
2025-06-14 10:00:00,675.133
2025-06-14 10:15:00,703.075
2025-06-14 10:30:00,741.785
2025-06-14 10:45:00,747.083
2025-06-14 11:00:00,762.047
2025-06-14 11:15:00,774.715
2025-06-14 11:30:00,789.112
2025-06-14 11:45:00,789.805
2025-06-14 12:00:00,788.363
2025-06-14 12:15:00,733.672
2025-06-14 12:30:00,720.892
2025-06-14 12:45:00,715.276
2025-06-14 13:00:00,691.696
2025-06-14 13:15:00,698.298
2025-06-14 13:30:00,672.413
2025-06-14 13:45:00,654.997
2025-06-14 14:00:00,683.523
2025-06-14 14:15:00,639.157
2025-06-14 14:30:00,608.477
2025-06-14 14:45:00,601.294
2025-06-14 15:00:00,577.005
2025-06-14 15:15:00,531.602
2025-06-14 15:30:00,508.37
2025-06-14 15:45:00,470.578
2025-06-14 16:00:00,438.193
2025-06-14 16:15:00,398.17
2025-06-14 16:30:00,353.283
2025-06-14 16:45:00,303.615
2025-06-14 17:00:00,260.788
2025-06-14 17:15:00,208.277
2025-06-14 17:30:00,168.492
2025-06-14 17:45:00,129.905
2025-06-14 18:00:00,98.732
2025-06-14 18:15:00,67.445
2025-06-14 18:30:00,43.002
2025-06-14 18:45:00,26.392
2025-06-14 19:00:00,13.073
2025-06-14 19:15:00,3.918
2025-06-14 19:30:00,3.047
2025-06-14 19:45:00,2.115
2025-06-14 20:00:00,1.165
2025-06-14 20:15:00,0.0
2025-06-14 20:30:00,0.0
2025-06-14 20:45:00,0.0
2025-06-14 21:00:00,0.0
2025-06-14 21:15:00,0.0
2025-06-14 21:30:00,0.0
2025-06-14 21:45:00,0.0
2025-06-14 22:00:00,0.0
2025-06-14 22:15:00,0.0
2025-06-14 22:30:00,0.0
2025-06-14 22:45:00,0.0
2025-06-14 23:00:00,0.0
2025-06-14 23:15:00,0.0
2025-06-14 23:30:00,0.0
2025-06-14 23:45:00,0.0
2025-06-15 00:00:00,0.0
2025-06-15 00:15:00,0.0
2025-06-15 00:30:00,0.0
2025-06-15 00:45:00,0.0
2025-06-15 01:00:00,0.0
2025-06-15 01:15:00,0.0
2025-06-15 01:30:00,0.0
2025-06-15 01:45:00,0.0
2025-06-15 02:00:00,0.0
2025-06-15 02:15:00,0.0
2025-06-15 02:30:00,0.0
2025-06-15 02:45:00,0.0
2025-06-15 03:00:00,0.0
2025-06-15 03:15:00,0.0
2025-06-15 03:30:00,0.0
2025-06-15 03:45:00,0.0
2025-06-15 04:00:00,0.0
2025-06-15 04:15:00,0.0
2025-06-15 04:30:00,0.0
2025-06-15 04:45:00,0.0
2025-06-15 05:00:00,0.0
2025-06-15 05:15:00,0.0
2025-06-15 05:30:00,1.112
2025-06-15 05:45:00,5.747
2025-06-15 06:00:00,16.685
2025-06-15 06:15:00,32.72
2025-06-15 06:30:00,52.912
2025-06-15 06:45:00,76.745
2025-06-15 07:00:00,103.77
2025-06-15 07:15:00,114.195
2025-06-15 07:30:00,121.809
2025-06-15 07:45:00,135.112
2025-06-15 08:00:00,148.451
2025-06-15 08:15:00,187.119
2025-06-15 08:30:00,261.829
2025-06-15 08:45:00,288.613
2025-06-15 09:00:00,251.599
2025-06-15 09:15:00,271.197
2025-06-15 09:30:00,291.109
2025-06-15 09:45:00,374.364
2025-06-15 10:00:00,463.405
2025-06-15 10:15:00,506.81
2025-06-15 10:30:00,532.23
2025-06-15 10:45:00,551.521
2025-06-15 11:00:00,550.311
2025-06-15 11:15:00,429.045
2025-06-15 11:30:00,483.781
2025-06-15 11:45:00,455.951
2025-06-15 12:00:00,413.883
2025-06-15 12:15:00,357.314
2025-06-15 12:30:00,461.479
2025-06-15 12:45:00,448.479
2025-06-15 13:00:00,393.311
2025-06-15 13:15:00,414.725
2025-06-15 13:30:00,366.117
2025-06-15 13:45:00,375.28
2025-06-15 14:00:00,430.769
2025-06-15 14:15:00,453.025
2025-06-15 14:30:00,417.36
2025-06-15 14:45:00,424.668
2025-06-15 15:00:00,376.37
2025-06-15 15:15:00,393.544
2025-06-15 15:30:00,434.115
2025-06-15 15:45:00,385.069
2025-06-15 16:00:00,336.332
2025-06-15 16:15:00,318.409
2025-06-15 16:30:00,311.723
2025-06-15 16:45:00,281.99
2025-06-15 17:00:00,236.69
2025-06-15 17:15:00,204.435
2025-06-15 17:30:00,162.523
2025-06-15 17:45:00,129.185
2025-06-15 18:00:00,105.677
2025-06-15 18:15:00,70.713
2025-06-15 18:30:00,44.912
2025-06-15 18:45:00,27.01
2025-06-15 19:00:00,12.623
2025-06-15 19:15:00,2.328
2025-06-15 19:30:00,1.04
2025-06-15 19:45:00,1.195
2025-06-15 20:00:00,1.085
2025-06-15 20:15:00,0.45
2025-06-15 20:30:00,0.0
2025-06-15 20:45:00,0.0
2025-06-15 21:00:00,0.0
2025-06-15 21:15:00,0.0
2025-06-15 21:30:00,0.0
2025-06-15 21:45:00,0.0
2025-06-15 22:00:00,0.0
2025-06-15 22:15:00,0.0
2025-06-15 22:30:00,0.0
2025-06-15 22:45:00,0.0
2025-06-15 23:00:00,0.0
2025-06-15 23:15:00,0.0
2025-06-15 23:30:00,0.0
2025-06-15 23:45:00,0.0
2025-06-16 00:00:00,0.0
2025-06-16 00:15:00,0.0
2025-06-16 00:30:00,0.0
2025-06-16 00:45:00,0.0
2025-06-16 01:00:00,0.0
2025-06-16 01:15:00,0.0
2025-06-16 01:30:00,0.0
2025-06-16 01:45:00,0.0
2025-06-16 02:00:00,0.0
2025-06-16 02:15:00,0.0
2025-06-16 02:30:00,0.0
2025-06-16 02:45:00,0.0
2025-06-16 03:00:00,0.0
2025-06-16 03:15:00,0.0
2025-06-16 03:30:00,0.0
2025-06-16 03:45:00,0.0
2025-06-16 04:00:00,0.0
2025-06-16 04:15:00,0.0
2025-06-16 04:30:00,0.0
2025-06-16 04:45:00,0.0
2025-06-16 05:00:00,0.47
2025-06-16 05:15:00,1.125
2025-06-16 05:30:00,2.743
2025-06-16 05:45:00,9.163
2025-06-16 06:00:00,27.118
2025-06-16 06:15:00,52.995
2025-06-16 06:30:00,82.525
2025-06-16 06:45:00,108.249
2025-06-16 07:00:00,117.256
2025-06-16 07:15:00,105.353
2025-06-16 07:30:00,54.093
2025-06-16 07:45:00,37.845
2025-06-16 08:00:00,89.026
2025-06-16 08:15:00,100.735
2025-06-16 08:30:00,202.593
2025-06-16 08:45:00,297.984
2025-06-16 09:00:00,359.352
2025-06-16 09:15:00,367.796
2025-06-16 09:30:00,340.586
2025-06-16 09:45:00,357.652
2025-06-16 10:00:00,374.794
2025-06-16 10:15:00,411.418
2025-06-16 10:30:00,538.18
2025-06-16 10:45:00,525.706
2025-06-16 11:00:00,551.371
2025-06-16 11:15:00,604.834
2025-06-16 11:30:00,570.91
2025-06-16 11:45:00,406.93
2025-06-16 12:00:00,509.622
2025-06-16 12:15:00,402.147
2025-06-16 12:30:00,400.237
2025-06-16 12:45:00,428.24
2025-06-16 13:00:00,424.43
2025-06-16 13:15:00,435.62
2025-06-16 13:30:00,360.263
2025-06-16 13:45:00,360.361
2025-06-16 14:00:00,468.561
2025-06-16 14:15:00,514.477
2025-06-16 14:30:00,607.703
2025-06-16 14:45:00,582.565
2025-06-16 15:00:00,540.605
2025-06-16 15:15:00,518.568
2025-06-16 15:30:00,489.98
2025-06-16 15:45:00,497.625
2025-06-16 16:00:00,469.703
2025-06-16 16:15:00,427.785
2025-06-16 16:30:00,393.94
2025-06-16 16:45:00,336.293
2025-06-16 17:00:00,290.6
2025-06-16 17:15:00,238.242
2025-06-16 17:30:00,195.19
2025-06-16 17:45:00,155.182
2025-06-16 18:00:00,112.905
2025-06-16 18:15:00,78.573
2025-06-16 18:30:00,52.695
2025-06-16 18:45:00,30.237
2025-06-16 19:00:00,14.405
2025-06-16 19:15:00,6.133
2025-06-16 19:30:00,1.683
2025-06-16 19:45:00,1.102
2025-06-16 20:00:00,0.665
2025-06-16 20:15:00,0.32
2025-06-16 20:30:00,0.0
2025-06-16 20:45:00,0.0
2025-06-16 21:00:00,0.0
2025-06-16 21:15:00,0.0
2025-06-16 21:30:00,0.0
2025-06-16 21:45:00,0.0
2025-06-16 22:00:00,0.0
2025-06-16 22:15:00,0.0
2025-06-16 22:30:00,0.0
2025-06-16 22:45:00,0.0
2025-06-16 23:00:00,0.0
2025-06-16 23:15:00,0.0
2025-06-16 23:30:00,0.0
2025-06-16 23:45:00,0.0
2025-06-17 00:00:00,0.0
2025-06-17 00:15:00,0.0
2025-06-17 00:30:00,0.0
2025-06-17 00:45:00,0.0
2025-06-17 01:00:00,0.0
2025-06-17 01:15:00,0.0
2025-06-17 01:30:00,0.0
2025-06-17 01:45:00,0.0
2025-06-17 02:00:00,0.0
2025-06-17 02:15:00,0.0
2025-06-17 02:30:00,0.0
2025-06-17 02:45:00,0.0
2025-06-17 03:00:00,0.0
2025-06-17 03:15:00,0.0
2025-06-17 03:30:00,0.0
2025-06-17 03:45:00,0.0
2025-06-17 04:00:00,0.0
2025-06-17 04:15:00,0.0
2025-06-17 04:30:00,0.0
2025-06-17 04:45:00,0.0
2025-06-17 05:00:00,0.262
2025-06-17 05:15:00,0.845
2025-06-17 05:30:00,3.24
2025-06-17 05:45:00,9.967
2025-06-17 06:00:00,28.065
2025-06-17 06:15:00,50.064
2025-06-17 06:30:00,66.96
2025-06-17 06:45:00,80.03
2025-06-17 07:00:00,110.358
2025-06-17 07:15:00,133.149
2025-06-17 07:30:00,143.78
2025-06-17 07:45:00,176.63
2025-06-17 08:00:00,232.942
2025-06-17 08:15:00,314.398
2025-06-17 08:30:00,422.41
2025-06-17 08:45:00,547.407
2025-06-17 09:00:00,582.602
2025-06-17 09:15:00,623.693
2025-06-17 09:30:00,653.693
2025-06-17 09:45:00,694.235
2025-06-17 10:00:00,742.865
2025-06-17 10:15:00,787.85
2025-06-17 10:30:00,807.328
2025-06-17 10:45:00,833.125
2025-06-17 11:00:00,843.771
2025-06-17 11:15:00,858.728
2025-06-17 11:30:00,861.864
2025-06-17 11:45:00,859.559
2025-06-17 12:00:00,842.776
2025-06-17 12:15:00,847.024
2025-06-17 12:30:00,837.991
2025-06-17 12:45:00,843.905
2025-06-17 13:00:00,825.065
2025-06-17 13:15:00,731.104
2025-06-17 13:30:00,735.976
2025-06-17 13:45:00,702.865
2025-06-17 14:00:00,723.136
2025-06-17 14:15:00,689.661
2025-06-17 14:30:00,666.422
2025-06-17 14:45:00,648.499
2025-06-17 15:00:00,606.554
2025-06-17 15:15:00,588.732
2025-06-17 15:30:00,553.823
2025-06-17 15:45:00,522.325
2025-06-17 16:00:00,477.367
2025-06-17 16:15:00,428.025
2025-06-17 16:30:00,378.79
2025-06-17 16:45:00,280.237
2025-06-17 17:00:00,232.646
2025-06-17 17:15:00,191.852
2025-06-17 17:30:00,153.355
2025-06-17 17:45:00,117.585
2025-06-17 18:00:00,88.645
2025-06-17 18:15:00,63.396
2025-06-17 18:30:00,36.733
2025-06-17 18:45:00,19.559
2025-06-17 19:00:00,9.73
2025-06-17 19:15:00,3.582
2025-06-17 19:30:00,0.952
2025-06-17 19:45:00,0.0
2025-06-17 20:00:00,0.0
2025-06-17 20:15:00,0.0
2025-06-17 20:30:00,0.0
2025-06-17 20:45:00,0.0
2025-06-17 21:00:00,0.0
2025-06-17 21:15:00,0.0
2025-06-17 21:30:00,0.0
2025-06-17 21:45:00,0.0
2025-06-17 22:00:00,0.0
2025-06-17 22:15:00,0.0
2025-06-17 22:30:00,0.0
2025-06-17 22:45:00,0.0
2025-06-17 23:00:00,0.0
2025-06-17 23:15:00,0.0
2025-06-17 23:30:00,0.0
2025-06-17 23:45:00,0.0
2025-06-18 00:00:00,0.0
2025-06-18 00:15:00,0.0
2025-06-18 00:30:00,0.0
2025-06-18 00:45:00,0.0
2025-06-18 01:00:00,0.0
2025-06-18 01:15:00,0.0
2025-06-18 01:30:00,0.0
2025-06-18 01:45:00,0.0
2025-06-18 02:00:00,0.0
2025-06-18 02:15:00,0.0
2025-06-18 02:30:00,0.0
2025-06-18 02:45:00,0.0
2025-06-18 03:00:00,0.0
2025-06-18 03:15:00,0.0
2025-06-18 03:30:00,0.0
2025-06-18 03:45:00,0.0
2025-06-18 04:00:00,0.0
2025-06-18 04:15:00,0.0
2025-06-18 04:30:00,0.0
2025-06-18 04:45:00,0.0
2025-06-18 05:00:00,0.0
2025-06-18 05:15:00,0.0
2025-06-18 05:30:00,1.242
2025-06-18 05:45:00,5.7
2025-06-18 06:00:00,17.395
2025-06-18 06:15:00,36.825
2025-06-18 06:30:00,60.842
2025-06-18 06:45:00,85.639
2025-06-18 07:00:00,112.952
2025-06-18 07:15:00,146.102
2025-06-18 07:30:00,167.202
2025-06-18 07:45:00,199.607
2025-06-18 08:00:00,233.755
2025-06-18 08:15:00,261.05
2025-06-18 08:30:00,286.047
2025-06-18 08:45:00,309.758
2025-06-18 09:00:00,317.905
2025-06-18 09:15:00,336.427
2025-06-18 09:30:00,355.473
2025-06-18 09:45:00,379.35
2025-06-18 10:00:00,398.703
2025-06-18 10:15:00,408.415
2025-06-18 10:30:00,407.915
2025-06-18 10:45:00,395.78
2025-06-18 11:00:00,412.42
2025-06-18 11:15:00,412.717
2025-06-18 11:30:00,411.921
2025-06-18 11:45:00,409.267
2025-06-18 12:00:00,381.87
2025-06-18 12:15:00,345.161
2025-06-18 12:30:00,358.049
2025-06-18 12:45:00,373.243
2025-06-18 13:00:00,339.89
2025-06-18 13:15:00,324.483
2025-06-18 13:30:00,302.073
2025-06-18 13:45:00,281.115
2025-06-18 14:00:00,282.212
2025-06-18 14:15:00,276.94
2025-06-18 14:30:00,261.367
2025-06-18 14:45:00,233.47
2025-06-18 15:00:00,230.307
2025-06-18 15:15:00,204.171
2025-06-18 15:30:00,188.789
2025-06-18 15:45:00,147.556
2025-06-18 16:00:00,125.91
2025-06-18 16:15:00,119.577
2025-06-18 16:30:00,105.235
2025-06-18 16:45:00,87.64
2025-06-18 17:00:00,68.595
2025-06-18 17:15:00,42.882
2025-06-18 17:30:00,32.175
2025-06-18 17:45:00,25.042
2025-06-18 18:00:00,18.183
2025-06-18 18:15:00,10.307
2025-06-18 18:30:00,6.273
2025-06-18 18:45:00,4.415
2025-06-18 19:00:00,2.19
2025-06-18 19:15:00,1.222
2025-06-18 19:30:00,0.535
2025-06-18 19:45:00,0.368
2025-06-18 20:00:00,0.0
2025-06-18 20:15:00,0.0
2025-06-18 20:30:00,0.0
2025-06-18 20:45:00,0.0
2025-06-18 21:00:00,0.0
2025-06-18 21:15:00,0.0
2025-06-18 21:30:00,0.0
2025-06-18 21:45:00,0.0
2025-06-18 22:00:00,0.0
2025-06-18 22:15:00,0.0
2025-06-18 22:30:00,0.0
2025-06-18 22:45:00,0.0
2025-06-18 23:00:00,0.0
2025-06-18 23:15:00,0.0
2025-06-18 23:30:00,0.0
2025-06-18 23:45:00,0.0
2025-06-19 00:00:00,0.0
2025-06-19 00:15:00,0.0
2025-06-19 00:30:00,0.0
2025-06-19 00:45:00,0.0
2025-06-19 01:00:00,0.0
2025-06-19 01:15:00,0.0
2025-06-19 01:30:00,0.0
2025-06-19 01:45:00,0.0
2025-06-19 02:00:00,0.0
2025-06-19 02:15:00,0.0
2025-06-19 02:30:00,0.0
2025-06-19 02:45:00,0.0
2025-06-19 03:00:00,0.0
2025-06-19 03:15:00,0.0
2025-06-19 03:30:00,0.0
2025-06-19 03:45:00,0.0
2025-06-19 04:00:00,0.0
2025-06-19 04:15:00,0.0
2025-06-19 04:30:00,0.0
2025-06-19 04:45:00,0.0
2025-06-19 05:00:00,0.0
2025-06-19 05:15:00,0.0
2025-06-19 05:30:00,0.461
2025-06-19 05:45:00,1.484
2025-06-19 06:00:00,3.955
2025-06-19 06:15:00,9.889
2025-06-19 06:30:00,18.911
2025-06-19 06:45:00,27.901
2025-06-19 07:00:00,41.857
2025-06-19 07:15:00,57.823
2025-06-19 07:30:00,67.598
2025-06-19 07:45:00,78.994
2025-06-19 08:00:00,97.193
2025-06-19 08:15:00,117.431
2025-06-19 08:30:00,134.107
2025-06-19 08:45:00,150.555
2025-06-19 09:00:00,142.813
2025-06-19 09:15:00,148.243
2025-06-19 09:30:00,150.707
2025-06-19 09:45:00,166.093
2025-06-19 10:00:00,194.537
2025-06-19 10:15:00,206.836
2025-06-19 10:30:00,203.321
2025-06-19 10:45:00,213.613
2025-06-19 11:00:00,205.161
2025-06-19 11:15:00,212.322
2025-06-19 11:30:00,247.374
2025-06-19 11:45:00,193.229
2025-06-19 12:00:00,147.298
2025-06-19 12:15:00,133.522
2025-06-19 12:30:00,110.309
2025-06-19 12:45:00,107.991
2025-06-19 13:00:00,133.062
2025-06-19 13:15:00,120.68
2025-06-19 13:30:00,122.953
2025-06-19 13:45:00,108.087
2025-06-19 14:00:00,110.388
2025-06-19 14:15:00,106.95
2025-06-19 14:30:00,126.095
2025-06-19 14:45:00,137.428
2025-06-19 15:00:00,143.986
2025-06-19 15:15:00,131.799
2025-06-19 15:30:00,127.245
2025-06-19 15:45:00,134.401
2025-06-19 16:00:00,137.961
2025-06-19 16:15:00,111.575
2025-06-19 16:30:00,92.92
2025-06-19 16:45:00,82.287
2025-06-19 17:00:00,70.506
2025-06-19 17:15:00,63.716
2025-06-19 17:30:00,50.357
2025-06-19 17:45:00,40.313
2025-06-19 18:00:00,32.801
2025-06-19 18:15:00,23.051
2025-06-19 18:30:00,13.816
2025-06-19 18:45:00,8.346
2025-06-19 19:00:00,4.715
2025-06-19 19:15:00,1.712
2025-06-19 19:30:00,1.185
2025-06-19 19:45:00,0.578
2025-06-19 20:00:00,0.37
2025-06-19 20:15:00,0.0
2025-06-19 20:30:00,0.0
2025-06-19 20:45:00,0.0
2025-06-19 21:00:00,0.0
2025-06-19 21:15:00,0.0
2025-06-19 21:30:00,0.0
2025-06-19 21:45:00,0.0
2025-06-19 22:00:00,0.0
2025-06-19 22:15:00,0.0
2025-06-19 22:30:00,0.0
2025-06-19 22:45:00,0.0
2025-06-19 23:00:00,0.0
2025-06-19 23:15:00,0.0
2025-06-19 23:30:00,0.0
2025-06-19 23:45:00,0.0
2025-06-20 00:00:00,0.0
2025-06-20 00:15:00,0.0
2025-06-20 00:30:00,0.0
2025-06-20 00:45:00,0.0
2025-06-20 01:00:00,0.0
2025-06-20 01:15:00,0.0
2025-06-20 01:30:00,0.0
2025-06-20 01:45:00,0.0
2025-06-20 02:00:00,0.0
2025-06-20 02:15:00,0.0
2025-06-20 02:30:00,0.0
2025-06-20 02:45:00,0.0
2025-06-20 03:00:00,0.0
2025-06-20 03:15:00,0.0
2025-06-20 03:30:00,0.0
2025-06-20 03:45:00,0.0
2025-06-20 04:00:00,0.0
2025-06-20 04:15:00,0.0
2025-06-20 04:30:00,0.0
2025-06-20 04:45:00,0.0
2025-06-20 05:00:00,0.0
2025-06-20 05:15:00,0.0
2025-06-20 05:30:00,0.415
2025-06-20 05:45:00,2.636
2025-06-20 06:00:00,2.559
2025-06-20 06:15:00,7.162
2025-06-20 06:30:00,8.193
2025-06-20 06:45:00,10.296
2025-06-20 07:00:00,13.688
2025-06-20 07:15:00,17.165
2025-06-20 07:30:00,15.101
2025-06-20 07:45:00,21.436
2025-06-20 08:00:00,31.497
2025-06-20 08:15:00,42.868
2025-06-20 08:30:00,59.796
2025-06-20 08:45:00,72.601
2025-06-20 09:00:00,71.651
2025-06-20 09:15:00,75.171
2025-06-20 09:30:00,79.476
2025-06-20 09:45:00,85.591
2025-06-20 10:00:00,115.27
2025-06-20 10:15:00,150.911
2025-06-20 10:30:00,145.35
2025-06-20 10:45:00,178.113
2025-06-20 11:00:00,179.992
2025-06-20 11:15:00,143.638
2025-06-20 11:30:00,144.97
2025-06-20 11:45:00,108.162
2025-06-20 12:00:00,77.71
2025-06-20 12:15:00,70.86
2025-06-20 12:30:00,62.932
2025-06-20 12:45:00,65.777
2025-06-20 13:00:00,98.791
2025-06-20 13:15:00,63.598
2025-06-20 13:30:00,75.78
2025-06-20 13:45:00,62.837
2025-06-20 14:00:00,112.635
2025-06-20 14:15:00,153.883
2025-06-20 14:30:00,138.913
2025-06-20 14:45:00,130.387
2025-06-20 15:00:00,122.06
2025-06-20 15:15:00,113.72
2025-06-20 15:30:00,118.095
2025-06-20 15:45:00,106.471
2025-06-20 16:00:00,101.784
2025-06-20 16:15:00,90.56
2025-06-20 16:30:00,77.505
2025-06-20 16:45:00,70.499
2025-06-20 17:00:00,62.596
2025-06-20 17:15:00,67.603
2025-06-20 17:30:00,56.435
2025-06-20 17:45:00,43.511
2025-06-20 18:00:00,30.85
2025-06-20 18:15:00,21.977
2025-06-20 18:30:00,14.937
2025-06-20 18:45:00,12.59
2025-06-20 19:00:00,6.445
2025-06-20 19:15:00,1.928
2025-06-20 19:30:00,1.138
2025-06-20 19:45:00,0.545
2025-06-20 20:00:00,0.0
2025-06-20 20:15:00,0.0
2025-06-20 20:30:00,0.0
2025-06-20 20:45:00,0.0
2025-06-20 21:00:00,0.0
2025-06-20 21:15:00,0.0
2025-06-20 21:30:00,0.0
2025-06-20 21:45:00,0.0
2025-06-20 22:00:00,0.0
2025-06-20 22:15:00,0.0
2025-06-20 22:30:00,0.0
2025-06-20 22:45:00,0.0
2025-06-20 23:00:00,0.0
2025-06-20 23:15:00,0.0
2025-06-20 23:30:00,0.0
2025-06-20 23:45:00,0.0
2025-08-01 00:00:00,0.0
2025-08-01 00:15:00,0.0
2025-08-01 00:30:00,0.0
2025-08-01 00:45:00,0.0
2025-08-01 01:00:00,0.0
2025-08-01 01:15:00,0.0
2025-08-01 01:30:00,0.0
2025-08-01 01:45:00,0.0
2025-08-01 02:00:00,0.0
2025-08-01 02:15:00,0.0
2025-08-01 02:30:00,0.0
2025-08-01 02:45:00,0.0
2025-08-01 03:00:00,0.0
2025-08-01 03:15:00,0.0
2025-08-01 03:30:00,0.0
2025-08-01 03:45:00,0.0
2025-08-01 04:00:00,0.0
2025-08-01 04:15:00,0.0
2025-08-01 04:30:00,0.0
2025-08-01 04:45:00,0.0
2025-08-01 05:00:00,0.0
2025-08-01 05:15:00,0.0
2025-08-01 05:30:00,0.697
2025-08-01 05:45:00,4.457
2025-08-01 06:00:00,16.747
2025-08-01 06:15:00,40.702
2025-08-01 06:30:00,76.065
2025-08-01 06:45:00,115.755
2025-08-01 07:00:00,164.717
2025-08-01 07:15:00,75.218
2025-08-01 07:30:00,235.501
2025-08-01 07:45:00,289.652
2025-08-01 08:00:00,113.146
2025-08-01 08:15:00,218.975
2025-08-01 08:30:00,182.563
2025-08-01 08:45:00,277.02
2025-08-01 09:00:00,241.877
2025-08-01 09:15:00,118.709
2025-08-01 09:30:00,98.266
2025-08-01 09:45:00,149.85
2025-08-01 10:00:00,141.425
2025-08-01 10:15:00,75.423
2025-08-01 10:30:00,86.273
2025-08-01 10:45:00,80.005
2025-08-01 11:00:00,176.038
2025-08-01 11:15:00,161.725
2025-08-01 11:30:00,155.728
2025-08-01 11:45:00,170.468
2025-08-01 12:00:00,315.338
2025-08-01 12:15:00,322.427
2025-08-01 12:30:00,498.542
2025-08-01 12:45:00,691.775
2025-08-01 13:00:00,731.059
2025-08-01 13:15:00,742.689
2025-08-01 13:30:00,832.566
2025-08-01 13:45:00,766.965
2025-08-01 14:00:00,699.504
2025-08-01 14:15:00,681.098
2025-08-01 14:30:00,552.883
2025-08-01 14:45:00,75.321
2025-08-01 15:00:00,75.056
2025-08-01 15:15:00,276.348
2025-08-01 15:30:00,136.241
2025-08-01 15:45:00,131.53
2025-08-01 16:00:00,406.609
2025-08-01 16:15:00,361.442
2025-08-01 16:30:00,132.199
2025-08-01 16:45:00,110.006
2025-08-01 17:00:00,98.799
2025-08-01 17:15:00,89.709
2025-08-01 17:30:00,85.693
2025-08-01 17:45:00,82.516
2025-08-01 18:00:00,68.559
2025-08-01 18:15:00,55.506
2025-08-01 18:30:00,41.995
2025-08-01 18:45:00,23.272
2025-08-01 19:00:00,6.932
2025-08-01 19:15:00,0.952
2025-08-01 19:30:00,1.158
2025-08-01 19:45:00,0.68
2025-08-01 20:00:00,0.278
2025-08-01 20:15:00,0.0
2025-08-01 20:30:00,0.0
2025-08-01 20:45:00,0.0
2025-08-01 21:00:00,0.0
2025-08-01 21:15:00,0.0
2025-08-01 21:30:00,0.0
2025-08-01 21:45:00,0.0
2025-08-01 22:00:00,0.0
2025-08-01 22:15:00,0.0
2025-08-01 22:30:00,0.0
2025-08-01 22:45:00,0.0
2025-08-01 23:00:00,0.0
2025-08-01 23:15:00,0.0
2025-08-01 23:30:00,0.0
2025-08-01 23:45:00,0.0
2025-08-02 00:00:00,0.0
2025-08-02 00:15:00,0.0
2025-08-02 00:30:00,0.0
2025-08-02 00:45:00,0.0
2025-08-02 01:00:00,0.0
2025-08-02 01:15:00,0.0
2025-08-02 01:30:00,0.0
2025-08-02 01:45:00,0.0
2025-08-02 02:00:00,0.0
2025-08-02 02:15:00,0.0
2025-08-02 02:30:00,0.0
2025-08-02 02:45:00,0.0
2025-08-02 03:00:00,0.0
2025-08-02 03:15:00,0.0
2025-08-02 03:30:00,0.0
2025-08-02 03:45:00,0.0
2025-08-02 04:00:00,0.0
2025-08-02 04:15:00,0.0
2025-08-02 04:30:00,0.0
2025-08-02 04:45:00,0.0
2025-08-02 05:00:00,0.0
2025-08-02 05:15:00,0.0
2025-08-02 05:30:00,0.788
2025-08-02 05:45:00,6.157
2025-08-02 06:00:00,18.048
2025-08-02 06:15:00,44.143
2025-08-02 06:30:00,80.66
2025-08-02 06:45:00,122.857
2025-08-02 07:00:00,173.402
2025-08-02 07:15:00,203.445
2025-08-02 07:30:00,101.39
2025-08-02 07:45:00,202.237
2025-08-02 08:00:00,75.423
2025-08-02 08:15:00,75.423
2025-08-02 08:30:00,75.423
2025-08-02 08:45:00,75.423
2025-08-02 09:00:00,75.423
2025-08-02 09:15:00,145.155
2025-08-02 09:30:00,141.915
2025-08-02 09:45:00,179.397
2025-08-02 10:00:00,167.01
2025-08-02 10:15:00,150.095
2025-08-02 10:30:00,190.027
2025-08-02 10:45:00,161.455
2025-08-02 11:00:00,172.891
2025-08-02 11:15:00,178.481
2025-08-02 11:30:00,179.788
2025-08-02 11:45:00,230.082
2025-08-02 12:00:00,181.018
2025-08-02 12:15:00,199.16
2025-08-02 12:30:00,683.739
2025-08-02 12:45:00,684.857
2025-08-02 13:00:00,732.071
2025-08-02 13:15:00,713.752
2025-08-02 13:30:00,737.677
2025-08-02 13:45:00,708.203
2025-08-02 14:00:00,652.967
2025-08-02 14:15:00,669.008
2025-08-02 14:30:00,669.974
2025-08-02 14:45:00,576.327
2025-08-02 15:00:00,602.579
2025-08-02 15:15:00,615.969
2025-08-02 15:30:00,566.324
2025-08-02 15:45:00,523.389
2025-08-02 16:00:00,186.887
2025-08-02 16:15:00,218.147
2025-08-02 16:30:00,124.588
2025-08-02 16:45:00,111.366
2025-08-02 17:00:00,105.871
2025-08-02 17:15:00,149.073
2025-08-02 17:30:00,129.371
2025-08-02 17:45:00,109.284
2025-08-02 18:00:00,70.658
2025-08-02 18:15:00,58.271
2025-08-02 18:30:00,44.795
2025-08-02 18:45:00,24.858
2025-08-02 19:00:00,8.585
2025-08-02 19:15:00,1.03
2025-08-02 19:30:00,1.188
2025-08-02 19:45:00,0.832
2025-08-02 20:00:00,0.368
2025-08-02 20:15:00,0.0
2025-08-02 20:30:00,0.0
2025-08-02 20:45:00,0.0
2025-08-02 21:00:00,0.0
2025-08-02 21:15:00,0.0
2025-08-02 21:30:00,0.0
2025-08-02 21:45:00,0.0
2025-08-02 22:00:00,0.0
2025-08-02 22:15:00,0.0
2025-08-02 22:30:00,0.0
2025-08-02 22:45:00,0.0
2025-08-02 23:00:00,0.0
2025-08-02 23:15:00,0.0
2025-08-02 23:30:00,0.0
2025-08-02 23:45:00,0.0
2025-08-03 00:00:00,0.0
2025-08-03 00:15:00,0.0
2025-08-03 00:30:00,0.0
2025-08-03 00:45:00,0.0
2025-08-03 01:00:00,0.0
2025-08-03 01:15:00,0.0
2025-08-03 01:30:00,0.0
2025-08-03 01:45:00,0.0
2025-08-03 02:00:00,0.0
2025-08-03 02:15:00,0.0
2025-08-03 02:30:00,0.0
2025-08-03 02:45:00,0.0
2025-08-03 03:00:00,0.0
2025-08-03 03:15:00,0.0
2025-08-03 03:30:00,0.0
2025-08-03 03:45:00,0.0
2025-08-03 04:00:00,0.0
2025-08-03 04:15:00,0.0
2025-08-03 04:30:00,0.0
2025-08-03 04:45:00,0.0
2025-08-03 05:00:00,0.0
2025-08-03 05:15:00,0.0
2025-08-03 05:30:00,0.292
2025-08-03 05:45:00,4.492
2025-08-03 06:00:00,15.515
2025-08-03 06:15:00,40.803
2025-08-03 06:30:00,77.12
2025-08-03 06:45:00,120.95
2025-08-03 07:00:00,172.473
2025-08-03 07:15:00,228.012
2025-08-03 07:30:00,251.462
2025-08-03 07:45:00,179.873
2025-08-03 08:00:00,143.09
2025-08-03 08:15:00,104.345
2025-08-03 08:30:00,75.423
2025-08-03 08:45:00,75.423
2025-08-03 09:00:00,75.423
2025-08-03 09:15:00,75.423
2025-08-03 09:30:00,75.423
2025-08-03 09:45:00,75.423
2025-08-03 10:00:00,75.423
2025-08-03 10:15:00,75.423
2025-08-03 10:30:00,75.423
2025-08-03 10:45:00,167.423
2025-08-03 11:00:00,221.019
2025-08-03 11:15:00,149.186
2025-08-03 11:30:00,343.453
2025-08-03 11:45:00,349.471
2025-08-03 12:00:00,368.209
2025-08-03 12:15:00,398.98
2025-08-03 12:30:00,455.246
2025-08-03 12:45:00,711.968
2025-08-03 13:00:00,741.874
2025-08-03 13:15:00,727.265
2025-08-03 13:30:00,714.079
2025-08-03 13:45:00,711.242
2025-08-03 14:00:00,429.912
2025-08-03 14:15:00,499.584
2025-08-03 14:30:00,424.254
2025-08-03 14:45:00,556.319
2025-08-03 15:00:00,600.651
2025-08-03 15:15:00,312.458
2025-08-03 15:30:00,301.681
2025-08-03 15:45:00,283.983
2025-08-03 16:00:00,266.048
2025-08-03 16:15:00,265.856
2025-08-03 16:30:00,222.898
2025-08-03 16:45:00,183.808
2025-08-03 17:00:00,178.506
2025-08-03 17:15:00,206.631
2025-08-03 17:30:00,158.165
2025-08-03 17:45:00,148.297
2025-08-03 18:00:00,111.208
2025-08-03 18:15:00,76.581
2025-08-03 18:30:00,44.318
2025-08-03 18:45:00,24.813
2025-08-03 19:00:00,6.185
2025-08-03 19:15:00,2.675
2025-08-03 19:30:00,1.23
2025-08-03 19:45:00,0.895
2025-08-03 20:00:00,0.832
2025-08-03 20:15:00,0.525
2025-08-03 20:30:00,0.0
2025-08-03 20:45:00,0.0
2025-08-03 21:00:00,0.0
2025-08-03 21:15:00,0.0
2025-08-03 21:30:00,0.0
2025-08-03 21:45:00,0.0
2025-08-03 22:00:00,0.0
2025-08-03 22:15:00,0.0
2025-08-03 22:30:00,0.0
2025-08-03 22:45:00,0.0
2025-08-03 23:00:00,0.0
2025-08-03 23:15:00,0.0
2025-08-03 23:30:00,0.0
2025-08-03 23:45:00,0.0
2025-08-04 00:00:00,0.0
2025-08-04 00:15:00,0.0
2025-08-04 00:30:00,0.0
2025-08-04 00:45:00,0.0
2025-08-04 01:00:00,0.0
2025-08-04 01:15:00,0.0
2025-08-04 01:30:00,0.0
2025-08-04 01:45:00,0.0
2025-08-04 02:00:00,0.0
2025-08-04 02:15:00,0.0
2025-08-04 02:30:00,0.0
2025-08-04 02:45:00,0.0
2025-08-04 03:00:00,0.0
2025-08-04 03:15:00,0.0
2025-08-04 03:30:00,0.0
2025-08-04 03:45:00,0.0
2025-08-04 04:00:00,0.0
2025-08-04 04:15:00,0.0
2025-08-04 04:30:00,0.0
2025-08-04 04:45:00,0.0
2025-08-04 05:00:00,0.0
2025-08-04 05:15:00,0.0
2025-08-04 05:30:00,0.668
2025-08-04 05:45:00,4.46
2025-08-04 06:00:00,14.142
2025-08-04 06:15:00,38.987
2025-08-04 06:30:00,74.048
2025-08-04 06:45:00,115.357
2025-08-04 07:00:00,165.76
2025-08-04 07:15:00,215.787
2025-08-04 07:30:00,248.93
2025-08-04 07:45:00,298.074
2025-08-04 08:00:00,350.642
2025-08-04 08:15:00,404.817
2025-08-04 08:30:00,485.317
2025-08-04 08:45:00,662.088
2025-08-04 09:00:00,726.695
2025-08-04 09:15:00,783.828
2025-08-04 09:30:00,829.46
2025-08-04 09:45:00,872.245
2025-08-04 10:00:00,904.333
2025-08-04 10:15:00,930.404
2025-08-04 10:30:00,897.974
2025-08-04 10:45:00,877.419
2025-08-04 11:00:00,956.253
2025-08-04 11:15:00,1054.41
2025-08-04 11:30:00,1063.527
2025-08-04 11:45:00,1067.002
2025-08-04 12:00:00,958.569
2025-08-04 12:15:00,912.907
2025-08-04 12:30:00,926.145
2025-08-04 12:45:00,938.83
2025-08-04 13:00:00,932.446
2025-08-04 13:15:00,934.349
2025-08-04 13:30:00,847.075
2025-08-04 13:45:00,798.38
2025-08-04 14:00:00,824.471
2025-08-04 14:15:00,741.351
2025-08-04 14:30:00,711.004
2025-08-04 14:45:00,608.79
2025-08-04 15:00:00,494.892
2025-08-04 15:15:00,542.099
2025-08-04 15:30:00,428.808
2025-08-04 15:45:00,414.828
2025-08-04 16:00:00,380.608
2025-08-04 16:15:00,361.452
2025-08-04 16:30:00,350.617
2025-08-04 16:45:00,241.122
2025-08-04 17:00:00,195.285
2025-08-04 17:15:00,211.549
2025-08-04 17:30:00,161.123
2025-08-04 17:45:00,149.78
2025-08-04 18:00:00,116.367
2025-08-04 18:15:00,88.64
2025-08-04 18:30:00,50.233
2025-08-04 18:45:00,22.924
2025-08-04 19:00:00,11.25
2025-08-04 19:15:00,1.055
2025-08-04 19:30:00,0.39
2025-08-04 19:45:00,0.815
2025-08-04 20:00:00,1.055
2025-08-04 20:15:00,0.717
2025-08-04 20:30:00,0.53
2025-08-04 20:45:00,0.0
2025-08-04 21:00:00,0.0
2025-08-04 21:15:00,0.0
2025-08-04 21:30:00,0.0
2025-08-04 21:45:00,0.0
2025-08-04 22:00:00,0.0
2025-08-04 22:15:00,0.0
2025-08-04 22:30:00,0.0
2025-08-04 22:45:00,0.0
2025-08-04 23:00:00,0.0
2025-08-04 23:15:00,0.0
2025-08-04 23:30:00,0.0
2025-08-04 23:45:00,0.0
2025-08-05 00:00:00,0.0
2025-08-05 00:15:00,0.0
2025-08-05 00:30:00,0.0
2025-08-05 00:45:00,0.0
2025-08-05 01:00:00,0.0
2025-08-05 01:15:00,0.0
2025-08-05 01:30:00,0.0
2025-08-05 01:45:00,0.0
2025-08-05 02:00:00,0.0
2025-08-05 02:15:00,0.0
2025-08-05 02:30:00,0.0
2025-08-05 02:45:00,0.0
2025-08-05 03:00:00,0.0
2025-08-05 03:15:00,0.0
2025-08-05 03:30:00,0.0
2025-08-05 03:45:00,0.0
2025-08-05 04:00:00,0.0
2025-08-05 04:15:00,0.0
2025-08-05 04:30:00,0.0
2025-08-05 04:45:00,0.0
2025-08-05 05:00:00,0.0
2025-08-05 05:15:00,0.0
2025-08-05 05:30:00,1.09
2025-08-05 05:45:00,6.42
2025-08-05 06:00:00,15.623
2025-08-05 06:15:00,38.257
2025-08-05 06:30:00,70.723
2025-08-05 06:45:00,109.848
2025-08-05 07:00:00,156.288
2025-08-05 07:15:00,210.9
2025-08-05 07:30:00,256.436
2025-08-05 07:45:00,322.628
2025-08-05 08:00:00,377.121
2025-08-05 08:15:00,411.183
2025-08-05 08:30:00,497.991
2025-08-05 08:45:00,563.705
2025-08-05 09:00:00,649.233
2025-08-05 09:15:00,723.813
2025-08-05 09:30:00,725.568
2025-08-05 09:45:00,757.729
2025-08-05 10:00:00,756.743
2025-08-05 10:15:00,819.047
2025-08-05 10:30:00,786.384
2025-08-05 10:45:00,788.238
2025-08-05 11:00:00,849.463
2025-08-05 11:15:00,812.244
2025-08-05 11:30:00,833.898
2025-08-05 11:45:00,765.659
2025-08-05 12:00:00,771.78
2025-08-05 12:15:00,740.11
2025-08-05 12:30:00,776.455
2025-08-05 12:45:00,793.251
2025-08-05 13:00:00,712.459
2025-08-05 13:15:00,728.312
2025-08-05 13:30:00,687.794
2025-08-05 13:45:00,685.319
2025-08-05 14:00:00,672.402
2025-08-05 14:15:00,584.493
2025-08-05 14:30:00,582.514
2025-08-05 14:45:00,576.677
2025-08-05 15:00:00,531.742
2025-08-05 15:15:00,509.087
2025-08-05 15:30:00,479.722
2025-08-05 15:45:00,455.847
2025-08-05 16:00:00,401.583
2025-08-05 16:15:00,394.612
2025-08-05 16:30:00,333.29
2025-08-05 16:45:00,295.801
2025-08-05 17:00:00,253.638
2025-08-05 17:15:00,231.427
2025-08-05 17:30:00,193.983
2025-08-05 17:45:00,145.391
2025-08-05 18:00:00,100.249
2025-08-05 18:15:00,74.999
2025-08-05 18:30:00,43.556
2025-08-05 18:45:00,26.587
2025-08-05 19:00:00,6.625
2025-08-05 19:15:00,0.0
2025-08-05 19:30:00,0.262
2025-08-05 19:45:00,0.375
2025-08-05 20:00:00,0.26
2025-08-05 20:15:00,0.0
2025-08-05 20:30:00,0.0
2025-08-05 20:45:00,0.0
2025-08-05 21:00:00,0.0
2025-08-05 21:15:00,0.0
2025-08-05 21:30:00,0.0
2025-08-05 21:45:00,0.0
2025-08-05 22:00:00,0.0
2025-08-05 22:15:00,0.0
2025-08-05 22:30:00,0.0
2025-08-05 22:45:00,0.0
2025-08-05 23:00:00,0.0
2025-08-05 23:15:00,0.0
2025-08-05 23:30:00,0.0
2025-08-05 23:45:00,0.0
2025-08-06 00:00:00,0.0
2025-08-06 00:15:00,0.0
2025-08-06 00:30:00,0.0
2025-08-06 00:45:00,0.0
2025-08-06 01:00:00,0.0
2025-08-06 01:15:00,0.0
2025-08-06 01:30:00,0.0
2025-08-06 01:45:00,0.0
2025-08-06 02:00:00,0.0
2025-08-06 02:15:00,0.0
2025-08-06 02:30:00,0.0
2025-08-06 02:45:00,0.0
2025-08-06 03:00:00,0.0
2025-08-06 03:15:00,0.0
2025-08-06 03:30:00,0.0
2025-08-06 03:45:00,0.0
2025-08-06 04:00:00,0.0
2025-08-06 04:15:00,0.0
2025-08-06 04:30:00,0.0
2025-08-06 04:45:00,0.0
2025-08-06 05:00:00,0.0
2025-08-06 05:15:00,0.0
2025-08-06 05:30:00,0.728
2025-08-06 05:45:00,3.39
2025-08-06 06:00:00,9.917
2025-08-06 06:15:00,29.53
2025-08-06 06:30:00,57.673
2025-08-06 06:45:00,90.76
2025-08-06 07:00:00,125.066
2025-08-06 07:15:00,161.877
2025-08-06 07:30:00,201.019
2025-08-06 07:45:00,253.488
2025-08-06 08:00:00,300.161
2025-08-06 08:15:00,367.468
2025-08-06 08:30:00,448.616
2025-08-06 08:45:00,495.816
2025-08-06 09:00:00,548.455
2025-08-06 09:15:00,590.816
2025-08-06 09:30:00,638.545
2025-08-06 09:45:00,672.976
2025-08-06 10:00:00,692.079
2025-08-06 10:15:00,691.159
2025-08-06 10:30:00,685.106
2025-08-06 10:45:00,706.384
2025-08-06 11:00:00,710.578
2025-08-06 11:15:00,622.249
2025-08-06 11:30:00,648.76
2025-08-06 11:45:00,634.51
2025-08-06 12:00:00,628.906
2025-08-06 12:15:00,673.2
2025-08-06 12:30:00,668.976
2025-08-06 12:45:00,673.142
2025-08-06 13:00:00,672.535
2025-08-06 13:15:00,657.171
2025-08-06 13:30:00,640.783
2025-08-06 13:45:00,622.732
2025-08-06 14:00:00,569.404
2025-08-06 14:15:00,534.639
2025-08-06 14:30:00,443.111
2025-08-06 14:45:00,456.719
2025-08-06 15:00:00,313.166
2025-08-06 15:15:00,386.534
2025-08-06 15:30:00,347.759
2025-08-06 15:45:00,251.056
2025-08-06 16:00:00,252.503
2025-08-06 16:15:00,231.55
2025-08-06 16:30:00,225.568
2025-08-06 16:45:00,196.92
2025-08-06 17:00:00,173.305
2025-08-06 17:15:00,148.725
2025-08-06 17:30:00,97.798
2025-08-06 17:45:00,111.846
2025-08-06 18:00:00,79.342
2025-08-06 18:15:00,54.165
2025-08-06 18:30:00,34.338
2025-08-06 18:45:00,14.94
2025-08-06 19:00:00,5.943
2025-08-06 19:15:00,0.78
2025-08-06 19:30:00,1.063
2025-08-06 19:45:00,0.317
2025-08-06 20:00:00,0.0
2025-08-06 20:15:00,0.0
2025-08-06 20:30:00,0.0
2025-08-06 20:45:00,0.0
2025-08-06 21:00:00,0.0
2025-08-06 21:15:00,0.0
2025-08-06 21:30:00,0.0
2025-08-06 21:45:00,0.0
2025-08-06 22:00:00,0.0
2025-08-06 22:15:00,0.0
2025-08-06 22:30:00,0.0
2025-08-06 22:45:00,0.0
2025-08-06 23:00:00,0.0
2025-08-06 23:15:00,0.0
2025-08-06 23:30:00,0.0
2025-08-06 23:45:00,0.0
2025-08-07 00:00:00,0.0
2025-08-07 00:15:00,0.0
2025-08-07 00:30:00,0.0
2025-08-07 00:45:00,0.0
2025-08-07 01:00:00,0.0
2025-08-07 01:15:00,0.0
2025-08-07 01:30:00,0.0
2025-08-07 01:45:00,0.0
2025-08-07 02:00:00,0.0
2025-08-07 02:15:00,0.0
2025-08-07 02:30:00,0.0
2025-08-07 02:45:00,0.0
2025-08-07 03:00:00,0.0
2025-08-07 03:15:00,0.0
2025-08-07 03:30:00,0.0
2025-08-07 03:45:00,0.0
2025-08-07 04:00:00,0.0
2025-08-07 04:15:00,0.0
2025-08-07 04:30:00,0.0
2025-08-07 04:45:00,0.0
2025-08-07 05:00:00,0.0
2025-08-07 05:15:00,0.0
2025-08-07 05:30:00,0.728
2025-08-07 05:45:00,2.507
2025-08-07 06:00:00,5.802
2025-08-07 06:15:00,19.2
2025-08-07 06:30:00,42.728
2025-08-07 06:45:00,69.26
2025-08-07 07:00:00,98.697
2025-08-07 07:15:00,130.105
2025-08-07 07:30:00,162.506
2025-08-07 07:45:00,195.682
2025-08-07 08:00:00,228.728
2025-08-07 08:15:00,272.382
2025-08-07 08:30:00,318.713
2025-08-07 08:45:00,349.047
2025-08-07 09:00:00,387.824
2025-08-07 09:15:00,419.47
2025-08-07 09:30:00,447.665
2025-08-07 09:45:00,458.751
2025-08-07 10:00:00,473.287
2025-08-07 10:15:00,465.047
2025-08-07 10:30:00,476.91
2025-08-07 10:45:00,488.606
2025-08-07 11:00:00,505.212
2025-08-07 11:15:00,519.152
2025-08-07 11:30:00,527.009
2025-08-07 11:45:00,531.105
2025-08-07 12:00:00,552.858
2025-08-07 12:15:00,567.073
2025-08-07 12:30:00,556.289
2025-08-07 12:45:00,556.662
2025-08-07 13:00:00,595.638
2025-08-07 13:15:00,592.244
2025-08-07 13:30:00,569.284
2025-08-07 13:45:00,565.975
2025-08-07 14:00:00,566.58
2025-08-07 14:15:00,563.738
2025-08-07 14:30:00,551.53
2025-08-07 14:45:00,538.778
2025-08-07 15:00:00,510.649
2025-08-07 15:15:00,497.972
2025-08-07 15:30:00,454.394
2025-08-07 15:45:00,414.684
2025-08-07 16:00:00,335.613
2025-08-07 16:15:00,312.291
2025-08-07 16:30:00,266.938
2025-08-07 16:45:00,184.261
2025-08-07 17:00:00,159.351
2025-08-07 17:15:00,167.914
2025-08-07 17:30:00,116.172
2025-08-07 17:45:00,118.062
2025-08-07 18:00:00,77.068
2025-08-07 18:15:00,54.146
2025-08-07 18:30:00,46.06
2025-08-07 18:45:00,25.2
2025-08-07 19:00:00,6.204
2025-08-07 19:15:00,1.918
2025-08-07 19:30:00,1.253
2025-08-07 19:45:00,0.563
2025-08-07 20:00:00,0.285
2025-08-07 20:15:00,0.0
2025-08-07 20:30:00,0.0
2025-08-07 20:45:00,0.0
2025-08-07 21:00:00,0.0
2025-08-07 21:15:00,0.0
2025-08-07 21:30:00,0.0
2025-08-07 21:45:00,0.0
2025-08-07 22:00:00,0.0
2025-08-07 22:15:00,0.0
2025-08-07 22:30:00,0.0
2025-08-07 22:45:00,0.0
2025-08-07 23:00:00,0.0
2025-08-07 23:15:00,0.0
2025-08-07 23:30:00,0.0
2025-08-07 23:45:00,0.0
2025-08-08 00:00:00,0.0
2025-08-08 00:15:00,0.0
2025-08-08 00:30:00,0.0
2025-08-08 00:45:00,0.0
2025-08-08 01:00:00,0.0
2025-08-08 01:15:00,0.0
2025-08-08 01:30:00,0.0
2025-08-08 01:45:00,0.0
2025-08-08 02:00:00,0.0
2025-08-08 02:15:00,0.0
2025-08-08 02:30:00,0.0
2025-08-08 02:45:00,0.0
2025-08-08 03:00:00,0.0
2025-08-08 03:15:00,0.0
2025-08-08 03:30:00,0.0
2025-08-08 03:45:00,0.0
2025-08-08 04:00:00,0.0
2025-08-08 04:15:00,0.0
2025-08-08 04:30:00,0.0
2025-08-08 04:45:00,0.0
2025-08-08 05:00:00,0.0
2025-08-08 05:15:00,0.0
2025-08-08 05:30:00,0.728
2025-08-08 05:45:00,4.255
2025-08-08 06:00:00,9.813
2025-08-08 06:15:00,29.063
2025-08-08 06:30:00,57.337
2025-08-08 06:45:00,89.43
2025-08-08 07:00:00,124.005
2025-08-08 07:15:00,161.509
2025-08-08 07:30:00,198.368
2025-08-08 07:45:00,222.763
2025-08-08 08:00:00,251.986
2025-08-08 08:15:00,297.373
2025-08-08 08:30:00,329.125
2025-08-08 08:45:00,348.009
2025-08-08 09:00:00,363.406
2025-08-08 09:15:00,224.188
2025-08-08 09:30:00,141.908
2025-08-08 09:45:00,148.365
2025-08-08 10:00:00,125.768
2025-08-08 10:15:00,124.503
2025-08-08 10:30:00,135.2
2025-08-08 10:45:00,250.193
2025-08-08 11:00:00,224.299
2025-08-08 11:15:00,235.133
2025-08-08 11:30:00,362.903
2025-08-08 11:45:00,334.59
2025-08-08 12:00:00,365.005
2025-08-08 12:15:00,373.2
2025-08-08 12:30:00,579.578
2025-08-08 12:45:00,555.813
2025-08-08 13:00:00,549.016
2025-08-08 13:15:00,576.303
2025-08-08 13:30:00,575.761
2025-08-08 13:45:00,566.188
2025-08-08 14:00:00,392.595
2025-08-08 14:15:00,347.905
2025-08-08 14:30:00,280.101
2025-08-08 14:45:00,267.278
2025-08-08 15:00:00,183.82
2025-08-08 15:15:00,244.888
2025-08-08 15:30:00,328.388
2025-08-08 15:45:00,406.019
2025-08-08 16:00:00,374.367
2025-08-08 16:15:00,289.569
2025-08-08 16:30:00,264.842
2025-08-08 16:45:00,256.243
2025-08-08 17:00:00,232.347
2025-08-08 17:15:00,215.569
2025-08-08 17:30:00,179.824
2025-08-08 17:45:00,138.381
2025-08-08 18:00:00,108.213
2025-08-08 18:15:00,75.944
2025-08-08 18:30:00,50.34
2025-08-08 18:45:00,27.263
2025-08-08 19:00:00,8.405
2025-08-08 19:15:00,2.365
2025-08-08 19:30:00,1.65
2025-08-08 19:45:00,0.8
2025-08-08 20:00:00,0.377
2025-08-08 20:15:00,0.0
2025-08-08 20:30:00,0.0
2025-08-08 20:45:00,0.0
2025-08-08 21:00:00,0.0
2025-08-08 21:15:00,0.0
2025-08-08 21:30:00,0.0
2025-08-08 21:45:00,0.0
2025-08-08 22:00:00,0.0
2025-08-08 22:15:00,0.0
2025-08-08 22:30:00,0.0
2025-08-08 22:45:00,0.0
2025-08-08 23:00:00,0.0
2025-08-08 23:15:00,0.0
2025-08-08 23:30:00,0.0
2025-08-08 23:45:00,0.0
2025-08-09 00:00:00,0.0
2025-08-09 00:15:00,0.0
2025-08-09 00:30:00,0.0
2025-08-09 00:45:00,0.0
2025-08-09 01:00:00,0.0
2025-08-09 01:15:00,0.0
2025-08-09 01:30:00,0.0
2025-08-09 01:45:00,0.0
2025-08-09 02:00:00,0.0
2025-08-09 02:15:00,0.0
2025-08-09 02:30:00,0.0
2025-08-09 02:45:00,0.0
2025-08-09 03:00:00,0.0
2025-08-09 03:15:00,0.0
2025-08-09 03:30:00,0.0
2025-08-09 03:45:00,0.0
2025-08-09 04:00:00,0.0
2025-08-09 04:15:00,0.0
2025-08-09 04:30:00,0.0
2025-08-09 04:45:00,0.0
2025-08-09 05:00:00,0.0
2025-08-09 05:15:00,0.0
2025-08-09 05:30:00,0.728
2025-08-09 05:45:00,4.278
2025-08-09 06:00:00,11.035
2025-08-09 06:15:00,34.998
2025-08-09 06:30:00,67.617
2025-08-09 06:45:00,105.37
2025-08-09 07:00:00,149.975
2025-08-09 07:15:00,192.521
2025-08-09 07:30:00,228.175
2025-08-09 07:45:00,275.372
2025-08-09 08:00:00,324.874
2025-08-09 08:15:00,373.037
2025-08-09 08:30:00,384.733
2025-08-09 08:45:00,431.777
2025-08-09 09:00:00,476.465
2025-08-09 09:15:00,510.805
2025-08-09 09:30:00,512.848
2025-08-09 09:45:00,516.071
2025-08-09 10:00:00,523.697
2025-08-09 10:15:00,405.753
2025-08-09 10:30:00,264.673
2025-08-09 10:45:00,236.843
2025-08-09 11:00:00,595.373
2025-08-09 11:15:00,623.788
2025-08-09 11:30:00,672.299
2025-08-09 11:45:00,679.878
2025-08-09 12:00:00,668.332
2025-08-09 12:15:00,699.573
2025-08-09 12:30:00,762.579
2025-08-09 12:45:00,774.348
2025-08-09 13:00:00,756.152
2025-08-09 13:15:00,763.064
2025-08-09 13:30:00,748.929
2025-08-09 13:45:00,727.001
2025-08-09 14:00:00,664.665
2025-08-09 14:15:00,647.628
2025-08-09 14:30:00,633.366
2025-08-09 14:45:00,608.87
2025-08-09 15:00:00,649.872
2025-08-09 15:15:00,603.958
2025-08-09 15:30:00,541.745
2025-08-09 15:45:00,512.296
2025-08-09 16:00:00,465.971
2025-08-09 16:15:00,468.232
2025-08-09 16:30:00,386.439
2025-08-09 16:45:00,317.991
2025-08-09 17:00:00,271.431
2025-08-09 17:15:00,245.373
2025-08-09 17:30:00,191.226
2025-08-09 17:45:00,146.414
2025-08-09 18:00:00,104.729
2025-08-09 18:15:00,79.017
2025-08-09 18:30:00,50.592
2025-08-09 18:45:00,24.995
2025-08-09 19:00:00,5.555
2025-08-09 19:15:00,2.085
2025-08-09 19:30:00,1.29
2025-08-09 19:45:00,0.468
2025-08-09 20:00:00,0.0
2025-08-09 20:15:00,0.0
2025-08-09 20:30:00,0.0
2025-08-09 20:45:00,0.0
2025-08-09 21:00:00,0.0
2025-08-09 21:15:00,0.0
2025-08-09 21:30:00,0.0
2025-08-09 21:45:00,0.0
2025-08-09 22:00:00,0.0
2025-08-09 22:15:00,0.0
2025-08-09 22:30:00,0.0
2025-08-09 22:45:00,0.0
2025-08-09 23:00:00,0.0
2025-08-09 23:15:00,0.0
2025-08-09 23:30:00,0.0
2025-08-09 23:45:00,0.0
2025-08-10 00:00:00,0.0
2025-08-10 00:15:00,0.0
2025-08-10 00:30:00,0.0
2025-08-10 00:45:00,0.0
2025-08-10 01:00:00,0.0
2025-08-10 01:15:00,0.0
2025-08-10 01:30:00,0.0
2025-08-10 01:45:00,0.0
2025-08-10 02:00:00,0.0
2025-08-10 02:15:00,0.0
2025-08-10 02:30:00,0.0
2025-08-10 02:45:00,0.0
2025-08-10 03:00:00,0.0
2025-08-10 03:15:00,0.0
2025-08-10 03:30:00,0.0
2025-08-10 03:45:00,0.0
2025-08-10 04:00:00,0.0
2025-08-10 04:15:00,0.0
2025-08-10 04:30:00,0.0
2025-08-10 04:45:00,0.0
2025-08-10 05:00:00,0.0
2025-08-10 05:15:00,0.0
2025-08-10 05:30:00,0.728
2025-08-10 05:45:00,2.06
2025-08-10 06:00:00,11.15
2025-08-10 06:15:00,31.247
2025-08-10 06:30:00,59.062
2025-08-10 06:45:00,92.582
2025-08-10 07:00:00,131.106
2025-08-10 07:15:00,167.718
2025-08-10 07:30:00,205.742
2025-08-10 07:45:00,244.114
2025-08-10 08:00:00,289.927
2025-08-10 08:15:00,330.509
2025-08-10 08:30:00,371.547
2025-08-10 08:45:00,415.859
2025-08-10 09:00:00,429.749
2025-08-10 09:15:00,434.348
2025-08-10 09:30:00,481.435
2025-08-10 09:45:00,515.753
2025-08-10 10:00:00,544.015
2025-08-10 10:15:00,503.074
2025-08-10 10:30:00,494.451
2025-08-10 10:45:00,280.049
2025-08-10 11:00:00,294.98
2025-08-10 11:15:00,140.544
2025-08-10 11:30:00,577.769
2025-08-10 11:45:00,170.796
2025-08-10 12:00:00,610.539
2025-08-10 12:15:00,577.345
2025-08-10 12:30:00,662.539
2025-08-10 12:45:00,683.374
2025-08-10 13:00:00,694.958
2025-08-10 13:15:00,632.29
2025-08-10 13:30:00,695.427
2025-08-10 13:45:00,612.797
2025-08-10 14:00:00,542.915
2025-08-10 14:15:00,520.999
2025-08-10 14:30:00,504.233
2025-08-10 14:45:00,529.96
2025-08-10 15:00:00,560.213
2025-08-10 15:15:00,494.596
2025-08-10 15:30:00,440.928
2025-08-10 15:45:00,425.559
2025-08-10 16:00:00,346.065
2025-08-10 16:15:00,324.373
2025-08-10 16:30:00,278.955
2025-08-10 16:45:00,227.72
2025-08-10 17:00:00,198.3
2025-08-10 17:15:00,186.47
2025-08-10 17:30:00,143.773
2025-08-10 17:45:00,115.574
2025-08-10 18:00:00,101.026
2025-08-10 18:15:00,71.342
2025-08-10 18:30:00,47.447
2025-08-10 18:45:00,25.295
2025-08-10 19:00:00,5.668
2025-08-10 19:15:00,1.183
2025-08-10 19:30:00,1.082
2025-08-10 19:45:00,0.535
2025-08-10 20:00:00,0.343
2025-08-10 20:15:00,0.0
2025-08-10 20:30:00,0.0
2025-08-10 20:45:00,0.0
2025-08-10 21:00:00,0.0
2025-08-10 21:15:00,0.0
2025-08-10 21:30:00,0.0
2025-08-10 21:45:00,0.0
2025-08-10 22:00:00,0.0
2025-08-10 22:15:00,0.0
2025-08-10 22:30:00,0.0
2025-08-10 22:45:00,0.0
2025-08-10 23:00:00,0.0
2025-08-10 23:15:00,0.0
2025-08-10 23:30:00,0.0
2025-08-10 23:45:00,0.0
2025-08-11 00:00:00,0.0
2025-08-11 00:15:00,0.0
2025-08-11 00:30:00,0.0
2025-08-11 00:45:00,0.0
2025-08-11 01:00:00,0.0
2025-08-11 01:15:00,0.0
2025-08-11 01:30:00,0.0
2025-08-11 01:45:00,0.0
2025-08-11 02:00:00,0.0
2025-08-11 02:15:00,0.0
2025-08-11 02:30:00,0.0
2025-08-11 02:45:00,0.0
2025-08-11 03:00:00,0.0
2025-08-11 03:15:00,0.0
2025-08-11 03:30:00,0.0
2025-08-11 03:45:00,0.0
2025-08-11 04:00:00,0.0
2025-08-11 04:15:00,0.0
2025-08-11 04:30:00,0.0
2025-08-11 04:45:00,0.0
2025-08-11 05:00:00,0.0
2025-08-11 05:15:00,0.0
2025-08-11 05:30:00,0.0
2025-08-11 05:45:00,1.683
2025-08-11 06:00:00,4.665
2025-08-11 06:15:00,16.46
2025-08-11 06:30:00,34.034
2025-08-11 06:45:00,54.532
2025-08-11 07:00:00,74.907
2025-08-11 07:15:00,97.188
2025-08-11 07:30:00,103.577
2025-08-11 07:45:00,126.062
2025-08-11 08:00:00,169.596
2025-08-11 08:15:00,201.268
2025-08-11 08:30:00,263.348
2025-08-11 08:45:00,341.747
2025-08-11 09:00:00,370.917
2025-08-11 09:15:00,389.13
2025-08-11 09:30:00,438.109
2025-08-11 09:45:00,443.006
2025-08-11 10:00:00,481.089
2025-08-11 10:15:00,447.692
2025-08-11 10:30:00,453.569
2025-08-11 10:45:00,421.468
2025-08-11 11:00:00,500.221
2025-08-11 11:15:00,568.492
2025-08-11 11:30:00,558.338
2025-08-11 11:45:00,545.021
2025-08-11 12:00:00,533.438
2025-08-11 12:15:00,539.183
2025-08-11 12:30:00,563.298
2025-08-11 12:45:00,584.577
2025-08-11 13:00:00,581.654
2025-08-11 13:15:00,560.944
2025-08-11 13:30:00,547.984
2025-08-11 13:45:00,550.868
2025-08-11 14:00:00,505.966
2025-08-11 14:15:00,513.867
2025-08-11 14:30:00,493.372
2025-08-11 14:45:00,488.517
2025-08-11 15:00:00,519.376
2025-08-11 15:15:00,482.166
2025-08-11 15:30:00,440.004
2025-08-11 15:45:00,423.114
2025-08-11 16:00:00,340.419
2025-08-11 16:15:00,339.539
2025-08-11 16:30:00,295.616
2025-08-11 16:45:00,219.238
2025-08-11 17:00:00,192.439
2025-08-11 17:15:00,158.878
2025-08-11 17:30:00,122.823
2025-08-11 17:45:00,94.929
2025-08-11 18:00:00,73.712
2025-08-11 18:15:00,48.242
2025-08-11 18:30:00,30.165
2025-08-11 18:45:00,14.778
2025-08-11 19:00:00,5.903
2025-08-11 19:15:00,1.317
2025-08-11 19:30:00,0.592
2025-08-11 19:45:00,0.0
2025-08-11 20:00:00,0.0
2025-08-11 20:15:00,0.0
2025-08-11 20:30:00,0.0
2025-08-11 20:45:00,0.0
2025-08-11 21:00:00,0.0
2025-08-11 21:15:00,0.0
2025-08-11 21:30:00,0.0
2025-08-11 21:45:00,0.0
2025-08-11 22:00:00,0.0
2025-08-11 22:15:00,0.0
2025-08-11 22:30:00,0.0
2025-08-11 22:45:00,0.0
2025-08-11 23:00:00,0.0
2025-08-11 23:15:00,0.0
2025-08-11 23:30:00,0.0
2025-08-11 23:45:00,0.0
2025-08-12 00:00:00,0.0
2025-08-12 00:15:00,0.0
2025-08-12 00:30:00,0.0
2025-08-12 00:45:00,0.0
2025-08-12 01:00:00,0.0
2025-08-12 01:15:00,0.0
2025-08-12 01:30:00,0.0
2025-08-12 01:45:00,0.0
2025-08-12 02:00:00,0.0
2025-08-12 02:15:00,0.0
2025-08-12 02:30:00,0.0
2025-08-12 02:45:00,0.0
2025-08-12 03:00:00,0.0
2025-08-12 03:15:00,0.0
2025-08-12 03:30:00,0.0
2025-08-12 03:45:00,0.0
2025-08-12 04:00:00,0.0
2025-08-12 04:15:00,0.0
2025-08-12 04:30:00,0.0
2025-08-12 04:45:00,0.0
2025-08-12 05:00:00,0.0
2025-08-12 05:15:00,0.0
2025-08-12 05:30:00,0.728
2025-08-12 05:45:00,1.418
2025-08-12 06:00:00,5.722
2025-08-12 06:15:00,20.372
2025-08-12 06:30:00,44.03
2025-08-12 06:45:00,71.827
2025-08-12 07:00:00,95.784
2025-08-12 07:15:00,113.201
2025-08-12 07:30:00,107.98
2025-08-12 07:45:00,143.284
2025-08-12 08:00:00,212.804
2025-08-12 08:15:00,267.084
2025-08-12 08:30:00,364.078
2025-08-12 08:45:00,396.561
2025-08-12 09:00:00,390.68
2025-08-12 09:15:00,413.607
2025-08-12 09:30:00,450.938
2025-08-12 09:45:00,455.396
2025-08-12 10:00:00,421.859
2025-08-12 10:15:00,464.355
2025-08-12 10:30:00,421.255
2025-08-12 10:45:00,404.157
2025-08-12 11:00:00,495.552
2025-08-12 11:15:00,537.247
2025-08-12 11:30:00,575.873
2025-08-12 11:45:00,585.756
2025-08-12 12:00:00,591.211
2025-08-12 12:15:00,604.918
2025-08-12 12:30:00,523.127
2025-08-12 12:45:00,582.693
2025-08-12 13:00:00,532.358
2025-08-12 13:15:00,532.639
2025-08-12 13:30:00,569.149
2025-08-12 13:45:00,575.029
2025-08-12 14:00:00,530.355
2025-08-12 14:15:00,501.135
2025-08-12 14:30:00,483.282
2025-08-12 14:45:00,470.998
2025-08-12 15:00:00,485.412
2025-08-12 15:15:00,469.9
2025-08-12 15:30:00,392.672
2025-08-12 15:45:00,374.172
2025-08-12 16:00:00,415.696
2025-08-12 16:15:00,368.999
2025-08-12 16:30:00,291.633
2025-08-12 16:45:00,186.826
2025-08-12 17:00:00,220.423
2025-08-12 17:15:00,173.061
2025-08-12 17:30:00,136.969
2025-08-12 17:45:00,113.529
2025-08-12 18:00:00,90.229
2025-08-12 18:15:00,57.584
2025-08-12 18:30:00,32.987
2025-08-12 18:45:00,18.452
2025-08-12 19:00:00,3.63
2025-08-12 19:15:00,1.487
2025-08-12 19:30:00,0.855
2025-08-12 19:45:00,0.433
2025-08-12 20:00:00,0.25
2025-08-12 20:15:00,0.0
2025-08-12 20:30:00,0.0
2025-08-12 20:45:00,0.0
2025-08-12 21:00:00,0.0
2025-08-12 21:15:00,0.0
2025-08-12 21:30:00,0.0
2025-08-12 21:45:00,0.0
2025-08-12 22:00:00,0.0
2025-08-12 22:15:00,0.0
2025-08-12 22:30:00,0.0
2025-08-12 22:45:00,0.0
2025-08-12 23:00:00,0.0
2025-08-12 23:15:00,0.0
2025-08-12 23:30:00,0.0
2025-08-12 23:45:00,0.0
2025-08-13 00:00:00,0.0
2025-08-13 00:15:00,0.0
2025-08-13 00:30:00,0.0
2025-08-13 00:45:00,0.0
2025-08-13 01:00:00,0.0
2025-08-13 01:15:00,0.0
2025-08-13 01:30:00,0.0
2025-08-13 01:45:00,0.0
2025-08-13 02:00:00,0.0
2025-08-13 02:15:00,0.0
2025-08-13 02:30:00,0.0
2025-08-13 02:45:00,0.0
2025-08-13 03:00:00,0.0
2025-08-13 03:15:00,0.0
2025-08-13 03:30:00,0.0
2025-08-13 03:45:00,0.0
2025-08-13 04:00:00,0.0
2025-08-13 04:15:00,0.0
2025-08-13 04:30:00,0.0
2025-08-13 04:45:00,0.0
2025-08-13 05:00:00,0.0
2025-08-13 05:15:00,0.0
2025-08-13 05:30:00,0.0
2025-08-13 05:45:00,0.42
2025-08-13 06:00:00,2.93
2025-08-13 06:15:00,11.41
2025-08-13 06:30:00,28.733
2025-08-13 06:45:00,50.693
2025-08-13 07:00:00,76.393
2025-08-13 07:15:00,105.018
2025-08-13 07:30:00,145.775
2025-08-13 07:45:00,186.977
2025-08-13 08:00:00,218.425
2025-08-13 08:15:00,256.36
2025-08-13 08:30:00,283.913
2025-08-13 08:45:00,322.297
2025-08-13 09:00:00,365.198
2025-08-13 09:15:00,392.67
2025-08-13 09:30:00,410.624
2025-08-13 09:45:00,416.476
2025-08-13 10:00:00,424.725
2025-08-13 10:15:00,400.786
2025-08-13 10:30:00,348.151
2025-08-13 10:45:00,360.818
2025-08-13 11:00:00,382.683
2025-08-13 11:15:00,436.586
2025-08-13 11:30:00,432.481
2025-08-13 11:45:00,437.03
2025-08-13 12:00:00,431.75
2025-08-13 12:15:00,438.669
2025-08-13 12:30:00,463.823
2025-08-13 12:45:00,505.088
2025-08-13 13:00:00,516.651
2025-08-13 13:15:00,541.171
2025-08-13 13:30:00,540.143
2025-08-13 13:45:00,497.583
2025-08-13 14:00:00,259.578
2025-08-13 14:15:00,250.103
2025-08-13 14:30:00,244.18
2025-08-13 14:45:00,202.436
2025-08-13 15:00:00,343.742
2025-08-13 15:15:00,188.628
2025-08-13 15:30:00,78.533
2025-08-13 15:45:00,162.337
2025-08-13 16:00:00,197.819
2025-08-13 16:15:00,233.066
2025-08-13 16:30:00,225.943
2025-08-13 16:45:00,189.541
2025-08-13 17:00:00,171.059
2025-08-13 17:15:00,151.597
2025-08-13 17:30:00,139.391
2025-08-13 17:45:00,111.645
2025-08-13 18:00:00,81.637
2025-08-13 18:15:00,47.165
2025-08-13 18:30:00,29.048
2025-08-13 18:45:00,16.198
2025-08-13 19:00:00,2.648
2025-08-13 19:15:00,0.885
2025-08-13 19:30:00,0.343
2025-08-13 19:45:00,0.0
2025-08-13 20:00:00,0.252
2025-08-13 20:15:00,0.0
2025-08-13 20:30:00,0.0
2025-08-13 20:45:00,0.0
2025-08-13 21:00:00,0.0
2025-08-13 21:15:00,0.0
2025-08-13 21:30:00,0.0
2025-08-13 21:45:00,0.0
2025-08-13 22:00:00,0.0
2025-08-13 22:15:00,0.0
2025-08-13 22:30:00,0.0
2025-08-13 22:45:00,0.0
2025-08-13 23:00:00,0.0
2025-08-13 23:15:00,0.0
2025-08-13 23:30:00,0.0
2025-08-13 23:45:00,0.0
2025-08-14 00:00:00,0.0
2025-08-14 00:15:00,0.0
2025-08-14 00:30:00,0.0
2025-08-14 00:45:00,0.0
2025-08-14 01:00:00,0.0
2025-08-14 01:15:00,0.0
2025-08-14 01:30:00,0.0
2025-08-14 01:45:00,0.0
2025-08-14 02:00:00,0.0
2025-08-14 02:15:00,0.0
2025-08-14 02:30:00,0.0
2025-08-14 02:45:00,0.0
2025-08-14 03:00:00,0.0
2025-08-14 03:15:00,0.0
2025-08-14 03:30:00,0.0
2025-08-14 03:45:00,0.0
2025-08-14 04:00:00,0.0
2025-08-14 04:15:00,0.0
2025-08-14 04:30:00,0.0
2025-08-14 04:45:00,0.0
2025-08-14 05:00:00,0.0
2025-08-14 05:15:00,0.0
2025-08-14 05:30:00,0.728
2025-08-14 05:45:00,2.065
2025-08-14 06:00:00,5.526
2025-08-14 06:15:00,17.535
2025-08-14 06:30:00,36.297
2025-08-14 06:45:00,57.595
2025-08-14 07:00:00,83.572
2025-08-14 07:15:00,115.315
2025-08-14 07:30:00,112.553
2025-08-14 07:45:00,195.706
2025-08-14 08:00:00,229.614
2025-08-14 08:15:00,250.925
2025-08-14 08:30:00,281.145
2025-08-14 08:45:00,319.534
2025-08-14 09:00:00,303.013
2025-08-14 09:15:00,353.489
2025-08-14 09:30:00,389.632
2025-08-14 09:45:00,415.556
2025-08-14 10:00:00,419.52
2025-08-14 10:15:00,421.415
2025-08-14 10:30:00,356.909
2025-08-14 10:45:00,386.852
2025-08-14 11:00:00,426.59
2025-08-14 11:15:00,462.072
2025-08-14 11:30:00,527.008
2025-08-14 11:45:00,546.373
2025-08-14 12:00:00,492.917
2025-08-14 12:15:00,493.43
2025-08-14 12:30:00,498.34
2025-08-14 12:45:00,505.477
2025-08-14 13:00:00,474.574
2025-08-14 13:15:00,465.208
2025-08-14 13:30:00,467.335
2025-08-14 13:45:00,437.112
2025-08-14 14:00:00,369.471
2025-08-14 14:15:00,282.517
2025-08-14 14:30:00,120.472
2025-08-14 14:45:00,133.239
2025-08-14 15:00:00,219.312
2025-08-14 15:15:00,211.253
2025-08-14 15:30:00,246.096
2025-08-14 15:45:00,241.653
2025-08-14 16:00:00,211.175
2025-08-14 16:15:00,243.485
2025-08-14 16:30:00,188.373
2025-08-14 16:45:00,190.772
2025-08-14 17:00:00,141.679
2025-08-14 17:15:00,99.659
2025-08-14 17:30:00,88.176
2025-08-14 17:45:00,58.094
2025-08-14 18:00:00,41.263
2025-08-14 18:15:00,32.47
2025-08-14 18:30:00,17.833
2025-08-14 18:45:00,7.135
2025-08-14 19:00:00,3.197
2025-08-14 19:15:00,0.53
2025-08-14 19:30:00,0.0
2025-08-14 19:45:00,0.0
2025-08-14 20:00:00,0.0
2025-08-14 20:15:00,0.0
2025-08-14 20:30:00,0.0
2025-08-14 20:45:00,0.0
2025-08-14 21:00:00,0.0
2025-08-14 21:15:00,0.0
2025-08-14 21:30:00,0.0
2025-08-14 21:45:00,0.0
2025-08-14 22:00:00,0.0
2025-08-14 22:15:00,0.0
2025-08-14 22:30:00,0.0
2025-08-14 22:45:00,0.0
2025-08-14 23:00:00,0.0
2025-08-14 23:15:00,0.0
2025-08-14 23:30:00,0.0
2025-08-14 23:45:00,0.0
2025-08-15 00:00:00,0.0
2025-08-15 00:15:00,0.0
2025-08-15 00:30:00,0.0
2025-08-15 00:45:00,0.0
2025-08-15 01:00:00,0.0
2025-08-15 01:15:00,0.0
2025-08-15 01:30:00,0.0
2025-08-15 01:45:00,0.0
2025-08-15 02:00:00,0.0
2025-08-15 02:15:00,0.0
2025-08-15 02:30:00,0.0
2025-08-15 02:45:00,0.0
2025-08-15 03:00:00,0.0
2025-08-15 03:15:00,0.0
2025-08-15 03:30:00,0.0
2025-08-15 03:45:00,0.0
2025-08-15 04:00:00,0.0
2025-08-15 04:15:00,0.0
2025-08-15 04:30:00,0.0
2025-08-15 04:45:00,0.0
2025-08-15 05:00:00,0.0
2025-08-15 05:15:00,0.0
2025-08-15 05:30:00,0.728
2025-08-15 05:45:00,1.05
2025-08-15 06:00:00,7.715
2025-08-15 06:15:00,21.148
2025-08-15 06:30:00,41.403
2025-08-15 06:45:00,58.825
2025-08-15 07:00:00,67.885
2025-08-15 07:15:00,79.597
2025-08-15 07:30:00,85.302
2025-08-15 07:45:00,89.842
2025-08-15 08:00:00,93.373
2025-08-15 08:15:00,97.383
2025-08-15 08:30:00,101.688
2025-08-15 08:45:00,79.335
2025-08-15 09:00:00,76.125
2025-08-15 09:15:00,76.125
2025-08-15 09:30:00,76.125
2025-08-15 09:45:00,76.812
2025-08-15 10:00:00,116.137
2025-08-15 10:15:00,107.857
2025-08-15 10:30:00,108.042
2025-08-15 10:45:00,109.222
2025-08-15 11:00:00,112.012
2025-08-15 11:15:00,96.683
2025-08-15 11:30:00,131.285
2025-08-15 11:45:00,133.472
2025-08-15 12:00:00,96.533
2025-08-15 12:15:00,119.07
2025-08-15 12:30:00,127.258
2025-08-15 12:45:00,146.195
2025-08-15 13:00:00,148.34
2025-08-15 13:15:00,128.27
2025-08-15 13:30:00,120.42
2025-08-15 13:45:00,95.951
2025-08-15 14:00:00,124.6
2025-08-15 14:15:00,76.125
2025-08-15 14:30:00,104.118
2025-08-15 14:45:00,119.89
2025-08-15 15:00:00,162.703
2025-08-15 15:15:00,257.126
2025-08-15 15:30:00,327.653
2025-08-15 15:45:00,372.614
2025-08-15 16:00:00,344.938
2025-08-15 16:15:00,318.843
2025-08-15 16:30:00,301.902
2025-08-15 16:45:00,270.468
2025-08-15 17:00:00,203.633
2025-08-15 17:15:00,166.965
2025-08-15 17:30:00,148.352
2025-08-15 17:45:00,118.444
2025-08-15 18:00:00,90.132
2025-08-15 18:15:00,57.272
2025-08-15 18:30:00,34.397
2025-08-15 18:45:00,17.752
2025-08-15 19:00:00,3.3
2025-08-15 19:15:00,1.278
2025-08-15 19:30:00,1.15
2025-08-15 19:45:00,0.567
2025-08-15 20:00:00,0.0
2025-08-15 20:15:00,0.0
2025-08-15 20:30:00,0.0
2025-08-15 20:45:00,0.0
2025-08-15 21:00:00,0.0
2025-08-15 21:15:00,0.0
2025-08-15 21:30:00,0.0
2025-08-15 21:45:00,0.0
2025-08-15 22:00:00,0.0
2025-08-15 22:15:00,0.0
2025-08-15 22:30:00,0.0
2025-08-15 22:45:00,0.0
2025-08-15 23:00:00,0.0
2025-08-15 23:15:00,0.0
2025-08-15 23:30:00,0.0
2025-08-15 23:45:00,0.0
2025-08-16 00:00:00,0.0
2025-08-16 00:15:00,0.0
2025-08-16 00:30:00,0.0
2025-08-16 00:45:00,0.0
2025-08-16 01:00:00,0.0
2025-08-16 01:15:00,0.0
2025-08-16 01:30:00,0.0
2025-08-16 01:45:00,0.0
2025-08-16 02:00:00,0.0
2025-08-16 02:15:00,0.0
2025-08-16 02:30:00,0.0
2025-08-16 02:45:00,0.0
2025-08-16 03:00:00,0.0
2025-08-16 03:15:00,0.0
2025-08-16 03:30:00,0.0
2025-08-16 03:45:00,0.0
2025-08-16 04:00:00,0.0
2025-08-16 04:15:00,0.0
2025-08-16 04:30:00,0.0
2025-08-16 04:45:00,0.0
2025-08-16 05:00:00,0.0
2025-08-16 05:15:00,0.0
2025-08-16 05:30:00,0.728
2025-08-16 05:45:00,1.048
2025-08-16 06:00:00,10.163
2025-08-16 06:15:00,31.942
2025-08-16 06:30:00,64.695
2025-08-16 06:45:00,106.382
2025-08-16 07:00:00,157.182
2025-08-16 07:15:00,206.148
2025-08-16 07:30:00,220.255
2025-08-16 07:45:00,308.281
2025-08-16 08:00:00,352.92
2025-08-16 08:15:00,388.953
2025-08-16 08:30:00,193.598
2025-08-16 08:45:00,109.476
2025-08-16 09:00:00,84.47
2025-08-16 09:15:00,76.125
2025-08-16 09:30:00,76.125
2025-08-16 09:45:00,76.125
2025-08-16 10:00:00,167.398
2025-08-16 10:15:00,156.963
2025-08-16 10:30:00,122.945
2025-08-16 10:45:00,443.434
2025-08-16 11:00:00,554.218
2025-08-16 11:15:00,753.431
2025-08-16 11:30:00,680.64
2025-08-16 11:45:00,650.437
2025-08-16 12:00:00,501.824
2025-08-16 12:15:00,358.896
2025-08-16 12:30:00,559.396
2025-08-16 12:45:00,607.339
2025-08-16 13:00:00,450.942
2025-08-16 13:15:00,624.833
2025-08-16 13:30:00,582.377
2025-08-16 13:45:00,536.633
2025-08-16 14:00:00,638.512
2025-08-16 14:15:00,563.768
2025-08-16 14:30:00,558.229
2025-08-16 14:45:00,143.822
2025-08-16 15:00:00,390.289
2025-08-16 15:15:00,599.198
2025-08-16 15:30:00,477.194
2025-08-16 15:45:00,583.348
2025-08-16 16:00:00,542.94
2025-08-16 16:15:00,513.802
2025-08-16 16:30:00,478.033
2025-08-16 16:45:00,437.005
2025-08-16 17:00:00,363.835
2025-08-16 17:15:00,297.465
2025-08-16 17:30:00,236.833
2025-08-16 17:45:00,177.753
2025-08-16 18:00:00,125.048
2025-08-16 18:15:00,84.155
2025-08-16 18:30:00,51.21
2025-08-16 18:45:00,26.86
2025-08-16 19:00:00,4.778
2025-08-16 19:15:00,0.0
2025-08-16 19:30:00,0.0
2025-08-16 19:45:00,0.0
2025-08-16 20:00:00,0.0
2025-08-16 20:15:00,0.0
2025-08-16 20:30:00,0.0
2025-08-16 20:45:00,0.0
2025-08-16 21:00:00,0.0
2025-08-16 21:15:00,0.0
2025-08-16 21:30:00,0.0
2025-08-16 21:45:00,0.0
2025-08-16 22:00:00,0.0
2025-08-16 22:15:00,0.0
2025-08-16 22:30:00,0.0
2025-08-16 22:45:00,0.0
2025-08-16 23:00:00,0.0
2025-08-16 23:15:00,0.0
2025-08-16 23:30:00,0.0
2025-08-16 23:45:00,0.0
2025-08-17 00:00:00,0.0
2025-08-17 00:15:00,0.0
2025-08-17 00:30:00,0.0
2025-08-17 00:45:00,0.0
2025-08-17 01:00:00,0.0
2025-08-17 01:15:00,0.0
2025-08-17 01:30:00,0.0
2025-08-17 01:45:00,0.0
2025-08-17 02:00:00,0.0
2025-08-17 02:15:00,0.0
2025-08-17 02:30:00,0.0
2025-08-17 02:45:00,0.0
2025-08-17 03:00:00,0.0
2025-08-17 03:15:00,0.0
2025-08-17 03:30:00,0.0
2025-08-17 03:45:00,0.0
2025-08-17 04:00:00,0.0
2025-08-17 04:15:00,0.0
2025-08-17 04:30:00,0.0
2025-08-17 04:45:00,0.0
2025-08-17 05:00:00,0.0
2025-08-17 05:15:00,0.0
2025-08-17 05:30:00,0.728
2025-08-17 05:45:00,1.043
2025-08-17 06:00:00,10.965
2025-08-17 06:15:00,35.007
2025-08-17 06:30:00,67.745
2025-08-17 06:45:00,110.66
2025-08-17 07:00:00,162.917
2025-08-17 07:15:00,228.053
2025-08-17 07:30:00,257.85
2025-08-17 07:45:00,256.784
2025-08-17 08:00:00,212.688
2025-08-17 08:15:00,265.966
2025-08-17 08:30:00,249.502
2025-08-17 08:45:00,76.125
2025-08-17 09:00:00,105.481
2025-08-17 09:15:00,76.125
2025-08-17 09:30:00,76.125
2025-08-17 09:45:00,162.64
2025-08-17 10:00:00,155.045
2025-08-17 10:15:00,495.14
2025-08-17 10:30:00,653.427
2025-08-17 10:45:00,699.851
2025-08-17 11:00:00,683.593
2025-08-17 11:15:00,794.758
2025-08-17 11:30:00,791.247
2025-08-17 11:45:00,813.984
2025-08-17 12:00:00,757.589
2025-08-17 12:15:00,709.061
2025-08-17 12:30:00,443.295
2025-08-17 12:45:00,822.159
2025-08-17 13:00:00,903.102
2025-08-17 13:15:00,647.803
2025-08-17 13:30:00,644.805
2025-08-17 13:45:00,464.9
2025-08-17 14:00:00,418.766
2025-08-17 14:15:00,480.088
2025-08-17 14:30:00,548.034
2025-08-17 14:45:00,648.019
2025-08-17 15:00:00,754.427
2025-08-17 15:15:00,713.98
2025-08-17 15:30:00,668.518
2025-08-17 15:45:00,636.028
2025-08-17 16:00:00,576.005
2025-08-17 16:15:00,519.575
2025-08-17 16:30:00,442.67
2025-08-17 16:45:00,386.315
2025-08-17 17:00:00,331.24
2025-08-17 17:15:00,272.755
2025-08-17 17:30:00,216.14
2025-08-17 17:45:00,161.943
2025-08-17 18:00:00,117.29
2025-08-17 18:15:00,68.915
2025-08-17 18:30:00,42.143
2025-08-17 18:45:00,18.9
2025-08-17 19:00:00,5.823
2025-08-17 19:15:00,1.957
2025-08-17 19:30:00,1.25
2025-08-17 19:45:00,0.0
2025-08-17 20:00:00,0.0
2025-08-17 20:15:00,0.0
2025-08-17 20:30:00,0.0
2025-08-17 20:45:00,0.0
2025-08-17 21:00:00,0.0
2025-08-17 21:15:00,0.0
2025-08-17 21:30:00,0.0
2025-08-17 21:45:00,0.0
2025-08-17 22:00:00,0.0
2025-08-17 22:15:00,0.0
2025-08-17 22:30:00,0.0
2025-08-17 22:45:00,0.0
2025-08-17 23:00:00,0.0
2025-08-17 23:15:00,0.0
2025-08-17 23:30:00,0.0
2025-08-17 23:45:00,0.0
2025-08-18 00:00:00,0.0
2025-08-18 00:15:00,0.0
2025-08-18 00:30:00,0.0
2025-08-18 00:45:00,0.0
2025-08-18 01:00:00,0.0
2025-08-18 01:15:00,0.0
2025-08-18 01:30:00,0.0
2025-08-18 01:45:00,0.0
2025-08-18 02:00:00,0.0
2025-08-18 02:15:00,0.0
2025-08-18 02:30:00,0.0
2025-08-18 02:45:00,0.0
2025-08-18 03:00:00,0.0
2025-08-18 03:15:00,0.0
2025-08-18 03:30:00,0.0
2025-08-18 03:45:00,0.0
2025-08-18 04:00:00,0.0
2025-08-18 04:15:00,0.0
2025-08-18 04:30:00,0.0
2025-08-18 04:45:00,0.0
2025-08-18 05:00:00,0.0
2025-08-18 05:15:00,0.0
2025-08-18 05:30:00,0.0
2025-08-18 05:45:00,1.04
2025-08-18 06:00:00,8.352
2025-08-18 06:15:00,31.087
2025-08-18 06:30:00,63.325
2025-08-18 06:45:00,104.048
2025-08-18 07:00:00,153.383
2025-08-18 07:15:00,211.563
2025-08-18 07:30:00,252.742
2025-08-18 07:45:00,253.602
2025-08-18 08:00:00,165.202
2025-08-18 08:15:00,280.115
2025-08-18 08:30:00,448.354
2025-08-18 08:45:00,466.484
2025-08-18 09:00:00,642.741
2025-08-18 09:15:00,685.004
2025-08-18 09:30:00,711.357
2025-08-18 09:45:00,782.993
2025-08-18 10:00:00,861.291
2025-08-18 10:15:00,870.784
2025-08-18 10:30:00,902.005
2025-08-18 10:45:00,923.285
2025-08-18 11:00:00,971.589
2025-08-18 11:15:00,1027.15
2025-08-18 11:30:00,1013.916
2025-08-18 11:45:00,1046.914
2025-08-18 12:00:00,1032.371
2025-08-18 12:15:00,1043.315
2025-08-18 12:30:00,1045.022
2025-08-18 12:45:00,1019.643
2025-08-18 13:00:00,1007.462
2025-08-18 13:15:00,982.492
2025-08-18 13:30:00,953.48
2025-08-18 13:45:00,945.505
2025-08-18 14:00:00,895.809
2025-08-18 14:15:00,846.949
2025-08-18 14:30:00,815.662
2025-08-18 14:45:00,713.425
2025-08-18 15:00:00,717.921
2025-08-18 15:15:00,586.674
2025-08-18 15:30:00,635.914
2025-08-18 15:45:00,642.843
2025-08-18 16:00:00,585.125
2025-08-18 16:15:00,504.707
2025-08-18 16:30:00,435.293
2025-08-18 16:45:00,368.753
2025-08-18 17:00:00,321.925
2025-08-18 17:15:00,251.65
2025-08-18 17:30:00,185.338
2025-08-18 17:45:00,143.743
2025-08-18 18:00:00,105.032
2025-08-18 18:15:00,65.495
2025-08-18 18:30:00,34.078
2025-08-18 18:45:00,14.92
2025-08-18 19:00:00,3.225
2025-08-18 19:15:00,1.765
2025-08-18 19:30:00,0.735
2025-08-18 19:45:00,0.0
2025-08-18 20:00:00,0.0
2025-08-18 20:15:00,0.0
2025-08-18 20:30:00,0.0
2025-08-18 20:45:00,0.0
2025-08-18 21:00:00,0.0
2025-08-18 21:15:00,0.0
2025-08-18 21:30:00,0.0
2025-08-18 21:45:00,0.0
2025-08-18 22:00:00,0.0
2025-08-18 22:15:00,0.0
2025-08-18 22:30:00,0.0
2025-08-18 22:45:00,0.0
2025-08-18 23:00:00,0.0
2025-08-18 23:15:00,0.0
2025-08-18 23:30:00,0.0
2025-08-18 23:45:00,0.0
2025-08-19 00:00:00,0.0
2025-08-19 00:15:00,0.0
2025-08-19 00:30:00,0.0
2025-08-19 00:45:00,0.0
2025-08-19 01:00:00,0.0
2025-08-19 01:15:00,0.0
2025-08-19 01:30:00,0.0
2025-08-19 01:45:00,0.0
2025-08-19 02:00:00,0.0
2025-08-19 02:15:00,0.0
2025-08-19 02:30:00,0.0
2025-08-19 02:45:00,0.0
2025-08-19 03:00:00,0.0
2025-08-19 03:15:00,0.0
2025-08-19 03:30:00,0.0
2025-08-19 03:45:00,0.0
2025-08-19 04:00:00,0.0
2025-08-19 04:15:00,0.0
2025-08-19 04:30:00,0.0
2025-08-19 04:45:00,0.0
2025-08-19 05:00:00,0.0
2025-08-19 05:15:00,0.0
2025-08-19 05:30:00,0.0
2025-08-19 05:45:00,1.038
2025-08-19 06:00:00,9.245
2025-08-19 06:15:00,26.935
2025-08-19 06:30:00,57.647
2025-08-19 06:45:00,94.934
2025-08-19 07:00:00,138.133
2025-08-19 07:15:00,189.359
2025-08-19 07:30:00,228.145
2025-08-19 07:45:00,271.447
2025-08-19 08:00:00,315.043
2025-08-19 08:15:00,372.3
2025-08-19 08:30:00,431.65
2025-08-19 08:45:00,472.803
2025-08-19 09:00:00,594.837
2025-08-19 09:15:00,608.622
2025-08-19 09:30:00,634.698
2025-08-19 09:45:00,720.96
2025-08-19 10:00:00,768.102
2025-08-19 10:15:00,761.951
2025-08-19 10:30:00,796.277
2025-08-19 10:45:00,791.412
2025-08-19 11:00:00,803.468
2025-08-19 11:15:00,872.313
2025-08-19 11:30:00,878.834
2025-08-19 11:45:00,916.095
2025-08-19 12:00:00,916.432
2025-08-19 12:15:00,903.511
2025-08-19 12:30:00,930.491
2025-08-19 12:45:00,924.124
2025-08-19 13:00:00,906.815
2025-08-19 13:15:00,883.596
2025-08-19 13:30:00,832.595
2025-08-19 13:45:00,804.049
2025-08-19 14:00:00,795.401
2025-08-19 14:15:00,744.852
2025-08-19 14:30:00,699.324
2025-08-19 14:45:00,660.37
2025-08-19 15:00:00,620.237
2025-08-19 15:15:00,588.548
2025-08-19 15:30:00,555.888
2025-08-19 15:45:00,556.633
2025-08-19 16:00:00,513.524
2025-08-19 16:15:00,476.227
2025-08-19 16:30:00,431.874
2025-08-19 16:45:00,316.423
2025-08-19 17:00:00,284.538
2025-08-19 17:15:00,230.717
2025-08-19 17:30:00,175.788
2025-08-19 17:45:00,120.237
2025-08-19 18:00:00,82.327
2025-08-19 18:15:00,53.25
2025-08-19 18:30:00,28.5
2025-08-19 18:45:00,13.0
2025-08-19 19:00:00,0.0
2025-08-19 19:15:00,0.0
2025-08-19 19:30:00,0.0
2025-08-19 19:45:00,0.0
2025-08-19 20:00:00,0.0
2025-08-19 20:15:00,0.0
2025-08-19 20:30:00,0.0
2025-08-19 20:45:00,0.0
2025-08-19 21:00:00,0.0
2025-08-19 21:15:00,0.0
2025-08-19 21:30:00,0.0
2025-08-19 21:45:00,0.0
2025-08-19 22:00:00,0.0
2025-08-19 22:15:00,0.0
2025-08-19 22:30:00,0.0
2025-08-19 22:45:00,0.0
2025-08-19 23:00:00,0.0
2025-08-19 23:15:00,0.0
2025-08-19 23:30:00,0.0
2025-08-19 23:45:00,0.0
2025-08-20 00:00:00,0.0
2025-08-20 00:15:00,0.0
2025-08-20 00:30:00,0.0
2025-08-20 00:45:00,0.0
2025-08-20 01:00:00,0.0
2025-08-20 01:15:00,0.0
2025-08-20 01:30:00,0.0
2025-08-20 01:45:00,0.0
2025-08-20 02:00:00,0.0
2025-08-20 02:15:00,0.0
2025-08-20 02:30:00,0.0
2025-08-20 02:45:00,0.0
2025-08-20 03:00:00,0.0
2025-08-20 03:15:00,0.0
2025-08-20 03:30:00,0.0
2025-08-20 03:45:00,0.0
2025-08-20 04:00:00,0.0
2025-08-20 04:15:00,0.0
2025-08-20 04:30:00,0.0
2025-08-20 04:45:00,0.0
2025-08-20 05:00:00,0.0
2025-08-20 05:15:00,0.0
2025-08-20 05:30:00,0.0
2025-08-20 05:45:00,1.0
2025-08-20 06:00:00,10.5
2025-08-20 06:15:00,28.5
2025-08-20 06:30:00,54.617
2025-08-20 06:45:00,88.242
2025-08-20 07:00:00,129.117
2025-08-20 07:15:00,169.272
2025-08-20 07:30:00,218.974
2025-08-20 07:45:00,266.237
2025-08-20 08:00:00,314.237
2025-08-20 08:15:00,368.487
2025-08-20 08:30:00,423.224
2025-08-20 08:45:00,506.165
2025-08-20 09:00:00,534.501
2025-08-20 09:15:00,589.281
2025-08-20 09:30:00,639.429
2025-08-20 09:45:00,706.302
2025-08-20 10:00:00,721.96
2025-08-20 10:15:00,692.475
2025-08-20 10:30:00,740.024
2025-08-20 10:45:00,761.282
2025-08-20 11:00:00,766.181
2025-08-20 11:15:00,724.218
2025-08-20 11:30:00,734.539
2025-08-20 11:45:00,719.152
2025-08-20 12:00:00,711.15
2025-08-20 12:15:00,693.039
2025-08-20 12:30:00,707.184
2025-08-20 12:45:00,691.14
2025-08-20 13:00:00,676.873
2025-08-20 13:15:00,673.504
2025-08-20 13:30:00,652.812
2025-08-20 13:45:00,651.334
2025-08-20 14:00:00,665.322
2025-08-20 14:15:00,644.545
2025-08-20 14:30:00,600.96
2025-08-20 14:45:00,543.817
2025-08-20 15:00:00,515.774
2025-08-20 15:15:00,515.843
2025-08-20 15:30:00,463.647
2025-08-20 15:45:00,459.874
2025-08-20 16:00:00,419.352
2025-08-20 16:15:00,350.614
2025-08-20 16:30:00,300.357
2025-08-20 16:45:00,244.403
2025-08-20 17:00:00,214.669
2025-08-20 17:15:00,171.684
2025-08-20 17:30:00,132.319
2025-08-20 17:45:00,101.019
2025-08-20 18:00:00,82.834
2025-08-20 18:15:00,48.29
2025-08-20 18:30:00,27.08
2025-08-20 18:45:00,10.922
2025-08-20 19:00:00,1.69
2025-08-20 19:15:00,0.882
2025-08-20 19:30:00,0.0
2025-08-20 19:45:00,0.0
2025-08-20 20:00:00,0.0
2025-08-20 20:15:00,0.0
2025-08-20 20:30:00,0.0
2025-08-20 20:45:00,0.0
2025-08-20 21:00:00,0.0
2025-08-20 21:15:00,0.0
2025-08-20 21:30:00,0.0
2025-08-20 21:45:00,0.0
2025-08-20 22:00:00,0.0
2025-08-20 22:15:00,0.0
2025-08-20 22:30:00,0.0
2025-08-20 22:45:00,0.0
2025-08-20 23:00:00,0.0
2025-08-20 23:15:00,0.0
2025-08-20 23:30:00,0.0
2025-08-20 23:45:00,0.0
2025-08-21 00:00:00,0.0
2025-08-21 00:15:00,0.0
2025-08-21 00:30:00,0.0
2025-08-21 00:45:00,0.0
2025-08-21 01:00:00,0.0
2025-08-21 01:15:00,0.0
2025-08-21 01:30:00,0.0
2025-08-21 01:45:00,0.0
2025-08-21 02:00:00,0.0
2025-08-21 02:15:00,0.0
2025-08-21 02:30:00,0.0
2025-08-21 02:45:00,0.0
2025-08-21 03:00:00,0.0
2025-08-21 03:15:00,0.0
2025-08-21 03:30:00,0.0
2025-08-21 03:45:00,0.0
2025-08-21 04:00:00,0.0
2025-08-21 04:15:00,0.0
2025-08-21 04:30:00,0.0
2025-08-21 04:45:00,0.0
2025-08-21 05:00:00,0.0
2025-08-21 05:15:00,0.0
2025-08-21 05:30:00,0.0
2025-08-21 05:45:00,1.03
2025-08-21 06:00:00,6.285
2025-08-21 06:15:00,17.315
2025-08-21 06:30:00,39.585
2025-08-21 06:45:00,69.798
2025-08-21 07:00:00,105.75
2025-08-21 07:15:00,144.298
2025-08-21 07:30:00,191.636
2025-08-21 07:45:00,231.456
2025-08-21 08:00:00,274.836
2025-08-21 08:15:00,326.556
2025-08-21 08:30:00,384.586
2025-08-21 08:45:00,414.675
2025-08-21 09:00:00,432.881
2025-08-21 09:15:00,476.083
2025-08-21 09:30:00,511.258
2025-08-21 09:45:00,517.618
2025-08-21 10:00:00,544.667
2025-08-21 10:15:00,566.802
2025-08-21 10:30:00,592.926
2025-08-21 10:45:00,641.872
2025-08-21 11:00:00,674.413
2025-08-21 11:15:00,720.041
2025-08-21 11:30:00,733.683
2025-08-21 11:45:00,730.446
2025-08-21 12:00:00,759.344
2025-08-21 12:15:00,773.072
2025-08-21 12:30:00,763.238
2025-08-21 12:45:00,773.905
2025-08-21 13:00:00,730.155
2025-08-21 13:15:00,740.344
2025-08-21 13:30:00,701.748
2025-08-21 13:45:00,668.344
2025-08-21 14:00:00,641.159
2025-08-21 14:15:00,624.795
2025-08-21 14:30:00,587.845
2025-08-21 14:45:00,574.159
2025-08-21 15:00:00,561.065
2025-08-21 15:15:00,557.783
2025-08-21 15:30:00,554.011
2025-08-21 15:45:00,513.756
2025-08-21 16:00:00,475.744
2025-08-21 16:15:00,425.274
2025-08-21 16:30:00,345.483
2025-08-21 16:45:00,298.987
2025-08-21 17:00:00,248.97
2025-08-21 17:15:00,200.209
2025-08-21 17:30:00,154.92
2025-08-21 17:45:00,116.007
2025-08-21 18:00:00,74.787
2025-08-21 18:15:00,45.94
2025-08-21 18:30:00,20.907
2025-08-21 18:45:00,7.925
2025-08-21 19:00:00,2.632
2025-08-21 19:15:00,0.0
2025-08-21 19:30:00,0.468
2025-08-21 19:45:00,0.0
2025-08-21 20:00:00,0.0
2025-08-21 20:15:00,0.0
2025-08-21 20:30:00,0.0
2025-08-21 20:45:00,0.0
2025-08-21 21:00:00,0.0
2025-08-21 21:15:00,0.0
2025-08-21 21:30:00,0.0
2025-08-21 21:45:00,0.0
2025-08-21 22:00:00,0.0
2025-08-21 22:15:00,0.0
2025-08-21 22:30:00,0.0
2025-08-21 22:45:00,0.0
2025-08-21 23:00:00,0.0
2025-08-21 23:15:00,0.0
2025-08-21 23:30:00,0.0
2025-08-21 23:45:00,0.0
2025-08-22 00:00:00,0.0
2025-08-22 00:15:00,0.0
2025-08-22 00:30:00,0.0
2025-08-22 00:45:00,0.0
2025-08-22 01:00:00,0.0
2025-08-22 01:15:00,0.0
2025-08-22 01:30:00,0.0
2025-08-22 01:45:00,0.0
2025-08-22 02:00:00,0.0
2025-08-22 02:15:00,0.0
2025-08-22 02:30:00,0.0
2025-08-22 02:45:00,0.0
2025-08-22 03:00:00,0.0
2025-08-22 03:15:00,0.0
2025-08-22 03:30:00,0.0
2025-08-22 03:45:00,0.0
2025-08-22 04:00:00,0.0
2025-08-22 04:15:00,0.0
2025-08-22 04:30:00,0.0
2025-08-22 04:45:00,0.0
2025-08-22 05:00:00,0.0
2025-08-22 05:15:00,0.0
2025-08-22 05:30:00,0.0
2025-08-22 05:45:00,0.832
2025-08-22 06:00:00,5.885
2025-08-22 06:15:00,16.57
2025-08-22 06:30:00,35.353
2025-08-22 06:45:00,63.579
2025-08-22 07:00:00,92.857
2025-08-22 07:15:00,120.44
2025-08-22 07:30:00,157.22
2025-08-22 07:45:00,204.305
2025-08-22 08:00:00,249.331
2025-08-22 08:15:00,291.147
2025-08-22 08:30:00,358.216
2025-08-22 08:45:00,386.458
2025-08-22 09:00:00,441.113
2025-08-22 09:15:00,488.606
2025-08-22 09:30:00,541.82
2025-08-22 09:45:00,558.46
2025-08-22 10:00:00,576.677
2025-08-22 10:15:00,601.541
2025-08-22 10:30:00,613.133
2025-08-22 10:45:00,665.856
2025-08-22 11:00:00,690.7
2025-08-22 11:15:00,693.587
2025-08-22 11:30:00,700.97
2025-08-22 11:45:00,699.039
2025-08-22 12:00:00,634.232
2025-08-22 12:15:00,642.092
2025-08-22 12:30:00,642.351
2025-08-22 12:45:00,620.605
2025-08-22 13:00:00,662.946
2025-08-22 13:15:00,665.974
2025-08-22 13:30:00,663.258
2025-08-22 13:45:00,657.375
2025-08-22 14:00:00,633.18
2025-08-22 14:15:00,587.861
2025-08-22 14:30:00,593.718
2025-08-22 14:45:00,515.027
2025-08-22 15:00:00,507.592
2025-08-22 15:15:00,502.278
2025-08-22 15:30:00,467.578
2025-08-22 15:45:00,437.921
2025-08-22 16:00:00,430.797
2025-08-22 16:15:00,380.475
2025-08-22 16:30:00,341.05
2025-08-22 16:45:00,276.316
2025-08-22 17:00:00,247.574
2025-08-22 17:15:00,192.5
2025-08-22 17:30:00,140.607
2025-08-22 17:45:00,112.313
2025-08-22 18:00:00,80.348
2025-08-22 18:15:00,55.373
2025-08-22 18:30:00,27.935
2025-08-22 18:45:00,8.92
2025-08-22 19:00:00,2.652
2025-08-22 19:15:00,2.112
2025-08-22 19:30:00,0.28
2025-08-22 19:45:00,0.0
2025-08-22 20:00:00,0.0
2025-08-22 20:15:00,0.0
2025-08-22 20:30:00,0.0
2025-08-22 20:45:00,0.0
2025-08-22 21:00:00,0.0
2025-08-22 21:15:00,0.0
2025-08-22 21:30:00,0.0
2025-08-22 21:45:00,0.0
2025-08-22 22:00:00,0.0
2025-08-22 22:15:00,0.0
2025-08-22 22:30:00,0.0
2025-08-22 22:45:00,0.0
2025-08-22 23:00:00,0.0
2025-08-22 23:15:00,0.0
2025-08-22 23:30:00,0.0
2025-08-22 23:45:00,0.0
2025-08-23 00:00:00,0.0
2025-08-23 00:15:00,0.0
2025-08-23 00:30:00,0.0
2025-08-23 00:45:00,0.0
2025-08-23 01:00:00,0.0
2025-08-23 01:15:00,0.0
2025-08-23 01:30:00,0.0
2025-08-23 01:45:00,0.0
2025-08-23 02:00:00,0.0
2025-08-23 02:15:00,0.0
2025-08-23 02:30:00,0.0
2025-08-23 02:45:00,0.0
2025-08-23 03:00:00,0.0
2025-08-23 03:15:00,0.0
2025-08-23 03:30:00,0.0
2025-08-23 03:45:00,0.0
2025-08-23 04:00:00,0.0
2025-08-23 04:15:00,0.0
2025-08-23 04:30:00,0.0
2025-08-23 04:45:00,0.0
2025-08-23 05:00:00,0.0
2025-08-23 05:15:00,0.0
2025-08-23 05:30:00,0.0
2025-08-23 05:45:00,0.827
2025-08-23 06:00:00,4.525
2025-08-23 06:15:00,15.525
2025-08-23 06:30:00,38.055
2025-08-23 06:45:00,66.15
2025-08-23 07:00:00,95.012
2025-08-23 07:15:00,147.055
2025-08-23 07:30:00,171.891
2025-08-23 07:45:00,207.474
2025-08-23 08:00:00,248.437
2025-08-23 08:15:00,291.397
2025-08-23 08:30:00,365.31
2025-08-23 08:45:00,438.376
2025-08-23 09:00:00,497.289
2025-08-23 09:15:00,569.225
2025-08-23 09:30:00,637.541
2025-08-23 09:45:00,703.811
2025-08-23 10:00:00,691.586
2025-08-23 10:15:00,735.814
2025-08-23 10:30:00,678.83
2025-08-23 10:45:00,674.43
2025-08-23 11:00:00,718.623
2025-08-23 11:15:00,766.773
2025-08-23 11:30:00,734.185
2025-08-23 11:45:00,767.171
2025-08-23 12:00:00,820.901
2025-08-23 12:15:00,804.898
2025-08-23 12:30:00,850.57
2025-08-23 12:45:00,913.381
2025-08-23 13:00:00,918.155
2025-08-23 13:15:00,858.669
2025-08-23 13:30:00,822.593
2025-08-23 13:45:00,826.533
2025-08-23 14:00:00,819.759
2025-08-23 14:15:00,824.574
2025-08-23 14:30:00,804.401
2025-08-23 14:45:00,802.605
2025-08-23 15:00:00,757.693
2025-08-23 15:15:00,704.5
2025-08-23 15:30:00,661.895
2025-08-23 15:45:00,622.253
2025-08-23 16:00:00,563.808
2025-08-23 16:15:00,511.133
2025-08-23 16:30:00,436.29
2025-08-23 16:45:00,358.838
2025-08-23 17:00:00,317.485
2025-08-23 17:15:00,256.883
2025-08-23 17:30:00,205.86
2025-08-23 17:45:00,154.068
2025-08-23 18:00:00,106.137
2025-08-23 18:15:00,75.26
2025-08-23 18:30:00,43.662
2025-08-23 18:45:00,10.185
2025-08-23 19:00:00,2.5
2025-08-23 19:15:00,1.45
2025-08-23 19:30:00,0.49
2025-08-23 19:45:00,0.0
2025-08-23 20:00:00,0.0
2025-08-23 20:15:00,0.0
2025-08-23 20:30:00,0.0
2025-08-23 20:45:00,0.0
2025-08-23 21:00:00,0.0
2025-08-23 21:15:00,0.0
2025-08-23 21:30:00,0.0
2025-08-23 21:45:00,0.0
2025-08-23 22:00:00,0.0
2025-08-23 22:15:00,0.0
2025-08-23 22:30:00,0.0
2025-08-23 22:45:00,0.0
2025-08-23 23:00:00,0.0
2025-08-23 23:15:00,0.0
2025-08-23 23:30:00,0.0
2025-08-23 23:45:00,0.0
2025-08-24 00:00:00,0.0
2025-08-24 00:15:00,0.0
2025-08-24 00:30:00,0.0
2025-08-24 00:45:00,0.0
2025-08-24 01:00:00,0.0
2025-08-24 01:15:00,0.0
2025-08-24 01:30:00,0.0
2025-08-24 01:45:00,0.0
2025-08-24 02:00:00,0.0
2025-08-24 02:15:00,0.0
2025-08-24 02:30:00,0.0
2025-08-24 02:45:00,0.0
2025-08-24 03:00:00,0.0
2025-08-24 03:15:00,0.0
2025-08-24 03:30:00,0.0
2025-08-24 03:45:00,0.0
2025-08-24 04:00:00,0.0
2025-08-24 04:15:00,0.0
2025-08-24 04:30:00,0.0
2025-08-24 04:45:00,0.0
2025-08-24 05:00:00,0.0
2025-08-24 05:15:00,0.0
2025-08-24 05:30:00,0.0
2025-08-24 05:45:00,1.018
2025-08-24 06:00:00,6.145
2025-08-24 06:15:00,20.028
2025-08-24 06:30:00,47.04
2025-08-24 06:45:00,81.63
2025-08-24 07:00:00,125.89
2025-08-24 07:15:00,177.827
2025-08-24 07:30:00,233.451
2025-08-24 07:45:00,289.231
2025-08-24 08:00:00,362.311
2025-08-24 08:15:00,425.697
2025-08-24 08:30:00,417.148
2025-08-24 08:45:00,481.437
2025-08-24 09:00:00,441.871
2025-08-24 09:15:00,436.008
2025-08-24 09:30:00,471.51
2025-08-24 09:45:00,586.734
2025-08-24 10:00:00,689.455
2025-08-24 10:15:00,872.206
2025-08-24 10:30:00,884.784
2025-08-24 10:45:00,933.98
2025-08-24 11:00:00,949.698
2025-08-24 11:15:00,847.98
2025-08-24 11:30:00,921.674
2025-08-24 11:45:00,910.379
2025-08-24 12:00:00,832.547
2025-08-24 12:15:00,879.59
2025-08-24 12:30:00,1015.576
2025-08-24 12:45:00,1015.424
2025-08-24 13:00:00,1035.285
2025-08-24 13:15:00,1020.45
2025-08-24 13:30:00,997.583
2025-08-24 13:45:00,965.321
2025-08-24 14:00:00,933.642
2025-08-24 14:15:00,936.933
2025-08-24 14:30:00,909.188
2025-08-24 14:45:00,856.907
2025-08-24 15:00:00,825.74
2025-08-24 15:15:00,762.813
2025-08-24 15:30:00,704.718
2025-08-24 15:45:00,645.9
2025-08-24 16:00:00,601.5
2025-08-24 16:15:00,545.3
2025-08-24 16:30:00,488.628
2025-08-24 16:45:00,423.402
2025-08-24 17:00:00,352.263
2025-08-24 17:15:00,283.575
2025-08-24 17:30:00,221.137
2025-08-24 17:45:00,163.622
2025-08-24 18:00:00,113.143
2025-08-24 18:15:00,74.772
2025-08-24 18:30:00,43.007
2025-08-24 18:45:00,10.505
2025-08-24 19:00:00,2.525
2025-08-24 19:15:00,2.003
2025-08-24 19:30:00,1.053
2025-08-24 19:45:00,0.395
2025-08-24 20:00:00,0.0
2025-08-24 20:15:00,0.0
2025-08-24 20:30:00,0.0
2025-08-24 20:45:00,0.0
2025-08-24 21:00:00,0.0
2025-08-24 21:15:00,0.0
2025-08-24 21:30:00,0.0
2025-08-24 21:45:00,0.0
2025-08-24 22:00:00,0.0
2025-08-24 22:15:00,0.0
2025-08-24 22:30:00,0.0
2025-08-24 22:45:00,0.0
2025-08-24 23:00:00,0.0
2025-08-24 23:15:00,0.0
2025-08-24 23:30:00,0.0
2025-08-24 23:45:00,0.0
2025-08-25 00:00:00,0.0
2025-08-25 00:15:00,0.0
2025-08-25 00:30:00,0.0
2025-08-25 00:45:00,0.0
2025-08-25 01:00:00,0.0
2025-08-25 01:15:00,0.0
2025-08-25 01:30:00,0.0
2025-08-25 01:45:00,0.0
2025-08-25 02:00:00,0.0
2025-08-25 02:15:00,0.0
2025-08-25 02:30:00,0.0
2025-08-25 02:45:00,0.0
2025-08-25 03:00:00,0.0
2025-08-25 03:15:00,0.0
2025-08-25 03:30:00,0.0
2025-08-25 03:45:00,0.0
2025-08-25 04:00:00,0.0
2025-08-25 04:15:00,0.0
2025-08-25 04:30:00,0.0
2025-08-25 04:45:00,0.0
2025-08-25 05:00:00,0.0
2025-08-25 05:15:00,0.0
2025-08-25 05:30:00,0.0
2025-08-25 05:45:00,0.827
2025-08-25 06:00:00,8.86
2025-08-25 06:15:00,28.305
2025-08-25 06:30:00,59.127
2025-08-25 06:45:00,98.305
2025-08-25 07:00:00,148.548
2025-08-25 07:15:00,214.215
2025-08-25 07:30:00,284.565
2025-08-25 07:45:00,364.77
2025-08-25 08:00:00,439.56
2025-08-25 08:15:00,532.05
2025-08-25 08:30:00,608.84
2025-08-25 08:45:00,688.56
2025-08-25 09:00:00,774.172
2025-08-25 09:15:00,854.833
2025-08-25 09:30:00,920.96
2025-08-25 09:45:00,970.763
2025-08-25 10:00:00,1019.023
2025-08-25 10:15:00,1051.177
2025-08-25 10:30:00,1078.098
2025-08-25 10:45:00,1100.728
2025-08-25 11:00:00,1123.675
2025-08-25 11:15:00,1137.108
2025-08-25 11:30:00,1142.252
2025-08-25 11:45:00,1136.416
2025-08-25 12:00:00,1136.779
2025-08-25 12:15:00,1142.149
2025-08-25 12:30:00,1147.348
2025-08-25 12:45:00,1143.745
2025-08-25 13:00:00,1131.39
2025-08-25 13:15:00,1111.563
2025-08-25 13:30:00,1104.417
2025-08-25 13:45:00,1079.042
2025-08-25 14:00:00,1045.405
2025-08-25 14:15:00,1000.958
2025-08-25 14:30:00,967.465
2025-08-25 14:45:00,898.378
2025-08-25 15:00:00,862.07
2025-08-25 15:15:00,807.085
2025-08-25 15:30:00,725.672
2025-08-25 15:45:00,684.565
2025-08-25 16:00:00,617.825
2025-08-25 16:15:00,534.727
2025-08-25 16:30:00,459.569
2025-08-25 16:45:00,394.65
2025-08-25 17:00:00,326.182
2025-08-25 17:15:00,257.215
2025-08-25 17:30:00,204.96
2025-08-25 17:45:00,141.33
2025-08-25 18:00:00,97.895
2025-08-25 18:15:00,64.643
2025-08-25 18:30:00,36.458
2025-08-25 18:45:00,8.54
2025-08-25 19:00:00,1.938
2025-08-25 19:15:00,1.628
2025-08-25 19:30:00,0.398
2025-08-25 19:45:00,0.0
2025-08-25 20:00:00,0.0
2025-08-25 20:15:00,0.0
2025-08-25 20:30:00,0.0
2025-08-25 20:45:00,0.0
2025-08-25 21:00:00,0.0
2025-08-25 21:15:00,0.0
2025-08-25 21:30:00,0.0
2025-08-25 21:45:00,0.0
2025-08-25 22:00:00,0.0
2025-08-25 22:15:00,0.0
2025-08-25 22:30:00,0.0
2025-08-25 22:45:00,0.0
2025-08-25 23:00:00,0.0
2025-08-25 23:15:00,0.0
2025-08-25 23:30:00,0.0
2025-08-25 23:45:00,0.0
2025-08-26 00:00:00,0.0
2025-08-26 00:15:00,0.0
2025-08-26 00:30:00,0.0
2025-08-26 00:45:00,0.0
2025-08-26 01:00:00,0.0
2025-08-26 01:15:00,0.0
2025-08-26 01:30:00,0.0
2025-08-26 01:45:00,0.0
2025-08-26 02:00:00,0.0
2025-08-26 02:15:00,0.0
2025-08-26 02:30:00,0.0
2025-08-26 02:45:00,0.0
2025-08-26 03:00:00,0.0
2025-08-26 03:15:00,0.0
2025-08-26 03:30:00,0.0
2025-08-26 03:45:00,0.0
2025-08-26 04:00:00,0.0
2025-08-26 04:15:00,0.0
2025-08-26 04:30:00,0.0
2025-08-26 04:45:00,0.0
2025-08-26 05:00:00,0.0
2025-08-26 05:15:00,0.0
2025-08-26 05:30:00,0.0
2025-08-26 05:45:00,0.822
2025-08-26 06:00:00,8.608
2025-08-26 06:15:00,26.433
2025-08-26 06:30:00,57.545
2025-08-26 06:45:00,97.143
2025-08-26 07:00:00,150.018
2025-08-26 07:15:00,209.88
2025-08-26 07:30:00,291.483
2025-08-26 07:45:00,375.967
2025-08-26 08:00:00,446.237
2025-08-26 08:15:00,525.52
2025-08-26 08:30:00,607.91
2025-08-26 08:45:00,688.645
2025-08-26 09:00:00,773.94
2025-08-26 09:15:00,852.117
2025-08-26 09:30:00,914.857
2025-08-26 09:45:00,970.575
2025-08-26 10:00:00,1009.035
2025-08-26 10:15:00,1047.127
2025-08-26 10:30:00,1073.377
2025-08-26 10:45:00,1101.37
2025-08-26 11:00:00,1126.06
2025-08-26 11:15:00,1138.355
2025-08-26 11:30:00,1145.368
2025-08-26 11:45:00,1156.38
2025-08-26 12:00:00,1150.693
2025-08-26 12:15:00,1145.458
2025-08-26 12:30:00,1141.902
2025-08-26 12:45:00,1123.448
2025-08-26 13:00:00,1112.938
2025-08-26 13:15:00,1097.685
2025-08-26 13:30:00,1084.955
2025-08-26 13:45:00,1081.69
2025-08-26 14:00:00,1039.6
2025-08-26 14:15:00,1016.287
2025-08-26 14:30:00,976.287
2025-08-26 14:45:00,945.787
2025-08-26 15:00:00,885.968
2025-08-26 15:15:00,836.568
2025-08-26 15:30:00,767.26
2025-08-26 15:45:00,702.597
2025-08-26 16:00:00,628.218
2025-08-26 16:15:00,562.732
2025-08-26 16:30:00,470.03
2025-08-26 16:45:00,388.715
2025-08-26 17:00:00,341.612
2025-08-26 17:15:00,265.177
2025-08-26 17:30:00,196.055
2025-08-26 17:45:00,144.497
2025-08-26 18:00:00,95.463
2025-08-26 18:15:00,59.35
2025-08-26 18:30:00,32.68
2025-08-26 18:45:00,8.578
2025-08-26 19:00:00,2.57
2025-08-26 19:15:00,0.842
2025-08-26 19:30:00,0.0
2025-08-26 19:45:00,0.0
2025-08-26 20:00:00,0.0
2025-08-26 20:15:00,0.0
2025-08-26 20:30:00,0.0
2025-08-26 20:45:00,0.0
2025-08-26 21:00:00,0.0
2025-08-26 21:15:00,0.0
2025-08-26 21:30:00,0.0
2025-08-26 21:45:00,0.0
2025-08-26 22:00:00,0.0
2025-08-26 22:15:00,0.0
2025-08-26 22:30:00,0.0
2025-08-26 22:45:00,0.0
2025-08-26 23:00:00,0.0
2025-08-26 23:15:00,0.0
2025-08-26 23:30:00,0.0
2025-08-26 23:45:00,0.0
2025-08-27 00:00:00,0.0
2025-08-27 00:15:00,0.0
2025-08-27 00:30:00,0.0
2025-08-27 00:45:00,0.0
2025-08-27 01:00:00,0.0
2025-08-27 01:15:00,0.0
2025-08-27 01:30:00,0.0
2025-08-27 01:45:00,0.0
2025-08-27 02:00:00,0.0
2025-08-27 02:15:00,0.0
2025-08-27 02:30:00,0.0
2025-08-27 02:45:00,0.0
2025-08-27 03:00:00,0.0
2025-08-27 03:15:00,0.0
2025-08-27 03:30:00,0.0
2025-08-27 03:45:00,0.0
2025-08-27 04:00:00,0.0
2025-08-27 04:15:00,0.0
2025-08-27 04:30:00,0.0
2025-08-27 04:45:00,0.0
2025-08-27 05:00:00,0.0
2025-08-27 05:15:00,0.0
2025-08-27 05:30:00,0.0
2025-08-27 05:45:00,1.018
2025-08-27 06:00:00,9.095
2025-08-27 06:15:00,27.192
2025-08-27 06:30:00,58.357
2025-08-27 06:45:00,101.13
2025-08-27 07:00:00,154.205
2025-08-27 07:15:00,218.572
2025-08-27 07:30:00,296.967
2025-08-27 07:45:00,379.142
2025-08-27 08:00:00,454.96
2025-08-27 08:15:00,540.98
2025-08-27 08:30:00,616.198
2025-08-27 08:45:00,696.015
2025-08-27 09:00:00,785.01
2025-08-27 09:15:00,866.912
2025-08-27 09:30:00,934.263
2025-08-27 09:45:00,989.042
2025-08-27 10:00:00,1025.255
2025-08-27 10:15:00,1060.407
2025-08-27 10:30:00,1093.252
2025-08-27 10:45:00,1119.147
2025-08-27 11:00:00,1145.448
2025-08-27 11:15:00,1163.682
2025-08-27 11:30:00,1167.618
2025-08-27 11:45:00,1182.825
2025-08-27 12:00:00,1164.397
2025-08-27 12:15:00,1169.925
2025-08-27 12:30:00,1166.22
2025-08-27 12:45:00,1156.927
2025-08-27 13:00:00,1152.568
2025-08-27 13:15:00,1125.343
2025-08-27 13:30:00,1113.453
2025-08-27 13:45:00,1090.665
2025-08-27 14:00:00,1069.42
2025-08-27 14:15:00,1019.112
2025-08-27 14:30:00,993.727
2025-08-27 14:45:00,917.198
2025-08-27 15:00:00,880.64
2025-08-27 15:15:00,823.885
2025-08-27 15:30:00,762.758
2025-08-27 15:45:00,669.535
2025-08-27 16:00:00,618.362
2025-08-27 16:15:00,537.268
2025-08-27 16:30:00,464.225
2025-08-27 16:45:00,402.93
2025-08-27 17:00:00,329.207
2025-08-27 17:15:00,267.975
2025-08-27 17:30:00,212.917
2025-08-27 17:45:00,144.628
2025-08-27 18:00:00,95.302
2025-08-27 18:15:00,58.037
2025-08-27 18:30:00,31.237
2025-08-27 18:45:00,7.52
2025-08-27 19:00:00,2.4
2025-08-27 19:15:00,1.337
2025-08-27 19:30:00,0.25
2025-08-27 19:45:00,0.505
2025-08-27 20:00:00,0.257
2025-08-27 20:15:00,0.0
2025-08-27 20:30:00,0.0
2025-08-27 20:45:00,0.0
2025-08-27 21:00:00,0.0
2025-08-27 21:15:00,0.0
2025-08-27 21:30:00,0.0
2025-08-27 21:45:00,0.0
2025-08-27 22:00:00,0.0
2025-08-27 22:15:00,0.0
2025-08-27 22:30:00,0.0
2025-08-27 22:45:00,0.0
2025-08-27 23:00:00,0.0
2025-08-27 23:15:00,0.0
2025-08-27 23:30:00,0.0
2025-08-27 23:45:00,0.0
2025-08-28 00:00:00,0.0
2025-08-28 00:15:00,0.0
2025-08-28 00:30:00,0.0
2025-08-28 00:45:00,0.0
2025-08-28 01:00:00,0.0
2025-08-28 01:15:00,0.0
2025-08-28 01:30:00,0.0
2025-08-28 01:45:00,0.0
2025-08-28 02:00:00,0.0
2025-08-28 02:15:00,0.0
2025-08-28 02:30:00,0.0
2025-08-28 02:45:00,0.0
2025-08-28 03:00:00,0.0
2025-08-28 03:15:00,0.0
2025-08-28 03:30:00,0.0
2025-08-28 03:45:00,0.0
2025-08-28 04:00:00,0.0
2025-08-28 04:15:00,0.0
2025-08-28 04:30:00,0.0
2025-08-28 04:45:00,0.0
2025-08-28 05:00:00,0.0
2025-08-28 05:15:00,0.0
2025-08-28 05:30:00,0.0
2025-08-28 05:45:00,1.013
2025-08-28 06:00:00,8.385
2025-08-28 06:15:00,26.49
2025-08-28 06:30:00,56.443
2025-08-28 06:45:00,98.702
2025-08-28 07:00:00,150.777
2025-08-28 07:15:00,215.008
2025-08-28 07:30:00,292.285
2025-08-28 07:45:00,377.635
2025-08-28 08:00:00,449.712
2025-08-28 08:15:00,536.855
2025-08-28 08:30:00,613.653
2025-08-28 08:45:00,696.87
2025-08-28 09:00:00,786.675
2025-08-28 09:15:00,870.448
2025-08-28 09:30:00,928.18
2025-08-28 09:45:00,973.535
2025-08-28 10:00:00,1016.51
2025-08-28 10:15:00,1050.853
2025-08-28 10:30:00,1079.152
2025-08-28 10:45:00,1100.67
2025-08-28 11:00:00,1125.365
2025-08-28 11:15:00,1137.165
2025-08-28 11:30:00,1137.422
2025-08-28 11:45:00,1144.1
2025-08-28 12:00:00,1143.063
2025-08-28 12:15:00,1140.385
2025-08-28 12:30:00,1137.71
2025-08-28 12:45:00,1140.325
2025-08-28 13:00:00,1112.373
2025-08-28 13:15:00,1087.978
2025-08-28 13:30:00,1069.555
2025-08-28 13:45:00,1040.295
2025-08-28 14:00:00,1014.87
2025-08-28 14:15:00,934.525
2025-08-28 14:30:00,898.448
2025-08-28 14:45:00,891.255
2025-08-28 15:00:00,832.838
2025-08-28 15:15:00,775.695
2025-08-28 15:30:00,699.722
2025-08-28 15:45:00,629.245
2025-08-28 16:00:00,578.63
2025-08-28 16:15:00,510.728
2025-08-28 16:30:00,438.362
2025-08-28 16:45:00,372.388
2025-08-28 17:00:00,302.96
2025-08-28 17:15:00,249.5
2025-08-28 17:30:00,183.49
2025-08-28 17:45:00,137.947
2025-08-28 18:00:00,89.113
2025-08-28 18:15:00,50.245
2025-08-28 18:30:00,24.788
2025-08-28 18:45:00,4.633
2025-08-28 19:00:00,1.153
2025-08-28 19:15:00,0.52
2025-08-28 19:30:00,0.0
2025-08-28 19:45:00,0.0
2025-08-28 20:00:00,0.0
2025-08-28 20:15:00,0.0
2025-08-28 20:30:00,0.0
2025-08-28 20:45:00,0.0
2025-08-28 21:00:00,0.0
2025-08-28 21:15:00,0.0
2025-08-28 21:30:00,0.0
2025-08-28 21:45:00,0.0
2025-08-28 22:00:00,0.0
2025-08-28 22:15:00,0.0
2025-08-28 22:30:00,0.0
2025-08-28 22:45:00,0.0
2025-08-28 23:00:00,0.0
2025-08-28 23:15:00,0.0
2025-08-28 23:30:00,0.0
2025-08-28 23:45:00,0.0
2025-08-29 00:00:00,0.0
2025-08-29 00:15:00,0.0
2025-08-29 00:30:00,0.0
2025-08-29 00:45:00,0.0
2025-08-29 01:00:00,0.0
2025-08-29 01:15:00,0.0
2025-08-29 01:30:00,0.0
2025-08-29 01:45:00,0.0
2025-08-29 02:00:00,0.0
2025-08-29 02:15:00,0.0
2025-08-29 02:30:00,0.0
2025-08-29 02:45:00,0.0
2025-08-29 03:00:00,0.0
2025-08-29 03:15:00,0.0
2025-08-29 03:30:00,0.0
2025-08-29 03:45:00,0.0
2025-08-29 04:00:00,0.0
2025-08-29 04:15:00,0.0
2025-08-29 04:30:00,0.0
2025-08-29 04:45:00,0.0
2025-08-29 05:00:00,0.0
2025-08-29 05:15:00,0.0
2025-08-29 05:30:00,0.0
2025-08-29 05:45:00,1.01
2025-08-29 06:00:00,9.167
2025-08-29 06:15:00,24.228
2025-08-29 06:30:00,55.432
2025-08-29 06:45:00,94.75
2025-08-29 07:00:00,143.83
2025-08-29 07:15:00,212.768
2025-08-29 07:30:00,282.7
2025-08-29 07:45:00,356.325
2025-08-29 08:00:00,431.767
2025-08-29 08:15:00,520.463
2025-08-29 08:30:00,584.847
2025-08-29 08:45:00,660.31
2025-08-29 09:00:00,736.11
2025-08-29 09:15:00,819.638
2025-08-29 09:30:00,873.13
2025-08-29 09:45:00,916.02
2025-08-29 10:00:00,955.91
2025-08-29 10:15:00,996.438
2025-08-29 10:30:00,1032.215
2025-08-29 10:45:00,1053.25
2025-08-29 11:00:00,1076.208
2025-08-29 11:15:00,1106.358
2025-08-29 11:30:00,1119.765
2025-08-29 11:45:00,1136.537
2025-08-29 12:00:00,1144.493
2025-08-29 12:15:00,1135.958
2025-08-29 12:30:00,1118.81
2025-08-29 12:45:00,1109.392
2025-08-29 13:00:00,1105.57
2025-08-29 13:15:00,1079.6
2025-08-29 13:30:00,1063.965
2025-08-29 13:45:00,1030.365
2025-08-29 14:00:00,1013.825
2025-08-29 14:15:00,961.638
2025-08-29 14:30:00,912.035
2025-08-29 14:45:00,870.932
2025-08-29 15:00:00,810.56
2025-08-29 15:15:00,745.333
2025-08-29 15:30:00,685.052
2025-08-29 15:45:00,623.323
2025-08-29 16:00:00,549.518
2025-08-29 16:15:00,491.09
2025-08-29 16:30:00,418.865
2025-08-29 16:45:00,350.293
2025-08-29 17:00:00,288.43
2025-08-29 17:15:00,231.158
2025-08-29 17:30:00,184.215
2025-08-29 17:45:00,124.982
2025-08-29 18:00:00,83.98
2025-08-29 18:15:00,52.382
2025-08-29 18:30:00,24.8
2025-08-29 18:45:00,5.325
2025-08-29 19:00:00,1.21
2025-08-29 19:15:00,0.805
2025-08-29 19:30:00,0.0
2025-08-29 19:45:00,0.0
2025-08-29 20:00:00,0.0
2025-08-29 20:15:00,0.0
2025-08-29 20:30:00,0.0
2025-08-29 20:45:00,0.0
2025-08-29 21:00:00,0.0
2025-08-29 21:15:00,0.0
2025-08-29 21:30:00,0.0
2025-08-29 21:45:00,0.0
2025-08-29 22:00:00,0.0
2025-08-29 22:15:00,0.0
2025-08-29 22:30:00,0.0
2025-08-29 22:45:00,0.0
2025-08-29 23:00:00,0.0
2025-08-29 23:15:00,0.0
2025-08-29 23:30:00,0.0
2025-08-29 23:45:00,0.0
2025-08-30 00:00:00,0.0
2025-08-30 00:15:00,0.0
2025-08-30 00:30:00,0.0
2025-08-30 00:45:00,0.0
2025-08-30 01:00:00,0.0
2025-08-30 01:15:00,0.0
2025-08-30 01:30:00,0.0
2025-08-30 01:45:00,0.0
2025-08-30 02:00:00,0.0
2025-08-30 02:15:00,0.0
2025-08-30 02:30:00,0.0
2025-08-30 02:45:00,0.0
2025-08-30 03:00:00,0.0
2025-08-30 03:15:00,0.0
2025-08-30 03:30:00,0.0
2025-08-30 03:45:00,0.0
2025-08-30 04:00:00,0.0
2025-08-30 04:15:00,0.0
2025-08-30 04:30:00,0.0
2025-08-30 04:45:00,0.0
2025-08-30 05:00:00,0.0
2025-08-30 05:15:00,0.0
2025-08-30 05:30:00,0.0
2025-08-30 05:45:00,1.01
2025-08-30 06:00:00,6.887
2025-08-30 06:15:00,19.948
2025-08-30 06:30:00,48.447
2025-08-30 06:45:00,77.342
2025-08-30 07:00:00,118.84
2025-08-30 07:15:00,166.747
2025-08-30 07:30:00,234.042
2025-08-30 07:45:00,313.427
2025-08-30 08:00:00,378.087
2025-08-30 08:15:00,448.092
2025-08-30 08:30:00,513.547
2025-08-30 08:45:00,599.795
2025-08-30 09:00:00,680.24
2025-08-30 09:15:00,753.367
2025-08-30 09:30:00,815.343
2025-08-30 09:45:00,867.792
2025-08-30 10:00:00,915.875
2025-08-30 10:15:00,917.68
2025-08-30 10:30:00,953.232
2025-08-30 10:45:00,982.575
2025-08-30 11:00:00,997.055
2025-08-30 11:15:00,1007.115
2025-08-30 11:30:00,1008.188
2025-08-30 11:45:00,1004.675
2025-08-30 12:00:00,1002.177
2025-08-30 12:15:00,988.222
2025-08-30 12:30:00,977.662
2025-08-30 12:45:00,960.182
2025-08-30 13:00:00,0.0
2025-08-30 13:15:00,0.0
2025-08-30 13:30:00,0.0
2025-08-30 13:45:00,0.0
2025-08-30 14:00:00,0.0
2025-08-30 14:15:00,0.0
2025-08-30 14:30:00,0.0
2025-08-30 14:45:00,0.0
2025-08-30 15:00:00,0.0
2025-08-30 15:15:00,0.0
2025-08-30 15:30:00,0.0
2025-08-30 15:45:00,0.0
2025-08-30 16:00:00,0.0
2025-08-30 16:15:00,0.0
2025-08-30 16:30:00,0.0
2025-08-30 16:45:00,0.0
2025-08-30 17:00:00,0.0
2025-08-30 17:15:00,0.0
2025-08-30 17:30:00,0.0
2025-08-30 17:45:00,0.0
2025-08-30 18:00:00,0.0
2025-08-30 18:15:00,0.0
2025-08-30 18:30:00,0.0
2025-08-30 18:45:00,0.0
2025-08-30 19:00:00,0.0
2025-08-30 19:15:00,0.0
2025-08-30 19:30:00,0.0
2025-08-30 19:45:00,0.0
2025-08-30 20:00:00,0.0
2025-08-30 20:15:00,0.0
2025-08-30 20:30:00,0.0
2025-08-30 20:45:00,0.0
2025-08-30 21:00:00,0.0
2025-08-30 21:15:00,0.0
2025-08-30 21:30:00,0.0
2025-08-30 21:45:00,0.0
2025-08-30 22:00:00,0.0
2025-08-30 22:15:00,0.0
2025-08-30 22:30:00,0.0
2025-08-30 22:45:00,0.0
2025-08-30 23:00:00,0.0
2025-08-30 23:15:00,0.0
2025-08-30 23:30:00,0.0
2025-08-30 23:45:00,0.0
2025-08-31 00:00:00,0.0
2025-08-31 00:15:00,0.0
2025-08-31 00:30:00,0.0
2025-08-31 00:45:00,0.0
2025-08-31 01:00:00,0.0
2025-08-31 01:15:00,0.0
2025-08-31 01:30:00,0.0
2025-08-31 01:45:00,0.0
2025-08-31 02:00:00,0.0
2025-08-31 02:15:00,0.0
2025-08-31 02:30:00,0.0
2025-08-31 02:45:00,0.0
2025-08-31 03:00:00,0.0
2025-08-31 03:15:00,0.0
2025-08-31 03:30:00,0.0
2025-08-31 03:45:00,0.0
2025-08-31 04:00:00,0.0
2025-08-31 04:15:00,0.0
2025-08-31 04:30:00,0.0
2025-08-31 04:45:00,0.0
2025-08-31 05:00:00,0.0
2025-08-31 05:15:00,0.0
2025-08-31 05:30:00,0.0
2025-08-31 05:45:00,1.01
2025-08-31 06:00:00,4.415
2025-08-31 06:15:00,16.06
2025-08-31 06:30:00,37.873
2025-08-31 06:45:00,67.765
2025-08-31 07:00:00,105.465
2025-08-31 07:15:00,148.637
2025-08-31 07:30:00,207.087
2025-08-31 07:45:00,271.207
2025-08-31 08:00:00,323.35
2025-08-31 08:15:00,385.215
2025-08-31 08:30:00,439.302
2025-08-31 08:45:00,508.06
2025-08-31 09:00:00,578.838
2025-08-31 09:15:00,612.087
2025-08-31 09:30:00,621.869
2025-08-31 09:45:00,608.562
2025-08-31 10:00:00,708.388
2025-08-31 10:15:00,672.69
2025-08-31 10:30:00,868.232
2025-08-31 10:45:00,875.722
2025-08-31 11:00:00,888.177
2025-08-31 11:15:00,897.977
2025-08-31 11:30:00,936.695
2025-08-31 11:45:00,950.11
2025-08-31 12:00:00,962.625
2025-08-31 12:15:00,959.924
2025-08-31 12:30:00,933.742
2025-08-31 12:45:00,943.263
2025-08-31 13:00:00,926.42
2025-08-31 13:15:00,905.278
2025-08-31 13:30:00,896.055
2025-08-31 13:45:00,876.8
2025-08-31 14:00:00,838.905
2025-08-31 14:15:00,799.53
2025-08-31 14:30:00,754.495
2025-08-31 14:45:00,721.753
2025-08-31 15:00:00,698.781
2025-08-31 15:15:00,659.075
2025-08-31 15:30:00,609.503
2025-08-31 15:45:00,551.247
2025-08-31 16:00:00,497.128
2025-08-31 16:15:00,422.082
2025-08-31 16:30:00,364.065
2025-08-31 16:45:00,289.745
2025-08-31 17:00:00,225.14
2025-08-31 17:15:00,173.215
2025-08-31 17:30:00,129.24
2025-08-31 17:45:00,84.625
2025-08-31 18:00:00,54.507
2025-08-31 18:15:00,31.272
2025-08-31 18:30:00,15.005
2025-08-31 18:45:00,4.483
2025-08-31 19:00:00,1.592
2025-08-31 19:15:00,0.952
2025-08-31 19:30:00,0.0
2025-08-31 19:45:00,0.0
2025-08-31 20:00:00,0.0
2025-08-31 20:15:00,0.0
2025-08-31 20:30:00,0.0
2025-08-31 20:45:00,0.0
2025-08-31 21:00:00,0.0
2025-08-31 21:15:00,0.0
2025-08-31 21:30:00,0.0
2025-08-31 21:45:00,0.0
2025-08-31 22:00:00,0.0
2025-08-31 22:15:00,0.0
2025-08-31 22:30:00,0.0
2025-08-31 22:45:00,0.0
2025-08-31 23:00:00,0.0
2025-08-31 23:15:00,0.0
2025-08-31 23:30:00,0.0
2025-08-31 23:45:00,0.0
2025-10-25 00:00:00,0.0
2025-10-25 00:15:00,0.0
2025-10-25 00:30:00,0.0
2025-10-25 00:45:00,0.0
2025-10-25 01:00:00,0.0
2025-10-25 01:15:00,0.0
2025-10-25 01:30:00,0.0
2025-10-25 01:45:00,0.0
2025-10-25 02:00:00,0.0
2025-10-25 02:15:00,0.0
2025-10-25 02:30:00,0.0
2025-10-25 02:45:00,0.0
2025-10-25 03:00:00,0.0
2025-10-25 03:15:00,0.0
2025-10-25 03:30:00,0.0
2025-10-25 03:45:00,0.0
2025-10-25 04:00:00,0.0
2025-10-25 04:15:00,0.0
2025-10-25 04:30:00,0.0
2025-10-25 04:45:00,0.0
2025-10-25 05:00:00,0.0
2025-10-25 05:15:00,0.0
2025-10-25 05:30:00,0.0
2025-10-25 05:45:00,0.0
2025-10-25 06:00:00,0.19
2025-10-25 06:15:00,0.835
2025-10-25 06:30:00,9.823
2025-10-25 06:45:00,21.057
2025-10-25 07:00:00,39.818
2025-10-25 07:15:00,66.651
2025-10-25 07:30:00,89.255
2025-10-25 07:45:00,142.216
2025-10-25 08:00:00,174.716
2025-10-25 08:15:00,207.537
2025-10-25 08:30:00,265.306
2025-10-25 08:45:00,294.238
2025-10-25 09:00:00,325.319
2025-10-25 09:15:00,378.196
2025-10-25 09:30:00,403.824
2025-10-25 09:45:00,437.854
2025-10-25 10:00:00,447.039
2025-10-25 10:15:00,457.17
2025-10-25 10:30:00,492.33
2025-10-25 10:45:00,518.237
2025-10-25 11:00:00,531.822
2025-10-25 11:15:00,537.755
2025-10-25 11:30:00,537.662
2025-10-25 11:45:00,551.602
2025-10-25 12:00:00,555.602
2025-10-25 12:15:00,549.398
2025-10-25 12:30:00,542.719
2025-10-25 12:45:00,505.476
2025-10-25 13:00:00,478.742
2025-10-25 13:15:00,460.804
2025-10-25 13:30:00,453.789
2025-10-25 13:45:00,431.344
2025-10-25 14:00:00,399.048
2025-10-25 14:15:00,363.886
2025-10-25 14:30:00,339.981
2025-10-25 14:45:00,307.732
2025-10-25 15:00:00,266.005
2025-10-25 15:15:00,236.676
2025-10-25 15:30:00,206.847
2025-10-25 15:45:00,178.913
2025-10-25 16:00:00,157.395
2025-10-25 16:15:00,126.836
2025-10-25 16:30:00,105.986
2025-10-25 16:45:00,79.424
2025-10-25 17:00:00,54.486
2025-10-25 17:15:00,36.066
2025-10-25 17:30:00,19.53
2025-10-25 17:45:00,5.187
2025-10-25 18:00:00,1.028
2025-10-25 18:15:00,0.013
2025-10-25 18:30:00,0.0
2025-10-25 18:45:00,0.0
2025-10-25 19:00:00,0.005
2025-10-25 19:15:00,0.0
2025-10-25 19:30:00,0.0
2025-10-25 19:45:00,0.0
2025-10-25 20:00:00,0.0
2025-10-25 20:15:00,0.0
2025-10-25 20:30:00,0.0
2025-10-25 20:45:00,0.0
2025-10-25 21:00:00,0.0
2025-10-25 21:15:00,0.0
2025-10-25 21:30:00,0.0
2025-10-25 21:45:00,0.0
2025-10-25 22:00:00,0.0
2025-10-25 22:15:00,0.0
2025-10-25 22:30:00,0.0
2025-10-25 22:45:00,0.0
2025-10-25 23:00:00,0.0
2025-10-25 23:15:00,0.0
2025-10-25 23:30:00,0.0
2025-10-25 23:45:00,0.0
2025-10-28 00:00:00,0.0
2025-10-28 00:15:00,0.0
2025-10-28 00:30:00,0.0
2025-10-28 00:45:00,0.0
2025-10-28 01:00:00,0.0
2025-10-28 01:15:00,0.0
2025-10-28 01:30:00,0.0
2025-10-28 01:45:00,0.0
2025-10-28 02:00:00,0.0
2025-10-28 02:15:00,0.0
2025-10-28 02:30:00,0.0
2025-10-28 02:45:00,0.0
2025-10-28 03:00:00,0.0
2025-10-28 03:15:00,0.0
2025-10-28 03:30:00,0.0
2025-10-28 03:45:00,0.0
2025-10-28 04:00:00,0.0
2025-10-28 04:15:00,0.0
2025-10-28 04:30:00,0.0
2025-10-28 04:45:00,0.0
2025-10-28 05:00:00,0.0
2025-10-28 05:15:00,0.0
2025-10-28 05:30:00,0.0
2025-10-28 05:45:00,0.0
2025-10-28 06:00:00,0.218
2025-10-28 06:15:00,0.74
2025-10-28 06:30:00,8.557
2025-10-28 06:45:00,27.133
2025-10-28 07:00:00,59.306
2025-10-28 07:15:00,104.505
2025-10-28 07:30:00,154.768
2025-10-28 07:45:00,206.222
2025-10-28 08:00:00,267.74
2025-10-28 08:15:00,322.81
2025-10-28 08:30:00,386.746
2025-10-28 08:45:00,451.733
2025-10-28 09:00:00,276.955
2025-10-28 09:15:00,247.453
2025-10-28 09:30:00,339.281
2025-10-28 09:45:00,443.481
2025-10-28 10:00:00,537.099
2025-10-28 10:15:00,597.133
2025-10-28 10:30:00,600.474
2025-10-28 10:45:00,630.419
2025-10-28 11:00:00,688.679
2025-10-28 11:15:00,781.07
2025-10-28 11:30:00,628.921
2025-10-28 11:45:00,628.909
2025-10-28 12:00:00,793.049
2025-10-28 12:15:00,749.876
2025-10-28 12:30:00,791.497
2025-10-28 12:45:00,779.978
2025-10-28 13:00:00,743.508
2025-10-28 13:15:00,701.65
2025-10-28 13:30:00,737.953
2025-10-28 13:45:00,747.88
2025-10-28 14:00:00,669.637
2025-10-28 14:15:00,656.114
2025-10-28 14:30:00,597.7
2025-10-28 14:45:00,549.981
2025-10-28 15:00:00,511.061
2025-10-28 15:15:00,455.989
2025-10-28 15:30:00,393.337
2025-10-28 15:45:00,344.671
2025-10-28 16:00:00,287.065
2025-10-28 16:15:00,229.373
2025-10-28 16:30:00,175.927
2025-10-28 16:45:00,127.282
2025-10-28 17:00:00,85.204
2025-10-28 17:15:00,54.046
2025-10-28 17:30:00,27.694
2025-10-28 17:45:00,6.945
2025-10-28 18:00:00,0.882
2025-10-28 18:15:00,0.145
2025-10-28 18:30:00,0.0
2025-10-28 18:45:00,0.0
2025-10-28 19:00:00,0.005
2025-10-28 19:15:00,0.005
2025-10-28 19:30:00,0.0
2025-10-28 19:45:00,0.0
2025-10-28 20:00:00,0.0
2025-10-28 20:15:00,0.0
2025-10-28 20:30:00,0.0
2025-10-28 20:45:00,0.0
2025-10-28 21:00:00,0.0
2025-10-28 21:15:00,0.0
2025-10-28 21:30:00,0.0
2025-10-28 21:45:00,0.0
2025-10-28 22:00:00,0.0
2025-10-28 22:15:00,0.0
2025-10-28 22:30:00,0.0
2025-10-28 22:45:00,0.0
2025-10-28 23:00:00,0.0
2025-10-28 23:15:00,0.0
2025-10-28 23:30:00,0.0
2025-10-28 23:45:00,0.0
2025-10-29 00:00:00,0.0
2025-10-29 00:15:00,0.0
2025-10-29 00:30:00,0.0
2025-10-29 00:45:00,0.0
2025-10-29 01:00:00,0.0
2025-10-29 01:15:00,0.0
2025-10-29 01:30:00,0.0
2025-10-29 01:45:00,0.0
2025-10-29 02:00:00,0.0
2025-10-29 02:15:00,0.0
2025-10-29 02:30:00,0.0
2025-10-29 02:45:00,0.0
2025-10-29 03:00:00,0.0
2025-10-29 03:15:00,0.0
2025-10-29 03:30:00,0.0
2025-10-29 03:45:00,0.0
2025-10-29 04:00:00,0.0
2025-10-29 04:15:00,0.0
2025-10-29 04:30:00,0.0
2025-10-29 04:45:00,0.0
2025-10-29 05:00:00,0.0
2025-10-29 05:15:00,0.0
2025-10-29 05:30:00,0.0
2025-10-29 05:45:00,0.0
2025-10-29 06:00:00,0.183
2025-10-29 06:15:00,0.613
2025-10-29 06:30:00,7.149
2025-10-29 06:45:00,28.382
2025-10-29 07:00:00,59.495
2025-10-29 07:15:00,104.81
2025-10-29 07:30:00,157.906
2025-10-29 07:45:00,210.518
2025-10-29 08:00:00,273.712
2025-10-29 08:15:00,339.34
2025-10-29 08:30:00,399.874
2025-10-29 08:45:00,467.59
2025-10-29 09:00:00,533.482
2025-10-29 09:15:00,589.987
2025-10-29 09:30:00,616.552
2025-10-29 09:45:00,641.712
2025-10-29 10:00:00,681.204
2025-10-29 10:15:00,669.569
2025-10-29 10:30:00,708.907
2025-10-29 10:45:00,706.008
2025-10-29 11:00:00,700.7
2025-10-29 11:15:00,720.218
2025-10-29 11:30:00,724.521
2025-10-29 11:45:00,734.829
2025-10-29 12:00:00,714.681
2025-10-29 12:15:00,706.889
2025-10-29 12:30:00,692.353
2025-10-29 12:45:00,687.773
2025-10-29 13:00:00,618.197
2025-10-29 13:15:00,596.516
2025-10-29 13:30:00,575.516
2025-10-29 13:45:00,537.931
2025-10-29 14:00:00,493.253
2025-10-29 14:15:00,458.635
2025-10-29 14:30:00,431.545
2025-10-29 14:45:00,387.287
2025-10-29 15:00:00,359.649
2025-10-29 15:15:00,304.952
2025-10-29 15:30:00,269.539
2025-10-29 15:45:00,234.755
2025-10-29 16:00:00,186.515
2025-10-29 16:15:00,152.012
2025-10-29 16:30:00,120.604
2025-10-29 16:45:00,87.987
2025-10-29 17:00:00,56.732
2025-10-29 17:15:00,32.403
2025-10-29 17:30:00,14.13
2025-10-29 17:45:00,3.182
2025-10-29 18:00:00,0.868
2025-10-29 18:15:00,0.075
2025-10-29 18:30:00,0.0
2025-10-29 18:45:00,0.0
2025-10-29 19:00:00,0.0
2025-10-29 19:15:00,0.0
2025-10-29 19:30:00,0.0
2025-10-29 19:45:00,0.0
2025-10-29 20:00:00,0.0
2025-10-29 20:15:00,0.0
2025-10-29 20:30:00,0.0
2025-10-29 20:45:00,0.0
2025-10-29 21:00:00,0.0
2025-10-29 21:15:00,0.0
2025-10-29 21:30:00,0.0
2025-10-29 21:45:00,0.0
2025-10-29 22:00:00,0.0
2025-10-29 22:15:00,0.0
2025-10-29 22:30:00,0.0
2025-10-29 22:45:00,0.0
2025-10-29 23:00:00,0.0
2025-10-29 23:15:00,0.0
2025-10-29 23:30:00,0.0
2025-10-29 23:45:00,0.0
2025-10-30 00:00:00,0.0
2025-10-30 00:15:00,0.0
2025-10-30 00:30:00,0.0
2025-10-30 00:45:00,0.0
2025-10-30 01:00:00,0.0
2025-10-30 01:15:00,0.0
2025-10-30 01:30:00,0.0
2025-10-30 01:45:00,0.0
2025-10-30 02:00:00,0.0
2025-10-30 02:15:00,0.0
2025-10-30 02:30:00,0.0
2025-10-30 02:45:00,0.0
2025-10-30 03:00:00,0.0
2025-10-30 03:15:00,0.0
2025-10-30 03:30:00,0.0
2025-10-30 03:45:00,0.0
2025-10-30 04:00:00,0.0
2025-10-30 04:15:00,0.0
2025-10-30 04:30:00,0.0
2025-10-30 04:45:00,0.0
2025-10-30 05:00:00,0.0
2025-10-30 05:15:00,0.0
2025-10-30 05:30:00,0.0
2025-10-30 05:45:00,0.0
2025-10-30 06:00:00,0.068
2025-10-30 06:15:00,0.333
2025-10-30 06:30:00,3.53
2025-10-30 06:45:00,9.406
2025-10-30 07:00:00,15.297
2025-10-30 07:15:00,25.063
2025-10-30 07:30:00,36.201
2025-10-30 07:45:00,46.45
2025-10-30 08:00:00,60.538
2025-10-30 08:15:00,72.234
2025-10-30 08:30:00,85.829
2025-10-30 08:45:00,102.465
2025-10-30 09:00:00,118.561
2025-10-30 09:15:00,136.455
2025-10-30 09:30:00,145.513
2025-10-30 09:45:00,152.482
2025-10-30 10:00:00,161.771
2025-10-30 10:15:00,177.084
2025-10-30 10:30:00,172.111
2025-10-30 10:45:00,175.268
2025-10-30 11:00:00,177.767
2025-10-30 11:15:00,201.216
2025-10-30 11:30:00,189.78
2025-10-30 11:45:00,189.78
2025-10-30 12:00:00,188.148
2025-10-30 12:15:00,189.022
2025-10-30 12:30:00,189.525
2025-10-30 12:45:00,192.613
2025-10-30 13:00:00,190.682
2025-10-30 13:15:00,190.729
2025-10-30 13:30:00,194.188
2025-10-30 13:45:00,190.326
2025-10-30 14:00:00,194.198
2025-10-30 14:15:00,181.125
2025-10-30 14:30:00,168.674
2025-10-30 14:45:00,152.724
2025-10-30 15:00:00,143.424
2025-10-30 15:15:00,127.636
2025-10-30 15:30:00,117.419
2025-10-30 15:45:00,106.04
2025-10-30 16:00:00,92.118
2025-10-30 16:15:00,74.243
2025-10-30 16:30:00,62.775
2025-10-30 16:45:00,49.355
2025-10-30 17:00:00,35.341
2025-10-30 17:15:00,19.737
2025-10-30 17:30:00,8.556
2025-10-30 17:45:00,1.182
2025-10-30 18:00:00,0.222
2025-10-30 18:15:00,0.058
2025-10-30 18:30:00,0.0
2025-10-30 18:45:00,0.0
2025-10-30 19:00:00,0.0
2025-10-30 19:15:00,0.0
2025-10-30 19:30:00,0.0
2025-10-30 19:45:00,0.0
2025-10-30 20:00:00,0.0
2025-10-30 20:15:00,0.0
2025-10-30 20:30:00,0.0
2025-10-30 20:45:00,0.0
2025-10-30 21:00:00,0.0
2025-10-30 21:15:00,0.0
2025-10-30 21:30:00,0.0
2025-10-30 21:45:00,0.0
2025-10-30 22:00:00,0.0
2025-10-30 22:15:00,0.0
2025-10-30 22:30:00,0.0
2025-10-30 22:45:00,0.0
2025-10-30 23:00:00,0.0
2025-10-30 23:15:00,0.0
2025-10-30 23:30:00,0.0
2025-10-30 23:45:00,0.0
2025-10-31 00:00:00,0.0
2025-10-31 00:15:00,0.0
2025-10-31 00:30:00,0.0
2025-10-31 00:45:00,0.0
2025-10-31 01:00:00,0.0
2025-10-31 01:15:00,0.0
2025-10-31 01:30:00,0.0
2025-10-31 01:45:00,0.0
2025-10-31 02:00:00,0.0
2025-10-31 02:15:00,0.0
2025-10-31 02:30:00,0.0
2025-10-31 02:45:00,0.0
2025-10-31 03:00:00,0.0
2025-10-31 03:15:00,0.0
2025-10-31 03:30:00,0.0
2025-10-31 03:45:00,0.0
2025-10-31 04:00:00,0.0
2025-10-31 04:15:00,0.0
2025-10-31 04:30:00,0.0
2025-10-31 04:45:00,0.0
2025-10-31 05:00:00,0.0
2025-10-31 05:15:00,0.0
2025-10-31 05:30:00,0.0
2025-10-31 05:45:00,0.0
2025-10-31 06:00:00,0.063
2025-10-31 06:15:00,0.225
2025-10-31 06:30:00,3.535
2025-10-31 06:45:00,13.959
2025-10-31 07:00:00,28.939
2025-10-31 07:15:00,53.042
2025-10-31 07:30:00,82.327
2025-10-31 07:45:00,111.82
2025-10-31 08:00:00,144.522
2025-10-31 08:15:00,197.532
2025-10-31 08:30:00,231.326
2025-10-31 08:45:00,279.27
2025-10-31 09:00:00,281.045
2025-10-31 09:15:00,341.806
2025-10-31 09:30:00,358.464
2025-10-31 09:45:00,379.421
2025-10-31 10:00:00,398.876
2025-10-31 10:15:00,391.272
2025-10-31 10:30:00,413.405
2025-10-31 10:45:00,424.987
2025-10-31 11:00:00,438.233
2025-10-31 11:15:00,456.909
2025-10-31 11:30:00,477.349
2025-10-31 11:45:00,494.277
2025-10-31 12:00:00,467.074
2025-10-31 12:15:00,474.571
2025-10-31 12:30:00,438.668
2025-10-31 12:45:00,462.397
2025-10-31 13:00:00,439.722
2025-10-31 13:15:00,431.787
2025-10-31 13:30:00,390.962
2025-10-31 13:45:00,375.382
2025-10-31 14:00:00,337.713
2025-10-31 14:15:00,277.045
2025-10-31 14:30:00,251.622
2025-10-31 14:45:00,210.086
2025-10-31 15:00:00,202.628
2025-10-31 15:15:00,167.567
2025-10-31 15:30:00,137.896
2025-10-31 15:45:00,117.834
2025-10-31 16:00:00,101.57
2025-10-31 16:15:00,77.282
2025-10-31 16:30:00,60.208
2025-10-31 16:45:00,42.96
2025-10-31 17:00:00,31.854
2025-10-31 17:15:00,18.482
2025-10-31 17:30:00,6.707
2025-10-31 17:45:00,1.114
2025-10-31 18:00:00,0.248
2025-10-31 18:15:00,0.0
2025-10-31 18:30:00,0.038
2025-10-31 18:45:00,0.0
2025-10-31 19:00:00,0.0
2025-10-31 19:15:00,0.0
2025-10-31 19:30:00,0.0
2025-10-31 19:45:00,0.0
2025-10-31 20:00:00,0.0
2025-10-31 20:15:00,0.0
2025-10-31 20:30:00,0.0
2025-10-31 20:45:00,0.0
2025-10-31 21:00:00,0.0
2025-10-31 21:15:00,0.0
2025-10-31 21:30:00,0.0
2025-10-31 21:45:00,0.0
2025-10-31 22:00:00,0.0
2025-10-31 22:15:00,0.0
2025-10-31 22:30:00,0.0
2025-10-31 22:45:00,0.0
2025-10-31 23:00:00,0.0
2025-10-31 23:15:00,0.0
2025-10-31 23:30:00,0.0
2025-10-31 23:45:00,0.0
2025-11-01 00:00:00,0.0
2025-11-01 00:15:00,0.0
2025-11-01 00:30:00,0.0
2025-11-01 00:45:00,0.0
2025-11-01 01:00:00,0.0
2025-11-01 01:15:00,0.0
2025-11-01 01:30:00,0.0
2025-11-01 01:45:00,0.0
2025-11-01 02:00:00,0.0
2025-11-01 02:15:00,0.0
2025-11-01 02:30:00,0.0
2025-11-01 02:45:00,0.0
2025-11-01 03:00:00,0.0
2025-11-01 03:15:00,0.0
2025-11-01 03:30:00,0.0
2025-11-01 03:45:00,0.0
2025-11-01 04:00:00,0.0
2025-11-01 04:15:00,0.0
2025-11-01 04:30:00,0.0
2025-11-01 04:45:00,0.0
2025-11-01 05:00:00,0.0
2025-11-01 05:15:00,0.0
2025-11-01 05:30:00,0.0
2025-11-01 05:45:00,0.0
2025-11-01 06:00:00,0.065
2025-11-01 06:15:00,0.315
2025-11-01 06:30:00,3.35
2025-11-01 06:45:00,10.314
2025-11-01 07:00:00,18.878
2025-11-01 07:15:00,32.851
2025-11-01 07:30:00,45.813
2025-11-01 07:45:00,60.09
2025-11-01 08:00:00,77.367
2025-11-01 08:15:00,107.423
2025-11-01 08:30:00,121.807
2025-11-01 08:45:00,160.668
2025-11-01 09:00:00,175.979
2025-11-01 09:15:00,212.311
2025-11-01 09:30:00,231.439
2025-11-01 09:45:00,245.613
2025-11-01 10:00:00,260.667
2025-11-01 10:15:00,283.769
2025-11-01 10:30:00,255.388
2025-11-01 10:45:00,280.716
2025-11-01 11:00:00,336.314
2025-11-01 11:15:00,333.288
2025-11-01 11:30:00,316.944
2025-11-01 11:45:00,288.867
2025-11-01 12:00:00,325.37
2025-11-01 12:15:00,295.878
2025-11-01 12:30:00,325.409
2025-11-01 12:45:00,284.001
2025-11-01 13:00:00,254.788
2025-11-01 13:15:00,266.663
2025-11-01 13:30:00,254.391
2025-11-01 13:45:00,206.288
2025-11-01 14:00:00,277.403
2025-11-01 14:15:00,236.262
2025-11-01 14:30:00,228.709
2025-11-01 14:45:00,204.442
2025-11-01 15:00:00,188.045
2025-11-01 15:15:00,163.878
2025-11-01 15:30:00,156.819
2025-11-01 15:45:00,136.544
2025-11-01 16:00:00,109.213
2025-11-01 16:15:00,93.054
2025-11-01 16:30:00,79.694
2025-11-01 16:45:00,55.563
2025-11-01 17:00:00,40.242
2025-11-01 17:15:00,25.195
2025-11-01 17:30:00,6.587
2025-11-01 17:45:00,1.778
2025-11-01 18:00:00,1.005
2025-11-01 18:15:00,0.12
2025-11-01 18:30:00,0.0
2025-11-01 18:45:00,0.0
2025-11-01 19:00:00,0.0
2025-11-01 19:15:00,0.0
2025-11-01 19:30:00,0.0
2025-11-01 19:45:00,0.0
2025-11-01 20:00:00,0.0
2025-11-01 20:15:00,0.0
2025-11-01 20:30:00,0.0
2025-11-01 20:45:00,0.0
2025-11-01 21:00:00,0.0
2025-11-01 21:15:00,0.0
2025-11-01 21:30:00,0.0
2025-11-01 21:45:00,0.0
2025-11-01 22:00:00,0.0
2025-11-01 22:15:00,0.0
2025-11-01 22:30:00,0.0
2025-11-01 22:45:00,0.0
2025-11-01 23:00:00,0.0
2025-11-01 23:15:00,0.0
2025-11-01 23:30:00,0.0
2025-11-01 23:45:00,0.0
2025-11-02 00:00:00,0.0
2025-11-02 00:15:00,0.0
2025-11-02 00:30:00,0.0
2025-11-02 00:45:00,0.0
2025-11-02 01:00:00,0.0
2025-11-02 01:15:00,0.0
2025-11-02 01:30:00,0.0
2025-11-02 01:45:00,0.0
2025-11-02 02:00:00,0.0
2025-11-02 02:15:00,0.0
2025-11-02 02:30:00,0.0
2025-11-02 02:45:00,0.0
2025-11-02 03:00:00,0.0
2025-11-02 03:15:00,0.0
2025-11-02 03:30:00,0.0
2025-11-02 03:45:00,0.0
2025-11-02 04:00:00,0.0
2025-11-02 04:15:00,0.0
2025-11-02 04:30:00,0.0
2025-11-02 04:45:00,0.0
2025-11-02 05:00:00,0.0
2025-11-02 05:15:00,0.0
2025-11-02 05:30:00,0.0
2025-11-02 05:45:00,0.0
2025-11-02 06:00:00,0.038
2025-11-02 06:15:00,0.205
2025-11-02 06:30:00,2.002
2025-11-02 06:45:00,10.903
2025-11-02 07:00:00,20.716
2025-11-02 07:15:00,37.072
2025-11-02 07:30:00,52.411
2025-11-02 07:45:00,70.728
2025-11-02 08:00:00,98.818
2025-11-02 08:15:00,118.243
2025-11-02 08:30:00,149.29
2025-11-02 08:45:00,192.15
2025-11-02 09:00:00,231.071
2025-11-02 09:15:00,248.854
2025-11-02 09:30:00,274.699
2025-11-02 09:45:00,290.968
2025-11-02 10:00:00,327.059
2025-11-02 10:15:00,373.68
2025-11-02 10:30:00,395.018
2025-11-02 10:45:00,389.681
2025-11-02 11:00:00,398.254
2025-11-02 11:15:00,422.526
2025-11-02 11:30:00,417.677
2025-11-02 11:45:00,412.657
2025-11-02 12:00:00,419.405
2025-11-02 12:15:00,436.566
2025-11-02 12:30:00,410.446
2025-11-02 12:45:00,392.455
2025-11-02 13:00:00,377.423
2025-11-02 13:15:00,360.137
2025-11-02 13:30:00,335.759
2025-11-02 13:45:00,301.398
2025-11-02 14:00:00,260.702
2025-11-02 14:15:00,221.983
2025-11-02 14:30:00,242.575
2025-11-02 14:45:00,233.452
2025-11-02 15:00:00,202.555
2025-11-02 15:15:00,181.383
2025-11-02 15:30:00,150.16
2025-11-02 15:45:00,126.812
2025-11-02 16:00:00,103.695
2025-11-02 16:15:00,76.41
2025-11-02 16:30:00,58.302
2025-11-02 16:45:00,40.2
2025-11-02 17:00:00,27.343
2025-11-02 17:15:00,18.39
2025-11-02 17:30:00,3.382
2025-11-02 17:45:00,1.07
2025-11-02 18:00:00,0.4
2025-11-02 18:15:00,0.078
2025-11-02 18:30:00,0.025
2025-11-02 18:45:00,0.0
2025-11-02 19:00:00,0.0
2025-11-02 19:15:00,0.0
2025-11-02 19:30:00,0.0
2025-11-02 19:45:00,0.0
2025-11-02 20:00:00,0.0
2025-11-02 20:15:00,0.0
2025-11-02 20:30:00,0.0
2025-11-02 20:45:00,0.0
2025-11-02 21:00:00,0.0
2025-11-02 21:15:00,0.0
2025-11-02 21:30:00,0.0
2025-11-02 21:45:00,0.0
2025-11-02 22:00:00,0.0
2025-11-02 22:15:00,0.0
2025-11-02 22:30:00,0.0
2025-11-02 22:45:00,0.0
2025-11-02 23:00:00,0.0
2025-11-02 23:15:00,0.0
2025-11-02 23:30:00,0.0
2025-11-02 23:45:00,0.0
2025-11-03 00:00:00,0.0
2025-11-03 00:15:00,0.0
2025-11-03 00:30:00,0.0
2025-11-03 00:45:00,0.0
2025-11-03 01:00:00,0.0
2025-11-03 01:15:00,0.0
2025-11-03 01:30:00,0.0
2025-11-03 01:45:00,0.0
2025-11-03 02:00:00,0.0
2025-11-03 02:15:00,0.0
2025-11-03 02:30:00,0.0
2025-11-03 02:45:00,0.0
2025-11-03 03:00:00,0.0
2025-11-03 03:15:00,0.0
2025-11-03 03:30:00,0.0
2025-11-03 03:45:00,0.0
2025-11-03 04:00:00,0.0
2025-11-03 04:15:00,0.0
2025-11-03 04:30:00,0.0
2025-11-03 04:45:00,0.0
2025-11-03 05:00:00,0.0
2025-11-03 05:15:00,0.0
2025-11-03 05:30:00,0.0
2025-11-03 05:45:00,0.0
2025-11-03 06:00:00,0.05
2025-11-03 06:15:00,0.273
2025-11-03 06:30:00,1.768
2025-11-03 06:45:00,6.088
2025-11-03 07:00:00,10.172
2025-11-03 07:15:00,16.23
2025-11-03 07:30:00,23.51
2025-11-03 07:45:00,31.826
2025-11-03 08:00:00,41.291
2025-11-03 08:15:00,54.183
2025-11-03 08:30:00,67.544
2025-11-03 08:45:00,79.154
2025-11-03 09:00:00,90.898
2025-11-03 09:15:00,106.241
2025-11-03 09:30:00,121.495
2025-11-03 09:45:00,134.61
2025-11-03 10:00:00,147.86
2025-11-03 10:15:00,157.788
2025-11-03 10:30:00,169.977
2025-11-03 10:45:00,174.877
2025-11-03 11:00:00,184.7
2025-11-03 11:15:00,193.851
2025-11-03 11:30:00,202.57
2025-11-03 11:45:00,227.021
2025-11-03 12:00:00,229.296
2025-11-03 12:15:00,230.186
2025-11-03 12:30:00,226.04
2025-11-03 12:45:00,219.3
2025-11-03 13:00:00,219.085
2025-11-03 13:15:00,219.741
2025-11-03 13:30:00,215.139
2025-11-03 13:45:00,215.033
2025-11-03 14:00:00,208.356
2025-11-03 14:15:00,189.126
2025-11-03 14:30:00,180.826
2025-11-03 14:45:00,165.314
2025-11-03 15:00:00,141.779
2025-11-03 15:15:00,122.879
2025-11-03 15:30:00,102.342
2025-11-03 15:45:00,88.789
2025-11-03 16:00:00,80.275
2025-11-03 16:15:00,59.359
2025-11-03 16:30:00,45.608
2025-11-03 16:45:00,33.099
2025-11-03 17:00:00,24.333
2025-11-03 17:15:00,15.367
2025-11-03 17:30:00,3.37
2025-11-03 17:45:00,0.707
2025-11-03 18:00:00,0.27
2025-11-03 18:15:00,0.14
2025-11-03 18:30:00,0.013
2025-11-03 18:45:00,0.0
2025-11-03 19:00:00,0.0
2025-11-03 19:15:00,0.0
2025-11-03 19:30:00,0.0
2025-11-03 19:45:00,0.0
2025-11-03 20:00:00,0.0
2025-11-03 20:15:00,0.0
2025-11-03 20:30:00,0.0
2025-11-03 20:45:00,0.0
2025-11-03 21:00:00,0.0
2025-11-03 21:15:00,0.0
2025-11-03 21:30:00,0.0
2025-11-03 21:45:00,0.0
2025-11-03 22:00:00,0.0
2025-11-03 22:15:00,0.0
2025-11-03 22:30:00,0.0
2025-11-03 22:45:00,0.0
2025-11-03 23:00:00,0.0
2025-11-03 23:15:00,0.0
2025-11-03 23:30:00,0.0
2025-11-03 23:45:00,0.0
2025-11-04 00:00:00,0.0
2025-11-04 00:15:00,0.0
2025-11-04 00:30:00,0.0
2025-11-04 00:45:00,0.0
2025-11-04 01:00:00,0.0
2025-11-04 01:15:00,0.0
2025-11-04 01:30:00,0.0
2025-11-04 01:45:00,0.0
2025-11-04 02:00:00,0.0
2025-11-04 02:15:00,0.0
2025-11-04 02:30:00,0.0
2025-11-04 02:45:00,0.0
2025-11-04 03:00:00,0.0
2025-11-04 03:15:00,0.0
2025-11-04 03:30:00,0.0
2025-11-04 03:45:00,0.0
2025-11-04 04:00:00,0.0
2025-11-04 04:15:00,0.0
2025-11-04 04:30:00,0.0
2025-11-04 04:45:00,0.0
2025-11-04 05:00:00,0.0
2025-11-04 05:15:00,0.0
2025-11-04 05:30:00,0.0
2025-11-04 05:45:00,0.0
2025-11-04 06:00:00,0.065
2025-11-04 06:15:00,0.257
2025-11-04 06:30:00,1.878
2025-11-04 06:45:00,10.513
2025-11-04 07:00:00,21.035
2025-11-04 07:15:00,35.996
2025-11-04 07:30:00,54.903
2025-11-04 07:45:00,76.647
2025-11-04 08:00:00,102.01
2025-11-04 08:15:00,127.433
2025-11-04 08:30:00,164.036
2025-11-04 08:45:00,197.847
2025-11-04 09:00:00,227.217
2025-11-04 09:15:00,261.143
2025-11-04 09:30:00,285.531
2025-11-04 09:45:00,299.128
2025-11-04 10:00:00,334.028
2025-11-04 10:15:00,343.188
2025-11-04 10:30:00,372.185
2025-11-04 10:45:00,403.892
2025-11-04 11:00:00,401.729
2025-11-04 11:15:00,414.704
2025-11-04 11:30:00,448.639
2025-11-04 11:45:00,378.726
2025-11-04 12:00:00,465.678
2025-11-04 12:15:00,492.41
2025-11-04 12:30:00,476.09
2025-11-04 12:45:00,483.015
2025-11-04 13:00:00,450.867
2025-11-04 13:15:00,464.924
2025-11-04 13:30:00,479.998
2025-11-04 13:45:00,399.96
2025-11-04 14:00:00,391.419
2025-11-04 14:15:00,382.086
2025-11-04 14:30:00,334.58
2025-11-04 14:45:00,347.057
2025-11-04 15:00:00,294.861
2025-11-04 15:15:00,253.079
2025-11-04 15:30:00,216.507
2025-11-04 15:45:00,173.785
2025-11-04 16:00:00,66.805
2025-11-04 16:15:00,128.537
2025-11-04 16:30:00,104.201
2025-11-04 16:45:00,74.395
2025-11-04 17:00:00,48.63
2025-11-04 17:15:00,25.576
2025-11-04 17:30:00,5.709
2025-11-04 17:45:00,1.908
2025-11-04 18:00:00,0.275
2025-11-04 18:15:00,0.0
2025-11-04 18:30:00,0.0
2025-11-04 18:45:00,0.0
2025-11-04 19:00:00,0.0
2025-11-04 19:15:00,0.0
2025-11-04 19:30:00,0.0
2025-11-04 19:45:00,0.0
2025-11-04 20:00:00,0.0
2025-11-04 20:15:00,0.0
2025-11-04 20:30:00,0.0
2025-11-04 20:45:00,0.0
2025-11-04 21:00:00,0.0
2025-11-04 21:15:00,0.0
2025-11-04 21:30:00,0.0
2025-11-04 21:45:00,0.0
2025-11-04 22:00:00,0.0
2025-11-04 22:15:00,0.0
2025-11-04 22:30:00,0.0
2025-11-04 22:45:00,0.0
2025-11-04 23:00:00,0.0
2025-11-04 23:15:00,0.0
2025-11-04 23:30:00,0.0
2025-11-04 23:45:00,0.0
2025-11-05 00:00:00,0.0
2025-11-05 00:15:00,0.0
2025-11-05 00:30:00,0.0
2025-11-05 00:45:00,0.0
2025-11-05 01:00:00,0.0
2025-11-05 01:15:00,0.0
2025-11-05 01:30:00,0.0
2025-11-05 01:45:00,0.0
2025-11-05 02:00:00,0.0
2025-11-05 02:15:00,0.0
2025-11-05 02:30:00,0.0
2025-11-05 02:45:00,0.0
2025-11-05 03:00:00,0.0
2025-11-05 03:15:00,0.0
2025-11-05 03:30:00,0.0
2025-11-05 03:45:00,0.0
2025-11-05 04:00:00,0.0
2025-11-05 04:15:00,0.0
2025-11-05 04:30:00,0.0
2025-11-05 04:45:00,0.0
2025-11-05 05:00:00,0.0
2025-11-05 05:15:00,0.0
2025-11-05 05:30:00,0.0
2025-11-05 05:45:00,0.0
2025-11-05 06:00:00,0.06
2025-11-05 06:15:00,0.08
2025-11-05 06:30:00,2.047
2025-11-05 06:45:00,12.84
2025-11-05 07:00:00,34.671
2025-11-05 07:15:00,66.698
2025-11-05 07:30:00,107.898
2025-11-05 07:45:00,151.202
2025-11-05 08:00:00,203.56
2025-11-05 08:15:00,264.806
2025-11-05 08:30:00,322.656
2025-11-05 08:45:00,384.099
2025-11-05 09:00:00,417.383
2025-11-05 09:15:00,279.271
2025-11-05 09:30:00,436.299
2025-11-05 09:45:00,391.159
2025-11-05 10:00:00,468.499
2025-11-05 10:15:00,629.272
2025-11-05 10:30:00,584.132
2025-11-05 10:45:00,649.733
2025-11-05 11:00:00,672.086
2025-11-05 11:15:00,673.567
2025-11-05 11:30:00,656.365
2025-11-05 11:45:00,574.649
2025-11-05 12:00:00,728.367
2025-11-05 12:15:00,725.1
2025-11-05 12:30:00,696.645
2025-11-05 12:45:00,669.828
2025-11-05 13:00:00,660.436
2025-11-05 13:15:00,633.489
2025-11-05 13:30:00,598.318
2025-11-05 13:45:00,562.368
2025-11-05 14:00:00,535.103
2025-11-05 14:15:00,478.232
2025-11-05 14:30:00,449.023
2025-11-05 14:45:00,425.969
2025-11-05 15:00:00,375.697
2025-11-05 15:15:00,352.616
2025-11-05 15:30:00,279.506
2025-11-05 15:45:00,226.997
2025-11-05 16:00:00,179.814
2025-11-05 16:15:00,149.212
2025-11-05 16:30:00,103.104
2025-11-05 16:45:00,65.558
2025-11-05 17:00:00,40.815
2025-11-05 17:15:00,23.927
2025-11-05 17:30:00,7.698
2025-11-05 17:45:00,2.61
2025-11-05 18:00:00,1.29
2025-11-05 18:15:00,0.0
2025-11-05 18:30:00,0.0
2025-11-05 18:45:00,0.0
2025-11-05 19:00:00,0.0
2025-11-05 19:15:00,0.0
2025-11-05 19:30:00,0.0
2025-11-05 19:45:00,0.0
2025-11-05 20:00:00,0.0
2025-11-05 20:15:00,0.0
2025-11-05 20:30:00,0.0
2025-11-05 20:45:00,0.0
2025-11-05 21:00:00,0.0
2025-11-05 21:15:00,0.0
2025-11-05 21:30:00,0.0
2025-11-05 21:45:00,0.0
2025-11-05 22:00:00,0.0
2025-11-05 22:15:00,0.0
2025-11-05 22:30:00,0.0
2025-11-05 22:45:00,0.0
2025-11-05 23:00:00,0.0
2025-11-05 23:15:00,0.0
2025-11-05 23:30:00,0.0
2025-11-05 23:45:00,0.0
2025-11-06 00:00:00,0.0
2025-11-06 00:15:00,0.0
2025-11-06 00:30:00,0.0
2025-11-06 00:45:00,0.0
2025-11-06 01:00:00,0.0
2025-11-06 01:15:00,0.0
2025-11-06 01:30:00,0.0
2025-11-06 01:45:00,0.0
2025-11-06 02:00:00,0.0
2025-11-06 02:15:00,0.0
2025-11-06 02:30:00,0.0
2025-11-06 02:45:00,0.0
2025-11-06 03:00:00,0.0
2025-11-06 03:15:00,0.0
2025-11-06 03:30:00,0.0
2025-11-06 03:45:00,0.0
2025-11-06 04:00:00,0.0
2025-11-06 04:15:00,0.0
2025-11-06 04:30:00,0.0
2025-11-06 04:45:00,0.0
2025-11-06 05:00:00,0.0
2025-11-06 05:15:00,0.0
2025-11-06 05:30:00,0.0
2025-11-06 05:45:00,0.0
2025-11-06 06:00:00,0.09
2025-11-06 06:15:00,0.262
2025-11-06 06:30:00,1.692
2025-11-06 06:45:00,8.41
2025-11-06 07:00:00,18.764
2025-11-06 07:15:00,30.894
2025-11-06 07:30:00,46.424
2025-11-06 07:45:00,63.347
2025-11-06 08:00:00,83.042
2025-11-06 08:15:00,105.601
2025-11-06 08:30:00,126.522
2025-11-06 08:45:00,147.588
2025-11-06 09:00:00,167.369
2025-11-06 09:15:00,189.385
2025-11-06 09:30:00,207.86
2025-11-06 09:45:00,224.613
2025-11-06 10:00:00,244.843
2025-11-06 10:15:00,253.47
2025-11-06 10:30:00,257.044
2025-11-06 10:45:00,278.443
2025-11-06 11:00:00,290.633
2025-11-06 11:15:00,296.764
2025-11-06 11:30:00,307.927
2025-11-06 11:45:00,302.888
2025-11-06 12:00:00,302.997
2025-11-06 12:15:00,303.552
2025-11-06 12:30:00,300.418
2025-11-06 12:45:00,301.288
2025-11-06 13:00:00,296.328
2025-11-06 13:15:00,278.193
2025-11-06 13:30:00,286.094
2025-11-06 13:45:00,280.073
2025-11-06 14:00:00,266.963
2025-11-06 14:15:00,244.669
2025-11-06 14:30:00,218.196
2025-11-06 14:45:00,196.729
2025-11-06 15:00:00,175.889
2025-11-06 15:15:00,156.113
2025-11-06 15:30:00,140.138
2025-11-06 15:45:00,122.684
2025-11-06 16:00:00,100.434
2025-11-06 16:15:00,76.825
2025-11-06 16:30:00,57.942
2025-11-06 16:45:00,39.516
2025-11-06 17:00:00,25.733
2025-11-06 17:15:00,16.625
2025-11-06 17:30:00,6.073
2025-11-06 17:45:00,2.095
2025-11-06 18:00:00,0.875
2025-11-06 18:15:00,0.11
2025-11-06 18:30:00,0.038
2025-11-06 18:45:00,0.005
2025-11-06 19:00:00,0.0
2025-11-06 19:15:00,0.0
2025-11-06 19:30:00,0.0
2025-11-06 19:45:00,0.0
2025-11-06 20:00:00,0.0
2025-11-06 20:15:00,0.0
2025-11-06 20:30:00,0.0
2025-11-06 20:45:00,0.0
2025-11-06 21:00:00,0.0
2025-11-06 21:15:00,0.0
2025-11-06 21:30:00,0.0
2025-11-06 21:45:00,0.0
2025-11-06 22:00:00,0.0
2025-11-06 22:15:00,0.0
2025-11-06 22:30:00,0.0
2025-11-06 22:45:00,0.0
2025-11-06 23:00:00,0.0
2025-11-06 23:15:00,0.0
2025-11-06 23:30:00,0.0
2025-11-06 23:45:00,0.0
2025-11-07 00:00:00,0.0
2025-11-07 00:15:00,0.0
2025-11-07 00:30:00,0.0
2025-11-07 00:45:00,0.0
2025-11-07 01:00:00,0.0
2025-11-07 01:15:00,0.0
2025-11-07 01:30:00,0.0
2025-11-07 01:45:00,0.0
2025-11-07 02:00:00,0.0
2025-11-07 02:15:00,0.0
2025-11-07 02:30:00,0.0
2025-11-07 02:45:00,0.0
2025-11-07 03:00:00,0.0
2025-11-07 03:15:00,0.0
2025-11-07 03:30:00,0.0
2025-11-07 03:45:00,0.0
2025-11-07 04:00:00,0.0
2025-11-07 04:15:00,0.0
2025-11-07 04:30:00,0.0
2025-11-07 04:45:00,0.0
2025-11-07 05:00:00,0.0
2025-11-07 05:15:00,0.0
2025-11-07 05:30:00,0.0
2025-11-07 05:45:00,0.0
2025-11-07 06:00:00,0.047
2025-11-07 06:15:00,0.117
2025-11-07 06:30:00,1.188
2025-11-07 06:45:00,7.151
2025-11-07 07:00:00,17.706
2025-11-07 07:15:00,30.62
2025-11-07 07:30:00,46.506
2025-11-07 07:45:00,64.795
2025-11-07 08:00:00,88.463
2025-11-07 08:15:00,103.306
2025-11-07 08:30:00,123.526
2025-11-07 08:45:00,143.786
2025-11-07 09:00:00,158.847
2025-11-07 09:15:00,184.306
2025-11-07 09:30:00,201.146
2025-11-07 09:45:00,216.702
2025-11-07 10:00:00,232.457
2025-11-07 10:15:00,247.218
2025-11-07 10:30:00,262.869
2025-11-07 10:45:00,291.405
2025-11-07 11:00:00,306.37
2025-11-07 11:15:00,308.94
2025-11-07 11:30:00,314.177
2025-11-07 11:45:00,308.062
2025-11-07 12:00:00,303.044
2025-11-07 12:15:00,323.392
2025-11-07 12:30:00,312.439
2025-11-07 12:45:00,302.567
2025-11-07 13:00:00,312.832
2025-11-07 13:15:00,295.14
2025-11-07 13:30:00,280.852
2025-11-07 13:45:00,263.864
2025-11-07 14:00:00,232.33
2025-11-07 14:15:00,217.333
2025-11-07 14:30:00,183.865
2025-11-07 14:45:00,170.996
2025-11-07 15:00:00,156.275
2025-11-07 15:15:00,136.399
2025-11-07 15:30:00,117.649
2025-11-07 15:45:00,103.799
2025-11-07 16:00:00,82.923
2025-11-07 16:15:00,64.688
2025-11-07 16:30:00,46.748
2025-11-07 16:45:00,31.449
2025-11-07 17:00:00,18.532
2025-11-07 17:15:00,10.762
2025-11-07 17:30:00,3.28
2025-11-07 17:45:00,0.772
2025-11-07 18:00:00,0.215
2025-11-07 18:15:00,0.18
2025-11-07 18:30:00,0.078
2025-11-07 18:45:00,0.007
2025-11-07 19:00:00,0.0
2025-11-07 19:15:00,0.0
2025-11-07 19:30:00,0.0
2025-11-07 19:45:00,0.0
2025-11-07 20:00:00,0.0
2025-11-07 20:15:00,0.0
2025-11-07 20:30:00,0.0
2025-11-07 20:45:00,0.0
2025-11-07 21:00:00,0.0
2025-11-07 21:15:00,0.0
2025-11-07 21:30:00,0.0
2025-11-07 21:45:00,0.0
2025-11-07 22:00:00,0.0
2025-11-07 22:15:00,0.0
2025-11-07 22:30:00,0.0
2025-11-07 22:45:00,0.0
2025-11-07 23:00:00,0.0
2025-11-07 23:15:00,0.0
2025-11-07 23:30:00,0.0
2025-11-07 23:45:00,0.0
2025-11-08 00:00:00,0.0
2025-11-08 00:15:00,0.0
2025-11-08 00:30:00,0.0
2025-11-08 00:45:00,0.0
2025-11-08 01:00:00,0.0
2025-11-08 01:15:00,0.0
2025-11-08 01:30:00,0.0
2025-11-08 01:45:00,0.0
2025-11-08 02:00:00,0.0
2025-11-08 02:15:00,0.0
2025-11-08 02:30:00,0.0
2025-11-08 02:45:00,0.0
2025-11-08 03:00:00,0.0
2025-11-08 03:15:00,0.0
2025-11-08 03:30:00,0.0
2025-11-08 03:45:00,0.0
2025-11-08 04:00:00,0.0
2025-11-08 04:15:00,0.0
2025-11-08 04:30:00,0.0
2025-11-08 04:45:00,0.0
2025-11-08 05:00:00,0.0
2025-11-08 05:15:00,0.0
2025-11-08 05:30:00,0.0
2025-11-08 05:45:00,0.0
2025-11-08 06:00:00,0.035
2025-11-08 06:15:00,0.135
2025-11-08 06:30:00,0.858
2025-11-08 06:45:00,6.88
2025-11-08 07:00:00,10.47
2025-11-08 07:15:00,15.85
2025-11-08 07:30:00,21.653
2025-11-08 07:45:00,26.597
2025-11-08 08:00:00,34.72
2025-11-08 08:15:00,40.837
2025-11-08 08:30:00,51.297
2025-11-08 08:45:00,60.986
2025-11-08 09:00:00,67.289
2025-11-08 09:15:00,78.704
2025-11-08 09:30:00,87.276
2025-11-08 09:45:00,93.607
2025-11-08 10:00:00,100.331
2025-11-08 10:15:00,110.958
2025-11-08 10:30:00,112.106
2025-11-08 10:45:00,120.582
2025-11-08 11:00:00,121.423
2025-11-08 11:15:00,129.86
2025-11-08 11:30:00,129.34
2025-11-08 11:45:00,131.288
2025-11-08 12:00:00,131.879
2025-11-08 12:15:00,132.488
2025-11-08 12:30:00,130.269
2025-11-08 12:45:00,129.758
2025-11-08 13:00:00,131.535
2025-11-08 13:15:00,126.188
2025-11-08 13:30:00,124.586
2025-11-08 13:45:00,113.689
2025-11-08 14:00:00,108.972
2025-11-08 14:15:00,98.078
2025-11-08 14:30:00,93.708
2025-11-08 14:45:00,86.016
2025-11-08 15:00:00,86.688
2025-11-08 15:15:00,77.6
2025-11-08 15:30:00,71.493
2025-11-08 15:45:00,63.753
2025-11-08 16:00:00,55.482
2025-11-08 16:15:00,41.112
2025-11-08 16:30:00,34.528
2025-11-08 16:45:00,25.323
2025-11-08 17:00:00,19.265
2025-11-08 17:15:00,12.965
2025-11-08 17:30:00,2.655
2025-11-08 17:45:00,0.26
2025-11-08 18:00:00,0.087
2025-11-08 18:15:00,0.058
2025-11-08 18:30:00,0.02
2025-11-08 18:45:00,0.002
2025-11-08 19:00:00,0.0
2025-11-08 19:15:00,0.0
2025-11-08 19:30:00,0.0
2025-11-08 19:45:00,0.0
2025-11-08 20:00:00,0.0
2025-11-08 20:15:00,0.0
2025-11-08 20:30:00,0.0
2025-11-08 20:45:00,0.0
2025-11-08 21:00:00,0.0
2025-11-08 21:15:00,0.0
2025-11-08 21:30:00,0.0
2025-11-08 21:45:00,0.0
2025-11-08 22:00:00,0.0
2025-11-08 22:15:00,0.0
2025-11-08 22:30:00,0.0
2025-11-08 22:45:00,0.0
2025-11-08 23:00:00,0.0
2025-11-08 23:15:00,0.0
2025-11-08 23:30:00,0.0
2025-11-08 23:45:00,0.0
2025-11-09 00:00:00,0.0
2025-11-09 00:15:00,0.0
2025-11-09 00:30:00,0.0
2025-11-09 00:45:00,0.0
2025-11-09 01:00:00,0.0
2025-11-09 01:15:00,0.0
2025-11-09 01:30:00,0.0
2025-11-09 01:45:00,0.0
2025-11-09 02:00:00,0.0
2025-11-09 02:15:00,0.0
2025-11-09 02:30:00,0.0
2025-11-09 02:45:00,0.0
2025-11-09 03:00:00,0.0
2025-11-09 03:15:00,0.0
2025-11-09 03:30:00,0.0
2025-11-09 03:45:00,0.0
2025-11-09 04:00:00,0.0
2025-11-09 04:15:00,0.0
2025-11-09 04:30:00,0.0
2025-11-09 04:45:00,0.0
2025-11-09 05:00:00,0.0
2025-11-09 05:15:00,0.0
2025-11-09 05:30:00,0.0
2025-11-09 05:45:00,0.0
2025-11-09 06:00:00,0.032
2025-11-09 06:15:00,0.112
2025-11-09 06:30:00,0.685
2025-11-09 06:45:00,6.361
2025-11-09 07:00:00,10.04
2025-11-09 07:15:00,14.213
2025-11-09 07:30:00,18.634
2025-11-09 07:45:00,23.47
2025-11-09 08:00:00,31.405
2025-11-09 08:15:00,39.886
2025-11-09 08:30:00,46.231
2025-11-09 08:45:00,55.8
2025-11-09 09:00:00,63.447
2025-11-09 09:15:00,76.554
2025-11-09 09:30:00,89.935
2025-11-09 09:45:00,101.371
2025-11-09 10:00:00,111.215
2025-11-09 10:15:00,122.96
2025-11-09 10:30:00,130.33
2025-11-09 10:45:00,145.147
2025-11-09 11:00:00,157.982
2025-11-09 11:15:00,167.831
2025-11-09 11:30:00,164.812
2025-11-09 11:45:00,170.873
2025-11-09 12:00:00,178.796
2025-11-09 12:15:00,178.085
2025-11-09 12:30:00,170.552
2025-11-09 12:45:00,160.125
2025-11-09 13:00:00,157.484
2025-11-09 13:15:00,147.473
2025-11-09 13:30:00,145.816
2025-11-09 13:45:00,123.894
2025-11-09 14:00:00,118.991
2025-11-09 14:15:00,108.712
2025-11-09 14:30:00,107.08
2025-11-09 14:45:00,112.38
2025-11-09 15:00:00,97.608
2025-11-09 15:15:00,85.537
2025-11-09 15:30:00,73.137
2025-11-09 15:45:00,64.575
2025-11-09 16:00:00,55.106
2025-11-09 16:15:00,43.512
2025-11-09 16:30:00,34.686
2025-11-09 16:45:00,28.52
2025-11-09 17:00:00,23.046
2025-11-09 17:15:00,15.385
2025-11-09 17:30:00,3.108
2025-11-09 17:45:00,0.49
2025-11-09 18:00:00,0.138
2025-11-09 18:15:00,0.063
2025-11-09 18:30:00,0.038
2025-11-09 18:45:00,0.007
2025-11-09 19:00:00,0.0
2025-11-09 19:15:00,0.0
2025-11-09 19:30:00,0.0
2025-11-09 19:45:00,0.0
2025-11-09 20:00:00,0.0
2025-11-09 20:15:00,0.0
2025-11-09 20:30:00,0.0
2025-11-09 20:45:00,0.0
2025-11-09 21:00:00,0.0
2025-11-09 21:15:00,0.0
2025-11-09 21:30:00,0.0
2025-11-09 21:45:00,0.0
2025-11-09 22:00:00,0.0
2025-11-09 22:15:00,0.0
2025-11-09 22:30:00,0.0
2025-11-09 22:45:00,0.0
2025-11-09 23:00:00,0.0
2025-11-09 23:15:00,0.0
2025-11-09 23:30:00,0.0
2025-11-09 23:45:00,0.0
2025-11-10 00:00:00,0.0
2025-11-10 00:15:00,0.0
2025-11-10 00:30:00,0.0
2025-11-10 00:45:00,0.0
2025-11-10 01:00:00,0.0
2025-11-10 01:15:00,0.0
2025-11-10 01:30:00,0.0
2025-11-10 01:45:00,0.0
2025-11-10 02:00:00,0.0
2025-11-10 02:15:00,0.0
2025-11-10 02:30:00,0.0
2025-11-10 02:45:00,0.0
2025-11-10 03:00:00,0.0
2025-11-10 03:15:00,0.0
2025-11-10 03:30:00,0.0
2025-11-10 03:45:00,0.0
2025-11-10 04:00:00,0.0
2025-11-10 04:15:00,0.0
2025-11-10 04:30:00,0.0
2025-11-10 04:45:00,0.0
2025-11-10 05:00:00,0.0
2025-11-10 05:15:00,0.0
2025-11-10 05:30:00,0.0
2025-11-10 05:45:00,0.0
2025-11-10 06:00:00,0.043
2025-11-10 06:15:00,0.142
2025-11-10 06:30:00,0.978
2025-11-10 06:45:00,6.713
2025-11-10 07:00:00,11.283
2025-11-10 07:15:00,15.198
2025-11-10 07:30:00,20.708
2025-11-10 07:45:00,25.627
2025-11-10 08:00:00,33.232
2025-11-10 08:15:00,42.047
2025-11-10 08:30:00,52.282
2025-11-10 08:45:00,61.314
2025-11-10 09:00:00,69.67
2025-11-10 09:15:00,81.21
2025-11-10 09:30:00,91.521
2025-11-10 09:45:00,106.998
2025-11-10 10:00:00,114.511
2025-11-10 10:15:00,127.834
2025-11-10 10:30:00,132.365
2025-11-10 10:45:00,137.775
2025-11-10 11:00:00,147.908
2025-11-10 11:15:00,157.794
2025-11-10 11:30:00,161.436
2025-11-10 11:45:00,165.81
2025-11-10 12:00:00,165.768
2025-11-10 12:15:00,172.525
2025-11-10 12:30:00,167.344
2025-11-10 12:45:00,166.633
2025-11-10 13:00:00,151.66
2025-11-10 13:15:00,152.669
2025-11-10 13:30:00,151.878
2025-11-10 13:45:00,150.703
2025-11-10 14:00:00,141.672
2025-11-10 14:15:00,114.805
2025-11-10 14:30:00,118.103
2025-11-10 14:45:00,104.537
2025-11-10 15:00:00,111.344
2025-11-10 15:15:00,92.849
2025-11-10 15:30:00,74.685
2025-11-10 15:45:00,63.055
2025-11-10 16:00:00,49.455
2025-11-10 16:15:00,38.128
2025-11-10 16:30:00,28.684
2025-11-10 16:45:00,21.698
2025-11-10 17:00:00,16.211
2025-11-10 17:15:00,10.561
2025-11-10 17:30:00,2.158
2025-11-10 17:45:00,0.233
2025-11-10 18:00:00,0.052
2025-11-10 18:15:00,0.047
2025-11-10 18:30:00,0.0
2025-11-10 18:45:00,0.0
2025-11-10 19:00:00,0.0
2025-11-10 19:15:00,0.0
2025-11-10 19:30:00,0.0
2025-11-10 19:45:00,0.0
2025-11-10 20:00:00,0.0
2025-11-10 20:15:00,0.0
2025-11-10 20:30:00,0.0
2025-11-10 20:45:00,0.0
2025-11-10 21:00:00,0.0
2025-11-10 21:15:00,0.0
2025-11-10 21:30:00,0.0
2025-11-10 21:45:00,0.0
2025-11-10 22:00:00,0.0
2025-11-10 22:15:00,0.0
2025-11-10 22:30:00,0.0
2025-11-10 22:45:00,0.0
2025-11-10 23:00:00,0.0
2025-11-10 23:15:00,0.0
2025-11-10 23:30:00,0.0
2025-11-10 23:45:00,0.0
2025-11-11 00:00:00,0.0
2025-11-11 00:15:00,0.0
2025-11-11 00:30:00,0.0
2025-11-11 00:45:00,0.0
2025-11-11 01:00:00,0.0
2025-11-11 01:15:00,0.0
2025-11-11 01:30:00,0.0
2025-11-11 01:45:00,0.0
2025-11-11 02:00:00,0.0
2025-11-11 02:15:00,0.0
2025-11-11 02:30:00,0.0
2025-11-11 02:45:00,0.0
2025-11-11 03:00:00,0.0
2025-11-11 03:15:00,0.0
2025-11-11 03:30:00,0.0
2025-11-11 03:45:00,0.0
2025-11-11 04:00:00,0.0
2025-11-11 04:15:00,0.0
2025-11-11 04:30:00,0.0
2025-11-11 04:45:00,0.0
2025-11-11 05:00:00,0.0
2025-11-11 05:15:00,0.0
2025-11-11 05:30:00,0.0
2025-11-11 05:45:00,0.0
2025-11-11 06:00:00,0.02
2025-11-11 06:15:00,0.055
2025-11-11 06:30:00,0.53
2025-11-11 06:45:00,9.34
2025-11-11 07:00:00,18.61
2025-11-11 07:15:00,32.443
2025-11-11 07:30:00,46.989
2025-11-11 07:45:00,67.424
2025-11-11 08:00:00,85.984
2025-11-11 08:15:00,109.678
2025-11-11 08:30:00,140.57
2025-11-11 08:45:00,172.084
2025-11-11 09:00:00,196.888
2025-11-11 09:15:00,230.617
2025-11-11 09:30:00,250.232
2025-11-11 09:45:00,275.907
2025-11-11 10:00:00,296.453
2025-11-11 10:15:00,325.562
2025-11-11 10:30:00,350.108
2025-11-11 10:45:00,361.059
2025-11-11 11:00:00,377.001
2025-11-11 11:15:00,396.823
2025-11-11 11:30:00,412.102
2025-11-11 11:45:00,425.957
2025-11-11 12:00:00,431.07
2025-11-11 12:15:00,425.47
2025-11-11 12:30:00,424.4
2025-11-11 12:45:00,415.517
2025-11-11 13:00:00,403.01
2025-11-11 13:15:00,389.942
2025-11-11 13:30:00,374.38
2025-11-11 13:45:00,355.93
2025-11-11 14:00:00,336.967
2025-11-11 14:15:00,314.08
2025-11-11 14:30:00,283.488
2025-11-11 14:45:00,260.503
2025-11-11 15:00:00,239.68
2025-11-11 15:15:00,215.158
2025-11-11 15:30:00,175.505
2025-11-11 15:45:00,141.238
2025-11-11 16:00:00,117.974
2025-11-11 16:15:00,79.606
2025-11-11 16:30:00,56.869
2025-11-11 16:45:00,39.875
2025-11-11 17:00:00,28.489
2025-11-11 17:15:00,14.362
2025-11-11 17:30:00,3.43
2025-11-11 17:45:00,0.723
2025-11-11 18:00:00,0.21
2025-11-11 18:15:00,0.132
2025-11-11 18:30:00,0.095
2025-11-11 18:45:00,0.0
2025-11-11 19:00:00,0.0
2025-11-11 19:15:00,0.0
2025-11-11 19:30:00,0.0
2025-11-11 19:45:00,0.0
2025-11-11 20:00:00,0.0
2025-11-11 20:15:00,0.0
2025-11-11 20:30:00,0.0
2025-11-11 20:45:00,0.0
2025-11-11 21:00:00,0.0
2025-11-11 21:15:00,0.0
2025-11-11 21:30:00,0.0
2025-11-11 21:45:00,0.0
2025-11-11 22:00:00,0.0
2025-11-11 22:15:00,0.0
2025-11-11 22:30:00,0.0
2025-11-11 22:45:00,0.0
2025-11-11 23:00:00,0.0
2025-11-11 23:15:00,0.0
2025-11-11 23:30:00,0.0
2025-11-11 23:45:00,0.0
2025-11-12 00:00:00,0.0
2025-11-12 00:15:00,0.0
2025-11-12 00:30:00,0.0
2025-11-12 00:45:00,0.0
2025-11-12 01:00:00,0.0
2025-11-12 01:15:00,0.0
2025-11-12 01:30:00,0.0
2025-11-12 01:45:00,0.0
2025-11-12 02:00:00,0.0
2025-11-12 02:15:00,0.0
2025-11-12 02:30:00,0.0
2025-11-12 02:45:00,0.0
2025-11-12 03:00:00,0.0
2025-11-12 03:15:00,0.0
2025-11-12 03:30:00,0.0
2025-11-12 03:45:00,0.0
2025-11-12 04:00:00,0.0
2025-11-12 04:15:00,0.0
2025-11-12 04:30:00,0.0
2025-11-12 04:45:00,0.0
2025-11-12 05:00:00,0.0
2025-11-12 05:15:00,0.0
2025-11-12 05:30:00,0.0
2025-11-12 05:45:00,0.0
2025-11-12 06:00:00,0.043
2025-11-12 06:15:00,0.058
2025-11-12 06:30:00,0.795
2025-11-12 06:45:00,10.34
2025-11-12 07:00:00,23.713
2025-11-12 07:15:00,42.062
2025-11-12 07:30:00,64.969
2025-11-12 07:45:00,92.364
2025-11-12 08:00:00,123.89
2025-11-12 08:15:00,156.163
2025-11-12 08:30:00,182.449
2025-11-12 08:45:00,210.76
2025-11-12 09:00:00,237.553
2025-11-12 09:15:00,284.416
2025-11-12 09:30:00,299.247
2025-11-12 09:45:00,323.102
2025-11-12 10:00:00,344.414
2025-11-12 10:15:00,373.803
2025-11-12 10:30:00,393.934
2025-11-12 10:45:00,423.1
2025-11-12 11:00:00,446.293
2025-11-12 11:15:00,474.837
2025-11-12 11:30:00,493.201
2025-11-12 11:45:00,462.144
2025-11-12 12:00:00,529.344
2025-11-12 12:15:00,559.184
2025-11-12 12:30:00,559.805
2025-11-12 12:45:00,561.981
2025-11-12 13:00:00,555.857
2025-11-12 13:15:00,531.304
2025-11-12 13:30:00,514.93
2025-11-12 13:45:00,489.536
2025-11-12 14:00:00,465.001
2025-11-12 14:15:00,436.808
2025-11-12 14:30:00,390.659
2025-11-12 14:45:00,348.521
2025-11-12 15:00:00,298.728
2025-11-12 15:15:00,259.837
2025-11-12 15:30:00,222.951
2025-11-12 15:45:00,190.126
2025-11-12 16:00:00,149.146
2025-11-12 16:15:00,115.956
2025-11-12 16:30:00,86.564
2025-11-12 16:45:00,57.514
2025-11-12 17:00:00,36.595
2025-11-12 17:15:00,19.432
2025-11-12 17:30:00,4.648
2025-11-12 17:45:00,1.298
2025-11-12 18:00:00,0.273
2025-11-12 18:15:00,0.117
2025-11-12 18:30:00,0.03
2025-11-12 18:45:00,0.0
2025-11-12 19:00:00,0.0
2025-11-12 19:15:00,0.0
2025-11-12 19:30:00,0.0
2025-11-12 19:45:00,0.0
2025-11-12 20:00:00,0.0
2025-11-12 20:15:00,0.0
2025-11-12 20:30:00,0.0
2025-11-12 20:45:00,0.0
2025-11-12 21:00:00,0.0
2025-11-12 21:15:00,0.0
2025-11-12 21:30:00,0.0
2025-11-12 21:45:00,0.0
2025-11-12 22:00:00,0.0
2025-11-12 22:15:00,0.0
2025-11-12 22:30:00,0.0
2025-11-12 22:45:00,0.0
2025-11-12 23:00:00,0.0
2025-11-12 23:15:00,0.0
2025-11-12 23:30:00,0.0
2025-11-12 23:45:00,0.0
2025-11-13 00:00:00,0.0
2025-11-13 00:15:00,0.0
2025-11-13 00:30:00,0.0
2025-11-13 00:45:00,0.0
2025-11-13 01:00:00,0.0
2025-11-13 01:15:00,0.0
2025-11-13 01:30:00,0.0
2025-11-13 01:45:00,0.0
2025-11-13 02:00:00,0.0
2025-11-13 02:15:00,0.0
2025-11-13 02:30:00,0.0
2025-11-13 02:45:00,0.0
2025-11-13 03:00:00,0.0
2025-11-13 03:15:00,0.0
2025-11-13 03:30:00,0.0
2025-11-13 03:45:00,0.0
2025-11-13 04:00:00,0.0
2025-11-13 04:15:00,0.0
2025-11-13 04:30:00,0.0
2025-11-13 04:45:00,0.0
2025-11-13 05:00:00,0.0
2025-11-13 05:15:00,0.0
2025-11-13 05:30:00,0.0
2025-11-13 05:45:00,0.0
2025-11-13 06:00:00,0.0
2025-11-13 06:15:00,0.0
2025-11-13 06:30:00,0.2
2025-11-13 06:45:00,11.615
2025-11-13 07:00:00,29.675
2025-11-13 07:15:00,57.328
2025-11-13 07:30:00,94.213
2025-11-13 07:45:00,136.314
2025-11-13 08:00:00,179.209
2025-11-13 08:15:00,230.559
2025-11-13 08:30:00,289.84
2025-11-13 08:45:00,341.18
2025-11-13 09:00:00,398.127
2025-11-13 09:15:00,408.81
2025-11-13 09:30:00,430.227
2025-11-13 09:45:00,386.664
2025-11-13 10:00:00,357.601
2025-11-13 10:15:00,411.86
2025-11-13 10:30:00,316.151
2025-11-13 10:45:00,237.235
2025-11-13 11:00:00,316.551
2025-11-13 11:15:00,225.635
2025-11-13 11:30:00,175.419
2025-11-13 11:45:00,127.628
2025-11-13 12:00:00,471.488
2025-11-13 12:15:00,285.32
2025-11-13 12:30:00,301.29
2025-11-13 12:45:00,236.37
2025-11-13 13:00:00,297.0
2025-11-13 13:15:00,293.31
2025-11-13 13:30:00,348.027
2025-11-13 13:45:00,233.198
2025-11-13 14:00:00,188.951
2025-11-13 14:15:00,192.137
2025-11-13 14:30:00,233.642
2025-11-13 14:45:00,213.82
2025-11-13 15:00:00,324.166
2025-11-13 15:15:00,437.992
2025-11-13 15:30:00,371.004
2025-11-13 15:45:00,311.017
2025-11-13 16:00:00,251.086
2025-11-13 16:15:00,189.056
2025-11-13 16:30:00,145.482
2025-11-13 16:45:00,104.729
2025-11-13 17:00:00,63.717
2025-11-13 17:15:00,35.757
2025-11-13 17:30:00,7.293
2025-11-13 17:45:00,2.043
2025-11-13 18:00:00,0.79
2025-11-13 18:15:00,0.688
2025-11-13 18:30:00,0.12
2025-11-13 18:45:00,0.0
2025-11-13 19:00:00,0.0
2025-11-13 19:15:00,0.0
2025-11-13 19:30:00,0.0
2025-11-13 19:45:00,0.0
2025-11-13 20:00:00,0.0
2025-11-13 20:15:00,0.0
2025-11-13 20:30:00,0.0
2025-11-13 20:45:00,0.0
2025-11-13 21:00:00,0.0
2025-11-13 21:15:00,0.0
2025-11-13 21:30:00,0.0
2025-11-13 21:45:00,0.0
2025-11-13 22:00:00,0.0
2025-11-13 22:15:00,0.0
2025-11-13 22:30:00,0.0
2025-11-13 22:45:00,0.0
2025-11-13 23:00:00,0.0
2025-11-13 23:15:00,0.0
2025-11-13 23:30:00,0.0
2025-11-13 23:45:00,0.0
2025-11-14 00:00:00,0.0
2025-11-14 00:15:00,0.0
2025-11-14 00:30:00,0.0
2025-11-14 00:45:00,0.0
2025-11-14 01:00:00,0.0
2025-11-14 01:15:00,0.0
2025-11-14 01:30:00,0.0
2025-11-14 01:45:00,0.0
2025-11-14 02:00:00,0.0
2025-11-14 02:15:00,0.0
2025-11-14 02:30:00,0.0
2025-11-14 02:45:00,0.0
2025-11-14 03:00:00,0.0
2025-11-14 03:15:00,0.0
2025-11-14 03:30:00,0.0
2025-11-14 03:45:00,0.0
2025-11-14 04:00:00,0.0
2025-11-14 04:15:00,0.0
2025-11-14 04:30:00,0.0
2025-11-14 04:45:00,0.0
2025-11-14 05:00:00,0.0
2025-11-14 05:15:00,0.0
2025-11-14 05:30:00,0.0
2025-11-14 05:45:00,0.0
2025-11-14 06:00:00,0.0
2025-11-14 06:15:00,0.0
2025-11-14 06:30:00,0.215
2025-11-14 06:45:00,11.868
2025-11-14 07:00:00,32.334
2025-11-14 07:15:00,67.729
2025-11-14 07:30:00,109.3
2025-11-14 07:45:00,161.555
2025-11-14 08:00:00,215.805
2025-11-14 08:15:00,280.093
2025-11-14 08:30:00,359.405
2025-11-14 08:45:00,435.254
2025-11-14 09:00:00,505.582
2025-11-14 09:15:00,581.659
2025-11-14 09:30:00,620.864
2025-11-14 09:45:00,585.277
2025-11-14 10:00:00,498.164
2025-11-14 10:15:00,576.287
2025-11-14 10:30:00,516.5
2025-11-14 10:45:00,318.467
2025-11-14 11:00:00,304.638
2025-11-14 11:15:00,286.225
2025-11-14 11:30:00,847.849
2025-11-14 11:45:00,109.946
2025-11-14 12:00:00,158.365
2025-11-14 12:15:00,73.302
2025-11-14 12:30:00,334.377
2025-11-14 12:45:00,547.974
2025-11-14 13:00:00,604.251
2025-11-14 13:15:00,774.071
2025-11-14 13:30:00,784.651
2025-11-14 13:45:00,723.759
2025-11-14 14:00:00,720.276
2025-11-14 14:15:00,682.216
2025-11-14 14:30:00,658.162
2025-11-14 14:45:00,443.004
2025-11-14 15:00:00,472.497
2025-11-14 15:15:00,471.841
2025-11-14 15:30:00,414.876
2025-11-14 15:45:00,342.66
2025-11-14 16:00:00,264.141
2025-11-14 16:15:00,202.448
2025-11-14 16:30:00,150.589
2025-11-14 16:45:00,104.858
2025-11-14 17:00:00,63.421
2025-11-14 17:15:00,33.437
2025-11-14 17:30:00,9.474
2025-11-14 17:45:00,2.473
2025-11-14 18:00:00,1.01
2025-11-14 18:15:00,0.198
2025-11-14 18:30:00,0.0
2025-11-14 18:45:00,0.0
2025-11-14 19:00:00,0.0
2025-11-14 19:15:00,0.0
2025-11-14 19:30:00,0.0
2025-11-14 19:45:00,0.0
2025-11-14 20:00:00,0.0
2025-11-14 20:15:00,0.0
2025-11-14 20:30:00,0.0
2025-11-14 20:45:00,0.0
2025-11-14 21:00:00,0.0
2025-11-14 21:15:00,0.0
2025-11-14 21:30:00,0.0
2025-11-14 21:45:00,0.0
2025-11-14 22:00:00,0.0
2025-11-14 22:15:00,0.0
2025-11-14 22:30:00,0.0
2025-11-14 22:45:00,0.0
2025-11-14 23:00:00,0.0
2025-11-14 23:15:00,0.0
2025-11-14 23:30:00,0.0
2025-11-14 23:45:00,0.0
2025-11-15 00:00:00,0.0
2025-11-15 00:15:00,0.0
2025-11-15 00:30:00,0.0
2025-11-15 00:45:00,0.0
2025-11-15 01:00:00,0.0
2025-11-15 01:15:00,0.0
2025-11-15 01:30:00,0.0
2025-11-15 01:45:00,0.0
2025-11-15 02:00:00,0.0
2025-11-15 02:15:00,0.0
2025-11-15 02:30:00,0.0
2025-11-15 02:45:00,0.0
2025-11-15 03:00:00,0.0
2025-11-15 03:15:00,0.0
2025-11-15 03:30:00,0.0
2025-11-15 03:45:00,0.0
2025-11-15 04:00:00,0.0
2025-11-15 04:15:00,0.0
2025-11-15 04:30:00,0.0
2025-11-15 04:45:00,0.0
2025-11-15 05:00:00,0.0
2025-11-15 05:15:00,0.0
2025-11-15 05:30:00,0.0
2025-11-15 05:45:00,0.0
2025-11-15 06:00:00,0.0
2025-11-15 06:15:00,0.0
2025-11-15 06:30:00,0.248
2025-11-15 06:45:00,10.137
2025-11-15 07:00:00,33.389
2025-11-15 07:15:00,68.684
2025-11-15 07:30:00,114.306
2025-11-15 07:45:00,170.611
2025-11-15 08:00:00,224.005
2025-11-15 08:15:00,300.949
2025-11-15 08:30:00,379.289
2025-11-15 08:45:00,451.35
2025-11-15 09:00:00,527.614
2025-11-15 09:15:00,466.83
2025-11-15 09:30:00,336.965
2025-11-15 09:45:00,73.299
2025-11-15 10:00:00,217.186
2025-11-15 10:15:00,376.271
2025-11-15 10:30:00,342.866
2025-11-15 10:45:00,90.041
2025-11-15 11:00:00,167.734
2025-11-15 11:15:00,73.302
2025-11-15 11:30:00,233.002
2025-11-15 11:45:00,130.733
2025-11-15 12:00:00,162.057
2025-11-15 12:15:00,489.279
2025-11-15 12:30:00,413.027
2025-11-15 12:45:00,271.012
2025-11-15 13:00:00,443.768
2025-11-15 13:15:00,320.5
2025-11-15 13:30:00,350.092
2025-11-15 13:45:00,196.293
2025-11-15 14:00:00,106.975
2025-11-15 14:15:00,72.872
2025-11-15 14:30:00,132.84
2025-11-15 14:45:00,242.112
2025-11-15 15:00:00,68.279
2025-11-15 15:15:00,128.551
2025-11-15 15:30:00,338.834
2025-11-15 15:45:00,315.373
2025-11-15 16:00:00,269.311
2025-11-15 16:15:00,209.203
2025-11-15 16:30:00,144.619
2025-11-15 16:45:00,99.36
2025-11-15 17:00:00,73.34
2025-11-15 17:15:00,43.279
2025-11-15 17:30:00,10.337
2025-11-15 17:45:00,3.84
2025-11-15 18:00:00,0.813
2025-11-15 18:15:00,0.228
2025-11-15 18:30:00,0.0
2025-11-15 18:45:00,0.0
2025-11-15 19:00:00,0.0
2025-11-15 19:15:00,0.0
2025-11-15 19:30:00,0.0
2025-11-15 19:45:00,0.0
2025-11-15 20:00:00,0.0
2025-11-15 20:15:00,0.0
2025-11-15 20:30:00,0.0
2025-11-15 20:45:00,0.0
2025-11-15 21:00:00,0.0
2025-11-15 21:15:00,0.0
2025-11-15 21:30:00,0.0
2025-11-15 21:45:00,0.0
2025-11-15 22:00:00,0.0
2025-11-15 22:15:00,0.0
2025-11-15 22:30:00,0.0
2025-11-15 22:45:00,0.0
2025-11-15 23:00:00,0.0
2025-11-15 23:15:00,0.0
2025-11-15 23:30:00,0.0
2025-11-15 23:45:00,0.0
2025-11-16 00:00:00,0.0
2025-11-16 00:15:00,0.0
2025-11-16 00:30:00,0.0
2025-11-16 00:45:00,0.0
2025-11-16 01:00:00,0.0
2025-11-16 01:15:00,0.0
2025-11-16 01:30:00,0.0
2025-11-16 01:45:00,0.0
2025-11-16 02:00:00,0.0
2025-11-16 02:15:00,0.0
2025-11-16 02:30:00,0.0
2025-11-16 02:45:00,0.0
2025-11-16 03:00:00,0.0
2025-11-16 03:15:00,0.0
2025-11-16 03:30:00,0.0
2025-11-16 03:45:00,0.0
2025-11-16 04:00:00,0.0
2025-11-16 04:15:00,0.0
2025-11-16 04:30:00,0.0
2025-11-16 04:45:00,0.0
2025-11-16 05:00:00,0.0
2025-11-16 05:15:00,0.0
2025-11-16 05:30:00,0.0
2025-11-16 05:45:00,0.0
2025-11-16 06:00:00,0.0
2025-11-16 06:15:00,0.0
2025-11-16 06:30:00,0.237
2025-11-16 06:45:00,9.882
2025-11-16 07:00:00,33.165
2025-11-16 07:15:00,69.54
2025-11-16 07:30:00,116.445
2025-11-16 07:45:00,172.812
2025-11-16 08:00:00,232.339
2025-11-16 08:15:00,303.303
2025-11-16 08:30:00,384.022
2025-11-16 08:45:00,462.782
2025-11-16 09:00:00,538.814
2025-11-16 09:15:00,380.115
2025-11-16 09:30:00,212.9
2025-11-16 09:45:00,310.534
2025-11-16 10:00:00,211.541
2025-11-16 10:15:00,247.733
2025-11-16 10:30:00,205.388
2025-11-16 10:45:00,73.799
2025-11-16 11:00:00,73.799
2025-11-16 11:15:00,186.527
2025-11-16 11:30:00,184.874
2025-11-16 11:45:00,291.816
2025-11-16 12:00:00,690.017
2025-11-16 12:15:00,506.627
2025-11-16 12:30:00,541.361
2025-11-16 12:45:00,393.007
2025-11-16 13:00:00,437.363
2025-11-16 13:15:00,450.001
2025-11-16 13:30:00,378.232
2025-11-16 13:45:00,290.753
2025-11-16 14:00:00,230.48
2025-11-16 14:15:00,171.535
2025-11-16 14:30:00,163.685
2025-11-16 14:45:00,224.76
2025-11-16 15:00:00,70.776
2025-11-16 15:15:00,244.271
2025-11-16 15:30:00,372.131
2025-11-16 15:45:00,307.14
2025-11-16 16:00:00,243.049
2025-11-16 16:15:00,190.229
2025-11-16 16:30:00,140.32
2025-11-16 16:45:00,104.334
2025-11-16 17:00:00,76.651
2025-11-16 17:15:00,44.403
2025-11-16 17:30:00,15.347
2025-11-16 17:45:00,3.063
2025-11-16 18:00:00,0.923
2025-11-16 18:15:00,0.035
2025-11-16 18:30:00,0.093
2025-11-16 18:45:00,0.0
2025-11-16 19:00:00,0.0
2025-11-16 19:15:00,0.0
2025-11-16 19:30:00,0.0
2025-11-16 19:45:00,0.0
2025-11-16 20:00:00,0.0
2025-11-16 20:15:00,0.0
2025-11-16 20:30:00,0.0
2025-11-16 20:45:00,0.0
2025-11-16 21:00:00,0.0
2025-11-16 21:15:00,0.0
2025-11-16 21:30:00,0.0
2025-11-16 21:45:00,0.0
2025-11-16 22:00:00,0.0
2025-11-16 22:15:00,0.0
2025-11-16 22:30:00,0.0
2025-11-16 22:45:00,0.0
2025-11-16 23:00:00,0.0
2025-11-16 23:15:00,0.0
2025-11-16 23:30:00,0.0
2025-11-16 23:45:00,0.0
2025-11-17 00:00:00,0.0
2025-11-17 00:15:00,0.0
2025-11-17 00:30:00,0.0
2025-11-17 00:45:00,0.0
2025-11-17 01:00:00,0.0
2025-11-17 01:15:00,0.0
2025-11-17 01:30:00,0.0
2025-11-17 01:45:00,0.0
2025-11-17 02:00:00,0.0
2025-11-17 02:15:00,0.0
2025-11-17 02:30:00,0.0
2025-11-17 02:45:00,0.0
2025-11-17 03:00:00,0.0
2025-11-17 03:15:00,0.0
2025-11-17 03:30:00,0.0
2025-11-17 03:45:00,0.0
2025-11-17 04:00:00,0.0
2025-11-17 04:15:00,0.0
2025-11-17 04:30:00,0.0
2025-11-17 04:45:00,0.0
2025-11-17 05:00:00,0.0
2025-11-17 05:15:00,0.0
2025-11-17 05:30:00,0.0
2025-11-17 05:45:00,0.0
2025-11-17 06:00:00,0.013
2025-11-17 06:15:00,0.007
2025-11-17 06:30:00,0.322
2025-11-17 06:45:00,5.113
2025-11-17 07:00:00,17.28
2025-11-17 07:15:00,29.702
2025-11-17 07:30:00,45.816
2025-11-17 07:45:00,61.989
2025-11-17 08:00:00,75.683
2025-11-17 08:15:00,102.726
2025-11-17 08:30:00,127.148
2025-11-17 08:45:00,138.384
2025-11-17 09:00:00,156.418
2025-11-17 09:15:00,181.271
2025-11-17 09:30:00,195.516
2025-11-17 09:45:00,201.601
2025-11-17 10:00:00,220.334
2025-11-17 10:15:00,231.648
2025-11-17 10:30:00,255.006
2025-11-17 10:45:00,254.577
2025-11-17 11:00:00,252.94
2025-11-17 11:15:00,253.081
2025-11-17 11:30:00,266.634
2025-11-17 11:45:00,271.023
2025-11-17 12:00:00,255.997
2025-11-17 12:15:00,254.807
2025-11-17 12:30:00,252.999
2025-11-17 12:45:00,244.329
2025-11-17 13:00:00,229.082
2025-11-17 13:15:00,214.255
2025-11-17 13:30:00,195.136
2025-11-17 13:45:00,181.154
2025-11-17 14:00:00,171.548
2025-11-17 14:15:00,145.876
2025-11-17 14:30:00,126.735
2025-11-17 14:45:00,117.81
2025-11-17 15:00:00,98.795
2025-11-17 15:15:00,80.417
2025-11-17 15:30:00,69.999
2025-11-17 15:45:00,60.963
2025-11-17 16:00:00,48.359
2025-11-17 16:15:00,39.454
2025-11-17 16:30:00,26.53
2025-11-17 16:45:00,18.517
2025-11-17 17:00:00,13.309
2025-11-17 17:15:00,7.342
2025-11-17 17:30:00,1.995
2025-11-17 17:45:00,0.165
2025-11-17 18:00:00,0.0
2025-11-17 18:15:00,0.0
2025-11-17 18:30:00,0.0
2025-11-17 18:45:00,0.0
2025-11-17 19:00:00,0.0
2025-11-17 19:15:00,0.0
2025-11-17 19:30:00,0.0
2025-11-17 19:45:00,0.0
2025-11-17 20:00:00,0.0
2025-11-17 20:15:00,0.0
2025-11-17 20:30:00,0.0
2025-11-17 20:45:00,0.0
2025-11-17 21:00:00,0.0
2025-11-17 21:15:00,0.0
2025-11-17 21:30:00,0.0
2025-11-17 21:45:00,0.0
2025-11-17 22:00:00,0.0
2025-11-17 22:15:00,0.0
2025-11-17 22:30:00,0.0
2025-11-17 22:45:00,0.0
2025-11-17 23:00:00,0.0
2025-11-17 23:15:00,0.0
2025-11-17 23:30:00,0.0
2025-11-17 23:45:00,0.0
2025-11-18 00:00:00,0.0
2025-11-18 00:15:00,0.0
2025-11-18 00:30:00,0.0
2025-11-18 00:45:00,0.0
2025-11-18 01:00:00,0.0
2025-11-18 01:15:00,0.0
2025-11-18 01:30:00,0.0
2025-11-18 01:45:00,0.0
2025-11-18 02:00:00,0.0
2025-11-18 02:15:00,0.0
2025-11-18 02:30:00,0.0
2025-11-18 02:45:00,0.0
2025-11-18 03:00:00,0.0
2025-11-18 03:15:00,0.0
2025-11-18 03:30:00,0.0
2025-11-18 03:45:00,0.0
2025-11-18 04:00:00,0.0
2025-11-18 04:15:00,0.0
2025-11-18 04:30:00,0.0
2025-11-18 04:45:00,0.0
2025-11-18 05:00:00,0.0
2025-11-18 05:15:00,0.0
2025-11-18 05:30:00,0.0
2025-11-18 05:45:00,0.0
2025-11-18 06:00:00,0.015
2025-11-18 06:15:00,0.035
2025-11-18 06:30:00,0.102
2025-11-18 06:45:00,4.968
2025-11-18 07:00:00,22.646
2025-11-18 07:15:00,45.928
2025-11-18 07:30:00,74.853
2025-11-18 07:45:00,116.232
2025-11-18 08:00:00,153.193
2025-11-18 08:15:00,203.026
2025-11-18 08:30:00,256.423
2025-11-18 08:45:00,329.867
2025-11-18 09:00:00,348.36
2025-11-18 09:15:00,406.436
2025-11-18 09:30:00,468.601
2025-11-18 09:45:00,503.079
2025-11-18 10:00:00,529.21
2025-11-18 10:15:00,582.653
2025-11-18 10:30:00,587.427
2025-11-18 10:45:00,606.364
2025-11-18 11:00:00,641.22
2025-11-18 11:15:00,652.615
2025-11-18 11:30:00,678.709
2025-11-18 11:45:00,716.526
2025-11-18 12:00:00,728.317
2025-11-18 12:15:00,739.188
2025-11-18 12:30:00,726.078
2025-11-18 12:45:00,712.514
2025-11-18 13:00:00,676.019
2025-11-18 13:15:00,645.651
2025-11-18 13:30:00,604.268
2025-11-18 13:45:00,559.507
2025-11-18 14:00:00,537.504
2025-11-18 14:15:00,512.074
2025-11-18 14:30:00,476.358
2025-11-18 14:45:00,427.373
2025-11-18 15:00:00,381.077
2025-11-18 15:15:00,341.375
2025-11-18 15:30:00,302.162
2025-11-18 15:45:00,256.345
2025-11-18 16:00:00,199.089
2025-11-18 16:15:00,143.421
2025-11-18 16:30:00,107.163
2025-11-18 16:45:00,74.901
2025-11-18 17:00:00,47.675
2025-11-18 17:15:00,25.468
2025-11-18 17:30:00,10.562
2025-11-18 17:45:00,2.463
2025-11-18 18:00:00,1.46
2025-11-18 18:15:00,0.023
2025-11-18 18:30:00,0.0
2025-11-18 18:45:00,0.0
2025-11-18 19:00:00,0.0
2025-11-18 19:15:00,0.0
2025-11-18 19:30:00,0.0
2025-11-18 19:45:00,0.0
2025-11-18 20:00:00,0.0
2025-11-18 20:15:00,0.0
2025-11-18 20:30:00,0.0
2025-11-18 20:45:00,0.0
2025-11-18 21:00:00,0.0
2025-11-18 21:15:00,0.0
2025-11-18 21:30:00,0.0
2025-11-18 21:45:00,0.0
2025-11-18 22:00:00,0.0
2025-11-18 22:15:00,0.0
2025-11-18 22:30:00,0.0
2025-11-18 22:45:00,0.0
2025-11-18 23:00:00,0.0
2025-11-18 23:15:00,0.0
2025-11-18 23:30:00,0.0
2025-11-18 23:45:00,0.0
2025-11-19 00:00:00,0.0
2025-11-19 00:15:00,0.0
2025-11-19 00:30:00,0.0
2025-11-19 00:45:00,0.0
2025-11-19 01:00:00,0.0
2025-11-19 01:15:00,0.0
2025-11-19 01:30:00,0.0
2025-11-19 01:45:00,0.0
2025-11-19 02:00:00,0.0
2025-11-19 02:15:00,0.0
2025-11-19 02:30:00,0.0
2025-11-19 02:45:00,0.0
2025-11-19 03:00:00,0.0
2025-11-19 03:15:00,0.0
2025-11-19 03:30:00,0.0
2025-11-19 03:45:00,0.0
2025-11-19 04:00:00,0.0
2025-11-19 04:15:00,0.0
2025-11-19 04:30:00,0.0
2025-11-19 04:45:00,0.0
2025-11-19 05:00:00,0.0
2025-11-19 05:15:00,0.0
2025-11-19 05:30:00,0.0
2025-11-19 05:45:00,0.0
2025-11-19 06:00:00,0.0
2025-11-19 06:15:00,0.0
2025-11-19 06:30:00,0.063
2025-11-19 06:45:00,5.985
2025-11-19 07:00:00,28.866
2025-11-19 07:15:00,63.017
2025-11-19 07:30:00,110.376
2025-11-19 07:45:00,164.795
2025-11-19 08:00:00,249.573
2025-11-19 08:15:00,286.414
2025-11-19 08:30:00,353.717
2025-11-19 08:45:00,440.571
2025-11-19 09:00:00,506.544
2025-11-19 09:15:00,558.087
2025-11-19 09:30:00,567.725
2025-11-19 09:45:00,491.511
2025-11-19 10:00:00,465.96
2025-11-19 10:15:00,443.125
2025-11-19 10:30:00,498.927
2025-11-19 10:45:00,479.841
2025-11-19 11:00:00,509.859
2025-11-19 11:15:00,553.013
2025-11-19 11:30:00,559.044
2025-11-19 11:45:00,593.887
2025-11-19 12:00:00,839.69
2025-11-19 12:15:00,780.351
2025-11-19 12:30:00,802.639
2025-11-19 12:45:00,750.096
2025-11-19 13:00:00,699.55
2025-11-19 13:15:00,663.004
2025-11-19 13:30:00,649.028
2025-11-19 13:45:00,527.688
2025-11-19 14:00:00,510.874
2025-11-19 14:15:00,461.718
2025-11-19 14:30:00,462.284
2025-11-19 14:45:00,438.712
2025-11-19 15:00:00,384.665
2025-11-19 15:15:00,333.242
2025-11-19 15:30:00,295.727
2025-11-19 15:45:00,209.02
2025-11-19 16:00:00,199.964
2025-11-19 16:15:00,196.771
2025-11-19 16:30:00,167.678
2025-11-19 16:45:00,118.935
2025-11-19 17:00:00,77.985
2025-11-19 17:15:00,42.087
2025-11-19 17:30:00,17.48
2025-11-19 17:45:00,4.238
2025-11-19 18:00:00,0.817
2025-11-19 18:15:00,0.045
2025-11-19 18:30:00,0.0
2025-11-19 18:45:00,0.0
2025-11-19 19:00:00,0.0
2025-11-19 19:15:00,0.0
2025-11-19 19:30:00,0.0
2025-11-19 19:45:00,0.0
2025-11-19 20:00:00,0.0
2025-11-19 20:15:00,0.0
2025-11-19 20:30:00,0.0
2025-11-19 20:45:00,0.0
2025-11-19 21:00:00,0.0
2025-11-19 21:15:00,0.0
2025-11-19 21:30:00,0.0
2025-11-19 21:45:00,0.0
2025-11-19 22:00:00,0.0
2025-11-19 22:15:00,0.0
2025-11-19 22:30:00,0.0
2025-11-19 22:45:00,0.0
2025-11-19 23:00:00,0.0
2025-11-19 23:15:00,0.0
2025-11-19 23:30:00,0.0
2025-11-19 23:45:00,0.0
2025-11-20 00:00:00,0.0
2025-11-20 00:15:00,0.0
2025-11-20 00:30:00,0.0
2025-11-20 00:45:00,0.0
2025-11-20 01:00:00,0.0
2025-11-20 01:15:00,0.0
2025-11-20 01:30:00,0.0
2025-11-20 01:45:00,0.0
2025-11-20 02:00:00,0.0
2025-11-20 02:15:00,0.0
2025-11-20 02:30:00,0.0
2025-11-20 02:45:00,0.0
2025-11-20 03:00:00,0.0
2025-11-20 03:15:00,0.0
2025-11-20 03:30:00,0.0
2025-11-20 03:45:00,0.0
2025-11-20 04:00:00,0.0
2025-11-20 04:15:00,0.0
2025-11-20 04:30:00,0.0
2025-11-20 04:45:00,0.0
2025-11-20 05:00:00,0.0
2025-11-20 05:15:00,0.0
2025-11-20 05:30:00,0.0
2025-11-20 05:45:00,0.0
2025-11-20 06:00:00,0.0
2025-11-20 06:15:00,0.0
2025-11-20 06:30:00,0.072
2025-11-20 06:45:00,5.09
2025-11-20 07:00:00,26.464
2025-11-20 07:15:00,54.177
2025-11-20 07:30:00,85.124
2025-11-20 07:45:00,129.132
2025-11-20 08:00:00,182.984
2025-11-20 08:15:00,239.53
2025-11-20 08:30:00,307.055
2025-11-20 08:45:00,357.42
2025-11-20 09:00:00,414.76
2025-11-20 09:15:00,479.832
2025-11-20 09:30:00,533.552
2025-11-20 09:45:00,610.943
2025-11-20 10:00:00,677.34
2025-11-20 10:15:00,692.075
2025-11-20 10:30:00,705.039
2025-11-20 10:45:00,755.714
2025-11-20 11:00:00,792.657
2025-11-20 11:15:00,816.97
2025-11-20 11:30:00,858.384
2025-11-20 11:45:00,846.135
2025-11-20 12:00:00,845.244
2025-11-20 12:15:00,878.046
2025-11-20 12:30:00,893.376
2025-11-20 12:45:00,862.537
2025-11-20 13:00:00,855.155
2025-11-20 13:15:00,822.297
2025-11-20 13:30:00,815.911
2025-11-20 13:45:00,805.465
2025-11-20 14:00:00,782.946
2025-11-20 14:15:00,707.854
2025-11-20 14:30:00,627.027
2025-11-20 14:45:00,590.293
2025-11-20 15:00:00,532.043
2025-11-20 15:15:00,470.273
2025-11-20 15:30:00,384.914
2025-11-20 15:45:00,300.04
2025-11-20 16:00:00,242.782
2025-11-20 16:15:00,194.518
2025-11-20 16:30:00,132.866
2025-11-20 16:45:00,100.123
2025-11-20 17:00:00,64.69
2025-11-20 17:15:00,36.119
2025-11-20 17:30:00,13.488
2025-11-20 17:45:00,2.225
2025-11-20 18:00:00,1.058
2025-11-20 18:15:00,0.355
2025-11-20 18:30:00,0.0
2025-11-20 18:45:00,0.0
2025-11-20 19:00:00,0.0
2025-11-20 19:15:00,0.0
2025-11-20 19:30:00,0.0
2025-11-20 19:45:00,0.0
2025-11-20 20:00:00,0.0
2025-11-20 20:15:00,0.0
2025-11-20 20:30:00,0.0
2025-11-20 20:45:00,0.0
2025-11-20 21:00:00,0.0
2025-11-20 21:15:00,0.0
2025-11-20 21:30:00,0.0
2025-11-20 21:45:00,0.0
2025-11-20 22:00:00,0.0
2025-11-20 22:15:00,0.0
2025-11-20 22:30:00,0.0
2025-11-20 22:45:00,0.0
2025-11-20 23:00:00,0.0
2025-11-20 23:15:00,0.0
2025-11-20 23:30:00,0.0
2025-11-20 23:45:00,0.0
2025-11-21 00:00:00,0.0
2025-11-21 00:15:00,0.0
2025-11-21 00:30:00,0.0
2025-11-21 00:45:00,0.0
2025-11-21 01:00:00,0.0
2025-11-21 01:15:00,0.0
2025-11-21 01:30:00,0.0
2025-11-21 01:45:00,0.0
2025-11-21 02:00:00,0.0
2025-11-21 02:15:00,0.0
2025-11-21 02:30:00,0.0
2025-11-21 02:45:00,0.0
2025-11-21 03:00:00,0.0
2025-11-21 03:15:00,0.0
2025-11-21 03:30:00,0.0
2025-11-21 03:45:00,0.0
2025-11-21 04:00:00,0.0
2025-11-21 04:15:00,0.0
2025-11-21 04:30:00,0.0
2025-11-21 04:45:00,0.0
2025-11-21 05:00:00,0.0
2025-11-21 05:15:00,0.0
2025-11-21 05:30:00,0.0
2025-11-21 05:45:00,0.0
2025-11-21 06:00:00,0.0
2025-11-21 06:15:00,0.0
2025-11-21 06:30:00,0.108
2025-11-21 06:45:00,5.071
2025-11-21 07:00:00,30.198
2025-11-21 07:15:00,66.627
2025-11-21 07:30:00,112.717
2025-11-21 07:45:00,168.117
2025-11-21 08:00:00,232.419
2025-11-21 08:15:00,286.895
2025-11-21 08:30:00,332.846
2025-11-21 08:45:00,398.286
2025-11-21 09:00:00,444.31
2025-11-21 09:15:00,531.964
2025-11-21 09:30:00,560.949
2025-11-21 09:45:00,680.433
2025-11-21 10:00:00,789.067
2025-11-21 10:15:00,767.066
2025-11-21 10:30:00,800.369
2025-11-21 10:45:00,674.019
2025-11-21 11:00:00,654.563
2025-11-21 11:15:00,652.973
2025-11-21 11:30:00,598.169
2025-11-21 11:45:00,628.784
2025-11-21 12:00:00,722.054
2025-11-21 12:15:00,753.113
2025-11-21 12:30:00,834.27
2025-11-21 12:45:00,709.373
2025-11-21 13:00:00,787.656
2025-11-21 13:15:00,712.122
2025-11-21 13:30:00,668.148
2025-11-21 13:45:00,607.019
2025-11-21 14:00:00,494.745
2025-11-21 14:15:00,485.318
2025-11-21 14:30:00,473.588
2025-11-21 14:45:00,544.955
2025-11-21 15:00:00,583.08
2025-11-21 15:15:00,513.51
2025-11-21 15:30:00,432.903
2025-11-21 15:45:00,363.158
2025-11-21 16:00:00,292.926
2025-11-21 16:15:00,231.015
2025-11-21 16:30:00,171.94
2025-11-21 16:45:00,131.943
2025-11-21 17:00:00,79.387
2025-11-21 17:15:00,43.562
2025-11-21 17:30:00,17.038
2025-11-21 17:45:00,2.023
2025-11-21 18:00:00,0.683
2025-11-21 18:15:00,0.188
2025-11-21 18:30:00,0.0
2025-11-21 18:45:00,0.0
2025-11-21 19:00:00,0.0
2025-11-21 19:15:00,0.0
2025-11-21 19:30:00,0.0
2025-11-21 19:45:00,0.0
2025-11-21 20:00:00,0.0
2025-11-21 20:15:00,0.0
2025-11-21 20:30:00,0.0
2025-11-21 20:45:00,0.0
2025-11-21 21:00:00,0.0
2025-11-21 21:15:00,0.0
2025-11-21 21:30:00,0.0
2025-11-21 21:45:00,0.0
2025-11-21 22:00:00,0.0
2025-11-21 22:15:00,0.0
2025-11-21 22:30:00,0.0
2025-11-21 22:45:00,0.0
2025-11-21 23:00:00,0.0
2025-11-21 23:15:00,0.0
2025-11-21 23:30:00,0.0
2025-11-21 23:45:00,0.0
2025-11-22 00:00:00,0.0
2025-11-22 00:15:00,0.0
2025-11-22 00:30:00,0.0
2025-11-22 00:45:00,0.0
2025-11-22 01:00:00,0.0
2025-11-22 01:15:00,0.0
2025-11-22 01:30:00,0.0
2025-11-22 01:45:00,0.0
2025-11-22 02:00:00,0.0
2025-11-22 02:15:00,0.0
2025-11-22 02:30:00,0.0
2025-11-22 02:45:00,0.0
2025-11-22 03:00:00,0.0
2025-11-22 03:15:00,0.0
2025-11-22 03:30:00,0.0
2025-11-22 03:45:00,0.0
2025-11-22 04:00:00,0.0
2025-11-22 04:15:00,0.0
2025-11-22 04:30:00,0.0
2025-11-22 04:45:00,0.0
2025-11-22 05:00:00,0.0
2025-11-22 05:15:00,0.0
2025-11-22 05:30:00,0.0
2025-11-22 05:45:00,0.0
2025-11-22 06:00:00,0.0
2025-11-22 06:15:00,0.0
2025-11-22 06:30:00,0.11
2025-11-22 06:45:00,3.97
2025-11-22 07:00:00,26.448
2025-11-22 07:15:00,62.937
2025-11-22 07:30:00,106.809
2025-11-22 07:45:00,163.058
2025-11-22 08:00:00,235.885
2025-11-22 08:15:00,307.464
2025-11-22 08:30:00,373.326
2025-11-22 08:45:00,458.772
2025-11-22 09:00:00,534.357
2025-11-22 09:15:00,614.145
2025-11-22 09:30:00,690.607
2025-11-22 09:45:00,773.285
2025-11-22 10:00:00,829.259
2025-11-22 10:15:00,774.336
2025-11-22 10:30:00,808.172
2025-11-22 10:45:00,650.085
2025-11-22 11:00:00,792.424
2025-11-22 11:15:00,841.331
2025-11-22 11:30:00,1001.629
2025-11-22 11:45:00,979.833
2025-11-22 12:00:00,966.628
2025-11-22 12:15:00,966.267
2025-11-22 12:30:00,984.689
2025-11-22 12:45:00,982.401
2025-11-22 13:00:00,951.483
2025-11-22 13:15:00,947.956
2025-11-22 13:30:00,915.299
2025-11-22 13:45:00,820.996
2025-11-22 14:00:00,835.209
2025-11-22 14:15:00,778.447
2025-11-22 14:30:00,661.601
2025-11-22 14:45:00,636.202
2025-11-22 15:00:00,592.344
2025-11-22 15:15:00,520.419
2025-11-22 15:30:00,447.104
2025-11-22 15:45:00,360.431
2025-11-22 16:00:00,305.913
2025-11-22 16:15:00,236.982
2025-11-22 16:30:00,179.792
2025-11-22 16:45:00,127.461
2025-11-22 17:00:00,81.006
2025-11-22 17:15:00,40.83
2025-11-22 17:30:00,12.579
2025-11-22 17:45:00,1.625
2025-11-22 18:00:00,0.65
2025-11-22 18:15:00,0.248
2025-11-22 18:30:00,0.0
2025-11-22 18:45:00,0.0
2025-11-22 19:00:00,0.0
2025-11-22 19:15:00,0.0
2025-11-22 19:30:00,0.0
2025-11-22 19:45:00,0.0
2025-11-22 20:00:00,0.0
2025-11-22 20:15:00,0.0
2025-11-22 20:30:00,0.0
2025-11-22 20:45:00,0.0
2025-11-22 21:00:00,0.0
2025-11-22 21:15:00,0.0
2025-11-22 21:30:00,0.0
2025-11-22 21:45:00,0.0
2025-11-22 22:00:00,0.0
2025-11-22 22:15:00,0.0
2025-11-22 22:30:00,0.0
2025-11-22 22:45:00,0.0
2025-11-22 23:00:00,0.0
2025-11-22 23:15:00,0.0
2025-11-22 23:30:00,0.0
2025-11-22 23:45:00,0.0
2025-11-23 00:00:00,0.0
2025-11-23 00:15:00,0.0
2025-11-23 00:30:00,0.0
2025-11-23 00:45:00,0.0
2025-11-23 01:00:00,0.0
2025-11-23 01:15:00,0.0
2025-11-23 01:30:00,0.0
2025-11-23 01:45:00,0.0
2025-11-23 02:00:00,0.0
2025-11-23 02:15:00,0.0
2025-11-23 02:30:00,0.0
2025-11-23 02:45:00,0.0
2025-11-23 03:00:00,0.0
2025-11-23 03:15:00,0.0
2025-11-23 03:30:00,0.0
2025-11-23 03:45:00,0.0
2025-11-23 04:00:00,0.0
2025-11-23 04:15:00,0.0
2025-11-23 04:30:00,0.0
2025-11-23 04:45:00,0.0
2025-11-23 05:00:00,0.0
2025-11-23 05:15:00,0.0
2025-11-23 05:30:00,0.0
2025-11-23 05:45:00,0.0
2025-11-23 06:00:00,0.0
2025-11-23 06:15:00,0.0
2025-11-23 06:30:00,0.06
2025-11-23 06:45:00,1.545
2025-11-23 07:00:00,19.997
2025-11-23 07:15:00,44.183
2025-11-23 07:30:00,72.159
2025-11-23 07:45:00,105.339
2025-11-23 08:00:00,163.815
2025-11-23 08:15:00,204.49
2025-11-23 08:30:00,256.111
2025-11-23 08:45:00,306.525
2025-11-23 09:00:00,342.145
2025-11-23 09:15:00,398.956
2025-11-23 09:30:00,450.166
2025-11-23 09:45:00,530.467
2025-11-23 10:00:00,559.056
2025-11-23 10:15:00,613.91
2025-11-23 10:30:00,628.595
2025-11-23 10:45:00,652.101
2025-11-23 11:00:00,690.858
2025-11-23 11:15:00,708.126
2025-11-23 11:30:00,734.166
2025-11-23 11:45:00,748.831
2025-11-23 12:00:00,739.29
2025-11-23 12:15:00,749.156
2025-11-23 12:30:00,742.916
2025-11-23 12:45:00,726.541
2025-11-23 13:00:00,682.086
2025-11-23 13:15:00,656.641
2025-11-23 13:30:00,629.201
2025-11-23 13:45:00,586.031
2025-11-23 14:00:00,569.274
2025-11-23 14:15:00,523.754
2025-11-23 14:30:00,482.699
2025-11-23 14:45:00,431.766
2025-11-23 15:00:00,400.116
2025-11-23 15:15:00,345.467
2025-11-23 15:30:00,289.622
2025-11-23 15:45:00,258.103
2025-11-23 16:00:00,212.657
2025-11-23 16:15:00,162.394
2025-11-23 16:30:00,121.037
2025-11-23 16:45:00,86.297
2025-11-23 17:00:00,54.944
2025-11-23 17:15:00,30.427
2025-11-23 17:30:00,8.042
2025-11-23 17:45:00,0.743
2025-11-23 18:00:00,0.233
2025-11-23 18:15:00,0.112
2025-11-23 18:30:00,0.0
2025-11-23 18:45:00,0.0
2025-11-23 19:00:00,0.0
2025-11-23 19:15:00,0.0
2025-11-23 19:30:00,0.0
2025-11-23 19:45:00,0.0
2025-11-23 20:00:00,0.0
2025-11-23 20:15:00,0.0
2025-11-23 20:30:00,0.0
2025-11-23 20:45:00,0.0
2025-11-23 21:00:00,0.0
2025-11-23 21:15:00,0.0
2025-11-23 21:30:00,0.0
2025-11-23 21:45:00,0.0
2025-11-23 22:00:00,0.0
2025-11-23 22:15:00,0.0
2025-11-23 22:30:00,0.0
2025-11-23 22:45:00,0.0
2025-11-23 23:00:00,0.0
2025-11-23 23:15:00,0.0
2025-11-23 23:30:00,0.0
2025-11-23 23:45:00,0.0
2025-11-24 00:00:00,0.0
2025-11-24 00:15:00,0.0
2025-11-24 00:30:00,0.0
2025-11-24 00:45:00,0.0
2025-11-24 01:00:00,0.0
2025-11-24 01:15:00,0.0
2025-11-24 01:30:00,0.0
2025-11-24 01:45:00,0.0
2025-11-24 02:00:00,0.0
2025-11-24 02:15:00,0.0
2025-11-24 02:30:00,0.0
2025-11-24 02:45:00,0.0
2025-11-24 03:00:00,0.0
2025-11-24 03:15:00,0.0
2025-11-24 03:30:00,0.0
2025-11-24 03:45:00,0.0
2025-11-24 04:00:00,0.0
2025-11-24 04:15:00,0.0
2025-11-24 04:30:00,0.0
2025-11-24 04:45:00,0.0
2025-11-24 05:00:00,0.0
2025-11-24 05:15:00,0.0
2025-11-24 05:30:00,0.0
2025-11-24 05:45:00,0.0
2025-11-24 06:00:00,0.0
2025-11-24 06:15:00,0.0
2025-11-24 06:30:00,0.063
2025-11-24 06:45:00,1.545
2025-11-24 07:00:00,19.615
2025-11-24 07:15:00,50.541
2025-11-24 07:30:00,85.792
2025-11-24 07:45:00,129.712
2025-11-24 08:00:00,188.354
2025-11-24 08:15:00,242.618
2025-11-24 08:30:00,302.371
2025-11-24 08:45:00,368.128
2025-11-24 09:00:00,428.46
2025-11-24 09:15:00,484.576
2025-11-24 09:30:00,551.181
2025-11-24 09:45:00,614.938
2025-11-24 10:00:00,654.743
2025-11-24 10:15:00,719.415
2025-11-24 10:30:00,780.512
2025-11-24 10:45:00,763.12
2025-11-24 11:00:00,719.179
2025-11-24 11:15:00,856.775
2025-11-24 11:30:00,918.545
2025-11-24 11:45:00,807.844
2025-11-24 12:00:00,956.151
2025-11-24 12:15:00,936.092
2025-11-24 12:30:00,932.924
2025-11-24 12:45:00,928.523
2025-11-24 13:00:00,873.019
2025-11-24 13:15:00,784.149
2025-11-24 13:30:00,686.899
2025-11-24 13:45:00,533.796
2025-11-24 14:00:00,448.696
2025-11-24 14:15:00,465.89
2025-11-24 14:30:00,515.143
2025-11-24 14:45:00,606.114
2025-11-24 15:00:00,536.237
2025-11-24 15:15:00,462.372
2025-11-24 15:30:00,391.162
2025-11-24 15:45:00,330.751
2025-11-24 16:00:00,257.665
2025-11-24 16:15:00,206.837
2025-11-24 16:30:00,162.638
2025-11-24 16:45:00,116.25
2025-11-24 17:00:00,72.427
2025-11-24 17:15:00,36.221
2025-11-24 17:30:00,13.799
2025-11-24 17:45:00,1.95
2025-11-24 18:00:00,0.78
2025-11-24 18:15:00,0.282
2025-11-24 18:30:00,0.002
2025-11-24 18:45:00,0.0
2025-11-24 19:00:00,0.0
2025-11-24 19:15:00,0.0
2025-11-24 19:30:00,0.0
2025-11-24 19:45:00,0.0
2025-11-24 20:00:00,0.0
2025-11-24 20:15:00,0.0
2025-11-24 20:30:00,0.0
2025-11-24 20:45:00,0.0
2025-11-24 21:00:00,0.0
2025-11-24 21:15:00,0.0
2025-11-24 21:30:00,0.0
2025-11-24 21:45:00,0.0
2025-11-24 22:00:00,0.0
2025-11-24 22:15:00,0.0
2025-11-24 22:30:00,0.0
2025-11-24 22:45:00,0.0
2025-11-24 23:00:00,0.0
2025-11-24 23:15:00,0.0
2025-11-24 23:30:00,0.0
2025-11-24 23:45:00,0.0
2025-11-25 00:00:00,0.0
2025-11-25 00:15:00,0.0
2025-11-25 00:30:00,0.0
2025-11-25 00:45:00,0.0
2025-11-25 01:00:00,0.0
2025-11-25 01:15:00,0.0
2025-11-25 01:30:00,0.0
2025-11-25 01:45:00,0.0
2025-11-25 02:00:00,0.0
2025-11-25 02:15:00,0.0
2025-11-25 02:30:00,0.0
2025-11-25 02:45:00,0.0
2025-11-25 03:00:00,0.0
2025-11-25 03:15:00,0.0
2025-11-25 03:30:00,0.0
2025-11-25 03:45:00,0.0
2025-11-25 04:00:00,0.0
2025-11-25 04:15:00,0.0
2025-11-25 04:30:00,0.0
2025-11-25 04:45:00,0.0
2025-11-25 05:00:00,0.0
2025-11-25 05:15:00,0.0
2025-11-25 05:30:00,0.0
2025-11-25 05:45:00,0.0
2025-11-25 06:00:00,0.025
2025-11-25 06:15:00,0.097
2025-11-25 06:30:00,0.347
2025-11-25 06:45:00,2.102
2025-11-25 07:00:00,32.573
2025-11-25 07:15:00,71.111
2025-11-25 07:30:00,116.924
2025-11-25 07:45:00,178.414
2025-11-25 08:00:00,235.433
2025-11-25 08:15:00,294.881
2025-11-25 08:30:00,369.36
2025-11-25 08:45:00,433.594
2025-11-25 09:00:00,458.574
2025-11-25 09:15:00,466.021
2025-11-25 09:30:00,392.279
2025-11-25 09:45:00,401.757
2025-11-25 10:00:00,581.404
2025-11-25 10:15:00,606.495
2025-11-25 10:30:00,631.666
2025-11-25 10:45:00,572.666
2025-11-25 11:00:00,736.698
2025-11-25 11:15:00,703.135
2025-11-25 11:30:00,708.164
2025-11-25 11:45:00,633.66
2025-11-25 12:00:00,967.489
2025-11-25 12:15:00,944.166
2025-11-25 12:30:00,986.84
2025-11-25 12:45:00,828.15
2025-11-25 13:00:00,761.387
2025-11-25 13:15:00,652.307
2025-11-25 13:30:00,587.038
2025-11-25 13:45:00,508.232
2025-11-25 14:00:00,468.45
2025-11-25 14:15:00,462.88
2025-11-25 14:30:00,517.138
2025-11-25 14:45:00,543.522
2025-11-25 15:00:00,591.259
2025-11-25 15:15:00,515.735
2025-11-25 15:30:00,432.872
2025-11-25 15:45:00,362.726
2025-11-25 16:00:00,297.799
2025-11-25 16:15:00,253.824
2025-11-25 16:30:00,196.399
2025-11-25 16:45:00,131.207
2025-11-25 17:00:00,81.637
2025-11-25 17:15:00,43.086
2025-11-25 17:30:00,15.383
2025-11-25 17:45:00,2.425
2025-11-25 18:00:00,0.855
2025-11-25 18:15:00,0.403
2025-11-25 18:30:00,0.043
2025-11-25 18:45:00,0.0
2025-11-25 19:00:00,0.0
2025-11-25 19:15:00,0.0
2025-11-25 19:30:00,0.0
2025-11-25 19:45:00,0.0
2025-11-25 20:00:00,0.0
2025-11-25 20:15:00,0.0
2025-11-25 20:30:00,0.0
2025-11-25 20:45:00,0.0
2025-11-25 21:00:00,0.0
2025-11-25 21:15:00,0.0
2025-11-25 21:30:00,0.0
2025-11-25 21:45:00,0.0
2025-11-25 22:00:00,0.0
2025-11-25 22:15:00,0.0
2025-11-25 22:30:00,0.0
2025-11-25 22:45:00,0.0
2025-11-25 23:00:00,0.0
2025-11-25 23:15:00,0.0
2025-11-25 23:30:00,0.0
2025-11-25 23:45:00,0.0
2025-11-26 00:00:00,0.0
2025-11-26 00:15:00,0.0
2025-11-26 00:30:00,0.0
2025-11-26 00:45:00,0.0
2025-11-26 01:00:00,0.0
2025-11-26 01:15:00,0.0
2025-11-26 01:30:00,0.0
2025-11-26 01:45:00,0.0
2025-11-26 02:00:00,0.0
2025-11-26 02:15:00,0.0
2025-11-26 02:30:00,0.0
2025-11-26 02:45:00,0.0
2025-11-26 03:00:00,0.0
2025-11-26 03:15:00,0.0
2025-11-26 03:30:00,0.0
2025-11-26 03:45:00,0.0
2025-11-26 04:00:00,0.0
2025-11-26 04:15:00,0.0
2025-11-26 04:30:00,0.0
2025-11-26 04:45:00,0.0
2025-11-26 05:00:00,0.0
2025-11-26 05:15:00,0.0
2025-11-26 05:30:00,0.0
2025-11-26 05:45:00,0.0
2025-11-26 06:00:00,0.025
2025-11-26 06:15:00,0.09
2025-11-26 06:30:00,0.325
2025-11-26 06:45:00,1.685
2025-11-26 07:00:00,26.9
2025-11-26 07:15:00,69.79
2025-11-26 07:30:00,116.341
2025-11-26 07:45:00,179.58
2025-11-26 08:00:00,245.844
2025-11-26 08:15:00,342.833
2025-11-26 08:30:00,433.831
2025-11-26 08:45:00,520.087
2025-11-26 09:00:00,603.29
2025-11-26 09:15:00,699.95
2025-11-26 09:30:00,698.079
2025-11-26 09:45:00,713.403
2025-11-26 10:00:00,917.571
2025-11-26 10:15:00,922.273
2025-11-26 10:30:00,1030.014
2025-11-26 10:45:00,921.912
2025-11-26 11:00:00,1038.196
2025-11-26 11:15:00,999.033
2025-11-26 11:30:00,1110.964
2025-11-26 11:45:00,1097.125
2025-11-26 12:00:00,1123.11
2025-11-26 12:15:00,1115.551
2025-11-26 12:30:00,1106.701
2025-11-26 12:45:00,1089.792
2025-11-26 13:00:00,1080.175
2025-11-26 13:15:00,1054.694
2025-11-26 13:30:00,1021.776
2025-11-26 13:45:00,968.651
2025-11-26 14:00:00,895.829
2025-11-26 14:15:00,811.756
2025-11-26 14:30:00,790.61
2025-11-26 14:45:00,751.059
2025-11-26 15:00:00,669.484
2025-11-26 15:15:00,589.152
2025-11-26 15:30:00,498.392
2025-11-26 15:45:00,421.278
2025-11-26 16:00:00,345.445
2025-11-26 16:15:00,263.658
2025-11-26 16:30:00,198.81
2025-11-26 16:45:00,140.76
2025-11-26 17:00:00,87.558
2025-11-26 17:15:00,39.742
2025-11-26 17:30:00,13.637
2025-11-26 17:45:00,2.245
2025-11-26 18:00:00,0.835
2025-11-26 18:15:00,0.313
2025-11-26 18:30:00,0.032
2025-11-26 18:45:00,0.0
2025-11-26 19:00:00,0.0
2025-11-26 19:15:00,0.0
2025-11-26 19:30:00,0.0
2025-11-26 19:45:00,0.0
2025-11-26 20:00:00,0.0
2025-11-26 20:15:00,0.0
2025-11-26 20:30:00,0.0
2025-11-26 20:45:00,0.0
2025-11-26 21:00:00,0.0
2025-11-26 21:15:00,0.0
2025-11-26 21:30:00,0.0
2025-11-26 21:45:00,0.0
2025-11-26 22:00:00,0.0
2025-11-26 22:15:00,0.0
2025-11-26 22:30:00,0.0
2025-11-26 22:45:00,0.0
2025-11-26 23:00:00,0.0
2025-11-26 23:15:00,0.0
2025-11-26 23:30:00,0.0
2025-11-26 23:45:00,0.0
2025-11-27 00:00:00,0.0
2025-11-27 00:15:00,0.0
2025-11-27 00:30:00,0.0
2025-11-27 00:45:00,0.0
2025-11-27 01:00:00,0.0
2025-11-27 01:15:00,0.0
2025-11-27 01:30:00,0.0
2025-11-27 01:45:00,0.0
2025-11-27 02:00:00,0.0
2025-11-27 02:15:00,0.0
2025-11-27 02:30:00,0.0
2025-11-27 02:45:00,0.0
2025-11-27 03:00:00,0.0
2025-11-27 03:15:00,0.0
2025-11-27 03:30:00,0.0
2025-11-27 03:45:00,0.0
2025-11-27 04:00:00,0.0
2025-11-27 04:15:00,0.0
2025-11-27 04:30:00,0.0
2025-11-27 04:45:00,0.0
2025-11-27 05:00:00,0.0
2025-11-27 05:15:00,0.0
2025-11-27 05:30:00,0.0
2025-11-27 05:45:00,0.0
2025-11-27 06:00:00,0.025
2025-11-27 06:15:00,0.09
2025-11-27 06:30:00,0.308
2025-11-27 06:45:00,1.625
2025-11-27 07:00:00,29.697
2025-11-27 07:15:00,70.046
2025-11-27 07:30:00,112.999
2025-11-27 07:45:00,168.465
2025-11-27 08:00:00,225.404
2025-11-27 08:15:00,289.871
2025-11-27 08:30:00,358.743
2025-11-27 08:45:00,442.177
2025-11-27 09:00:00,554.021
2025-11-27 09:15:00,601.233
2025-11-27 09:30:00,646.065
2025-11-27 09:45:00,596.698
2025-11-27 10:00:00,659.102
2025-11-27 10:15:00,705.546
2025-11-27 10:30:00,710.78
2025-11-27 10:45:00,680.442
2025-11-27 11:00:00,708.075
2025-11-27 11:15:00,720.639
2025-11-27 11:30:00,677.612
2025-11-27 11:45:00,658.221
2025-11-27 12:00:00,786.892
2025-11-27 12:15:00,764.485
2025-11-27 12:30:00,762.245
2025-11-27 12:45:00,687.142
2025-11-27 13:00:00,661.123
2025-11-27 13:15:00,610.587
2025-11-27 13:30:00,607.489
2025-11-27 13:45:00,549.259
2025-11-27 14:00:00,499.258
2025-11-27 14:15:00,501.68
2025-11-27 14:30:00,544.976
2025-11-27 14:45:00,535.179
2025-11-27 15:00:00,537.075
2025-11-27 15:15:00,464.015
2025-11-27 15:30:00,411.062
2025-11-27 15:45:00,346.428
2025-11-27 16:00:00,276.884
2025-11-27 16:15:00,229.044
2025-11-27 16:30:00,174.414
2025-11-27 16:45:00,118.238
2025-11-27 17:00:00,74.733
2025-11-27 17:15:00,39.996
2025-11-27 17:30:00,12.857
2025-11-27 17:45:00,2.01
2025-11-27 18:00:00,0.748
2025-11-27 18:15:00,0.29
2025-11-27 18:30:00,0.0
2025-11-27 18:45:00,0.0
2025-11-27 19:00:00,0.0
2025-11-27 19:15:00,0.0
2025-11-27 19:30:00,0.0
2025-11-27 19:45:00,0.0
2025-11-27 20:00:00,0.0
2025-11-27 20:15:00,0.0
2025-11-27 20:30:00,0.0
2025-11-27 20:45:00,0.0
2025-11-27 21:00:00,0.0
2025-11-27 21:15:00,0.0
2025-11-27 21:30:00,0.0
2025-11-27 21:45:00,0.0
2025-11-27 22:00:00,0.0
2025-11-27 22:15:00,0.0
2025-11-27 22:30:00,0.0
2025-11-27 22:45:00,0.0
2025-11-27 23:00:00,0.0
2025-11-27 23:15:00,0.0
2025-11-27 23:30:00,0.0
2025-11-27 23:45:00,0.0
2025-11-28 00:00:00,0.0
2025-11-28 00:15:00,0.0
2025-11-28 00:30:00,0.0
2025-11-28 00:45:00,0.0
2025-11-28 01:00:00,0.0
2025-11-28 01:15:00,0.0
2025-11-28 01:30:00,0.0
2025-11-28 01:45:00,0.0
2025-11-28 02:00:00,0.0
2025-11-28 02:15:00,0.0
2025-11-28 02:30:00,0.0
2025-11-28 02:45:00,0.0
2025-11-28 03:00:00,0.0
2025-11-28 03:15:00,0.0
2025-11-28 03:30:00,0.0
2025-11-28 03:45:00,0.0
2025-11-28 04:00:00,0.0
2025-11-28 04:15:00,0.0
2025-11-28 04:30:00,0.0
2025-11-28 04:45:00,0.0
2025-11-28 05:00:00,0.0
2025-11-28 05:15:00,0.0
2025-11-28 05:30:00,0.0
2025-11-28 05:45:00,0.0
2025-11-28 06:00:00,0.0
2025-11-28 06:15:00,0.025
2025-11-28 06:30:00,0.075
2025-11-28 06:45:00,5.907
2025-11-28 07:00:00,34.721
2025-11-28 07:15:00,73.423
2025-11-28 07:30:00,120.104
2025-11-28 07:45:00,181.74
2025-11-28 08:00:00,244.916
2025-11-28 08:15:00,320.497
2025-11-28 08:30:00,402.334
2025-11-28 08:45:00,498.624
2025-11-28 09:00:00,578.893
2025-11-28 09:15:00,678.643
2025-11-28 09:30:00,748.587
2025-11-28 09:45:00,811.723
2025-11-28 10:00:00,879.795
2025-11-28 10:15:00,935.16
2025-11-28 10:30:00,979.271
2025-11-28 10:45:00,1010.984
2025-11-28 11:00:00,1027.631
2025-11-28 11:15:00,1050.044
2025-11-28 11:30:00,1082.842
2025-11-28 11:45:00,1096.77
2025-11-28 12:00:00,1099.088
2025-11-28 12:15:00,1085.687
2025-11-28 12:30:00,1069.765
2025-11-28 12:45:00,1060.205
2025-11-28 13:00:00,1057.59
2025-11-28 13:15:00,1028.624
2025-11-28 13:30:00,998.633
2025-11-28 13:45:00,919.672
2025-11-28 14:00:00,868.286
2025-11-28 14:15:00,797.081
2025-11-28 14:30:00,807.129
2025-11-28 14:45:00,736.442
2025-11-28 15:00:00,656.322
2025-11-28 15:15:00,567.186
2025-11-28 15:30:00,492.078
2025-11-28 15:45:00,413.566
2025-11-28 16:00:00,334.631
2025-11-28 16:15:00,251.622
2025-11-28 16:30:00,185.542
2025-11-28 16:45:00,125.399
2025-11-28 17:00:00,77.385
2025-11-28 17:15:00,37.065
2025-11-28 17:30:00,11.805
2025-11-28 17:45:00,2.138
2025-11-28 18:00:00,0.81
2025-11-28 18:15:00,0.275
2025-11-28 18:30:00,0.002
2025-11-28 18:45:00,0.0
2025-11-28 19:00:00,0.0
2025-11-28 19:15:00,0.0
2025-11-28 19:30:00,0.0
2025-11-28 19:45:00,0.0
2025-11-28 20:00:00,0.0
2025-11-28 20:15:00,0.0
2025-11-28 20:30:00,0.0
2025-11-28 20:45:00,0.0
2025-11-28 21:00:00,0.0
2025-11-28 21:15:00,0.0
2025-11-28 21:30:00,0.0
2025-11-28 21:45:00,0.0
2025-11-28 22:00:00,0.0
2025-11-28 22:15:00,0.0
2025-11-28 22:30:00,0.0
2025-11-28 22:45:00,0.0
2025-11-28 23:00:00,0.0
2025-11-28 23:15:00,0.0
2025-11-28 23:30:00,0.0
2025-11-28 23:45:00,0.0
2025-11-29 00:00:00,0.0
2025-11-29 00:15:00,0.0
2025-11-29 00:30:00,0.0
2025-11-29 00:45:00,0.0
2025-11-29 01:00:00,0.0
2025-11-29 01:15:00,0.0
2025-11-29 01:30:00,0.0
2025-11-29 01:45:00,0.0
2025-11-29 02:00:00,0.0
2025-11-29 02:15:00,0.0
2025-11-29 02:30:00,0.0
2025-11-29 02:45:00,0.0
2025-11-29 03:00:00,0.0
2025-11-29 03:15:00,0.0
2025-11-29 03:30:00,0.0
2025-11-29 03:45:00,0.0
2025-11-29 04:00:00,0.0
2025-11-29 04:15:00,0.0
2025-11-29 04:30:00,0.0
2025-11-29 04:45:00,0.0
2025-11-29 05:00:00,0.0
2025-11-29 05:15:00,0.0
2025-11-29 05:30:00,0.0
2025-11-29 05:45:00,0.0
2025-11-29 06:00:00,0.0
2025-11-29 06:15:00,0.025
2025-11-29 06:30:00,0.072
2025-11-29 06:45:00,1.08
2025-11-29 07:00:00,24.655
2025-11-29 07:15:00,67.212
2025-11-29 07:30:00,111.985
2025-11-29 07:45:00,173.131
2025-11-29 08:00:00,235.554
2025-11-29 08:15:00,317.87
2025-11-29 08:30:00,397.613
2025-11-29 08:45:00,489.646
2025-11-29 09:00:00,567.088
2025-11-29 09:15:00,661.664
2025-11-29 09:30:00,728.712
2025-11-29 09:45:00,764.694
2025-11-29 10:00:00,775.92
2025-11-29 10:15:00,683.468
2025-11-29 10:30:00,717.436
2025-11-29 10:45:00,700.389
2025-11-29 11:00:00,722.215
2025-11-29 11:15:00,651.572
2025-11-29 11:30:00,765.532
2025-11-29 11:45:00,649.383
2025-11-29 12:00:00,1019.958
2025-11-29 12:15:00,1010.25
2025-11-29 12:30:00,998.39
2025-11-29 12:45:00,981.706
2025-11-29 13:00:00,969.905
2025-11-29 13:15:00,884.412
2025-11-29 13:30:00,829.898
2025-11-29 13:45:00,659.07
2025-11-29 14:00:00,608.707
2025-11-29 14:15:00,598.249
2025-11-29 14:30:00,632.328
2025-11-29 14:45:00,677.365
2025-11-29 15:00:00,610.316
2025-11-29 15:15:00,530.305
2025-11-29 15:30:00,453.036
2025-11-29 15:45:00,388.856
2025-11-29 16:00:00,321.894
2025-11-29 16:15:00,248.55
2025-11-29 16:30:00,184.382
2025-11-29 16:45:00,126.455
2025-11-29 17:00:00,79.433
2025-11-29 17:15:00,38.036
2025-11-29 17:30:00,11.92
2025-11-29 17:45:00,1.857
2025-11-29 18:00:00,0.683
2025-11-29 18:15:00,0.198
2025-11-29 18:30:00,0.0
2025-11-29 18:45:00,0.0
2025-11-29 19:00:00,0.0
2025-11-29 19:15:00,0.0
2025-11-29 19:30:00,0.0
2025-11-29 19:45:00,0.0
2025-11-29 20:00:00,0.0
2025-11-29 20:15:00,0.0
2025-11-29 20:30:00,0.0
2025-11-29 20:45:00,0.0
2025-11-29 21:00:00,0.0
2025-11-29 21:15:00,0.0
2025-11-29 21:30:00,0.0
2025-11-29 21:45:00,0.0
2025-11-29 22:00:00,0.0
2025-11-29 22:15:00,0.0
2025-11-29 22:30:00,0.0
2025-11-29 22:45:00,0.0
2025-11-29 23:00:00,0.0
2025-11-29 23:15:00,0.0
2025-11-29 23:30:00,0.0
2025-11-29 23:45:00,0.0
2025-11-30 00:00:00,0.0
2025-11-30 00:15:00,0.0
2025-11-30 00:30:00,0.0
2025-11-30 00:45:00,0.0
2025-11-30 01:00:00,0.0
2025-11-30 01:15:00,0.0
2025-11-30 01:30:00,0.0
2025-11-30 01:45:00,0.0
2025-11-30 02:00:00,0.0
2025-11-30 02:15:00,0.0
2025-11-30 02:30:00,0.0
2025-11-30 02:45:00,0.0
2025-11-30 03:00:00,0.0
2025-11-30 03:15:00,0.0
2025-11-30 03:30:00,0.0
2025-11-30 03:45:00,0.0
2025-11-30 04:00:00,0.0
2025-11-30 04:15:00,0.0
2025-11-30 04:30:00,0.0
2025-11-30 04:45:00,0.0
2025-11-30 05:00:00,0.0
2025-11-30 05:15:00,0.0
2025-11-30 05:30:00,0.0
2025-11-30 05:45:00,0.0
2025-11-30 06:00:00,0.0
2025-11-30 06:15:00,0.0
2025-11-30 06:30:00,0.032
2025-11-30 06:45:00,0.75
2025-11-30 07:00:00,21.496
2025-11-30 07:15:00,60.214
2025-11-30 07:30:00,103.219
2025-11-30 07:45:00,160.646
2025-11-30 08:00:00,222.192
2025-11-30 08:15:00,295.897
2025-11-30 08:30:00,367.043
2025-11-30 08:45:00,456.485
2025-11-30 09:00:00,510.687
2025-11-30 09:15:00,494.653
2025-11-30 09:30:00,521.662
2025-11-30 09:45:00,564.552
2025-11-30 10:00:00,778.435
2025-11-30 10:15:00,730.841
2025-11-30 10:30:00,787.936
2025-11-30 10:45:00,647.109
2025-11-30 11:00:00,609.092
2025-11-30 11:15:00,505.109
2025-11-30 11:30:00,674.953
2025-11-30 11:45:00,687.677
2025-11-30 12:00:00,914.175
2025-11-30 12:15:00,910.104
2025-11-30 12:30:00,924.446
2025-11-30 12:45:00,825.247
2025-11-30 13:00:00,805.649
2025-11-30 13:15:00,739.655
2025-11-30 13:30:00,636.297
2025-11-30 13:45:00,431.043
2025-11-30 14:00:00,407.512
2025-11-30 14:15:00,420.206
2025-11-30 14:30:00,557.991
2025-11-30 14:45:00,550.69
2025-11-30 15:00:00,531.063
2025-11-30 15:15:00,458.073
2025-11-30 15:30:00,391.196
2025-11-30 15:45:00,328.675
2025-11-30 16:00:00,268.64
2025-11-30 16:15:00,215.178
2025-11-30 16:30:00,161.772
2025-11-30 16:45:00,109.486
2025-11-30 17:00:00,65.724
2025-11-30 17:15:00,30.773
2025-11-30 17:30:00,8.175
2025-11-30 17:45:00,1.595
2025-11-30 18:00:00,0.627
2025-11-30 18:15:00,0.198
2025-11-30 18:30:00,0.0
2025-11-30 18:45:00,0.0
2025-11-30 19:00:00,0.0
2025-11-30 19:15:00,0.0
2025-11-30 19:30:00,0.0
2025-11-30 19:45:00,0.0
2025-11-30 20:00:00,0.0
2025-11-30 20:15:00,0.0
2025-11-30 20:30:00,0.0
2025-11-30 20:45:00,0.0
2025-11-30 21:00:00,0.0
2025-11-30 21:15:00,0.0
2025-11-30 21:30:00,0.0
2025-11-30 21:45:00,0.0
2025-11-30 22:00:00,0.0
2025-11-30 22:15:00,0.0
2025-11-30 22:30:00,0.0
2025-11-30 22:45:00,0.0
2025-11-30 23:00:00,0.0
2025-11-30 23:15:00,0.0
2025-11-30 23:30:00,0.0
2025-11-30 23:45:00,0.0
2025-12-01 00:00:00,0.0
2025-12-01 00:15:00,0.0
2025-12-01 00:30:00,0.0
2025-12-01 00:45:00,0.0
2025-12-01 01:00:00,0.0
2025-12-01 01:15:00,0.0
2025-12-01 01:30:00,0.0
2025-12-01 01:45:00,0.0
2025-12-01 02:00:00,0.0
2025-12-01 02:15:00,0.0
2025-12-01 02:30:00,0.0
2025-12-01 02:45:00,0.0
2025-12-01 03:00:00,0.0
2025-12-01 03:15:00,0.0
2025-12-01 03:30:00,0.0
2025-12-01 03:45:00,0.0
2025-12-01 04:00:00,0.0
2025-12-01 04:15:00,0.0
2025-12-01 04:30:00,0.0
2025-12-01 04:45:00,0.0
2025-12-01 05:00:00,0.0
2025-12-01 05:15:00,0.0
2025-12-01 05:30:00,0.0
2025-12-01 05:45:00,0.0
2025-12-01 06:00:00,0.0
2025-12-01 06:15:00,0.0
2025-12-01 06:30:00,0.025
2025-12-01 06:45:00,0.57
2025-12-01 07:00:00,18.825
2025-12-01 07:15:00,52.907
2025-12-01 07:30:00,90.127
2025-12-01 07:45:00,142.655
2025-12-01 08:00:00,196.152
2025-12-01 08:15:00,259.629
2025-12-01 08:30:00,331.038
2025-12-01 08:45:00,406.01
2025-12-01 09:00:00,476.387
2025-12-01 09:15:00,556.232
2025-12-01 09:30:00,620.5
2025-12-01 09:45:00,669.894
2025-12-01 10:00:00,743.062
2025-12-01 10:15:00,794.514
2025-12-01 10:30:00,843.799
2025-12-01 10:45:00,879.349
2025-12-01 11:00:00,918.608
2025-12-01 11:15:00,959.531
2025-12-01 11:30:00,977.814
2025-12-01 11:45:00,989.926
2025-12-01 12:00:00,985.625
2025-12-01 12:15:00,920.853
2025-12-01 12:30:00,969.293
2025-12-01 12:45:00,845.553
2025-12-01 13:00:00,916.491
2025-12-01 13:15:00,801.089
2025-12-01 13:30:00,880.225
2025-12-01 13:45:00,841.017
2025-12-01 14:00:00,771.372
2025-12-01 14:15:00,733.794
2025-12-01 14:30:00,684.765
2025-12-01 14:45:00,619.595
2025-12-01 15:00:00,562.271
2025-12-01 15:15:00,479.856
2025-12-01 15:30:00,421.851
2025-12-01 15:45:00,349.108
2025-12-01 16:00:00,271.144
2025-12-01 16:15:00,202.564
2025-12-01 16:30:00,140.263
2025-12-01 16:45:00,93.523
2025-12-01 17:00:00,57.485
2025-12-01 17:15:00,25.908
2025-12-01 17:30:00,7.218
2025-12-01 17:45:00,1.31
2025-12-01 18:00:00,0.45
2025-12-01 18:15:00,0.125
2025-12-01 18:30:00,0.0
2025-12-01 18:45:00,0.0
2025-12-01 19:00:00,0.0
2025-12-01 19:15:00,0.0
2025-12-01 19:30:00,0.0
2025-12-01 19:45:00,0.0
2025-12-01 20:00:00,0.0
2025-12-01 20:15:00,0.0
2025-12-01 20:30:00,0.0
2025-12-01 20:45:00,0.0
2025-12-01 21:00:00,0.0
2025-12-01 21:15:00,0.0
2025-12-01 21:30:00,0.0
2025-12-01 21:45:00,0.0
2025-12-01 22:00:00,0.0
2025-12-01 22:15:00,0.0
2025-12-01 22:30:00,0.0
2025-12-01 22:45:00,0.0
2025-12-01 23:00:00,0.0
2025-12-01 23:15:00,0.0
2025-12-01 23:30:00,0.0
2025-12-01 23:45:00,0.0
2025-12-02 00:00:00,0.0
2025-12-02 00:15:00,0.0
2025-12-02 00:30:00,0.0
2025-12-02 00:45:00,0.0
2025-12-02 01:00:00,0.0
2025-12-02 01:15:00,0.0
2025-12-02 01:30:00,0.0
2025-12-02 01:45:00,0.0
2025-12-02 02:00:00,0.0
2025-12-02 02:15:00,0.0
2025-12-02 02:30:00,0.0
2025-12-02 02:45:00,0.0
2025-12-02 03:00:00,0.0
2025-12-02 03:15:00,0.0
2025-12-02 03:30:00,0.0
2025-12-02 03:45:00,0.0
2025-12-02 04:00:00,0.0
2025-12-02 04:15:00,0.0
2025-12-02 04:30:00,0.0
2025-12-02 04:45:00,0.0
2025-12-02 05:00:00,0.0
2025-12-02 05:15:00,0.0
2025-12-02 05:30:00,0.0
2025-12-02 05:45:00,0.0
2025-12-02 06:00:00,0.0
2025-12-02 06:15:00,0.0
2025-12-02 06:30:00,0.025
2025-12-02 06:45:00,0.393
2025-12-02 07:00:00,11.541
2025-12-02 07:15:00,25.948
2025-12-02 07:30:00,43.387
2025-12-02 07:45:00,64.776
2025-12-02 08:00:00,86.084
2025-12-02 08:15:00,115.748
2025-12-02 08:30:00,138.435
2025-12-02 08:45:00,138.343
2025-12-02 09:00:00,143.671
2025-12-02 09:15:00,148.54
2025-12-02 09:30:00,230.591
2025-12-02 09:45:00,254.593
2025-12-02 10:00:00,259.94
2025-12-02 10:15:00,272.236
2025-12-02 10:30:00,295.395
2025-12-02 10:45:00,307.23
2025-12-02 11:00:00,336.371
2025-12-02 11:15:00,343.684
2025-12-02 11:30:00,342.132
2025-12-02 11:45:00,352.52
2025-12-02 12:00:00,362.154
2025-12-02 12:15:00,349.803
2025-12-02 12:30:00,355.166
2025-12-02 12:45:00,337.649
2025-12-02 13:00:00,329.036
2025-12-02 13:15:00,317.772
2025-12-02 13:30:00,307.747
2025-12-02 13:45:00,283.396
2025-12-02 14:00:00,266.521
2025-12-02 14:15:00,255.783
2025-12-02 14:30:00,240.105
2025-12-02 14:45:00,212.883
2025-12-02 15:00:00,195.031
2025-12-02 15:15:00,172.68
2025-12-02 15:30:00,158.159
2025-12-02 15:45:00,131.071
2025-12-02 16:00:00,104.658
2025-12-02 16:15:00,83.816
2025-12-02 16:30:00,62.157
2025-12-02 16:45:00,42.677
2025-12-02 17:00:00,28.722
2025-12-02 17:15:00,12.417
2025-12-02 17:30:00,1.298
2025-12-02 17:45:00,0.412
2025-12-02 18:00:00,0.07
2025-12-02 18:15:00,0.027
2025-12-02 18:30:00,0.0
2025-12-02 18:45:00,0.0
2025-12-02 19:00:00,0.0
2025-12-02 19:15:00,0.0
2025-12-02 19:30:00,0.0
2025-12-02 19:45:00,0.0
2025-12-02 20:00:00,0.0
2025-12-02 20:15:00,0.0
2025-12-02 20:30:00,0.0
2025-12-02 20:45:00,0.0
2025-12-02 21:00:00,0.0
2025-12-02 21:15:00,0.0
2025-12-02 21:30:00,0.0
2025-12-02 21:45:00,0.0
2025-12-02 22:00:00,0.0
2025-12-02 22:15:00,0.0
2025-12-02 22:30:00,0.0
2025-12-02 22:45:00,0.0
2025-12-02 23:00:00,0.0
2025-12-02 23:15:00,0.0
2025-12-02 23:30:00,0.0
2025-12-02 23:45:00,0.0
2025-12-03 00:00:00,0.0
2025-12-03 00:15:00,0.0
2025-12-03 00:30:00,0.0
2025-12-03 00:45:00,0.0
2025-12-03 01:00:00,0.0
2025-12-03 01:15:00,0.0
2025-12-03 01:30:00,0.0
2025-12-03 01:45:00,0.0
2025-12-03 02:00:00,0.0
2025-12-03 02:15:00,0.0
2025-12-03 02:30:00,0.0
2025-12-03 02:45:00,0.0
2025-12-03 03:00:00,0.0
2025-12-03 03:15:00,0.0
2025-12-03 03:30:00,0.0
2025-12-03 03:45:00,0.0
2025-12-03 04:00:00,0.0
2025-12-03 04:15:00,0.0
2025-12-03 04:30:00,0.0
2025-12-03 04:45:00,0.0
2025-12-03 05:00:00,0.0
2025-12-03 05:15:00,0.0
2025-12-03 05:30:00,0.0
2025-12-03 05:45:00,0.0
2025-12-03 06:00:00,0.0
2025-12-03 06:15:00,0.0
2025-12-03 06:30:00,0.025
2025-12-03 06:45:00,0.188
2025-12-03 07:00:00,14.095
2025-12-03 07:15:00,29.294
2025-12-03 07:30:00,46.216
2025-12-03 07:45:00,69.306
2025-12-03 08:00:00,100.564
2025-12-03 08:15:00,138.516
2025-12-03 08:30:00,177.607
2025-12-03 08:45:00,230.928
2025-12-03 09:00:00,275.646
2025-12-03 09:15:00,315.797
2025-12-03 09:30:00,364.082
2025-12-03 09:45:00,402.155
2025-12-03 10:00:00,423.327
2025-12-03 10:15:00,474.259
2025-12-03 10:30:00,510.345
2025-12-03 10:45:00,547.57
2025-12-03 11:00:00,590.982
2025-12-03 11:15:00,515.97
2025-12-03 11:30:00,551.109
2025-12-03 11:45:00,593.446
2025-12-03 12:00:00,688.929
2025-12-03 12:15:00,678.284
2025-12-03 12:30:00,669.795
2025-12-03 12:45:00,657.825
2025-12-03 13:00:00,670.181
2025-12-03 13:15:00,670.675
2025-12-03 13:30:00,638.282
2025-12-03 13:45:00,509.011
2025-12-03 14:00:00,403.295
2025-12-03 14:15:00,374.019
2025-12-03 14:30:00,382.806
2025-12-03 14:45:00,468.763
2025-12-03 15:00:00,394.272
2025-12-03 15:15:00,351.511
2025-12-03 15:30:00,299.012
2025-12-03 15:45:00,249.083
2025-12-03 16:00:00,215.48
2025-12-03 16:15:00,161.902
2025-12-03 16:30:00,115.678
2025-12-03 16:45:00,78.713
2025-12-03 17:00:00,47.959
2025-12-03 17:15:00,23.835
2025-12-03 17:30:00,6.761
2025-12-03 17:45:00,1.935
2025-12-03 18:00:00,0.558
2025-12-03 18:15:00,0.162
2025-12-03 18:30:00,0.168
2025-12-03 18:45:00,0.0
2025-12-03 19:00:00,0.0
2025-12-03 19:15:00,0.0
2025-12-03 19:30:00,0.0
2025-12-03 19:45:00,0.0
2025-12-03 20:00:00,0.0
2025-12-03 20:15:00,0.0
2025-12-03 20:30:00,0.0
2025-12-03 20:45:00,0.0
2025-12-03 21:00:00,0.0
2025-12-03 21:15:00,0.0
2025-12-03 21:30:00,0.0
2025-12-03 21:45:00,0.0
2025-12-03 22:00:00,0.0
2025-12-03 22:15:00,0.0
2025-12-03 22:30:00,0.0
2025-12-03 22:45:00,0.0
2025-12-03 23:00:00,0.0
2025-12-03 23:15:00,0.0
2025-12-03 23:30:00,0.0
2025-12-03 23:45:00,0.0
2025-12-04 00:00:00,0.0
2025-12-04 00:15:00,0.0
2025-12-04 00:30:00,0.0
2025-12-04 00:45:00,0.0
2025-12-04 01:00:00,0.0
2025-12-04 01:15:00,0.0
2025-12-04 01:30:00,0.0
2025-12-04 01:45:00,0.0
2025-12-04 02:00:00,0.0
2025-12-04 02:15:00,0.0
2025-12-04 02:30:00,0.0
2025-12-04 02:45:00,0.0
2025-12-04 03:00:00,0.0
2025-12-04 03:15:00,0.0
2025-12-04 03:30:00,0.0
2025-12-04 03:45:00,0.0
2025-12-04 04:00:00,0.0
2025-12-04 04:15:00,0.0
2025-12-04 04:30:00,0.0
2025-12-04 04:45:00,0.0
2025-12-04 05:00:00,0.0
2025-12-04 05:15:00,0.0
2025-12-04 05:30:00,0.0
2025-12-04 05:45:00,0.0
2025-12-04 06:00:00,2.185
2025-12-04 06:15:00,0.0
2025-12-04 06:30:00,0.025
2025-12-04 06:45:00,0.213
2025-12-04 07:00:00,8.672
2025-12-04 07:15:00,19.78
2025-12-04 07:30:00,31.09
2025-12-04 07:45:00,45.524
2025-12-04 08:00:00,61.41
2025-12-04 08:15:00,80.919
2025-12-04 08:30:00,106.504
2025-12-04 08:45:00,129.44
2025-12-04 09:00:00,154.483
2025-12-04 09:15:00,172.592
2025-12-04 09:30:00,189.266
2025-12-04 09:45:00,215.071
2025-12-04 10:00:00,240.46
2025-12-04 10:15:00,257.316
2025-12-04 10:30:00,275.496
2025-12-04 10:45:00,292.981
2025-12-04 11:00:00,290.993
2025-12-04 11:15:00,314.705
2025-12-04 11:30:00,323.29
2025-12-04 11:45:00,329.467
2025-12-04 12:00:00,349.602
2025-12-04 12:15:00,330.035
2025-12-04 12:30:00,310.544
2025-12-04 12:45:00,296.385
2025-12-04 13:00:00,273.595
2025-12-04 13:15:00,261.332
2025-12-04 13:30:00,254.219
2025-12-04 13:45:00,240.692
2025-12-04 14:00:00,215.942
2025-12-04 14:15:00,199.27
2025-12-04 14:30:00,179.162
2025-12-04 14:45:00,161.204
2025-12-04 15:00:00,147.773
2025-12-04 15:15:00,130.029
2025-12-04 15:30:00,107.98
2025-12-04 15:45:00,90.452
2025-12-04 16:00:00,71.807
2025-12-04 16:15:00,52.953
2025-12-04 16:30:00,36.31
2025-12-04 16:45:00,24.711
2025-12-04 17:00:00,15.818
2025-12-04 17:15:00,8.058
2025-12-04 17:30:00,1.197
2025-12-04 17:45:00,0.31
2025-12-04 18:00:00,0.102
2025-12-04 18:15:00,0.0
2025-12-04 18:30:00,0.0
2025-12-04 18:45:00,0.0
2025-12-04 19:00:00,0.0
2025-12-04 19:15:00,0.0
2025-12-04 19:30:00,0.0
2025-12-04 19:45:00,0.0
2025-12-04 20:00:00,0.0
2025-12-04 20:15:00,0.0
2025-12-04 20:30:00,0.0
2025-12-04 20:45:00,0.0
2025-12-04 21:00:00,0.0
2025-12-04 21:15:00,0.0
2025-12-04 21:30:00,0.0
2025-12-04 21:45:00,0.0
2025-12-04 22:00:00,0.0
2025-12-04 22:15:00,0.0
2025-12-04 22:30:00,0.0
2025-12-04 22:45:00,0.0
2025-12-04 23:00:00,0.0
2025-12-04 23:15:00,0.0
2025-12-04 23:30:00,0.0
2025-12-04 23:45:00,0.0
2025-12-05 00:00:00,0.0
2025-12-05 00:15:00,0.0
2025-12-05 00:30:00,0.0
2025-12-05 00:45:00,0.0
2025-12-05 01:00:00,0.0
2025-12-05 01:15:00,0.0
2025-12-05 01:30:00,0.0
2025-12-05 01:45:00,0.0
2025-12-05 02:00:00,0.0
2025-12-05 02:15:00,0.0
2025-12-05 02:30:00,0.0
2025-12-05 02:45:00,0.0
2025-12-05 03:00:00,0.0
2025-12-05 03:15:00,0.0
2025-12-05 03:30:00,0.0
2025-12-05 03:45:00,0.0
2025-12-05 04:00:00,0.0
2025-12-05 04:15:00,0.0
2025-12-05 04:30:00,0.0
2025-12-05 04:45:00,0.0
2025-12-05 05:00:00,0.0
2025-12-05 05:15:00,0.0
2025-12-05 05:30:00,0.0
2025-12-05 05:45:00,0.0
2025-12-05 06:00:00,0.0
2025-12-05 06:15:00,0.0
2025-12-05 06:30:00,0.025
2025-12-05 06:45:00,0.132
2025-12-05 07:00:00,9.138
2025-12-05 07:15:00,28.354
2025-12-05 07:30:00,48.88
2025-12-05 07:45:00,75.196
2025-12-05 08:00:00,106.406
2025-12-05 08:15:00,148.318
2025-12-05 08:30:00,195.175
2025-12-05 08:45:00,239.202
2025-12-05 09:00:00,290.187
2025-12-05 09:15:00,283.766
2025-12-05 09:30:00,317.798
2025-12-05 09:45:00,370.561
2025-12-05 10:00:00,410.495
2025-12-05 10:15:00,388.679
2025-12-05 10:30:00,440.487
2025-12-05 10:45:00,485.022
2025-12-05 11:00:00,520.724
2025-12-05 11:15:00,426.236
2025-12-05 11:30:00,440.394
2025-12-05 11:45:00,438.181
2025-12-05 12:00:00,452.937
2025-12-05 12:15:00,468.163
2025-12-05 12:30:00,450.257
2025-12-05 12:45:00,445.428
2025-12-05 13:00:00,463.123
2025-12-05 13:15:00,472.194
2025-12-05 13:30:00,476.66
2025-12-05 13:45:00,490.379
2025-12-05 14:00:00,489.352
2025-12-05 14:15:00,453.472
2025-12-05 14:30:00,437.725
2025-12-05 14:45:00,372.705
2025-12-05 15:00:00,339.292
2025-12-05 15:15:00,312.637
2025-12-05 15:30:00,271.883
2025-12-05 15:45:00,223.426
2025-12-05 16:00:00,186.176
2025-12-05 16:15:00,140.543
2025-12-05 16:30:00,102.617
2025-12-05 16:45:00,70.026
2025-12-05 17:00:00,42.4
2025-12-05 17:15:00,18.953
2025-12-05 17:30:00,5.48
2025-12-05 17:45:00,0.962
2025-12-05 18:00:00,0.338
2025-12-05 18:15:00,0.055
2025-12-05 18:30:00,0.0
2025-12-05 18:45:00,0.0
2025-12-05 19:00:00,0.0
2025-12-05 19:15:00,0.0
2025-12-05 19:30:00,0.0
2025-12-05 19:45:00,0.0
2025-12-05 20:00:00,0.0
2025-12-05 20:15:00,0.0
2025-12-05 20:30:00,0.0
2025-12-05 20:45:00,0.0
2025-12-05 21:00:00,0.0
2025-12-05 21:15:00,0.0
2025-12-05 21:30:00,0.0
2025-12-05 21:45:00,0.0
2025-12-05 22:00:00,0.0
2025-12-05 22:15:00,0.0
2025-12-05 22:30:00,0.0
2025-12-05 22:45:00,0.0
2025-12-05 23:00:00,0.0
2025-12-05 23:15:00,0.0
2025-12-05 23:30:00,0.0
2025-12-05 23:45:00,0.0
2025-12-06 00:00:00,0.0
2025-12-06 00:15:00,0.0
2025-12-06 00:30:00,0.0
2025-12-06 00:45:00,0.0
2025-12-06 01:00:00,0.0
2025-12-06 01:15:00,0.0
2025-12-06 01:30:00,0.0
2025-12-06 01:45:00,0.0
2025-12-06 02:00:00,0.0
2025-12-06 02:15:00,0.0
2025-12-06 02:30:00,0.0
2025-12-06 02:45:00,0.0
2025-12-06 03:00:00,0.0
2025-12-06 03:15:00,0.0
2025-12-06 03:30:00,0.0
2025-12-06 03:45:00,0.0
2025-12-06 04:00:00,0.0
2025-12-06 04:15:00,0.0
2025-12-06 04:30:00,0.0
2025-12-06 04:45:00,0.0
2025-12-06 05:00:00,0.0
2025-12-06 05:15:00,0.0
2025-12-06 05:30:00,0.0
2025-12-06 05:45:00,0.0
2025-12-06 06:00:00,0.0
2025-12-06 06:15:00,0.0
2025-12-06 06:30:00,0.025
2025-12-06 06:45:00,0.38
2025-12-06 07:00:00,13.267
2025-12-06 07:15:00,47.197
2025-12-06 07:30:00,83.186
2025-12-06 07:45:00,131.473
2025-12-06 08:00:00,185.676
2025-12-06 08:15:00,266.879
2025-12-06 08:30:00,346.157
2025-12-06 08:45:00,394.753
2025-12-06 09:00:00,465.741
2025-12-06 09:15:00,550.69
2025-12-06 09:30:00,576.016
2025-12-06 09:45:00,656.422
2025-12-06 10:00:00,699.578
2025-12-06 10:15:00,741.081
2025-12-06 10:30:00,781.914
2025-12-06 10:45:00,850.868
2025-12-06 11:00:00,896.924
2025-12-06 11:15:00,918.208
2025-12-06 11:30:00,943.49
2025-12-06 11:45:00,957.547
2025-12-06 12:00:00,971.547
2025-12-06 12:15:00,974.723
2025-12-06 12:30:00,977.548
2025-12-06 12:45:00,972.09
2025-12-06 13:00:00,956.253
2025-12-06 13:15:00,944.276
2025-12-06 13:30:00,901.017
2025-12-06 13:45:00,882.898
2025-12-06 14:00:00,848.919
2025-12-06 14:15:00,800.218
2025-12-06 14:30:00,744.351
2025-12-06 14:45:00,686.538
2025-12-06 15:00:00,612.613
2025-12-06 15:15:00,543.847
2025-12-06 15:30:00,470.925
2025-12-06 15:45:00,391.462
2025-12-06 16:00:00,314.098
2025-12-06 16:15:00,242.92
2025-12-06 16:30:00,174.976
2025-12-06 16:45:00,116.781
2025-12-06 17:00:00,68.445
2025-12-06 17:15:00,34.582
2025-12-06 17:30:00,9.651
2025-12-06 17:45:00,1.065
2025-12-06 18:00:00,0.21
2025-12-06 18:15:00,0.0
2025-12-06 18:30:00,0.0
2025-12-06 18:45:00,0.0
2025-12-06 19:00:00,0.0
2025-12-06 19:15:00,0.0
2025-12-06 19:30:00,0.0
2025-12-06 19:45:00,0.0
2025-12-06 20:00:00,0.0
2025-12-06 20:15:00,0.0
2025-12-06 20:30:00,0.0
2025-12-06 20:45:00,0.0
2025-12-06 21:00:00,0.0
2025-12-06 21:15:00,0.0
2025-12-06 21:30:00,0.0
2025-12-06 21:45:00,0.0
2025-12-06 22:00:00,0.0
2025-12-06 22:15:00,0.0
2025-12-06 22:30:00,0.0
2025-12-06 22:45:00,0.0
2025-12-06 23:00:00,0.0
2025-12-06 23:15:00,0.0
2025-12-06 23:30:00,0.0
2025-12-06 23:45:00,0.0
2025-12-07 00:00:00,0.0
2025-12-07 00:15:00,0.0
2025-12-07 00:30:00,0.0
2025-12-07 00:45:00,0.0
2025-12-07 01:00:00,0.0
2025-12-07 01:15:00,0.0
2025-12-07 01:30:00,0.0
2025-12-07 01:45:00,0.0
2025-12-07 02:00:00,0.0
2025-12-07 02:15:00,0.0
2025-12-07 02:30:00,0.0
2025-12-07 02:45:00,0.0
2025-12-07 03:00:00,0.0
2025-12-07 03:15:00,0.0
2025-12-07 03:30:00,0.0
2025-12-07 03:45:00,0.0
2025-12-07 04:00:00,0.0
2025-12-07 04:15:00,0.0
2025-12-07 04:30:00,0.0
2025-12-07 04:45:00,0.0
2025-12-07 05:00:00,0.0
2025-12-07 05:15:00,0.0
2025-12-07 05:30:00,0.0
2025-12-07 05:45:00,0.0
2025-12-07 06:00:00,0.0
2025-12-07 06:15:00,0.0
2025-12-07 06:30:00,0.025
2025-12-07 06:45:00,0.327
2025-12-07 07:00:00,7.198
2025-12-07 07:15:00,27.294
2025-12-07 07:30:00,46.621
2025-12-07 07:45:00,73.224
2025-12-07 08:00:00,105.346
2025-12-07 08:15:00,136.683
2025-12-07 08:30:00,168.266
2025-12-07 08:45:00,204.037
2025-12-07 09:00:00,238.51
2025-12-07 09:15:00,263.684
2025-12-07 09:30:00,295.934
2025-12-07 09:45:00,328.534
2025-12-07 10:00:00,360.468
2025-12-07 10:15:00,392.744
2025-12-07 10:30:00,395.025
2025-12-07 10:45:00,418.684
2025-12-07 11:00:00,425.982
2025-12-07 11:15:00,435.918
2025-12-07 11:30:00,449.465
2025-12-07 11:45:00,449.444
2025-12-07 12:00:00,463.68
2025-12-07 12:15:00,445.697
2025-12-07 12:30:00,451.967
2025-12-07 12:45:00,450.814
2025-12-07 13:00:00,444.399
2025-12-07 13:15:00,447.603
2025-12-07 13:30:00,437.463
2025-12-07 13:45:00,425.867
2025-12-07 14:00:00,416.705
2025-12-07 14:15:00,409.082
2025-12-07 14:30:00,387.448
2025-12-07 14:45:00,371.276
2025-12-07 15:00:00,338.575
2025-12-07 15:15:00,303.996
2025-12-07 15:30:00,276.147
2025-12-07 15:45:00,242.568
2025-12-07 16:00:00,198.924
2025-12-07 16:15:00,156.225
2025-12-07 16:30:00,112.0
2025-12-07 16:45:00,76.974
2025-12-07 17:00:00,43.232
2025-12-07 17:15:00,27.049
2025-12-07 17:30:00,3.951
2025-12-07 17:45:00,0.685
2025-12-07 18:00:00,0.168
2025-12-07 18:15:00,0.0
2025-12-07 18:30:00,0.0
2025-12-07 18:45:00,0.0
2025-12-07 19:00:00,0.0
2025-12-07 19:15:00,0.0
2025-12-07 19:30:00,0.083
2025-12-07 19:45:00,0.083
2025-12-07 20:00:00,0.083
2025-12-07 20:15:00,0.0
2025-12-07 20:30:00,0.0
2025-12-07 20:45:00,0.0
2025-12-07 21:00:00,0.0
2025-12-07 21:15:00,0.0
2025-12-07 21:30:00,0.0
2025-12-07 21:45:00,0.0
2025-12-07 22:00:00,0.0
2025-12-07 22:15:00,0.0
2025-12-07 22:30:00,0.0
2025-12-07 22:45:00,0.0
2025-12-07 23:00:00,0.0
2025-12-07 23:15:00,0.0
2025-12-07 23:30:00,0.0
2025-12-07 23:45:00,0.0
2025-12-08 00:00:00,0.0
2025-12-08 00:15:00,0.0
2025-12-08 00:30:00,0.0
2025-12-08 00:45:00,0.0
2025-12-08 01:00:00,0.0
2025-12-08 01:15:00,0.0
2025-12-08 01:30:00,0.0
2025-12-08 01:45:00,0.0
2025-12-08 02:00:00,0.0
2025-12-08 02:15:00,0.0
2025-12-08 02:30:00,0.0
2025-12-08 02:45:00,0.0
2025-12-08 03:00:00,0.0
2025-12-08 03:15:00,0.0
2025-12-08 03:30:00,0.0
2025-12-08 03:45:00,0.0
2025-12-08 04:00:00,0.0
2025-12-08 04:15:00,0.0
2025-12-08 04:30:00,0.0
2025-12-08 04:45:00,0.0
2025-12-08 05:00:00,0.0
2025-12-08 05:15:00,0.0
2025-12-08 05:30:00,0.0
2025-12-08 05:45:00,0.0
2025-12-08 06:00:00,0.0
2025-12-08 06:15:00,0.0
2025-12-08 06:30:00,0.025
2025-12-08 06:45:00,1.582
2025-12-08 07:00:00,8.257
2025-12-08 07:15:00,43.054
2025-12-08 07:30:00,77.882
2025-12-08 07:45:00,120.47
2025-12-08 08:00:00,180.164
2025-12-08 08:15:00,241.258
2025-12-08 08:30:00,304.069
2025-12-08 08:45:00,377.388
2025-12-08 09:00:00,446.673
2025-12-08 09:15:00,520.812
2025-12-08 09:30:00,585.128
2025-12-08 09:45:00,654.248
2025-12-08 10:00:00,704.195
2025-12-08 10:15:00,753.026
2025-12-08 10:30:00,795.162
2025-12-08 10:45:00,846.096
2025-12-08 11:00:00,876.256
2025-12-08 11:15:00,908.523
2025-12-08 11:30:00,927.705
2025-12-08 11:45:00,948.065
2025-12-08 12:00:00,961.277
2025-12-08 12:15:00,959.966
2025-12-08 12:30:00,951.687
2025-12-08 12:45:00,936.962
2025-12-08 13:00:00,923.447
2025-12-08 13:15:00,898.969
2025-12-08 13:30:00,866.793
2025-12-08 13:45:00,829.811
2025-12-08 14:00:00,744.041
2025-12-08 14:15:00,714.843
2025-12-08 14:30:00,651.611
2025-12-08 14:45:00,587.819
2025-12-08 15:00:00,560.377
2025-12-08 15:15:00,491.415
2025-12-08 15:30:00,429.726
2025-12-08 15:45:00,346.47
2025-12-08 16:00:00,280.978
2025-12-08 16:15:00,220.648
2025-12-08 16:30:00,162.322
2025-12-08 16:45:00,110.297
2025-12-08 17:00:00,65.783
2025-12-08 17:15:00,29.732
2025-12-08 17:30:00,7.385
2025-12-08 17:45:00,0.845
2025-12-08 18:00:00,0.145
2025-12-08 18:15:00,0.0
2025-12-08 18:30:00,0.0
2025-12-08 18:45:00,0.0
2025-12-08 19:00:00,0.0
2025-12-08 19:15:00,0.0
2025-12-08 19:30:00,0.0
2025-12-08 19:45:00,0.0
2025-12-08 20:00:00,0.0
2025-12-08 20:15:00,0.0
2025-12-08 20:30:00,0.0
2025-12-08 20:45:00,0.0
2025-12-08 21:00:00,0.0
2025-12-08 21:15:00,0.0
2025-12-08 21:30:00,0.0
2025-12-08 21:45:00,0.0
2025-12-08 22:00:00,0.0
2025-12-08 22:15:00,0.0
2025-12-08 22:30:00,0.0
2025-12-08 22:45:00,0.0
2025-12-08 23:00:00,0.0
2025-12-08 23:15:00,0.0
2025-12-08 23:30:00,0.0
2025-12-08 23:45:00,0.0
2025-12-09 00:00:00,0.0
2025-12-09 00:15:00,0.0
2025-12-09 00:30:00,0.0
2025-12-09 00:45:00,0.0
2025-12-09 01:00:00,0.0
2025-12-09 01:15:00,0.0
2025-12-09 01:30:00,0.0
2025-12-09 01:45:00,0.0
2025-12-09 02:00:00,0.0
2025-12-09 02:15:00,0.0
2025-12-09 02:30:00,0.0
2025-12-09 02:45:00,0.0
2025-12-09 03:00:00,0.0
2025-12-09 03:15:00,0.0
2025-12-09 03:30:00,0.0
2025-12-09 03:45:00,0.0
2025-12-09 04:00:00,0.0
2025-12-09 04:15:00,0.0
2025-12-09 04:30:00,0.0
2025-12-09 04:45:00,0.0
2025-12-09 05:00:00,0.0
2025-12-09 05:15:00,0.0
2025-12-09 05:30:00,0.0
2025-12-09 05:45:00,0.0
2025-12-09 06:00:00,0.0
2025-12-09 06:15:00,0.0
2025-12-09 06:30:00,0.025
2025-12-09 06:45:00,1.383
2025-12-09 07:00:00,8.681
2025-12-09 07:15:00,40.813
2025-12-09 07:30:00,71.332
2025-12-09 07:45:00,112.025
2025-12-09 08:00:00,175.81
2025-12-09 08:15:00,227.672
2025-12-09 08:30:00,285.668
2025-12-09 08:45:00,345.802
2025-12-09 09:00:00,397.985
2025-12-09 09:15:00,450.62
2025-12-09 09:30:00,507.928
2025-12-09 09:45:00,573.335
2025-12-09 10:00:00,604.343
2025-12-09 10:15:00,662.814
2025-12-09 10:30:00,703.312
2025-12-09 10:45:00,739.883
2025-12-09 11:00:00,768.951
2025-12-09 11:15:00,794.398
2025-12-09 11:30:00,818.212
2025-12-09 11:45:00,839.588
2025-12-09 12:00:00,850.722
2025-12-09 12:15:00,849.618
2025-12-09 12:30:00,859.319
2025-12-09 12:45:00,851.474
2025-12-09 13:00:00,848.445
2025-12-09 13:15:00,837.906
2025-12-09 13:30:00,808.615
2025-12-09 13:45:00,757.142
2025-12-09 14:00:00,721.929
2025-12-09 14:15:00,673.065
2025-12-09 14:30:00,628.96
2025-12-09 14:45:00,581.046
2025-12-09 15:00:00,522.003
2025-12-09 15:15:00,461.684
2025-12-09 15:30:00,401.121
2025-12-09 15:45:00,331.256
2025-12-09 16:00:00,263.269
2025-12-09 16:15:00,198.385
2025-12-09 16:30:00,140.95
2025-12-09 16:45:00,94.202
2025-12-09 17:00:00,56.42
2025-12-09 17:15:00,27.586
2025-12-09 17:30:00,5.94
2025-12-09 17:45:00,0.835
2025-12-09 18:00:00,0.142
2025-12-09 18:15:00,0.0
2025-12-09 18:30:00,0.0
2025-12-09 18:45:00,0.0
2025-12-09 19:00:00,0.0
2025-12-09 19:15:00,0.0
2025-12-09 19:30:00,0.0
2025-12-09 19:45:00,0.0
2025-12-09 20:00:00,0.0
2025-12-09 20:15:00,0.0
2025-12-09 20:30:00,0.0
2025-12-09 20:45:00,0.0
2025-12-09 21:00:00,0.0
2025-12-09 21:15:00,0.0
2025-12-09 21:30:00,0.0
2025-12-09 21:45:00,0.0
2025-12-09 22:00:00,0.0
2025-12-09 22:15:00,0.0
2025-12-09 22:30:00,0.0
2025-12-09 22:45:00,0.0
2025-12-09 23:00:00,0.0
2025-12-09 23:15:00,0.0
2025-12-09 23:30:00,0.0
2025-12-09 23:45:00,0.0
2025-12-10 00:00:00,0.0
2025-12-10 00:15:00,0.0
2025-12-10 00:30:00,0.0
2025-12-10 00:45:00,0.0
2025-12-10 01:00:00,0.0
2025-12-10 01:15:00,0.0
2025-12-10 01:30:00,0.0
2025-12-10 01:45:00,0.0
2025-12-10 02:00:00,0.0
2025-12-10 02:15:00,0.0
2025-12-10 02:30:00,0.0
2025-12-10 02:45:00,0.0
2025-12-10 03:00:00,0.0
2025-12-10 03:15:00,0.0
2025-12-10 03:30:00,0.0
2025-12-10 03:45:00,0.0
2025-12-10 04:00:00,0.0
2025-12-10 04:15:00,0.0
2025-12-10 04:30:00,0.0
2025-12-10 04:45:00,0.0
2025-12-10 05:00:00,0.0
2025-12-10 05:15:00,0.0
2025-12-10 05:30:00,0.0
2025-12-10 05:45:00,0.0
2025-12-10 06:00:00,0.0
2025-12-10 06:15:00,0.0
2025-12-10 06:30:00,0.025
2025-12-10 06:45:00,0.257
2025-12-10 07:00:00,8.396
2025-12-10 07:15:00,31.02
2025-12-10 07:30:00,56.634
2025-12-10 07:45:00,93.657
2025-12-10 08:00:00,140.916
2025-12-10 08:15:00,187.47
2025-12-10 08:30:00,244.3
2025-12-10 08:45:00,309.375
2025-12-10 09:00:00,363.313
2025-12-10 09:15:00,419.832
2025-12-10 09:30:00,475.183
2025-12-10 09:45:00,526.499
2025-12-10 10:00:00,577.092
2025-12-10 10:15:00,624.511
2025-12-10 10:30:00,662.088
2025-12-10 10:45:00,701.084
2025-12-10 11:00:00,717.825
2025-12-10 11:15:00,736.836
2025-12-10 11:30:00,751.859
2025-12-10 11:45:00,770.067
2025-12-10 12:00:00,787.226
2025-12-10 12:15:00,791.969
2025-12-10 12:30:00,796.592
2025-12-10 12:45:00,788.66
2025-12-10 13:00:00,781.628
2025-12-10 13:15:00,761.75
2025-12-10 13:30:00,729.768
2025-12-10 13:45:00,711.422
2025-12-10 14:00:00,670.496
2025-12-10 14:15:00,626.65
2025-12-10 14:30:00,585.985
2025-12-10 14:45:00,529.28
2025-12-10 15:00:00,470.835
2025-12-10 15:15:00,419.521
2025-12-10 15:30:00,371.936
2025-12-10 15:45:00,313.974
2025-12-10 16:00:00,240.779
2025-12-10 16:15:00,183.646
2025-12-10 16:30:00,131.872
2025-12-10 16:45:00,89.126
2025-12-10 17:00:00,57.283
2025-12-10 17:15:00,27.478
2025-12-10 17:30:00,4.788
2025-12-10 17:45:00,0.43
2025-12-10 18:00:00,0.273
2025-12-10 18:15:00,0.0
2025-12-10 18:30:00,0.0
2025-12-10 18:45:00,0.0
2025-12-10 19:00:00,0.0
2025-12-10 19:15:00,0.0
2025-12-10 19:30:00,0.0
2025-12-10 19:45:00,0.0
2025-12-10 20:00:00,0.0
2025-12-10 20:15:00,0.0
2025-12-10 20:30:00,0.0
2025-12-10 20:45:00,0.0
2025-12-10 21:00:00,0.0
2025-12-10 21:15:00,0.0
2025-12-10 21:30:00,0.0
2025-12-10 21:45:00,0.0
2025-12-10 22:00:00,0.0
2025-12-10 22:15:00,0.0
2025-12-10 22:30:00,0.0
2025-12-10 22:45:00,0.0
2025-12-10 23:00:00,0.0
2025-12-10 23:15:00,0.0
2025-12-10 23:30:00,0.0
2025-12-10 23:45:00,0.0
2025-12-11 00:00:00,0.0
2025-12-11 00:15:00,0.0
2025-12-11 00:30:00,0.0
2025-12-11 00:45:00,0.0
2025-12-11 01:00:00,0.0
2025-12-11 01:15:00,0.0
2025-12-11 01:30:00,0.0
2025-12-11 01:45:00,0.0
2025-12-11 02:00:00,0.0
2025-12-11 02:15:00,0.0
2025-12-11 02:30:00,0.0
2025-12-11 02:45:00,0.0
2025-12-11 03:00:00,0.0
2025-12-11 03:15:00,0.0
2025-12-11 03:30:00,0.0
2025-12-11 03:45:00,0.0
2025-12-11 04:00:00,0.0
2025-12-11 04:15:00,0.0
2025-12-11 04:30:00,0.0
2025-12-11 04:45:00,0.0
2025-12-11 05:00:00,0.0
2025-12-11 05:15:00,0.0
2025-12-11 05:30:00,0.0
2025-12-11 05:45:00,0.0
2025-12-11 06:00:00,0.0
2025-12-11 06:15:00,0.0
2025-12-11 06:30:00,0.025
2025-12-11 06:45:00,0.278
2025-12-11 07:00:00,8.365
2025-12-11 07:15:00,32.664
2025-12-11 07:30:00,62.344
2025-12-11 07:45:00,100.298
2025-12-11 08:00:00,150.79
2025-12-11 08:15:00,202.821
2025-12-11 08:30:00,271.646
2025-12-11 08:45:00,333.441
2025-12-11 09:00:00,391.892
2025-12-11 09:15:00,457.449
2025-12-11 09:30:00,507.886
2025-12-11 09:45:00,557.963
2025-12-11 10:00:00,596.087
2025-12-11 10:15:00,635.076
2025-12-11 10:30:00,659.412
2025-12-11 10:45:00,696.061
2025-12-11 11:00:00,747.525
2025-12-11 11:15:00,761.324
2025-12-11 11:30:00,774.763
2025-12-11 11:45:00,794.929
2025-12-11 12:00:00,802.568
2025-12-11 12:15:00,793.009
2025-12-11 12:30:00,796.95
2025-12-11 12:45:00,800.382
2025-12-11 13:00:00,777.623
2025-12-11 13:15:00,775.052
2025-12-11 13:30:00,750.496
2025-12-11 13:45:00,695.564
2025-12-11 14:00:00,647.135
2025-12-11 14:15:00,605.707
2025-12-11 14:30:00,561.87
2025-12-11 14:45:00,515.176
2025-12-11 15:00:00,466.814
2025-12-11 15:15:00,407.474
2025-12-11 15:30:00,356.667
2025-12-11 15:45:00,291.419
2025-12-11 16:00:00,221.044
2025-12-11 16:15:00,168.558
2025-12-11 16:30:00,117.382
2025-12-11 16:45:00,80.166
2025-12-11 17:00:00,51.904
2025-12-11 17:15:00,24.294
2025-12-11 17:30:00,3.469
2025-12-11 17:45:00,0.535
2025-12-11 18:00:00,0.025
2025-12-11 18:15:00,0.0
2025-12-11 18:30:00,0.0
2025-12-11 18:45:00,0.0
2025-12-11 19:00:00,0.0
2025-12-11 19:15:00,0.0
2025-12-11 19:30:00,0.0
2025-12-11 19:45:00,0.0
2025-12-11 20:00:00,0.0
2025-12-11 20:15:00,0.0
2025-12-11 20:30:00,0.0
2025-12-11 20:45:00,0.0
2025-12-11 21:00:00,0.0
2025-12-11 21:15:00,0.0
2025-12-11 21:30:00,0.0
2025-12-11 21:45:00,0.0
2025-12-11 22:00:00,0.0
2025-12-11 22:15:00,0.0
2025-12-11 22:30:00,0.0
2025-12-11 22:45:00,0.0
2025-12-11 23:00:00,0.0
2025-12-11 23:15:00,0.0
2025-12-11 23:30:00,0.0
2025-12-11 23:45:00,0.0
2025-12-12 00:00:00,0.0
2025-12-12 00:15:00,0.0
2025-12-12 00:30:00,0.0
2025-12-12 00:45:00,0.0
2025-12-12 01:00:00,0.0
2025-12-12 01:15:00,0.0
2025-12-12 01:30:00,0.0
2025-12-12 01:45:00,0.0
2025-12-12 02:00:00,0.0
2025-12-12 02:15:00,0.0
2025-12-12 02:30:00,0.0
2025-12-12 02:45:00,0.0
2025-12-12 03:00:00,0.0
2025-12-12 03:15:00,0.0
2025-12-12 03:30:00,0.0
2025-12-12 03:45:00,0.0
2025-12-12 04:00:00,0.0
2025-12-12 04:15:00,0.0
2025-12-12 04:30:00,0.0
2025-12-12 04:45:00,0.0
2025-12-12 05:00:00,0.0
2025-12-12 05:15:00,0.0
2025-12-12 05:30:00,0.0
2025-12-12 05:45:00,0.0
2025-12-12 06:00:00,0.0
2025-12-12 06:15:00,0.0
2025-12-12 06:30:00,0.025
2025-12-12 06:45:00,0.127
2025-12-12 07:00:00,4.052
2025-12-12 07:15:00,12.66
2025-12-12 07:30:00,17.996
2025-12-12 07:45:00,27.418
2025-12-12 08:00:00,40.392
2025-12-12 08:15:00,53.312
2025-12-12 08:30:00,65.429
2025-12-12 08:45:00,75.948
2025-12-12 09:00:00,88.5
2025-12-12 09:15:00,101.27
2025-12-12 09:30:00,113.455
2025-12-12 09:45:00,124.153
2025-12-12 10:00:00,137.018
2025-12-12 10:15:00,137.434
2025-12-12 10:30:00,139.094
2025-12-12 10:45:00,160.708
2025-12-12 11:00:00,154.17
2025-12-12 11:15:00,161.939
2025-12-12 11:30:00,192.784
2025-12-12 11:45:00,204.124
2025-12-12 12:00:00,188.449
2025-12-12 12:15:00,168.665
2025-12-12 12:30:00,175.92
2025-12-12 12:45:00,174.91
2025-12-12 13:00:00,152.407
2025-12-12 13:15:00,131.276
2025-12-12 13:30:00,127.236
2025-12-12 13:45:00,122.801
2025-12-12 14:00:00,97.929
2025-12-12 14:15:00,87.313
2025-12-12 14:30:00,78.27
2025-12-12 14:45:00,71.054
2025-12-12 15:00:00,58.776
2025-12-12 15:15:00,50.844
2025-12-12 15:30:00,43.085
2025-12-12 15:45:00,38.845
2025-12-12 16:00:00,31.904
2025-12-12 16:15:00,22.912
2025-12-12 16:30:00,18.047
2025-12-12 16:45:00,14.749
2025-12-12 17:00:00,11.281
2025-12-12 17:15:00,6.258
2025-12-12 17:30:00,0.81
2025-12-12 17:45:00,0.087
2025-12-12 18:00:00,0.025
2025-12-12 18:15:00,0.0
2025-12-12 18:30:00,0.0
2025-12-12 18:45:00,0.0
2025-12-12 19:00:00,0.0
2025-12-12 19:15:00,0.0
2025-12-12 19:30:00,0.0
2025-12-12 19:45:00,0.0
2025-12-12 20:00:00,0.0
2025-12-12 20:15:00,0.0
2025-12-12 20:30:00,0.0
2025-12-12 20:45:00,0.0
2025-12-12 21:00:00,0.0
2025-12-12 21:15:00,0.0
2025-12-12 21:30:00,0.0
2025-12-12 21:45:00,0.0
2025-12-12 22:00:00,0.0
2025-12-12 22:15:00,0.0
2025-12-12 22:30:00,0.0
2025-12-12 22:45:00,0.0
2025-12-12 23:00:00,0.0
2025-12-12 23:15:00,0.0
2025-12-12 23:30:00,0.0
2025-12-12 23:45:00,0.0
2025-12-13 00:00:00,0.0
2025-12-13 00:15:00,0.0
2025-12-13 00:30:00,0.0
2025-12-13 00:45:00,0.0
2025-12-13 01:00:00,0.0
2025-12-13 01:15:00,0.0
2025-12-13 01:30:00,0.0
2025-12-13 01:45:00,0.0
2025-12-13 02:00:00,0.0
2025-12-13 02:15:00,0.0
2025-12-13 02:30:00,0.0
2025-12-13 02:45:00,0.0
2025-12-13 03:00:00,0.0
2025-12-13 03:15:00,0.0
2025-12-13 03:30:00,0.0
2025-12-13 03:45:00,0.0
2025-12-13 04:00:00,0.0
2025-12-13 04:15:00,0.0
2025-12-13 04:30:00,0.0
2025-12-13 04:45:00,0.0
2025-12-13 05:00:00,0.0
2025-12-13 05:15:00,0.0
2025-12-13 05:30:00,0.0
2025-12-13 05:45:00,0.0
2025-12-13 06:00:00,0.0
2025-12-13 06:15:00,0.0
2025-12-13 06:30:00,0.025
2025-12-13 06:45:00,0.045
2025-12-13 07:00:00,3.132
2025-12-13 07:15:00,11.187
2025-12-13 07:30:00,18.346
2025-12-13 07:45:00,30.455
2025-12-13 08:00:00,48.436
2025-12-13 08:15:00,69.813
2025-12-13 08:30:00,93.447
2025-12-13 08:45:00,129.158
2025-12-13 09:00:00,160.176
2025-12-13 09:15:00,196.038
2025-12-13 09:30:00,239.635
2025-12-13 09:45:00,281.646
2025-12-13 10:00:00,297.924
2025-12-13 10:15:00,325.929
2025-12-13 10:30:00,367.567
2025-12-13 10:45:00,394.42
2025-12-13 11:00:00,411.326
2025-12-13 11:15:00,446.276
2025-12-13 11:30:00,463.576
2025-12-13 11:45:00,521.553
2025-12-13 12:00:00,555.533
2025-12-13 12:15:00,582.13
2025-12-13 12:30:00,584.171
2025-12-13 12:45:00,525.286
2025-12-13 13:00:00,459.341
2025-12-13 13:15:00,431.566
2025-12-13 13:30:00,435.011
2025-12-13 13:45:00,382.369
2025-12-13 14:00:00,413.871
2025-12-13 14:15:00,454.945
2025-12-13 14:30:00,376.5
2025-12-13 14:45:00,406.82
2025-12-13 15:00:00,412.142
2025-12-13 15:15:00,377.567
2025-12-13 15:30:00,329.067
2025-12-13 15:45:00,289.799
2025-12-13 16:00:00,241.086
2025-12-13 16:15:00,195.105
2025-12-13 16:30:00,152.982
2025-12-13 16:45:00,114.386
2025-12-13 17:00:00,69.831
2025-12-13 17:15:00,33.835
2025-12-13 17:30:00,7.624
2025-12-13 17:45:00,0.42
2025-12-13 18:00:00,0.025
2025-12-13 18:15:00,0.0
2025-12-13 18:30:00,0.0
2025-12-13 18:45:00,0.0
2025-12-13 19:00:00,0.0
2025-12-13 19:15:00,0.0
2025-12-13 19:30:00,0.0
2025-12-13 19:45:00,0.0
2025-12-13 20:00:00,0.0
2025-12-13 20:15:00,0.0
2025-12-13 20:30:00,0.0
2025-12-13 20:45:00,0.0
2025-12-13 21:00:00,0.0
2025-12-13 21:15:00,0.0
2025-12-13 21:30:00,0.0
2025-12-13 21:45:00,0.0
2025-12-13 22:00:00,0.0
2025-12-13 22:15:00,0.0
2025-12-13 22:30:00,0.0
2025-12-13 22:45:00,0.0
2025-12-13 23:00:00,0.0
2025-12-13 23:15:00,0.0
2025-12-13 23:30:00,0.0
2025-12-13 23:45:00,0.0
2025-12-14 00:00:00,0.0
2025-12-14 00:15:00,0.0
2025-12-14 00:30:00,0.0
2025-12-14 00:45:00,0.0
2025-12-14 01:00:00,0.0
2025-12-14 01:15:00,0.0
2025-12-14 01:30:00,0.0
2025-12-14 01:45:00,0.0
2025-12-14 02:00:00,0.0
2025-12-14 02:15:00,0.0
2025-12-14 02:30:00,0.0
2025-12-14 02:45:00,0.0
2025-12-14 03:00:00,0.0
2025-12-14 03:15:00,0.0
2025-12-14 03:30:00,0.0
2025-12-14 03:45:00,0.0
2025-12-14 04:00:00,0.0
2025-12-14 04:15:00,0.0
2025-12-14 04:30:00,0.0
2025-12-14 04:45:00,0.0
2025-12-14 05:00:00,0.0
2025-12-14 05:15:00,0.0
2025-12-14 05:30:00,0.0
2025-12-14 05:45:00,0.0
2025-12-14 06:00:00,0.0
2025-12-14 06:15:00,0.0
2025-12-14 06:30:00,0.025
2025-12-14 06:45:00,0.645
2025-12-14 07:00:00,8.63
2025-12-14 07:15:00,39.944
2025-12-14 07:30:00,75.465
2025-12-14 07:45:00,120.146
2025-12-14 08:00:00,179.497
2025-12-14 08:15:00,240.662
2025-12-14 08:30:00,320.83
2025-12-14 08:45:00,388.841
2025-12-14 09:00:00,464.656
2025-12-14 09:15:00,510.831
2025-12-14 09:30:00,526.115
2025-12-14 09:45:00,577.367
2025-12-14 10:00:00,570.192
2025-12-14 10:15:00,629.158
2025-12-14 10:30:00,729.232
2025-12-14 10:45:00,810.403
2025-12-14 11:00:00,936.273
2025-12-14 11:15:00,935.113
2025-12-14 11:30:00,965.819
2025-12-14 11:45:00,776.285
2025-12-14 12:00:00,915.987
2025-12-14 12:15:00,988.336
2025-12-14 12:30:00,1032.588
2025-12-14 12:45:00,973.18
2025-12-14 13:00:00,966.493
2025-12-14 13:15:00,834.884
2025-12-14 13:30:00,845.432
2025-12-14 13:45:00,749.288
2025-12-14 14:00:00,703.423
2025-12-14 14:15:00,625.951
2025-12-14 14:30:00,670.489
2025-12-14 14:45:00,629.605
2025-12-14 15:00:00,553.708
2025-12-14 15:15:00,553.133
2025-12-14 15:30:00,483.469
2025-12-14 15:45:00,408.411
2025-12-14 16:00:00,331.343
2025-12-14 16:15:00,254.77
2025-12-14 16:30:00,192.95
2025-12-14 16:45:00,133.064
2025-12-14 17:00:00,80.074
2025-12-14 17:15:00,41.722
2025-12-14 17:30:00,11.438
2025-12-14 17:45:00,0.618
2025-12-14 18:00:00,0.025
2025-12-14 18:15:00,0.0
2025-12-14 18:30:00,0.0
2025-12-14 18:45:00,0.0
2025-12-14 19:00:00,0.0
2025-12-14 19:15:00,0.0
2025-12-14 19:30:00,0.0
2025-12-14 19:45:00,0.0
2025-12-14 20:00:00,0.0
2025-12-14 20:15:00,0.0
2025-12-14 20:30:00,0.0
2025-12-14 20:45:00,0.0
2025-12-14 21:00:00,0.0
2025-12-14 21:15:00,0.0
2025-12-14 21:30:00,0.0
2025-12-14 21:45:00,0.0
2025-12-14 22:00:00,0.0
2025-12-14 22:15:00,0.0
2025-12-14 22:30:00,0.0
2025-12-14 22:45:00,0.0
2025-12-14 23:00:00,0.0
2025-12-14 23:15:00,0.0
2025-12-14 23:30:00,0.0
2025-12-14 23:45:00,0.0
2025-12-15 00:00:00,0.0
2025-12-15 00:15:00,0.0
2025-12-15 00:30:00,0.0
2025-12-15 00:45:00,0.0
2025-12-15 01:00:00,0.0
2025-12-15 01:15:00,0.0
2025-12-15 01:30:00,0.0
2025-12-15 01:45:00,0.0
2025-12-15 02:00:00,0.0
2025-12-15 02:15:00,0.0
2025-12-15 02:30:00,0.0
2025-12-15 02:45:00,0.0
2025-12-15 03:00:00,0.0
2025-12-15 03:15:00,0.0
2025-12-15 03:30:00,0.0
2025-12-15 03:45:00,0.0
2025-12-15 04:00:00,0.0
2025-12-15 04:15:00,0.0
2025-12-15 04:30:00,0.0
2025-12-15 04:45:00,0.0
2025-12-15 05:00:00,0.0
2025-12-15 05:15:00,0.0
2025-12-15 05:30:00,0.0
2025-12-15 05:45:00,0.0
2025-12-15 06:00:00,0.0
2025-12-15 06:15:00,0.0
2025-12-15 06:30:00,0.025
2025-12-15 06:45:00,0.558
2025-12-15 07:00:00,8.618
2025-12-15 07:15:00,36.344
2025-12-15 07:30:00,67.415
2025-12-15 07:45:00,105.708
2025-12-15 08:00:00,157.869
2025-12-15 08:15:00,209.328
2025-12-15 08:30:00,274.376
2025-12-15 08:45:00,331.455
2025-12-15 09:00:00,395.392
2025-12-15 09:15:00,457.104
2025-12-15 09:30:00,503.126
2025-12-15 09:45:00,550.526
2025-12-15 10:00:00,586.792
2025-12-15 10:15:00,604.419
2025-12-15 10:30:00,626.262
2025-12-15 10:45:00,648.213
2025-12-15 11:00:00,668.213
2025-12-15 11:15:00,690.691
2025-12-15 11:30:00,681.39
2025-12-15 11:45:00,709.792
2025-12-15 12:00:00,729.913
2025-12-15 12:15:00,732.529
2025-12-15 12:30:00,726.619
2025-12-15 12:45:00,733.906
2025-12-15 13:00:00,716.31
2025-12-15 13:15:00,711.271
2025-12-15 13:30:00,670.724
2025-12-15 13:45:00,663.238
2025-12-15 14:00:00,637.071
2025-12-15 14:15:00,634.014
2025-12-15 14:30:00,597.892
2025-12-15 14:45:00,539.024
2025-12-15 15:00:00,485.43
2025-12-15 15:15:00,444.564
2025-12-15 15:30:00,389.862
2025-12-15 15:45:00,318.61
2025-12-15 16:00:00,263.951
2025-12-15 16:15:00,202.631
2025-12-15 16:30:00,151.538
2025-12-15 16:45:00,98.086
2025-12-15 17:00:00,58.113
2025-12-15 17:15:00,32.553
2025-12-15 17:30:00,8.268
2025-12-15 17:45:00,1.263
2025-12-15 18:00:00,0.025
2025-12-15 18:15:00,0.0
2025-12-15 18:30:00,0.0
2025-12-15 18:45:00,0.0
2025-12-15 19:00:00,0.0
2025-12-15 19:15:00,0.0
2025-12-15 19:30:00,0.0
2025-12-15 19:45:00,0.0
2025-12-15 20:00:00,0.0
2025-12-15 20:15:00,0.0
2025-12-15 20:30:00,0.0
2025-12-15 20:45:00,0.0
2025-12-15 21:00:00,0.0
2025-12-15 21:15:00,0.0
2025-12-15 21:30:00,0.0
2025-12-15 21:45:00,0.0
2025-12-15 22:00:00,0.0
2025-12-15 22:15:00,0.0
2025-12-15 22:30:00,0.0
2025-12-15 22:45:00,0.0
2025-12-15 23:00:00,0.0
2025-12-15 23:15:00,0.0
2025-12-15 23:30:00,0.0
2025-12-15 23:45:00,0.0
2025-12-16 00:00:00,0.0
2025-12-16 00:15:00,0.0
2025-12-16 00:30:00,0.0
2025-12-16 00:45:00,0.0
2025-12-16 01:00:00,0.0
2025-12-16 01:15:00,0.0
2025-12-16 01:30:00,0.0
2025-12-16 01:45:00,0.0
2025-12-16 02:00:00,0.0
2025-12-16 02:15:00,0.0
2025-12-16 02:30:00,0.0
2025-12-16 02:45:00,0.0
2025-12-16 03:00:00,0.0
2025-12-16 03:15:00,0.0
2025-12-16 03:30:00,0.0
2025-12-16 03:45:00,0.0
2025-12-16 04:00:00,0.0
2025-12-16 04:15:00,0.0
2025-12-16 04:30:00,0.0
2025-12-16 04:45:00,0.0
2025-12-16 05:00:00,0.0
2025-12-16 05:15:00,0.0
2025-12-16 05:30:00,0.0
2025-12-16 05:45:00,0.0
2025-12-16 06:00:00,0.0
2025-12-16 06:15:00,0.0
2025-12-16 06:30:00,0.025
2025-12-16 06:45:00,0.405
2025-12-16 07:00:00,5.915
2025-12-16 07:15:00,33.158
2025-12-16 07:30:00,61.685
2025-12-16 07:45:00,99.449
2025-12-16 08:00:00,146.926
2025-12-16 08:15:00,202.147
2025-12-16 08:30:00,262.814
2025-12-16 08:45:00,328.942
2025-12-16 09:00:00,388.637
2025-12-16 09:15:00,446.76
2025-12-16 09:30:00,497.492
2025-12-16 09:45:00,541.488
2025-12-16 10:00:00,589.333
2025-12-16 10:15:00,593.046
2025-12-16 10:30:00,608.133
2025-12-16 10:45:00,630.854
2025-12-16 11:00:00,643.886
2025-12-16 11:15:00,644.311
2025-12-16 11:30:00,657.344
2025-12-16 11:45:00,667.464
2025-12-16 12:00:00,679.77
2025-12-16 12:15:00,669.59
2025-12-16 12:30:00,672.355
2025-12-16 12:45:00,670.479
2025-12-16 13:00:00,660.622
2025-12-16 13:15:00,658.785
2025-12-16 13:30:00,657.001
2025-12-16 13:45:00,616.811
2025-12-16 14:00:00,591.946
2025-12-16 14:15:00,559.23
2025-12-16 14:30:00,510.154
2025-12-16 14:45:00,453.665
2025-12-16 15:00:00,403.172
2025-12-16 15:15:00,356.003
2025-12-16 15:30:00,302.079
2025-12-16 15:45:00,246.32
2025-12-16 16:00:00,191.721
2025-12-16 16:15:00,137.791
2025-12-16 16:30:00,103.675
2025-12-16 16:45:00,69.925
2025-12-16 17:00:00,39.686
2025-12-16 17:15:00,20.428
2025-12-16 17:30:00,4.067
2025-12-16 17:45:00,0.412
2025-12-16 18:00:00,0.025
2025-12-16 18:15:00,0.0
2025-12-16 18:30:00,0.0
2025-12-16 18:45:00,0.0
2025-12-16 19:00:00,0.0
2025-12-16 19:15:00,0.0
2025-12-16 19:30:00,0.0
2025-12-16 19:45:00,0.0
2025-12-16 20:00:00,0.0
2025-12-16 20:15:00,0.0
2025-12-16 20:30:00,0.0
2025-12-16 20:45:00,0.0
2025-12-16 21:00:00,0.0
2025-12-16 21:15:00,0.0
2025-12-16 21:30:00,0.0
2025-12-16 21:45:00,0.0
2025-12-16 22:00:00,0.0
2025-12-16 22:15:00,0.0
2025-12-16 22:30:00,0.0
2025-12-16 22:45:00,0.0
2025-12-16 23:00:00,0.0
2025-12-16 23:15:00,0.0
2025-12-16 23:30:00,0.0
2025-12-16 23:45:00,0.0
2025-12-17 00:00:00,0.0
2025-12-17 00:15:00,0.0
2025-12-17 00:30:00,0.0
2025-12-17 00:45:00,0.0
2025-12-17 01:00:00,0.0
2025-12-17 01:15:00,0.0
2025-12-17 01:30:00,0.0
2025-12-17 01:45:00,0.0
2025-12-17 02:00:00,0.0
2025-12-17 02:15:00,0.0
2025-12-17 02:30:00,0.0
2025-12-17 02:45:00,0.0
2025-12-17 03:00:00,0.0
2025-12-17 03:15:00,0.0
2025-12-17 03:30:00,0.0
2025-12-17 03:45:00,0.0
2025-12-17 04:00:00,0.0
2025-12-17 04:15:00,0.0
2025-12-17 04:30:00,0.0
2025-12-17 04:45:00,0.0
2025-12-17 05:00:00,0.0
2025-12-17 05:15:00,0.0
2025-12-17 05:30:00,0.0
2025-12-17 05:45:00,0.0
2025-12-17 06:00:00,0.0
2025-12-17 06:15:00,0.0
2025-12-17 06:30:00,0.025
2025-12-17 06:45:00,0.18
2025-12-17 07:00:00,3.13
2025-12-17 07:15:00,22.678
2025-12-17 07:30:00,43.473
2025-12-17 07:45:00,71.616
2025-12-17 08:00:00,106.736
2025-12-17 08:15:00,148.511
2025-12-17 08:30:00,181.081
2025-12-17 08:45:00,217.215
2025-12-17 09:00:00,283.731
2025-12-17 09:15:00,324.223
2025-12-17 09:30:00,367.96
2025-12-17 09:45:00,384.089
2025-12-17 10:00:00,453.942
2025-12-17 10:15:00,484.509
2025-12-17 10:30:00,492.076
2025-12-17 10:45:00,519.308
2025-12-17 11:00:00,516.78
2025-12-17 11:15:00,540.977
2025-12-17 11:30:00,559.863
2025-12-17 11:45:00,377.065
2025-12-17 12:00:00,546.276
2025-12-17 12:15:00,528.833
2025-12-17 12:30:00,544.74
2025-12-17 12:45:00,497.161
2025-12-17 13:00:00,598.964
2025-12-17 13:15:00,591.992
2025-12-17 13:30:00,619.214
2025-12-17 13:45:00,479.846
2025-12-17 14:00:00,465.869
2025-12-17 14:15:00,358.479
2025-12-17 14:30:00,328.311
2025-12-17 14:45:00,234.052
2025-12-17 15:00:00,284.782
2025-12-17 15:15:00,257.841
2025-12-17 15:30:00,263.796
2025-12-17 15:45:00,260.683
2025-12-17 16:00:00,237.855
2025-12-17 16:15:00,175.879
2025-12-17 16:30:00,125.27
2025-12-17 16:45:00,83.704
2025-12-17 17:00:00,56.483
2025-12-17 17:15:00,30.111
2025-12-17 17:30:00,3.756
2025-12-17 17:45:00,0.522
2025-12-17 18:00:00,0.025
2025-12-17 18:15:00,0.0
2025-12-17 18:30:00,0.0
2025-12-17 18:45:00,0.0
2025-12-17 19:00:00,0.0
2025-12-17 19:15:00,0.0
2025-12-17 19:30:00,0.0
2025-12-17 19:45:00,0.0
2025-12-17 20:00:00,0.0
2025-12-17 20:15:00,0.0
2025-12-17 20:30:00,0.0
2025-12-17 20:45:00,0.0
2025-12-17 21:00:00,0.0
2025-12-17 21:15:00,0.0
2025-12-17 21:30:00,0.0
2025-12-17 21:45:00,0.0
2025-12-17 22:00:00,0.0
2025-12-17 22:15:00,0.0
2025-12-17 22:30:00,0.0
2025-12-17 22:45:00,0.0
2025-12-17 23:00:00,0.0
2025-12-17 23:15:00,0.0
2025-12-17 23:30:00,0.0
2025-12-17 23:45:00,0.0
2025-12-18 00:00:00,0.0
2025-12-18 00:15:00,0.0
2025-12-18 00:30:00,0.0
2025-12-18 00:45:00,0.0
2025-12-18 01:00:00,0.0
2025-12-18 01:15:00,0.0
2025-12-18 01:30:00,0.0
2025-12-18 01:45:00,0.0
2025-12-18 02:00:00,0.0
2025-12-18 02:15:00,0.0
2025-12-18 02:30:00,0.0
2025-12-18 02:45:00,0.0
2025-12-18 03:00:00,0.0
2025-12-18 03:15:00,0.0
2025-12-18 03:30:00,0.0
2025-12-18 03:45:00,0.0
2025-12-18 04:00:00,0.0
2025-12-18 04:15:00,0.0
2025-12-18 04:30:00,0.0
2025-12-18 04:45:00,0.0
2025-12-18 05:00:00,0.0
2025-12-18 05:15:00,0.0
2025-12-18 05:30:00,0.0
2025-12-18 05:45:00,0.0
2025-12-18 06:00:00,0.0
2025-12-18 06:15:00,0.0
2025-12-18 06:30:00,0.025
2025-12-18 06:45:00,0.188
2025-12-18 07:00:00,4.293
2025-12-18 07:15:00,25.764
2025-12-18 07:30:00,56.289
2025-12-18 07:45:00,95.24
2025-12-18 08:00:00,144.835
2025-12-18 08:15:00,198.854
2025-12-18 08:30:00,268.226
2025-12-18 08:45:00,327.828
2025-12-18 09:00:00,395.523
2025-12-18 09:15:00,463.72
2025-12-18 09:30:00,518.584
2025-12-18 09:45:00,609.868
2025-12-18 10:00:00,670.174
2025-12-18 10:15:00,719.828
2025-12-18 10:30:00,771.764
2025-12-18 10:45:00,827.72
2025-12-18 11:00:00,844.637
2025-12-18 11:15:00,847.437
2025-12-18 11:30:00,830.478
2025-12-18 11:45:00,919.929
2025-12-18 12:00:00,930.702
2025-12-18 12:15:00,941.566
2025-12-18 12:30:00,927.439
2025-12-18 12:45:00,890.397
2025-12-18 13:00:00,881.437
2025-12-18 13:15:00,872.57
2025-12-18 13:30:00,857.278
2025-12-18 13:45:00,695.027
2025-12-18 14:00:00,577.869
2025-12-18 14:15:00,395.202
2025-12-18 14:30:00,388.949
2025-12-18 14:45:00,260.928
2025-12-18 15:00:00,471.991
2025-12-18 15:15:00,417.48
2025-12-18 15:30:00,350.656
2025-12-18 15:45:00,298.994
2025-12-18 16:00:00,237.921
2025-12-18 16:15:00,182.339
2025-12-18 16:30:00,152.049
2025-12-18 16:45:00,100.501
2025-12-18 17:00:00,66.248
2025-12-18 17:15:00,38.857
2025-12-18 17:30:00,10.458
2025-12-18 17:45:00,0.683
2025-12-18 18:00:00,0.025
2025-12-18 18:15:00,0.0
2025-12-18 18:30:00,0.0
2025-12-18 18:45:00,0.0
2025-12-18 19:00:00,0.002
2025-12-18 19:15:00,0.0
2025-12-18 19:30:00,0.0
2025-12-18 19:45:00,0.0
2025-12-18 20:00:00,0.0
2025-12-18 20:15:00,0.0
2025-12-18 20:30:00,0.0
2025-12-18 20:45:00,0.0
2025-12-18 21:00:00,0.0
2025-12-18 21:15:00,0.0
2025-12-18 21:30:00,0.0
2025-12-18 21:45:00,0.0
2025-12-18 22:00:00,0.0
2025-12-18 22:15:00,0.0
2025-12-18 22:30:00,0.0
2025-12-18 22:45:00,0.0
2025-12-18 23:00:00,0.0
2025-12-18 23:15:00,0.0
2025-12-18 23:30:00,0.0
2025-12-18 23:45:00,0.0
2025-12-19 00:00:00,0.0
2025-12-19 00:15:00,0.0
2025-12-19 00:30:00,0.0
2025-12-19 00:45:00,0.0
2025-12-19 01:00:00,0.0
2025-12-19 01:15:00,0.0
2025-12-19 01:30:00,0.0
2025-12-19 01:45:00,0.0
2025-12-19 02:00:00,0.0
2025-12-19 02:15:00,0.0
2025-12-19 02:30:00,0.0
2025-12-19 02:45:00,0.0
2025-12-19 03:00:00,0.0
2025-12-19 03:15:00,0.0
2025-12-19 03:30:00,0.0
2025-12-19 03:45:00,0.0
2025-12-19 04:00:00,0.0
2025-12-19 04:15:00,0.0
2025-12-19 04:30:00,0.0
2025-12-19 04:45:00,0.0
2025-12-19 05:00:00,0.0
2025-12-19 05:15:00,0.0
2025-12-19 05:30:00,0.0
2025-12-19 05:45:00,0.0
2025-12-19 06:00:00,0.0
2025-12-19 06:15:00,0.0
2025-12-19 06:30:00,0.025
2025-12-19 06:45:00,0.18
2025-12-19 07:00:00,2.703
2025-12-19 07:15:00,26.527
2025-12-19 07:30:00,56.716
2025-12-19 07:45:00,96.917
2025-12-19 08:00:00,144.633
2025-12-19 08:15:00,198.401
2025-12-19 08:30:00,259.845
2025-12-19 08:45:00,269.384
2025-12-19 09:00:00,298.604
2025-12-19 09:15:00,341.056
2025-12-19 09:30:00,399.515
2025-12-19 09:45:00,428.924
2025-12-19 10:00:00,436.668
2025-12-19 10:15:00,437.852
2025-12-19 10:30:00,416.488
2025-12-19 10:45:00,409.699
2025-12-19 11:00:00,436.654
2025-12-19 11:15:00,366.636
2025-12-19 11:30:00,338.98
2025-12-19 11:45:00,245.167
2025-12-19 12:00:00,487.559
2025-12-19 12:15:00,473.306
2025-12-19 12:30:00,499.165
2025-12-19 12:45:00,403.095
2025-12-19 13:00:00,597.944
2025-12-19 13:15:00,456.115
2025-12-19 13:30:00,504.02
2025-12-19 13:45:00,387.294
2025-12-19 14:00:00,342.908
2025-12-19 14:15:00,249.73
2025-12-19 14:30:00,195.845
2025-12-19 14:45:00,159.017
2025-12-19 15:00:00,159.422
2025-12-19 15:15:00,256.896
2025-12-19 15:30:00,333.159
2025-12-19 15:45:00,218.551
2025-12-19 16:00:00,168.574
2025-12-19 16:15:00,127.309
2025-12-19 16:30:00,111.949
2025-12-19 16:45:00,74.25
2025-12-19 17:00:00,53.897
2025-12-19 17:15:00,24.107
2025-12-19 17:30:00,5.327
2025-12-19 17:45:00,1.24
2025-12-19 18:00:00,0.32
2025-12-19 18:15:00,0.0
2025-12-19 18:30:00,0.0
2025-12-19 18:45:00,0.0
2025-12-19 19:00:00,0.0
2025-12-19 19:15:00,0.0
2025-12-19 19:30:00,0.0
2025-12-19 19:45:00,0.0
2025-12-19 20:00:00,0.0
2025-12-19 20:15:00,0.0
2025-12-19 20:30:00,0.0
2025-12-19 20:45:00,0.0
2025-12-19 21:00:00,0.0
2025-12-19 21:15:00,0.0
2025-12-19 21:30:00,0.0
2025-12-19 21:45:00,0.0
2025-12-19 22:00:00,0.0
2025-12-19 22:15:00,0.0
2025-12-19 22:30:00,0.0
2025-12-19 22:45:00,0.0
2025-12-19 23:00:00,0.0
2025-12-19 23:15:00,0.0
2025-12-19 23:30:00,0.0
2025-12-19 23:45:00,0.0
2025-12-20 00:00:00,0.0
2025-12-20 00:15:00,0.0
2025-12-20 00:30:00,0.0
2025-12-20 00:45:00,0.0
2025-12-20 01:00:00,0.0
2025-12-20 01:15:00,0.0
2025-12-20 01:30:00,0.0
2025-12-20 01:45:00,0.0
2025-12-20 02:00:00,0.0
2025-12-20 02:15:00,0.0
2025-12-20 02:30:00,0.0
2025-12-20 02:45:00,0.0
2025-12-20 03:00:00,0.0
2025-12-20 03:15:00,0.0
2025-12-20 03:30:00,0.0
2025-12-20 03:45:00,0.0
2025-12-20 04:00:00,0.0
2025-12-20 04:15:00,0.0
2025-12-20 04:30:00,0.0
2025-12-20 04:45:00,0.0
2025-12-20 05:00:00,0.0
2025-12-20 05:15:00,0.0
2025-12-20 05:30:00,0.0
2025-12-20 05:45:00,0.0
2025-12-20 06:00:00,0.0
2025-12-20 06:15:00,0.0
2025-12-20 06:30:00,0.025
2025-12-20 06:45:00,0.172
2025-12-20 07:00:00,1.88
2025-12-20 07:15:00,15.287
2025-12-20 07:30:00,34.262
2025-12-20 07:45:00,56.287
2025-12-20 08:00:00,83.365
2025-12-20 08:15:00,109.936
2025-12-20 08:30:00,151.09
2025-12-20 08:45:00,172.024
2025-12-20 09:00:00,205.842
2025-12-20 09:15:00,238.048
2025-12-20 09:30:00,268.502
2025-12-20 09:45:00,293.459
2025-12-20 10:00:00,322.364
2025-12-20 10:15:00,346.92
2025-12-20 10:30:00,287.168
2025-12-20 10:45:00,308.751
2025-12-20 11:00:00,335.052
2025-12-20 11:15:00,340.191
2025-12-20 11:30:00,446.102
2025-12-20 11:45:00,457.136
2025-12-20 12:00:00,444.578
2025-12-20 12:15:00,440.675
2025-12-20 12:30:00,448.436
2025-12-20 12:45:00,442.827
2025-12-20 13:00:00,432.449
2025-12-20 13:15:00,406.75
2025-12-20 13:30:00,380.07
2025-12-20 13:45:00,354.414
2025-12-20 14:00:00,324.223
2025-12-20 14:15:00,287.798
2025-12-20 14:30:00,266.774
2025-12-20 14:45:00,232.061
2025-12-20 15:00:00,203.251
2025-12-20 15:15:00,177.47
2025-12-20 15:30:00,151.068
2025-12-20 15:45:00,116.891
2025-12-20 16:00:00,100.593
2025-12-20 16:15:00,68.436
2025-12-20 16:30:00,52.529
2025-12-20 16:45:00,35.124
2025-12-20 17:00:00,23.028
2025-12-20 17:15:00,12.551
2025-12-20 17:30:00,3.482
2025-12-20 17:45:00,0.543
2025-12-20 18:00:00,0.398
2025-12-20 18:15:00,0.0
2025-12-20 18:30:00,0.0
2025-12-20 18:45:00,0.0
2025-12-20 19:00:00,0.0
2025-12-20 19:15:00,0.0
2025-12-20 19:30:00,0.0
2025-12-20 19:45:00,0.0
2025-12-20 20:00:00,0.0
2025-12-20 20:15:00,0.0
2025-12-20 20:30:00,0.0
2025-12-20 20:45:00,0.0
2025-12-20 21:00:00,0.0
2025-12-20 21:15:00,0.0
2025-12-20 21:30:00,0.0
2025-12-20 21:45:00,0.0
2025-12-20 22:00:00,0.0
2025-12-20 22:15:00,0.0
2025-12-20 22:30:00,0.0
2025-12-20 22:45:00,0.0
2025-12-20 23:00:00,0.0
2025-12-20 23:15:00,0.0
2025-12-20 23:30:00,0.0
2025-12-20 23:45:00,0.0
2025-12-21 00:00:00,0.0
2025-12-21 00:15:00,0.0
2025-12-21 00:30:00,0.0
2025-12-21 00:45:00,0.0
2025-12-21 01:00:00,0.0
2025-12-21 01:15:00,0.0
2025-12-21 01:30:00,0.0
2025-12-21 01:45:00,0.0
2025-12-21 02:00:00,0.0
2025-12-21 02:15:00,0.0
2025-12-21 02:30:00,0.0
2025-12-21 02:45:00,0.0
2025-12-21 03:00:00,0.0
2025-12-21 03:15:00,0.0
2025-12-21 03:30:00,0.0
2025-12-21 03:45:00,0.0
2025-12-21 04:00:00,0.0
2025-12-21 04:15:00,0.0
2025-12-21 04:30:00,0.0
2025-12-21 04:45:00,0.0
2025-12-21 05:00:00,0.0
2025-12-21 05:15:00,0.0
2025-12-21 05:30:00,0.0
2025-12-21 05:45:00,0.0
2025-12-21 06:00:00,0.0
2025-12-21 06:15:00,0.0
2025-12-21 06:30:00,0.025
2025-12-21 06:45:00,0.032
2025-12-21 07:00:00,1.065
2025-12-21 07:15:00,9.71
2025-12-21 07:30:00,18.394
2025-12-21 07:45:00,32.83
2025-12-21 08:00:00,50.838
2025-12-21 08:15:00,73.273
2025-12-21 08:30:00,95.5
2025-12-21 08:45:00,115.877
2025-12-21 09:00:00,138.408
2025-12-21 09:15:00,164.861
2025-12-21 09:30:00,184.034
2025-12-21 09:45:00,205.002
2025-12-21 10:00:00,225.513
2025-12-21 10:15:00,232.74
2025-12-21 10:30:00,243.497
2025-12-21 10:45:00,256.41
2025-12-21 11:00:00,260.759
2025-12-21 11:15:00,275.427
2025-12-21 11:30:00,281.273
2025-12-21 11:45:00,294.621
2025-12-21 12:00:00,293.028
2025-12-21 12:15:00,308.53
2025-12-21 12:30:00,288.655
2025-12-21 12:45:00,283.868
2025-12-21 13:00:00,287.097
2025-12-21 13:15:00,275.634
2025-12-21 13:30:00,266.616
2025-12-21 13:45:00,250.858
2025-12-21 14:00:00,231.671
2025-12-21 14:15:00,201.809
2025-12-21 14:30:00,219.599
2025-12-21 14:45:00,191.928
2025-12-21 15:00:00,176.059
2025-12-21 15:15:00,167.904
2025-12-21 15:30:00,143.268
2025-12-21 15:45:00,124.114
2025-12-21 16:00:00,98.439
2025-12-21 16:15:00,77.504
2025-12-21 16:30:00,59.493
2025-12-21 16:45:00,41.826
2025-12-21 17:00:00,26.506
2025-12-21 17:15:00,14.668
2025-12-21 17:30:00,5.385
2025-12-21 17:45:00,0.48
2025-12-21 18:00:00,0.025
2025-12-21 18:15:00,0.02
2025-12-21 18:30:00,0.0
2025-12-21 18:45:00,0.0
2025-12-21 19:00:00,0.0
2025-12-21 19:15:00,0.0
2025-12-21 19:30:00,0.0
2025-12-21 19:45:00,0.0
2025-12-21 20:00:00,0.0
2025-12-21 20:15:00,0.0
2025-12-21 20:30:00,0.0
2025-12-21 20:45:00,0.0
2025-12-21 21:00:00,0.0
2025-12-21 21:15:00,0.0
2025-12-21 21:30:00,0.0
2025-12-21 21:45:00,0.0
2025-12-21 22:00:00,0.0
2025-12-21 22:15:00,0.0
2025-12-21 22:30:00,0.0
2025-12-21 22:45:00,0.0
2025-12-21 23:00:00,0.0
2025-12-21 23:15:00,0.0
2025-12-21 23:30:00,0.0
2025-12-21 23:45:00,0.0
2025-12-22 00:00:00,0.0
2025-12-22 00:15:00,0.0
2025-12-22 00:30:00,0.0
2025-12-22 00:45:00,0.0
2025-12-22 01:00:00,0.0
2025-12-22 01:15:00,0.0
2025-12-22 01:30:00,0.0
2025-12-22 01:45:00,0.0
2025-12-22 02:00:00,0.0
2025-12-22 02:15:00,0.0
2025-12-22 02:30:00,0.0
2025-12-22 02:45:00,0.0
2025-12-22 03:00:00,0.0
2025-12-22 03:15:00,0.0
2025-12-22 03:30:00,0.0
2025-12-22 03:45:00,0.0
2025-12-22 04:00:00,0.0
2025-12-22 04:15:00,0.0
2025-12-22 04:30:00,0.0
2025-12-22 04:45:00,0.0
2025-12-22 05:00:00,0.0
2025-12-22 05:15:00,0.0
2025-12-22 05:30:00,0.0
2025-12-22 05:45:00,0.0
2025-12-22 06:00:00,0.0
2025-12-22 06:15:00,0.0
2025-12-22 06:30:00,0.025
2025-12-22 06:45:00,0.065
2025-12-22 07:00:00,1.582
2025-12-22 07:15:00,12.943
2025-12-22 07:30:00,27.157
2025-12-22 07:45:00,46.903
2025-12-22 08:00:00,69.518
2025-12-22 08:15:00,94.897
2025-12-22 08:30:00,122.24
2025-12-22 08:45:00,144.543
2025-12-22 09:00:00,170.689
2025-12-22 09:15:00,201.38
2025-12-22 09:30:00,220.549
2025-12-22 09:45:00,247.782
2025-12-22 10:00:00,267.362
2025-12-22 10:15:00,278.515
2025-12-22 10:30:00,279.46
2025-12-22 10:45:00,295.842
2025-12-22 11:00:00,309.945
2025-12-22 11:15:00,327.975
2025-12-22 11:30:00,358.722
2025-12-22 11:45:00,345.751
2025-12-22 12:00:00,381.398
2025-12-22 12:15:00,373.044
2025-12-22 12:30:00,365.341
2025-12-22 12:45:00,355.044
2025-12-22 13:00:00,347.325
2025-12-22 13:15:00,329.274
2025-12-22 13:30:00,312.821
2025-12-22 13:45:00,280.739
2025-12-22 14:00:00,261.258
2025-12-22 14:15:00,258.479
2025-12-22 14:30:00,231.72
2025-12-22 14:45:00,200.061
2025-12-22 15:00:00,190.213
2025-12-22 15:15:00,163.803
2025-12-22 15:30:00,136.837
2025-12-22 15:45:00,113.633
2025-12-22 16:00:00,97.72
2025-12-22 16:15:00,75.437
2025-12-22 16:30:00,57.084
2025-12-22 16:45:00,36.487
2025-12-22 17:00:00,23.825
2025-12-22 17:15:00,11.182
2025-12-22 17:30:00,2.055
2025-12-22 17:45:00,0.368
2025-12-22 18:00:00,0.083
2025-12-22 18:15:00,0.0
2025-12-22 18:30:00,0.0
2025-12-22 18:45:00,0.0
2025-12-22 19:00:00,0.0
2025-12-22 19:15:00,0.0
2025-12-22 19:30:00,0.0
2025-12-22 19:45:00,0.0
2025-12-22 20:00:00,0.0
2025-12-22 20:15:00,0.0
2025-12-22 20:30:00,0.0
2025-12-22 20:45:00,0.0
2025-12-22 21:00:00,0.0
2025-12-22 21:15:00,0.0
2025-12-22 21:30:00,0.0
2025-12-22 21:45:00,0.0
2025-12-22 22:00:00,0.0
2025-12-22 22:15:00,0.0
2025-12-22 22:30:00,0.0
2025-12-22 22:45:00,0.0
2025-12-22 23:00:00,0.0
2025-12-22 23:15:00,0.0
2025-12-22 23:30:00,0.0
2025-12-22 23:45:00,0.0
2025-12-23 00:00:00,0.0
2025-12-23 00:15:00,0.0
2025-12-23 00:30:00,0.0
2025-12-23 00:45:00,0.0
2025-12-23 01:00:00,0.0
2025-12-23 01:15:00,0.0
2025-12-23 01:30:00,0.0
2025-12-23 01:45:00,0.0
2025-12-23 02:00:00,0.0
2025-12-23 02:15:00,0.0
2025-12-23 02:30:00,0.0
2025-12-23 02:45:00,0.0
2025-12-23 03:00:00,0.0
2025-12-23 03:15:00,0.0
2025-12-23 03:30:00,0.0
2025-12-23 03:45:00,0.0
2025-12-23 04:00:00,0.0
2025-12-23 04:15:00,0.0
2025-12-23 04:30:00,0.0
2025-12-23 04:45:00,0.0
2025-12-23 05:00:00,0.0
2025-12-23 05:15:00,0.0
2025-12-23 05:30:00,0.0
2025-12-23 05:45:00,0.0
2025-12-23 06:00:00,0.0
2025-12-23 06:15:00,0.0
2025-12-23 06:30:00,0.025
2025-12-23 06:45:00,0.105
2025-12-23 07:00:00,1.005
2025-12-23 07:15:00,9.492
2025-12-23 07:30:00,16.1
2025-12-23 07:45:00,24.865
2025-12-23 08:00:00,36.055
2025-12-23 08:15:00,45.887
2025-12-23 08:30:00,49.021
2025-12-23 08:45:00,55.869
2025-12-23 09:00:00,64.582
2025-12-23 09:15:00,77.057
2025-12-23 09:30:00,85.301
2025-12-23 09:45:00,98.005
2025-12-23 10:00:00,105.793
2025-12-23 10:15:00,112.532
2025-12-23 10:30:00,127.179
2025-12-23 10:45:00,138.21
2025-12-23 11:00:00,142.544
2025-12-23 11:15:00,148.659
2025-12-23 11:30:00,158.332
2025-12-23 11:45:00,160.896
2025-12-23 12:00:00,160.877
2025-12-23 12:15:00,164.5
2025-12-23 12:30:00,157.837
2025-12-23 12:45:00,151.116
2025-12-23 13:00:00,148.113
2025-12-23 13:15:00,150.395
2025-12-23 13:30:00,148.266
2025-12-23 13:45:00,135.553
2025-12-23 14:00:00,128.26
2025-12-23 14:15:00,117.173
2025-12-23 14:30:00,106.488
2025-12-23 14:45:00,96.394
2025-12-23 15:00:00,88.432
2025-12-23 15:15:00,77.99
2025-12-23 15:30:00,68.827
2025-12-23 15:45:00,58.822
2025-12-23 16:00:00,47.945
2025-12-23 16:15:00,35.452
2025-12-23 16:30:00,25.864
2025-12-23 16:45:00,17.935
2025-12-23 17:00:00,11.743
2025-12-23 17:15:00,7.819
2025-12-23 17:30:00,1.197
2025-12-23 17:45:00,0.18
2025-12-23 18:00:00,0.105
2025-12-23 18:15:00,0.035
2025-12-23 18:30:00,0.0
2025-12-23 18:45:00,0.0
2025-12-23 19:00:00,0.0
2025-12-23 19:15:00,0.0
2025-12-23 19:30:00,0.0
2025-12-23 19:45:00,0.0
2025-12-23 20:00:00,0.0
2025-12-23 20:15:00,0.0
2025-12-23 20:30:00,0.0
2025-12-23 20:45:00,0.0
2025-12-23 21:00:00,0.0
2025-12-23 21:15:00,0.0
2025-12-23 21:30:00,0.0
2025-12-23 21:45:00,0.0
2025-12-23 22:00:00,0.0
2025-12-23 22:15:00,0.0
2025-12-23 22:30:00,0.0
2025-12-23 22:45:00,0.0
2025-12-23 23:00:00,0.0
2025-12-23 23:15:00,0.0
2025-12-23 23:30:00,0.0
2025-12-23 23:45:00,0.0
2025-12-24 00:00:00,0.0
2025-12-24 00:15:00,0.0
2025-12-24 00:30:00,0.0
2025-12-24 00:45:00,0.0
2025-12-24 01:00:00,0.0
2025-12-24 01:15:00,0.0
2025-12-24 01:30:00,0.0
2025-12-24 01:45:00,0.0
2025-12-24 02:00:00,0.0
2025-12-24 02:15:00,0.0
2025-12-24 02:30:00,0.0
2025-12-24 02:45:00,0.0
2025-12-24 03:00:00,0.0
2025-12-24 03:15:00,0.0
2025-12-24 03:30:00,0.0
2025-12-24 03:45:00,0.0
2025-12-24 04:00:00,0.0
2025-12-24 04:15:00,0.0
2025-12-24 04:30:00,0.0
2025-12-24 04:45:00,0.0
2025-12-24 05:00:00,0.0
2025-12-24 05:15:00,0.0
2025-12-24 05:30:00,0.0
2025-12-24 05:45:00,0.0
2025-12-24 06:00:00,0.0
2025-12-24 06:15:00,0.0
2025-12-24 06:30:00,0.0
2025-12-24 06:45:00,0.0
2025-12-24 07:00:00,0.745
2025-12-24 07:15:00,5.625
2025-12-24 07:30:00,9.962
2025-12-24 07:45:00,15.805
2025-12-24 08:00:00,23.323
2025-12-24 08:15:00,32.065
2025-12-24 08:30:00,42.366
2025-12-24 08:45:00,52.516
2025-12-24 09:00:00,63.738
2025-12-24 09:15:00,74.922
2025-12-24 09:30:00,84.285
2025-12-24 09:45:00,95.201
2025-12-24 10:00:00,105.891
2025-12-24 10:15:00,117.646
2025-12-24 10:30:00,125.554
2025-12-24 10:45:00,127.783
2025-12-24 11:00:00,130.109
2025-12-24 11:15:00,133.511
2025-12-24 11:30:00,137.029
2025-12-24 11:45:00,118.364
2025-12-24 12:00:00,120.685
2025-12-24 12:15:00,122.526
2025-12-24 12:30:00,121.47
2025-12-24 12:45:00,120.724
2025-12-24 13:00:00,121.973
2025-12-24 13:15:00,115.014
2025-12-24 13:30:00,114.461
2025-12-24 13:45:00,108.308
2025-12-24 14:00:00,104.055
2025-12-24 14:15:00,94.434
2025-12-24 14:30:00,84.897
2025-12-24 14:45:00,82.959
2025-12-24 15:00:00,74.592
2025-12-24 15:15:00,65.51
2025-12-24 15:30:00,60.885
2025-12-24 15:45:00,52.688
2025-12-24 16:00:00,49.167
2025-12-24 16:15:00,38.176
2025-12-24 16:30:00,28.961
2025-12-24 16:45:00,20.538
2025-12-24 17:00:00,13.498
2025-12-24 17:15:00,8.674
2025-12-24 17:30:00,1.786
2025-12-24 17:45:00,0.287
2025-12-24 18:00:00,0.02
2025-12-24 18:15:00,0.0
2025-12-24 18:30:00,0.0
2025-12-24 18:45:00,0.0
2025-12-24 19:00:00,0.0
2025-12-24 19:15:00,0.0
2025-12-24 19:30:00,0.0
2025-12-24 19:45:00,0.0
2025-12-24 20:00:00,0.0
2025-12-24 20:15:00,0.0
2025-12-24 20:30:00,0.0
2025-12-24 20:45:00,0.0
2025-12-24 21:00:00,0.0
2025-12-24 21:15:00,0.0
2025-12-24 21:30:00,0.0
2025-12-24 21:45:00,0.0
2025-12-24 22:00:00,0.0
2025-12-24 22:15:00,0.0
2025-12-24 22:30:00,0.0
2025-12-24 22:45:00,0.0
2025-12-24 23:00:00,0.0
2025-12-24 23:15:00,0.0
2025-12-24 23:30:00,0.0
2025-12-24 23:45:00,0.0
2025-12-25 00:00:00,0.0
2025-12-25 00:15:00,0.0
2025-12-25 00:30:00,0.0
2025-12-25 00:45:00,0.0
2025-12-25 01:00:00,0.0
2025-12-25 01:15:00,0.0
2025-12-25 01:30:00,0.0
2025-12-25 01:45:00,0.0
2025-12-25 02:00:00,0.0
2025-12-25 02:15:00,0.0
2025-12-25 02:30:00,0.0
2025-12-25 02:45:00,0.0
2025-12-25 03:00:00,0.0
2025-12-25 03:15:00,0.0
2025-12-25 03:30:00,0.0
2025-12-25 03:45:00,0.0
2025-12-25 04:00:00,0.0
2025-12-25 04:15:00,0.0
2025-12-25 04:30:00,0.0
2025-12-25 04:45:00,0.0
2025-12-25 05:00:00,0.0
2025-12-25 05:15:00,0.0
2025-12-25 05:30:00,0.0
2025-12-25 05:45:00,0.0
2025-12-25 06:00:00,0.0
2025-12-25 06:15:00,0.0
2025-12-25 06:30:00,0.0
2025-12-25 06:45:00,0.0
2025-12-25 07:00:00,1.445
2025-12-25 07:15:00,13.476
2025-12-25 07:30:00,38.099
2025-12-25 07:45:00,67.549
2025-12-25 08:00:00,105.274
2025-12-25 08:15:00,151.12
2025-12-25 08:30:00,200.311
2025-12-25 08:45:00,265.322
2025-12-25 09:00:00,324.899
2025-12-25 09:15:00,380.227
2025-12-25 09:30:00,438.219
2025-12-25 09:45:00,511.42
2025-12-25 10:00:00,594.951
2025-12-25 10:15:00,663.537
2025-12-25 10:30:00,706.346
2025-12-25 10:45:00,747.266
2025-12-25 11:00:00,772.716
2025-12-25 11:15:00,689.025
2025-12-25 11:30:00,699.343
2025-12-25 11:45:00,679.087
2025-12-25 12:00:00,870.012
2025-12-25 12:15:00,876.821
2025-12-25 12:30:00,805.93
2025-12-25 12:45:00,776.788
2025-12-25 13:00:00,815.711
2025-12-25 13:15:00,803.911
2025-12-25 13:30:00,810.541
2025-12-25 13:45:00,686.046
2025-12-25 14:00:00,621.828
2025-12-25 14:15:00,432.662
2025-12-25 14:30:00,374.595
2025-12-25 14:45:00,431.485
2025-12-25 15:00:00,545.574
2025-12-25 15:15:00,499.883
2025-12-25 15:30:00,436.858
2025-12-25 15:45:00,370.787
2025-12-25 16:00:00,304.691
2025-12-25 16:15:00,261.619
2025-12-25 16:30:00,200.915
2025-12-25 16:45:00,141.41
2025-12-25 17:00:00,92.31
2025-12-25 17:15:00,50.659
2025-12-25 17:30:00,15.913
2025-12-25 17:45:00,2.325
2025-12-25 18:00:00,0.967
2025-12-25 18:15:00,0.465
2025-12-25 18:30:00,0.087
2025-12-25 18:45:00,0.0
2025-12-25 19:00:00,0.0
2025-12-25 19:15:00,0.0
2025-12-25 19:30:00,0.0
2025-12-25 19:45:00,0.0
2025-12-25 20:00:00,0.0
2025-12-25 20:15:00,0.0
2025-12-25 20:30:00,0.0
2025-12-25 20:45:00,0.0
2025-12-25 21:00:00,0.0
2025-12-25 21:15:00,0.0
2025-12-25 21:30:00,0.0
2025-12-25 21:45:00,0.0
2025-12-25 22:00:00,0.0
2025-12-25 22:15:00,0.0
2025-12-25 22:30:00,0.0
2025-12-25 22:45:00,0.0
2025-12-25 23:00:00,0.0
2025-12-25 23:15:00,0.0
2025-12-25 23:30:00,0.0
2025-12-25 23:45:00,0.0
2025-12-26 00:00:00,0.0
2025-12-26 00:15:00,0.0
2025-12-26 00:30:00,0.0
2025-12-26 00:45:00,0.0
2025-12-26 01:00:00,0.0
2025-12-26 01:15:00,0.0
2025-12-26 01:30:00,0.0
2025-12-26 01:45:00,0.0
2025-12-26 02:00:00,0.0
2025-12-26 02:15:00,0.0
2025-12-26 02:30:00,0.0
2025-12-26 02:45:00,0.0
2025-12-26 03:00:00,0.0
2025-12-26 03:15:00,0.0
2025-12-26 03:30:00,0.0
2025-12-26 03:45:00,0.0
2025-12-26 04:00:00,0.0
2025-12-26 04:15:00,0.0
2025-12-26 04:30:00,0.0
2025-12-26 04:45:00,0.0
2025-12-26 05:00:00,0.0
2025-12-26 05:15:00,0.0
2025-12-26 05:30:00,0.0
2025-12-26 05:45:00,0.0
2025-12-26 06:00:00,0.0
2025-12-26 06:15:00,0.0
2025-12-26 06:30:00,0.0
2025-12-26 06:45:00,0.0
2025-12-26 07:00:00,2.505
2025-12-26 07:15:00,18.801
2025-12-26 07:30:00,50.683
2025-12-26 07:45:00,90.139
2025-12-26 08:00:00,139.53
2025-12-26 08:15:00,197.491
2025-12-26 08:30:00,271.721
2025-12-26 08:45:00,338.266
2025-12-26 09:00:00,412.05
2025-12-26 09:15:00,498.287
2025-12-26 09:30:00,569.94
2025-12-26 09:45:00,640.419
2025-12-26 10:00:00,706.978
2025-12-26 10:15:00,773.919
2025-12-26 10:30:00,774.335
2025-12-26 10:45:00,805.519
2025-12-26 11:00:00,840.037
2025-12-26 11:15:00,815.435
2025-12-26 11:30:00,723.596
2025-12-26 11:45:00,764.421
2025-12-26 12:00:00,1028.815
2025-12-26 12:15:00,949.109
2025-12-26 12:30:00,872.761
2025-12-26 12:45:00,1007.104
2025-12-26 13:00:00,986.724
2025-12-26 13:15:00,993.907
2025-12-26 13:30:00,965.799
2025-12-26 13:45:00,930.493
2025-12-26 14:00:00,883.904
2025-12-26 14:15:00,846.431
2025-12-26 14:30:00,792.233
2025-12-26 14:45:00,738.12
2025-12-26 15:00:00,675.142
2025-12-26 15:15:00,554.698
2025-12-26 15:30:00,524.974
2025-12-26 15:45:00,440.323
2025-12-26 16:00:00,361.187
2025-12-26 16:15:00,282.751
2025-12-26 16:30:00,208.046
2025-12-26 16:45:00,142.847
2025-12-26 17:00:00,89.57
2025-12-26 17:15:00,48.439
2025-12-26 17:30:00,12.144
2025-12-26 17:45:00,2.545
2025-12-26 18:00:00,0.925
2025-12-26 18:15:00,0.423
2025-12-26 18:30:00,0.095
2025-12-26 18:45:00,0.0
2025-12-26 19:00:00,0.0
2025-12-26 19:15:00,0.0
2025-12-26 19:30:00,0.0
2025-12-26 19:45:00,0.0
2025-12-26 20:00:00,0.0
2025-12-26 20:15:00,0.0
2025-12-26 20:30:00,0.0
2025-12-26 20:45:00,0.0
2025-12-26 21:00:00,0.0
2025-12-26 21:15:00,0.0
2025-12-26 21:30:00,0.0
2025-12-26 21:45:00,0.0
2025-12-26 22:00:00,0.0
2025-12-26 22:15:00,0.0
2025-12-26 22:30:00,0.0
2025-12-26 22:45:00,0.0
2025-12-26 23:00:00,0.0
2025-12-26 23:15:00,0.0
2025-12-26 23:30:00,0.0
2025-12-26 23:45:00,0.0
2025-12-27 00:00:00,0.0
2025-12-27 00:15:00,0.0
2025-12-27 00:30:00,0.0
2025-12-27 00:45:00,0.0
2025-12-27 01:00:00,0.0
2025-12-27 01:15:00,0.0
2025-12-27 01:30:00,0.0
2025-12-27 01:45:00,0.0
2025-12-27 02:00:00,0.0
2025-12-27 02:15:00,0.0
2025-12-27 02:30:00,0.0
2025-12-27 02:45:00,0.0
2025-12-27 03:00:00,0.0
2025-12-27 03:15:00,0.0
2025-12-27 03:30:00,0.0
2025-12-27 03:45:00,0.0
2025-12-27 04:00:00,0.0
2025-12-27 04:15:00,0.0
2025-12-27 04:30:00,0.0
2025-12-27 04:45:00,0.0
2025-12-27 05:00:00,0.0
2025-12-27 05:15:00,0.0
2025-12-27 05:30:00,0.0
2025-12-27 05:45:00,0.0
2025-12-27 06:00:00,0.0
2025-12-27 06:15:00,0.0
2025-12-27 06:30:00,0.0
2025-12-27 06:45:00,0.0
2025-12-27 07:00:00,2.095
2025-12-27 07:15:00,16.862
2025-12-27 07:30:00,44.132
2025-12-27 07:45:00,81.57
2025-12-27 08:00:00,130.13
2025-12-27 08:15:00,187.802
2025-12-27 08:30:00,275.168
2025-12-27 08:45:00,323.091
2025-12-27 09:00:00,388.633
2025-12-27 09:15:00,456.957
2025-12-27 09:30:00,530.597
2025-12-27 09:45:00,591.041
2025-12-27 10:00:00,664.71
2025-12-27 10:15:00,728.53
2025-12-27 10:30:00,800.025
2025-12-27 10:45:00,851.799
2025-12-27 11:00:00,912.805
2025-12-27 11:15:00,917.644
2025-12-27 11:30:00,934.278
2025-12-27 11:45:00,985.944
2025-12-27 12:00:00,1026.011
2025-12-27 12:15:00,1041.558
2025-12-27 12:30:00,1040.66
2025-12-27 12:45:00,1029.687
2025-12-27 13:00:00,1017.462
2025-12-27 13:15:00,998.406
2025-12-27 13:30:00,970.984
2025-12-27 13:45:00,941.138
2025-12-27 14:00:00,902.288
2025-12-27 14:15:00,853.546
2025-12-27 14:30:00,787.43
2025-12-27 14:45:00,721.747
2025-12-27 15:00:00,662.858
2025-12-27 15:15:00,582.331
2025-12-27 15:30:00,513.739
2025-12-27 15:45:00,397.992
2025-12-27 16:00:00,362.35
2025-12-27 16:15:00,294.911
2025-12-27 16:30:00,220.665
2025-12-27 16:45:00,152.299
2025-12-27 17:00:00,93.387
2025-12-27 17:15:00,52.334
2025-12-27 17:30:00,17.164
2025-12-27 17:45:00,7.04
2025-12-27 18:00:00,1.3
2025-12-27 18:15:00,0.347
2025-12-27 18:30:00,0.127
2025-12-27 18:45:00,0.0
2025-12-27 19:00:00,0.0
2025-12-27 19:15:00,0.0
2025-12-27 19:30:00,0.0
2025-12-27 19:45:00,0.0
2025-12-27 20:00:00,0.0
2025-12-27 20:15:00,0.0
2025-12-27 20:30:00,0.0
2025-12-27 20:45:00,0.0
2025-12-27 21:00:00,0.0
2025-12-27 21:15:00,0.0
2025-12-27 21:30:00,0.0
2025-12-27 21:45:00,0.0
2025-12-27 22:00:00,0.0
2025-12-27 22:15:00,0.0
2025-12-27 22:30:00,0.0
2025-12-27 22:45:00,0.0
2025-12-27 23:00:00,0.0
2025-12-27 23:15:00,0.0
2025-12-27 23:30:00,0.0
2025-12-27 23:45:00,0.0
2025-12-28 00:00:00,0.0
2025-12-28 00:15:00,0.0
2025-12-28 00:30:00,0.0
2025-12-28 00:45:00,0.0
2025-12-28 01:00:00,0.0
2025-12-28 01:15:00,0.0
2025-12-28 01:30:00,0.0
2025-12-28 01:45:00,0.0
2025-12-28 02:00:00,0.0
2025-12-28 02:15:00,0.0
2025-12-28 02:30:00,0.0
2025-12-28 02:45:00,0.0
2025-12-28 03:00:00,0.0
2025-12-28 03:15:00,0.0
2025-12-28 03:30:00,0.0
2025-12-28 03:45:00,0.0
2025-12-28 04:00:00,0.0
2025-12-28 04:15:00,0.0
2025-12-28 04:30:00,0.0
2025-12-28 04:45:00,0.0
2025-12-28 05:00:00,0.0
2025-12-28 05:15:00,0.0
2025-12-28 05:30:00,0.0
2025-12-28 05:45:00,0.0
2025-12-28 06:00:00,0.0
2025-12-28 06:15:00,0.0
2025-12-28 06:30:00,0.0
2025-12-28 06:45:00,0.0
2025-12-28 07:00:00,1.7
2025-12-28 07:15:00,14.606
2025-12-28 07:30:00,38.407
2025-12-28 07:45:00,74.74
2025-12-28 08:00:00,122.437
2025-12-28 08:15:00,179.536
2025-12-28 08:30:00,247.166
2025-12-28 08:45:00,314.883
2025-12-28 09:00:00,377.311
2025-12-28 09:15:00,443.606
2025-12-28 09:30:00,514.439
2025-12-28 09:45:00,580.268
2025-12-28 10:00:00,643.531
2025-12-28 10:15:00,674.852
2025-12-28 10:30:00,695.959
2025-12-28 10:45:00,807.299
2025-12-28 11:00:00,839.12
2025-12-28 11:15:00,865.885
2025-12-28 11:30:00,753.831
2025-12-28 11:45:00,647.656
2025-12-28 12:00:00,958.772
2025-12-28 12:15:00,908.16
2025-12-28 12:30:00,982.602
2025-12-28 12:45:00,916.407
2025-12-28 13:00:00,932.477
2025-12-28 13:15:00,954.35
2025-12-28 13:30:00,939.227
2025-12-28 13:45:00,901.049
2025-12-28 14:00:00,789.678
2025-12-28 14:15:00,484.305
2025-12-28 14:30:00,504.572
2025-12-28 14:45:00,599.389
2025-12-28 15:00:00,555.065
2025-12-28 15:15:00,574.751
2025-12-28 15:30:00,480.287
2025-12-28 15:45:00,401.401
2025-12-28 16:00:00,331.101
2025-12-28 16:15:00,264.782
2025-12-28 16:30:00,209.315
2025-12-28 16:45:00,141.849
2025-12-28 17:00:00,96.525
2025-12-28 17:15:00,58.668
2025-12-28 17:30:00,17.584
2025-12-28 17:45:00,6.624
2025-12-28 18:00:00,0.892
2025-12-28 18:15:00,0.365
2025-12-28 18:30:00,0.08
2025-12-28 18:45:00,0.0
2025-12-28 19:00:00,0.0
2025-12-28 19:15:00,0.0
2025-12-28 19:30:00,0.0
2025-12-28 19:45:00,0.0
2025-12-28 20:00:00,0.0
2025-12-28 20:15:00,0.0
2025-12-28 20:30:00,0.0
2025-12-28 20:45:00,0.0
2025-12-28 21:00:00,0.0
2025-12-28 21:15:00,0.0
2025-12-28 21:30:00,0.0
2025-12-28 21:45:00,0.0
2025-12-28 22:00:00,0.0
2025-12-28 22:15:00,0.0
2025-12-28 22:30:00,0.0
2025-12-28 22:45:00,0.0
2025-12-28 23:00:00,0.0
2025-12-28 23:15:00,0.0
2025-12-28 23:30:00,0.0
2025-12-28 23:45:00,0.0
2025-12-29 00:00:00,0.0
2025-12-29 00:15:00,0.0
2025-12-29 00:30:00,0.0
2025-12-29 00:45:00,0.0
2025-12-29 01:00:00,0.0
2025-12-29 01:15:00,0.0
2025-12-29 01:30:00,0.0
2025-12-29 01:45:00,0.0
2025-12-29 02:00:00,0.0
2025-12-29 02:15:00,0.0
2025-12-29 02:30:00,0.0
2025-12-29 02:45:00,0.0
2025-12-29 03:00:00,0.0
2025-12-29 03:15:00,0.0
2025-12-29 03:30:00,0.0
2025-12-29 03:45:00,0.0
2025-12-29 04:00:00,0.0
2025-12-29 04:15:00,0.0
2025-12-29 04:30:00,0.0
2025-12-29 04:45:00,0.0
2025-12-29 05:00:00,0.0
2025-12-29 05:15:00,0.0
2025-12-29 05:30:00,0.0
2025-12-29 05:45:00,0.0
2025-12-29 06:00:00,0.0
2025-12-29 06:15:00,0.0
2025-12-29 06:30:00,0.0
2025-12-29 06:45:00,0.0
2025-12-29 07:00:00,1.467
2025-12-29 07:15:00,15.123
2025-12-29 07:30:00,37.639
2025-12-29 07:45:00,69.07
2025-12-29 08:00:00,108.465
2025-12-29 08:15:00,155.737
2025-12-29 08:30:00,208.04
2025-12-29 08:45:00,264.718
2025-12-29 09:00:00,318.116
2025-12-29 09:15:00,366.247
2025-12-29 09:30:00,413.53
2025-12-29 09:45:00,448.605
2025-12-29 10:00:00,471.907
2025-12-29 10:15:00,465.171
2025-12-29 10:30:00,475.261
2025-12-29 10:45:00,507.053
2025-12-29 11:00:00,516.649
2025-12-29 11:15:00,517.447
2025-12-29 11:30:00,523.918
2025-12-29 11:45:00,514.667
2025-12-29 12:00:00,519.01
2025-12-29 12:15:00,517.451
2025-12-29 12:30:00,499.764
2025-12-29 12:45:00,482.154
2025-12-29 13:00:00,438.834
2025-12-29 13:15:00,431.558
2025-12-29 13:30:00,412.646
2025-12-29 13:45:00,385.552
2025-12-29 14:00:00,349.298
2025-12-29 14:15:00,311.5
2025-12-29 14:30:00,288.865
2025-12-29 14:45:00,257.469
2025-12-29 15:00:00,242.689
2025-12-29 15:15:00,209.985
2025-12-29 15:30:00,185.723
2025-12-29 15:45:00,153.494
2025-12-29 16:00:00,109.471
2025-12-29 16:15:00,84.979
2025-12-29 16:30:00,62.465
2025-12-29 16:45:00,47.199
2025-12-29 17:00:00,30.235
2025-12-29 17:15:00,18.017
2025-12-29 17:30:00,6.968
2025-12-29 17:45:00,3.624
2025-12-29 18:00:00,2.098
2025-12-29 18:15:00,1.485
2025-12-29 18:30:00,1.05
2025-12-29 18:45:00,0.0
2025-12-29 19:00:00,0.0
2025-12-29 19:15:00,0.0
2025-12-29 19:30:00,0.0
2025-12-29 19:45:00,0.0
2025-12-29 20:00:00,0.0
2025-12-29 20:15:00,0.0
2025-12-29 20:30:00,0.0
2025-12-29 20:45:00,0.0
2025-12-29 21:00:00,0.0
2025-12-29 21:15:00,0.0
2025-12-29 21:30:00,0.0
2025-12-29 21:45:00,0.0
2025-12-29 22:00:00,0.0
2025-12-29 22:15:00,0.0
2025-12-29 22:30:00,0.0
2025-12-29 22:45:00,0.0
2025-12-29 23:00:00,0.0
2025-12-29 23:15:00,0.0
2025-12-29 23:30:00,0.0
2025-12-29 23:45:00,0.0
2025-12-30 00:00:00,0.0
2025-12-30 00:15:00,0.0
2025-12-30 00:30:00,0.0
2025-12-30 00:45:00,0.0
2025-12-30 01:00:00,0.0
2025-12-30 01:15:00,0.0
2025-12-30 01:30:00,0.0
2025-12-30 01:45:00,0.0
2025-12-30 02:00:00,0.0
2025-12-30 02:15:00,0.0
2025-12-30 02:30:00,0.0
2025-12-30 02:45:00,0.0
2025-12-30 03:00:00,0.0
2025-12-30 03:15:00,0.0
2025-12-30 03:30:00,0.0
2025-12-30 03:45:00,0.0
2025-12-30 04:00:00,0.0
2025-12-30 04:15:00,0.0
2025-12-30 04:30:00,0.0
2025-12-30 04:45:00,0.0
2025-12-30 05:00:00,0.0
2025-12-30 05:15:00,0.0
2025-12-30 05:30:00,0.0
2025-12-30 05:45:00,0.0
2025-12-30 06:00:00,0.0
2025-12-30 06:15:00,0.0
2025-12-30 06:30:00,0.0
2025-12-30 06:45:00,0.0
2025-12-30 07:00:00,0.468
2025-12-30 07:15:00,8.001
2025-12-30 07:30:00,20.914
2025-12-30 07:45:00,39.741
2025-12-30 08:00:00,64.128
2025-12-30 08:15:00,95.278
2025-12-30 08:30:00,128.204
2025-12-30 08:45:00,163.83
2025-12-30 09:00:00,197.68
2025-12-30 09:15:00,231.911
2025-12-30 09:30:00,263.752
2025-12-30 09:45:00,296.844
2025-12-30 10:00:00,338.75
2025-12-30 10:15:00,364.436
2025-12-30 10:30:00,404.721
2025-12-30 10:45:00,427.466
2025-12-30 11:00:00,450.235
2025-12-30 11:15:00,482.481
2025-12-30 11:30:00,505.977
2025-12-30 11:45:00,521.272
2025-12-30 12:00:00,524.626
2025-12-30 12:15:00,539.925
2025-12-30 12:30:00,558.042
2025-12-30 12:45:00,564.562
2025-12-30 13:00:00,574.5
2025-12-30 13:15:00,573.785
2025-12-30 13:30:00,565.632
2025-12-30 13:45:00,552.603
2025-12-30 14:00:00,532.035
2025-12-30 14:15:00,499.901
2025-12-30 14:30:00,473.359
2025-12-30 14:45:00,439.107
2025-12-30 15:00:00,405.404
2025-12-30 15:15:00,384.413
2025-12-30 15:30:00,335.217
2025-12-30 15:45:00,294.333
2025-12-30 16:00:00,234.379
2025-12-30 16:15:00,191.296
2025-12-30 16:30:00,144.255
2025-12-30 16:45:00,103.917
2025-12-30 17:00:00,63.489
2025-12-30 17:15:00,32.79
2025-12-30 17:30:00,7.07
2025-12-30 17:45:00,2.18
2025-12-30 18:00:00,0.105
2025-12-30 18:15:00,0.0
2025-12-30 18:30:00,0.0
2025-12-30 18:45:00,0.0
2025-12-30 19:00:00,0.0
2025-12-30 19:15:00,0.0
2025-12-30 19:30:00,0.0
2025-12-30 19:45:00,0.0
2025-12-30 20:00:00,0.0
2025-12-30 20:15:00,0.0
2025-12-30 20:30:00,0.0
2025-12-30 20:45:00,0.0
2025-12-30 21:00:00,0.0
2025-12-30 21:15:00,0.0
2025-12-30 21:30:00,0.0
2025-12-30 21:45:00,0.0
2025-12-30 22:00:00,0.0
2025-12-30 22:15:00,0.0
2025-12-30 22:30:00,0.0
2025-12-30 22:45:00,0.0
2025-12-30 23:00:00,0.0
2025-12-30 23:15:00,0.0
2025-12-30 23:30:00,0.0
2025-12-30 23:45:00,0.0
2025-12-31 00:00:00,0.0
2025-12-31 00:15:00,0.0
2025-12-31 00:30:00,0.0
2025-12-31 00:45:00,0.0
2025-12-31 01:00:00,0.0
2025-12-31 01:15:00,0.0
2025-12-31 01:30:00,0.0
2025-12-31 01:45:00,0.0
2025-12-31 02:00:00,0.0
2025-12-31 02:15:00,0.0
2025-12-31 02:30:00,0.0
2025-12-31 02:45:00,0.0
2025-12-31 03:00:00,0.0
2025-12-31 03:15:00,0.0
2025-12-31 03:30:00,0.0
2025-12-31 03:45:00,0.0
2025-12-31 04:00:00,0.0
2025-12-31 04:15:00,0.0
2025-12-31 04:30:00,0.0
2025-12-31 04:45:00,0.0
2025-12-31 05:00:00,0.0
2025-12-31 05:15:00,0.0
2025-12-31 05:30:00,0.0
2025-12-31 05:45:00,0.0
2025-12-31 06:00:00,0.0
2025-12-31 06:15:00,0.0
2025-12-31 06:30:00,0.0
2025-12-31 06:45:00,0.0
2025-12-31 07:00:00,0.553
2025-12-31 07:15:00,9.779
2025-12-31 07:30:00,22.117
2025-12-31 07:45:00,40.55
2025-12-31 08:00:00,62.825
2025-12-31 08:15:00,89.802
2025-12-31 08:30:00,119.033
2025-12-31 08:45:00,138.076
2025-12-31 09:00:00,164.592
2025-12-31 09:15:00,192.592
2025-12-31 09:30:00,203.547
2025-12-31 09:45:00,232.88
2025-12-31 10:00:00,248.328
2025-12-31 10:15:00,257.308
2025-12-31 10:30:00,273.085
2025-12-31 10:45:00,285.866
2025-12-31 11:00:00,263.425
2025-12-31 11:15:00,288.427
2025-12-31 11:30:00,294.61
2025-12-31 11:45:00,238.585
2025-12-31 12:00:00,280.556
2025-12-31 12:15:00,269.382
2025-12-31 12:30:00,271.463
2025-12-31 12:45:00,273.798
2025-12-31 13:00:00,262.456
2025-12-31 13:15:00,243.409
2025-12-31 13:30:00,231.48
2025-12-31 13:45:00,220.45
2025-12-31 14:00:00,209.52
2025-12-31 14:15:00,191.919
2025-12-31 14:30:00,178.699
2025-12-31 14:45:00,159.692
2025-12-31 15:00:00,140.12
2025-12-31 15:15:00,115.822
2025-12-31 15:30:00,102.041
2025-12-31 15:45:00,88.708
2025-12-31 16:00:00,73.204
2025-12-31 16:15:00,57.084
2025-12-31 16:30:00,41.751
2025-12-31 16:45:00,29.815
2025-12-31 17:00:00,19.269
2025-12-31 17:15:00,13.471
2025-12-31 17:30:00,5.013
2025-12-31 17:45:00,0.355
2025-12-31 18:00:00,0.04
2025-12-31 18:15:00,0.025
2025-12-31 18:30:00,0.0
2025-12-31 18:45:00,0.0
2025-12-31 19:00:00,0.0
2025-12-31 19:15:00,0.0
2025-12-31 19:30:00,0.0
2025-12-31 19:45:00,0.0
2025-12-31 20:00:00,0.0
2025-12-31 20:15:00,0.0
2025-12-31 20:30:00,0.0
2025-12-31 20:45:00,0.0
2025-12-31 21:00:00,0.0
2025-12-31 21:15:00,0.0
2025-12-31 21:30:00,0.0
2025-12-31 21:45:00,0.0
2025-12-31 22:00:00,0.0
2025-12-31 22:15:00,0.0
2025-12-31 22:30:00,0.0
2025-12-31 22:45:00,0.0
2025-12-31 23:00:00,0.0
2025-12-31 23:15:00,0.0
2025-12-31 23:30:00,0.0
2025-12-31 23:45:00,0.0
2026-01-01 00:00:00,0.0
2026-01-01 00:15:00,0.0
2026-01-01 00:30:00,0.0
2026-01-01 00:45:00,0.0
2026-01-01 01:00:00,0.0
2026-01-01 01:15:00,0.0
2026-01-01 01:30:00,0.0
2026-01-01 01:45:00,0.0
2026-01-01 02:00:00,0.0
2026-01-01 02:15:00,0.0
2026-01-01 02:30:00,0.0
2026-01-01 02:45:00,0.0
2026-01-01 03:00:00,0.0
2026-01-01 03:15:00,0.0
2026-01-01 03:30:00,0.0
2026-01-01 03:45:00,0.0
2026-01-01 04:00:00,0.0
2026-01-01 04:15:00,0.0
2026-01-01 04:30:00,0.0
2026-01-01 04:45:00,0.0
2026-01-01 05:00:00,0.0
2026-01-01 05:15:00,0.0
2026-01-01 05:30:00,0.0
2026-01-01 05:45:00,0.0
2026-01-01 06:00:00,0.0
2026-01-01 06:15:00,0.0
2026-01-01 06:30:00,0.0
2026-01-01 06:45:00,0.0
2026-01-01 07:00:00,0.175
2026-01-01 07:15:00,4.99
2026-01-01 07:30:00,9.387
2026-01-01 07:45:00,16.428
2026-01-01 08:00:00,24.563
2026-01-01 08:15:00,35.93
2026-01-01 08:30:00,50.2
2026-01-01 08:45:00,64.909
2026-01-01 09:00:00,76.063
2026-01-01 09:15:00,91.373
2026-01-01 09:30:00,104.706
2026-01-01 09:45:00,118.471
2026-01-01 10:00:00,131.336
2026-01-01 10:15:00,142.027
2026-01-01 10:30:00,146.144
2026-01-01 10:45:00,158.807
2026-01-01 11:00:00,164.373
2026-01-01 11:15:00,179.434
2026-01-01 11:30:00,178.745
2026-01-01 11:45:00,189.902
2026-01-01 12:00:00,189.837
2026-01-01 12:15:00,192.695
2026-01-01 12:30:00,195.836
2026-01-01 12:45:00,201.197
2026-01-01 13:00:00,195.853
2026-01-01 13:15:00,199.718
2026-01-01 13:30:00,192.946
2026-01-01 13:45:00,178.715
2026-01-01 14:00:00,172.519
2026-01-01 14:15:00,161.885
2026-01-01 14:30:00,152.883
2026-01-01 14:45:00,136.974
2026-01-01 15:00:00,121.99
2026-01-01 15:15:00,113.39
2026-01-01 15:30:00,96.484
2026-01-01 15:45:00,80.761
2026-01-01 16:00:00,67.574
2026-01-01 16:15:00,51.278
2026-01-01 16:30:00,40.627
2026-01-01 16:45:00,28.037
2026-01-01 17:00:00,16.647
2026-01-01 17:15:00,8.253
2026-01-01 17:30:00,2.872
2026-01-01 17:45:00,0.775
2026-01-01 18:00:00,0.025
2026-01-01 18:15:00,0.027
2026-01-01 18:30:00,0.0
2026-01-01 18:45:00,0.0
2026-01-01 19:00:00,0.0
2026-01-01 19:15:00,0.0
2026-01-01 19:30:00,0.0
2026-01-01 19:45:00,0.0
2026-01-01 20:00:00,0.0
2026-01-01 20:15:00,0.0
2026-01-01 20:30:00,0.0
2026-01-01 20:45:00,0.0
2026-01-01 21:00:00,0.0
2026-01-01 21:15:00,0.0
2026-01-01 21:30:00,0.0
2026-01-01 21:45:00,0.0
2026-01-01 22:00:00,0.0
2026-01-01 22:15:00,0.0
2026-01-01 22:30:00,0.0
2026-01-01 22:45:00,0.0
2026-01-01 23:00:00,0.0
2026-01-01 23:15:00,0.0
2026-01-01 23:30:00,0.0
2026-01-01 23:45:00,0.0
2026-01-02 00:00:00,0.0
2026-01-02 00:15:00,0.0
2026-01-02 00:30:00,0.0
2026-01-02 00:45:00,0.0
2026-01-02 01:00:00,0.0
2026-01-02 01:15:00,0.0
2026-01-02 01:30:00,0.0
2026-01-02 01:45:00,0.0
2026-01-02 02:00:00,0.0
2026-01-02 02:15:00,0.0
2026-01-02 02:30:00,0.0
2026-01-02 02:45:00,0.0
2026-01-02 03:00:00,0.0
2026-01-02 03:15:00,0.0
2026-01-02 03:30:00,0.0
2026-01-02 03:45:00,0.0
2026-01-02 04:00:00,0.0
2026-01-02 04:15:00,0.0
2026-01-02 04:30:00,0.0
2026-01-02 04:45:00,0.0
2026-01-02 05:00:00,0.0
2026-01-02 05:15:00,0.0
2026-01-02 05:30:00,0.0
2026-01-02 05:45:00,0.0
2026-01-02 06:00:00,0.0
2026-01-02 06:15:00,0.0
2026-01-02 06:30:00,0.0
2026-01-02 06:45:00,0.025
2026-01-02 07:00:00,0.433
2026-01-02 07:15:00,6.87
2026-01-02 07:30:00,18.706
2026-01-02 07:45:00,40.727
2026-01-02 08:00:00,69.913
2026-01-02 08:15:00,107.527
2026-01-02 08:30:00,145.772
2026-01-02 08:45:00,191.652
2026-01-02 09:00:00,236.521
2026-01-02 09:15:00,282.882
2026-01-02 09:30:00,336.931
2026-01-02 09:45:00,371.554
2026-01-02 10:00:00,414.598
2026-01-02 10:15:00,463.871
2026-01-02 10:30:00,470.973
2026-01-02 10:45:00,458.434
2026-01-02 11:00:00,484.102
2026-01-02 11:15:00,503.714
2026-01-02 11:30:00,505.581
2026-01-02 11:45:00,518.461
2026-01-02 12:00:00,514.275
2026-01-02 12:15:00,492.311
2026-01-02 12:30:00,473.76
2026-01-02 12:45:00,473.457
2026-01-02 13:00:00,454.243
2026-01-02 13:15:00,450.019
2026-01-02 13:30:00,438.712
2026-01-02 13:45:00,409.801
2026-01-02 14:00:00,381.847
2026-01-02 14:15:00,356.682
2026-01-02 14:30:00,304.178
2026-01-02 14:45:00,287.4
2026-01-02 15:00:00,283.093
2026-01-02 15:15:00,254.697
2026-01-02 15:30:00,229.026
2026-01-02 15:45:00,164.441
2026-01-02 16:00:00,132.393
2026-01-02 16:15:00,98.774
2026-01-02 16:30:00,71.224
2026-01-02 16:45:00,48.311
2026-01-02 17:00:00,31.244
2026-01-02 17:15:00,16.99
2026-01-02 17:30:00,6.228
2026-01-02 17:45:00,1.128
2026-01-02 18:00:00,0.553
2026-01-02 18:15:00,0.025
2026-01-02 18:30:00,0.0
2026-01-02 18:45:00,0.0
2026-01-02 19:00:00,0.0
2026-01-02 19:15:00,0.0
2026-01-02 19:30:00,0.0
2026-01-02 19:45:00,0.0
2026-01-02 20:00:00,0.0
2026-01-02 20:15:00,0.0
2026-01-02 20:30:00,0.0
2026-01-02 20:45:00,0.0
2026-01-02 21:00:00,0.0
2026-01-02 21:15:00,0.0
2026-01-02 21:30:00,0.0
2026-01-02 21:45:00,0.0
2026-01-02 22:00:00,0.0
2026-01-02 22:15:00,0.0
2026-01-02 22:30:00,0.0
2026-01-02 22:45:00,0.0
2026-01-02 23:00:00,0.0
2026-01-02 23:15:00,0.0
2026-01-02 23:30:00,0.0
2026-01-02 23:45:00,0.0
2026-01-03 00:00:00,0.0
2026-01-03 00:15:00,0.0
2026-01-03 00:30:00,0.0
2026-01-03 00:45:00,0.0
2026-01-03 01:00:00,0.0
2026-01-03 01:15:00,0.0
2026-01-03 01:30:00,0.0
2026-01-03 01:45:00,0.0
2026-01-03 02:00:00,0.0
2026-01-03 02:15:00,0.0
2026-01-03 02:30:00,0.0
2026-01-03 02:45:00,0.0
2026-01-03 03:00:00,0.0
2026-01-03 03:15:00,0.0
2026-01-03 03:30:00,0.0
2026-01-03 03:45:00,0.0
2026-01-03 04:00:00,0.0
2026-01-03 04:15:00,0.0
2026-01-03 04:30:00,0.0
2026-01-03 04:45:00,0.0
2026-01-03 05:00:00,0.0
2026-01-03 05:15:00,0.0
2026-01-03 05:30:00,0.0
2026-01-03 05:45:00,0.0
2026-01-03 06:00:00,0.0
2026-01-03 06:15:00,0.0
2026-01-03 06:30:00,0.025
2026-01-03 06:45:00,0.068
2026-01-03 07:00:00,0.745
2026-01-03 07:15:00,8.26
2026-01-03 07:30:00,18.61
2026-01-03 07:45:00,35.141
2026-01-03 08:00:00,57.252
2026-01-03 08:15:00,82.246
2026-01-03 08:30:00,105.622
2026-01-03 08:45:00,127.013
2026-01-03 09:00:00,152.585
2026-01-03 09:15:00,174.033
2026-01-03 09:30:00,199.182
2026-01-03 09:45:00,222.223
2026-01-03 10:00:00,243.942
2026-01-03 10:15:00,271.899
2026-01-03 10:30:00,291.724
2026-01-03 10:45:00,320.29
2026-01-03 11:00:00,321.503
2026-01-03 11:15:00,330.357
2026-01-03 11:30:00,353.536
2026-01-03 11:45:00,367.309
2026-01-03 12:00:00,383.931
2026-01-03 12:15:00,387.566
2026-01-03 12:30:00,405.61
2026-01-03 12:45:00,351.156
2026-01-03 13:00:00,351.072
2026-01-03 13:15:00,351.979
2026-01-03 13:30:00,334.164
2026-01-03 13:45:00,327.847
2026-01-03 14:00:00,311.612
2026-01-03 14:15:00,288.345
2026-01-03 14:30:00,281.288
2026-01-03 14:45:00,264.7
2026-01-03 15:00:00,241.858
2026-01-03 15:15:00,216.986
2026-01-03 15:30:00,192.538
2026-01-03 15:45:00,168.071
2026-01-03 16:00:00,140.113
2026-01-03 16:15:00,114.299
2026-01-03 16:30:00,86.756
2026-01-03 16:45:00,62.143
2026-01-03 17:00:00,36.761
2026-01-03 17:15:00,21.872
2026-01-03 17:30:00,10.069
2026-01-03 17:45:00,0.908
2026-01-03 18:00:00,0.28
2026-01-03 18:15:00,0.025
2026-01-03 18:30:00,0.0
2026-01-03 18:45:00,0.0
2026-01-03 19:00:00,0.0
2026-01-03 19:15:00,0.0
2026-01-03 19:30:00,0.0
2026-01-03 19:45:00,0.0
2026-01-03 20:00:00,0.0
2026-01-03 20:15:00,0.0
2026-01-03 20:30:00,0.0
2026-01-03 20:45:00,0.0
2026-01-03 21:00:00,0.0
2026-01-03 21:15:00,0.0
2026-01-03 21:30:00,0.0
2026-01-03 21:45:00,0.0
2026-01-03 22:00:00,0.0
2026-01-03 22:15:00,0.0
2026-01-03 22:30:00,0.0
2026-01-03 22:45:00,0.0
2026-01-03 23:00:00,0.0
2026-01-03 23:15:00,0.0
2026-01-03 23:30:00,0.0
2026-01-03 23:45:00,0.0
2026-01-04 00:00:00,0.0
2026-01-04 00:15:00,0.0
2026-01-04 00:30:00,0.0
2026-01-04 00:45:00,0.0
2026-01-04 01:00:00,0.0
2026-01-04 01:15:00,0.0
2026-01-04 01:30:00,0.0
2026-01-04 01:45:00,0.0
2026-01-04 02:00:00,0.0
2026-01-04 02:15:00,0.0
2026-01-04 02:30:00,0.0
2026-01-04 02:45:00,0.0
2026-01-04 03:00:00,0.0
2026-01-04 03:15:00,0.0
2026-01-04 03:30:00,0.0
2026-01-04 03:45:00,0.0
2026-01-04 04:00:00,0.0
2026-01-04 04:15:00,0.0
2026-01-04 04:30:00,0.0
2026-01-04 04:45:00,0.0
2026-01-04 05:00:00,0.0
2026-01-04 05:15:00,0.0
2026-01-04 05:30:00,0.0
2026-01-04 05:45:00,0.0
2026-01-04 06:00:00,0.0
2026-01-04 06:15:00,0.0
2026-01-04 06:30:00,0.025
2026-01-04 06:45:00,0.06
2026-01-04 07:00:00,0.365
2026-01-04 07:15:00,7.19
2026-01-04 07:30:00,13.594
2026-01-04 07:45:00,22.808
2026-01-04 08:00:00,33.878
2026-01-04 08:15:00,47.161
2026-01-04 08:30:00,58.08
2026-01-04 08:45:00,71.606
2026-01-04 09:00:00,85.655
2026-01-04 09:15:00,102.984
2026-01-04 09:30:00,117.853
2026-01-04 09:45:00,128.312
2026-01-04 10:00:00,143.255
2026-01-04 10:15:00,151.117
2026-01-04 10:30:00,149.759
2026-01-04 10:45:00,164.967
2026-01-04 11:00:00,173.883
2026-01-04 11:15:00,169.707
2026-01-04 11:30:00,172.648
2026-01-04 11:45:00,174.996
2026-01-04 12:00:00,176.239
2026-01-04 12:15:00,178.496
2026-01-04 12:30:00,176.515
2026-01-04 12:45:00,166.549
2026-01-04 13:00:00,153.944
2026-01-04 13:15:00,153.487
2026-01-04 13:30:00,143.468
2026-01-04 13:45:00,140.121
2026-01-04 14:00:00,131.333
2026-01-04 14:15:00,125.846
2026-01-04 14:30:00,117.845
2026-01-04 14:45:00,109.341
2026-01-04 15:00:00,88.261
2026-01-04 15:15:00,81.835
2026-01-04 15:30:00,74.083
2026-01-04 15:45:00,64.844
2026-01-04 16:00:00,52.64
2026-01-04 16:15:00,43.838
2026-01-04 16:30:00,33.234
2026-01-04 16:45:00,24.541
2026-01-04 17:00:00,18.008
2026-01-04 17:15:00,11.841
2026-01-04 17:30:00,6.093
2026-01-04 17:45:00,0.623
2026-01-04 18:00:00,0.368
2026-01-04 18:15:00,0.0
2026-01-04 18:30:00,0.0
2026-01-04 18:45:00,0.0
2026-01-04 19:00:00,0.0
2026-01-04 19:15:00,0.0
2026-01-04 19:30:00,0.0
2026-01-04 19:45:00,0.0
2026-01-04 20:00:00,0.0
2026-01-04 20:15:00,0.0
2026-01-04 20:30:00,0.0
2026-01-04 20:45:00,0.0
2026-01-04 21:00:00,0.0
2026-01-04 21:15:00,0.0
2026-01-04 21:30:00,0.0
2026-01-04 21:45:00,0.0
2026-01-04 22:00:00,0.0
2026-01-04 22:15:00,0.0
2026-01-04 22:30:00,0.0
2026-01-04 22:45:00,0.0
2026-01-04 23:00:00,0.0
2026-01-04 23:15:00,0.0
2026-01-04 23:30:00,0.0
2026-01-04 23:45:00,0.0
2026-01-05 00:00:00,0.0
2026-01-05 00:15:00,0.0
2026-01-05 00:30:00,0.0
2026-01-05 00:45:00,0.0
2026-01-05 01:00:00,0.0
2026-01-05 01:15:00,0.0
2026-01-05 01:30:00,0.0
2026-01-05 01:45:00,0.0
2026-01-05 02:00:00,0.0
2026-01-05 02:15:00,0.0
2026-01-05 02:30:00,0.0
2026-01-05 02:45:00,0.0
2026-01-05 03:00:00,0.0
2026-01-05 03:15:00,0.0
2026-01-05 03:30:00,0.0
2026-01-05 03:45:00,0.0
2026-01-05 04:00:00,0.0
2026-01-05 04:15:00,0.0
2026-01-05 04:30:00,0.0
2026-01-05 04:45:00,0.0
2026-01-05 05:00:00,0.0
2026-01-05 05:15:00,0.0
2026-01-05 05:30:00,0.0
2026-01-05 05:45:00,0.0
2026-01-05 06:00:00,0.0
2026-01-05 06:15:00,0.0
2026-01-05 06:30:00,0.0
2026-01-05 06:45:00,0.0
2026-01-05 07:00:00,0.3
2026-01-05 07:15:00,7.793
2026-01-05 07:30:00,18.933
2026-01-05 07:45:00,40.504
2026-01-05 08:00:00,68.5
2026-01-05 08:15:00,102.604
2026-01-05 08:30:00,139.445
2026-01-05 08:45:00,188.76
2026-01-05 09:00:00,235.223
2026-01-05 09:15:00,273.781
2026-01-05 09:30:00,317.468
2026-01-05 09:45:00,364.062
2026-01-05 10:00:00,412.203
2026-01-05 10:15:00,453.571
2026-01-05 10:30:00,489.712
2026-01-05 10:45:00,526.876
2026-01-05 11:00:00,576.518
2026-01-05 11:15:00,611.846
2026-01-05 11:30:00,636.215
2026-01-05 11:45:00,656.472
2026-01-05 12:00:00,629.068
2026-01-05 12:15:00,622.483
2026-01-05 12:30:00,633.856
2026-01-05 12:45:00,628.399
2026-01-05 13:00:00,605.68
2026-01-05 13:15:00,603.369
2026-01-05 13:30:00,599.536
2026-01-05 13:45:00,571.824
2026-01-05 14:00:00,542.513
2026-01-05 14:15:00,562.805
2026-01-05 14:30:00,514.122
2026-01-05 14:45:00,498.675
2026-01-05 15:00:00,457.787
2026-01-05 15:15:00,425.492
2026-01-05 15:30:00,383.503
2026-01-05 15:45:00,341.805
2026-01-05 16:00:00,270.851
2026-01-05 16:15:00,217.826
2026-01-05 16:30:00,171.555
2026-01-05 16:45:00,123.577
2026-01-05 17:00:00,74.421
2026-01-05 17:15:00,39.683
2026-01-05 17:30:00,14.74
2026-01-05 17:45:00,1.952
2026-01-05 18:00:00,0.108
2026-01-05 18:15:00,0.035
2026-01-05 18:30:00,0.0
2026-01-05 18:45:00,0.0
2026-01-05 19:00:00,0.0
2026-01-05 19:15:00,0.0
2026-01-05 19:30:00,0.0
2026-01-05 19:45:00,0.0
2026-01-05 20:00:00,0.0
2026-01-05 20:15:00,0.0
2026-01-05 20:30:00,0.0
2026-01-05 20:45:00,0.0
2026-01-05 21:00:00,0.0
2026-01-05 21:15:00,0.0
2026-01-05 21:30:00,0.0
2026-01-05 21:45:00,0.0
2026-01-05 22:00:00,0.0
2026-01-05 22:15:00,0.0
2026-01-05 22:30:00,0.0
2026-01-05 22:45:00,0.0
2026-01-05 23:00:00,0.0
2026-01-05 23:15:00,0.0
2026-01-05 23:30:00,0.0
2026-01-05 23:45:00,0.0
2026-01-06 00:00:00,0.0
2026-01-06 00:15:00,0.0
2026-01-06 00:30:00,0.0
2026-01-06 00:45:00,0.0
2026-01-06 01:00:00,0.0
2026-01-06 01:15:00,0.0
2026-01-06 01:30:00,0.0
2026-01-06 01:45:00,0.0
2026-01-06 02:00:00,0.0
2026-01-06 02:15:00,0.0
2026-01-06 02:30:00,0.0
2026-01-06 02:45:00,0.0
2026-01-06 03:00:00,0.0
2026-01-06 03:15:00,0.0
2026-01-06 03:30:00,0.0
2026-01-06 03:45:00,0.0
2026-01-06 04:00:00,0.0
2026-01-06 04:15:00,0.0
2026-01-06 04:30:00,0.0
2026-01-06 04:45:00,0.0
2026-01-06 05:00:00,0.0
2026-01-06 05:15:00,0.0
2026-01-06 05:30:00,0.0
2026-01-06 05:45:00,0.0
2026-01-06 06:00:00,0.0
2026-01-06 06:15:00,0.0
2026-01-06 06:30:00,0.025
2026-01-06 06:45:00,0.06
2026-01-06 07:00:00,1.175
2026-01-06 07:15:00,12.901
2026-01-06 07:30:00,38.945
2026-01-06 07:45:00,78.943
2026-01-06 08:00:00,126.787
2026-01-06 08:15:00,183.042
2026-01-06 08:30:00,253.581
2026-01-06 08:45:00,318.2
2026-01-06 09:00:00,386.449
2026-01-06 09:15:00,457.516
2026-01-06 09:30:00,535.131
2026-01-06 09:45:00,609.701
2026-01-06 10:00:00,675.565
2026-01-06 10:15:00,723.438
2026-01-06 10:30:00,793.386
2026-01-06 10:45:00,823.937
2026-01-06 11:00:00,922.478
2026-01-06 11:15:00,936.234
2026-01-06 11:30:00,948.885
2026-01-06 11:45:00,884.206
2026-01-06 12:00:00,966.774
2026-01-06 12:15:00,955.33
2026-01-06 12:30:00,979.449
2026-01-06 12:45:00,957.873
2026-01-06 13:00:00,1010.124
2026-01-06 13:15:00,997.092
2026-01-06 13:30:00,1001.325
2026-01-06 13:45:00,937.171
2026-01-06 14:00:00,885.204
2026-01-06 14:15:00,830.136
2026-01-06 14:30:00,797.3
2026-01-06 14:45:00,728.278
2026-01-06 15:00:00,676.753
2026-01-06 15:15:00,602.068
2026-01-06 15:30:00,554.812
2026-01-06 15:45:00,480.979
2026-01-06 16:00:00,423.754
2026-01-06 16:15:00,339.2
2026-01-06 16:30:00,266.129
2026-01-06 16:45:00,197.624
2026-01-06 17:00:00,136.547
2026-01-06 17:15:00,76.753
2026-01-06 17:30:00,28.465
2026-01-06 17:45:00,6.79
2026-01-06 18:00:00,0.755
2026-01-06 18:15:00,0.295
2026-01-06 18:30:00,0.045
2026-01-06 18:45:00,0.0
2026-01-06 19:00:00,0.0
2026-01-06 19:15:00,0.0
2026-01-06 19:30:00,0.0
2026-01-06 19:45:00,0.0
2026-01-06 20:00:00,0.0
2026-01-06 20:15:00,0.0
2026-01-06 20:30:00,0.0
2026-01-06 20:45:00,0.0
2026-01-06 21:00:00,0.0
2026-01-06 21:15:00,0.0
2026-01-06 21:30:00,0.0
2026-01-06 21:45:00,0.0
2026-01-06 22:00:00,0.0
2026-01-06 22:15:00,0.0
2026-01-06 22:30:00,0.0
2026-01-06 22:45:00,0.0
2026-01-06 23:00:00,0.0
2026-01-06 23:15:00,0.0
2026-01-06 23:30:00,0.0
2026-01-06 23:45:00,0.0
2026-01-07 00:00:00,0.0
2026-01-07 00:15:00,0.0
2026-01-07 00:30:00,0.0
2026-01-07 00:45:00,0.0
2026-01-07 01:00:00,0.0
2026-01-07 01:15:00,0.0
2026-01-07 01:30:00,0.0
2026-01-07 01:45:00,0.0
2026-01-07 02:00:00,0.0
2026-01-07 02:15:00,0.0
2026-01-07 02:30:00,0.0
2026-01-07 02:45:00,0.0
2026-01-07 03:00:00,0.0
2026-01-07 03:15:00,0.0
2026-01-07 03:30:00,0.0
2026-01-07 03:45:00,0.0
2026-01-07 04:00:00,0.0
2026-01-07 04:15:00,0.0
2026-01-07 04:30:00,0.0
2026-01-07 04:45:00,0.0
2026-01-07 05:00:00,0.0
2026-01-07 05:15:00,0.0
2026-01-07 05:30:00,0.0
2026-01-07 05:45:00,0.0
2026-01-07 06:00:00,0.0
2026-01-07 06:15:00,0.0
2026-01-07 06:30:00,0.0
2026-01-07 06:45:00,0.0
2026-01-07 07:00:00,1.275
2026-01-07 07:15:00,16.037
2026-01-07 07:30:00,49.292
2026-01-07 07:45:00,93.866
2026-01-07 08:00:00,148.527
2026-01-07 08:15:00,213.495
2026-01-07 08:30:00,286.893
2026-01-07 08:45:00,361.663
2026-01-07 09:00:00,443.053
2026-01-07 09:15:00,524.873
2026-01-07 09:30:00,614.49
2026-01-07 09:45:00,690.353
2026-01-07 10:00:00,777.993
2026-01-07 10:15:00,861.185
2026-01-07 10:30:00,883.138
2026-01-07 10:45:00,973.077
2026-01-07 11:00:00,1049.961
2026-01-07 11:15:00,1107.082
2026-01-07 11:30:00,1127.731
2026-01-07 11:45:00,1085.748
2026-01-07 12:00:00,1137.267
2026-01-07 12:15:00,1152.39
2026-01-07 12:30:00,1146.703
2026-01-07 12:45:00,1136.549
2026-01-07 13:00:00,1123.078
2026-01-07 13:15:00,1086.174
2026-01-07 13:30:00,1073.002
2026-01-07 13:45:00,1032.009
2026-01-07 14:00:00,938.927
2026-01-07 14:15:00,802.862
2026-01-07 14:30:00,801.074
2026-01-07 14:45:00,818.705
2026-01-07 15:00:00,762.987
2026-01-07 15:15:00,684.271
2026-01-07 15:30:00,606.039
2026-01-07 15:45:00,528.065
2026-01-07 16:00:00,452.109
2026-01-07 16:15:00,367.533
2026-01-07 16:30:00,280.985
2026-01-07 16:45:00,213.155
2026-01-07 17:00:00,145.595
2026-01-07 17:15:00,87.383
2026-01-07 17:30:00,36.998
2026-01-07 17:45:00,12.312
2026-01-07 18:00:00,0.783
2026-01-07 18:15:00,0.215
2026-01-07 18:30:00,0.0
2026-01-07 18:45:00,0.0
2026-01-07 19:00:00,0.0
2026-01-07 19:15:00,0.0
2026-01-07 19:30:00,0.0
2026-01-07 19:45:00,0.0
2026-01-07 20:00:00,0.0
2026-01-07 20:15:00,0.0
2026-01-07 20:30:00,0.0
2026-01-07 20:45:00,0.0
2026-01-07 21:00:00,0.0
2026-01-07 21:15:00,0.0
2026-01-07 21:30:00,0.0
2026-01-07 21:45:00,0.0
2026-01-07 22:00:00,0.0
2026-01-07 22:15:00,0.0
2026-01-07 22:30:00,0.0
2026-01-07 22:45:00,0.0
2026-01-07 23:00:00,0.0
2026-01-07 23:15:00,0.0
2026-01-07 23:30:00,0.0
2026-01-07 23:45:00,0.0
2026-01-08 00:00:00,0.0
2026-01-08 00:15:00,0.0
2026-01-08 00:30:00,0.0
2026-01-08 00:45:00,0.0
2026-01-08 01:00:00,0.0
2026-01-08 01:15:00,0.0
2026-01-08 01:30:00,0.0
2026-01-08 01:45:00,0.0
2026-01-08 02:00:00,0.0
2026-01-08 02:15:00,0.0
2026-01-08 02:30:00,0.0
2026-01-08 02:45:00,0.0
2026-01-08 03:00:00,0.0
2026-01-08 03:15:00,0.0
2026-01-08 03:30:00,0.0
2026-01-08 03:45:00,0.0
2026-01-08 04:00:00,0.0
2026-01-08 04:15:00,0.0
2026-01-08 04:30:00,0.0
2026-01-08 04:45:00,0.0
2026-01-08 05:00:00,0.0
2026-01-08 05:15:00,0.0
2026-01-08 05:30:00,0.0
2026-01-08 05:45:00,0.0
2026-01-08 06:00:00,0.0
2026-01-08 06:15:00,0.0
2026-01-08 06:30:00,0.0
2026-01-08 06:45:00,0.0
2026-01-08 07:00:00,1.222
2026-01-08 07:15:00,14.451
2026-01-08 07:30:00,43.749
2026-01-08 07:45:00,86.105
2026-01-08 08:00:00,138.741
2026-01-08 08:15:00,200.881
2026-01-08 08:30:00,273.428
2026-01-08 08:45:00,349.631
2026-01-08 09:00:00,433.231
2026-01-08 09:15:00,517.65
2026-01-08 09:30:00,625.496
2026-01-08 09:45:00,692.172
2026-01-08 10:00:00,749.957
2026-01-08 10:15:00,762.36
2026-01-08 10:30:00,798.672
2026-01-08 10:45:00,830.826
2026-01-08 11:00:00,1068.666
2026-01-08 11:15:00,1092.091
2026-01-08 11:30:00,1111.355
2026-01-08 11:45:00,1030.687
2026-01-08 12:00:00,1114.15
2026-01-08 12:15:00,1145.141
2026-01-08 12:30:00,1149.213
2026-01-08 12:45:00,1120.378
2026-01-08 13:00:00,1099.369
2026-01-08 13:15:00,1103.729
2026-01-08 13:30:00,1092.151
2026-01-08 13:45:00,1023.27
2026-01-08 14:00:00,888.229
2026-01-08 14:15:00,720.658
2026-01-08 14:30:00,714.733
2026-01-08 14:45:00,669.456
2026-01-08 15:00:00,755.297
2026-01-08 15:15:00,699.157
2026-01-08 15:30:00,606.518
2026-01-08 15:45:00,534.728
2026-01-08 16:00:00,450.175
2026-01-08 16:15:00,375.295
2026-01-08 16:30:00,298.368
2026-01-08 16:45:00,219.728
2026-01-08 17:00:00,149.246
2026-01-08 17:15:00,94.357
2026-01-08 17:30:00,36.965
2026-01-08 17:45:00,10.425
2026-01-08 18:00:00,0.86
2026-01-08 18:15:00,0.363
2026-01-08 18:30:00,0.135
2026-01-08 18:45:00,0.0
2026-01-08 19:00:00,0.0
2026-01-08 19:15:00,0.0
2026-01-08 19:30:00,0.0
2026-01-08 19:45:00,0.0
2026-01-08 20:00:00,0.0
2026-01-08 20:15:00,0.0
2026-01-08 20:30:00,0.0
2026-01-08 20:45:00,0.0
2026-01-08 21:00:00,0.0
2026-01-08 21:15:00,0.0
2026-01-08 21:30:00,0.0
2026-01-08 21:45:00,0.0
2026-01-08 22:00:00,0.0
2026-01-08 22:15:00,0.0
2026-01-08 22:30:00,0.0
2026-01-08 22:45:00,0.0
2026-01-08 23:00:00,0.0
2026-01-08 23:15:00,0.0
2026-01-08 23:30:00,0.0
2026-01-08 23:45:00,0.0
2026-01-09 00:00:00,0.0
2026-01-09 00:15:00,0.0
2026-01-09 00:30:00,0.0
2026-01-09 00:45:00,0.0
2026-01-09 01:00:00,0.0
2026-01-09 01:15:00,0.0
2026-01-09 01:30:00,0.0
2026-01-09 01:45:00,0.0
2026-01-09 02:00:00,0.0
2026-01-09 02:15:00,0.0
2026-01-09 02:30:00,0.0
2026-01-09 02:45:00,0.0
2026-01-09 03:00:00,0.0
2026-01-09 03:15:00,0.0
2026-01-09 03:30:00,0.0
2026-01-09 03:45:00,0.0
2026-01-09 04:00:00,0.0
2026-01-09 04:15:00,0.0
2026-01-09 04:30:00,0.0
2026-01-09 04:45:00,0.0
2026-01-09 05:00:00,0.0
2026-01-09 05:15:00,0.0
2026-01-09 05:30:00,0.0
2026-01-09 05:45:00,0.0
2026-01-09 06:00:00,0.0
2026-01-09 06:15:00,0.0
2026-01-09 06:30:00,0.0
2026-01-09 06:45:00,0.0
2026-01-09 07:00:00,1.23
2026-01-09 07:15:00,16.802
2026-01-09 07:30:00,47.395
2026-01-09 07:45:00,90.605
2026-01-09 08:00:00,143.722
2026-01-09 08:15:00,207.699
2026-01-09 08:30:00,283.469
2026-01-09 08:45:00,362.165
2026-01-09 09:00:00,444.085
2026-01-09 09:15:00,526.461
2026-01-09 09:30:00,619.734
2026-01-09 09:45:00,696.493
2026-01-09 10:00:00,782.881
2026-01-09 10:15:00,875.35
2026-01-09 10:30:00,943.489
2026-01-09 10:45:00,993.258
2026-01-09 11:00:00,1035.5
2026-01-09 11:15:00,1070.907
2026-01-09 11:30:00,1093.157
2026-01-09 11:45:00,1039.095
2026-01-09 12:00:00,1130.651
2026-01-09 12:15:00,1145.196
2026-01-09 12:30:00,1148.037
2026-01-09 12:45:00,1139.783
2026-01-09 13:00:00,1129.277
2026-01-09 13:15:00,1107.356
2026-01-09 13:30:00,1086.042
2026-01-09 13:45:00,1051.151
2026-01-09 14:00:00,1007.651
2026-01-09 14:15:00,943.825
2026-01-09 14:30:00,895.807
2026-01-09 14:45:00,838.913
2026-01-09 15:00:00,771.535
2026-01-09 15:15:00,705.212
2026-01-09 15:30:00,623.497
2026-01-09 15:45:00,536.739
2026-01-09 16:00:00,451.09
2026-01-09 16:15:00,362.308
2026-01-09 16:30:00,282.598
2026-01-09 16:45:00,205.906
2026-01-09 17:00:00,138.72
2026-01-09 17:15:00,82.68
2026-01-09 17:30:00,27.751
2026-01-09 17:45:00,4.23
2026-01-09 18:00:00,0.873
2026-01-09 18:15:00,0.325
2026-01-09 18:30:00,0.09
2026-01-09 18:45:00,0.0
2026-01-09 19:00:00,0.0
2026-01-09 19:15:00,0.0
2026-01-09 19:30:00,0.0
2026-01-09 19:45:00,0.0
2026-01-09 20:00:00,0.0
2026-01-09 20:15:00,0.0
2026-01-09 20:30:00,0.0
2026-01-09 20:45:00,0.0
2026-01-09 21:00:00,0.0
2026-01-09 21:15:00,0.0
2026-01-09 21:30:00,0.0
2026-01-09 21:45:00,0.0
2026-01-09 22:00:00,0.0
2026-01-09 22:15:00,0.0
2026-01-09 22:30:00,0.0
2026-01-09 22:45:00,0.0
2026-01-09 23:00:00,0.0
2026-01-09 23:15:00,0.0
2026-01-09 23:30:00,0.0
2026-01-09 23:45:00,0.0
2026-01-10 00:00:00,0.0
2026-01-10 00:15:00,0.0
2026-01-10 00:30:00,0.0
2026-01-10 00:45:00,0.0
2026-01-10 01:00:00,0.0
2026-01-10 01:15:00,0.0
2026-01-10 01:30:00,0.0
2026-01-10 01:45:00,0.0
2026-01-10 02:00:00,0.0
2026-01-10 02:15:00,0.0
2026-01-10 02:30:00,0.0
2026-01-10 02:45:00,0.0
2026-01-10 03:00:00,0.0
2026-01-10 03:15:00,0.0
2026-01-10 03:30:00,0.0
2026-01-10 03:45:00,0.0
2026-01-10 04:00:00,0.0
2026-01-10 04:15:00,0.0
2026-01-10 04:30:00,0.0
2026-01-10 04:45:00,0.0
2026-01-10 05:00:00,0.0
2026-01-10 05:15:00,0.0
2026-01-10 05:30:00,0.0
2026-01-10 05:45:00,0.0
2026-01-10 06:00:00,0.0
2026-01-10 06:15:00,0.0
2026-01-10 06:30:00,0.0
2026-01-10 06:45:00,0.0
2026-01-10 07:00:00,0.998
2026-01-10 07:15:00,15.532
2026-01-10 07:30:00,41.687
2026-01-10 07:45:00,80.321
2026-01-10 08:00:00,128.792
2026-01-10 08:15:00,187.604
2026-01-10 08:30:00,245.145
2026-01-10 08:45:00,315.501
2026-01-10 09:00:00,386.791
2026-01-10 09:15:00,455.088
2026-01-10 09:30:00,527.164
2026-01-10 09:45:00,591.698
2026-01-10 10:00:00,659.342
2026-01-10 10:15:00,699.32
2026-01-10 10:30:00,725.618
2026-01-10 10:45:00,753.47
2026-01-10 11:00:00,782.289
2026-01-10 11:15:00,797.398
2026-01-10 11:30:00,819.868
2026-01-10 11:45:00,822.627
2026-01-10 12:00:00,841.187
2026-01-10 12:15:00,840.917
2026-01-10 12:30:00,830.823
2026-01-10 12:45:00,824.374
2026-01-10 13:00:00,817.655
2026-01-10 13:15:00,805.713
2026-01-10 13:30:00,791.511
2026-01-10 13:45:00,749.494
2026-01-10 14:00:00,710.557
2026-01-10 14:15:00,678.004
2026-01-10 14:30:00,663.762
2026-01-10 14:45:00,605.042
2026-01-10 15:00:00,548.257
2026-01-10 15:15:00,501.804
2026-01-10 15:30:00,446.018
2026-01-10 15:45:00,385.051
2026-01-10 16:00:00,316.932
2026-01-10 16:15:00,250.951
2026-01-10 16:30:00,196.994
2026-01-10 16:45:00,145.58
2026-01-10 17:00:00,97.752
2026-01-10 17:15:00,58.962
2026-01-10 17:30:00,20.619
2026-01-10 17:45:00,2.405
2026-01-10 18:00:00,0.715
2026-01-10 18:15:00,0.357
2026-01-10 18:30:00,0.083
2026-01-10 18:45:00,0.0
2026-01-10 19:00:00,0.0
2026-01-10 19:15:00,0.0
2026-01-10 19:30:00,0.0
2026-01-10 19:45:00,0.0
2026-01-10 20:00:00,0.0
2026-01-10 20:15:00,0.0
2026-01-10 20:30:00,0.0
2026-01-10 20:45:00,0.0
2026-01-10 21:00:00,0.0
2026-01-10 21:15:00,0.0
2026-01-10 21:30:00,0.0
2026-01-10 21:45:00,0.0
2026-01-10 22:00:00,0.0
2026-01-10 22:15:00,0.0
2026-01-10 22:30:00,0.0
2026-01-10 22:45:00,0.0
2026-01-10 23:00:00,0.0
2026-01-10 23:15:00,0.0
2026-01-10 23:30:00,0.0
2026-01-10 23:45:00,0.0
2026-01-11 00:00:00,0.0
2026-01-11 00:15:00,0.0
2026-01-11 00:30:00,0.0
2026-01-11 00:45:00,0.0
2026-01-11 01:00:00,0.0
2026-01-11 01:15:00,0.0
2026-01-11 01:30:00,0.0
2026-01-11 01:45:00,0.0
2026-01-11 02:00:00,0.0
2026-01-11 02:15:00,0.0
2026-01-11 02:30:00,0.0
2026-01-11 02:45:00,0.0
2026-01-11 03:00:00,0.0
2026-01-11 03:15:00,0.0
2026-01-11 03:30:00,0.0
2026-01-11 03:45:00,0.0
2026-01-11 04:00:00,0.0
2026-01-11 04:15:00,0.0
2026-01-11 04:30:00,0.0
2026-01-11 04:45:00,0.0
2026-01-11 05:00:00,0.0
2026-01-11 05:15:00,0.0
2026-01-11 05:30:00,0.0
2026-01-11 05:45:00,0.0
2026-01-11 06:00:00,0.0
2026-01-11 06:15:00,0.0
2026-01-11 06:30:00,0.0
2026-01-11 06:45:00,0.0
2026-01-11 07:00:00,1.26
2026-01-11 07:15:00,15.291
2026-01-11 07:30:00,45.288
2026-01-11 07:45:00,89.905
2026-01-11 08:00:00,145.259
2026-01-11 08:15:00,210.128
2026-01-11 08:30:00,284.109
2026-01-11 08:45:00,361.833
2026-01-11 09:00:00,441.223
2026-01-11 09:15:00,526.064
2026-01-11 09:30:00,623.846
2026-01-11 09:45:00,635.855
2026-01-11 10:00:00,697.437
2026-01-11 10:15:00,883.252
2026-01-11 10:30:00,963.911
2026-01-11 10:45:00,1006.306
2026-01-11 11:00:00,1057.758
2026-01-11 11:15:00,1075.403
2026-01-11 11:30:00,1056.429
2026-01-11 11:45:00,1068.608
2026-01-11 12:00:00,1138.42
2026-01-11 12:15:00,1145.17
2026-01-11 12:30:00,1148.892
2026-01-11 12:45:00,1060.945
2026-01-11 13:00:00,1086.356
2026-01-11 13:15:00,993.258
2026-01-11 13:30:00,1021.863
2026-01-11 13:45:00,981.232
2026-01-11 14:00:00,870.52
2026-01-11 14:15:00,707.72
2026-01-11 14:30:00,605.143
2026-01-11 14:45:00,598.274
2026-01-11 15:00:00,760.56
2026-01-11 15:15:00,693.706
2026-01-11 15:30:00,619.116
2026-01-11 15:45:00,536.248
2026-01-11 16:00:00,447.316
2026-01-11 16:15:00,380.193
2026-01-11 16:30:00,297.433
2026-01-11 16:45:00,217.929
2026-01-11 17:00:00,148.603
2026-01-11 17:15:00,92.541
2026-01-11 17:30:00,39.761
2026-01-11 17:45:00,10.298
2026-01-11 18:00:00,1.09
2026-01-11 18:15:00,0.34
2026-01-11 18:30:00,0.11
2026-01-11 18:45:00,0.0
2026-01-11 19:00:00,0.0
2026-01-11 19:15:00,0.0
2026-01-11 19:30:00,0.0
2026-01-11 19:45:00,0.0
2026-01-11 20:00:00,0.0
2026-01-11 20:15:00,0.0
2026-01-11 20:30:00,0.0
2026-01-11 20:45:00,0.0
2026-01-11 21:00:00,0.0
2026-01-11 21:15:00,0.0
2026-01-11 21:30:00,0.0
2026-01-11 21:45:00,0.0
2026-01-11 22:00:00,0.0
2026-01-11 22:15:00,0.0
2026-01-11 22:30:00,0.0
2026-01-11 22:45:00,0.0
2026-01-11 23:00:00,0.0
2026-01-11 23:15:00,0.0
2026-01-11 23:30:00,0.0
2026-01-11 23:45:00,0.0
2026-01-12 00:00:00,0.0
2026-01-12 00:15:00,0.0
2026-01-12 00:30:00,0.0
2026-01-12 00:45:00,0.0
2026-01-12 01:00:00,0.0
2026-01-12 01:15:00,0.0
2026-01-12 01:30:00,0.0
2026-01-12 01:45:00,0.0
2026-01-12 02:00:00,0.0
2026-01-12 02:15:00,0.0
2026-01-12 02:30:00,0.0
2026-01-12 02:45:00,0.0
2026-01-12 03:00:00,0.0
2026-01-12 03:15:00,0.0
2026-01-12 03:30:00,0.0
2026-01-12 03:45:00,0.0
2026-01-12 04:00:00,0.0
2026-01-12 04:15:00,0.0
2026-01-12 04:30:00,0.0
2026-01-12 04:45:00,0.0
2026-01-12 05:00:00,0.0
2026-01-12 05:15:00,0.0
2026-01-12 05:30:00,0.0
2026-01-12 05:45:00,0.0
2026-01-12 06:00:00,0.0
2026-01-12 06:15:00,0.0
2026-01-12 06:30:00,0.0
2026-01-12 06:45:00,0.0
2026-01-12 07:00:00,0.393
2026-01-12 07:15:00,10.175
2026-01-12 07:30:00,23.919
2026-01-12 07:45:00,43.621
2026-01-12 08:00:00,69.459
2026-01-12 08:15:00,99.2
2026-01-12 08:30:00,136.956
2026-01-12 08:45:00,169.103
2026-01-12 09:00:00,203.472
2026-01-12 09:15:00,237.964
2026-01-12 09:30:00,271.644
2026-01-12 09:45:00,311.008
2026-01-12 10:00:00,348.915
2026-01-12 10:15:00,386.537
2026-01-12 10:30:00,431.007
2026-01-12 10:45:00,457.939
2026-01-12 11:00:00,494.916
2026-01-12 11:15:00,545.879
2026-01-12 11:30:00,578.397
2026-01-12 11:45:00,592.06
2026-01-12 12:00:00,615.111
2026-01-12 12:15:00,626.266
2026-01-12 12:30:00,623.767
2026-01-12 12:45:00,608.531
2026-01-12 13:00:00,583.12
2026-01-12 13:15:00,574.654
2026-01-12 13:30:00,581.898
2026-01-12 13:45:00,562.895
2026-01-12 14:00:00,555.547
2026-01-12 14:15:00,540.122
2026-01-12 14:30:00,543.153
2026-01-12 14:45:00,499.785
2026-01-12 15:00:00,468.347
2026-01-12 15:15:00,416.402
2026-01-12 15:30:00,371.455
2026-01-12 15:45:00,317.096
2026-01-12 16:00:00,267.42
2026-01-12 16:15:00,214.819
2026-01-12 16:30:00,181.316
2026-01-12 16:45:00,135.103
2026-01-12 17:00:00,93.864
2026-01-12 17:15:00,58.66
2026-01-12 17:30:00,19.408
2026-01-12 17:45:00,2.523
2026-01-12 18:00:00,0.897
2026-01-12 18:15:00,0.305
2026-01-12 18:30:00,0.097
2026-01-12 18:45:00,0.0
2026-01-12 19:00:00,0.0
2026-01-12 19:15:00,0.0
2026-01-12 19:30:00,0.0
2026-01-12 19:45:00,0.0
2026-01-12 20:00:00,0.0
2026-01-12 20:15:00,0.0
2026-01-12 20:30:00,0.0
2026-01-12 20:45:00,0.0
2026-01-12 21:00:00,0.0
2026-01-12 21:15:00,0.0
2026-01-12 21:30:00,0.0
2026-01-12 21:45:00,0.0
2026-01-12 22:00:00,0.0
2026-01-12 22:15:00,0.0
2026-01-12 22:30:00,0.0
2026-01-12 22:45:00,0.0
2026-01-12 23:00:00,0.0
2026-01-12 23:15:00,0.0
2026-01-12 23:30:00,0.0
2026-01-12 23:45:00,0.0
2026-01-13 00:00:00,0.0
2026-01-13 00:15:00,0.0
2026-01-13 00:30:00,0.0
2026-01-13 00:45:00,0.0
2026-01-13 01:00:00,0.0
2026-01-13 01:15:00,0.0
2026-01-13 01:30:00,0.0
2026-01-13 01:45:00,0.0
2026-01-13 02:00:00,0.0
2026-01-13 02:15:00,0.0
2026-01-13 02:30:00,0.0
2026-01-13 02:45:00,0.0
2026-01-13 03:00:00,0.0
2026-01-13 03:15:00,0.0
2026-01-13 03:30:00,0.0
2026-01-13 03:45:00,0.0
2026-01-13 04:00:00,0.0
2026-01-13 04:15:00,0.0
2026-01-13 04:30:00,0.0
2026-01-13 04:45:00,0.0
2026-01-13 05:00:00,0.0
2026-01-13 05:15:00,0.0
2026-01-13 05:30:00,0.0
2026-01-13 05:45:00,0.0
2026-01-13 06:00:00,0.0
2026-01-13 06:15:00,0.0
2026-01-13 06:30:00,0.0
2026-01-13 06:45:00,0.0
2026-01-13 07:00:00,1.225
2026-01-13 07:15:00,16.692
2026-01-13 07:30:00,48.196
2026-01-13 07:45:00,93.484
2026-01-13 08:00:00,149.532
2026-01-13 08:15:00,212.934
2026-01-13 08:30:00,287.643
2026-01-13 08:45:00,369.198
2026-01-13 09:00:00,451.57
2026-01-13 09:15:00,534.097
2026-01-13 09:30:00,631.346
2026-01-13 09:45:00,704.711
2026-01-13 10:00:00,805.956
2026-01-13 10:15:00,844.334
2026-01-13 10:30:00,917.216
2026-01-13 10:45:00,988.077
2026-01-13 11:00:00,1068.291
2026-01-13 11:15:00,1100.833
2026-01-13 11:30:00,1128.411
2026-01-13 11:45:00,1050.841
2026-01-13 12:00:00,1164.32
2026-01-13 12:15:00,1173.264
2026-01-13 12:30:00,1181.391
2026-01-13 12:45:00,1173.059
2026-01-13 13:00:00,1166.121
2026-01-13 13:15:00,1142.106
2026-01-13 13:30:00,1132.746
2026-01-13 13:45:00,982.155
2026-01-13 14:00:00,826.829
2026-01-13 14:15:00,818.578
2026-01-13 14:30:00,757.041
2026-01-13 14:45:00,698.554
2026-01-13 15:00:00,773.814
2026-01-13 15:15:00,732.746
2026-01-13 15:30:00,649.701
2026-01-13 15:45:00,569.233
2026-01-13 16:00:00,476.522
2026-01-13 16:15:00,392.521
2026-01-13 16:30:00,313.871
2026-01-13 16:45:00,236.446
2026-01-13 17:00:00,165.63
2026-01-13 17:15:00,105.846
2026-01-13 17:30:00,53.668
2026-01-13 17:45:00,14.073
2026-01-13 18:00:00,1.293
2026-01-13 18:15:00,0.468
2026-01-13 18:30:00,0.093
2026-01-13 18:45:00,0.0
2026-01-13 19:00:00,0.0
2026-01-13 19:15:00,0.0
2026-01-13 19:30:00,0.0
2026-01-13 19:45:00,0.0
2026-01-13 20:00:00,0.0
2026-01-13 20:15:00,0.0
2026-01-13 20:30:00,0.0
2026-01-13 20:45:00,0.0
2026-01-13 21:00:00,0.0
2026-01-13 21:15:00,0.0
2026-01-13 21:30:00,0.0
2026-01-13 21:45:00,0.0
2026-01-13 22:00:00,0.0
2026-01-13 22:15:00,0.0
2026-01-13 22:30:00,0.0
2026-01-13 22:45:00,0.0
2026-01-13 23:00:00,0.0
2026-01-13 23:15:00,0.0
2026-01-13 23:30:00,0.0
2026-01-13 23:45:00,0.0
2026-01-14 00:00:00,0.0
2026-01-14 00:15:00,0.0
2026-01-14 00:30:00,0.0
2026-01-14 00:45:00,0.0
2026-01-14 01:00:00,0.0
2026-01-14 01:15:00,0.0
2026-01-14 01:30:00,0.0
2026-01-14 01:45:00,0.0
2026-01-14 02:00:00,0.0
2026-01-14 02:15:00,0.0
2026-01-14 02:30:00,0.0
2026-01-14 02:45:00,0.0
2026-01-14 03:00:00,0.0
2026-01-14 03:15:00,0.0
2026-01-14 03:30:00,0.0
2026-01-14 03:45:00,0.0
2026-01-14 04:00:00,0.0
2026-01-14 04:15:00,0.0
2026-01-14 04:30:00,0.0
2026-01-14 04:45:00,0.0
2026-01-14 05:00:00,0.0
2026-01-14 05:15:00,0.0
2026-01-14 05:30:00,0.0
2026-01-14 05:45:00,0.0
2026-01-14 06:00:00,0.0
2026-01-14 06:15:00,0.0
2026-01-14 06:30:00,0.0
2026-01-14 06:45:00,0.0
2026-01-14 07:00:00,1.107
2026-01-14 07:15:00,15.837
2026-01-14 07:30:00,45.2
2026-01-14 07:45:00,92.474
2026-01-14 08:00:00,149.083
2026-01-14 08:15:00,214.204
2026-01-14 08:30:00,296.842
2026-01-14 08:45:00,366.397
2026-01-14 09:00:00,428.846
2026-01-14 09:15:00,465.899
2026-01-14 09:30:00,535.587
2026-01-14 09:45:00,530.202
2026-01-14 10:00:00,575.945
2026-01-14 10:15:00,670.597
2026-01-14 10:30:00,889.787
2026-01-14 10:45:00,915.077
2026-01-14 11:00:00,950.804
2026-01-14 11:15:00,1050.269
2026-01-14 11:30:00,1030.374
2026-01-14 11:45:00,1025.365
2026-01-14 12:00:00,1115.779
2026-01-14 12:15:00,1086.264
2026-01-14 12:30:00,1102.685
2026-01-14 12:45:00,1009.255
2026-01-14 13:00:00,881.588
2026-01-14 13:15:00,869.878
2026-01-14 13:30:00,867.788
2026-01-14 13:45:00,860.256
2026-01-14 14:00:00,818.569
2026-01-14 14:15:00,780.324
2026-01-14 14:30:00,721.27
2026-01-14 14:45:00,721.971
2026-01-14 15:00:00,734.666
2026-01-14 15:15:00,665.84
2026-01-14 15:30:00,586.135
2026-01-14 15:45:00,502.589
2026-01-14 16:00:00,425.29
2026-01-14 16:15:00,356.412
2026-01-14 16:30:00,277.771
2026-01-14 16:45:00,205.32
2026-01-14 17:00:00,142.055
2026-01-14 17:15:00,91.145
2026-01-14 17:30:00,37.147
2026-01-14 17:45:00,8.076
2026-01-14 18:00:00,0.98
2026-01-14 18:15:00,0.32
2026-01-14 18:30:00,0.115
2026-01-14 18:45:00,0.0
2026-01-14 19:00:00,0.0
2026-01-14 19:15:00,0.0
2026-01-14 19:30:00,0.0
2026-01-14 19:45:00,0.0
2026-01-14 20:00:00,0.0
2026-01-14 20:15:00,0.0
2026-01-14 20:30:00,0.0
2026-01-14 20:45:00,0.0
2026-01-14 21:00:00,0.0
2026-01-14 21:15:00,0.0
2026-01-14 21:30:00,0.0
2026-01-14 21:45:00,0.0
2026-01-14 22:00:00,0.0
2026-01-14 22:15:00,0.0
2026-01-14 22:30:00,0.0
2026-01-14 22:45:00,0.0
2026-01-14 23:00:00,0.0
2026-01-14 23:15:00,0.0
2026-01-14 23:30:00,0.0
2026-01-14 23:45:00,0.0
2026-01-15 00:00:00,0.0
2026-01-15 00:15:00,0.0
2026-01-15 00:30:00,0.0
2026-01-15 00:45:00,0.0
2026-01-15 01:00:00,0.0
2026-01-15 01:15:00,0.0
2026-01-15 01:30:00,0.0
2026-01-15 01:45:00,0.0
2026-01-15 02:00:00,0.0
2026-01-15 02:15:00,0.0
2026-01-15 02:30:00,0.0
2026-01-15 02:45:00,0.0
2026-01-15 03:00:00,0.0
2026-01-15 03:15:00,0.0
2026-01-15 03:30:00,0.0
2026-01-15 03:45:00,0.0
2026-01-15 04:00:00,0.0
2026-01-15 04:15:00,0.0
2026-01-15 04:30:00,0.0
2026-01-15 04:45:00,0.0
2026-01-15 05:00:00,0.0
2026-01-15 05:15:00,0.0
2026-01-15 05:30:00,0.0
2026-01-15 05:45:00,0.0
2026-01-15 06:00:00,0.0
2026-01-15 06:15:00,0.0
2026-01-15 06:30:00,0.0
2026-01-15 06:45:00,0.0
2026-01-15 07:00:00,0.55
2026-01-15 07:15:00,11.156
2026-01-15 07:30:00,33.769
2026-01-15 07:45:00,67.89
2026-01-15 08:00:00,112.124
2026-01-15 08:15:00,165.464
2026-01-15 08:30:00,219.748
2026-01-15 08:45:00,290.509
2026-01-15 09:00:00,359.17
2026-01-15 09:15:00,422.161
2026-01-15 09:30:00,492.459
2026-01-15 09:45:00,550.408
2026-01-15 10:00:00,610.038
2026-01-15 10:15:00,668.916
2026-01-15 10:30:00,734.367
2026-01-15 10:45:00,787.248
2026-01-15 11:00:00,816.013
2026-01-15 11:15:00,845.252
2026-01-15 11:30:00,869.531
2026-01-15 11:45:00,799.078
2026-01-15 12:00:00,912.207
2026-01-15 12:15:00,919.563
2026-01-15 12:30:00,920.289
2026-01-15 12:45:00,929.203
2026-01-15 13:00:00,938.169
2026-01-15 13:15:00,932.739
2026-01-15 13:30:00,888.651
2026-01-15 13:45:00,833.022
2026-01-15 14:00:00,793.827
2026-01-15 14:15:00,756.212
2026-01-15 14:30:00,725.081
2026-01-15 14:45:00,680.301
2026-01-15 15:00:00,628.123
2026-01-15 15:15:00,563.926
2026-01-15 15:30:00,491.347
2026-01-15 15:45:00,422.665
2026-01-15 16:00:00,349.026
2026-01-15 16:15:00,274.922
2026-01-15 16:30:00,205.987
2026-01-15 16:45:00,153.531
2026-01-15 17:00:00,103.2
2026-01-15 17:15:00,63.27
2026-01-15 17:30:00,33.614
2026-01-15 17:45:00,9.451
2026-01-15 18:00:00,0.645
2026-01-15 18:15:00,0.225
2026-01-15 18:30:00,0.005
2026-01-15 18:45:00,0.0
2026-01-15 19:00:00,0.0
2026-01-15 19:15:00,0.0
2026-01-15 19:30:00,0.0
2026-01-15 19:45:00,0.0
2026-01-15 20:00:00,0.0
2026-01-15 20:15:00,0.0
2026-01-15 20:30:00,0.0
2026-01-15 20:45:00,0.0
2026-01-15 21:00:00,0.0
2026-01-15 21:15:00,0.0
2026-01-15 21:30:00,0.0
2026-01-15 21:45:00,0.0
2026-01-15 22:00:00,0.0
2026-01-15 22:15:00,0.0
2026-01-15 22:30:00,0.0
2026-01-15 22:45:00,0.0
2026-01-15 23:00:00,0.0
2026-01-15 23:15:00,0.0
2026-01-15 23:30:00,0.0
2026-01-15 23:45:00,0.0
2026-01-16 00:00:00,0.0
2026-01-16 00:15:00,0.0
2026-01-16 00:30:00,0.0
2026-01-16 00:45:00,0.0
2026-01-16 01:00:00,0.0
2026-01-16 01:15:00,0.0
2026-01-16 01:30:00,0.0
2026-01-16 01:45:00,0.0
2026-01-16 02:00:00,0.0
2026-01-16 02:15:00,0.0
2026-01-16 02:30:00,0.0
2026-01-16 02:45:00,0.0
2026-01-16 03:00:00,0.0
2026-01-16 03:15:00,0.0
2026-01-16 03:30:00,0.0
2026-01-16 03:45:00,0.0
2026-01-16 04:00:00,0.0
2026-01-16 04:15:00,0.0
2026-01-16 04:30:00,0.0
2026-01-16 04:45:00,0.0
2026-01-16 05:00:00,0.0
2026-01-16 05:15:00,0.0
2026-01-16 05:30:00,0.0
2026-01-16 05:45:00,0.0
2026-01-16 06:00:00,0.0
2026-01-16 06:15:00,0.0
2026-01-16 06:30:00,0.0
2026-01-16 06:45:00,0.0
2026-01-16 07:00:00,0.262
2026-01-16 07:15:00,7.658
2026-01-16 07:30:00,22.138
2026-01-16 07:45:00,43.196
2026-01-16 08:00:00,69.234
2026-01-16 08:15:00,100.253
2026-01-16 08:30:00,137.43
2026-01-16 08:45:00,177.167
2026-01-16 09:00:00,214.048
2026-01-16 09:15:00,253.283
2026-01-16 09:30:00,294.919
2026-01-16 09:45:00,335.279
2026-01-16 10:00:00,356.877
2026-01-16 10:15:00,387.461
2026-01-16 10:30:00,414.25
2026-01-16 10:45:00,415.633
2026-01-16 11:00:00,434.379
2026-01-16 11:15:00,454.577
2026-01-16 11:30:00,474.084
2026-01-16 11:45:00,497.752
2026-01-16 12:00:00,507.514
2026-01-16 12:15:00,522.812
2026-01-16 12:30:00,536.712
2026-01-16 12:45:00,532.871
2026-01-16 13:00:00,516.778
2026-01-16 13:15:00,511.331
2026-01-16 13:30:00,478.649
2026-01-16 13:45:00,476.922
2026-01-16 14:00:00,440.36
2026-01-16 14:15:00,426.431
2026-01-16 14:30:00,389.382
2026-01-16 14:45:00,347.091
2026-01-16 15:00:00,300.797
2026-01-16 15:15:00,293.897
2026-01-16 15:30:00,259.98
2026-01-16 15:45:00,220.531
2026-01-16 16:00:00,193.768
2026-01-16 16:15:00,151.547
2026-01-16 16:30:00,119.435
2026-01-16 16:45:00,89.574
2026-01-16 17:00:00,51.966
2026-01-16 17:15:00,34.15
2026-01-16 17:30:00,18.841
2026-01-16 17:45:00,4.227
2026-01-16 18:00:00,0.31
2026-01-16 18:15:00,0.025
2026-01-16 18:30:00,0.0
2026-01-16 18:45:00,0.0
2026-01-16 19:00:00,0.0
2026-01-16 19:15:00,0.0
2026-01-16 19:30:00,0.0
2026-01-16 19:45:00,0.0
2026-01-16 20:00:00,0.0
2026-01-16 20:15:00,0.0
2026-01-16 20:30:00,0.0
2026-01-16 20:45:00,0.0
2026-01-16 21:00:00,0.0
2026-01-16 21:15:00,0.0
2026-01-16 21:30:00,0.0
2026-01-16 21:45:00,0.0
2026-01-16 22:00:00,0.0
2026-01-16 22:15:00,0.0
2026-01-16 22:30:00,0.0
2026-01-16 22:45:00,0.0
2026-01-16 23:00:00,0.0
2026-01-16 23:15:00,0.0
2026-01-16 23:30:00,0.0
2026-01-16 23:45:00,0.0
2026-01-17 00:00:00,0.0
2026-01-17 00:15:00,0.0
2026-01-17 00:30:00,0.0
2026-01-17 00:45:00,0.0
2026-01-17 01:00:00,0.0
2026-01-17 01:15:00,0.0
2026-01-17 01:30:00,0.0
2026-01-17 01:45:00,0.0
2026-01-17 02:00:00,0.0
2026-01-17 02:15:00,0.0
2026-01-17 02:30:00,0.0
2026-01-17 02:45:00,0.0
2026-01-17 03:00:00,0.0
2026-01-17 03:15:00,0.0
2026-01-17 03:30:00,0.0
2026-01-17 03:45:00,0.0
2026-01-17 04:00:00,0.0
2026-01-17 04:15:00,0.0
2026-01-17 04:30:00,0.0
2026-01-17 04:45:00,0.0
2026-01-17 05:00:00,0.0
2026-01-17 05:15:00,0.0
2026-01-17 05:30:00,0.0
2026-01-17 05:45:00,0.0
2026-01-17 06:00:00,0.0
2026-01-17 06:15:00,0.0
2026-01-17 06:30:00,0.0
2026-01-17 06:45:00,0.0
2026-01-17 07:00:00,0.213
2026-01-17 07:15:00,7.508
2026-01-17 07:30:00,17.866
2026-01-17 07:45:00,34.098
2026-01-17 08:00:00,55.357
2026-01-17 08:15:00,79.317
2026-01-17 08:30:00,107.716
2026-01-17 08:45:00,137.365
2026-01-17 09:00:00,168.077
2026-01-17 09:15:00,198.155
2026-01-17 09:30:00,230.841
2026-01-17 09:45:00,277.634
2026-01-17 10:00:00,323.099
2026-01-17 10:15:00,363.08
2026-01-17 10:30:00,401.159
2026-01-17 10:45:00,430.949
2026-01-17 11:00:00,457.256
2026-01-17 11:15:00,491.887
2026-01-17 11:30:00,519.767
2026-01-17 11:45:00,552.641
2026-01-17 12:00:00,592.088
2026-01-17 12:15:00,600.811
2026-01-17 12:30:00,618.834
2026-01-17 12:45:00,646.241
2026-01-17 13:00:00,647.481
2026-01-17 13:15:00,663.222
2026-01-17 13:30:00,663.821
2026-01-17 13:45:00,680.14
2026-01-17 14:00:00,652.515
2026-01-17 14:15:00,630.168
2026-01-17 14:30:00,628.767
2026-01-17 14:45:00,605.225
2026-01-17 15:00:00,541.489
2026-01-17 15:15:00,495.466
2026-01-17 15:30:00,443.36
2026-01-17 15:45:00,384.901
2026-01-17 16:00:00,321.66
2026-01-17 16:15:00,265.297
2026-01-17 16:30:00,207.649
2026-01-17 16:45:00,147.785
2026-01-17 17:00:00,99.161
2026-01-17 17:15:00,61.208
2026-01-17 17:30:00,31.556
2026-01-17 17:45:00,6.013
2026-01-17 18:00:00,1.355
2026-01-17 18:15:00,0.16
2026-01-17 18:30:00,0.08
2026-01-17 18:45:00,0.0
2026-01-17 19:00:00,0.0
2026-01-17 19:15:00,0.0
2026-01-17 19:30:00,0.0
2026-01-17 19:45:00,0.0
2026-01-17 20:00:00,0.0
2026-01-17 20:15:00,0.0
2026-01-17 20:30:00,0.0
2026-01-17 20:45:00,0.0
2026-01-17 21:00:00,0.0
2026-01-17 21:15:00,0.0
2026-01-17 21:30:00,0.0
2026-01-17 21:45:00,0.0
2026-01-17 22:00:00,0.0
2026-01-17 22:15:00,0.0
2026-01-17 22:30:00,0.0
2026-01-17 22:45:00,0.0
2026-01-17 23:00:00,0.0
2026-01-17 23:15:00,0.0
2026-01-17 23:30:00,0.0
2026-01-17 23:45:00,0.0
2026-01-18 00:00:00,0.0
2026-01-18 00:15:00,0.0
2026-01-18 00:30:00,0.0
2026-01-18 00:45:00,0.0
2026-01-18 01:00:00,0.0
2026-01-18 01:15:00,0.0
2026-01-18 01:30:00,0.0
2026-01-18 01:45:00,0.0
2026-01-18 02:00:00,0.0
2026-01-18 02:15:00,0.0
2026-01-18 02:30:00,0.0
2026-01-18 02:45:00,0.0
2026-01-18 03:00:00,0.0
2026-01-18 03:15:00,0.0
2026-01-18 03:30:00,0.0
2026-01-18 03:45:00,0.0
2026-01-18 04:00:00,0.0
2026-01-18 04:15:00,0.0
2026-01-18 04:30:00,0.0
2026-01-18 04:45:00,0.0
2026-01-18 05:00:00,0.0
2026-01-18 05:15:00,0.0
2026-01-18 05:30:00,0.0
2026-01-18 05:45:00,0.0
2026-01-18 06:00:00,0.0
2026-01-18 06:15:00,0.0
2026-01-18 06:30:00,0.0
2026-01-18 06:45:00,0.0
2026-01-18 07:00:00,0.663
2026-01-18 07:15:00,11.529
2026-01-18 07:30:00,33.902
2026-01-18 07:45:00,66.357
2026-01-18 08:00:00,107.06
2026-01-18 08:15:00,155.278
2026-01-18 08:30:00,207.346
2026-01-18 08:45:00,256.218
2026-01-18 09:00:00,297.97
2026-01-18 09:15:00,348.635
2026-01-18 09:30:00,388.548
2026-01-18 09:45:00,422.383
2026-01-18 10:00:00,453.291
2026-01-18 10:15:00,455.797
2026-01-18 10:30:00,456.789
2026-01-18 10:45:00,479.574
2026-01-18 11:00:00,497.909
2026-01-18 11:15:00,510.059
2026-01-18 11:30:00,529.588
2026-01-18 11:45:00,531.586
2026-01-18 12:00:00,560.271
2026-01-18 12:15:00,549.772
2026-01-18 12:30:00,534.979
2026-01-18 12:45:00,568.484
2026-01-18 13:00:00,559.218
2026-01-18 13:15:00,567.324
2026-01-18 13:30:00,556.173
2026-01-18 13:45:00,534.517
2026-01-18 14:00:00,511.828
2026-01-18 14:15:00,473.757
2026-01-18 14:30:00,458.008
2026-01-18 14:45:00,430.677
2026-01-18 15:00:00,403.869
2026-01-18 15:15:00,370.151
2026-01-18 15:30:00,318.498
2026-01-18 15:45:00,297.756
2026-01-18 16:00:00,250.148
2026-01-18 16:15:00,193.109
2026-01-18 16:30:00,151.261
2026-01-18 16:45:00,116.348
2026-01-18 17:00:00,80.121
2026-01-18 17:15:00,52.441
2026-01-18 17:30:00,26.901
2026-01-18 17:45:00,6.37
2026-01-18 18:00:00,1.015
2026-01-18 18:15:00,0.063
2026-01-18 18:30:00,0.0
2026-01-18 18:45:00,0.0
2026-01-18 19:00:00,0.0
2026-01-18 19:15:00,0.0
2026-01-18 19:30:00,0.0
2026-01-18 19:45:00,0.0
2026-01-18 20:00:00,0.0
2026-01-18 20:15:00,0.0
2026-01-18 20:30:00,0.0
2026-01-18 20:45:00,0.0
2026-01-18 21:00:00,0.0
2026-01-18 21:15:00,0.0
2026-01-18 21:30:00,0.0
2026-01-18 21:45:00,0.0
2026-01-18 22:00:00,0.0
2026-01-18 22:15:00,0.0
2026-01-18 22:30:00,0.0
2026-01-18 22:45:00,0.0
2026-01-18 23:00:00,0.0
2026-01-18 23:15:00,0.0
2026-01-18 23:30:00,0.0
2026-01-18 23:45:00,0.0
2026-01-19 00:00:00,0.0
2026-01-19 00:15:00,0.0
2026-01-19 00:30:00,0.0
2026-01-19 00:45:00,0.0
2026-01-19 01:00:00,0.0
2026-01-19 01:15:00,0.0
2026-01-19 01:30:00,0.0
2026-01-19 01:45:00,0.0
2026-01-19 02:00:00,0.0
2026-01-19 02:15:00,0.0
2026-01-19 02:30:00,0.0
2026-01-19 02:45:00,0.0
2026-01-19 03:00:00,0.0
2026-01-19 03:15:00,0.0
2026-01-19 03:30:00,0.0
2026-01-19 03:45:00,0.0
2026-01-19 04:00:00,0.0
2026-01-19 04:15:00,0.0
2026-01-19 04:30:00,0.0
2026-01-19 04:45:00,0.0
2026-01-19 05:00:00,0.0
2026-01-19 05:15:00,0.0
2026-01-19 05:30:00,0.0
2026-01-19 05:45:00,0.0
2026-01-19 06:00:00,0.0
2026-01-19 06:15:00,0.0
2026-01-19 06:30:00,0.0
2026-01-19 06:45:00,0.0
2026-01-19 07:00:00,0.165
2026-01-19 07:15:00,5.372
2026-01-19 07:30:00,10.416
2026-01-19 07:45:00,15.03
2026-01-19 08:00:00,20.735
2026-01-19 08:15:00,26.928
2026-01-19 08:30:00,32.227
2026-01-19 08:45:00,38.26
2026-01-19 09:00:00,44.987
2026-01-19 09:15:00,52.623
2026-01-19 09:30:00,57.544
2026-01-19 09:45:00,65.168
2026-01-19 10:00:00,69.663
2026-01-19 10:15:00,75.729
2026-01-19 10:30:00,80.582
2026-01-19 10:45:00,86.972
2026-01-19 11:00:00,91.757
2026-01-19 11:15:00,97.877
2026-01-19 11:30:00,102.397
2026-01-19 11:45:00,107.391
2026-01-19 12:00:00,108.586
2026-01-19 12:15:00,112.729
2026-01-19 12:30:00,112.542
2026-01-19 12:45:00,113.164
2026-01-19 13:00:00,112.322
2026-01-19 13:15:00,111.687
2026-01-19 13:30:00,106.232
2026-01-19 13:45:00,103.661
2026-01-19 14:00:00,100.43
2026-01-19 14:15:00,95.384
2026-01-19 14:30:00,87.62
2026-01-19 14:45:00,81.475
2026-01-19 15:00:00,72.869
2026-01-19 15:15:00,66.489
2026-01-19 15:30:00,59.121
2026-01-19 15:45:00,52.498
2026-01-19 16:00:00,44.201
2026-01-19 16:15:00,36.334
2026-01-19 16:30:00,27.547
2026-01-19 16:45:00,21.035
2026-01-19 17:00:00,14.447
2026-01-19 17:15:00,9.449
2026-01-19 17:30:00,5.955
2026-01-19 17:45:00,1.96
2026-01-19 18:00:00,0.085
2026-01-19 18:15:00,0.0
2026-01-19 18:30:00,0.0
2026-01-19 18:45:00,0.0
2026-01-19 19:00:00,0.0
2026-01-19 19:15:00,0.0
2026-01-19 19:30:00,0.0
2026-01-19 19:45:00,0.0
2026-01-19 20:00:00,0.0
2026-01-19 20:15:00,0.0
2026-01-19 20:30:00,0.0
2026-01-19 20:45:00,0.0
2026-01-19 21:00:00,0.0
2026-01-19 21:15:00,0.0
2026-01-19 21:30:00,0.0
2026-01-19 21:45:00,0.0
2026-01-19 22:00:00,0.0
2026-01-19 22:15:00,0.0
2026-01-19 22:30:00,0.0
2026-01-19 22:45:00,0.0
2026-01-19 23:00:00,0.0
2026-01-19 23:15:00,0.0
2026-01-19 23:30:00,0.0
2026-01-19 23:45:00,0.0
2026-01-20 00:00:00,0.0
2026-01-20 00:15:00,0.0
2026-01-20 00:30:00,0.0
2026-01-20 00:45:00,0.0
2026-01-20 01:00:00,0.0
2026-01-20 01:15:00,0.0
2026-01-20 01:30:00,0.0
2026-01-20 01:45:00,0.0
2026-01-20 02:00:00,0.0
2026-01-20 02:15:00,0.0
2026-01-20 02:30:00,0.0
2026-01-20 02:45:00,0.0
2026-01-20 03:00:00,0.0
2026-01-20 03:15:00,0.0
2026-01-20 03:30:00,0.0
2026-01-20 03:45:00,0.0
2026-01-20 04:00:00,0.0
2026-01-20 04:15:00,0.0
2026-01-20 04:30:00,0.0
2026-01-20 04:45:00,0.0
2026-01-20 05:00:00,0.0
2026-01-20 05:15:00,0.0
2026-01-20 05:30:00,0.0
2026-01-20 05:45:00,0.0
2026-01-20 06:00:00,0.0
2026-01-20 06:15:00,0.0
2026-01-20 06:30:00,0.0
2026-01-20 06:45:00,0.0
2026-01-20 07:00:00,0.072
2026-01-20 07:15:00,4.278
2026-01-20 07:30:00,6.266
2026-01-20 07:45:00,9.051
2026-01-20 08:00:00,12.635
2026-01-20 08:15:00,18.383
2026-01-20 08:30:00,24.382
2026-01-20 08:45:00,31.646
2026-01-20 09:00:00,38.044
2026-01-20 09:15:00,45.738
2026-01-20 09:30:00,52.069
2026-01-20 09:45:00,59.021
2026-01-20 10:00:00,65.906
2026-01-20 10:15:00,77.274
2026-01-20 10:30:00,83.876
2026-01-20 10:45:00,88.539
2026-01-20 11:00:00,92.332
2026-01-20 11:15:00,97.273
2026-01-20 11:30:00,100.872
2026-01-20 11:45:00,105.185
2026-01-20 12:00:00,102.087
2026-01-20 12:15:00,108.582
2026-01-20 12:30:00,106.892
2026-01-20 12:45:00,108.141
2026-01-20 13:00:00,113.709
2026-01-20 13:15:00,108.524
2026-01-20 13:30:00,108.5
2026-01-20 13:45:00,107.978
2026-01-20 14:00:00,100.558
2026-01-20 14:15:00,96.114
2026-01-20 14:30:00,84.249
2026-01-20 14:45:00,78.73
2026-01-20 15:00:00,71.953
2026-01-20 15:15:00,64.202
2026-01-20 15:30:00,56.476
2026-01-20 15:45:00,50.104
2026-01-20 16:00:00,43.259
2026-01-20 16:15:00,33.231
2026-01-20 16:30:00,25.438
2026-01-20 16:45:00,19.11
2026-01-20 17:00:00,14.114
2026-01-20 17:15:00,8.929
2026-01-20 17:30:00,4.898
2026-01-20 17:45:00,1.474
2026-01-20 18:00:00,0.023
2026-01-20 18:15:00,0.0
2026-01-20 18:30:00,0.0
2026-01-20 18:45:00,0.0
2026-01-20 19:00:00,0.0
2026-01-20 19:15:00,0.0
2026-01-20 19:30:00,0.0
2026-01-20 19:45:00,0.0
2026-01-20 20:00:00,0.0
2026-01-20 20:15:00,0.0
2026-01-20 20:30:00,0.0
2026-01-20 20:45:00,0.0
2026-01-20 21:00:00,0.0
2026-01-20 21:15:00,0.0
2026-01-20 21:30:00,0.0
2026-01-20 21:45:00,0.0
2026-01-20 22:00:00,0.0
2026-01-20 22:15:00,0.0
2026-01-20 22:30:00,0.0
2026-01-20 22:45:00,0.0
2026-01-20 23:00:00,0.0
2026-01-20 23:15:00,0.0
2026-01-20 23:30:00,0.0
2026-01-20 23:45:00,0.0
2026-01-21 00:00:00,0.0
2026-01-21 00:15:00,0.0
2026-01-21 00:30:00,0.0
2026-01-21 00:45:00,0.0
2026-01-21 01:00:00,0.0
2026-01-21 01:15:00,0.0
2026-01-21 01:30:00,0.0
2026-01-21 01:45:00,0.0
2026-01-21 02:00:00,0.0
2026-01-21 02:15:00,0.0
2026-01-21 02:30:00,0.0
2026-01-21 02:45:00,0.0
2026-01-21 03:00:00,0.0
2026-01-21 03:15:00,0.0
2026-01-21 03:30:00,0.0
2026-01-21 03:45:00,0.0
2026-01-21 04:00:00,0.0
2026-01-21 04:15:00,0.0
2026-01-21 04:30:00,0.0
2026-01-21 04:45:00,0.0
2026-01-21 05:00:00,0.0
2026-01-21 05:15:00,0.0
2026-01-21 05:30:00,0.0
2026-01-21 05:45:00,0.0
2026-01-21 06:00:00,0.0
2026-01-21 06:15:00,0.0
2026-01-21 06:30:00,0.0
2026-01-21 06:45:00,0.0
2026-01-21 07:00:00,0.185
2026-01-21 07:15:00,4.858
2026-01-21 07:30:00,7.813
2026-01-21 07:45:00,13.587
2026-01-21 08:00:00,22.467
2026-01-21 08:15:00,32.431
2026-01-21 08:30:00,43.119
2026-01-21 08:45:00,54.154
2026-01-21 09:00:00,65.439
2026-01-21 09:15:00,75.623
2026-01-21 09:30:00,85.225
2026-01-21 09:45:00,95.64
2026-01-21 10:00:00,105.898
2026-01-21 10:15:00,117.432
2026-01-21 10:30:00,124.08
2026-01-21 10:45:00,133.204
2026-01-21 11:00:00,140.793
2026-01-21 11:15:00,144.809
2026-01-21 11:30:00,150.305
2026-01-21 11:45:00,154.156
2026-01-21 12:00:00,155.03
2026-01-21 12:15:00,164.898
2026-01-21 12:30:00,163.997
2026-01-21 12:45:00,162.943
2026-01-21 13:00:00,162.355
2026-01-21 13:15:00,157.79
2026-01-21 13:30:00,149.089
2026-01-21 13:45:00,143.623
2026-01-21 14:00:00,138.206
2026-01-21 14:15:00,129.516
2026-01-21 14:30:00,116.813
2026-01-21 14:45:00,106.156
2026-01-21 15:00:00,100.148
2026-01-21 15:15:00,90.183
2026-01-21 15:30:00,79.488
2026-01-21 15:45:00,71.2
2026-01-21 16:00:00,60.338
2026-01-21 16:15:00,47.847
2026-01-21 16:30:00,37.677
2026-01-21 16:45:00,28.168
2026-01-21 17:00:00,18.888
2026-01-21 17:15:00,11.268
2026-01-21 17:30:00,6.417
2026-01-21 17:45:00,1.351
2026-01-21 18:00:00,0.306
2026-01-21 18:15:00,0.02
2026-01-21 18:30:00,0.01
2026-01-21 18:45:00,0.002
2026-01-21 19:00:00,0.0
2026-01-21 19:15:00,0.0
2026-01-21 19:30:00,0.0
2026-01-21 19:45:00,0.0
2026-01-21 20:00:00,0.0
2026-01-21 20:15:00,0.0
2026-01-21 20:30:00,0.0
2026-01-21 20:45:00,0.0
2026-01-21 21:00:00,0.0
2026-01-21 21:15:00,0.0
2026-01-21 21:30:00,0.0
2026-01-21 21:45:00,0.0
2026-01-21 22:00:00,0.0
2026-01-21 22:15:00,0.0
2026-01-21 22:30:00,0.0
2026-01-21 22:45:00,0.0
2026-01-21 23:00:00,0.0
2026-01-21 23:15:00,0.0
2026-01-21 23:30:00,0.0
2026-01-21 23:45:00,0.0
2026-01-22 00:00:00,0.0
2026-01-22 00:15:00,0.0
2026-01-22 00:30:00,0.0
2026-01-22 00:45:00,0.0
2026-01-22 01:00:00,0.0
2026-01-22 01:15:00,0.0
2026-01-22 01:30:00,0.0
2026-01-22 01:45:00,0.0
2026-01-22 02:00:00,0.0
2026-01-22 02:15:00,0.0
2026-01-22 02:30:00,0.0
2026-01-22 02:45:00,0.0
2026-01-22 03:00:00,0.0
2026-01-22 03:15:00,0.0
2026-01-22 03:30:00,0.0
2026-01-22 03:45:00,0.0
2026-01-22 04:00:00,0.0
2026-01-22 04:15:00,0.0
2026-01-22 04:30:00,0.0
2026-01-22 04:45:00,0.0
2026-01-22 05:00:00,0.0
2026-01-22 05:15:00,0.0
2026-01-22 05:30:00,0.0
2026-01-22 05:45:00,0.0
2026-01-22 06:00:00,0.0
2026-01-22 06:15:00,0.0
2026-01-22 06:30:00,0.0
2026-01-22 06:45:00,0.0
2026-01-22 07:00:00,0.34
2026-01-22 07:15:00,8.079
2026-01-22 07:30:00,21.411
2026-01-22 07:45:00,41.716
2026-01-22 08:00:00,68.478
2026-01-22 08:15:00,101.581
2026-01-22 08:30:00,139.011
2026-01-22 08:45:00,180.066
2026-01-22 09:00:00,217.948
2026-01-22 09:15:00,256.192
2026-01-22 09:30:00,311.062
2026-01-22 09:45:00,365.788
2026-01-22 10:00:00,356.667
2026-01-22 10:15:00,378.417
2026-01-22 10:30:00,398.959
2026-01-22 10:45:00,419.79
2026-01-22 11:00:00,447.893
2026-01-22 11:15:00,471.777
2026-01-22 11:30:00,496.856
2026-01-22 11:45:00,531.32
2026-01-22 12:00:00,541.001
2026-01-22 12:15:00,569.178
2026-01-22 12:30:00,582.203
2026-01-22 12:45:00,607.98
2026-01-22 13:00:00,605.918
2026-01-22 13:15:00,612.696
2026-01-22 13:30:00,610.27
2026-01-22 13:45:00,611.094
2026-01-22 14:00:00,587.485
2026-01-22 14:15:00,555.567
2026-01-22 14:30:00,526.086
2026-01-22 14:45:00,515.721
2026-01-22 15:00:00,478.289
2026-01-22 15:15:00,441.933
2026-01-22 15:30:00,397.311
2026-01-22 15:45:00,353.007
2026-01-22 16:00:00,304.164
2026-01-22 16:15:00,248.174
2026-01-22 16:30:00,196.87
2026-01-22 16:45:00,150.592
2026-01-22 17:00:00,107.841
2026-01-22 17:15:00,73.392
2026-01-22 17:30:00,45.062
2026-01-22 17:45:00,11.845
2026-01-22 18:00:00,4.054
2026-01-22 18:15:00,0.762
2026-01-22 18:30:00,0.257
2026-01-22 18:45:00,0.0
2026-01-22 19:00:00,0.0
2026-01-22 19:15:00,0.0
2026-01-22 19:30:00,0.0
2026-01-22 19:45:00,0.0
2026-01-22 20:00:00,0.0
2026-01-22 20:15:00,0.0
2026-01-22 20:30:00,0.0
2026-01-22 20:45:00,0.0
2026-01-22 21:00:00,0.0
2026-01-22 21:15:00,0.0
2026-01-22 21:30:00,0.0
2026-01-22 21:45:00,0.0
2026-01-22 22:00:00,0.0
2026-01-22 22:15:00,0.0
2026-01-22 22:30:00,0.0
2026-01-22 22:45:00,0.0
2026-01-22 23:00:00,0.0
2026-01-22 23:15:00,0.0
2026-01-22 23:30:00,0.0
2026-01-22 23:45:00,0.0
2026-01-23 00:00:00,0.0
2026-01-23 00:15:00,0.0
2026-01-23 00:30:00,0.0
2026-01-23 00:45:00,0.0
2026-01-23 01:00:00,0.0
2026-01-23 01:15:00,0.0
2026-01-23 01:30:00,0.0
2026-01-23 01:45:00,0.0
2026-01-23 02:00:00,0.0
2026-01-23 02:15:00,0.0
2026-01-23 02:30:00,0.0
2026-01-23 02:45:00,0.0
2026-01-23 03:00:00,0.0
2026-01-23 03:15:00,0.0
2026-01-23 03:30:00,0.0
2026-01-23 03:45:00,0.0
2026-01-23 04:00:00,0.0
2026-01-23 04:15:00,0.0
2026-01-23 04:30:00,0.0
2026-01-23 04:45:00,0.0
2026-01-23 05:00:00,0.0
2026-01-23 05:15:00,0.0
2026-01-23 05:30:00,0.0
2026-01-23 05:45:00,0.0
2026-01-23 06:00:00,0.0
2026-01-23 06:15:00,0.0
2026-01-23 06:30:00,0.0
2026-01-23 06:45:00,0.0
2026-01-23 07:00:00,0.962
2026-01-23 07:15:00,13.519
2026-01-23 07:30:00,43.764
2026-01-23 07:45:00,87.437
2026-01-23 08:00:00,138.913
2026-01-23 08:15:00,196.459
2026-01-23 08:30:00,258.834
2026-01-23 08:45:00,324.591
2026-01-23 09:00:00,388.112
2026-01-23 09:15:00,459.362
2026-01-23 09:30:00,538.559
2026-01-23 09:45:00,610.777
2026-01-23 10:00:00,673.278
2026-01-23 10:15:00,719.327
2026-01-23 10:30:00,745.735
2026-01-23 10:45:00,793.565
2026-01-23 11:00:00,837.407
2026-01-23 11:15:00,851.309
2026-01-23 11:30:00,881.054
2026-01-23 11:45:00,906.532
2026-01-23 12:00:00,913.17
2026-01-23 12:15:00,948.8
2026-01-23 12:30:00,948.654
2026-01-23 12:45:00,958.133
2026-01-23 13:00:00,963.039
2026-01-23 13:15:00,961.624
2026-01-23 13:30:00,946.721
2026-01-23 13:45:00,930.367
2026-01-23 14:00:00,926.503
2026-01-23 14:15:00,882.395
2026-01-23 14:30:00,840.796
2026-01-23 14:45:00,794.303
2026-01-23 15:00:00,735.672
2026-01-23 15:15:00,668.839
2026-01-23 15:30:00,604.207
2026-01-23 15:45:00,525.371
2026-01-23 16:00:00,450.589
2026-01-23 16:15:00,373.478
2026-01-23 16:30:00,296.618
2026-01-23 16:45:00,218.14
2026-01-23 17:00:00,154.658
2026-01-23 17:15:00,100.233
2026-01-23 17:30:00,53.687
2026-01-23 17:45:00,13.809
2026-01-23 18:00:00,4.787
2026-01-23 18:15:00,0.7
2026-01-23 18:30:00,0.105
2026-01-23 18:45:00,0.0
2026-01-23 19:00:00,0.0
2026-01-23 19:15:00,0.0
2026-01-23 19:30:00,0.0
2026-01-23 19:45:00,0.0
2026-01-23 20:00:00,0.0
2026-01-23 20:15:00,0.0
2026-01-23 20:30:00,0.0
2026-01-23 20:45:00,0.0
2026-01-23 21:00:00,0.0
2026-01-23 21:15:00,0.0
2026-01-23 21:30:00,0.0
2026-01-23 21:45:00,0.0
2026-01-23 22:00:00,0.0
2026-01-23 22:15:00,0.0
2026-01-23 22:30:00,0.0
2026-01-23 22:45:00,0.0
2026-01-23 23:00:00,0.0
2026-01-23 23:15:00,0.0
2026-01-23 23:30:00,0.0
2026-01-23 23:45:00,0.0
2026-01-24 00:00:00,0.0
2026-01-24 00:15:00,0.0
2026-01-24 00:30:00,0.0
2026-01-24 00:45:00,0.0
2026-01-24 01:00:00,0.0
2026-01-24 01:15:00,0.0
2026-01-24 01:30:00,0.0
2026-01-24 01:45:00,0.0
2026-01-24 02:00:00,0.0
2026-01-24 02:15:00,0.0
2026-01-24 02:30:00,0.0
2026-01-24 02:45:00,0.0
2026-01-24 03:00:00,0.0
2026-01-24 03:15:00,0.0
2026-01-24 03:30:00,0.0
2026-01-24 03:45:00,0.0
2026-01-24 04:00:00,0.0
2026-01-24 04:15:00,0.0
2026-01-24 04:30:00,0.0
2026-01-24 04:45:00,0.0
2026-01-24 05:00:00,0.0
2026-01-24 05:15:00,0.0
2026-01-24 05:30:00,0.0
2026-01-24 05:45:00,0.0
2026-01-24 06:00:00,0.0
2026-01-24 06:15:00,0.0
2026-01-24 06:30:00,0.0
2026-01-24 06:45:00,0.0
2026-01-24 07:00:00,1.072
2026-01-24 07:15:00,14.217
2026-01-24 07:30:00,37.805
2026-01-24 07:45:00,74.907
2026-01-24 08:00:00,120.831
2026-01-24 08:15:00,174.991
2026-01-24 08:30:00,235.592
2026-01-24 08:45:00,300.004
2026-01-24 09:00:00,356.796
2026-01-24 09:15:00,416.107
2026-01-24 09:30:00,478.181
2026-01-24 09:45:00,533.466
2026-01-24 10:00:00,596.123
2026-01-24 10:15:00,616.557
2026-01-24 10:30:00,632.782
2026-01-24 10:45:00,670.46
2026-01-24 11:00:00,699.765
2026-01-24 11:15:00,702.468
2026-01-24 11:30:00,731.966
2026-01-24 11:45:00,747.331
2026-01-24 12:00:00,731.4
2026-01-24 12:15:00,778.673
2026-01-24 12:30:00,807.249
2026-01-24 12:45:00,817.888
2026-01-24 13:00:00,791.97
2026-01-24 13:15:00,821.0
2026-01-24 13:30:00,818.269
2026-01-24 13:45:00,790.986
2026-01-24 14:00:00,761.609
2026-01-24 14:15:00,717.386
2026-01-24 14:30:00,673.552
2026-01-24 14:45:00,631.13
2026-01-24 15:00:00,584.477
2026-01-24 15:15:00,524.986
2026-01-24 15:30:00,469.407
2026-01-24 15:45:00,399.632
2026-01-24 16:00:00,334.139
2026-01-24 16:15:00,262.203
2026-01-24 16:30:00,203.5
2026-01-24 16:45:00,151.485
2026-01-24 17:00:00,102.102
2026-01-24 17:15:00,61.106
2026-01-24 17:30:00,32.672
2026-01-24 17:45:00,11.545
2026-01-24 18:00:00,1.977
2026-01-24 18:15:00,0.097
2026-01-24 18:30:00,0.0
2026-01-24 18:45:00,0.0
2026-01-24 19:00:00,0.0
2026-01-24 19:15:00,0.0
2026-01-24 19:30:00,0.0
2026-01-24 19:45:00,0.0
2026-01-24 20:00:00,0.0
2026-01-24 20:15:00,0.0
2026-01-24 20:30:00,0.0
2026-01-24 20:45:00,0.0
2026-01-24 21:00:00,0.0
2026-01-24 21:15:00,0.0
2026-01-24 21:30:00,0.0
2026-01-24 21:45:00,0.0
2026-01-24 22:00:00,0.0
2026-01-24 22:15:00,0.0
2026-01-24 22:30:00,0.0
2026-01-24 22:45:00,0.0
2026-01-24 23:00:00,0.0
2026-01-24 23:15:00,0.0
2026-01-24 23:30:00,0.0
2026-01-24 23:45:00,0.0
2026-01-25 00:00:00,0.0
2026-01-25 00:15:00,0.0
2026-01-25 00:30:00,0.0
2026-01-25 00:45:00,0.0
2026-01-25 01:00:00,0.0
2026-01-25 01:15:00,0.0
2026-01-25 01:30:00,0.0
2026-01-25 01:45:00,0.0
2026-01-25 02:00:00,0.0
2026-01-25 02:15:00,0.0
2026-01-25 02:30:00,0.0
2026-01-25 02:45:00,0.0
2026-01-25 03:00:00,0.0
2026-01-25 03:15:00,0.0
2026-01-25 03:30:00,0.0
2026-01-25 03:45:00,0.0
2026-01-25 04:00:00,0.0
2026-01-25 04:15:00,0.0
2026-01-25 04:30:00,0.0
2026-01-25 04:45:00,0.0
2026-01-25 05:00:00,0.0
2026-01-25 05:15:00,0.0
2026-01-25 05:30:00,0.0
2026-01-25 05:45:00,0.0
2026-01-25 06:00:00,0.0
2026-01-25 06:15:00,0.0
2026-01-25 06:30:00,0.0
2026-01-25 06:45:00,0.0
2026-01-25 07:00:00,0.352
2026-01-25 07:15:00,6.845
2026-01-25 07:30:00,12.251
2026-01-25 07:45:00,20.839
2026-01-25 08:00:00,32.262
2026-01-25 08:15:00,44.706
2026-01-25 08:30:00,56.279
2026-01-25 08:45:00,69.637
2026-01-25 09:00:00,82.405
2026-01-25 09:15:00,95.478
2026-01-25 09:30:00,106.385
2026-01-25 09:45:00,121.204
2026-01-25 10:00:00,133.688
2026-01-25 10:15:00,146.564
2026-01-25 10:30:00,155.929
2026-01-25 10:45:00,163.99
2026-01-25 11:00:00,167.061
2026-01-25 11:15:00,174.968
2026-01-25 11:30:00,185.411
2026-01-25 11:45:00,191.967
2026-01-25 12:00:00,192.722
2026-01-25 12:15:00,192.333
2026-01-25 12:30:00,195.328
2026-01-25 12:45:00,202.368
2026-01-25 13:00:00,195.157
2026-01-25 13:15:00,191.009
2026-01-25 13:30:00,182.95
2026-01-25 13:45:00,176.608
2026-01-25 14:00:00,166.467
2026-01-25 14:15:00,154.242
2026-01-25 14:30:00,140.626
2026-01-25 14:45:00,129.533
2026-01-25 15:00:00,119.061
2026-01-25 15:15:00,110.38
2026-01-25 15:30:00,101.194
2026-01-25 15:45:00,88.541
2026-01-25 16:00:00,74.223
2026-01-25 16:15:00,59.25
2026-01-25 16:30:00,43.612
2026-01-25 16:45:00,32.341
2026-01-25 17:00:00,22.851
2026-01-25 17:15:00,14.883
2026-01-25 17:30:00,8.88
2026-01-25 17:45:00,3.34
2026-01-25 18:00:00,0.65
2026-01-25 18:15:00,0.03
2026-01-25 18:30:00,0.0
2026-01-25 18:45:00,0.0
2026-01-25 19:00:00,0.0
2026-01-25 19:15:00,0.0
2026-01-25 19:30:00,0.0
2026-01-25 19:45:00,0.0
2026-01-25 20:00:00,0.0
2026-01-25 20:15:00,0.0
2026-01-25 20:30:00,0.0
2026-01-25 20:45:00,0.0
2026-01-25 21:00:00,0.0
2026-01-25 21:15:00,0.0
2026-01-25 21:30:00,0.0
2026-01-25 21:45:00,0.0
2026-01-25 22:00:00,0.0
2026-01-25 22:15:00,0.0
2026-01-25 22:30:00,0.0
2026-01-25 22:45:00,0.0
2026-01-25 23:00:00,0.0
2026-01-25 23:15:00,0.0
2026-01-25 23:30:00,0.0
2026-01-25 23:45:00,0.0
2026-01-26 00:00:00,0.0
2026-01-26 00:15:00,0.0
2026-01-26 00:30:00,0.0
2026-01-26 00:45:00,0.0
2026-01-26 01:00:00,0.0
2026-01-26 01:15:00,0.0
2026-01-26 01:30:00,0.0
2026-01-26 01:45:00,0.0
2026-01-26 02:00:00,0.0
2026-01-26 02:15:00,0.0
2026-01-26 02:30:00,0.0
2026-01-26 02:45:00,0.0
2026-01-26 03:00:00,0.0
2026-01-26 03:15:00,0.0
2026-01-26 03:30:00,0.0
2026-01-26 03:45:00,0.0
2026-01-26 04:00:00,0.0
2026-01-26 04:15:00,0.0
2026-01-26 04:30:00,0.0
2026-01-26 04:45:00,0.0
2026-01-26 05:00:00,0.0
2026-01-26 05:15:00,0.0
2026-01-26 05:30:00,0.0
2026-01-26 05:45:00,0.0
2026-01-26 06:00:00,0.0
2026-01-26 06:15:00,0.0
2026-01-26 06:30:00,0.0
2026-01-26 06:45:00,0.0
2026-01-26 07:00:00,0.235
2026-01-26 07:15:00,6.424
2026-01-26 07:30:00,10.477
2026-01-26 07:45:00,17.938
2026-01-26 08:00:00,27.254
2026-01-26 08:15:00,39.036
2026-01-26 08:30:00,51.97
2026-01-26 08:45:00,65.267
2026-01-26 09:00:00,77.959
2026-01-26 09:15:00,93.485
2026-01-26 09:30:00,107.64
2026-01-26 09:45:00,120.628
2026-01-26 10:00:00,133.887
2026-01-26 10:15:00,149.12
2026-01-26 10:30:00,160.583
2026-01-26 10:45:00,172.23
2026-01-26 11:00:00,181.395
2026-01-26 11:15:00,187.255
2026-01-26 11:30:00,197.1
2026-01-26 11:45:00,203.079
2026-01-26 12:00:00,208.729
2026-01-26 12:15:00,214.213
2026-01-26 12:30:00,220.559
2026-01-26 12:45:00,220.638
2026-01-26 13:00:00,217.428
2026-01-26 13:15:00,218.615
2026-01-26 13:30:00,219.775
2026-01-26 13:45:00,213.099
2026-01-26 14:00:00,212.041
2026-01-26 14:15:00,206.981
2026-01-26 14:30:00,188.707
2026-01-26 14:45:00,176.218
2026-01-26 15:00:00,162.415
2026-01-26 15:15:00,146.705
2026-01-26 15:30:00,129.325
2026-01-26 15:45:00,111.863
2026-01-26 16:00:00,99.264
2026-01-26 16:15:00,79.336
2026-01-26 16:30:00,62.033
2026-01-26 16:45:00,46.418
2026-01-26 17:00:00,32.8
2026-01-26 17:15:00,20.652
2026-01-26 17:30:00,11.521
2026-01-26 17:45:00,4.53
2026-01-26 18:00:00,1.065
2026-01-26 18:15:00,0.093
2026-01-26 18:30:00,0.023
2026-01-26 18:45:00,0.007
2026-01-26 19:00:00,0.0
2026-01-26 19:15:00,0.0
2026-01-26 19:30:00,0.0
2026-01-26 19:45:00,0.0
2026-01-26 20:00:00,0.0
2026-01-26 20:15:00,0.0
2026-01-26 20:30:00,0.0
2026-01-26 20:45:00,0.0
2026-01-26 21:00:00,0.0
2026-01-26 21:15:00,0.0
2026-01-26 21:30:00,0.0
2026-01-26 21:45:00,0.0
2026-01-26 22:00:00,0.0
2026-01-26 22:15:00,0.0
2026-01-26 22:30:00,0.0
2026-01-26 22:45:00,0.0
2026-01-26 23:00:00,0.0
2026-01-26 23:15:00,0.0
2026-01-26 23:30:00,0.0
2026-01-26 23:45:00,0.0
2026-01-27 00:00:00,0.0
2026-01-27 00:15:00,0.0
2026-01-27 00:30:00,0.0
2026-01-27 00:45:00,0.0
2026-01-27 01:00:00,0.0
2026-01-27 01:15:00,0.0
2026-01-27 01:30:00,0.0
2026-01-27 01:45:00,0.0
2026-01-27 02:00:00,0.0
2026-01-27 02:15:00,0.0
2026-01-27 02:30:00,0.0
2026-01-27 02:45:00,0.0
2026-01-27 03:00:00,0.0
2026-01-27 03:15:00,0.0
2026-01-27 03:30:00,0.0
2026-01-27 03:45:00,0.0
2026-01-27 04:00:00,0.0
2026-01-27 04:15:00,0.0
2026-01-27 04:30:00,0.0
2026-01-27 04:45:00,0.0
2026-01-27 05:00:00,0.0
2026-01-27 05:15:00,0.0
2026-01-27 05:30:00,0.0
2026-01-27 05:45:00,0.0
2026-01-27 06:00:00,0.0
2026-01-27 06:15:00,0.0
2026-01-27 06:30:00,0.0
2026-01-27 06:45:00,0.0
2026-01-27 07:00:00,1.163
2026-01-27 07:15:00,5.393
2026-01-27 07:30:00,10.125
2026-01-27 07:45:00,17.835
2026-01-27 08:00:00,28.568
2026-01-27 08:15:00,41.579
2026-01-27 08:30:00,59.537
2026-01-27 08:45:00,79.181
2026-01-27 09:00:00,100.986
2026-01-27 09:15:00,127.699
2026-01-27 09:30:00,155.291
2026-01-27 09:45:00,174.402
2026-01-27 10:00:00,197.17
2026-01-27 10:15:00,219.633
2026-01-27 10:30:00,231.282
2026-01-27 10:45:00,239.296
2026-01-27 11:00:00,249.451
2026-01-27 11:15:00,274.968
2026-01-27 11:30:00,299.997
2026-01-27 11:45:00,316.615
2026-01-27 12:00:00,314.114
2026-01-27 12:15:00,321.667
2026-01-27 12:30:00,323.651
2026-01-27 12:45:00,320.564
2026-01-27 13:00:00,322.893
2026-01-27 13:15:00,321.842
2026-01-27 13:30:00,325.729
2026-01-27 13:45:00,304.29
2026-01-27 14:00:00,292.204
2026-01-27 14:15:00,275.399
2026-01-27 14:30:00,257.622
2026-01-27 14:45:00,252.367
2026-01-27 15:00:00,235.57
2026-01-27 15:15:00,224.358
2026-01-27 15:30:00,214.964
2026-01-27 15:45:00,190.151
2026-01-27 16:00:00,170.355
2026-01-27 16:15:00,146.044
2026-01-27 16:30:00,115.731
2026-01-27 16:45:00,86.657
2026-01-27 17:00:00,64.67
2026-01-27 17:15:00,43.734
2026-01-27 17:30:00,28.514
2026-01-27 17:45:00,10.372
2026-01-27 18:00:00,2.57
2026-01-27 18:15:00,0.553
2026-01-27 18:30:00,0.0
2026-01-27 18:45:00,0.0
2026-01-27 19:00:00,0.0
2026-01-27 19:15:00,0.0
2026-01-27 19:30:00,0.0
2026-01-27 19:45:00,0.0
2026-01-27 20:00:00,0.0
2026-01-27 20:15:00,0.0
2026-01-27 20:30:00,0.0
2026-01-27 20:45:00,0.0
2026-01-27 21:00:00,0.0
2026-01-27 21:15:00,0.0
2026-01-27 21:30:00,0.0
2026-01-27 21:45:00,0.0
2026-01-27 22:00:00,0.0
2026-01-27 22:15:00,0.0
2026-01-27 22:30:00,0.0
2026-01-27 22:45:00,0.0
2026-01-27 23:00:00,0.0
2026-01-27 23:15:00,0.0
2026-01-27 23:30:00,0.0
2026-01-27 23:45:00,0.0
2026-01-28 00:00:00,0.0
2026-01-28 00:15:00,0.0
2026-01-28 00:30:00,0.0
2026-01-28 00:45:00,0.0
2026-01-28 01:00:00,0.0
2026-01-28 01:15:00,0.0
2026-01-28 01:30:00,0.0
2026-01-28 01:45:00,0.0
2026-01-28 02:00:00,0.0
2026-01-28 02:15:00,0.0
2026-01-28 02:30:00,0.0
2026-01-28 02:45:00,0.0
2026-01-28 03:00:00,0.0
2026-01-28 03:15:00,0.0
2026-01-28 03:30:00,0.0
2026-01-28 03:45:00,0.0
2026-01-28 04:00:00,0.0
2026-01-28 04:15:00,0.0
2026-01-28 04:30:00,0.0
2026-01-28 04:45:00,0.0
2026-01-28 05:00:00,0.0
2026-01-28 05:15:00,0.0
2026-01-28 05:30:00,0.0
2026-01-28 05:45:00,0.0
2026-01-28 06:00:00,0.0
2026-01-28 06:15:00,0.0
2026-01-28 06:30:00,0.0
2026-01-28 06:45:00,0.0
2026-01-28 07:00:00,2.747
2026-01-28 07:15:00,14.374
2026-01-28 07:30:00,41.183
2026-01-28 07:45:00,75.442
2026-01-28 08:00:00,119.489
2026-01-28 08:15:00,170.063
2026-01-28 08:30:00,223.919
2026-01-28 08:45:00,275.781
2026-01-28 09:00:00,327.295
2026-01-28 09:15:00,382.23
2026-01-28 09:30:00,430.05
2026-01-28 09:45:00,483.266
2026-01-28 10:00:00,511.371
2026-01-28 10:15:00,544.718
2026-01-28 10:30:00,580.978
2026-01-28 10:45:00,627.756
2026-01-28 11:00:00,663.273
2026-01-28 11:15:00,710.32
2026-01-28 11:30:00,753.159
2026-01-28 11:45:00,795.293
2026-01-28 12:00:00,860.169
2026-01-28 12:15:00,899.416
2026-01-28 12:30:00,939.886
2026-01-28 12:45:00,957.365
2026-01-28 13:00:00,954.85
2026-01-28 13:15:00,938.914
2026-01-28 13:30:00,928.586
2026-01-28 13:45:00,897.18
2026-01-28 14:00:00,862.291
2026-01-28 14:15:00,841.135
2026-01-28 14:30:00,799.064
2026-01-28 14:45:00,744.666
2026-01-28 15:00:00,688.863
2026-01-28 15:15:00,622.092
2026-01-28 15:30:00,547.458
2026-01-28 15:45:00,472.986
2026-01-28 16:00:00,394.241
2026-01-28 16:15:00,322.86
2026-01-28 16:30:00,253.291
2026-01-28 16:45:00,195.244
2026-01-28 17:00:00,145.931
2026-01-28 17:15:00,102.019
2026-01-28 17:30:00,55.682
2026-01-28 17:45:00,17.687
2026-01-28 18:00:00,3.225
2026-01-28 18:15:00,0.188
2026-01-28 18:30:00,0.0
2026-01-28 18:45:00,0.0
2026-01-28 19:00:00,0.0
2026-01-28 19:15:00,0.0
2026-01-28 19:30:00,0.0
2026-01-28 19:45:00,0.0
2026-01-28 20:00:00,0.0
2026-01-28 20:15:00,0.0
2026-01-28 20:30:00,0.0
2026-01-28 20:45:00,0.0
2026-01-28 21:00:00,0.0
2026-01-28 21:15:00,0.0
2026-01-28 21:30:00,0.0
2026-01-28 21:45:00,0.0
2026-01-28 22:00:00,0.0
2026-01-28 22:15:00,0.0
2026-01-28 22:30:00,0.0
2026-01-28 22:45:00,0.0
2026-01-28 23:00:00,0.0
2026-01-28 23:15:00,0.0
2026-01-28 23:30:00,0.0
2026-01-28 23:45:00,0.0
2026-01-29 00:00:00,0.0
2026-01-29 00:15:00,0.0
2026-01-29 00:30:00,0.0
2026-01-29 00:45:00,0.0
2026-01-29 01:00:00,0.0
2026-01-29 01:15:00,0.0
2026-01-29 01:30:00,0.0
2026-01-29 01:45:00,0.0
2026-01-29 02:00:00,0.0
2026-01-29 02:15:00,0.0
2026-01-29 02:30:00,0.0
2026-01-29 02:45:00,0.0
2026-01-29 03:00:00,0.0
2026-01-29 03:15:00,0.0
2026-01-29 03:30:00,0.0
2026-01-29 03:45:00,0.0
2026-01-29 04:00:00,0.0
2026-01-29 04:15:00,0.0
2026-01-29 04:30:00,0.0
2026-01-29 04:45:00,0.0
2026-01-29 05:00:00,0.0
2026-01-29 05:15:00,0.0
2026-01-29 05:30:00,0.0
2026-01-29 05:45:00,0.0
2026-01-29 06:00:00,0.0
2026-01-29 06:15:00,0.0
2026-01-29 06:30:00,0.0
2026-01-29 06:45:00,0.0
2026-01-29 07:00:00,1.42
2026-01-29 07:15:00,6.651
2026-01-29 07:30:00,12.783
2026-01-29 07:45:00,21.807
2026-01-29 08:00:00,32.445
2026-01-29 08:15:00,46.037
2026-01-29 08:30:00,55.901
2026-01-29 08:45:00,67.877
2026-01-29 09:00:00,82.936
2026-01-29 09:15:00,99.796
2026-01-29 09:30:00,113.779
2026-01-29 09:45:00,132.655
2026-01-29 10:00:00,150.012
2026-01-29 10:15:00,169.735
2026-01-29 10:30:00,186.958
2026-01-29 10:45:00,204.448
2026-01-29 11:00:00,179.546
2026-01-29 11:15:00,180.633
2026-01-29 11:30:00,177.101
2026-01-29 11:45:00,161.744
2026-01-29 12:00:00,197.379
2026-01-29 12:15:00,200.802
2026-01-29 12:30:00,202.276
2026-01-29 12:45:00,202.759
2026-01-29 13:00:00,196.289
2026-01-29 13:15:00,191.371
2026-01-29 13:30:00,181.178
2026-01-29 13:45:00,191.091
2026-01-29 14:00:00,182.717
2026-01-29 14:15:00,178.663
2026-01-29 14:30:00,161.969
2026-01-29 14:45:00,161.271
2026-01-29 15:00:00,148.247
2026-01-29 15:15:00,130.05
2026-01-29 15:30:00,115.834
2026-01-29 15:45:00,96.753
2026-01-29 16:00:00,82.671
2026-01-29 16:15:00,65.407
2026-01-29 16:30:00,50.079
2026-01-29 16:45:00,38.69
2026-01-29 17:00:00,28.643
2026-01-29 17:15:00,19.631
2026-01-29 17:30:00,11.743
2026-01-29 17:45:00,4.432
2026-01-29 18:00:00,0.78
2026-01-29 18:15:00,0.03
2026-01-29 18:30:00,0.013
2026-01-29 18:45:00,0.005
2026-01-29 19:00:00,0.0
2026-01-29 19:15:00,0.002
2026-01-29 19:30:00,0.0
2026-01-29 19:45:00,0.0
2026-01-29 20:00:00,0.0
2026-01-29 20:15:00,0.0
2026-01-29 20:30:00,0.0
2026-01-29 20:45:00,0.0
2026-01-29 21:00:00,0.0
2026-01-29 21:15:00,0.0
2026-01-29 21:30:00,0.0
2026-01-29 21:45:00,0.0
2026-01-29 22:00:00,0.0
2026-01-29 22:15:00,0.0
2026-01-29 22:30:00,0.0
2026-01-29 22:45:00,0.0
2026-01-29 23:00:00,0.0
2026-01-29 23:15:00,0.0
2026-01-29 23:30:00,0.0
2026-01-29 23:45:00,0.0
2026-01-30 00:00:00,0.0
2026-01-30 00:15:00,0.0
2026-01-30 00:30:00,0.0
2026-01-30 00:45:00,0.0
2026-01-30 01:00:00,0.0
2026-01-30 01:15:00,0.0
2026-01-30 01:30:00,0.0
2026-01-30 01:45:00,0.0
2026-01-30 02:00:00,0.0
2026-01-30 02:15:00,0.0
2026-01-30 02:30:00,0.0
2026-01-30 02:45:00,0.0
2026-01-30 03:00:00,0.0
2026-01-30 03:15:00,0.0
2026-01-30 03:30:00,0.0
2026-01-30 03:45:00,0.0
2026-01-30 04:00:00,0.0
2026-01-30 04:15:00,0.0
2026-01-30 04:30:00,0.0
2026-01-30 04:45:00,0.0
2026-01-30 05:00:00,0.0
2026-01-30 05:15:00,0.0
2026-01-30 05:30:00,0.0
2026-01-30 05:45:00,0.0
2026-01-30 06:00:00,0.0
2026-01-30 06:15:00,0.0
2026-01-30 06:30:00,0.0
2026-01-30 06:45:00,0.0
2026-01-30 07:00:00,1.222
2026-01-30 07:15:00,6.025
2026-01-30 07:30:00,10.705
2026-01-30 07:45:00,15.433
2026-01-30 08:00:00,21.149
2026-01-30 08:15:00,27.098
2026-01-30 08:30:00,32.295
2026-01-30 08:45:00,39.209
2026-01-30 09:00:00,46.144
2026-01-30 09:15:00,55.016
2026-01-30 09:30:00,59.045
2026-01-30 09:45:00,68.019
2026-01-30 10:00:00,73.66
2026-01-30 10:15:00,80.032
2026-01-30 10:30:00,88.113
2026-01-30 10:45:00,90.661
2026-01-30 11:00:00,97.385
2026-01-30 11:15:00,99.718
2026-01-30 11:30:00,103.075
2026-01-30 11:45:00,107.104
2026-01-30 12:00:00,110.48
2026-01-30 12:15:00,113.444
2026-01-30 12:30:00,114.751
2026-01-30 12:45:00,114.213
2026-01-30 13:00:00,110.744
2026-01-30 13:15:00,113.149
2026-01-30 13:30:00,114.845
2026-01-30 13:45:00,109.776
2026-01-30 14:00:00,107.423
2026-01-30 14:15:00,98.835
2026-01-30 14:30:00,90.355
2026-01-30 14:45:00,86.687
2026-01-30 15:00:00,81.132
2026-01-30 15:15:00,73.337
2026-01-30 15:30:00,69.037
2026-01-30 15:45:00,59.816
2026-01-30 16:00:00,50.652
2026-01-30 16:15:00,41.527
2026-01-30 16:30:00,33.213
2026-01-30 16:45:00,27.846
2026-01-30 17:00:00,19.732
2026-01-30 17:15:00,14.673
2026-01-30 17:30:00,9.023
2026-01-30 17:45:00,4.488
2026-01-30 18:00:00,0.603
2026-01-30 18:15:00,0.055
2026-01-30 18:30:00,0.025
2026-01-30 18:45:00,0.01
2026-01-30 19:00:00,0.002
2026-01-30 19:15:00,0.0
2026-01-30 19:30:00,0.0
2026-01-30 19:45:00,0.0
2026-01-30 20:00:00,0.0
2026-01-30 20:15:00,0.0
2026-01-30 20:30:00,0.0
2026-01-30 20:45:00,0.0
2026-01-30 21:00:00,0.0
2026-01-30 21:15:00,0.0
2026-01-30 21:30:00,0.0
2026-01-30 21:45:00,0.0
2026-01-30 22:00:00,0.0
2026-01-30 22:15:00,0.0
2026-01-30 22:30:00,0.0
2026-01-30 22:45:00,0.0
2026-01-30 23:00:00,0.0
2026-01-30 23:15:00,0.0
2026-01-30 23:30:00,0.0
2026-01-30 23:45:00,0.0
2026-01-31 00:00:00,0.0
2026-01-31 00:15:00,0.0
2026-01-31 00:30:00,0.0
2026-01-31 00:45:00,0.0
2026-01-31 01:00:00,0.0
2026-01-31 01:15:00,0.0
2026-01-31 01:30:00,0.0
2026-01-31 01:45:00,0.0
2026-01-31 02:00:00,0.0
2026-01-31 02:15:00,0.0
2026-01-31 02:30:00,0.0
2026-01-31 02:45:00,0.0
2026-01-31 03:00:00,0.0
2026-01-31 03:15:00,0.0
2026-01-31 03:30:00,0.0
2026-01-31 03:45:00,0.0
2026-01-31 04:00:00,0.0
2026-01-31 04:15:00,0.0
2026-01-31 04:30:00,0.0
2026-01-31 04:45:00,0.0
2026-01-31 05:00:00,0.0
2026-01-31 05:15:00,0.0
2026-01-31 05:30:00,0.0
2026-01-31 05:45:00,0.0
2026-01-31 06:00:00,0.0
2026-01-31 06:15:00,0.0
2026-01-31 06:30:00,0.0
2026-01-31 06:45:00,0.0
2026-01-31 07:00:00,1.852
2026-01-31 07:15:00,7.65
2026-01-31 07:30:00,14.877
2026-01-31 07:45:00,27.124
2026-01-31 08:00:00,44.744
2026-01-31 08:15:00,65.495
2026-01-31 08:30:00,90.736
2026-01-31 08:45:00,120.218
2026-01-31 09:00:00,146.954
2026-01-31 09:15:00,175.896
2026-01-31 09:30:00,206.288
2026-01-31 09:45:00,241.384
2026-01-31 10:00:00,279.553
2026-01-31 10:15:00,328.949
2026-01-31 10:30:00,394.99
2026-01-31 10:45:00,451.563
2026-01-31 11:00:00,484.606
2026-01-31 11:15:00,547.641
2026-01-31 11:30:00,577.283
2026-01-31 11:45:00,604.353
2026-01-31 12:00:00,630.625
2026-01-31 12:15:00,639.84
2026-01-31 12:30:00,652.164
2026-01-31 12:45:00,635.258
2026-01-31 13:00:00,658.255
2026-01-31 13:15:00,633.05
2026-01-31 13:30:00,642.56
2026-01-31 13:45:00,601.829
2026-01-31 14:00:00,585.67
2026-01-31 14:15:00,556.132
2026-01-31 14:30:00,510.808
2026-01-31 14:45:00,464.901
2026-01-31 15:00:00,430.142
2026-01-31 15:15:00,390.001
2026-01-31 15:30:00,327.246
2026-01-31 15:45:00,291.816
2026-01-31 16:00:00,261.129
2026-01-31 16:15:00,216.086
2026-01-31 16:30:00,180.124
2026-01-31 16:45:00,127.499
2026-01-31 17:00:00,89.047
2026-01-31 17:15:00,58.09
2026-01-31 17:30:00,36.288
2026-01-31 17:45:00,12.462
2026-01-31 18:00:00,1.352
2026-01-31 18:15:00,0.112
2026-01-31 18:30:00,0.0
2026-01-31 18:45:00,0.0
2026-01-31 19:00:00,0.0
2026-01-31 19:15:00,0.0
2026-01-31 19:30:00,0.0
2026-01-31 19:45:00,0.0
2026-01-31 20:00:00,0.0
2026-01-31 20:15:00,0.0
2026-01-31 20:30:00,0.0
2026-01-31 20:45:00,0.0
2026-01-31 21:00:00,0.0
2026-01-31 21:15:00,0.0
2026-01-31 21:30:00,0.0
2026-01-31 21:45:00,0.0
2026-01-31 22:00:00,0.0
2026-01-31 22:15:00,0.0
2026-01-31 22:30:00,0.0
2026-01-31 22:45:00,0.0
2026-01-31 23:00:00,0.0
2026-01-31 23:15:00,0.0
2026-01-31 23:30:00,0.0
2026-01-31 23:45:00,0.0
2026-02-01 00:00:00,0.0
2026-02-01 00:15:00,0.0
2026-02-01 00:30:00,0.0
2026-02-01 00:45:00,0.0
2026-02-01 01:00:00,0.0
2026-02-01 01:15:00,0.0
2026-02-01 01:30:00,0.0
2026-02-01 01:45:00,0.0
2026-02-01 02:00:00,0.0
2026-02-01 02:15:00,0.0
2026-02-01 02:30:00,0.0
2026-02-01 02:45:00,0.0
2026-02-01 03:00:00,0.0
2026-02-01 03:15:00,0.0
2026-02-01 03:30:00,0.0
2026-02-01 03:45:00,0.0
2026-02-01 04:00:00,0.0
2026-02-01 04:15:00,0.0
2026-02-01 04:30:00,0.0
2026-02-01 04:45:00,0.0
2026-02-01 05:00:00,0.0
2026-02-01 05:15:00,0.0
2026-02-01 05:30:00,0.0
2026-02-01 05:45:00,0.0
2026-02-01 06:00:00,0.0
2026-02-01 06:15:00,0.0
2026-02-01 06:30:00,0.0
2026-02-01 06:45:00,0.0
2026-02-01 07:00:00,2.237
2026-02-01 07:15:00,13.283
2026-02-01 07:30:00,28.579
2026-02-01 07:45:00,52.422
2026-02-01 08:00:00,80.986
2026-02-01 08:15:00,114.822
2026-02-01 08:30:00,152.57
2026-02-01 08:45:00,195.64
2026-02-01 09:00:00,233.125
2026-02-01 09:15:00,272.457
2026-02-01 09:30:00,317.175
2026-02-01 09:45:00,360.765
2026-02-01 10:00:00,420.585
2026-02-01 10:15:00,462.227
2026-02-01 10:30:00,509.991
2026-02-01 10:45:00,554.366
2026-02-01 11:00:00,610.84
2026-02-01 11:15:00,659.875
2026-02-01 11:30:00,715.561
2026-02-01 11:45:00,735.226
2026-02-01 12:00:00,741.752
2026-02-01 12:15:00,754.856
2026-02-01 12:30:00,760.992
2026-02-01 12:45:00,763.177
2026-02-01 13:00:00,755.499
2026-02-01 13:15:00,716.539
2026-02-01 13:30:00,726.978
2026-02-01 13:45:00,696.093
2026-02-01 14:00:00,677.39
2026-02-01 14:15:00,626.697
2026-02-01 14:30:00,609.198
2026-02-01 14:45:00,578.177
2026-02-01 15:00:00,539.858
2026-02-01 15:15:00,501.942
2026-02-01 15:30:00,458.318
2026-02-01 15:45:00,404.489
2026-02-01 16:00:00,322.599
2026-02-01 16:15:00,264.221
2026-02-01 16:30:00,211.154
2026-02-01 16:45:00,165.917
2026-02-01 17:00:00,104.234
2026-02-01 17:15:00,71.523
2026-02-01 17:30:00,44.478
2026-02-01 17:45:00,18.573
2026-02-01 18:00:00,3.652
2026-02-01 18:15:00,0.1
2026-02-01 18:30:00,0.023
2026-02-01 18:45:00,0.02
2026-02-01 19:00:00,0.0
2026-02-01 19:15:00,0.0
2026-02-01 19:30:00,0.0
2026-02-01 19:45:00,0.0
2026-02-01 20:00:00,0.0
2026-02-01 20:15:00,0.0
2026-02-01 20:30:00,0.0
2026-02-01 20:45:00,0.0
2026-02-01 21:00:00,0.0
2026-02-01 21:15:00,0.0
2026-02-01 21:30:00,0.0
2026-02-01 21:45:00,0.0
2026-02-01 22:00:00,0.0
2026-02-01 22:15:00,0.0
2026-02-01 22:30:00,0.0
2026-02-01 22:45:00,0.0
2026-02-01 23:00:00,0.0
2026-02-01 23:15:00,0.0
2026-02-01 23:30:00,0.0
2026-02-01 23:45:00,0.0
2026-02-02 00:00:00,0.0
2026-02-02 00:15:00,0.0
2026-02-02 00:30:00,0.0
2026-02-02 00:45:00,0.0
2026-02-02 01:00:00,0.0
2026-02-02 01:15:00,0.0
2026-02-02 01:30:00,0.0
2026-02-02 01:45:00,0.0
2026-02-02 02:00:00,0.0
2026-02-02 02:15:00,0.0
2026-02-02 02:30:00,0.0
2026-02-02 02:45:00,0.0
2026-02-02 03:00:00,0.0
2026-02-02 03:15:00,0.0
2026-02-02 03:30:00,0.0
2026-02-02 03:45:00,0.0
2026-02-02 04:00:00,0.0
2026-02-02 04:15:00,0.0
2026-02-02 04:30:00,0.0
2026-02-02 04:45:00,0.0
2026-02-02 05:00:00,0.0
2026-02-02 05:15:00,0.0
2026-02-02 05:30:00,0.0
2026-02-02 05:45:00,0.0
2026-02-02 06:00:00,0.0
2026-02-02 06:15:00,0.0
2026-02-02 06:30:00,0.0
2026-02-02 06:45:00,0.0
2026-02-02 07:00:00,3.045
2026-02-02 07:15:00,18.768
2026-02-02 07:30:00,46.473
2026-02-02 07:45:00,85.685
2026-02-02 08:00:00,136.773
2026-02-02 08:15:00,196.363
2026-02-02 08:30:00,251.129
2026-02-02 08:45:00,315.919
2026-02-02 09:00:00,386.623
2026-02-02 09:15:00,458.845
2026-02-02 09:30:00,535.896
2026-02-02 09:45:00,619.578
2026-02-02 10:00:00,696.549
2026-02-02 10:15:00,798.56
2026-02-02 10:30:00,862.245
2026-02-02 10:45:00,936.086
2026-02-02 11:00:00,985.61
2026-02-02 11:15:00,1027.507
2026-02-02 11:30:00,1059.226
2026-02-02 11:45:00,1070.615
2026-02-02 12:00:00,1106.835
2026-02-02 12:15:00,1105.425
2026-02-02 12:30:00,1104.039
2026-02-02 12:45:00,1087.672
2026-02-02 13:00:00,1079.167
2026-02-02 13:15:00,1060.782
2026-02-02 13:30:00,1049.283
2026-02-02 13:45:00,987.655
2026-02-02 14:00:00,940.244
2026-02-02 14:15:00,898.793
2026-02-02 14:30:00,842.435
2026-02-02 14:45:00,764.259
2026-02-02 15:00:00,704.383
2026-02-02 15:15:00,658.266
2026-02-02 15:30:00,582.772
2026-02-02 15:45:00,506.722
2026-02-02 16:00:00,420.185
2026-02-02 16:15:00,342.966
2026-02-02 16:30:00,265.858
2026-02-02 16:45:00,204.387
2026-02-02 17:00:00,148.64
2026-02-02 17:15:00,96.498
2026-02-02 17:30:00,55.707
2026-02-02 17:45:00,26.087
2026-02-02 18:00:00,4.2
2026-02-02 18:15:00,0.108
2026-02-02 18:30:00,0.0
2026-02-02 18:45:00,0.0
2026-02-02 19:00:00,0.0
2026-02-02 19:15:00,0.0
2026-02-02 19:30:00,0.0
2026-02-02 19:45:00,0.0
2026-02-02 20:00:00,0.0
2026-02-02 20:15:00,0.0
2026-02-02 20:30:00,0.0
2026-02-02 20:45:00,0.0
2026-02-02 21:00:00,0.0
2026-02-02 21:15:00,0.0
2026-02-02 21:30:00,0.0
2026-02-02 21:45:00,0.0
2026-02-02 22:00:00,0.0
2026-02-02 22:15:00,0.0
2026-02-02 22:30:00,0.0
2026-02-02 22:45:00,0.0
2026-02-02 23:00:00,0.0
2026-02-02 23:15:00,0.0
2026-02-02 23:30:00,0.0
2026-02-02 23:45:00,0.0
2026-02-03 00:00:00,0.0
2026-02-03 00:15:00,0.0
2026-02-03 00:30:00,0.0
2026-02-03 00:45:00,0.0
2026-02-03 01:00:00,0.0
2026-02-03 01:15:00,0.0
2026-02-03 01:30:00,0.0
2026-02-03 01:45:00,0.0
2026-02-03 02:00:00,0.0
2026-02-03 02:15:00,0.0
2026-02-03 02:30:00,0.0
2026-02-03 02:45:00,0.0
2026-02-03 03:00:00,0.0
2026-02-03 03:15:00,0.0
2026-02-03 03:30:00,0.0
2026-02-03 03:45:00,0.0
2026-02-03 04:00:00,0.0
2026-02-03 04:15:00,0.0
2026-02-03 04:30:00,0.0
2026-02-03 04:45:00,0.0
2026-02-03 05:00:00,0.0
2026-02-03 05:15:00,0.0
2026-02-03 05:30:00,0.0
2026-02-03 05:45:00,0.0
2026-02-03 06:00:00,0.0
2026-02-03 06:15:00,0.0
2026-02-03 06:30:00,0.0
2026-02-03 06:45:00,0.0
2026-02-03 07:00:00,2.537
2026-02-03 07:15:00,18.49
2026-02-03 07:30:00,38.708
2026-02-03 07:45:00,68.97
2026-02-03 08:00:00,104.575
2026-02-03 08:15:00,147.825
2026-02-03 08:30:00,187.387
2026-02-03 08:45:00,234.667
2026-02-03 09:00:00,283.345
2026-02-03 09:15:00,331.523
2026-02-03 09:30:00,368.325
2026-02-03 09:45:00,410.948
2026-02-03 10:00:00,453.73
2026-02-03 10:15:00,471.915
2026-02-03 10:30:00,515.004
2026-02-03 10:45:00,562.996
2026-02-03 11:00:00,599.461
2026-02-03 11:15:00,639.85
2026-02-03 11:30:00,609.833
2026-02-03 11:45:00,595.862
2026-02-03 12:00:00,618.899
2026-02-03 12:15:00,589.853
2026-02-03 12:30:00,592.398
2026-02-03 12:45:00,608.029
2026-02-03 13:00:00,603.503
2026-02-03 13:15:00,581.168
2026-02-03 13:30:00,556.409
2026-02-03 13:45:00,493.935
2026-02-03 14:00:00,460.867
2026-02-03 14:15:00,495.125
2026-02-03 14:30:00,463.932
2026-02-03 14:45:00,424.437
2026-02-03 15:00:00,380.261
2026-02-03 15:15:00,347.613
2026-02-03 15:30:00,312.281
2026-02-03 15:45:00,264.197
2026-02-03 16:00:00,233.938
2026-02-03 16:15:00,202.37
2026-02-03 16:30:00,164.184
2026-02-03 16:45:00,118.213
2026-02-03 17:00:00,84.36
2026-02-03 17:15:00,59.056
2026-02-03 17:30:00,31.899
2026-02-03 17:45:00,10.454
2026-02-03 18:00:00,1.733
2026-02-03 18:15:00,0.035
2026-02-03 18:30:00,0.0
2026-02-03 18:45:00,0.0
2026-02-03 19:00:00,0.0
2026-02-03 19:15:00,0.0
2026-02-03 19:30:00,0.0
2026-02-03 19:45:00,0.0
2026-02-03 20:00:00,0.0
2026-02-03 20:15:00,0.0
2026-02-03 20:30:00,0.0
2026-02-03 20:45:00,0.0
2026-02-03 21:00:00,0.0
2026-02-03 21:15:00,0.0
2026-02-03 21:30:00,0.0
2026-02-03 21:45:00,0.0
2026-02-03 22:00:00,0.0
2026-02-03 22:15:00,0.0
2026-02-03 22:30:00,0.0
2026-02-03 22:45:00,0.0
2026-02-03 23:00:00,0.0
2026-02-03 23:15:00,0.0
2026-02-03 23:30:00,0.0
2026-02-03 23:45:00,0.0
2026-02-04 00:00:00,0.0
2026-02-04 00:15:00,0.0
2026-02-04 00:30:00,0.0
2026-02-04 00:45:00,0.0
2026-02-04 01:00:00,0.0
2026-02-04 01:15:00,0.0
2026-02-04 01:30:00,0.0
2026-02-04 01:45:00,0.0
2026-02-04 02:00:00,0.0
2026-02-04 02:15:00,0.0
2026-02-04 02:30:00,0.0
2026-02-04 02:45:00,0.0
2026-02-04 03:00:00,0.0
2026-02-04 03:15:00,0.0
2026-02-04 03:30:00,0.0
2026-02-04 03:45:00,0.0
2026-02-04 04:00:00,0.0
2026-02-04 04:15:00,0.0
2026-02-04 04:30:00,0.0
2026-02-04 04:45:00,0.0
2026-02-04 05:00:00,0.0
2026-02-04 05:15:00,0.0
2026-02-04 05:30:00,0.0
2026-02-04 05:45:00,0.0
2026-02-04 06:00:00,0.0
2026-02-04 06:15:00,0.0
2026-02-04 06:30:00,0.0
2026-02-04 06:45:00,0.0
2026-02-04 07:00:00,2.553
2026-02-04 07:15:00,15.09
2026-02-04 07:30:00,32.518
2026-02-04 07:45:00,57.646
2026-02-04 08:00:00,84.281
2026-02-04 08:15:00,116.415
2026-02-04 08:30:00,143.339
2026-02-04 08:45:00,177.646
2026-02-04 09:00:00,214.283
2026-02-04 09:15:00,247.191
2026-02-04 09:30:00,271.373
2026-02-04 09:45:00,302.218
2026-02-04 10:00:00,310.634
2026-02-04 10:15:00,301.43
2026-02-04 10:30:00,316.113
2026-02-04 10:45:00,339.745
2026-02-04 11:00:00,361.413
2026-02-04 11:15:00,369.975
2026-02-04 11:30:00,383.057
2026-02-04 11:45:00,389.099
2026-02-04 12:00:00,399.709
2026-02-04 12:15:00,395.238
2026-02-04 12:30:00,372.958
2026-02-04 12:45:00,352.106
2026-02-04 13:00:00,347.02
2026-02-04 13:15:00,353.23
2026-02-04 13:30:00,337.568
2026-02-04 13:45:00,337.822
2026-02-04 14:00:00,315.307
2026-02-04 14:15:00,303.218
2026-02-04 14:30:00,284.44
2026-02-04 14:45:00,256.796
2026-02-04 15:00:00,236.707
2026-02-04 15:15:00,211.852
2026-02-04 15:30:00,195.361
2026-02-04 15:45:00,168.988
2026-02-04 16:00:00,142.725
2026-02-04 16:15:00,120.376
2026-02-04 16:30:00,93.015
2026-02-04 16:45:00,65.596
2026-02-04 17:00:00,47.468
2026-02-04 17:15:00,31.889
2026-02-04 17:30:00,17.737
2026-02-04 17:45:00,6.515
2026-02-04 18:00:00,1.415
2026-02-04 18:15:00,0.268
2026-02-04 18:30:00,0.0
2026-02-04 18:45:00,0.0
2026-02-04 19:00:00,0.0
2026-02-04 19:15:00,0.002
2026-02-04 19:30:00,0.0
2026-02-04 19:45:00,0.0
2026-02-04 20:00:00,0.0
2026-02-04 20:15:00,0.0
2026-02-04 20:30:00,0.0
2026-02-04 20:45:00,0.0
2026-02-04 21:00:00,0.0
2026-02-04 21:15:00,0.0
2026-02-04 21:30:00,0.0
2026-02-04 21:45:00,0.0
2026-02-04 22:00:00,0.0
2026-02-04 22:15:00,0.0
2026-02-04 22:30:00,0.0
2026-02-04 22:45:00,0.0
2026-02-04 23:00:00,0.0
2026-02-04 23:15:00,0.0
2026-02-04 23:30:00,0.0
2026-02-04 23:45:00,0.0
2026-02-05 00:00:00,0.0
2026-02-05 00:15:00,0.0
2026-02-05 00:30:00,0.0
2026-02-05 00:45:00,0.0
2026-02-05 01:00:00,0.0
2026-02-05 01:15:00,0.0
2026-02-05 01:30:00,0.0
2026-02-05 01:45:00,0.0
2026-02-05 02:00:00,0.0
2026-02-05 02:15:00,0.0
2026-02-05 02:30:00,0.0
2026-02-05 02:45:00,0.0
2026-02-05 03:00:00,0.0
2026-02-05 03:15:00,0.0
2026-02-05 03:30:00,0.0
2026-02-05 03:45:00,0.0
2026-02-05 04:00:00,0.0
2026-02-05 04:15:00,0.0
2026-02-05 04:30:00,0.0
2026-02-05 04:45:00,0.0
2026-02-05 05:00:00,0.0
2026-02-05 05:15:00,0.0
2026-02-05 05:30:00,0.0
2026-02-05 05:45:00,0.0
2026-02-05 06:00:00,0.0
2026-02-05 06:15:00,0.0
2026-02-05 06:30:00,0.0
2026-02-05 06:45:00,0.0
2026-02-05 07:00:00,1.78
2026-02-05 07:15:00,8.433
2026-02-05 07:30:00,14.797
2026-02-05 07:45:00,24.96
2026-02-05 08:00:00,36.699
2026-02-05 08:15:00,50.297
2026-02-05 08:30:00,66.598
2026-02-05 08:45:00,79.503
2026-02-05 09:00:00,95.879
2026-02-05 09:15:00,115.264
2026-02-05 09:30:00,133.112
2026-02-05 09:45:00,150.508
2026-02-05 10:00:00,159.599
2026-02-05 10:15:00,167.402
2026-02-05 10:30:00,186.112
2026-02-05 10:45:00,204.733
2026-02-05 11:00:00,213.28
2026-02-05 11:15:00,229.32
2026-02-05 11:30:00,241.77
2026-02-05 11:45:00,256.15
2026-02-05 12:00:00,266.728
2026-02-05 12:15:00,267.076
2026-02-05 12:30:00,273.158
2026-02-05 12:45:00,265.685
2026-02-05 13:00:00,272.659
2026-02-05 13:15:00,239.25
2026-02-05 13:30:00,225.942
2026-02-05 13:45:00,207.322
2026-02-05 14:00:00,193.441
2026-02-05 14:15:00,175.445
2026-02-05 14:30:00,172.302
2026-02-05 14:45:00,140.393
2026-02-05 15:00:00,105.216
2026-02-05 15:15:00,97.732
2026-02-05 15:30:00,133.016
2026-02-05 15:45:00,121.891
2026-02-05 16:00:00,101.202
2026-02-05 16:15:00,83.744
2026-02-05 16:30:00,68.649
2026-02-05 16:45:00,53.45
2026-02-05 17:00:00,40.337
2026-02-05 17:15:00,28.082
2026-02-05 17:30:00,19.551
2026-02-05 17:45:00,9.307
2026-02-05 18:00:00,1.845
2026-02-05 18:15:00,0.095
2026-02-05 18:30:00,0.108
2026-02-05 18:45:00,0.015
2026-02-05 19:00:00,0.0
2026-02-05 19:15:00,0.002
2026-02-05 19:30:00,0.0
2026-02-05 19:45:00,0.0
2026-02-05 20:00:00,0.0
2026-02-05 20:15:00,0.0
2026-02-05 20:30:00,0.0
2026-02-05 20:45:00,0.0
2026-02-05 21:00:00,0.0
2026-02-05 21:15:00,0.0
2026-02-05 21:30:00,0.0
2026-02-05 21:45:00,0.0
2026-02-05 22:00:00,0.0
2026-02-05 22:15:00,0.0
2026-02-05 22:30:00,0.0
2026-02-05 22:45:00,0.0
2026-02-05 23:00:00,0.0
2026-02-05 23:15:00,0.0
2026-02-05 23:30:00,0.0
2026-02-05 23:45:00,0.0
2026-02-06 00:00:00,0.0
2026-02-06 00:15:00,0.0
2026-02-06 00:30:00,0.0
2026-02-06 00:45:00,0.0
2026-02-06 01:00:00,0.0
2026-02-06 01:15:00,0.0
2026-02-06 01:30:00,0.0
2026-02-06 01:45:00,0.0
2026-02-06 02:00:00,0.0
2026-02-06 02:15:00,0.0
2026-02-06 02:30:00,0.0
2026-02-06 02:45:00,0.0
2026-02-06 03:00:00,0.0
2026-02-06 03:15:00,0.0
2026-02-06 03:30:00,0.0
2026-02-06 03:45:00,0.0
2026-02-06 04:00:00,0.0
2026-02-06 04:15:00,0.0
2026-02-06 04:30:00,0.0
2026-02-06 04:45:00,0.0
2026-02-06 05:00:00,0.0
2026-02-06 05:15:00,0.0
2026-02-06 05:30:00,0.0
2026-02-06 05:45:00,0.0
2026-02-06 06:00:00,0.0
2026-02-06 06:15:00,0.0
2026-02-06 06:30:00,0.0
2026-02-06 06:45:00,0.0
2026-02-06 07:00:00,2.36
2026-02-06 07:15:00,7.73
2026-02-06 07:30:00,11.956
2026-02-06 07:45:00,18.739
2026-02-06 08:00:00,24.641
2026-02-06 08:15:00,31.807
2026-02-06 08:30:00,38.697
2026-02-06 08:45:00,49.189
2026-02-06 09:00:00,56.593
2026-02-06 09:15:00,67.106
2026-02-06 09:30:00,75.082
2026-02-06 09:45:00,86.691
2026-02-06 10:00:00,102.081
2026-02-06 10:15:00,109.365
2026-02-06 10:30:00,119.213
2026-02-06 10:45:00,127.65
2026-02-06 11:00:00,136.821
2026-02-06 11:15:00,153.173
2026-02-06 11:30:00,158.546
2026-02-06 11:45:00,168.384
2026-02-06 12:00:00,172.702
2026-02-06 12:15:00,167.015
2026-02-06 12:30:00,164.809
2026-02-06 12:45:00,161.307
2026-02-06 13:00:00,167.882
2026-02-06 13:15:00,173.162
2026-02-06 13:30:00,182.667
2026-02-06 13:45:00,195.58
2026-02-06 14:00:00,216.474
2026-02-06 14:15:00,234.154
2026-02-06 14:30:00,247.154
2026-02-06 14:45:00,257.901
2026-02-06 15:00:00,271.021
2026-02-06 15:15:00,270.451
2026-02-06 15:30:00,269.606
2026-02-06 15:45:00,243.213
2026-02-06 16:00:00,206.069
2026-02-06 16:15:00,165.375
2026-02-06 16:30:00,138.408
2026-02-06 16:45:00,108.584
2026-02-06 17:00:00,90.591
2026-02-06 17:15:00,59.036
2026-02-06 17:30:00,37.817
2026-02-06 17:45:00,16.141
2026-02-06 18:00:00,2.672
2026-02-06 18:15:00,0.183
2026-02-06 18:30:00,0.085
2026-02-06 18:45:00,0.043
2026-02-06 19:00:00,0.0
2026-02-06 19:15:00,0.002
2026-02-06 19:30:00,0.0
2026-02-06 19:45:00,0.0
2026-02-06 20:00:00,0.0
2026-02-06 20:15:00,0.0
2026-02-06 20:30:00,0.0
2026-02-06 20:45:00,0.0
2026-02-06 21:00:00,0.0
2026-02-06 21:15:00,0.0
2026-02-06 21:30:00,0.0
2026-02-06 21:45:00,0.0
2026-02-06 22:00:00,0.0
2026-02-06 22:15:00,0.0
2026-02-06 22:30:00,0.0
2026-02-06 22:45:00,0.0
2026-02-06 23:00:00,0.0
2026-02-06 23:15:00,0.0
2026-02-06 23:30:00,0.0
2026-02-06 23:45:00,0.0
2026-02-07 00:00:00,0.0
2026-02-07 00:15:00,0.0
2026-02-07 00:30:00,0.0
2026-02-07 00:45:00,0.0
2026-02-07 01:00:00,0.0
2026-02-07 01:15:00,0.0
2026-02-07 01:30:00,0.0
2026-02-07 01:45:00,0.0
2026-02-07 02:00:00,0.0
2026-02-07 02:15:00,0.0
2026-02-07 02:30:00,0.0
2026-02-07 02:45:00,0.0
2026-02-07 03:00:00,0.0
2026-02-07 03:15:00,0.0
2026-02-07 03:30:00,0.0
2026-02-07 03:45:00,0.0
2026-02-07 04:00:00,0.0
2026-02-07 04:15:00,0.0
2026-02-07 04:30:00,0.0
2026-02-07 04:45:00,0.0
2026-02-07 05:00:00,0.0
2026-02-07 05:15:00,0.0
2026-02-07 05:30:00,0.0
2026-02-07 05:45:00,0.0
2026-02-07 06:00:00,0.0
2026-02-07 06:15:00,0.0
2026-02-07 06:30:00,0.0
2026-02-07 06:45:00,0.0
2026-02-07 07:00:00,1.973
2026-02-07 07:15:00,6.998
2026-02-07 07:30:00,14.184
2026-02-07 07:45:00,23.314
2026-02-07 08:00:00,35.78
2026-02-07 08:15:00,52.654
2026-02-07 08:30:00,69.799
2026-02-07 08:45:00,91.569
2026-02-07 09:00:00,113.393
2026-02-07 09:15:00,137.053
2026-02-07 09:30:00,156.693
2026-02-07 09:45:00,180.979
2026-02-07 10:00:00,205.328
2026-02-07 10:15:00,217.877
2026-02-07 10:30:00,221.254
2026-02-07 10:45:00,234.886
2026-02-07 11:00:00,233.112
2026-02-07 11:15:00,241.451
2026-02-07 11:30:00,246.501
2026-02-07 11:45:00,251.743
2026-02-07 12:00:00,256.049
2026-02-07 12:15:00,255.167
2026-02-07 12:30:00,273.665
2026-02-07 12:45:00,268.619
2026-02-07 13:00:00,275.892
2026-02-07 13:15:00,280.432
2026-02-07 13:30:00,260.996
2026-02-07 13:45:00,232.563
2026-02-07 14:00:00,213.681
2026-02-07 14:15:00,187.69
2026-02-07 14:30:00,174.817
2026-02-07 14:45:00,163.007
2026-02-07 15:00:00,143.268
2026-02-07 15:15:00,120.248
2026-02-07 15:30:00,107.022
2026-02-07 15:45:00,91.918
2026-02-07 16:00:00,78.831
2026-02-07 16:15:00,63.406
2026-02-07 16:30:00,51.255
2026-02-07 16:45:00,39.758
2026-02-07 17:00:00,33.143
2026-02-07 17:15:00,23.746
2026-02-07 17:30:00,16.067
2026-02-07 17:45:00,6.935
2026-02-07 18:00:00,1.48
2026-02-07 18:15:00,0.185
2026-02-07 18:30:00,0.123
2026-02-07 18:45:00,0.01
2026-02-07 19:00:00,0.0
2026-02-07 19:15:00,0.002
2026-02-07 19:30:00,0.0
2026-02-07 19:45:00,0.0
2026-02-07 20:00:00,0.0
2026-02-07 20:15:00,0.0
2026-02-07 20:30:00,0.0
2026-02-07 20:45:00,0.0
2026-02-07 21:00:00,0.0
2026-02-07 21:15:00,0.0
2026-02-07 21:30:00,0.0
2026-02-07 21:45:00,0.0
2026-02-07 22:00:00,0.0
2026-02-07 22:15:00,0.0
2026-02-07 22:30:00,0.0
2026-02-07 22:45:00,0.0
2026-02-07 23:00:00,0.0
2026-02-07 23:15:00,0.0
2026-02-07 23:30:00,0.0
2026-02-07 23:45:00,0.0
2026-02-08 00:00:00,0.0
2026-02-08 00:15:00,0.0
2026-02-08 00:30:00,0.0
2026-02-08 00:45:00,0.0
2026-02-08 01:00:00,0.0
2026-02-08 01:15:00,0.0
2026-02-08 01:30:00,0.0
2026-02-08 01:45:00,0.0
2026-02-08 02:00:00,0.0
2026-02-08 02:15:00,0.0
2026-02-08 02:30:00,0.0
2026-02-08 02:45:00,0.0
2026-02-08 03:00:00,0.0
2026-02-08 03:15:00,0.0
2026-02-08 03:30:00,0.0
2026-02-08 03:45:00,0.0
2026-02-08 04:00:00,0.0
2026-02-08 04:15:00,0.0
2026-02-08 04:30:00,0.0
2026-02-08 04:45:00,0.0
2026-02-08 05:00:00,0.0
2026-02-08 05:15:00,0.0
2026-02-08 05:30:00,0.0
2026-02-08 05:45:00,0.0
2026-02-08 06:00:00,0.0
2026-02-08 06:15:00,0.0
2026-02-08 06:30:00,0.0
2026-02-08 06:45:00,0.002
2026-02-08 07:00:00,2.966
2026-02-08 07:15:00,15.123
2026-02-08 07:30:00,35.358
2026-02-08 07:45:00,64.925
2026-02-08 08:00:00,101.232
2026-02-08 08:15:00,146.334
2026-02-08 08:30:00,201.271
2026-02-08 08:45:00,257.471
2026-02-08 09:00:00,307.879
2026-02-08 09:15:00,375.703
2026-02-08 09:30:00,465.322
2026-02-08 09:45:00,532.469
2026-02-08 10:00:00,603.859
2026-02-08 10:15:00,651.677
2026-02-08 10:30:00,692.202
2026-02-08 10:45:00,734.7
2026-02-08 11:00:00,769.103
2026-02-08 11:15:00,808.059
2026-02-08 11:30:00,868.73
2026-02-08 11:45:00,903.513
2026-02-08 12:00:00,914.612
2026-02-08 12:15:00,918.044
2026-02-08 12:30:00,905.836
2026-02-08 12:45:00,854.226
2026-02-08 13:00:00,892.957
2026-02-08 13:15:00,792.453
2026-02-08 13:30:00,747.937
2026-02-08 13:45:00,643.147
2026-02-08 14:00:00,582.633
2026-02-08 14:15:00,431.069
2026-02-08 14:30:00,411.279
2026-02-08 14:45:00,415.199
2026-02-08 15:00:00,539.239
2026-02-08 15:15:00,485.8
2026-02-08 15:30:00,462.336
2026-02-08 15:45:00,347.769
2026-02-08 16:00:00,398.479
2026-02-08 16:15:00,340.887
2026-02-08 16:30:00,276.714
2026-02-08 16:45:00,229.511
2026-02-08 17:00:00,177.19
2026-02-08 17:15:00,143.374
2026-02-08 17:30:00,92.754
2026-02-08 17:45:00,39.813
2026-02-08 18:00:00,10.268
2026-02-08 18:15:00,1.005
2026-02-08 18:30:00,0.0
2026-02-08 18:45:00,0.0
2026-02-08 19:00:00,0.0
2026-02-08 19:15:00,0.0
2026-02-08 19:30:00,0.0
2026-02-08 19:45:00,0.0
2026-02-08 20:00:00,0.0
2026-02-08 20:15:00,0.0
2026-02-08 20:30:00,0.0
2026-02-08 20:45:00,0.0
2026-02-08 21:00:00,0.0
2026-02-08 21:15:00,0.0
2026-02-08 21:30:00,0.0
2026-02-08 21:45:00,0.0
2026-02-08 22:00:00,0.0
2026-02-08 22:15:00,0.0
2026-02-08 22:30:00,0.0
2026-02-08 22:45:00,0.0
2026-02-08 23:00:00,0.0
2026-02-08 23:15:00,0.0
2026-02-08 23:30:00,0.0
2026-02-08 23:45:00,0.0
2026-02-09 00:00:00,0.0
2026-02-09 00:15:00,0.0
2026-02-09 00:30:00,0.0
2026-02-09 00:45:00,0.0
2026-02-09 01:00:00,0.0
2026-02-09 01:15:00,0.0
2026-02-09 01:30:00,0.0
2026-02-09 01:45:00,0.0
2026-02-09 02:00:00,0.0
2026-02-09 02:15:00,0.0
2026-02-09 02:30:00,0.0
2026-02-09 02:45:00,0.0
2026-02-09 03:00:00,0.0
2026-02-09 03:15:00,0.0
2026-02-09 03:30:00,0.0
2026-02-09 03:45:00,0.0
2026-02-09 04:00:00,0.0
2026-02-09 04:15:00,0.0
2026-02-09 04:30:00,0.0
2026-02-09 04:45:00,0.0
2026-02-09 05:00:00,0.0
2026-02-09 05:15:00,0.0
2026-02-09 05:30:00,0.0
2026-02-09 05:45:00,0.0
2026-02-09 06:00:00,0.0
2026-02-09 06:15:00,0.0
2026-02-09 06:30:00,0.0
2026-02-09 06:45:00,0.0
2026-02-09 07:00:00,3.04
2026-02-09 07:15:00,8.367
2026-02-09 07:30:00,14.263
2026-02-09 07:45:00,23.886
2026-02-09 08:00:00,34.653
2026-02-09 08:15:00,46.386
2026-02-09 08:30:00,59.263
2026-02-09 08:45:00,73.973
2026-02-09 09:00:00,87.997
2026-02-09 09:15:00,103.37
2026-02-09 09:30:00,113.457
2026-02-09 09:45:00,133.728
2026-02-09 10:00:00,147.986
2026-02-09 10:15:00,158.946
2026-02-09 10:30:00,168.606
2026-02-09 10:45:00,175.848
2026-02-09 11:00:00,189.996
2026-02-09 11:15:00,202.49
2026-02-09 11:30:00,199.828
2026-02-09 11:45:00,212.124
2026-02-09 12:00:00,220.734
2026-02-09 12:15:00,234.398
2026-02-09 12:30:00,236.834
2026-02-09 12:45:00,255.285
2026-02-09 13:00:00,257.642
2026-02-09 13:15:00,262.525
2026-02-09 13:30:00,244.676
2026-02-09 13:45:00,232.872
2026-02-09 14:00:00,204.822
2026-02-09 14:15:00,196.576
2026-02-09 14:30:00,191.078
2026-02-09 14:45:00,171.508
2026-02-09 15:00:00,159.893
2026-02-09 15:15:00,151.45
2026-02-09 15:30:00,137.756
2026-02-09 15:45:00,127.84
2026-02-09 16:00:00,112.793
2026-02-09 16:15:00,99.206
2026-02-09 16:30:00,93.133
2026-02-09 16:45:00,71.078
2026-02-09 17:00:00,52.833
2026-02-09 17:15:00,36.951
2026-02-09 17:30:00,22.581
2026-02-09 17:45:00,11.164
2026-02-09 18:00:00,3.76
2026-02-09 18:15:00,0.142
2026-02-09 18:30:00,0.138
2026-02-09 18:45:00,0.025
2026-02-09 19:00:00,0.0
2026-02-09 19:15:00,0.0
2026-02-09 19:30:00,0.0
2026-02-09 19:45:00,0.0
2026-02-09 20:00:00,0.0
2026-02-09 20:15:00,0.0
2026-02-09 20:30:00,0.0
2026-02-09 20:45:00,0.0
2026-02-09 21:00:00,0.0
2026-02-09 21:15:00,0.0
2026-02-09 21:30:00,0.0
2026-02-09 21:45:00,0.0
2026-02-09 22:00:00,0.0
2026-02-09 22:15:00,0.0
2026-02-09 22:30:00,0.0
2026-02-09 22:45:00,0.0
2026-02-09 23:00:00,0.0
2026-02-09 23:15:00,0.0
2026-02-09 23:30:00,0.0
2026-02-09 23:45:00,0.0
2026-02-10 00:00:00,0.0
2026-02-10 00:15:00,0.0
2026-02-10 00:30:00,0.0
2026-02-10 00:45:00,0.0
2026-02-10 01:00:00,0.0
2026-02-10 01:15:00,0.0
2026-02-10 01:30:00,0.0
2026-02-10 01:45:00,0.0
2026-02-10 02:00:00,0.0
2026-02-10 02:15:00,0.0
2026-02-10 02:30:00,0.0
2026-02-10 02:45:00,0.0
2026-02-10 03:00:00,0.0
2026-02-10 03:15:00,0.0
2026-02-10 03:30:00,0.0
2026-02-10 03:45:00,0.0
2026-02-10 04:00:00,0.0
2026-02-10 04:15:00,0.0
2026-02-10 04:30:00,0.0
2026-02-10 04:45:00,0.0
2026-02-10 05:00:00,0.0
2026-02-10 05:15:00,0.0
2026-02-10 05:30:00,0.0
2026-02-10 05:45:00,0.0
2026-02-10 06:00:00,0.37
2026-02-10 06:15:00,0.0
2026-02-10 06:30:00,0.0
2026-02-10 06:45:00,0.0
2026-02-10 07:00:00,4.007
2026-02-10 07:15:00,10.039
2026-02-10 07:30:00,16.502
2026-02-10 07:45:00,26.243
2026-02-10 08:00:00,36.567
2026-02-10 08:15:00,50.609
2026-02-10 08:30:00,64.649
2026-02-10 08:45:00,79.3
2026-02-10 09:00:00,94.084
2026-02-10 09:15:00,112.846
2026-02-10 09:30:00,133.188
2026-02-10 09:45:00,153.359
2026-02-10 10:00:00,172.666
2026-02-10 10:15:00,193.036
2026-02-10 10:30:00,215.674
2026-02-10 10:45:00,239.635
2026-02-10 11:00:00,246.795
2026-02-10 11:15:00,257.766
2026-02-10 11:30:00,263.272
2026-02-10 11:45:00,266.115
2026-02-10 12:00:00,265.554
2026-02-10 12:15:00,268.829
2026-02-10 12:30:00,270.707
2026-02-10 12:45:00,276.793
2026-02-10 13:00:00,274.736
2026-02-10 13:15:00,264.56
2026-02-10 13:30:00,257.128
2026-02-10 13:45:00,257.447
2026-02-10 14:00:00,260.016
2026-02-10 14:15:00,254.625
2026-02-10 14:30:00,255.082
2026-02-10 14:45:00,246.656
2026-02-10 15:00:00,245.266
2026-02-10 15:15:00,242.651
2026-02-10 15:30:00,235.469
2026-02-10 15:45:00,219.04
2026-02-10 16:00:00,208.893
2026-02-10 16:15:00,186.768
2026-02-10 16:30:00,169.239
2026-02-10 16:45:00,138.324
2026-02-10 17:00:00,114.023
2026-02-10 17:15:00,78.587
2026-02-10 17:30:00,59.056
2026-02-10 17:45:00,31.393
2026-02-10 18:00:00,10.077
2026-02-10 18:15:00,0.978
2026-02-10 18:30:00,0.075
2026-02-10 18:45:00,0.02
2026-02-10 19:00:00,0.0
2026-02-10 19:15:00,0.0
2026-02-10 19:30:00,0.0
2026-02-10 19:45:00,0.0
2026-02-10 20:00:00,0.0
2026-02-10 20:15:00,0.0
2026-02-10 20:30:00,0.0
2026-02-10 20:45:00,0.0
2026-02-10 21:00:00,0.0
2026-02-10 21:15:00,0.0
2026-02-10 21:30:00,0.0
2026-02-10 21:45:00,0.0
2026-02-10 22:00:00,0.0
2026-02-10 22:15:00,0.0
2026-02-10 22:30:00,0.0
2026-02-10 22:45:00,0.0
2026-02-10 23:00:00,0.0
2026-02-10 23:15:00,0.0
2026-02-10 23:30:00,0.0
2026-02-10 23:45:00,0.0
2026-02-11 00:00:00,0.0
2026-02-11 00:15:00,0.0
2026-02-11 00:30:00,0.0
2026-02-11 00:45:00,0.0
2026-02-11 01:00:00,0.0
2026-02-11 01:15:00,0.0
2026-02-11 01:30:00,0.0
2026-02-11 01:45:00,0.0
2026-02-11 02:00:00,0.0
2026-02-11 02:15:00,0.0
2026-02-11 02:30:00,0.0
2026-02-11 02:45:00,0.0
2026-02-11 03:00:00,0.0
2026-02-11 03:15:00,0.0
2026-02-11 03:30:00,0.0
2026-02-11 03:45:00,0.0
2026-02-11 04:00:00,0.0
2026-02-11 04:15:00,0.0
2026-02-11 04:30:00,0.0
2026-02-11 04:45:00,0.0
2026-02-11 05:00:00,0.0
2026-02-11 05:15:00,0.0
2026-02-11 05:30:00,0.0
2026-02-11 05:45:00,0.0
2026-02-11 06:00:00,0.0
2026-02-11 06:15:00,0.0
2026-02-11 06:30:00,0.0
2026-02-11 06:45:00,0.007
2026-02-11 07:00:00,4.521
2026-02-11 07:15:00,18.656
2026-02-11 07:30:00,38.086
2026-02-11 07:45:00,64.576
2026-02-11 08:00:00,98.863
2026-02-11 08:15:00,136.634
2026-02-11 08:30:00,174.821
2026-02-11 08:45:00,227.724
2026-02-11 09:00:00,269.802
2026-02-11 09:15:00,321.419
2026-02-11 09:30:00,370.541
2026-02-11 09:45:00,415.757
2026-02-11 10:00:00,434.122
2026-02-11 10:15:00,453.474
2026-02-11 10:30:00,490.753
2026-02-11 10:45:00,531.3
2026-02-11 11:00:00,568.13
2026-02-11 11:15:00,608.143
2026-02-11 11:30:00,617.916
2026-02-11 11:45:00,627.731
2026-02-11 12:00:00,640.419
2026-02-11 12:15:00,621.572
2026-02-11 12:30:00,622.787
2026-02-11 12:45:00,638.969
2026-02-11 13:00:00,635.44
2026-02-11 13:15:00,625.581
2026-02-11 13:30:00,637.872
2026-02-11 13:45:00,620.982
2026-02-11 14:00:00,602.028
2026-02-11 14:15:00,572.532
2026-02-11 14:30:00,552.878
2026-02-11 14:45:00,576.085
2026-02-11 15:00:00,559.367
2026-02-11 15:15:00,522.756
2026-02-11 15:30:00,481.125
2026-02-11 15:45:00,430.351
2026-02-11 16:00:00,387.358
2026-02-11 16:15:00,341.854
2026-02-11 16:30:00,288.281
2026-02-11 16:45:00,235.936
2026-02-11 17:00:00,173.721
2026-02-11 17:15:00,127.974
2026-02-11 17:30:00,81.067
2026-02-11 17:45:00,45.006
2026-02-11 18:00:00,10.352
2026-02-11 18:15:00,0.18
2026-02-11 18:30:00,0.07
2026-02-11 18:45:00,0.023
2026-02-11 19:00:00,0.0
2026-02-11 19:15:00,0.0
2026-02-11 19:30:00,0.0
2026-02-11 19:45:00,0.0
2026-02-11 20:00:00,0.0
2026-02-11 20:15:00,0.0
2026-02-11 20:30:00,0.0
2026-02-11 20:45:00,0.0
2026-02-11 21:00:00,0.0
2026-02-11 21:15:00,0.0
2026-02-11 21:30:00,0.0
2026-02-11 21:45:00,0.0
2026-02-11 22:00:00,0.0
2026-02-11 22:15:00,0.0
2026-02-11 22:30:00,0.0
2026-02-11 22:45:00,0.0
2026-02-11 23:00:00,0.0
2026-02-11 23:15:00,0.0
2026-02-11 23:30:00,0.0
2026-02-11 23:45:00,0.0
2026-02-12 00:00:00,0.0
2026-02-12 00:15:00,0.0
2026-02-12 00:30:00,0.0
2026-02-12 00:45:00,0.0
2026-02-12 01:00:00,0.0
2026-02-12 01:15:00,0.0
2026-02-12 01:30:00,0.0
2026-02-12 01:45:00,0.0
2026-02-12 02:00:00,0.0
2026-02-12 02:15:00,0.0
2026-02-12 02:30:00,0.0
2026-02-12 02:45:00,0.0
2026-02-12 03:00:00,0.0
2026-02-12 03:15:00,0.0
2026-02-12 03:30:00,0.0
2026-02-12 03:45:00,0.0
2026-02-12 04:00:00,0.0
2026-02-12 04:15:00,0.0
2026-02-12 04:30:00,0.0
2026-02-12 04:45:00,0.0
2026-02-12 05:00:00,0.0
2026-02-12 05:15:00,0.0
2026-02-12 05:30:00,0.0
2026-02-12 05:45:00,0.0
2026-02-12 06:00:00,0.0
2026-02-12 06:15:00,0.0
2026-02-12 06:30:00,0.0
2026-02-12 06:45:00,0.005
2026-02-12 07:00:00,3.314
2026-02-12 07:15:00,12.29
2026-02-12 07:30:00,24.968
2026-02-12 07:45:00,43.671
2026-02-12 08:00:00,65.033
2026-02-12 08:15:00,91.768
2026-02-12 08:30:00,122.405
2026-02-12 08:45:00,153.111
2026-02-12 09:00:00,183.068
2026-02-12 09:15:00,205.267
2026-02-12 09:30:00,238.717
2026-02-12 09:45:00,261.75
2026-02-12 10:00:00,282.616
2026-02-12 10:15:00,309.222
2026-02-12 10:30:00,320.713
2026-02-12 10:45:00,323.447
2026-02-12 11:00:00,339.235
2026-02-12 11:15:00,362.216
2026-02-12 11:30:00,387.352
2026-02-12 11:45:00,387.589
2026-02-12 12:00:00,406.991
2026-02-12 12:15:00,409.102
2026-02-12 12:30:00,423.687
2026-02-12 12:45:00,419.299
2026-02-12 13:00:00,396.789
2026-02-12 13:15:00,425.723
2026-02-12 13:30:00,399.613
2026-02-12 13:45:00,370.751
2026-02-12 14:00:00,358.101
2026-02-12 14:15:00,335.095
2026-02-12 14:30:00,323.309
2026-02-12 14:45:00,298.418
2026-02-12 15:00:00,269.797
2026-02-12 15:15:00,239.003
2026-02-12 15:30:00,221.874
2026-02-12 15:45:00,208.825
2026-02-12 16:00:00,198.826
2026-02-12 16:15:00,151.847
2026-02-12 16:30:00,113.889
2026-02-12 16:45:00,87.352
2026-02-12 17:00:00,62.559
2026-02-12 17:15:00,45.45
2026-02-12 17:30:00,33.426
2026-02-12 17:45:00,19.611
2026-02-12 18:00:00,7.265
2026-02-12 18:15:00,0.923
2026-02-12 18:30:00,0.075
2026-02-12 18:45:00,0.03
2026-02-12 19:00:00,0.0
2026-02-12 19:15:00,0.0
2026-02-12 19:30:00,0.0
2026-02-12 19:45:00,0.0
2026-02-12 20:00:00,0.0
2026-02-12 20:15:00,0.0
2026-02-12 20:30:00,0.0
2026-02-12 20:45:00,0.0
2026-02-12 21:00:00,0.0
2026-02-12 21:15:00,0.0
2026-02-12 21:30:00,0.0
2026-02-12 21:45:00,0.0
2026-02-12 22:00:00,0.0
2026-02-12 22:15:00,0.0
2026-02-12 22:30:00,0.0
2026-02-12 22:45:00,0.0
2026-02-12 23:00:00,0.0
2026-02-12 23:15:00,0.0
2026-02-12 23:30:00,0.0
2026-02-12 23:45:00,0.0
2026-02-13 00:00:00,0.0
2026-02-13 00:15:00,0.0
2026-02-13 00:30:00,0.0
2026-02-13 00:45:00,0.0
2026-02-13 01:00:00,0.0
2026-02-13 01:15:00,0.0
2026-02-13 01:30:00,0.0
2026-02-13 01:45:00,0.0
2026-02-13 02:00:00,0.0
2026-02-13 02:15:00,0.0
2026-02-13 02:30:00,0.0
2026-02-13 02:45:00,0.0
2026-02-13 03:00:00,0.0
2026-02-13 03:15:00,0.0
2026-02-13 03:30:00,0.0
2026-02-13 03:45:00,0.0
2026-02-13 04:00:00,0.0
2026-02-13 04:15:00,0.0
2026-02-13 04:30:00,0.0
2026-02-13 04:45:00,0.0
2026-02-13 05:00:00,0.0
2026-02-13 05:15:00,0.0
2026-02-13 05:30:00,0.0
2026-02-13 05:45:00,0.0
2026-02-13 06:00:00,0.0
2026-02-13 06:15:00,0.0
2026-02-13 06:30:00,0.0
2026-02-13 06:45:00,0.013
2026-02-13 07:00:00,5.083
2026-02-13 07:15:00,17.609
2026-02-13 07:30:00,34.476
2026-02-13 07:45:00,59.39
2026-02-13 08:00:00,87.165
2026-02-13 08:15:00,120.443
2026-02-13 08:30:00,152.221
2026-02-13 08:45:00,192.584
2026-02-13 09:00:00,223.214
2026-02-13 09:15:00,256.152
2026-02-13 09:30:00,289.008
2026-02-13 09:45:00,324.207
2026-02-13 10:00:00,345.212
2026-02-13 10:15:00,387.922
2026-02-13 10:30:00,428.595
2026-02-13 10:45:00,455.14
2026-02-13 11:00:00,497.605
2026-02-13 11:15:00,516.703
2026-02-13 11:30:00,573.54
2026-02-13 11:45:00,551.094
2026-02-13 12:00:00,561.814
2026-02-13 12:15:00,540.714
2026-02-13 12:30:00,530.873
2026-02-13 12:45:00,536.609
2026-02-13 13:00:00,507.083
2026-02-13 13:15:00,510.099
2026-02-13 13:30:00,502.901
2026-02-13 13:45:00,494.275
2026-02-13 14:00:00,475.814
2026-02-13 14:15:00,447.009
2026-02-13 14:30:00,424.32
2026-02-13 14:45:00,395.505
2026-02-13 15:00:00,385.204
2026-02-13 15:15:00,365.897
2026-02-13 15:30:00,338.14
2026-02-13 15:45:00,309.387
2026-02-13 16:00:00,274.232
2026-02-13 16:15:00,243.604
2026-02-13 16:30:00,196.911
2026-02-13 16:45:00,157.258
2026-02-13 17:00:00,122.089
2026-02-13 17:15:00,99.677
2026-02-13 17:30:00,64.381
2026-02-13 17:45:00,45.623
2026-02-13 18:00:00,21.627
2026-02-13 18:15:00,4.595
2026-02-13 18:30:00,1.543
2026-02-13 18:45:00,0.03
2026-02-13 19:00:00,0.0
2026-02-13 19:15:00,0.0
2026-02-13 19:30:00,0.0
2026-02-13 19:45:00,0.0
2026-02-13 20:00:00,0.0
2026-02-13 20:15:00,0.0
2026-02-13 20:30:00,0.0
2026-02-13 20:45:00,0.0
2026-02-13 21:00:00,0.0
2026-02-13 21:15:00,0.0
2026-02-13 21:30:00,0.0
2026-02-13 21:45:00,0.0
2026-02-13 22:00:00,0.0
2026-02-13 22:15:00,0.0
2026-02-13 22:30:00,0.0
2026-02-13 22:45:00,0.0
2026-02-13 23:00:00,0.0
2026-02-13 23:15:00,0.0
2026-02-13 23:30:00,0.0
2026-02-13 23:45:00,0.0
2026-02-14 00:00:00,0.0
2026-02-14 00:15:00,0.0
2026-02-14 00:30:00,0.0
2026-02-14 00:45:00,0.0
2026-02-14 01:00:00,0.0
2026-02-14 01:15:00,0.0
2026-02-14 01:30:00,0.0
2026-02-14 01:45:00,0.0
2026-02-14 02:00:00,0.0
2026-02-14 02:15:00,0.0
2026-02-14 02:30:00,0.0
2026-02-14 02:45:00,0.0
2026-02-14 03:00:00,0.0
2026-02-14 03:15:00,0.0
2026-02-14 03:30:00,0.0
2026-02-14 03:45:00,0.0
2026-02-14 04:00:00,0.0
2026-02-14 04:15:00,0.0
2026-02-14 04:30:00,0.0
2026-02-14 04:45:00,0.0
2026-02-14 05:00:00,0.0
2026-02-14 05:15:00,0.0
2026-02-14 05:30:00,0.0
2026-02-14 05:45:00,0.0
2026-02-14 06:00:00,0.0
2026-02-14 06:15:00,0.0
2026-02-14 06:30:00,0.0
2026-02-14 06:45:00,0.023
2026-02-14 07:00:00,10.444
2026-02-14 07:15:00,36.583
2026-02-14 07:30:00,70.072
2026-02-14 07:45:00,111.453
2026-02-14 08:00:00,160.968
2026-02-14 08:15:00,216.358
2026-02-14 08:30:00,282.17
2026-02-14 08:45:00,347.911
2026-02-14 09:00:00,407.651
2026-02-14 09:15:00,445.52
2026-02-14 09:30:00,449.427
2026-02-14 09:45:00,430.299
2026-02-14 10:00:00,524.231
2026-02-14 10:15:00,629.332
2026-02-14 10:30:00,681.094
2026-02-14 10:45:00,509.69
2026-02-14 11:00:00,486.919
2026-02-14 11:15:00,353.711
2026-02-14 11:30:00,268.293
2026-02-14 11:45:00,201.392
2026-02-14 12:00:00,320.066
2026-02-14 12:15:00,86.786
2026-02-14 12:30:00,86.786
2026-02-14 12:45:00,86.786
2026-02-14 13:00:00,274.107
2026-02-14 13:15:00,202.213
2026-02-14 13:30:00,86.786
2026-02-14 13:45:00,86.786
2026-02-14 14:00:00,86.786
2026-02-14 14:15:00,84.276
2026-02-14 14:30:00,83.411
2026-02-14 14:45:00,81.059
2026-02-14 15:00:00,77.481
2026-02-14 15:15:00,74.266
2026-02-14 15:30:00,72.641
2026-02-14 15:45:00,71.259
2026-02-14 16:00:00,71.674
2026-02-14 16:15:00,71.471
2026-02-14 16:30:00,133.612
2026-02-14 16:45:00,226.138
2026-02-14 17:00:00,144.229
2026-02-14 17:15:00,134.95
2026-02-14 17:30:00,92.744
2026-02-14 17:45:00,59.048
2026-02-14 18:00:00,26.009
2026-02-14 18:15:00,4.347
2026-02-14 18:30:00,0.097
2026-02-14 18:45:00,0.047
2026-02-14 19:00:00,0.002
2026-02-14 19:15:00,0.002
2026-02-14 19:30:00,0.0
2026-02-14 19:45:00,0.0
2026-02-14 20:00:00,0.0
2026-02-14 20:15:00,0.0
2026-02-14 20:30:00,0.0
2026-02-14 20:45:00,0.0
2026-02-14 21:00:00,0.0
2026-02-14 21:15:00,0.0
2026-02-14 21:30:00,0.0
2026-02-14 21:45:00,0.0
2026-02-14 22:00:00,0.0
2026-02-14 22:15:00,0.0
2026-02-14 22:30:00,0.0
2026-02-14 22:45:00,0.0
2026-02-14 23:00:00,0.0
2026-02-14 23:15:00,0.0
2026-02-14 23:30:00,0.0
2026-02-14 23:45:00,0.0
2026-02-15 00:00:00,0.0
2026-02-15 00:15:00,0.0
2026-02-15 00:30:00,0.0
2026-02-15 00:45:00,0.0
2026-02-15 01:00:00,0.0
2026-02-15 01:15:00,0.0
2026-02-15 01:30:00,0.0
2026-02-15 01:45:00,0.0
2026-02-15 02:00:00,0.0
2026-02-15 02:15:00,0.0
2026-02-15 02:30:00,0.0
2026-02-15 02:45:00,0.0
2026-02-15 03:00:00,0.0
2026-02-15 03:15:00,0.0
2026-02-15 03:30:00,0.0
2026-02-15 03:45:00,0.0
2026-02-15 04:00:00,0.0
2026-02-15 04:15:00,0.0
2026-02-15 04:30:00,0.0
2026-02-15 04:45:00,0.0
2026-02-15 05:00:00,0.0
2026-02-15 05:15:00,0.0
2026-02-15 05:30:00,0.0
2026-02-15 05:45:00,0.0
2026-02-15 06:00:00,0.0
2026-02-15 06:15:00,0.0
2026-02-15 06:30:00,0.0
2026-02-15 06:45:00,0.095
2026-02-15 07:00:00,9.578
2026-02-15 07:15:00,30.883
2026-02-15 07:30:00,59.929
2026-02-15 07:45:00,97.409
2026-02-15 08:00:00,137.537
2026-02-15 08:15:00,171.168
2026-02-15 08:30:00,189.758
2026-02-15 08:45:00,170.974
2026-02-15 09:00:00,159.112
2026-02-15 09:15:00,144.469
2026-02-15 09:30:00,165.685
2026-02-15 09:45:00,215.93
2026-02-15 10:00:00,244.443
2026-02-15 10:15:00,230.153
2026-02-15 10:30:00,289.291
2026-02-15 10:45:00,186.308
2026-02-15 11:00:00,148.791
2026-02-15 11:15:00,146.226
2026-02-15 11:30:00,123.002
2026-02-15 11:45:00,86.699
2026-02-15 12:00:00,222.273
2026-02-15 12:15:00,262.291
2026-02-15 12:30:00,326.154
2026-02-15 12:45:00,240.825
2026-02-15 13:00:00,293.642
2026-02-15 13:15:00,213.075
2026-02-15 13:30:00,198.034
2026-02-15 13:45:00,168.241
2026-02-15 14:00:00,214.502
2026-02-15 14:15:00,189.461
2026-02-15 14:30:00,177.512
2026-02-15 14:45:00,188.529
2026-02-15 15:00:00,192.477
2026-02-15 15:15:00,239.132
2026-02-15 15:30:00,255.727
2026-02-15 15:45:00,278.24
2026-02-15 16:00:00,269.947
2026-02-15 16:15:00,222.133
2026-02-15 16:30:00,205.297
2026-02-15 16:45:00,163.814
2026-02-15 17:00:00,133.494
2026-02-15 17:15:00,93.21
2026-02-15 17:30:00,67.512
2026-02-15 17:45:00,43.503
2026-02-15 18:00:00,21.943
2026-02-15 18:15:00,8.417
2026-02-15 18:30:00,0.083
2026-02-15 18:45:00,0.038
2026-02-15 19:00:00,0.007
2026-02-15 19:15:00,0.005
2026-02-15 19:30:00,0.0
2026-02-15 19:45:00,0.0
2026-02-15 20:00:00,0.0
2026-02-15 20:15:00,0.0
2026-02-15 20:30:00,0.0
2026-02-15 20:45:00,0.0
2026-02-15 21:00:00,0.0
2026-02-15 21:15:00,0.0
2026-02-15 21:30:00,0.0
2026-02-15 21:45:00,0.0
2026-02-15 22:00:00,0.0
2026-02-15 22:15:00,0.0
2026-02-15 22:30:00,0.0
2026-02-15 22:45:00,0.0
2026-02-15 23:00:00,0.0
2026-02-15 23:15:00,0.0
2026-02-15 23:30:00,0.0
2026-02-15 23:45:00,0.0
2026-02-16 00:00:00,0.0
2026-02-16 00:15:00,0.0
2026-02-16 00:30:00,0.0
2026-02-16 00:45:00,0.0
2026-02-16 01:00:00,0.0
2026-02-16 01:15:00,0.0
2026-02-16 01:30:00,0.0
2026-02-16 01:45:00,0.0
2026-02-16 02:00:00,0.0
2026-02-16 02:15:00,0.0
2026-02-16 02:30:00,0.0
2026-02-16 02:45:00,0.0
2026-02-16 03:00:00,0.0
2026-02-16 03:15:00,0.0
2026-02-16 03:30:00,0.0
2026-02-16 03:45:00,0.0
2026-02-16 04:00:00,0.0
2026-02-16 04:15:00,0.0
2026-02-16 04:30:00,0.0
2026-02-16 04:45:00,0.0
2026-02-16 05:00:00,0.0
2026-02-16 05:15:00,0.0
2026-02-16 05:30:00,0.0
2026-02-16 05:45:00,0.0
2026-02-16 06:00:00,0.0
2026-02-16 06:15:00,0.0
2026-02-16 06:30:00,0.0
2026-02-16 06:45:00,0.04
2026-02-16 07:00:00,3.783
2026-02-16 07:15:00,9.209
2026-02-16 07:30:00,11.554
2026-02-16 07:45:00,15.778
2026-02-16 08:00:00,19.301
2026-02-16 08:15:00,25.256
2026-02-16 08:30:00,28.743
2026-02-16 08:45:00,35.41
2026-02-16 09:00:00,40.742
2026-02-16 09:15:00,48.694
2026-02-16 09:30:00,55.47
2026-02-16 09:45:00,64.679
2026-02-16 10:00:00,76.296
2026-02-16 10:15:00,86.298
2026-02-16 10:30:00,91.218
2026-02-16 10:45:00,103.823
2026-02-16 11:00:00,107.777
2026-02-16 11:15:00,115.848
2026-02-16 11:30:00,122.441
2026-02-16 11:45:00,125.028
2026-02-16 12:00:00,124.49
2026-02-16 12:15:00,129.524
2026-02-16 12:30:00,131.247
2026-02-16 12:45:00,133.975
2026-02-16 13:00:00,137.207
2026-02-16 13:15:00,132.303
2026-02-16 13:30:00,132.112
2026-02-16 13:45:00,130.547
2026-02-16 14:00:00,125.532
2026-02-16 14:15:00,119.637
2026-02-16 14:30:00,111.04
2026-02-16 14:45:00,105.717
2026-02-16 15:00:00,100.43
2026-02-16 15:15:00,89.959
2026-02-16 15:30:00,82.438
2026-02-16 15:45:00,70.247
2026-02-16 16:00:00,62.09
2026-02-16 16:15:00,50.967
2026-02-16 16:30:00,41.688
2026-02-16 16:45:00,30.733
2026-02-16 17:00:00,25.451
2026-02-16 17:15:00,18.202
2026-02-16 17:30:00,12.517
2026-02-16 17:45:00,8.99
2026-02-16 18:00:00,4.457
2026-02-16 18:15:00,0.688
2026-02-16 18:30:00,0.168
2026-02-16 18:45:00,0.047
2026-02-16 19:00:00,0.005
2026-02-16 19:15:00,0.007
2026-02-16 19:30:00,0.0
2026-02-16 19:45:00,0.0
2026-02-16 20:00:00,0.0
2026-02-16 20:15:00,0.0
2026-02-16 20:30:00,0.0
2026-02-16 20:45:00,0.0
2026-02-16 21:00:00,0.0
2026-02-16 21:15:00,0.0
2026-02-16 21:30:00,0.0
2026-02-16 21:45:00,0.0
2026-02-16 22:00:00,0.0
2026-02-16 22:15:00,0.0
2026-02-16 22:30:00,0.0
2026-02-16 22:45:00,0.0
2026-02-16 23:00:00,0.0
2026-02-16 23:15:00,0.0
2026-02-16 23:30:00,0.0
2026-02-16 23:45:00,0.0
2026-02-17 00:00:00,0.0
2026-02-17 00:15:00,0.0
2026-02-17 00:30:00,0.0
2026-02-17 00:45:00,0.0
2026-02-17 01:00:00,0.0
2026-02-17 01:15:00,0.0
2026-02-17 01:30:00,0.0
2026-02-17 01:45:00,0.0
2026-02-17 02:00:00,0.0
2026-02-17 02:15:00,0.0
2026-02-17 02:30:00,0.0
2026-02-17 02:45:00,0.0
2026-02-17 03:00:00,0.0
2026-02-17 03:15:00,0.0
2026-02-17 03:30:00,0.0
2026-02-17 03:45:00,0.0
2026-02-17 04:00:00,0.0
2026-02-17 04:15:00,0.0
2026-02-17 04:30:00,0.0
2026-02-17 04:45:00,0.0
2026-02-17 05:00:00,0.0
2026-02-17 05:15:00,0.0
2026-02-17 05:30:00,0.0
2026-02-17 05:45:00,0.0
2026-02-17 06:00:00,0.0
2026-02-17 06:15:00,0.0
2026-02-17 06:30:00,0.0
2026-02-17 06:45:00,0.038
2026-02-17 07:00:00,5.001
2026-02-17 07:15:00,13.145
2026-02-17 07:30:00,26.156
2026-02-17 07:45:00,43.613
2026-02-17 08:00:00,64.928
2026-02-17 08:15:00,89.859
2026-02-17 08:30:00,120.176
2026-02-17 08:45:00,153.739
2026-02-17 09:00:00,182.276
2026-02-17 09:15:00,216.456
2026-02-17 09:30:00,244.404
2026-02-17 09:45:00,281.115
2026-02-17 10:00:00,326.076
2026-02-17 10:15:00,353.707
2026-02-17 10:30:00,375.276
2026-02-17 10:45:00,387.014
2026-02-17 11:00:00,417.069
2026-02-17 11:15:00,440.941
2026-02-17 11:30:00,460.168
2026-02-17 11:45:00,502.467
2026-02-17 12:00:00,534.386
2026-02-17 12:15:00,531.813
2026-02-17 12:30:00,533.346
2026-02-17 12:45:00,543.531
2026-02-17 13:00:00,553.212
2026-02-17 13:15:00,551.908
2026-02-17 13:30:00,559.841
2026-02-17 13:45:00,557.418
2026-02-17 14:00:00,549.595
2026-02-17 14:15:00,531.708
2026-02-17 14:30:00,456.775
2026-02-17 14:45:00,447.279
2026-02-17 15:00:00,441.241
2026-02-17 15:15:00,421.181
2026-02-17 15:30:00,383.017
2026-02-17 15:45:00,347.491
2026-02-17 16:00:00,302.962
2026-02-17 16:15:00,265.698
2026-02-17 16:30:00,224.823
2026-02-17 16:45:00,181.388
2026-02-17 17:00:00,136.627
2026-02-17 17:15:00,102.906
2026-02-17 17:30:00,67.214
2026-02-17 17:45:00,41.797
2026-02-17 18:00:00,17.122
2026-02-17 18:15:00,1.423
2026-02-17 18:30:00,0.138
2026-02-17 18:45:00,0.047
2026-02-17 19:00:00,0.002
2026-02-17 19:15:00,0.002
2026-02-17 19:30:00,0.0
2026-02-17 19:45:00,0.0
2026-02-17 20:00:00,0.0
2026-02-17 20:15:00,0.0
2026-02-17 20:30:00,0.0
2026-02-17 20:45:00,0.0
2026-02-17 21:00:00,0.0
2026-02-17 21:15:00,0.0
2026-02-17 21:30:00,0.0
2026-02-17 21:45:00,0.0
2026-02-17 22:00:00,0.0
2026-02-17 22:15:00,0.0
2026-02-17 22:30:00,0.0
2026-02-17 22:45:00,0.0
2026-02-17 23:00:00,0.0
2026-02-17 23:15:00,0.0
2026-02-17 23:30:00,0.0
2026-02-17 23:45:00,0.0
2026-02-18 00:00:00,0.0
2026-02-18 00:15:00,0.0
2026-02-18 00:30:00,0.0
2026-02-18 00:45:00,0.0
2026-02-18 01:00:00,0.0
2026-02-18 01:15:00,0.0
2026-02-18 01:30:00,0.0
2026-02-18 01:45:00,0.0
2026-02-18 02:00:00,0.0
2026-02-18 02:15:00,0.0
2026-02-18 02:30:00,0.0
2026-02-18 02:45:00,0.0
2026-02-18 03:00:00,0.0
2026-02-18 03:15:00,0.0
2026-02-18 03:30:00,0.0
2026-02-18 03:45:00,0.0
2026-02-18 04:00:00,0.0
2026-02-18 04:15:00,0.0
2026-02-18 04:30:00,0.0
2026-02-18 04:45:00,0.0
2026-02-18 05:00:00,0.0
2026-02-18 05:15:00,0.0
2026-02-18 05:30:00,0.0
2026-02-18 05:45:00,0.0
2026-02-18 06:00:00,0.0
2026-02-18 06:15:00,0.0
2026-02-18 06:30:00,0.0
2026-02-18 06:45:00,0.093
2026-02-18 07:00:00,9.965
2026-02-18 07:15:00,28.868
2026-02-18 07:30:00,60.516
2026-02-18 07:45:00,101.971
2026-02-18 08:00:00,148.296
2026-02-18 08:15:00,203.591
2026-02-18 08:30:00,261.93
2026-02-18 08:45:00,314.647
2026-02-18 09:00:00,378.888
2026-02-18 09:15:00,443.368
2026-02-18 09:30:00,505.933
2026-02-18 09:45:00,591.055
2026-02-18 10:00:00,687.193
2026-02-18 10:15:00,761.522
2026-02-18 10:30:00,817.611
2026-02-18 10:45:00,853.855
2026-02-18 11:00:00,893.084
2026-02-18 11:15:00,928.804
2026-02-18 11:30:00,825.313
2026-02-18 11:45:00,802.134
2026-02-18 12:00:00,876.063
2026-02-18 12:15:00,901.716
2026-02-18 12:30:00,793.937
2026-02-18 12:45:00,942.021
2026-02-18 13:00:00,954.918
2026-02-18 13:15:00,890.735
2026-02-18 13:30:00,920.982
2026-02-18 13:45:00,863.715
2026-02-18 14:00:00,829.382
2026-02-18 14:15:00,782.149
2026-02-18 14:30:00,705.04
2026-02-18 14:45:00,668.032
2026-02-18 15:00:00,605.935
2026-02-18 15:15:00,531.549
2026-02-18 15:30:00,460.88
2026-02-18 15:45:00,387.403
2026-02-18 16:00:00,304.172
2026-02-18 16:15:00,236.514
2026-02-18 16:30:00,178.768
2026-02-18 16:45:00,132.938
2026-02-18 17:00:00,93.818
2026-02-18 17:15:00,66.317
2026-02-18 17:30:00,41.618
2026-02-18 17:45:00,24.147
2026-02-18 18:00:00,7.98
2026-02-18 18:15:00,1.305
2026-02-18 18:30:00,0.248
2026-02-18 18:45:00,0.075
2026-02-18 19:00:00,0.002
2026-02-18 19:15:00,0.002
2026-02-18 19:30:00,0.0
2026-02-18 19:45:00,0.0
2026-02-18 20:00:00,0.0
2026-02-18 20:15:00,0.0
2026-02-18 20:30:00,0.0
2026-02-18 20:45:00,0.0
2026-02-18 21:00:00,0.0
2026-02-18 21:15:00,0.0
2026-02-18 21:30:00,0.0
2026-02-18 21:45:00,0.0
2026-02-18 22:00:00,0.0
2026-02-18 22:15:00,0.0
2026-02-18 22:30:00,0.0
2026-02-18 22:45:00,0.0
2026-02-18 23:00:00,0.0
2026-02-18 23:15:00,0.0
2026-02-18 23:30:00,0.0
2026-02-18 23:45:00,0.0
2026-02-19 00:00:00,0.0
2026-02-19 00:15:00,0.0
2026-02-19 00:30:00,0.0
2026-02-19 00:45:00,0.0
2026-02-19 01:00:00,0.0
2026-02-19 01:15:00,0.0
2026-02-19 01:30:00,0.0
2026-02-19 01:45:00,0.0
2026-02-19 02:00:00,0.0
2026-02-19 02:15:00,0.0
2026-02-19 02:30:00,0.0
2026-02-19 02:45:00,0.0
2026-02-19 03:00:00,0.0
2026-02-19 03:15:00,0.0
2026-02-19 03:30:00,0.0
2026-02-19 03:45:00,0.0
2026-02-19 04:00:00,0.0
2026-02-19 04:15:00,0.0
2026-02-19 04:30:00,0.0
2026-02-19 04:45:00,0.0
2026-02-19 05:00:00,0.0
2026-02-19 05:15:00,0.0
2026-02-19 05:30:00,0.0
2026-02-19 05:45:00,0.0
2026-02-19 06:00:00,0.0
2026-02-19 06:15:00,0.0
2026-02-19 06:30:00,0.0
2026-02-19 06:45:00,0.407
2026-02-19 07:00:00,5.1
2026-02-19 07:15:00,12.168
2026-02-19 07:30:00,18.656
2026-02-19 07:45:00,26.719
2026-02-19 08:00:00,37.41
2026-02-19 08:15:00,51.045
2026-02-19 08:30:00,65.157
2026-02-19 08:45:00,82.194
2026-02-19 09:00:00,98.446
2026-02-19 09:15:00,116.233
2026-02-19 09:30:00,139.542
2026-02-19 09:45:00,163.326
2026-02-19 10:00:00,185.099
2026-02-19 10:15:00,202.898
2026-02-19 10:30:00,227.488
2026-02-19 10:45:00,241.382
2026-02-19 11:00:00,253.417
2026-02-19 11:15:00,279.328
2026-02-19 11:30:00,296.442
2026-02-19 11:45:00,311.69
2026-02-19 12:00:00,325.522
2026-02-19 12:15:00,334.426
2026-02-19 12:30:00,339.231
2026-02-19 12:45:00,351.262
2026-02-19 13:00:00,377.299
2026-02-19 13:15:00,414.38
2026-02-19 13:30:00,442.504
2026-02-19 13:45:00,477.127
2026-02-19 14:00:00,501.558
2026-02-19 14:15:00,523.869
2026-02-19 14:30:00,531.397
2026-02-19 14:45:00,542.061
2026-02-19 15:00:00,501.579
2026-02-19 15:15:00,513.171
2026-02-19 15:30:00,490.562
2026-02-19 15:45:00,467.688
2026-02-19 16:00:00,424.331
2026-02-19 16:15:00,378.58
2026-02-19 16:30:00,327.659
2026-02-19 16:45:00,269.591
2026-02-19 17:00:00,220.524
2026-02-19 17:15:00,163.747
2026-02-19 17:30:00,114.916
2026-02-19 17:45:00,73.448
2026-02-19 18:00:00,36.69
2026-02-19 18:15:00,4.146
2026-02-19 18:30:00,0.155
2026-02-19 18:45:00,0.058
2026-02-19 19:00:00,0.002
2026-02-19 19:15:00,0.002
2026-02-19 19:30:00,0.0
2026-02-19 19:45:00,0.0
2026-02-19 20:00:00,0.0
2026-02-19 20:15:00,0.0
2026-02-19 20:30:00,0.0
2026-02-19 20:45:00,0.0
2026-02-19 21:00:00,0.0
2026-02-19 21:15:00,0.0
2026-02-19 21:30:00,0.0
2026-02-19 21:45:00,0.0
2026-02-19 22:00:00,0.0
2026-02-19 22:15:00,0.0
2026-02-19 22:30:00,0.0
2026-02-19 22:45:00,0.0
2026-02-19 23:00:00,0.0
2026-02-19 23:15:00,0.0
2026-02-19 23:30:00,0.0
2026-02-19 23:45:00,0.0
2026-02-20 00:00:00,0.0
2026-02-20 00:15:00,0.0
2026-02-20 00:30:00,0.0
2026-02-20 00:45:00,0.0
2026-02-20 01:00:00,0.0
2026-02-20 01:15:00,0.0
2026-02-20 01:30:00,0.0
2026-02-20 01:45:00,0.0
2026-02-20 02:00:00,0.0
2026-02-20 02:15:00,0.0
2026-02-20 02:30:00,0.0
2026-02-20 02:45:00,0.0
2026-02-20 03:00:00,0.0
2026-02-20 03:15:00,0.0
2026-02-20 03:30:00,0.0
2026-02-20 03:45:00,0.0
2026-02-20 04:00:00,0.0
2026-02-20 04:15:00,0.0
2026-02-20 04:30:00,0.0
2026-02-20 04:45:00,0.0
2026-02-20 05:00:00,0.0
2026-02-20 05:15:00,0.0
2026-02-20 05:30:00,0.0
2026-02-20 05:45:00,0.0
2026-02-20 06:00:00,0.0
2026-02-20 06:15:00,0.0
2026-02-20 06:30:00,0.0
2026-02-20 06:45:00,0.595
2026-02-20 07:00:00,15.412
2026-02-20 07:15:00,51.395
2026-02-20 07:30:00,91.32
2026-02-20 07:45:00,144.872
2026-02-20 08:00:00,202.775
2026-02-20 08:15:00,267.868
2026-02-20 08:30:00,335.171
2026-02-20 08:45:00,409.16
2026-02-20 09:00:00,471.852
2026-02-20 09:15:00,546.453
2026-02-20 09:30:00,595.611
2026-02-20 09:45:00,655.769
2026-02-20 10:00:00,678.99
2026-02-20 10:15:00,718.698
2026-02-20 10:30:00,780.633
2026-02-20 10:45:00,812.57
2026-02-20 11:00:00,863.102
2026-02-20 11:15:00,903.233
2026-02-20 11:30:00,933.667
2026-02-20 11:45:00,932.585
2026-02-20 12:00:00,975.138
2026-02-20 12:15:00,999.916
2026-02-20 12:30:00,1050.04
2026-02-20 12:45:00,859.117
2026-02-20 13:00:00,709.148
2026-02-20 13:15:00,465.245
2026-02-20 13:30:00,501.97
2026-02-20 13:45:00,560.051
2026-02-20 14:00:00,456.375
2026-02-20 14:15:00,312.502
2026-02-20 14:30:00,127.354
2026-02-20 14:45:00,86.786
2026-02-20 15:00:00,135.087
2026-02-20 15:15:00,160.254
2026-02-20 15:30:00,496.155
2026-02-20 15:45:00,486.055
2026-02-20 16:00:00,474.849
2026-02-20 16:15:00,506.93
2026-02-20 16:30:00,445.657
2026-02-20 16:45:00,375.62
2026-02-20 17:00:00,297.121
2026-02-20 17:15:00,211.705
2026-02-20 17:30:00,155.882
2026-02-20 17:45:00,98.253
2026-02-20 18:00:00,44.614
2026-02-20 18:15:00,7.428
2026-02-20 18:30:00,0.377
2026-02-20 18:45:00,0.132
2026-02-20 19:00:00,0.002
2026-02-20 19:15:00,0.002
2026-02-20 19:30:00,0.0
2026-02-20 19:45:00,0.0
2026-02-20 20:00:00,0.0
2026-02-20 20:15:00,0.0
2026-02-20 20:30:00,0.0
2026-02-20 20:45:00,0.0
2026-02-20 21:00:00,0.0
2026-02-20 21:15:00,0.0
2026-02-20 21:30:00,0.0
2026-02-20 21:45:00,0.0
2026-02-20 22:00:00,0.0
2026-02-20 22:15:00,0.0
2026-02-20 22:30:00,0.0
2026-02-20 22:45:00,0.0
2026-02-20 23:00:00,0.0
2026-02-20 23:15:00,0.0
2026-02-20 23:30:00,0.0
2026-02-20 23:45:00,0.0
2026-02-21 00:00:00,0.0
2026-02-21 00:15:00,0.0
2026-02-21 00:30:00,0.0
2026-02-21 00:45:00,0.0
2026-02-21 01:00:00,0.0
2026-02-21 01:15:00,0.0
2026-02-21 01:30:00,0.0
2026-02-21 01:45:00,0.0
2026-02-21 02:00:00,0.0
2026-02-21 02:15:00,0.0
2026-02-21 02:30:00,0.0
2026-02-21 02:45:00,0.0
2026-02-21 03:00:00,0.0
2026-02-21 03:15:00,0.0
2026-02-21 03:30:00,0.0
2026-02-21 03:45:00,0.0
2026-02-21 04:00:00,0.0
2026-02-21 04:15:00,0.0
2026-02-21 04:30:00,0.0
2026-02-21 04:45:00,0.0
2026-02-21 05:00:00,0.0
2026-02-21 05:15:00,0.0
2026-02-21 05:30:00,0.0
2026-02-21 05:45:00,0.0
2026-02-21 06:00:00,0.0
2026-02-21 06:15:00,0.0
2026-02-21 06:30:00,0.0
2026-02-21 06:45:00,0.825
2026-02-21 07:00:00,20.81
2026-02-21 07:15:00,48.363
2026-02-21 07:30:00,83.573
2026-02-21 07:45:00,125.395
2026-02-21 08:00:00,179.598
2026-02-21 08:15:00,236.554
2026-02-21 08:30:00,267.536
2026-02-21 08:45:00,308.557
2026-02-21 09:00:00,344.988
2026-02-21 09:15:00,339.492
2026-02-21 09:30:00,348.932
2026-02-21 09:45:00,347.908
2026-02-21 10:00:00,359.041
2026-02-21 10:15:00,340.774
2026-02-21 10:30:00,351.03
2026-02-21 10:45:00,383.521
2026-02-21 11:00:00,421.827
2026-02-21 11:15:00,397.315
2026-02-21 11:30:00,422.348
2026-02-21 11:45:00,550.24
2026-02-21 12:00:00,689.54
2026-02-21 12:15:00,752.092
2026-02-21 12:30:00,804.489
2026-02-21 12:45:00,738.979
2026-02-21 13:00:00,719.283
2026-02-21 13:15:00,678.002
2026-02-21 13:30:00,648.737
2026-02-21 13:45:00,581.05
2026-02-21 14:00:00,564.192
2026-02-21 14:15:00,418.213
2026-02-21 14:30:00,354.301
2026-02-21 14:45:00,353.842
2026-02-21 15:00:00,338.488
2026-02-21 15:15:00,307.734
2026-02-21 15:30:00,323.938
2026-02-21 15:45:00,316.951
2026-02-21 16:00:00,300.523
2026-02-21 16:15:00,291.72
2026-02-21 16:30:00,286.636
2026-02-21 16:45:00,248.251
2026-02-21 17:00:00,201.084
2026-02-21 17:15:00,142.434
2026-02-21 17:30:00,92.883
2026-02-21 17:45:00,61.562
2026-02-21 18:00:00,26.092
2026-02-21 18:15:00,1.875
2026-02-21 18:30:00,0.233
2026-02-21 18:45:00,0.083
2026-02-21 19:00:00,0.0
2026-02-21 19:15:00,0.0
2026-02-21 19:30:00,0.0
2026-02-21 19:45:00,0.0
2026-02-21 20:00:00,0.0
2026-02-21 20:15:00,0.0
2026-02-21 20:30:00,0.0
2026-02-21 20:45:00,0.0
2026-02-21 21:00:00,0.0
2026-02-21 21:15:00,0.0
2026-02-21 21:30:00,0.0
2026-02-21 21:45:00,0.0
2026-02-21 22:00:00,0.0
2026-02-21 22:15:00,0.0
2026-02-21 22:30:00,0.0
2026-02-21 22:45:00,0.0
2026-02-21 23:00:00,0.0
2026-02-21 23:15:00,0.0
2026-02-21 23:30:00,0.0
2026-02-21 23:45:00,0.0
2026-02-22 00:00:00,0.0
2026-02-22 00:15:00,0.0
2026-02-22 00:30:00,0.0
2026-02-22 00:45:00,0.0
2026-02-22 01:00:00,0.0
2026-02-22 01:15:00,0.0
2026-02-22 01:30:00,0.0
2026-02-22 01:45:00,0.0
2026-02-22 02:00:00,0.0
2026-02-22 02:15:00,0.0
2026-02-22 02:30:00,0.0
2026-02-22 02:45:00,0.0
2026-02-22 03:00:00,0.0
2026-02-22 03:15:00,0.0
2026-02-22 03:30:00,0.0
2026-02-22 03:45:00,0.0
2026-02-22 04:00:00,0.0
2026-02-22 04:15:00,0.0
2026-02-22 04:30:00,0.0
2026-02-22 04:45:00,0.0
2026-02-22 05:00:00,0.0
2026-02-22 05:15:00,0.0
2026-02-22 05:30:00,0.0
2026-02-22 05:45:00,0.0
2026-02-22 06:00:00,0.0
2026-02-22 06:15:00,0.0
2026-02-22 06:30:00,0.0
2026-02-22 06:45:00,1.275
2026-02-22 07:00:00,19.134
2026-02-22 07:15:00,50.002
2026-02-22 07:30:00,90.03
2026-02-22 07:45:00,139.919
2026-02-22 08:00:00,195.75
2026-02-22 08:15:00,259.821
2026-02-22 08:30:00,322.532
2026-02-22 08:45:00,402.735
2026-02-22 09:00:00,374.122
2026-02-22 09:15:00,366.838
2026-02-22 09:30:00,234.278
2026-02-22 09:45:00,158.214
2026-02-22 10:00:00,119.315
2026-02-22 10:15:00,86.786
2026-02-22 10:30:00,86.786
2026-02-22 10:45:00,86.786
2026-02-22 11:00:00,86.786
2026-02-22 11:15:00,86.786
2026-02-22 11:30:00,86.786
2026-02-22 11:45:00,86.786
2026-02-22 12:00:00,86.786
2026-02-22 12:15:00,86.786
2026-02-22 12:30:00,86.786
2026-02-22 12:45:00,86.786
2026-02-22 13:00:00,86.753
2026-02-22 13:15:00,86.69
2026-02-22 13:30:00,86.74
2026-02-22 13:45:00,117.72
2026-02-22 14:00:00,450.365
2026-02-22 14:15:00,371.004
2026-02-22 14:30:00,388.727
2026-02-22 14:45:00,368.714
2026-02-22 15:00:00,355.493
2026-02-22 15:15:00,296.786
2026-02-22 15:30:00,272.15
2026-02-22 15:45:00,366.801
2026-02-22 16:00:00,395.107
2026-02-22 16:15:00,380.79
2026-02-22 16:30:00,339.729
2026-02-22 16:45:00,264.996
2026-02-22 17:00:00,204.997
2026-02-22 17:15:00,148.484
2026-02-22 17:30:00,100.68
2026-02-22 17:45:00,70.611
2026-02-22 18:00:00,31.576
2026-02-22 18:15:00,1.975
2026-02-22 18:30:00,0.205
2026-02-22 18:45:00,0.065
2026-02-22 19:00:00,0.02
2026-02-22 19:15:00,0.0
2026-02-22 19:30:00,0.0
2026-02-22 19:45:00,0.0
2026-02-22 20:00:00,0.0
2026-02-22 20:15:00,0.0
2026-02-22 20:30:00,0.0
2026-02-22 20:45:00,0.0
2026-02-22 21:00:00,0.0
2026-02-22 21:15:00,0.0
2026-02-22 21:30:00,0.0
2026-02-22 21:45:00,0.0
2026-02-22 22:00:00,0.0
2026-02-22 22:15:00,0.0
2026-02-22 22:30:00,0.0
2026-02-22 22:45:00,0.0
2026-02-22 23:00:00,0.0
2026-02-22 23:15:00,0.0
2026-02-22 23:30:00,0.0
2026-02-22 23:45:00,0.0
2026-02-23 00:00:00,0.0
2026-02-23 00:15:00,0.0
2026-02-23 00:30:00,0.0
2026-02-23 00:45:00,0.0
2026-02-23 01:00:00,0.0
2026-02-23 01:15:00,0.0
2026-02-23 01:30:00,0.0
2026-02-23 01:45:00,0.0
2026-02-23 02:00:00,0.0
2026-02-23 02:15:00,0.0
2026-02-23 02:30:00,0.0
2026-02-23 02:45:00,0.0
2026-02-23 03:00:00,0.0
2026-02-23 03:15:00,0.0
2026-02-23 03:30:00,0.0
2026-02-23 03:45:00,0.0
2026-02-23 04:00:00,0.0
2026-02-23 04:15:00,0.0
2026-02-23 04:30:00,0.0
2026-02-23 04:45:00,0.0
2026-02-23 05:00:00,0.0
2026-02-23 05:15:00,0.0
2026-02-23 05:30:00,0.0
2026-02-23 05:45:00,0.0
2026-02-23 06:00:00,0.0
2026-02-23 06:15:00,0.0
2026-02-23 06:30:00,0.0
2026-02-23 06:45:00,1.067
2026-02-23 07:00:00,10.603
2026-02-23 07:15:00,23.764
2026-02-23 07:30:00,38.772
2026-02-23 07:45:00,53.889
2026-02-23 08:00:00,69.939
2026-02-23 08:15:00,93.982
2026-02-23 08:30:00,113.002
2026-02-23 08:45:00,133.102
2026-02-23 09:00:00,147.385
2026-02-23 09:15:00,214.117
2026-02-23 09:30:00,221.193
2026-02-23 09:45:00,242.513
2026-02-23 10:00:00,264.751
2026-02-23 10:15:00,249.913
2026-02-23 10:30:00,291.878
2026-02-23 10:45:00,301.909
2026-02-23 11:00:00,277.275
2026-02-23 11:15:00,273.049
2026-02-23 11:30:00,307.834
2026-02-23 11:45:00,329.162
2026-02-23 12:00:00,340.174
2026-02-23 12:15:00,306.647
2026-02-23 12:30:00,294.528
2026-02-23 12:45:00,300.845
2026-02-23 13:00:00,293.244
2026-02-23 13:15:00,286.099
2026-02-23 13:30:00,304.319
2026-02-23 13:45:00,272.448
2026-02-23 14:00:00,273.048
2026-02-23 14:15:00,234.206
2026-02-23 14:30:00,241.887
2026-02-23 14:45:00,223.418
2026-02-23 15:00:00,220.468
2026-02-23 15:15:00,189.475
2026-02-23 15:30:00,167.412
2026-02-23 15:45:00,140.839
2026-02-23 16:00:00,137.442
2026-02-23 16:15:00,139.46
2026-02-23 16:30:00,141.835
2026-02-23 16:45:00,118.376
2026-02-23 17:00:00,88.301
2026-02-23 17:15:00,70.409
2026-02-23 17:30:00,50.572
2026-02-23 17:45:00,27.347
2026-02-23 18:00:00,13.765
2026-02-23 18:15:00,1.715
2026-02-23 18:30:00,0.068
2026-02-23 18:45:00,0.027
2026-02-23 19:00:00,0.0
2026-02-23 19:15:00,0.0
2026-02-23 19:30:00,0.0
2026-02-23 19:45:00,0.0
2026-02-23 20:00:00,0.0
2026-02-23 20:15:00,0.0
2026-02-23 20:30:00,0.0
2026-02-23 20:45:00,0.0
2026-02-23 21:00:00,0.0
2026-02-23 21:15:00,0.0
2026-02-23 21:30:00,0.0
2026-02-23 21:45:00,0.0
2026-02-23 22:00:00,0.0
2026-02-23 22:15:00,0.0
2026-02-23 22:30:00,0.0
2026-02-23 22:45:00,0.0
2026-02-23 23:00:00,0.0
2026-02-23 23:15:00,0.0
2026-02-23 23:30:00,0.0
2026-02-23 23:45:00,0.0
2026-02-24 00:00:00,0.0
2026-02-24 00:15:00,0.0
2026-02-24 00:30:00,0.0
2026-02-24 00:45:00,0.0
2026-02-24 01:00:00,0.0
2026-02-24 01:15:00,0.0
2026-02-24 01:30:00,0.0
2026-02-24 01:45:00,0.0
2026-02-24 02:00:00,0.0
2026-02-24 02:15:00,0.0
2026-02-24 02:30:00,0.0
2026-02-24 02:45:00,0.0
2026-02-24 03:00:00,0.0
2026-02-24 03:15:00,0.0
2026-02-24 03:30:00,0.0
2026-02-24 03:45:00,0.0
2026-02-24 04:00:00,0.0
2026-02-24 04:15:00,0.0
2026-02-24 04:30:00,0.0
2026-02-24 04:45:00,0.0
2026-02-24 05:00:00,0.0
2026-02-24 05:15:00,0.0
2026-02-24 05:30:00,0.0
2026-02-24 05:45:00,0.0
2026-02-24 06:00:00,0.0
2026-02-24 06:15:00,0.0
2026-02-24 06:30:00,0.0
2026-02-24 06:45:00,1.457
2026-02-24 07:00:00,7.096
2026-02-24 07:15:00,14.605
2026-02-24 07:30:00,22.701
2026-02-24 07:45:00,34.232
2026-02-24 08:00:00,48.843
2026-02-24 08:15:00,64.919
2026-02-24 08:30:00,84.412
2026-02-24 08:45:00,105.37
2026-02-24 09:00:00,136.945
2026-02-24 09:15:00,166.57
2026-02-24 09:30:00,195.567
2026-02-24 09:45:00,227.864
2026-02-24 10:00:00,254.29
2026-02-24 10:15:00,293.976
2026-02-24 10:30:00,329.876
2026-02-24 10:45:00,352.752
2026-02-24 11:00:00,383.385
2026-02-24 11:15:00,401.13
2026-02-24 11:30:00,452.628
2026-02-24 11:45:00,441.9
2026-02-24 12:00:00,506.432
2026-02-24 12:15:00,538.754
2026-02-24 12:30:00,539.209
2026-02-24 12:45:00,544.022
2026-02-24 13:00:00,534.767
2026-02-24 13:15:00,519.432
2026-02-24 13:30:00,557.512
2026-02-24 13:45:00,549.583
2026-02-24 14:00:00,526.746
2026-02-24 14:15:00,485.809
2026-02-24 14:30:00,417.393
2026-02-24 14:45:00,353.981
2026-02-24 15:00:00,297.205
2026-02-24 15:15:00,318.291
2026-02-24 15:30:00,320.956
2026-02-24 15:45:00,312.989
2026-02-24 16:00:00,271.734
2026-02-24 16:15:00,230.299
2026-02-24 16:30:00,197.563
2026-02-24 16:45:00,164.492
2026-02-24 17:00:00,134.642
2026-02-24 17:15:00,94.756
2026-02-24 17:30:00,64.252
2026-02-24 17:45:00,38.159
2026-02-24 18:00:00,16.422
2026-02-24 18:15:00,2.595
2026-02-24 18:30:00,0.21
2026-02-24 18:45:00,0.065
2026-02-24 19:00:00,0.0
2026-02-24 19:15:00,0.0
2026-02-24 19:30:00,0.0
2026-02-24 19:45:00,0.0
2026-02-24 20:00:00,0.0
2026-02-24 20:15:00,0.0
2026-02-24 20:30:00,0.0
2026-02-24 20:45:00,0.0
2026-02-24 21:00:00,0.0
2026-02-24 21:15:00,0.0
2026-02-24 21:30:00,0.0
2026-02-24 21:45:00,0.0
2026-02-24 22:00:00,0.0
2026-02-24 22:15:00,0.0
2026-02-24 22:30:00,0.0
2026-02-24 22:45:00,0.0
2026-02-24 23:00:00,0.0
2026-02-24 23:15:00,0.0
2026-02-24 23:30:00,0.0
2026-02-24 23:45:00,0.0
2026-02-25 00:00:00,0.0
2026-02-25 00:15:00,0.0
2026-02-25 00:30:00,0.0
2026-02-25 00:45:00,0.0
2026-02-25 01:00:00,0.0
2026-02-25 01:15:00,0.0
2026-02-25 01:30:00,0.0
2026-02-25 01:45:00,0.0
2026-02-25 02:00:00,0.0
2026-02-25 02:15:00,0.0
2026-02-25 02:30:00,0.0
2026-02-25 02:45:00,0.0
2026-02-25 03:00:00,0.0
2026-02-25 03:15:00,0.0
2026-02-25 03:30:00,0.0
2026-02-25 03:45:00,0.0
2026-02-25 04:00:00,0.0
2026-02-25 04:15:00,0.0
2026-02-25 04:30:00,0.0
2026-02-25 04:45:00,0.0
2026-02-25 05:00:00,0.0
2026-02-25 05:15:00,0.0
2026-02-25 05:30:00,0.0
2026-02-25 05:45:00,0.0
2026-02-25 06:00:00,0.0
2026-02-25 06:15:00,0.0
2026-02-25 06:30:00,0.0
2026-02-25 06:45:00,0.958
2026-02-25 07:00:00,10.971
2026-02-25 07:15:00,27.562
2026-02-25 07:30:00,49.45
2026-02-25 07:45:00,76.876
2026-02-25 08:00:00,106.428
2026-02-25 08:15:00,150.932
2026-02-25 08:30:00,192.492
2026-02-25 08:45:00,236.351
2026-02-25 09:00:00,276.979
2026-02-25 09:15:00,319.952
2026-02-25 09:30:00,352.159
2026-02-25 09:45:00,396.328
2026-02-25 10:00:00,408.17
2026-02-25 10:15:00,474.892
2026-02-25 10:30:00,490.879
2026-02-25 10:45:00,532.045
2026-02-25 11:00:00,537.697
2026-02-25 11:15:00,558.38
2026-02-25 11:30:00,527.781
2026-02-25 11:45:00,540.262
2026-02-25 12:00:00,554.193
2026-02-25 12:15:00,535.417
2026-02-25 12:30:00,514.664
2026-02-25 12:45:00,504.464
2026-02-25 13:00:00,460.166
2026-02-25 13:15:00,400.049
2026-02-25 13:30:00,443.663
2026-02-25 13:45:00,386.081
2026-02-25 14:00:00,390.12
2026-02-25 14:15:00,357.811
2026-02-25 14:30:00,304.922
2026-02-25 14:45:00,276.737
2026-02-25 15:00:00,253.731
2026-02-25 15:15:00,241.773
2026-02-25 15:30:00,191.655
2026-02-25 15:45:00,166.402
2026-02-25 16:00:00,157.246
2026-02-25 16:15:00,144.399
2026-02-25 16:30:00,121.016
2026-02-25 16:45:00,96.393
2026-02-25 17:00:00,67.778
2026-02-25 17:15:00,46.686
2026-02-25 17:30:00,34.646
2026-02-25 17:45:00,19.815
2026-02-25 18:00:00,9.347
2026-02-25 18:15:00,1.117
2026-02-25 18:30:00,0.175
2026-02-25 18:45:00,0.1
2026-02-25 19:00:00,0.002
2026-02-25 19:15:00,0.0
2026-02-25 19:30:00,0.0
2026-02-25 19:45:00,0.0
2026-02-25 20:00:00,0.0
2026-02-25 20:15:00,0.0
2026-02-25 20:30:00,0.0
2026-02-25 20:45:00,0.0
2026-02-25 21:00:00,0.0
2026-02-25 21:15:00,0.0
2026-02-25 21:30:00,0.0
2026-02-25 21:45:00,0.0
2026-02-25 22:00:00,0.0
2026-02-25 22:15:00,0.0
2026-02-25 22:30:00,0.0
2026-02-25 22:45:00,0.0
2026-02-25 23:00:00,0.0
2026-02-25 23:15:00,0.0
2026-02-25 23:30:00,0.0
2026-02-25 23:45:00,0.0
2026-02-26 00:00:00,0.0
2026-02-26 00:15:00,0.0
2026-02-26 00:30:00,0.0
2026-02-26 00:45:00,0.0
2026-02-26 01:00:00,0.0
2026-02-26 01:15:00,0.0
2026-02-26 01:30:00,0.0
2026-02-26 01:45:00,0.0
2026-02-26 02:00:00,0.0
2026-02-26 02:15:00,0.0
2026-02-26 02:30:00,0.0
2026-02-26 02:45:00,0.0
2026-02-26 03:00:00,0.0
2026-02-26 03:15:00,0.0
2026-02-26 03:30:00,0.0
2026-02-26 03:45:00,0.0
2026-02-26 04:00:00,0.0
2026-02-26 04:15:00,0.0
2026-02-26 04:30:00,0.0
2026-02-26 04:45:00,0.0
2026-02-26 05:00:00,0.0
2026-02-26 05:15:00,0.0
2026-02-26 05:30:00,0.0
2026-02-26 05:45:00,0.0
2026-02-26 06:00:00,0.0
2026-02-26 06:15:00,0.0
2026-02-26 06:30:00,0.0
2026-02-26 06:45:00,1.06
2026-02-26 07:00:00,5.818
2026-02-26 07:15:00,10.675
2026-02-26 07:30:00,15.788
2026-02-26 07:45:00,21.7
2026-02-26 08:00:00,28.797
2026-02-26 08:15:00,37.56
2026-02-26 08:30:00,45.894
2026-02-26 08:45:00,54.632
2026-02-26 09:00:00,65.568
2026-02-26 09:15:00,78.49
2026-02-26 09:30:00,89.578
2026-02-26 09:45:00,100.145
2026-02-26 10:00:00,110.006
2026-02-26 10:15:00,117.986
2026-02-26 10:30:00,122.807
2026-02-26 10:45:00,132.151
2026-02-26 11:00:00,146.4
2026-02-26 11:15:00,158.72
2026-02-26 11:30:00,150.447
2026-02-26 11:45:00,154.54
2026-02-26 12:00:00,173.991
2026-02-26 12:15:00,178.07
2026-02-26 12:30:00,182.891
2026-02-26 12:45:00,193.215
2026-02-26 13:00:00,183.463
2026-02-26 13:15:00,168.503
2026-02-26 13:30:00,174.502
2026-02-26 13:45:00,190.464
2026-02-26 14:00:00,178.743
2026-02-26 14:15:00,169.614
2026-02-26 14:30:00,163.505
2026-02-26 14:45:00,151.742
2026-02-26 15:00:00,137.535
2026-02-26 15:15:00,115.56
2026-02-26 15:30:00,100.57
2026-02-26 15:45:00,93.709
2026-02-26 16:00:00,89.474
2026-02-26 16:15:00,80.828
2026-02-26 16:30:00,65.4
2026-02-26 16:45:00,48.547
2026-02-26 17:00:00,34.983
2026-02-26 17:15:00,25.101
2026-02-26 17:30:00,16.32
2026-02-26 17:45:00,12.39
2026-02-26 18:00:00,7.459
2026-02-26 18:15:00,1.85
2026-02-26 18:30:00,0.243
2026-02-26 18:45:00,0.047
2026-02-26 19:00:00,0.0
2026-02-26 19:15:00,0.0
2026-02-26 19:30:00,0.0
2026-02-26 19:45:00,0.0
2026-02-26 20:00:00,0.0
2026-02-26 20:15:00,0.0
2026-02-26 20:30:00,0.0
2026-02-26 20:45:00,0.0
2026-02-26 21:00:00,0.0
2026-02-26 21:15:00,0.0
2026-02-26 21:30:00,0.0
2026-02-26 21:45:00,0.0
2026-02-26 22:00:00,0.0
2026-02-26 22:15:00,0.0
2026-02-26 22:30:00,0.0
2026-02-26 22:45:00,0.0
2026-02-26 23:00:00,0.0
2026-02-26 23:15:00,0.0
2026-02-26 23:30:00,0.0
2026-02-26 23:45:00,0.0
2026-02-27 00:00:00,0.0
2026-02-27 00:15:00,0.0
2026-02-27 00:30:00,0.0
2026-02-27 00:45:00,0.0
2026-02-27 01:00:00,0.0
2026-02-27 01:15:00,0.0
2026-02-27 01:30:00,0.0
2026-02-27 01:45:00,0.0
2026-02-27 02:00:00,0.0
2026-02-27 02:15:00,0.0
2026-02-27 02:30:00,0.0
2026-02-27 02:45:00,0.0
2026-02-27 03:00:00,0.0
2026-02-27 03:15:00,0.0
2026-02-27 03:30:00,0.0
2026-02-27 03:45:00,0.0
2026-02-27 04:00:00,0.0
2026-02-27 04:15:00,0.0
2026-02-27 04:30:00,0.0
2026-02-27 04:45:00,0.0
2026-02-27 05:00:00,0.0
2026-02-27 05:15:00,0.0
2026-02-27 05:30:00,0.0
2026-02-27 05:45:00,0.0
2026-02-27 06:00:00,0.0
2026-02-27 06:15:00,0.0
2026-02-27 06:30:00,0.002
2026-02-27 06:45:00,1.7
2026-02-27 07:00:00,8.749
2026-02-27 07:15:00,20.035
2026-02-27 07:30:00,33.944
2026-02-27 07:45:00,50.302
2026-02-27 08:00:00,67.791
2026-02-27 08:15:00,85.08
2026-02-27 08:30:00,109.968
2026-02-27 08:45:00,132.17
2026-02-27 09:00:00,154.91
2026-02-27 09:15:00,175.084
2026-02-27 09:30:00,191.873
2026-02-27 09:45:00,211.12
2026-02-27 10:00:00,230.252
2026-02-27 10:15:00,241.956
2026-02-27 10:30:00,267.088
2026-02-27 10:45:00,268.887
2026-02-27 11:00:00,276.676
2026-02-27 11:15:00,281.345
2026-02-27 11:30:00,295.747
2026-02-27 11:45:00,306.42
2026-02-27 12:00:00,308.681
2026-02-27 12:15:00,323.479
2026-02-27 12:30:00,318.591
2026-02-27 12:45:00,317.205
2026-02-27 13:00:00,299.806
2026-02-27 13:15:00,305.961
2026-02-27 13:30:00,301.526
2026-02-27 13:45:00,281.516
2026-02-27 14:00:00,276.204
2026-02-27 14:15:00,254.338
2026-02-27 14:30:00,239.587
2026-02-27 14:45:00,219.162
2026-02-27 15:00:00,205.204
2026-02-27 15:15:00,176.181
2026-02-27 15:30:00,159.341
2026-02-27 15:45:00,140.849
2026-02-27 16:00:00,123.066
2026-02-27 16:15:00,107.041
2026-02-27 16:30:00,85.516
2026-02-27 16:45:00,69.188
2026-02-27 17:00:00,53.898
2026-02-27 17:15:00,41.446
2026-02-27 17:30:00,25.856
2026-02-27 17:45:00,16.227
2026-02-27 18:00:00,8.658
2026-02-27 18:15:00,1.497
2026-02-27 18:30:00,0.23
2026-02-27 18:45:00,0.083
2026-02-27 19:00:00,0.013
2026-02-27 19:15:00,0.0
2026-02-27 19:30:00,0.0
2026-02-27 19:45:00,0.0
2026-02-27 20:00:00,0.0
2026-02-27 20:15:00,0.0
2026-02-27 20:30:00,0.0
2026-02-27 20:45:00,0.0
2026-02-27 21:00:00,0.0
2026-02-27 21:15:00,0.0
2026-02-27 21:30:00,0.0
2026-02-27 21:45:00,0.0
2026-02-27 22:00:00,0.0
2026-02-27 22:15:00,0.0
2026-02-27 22:30:00,0.0
2026-02-27 22:45:00,0.0
2026-02-27 23:00:00,0.0
2026-02-27 23:15:00,0.0
2026-02-27 23:30:00,0.0
2026-02-27 23:45:00,0.0
2026-02-28 00:00:00,0.0
2026-02-28 00:15:00,0.0
2026-02-28 00:30:00,0.0
2026-02-28 00:45:00,0.0
2026-02-28 01:00:00,0.0
2026-02-28 01:15:00,0.0
2026-02-28 01:30:00,0.0
2026-02-28 01:45:00,0.0
2026-02-28 02:00:00,0.0
2026-02-28 02:15:00,0.0
2026-02-28 02:30:00,0.0
2026-02-28 02:45:00,0.0
2026-02-28 03:00:00,0.0
2026-02-28 03:15:00,0.0
2026-02-28 03:30:00,0.0
2026-02-28 03:45:00,0.0
2026-02-28 04:00:00,0.0
2026-02-28 04:15:00,0.0
2026-02-28 04:30:00,0.0
2026-02-28 04:45:00,0.0
2026-02-28 05:00:00,0.0
2026-02-28 05:15:00,0.0
2026-02-28 05:30:00,0.0
2026-02-28 05:45:00,0.0
2026-02-28 06:00:00,0.0
2026-02-28 06:15:00,0.0
2026-02-28 06:30:00,0.002
2026-02-28 06:45:00,1.215
2026-02-28 07:00:00,5.056
2026-02-28 07:15:00,10.69
2026-02-28 07:30:00,18.608
2026-02-28 07:45:00,29.626
2026-02-28 08:00:00,40.642
2026-02-28 08:15:00,51.993
2026-02-28 08:30:00,68.153
2026-02-28 08:45:00,83.226
2026-02-28 09:00:00,102.023
2026-02-28 09:15:00,118.969
2026-02-28 09:30:00,134.969
2026-02-28 09:45:00,154.793
2026-02-28 10:00:00,179.097
2026-02-28 10:15:00,189.384
2026-02-28 10:30:00,201.159
2026-02-28 10:45:00,208.097
2026-02-28 11:00:00,207.158
2026-02-28 11:15:00,218.981
2026-02-28 11:30:00,224.441
2026-02-28 11:45:00,223.836
2026-02-28 12:00:00,231.013
2026-02-28 12:15:00,254.387
2026-02-28 12:30:00,243.051
2026-02-28 12:45:00,229.726
2026-02-28 13:00:00,229.648
2026-02-28 13:15:00,234.71
2026-02-28 13:30:00,230.744
2026-02-28 13:45:00,219.369
2026-02-28 14:00:00,207.05
2026-02-28 14:15:00,196.912
2026-02-28 14:30:00,179.117
2026-02-28 14:45:00,159.963
2026-02-28 15:00:00,150.22
2026-02-28 15:15:00,135.98
2026-02-28 15:30:00,123.889
2026-02-28 15:45:00,108.315
2026-02-28 16:00:00,97.96
2026-02-28 16:15:00,84.269
2026-02-28 16:30:00,71.605
2026-02-28 16:45:00,56.61
2026-02-28 17:00:00,45.808
2026-02-28 17:15:00,30.234
2026-02-28 17:30:00,21.278
2026-02-28 17:45:00,15.435
2026-02-28 18:00:00,9.387
2026-02-28 18:15:00,3.128
2026-02-28 18:30:00,0.287
2026-02-28 18:45:00,0.115
2026-02-28 19:00:00,0.058
2026-02-28 19:15:00,0.0
2026-02-28 19:30:00,0.0
2026-02-28 19:45:00,0.0
2026-02-28 20:00:00,0.0
2026-02-28 20:15:00,0.0
2026-02-28 20:30:00,0.0
2026-02-28 20:45:00,0.0
2026-02-28 21:00:00,0.0
2026-02-28 21:15:00,0.0
2026-02-28 21:30:00,0.0
2026-02-28 21:45:00,0.0
2026-02-28 22:00:00,0.0
2026-02-28 22:15:00,0.0
2026-02-28 22:30:00,0.0
2026-02-28 22:45:00,0.0
2026-02-28 23:00:00,0.0
2026-02-28 23:15:00,0.0
2026-02-28 23:30:00,0.0
2026-02-28 23:45:00,0.0
2026-03-01 00:00:00,0.0
2026-03-01 00:15:00,0.0
2026-03-01 00:30:00,0.0
2026-03-01 00:45:00,0.0
2026-03-01 01:00:00,0.0
2026-03-01 01:15:00,0.0
2026-03-01 01:30:00,0.0
2026-03-01 01:45:00,0.0
2026-03-01 02:00:00,0.0
2026-03-01 02:15:00,0.0
2026-03-01 02:30:00,0.0
2026-03-01 02:45:00,0.0
2026-03-01 03:00:00,0.0
2026-03-01 03:15:00,0.0
2026-03-01 03:30:00,0.0
2026-03-01 03:45:00,0.0
2026-03-01 04:00:00,0.0
2026-03-01 04:15:00,0.0
2026-03-01 04:30:00,0.0
2026-03-01 04:45:00,0.0
2026-03-01 05:00:00,0.0
2026-03-01 05:15:00,0.0
2026-03-01 05:30:00,0.0
2026-03-01 05:45:00,0.0
2026-03-01 06:00:00,0.0
2026-03-01 06:15:00,0.0
2026-03-01 06:30:00,0.0
2026-03-01 06:45:00,2.287
2026-03-01 07:00:00,6.683
2026-03-01 07:15:00,10.4
2026-03-01 07:30:00,15.5
2026-03-01 07:45:00,23.077
2026-03-01 08:00:00,31.653
2026-03-01 08:15:00,41.385
2026-03-01 08:30:00,49.245
2026-03-01 08:45:00,62.103
2026-03-01 09:00:00,72.619
2026-03-01 09:15:00,80.784
2026-03-01 09:30:00,95.705
2026-03-01 09:45:00,101.364
2026-03-01 10:00:00,115.969
2026-03-01 10:15:00,128.995
2026-03-01 10:30:00,148.369
2026-03-01 10:45:00,160.305
2026-03-01 11:00:00,171.203
2026-03-01 11:15:00,181.907
2026-03-01 11:30:00,189.016
2026-03-01 11:45:00,197.235
2026-03-01 12:00:00,204.796
2026-03-01 12:15:00,209.768
2026-03-01 12:30:00,209.913
2026-03-01 12:45:00,225.281
2026-03-01 13:00:00,226.133
2026-03-01 13:15:00,226.557
2026-03-01 13:30:00,225.426
2026-03-01 13:45:00,224.788
2026-03-01 14:00:00,220.639
2026-03-01 14:15:00,201.335
2026-03-01 14:30:00,191.657
2026-03-01 14:45:00,177.633
2026-03-01 15:00:00,164.557
2026-03-01 15:15:00,148.779
2026-03-01 15:30:00,137.091
2026-03-01 15:45:00,124.788
2026-03-01 16:00:00,111.998
2026-03-01 16:15:00,97.985
2026-03-01 16:30:00,79.899
2026-03-01 16:45:00,62.418
2026-03-01 17:00:00,51.122
2026-03-01 17:15:00,38.648
2026-03-01 17:30:00,30.093
2026-03-01 17:45:00,17.332
2026-03-01 18:00:00,10.212
2026-03-01 18:15:00,2.318
2026-03-01 18:30:00,0.298
2026-03-01 18:45:00,0.147
2026-03-01 19:00:00,0.02
2026-03-01 19:15:00,0.002
2026-03-01 19:30:00,0.0
2026-03-01 19:45:00,0.0
2026-03-01 20:00:00,0.0
2026-03-01 20:15:00,0.0
2026-03-01 20:30:00,0.0
2026-03-01 20:45:00,0.0
2026-03-01 21:00:00,0.0
2026-03-01 21:15:00,0.0
2026-03-01 21:30:00,0.0
2026-03-01 21:45:00,0.0
2026-03-01 22:00:00,0.0
2026-03-01 22:15:00,0.0
2026-03-01 22:30:00,0.0
2026-03-01 22:45:00,0.0
2026-03-01 23:00:00,0.0
2026-03-01 23:15:00,0.0
2026-03-01 23:30:00,0.0
2026-03-01 23:45:00,0.0
2026-03-02 00:00:00,0.0
2026-03-02 00:15:00,0.0
2026-03-02 00:30:00,0.0
2026-03-02 00:45:00,0.0
2026-03-02 01:00:00,0.0
2026-03-02 01:15:00,0.0
2026-03-02 01:30:00,0.0
2026-03-02 01:45:00,0.0
2026-03-02 02:00:00,0.0
2026-03-02 02:15:00,0.0
2026-03-02 02:30:00,0.0
2026-03-02 02:45:00,0.0
2026-03-02 03:00:00,0.0
2026-03-02 03:15:00,0.0
2026-03-02 03:30:00,0.0
2026-03-02 03:45:00,0.0
2026-03-02 04:00:00,0.0
2026-03-02 04:15:00,0.0
2026-03-02 04:30:00,0.0
2026-03-02 04:45:00,0.0
2026-03-02 05:00:00,0.0
2026-03-02 05:15:00,0.0
2026-03-02 05:30:00,0.0
2026-03-02 05:45:00,0.0
2026-03-02 06:00:00,0.0
2026-03-02 06:15:00,0.0
2026-03-02 06:30:00,0.005
2026-03-02 06:45:00,3.655
2026-03-02 07:00:00,8.492
2026-03-02 07:15:00,17.841
2026-03-02 07:30:00,26.196
2026-03-02 07:45:00,40.647
2026-03-02 08:00:00,54.516
2026-03-02 08:15:00,71.221
2026-03-02 08:30:00,102.633
2026-03-02 08:45:00,120.078
2026-03-02 09:00:00,135.504
2026-03-02 09:15:00,154.168
2026-03-02 09:30:00,176.867
2026-03-02 09:45:00,209.441
2026-03-02 10:00:00,208.375
2026-03-02 10:15:00,224.267
2026-03-02 10:30:00,252.831
2026-03-02 10:45:00,252.925
2026-03-02 11:00:00,261.728
2026-03-02 11:15:00,270.412
2026-03-02 11:30:00,259.257
2026-03-02 11:45:00,299.181
2026-03-02 12:00:00,301.711
2026-03-02 12:15:00,322.851
2026-03-02 12:30:00,326.647
2026-03-02 12:45:00,339.081
2026-03-02 13:00:00,319.056
2026-03-02 13:15:00,326.994
2026-03-02 13:30:00,307.413
2026-03-02 13:45:00,281.394
2026-03-02 14:00:00,259.955
2026-03-02 14:15:00,239.446
2026-03-02 14:30:00,255.599
2026-03-02 14:45:00,247.277
2026-03-02 15:00:00,248.304
2026-03-02 15:15:00,220.206
2026-03-02 15:30:00,196.906
2026-03-02 15:45:00,170.116
2026-03-02 16:00:00,145.393
2026-03-02 16:15:00,137.152
2026-03-02 16:30:00,105.618
2026-03-02 16:45:00,87.649
2026-03-02 17:00:00,67.134
2026-03-02 17:15:00,53.289
2026-03-02 17:30:00,38.35
2026-03-02 17:45:00,24.2
2026-03-02 18:00:00,14.07
2026-03-02 18:15:00,4.008
2026-03-02 18:30:00,0.282
2026-03-02 18:45:00,0.155
2026-03-02 19:00:00,0.063
2026-03-02 19:15:00,0.013
2026-03-02 19:30:00,0.0
2026-03-02 19:45:00,0.0
2026-03-02 20:00:00,0.0
2026-03-02 20:15:00,0.0
2026-03-02 20:30:00,0.0
2026-03-02 20:45:00,0.0
2026-03-02 21:00:00,0.0
2026-03-02 21:15:00,0.0
2026-03-02 21:30:00,0.0
2026-03-02 21:45:00,0.0
2026-03-02 22:00:00,0.0
2026-03-02 22:15:00,0.0
2026-03-02 22:30:00,0.0
2026-03-02 22:45:00,0.0
2026-03-02 23:00:00,0.0
2026-03-02 23:15:00,0.0
2026-03-02 23:30:00,0.0
2026-03-02 23:45:00,0.0
2026-03-03 00:00:00,0.0
2026-03-03 00:15:00,0.0
2026-03-03 00:30:00,0.0
2026-03-03 00:45:00,0.0
2026-03-03 01:00:00,0.0
2026-03-03 01:15:00,0.0
2026-03-03 01:30:00,0.0
2026-03-03 01:45:00,0.0
2026-03-03 02:00:00,0.0
2026-03-03 02:15:00,0.0
2026-03-03 02:30:00,0.0
2026-03-03 02:45:00,0.0
2026-03-03 03:00:00,0.0
2026-03-03 03:15:00,0.0
2026-03-03 03:30:00,0.0
2026-03-03 03:45:00,0.0
2026-03-03 04:00:00,0.0
2026-03-03 04:15:00,0.0
2026-03-03 04:30:00,0.0
2026-03-03 04:45:00,0.0
2026-03-03 05:00:00,0.0
2026-03-03 05:15:00,0.0
2026-03-03 05:30:00,0.0
2026-03-03 05:45:00,0.0
2026-03-03 06:00:00,0.0
2026-03-03 06:15:00,0.0
2026-03-03 06:30:00,0.005
2026-03-03 06:45:00,3.165
2026-03-03 07:00:00,8.381
2026-03-03 07:15:00,17.886
2026-03-03 07:30:00,28.403
2026-03-03 07:45:00,40.242
2026-03-03 08:00:00,55.19
2026-03-03 08:15:00,71.346
2026-03-03 08:30:00,91.177
2026-03-03 08:45:00,113.409
2026-03-03 09:00:00,131.3
2026-03-03 09:15:00,145.173
2026-03-03 09:30:00,162.707
2026-03-03 09:45:00,178.233
2026-03-03 10:00:00,195.216
2026-03-03 10:15:00,218.515
2026-03-03 10:30:00,244.533
2026-03-03 10:45:00,255.66
2026-03-03 11:00:00,257.286
2026-03-03 11:15:00,271.859
2026-03-03 11:30:00,277.055
2026-03-03 11:45:00,288.579
2026-03-03 12:00:00,305.112
2026-03-03 12:15:00,311.685
2026-03-03 12:30:00,324.224
2026-03-03 12:45:00,318.252
2026-03-03 13:00:00,310.516
2026-03-03 13:15:00,305.325
2026-03-03 13:30:00,300.231
2026-03-03 13:45:00,291.41
2026-03-03 14:00:00,278.34
2026-03-03 14:15:00,271.634
2026-03-03 14:30:00,275.275
2026-03-03 14:45:00,256.182
2026-03-03 15:00:00,241.57
2026-03-03 15:15:00,238.813
2026-03-03 15:30:00,233.839
2026-03-03 15:45:00,206.529
2026-03-03 16:00:00,184.189
2026-03-03 16:15:00,168.787
2026-03-03 16:30:00,156.013
2026-03-03 16:45:00,124.058
2026-03-03 17:00:00,93.935
2026-03-03 17:15:00,81.554
2026-03-03 17:30:00,57.298
2026-03-03 17:45:00,44.069
2026-03-03 18:00:00,24.446
2026-03-03 18:15:00,8.04
2026-03-03 18:30:00,1.325
2026-03-03 18:45:00,1.0
2026-03-03 19:00:00,0.502
2026-03-03 19:15:00,0.168
2026-03-03 19:30:00,0.0
2026-03-03 19:45:00,0.0
2026-03-03 20:00:00,0.0
2026-03-03 20:15:00,0.0
2026-03-03 20:30:00,0.0
2026-03-03 20:45:00,0.0
2026-03-03 21:00:00,0.0
2026-03-03 21:15:00,0.0
2026-03-03 21:30:00,0.0
2026-03-03 21:45:00,0.0
2026-03-03 22:00:00,0.0
2026-03-03 22:15:00,0.0
2026-03-03 22:30:00,0.0
2026-03-03 22:45:00,0.0
2026-03-03 23:00:00,0.0
2026-03-03 23:15:00,0.0
2026-03-03 23:30:00,0.0
2026-03-03 23:45:00,0.0
2026-03-04 00:00:00,0.0
2026-03-04 00:15:00,0.0
2026-03-04 00:30:00,0.0
2026-03-04 00:45:00,0.0
2026-03-04 01:00:00,0.0
2026-03-04 01:15:00,0.0
2026-03-04 01:30:00,0.0
2026-03-04 01:45:00,0.0
2026-03-04 02:00:00,0.0
2026-03-04 02:15:00,0.0
2026-03-04 02:30:00,0.0
2026-03-04 02:45:00,0.0
2026-03-04 03:00:00,0.0
2026-03-04 03:15:00,0.0
2026-03-04 03:30:00,0.0
2026-03-04 03:45:00,0.0
2026-03-04 04:00:00,0.0
2026-03-04 04:15:00,0.0
2026-03-04 04:30:00,0.0
2026-03-04 04:45:00,0.0
2026-03-04 05:00:00,0.0
2026-03-04 05:15:00,0.0
2026-03-04 05:30:00,0.0
2026-03-04 05:45:00,0.0
2026-03-04 06:00:00,0.0
2026-03-04 06:15:00,0.0
2026-03-04 06:30:00,0.17
2026-03-04 06:45:00,5.616
2026-03-04 07:00:00,21.001
2026-03-04 07:15:00,43.909
2026-03-04 07:30:00,71.327
2026-03-04 07:45:00,106.855
2026-03-04 08:00:00,148.881
2026-03-04 08:15:00,204.608
2026-03-04 08:30:00,249.922
2026-03-04 08:45:00,283.413
2026-03-04 09:00:00,341.158
2026-03-04 09:15:00,398.258
2026-03-04 09:30:00,445.661
2026-03-04 09:45:00,459.285
2026-03-04 10:00:00,509.334
2026-03-04 10:15:00,504.274
2026-03-04 10:30:00,716.846
2026-03-04 10:45:00,738.267
2026-03-04 11:00:00,744.474
2026-03-04 11:15:00,753.142
2026-03-04 11:30:00,765.857
2026-03-04 11:45:00,820.838
2026-03-04 12:00:00,814.892
2026-03-04 12:15:00,814.689
2026-03-04 12:30:00,794.599
2026-03-04 12:45:00,730.232
2026-03-04 13:00:00,722.823
2026-03-04 13:15:00,747.9
2026-03-04 13:30:00,734.521
2026-03-04 13:45:00,739.068
2026-03-04 14:00:00,737.693
2026-03-04 14:15:00,707.797
2026-03-04 14:30:00,594.838
2026-03-04 14:45:00,464.793
2026-03-04 15:00:00,521.804
2026-03-04 15:15:00,458.527
2026-03-04 15:30:00,547.435
2026-03-04 15:45:00,465.071
2026-03-04 16:00:00,442.121
2026-03-04 16:15:00,403.558
2026-03-04 16:30:00,355.921
2026-03-04 16:45:00,309.923
2026-03-04 17:00:00,246.896
2026-03-04 17:15:00,205.969
2026-03-04 17:30:00,148.676
2026-03-04 17:45:00,111.03
2026-03-04 18:00:00,65.446
2026-03-04 18:15:00,27.33
2026-03-04 18:30:00,3.629
2026-03-04 18:45:00,0.463
2026-03-04 19:00:00,0.207
2026-03-04 19:15:00,0.105
2026-03-04 19:30:00,0.0
2026-03-04 19:45:00,0.0
2026-03-04 20:00:00,0.0
2026-03-04 20:15:00,0.0
2026-03-04 20:30:00,0.0
2026-03-04 20:45:00,0.0
2026-03-04 21:00:00,0.0
2026-03-04 21:15:00,0.0
2026-03-04 21:30:00,0.0
2026-03-04 21:45:00,0.0
2026-03-04 22:00:00,0.0
2026-03-04 22:15:00,0.0
2026-03-04 22:30:00,0.0
2026-03-04 22:45:00,0.0
2026-03-04 23:00:00,0.0
2026-03-04 23:15:00,0.0
2026-03-04 23:30:00,0.0
2026-03-04 23:45:00,0.0
2026-03-05 00:00:00,0.0
2026-03-05 00:15:00,0.0
2026-03-05 00:30:00,0.0
2026-03-05 00:45:00,0.0
2026-03-05 01:00:00,0.0
2026-03-05 01:15:00,0.0
2026-03-05 01:30:00,0.0
2026-03-05 01:45:00,0.0
2026-03-05 02:00:00,0.0
2026-03-05 02:15:00,0.0
2026-03-05 02:30:00,0.0
2026-03-05 02:45:00,0.0
2026-03-05 03:00:00,0.0
2026-03-05 03:15:00,0.0
2026-03-05 03:30:00,0.0
2026-03-05 03:45:00,0.0
2026-03-05 04:00:00,0.0
2026-03-05 04:15:00,0.0
2026-03-05 04:30:00,0.0
2026-03-05 04:45:00,0.0
2026-03-05 05:00:00,0.0
2026-03-05 05:15:00,0.0
2026-03-05 05:30:00,0.0
2026-03-05 05:45:00,0.0
2026-03-05 06:00:00,0.0
2026-03-05 06:15:00,0.0
2026-03-05 06:30:00,0.172
2026-03-05 06:45:00,8.578
2026-03-05 07:00:00,32.167
2026-03-05 07:15:00,61.228
2026-03-05 07:30:00,93.939
2026-03-05 07:45:00,135.275
2026-03-05 08:00:00,156.921
2026-03-05 08:15:00,228.328
2026-03-05 08:30:00,298.803
2026-03-05 08:45:00,340.036
2026-03-05 09:00:00,414.427
2026-03-05 09:15:00,463.862
2026-03-05 09:30:00,493.302
2026-03-05 09:45:00,571.161
2026-03-05 10:00:00,543.355
2026-03-05 10:15:00,440.328
2026-03-05 10:30:00,673.281
2026-03-05 10:45:00,687.817
2026-03-05 11:00:00,705.447
2026-03-05 11:15:00,678.864
2026-03-05 11:30:00,684.206
2026-03-05 11:45:00,676.84
2026-03-05 12:00:00,695.249
2026-03-05 12:15:00,695.516
2026-03-05 12:30:00,696.058
2026-03-05 12:45:00,664.782
2026-03-05 13:00:00,671.656
2026-03-05 13:15:00,689.723
2026-03-05 13:30:00,687.811
2026-03-05 13:45:00,637.684
2026-03-05 14:00:00,628.183
2026-03-05 14:15:00,646.03
2026-03-05 14:30:00,596.966
2026-03-05 14:45:00,553.905
2026-03-05 15:00:00,531.74
2026-03-05 15:15:00,485.102
2026-03-05 15:30:00,411.414
2026-03-05 15:45:00,349.825
2026-03-05 16:00:00,299.632
2026-03-05 16:15:00,249.832
2026-03-05 16:30:00,218.143
2026-03-05 16:45:00,188.364
2026-03-05 17:00:00,160.16
2026-03-05 17:15:00,113.029
2026-03-05 17:30:00,84.596
2026-03-05 17:45:00,69.809
2026-03-05 18:00:00,40.835
2026-03-05 18:15:00,16.938
2026-03-05 18:30:00,0.772
2026-03-05 18:45:00,0.35
2026-03-05 19:00:00,0.127
2026-03-05 19:15:00,0.075
2026-03-05 19:30:00,0.0
2026-03-05 19:45:00,0.0
2026-03-05 20:00:00,0.0
2026-03-05 20:15:00,0.0
2026-03-05 20:30:00,0.0
2026-03-05 20:45:00,0.0
2026-03-05 21:00:00,0.0
2026-03-05 21:15:00,0.0
2026-03-05 21:30:00,0.0
2026-03-05 21:45:00,0.0
2026-03-05 22:00:00,0.0
2026-03-05 22:15:00,0.0
2026-03-05 22:30:00,0.0
2026-03-05 22:45:00,0.0
2026-03-05 23:00:00,0.0
2026-03-05 23:15:00,0.0
2026-03-05 23:30:00,0.0
2026-03-05 23:45:00,0.0
2026-03-06 00:00:00,0.0
2026-03-06 00:15:00,0.0
2026-03-06 00:30:00,0.0
2026-03-06 00:45:00,0.0
2026-03-06 01:00:00,0.0
2026-03-06 01:15:00,0.0
2026-03-06 01:30:00,0.0
2026-03-06 01:45:00,0.0
2026-03-06 02:00:00,0.0
2026-03-06 02:15:00,0.0
2026-03-06 02:30:00,0.0
2026-03-06 02:45:00,0.0
2026-03-06 03:00:00,0.0
2026-03-06 03:15:00,0.0
2026-03-06 03:30:00,0.0
2026-03-06 03:45:00,0.0
2026-03-06 04:00:00,0.0
2026-03-06 04:15:00,0.0
2026-03-06 04:30:00,0.0
2026-03-06 04:45:00,0.0
2026-03-06 05:00:00,0.0
2026-03-06 05:15:00,0.0
2026-03-06 05:30:00,0.0
2026-03-06 05:45:00,0.0
2026-03-06 06:00:00,0.0
2026-03-06 06:15:00,0.0
2026-03-06 06:30:00,0.07
2026-03-06 06:45:00,8.785
2026-03-06 07:00:00,26.412
2026-03-06 07:15:00,58.154
2026-03-06 07:30:00,92.454
2026-03-06 07:45:00,132.31
2026-03-06 08:00:00,192.132
2026-03-06 08:15:00,248.435
2026-03-06 08:30:00,228.659
2026-03-06 08:45:00,253.815
2026-03-06 09:00:00,256.255
2026-03-06 09:15:00,323.987
2026-03-06 09:30:00,379.477
2026-03-06 09:45:00,331.595
2026-03-06 10:00:00,248.289
2026-03-06 10:15:00,219.441
2026-03-06 10:30:00,194.249
2026-03-06 10:45:00,302.215
2026-03-06 11:00:00,404.729
2026-03-06 11:15:00,413.655
2026-03-06 11:30:00,556.395
2026-03-06 11:45:00,605.27
2026-03-06 12:00:00,679.563
2026-03-06 12:15:00,695.018
2026-03-06 12:30:00,722.163
2026-03-06 12:45:00,710.894
2026-03-06 13:00:00,692.338
2026-03-06 13:15:00,688.244
2026-03-06 13:30:00,718.183
2026-03-06 13:45:00,701.288
2026-03-06 14:00:00,683.511
2026-03-06 14:15:00,593.689
2026-03-06 14:30:00,535.772
2026-03-06 14:45:00,507.036
2026-03-06 15:00:00,526.958
2026-03-06 15:15:00,421.511
2026-03-06 15:30:00,399.949
2026-03-06 15:45:00,385.341
2026-03-06 16:00:00,351.397
2026-03-06 16:15:00,281.57
2026-03-06 16:30:00,241.512
2026-03-06 16:45:00,217.163
2026-03-06 17:00:00,163.208
2026-03-06 17:15:00,123.103
2026-03-06 17:30:00,92.524
2026-03-06 17:45:00,72.475
2026-03-06 18:00:00,41.518
2026-03-06 18:15:00,15.535
2026-03-06 18:30:00,3.493
2026-03-06 18:45:00,0.548
2026-03-06 19:00:00,0.185
2026-03-06 19:15:00,0.068
2026-03-06 19:30:00,0.0
2026-03-06 19:45:00,0.0
2026-03-06 20:00:00,0.0
2026-03-06 20:15:00,0.0
2026-03-06 20:30:00,0.0
2026-03-06 20:45:00,0.0
2026-03-06 21:00:00,0.0
2026-03-06 21:15:00,0.0
2026-03-06 21:30:00,0.0
2026-03-06 21:45:00,0.0
2026-03-06 22:00:00,0.0
2026-03-06 22:15:00,0.0
2026-03-06 22:30:00,0.0
2026-03-06 22:45:00,0.0
2026-03-06 23:00:00,0.0
2026-03-06 23:15:00,0.0
2026-03-06 23:30:00,0.0
2026-03-06 23:45:00,0.0
2026-03-07 00:00:00,0.0
2026-03-07 00:15:00,0.0
2026-03-07 00:30:00,0.0
2026-03-07 00:45:00,0.0
2026-03-07 01:00:00,0.0
2026-03-07 01:15:00,0.0
2026-03-07 01:30:00,0.0
2026-03-07 01:45:00,0.0
2026-03-07 02:00:00,0.0
2026-03-07 02:15:00,0.0
2026-03-07 02:30:00,0.0
2026-03-07 02:45:00,0.0
2026-03-07 03:00:00,0.0
2026-03-07 03:15:00,0.0
2026-03-07 03:30:00,0.0
2026-03-07 03:45:00,0.0
2026-03-07 04:00:00,0.0
2026-03-07 04:15:00,0.0
2026-03-07 04:30:00,0.0
2026-03-07 04:45:00,0.0
2026-03-07 05:00:00,0.0
2026-03-07 05:15:00,0.0
2026-03-07 05:30:00,0.0
2026-03-07 05:45:00,0.0
2026-03-07 06:00:00,0.0
2026-03-07 06:15:00,0.0
2026-03-07 06:30:00,0.175
2026-03-07 06:45:00,13.011
2026-03-07 07:00:00,32.862
2026-03-07 07:15:00,66.234
2026-03-07 07:30:00,98.141
2026-03-07 07:45:00,138.806
2026-03-07 08:00:00,184.994
2026-03-07 08:15:00,234.955
2026-03-07 08:30:00,286.17
2026-03-07 08:45:00,319.307
2026-03-07 09:00:00,390.048
2026-03-07 09:15:00,450.461
2026-03-07 09:30:00,490.959
2026-03-07 09:45:00,536.248
2026-03-07 10:00:00,572.736
2026-03-07 10:15:00,486.97
2026-03-07 10:30:00,562.36
2026-03-07 10:45:00,626.219
2026-03-07 11:00:00,653.106
2026-03-07 11:15:00,623.444
2026-03-07 11:30:00,694.768
2026-03-07 11:45:00,728.893
2026-03-07 12:00:00,725.386
2026-03-07 12:15:00,729.557
2026-03-07 12:30:00,666.152
2026-03-07 12:45:00,639.72
2026-03-07 13:00:00,621.11
2026-03-07 13:15:00,601.154
2026-03-07 13:30:00,589.011
2026-03-07 13:45:00,549.12
2026-03-07 14:00:00,523.546
2026-03-07 14:15:00,474.177
2026-03-07 14:30:00,432.292
2026-03-07 14:45:00,384.032
2026-03-07 15:00:00,333.048
2026-03-07 15:15:00,308.403
2026-03-07 15:30:00,270.004
2026-03-07 15:45:00,237.805
2026-03-07 16:00:00,195.669
2026-03-07 16:15:00,165.08
2026-03-07 16:30:00,132.26
2026-03-07 16:45:00,113.436
2026-03-07 17:00:00,78.03
2026-03-07 17:15:00,58.452
2026-03-07 17:30:00,40.992
2026-03-07 17:45:00,25.377
2026-03-07 18:00:00,13.845
2026-03-07 18:15:00,6.58
2026-03-07 18:30:00,0.29
2026-03-07 18:45:00,0.07
2026-03-07 19:00:00,0.0
2026-03-07 19:15:00,0.002
2026-03-07 19:30:00,0.0
2026-03-07 19:45:00,0.0
2026-03-07 20:00:00,0.0
2026-03-07 20:15:00,0.0
2026-03-07 20:30:00,0.0
2026-03-07 20:45:00,0.0
2026-03-07 21:00:00,0.0
2026-03-07 21:15:00,0.0
2026-03-07 21:30:00,0.0
2026-03-07 21:45:00,0.0
2026-03-07 22:00:00,0.0
2026-03-07 22:15:00,0.0
2026-03-07 22:30:00,0.0
2026-03-07 22:45:00,0.0
2026-03-07 23:00:00,0.0
2026-03-07 23:15:00,0.0
2026-03-07 23:30:00,0.0
2026-03-07 23:45:00,0.0
2026-03-08 00:00:00,0.0
2026-03-08 00:15:00,0.0
2026-03-08 00:30:00,0.0
2026-03-08 00:45:00,0.0
2026-03-08 01:00:00,0.0
2026-03-08 01:15:00,0.0
2026-03-08 01:30:00,0.0
2026-03-08 01:45:00,0.0
2026-03-08 02:00:00,0.0
2026-03-08 02:15:00,0.0
2026-03-08 02:30:00,0.0
2026-03-08 02:45:00,0.0
2026-03-08 03:00:00,0.0
2026-03-08 03:15:00,0.0
2026-03-08 03:30:00,0.0
2026-03-08 03:45:00,0.0
2026-03-08 04:00:00,0.0
2026-03-08 04:15:00,0.0
2026-03-08 04:30:00,0.0
2026-03-08 04:45:00,0.0
2026-03-08 05:00:00,0.0
2026-03-08 05:15:00,0.0
2026-03-08 05:30:00,0.0
2026-03-08 05:45:00,0.0
2026-03-08 06:00:00,0.002
2026-03-08 06:15:00,0.002
2026-03-08 06:30:00,0.248
2026-03-08 06:45:00,5.71
2026-03-08 07:00:00,12.857
2026-03-08 07:15:00,24.403
2026-03-08 07:30:00,36.962
2026-03-08 07:45:00,50.731
2026-03-08 08:00:00,67.19
2026-03-08 08:15:00,83.346
2026-03-08 08:30:00,98.174
2026-03-08 08:45:00,118.052
2026-03-08 09:00:00,131.887
2026-03-08 09:15:00,145.511
2026-03-08 09:30:00,161.453
2026-03-08 09:45:00,177.918
2026-03-08 10:00:00,185.753
2026-03-08 10:15:00,201.283
2026-03-08 10:30:00,214.344
2026-03-08 10:45:00,224.403
2026-03-08 11:00:00,229.967
2026-03-08 11:15:00,237.387
2026-03-08 11:30:00,230.525
2026-03-08 11:45:00,227.811
2026-03-08 12:00:00,224.244
2026-03-08 12:15:00,201.519
2026-03-08 12:30:00,190.326
2026-03-08 12:45:00,185.739
2026-03-08 13:00:00,181.016
2026-03-08 13:15:00,166.077
2026-03-08 13:30:00,163.129
2026-03-08 13:45:00,147.585
2026-03-08 14:00:00,138.47
2026-03-08 14:15:00,128.919
2026-03-08 14:30:00,116.243
2026-03-08 14:45:00,106.134
2026-03-08 15:00:00,105.88
2026-03-08 15:15:00,94.073
2026-03-08 15:30:00,86.774
2026-03-08 15:45:00,83.185
2026-03-08 16:00:00,76.896
2026-03-08 16:15:00,63.622
2026-03-08 16:30:00,56.238
2026-03-08 16:45:00,47.501
2026-03-08 17:00:00,36.804
2026-03-08 17:15:00,28.478
2026-03-08 17:30:00,21.004
2026-03-08 17:45:00,14.042
2026-03-08 18:00:00,10.047
2026-03-08 18:15:00,5.657
2026-03-08 18:30:00,0.525
2026-03-08 18:45:00,0.038
2026-03-08 19:00:00,0.0
2026-03-08 19:15:00,0.002
2026-03-08 19:30:00,0.0
2026-03-08 19:45:00,0.0
2026-03-08 20:00:00,0.0
2026-03-08 20:15:00,0.0
2026-03-08 20:30:00,0.0
2026-03-08 20:45:00,0.0
2026-03-08 21:00:00,0.0
2026-03-08 21:15:00,0.0
2026-03-08 21:30:00,0.0
2026-03-08 21:45:00,0.0
2026-03-08 22:00:00,0.0
2026-03-08 22:15:00,0.0
2026-03-08 22:30:00,0.0
2026-03-08 22:45:00,0.0
2026-03-08 23:00:00,0.0
2026-03-08 23:15:00,0.0
2026-03-08 23:30:00,0.0
2026-03-08 23:45:00,0.0
2026-03-09 00:00:00,0.0
2026-03-09 00:15:00,0.0
2026-03-09 00:30:00,0.0
2026-03-09 00:45:00,0.0
2026-03-09 01:00:00,0.0
2026-03-09 01:15:00,0.0
2026-03-09 01:30:00,0.0
2026-03-09 01:45:00,0.0
2026-03-09 02:00:00,0.0
2026-03-09 02:15:00,0.0
2026-03-09 02:30:00,0.0
2026-03-09 02:45:00,0.0
2026-03-09 03:00:00,0.0
2026-03-09 03:15:00,0.0
2026-03-09 03:30:00,0.0
2026-03-09 03:45:00,0.0
2026-03-09 04:00:00,0.0
2026-03-09 04:15:00,0.0
2026-03-09 04:30:00,0.0
2026-03-09 04:45:00,0.0
2026-03-09 05:00:00,0.0
2026-03-09 05:15:00,0.0
2026-03-09 05:30:00,0.0
2026-03-09 05:45:00,0.0
2026-03-09 06:00:00,0.023
2026-03-09 06:15:00,0.08
2026-03-09 06:30:00,0.735
2026-03-09 06:45:00,5.563
2026-03-09 07:00:00,9.98
2026-03-09 07:15:00,15.797
2026-03-09 07:30:00,22.267
2026-03-09 07:45:00,32.32
2026-03-09 08:00:00,40.553
2026-03-09 08:15:00,50.138
2026-03-09 08:30:00,61.487
2026-03-09 08:45:00,75.75
2026-03-09 09:00:00,90.366
2026-03-09 09:15:00,101.597
2026-03-09 09:30:00,119.702
2026-03-09 09:45:00,136.79
2026-03-09 10:00:00,153.016
2026-03-09 10:15:00,167.188
2026-03-09 10:30:00,179.369
2026-03-09 10:45:00,186.702
2026-03-09 11:00:00,190.739
2026-03-09 11:15:00,195.403
2026-03-09 11:30:00,204.445
2026-03-09 11:45:00,208.808
2026-03-09 12:00:00,275.297
2026-03-09 12:15:00,279.379
2026-03-09 12:30:00,304.861
2026-03-09 12:45:00,287.722
2026-03-09 13:00:00,290.465
2026-03-09 13:15:00,281.864
2026-03-09 13:30:00,280.444
2026-03-09 13:45:00,280.73
2026-03-09 14:00:00,257.808
2026-03-09 14:15:00,232.884
2026-03-09 14:30:00,195.815
2026-03-09 14:45:00,230.974
2026-03-09 15:00:00,272.852
2026-03-09 15:15:00,267.416
2026-03-09 15:30:00,242.428
2026-03-09 15:45:00,231.691
2026-03-09 16:00:00,198.316
2026-03-09 16:15:00,172.494
2026-03-09 16:30:00,155.247
2026-03-09 16:45:00,126.458
2026-03-09 17:00:00,105.337
2026-03-09 17:15:00,77.079
2026-03-09 17:30:00,65.404
2026-03-09 17:45:00,43.773
2026-03-09 18:00:00,30.196
2026-03-09 18:15:00,15.367
2026-03-09 18:30:00,1.673
2026-03-09 18:45:00,0.295
2026-03-09 19:00:00,0.083
2026-03-09 19:15:00,0.007
2026-03-09 19:30:00,0.0
2026-03-09 19:45:00,0.0
2026-03-09 20:00:00,0.0
2026-03-09 20:15:00,0.0
2026-03-09 20:30:00,0.0
2026-03-09 20:45:00,0.0
2026-03-09 21:00:00,0.0
2026-03-09 21:15:00,0.0
2026-03-09 21:30:00,0.0
2026-03-09 21:45:00,0.0
2026-03-09 22:00:00,0.0
2026-03-09 22:15:00,0.0
2026-03-09 22:30:00,0.0
2026-03-09 22:45:00,0.0
2026-03-09 23:00:00,0.0
2026-03-09 23:15:00,0.0
2026-03-09 23:30:00,0.0
2026-03-09 23:45:00,0.0
2026-03-10 00:00:00,0.0
2026-03-10 00:15:00,0.0
2026-03-10 00:30:00,0.0
2026-03-10 00:45:00,0.0
2026-03-10 01:00:00,0.0
2026-03-10 01:15:00,0.0
2026-03-10 01:30:00,0.0
2026-03-10 01:45:00,0.0
2026-03-10 02:00:00,0.0
2026-03-10 02:15:00,0.0
2026-03-10 02:30:00,0.0
2026-03-10 02:45:00,0.0
2026-03-10 03:00:00,0.0
2026-03-10 03:15:00,0.0
2026-03-10 03:30:00,0.0
2026-03-10 03:45:00,0.0
2026-03-10 04:00:00,0.0
2026-03-10 04:15:00,0.0
2026-03-10 04:30:00,0.0
2026-03-10 04:45:00,0.0
2026-03-10 05:00:00,0.0
2026-03-10 05:15:00,0.0
2026-03-10 05:30:00,0.0
2026-03-10 05:45:00,0.0
2026-03-10 06:00:00,0.0
2026-03-10 06:15:00,0.0
2026-03-10 06:30:00,1.553
2026-03-10 06:45:00,14.733
2026-03-10 07:00:00,37.952
2026-03-10 07:15:00,75.47
2026-03-10 07:30:00,118.636
2026-03-10 07:45:00,178.161
2026-03-10 08:00:00,251.916
2026-03-10 08:15:00,303.494
2026-03-10 08:30:00,360.34
2026-03-10 08:45:00,415.258
2026-03-10 09:00:00,476.995
2026-03-10 09:15:00,527.356
2026-03-10 09:30:00,590.755
2026-03-10 09:45:00,619.161
2026-03-10 10:00:00,665.605
2026-03-10 10:15:00,716.432
2026-03-10 10:30:00,696.899
2026-03-10 10:45:00,601.304
2026-03-10 11:00:00,539.601
2026-03-10 11:15:00,576.513
2026-03-10 11:30:00,435.892
2026-03-10 11:45:00,343.446
2026-03-10 12:00:00,618.582
2026-03-10 12:15:00,498.121
2026-03-10 12:30:00,569.875
2026-03-10 12:45:00,356.138
2026-03-10 13:00:00,506.272
2026-03-10 13:15:00,281.402
2026-03-10 13:30:00,320.494
2026-03-10 13:45:00,156.229
2026-03-10 14:00:00,87.495
2026-03-10 14:15:00,87.495
2026-03-10 14:30:00,87.495
2026-03-10 14:45:00,97.587
2026-03-10 15:00:00,155.498
2026-03-10 15:15:00,108.733
2026-03-10 15:30:00,83.471
2026-03-10 15:45:00,84.181
2026-03-10 16:00:00,83.748
2026-03-10 16:15:00,84.175
2026-03-10 16:30:00,86.079
2026-03-10 16:45:00,180.713
2026-03-10 17:00:00,289.246
2026-03-10 17:15:00,214.469
2026-03-10 17:30:00,142.026
2026-03-10 17:45:00,98.311
2026-03-10 18:00:00,58.436
2026-03-10 18:15:00,31.225
2026-03-10 18:30:00,6.457
2026-03-10 18:45:00,0.825
2026-03-10 19:00:00,0.29
2026-03-10 19:15:00,0.083
2026-03-10 19:30:00,0.0
2026-03-10 19:45:00,0.0
2026-03-10 20:00:00,0.0
2026-03-10 20:15:00,0.0
2026-03-10 20:30:00,0.0
2026-03-10 20:45:00,0.0
2026-03-10 21:00:00,0.0
2026-03-10 21:15:00,0.0
2026-03-10 21:30:00,0.0
2026-03-10 21:45:00,0.0
2026-03-10 22:00:00,0.0
2026-03-10 22:15:00,0.0
2026-03-10 22:30:00,0.0
2026-03-10 22:45:00,0.0
2026-03-10 23:00:00,0.0
2026-03-10 23:15:00,0.0
2026-03-10 23:30:00,0.0
2026-03-10 23:45:00,0.0
2026-03-11 00:00:00,0.0
2026-03-11 00:15:00,0.0
2026-03-11 00:30:00,0.0
2026-03-11 00:45:00,0.0
2026-03-11 01:00:00,0.0
2026-03-11 01:15:00,0.0
2026-03-11 01:30:00,0.0
2026-03-11 01:45:00,0.0
2026-03-11 02:00:00,0.0
2026-03-11 02:15:00,0.0
2026-03-11 02:30:00,0.0
2026-03-11 02:45:00,0.0
2026-03-11 03:00:00,0.0
2026-03-11 03:15:00,0.0
2026-03-11 03:30:00,0.0
2026-03-11 03:45:00,0.0
2026-03-11 04:00:00,0.0
2026-03-11 04:15:00,0.0
2026-03-11 04:30:00,0.0
2026-03-11 04:45:00,0.0
2026-03-11 05:00:00,0.0
2026-03-11 05:15:00,0.0
2026-03-11 05:30:00,0.0
2026-03-11 05:45:00,0.0
2026-03-11 06:00:00,0.0
2026-03-11 06:15:00,0.002
2026-03-11 06:30:00,2.683
2026-03-11 06:45:00,24.358
2026-03-11 07:00:00,61.254
2026-03-11 07:15:00,108.074
2026-03-11 07:30:00,167.432
2026-03-11 07:45:00,239.048
2026-03-11 08:00:00,333.486
2026-03-11 08:15:00,420.104
2026-03-11 08:30:00,524.362
2026-03-11 08:45:00,612.89
2026-03-11 09:00:00,547.703
2026-03-11 09:15:00,249.661
2026-03-11 09:30:00,87.495
2026-03-11 09:45:00,314.988
2026-03-11 10:00:00,216.672
2026-03-11 10:15:00,338.678
2026-03-11 10:30:00,262.311
2026-03-11 10:45:00,222.725
2026-03-11 11:00:00,87.495
2026-03-11 11:15:00,87.495
2026-03-11 11:30:00,87.495
2026-03-11 11:45:00,87.495
2026-03-11 12:00:00,93.016
2026-03-11 12:15:00,87.495
2026-03-11 12:30:00,120.329
2026-03-11 12:45:00,128.074
2026-03-11 13:00:00,134.225
2026-03-11 13:15:00,87.495
2026-03-11 13:30:00,87.495
2026-03-11 13:45:00,87.495
2026-03-11 14:00:00,87.355
2026-03-11 14:15:00,87.128
2026-03-11 14:30:00,87.003
2026-03-11 14:45:00,86.465
2026-03-11 15:00:00,85.415
2026-03-11 15:15:00,85.207
2026-03-11 15:30:00,167.277
2026-03-11 15:45:00,303.293
2026-03-11 16:00:00,318.803
2026-03-11 16:15:00,318.813
2026-03-11 16:30:00,329.947
2026-03-11 16:45:00,313.719
2026-03-11 17:00:00,326.076
2026-03-11 17:15:00,256.108
2026-03-11 17:30:00,191.301
2026-03-11 17:45:00,130.585
2026-03-11 18:00:00,59.1
2026-03-11 18:15:00,36.007
2026-03-11 18:30:00,10.694
2026-03-11 18:45:00,1.015
2026-03-11 19:00:00,0.412
2026-03-11 19:15:00,0.13
2026-03-11 19:30:00,0.0
2026-03-11 19:45:00,0.0
2026-03-11 20:00:00,0.0
2026-03-11 20:15:00,0.0
2026-03-11 20:30:00,0.0
2026-03-11 20:45:00,0.0
2026-03-11 21:00:00,0.0
2026-03-11 21:15:00,0.0
2026-03-11 21:30:00,0.0
2026-03-11 21:45:00,0.0
2026-03-11 22:00:00,0.0
2026-03-11 22:15:00,0.0
2026-03-11 22:30:00,0.0
2026-03-11 22:45:00,0.0
2026-03-11 23:00:00,0.0
2026-03-11 23:15:00,0.0
2026-03-11 23:30:00,0.0
2026-03-11 23:45:00,0.0
2026-03-12 00:00:00,0.0
2026-03-12 00:15:00,0.0
2026-03-12 00:30:00,0.0
2026-03-12 00:45:00,0.0
2026-03-12 01:00:00,0.0
2026-03-12 01:15:00,0.0
2026-03-12 01:30:00,0.0
2026-03-12 01:45:00,0.0
2026-03-12 02:00:00,0.0
2026-03-12 02:15:00,0.0
2026-03-12 02:30:00,0.0
2026-03-12 02:45:00,0.0
2026-03-12 03:00:00,0.0
2026-03-12 03:15:00,0.0
2026-03-12 03:30:00,0.0
2026-03-12 03:45:00,0.0
2026-03-12 04:00:00,0.0
2026-03-12 04:15:00,0.0
2026-03-12 04:30:00,0.0
2026-03-12 04:45:00,0.0
2026-03-12 05:00:00,0.0
2026-03-12 05:15:00,0.0
2026-03-12 05:30:00,0.0
2026-03-12 05:45:00,0.0
2026-03-12 06:00:00,0.0
2026-03-12 06:15:00,0.005
2026-03-12 06:30:00,3.401
2026-03-12 06:45:00,23.632
2026-03-12 07:00:00,61.081
2026-03-12 07:15:00,108.998
2026-03-12 07:30:00,166.487
2026-03-12 07:45:00,236.174
2026-03-12 08:00:00,253.242
2026-03-12 08:15:00,320.786
2026-03-12 08:30:00,312.454
2026-03-12 08:45:00,345.155
2026-03-12 09:00:00,312.429
2026-03-12 09:15:00,282.866
2026-03-12 09:30:00,206.49
2026-03-12 09:45:00,222.051
2026-03-12 10:00:00,209.103
2026-03-12 10:15:00,278.377
2026-03-12 10:30:00,283.674
2026-03-12 10:45:00,87.495
2026-03-12 11:00:00,87.495
2026-03-12 11:15:00,87.495
2026-03-12 11:30:00,87.495
2026-03-12 11:45:00,87.495
2026-03-12 12:00:00,87.495
2026-03-12 12:15:00,87.495
2026-03-12 12:30:00,87.495
2026-03-12 12:45:00,87.495
2026-03-12 13:00:00,87.495
2026-03-12 13:15:00,87.495
2026-03-12 13:30:00,90.045
2026-03-12 13:45:00,87.495
2026-03-12 14:00:00,87.495
2026-03-12 14:15:00,87.495
2026-03-12 14:30:00,87.495
2026-03-12 14:45:00,87.455
2026-03-12 15:00:00,250.079
2026-03-12 15:15:00,370.895
2026-03-12 15:30:00,492.655
2026-03-12 15:45:00,345.331
2026-03-12 16:00:00,253.537
2026-03-12 16:15:00,306.499
2026-03-12 16:30:00,378.418
2026-03-12 16:45:00,324.879
2026-03-12 17:00:00,268.399
2026-03-12 17:15:00,190.607
2026-03-12 17:30:00,136.098
2026-03-12 17:45:00,98.789
2026-03-12 18:00:00,66.016
2026-03-12 18:15:00,34.942
2026-03-12 18:30:00,6.807
2026-03-12 18:45:00,0.652
2026-03-12 19:00:00,0.233
2026-03-12 19:15:00,0.138
2026-03-12 19:30:00,0.0
2026-03-12 19:45:00,0.0
2026-03-12 20:00:00,0.0
2026-03-12 20:15:00,0.0
2026-03-12 20:30:00,0.0
2026-03-12 20:45:00,0.0
2026-03-12 21:00:00,0.0
2026-03-12 21:15:00,0.0
2026-03-12 21:30:00,0.0
2026-03-12 21:45:00,0.0
2026-03-12 22:00:00,0.0
2026-03-12 22:15:00,0.0
2026-03-12 22:30:00,0.0
2026-03-12 22:45:00,0.0
2026-03-12 23:00:00,0.0
2026-03-12 23:15:00,0.0
2026-03-12 23:30:00,0.0
2026-03-12 23:45:00,0.0
2026-03-13 00:00:00,0.0
2026-03-13 00:15:00,0.0
2026-03-13 00:30:00,0.0
2026-03-13 00:45:00,0.0
2026-03-13 01:00:00,0.0
2026-03-13 01:15:00,0.0
2026-03-13 01:30:00,0.0
2026-03-13 01:45:00,0.0
2026-03-13 02:00:00,0.0
2026-03-13 02:15:00,0.0
2026-03-13 02:30:00,0.0
2026-03-13 02:45:00,0.0
2026-03-13 03:00:00,0.0
2026-03-13 03:15:00,0.0
2026-03-13 03:30:00,0.0
2026-03-13 03:45:00,0.0
2026-03-13 04:00:00,0.0
2026-03-13 04:15:00,0.0
2026-03-13 04:30:00,0.0
2026-03-13 04:45:00,0.0
2026-03-13 05:00:00,0.0
2026-03-13 05:15:00,0.0
2026-03-13 05:30:00,0.0
2026-03-13 05:45:00,0.0
2026-03-13 06:00:00,0.047
2026-03-13 06:15:00,0.043
2026-03-13 06:30:00,4.477
2026-03-13 06:45:00,29.58
2026-03-13 07:00:00,68.968
2026-03-13 07:15:00,122.35
2026-03-13 07:30:00,187.162
2026-03-13 07:45:00,264.367
2026-03-13 08:00:00,393.329
2026-03-13 08:15:00,498.123
2026-03-13 08:30:00,596.417
2026-03-13 08:45:00,681.107
2026-03-13 09:00:00,737.858
2026-03-13 09:15:00,702.081
2026-03-13 09:30:00,555.987
2026-03-13 09:45:00,574.707
2026-03-13 10:00:00,389.801
2026-03-13 10:15:00,380.32
2026-03-13 10:30:00,516.098
2026-03-13 10:45:00,471.298
2026-03-13 11:00:00,379.761
2026-03-13 11:15:00,205.599
2026-03-13 11:30:00,87.495
2026-03-13 11:45:00,151.666
2026-03-13 12:00:00,477.765
2026-03-13 12:15:00,211.832
2026-03-13 12:30:00,162.252
2026-03-13 12:45:00,87.495
2026-03-13 13:00:00,87.495
2026-03-13 13:15:00,163.453
2026-03-13 13:30:00,272.29
2026-03-13 13:45:00,131.794
2026-03-13 14:00:00,233.748
2026-03-13 14:15:00,171.457
2026-03-13 14:30:00,244.441
2026-03-13 14:45:00,348.901
2026-03-13 15:00:00,151.024
2026-03-13 15:15:00,361.144
2026-03-13 15:30:00,197.827
2026-03-13 15:45:00,339.673
2026-03-13 16:00:00,441.742
2026-03-13 16:15:00,514.318
2026-03-13 16:30:00,535.717
2026-03-13 16:45:00,437.156
2026-03-13 17:00:00,355.022
2026-03-13 17:15:00,276.485
2026-03-13 17:30:00,208.794
2026-03-13 17:45:00,153.483
2026-03-13 18:00:00,96.541
2026-03-13 18:15:00,48.242
2026-03-13 18:30:00,9.739
2026-03-13 18:45:00,1.065
2026-03-13 19:00:00,0.42
2026-03-13 19:15:00,0.13
2026-03-13 19:30:00,0.0
2026-03-13 19:45:00,0.0
2026-03-13 20:00:00,0.0
2026-03-13 20:15:00,0.0
2026-03-13 20:30:00,0.0
2026-03-13 20:45:00,0.0
2026-03-13 21:00:00,0.0
2026-03-13 21:15:00,0.0
2026-03-13 21:30:00,0.0
2026-03-13 21:45:00,0.0
2026-03-13 22:00:00,0.0
2026-03-13 22:15:00,0.0
2026-03-13 22:30:00,0.0
2026-03-13 22:45:00,0.0
2026-03-13 23:00:00,0.0
2026-03-13 23:15:00,0.0
2026-03-13 23:30:00,0.0
2026-03-13 23:45:00,0.0
2026-03-14 00:00:00,0.0
2026-03-14 00:15:00,0.0
2026-03-14 00:30:00,0.0
2026-03-14 00:45:00,0.0
2026-03-14 01:00:00,0.0
2026-03-14 01:15:00,0.0
2026-03-14 01:30:00,0.0
2026-03-14 01:45:00,0.0
2026-03-14 02:00:00,0.0
2026-03-14 02:15:00,0.0
2026-03-14 02:30:00,0.0
2026-03-14 02:45:00,0.0
2026-03-14 03:00:00,0.0
2026-03-14 03:15:00,0.0
2026-03-14 03:30:00,0.0
2026-03-14 03:45:00,0.0
2026-03-14 04:00:00,0.0
2026-03-14 04:15:00,0.0
2026-03-14 04:30:00,0.0
2026-03-14 04:45:00,0.0
2026-03-14 05:00:00,0.0
2026-03-14 05:15:00,0.0
2026-03-14 05:30:00,0.0
2026-03-14 05:45:00,0.0
2026-03-14 06:00:00,0.0
2026-03-14 06:15:00,0.013
2026-03-14 06:30:00,5.091
2026-03-14 06:45:00,27.867
2026-03-14 07:00:00,68.457
2026-03-14 07:15:00,119.27
2026-03-14 07:30:00,165.934
2026-03-14 07:45:00,219.321
2026-03-14 08:00:00,319.033
2026-03-14 08:15:00,417.627
2026-03-14 08:30:00,449.779
2026-03-14 08:45:00,600.003
2026-03-14 09:00:00,618.927
2026-03-14 09:15:00,660.883
2026-03-14 09:30:00,692.648
2026-03-14 09:45:00,641.839
2026-03-14 10:00:00,645.238
2026-03-14 10:15:00,771.168
2026-03-14 10:30:00,741.446
2026-03-14 10:45:00,777.666
2026-03-14 11:00:00,749.044
2026-03-14 11:15:00,750.047
2026-03-14 11:30:00,739.643
2026-03-14 11:45:00,730.736
2026-03-14 12:00:00,775.968
2026-03-14 12:15:00,759.018
2026-03-14 12:30:00,706.794
2026-03-14 12:45:00,710.027
2026-03-14 13:00:00,789.691
2026-03-14 13:15:00,788.692
2026-03-14 13:30:00,816.172
2026-03-14 13:45:00,831.208
2026-03-14 14:00:00,838.065
2026-03-14 14:15:00,835.495
2026-03-14 14:30:00,828.625
2026-03-14 14:45:00,814.961
2026-03-14 15:00:00,813.326
2026-03-14 15:15:00,777.655
2026-03-14 15:30:00,700.963
2026-03-14 15:45:00,631.887
2026-03-14 16:00:00,569.782
2026-03-14 16:15:00,502.065
2026-03-14 16:30:00,419.256
2026-03-14 16:45:00,345.027
2026-03-14 17:00:00,276.058
2026-03-14 17:15:00,216.368
2026-03-14 17:30:00,150.461
2026-03-14 17:45:00,92.053
2026-03-14 18:00:00,51.958
2026-03-14 18:15:00,24.097
2026-03-14 18:30:00,2.033
2026-03-14 18:45:00,0.675
2026-03-14 19:00:00,0.205
2026-03-14 19:15:00,0.01
2026-03-14 19:30:00,0.0
2026-03-14 19:45:00,0.0
2026-03-14 20:00:00,0.0
2026-03-14 20:15:00,0.0
2026-03-14 20:30:00,0.0
2026-03-14 20:45:00,0.0
2026-03-14 21:00:00,0.0
2026-03-14 21:15:00,0.0
2026-03-14 21:30:00,0.0
2026-03-14 21:45:00,0.0
2026-03-14 22:00:00,0.0
2026-03-14 22:15:00,0.0
2026-03-14 22:30:00,0.0
2026-03-14 22:45:00,0.0
2026-03-14 23:00:00,0.0
2026-03-14 23:15:00,0.0
2026-03-14 23:30:00,0.0
2026-03-14 23:45:00,0.0
2026-03-15 00:00:00,0.0
2026-03-15 00:15:00,0.0
2026-03-15 00:30:00,0.0
2026-03-15 00:45:00,0.0
2026-03-15 01:00:00,0.0
2026-03-15 01:15:00,0.0
2026-03-15 01:30:00,0.0
2026-03-15 01:45:00,0.0
2026-03-15 02:00:00,0.0
2026-03-15 02:15:00,0.0
2026-03-15 02:30:00,0.0
2026-03-15 02:45:00,0.0
2026-03-15 03:00:00,0.0
2026-03-15 03:15:00,0.0
2026-03-15 03:30:00,0.0
2026-03-15 03:45:00,0.0
2026-03-15 04:00:00,0.0
2026-03-15 04:15:00,0.0
2026-03-15 04:30:00,0.0
2026-03-15 04:45:00,0.0
2026-03-15 05:00:00,0.0
2026-03-15 05:15:00,0.0
2026-03-15 05:30:00,0.0
2026-03-15 05:45:00,0.0
2026-03-15 06:00:00,0.0
2026-03-15 06:15:00,0.002
2026-03-15 06:30:00,4.437
2026-03-15 06:45:00,13.198
2026-03-15 07:00:00,24.682
2026-03-15 07:15:00,39.775
2026-03-15 07:30:00,59.292
2026-03-15 07:45:00,82.492
2026-03-15 08:00:00,115.642
2026-03-15 08:15:00,146.121
2026-03-15 08:30:00,167.219
2026-03-15 08:45:00,190.416
2026-03-15 09:00:00,214.542
2026-03-15 09:15:00,234.893
2026-03-15 09:30:00,243.801
2026-03-15 09:45:00,250.444
2026-03-15 10:00:00,258.671
2026-03-15 10:15:00,272.133
2026-03-15 10:30:00,304.413
2026-03-15 10:45:00,308.794
2026-03-15 11:00:00,313.81
2026-03-15 11:15:00,322.538
2026-03-15 11:30:00,321.328
2026-03-15 11:45:00,314.498
2026-03-15 12:00:00,311.414
2026-03-15 12:15:00,310.19
2026-03-15 12:30:00,314.628
2026-03-15 12:45:00,319.581
2026-03-15 13:00:00,315.934
2026-03-15 13:15:00,321.854
2026-03-15 13:30:00,313.078
2026-03-15 13:45:00,301.742
2026-03-15 14:00:00,280.883
2026-03-15 14:15:00,262.749
2026-03-15 14:30:00,241.513
2026-03-15 14:45:00,219.391
2026-03-15 15:00:00,210.236
2026-03-15 15:15:00,196.204
2026-03-15 15:30:00,176.423
2026-03-15 15:45:00,161.008
2026-03-15 16:00:00,142.666
2026-03-15 16:15:00,113.312
2026-03-15 16:30:00,90.459
2026-03-15 16:45:00,69.763
2026-03-15 17:00:00,55.871
2026-03-15 17:15:00,40.492
2026-03-15 17:30:00,27.567
2026-03-15 17:45:00,16.64
2026-03-15 18:00:00,9.693
2026-03-15 18:15:00,5.05
2026-03-15 18:30:00,0.685
2026-03-15 18:45:00,0.052
2026-03-15 19:00:00,0.007
2026-03-15 19:15:00,0.0
2026-03-15 19:30:00,0.0
2026-03-15 19:45:00,0.0
2026-03-15 20:00:00,0.0
2026-03-15 20:15:00,0.0
2026-03-15 20:30:00,0.0
2026-03-15 20:45:00,0.0
2026-03-15 21:00:00,0.0
2026-03-15 21:15:00,0.0
2026-03-15 21:30:00,0.0
2026-03-15 21:45:00,0.0
2026-03-15 22:00:00,0.0
2026-03-15 22:15:00,0.0
2026-03-15 22:30:00,0.0
2026-03-15 22:45:00,0.0
2026-03-15 23:00:00,0.0
2026-03-15 23:15:00,0.0
2026-03-15 23:30:00,0.0
2026-03-15 23:45:00,0.0
2026-03-16 00:00:00,0.0
2026-03-16 00:15:00,0.0
2026-03-16 00:30:00,0.0
2026-03-16 00:45:00,0.0
2026-03-16 01:00:00,0.0
2026-03-16 01:15:00,0.0
2026-03-16 01:30:00,0.0
2026-03-16 01:45:00,0.0
2026-03-16 02:00:00,0.0
2026-03-16 02:15:00,0.0
2026-03-16 02:30:00,0.0
2026-03-16 02:45:00,0.0
2026-03-16 03:00:00,0.0
2026-03-16 03:15:00,0.0
2026-03-16 03:30:00,0.0
2026-03-16 03:45:00,0.0
2026-03-16 04:00:00,0.0
2026-03-16 04:15:00,0.0
2026-03-16 04:30:00,0.0
2026-03-16 04:45:00,0.0
2026-03-16 05:00:00,0.0
2026-03-16 05:15:00,0.0
2026-03-16 05:30:00,0.0
2026-03-16 05:45:00,0.0
2026-03-16 06:00:00,0.008
2026-03-16 06:15:00,0.028
2026-03-16 06:30:00,2.725
2026-03-16 06:45:00,7.69
2026-03-16 07:00:00,12.441
2026-03-16 07:15:00,20.61
2026-03-16 07:30:00,29.138
2026-03-16 07:45:00,43.383
2026-03-16 08:00:00,51.277
2026-03-16 08:15:00,67.129
2026-03-16 08:30:00,82.925
2026-03-16 08:45:00,96.258
2026-03-16 09:00:00,113.385
2026-03-16 09:15:00,126.691
2026-03-16 09:30:00,136.347
2026-03-16 09:45:00,146.04
2026-03-16 10:00:00,159.498
2026-03-16 10:15:00,176.439
2026-03-16 10:30:00,187.015
2026-03-16 10:45:00,190.509
2026-03-16 11:00:00,196.367
2026-03-16 11:15:00,207.193
2026-03-16 11:30:00,204.08
2026-03-16 11:45:00,139.06
2026-03-16 12:00:00,177.951
2026-03-16 12:15:00,138.865
2026-03-16 12:30:00,165.26
2026-03-16 12:45:00,161.662
2026-03-16 13:00:00,115.443
2026-03-16 13:15:00,115.028
2026-03-16 13:30:00,156.754
2026-03-16 13:45:00,193.282
2026-03-16 14:00:00,183.072
2026-03-16 14:15:00,203.219
2026-03-16 14:30:00,185.855
2026-03-16 14:45:00,158.074
2026-03-16 15:00:00,182.736
2026-03-16 15:15:00,177.787
2026-03-16 15:30:00,170.036
2026-03-16 15:45:00,150.808
2026-03-16 16:00:00,140.118
2026-03-16 16:15:00,117.407
2026-03-16 16:30:00,104.146
2026-03-16 16:45:00,90.609
2026-03-16 17:00:00,68.207
2026-03-16 17:15:00,51.726
2026-03-16 17:30:00,36.341
2026-03-16 17:45:00,23.569
2026-03-16 18:00:00,14.567
2026-03-16 18:15:00,8.338
2026-03-16 18:30:00,0.76
2026-03-16 18:45:00,0.038
2026-03-16 19:00:00,0.015
2026-03-16 19:15:00,0.005
2026-03-16 19:30:00,0.0
2026-03-16 19:45:00,0.0
2026-03-16 20:00:00,0.0
2026-03-16 20:15:00,0.0
2026-03-16 20:30:00,0.0
2026-03-16 20:45:00,0.0
2026-03-16 21:00:00,0.0
2026-03-16 21:15:00,0.0
2026-03-16 21:30:00,0.0
2026-03-16 21:45:00,0.0
2026-03-16 22:00:00,0.0
2026-03-16 22:15:00,0.0
2026-03-16 22:30:00,0.0
2026-03-16 22:45:00,0.0
2026-03-16 23:00:00,0.0
2026-03-16 23:15:00,0.0
2026-03-16 23:30:00,0.0
2026-03-16 23:45:00,0.0
2026-03-17 00:00:00,0.0
2026-03-17 00:15:00,0.0
2026-03-17 00:30:00,0.0
2026-03-17 00:45:00,0.0
2026-03-17 01:00:00,0.0
2026-03-17 01:15:00,0.0
2026-03-17 01:30:00,0.0
2026-03-17 01:45:00,0.0
2026-03-17 02:00:00,0.0
2026-03-17 02:15:00,0.0
2026-03-17 02:30:00,0.0
2026-03-17 02:45:00,0.0
2026-03-17 03:00:00,0.0
2026-03-17 03:15:00,0.0
2026-03-17 03:30:00,0.0
2026-03-17 03:45:00,0.0
2026-03-17 04:00:00,0.0
2026-03-17 04:15:00,0.0
2026-03-17 04:30:00,0.0
2026-03-17 04:45:00,0.0
2026-03-17 05:00:00,0.0
2026-03-17 05:15:00,0.0
2026-03-17 05:30:00,0.0
2026-03-17 05:45:00,0.0
2026-03-17 06:00:00,0.02
2026-03-17 06:15:00,0.073
2026-03-17 06:30:00,4.941
2026-03-17 06:45:00,10.056
2026-03-17 07:00:00,19.77
2026-03-17 07:15:00,35.265
2026-03-17 07:30:00,47.584
2026-03-17 07:45:00,62.936
2026-03-17 08:00:00,75.675
2026-03-17 08:15:00,90.013
2026-03-17 08:30:00,104.989
2026-03-17 08:45:00,121.316
2026-03-17 09:00:00,127.647
2026-03-17 09:15:00,135.512
2026-03-17 09:30:00,126.491
2026-03-17 09:45:00,133.479
2026-03-17 10:00:00,125.671
2026-03-17 10:15:00,135.409
2026-03-17 10:30:00,126.829
2026-03-17 10:45:00,137.686
2026-03-17 11:00:00,141.872
2026-03-17 11:15:00,138.049
2026-03-17 11:30:00,134.942
2026-03-17 11:45:00,135.543
2026-03-17 12:00:00,136.327
2026-03-17 12:15:00,134.271
2026-03-17 12:30:00,136.928
2026-03-17 12:45:00,142.166
2026-03-17 13:00:00,153.729
2026-03-17 13:15:00,151.845
2026-03-17 13:30:00,154.963
2026-03-17 13:45:00,154.249
2026-03-17 14:00:00,176.42
2026-03-17 14:15:00,154.957
2026-03-17 14:30:00,156.621
2026-03-17 14:45:00,152.217
2026-03-17 15:00:00,151.413
2026-03-17 15:15:00,138.709
2026-03-17 15:30:00,123.93
2026-03-17 15:45:00,110.831
2026-03-17 16:00:00,99.175
2026-03-17 16:15:00,84.836
2026-03-17 16:30:00,72.471
2026-03-17 16:45:00,65.71
2026-03-17 17:00:00,54.38
2026-03-17 17:15:00,40.55
2026-03-17 17:30:00,32.622
2026-03-17 17:45:00,20.917
2026-03-17 18:00:00,12.045
2026-03-17 18:15:00,6.985
2026-03-17 18:30:00,0.66
2026-03-17 18:45:00,0.045
2026-03-17 19:00:00,0.015
2026-03-17 19:15:00,0.003
2026-03-17 19:30:00,0.0
2026-03-17 19:45:00,0.0
2026-03-17 20:00:00,0.0
2026-03-17 20:15:00,0.0
2026-03-17 20:30:00,0.0
2026-03-17 20:45:00,0.0
2026-03-17 21:00:00,0.0
2026-03-17 21:15:00,0.0
2026-03-17 21:30:00,0.0
2026-03-17 21:45:00,0.0
2026-03-17 22:00:00,0.0
2026-03-17 22:15:00,0.0
2026-03-17 22:30:00,0.0
2026-03-17 22:45:00,0.0
2026-03-17 23:00:00,0.0
2026-03-17 23:15:00,0.0
2026-03-17 23:30:00,0.0
2026-03-17 23:45:00,0.0
2026-03-18 00:00:00,0.0
2026-03-18 00:15:00,0.0
2026-03-18 00:30:00,0.0
2026-03-18 00:45:00,0.0
2026-03-18 01:00:00,0.0
2026-03-18 01:15:00,0.0
2026-03-18 01:30:00,0.0
2026-03-18 01:45:00,0.0
2026-03-18 02:00:00,0.0
2026-03-18 02:15:00,0.0
2026-03-18 02:30:00,0.0
2026-03-18 02:45:00,0.0
2026-03-18 03:00:00,0.0
2026-03-18 03:15:00,0.0
2026-03-18 03:30:00,0.0
2026-03-18 03:45:00,0.0
2026-03-18 04:00:00,0.0
2026-03-18 04:15:00,0.0
2026-03-18 04:30:00,0.0
2026-03-18 04:45:00,0.0
2026-03-18 05:00:00,0.0
2026-03-18 05:15:00,0.0
2026-03-18 05:30:00,0.0
2026-03-18 05:45:00,0.0
2026-03-18 06:00:00,0.035
2026-03-18 06:15:00,0.125
2026-03-18 06:30:00,4.794
2026-03-18 06:45:00,7.823
2026-03-18 07:00:00,10.991
2026-03-18 07:15:00,17.807
2026-03-18 07:30:00,24.641
2026-03-18 07:45:00,35.243
2026-03-18 08:00:00,44.735
2026-03-18 08:15:00,54.261
2026-03-18 08:30:00,62.77
2026-03-18 08:45:00,78.016
2026-03-18 09:00:00,88.613
2026-03-18 09:15:00,102.124
2026-03-18 09:30:00,117.439
2026-03-18 09:45:00,132.127
2026-03-18 10:00:00,152.455
2026-03-18 10:15:00,166.587
2026-03-18 10:30:00,183.005
2026-03-18 10:45:00,212.271
2026-03-18 11:00:00,231.782
2026-03-18 11:15:00,253.546
2026-03-18 11:30:00,238.077
2026-03-18 11:45:00,244.83
2026-03-18 12:00:00,348.615
2026-03-18 12:15:00,334.297
2026-03-18 12:30:00,322.577
2026-03-18 12:45:00,314.677
2026-03-18 13:00:00,345.959
2026-03-18 13:15:00,363.856
2026-03-18 13:30:00,350.076
2026-03-18 13:45:00,265.005
2026-03-18 14:00:00,250.857
2026-03-18 14:15:00,168.923
2026-03-18 14:30:00,192.361
2026-03-18 14:45:00,181.267
2026-03-18 15:00:00,234.87
2026-03-18 15:15:00,259.637
2026-03-18 15:30:00,239.235
2026-03-18 15:45:00,249.963
2026-03-18 16:00:00,264.78
2026-03-18 16:15:00,234.113
2026-03-18 16:30:00,199.688
2026-03-18 16:45:00,180.884
2026-03-18 17:00:00,162.642
2026-03-18 17:15:00,131.472
2026-03-18 17:30:00,98.779
2026-03-18 17:45:00,72.611
2026-03-18 18:00:00,47.306
2026-03-18 18:15:00,32.684
2026-03-18 18:30:00,2.765
2026-03-18 18:45:00,0.735
2026-03-18 19:00:00,0.393
2026-03-18 19:15:00,0.18
2026-03-18 19:30:00,0.0
2026-03-18 19:45:00,0.0
2026-03-18 20:00:00,0.0
2026-03-18 20:15:00,0.0
2026-03-18 20:30:00,0.0
2026-03-18 20:45:00,0.0
2026-03-18 21:00:00,0.0
2026-03-18 21:15:00,0.0
2026-03-18 21:30:00,0.0
2026-03-18 21:45:00,0.0
2026-03-18 22:00:00,0.0
2026-03-18 22:15:00,0.0
2026-03-18 22:30:00,0.0
2026-03-18 22:45:00,0.0
2026-03-18 23:00:00,0.0
2026-03-18 23:15:00,0.0
2026-03-18 23:30:00,0.0
2026-03-18 23:45:00,0.0
2026-03-19 00:00:00,0.0
2026-03-19 00:15:00,0.0
2026-03-19 00:30:00,0.0
2026-03-19 00:45:00,0.0
2026-03-19 01:00:00,0.0
2026-03-19 01:15:00,0.0
2026-03-19 01:30:00,0.0
2026-03-19 01:45:00,0.0
2026-03-19 02:00:00,0.0
2026-03-19 02:15:00,0.0
2026-03-19 02:30:00,0.0
2026-03-19 02:45:00,0.0
2026-03-19 03:00:00,0.0
2026-03-19 03:15:00,0.0
2026-03-19 03:30:00,0.0
2026-03-19 03:45:00,0.0
2026-03-19 04:00:00,0.0
2026-03-19 04:15:00,0.0
2026-03-19 04:30:00,0.0
2026-03-19 04:45:00,0.0
2026-03-19 05:00:00,0.0
2026-03-19 05:15:00,0.0
2026-03-19 05:30:00,0.0
2026-03-19 05:45:00,0.0
2026-03-19 06:00:00,0.03
2026-03-19 06:15:00,0.12
2026-03-19 06:30:00,5.168
2026-03-19 06:45:00,11.825
2026-03-19 07:00:00,23.219
2026-03-19 07:15:00,41.614
2026-03-19 07:30:00,57.918
2026-03-19 07:45:00,81.784
2026-03-19 08:00:00,103.221
2026-03-19 08:15:00,121.547
2026-03-19 08:30:00,139.988
2026-03-19 08:45:00,165.077
2026-03-19 09:00:00,189.867
2026-03-19 09:15:00,210.819
2026-03-19 09:30:00,244.008
2026-03-19 09:45:00,264.321
2026-03-19 10:00:00,281.88
2026-03-19 10:15:00,299.937
2026-03-19 10:30:00,304.984
2026-03-19 10:45:00,349.443
2026-03-19 11:00:00,368.809
2026-03-19 11:15:00,370.001
2026-03-19 11:30:00,388.007
2026-03-19 11:45:00,379.355
2026-03-19 12:00:00,377.761
2026-03-19 12:15:00,399.076
2026-03-19 12:30:00,415.821
2026-03-19 12:45:00,404.249
2026-03-19 13:00:00,405.801
2026-03-19 13:15:00,380.456
2026-03-19 13:30:00,363.105
2026-03-19 13:45:00,349.743
2026-03-19 14:00:00,337.8
2026-03-19 14:15:00,317.012
2026-03-19 14:30:00,292.272
2026-03-19 14:45:00,276.579
2026-03-19 15:00:00,254.85
2026-03-19 15:15:00,231.334
2026-03-19 15:30:00,207.366
2026-03-19 15:45:00,184.552
2026-03-19 16:00:00,162.907
2026-03-19 16:15:00,139.927
2026-03-19 16:30:00,128.469
2026-03-19 16:45:00,111.491
2026-03-19 17:00:00,96.1
2026-03-19 17:15:00,71.689
2026-03-19 17:30:00,50.555
2026-03-19 17:45:00,34.815
2026-03-19 18:00:00,21.275
2026-03-19 18:15:00,12.725
2026-03-19 18:30:00,1.428
2026-03-19 18:45:00,0.228
2026-03-19 19:00:00,0.203
2026-03-19 19:15:00,0.093
2026-03-19 19:30:00,0.0
2026-03-19 19:45:00,0.0
2026-03-19 20:00:00,0.0
2026-03-19 20:15:00,0.0
2026-03-19 20:30:00,0.0
2026-03-19 20:45:00,0.0
2026-03-19 21:00:00,0.0
2026-03-19 21:15:00,0.0
2026-03-19 21:30:00,0.0
2026-03-19 21:45:00,0.0
2026-03-19 22:00:00,0.0
2026-03-19 22:15:00,0.0
2026-03-19 22:30:00,0.0
2026-03-19 22:45:00,0.0
2026-03-19 23:00:00,0.0
2026-03-19 23:15:00,0.0
2026-03-19 23:30:00,0.0
2026-03-19 23:45:00,0.0
2026-03-20 00:00:00,0.0
2026-03-20 00:15:00,0.0
2026-03-20 00:30:00,0.0
2026-03-20 00:45:00,0.0
2026-03-20 01:00:00,0.0
2026-03-20 01:15:00,0.0
2026-03-20 01:30:00,0.0
2026-03-20 01:45:00,0.0
2026-03-20 02:00:00,0.0
2026-03-20 02:15:00,0.0
2026-03-20 02:30:00,0.0
2026-03-20 02:45:00,0.0
2026-03-20 03:00:00,0.0
2026-03-20 03:15:00,0.0
2026-03-20 03:30:00,0.0
2026-03-20 03:45:00,0.0
2026-03-20 04:00:00,0.0
2026-03-20 04:15:00,0.0
2026-03-20 04:30:00,0.0
2026-03-20 04:45:00,0.0
2026-03-20 05:00:00,0.0
2026-03-20 05:15:00,0.0
2026-03-20 05:30:00,0.0
2026-03-20 05:45:00,0.0
2026-03-20 06:00:00,0.02
2026-03-20 06:15:00,0.078
2026-03-20 06:30:00,3.958
2026-03-20 06:45:00,6.833
2026-03-20 07:00:00,9.748
2026-03-20 07:15:00,15.82
2026-03-20 07:30:00,21.703
2026-03-20 07:45:00,31.55
2026-03-20 08:00:00,38.4
2026-03-20 08:15:00,51.0
2026-03-20 08:30:00,57.882
2026-03-20 08:45:00,64.452
2026-03-20 09:00:00,73.917
2026-03-20 09:15:00,87.844
2026-03-20 09:30:00,101.112
2026-03-20 09:45:00,112.08
2026-03-20 10:00:00,120.763
2026-03-20 10:15:00,138.188
2026-03-20 10:30:00,144.994
2026-03-20 10:45:00,153.739
2026-03-20 11:00:00,166.055
2026-03-20 11:15:00,172.087
2026-03-20 11:30:00,174.323
2026-03-20 11:45:00,183.033
2026-03-20 12:00:00,187.411
2026-03-20 12:15:00,199.006
2026-03-20 12:30:00,206.334
2026-03-20 12:45:00,209.577
2026-03-20 13:00:00,218.876
2026-03-20 13:15:00,230.54
2026-03-20 13:30:00,233.772
2026-03-20 13:45:00,227.019
2026-03-20 14:00:00,216.194
2026-03-20 14:15:00,215.99
2026-03-20 14:30:00,205.128
2026-03-20 14:45:00,200.321
2026-03-20 15:00:00,191.597
2026-03-20 15:15:00,188.252
2026-03-20 15:30:00,175.353
2026-03-20 15:45:00,167.644
2026-03-20 16:00:00,155.72
2026-03-20 16:15:00,127.746
2026-03-20 16:30:00,125.621
2026-03-20 16:45:00,107.453
2026-03-20 17:00:00,89.871
2026-03-20 17:15:00,71.459
2026-03-20 17:30:00,60.907
2026-03-20 17:45:00,49.019
2026-03-20 18:00:00,31.257
2026-03-20 18:15:00,17.068
2026-03-20 18:30:00,1.933
2026-03-20 18:45:00,0.483
2026-03-20 19:00:00,0.16
2026-03-20 19:15:00,0.085
2026-03-20 19:30:00,0.0
2026-03-20 19:45:00,0.0
2026-03-20 20:00:00,0.0
2026-03-20 20:15:00,0.0
2026-03-20 20:30:00,0.0
2026-03-20 20:45:00,0.0
2026-03-20 21:00:00,0.0
2026-03-20 21:15:00,0.0
2026-03-20 21:30:00,0.0
2026-03-20 21:45:00,0.0
2026-03-20 22:00:00,0.0
2026-03-20 22:15:00,0.0
2026-03-20 22:30:00,0.0
2026-03-20 22:45:00,0.0
2026-03-20 23:00:00,0.0
2026-03-20 23:15:00,0.0
2026-03-20 23:30:00,0.0
2026-03-20 23:45:00,0.0
2026-03-21 00:00:00,0.0
2026-03-21 00:15:00,0.0
2026-03-21 00:30:00,0.0
2026-03-21 00:45:00,0.0
2026-03-21 01:00:00,0.0
2026-03-21 01:15:00,0.0
2026-03-21 01:30:00,0.0
2026-03-21 01:45:00,0.0
2026-03-21 02:00:00,0.0
2026-03-21 02:15:00,0.0
2026-03-21 02:30:00,0.0
2026-03-21 02:45:00,0.0
2026-03-21 03:00:00,0.0
2026-03-21 03:15:00,0.0
2026-03-21 03:30:00,0.003
2026-03-21 03:45:00,0.003
2026-03-21 04:00:00,0.0
2026-03-21 04:15:00,0.0
2026-03-21 04:30:00,0.0
2026-03-21 04:45:00,0.0
2026-03-21 05:00:00,0.0
2026-03-21 05:15:00,0.0
2026-03-21 05:30:00,0.0
2026-03-21 05:45:00,0.0
2026-03-21 06:00:00,0.073
2026-03-21 06:15:00,0.278
2026-03-21 06:30:00,6.41
2026-03-21 06:45:00,17.245
2026-03-21 07:00:00,34.909
2026-03-21 07:15:00,58.341
2026-03-21 07:30:00,85.007
2026-03-21 07:45:00,130.741
2026-03-21 08:00:00,163.3
2026-03-21 08:15:00,199.615
2026-03-21 08:30:00,233.784
2026-03-21 08:45:00,263.83
2026-03-21 09:00:00,304.529
2026-03-21 09:15:00,337.691
2026-03-21 09:30:00,389.116
2026-03-21 09:45:00,436.178
2026-03-21 10:00:00,467.169
2026-03-21 10:15:00,482.722
2026-03-21 10:30:00,537.206
2026-03-21 10:45:00,549.93
2026-03-21 11:00:00,557.649
2026-03-21 11:15:00,560.892
2026-03-21 11:30:00,562.536
2026-03-21 11:45:00,543.911
2026-03-21 12:00:00,542.089
2026-03-21 12:15:00,531.774
2026-03-21 12:30:00,516.567
2026-03-21 12:45:00,520.682
2026-03-21 13:00:00,530.284
2026-03-21 13:15:00,519.336
2026-03-21 13:30:00,527.102
2026-03-21 13:45:00,514.698
2026-03-21 14:00:00,488.835
2026-03-21 14:15:00,455.923
2026-03-21 14:30:00,433.142
2026-03-21 14:45:00,407.322
2026-03-21 15:00:00,367.369
2026-03-21 15:15:00,335.515
2026-03-21 15:30:00,307.379
2026-03-21 15:45:00,277.082
2026-03-21 16:00:00,243.013
2026-03-21 16:15:00,216.813
2026-03-21 16:30:00,184.632
2026-03-21 16:45:00,145.481
2026-03-21 17:00:00,112.883
2026-03-21 17:15:00,82.631
2026-03-21 17:30:00,58.491
2026-03-21 17:45:00,38.028
2026-03-21 18:00:00,18.558
2026-03-21 18:15:00,8.81
2026-03-21 18:30:00,1.19
2026-03-21 18:45:00,0.08
2026-03-21 19:00:00,0.02
2026-03-21 19:15:00,0.0
2026-03-21 19:30:00,0.0
2026-03-21 19:45:00,0.0
2026-03-21 20:00:00,0.0
2026-03-21 20:15:00,0.0
2026-03-21 20:30:00,0.0
2026-03-21 20:45:00,0.0
2026-03-21 21:00:00,0.0
2026-03-21 21:15:00,0.0
2026-03-21 21:30:00,0.0
2026-03-21 21:45:00,0.0
2026-03-21 22:00:00,0.0
2026-03-21 22:15:00,0.0
2026-03-21 22:30:00,0.0
2026-03-21 22:45:00,0.0
2026-03-21 23:00:00,0.0
2026-03-21 23:15:00,0.0
2026-03-21 23:30:00,0.0
2026-03-21 23:45:00,0.0
2026-03-22 00:00:00,0.0
2026-03-22 00:15:00,0.0
2026-03-22 00:30:00,0.0
2026-03-22 00:45:00,0.0
2026-03-22 01:00:00,0.0
2026-03-22 01:15:00,0.0
2026-03-22 01:30:00,0.0
2026-03-22 01:45:00,0.0
2026-03-22 02:00:00,0.0
2026-03-22 02:15:00,0.0
2026-03-22 02:30:00,0.0
2026-03-22 02:45:00,0.0
2026-03-22 03:00:00,0.0
2026-03-22 03:15:00,0.0
2026-03-22 03:30:00,0.0
2026-03-22 03:45:00,0.0
2026-03-22 04:00:00,0.0
2026-03-22 04:15:00,0.0
2026-03-22 04:30:00,0.0
2026-03-22 04:45:00,0.0
2026-03-22 05:00:00,0.0
2026-03-22 05:15:00,0.0
2026-03-22 05:30:00,0.0
2026-03-22 05:45:00,0.0
2026-03-22 06:00:00,0.058
2026-03-22 06:15:00,0.338
2026-03-22 06:30:00,5.914
2026-03-22 06:45:00,12.778
2026-03-22 07:00:00,21.755
2026-03-22 07:15:00,33.589
2026-03-22 07:30:00,46.846
2026-03-22 07:45:00,64.449
2026-03-22 08:00:00,78.385
2026-03-22 08:15:00,94.877
2026-03-22 08:30:00,115.871
2026-03-22 08:45:00,138.568
2026-03-22 09:00:00,157.478
2026-03-22 09:15:00,176.041
2026-03-22 09:30:00,188.046
2026-03-22 09:45:00,211.794
2026-03-22 10:00:00,221.011
2026-03-22 10:15:00,247.568
2026-03-22 10:30:00,263.625
2026-03-22 10:45:00,294.4
2026-03-22 11:00:00,307.139
2026-03-22 11:15:00,318.384
2026-03-22 11:30:00,328.622
2026-03-22 11:45:00,337.118
2026-03-22 12:00:00,357.154
2026-03-22 12:15:00,360.398
2026-03-22 12:30:00,352.101
2026-03-22 12:45:00,347.727
2026-03-22 13:00:00,343.088
2026-03-22 13:15:00,345.598
2026-03-22 13:30:00,352.569
2026-03-22 13:45:00,342.516
2026-03-22 14:00:00,338.127
2026-03-22 14:15:00,329.039
2026-03-22 14:30:00,327.408
2026-03-22 14:45:00,313.108
2026-03-22 15:00:00,308.192
2026-03-22 15:15:00,276.982
2026-03-22 15:30:00,255.903
2026-03-22 15:45:00,222.308
2026-03-22 16:00:00,204.968
2026-03-22 16:15:00,183.236
2026-03-22 16:30:00,149.785
2026-03-22 16:45:00,119.574
2026-03-22 17:00:00,91.153
2026-03-22 17:15:00,72.926
2026-03-22 17:30:00,53.7
2026-03-22 17:45:00,41.097
2026-03-22 18:00:00,22.36
2026-03-22 18:15:00,13.111
2026-03-22 18:30:00,1.215
2026-03-22 18:45:00,0.025
2026-03-22 19:00:00,0.0
2026-03-22 19:15:00,0.0
2026-03-22 19:30:00,0.0
2026-03-22 19:45:00,0.0
2026-03-22 20:00:00,0.0
2026-03-22 20:15:00,0.0
2026-03-22 20:30:00,0.0
2026-03-22 20:45:00,0.0
2026-03-22 21:00:00,0.0
2026-03-22 21:15:00,0.0
2026-03-22 21:30:00,0.0
2026-03-22 21:45:00,0.0
2026-03-22 22:00:00,0.0
2026-03-22 22:15:00,0.0
2026-03-22 22:30:00,0.0
2026-03-22 22:45:00,0.0
2026-03-22 23:00:00,0.0
2026-03-22 23:15:00,0.0
2026-03-22 23:30:00,0.0
2026-03-22 23:45:00,0.0
2026-03-23 00:00:00,0.0
2026-03-23 00:15:00,0.0
2026-03-23 00:30:00,0.0
2026-03-23 00:45:00,0.0
2026-03-23 01:00:00,0.0
2026-03-23 01:15:00,0.0
2026-03-23 01:30:00,0.0
2026-03-23 01:45:00,0.0
2026-03-23 02:00:00,0.0
2026-03-23 02:15:00,0.0
2026-03-23 02:30:00,0.0
2026-03-23 02:45:00,0.0
2026-03-23 03:00:00,0.0
2026-03-23 03:15:00,0.0
2026-03-23 03:30:00,0.0
2026-03-23 03:45:00,0.0
2026-03-23 04:00:00,0.0
2026-03-23 04:15:00,0.0
2026-03-23 04:30:00,0.0
2026-03-23 04:45:00,0.0
2026-03-23 05:00:00,0.0
2026-03-23 05:15:00,0.0
2026-03-23 05:30:00,0.0
2026-03-23 05:45:00,0.0
2026-03-23 06:00:00,0.03
2026-03-23 06:15:00,0.613
2026-03-23 06:30:00,5.25
2026-03-23 06:45:00,9.891
2026-03-23 07:00:00,16.297
2026-03-23 07:15:00,25.713
2026-03-23 07:30:00,35.144
2026-03-23 07:45:00,50.335
2026-03-23 08:00:00,65.564
2026-03-23 08:15:00,79.785
2026-03-23 08:30:00,97.308
2026-03-23 08:45:00,112.326
2026-03-23 09:00:00,127.347
2026-03-23 09:15:00,141.88
2026-03-23 09:30:00,148.113
2026-03-23 09:45:00,158.482
2026-03-23 10:00:00,175.326
2026-03-23 10:15:00,207.774
2026-03-23 10:30:00,227.379
2026-03-23 10:45:00,230.202
2026-03-23 11:00:00,236.673
2026-03-23 11:15:00,262.098
2026-03-23 11:30:00,272.305
2026-03-23 11:45:00,294.917
2026-03-23 12:00:00,307.352
2026-03-23 12:15:00,330.281
2026-03-23 12:30:00,319.806
2026-03-23 12:45:00,302.73
2026-03-23 13:00:00,307.946
2026-03-23 13:15:00,334.739
2026-03-23 13:30:00,339.249
2026-03-23 13:45:00,330.729
2026-03-23 14:00:00,307.707
2026-03-23 14:15:00,294.975
2026-03-23 14:30:00,260.401
2026-03-23 14:45:00,222.661
2026-03-23 15:00:00,195.134
2026-03-23 15:15:00,171.729
2026-03-23 15:30:00,151.207
2026-03-23 15:45:00,140.788
2026-03-23 16:00:00,129.471
2026-03-23 16:15:00,107.659
2026-03-23 16:30:00,87.145
2026-03-23 16:45:00,74.778
2026-03-23 17:00:00,58.802
2026-03-23 17:15:00,40.275
2026-03-23 17:30:00,26.838
2026-03-23 17:45:00,16.883
2026-03-23 18:00:00,10.33
2026-03-23 18:15:00,5.845
2026-03-23 18:30:00,1.27
2026-03-23 18:45:00,0.02
2026-03-23 19:00:00,0.018
2026-03-23 19:15:00,0.0
2026-03-23 19:30:00,0.0
2026-03-23 19:45:00,0.0
2026-03-23 20:00:00,0.0
2026-03-23 20:15:00,0.0
2026-03-23 20:30:00,0.0
2026-03-23 20:45:00,0.0
2026-03-23 21:00:00,0.0
2026-03-23 21:15:00,0.0
2026-03-23 21:30:00,0.0
2026-03-23 21:45:00,0.0
2026-03-23 22:00:00,0.0
2026-03-23 22:15:00,0.0
2026-03-23 22:30:00,0.0
2026-03-23 22:45:00,0.0
2026-03-23 23:00:00,0.0
2026-03-23 23:15:00,0.0
2026-03-23 23:30:00,0.0
2026-03-23 23:45:00,0.0
2026-03-24 00:00:00,0.0
2026-03-24 00:15:00,0.0
2026-03-24 00:30:00,0.0
2026-03-24 00:45:00,0.0
2026-03-24 01:00:00,0.0
2026-03-24 01:15:00,0.0
2026-03-24 01:30:00,0.0
2026-03-24 01:45:00,0.0
2026-03-24 02:00:00,0.0
2026-03-24 02:15:00,0.0
2026-03-24 02:30:00,0.0
2026-03-24 02:45:00,0.0
2026-03-24 03:00:00,0.0
2026-03-24 03:15:00,0.0
2026-03-24 03:30:00,0.0
2026-03-24 03:45:00,0.0
2026-03-24 04:00:00,0.0
2026-03-24 04:15:00,0.0
2026-03-24 04:30:00,0.0
2026-03-24 04:45:00,0.0
2026-03-24 05:00:00,0.0
2026-03-24 05:15:00,0.0
2026-03-24 05:30:00,0.0
2026-03-24 05:45:00,0.0
2026-03-24 06:00:00,0.033
2026-03-24 06:15:00,0.755
2026-03-24 06:30:00,5.413
2026-03-24 06:45:00,9.888
2026-03-24 07:00:00,17.036
2026-03-24 07:15:00,25.838
2026-03-24 07:30:00,36.1
2026-03-24 07:45:00,51.954
2026-03-24 08:00:00,66.047
2026-03-24 08:15:00,78.243
2026-03-24 08:30:00,89.529
2026-03-24 08:45:00,107.945
2026-03-24 09:00:00,123.941
2026-03-24 09:15:00,142.565
2026-03-24 09:30:00,147.468
2026-03-24 09:45:00,168.946
2026-03-24 10:00:00,191.069
2026-03-24 10:15:00,207.471
2026-03-24 10:30:00,231.037
2026-03-24 10:45:00,253.298
2026-03-24 11:00:00,267.519
2026-03-24 11:15:00,278.399
2026-03-24 11:30:00,285.742
2026-03-24 11:45:00,313.183
2026-03-24 12:00:00,311.14
2026-03-24 12:15:00,310.135
2026-03-24 12:30:00,319.352
2026-03-24 12:45:00,321.753
2026-03-24 13:00:00,336.768
2026-03-24 13:15:00,338.93
2026-03-24 13:30:00,335.148
2026-03-24 13:45:00,330.444
2026-03-24 14:00:00,330.616
2026-03-24 14:15:00,303.068
2026-03-24 14:30:00,265.957
2026-03-24 14:45:00,258.334
2026-03-24 15:00:00,253.366
2026-03-24 15:15:00,257.519
2026-03-24 15:30:00,238.307
2026-03-24 15:45:00,209.859
2026-03-24 16:00:00,195.423
2026-03-24 16:15:00,168.348
2026-03-24 16:30:00,144.326
2026-03-24 16:45:00,117.092
2026-03-24 17:00:00,96.068
2026-03-24 17:15:00,77.608
2026-03-24 17:30:00,65.939
2026-03-24 17:45:00,50.586
2026-03-24 18:00:00,40.893
2026-03-24 18:15:00,27.265
2026-03-24 18:30:00,1.988
2026-03-24 18:45:00,0.54
2026-03-24 19:00:00,0.185
2026-03-24 19:15:00,0.105
2026-03-24 19:30:00,0.0
2026-03-24 19:45:00,0.0
2026-03-24 20:00:00,0.0
2026-03-24 20:15:00,0.0
2026-03-24 20:30:00,0.0
2026-03-24 20:45:00,0.0
2026-03-24 21:00:00,0.0
2026-03-24 21:15:00,0.0
2026-03-24 21:30:00,0.0
2026-03-24 21:45:00,0.0
2026-03-24 22:00:00,0.0
2026-03-24 22:15:00,0.0
2026-03-24 22:30:00,0.0
2026-03-24 22:45:00,0.0
2026-03-24 23:00:00,0.0
2026-03-24 23:15:00,0.0
2026-03-24 23:30:00,0.0
2026-03-24 23:45:00,0.0
2026-03-25 00:00:00,0.0
2026-03-25 00:15:00,0.0
2026-03-25 00:30:00,0.0
2026-03-25 00:45:00,0.0
2026-03-25 01:00:00,0.0
2026-03-25 01:15:00,0.0
2026-03-25 01:30:00,0.0
2026-03-25 01:45:00,0.0
2026-03-25 02:00:00,0.0
2026-03-25 02:15:00,0.0
2026-03-25 02:30:00,0.0
2026-03-25 02:45:00,0.0
2026-03-25 03:00:00,0.0
2026-03-25 03:15:00,0.0
2026-03-25 03:30:00,0.0
2026-03-25 03:45:00,0.0
2026-03-25 04:00:00,0.0
2026-03-25 04:15:00,0.0
2026-03-25 04:30:00,0.0
2026-03-25 04:45:00,0.0
2026-03-25 05:00:00,0.0
2026-03-25 05:15:00,0.0
2026-03-25 05:30:00,0.0
2026-03-25 05:45:00,0.0
2026-03-25 06:00:00,0.105
2026-03-25 06:15:00,2.138
2026-03-25 06:30:00,10.49
2026-03-25 06:45:00,25.927
2026-03-25 07:00:00,48.77
2026-03-25 07:15:00,76.34
2026-03-25 07:30:00,106.931
2026-03-25 07:45:00,154.598
2026-03-25 08:00:00,139.048
2026-03-25 08:15:00,227.678
2026-03-25 08:30:00,254.21
2026-03-25 08:45:00,326.272
2026-03-25 09:00:00,292.471
2026-03-25 09:15:00,291.125
2026-03-25 09:30:00,250.854
2026-03-25 09:45:00,176.677
2026-03-25 10:00:00,204.989
2026-03-25 10:15:00,286.177
2026-03-25 10:30:00,422.798
2026-03-25 10:45:00,426.093
2026-03-25 11:00:00,482.594
2026-03-25 11:15:00,538.967
2026-03-25 11:30:00,531.442
2026-03-25 11:45:00,540.252
2026-03-25 12:00:00,527.845
2026-03-25 12:15:00,542.208
2026-03-25 12:30:00,533.916
2026-03-25 12:45:00,519.802
2026-03-25 13:00:00,483.716
2026-03-25 13:15:00,486.949
2026-03-25 13:30:00,476.043
2026-03-25 13:45:00,435.565
2026-03-25 14:00:00,422.89
2026-03-25 14:15:00,390.421
2026-03-25 14:30:00,349.603
2026-03-25 14:45:00,335.466
2026-03-25 15:00:00,319.701
2026-03-25 15:15:00,290.107
2026-03-25 15:30:00,253.254
2026-03-25 15:45:00,229.987
2026-03-25 16:00:00,219.94
2026-03-25 16:15:00,200.697
2026-03-25 16:30:00,182.896
2026-03-25 16:45:00,138.397
2026-03-25 17:00:00,116.75
2026-03-25 17:15:00,84.636
2026-03-25 17:30:00,58.459
2026-03-25 17:45:00,39.652
2026-03-25 18:00:00,25.408
2026-03-25 18:15:00,16.918
2026-03-25 18:30:00,1.298
2026-03-25 18:45:00,0.105
2026-03-25 19:00:00,0.015
2026-03-25 19:15:00,0.06
2026-03-25 19:30:00,0.0
2026-03-25 19:45:00,0.0
2026-03-25 20:00:00,0.0
2026-03-25 20:15:00,0.0
2026-03-25 20:30:00,0.0
2026-03-25 20:45:00,0.0
2026-03-25 21:00:00,0.0
2026-03-25 21:15:00,0.0
2026-03-25 21:30:00,0.0
2026-03-25 21:45:00,0.0
2026-03-25 22:00:00,0.0
2026-03-25 22:15:00,0.0
2026-03-25 22:30:00,0.0
2026-03-25 22:45:00,0.0
2026-03-25 23:00:00,0.0
2026-03-25 23:15:00,0.0
2026-03-25 23:30:00,0.0
2026-03-25 23:45:00,0.0
2026-03-26 00:00:00,0.0
2026-03-26 00:15:00,0.0
2026-03-26 00:30:00,0.0
2026-03-26 00:45:00,0.0
2026-03-26 01:00:00,0.0
2026-03-26 01:15:00,0.0
2026-03-26 01:30:00,0.0
2026-03-26 01:45:00,0.0
2026-03-26 02:00:00,0.0
2026-03-26 02:15:00,0.0
2026-03-26 02:30:00,0.0
2026-03-26 02:45:00,0.0
2026-03-26 03:00:00,0.0
2026-03-26 03:15:00,0.0
2026-03-26 03:30:00,0.0
2026-03-26 03:45:00,0.0
2026-03-26 04:00:00,0.0
2026-03-26 04:15:00,0.0
2026-03-26 04:30:00,0.0
2026-03-26 04:45:00,0.0
2026-03-26 05:00:00,0.0
2026-03-26 05:15:00,0.0
2026-03-26 05:30:00,0.0
2026-03-26 05:45:00,0.0
2026-03-26 06:00:00,0.03
2026-03-26 06:15:00,1.323
2026-03-26 06:30:00,6.34
2026-03-26 06:45:00,11.828
2026-03-26 07:00:00,20.44
2026-03-26 07:15:00,35.23
2026-03-26 07:30:00,50.113
2026-03-26 07:45:00,69.668
2026-03-26 08:00:00,87.467
2026-03-26 08:15:00,99.152
2026-03-26 08:30:00,116.678
2026-03-26 08:45:00,129.959
2026-03-26 09:00:00,144.142
2026-03-26 09:15:00,153.586
2026-03-26 09:30:00,166.848
2026-03-26 09:45:00,183.268
2026-03-26 10:00:00,195.998
2026-03-26 10:15:00,207.466
2026-03-26 10:30:00,213.759
2026-03-26 10:45:00,227.421
2026-03-26 11:00:00,235.571
2026-03-26 11:15:00,258.264
2026-03-26 11:30:00,278.616
2026-03-26 11:45:00,292.003
2026-03-26 12:00:00,301.614
2026-03-26 12:15:00,310.203
2026-03-26 12:30:00,314.78
2026-03-26 12:45:00,337.309
2026-03-26 13:00:00,340.742
2026-03-26 13:15:00,359.511
2026-03-26 13:30:00,361.089
2026-03-26 13:45:00,358.353
2026-03-26 14:00:00,341.491
2026-03-26 14:15:00,331.737
2026-03-26 14:30:00,308.544
2026-03-26 14:45:00,297.956
2026-03-26 15:00:00,288.032
2026-03-26 15:15:00,270.882
2026-03-26 15:30:00,255.066
2026-03-26 15:45:00,232.217
2026-03-26 16:00:00,222.409
2026-03-26 16:15:00,198.129
2026-03-26 16:30:00,171.934
2026-03-26 16:45:00,152.955
2026-03-26 17:00:00,125.383
2026-03-26 17:15:00,98.206
2026-03-26 17:30:00,73.718
2026-03-26 17:45:00,53.039
2026-03-26 18:00:00,37.965
2026-03-26 18:15:00,19.978
2026-03-26 18:30:00,3.363
2026-03-26 18:45:00,0.133
2026-03-26 19:00:00,0.085
2026-03-26 19:15:00,0.023
2026-03-26 19:30:00,0.0
2026-03-26 19:45:00,0.0
2026-03-26 20:00:00,0.0
2026-03-26 20:15:00,0.0
2026-03-26 20:30:00,0.0
2026-03-26 20:45:00,0.0
2026-03-26 21:00:00,0.0
2026-03-26 21:15:00,0.0
2026-03-26 21:30:00,0.0
2026-03-26 21:45:00,0.0
2026-03-26 22:00:00,0.0
2026-03-26 22:15:00,0.0
2026-03-26 22:30:00,0.0
2026-03-26 22:45:00,0.0
2026-03-26 23:00:00,0.0
2026-03-26 23:15:00,0.0
2026-03-26 23:30:00,0.0
2026-03-26 23:45:00,0.0
2026-03-27 00:00:00,0.0
2026-03-27 00:15:00,0.0
2026-03-27 00:30:00,0.0
2026-03-27 00:45:00,0.0
2026-03-27 01:00:00,0.0
2026-03-27 01:15:00,0.0
2026-03-27 01:30:00,0.0
2026-03-27 01:45:00,0.0
2026-03-27 02:00:00,0.0
2026-03-27 02:15:00,0.0
2026-03-27 02:30:00,0.0
2026-03-27 02:45:00,0.0
2026-03-27 03:00:00,0.0
2026-03-27 03:15:00,0.0
2026-03-27 03:30:00,0.0
2026-03-27 03:45:00,0.0
2026-03-27 04:00:00,0.0
2026-03-27 04:15:00,0.0
2026-03-27 04:30:00,0.0
2026-03-27 04:45:00,0.0
2026-03-27 05:00:00,0.0
2026-03-27 05:15:00,0.0
2026-03-27 05:30:00,0.0
2026-03-27 05:45:00,0.0
2026-03-27 06:00:00,0.083
2026-03-27 06:15:00,3.186
2026-03-27 06:30:00,11.487
2026-03-27 06:45:00,23.705
2026-03-27 07:00:00,45.186
2026-03-27 07:15:00,65.231
2026-03-27 07:30:00,80.993
2026-03-27 07:45:00,104.335
2026-03-27 08:00:00,143.053
2026-03-27 08:15:00,150.792
2026-03-27 08:30:00,181.23
2026-03-27 08:45:00,162.361
2026-03-27 09:00:00,162.206
2026-03-27 09:15:00,140.689
2026-03-27 09:30:00,128.344
2026-03-27 09:45:00,157.622
2026-03-27 10:00:00,260.039
2026-03-27 10:15:00,387.297
2026-03-27 10:30:00,370.997
2026-03-27 10:45:00,392.881
2026-03-27 11:00:00,375.57
2026-03-27 11:15:00,377.152
2026-03-27 11:30:00,359.136
2026-03-27 11:45:00,350.336
2026-03-27 12:00:00,346.231
2026-03-27 12:15:00,337.098
2026-03-27 12:30:00,344.454
2026-03-27 12:45:00,342.793
2026-03-27 13:00:00,358.356
2026-03-27 13:15:00,366.305
2026-03-27 13:30:00,369.601
2026-03-27 13:45:00,355.863
2026-03-27 14:00:00,356.89
2026-03-27 14:15:00,329.228
2026-03-27 14:30:00,331.8
2026-03-27 14:45:00,314.874
2026-03-27 15:00:00,299.123
2026-03-27 15:15:00,288.829
2026-03-27 15:30:00,276.197
2026-03-27 15:45:00,237.565
2026-03-27 16:00:00,225.195
2026-03-27 16:15:00,171.242
2026-03-27 16:30:00,153.638
2026-03-27 16:45:00,127.933
2026-03-27 17:00:00,101.502
2026-03-27 17:15:00,78.987
2026-03-27 17:30:00,49.206
2026-03-27 17:45:00,32.776
2026-03-27 18:00:00,19.732
2026-03-27 18:15:00,11.628
2026-03-27 18:30:00,2.758
2026-03-27 18:45:00,0.033
2026-03-27 19:00:00,0.125
2026-03-27 19:15:00,0.01
2026-03-27 19:30:00,0.0
2026-03-27 19:45:00,0.0
2026-03-27 20:00:00,0.0
2026-03-27 20:15:00,0.0
2026-03-27 20:30:00,0.0
2026-03-27 20:45:00,0.0
2026-03-27 21:00:00,0.0
2026-03-27 21:15:00,0.0
2026-03-27 21:30:00,0.0
2026-03-27 21:45:00,0.0
2026-03-27 22:00:00,0.0
2026-03-27 22:15:00,0.0
2026-03-27 22:30:00,0.0
2026-03-27 22:45:00,0.0
2026-03-27 23:00:00,0.0
2026-03-27 23:15:00,0.0
2026-03-27 23:30:00,0.0
2026-03-27 23:45:00,0.0
2026-03-28 00:00:00,0.0
2026-03-28 00:15:00,0.0
2026-03-28 00:30:00,0.0
2026-03-28 00:45:00,0.0
2026-03-28 01:00:00,0.0
2026-03-28 01:15:00,0.0
2026-03-28 01:30:00,0.0
2026-03-28 01:45:00,0.0
2026-03-28 02:00:00,0.0
2026-03-28 02:15:00,0.0
2026-03-28 02:30:00,0.0
2026-03-28 02:45:00,0.0
2026-03-28 03:00:00,0.0
2026-03-28 03:15:00,0.0
2026-03-28 03:30:00,0.0
2026-03-28 03:45:00,0.0
2026-03-28 04:00:00,0.0
2026-03-28 04:15:00,0.0
2026-03-28 04:30:00,0.0
2026-03-28 04:45:00,0.0
2026-03-28 05:00:00,0.0
2026-03-28 05:15:00,0.0
2026-03-28 05:30:00,0.0
2026-03-28 05:45:00,0.0
2026-03-28 06:00:00,0.045
2026-03-28 06:15:00,3.042
2026-03-28 06:30:00,7.865
2026-03-28 06:45:00,15.987
2026-03-28 07:00:00,28.463
2026-03-28 07:15:00,41.627
2026-03-28 07:30:00,59.778
2026-03-28 07:45:00,81.32
2026-03-28 08:00:00,101.517
2026-03-28 08:15:00,120.914
2026-03-28 08:30:00,144.146
2026-03-28 08:45:00,165.83
2026-03-28 09:00:00,182.748
2026-03-28 09:15:00,198.31
2026-03-28 09:30:00,209.473
2026-03-28 09:45:00,235.28
2026-03-28 10:00:00,236.921
2026-03-28 10:15:00,253.378
2026-03-28 10:30:00,277.648
2026-03-28 10:45:00,281.606
2026-03-28 11:00:00,293.871
2026-03-28 11:15:00,317.193
2026-03-28 11:30:00,314.669
2026-03-28 11:45:00,300.865
2026-03-28 12:00:00,299.659
2026-03-28 12:15:00,300.503
2026-03-28 12:30:00,293.706
2026-03-28 12:45:00,300.59
2026-03-28 13:00:00,307.576
2026-03-28 13:15:00,325.256
2026-03-28 13:30:00,307.832
2026-03-28 13:45:00,305.826
2026-03-28 14:00:00,286.829
2026-03-28 14:15:00,277.965
2026-03-28 14:30:00,261.791
2026-03-28 14:45:00,259.732
2026-03-28 15:00:00,262.815
2026-03-28 15:15:00,261.621
2026-03-28 15:30:00,245.711
2026-03-28 15:45:00,229.084
2026-03-28 16:00:00,202.045
2026-03-28 16:15:00,184.161
2026-03-28 16:30:00,181.735
2026-03-28 16:45:00,151.62
2026-03-28 17:00:00,126.29
2026-03-28 17:15:00,114.42
2026-03-28 17:30:00,75.922
2026-03-28 17:45:00,49.795
2026-03-28 18:00:00,27.729
2026-03-28 18:15:00,16.464
2026-03-28 18:30:00,5.258
2026-03-28 18:45:00,0.185
2026-03-28 19:00:00,0.118
2026-03-28 19:15:00,0.053
2026-03-28 19:30:00,0.0
2026-03-28 19:45:00,0.0
2026-03-28 20:00:00,0.0
2026-03-28 20:15:00,0.0
2026-03-28 20:30:00,0.0
2026-03-28 20:45:00,0.0
2026-03-28 21:00:00,0.0
2026-03-28 21:15:00,0.0
2026-03-28 21:30:00,0.0
2026-03-28 21:45:00,0.0
2026-03-28 22:00:00,0.0
2026-03-28 22:15:00,0.0
2026-03-28 22:30:00,0.0
2026-03-28 22:45:00,0.0
2026-03-28 23:00:00,0.0
2026-03-28 23:15:00,0.0
2026-03-28 23:30:00,0.0
2026-03-28 23:45:00,0.0
2026-03-29 00:00:00,0.0
2026-03-29 00:15:00,0.0
2026-03-29 00:30:00,0.0
2026-03-29 00:45:00,0.0
2026-03-29 01:00:00,0.0
2026-03-29 01:15:00,0.0
2026-03-29 01:30:00,0.0
2026-03-29 01:45:00,0.0
2026-03-29 02:00:00,0.0
2026-03-29 02:15:00,0.0
2026-03-29 02:30:00,0.0
2026-03-29 02:45:00,0.0
2026-03-29 03:00:00,0.0
2026-03-29 03:15:00,0.0
2026-03-29 03:30:00,0.0
2026-03-29 03:45:00,0.0
2026-03-29 04:00:00,0.0
2026-03-29 04:15:00,0.0
2026-03-29 04:30:00,0.0
2026-03-29 04:45:00,0.0
2026-03-29 05:00:00,0.0
2026-03-29 05:15:00,0.0
2026-03-29 05:30:00,0.0
2026-03-29 05:45:00,0.0
2026-03-29 06:00:00,0.06
2026-03-29 06:15:00,3.068
2026-03-29 06:30:00,8.346
2026-03-29 06:45:00,18.102
2026-03-29 07:00:00,32.345
2026-03-29 07:15:00,46.9
2026-03-29 07:30:00,57.335
2026-03-29 07:45:00,62.683
2026-03-29 08:00:00,73.03
2026-03-29 08:15:00,74.02
2026-03-29 08:30:00,87.284
2026-03-29 08:45:00,97.955
2026-03-29 09:00:00,108.217
2026-03-29 09:15:00,128.41
2026-03-29 09:30:00,125.239
2026-03-29 09:45:00,148.372
2026-03-29 10:00:00,187.372
2026-03-29 10:15:00,189.216
2026-03-29 10:30:00,186.083
2026-03-29 10:45:00,184.183
2026-03-29 11:00:00,229.426
2026-03-29 11:15:00,228.625
2026-03-29 11:30:00,192.157
2026-03-29 11:45:00,147.681
2026-03-29 12:00:00,256.094
2026-03-29 12:15:00,223.52
2026-03-29 12:30:00,218.745
2026-03-29 12:45:00,199.96
2026-03-29 13:00:00,219.813
2026-03-29 13:15:00,227.409
2026-03-29 13:30:00,228.452
2026-03-29 13:45:00,170.2
2026-03-29 14:00:00,207.264
2026-03-29 14:15:00,159.498
2026-03-29 14:30:00,215.619
2026-03-29 14:45:00,216.759
2026-03-29 15:00:00,199.978
2026-03-29 15:15:00,175.961
2026-03-29 15:30:00,168.671
2026-03-29 15:45:00,150.202
2026-03-29 16:00:00,125.824
2026-03-29 16:15:00,102.1
2026-03-29 16:30:00,87.099
2026-03-29 16:45:00,64.72
2026-03-29 17:00:00,46.542
2026-03-29 17:15:00,33.965
2026-03-29 17:30:00,26.693
2026-03-29 17:45:00,17.103
2026-03-29 18:00:00,10.759
2026-03-29 18:15:00,7.368
2026-03-29 18:30:00,3.113
2026-03-29 18:45:00,0.163
2026-03-29 19:00:00,0.133
2026-03-29 19:15:00,0.113
2026-03-29 19:30:00,0.0
2026-03-29 19:45:00,0.0
2026-03-29 20:00:00,0.0
2026-03-29 20:15:00,0.0
2026-03-29 20:30:00,0.0
2026-03-29 20:45:00,0.0
2026-03-29 21:00:00,0.0
2026-03-29 21:15:00,0.0
2026-03-29 21:30:00,0.0
2026-03-29 21:45:00,0.0
2026-03-29 22:00:00,0.0
2026-03-29 22:15:00,0.0
2026-03-29 22:30:00,0.0
2026-03-29 22:45:00,0.0
2026-03-29 23:00:00,0.0
2026-03-29 23:15:00,0.0
2026-03-29 23:30:00,0.0
2026-03-29 23:45:00,0.0
2026-03-30 00:00:00,0.0
2026-03-30 00:15:00,0.0
2026-03-30 00:30:00,0.0
2026-03-30 00:45:00,0.0
2026-03-30 01:00:00,0.0
2026-03-30 01:15:00,0.0
2026-03-30 01:30:00,0.0
2026-03-30 01:45:00,0.0
2026-03-30 02:00:00,0.0
2026-03-30 02:15:00,0.0
2026-03-30 02:30:00,0.0
2026-03-30 02:45:00,0.0
2026-03-30 03:00:00,0.0
2026-03-30 03:15:00,0.0
2026-03-30 03:30:00,0.0
2026-03-30 03:45:00,0.0
2026-03-30 04:00:00,0.0
2026-03-30 04:15:00,0.0
2026-03-30 04:30:00,0.0
2026-03-30 04:45:00,0.0
2026-03-30 05:00:00,0.0
2026-03-30 05:15:00,0.0
2026-03-30 05:30:00,0.0
2026-03-30 05:45:00,0.0
2026-03-30 06:00:00,0.078
2026-03-30 06:15:00,4.325
2026-03-30 06:30:00,11.68
2026-03-30 06:45:00,19.463
2026-03-30 07:00:00,28.978
2026-03-30 07:15:00,41.913
2026-03-30 07:30:00,57.437
2026-03-30 07:45:00,65.953
2026-03-30 08:00:00,77.696
2026-03-30 08:15:00,92.19
2026-03-30 08:30:00,121.678
2026-03-30 08:45:00,134.946
2026-03-30 09:00:00,143.113
2026-03-30 09:15:00,137.227
2026-03-30 09:30:00,135.581
2026-03-30 09:45:00,124.447
2026-03-30 10:00:00,149.789
2026-03-30 10:15:00,152.882
2026-03-30 10:30:00,170.695
2026-03-30 10:45:00,217.466
2026-03-30 11:00:00,194.005
2026-03-30 11:15:00,188.829
2026-03-30 11:30:00,177.023
2026-03-30 11:45:00,177.0
2026-03-30 12:00:00,187.436
2026-03-30 12:15:00,225.4
2026-03-30 12:30:00,217.835
2026-03-30 12:45:00,230.991
2026-03-30 13:00:00,219.571
2026-03-30 13:15:00,193.861
2026-03-30 13:30:00,183.11
2026-03-30 13:45:00,156.371
2026-03-30 14:00:00,127.032
2026-03-30 14:15:00,121.216
2026-03-30 14:30:00,97.671
2026-03-30 14:45:00,92.685
2026-03-30 15:00:00,99.467
2026-03-30 15:15:00,91.848
2026-03-30 15:30:00,115.573
2026-03-30 15:45:00,154.738
2026-03-30 16:00:00,198.524
2026-03-30 16:15:00,206.88
2026-03-30 16:30:00,157.262
2026-03-30 16:45:00,109.286
2026-03-30 17:00:00,100.341
2026-03-30 17:15:00,74.743
2026-03-30 17:30:00,53.052
2026-03-30 17:45:00,41.2
2026-03-30 18:00:00,25.091
2026-03-30 18:15:00,18.827
2026-03-30 18:30:00,3.962
2026-03-30 18:45:00,0.23
2026-03-30 19:00:00,0.138
2026-03-30 19:15:00,0.113
2026-03-30 19:30:00,0.0
2026-03-30 19:45:00,0.0
2026-03-30 20:00:00,0.0
2026-03-30 20:15:00,0.0
2026-03-30 20:30:00,0.0
2026-03-30 20:45:00,0.0
2026-03-30 21:00:00,0.0
2026-03-30 21:15:00,0.0
2026-03-30 21:30:00,0.0
2026-03-30 21:45:00,0.0
2026-03-30 22:00:00,0.0
2026-03-30 22:15:00,0.0
2026-03-30 22:30:00,0.0
2026-03-30 22:45:00,0.0
2026-03-30 23:00:00,0.0
2026-03-30 23:15:00,0.0
2026-03-30 23:30:00,0.0
2026-03-30 23:45:00,0.0
2026-03-31 00:00:00,0.0
2026-03-31 00:15:00,0.0
2026-03-31 00:30:00,0.0
2026-03-31 00:45:00,0.0
2026-03-31 01:00:00,0.0
2026-03-31 01:15:00,0.0
2026-03-31 01:30:00,0.0
2026-03-31 01:45:00,0.0
2026-03-31 02:00:00,0.0
2026-03-31 02:15:00,0.0
2026-03-31 02:30:00,0.0
2026-03-31 02:45:00,0.0
2026-03-31 03:00:00,0.0
2026-03-31 03:15:00,0.0
2026-03-31 03:30:00,0.0
2026-03-31 03:45:00,0.0
2026-03-31 04:00:00,0.0
2026-03-31 04:15:00,0.0
2026-03-31 04:30:00,0.0
2026-03-31 04:45:00,0.0
2026-03-31 05:00:00,0.0
2026-03-31 05:15:00,0.0
2026-03-31 05:30:00,0.0
2026-03-31 05:45:00,0.0
2026-03-31 06:00:00,0.03
2026-03-31 06:15:00,4.385
2026-03-31 06:30:00,6.48
2026-03-31 06:45:00,8.985
2026-03-31 07:00:00,12.426
2026-03-31 07:15:00,17.902
2026-03-31 07:30:00,22.302
2026-03-31 07:45:00,29.124
2026-03-31 08:00:00,34.156
2026-03-31 08:15:00,44.932
2026-03-31 08:30:00,54.025
2026-03-31 08:45:00,69.982
2026-03-31 09:00:00,77.369
2026-03-31 09:15:00,89.891
2026-03-31 09:30:00,99.284
2026-03-31 09:45:00,119.655
2026-03-31 10:00:00,132.306
2026-03-31 10:15:00,138.933
2026-03-31 10:30:00,170.89
2026-03-31 10:45:00,198.696
2026-03-31 11:00:00,221.225
2026-03-31 11:15:00,253.331
2026-03-31 11:30:00,249.013
2026-03-31 11:45:00,225.206
2026-03-31 12:00:00,290.139
2026-03-31 12:15:00,292.862
2026-03-31 12:30:00,305.795
2026-03-31 12:45:00,294.055
2026-03-31 13:00:00,272.455
2026-03-31 13:15:00,246.526
2026-03-31 13:30:00,220.224
2026-03-31 13:45:00,121.908
2026-03-31 14:00:00,83.123
2026-03-31 14:15:00,83.215
2026-03-31 14:30:00,83.608
2026-03-31 14:45:00,84.012
2026-03-31 15:00:00,83.844
2026-03-31 15:15:00,83.744
2026-03-31 15:30:00,83.944
2026-03-31 15:45:00,83.544
2026-03-31 16:00:00,112.996
2026-03-31 16:15:00,97.761
2026-03-31 16:30:00,93.383
2026-03-31 16:45:00,93.306
2026-03-31 17:00:00,77.829
2026-03-31 17:15:00,73.29
2026-03-31 17:30:00,66.738
2026-03-31 17:45:00,54.577
2026-03-31 18:00:00,42.459
2026-03-31 18:15:00,24.974
2026-03-31 18:30:00,6.493
2026-03-31 18:45:00,0.54
2026-03-31 19:00:00,0.483
2026-03-31 19:15:00,0.288
2026-03-31 19:30:00,0.0
2026-03-31 19:45:00,0.0
2026-03-31 20:00:00,0.0
2026-03-31 20:15:00,0.0
2026-03-31 20:30:00,0.0
2026-03-31 20:45:00,0.0
2026-03-31 21:00:00,0.0
2026-03-31 21:15:00,0.0
2026-03-31 21:30:00,0.0
2026-03-31 21:45:00,0.0
2026-03-31 22:00:00,0.0
2026-03-31 22:15:00,0.0
2026-03-31 22:30:00,0.0
2026-03-31 22:45:00,0.0
2026-03-31 23:00:00,0.0
2026-03-31 23:15:00,0.0
2026-03-31 23:30:00,0.0
2026-03-31 23:45:00,0.0
2026-04-01 00:00:00,0.0
2026-04-01 00:15:00,0.0
2026-04-01 00:30:00,0.0
2026-04-01 00:45:00,0.0
2026-04-01 01:00:00,0.0
2026-04-01 01:15:00,0.0
2026-04-01 01:30:00,0.0
2026-04-01 01:45:00,0.0
2026-04-01 02:00:00,0.0
2026-04-01 02:15:00,0.0
2026-04-01 02:30:00,0.0
2026-04-01 02:45:00,0.0
2026-04-01 03:00:00,0.0
2026-04-01 03:15:00,0.0
2026-04-01 03:30:00,0.0
2026-04-01 03:45:00,0.0
2026-04-01 04:00:00,0.0
2026-04-01 04:15:00,0.0
2026-04-01 04:30:00,0.0
2026-04-01 04:45:00,0.0
2026-04-01 05:00:00,0.0
2026-04-01 05:15:00,0.0
2026-04-01 05:30:00,0.0
2026-04-01 05:45:00,0.0
2026-04-01 06:00:00,0.358
2026-04-01 06:15:00,10.408
2026-04-01 06:30:00,27.601
2026-04-01 06:45:00,59.468
2026-04-01 07:00:00,105.058
2026-04-01 07:15:00,155.211
2026-04-01 07:30:00,187.036
2026-04-01 07:45:00,156.815
2026-04-01 08:00:00,144.462
2026-04-01 08:15:00,144.929
2026-04-01 08:30:00,136.966
2026-04-01 08:45:00,249.967
2026-04-01 09:00:00,389.13
2026-04-01 09:15:00,379.736
2026-04-01 09:30:00,509.29
2026-04-01 09:45:00,650.247
2026-04-01 10:00:00,780.835
2026-04-01 10:15:00,820.337
2026-04-01 10:30:00,748.473
2026-04-01 10:45:00,535.004
2026-04-01 11:00:00,536.272
2026-04-01 11:15:00,467.785
2026-04-01 11:30:00,318.942
2026-04-01 11:45:00,356.535
2026-04-01 12:00:00,575.036
2026-04-01 12:15:00,510.807
2026-04-01 12:30:00,613.89
2026-04-01 12:45:00,450.946
2026-04-01 13:00:00,364.286
2026-04-01 13:15:00,275.656
2026-04-01 13:30:00,335.203
2026-04-01 13:45:00,272.846
2026-04-01 14:00:00,527.857
2026-04-01 14:15:00,585.421
2026-04-01 14:30:00,593.577
2026-04-01 14:45:00,465.192
2026-04-01 15:00:00,612.536
2026-04-01 15:15:00,651.421
2026-04-01 15:30:00,687.814
2026-04-01 15:45:00,710.484
2026-04-01 16:00:00,638.585
2026-04-01 16:15:00,564.471
2026-04-01 16:30:00,474.109
2026-04-01 16:45:00,328.731
2026-04-01 17:00:00,229.087
2026-04-01 17:15:00,109.003
2026-04-01 17:30:00,113.798
2026-04-01 17:45:00,111.971
2026-04-01 18:00:00,62.888
2026-04-01 18:15:00,43.266
2026-04-01 18:30:00,9.381
2026-04-01 18:45:00,2.96
2026-04-01 19:00:00,0.49
2026-04-01 19:15:00,0.328
2026-04-01 19:30:00,0.0
2026-04-01 19:45:00,0.0
2026-04-01 20:00:00,0.0
2026-04-01 20:15:00,0.0
2026-04-01 20:30:00,0.0
2026-04-01 20:45:00,0.0
2026-04-01 21:00:00,0.0
2026-04-01 21:15:00,0.0
2026-04-01 21:30:00,0.0
2026-04-01 21:45:00,0.0
2026-04-01 22:00:00,0.0
2026-04-01 22:15:00,0.0
2026-04-01 22:30:00,0.0
2026-04-01 22:45:00,0.0
2026-04-01 23:00:00,0.0
2026-04-01 23:15:00,0.0
2026-04-01 23:30:00,0.0
2026-04-01 23:45:00,0.0
2026-04-02 00:00:00,0.0
2026-04-02 00:15:00,0.0
2026-04-02 00:30:00,0.0
2026-04-02 00:45:00,0.0
2026-04-02 01:00:00,0.0
2026-04-02 01:15:00,0.0
2026-04-02 01:30:00,0.0
2026-04-02 01:45:00,0.0
2026-04-02 02:00:00,0.0
2026-04-02 02:15:00,0.0
2026-04-02 02:30:00,0.0
2026-04-02 02:45:00,0.0
2026-04-02 03:00:00,0.0
2026-04-02 03:15:00,0.0
2026-04-02 03:30:00,0.0
2026-04-02 03:45:00,0.0
2026-04-02 04:00:00,0.0
2026-04-02 04:15:00,0.0
2026-04-02 04:30:00,0.0
2026-04-02 04:45:00,0.0
2026-04-02 05:00:00,0.0
2026-04-02 05:15:00,0.0
2026-04-02 05:30:00,0.0
2026-04-02 05:45:00,0.0
2026-04-02 06:00:00,0.04
2026-04-02 06:15:00,5.953
2026-04-02 06:30:00,10.213
2026-04-02 06:45:00,16.382
2026-04-02 07:00:00,23.563
2026-04-02 07:15:00,33.037
2026-04-02 07:30:00,41.534
2026-04-02 07:45:00,52.227
2026-04-02 08:00:00,58.514
2026-04-02 08:15:00,64.364
2026-04-02 08:30:00,73.395
2026-04-02 08:45:00,83.305
2026-04-02 09:00:00,89.468
2026-04-02 09:15:00,102.263
2026-04-02 09:30:00,109.268
2026-04-02 09:45:00,117.899
2026-04-02 10:00:00,145.257
2026-04-02 10:15:00,160.037
2026-04-02 10:30:00,171.859
2026-04-02 10:45:00,177.293
2026-04-02 11:00:00,197.305
2026-04-02 11:15:00,205.169
2026-04-02 11:30:00,209.604
2026-04-02 11:45:00,231.588
2026-04-02 12:00:00,238.446
2026-04-02 12:15:00,243.01
2026-04-02 12:30:00,241.037
2026-04-02 12:45:00,246.952
2026-04-02 13:00:00,243.612
2026-04-02 13:15:00,212.096
2026-04-02 13:30:00,243.271
2026-04-02 13:45:00,216.067
2026-04-02 14:00:00,226.578
2026-04-02 14:15:00,209.685
2026-04-02 14:30:00,183.856
2026-04-02 14:45:00,183.317
2026-04-02 15:00:00,170.165
2026-04-02 15:15:00,163.328
2026-04-02 15:30:00,147.918
2026-04-02 15:45:00,127.297
2026-04-02 16:00:00,116.609
2026-04-02 16:15:00,103.095
2026-04-02 16:30:00,82.275
2026-04-02 16:45:00,68.874
2026-04-02 17:00:00,55.32
2026-04-02 17:15:00,47.408
2026-04-02 17:30:00,34.66
2026-04-02 17:45:00,25.255
2026-04-02 18:00:00,16.825
2026-04-02 18:15:00,14.071
2026-04-02 18:30:00,4.742
2026-04-02 18:45:00,1.179
2026-04-02 19:00:00,0.02
2026-04-02 19:15:00,0.008
2026-04-02 19:30:00,0.0
2026-04-02 19:45:00,0.0
2026-04-02 20:00:00,0.0
2026-04-02 20:15:00,0.0
2026-04-02 20:30:00,0.0
2026-04-02 20:45:00,0.0
2026-04-02 21:00:00,0.0
2026-04-02 21:15:00,0.0
2026-04-02 21:30:00,0.0
2026-04-02 21:45:00,0.0
2026-04-02 22:00:00,0.0
2026-04-02 22:15:00,0.0
2026-04-02 22:30:00,0.0
2026-04-02 22:45:00,0.0
2026-04-02 23:00:00,0.0
2026-04-02 23:15:00,0.0
2026-04-02 23:30:00,0.0
2026-04-02 23:45:00,0.0
2026-04-03 00:00:00,0.0
2026-04-03 00:15:00,0.0
2026-04-03 00:30:00,0.0
2026-04-03 00:45:00,0.0
2026-04-03 01:00:00,0.0
2026-04-03 01:15:00,0.0
2026-04-03 01:30:00,0.0
2026-04-03 01:45:00,0.0
2026-04-03 02:00:00,0.0
2026-04-03 02:15:00,0.0
2026-04-03 02:30:00,0.0
2026-04-03 02:45:00,0.0
2026-04-03 03:00:00,0.0
2026-04-03 03:15:00,0.0
2026-04-03 03:30:00,0.0
2026-04-03 03:45:00,0.0
2026-04-03 04:00:00,0.0
2026-04-03 04:15:00,0.0
2026-04-03 04:30:00,0.0
2026-04-03 04:45:00,0.0
2026-04-03 05:00:00,0.0
2026-04-03 05:15:00,0.0
2026-04-03 05:30:00,0.0
2026-04-03 05:45:00,0.0
2026-04-03 06:00:00,0.043
2026-04-03 06:15:00,5.06
2026-04-03 06:30:00,8.148
2026-04-03 06:45:00,10.916
2026-04-03 07:00:00,15.48
2026-04-03 07:15:00,23.04
2026-04-03 07:30:00,30.494
2026-04-03 07:45:00,41.085
2026-04-03 08:00:00,49.281
2026-04-03 08:15:00,61.201
2026-04-03 08:30:00,75.752
2026-04-03 08:45:00,87.46
2026-04-03 09:00:00,75.159
2026-04-03 09:15:00,81.437
2026-04-03 09:30:00,113.148
2026-04-03 09:45:00,120.238
2026-04-03 10:00:00,142.892
2026-04-03 10:15:00,157.05
2026-04-03 10:30:00,181.94
2026-04-03 10:45:00,199.052
2026-04-03 11:00:00,213.506
2026-04-03 11:15:00,211.946
2026-04-03 11:30:00,186.448
2026-04-03 11:45:00,147.413
2026-04-03 12:00:00,184.231
2026-04-03 12:15:00,188.755
2026-04-03 12:30:00,188.216
2026-04-03 12:45:00,134.65
2026-04-03 13:00:00,81.896
2026-04-03 13:15:00,82.073
2026-04-03 13:30:00,82.136
2026-04-03 13:45:00,83.5
2026-04-03 14:00:00,83.457
2026-04-03 14:15:00,83.455
2026-04-03 14:30:00,82.733
2026-04-03 14:45:00,83.241
2026-04-03 15:00:00,82.04
2026-04-03 15:15:00,0.0
2026-04-03 15:30:00,0.106
2026-04-03 15:45:00,0.0
2026-04-03 16:00:00,0.0
2026-04-03 16:15:00,0.0
2026-04-03 16:30:00,0.0
2026-04-03 16:45:00,0.0
2026-04-03 17:00:00,0.0
2026-04-03 17:15:00,0.0
2026-04-03 17:30:00,0.0
2026-04-03 17:45:00,73.228
2026-04-03 18:00:00,46.567
2026-04-03 18:15:00,33.676
2026-04-03 18:30:00,14.588
2026-04-03 18:45:00,1.603
2026-04-03 19:00:00,0.578
2026-04-03 19:15:00,0.22
2026-04-03 19:30:00,0.0
2026-04-03 19:45:00,0.0
2026-04-03 20:00:00,0.0
2026-04-03 20:15:00,0.0
2026-04-03 20:30:00,0.0
2026-04-03 20:45:00,0.0
2026-04-03 21:00:00,0.0
2026-04-03 21:15:00,0.0
2026-04-03 21:30:00,0.0
2026-04-03 21:45:00,0.0
2026-04-03 22:00:00,0.0
2026-04-03 22:15:00,0.0
2026-04-03 22:30:00,0.0
2026-04-03 22:45:00,0.0
2026-04-03 23:00:00,0.0
2026-04-03 23:15:00,0.0
2026-04-03 23:30:00,0.0
2026-04-03 23:45:00,0.0
2026-04-04 00:00:00,0.0
2026-04-04 00:15:00,0.0
2026-04-04 00:30:00,0.0
2026-04-04 00:45:00,0.0
2026-04-04 01:00:00,0.0
2026-04-04 01:15:00,0.0
2026-04-04 01:30:00,0.0
2026-04-04 01:45:00,0.0
2026-04-04 02:00:00,0.0
2026-04-04 02:15:00,0.0
2026-04-04 02:30:00,0.0
2026-04-04 02:45:00,0.0
2026-04-04 03:00:00,0.0
2026-04-04 03:15:00,0.0
2026-04-04 03:30:00,0.0
2026-04-04 03:45:00,0.0
2026-04-04 04:00:00,0.0
2026-04-04 04:15:00,0.0
2026-04-04 04:30:00,0.0
2026-04-04 04:45:00,0.0
2026-04-04 05:00:00,0.0
2026-04-04 05:15:00,0.0
2026-04-04 05:30:00,0.0
2026-04-04 05:45:00,0.0
2026-04-04 06:00:00,0.0
2026-04-04 06:15:00,4.314
2026-04-04 06:30:00,9.95
2026-04-04 06:45:00,36.151
2026-04-04 07:00:00,58.108
2026-04-04 07:15:00,84.864
2026-04-04 07:30:00,52.694
2026-04-04 07:45:00,16.588
2026-04-04 08:00:00,0.0
2026-04-04 08:15:00,0.0
2026-04-04 08:30:00,0.0
2026-04-04 08:45:00,0.0
2026-04-04 09:00:00,0.0
2026-04-04 09:15:00,0.0
2026-04-04 09:30:00,28.224
2026-04-04 09:45:00,59.166
2026-04-04 10:00:00,41.269
2026-04-04 10:15:00,0.0
2026-04-04 10:30:00,0.0
2026-04-04 10:45:00,0.0
2026-04-04 11:00:00,30.217
2026-04-04 11:15:00,0.0
2026-04-04 11:30:00,0.0
2026-04-04 11:45:00,0.0
2026-04-04 12:00:00,0.0
2026-04-04 12:15:00,0.0
2026-04-04 12:30:00,0.0
2026-04-04 12:45:00,0.0
2026-04-04 13:00:00,0.0
2026-04-04 13:15:00,0.0
2026-04-04 13:30:00,0.0
2026-04-04 13:45:00,0.0
2026-04-04 14:00:00,0.0
2026-04-04 14:15:00,0.0
2026-04-04 14:30:00,0.0
2026-04-04 14:45:00,0.0
2026-04-04 15:00:00,0.0
2026-04-04 15:15:00,0.0
2026-04-04 15:30:00,0.0
2026-04-04 15:45:00,0.0
2026-04-04 16:00:00,0.0
2026-04-04 16:15:00,0.0
2026-04-04 16:30:00,0.0
2026-04-04 16:45:00,0.0
2026-04-04 17:00:00,105.704
2026-04-04 17:15:00,15.459
2026-04-04 17:30:00,44.976
2026-04-04 17:45:00,0.0
2026-04-04 18:00:00,27.12
2026-04-04 18:15:00,23.941
2026-04-04 18:30:00,10.939
2026-04-04 18:45:00,0.598
2026-04-04 19:00:00,0.578
2026-04-04 19:15:00,0.228
2026-04-04 19:30:00,0.0
2026-04-04 19:45:00,0.0
2026-04-04 20:00:00,0.0
2026-04-04 20:15:00,0.0
2026-04-04 20:30:00,0.0
2026-04-04 20:45:00,0.0
2026-04-04 21:00:00,0.0
2026-04-04 21:15:00,0.0
2026-04-04 21:30:00,0.0
2026-04-04 21:45:00,0.0
2026-04-04 22:00:00,0.0
2026-04-04 22:15:00,0.0
2026-04-04 22:30:00,0.0
2026-04-04 22:45:00,0.0
2026-04-04 23:00:00,0.0
2026-04-04 23:15:00,0.0
2026-04-04 23:30:00,0.0
2026-04-04 23:45:00,0.0
2026-04-05 00:00:00,0.0
2026-04-05 00:15:00,0.0
2026-04-05 00:30:00,0.0
2026-04-05 00:45:00,0.0
2026-04-05 01:00:00,0.0
2026-04-05 01:15:00,0.0
2026-04-05 01:30:00,0.0
2026-04-05 01:45:00,0.0
2026-04-05 02:00:00,0.0
2026-04-05 02:15:00,0.0
2026-04-05 02:30:00,0.0
2026-04-05 02:45:00,0.0
2026-04-05 03:00:00,0.0
2026-04-05 03:15:00,0.0
2026-04-05 03:30:00,0.0
2026-04-05 03:45:00,0.0
2026-04-05 04:00:00,0.0
2026-04-05 04:15:00,0.0
2026-04-05 04:30:00,0.0
2026-04-05 04:45:00,0.0
2026-04-05 05:00:00,0.0
2026-04-05 05:15:00,0.0
2026-04-05 05:30:00,0.0
2026-04-05 05:45:00,0.0
2026-04-05 06:00:00,0.0
2026-04-05 06:15:00,0.0
2026-04-05 06:30:00,0.0
2026-04-05 06:45:00,12.094
2026-04-05 07:00:00,0.0
2026-04-05 07:15:00,0.0
2026-04-05 07:30:00,0.0
2026-04-05 07:45:00,0.0
2026-04-05 08:00:00,0.0
2026-04-05 08:15:00,0.0
2026-04-05 08:30:00,0.0
2026-04-05 08:45:00,0.0
2026-04-05 09:00:00,0.0
2026-04-05 09:15:00,0.0
2026-04-05 09:30:00,0.0
2026-04-05 09:45:00,0.0
2026-04-05 10:00:00,0.0
2026-04-05 10:15:00,0.0
2026-04-05 10:30:00,0.0
2026-04-05 10:45:00,0.0
2026-04-05 11:00:00,0.0
2026-04-05 11:15:00,0.0
2026-04-05 11:30:00,0.0
2026-04-05 11:45:00,0.0
2026-04-05 12:00:00,0.0
2026-04-05 12:15:00,0.0
2026-04-05 12:30:00,0.0
2026-04-05 12:45:00,0.0
2026-04-05 13:00:00,6.442
2026-04-05 13:15:00,0.0
2026-04-05 13:30:00,0.0
2026-04-05 13:45:00,0.0
2026-04-05 14:00:00,0.0
2026-04-05 14:15:00,0.0
2026-04-05 14:30:00,0.0
2026-04-05 14:45:00,0.0
2026-04-05 15:00:00,0.0
2026-04-05 15:15:00,0.0
2026-04-05 15:30:00,6.269
2026-04-05 15:45:00,2.468
2026-04-05 16:00:00,42.809
2026-04-05 16:15:00,65.39
2026-04-05 16:30:00,95.237
2026-04-05 16:45:00,82.613
2026-04-05 17:00:00,66.861
2026-04-05 17:15:00,40.906
2026-04-05 17:30:00,23.615
2026-04-05 17:45:00,29.779
2026-04-05 18:00:00,20.163
2026-04-05 18:15:00,12.584
2026-04-05 18:30:00,6.517
2026-04-05 18:45:00,0.514
2026-04-05 19:00:00,0.011
2026-04-05 19:15:00,0.005
2026-04-05 19:30:00,0.0
2026-04-05 19:45:00,0.0
2026-04-05 20:00:00,0.0
2026-04-05 20:15:00,0.0
2026-04-05 20:30:00,0.0
2026-04-05 20:45:00,0.0
2026-04-05 21:00:00,0.0
2026-04-05 21:15:00,0.0
2026-04-05 21:30:00,0.0
2026-04-05 21:45:00,0.0
2026-04-05 22:00:00,0.0
2026-04-05 22:15:00,0.0
2026-04-05 22:30:00,0.0
2026-04-05 22:45:00,0.0
2026-04-05 23:00:00,0.0
2026-04-05 23:15:00,0.0
2026-04-05 23:30:00,0.0
2026-04-05 23:45:00,0.0
2026-04-06 00:00:00,0.0
2026-04-06 00:15:00,0.0
2026-04-06 00:30:00,0.0
2026-04-06 00:45:00,0.0
2026-04-06 01:00:00,0.0
2026-04-06 01:15:00,0.0
2026-04-06 01:30:00,0.0
2026-04-06 01:45:00,0.0
2026-04-06 02:00:00,0.0
2026-04-06 02:15:00,0.0
2026-04-06 02:30:00,0.0
2026-04-06 02:45:00,0.0
2026-04-06 03:00:00,0.0
2026-04-06 03:15:00,0.0
2026-04-06 03:30:00,0.0
2026-04-06 03:45:00,0.0
2026-04-06 04:00:00,0.0
2026-04-06 04:15:00,0.0
2026-04-06 04:30:00,0.0
2026-04-06 04:45:00,0.0
2026-04-06 05:00:00,0.0
2026-04-06 05:15:00,0.0
2026-04-06 05:30:00,0.0
2026-04-06 05:45:00,0.0
2026-04-06 06:00:00,0.09
2026-04-06 06:15:00,0.0
2026-04-06 06:30:00,5.687
2026-04-06 06:45:00,8.671
2026-04-06 07:00:00,10.912
2026-04-06 07:15:00,13.37
2026-04-06 07:30:00,23.732
2026-04-06 07:45:00,36.072
2026-04-06 08:00:00,40.071
2026-04-06 08:15:00,46.567
2026-04-06 08:30:00,66.685
2026-04-06 08:45:00,98.741
2026-04-06 09:00:00,117.544
2026-04-06 09:15:00,129.792
2026-04-06 09:30:00,136.161
2026-04-06 09:45:00,153.849
2026-04-06 10:00:00,146.145
2026-04-06 10:15:00,167.421
2026-04-06 10:30:00,178.685
2026-04-06 10:45:00,175.883
2026-04-06 11:00:00,174.276
2026-04-06 11:15:00,165.385
2026-04-06 11:30:00,133.907
2026-04-06 11:45:00,141.554
2026-04-06 12:00:00,215.845
2026-04-06 12:15:00,196.325
2026-04-06 12:30:00,190.959
2026-04-06 12:45:00,196.216
2026-04-06 13:00:00,209.573
2026-04-06 13:15:00,217.851
2026-04-06 13:30:00,244.088
2026-04-06 13:45:00,213.763
2026-04-06 14:00:00,174.598
2026-04-06 14:15:00,149.283
2026-04-06 14:30:00,140.137
2026-04-06 14:45:00,142.736
2026-04-06 15:00:00,167.092
2026-04-06 15:15:00,159.645
2026-04-06 15:30:00,143.782
2026-04-06 15:45:00,136.422
2026-04-06 16:00:00,89.523
2026-04-06 16:15:00,80.915
2026-04-06 16:30:00,73.137
2026-04-06 16:45:00,63.337
2026-04-06 17:00:00,57.691
2026-04-06 17:15:00,40.562
2026-04-06 17:30:00,31.159
2026-04-06 17:45:00,22.514
2026-04-06 18:00:00,12.296
2026-04-06 18:15:00,8.815
2026-04-06 18:30:00,4.402
2026-04-06 18:45:00,0.967
2026-04-06 19:00:00,0.166
2026-04-06 19:15:00,0.055
2026-04-06 19:30:00,0.078
2026-04-06 19:45:00,0.116
2026-04-06 20:00:00,0.131
2026-04-06 20:15:00,0.098
2026-04-06 20:30:00,0.109
2026-04-06 20:45:00,0.113
2026-04-06 21:00:00,0.122
2026-04-06 21:15:00,0.116
2026-04-06 21:30:00,0.094
2026-04-06 21:45:00,0.0
2026-04-06 22:00:00,0.0
2026-04-06 22:15:00,0.0
2026-04-06 22:30:00,0.0
2026-04-06 22:45:00,0.0
2026-04-06 23:00:00,0.0
2026-04-06 23:15:00,0.0
2026-04-06 23:30:00,0.0
2026-04-06 23:45:00,0.0
2026-04-07 00:00:00,0.0
2026-04-07 00:15:00,0.0
2026-04-07 00:30:00,0.0
2026-04-07 00:45:00,0.0
2026-04-07 01:00:00,0.0
2026-04-07 01:15:00,0.0
2026-04-07 01:30:00,0.0
2026-04-07 01:45:00,0.0
2026-04-07 02:00:00,0.0
2026-04-07 02:15:00,0.0
2026-04-07 02:30:00,0.0
2026-04-07 02:45:00,0.0
2026-04-07 03:00:00,0.0
2026-04-07 03:15:00,0.0
2026-04-07 03:30:00,0.0
2026-04-07 03:45:00,0.0
2026-04-07 04:00:00,0.0
2026-04-07 04:15:00,0.0
2026-04-07 04:30:00,0.0
2026-04-07 04:45:00,0.0
2026-04-07 05:00:00,0.0
2026-04-07 05:15:00,0.0
2026-04-07 05:30:00,0.0
2026-04-07 05:45:00,0.0
2026-04-07 06:00:00,0.658
2026-04-07 06:15:00,6.609
2026-04-07 06:30:00,13.903
2026-04-07 06:45:00,22.513
2026-04-07 07:00:00,33.412
2026-04-07 07:15:00,44.565
2026-04-07 07:30:00,55.399
2026-04-07 07:45:00,69.752
2026-04-07 08:00:00,101.806
2026-04-07 08:15:00,100.992
2026-04-07 08:30:00,126.006
2026-04-07 08:45:00,146.388
2026-04-07 09:00:00,135.917
2026-04-07 09:15:00,143.807
2026-04-07 09:30:00,168.696
2026-04-07 09:45:00,202.412
2026-04-07 10:00:00,251.178
2026-04-07 10:15:00,278.905
2026-04-07 10:30:00,300.431
2026-04-07 10:45:00,290.275
2026-04-07 11:00:00,305.644
2026-04-07 11:15:00,351.053
2026-04-07 11:30:00,356.714
2026-04-07 11:45:00,390.903
2026-04-07 12:00:00,359.848
2026-04-07 12:15:00,371.403
2026-04-07 12:30:00,368.243
2026-04-07 12:45:00,388.595
2026-04-07 13:00:00,373.584
2026-04-07 13:15:00,385.427
2026-04-07 13:30:00,356.865
2026-04-07 13:45:00,346.041
2026-04-07 14:00:00,346.468
2026-04-07 14:15:00,306.941
2026-04-07 14:30:00,273.94
2026-04-07 14:45:00,266.172
2026-04-07 15:00:00,251.686
2026-04-07 15:15:00,239.163
2026-04-07 15:30:00,212.161
2026-04-07 15:45:00,186.851
2026-04-07 16:00:00,160.836
2026-04-07 16:15:00,134.953
2026-04-07 16:30:00,121.372
2026-04-07 16:45:00,91.88
2026-04-07 17:00:00,77.091
2026-04-07 17:15:00,55.083
2026-04-07 17:30:00,42.539
2026-04-07 17:45:00,29.618
2026-04-07 18:00:00,17.405
2026-04-07 18:15:00,12.501
2026-04-07 18:30:00,7.233
2026-04-07 18:45:00,0.86
2026-04-07 19:00:00,0.45
2026-04-07 19:15:00,0.315
2026-04-07 19:30:00,0.0
2026-04-07 19:45:00,0.0
2026-04-07 20:00:00,0.0
2026-04-07 20:15:00,0.0
2026-04-07 20:30:00,0.0
2026-04-07 20:45:00,0.0
2026-04-07 21:00:00,0.0
2026-04-07 21:15:00,0.0
2026-04-07 21:30:00,0.0
2026-04-07 21:45:00,0.0
2026-04-07 22:00:00,0.0
2026-04-07 22:15:00,0.0
2026-04-07 22:30:00,0.0
2026-04-07 22:45:00,0.0
2026-04-07 23:00:00,0.0
2026-04-07 23:15:00,0.0
2026-04-07 23:30:00,0.0
2026-04-07 23:45:00,0.0
2026-04-08 00:00:00,0.0
2026-04-08 00:15:00,0.0
2026-04-08 00:30:00,0.0
2026-04-08 00:45:00,0.0
2026-04-08 01:00:00,0.0
2026-04-08 01:15:00,0.0
2026-04-08 01:30:00,0.0
2026-04-08 01:45:00,0.0
2026-04-08 02:00:00,0.0
2026-04-08 02:15:00,0.0
2026-04-08 02:30:00,0.0
2026-04-08 02:45:00,0.0
2026-04-08 03:00:00,0.0
2026-04-08 03:15:00,0.0
2026-04-08 03:30:00,0.0
2026-04-08 03:45:00,0.0
2026-04-08 04:00:00,0.0
2026-04-08 04:15:00,0.0
2026-04-08 04:30:00,0.0
2026-04-08 04:45:00,0.0
2026-04-08 05:00:00,0.0
2026-04-08 05:15:00,0.0
2026-04-08 05:30:00,0.0
2026-04-08 05:45:00,0.0
2026-04-08 06:00:00,0.581
2026-04-08 06:15:00,5.624
2026-04-08 06:30:00,10.656
2026-04-08 06:45:00,21.334
2026-04-08 07:00:00,31.193
2026-04-08 07:15:00,38.882
2026-04-08 07:30:00,42.384
2026-04-08 07:45:00,55.474
2026-04-08 08:00:00,68.128
2026-04-08 08:15:00,83.107
2026-04-08 08:30:00,90.71
2026-04-08 08:45:00,96.875
2026-04-08 09:00:00,88.194
2026-04-08 09:15:00,100.14
2026-04-08 09:30:00,183.913
2026-04-08 09:45:00,212.594
2026-04-08 10:00:00,230.26
2026-04-08 10:15:00,227.971
2026-04-08 10:30:00,258.604
2026-04-08 10:45:00,168.938
2026-04-08 11:00:00,72.09
2026-04-08 11:15:00,46.619
2026-04-08 11:30:00,5.081
2026-04-08 11:45:00,21.886
2026-04-08 12:00:00,80.754
2026-04-08 12:15:00,84.818
2026-04-08 12:30:00,72.434
2026-04-08 12:45:00,71.425
2026-04-08 13:00:00,0.0
2026-04-08 13:15:00,11.237
2026-04-08 13:30:00,45.405
2026-04-08 13:45:00,0.0
2026-04-08 14:00:00,0.0
2026-04-08 14:15:00,0.0
2026-04-08 14:30:00,0.0
2026-04-08 14:45:00,0.0
2026-04-08 15:00:00,0.0
2026-04-08 15:15:00,0.0
2026-04-08 15:30:00,0.0
2026-04-08 15:45:00,0.0
2026-04-08 16:00:00,0.0
2026-04-08 16:15:00,2.465
2026-04-08 16:30:00,8.685
2026-04-08 16:45:00,54.217
2026-04-08 17:00:00,61.479
2026-04-08 17:15:00,53.79
2026-04-08 17:30:00,60.278
2026-04-08 17:45:00,44.915
2026-04-08 18:00:00,36.01
2026-04-08 18:15:00,24.253
2026-04-08 18:30:00,14.497
2026-04-08 18:45:00,2.223
2026-04-08 19:00:00,0.456
2026-04-08 19:15:00,0.269
2026-04-08 19:30:00,0.0
2026-04-08 19:45:00,0.0
2026-04-08 20:00:00,0.0
2026-04-08 20:15:00,0.0
2026-04-08 20:30:00,0.0
2026-04-08 20:45:00,0.0
2026-04-08 21:00:00,0.0
2026-04-08 21:15:00,0.0
2026-04-08 21:30:00,0.0
2026-04-08 21:45:00,0.0
2026-04-08 22:00:00,0.0
2026-04-08 22:15:00,0.0
2026-04-08 22:30:00,0.0
2026-04-08 22:45:00,0.0
2026-04-08 23:00:00,0.0
2026-04-08 23:15:00,0.0
2026-04-08 23:30:00,0.0
2026-04-08 23:45:00,0.0
2026-04-09 00:00:00,0.0
2026-04-09 00:15:00,0.0
2026-04-09 00:30:00,0.0
2026-04-09 00:45:00,0.0
2026-04-09 01:00:00,0.0
2026-04-09 01:15:00,0.0
2026-04-09 01:30:00,0.0
2026-04-09 01:45:00,0.0
2026-04-09 02:00:00,0.0
2026-04-09 02:15:00,0.0
2026-04-09 02:30:00,0.0
2026-04-09 02:45:00,0.0
2026-04-09 03:00:00,0.0
2026-04-09 03:15:00,0.0
2026-04-09 03:30:00,0.0
2026-04-09 03:45:00,0.0
2026-04-09 04:00:00,0.0
2026-04-09 04:15:00,0.0
2026-04-09 04:30:00,0.0
2026-04-09 04:45:00,0.0
2026-04-09 05:00:00,0.0
2026-04-09 05:15:00,0.0
2026-04-09 05:30:00,0.0
2026-04-09 05:45:00,0.001
2026-04-09 06:00:00,0.417
2026-04-09 06:15:00,4.989
2026-04-09 06:30:00,14.372
2026-04-09 06:45:00,36.152
2026-04-09 07:00:00,37.313
2026-04-09 07:15:00,38.458
2026-04-09 07:30:00,40.293
2026-04-09 07:45:00,54.762
2026-04-09 08:00:00,57.134
2026-04-09 08:15:00,61.641
2026-04-09 08:30:00,79.907
2026-04-09 08:45:00,94.118
2026-04-09 09:00:00,123.692
2026-04-09 09:15:00,102.23
2026-04-09 09:30:00,202.734
2026-04-09 09:45:00,188.479
2026-04-09 10:00:00,246.533
2026-04-09 10:15:00,288.591
2026-04-09 10:30:00,326.631
2026-04-09 10:45:00,228.129
2026-04-09 11:00:00,168.913
2026-04-09 11:15:00,192.704
2026-04-09 11:30:00,76.689
2026-04-09 11:45:00,35.109
2026-04-09 12:00:00,247.365
2026-04-09 12:15:00,229.471
2026-04-09 12:30:00,225.528
2026-04-09 12:45:00,183.261
2026-04-09 13:00:00,389.825
2026-04-09 13:15:00,367.558
2026-04-09 13:30:00,372.702
2026-04-09 13:45:00,288.691
2026-04-09 14:00:00,321.753
2026-04-09 14:15:00,341.164
2026-04-09 14:30:00,287.403
2026-04-09 14:45:00,340.529
2026-04-09 15:00:00,315.646
2026-04-09 15:15:00,292.736
2026-04-09 15:30:00,279.018
2026-04-09 15:45:00,227.561
2026-04-09 16:00:00,216.198
2026-04-09 16:15:00,218.054
2026-04-09 16:30:00,164.023
2026-04-09 16:45:00,133.813
2026-04-09 17:00:00,118.377
2026-04-09 17:15:00,90.716
2026-04-09 17:30:00,88.176
2026-04-09 17:45:00,50.761
2026-04-09 18:00:00,33.187
2026-04-09 18:15:00,21.435
2026-04-09 18:30:00,11.801
2026-04-09 18:45:00,2.702
2026-04-09 19:00:00,0.15
2026-04-09 19:15:00,0.06
2026-04-09 19:30:00,0.0
2026-04-09 19:45:00,0.0
2026-04-09 20:00:00,0.0
2026-04-09 20:15:00,0.0
2026-04-09 20:30:00,0.0
2026-04-09 20:45:00,0.0
2026-04-09 21:00:00,0.0
2026-04-09 21:15:00,0.0
2026-04-09 21:30:00,0.0
2026-04-09 21:45:00,0.0
2026-04-09 22:00:00,0.0
2026-04-09 22:15:00,0.0
2026-04-09 22:30:00,0.0
2026-04-09 22:45:00,0.0
2026-04-09 23:00:00,0.0
2026-04-09 23:15:00,0.0
2026-04-09 23:30:00,0.0
2026-04-09 23:45:00,0.0
2026-04-10 00:00:00,0.0
2026-04-10 00:15:00,0.0
2026-04-10 00:30:00,0.0
2026-04-10 00:45:00,0.0
2026-04-10 01:00:00,0.0
2026-04-10 01:15:00,0.0
2026-04-10 01:30:00,0.0
2026-04-10 01:45:00,0.0
2026-04-10 02:00:00,0.0
2026-04-10 02:15:00,0.0
2026-04-10 02:30:00,0.0
2026-04-10 02:45:00,0.0
2026-04-10 03:00:00,0.0
2026-04-10 03:15:00,0.0
2026-04-10 03:30:00,0.0
2026-04-10 03:45:00,0.0
2026-04-10 04:00:00,0.0
2026-04-10 04:15:00,0.0
2026-04-10 04:30:00,0.0
2026-04-10 04:45:00,0.0
2026-04-10 05:00:00,0.0
2026-04-10 05:15:00,0.0
2026-04-10 05:30:00,0.0
2026-04-10 05:45:00,0.001
2026-04-10 06:00:00,0.49
2026-04-10 06:15:00,6.669
2026-04-10 06:30:00,15.096
2026-04-10 06:45:00,23.41
2026-04-10 07:00:00,21.507
2026-04-10 07:15:00,18.682
2026-04-10 07:30:00,15.284
2026-04-10 07:45:00,0.0
2026-04-10 08:00:00,2.427
2026-04-10 08:15:00,0.0
2026-04-10 08:30:00,0.0
2026-04-10 08:45:00,0.0
2026-04-10 09:00:00,0.0
2026-04-10 09:15:00,0.0
2026-04-10 09:30:00,0.0
2026-04-10 09:45:00,0.0
2026-04-10 10:00:00,0.0
2026-04-10 10:15:00,0.0
2026-04-10 10:30:00,158.084
2026-04-10 10:45:00,152.994
2026-04-10 11:00:00,95.635
2026-04-10 11:15:00,67.768
2026-04-10 11:30:00,79.005
2026-04-10 11:45:00,78.419
2026-04-10 12:00:00,198.143
2026-04-10 12:15:00,156.767
2026-04-10 12:30:00,171.186
2026-04-10 12:45:00,146.758
2026-04-10 13:00:00,224.567
2026-04-10 13:15:00,302.45
2026-04-10 13:30:00,343.814
2026-04-10 13:45:00,215.289
2026-04-10 14:00:00,142.655
2026-04-10 14:15:00,122.638
2026-04-10 14:30:00,116.009
2026-04-10 14:45:00,111.398
2026-04-10 15:00:00,193.85
2026-04-10 15:15:00,284.807
2026-04-10 15:30:00,238.931
2026-04-10 15:45:00,187.277
2026-04-10 16:00:00,140.127
2026-04-10 16:15:00,110.253
2026-04-10 16:30:00,106.519
2026-04-10 16:45:00,74.369
2026-04-10 17:00:00,99.513
2026-04-10 17:15:00,108.166
2026-04-10 17:30:00,110.159
2026-04-10 17:45:00,76.925
2026-04-10 18:00:00,64.357
2026-04-10 18:15:00,36.943
2026-04-10 18:30:00,26.31
2026-04-10 18:45:00,4.339
2026-04-10 19:00:00,0.278
2026-04-10 19:15:00,0.115
2026-04-10 19:30:00,0.0
2026-04-10 19:45:00,0.0
2026-04-10 20:00:00,0.0
2026-04-10 20:15:00,0.0
2026-04-10 20:30:00,0.0
2026-04-10 20:45:00,0.0
2026-04-10 21:00:00,0.0
2026-04-10 21:15:00,0.0
2026-04-10 21:30:00,0.0
2026-04-10 21:45:00,0.0
2026-04-10 22:00:00,0.0
2026-04-10 22:15:00,0.0
2026-04-10 22:30:00,0.0
2026-04-10 22:45:00,0.0
2026-04-10 23:00:00,0.0
2026-04-10 23:15:00,0.0
2026-04-10 23:30:00,0.0
2026-04-10 23:45:00,0.0
2026-04-11 00:00:00,0.0
2026-04-11 00:15:00,0.0
2026-04-11 00:30:00,0.0
2026-04-11 00:45:00,0.0
2026-04-11 01:00:00,0.0
2026-04-11 01:15:00,0.0
2026-04-11 01:30:00,0.0
2026-04-11 01:45:00,0.0
2026-04-11 02:00:00,0.0
2026-04-11 02:15:00,0.0
2026-04-11 02:30:00,0.0
2026-04-11 02:45:00,0.0
2026-04-11 03:00:00,0.0
2026-04-11 03:15:00,0.0
2026-04-11 03:30:00,0.0
2026-04-11 03:45:00,0.0
2026-04-11 04:00:00,0.0
2026-04-11 04:15:00,0.0
2026-04-11 04:30:00,0.0
2026-04-11 04:45:00,0.0
2026-04-11 05:00:00,0.0
2026-04-11 05:15:00,0.0
2026-04-11 05:30:00,0.0
2026-04-11 05:45:00,0.001
2026-04-11 06:00:00,0.749
2026-04-11 06:15:00,3.818
2026-04-11 06:30:00,6.139
2026-04-11 06:45:00,10.817
2026-04-11 07:00:00,15.061
2026-04-11 07:15:00,23.644
2026-04-11 07:30:00,36.345
2026-04-11 07:45:00,56.812
2026-04-11 08:00:00,77.974
2026-04-11 08:15:00,67.274
2026-04-11 08:30:00,98.407
2026-04-11 08:45:00,115.958
2026-04-11 09:00:00,138.348
2026-04-11 09:15:00,165.174
2026-04-11 09:30:00,169.278
2026-04-11 09:45:00,233.413
2026-04-11 10:00:00,251.48
2026-04-11 10:15:00,251.796
2026-04-11 10:30:00,301.322
2026-04-11 10:45:00,316.787
2026-04-11 11:00:00,308.503
2026-04-11 11:15:00,310.89
2026-04-11 11:30:00,281.909
2026-04-11 11:45:00,306.293
2026-04-11 12:00:00,401.599
2026-04-11 12:15:00,386.284
2026-04-11 12:30:00,356.723
2026-04-11 12:45:00,288.723
2026-04-11 13:00:00,239.705
2026-04-11 13:15:00,200.497
2026-04-11 13:30:00,245.075
2026-04-11 13:45:00,231.256
2026-04-11 14:00:00,210.562
2026-04-11 14:15:00,198.338
2026-04-11 14:30:00,212.36
2026-04-11 14:45:00,241.706
2026-04-11 15:00:00,256.642
2026-04-11 15:15:00,266.766
2026-04-11 15:30:00,223.227
2026-04-11 15:45:00,269.322
2026-04-11 16:00:00,231.726
2026-04-11 16:15:00,189.452
2026-04-11 16:30:00,128.118
2026-04-11 16:45:00,74.198
2026-04-11 17:00:00,75.645
2026-04-11 17:15:00,77.561
2026-04-11 17:30:00,49.793
2026-04-11 17:45:00,39.807
2026-04-11 18:00:00,27.488
2026-04-11 18:15:00,21.476
2026-04-11 18:30:00,13.104
2026-04-11 18:45:00,3.286
2026-04-11 19:00:00,0.078
2026-04-11 19:15:00,0.043
2026-04-11 19:30:00,0.0
2026-04-11 19:45:00,0.0
2026-04-11 20:00:00,0.0
2026-04-11 20:15:00,0.0
2026-04-11 20:30:00,0.0
2026-04-11 20:45:00,0.0
2026-04-11 21:00:00,0.0
2026-04-11 21:15:00,0.0
2026-04-11 21:30:00,0.0
2026-04-11 21:45:00,0.0
2026-04-11 22:00:00,0.0
2026-04-11 22:15:00,0.0
2026-04-11 22:30:00,0.0
2026-04-11 22:45:00,0.0
2026-04-11 23:00:00,0.0
2026-04-11 23:15:00,0.0
2026-04-11 23:30:00,0.0
2026-04-11 23:45:00,0.0
2026-04-12 00:00:00,0.0
2026-04-12 00:15:00,0.0
2026-04-12 00:30:00,0.0
2026-04-12 00:45:00,0.0
2026-04-12 01:00:00,0.0
2026-04-12 01:15:00,0.0
2026-04-12 01:30:00,0.0
2026-04-12 01:45:00,0.0
2026-04-12 02:00:00,0.0
2026-04-12 02:15:00,0.0
2026-04-12 02:30:00,0.0
2026-04-12 02:45:00,0.0
2026-04-12 03:00:00,0.0
2026-04-12 03:15:00,0.0
2026-04-12 03:30:00,0.0
2026-04-12 03:45:00,0.0
2026-04-12 04:00:00,0.0
2026-04-12 04:15:00,0.0
2026-04-12 04:30:00,0.0
2026-04-12 04:45:00,0.0
2026-04-12 05:00:00,0.0
2026-04-12 05:15:00,0.0
2026-04-12 05:30:00,0.0
2026-04-12 05:45:00,0.004
2026-04-12 06:00:00,2.146
2026-04-12 06:15:00,7.488
2026-04-12 06:30:00,16.04
2026-04-12 06:45:00,32.277
2026-04-12 07:00:00,49.986
2026-04-12 07:15:00,69.796
2026-04-12 07:30:00,94.81
2026-04-12 07:45:00,121.187
2026-04-12 08:00:00,132.487
2026-04-12 08:15:00,163.276
2026-04-12 08:30:00,123.231
2026-04-12 08:45:00,121.129
2026-04-12 09:00:00,79.405
2026-04-12 09:15:00,178.297
2026-04-12 09:30:00,241.821
2026-04-12 09:45:00,289.996
2026-04-12 10:00:00,328.69
2026-04-12 10:15:00,332.782
2026-04-12 10:30:00,381.237
2026-04-12 10:45:00,414.259
2026-04-12 11:00:00,417.442
2026-04-12 11:15:00,421.12
2026-04-12 11:30:00,423.068
2026-04-12 11:45:00,344.335
2026-04-12 12:00:00,389.164
2026-04-12 12:15:00,344.218
2026-04-12 12:30:00,366.414
2026-04-12 12:45:00,361.138
2026-04-12 13:00:00,348.005
2026-04-12 13:15:00,318.823
2026-04-12 13:30:00,352.608
2026-04-12 13:45:00,331.265
2026-04-12 14:00:00,254.917
2026-04-12 14:15:00,174.368
2026-04-12 14:30:00,134.085
2026-04-12 14:45:00,179.897
2026-04-12 15:00:00,243.2
2026-04-12 15:15:00,209.236
2026-04-12 15:30:00,172.229
2026-04-12 15:45:00,184.264
2026-04-12 16:00:00,94.227
2026-04-12 16:15:00,83.335
2026-04-12 16:30:00,153.018
2026-04-12 16:45:00,145.725
2026-04-12 17:00:00,110.117
2026-04-12 17:15:00,87.777
2026-04-12 17:30:00,74.745
2026-04-12 17:45:00,58.265
2026-04-12 18:00:00,43.234
2026-04-12 18:15:00,23.122
2026-04-12 18:30:00,15.311
2026-04-12 18:45:00,3.333
2026-04-12 19:00:00,0.535
2026-04-12 19:15:00,0.305
2026-04-12 19:30:00,0.0
2026-04-12 19:45:00,0.0
2026-04-12 20:00:00,0.0
2026-04-12 20:15:00,0.0
2026-04-12 20:30:00,0.0
2026-04-12 20:45:00,0.0
2026-04-12 21:00:00,0.0
2026-04-12 21:15:00,0.0
2026-04-12 21:30:00,0.0
2026-04-12 21:45:00,0.0
2026-04-12 22:00:00,0.0
2026-04-12 22:15:00,0.0
2026-04-12 22:30:00,0.0
2026-04-12 22:45:00,0.0
2026-04-12 23:00:00,0.0
2026-04-12 23:15:00,0.0
2026-04-12 23:30:00,0.0
2026-04-12 23:45:00,0.0
2026-04-13 00:00:00,0.0
2026-04-13 00:15:00,0.0
2026-04-13 00:30:00,0.0
2026-04-13 00:45:00,0.0
2026-04-13 01:00:00,0.0
2026-04-13 01:15:00,0.0
2026-04-13 01:30:00,0.0
2026-04-13 01:45:00,0.0
2026-04-13 02:00:00,0.0
2026-04-13 02:15:00,0.0
2026-04-13 02:30:00,0.0
2026-04-13 02:45:00,0.0
2026-04-13 03:00:00,0.0
2026-04-13 03:15:00,0.0
2026-04-13 03:30:00,0.0
2026-04-13 03:45:00,0.0
2026-04-13 04:00:00,0.0
2026-04-13 04:15:00,0.0
2026-04-13 04:30:00,0.0
2026-04-13 04:45:00,0.0
2026-04-13 05:00:00,0.0
2026-04-13 05:15:00,0.0
2026-04-13 05:30:00,0.0
2026-04-13 05:45:00,0.005
2026-04-13 06:00:00,1.236
2026-04-13 06:15:00,7.076
2026-04-13 06:30:00,20.788
2026-04-13 06:45:00,30.292
2026-04-13 07:00:00,50.263
2026-04-13 07:15:00,64.352
2026-04-13 07:30:00,57.371
2026-04-13 07:45:00,64.906
2026-04-13 08:00:00,69.116
2026-04-13 08:15:00,76.838
2026-04-13 08:30:00,117.169
2026-04-13 08:45:00,156.957
2026-04-13 09:00:00,197.893
2026-04-13 09:15:00,216.498
2026-04-13 09:30:00,268.08
2026-04-13 09:45:00,258.406
2026-04-13 10:00:00,329.23
2026-04-13 10:15:00,331.631
2026-04-13 10:30:00,326.805
2026-04-13 10:45:00,338.649
2026-04-13 11:00:00,360.515
2026-04-13 11:15:00,371.869
2026-04-13 11:30:00,375.461
2026-04-13 11:45:00,396.644
2026-04-13 12:00:00,403.323
2026-04-13 12:15:00,404.888
2026-04-13 12:30:00,394.986
2026-04-13 12:45:00,376.415
2026-04-13 13:00:00,0.0
2026-04-13 13:15:00,0.0
2026-04-13 13:30:00,0.0
2026-04-13 13:45:00,0.0
2026-04-13 14:00:00,0.0
2026-04-13 14:15:00,0.0
2026-04-13 14:30:00,0.0
2026-04-13 14:45:00,0.0
2026-04-13 15:00:00,0.0
2026-04-13 15:15:00,0.0
2026-04-13 15:30:00,0.0
2026-04-13 15:45:00,0.0
2026-04-13 16:00:00,0.0
2026-04-13 16:15:00,0.0
2026-04-13 16:30:00,0.0
2026-04-13 16:45:00,0.0
2026-04-13 17:00:00,0.0
2026-04-13 17:15:00,0.0
2026-04-13 17:30:00,0.0
2026-04-13 17:45:00,0.0
2026-04-13 18:00:00,0.0
2026-04-13 18:15:00,0.0
2026-04-13 18:30:00,0.0
2026-04-13 18:45:00,0.0
2026-04-13 19:00:00,0.0
2026-04-13 19:15:00,0.0
2026-04-13 19:30:00,0.0
2026-04-13 19:45:00,0.0
2026-04-13 20:00:00,0.0
2026-04-13 20:15:00,0.0
2026-04-13 20:30:00,0.0
2026-04-13 20:45:00,0.0
2026-04-13 21:00:00,0.0
2026-04-13 21:15:00,0.0
2026-04-13 21:30:00,0.0
2026-04-13 21:45:00,0.0
2026-04-13 22:00:00,0.0
2026-04-13 22:15:00,0.0
2026-04-13 22:30:00,0.0
2026-04-13 22:45:00,0.0
2026-04-13 23:00:00,0.0
2026-04-13 23:15:00,0.0
2026-04-13 23:30:00,0.0
2026-04-13 23:45:00,0.0
