time,实时水电及抽蓄
2025-06-11 00:00:00,7809.6
2025-06-11 00:15:00,7743.66
2025-06-11 00:30:00,7744.91
2025-06-11 00:45:00,7754.18
2025-06-11 01:00:00,7617.44
2025-06-11 01:15:00,7582.08
2025-06-11 01:30:00,7190.48
2025-06-11 01:45:00,7015.84
2025-06-11 02:00:00,6848.5
2025-06-11 02:15:00,6669.09
2025-06-11 02:30:00,6655.11
2025-06-11 02:45:00,6672.49
2025-06-11 03:00:00,6555.16
2025-06-11 03:15:00,6658.39
2025-06-11 03:30:00,6632.15
2025-06-11 03:45:00,6598.61
2025-06-11 04:00:00,6551.93
2025-06-11 04:15:00,6649.08
2025-06-11 04:30:00,6643.07
2025-06-11 04:45:00,6642.44
2025-06-11 05:00:00,6638.26
2025-06-11 05:15:00,6595.39
2025-06-11 05:30:00,6587.9
2025-06-11 05:45:00,6761.35
2025-06-11 06:00:00,6811.24
2025-06-11 06:15:00,6815.75
2025-06-11 06:30:00,6799.48
2025-06-11 06:45:00,6650.59
2025-06-11 07:00:00,6697.09
2025-06-11 07:15:00,6787.14
2025-06-11 07:30:00,6798.07
2025-06-11 07:45:00,6812.07
2025-06-11 08:00:00,6687.48
2025-06-11 08:15:00,6994.85
2025-06-11 08:30:00,6544.79
2025-06-11 08:45:00,6192.48
2025-06-11 09:00:00,6162.3
2025-06-11 09:15:00,6046.32
2025-06-11 09:30:00,5296.22
2025-06-11 09:45:00,5250.13
2025-06-11 10:00:00,5314.95
2025-06-11 10:15:00,5255.89
2025-06-11 10:30:00,5752.95
2025-06-11 10:45:00,5127.17
2025-06-11 11:00:00,4957.99
2025-06-11 11:15:00,4664.47
2025-06-11 11:30:00,4342.87
2025-06-11 11:45:00,4471.9
2025-06-11 12:00:00,4316.31
2025-06-11 12:15:00,4324.85
2025-06-11 12:30:00,4371.68
2025-06-11 12:45:00,4318.4
2025-06-11 13:00:00,4213.02
2025-06-11 13:15:00,4187.56
2025-06-11 13:30:00,4575.18
2025-06-11 13:45:00,4416.98
2025-06-11 14:00:00,4674.21
2025-06-11 14:15:00,4551.48
2025-06-11 14:30:00,4402.51
2025-06-11 14:45:00,4400.51
2025-06-11 15:00:00,4952.08
2025-06-11 15:15:00,5216.7
2025-06-11 15:30:00,5558.13
2025-06-11 15:45:00,5660.46
2025-06-11 16:00:00,5639.82
2025-06-11 16:15:00,6221.51
2025-06-11 16:30:00,6567.77
2025-06-11 16:45:00,7375.86
2025-06-11 17:00:00,7764.07
2025-06-11 17:15:00,8189.15
2025-06-11 17:30:00,8499.17
2025-06-11 17:45:00,8951.24
2025-06-11 18:00:00,9008.56
2025-06-11 18:15:00,8810.27
2025-06-11 18:30:00,8990.37
2025-06-11 18:45:00,9269.43
2025-06-11 19:00:00,9148.73
2025-06-11 19:15:00,9260.56
2025-06-11 19:30:00,9215.62
2025-06-11 19:45:00,9100.17
2025-06-11 20:00:00,9261.51
2025-06-11 20:15:00,9398.46
2025-06-11 20:30:00,9459.94
2025-06-11 20:45:00,9550.95
2025-06-11 21:00:00,9466.54
2025-06-11 21:15:00,9585.83
2025-06-11 21:30:00,9491.75
2025-06-11 21:45:00,9299.46
2025-06-11 22:00:00,8794.35
2025-06-11 22:15:00,9028.93
2025-06-11 22:30:00,8687.59
2025-06-11 22:45:00,8310.22
2025-06-11 23:00:00,9384.66
2025-06-11 23:15:00,9378.63
2025-06-11 23:30:00,8672.29
2025-06-11 23:45:00,7982.39
2025-06-12 00:00:00,7609.56
2025-06-12 00:15:00,7210.05
2025-06-12 00:30:00,7040.18
2025-06-12 00:45:00,7117.32
2025-06-12 01:00:00,7163.93
2025-06-12 01:15:00,7326.26
2025-06-12 01:30:00,6916.71
2025-06-12 01:45:00,6762.83
2025-06-12 02:00:00,6913.66
2025-06-12 02:15:00,6992.28
2025-06-12 02:30:00,6908.83
2025-06-12 02:45:00,7199.27
2025-06-12 03:00:00,6972.05
2025-06-12 03:15:00,6766.98
2025-06-12 03:30:00,6618.7
2025-06-12 03:45:00,6739.29
2025-06-12 04:00:00,6729.12
2025-06-12 04:15:00,6515.51
2025-06-12 04:30:00,6576.86
2025-06-12 04:45:00,6486.2
2025-06-12 05:00:00,6288.84
2025-06-12 05:15:00,6297.98
2025-06-12 05:30:00,6770.31
2025-06-12 05:45:00,6946.88
2025-06-12 06:00:00,6943.59
2025-06-12 06:15:00,6931.96
2025-06-12 06:30:00,6974.99
2025-06-12 06:45:00,6694.44
2025-06-12 07:00:00,6251.12
2025-06-12 07:15:00,6142.68
2025-06-12 07:30:00,6206.99
2025-06-12 07:45:00,6184.2
2025-06-12 08:00:00,6318.32
2025-06-12 08:15:00,6327.26
2025-06-12 08:30:00,6342.19
2025-06-12 08:45:00,6298.46
2025-06-12 09:00:00,6150.54
2025-06-12 09:15:00,5712.35
2025-06-12 09:30:00,5248.78
2025-06-12 09:45:00,5360.72
2025-06-12 10:00:00,5188.26
2025-06-12 10:15:00,5251.66
2025-06-12 10:30:00,5315.75
2025-06-12 10:45:00,5007.37
2025-06-12 11:00:00,5337.67
2025-06-12 11:15:00,4653.2
2025-06-12 11:30:00,4213.45
2025-06-12 11:45:00,4043.72
2025-06-12 12:00:00,3791.51
2025-06-12 12:15:00,3925.07
2025-06-12 12:30:00,4061.06
2025-06-12 12:45:00,4309.81
2025-06-12 13:00:00,4099.63
2025-06-12 13:15:00,3925.93
2025-06-12 13:30:00,4334.78
2025-06-12 13:45:00,4203.09
2025-06-12 14:00:00,4672.76
2025-06-12 14:15:00,4467.64
2025-06-12 14:30:00,4578.2
2025-06-12 14:45:00,4901.29
2025-06-12 15:00:00,5218.36
2025-06-12 15:15:00,5309.16
2025-06-12 15:30:00,5515.91
2025-06-12 15:45:00,5870.0
2025-06-12 16:00:00,5742.33
2025-06-12 16:15:00,5969.33
2025-06-12 16:30:00,6564.04
2025-06-12 16:45:00,7078.05
2025-06-12 17:00:00,7266.67
2025-06-12 17:15:00,7480.74
2025-06-12 17:30:00,7907.33
2025-06-12 17:45:00,7957.36
2025-06-12 18:00:00,8320.73
2025-06-12 18:15:00,8646.78
2025-06-12 18:30:00,8560.67
2025-06-12 18:45:00,8793.14
2025-06-12 19:00:00,9059.75
2025-06-12 19:15:00,8986.25
2025-06-12 19:30:00,9303.3
2025-06-12 19:45:00,9726.9
2025-06-12 20:00:00,10047.4
2025-06-12 20:15:00,10038.4
2025-06-12 20:30:00,9855.98
2025-06-12 20:45:00,9340.6
2025-06-12 21:00:00,9090.86
2025-06-12 21:15:00,9254.87
2025-06-12 21:30:00,9274.5
2025-06-12 21:45:00,8885.25
2025-06-12 22:00:00,8500.07
2025-06-12 22:15:00,7493.69
2025-06-12 22:30:00,7322.96
2025-06-12 22:45:00,6770.62
2025-06-12 23:00:00,9035.33
2025-06-12 23:15:00,8700.04
2025-06-12 23:30:00,8735.73
2025-06-12 23:45:00,7792.78
2025-06-13 00:00:00,7758.86
2025-06-13 00:15:00,7708.25
2025-06-13 00:30:00,7821.66
2025-06-13 00:45:00,7668.79
2025-06-13 01:00:00,7829.64
2025-06-13 01:15:00,7851.81
2025-06-13 01:30:00,7560.05
2025-06-13 01:45:00,7152.77
2025-06-13 02:00:00,7195.9
2025-06-13 02:15:00,6840.49
2025-06-13 02:30:00,6493.6
2025-06-13 02:45:00,6309.54
2025-06-13 03:00:00,6299.58
2025-06-13 03:15:00,6305.08
2025-06-13 03:30:00,6230.8
2025-06-13 03:45:00,6026.61
2025-06-13 04:00:00,6122.79
2025-06-13 04:15:00,6174.3
2025-06-13 04:30:00,6223.69
2025-06-13 04:45:00,6125.33
2025-06-13 05:00:00,6417.16
2025-06-13 05:15:00,6302.0
2025-06-13 05:30:00,6730.77
2025-06-13 05:45:00,6885.86
2025-06-13 06:00:00,6623.39
2025-06-13 06:15:00,6432.8
2025-06-13 06:30:00,6332.66
2025-06-13 06:45:00,6271.84
2025-06-13 07:00:00,6155.98
2025-06-13 07:15:00,6042.78
2025-06-13 07:30:00,5886.55
2025-06-13 07:45:00,5741.45
2025-06-13 08:00:00,5730.65
2025-06-13 08:15:00,5579.21
2025-06-13 08:30:00,5351.27
2025-06-13 08:45:00,5390.25
2025-06-13 09:00:00,5298.9
2025-06-13 09:15:00,5018.87
2025-06-13 09:30:00,4964.59
2025-06-13 09:45:00,4801.99
2025-06-13 10:00:00,4519.81
2025-06-13 10:15:00,4772.33
2025-06-13 10:30:00,4857.53
2025-06-13 10:45:00,4361.95
2025-06-13 11:00:00,4402.83
2025-06-13 11:15:00,4175.8
2025-06-13 11:30:00,3578.18
2025-06-13 11:45:00,3467.3
2025-06-13 12:00:00,3382.7
2025-06-13 12:15:00,3382.03
2025-06-13 12:30:00,3374.37
2025-06-13 12:45:00,3069.52
2025-06-13 13:00:00,3166.27
2025-06-13 13:15:00,3120.71
2025-06-13 13:30:00,3548.94
2025-06-13 13:45:00,3516.7
2025-06-13 14:00:00,3990.86
2025-06-13 14:15:00,3943.54
2025-06-13 14:30:00,4042.85
2025-06-13 14:45:00,4162.0
2025-06-13 15:00:00,4352.6
2025-06-13 15:15:00,4501.19
2025-06-13 15:30:00,5034.66
2025-06-13 15:45:00,5502.62
2025-06-13 16:00:00,5366.19
2025-06-13 16:15:00,5996.98
2025-06-13 16:30:00,6631.52
2025-06-13 16:45:00,7222.32
2025-06-13 17:00:00,7538.71
2025-06-13 17:15:00,7795.97
2025-06-13 17:30:00,8246.41
2025-06-13 17:45:00,8399.74
2025-06-13 18:00:00,8510.03
2025-06-13 18:15:00,8815.87
2025-06-13 18:30:00,8985.1
2025-06-13 18:45:00,8788.85
2025-06-13 19:00:00,8808.61
2025-06-13 19:15:00,8737.26
2025-06-13 19:30:00,9161.76
2025-06-13 19:45:00,9047.63
2025-06-13 20:00:00,9465.49
2025-06-13 20:15:00,9550.36
2025-06-13 20:30:00,9506.93
2025-06-13 20:45:00,9249.98
2025-06-13 21:00:00,9867.31
2025-06-13 21:15:00,9495.51
2025-06-13 21:30:00,9620.91
2025-06-13 21:45:00,9326.7
2025-06-13 22:00:00,8507.93
2025-06-13 22:15:00,7581.3
2025-06-13 22:30:00,7339.35
2025-06-13 22:45:00,7758.73
2025-06-13 23:00:00,9532.76
2025-06-13 23:15:00,9253.66
2025-06-13 23:30:00,8921.18
2025-06-13 23:45:00,8056.84
2025-06-14 00:00:00,7806.95
2025-06-14 00:15:00,7628.99
2025-06-14 00:30:00,7577.74
2025-06-14 00:45:00,8260.66
2025-06-14 01:00:00,7972.48
2025-06-14 01:15:00,7359.15
2025-06-14 01:30:00,7185.35
2025-06-14 01:45:00,6574.39
2025-06-14 02:00:00,6258.37
2025-06-14 02:15:00,5804.53
2025-06-14 02:30:00,5466.22
2025-06-14 02:45:00,5393.93
2025-06-14 03:00:00,5369.96
2025-06-14 03:15:00,5361.06
2025-06-14 03:30:00,5285.79
2025-06-14 03:45:00,5331.09
2025-06-14 04:00:00,5334.43
2025-06-14 04:15:00,5535.85
2025-06-14 04:30:00,5358.08
2025-06-14 04:45:00,5492.29
2025-06-14 05:00:00,5469.14
2025-06-14 05:15:00,5715.06
2025-06-14 05:30:00,6209.77
2025-06-14 05:45:00,6395.33
2025-06-14 06:00:00,6208.4
2025-06-14 06:15:00,6271.98
2025-06-14 06:30:00,5824.02
2025-06-14 06:45:00,5632.24
2025-06-14 07:00:00,5213.58
2025-06-14 07:15:00,4926.99
2025-06-14 07:30:00,5175.12
2025-06-14 07:45:00,5163.59
2025-06-14 08:00:00,5605.39
2025-06-14 08:15:00,5491.71
2025-06-14 08:30:00,5421.27
2025-06-14 08:45:00,5356.97
2025-06-14 09:00:00,5169.09
2025-06-14 09:15:00,4515.86
2025-06-14 09:30:00,4567.66
2025-06-14 09:45:00,4000.92
2025-06-14 10:00:00,3829.34
2025-06-14 10:15:00,3918.28
2025-06-14 10:30:00,3915.67
2025-06-14 10:45:00,3792.91
2025-06-14 11:00:00,4058.26
2025-06-14 11:15:00,3961.49
2025-06-14 11:30:00,3688.01
2025-06-14 11:45:00,3312.63
2025-06-14 12:00:00,3480.2
2025-06-14 12:15:00,3537.33
2025-06-14 12:30:00,3648.44
2025-06-14 12:45:00,3627.61
2025-06-14 13:00:00,3643.56
2025-06-14 13:15:00,3376.17
2025-06-14 13:30:00,3937.87
2025-06-14 13:45:00,4070.12
2025-06-14 14:00:00,4367.04
2025-06-14 14:15:00,4763.14
2025-06-14 14:30:00,4800.25
2025-06-14 14:45:00,4657.75
2025-06-14 15:00:00,5013.57
2025-06-14 15:15:00,5029.91
2025-06-14 15:30:00,5584.1
2025-06-14 15:45:00,5785.19
2025-06-14 16:00:00,6167.3
2025-06-14 16:15:00,6732.56
2025-06-14 16:30:00,6964.39
2025-06-14 16:45:00,7811.71
2025-06-14 17:00:00,8529.26
2025-06-14 17:15:00,8939.13
2025-06-14 17:30:00,8656.84
2025-06-14 17:45:00,8714.3
2025-06-14 18:00:00,8624.71
2025-06-14 18:15:00,8892.96
2025-06-14 18:30:00,9109.65
2025-06-14 18:45:00,9307.73
2025-06-14 19:00:00,9624.83
2025-06-14 19:15:00,9435.92
2025-06-14 19:30:00,9806.11
2025-06-14 19:45:00,9839.63
2025-06-14 20:00:00,10170.5
2025-06-14 20:15:00,10154.9
2025-06-14 20:30:00,9977.66
2025-06-14 20:45:00,9757.78
2025-06-14 21:00:00,9537.64
2025-06-14 21:15:00,9205.82
2025-06-14 21:30:00,9448.45
2025-06-14 21:45:00,8967.71
2025-06-14 22:00:00,8414.28
2025-06-14 22:15:00,7974.77
2025-06-14 22:30:00,7946.69
2025-06-14 22:45:00,7771.12
2025-06-14 23:00:00,10276.8
2025-06-14 23:15:00,9518.55
2025-06-14 23:30:00,9080.39
2025-06-14 23:45:00,8517.13
2025-06-15 00:00:00,7653.22
2025-06-15 00:15:00,7404.35
2025-06-15 00:30:00,7302.92
2025-06-15 00:45:00,7436.8
2025-06-15 01:00:00,7333.2
2025-06-15 01:15:00,6974.29
2025-06-15 01:30:00,6755.45
2025-06-15 01:45:00,6484.16
2025-06-15 02:00:00,6343.67
2025-06-15 02:15:00,5994.97
2025-06-15 02:30:00,5665.55
2025-06-15 02:45:00,5630.25
2025-06-15 03:00:00,5648.13
2025-06-15 03:15:00,5681.8
2025-06-15 03:30:00,5656.67
2025-06-15 03:45:00,5583.26
2025-06-15 04:00:00,5640.59
2025-06-15 04:15:00,5594.56
2025-06-15 04:30:00,5587.3
2025-06-15 04:45:00,5589.63
2025-06-15 05:00:00,5617.62
2025-06-15 05:15:00,5788.69
2025-06-15 05:30:00,6001.53
2025-06-15 05:45:00,5975.16
2025-06-15 06:00:00,6267.37
2025-06-15 06:15:00,5980.84
2025-06-15 06:30:00,5893.45
2025-06-15 06:45:00,5180.85
2025-06-15 07:00:00,5165.35
2025-06-15 07:15:00,5392.89
2025-06-15 07:30:00,5396.51
2025-06-15 07:45:00,5383.27
2025-06-15 08:00:00,5542.87
2025-06-15 08:15:00,5457.58
2025-06-15 08:30:00,5457.42
2025-06-15 08:45:00,5436.75
2025-06-15 09:00:00,5524.1
2025-06-15 09:15:00,5443.47
2025-06-15 09:30:00,5436.81
2025-06-15 09:45:00,5031.41
2025-06-15 10:00:00,3761.13
2025-06-15 10:15:00,3912.92
2025-06-15 10:30:00,3681.99
2025-06-15 10:45:00,3690.29
2025-06-15 11:00:00,3369.02
2025-06-15 11:15:00,4054.87
2025-06-15 11:30:00,3982.51
2025-06-15 11:45:00,3893.72
2025-06-15 12:00:00,3716.63
2025-06-15 12:15:00,4028.35
2025-06-15 12:30:00,3797.61
2025-06-15 12:45:00,3684.77
2025-06-15 13:00:00,3981.28
2025-06-15 13:15:00,3707.57
2025-06-15 13:30:00,4113.06
2025-06-15 13:45:00,4053.35
2025-06-15 14:00:00,4254.33
2025-06-15 14:15:00,4257.08
2025-06-15 14:30:00,3926.8
2025-06-15 14:45:00,3979.33
2025-06-15 15:00:00,3712.64
2025-06-15 15:15:00,3728.58
2025-06-15 15:30:00,3826.28
2025-06-15 15:45:00,4609.77
2025-06-15 16:00:00,5310.45
2025-06-15 16:15:00,5844.28
2025-06-15 16:30:00,6406.65
2025-06-15 16:45:00,6770.2
2025-06-15 17:00:00,7807.51
2025-06-15 17:15:00,8188.06
2025-06-15 17:30:00,8634.61
2025-06-15 17:45:00,9053.27
2025-06-15 18:00:00,9219.92
2025-06-15 18:15:00,9214.55
2025-06-15 18:30:00,9325.06
2025-06-15 18:45:00,9456.73
2025-06-15 19:00:00,9542.94
2025-06-15 19:15:00,9624.29
2025-06-15 19:30:00,9657.84
2025-06-15 19:45:00,9684.71
2025-06-15 20:00:00,9615.6
2025-06-15 20:15:00,9229.66
2025-06-15 20:30:00,8947.5
2025-06-15 20:45:00,8933.03
2025-06-15 21:00:00,8979.23
2025-06-15 21:15:00,8716.66
2025-06-15 21:30:00,8500.52
2025-06-15 21:45:00,8113.02
2025-06-15 22:00:00,7645.65
2025-06-15 22:15:00,7251.52
2025-06-15 22:30:00,7058.81
2025-06-15 22:45:00,7154.75
2025-06-15 23:00:00,8705.02
2025-06-15 23:15:00,8691.08
2025-06-15 23:30:00,7874.08
2025-06-15 23:45:00,7750.58
2025-06-16 00:00:00,7514.41
2025-06-16 00:15:00,7523.24
2025-06-16 00:30:00,7488.71
2025-06-16 00:45:00,7445.31
2025-06-16 01:00:00,7520.41
2025-06-16 01:15:00,7113.85
2025-06-16 01:30:00,6943.49
2025-06-16 01:45:00,6824.05
2025-06-16 02:00:00,6658.3
2025-06-16 02:15:00,6506.26
2025-06-16 02:30:00,6064.79
2025-06-16 02:45:00,5835.13
2025-06-16 03:00:00,5619.24
2025-06-16 03:15:00,5531.75
2025-06-16 03:30:00,5521.54
2025-06-16 03:45:00,5491.73
2025-06-16 04:00:00,5679.54
2025-06-16 04:15:00,5448.5
2025-06-16 04:30:00,5479.71
2025-06-16 04:45:00,5471.95
2025-06-16 05:00:00,5708.58
2025-06-16 05:15:00,5937.99
2025-06-16 05:30:00,6378.9
2025-06-16 05:45:00,6390.96
2025-06-16 06:00:00,6173.14
2025-06-16 06:15:00,5891.0
2025-06-16 06:30:00,5452.78
2025-06-16 06:45:00,5160.89
2025-06-16 07:00:00,5196.71
2025-06-16 07:15:00,4940.11
2025-06-16 07:30:00,5040.31
2025-06-16 07:45:00,5644.66
2025-06-16 08:00:00,5725.57
2025-06-16 08:15:00,5775.54
2025-06-16 08:30:00,5259.54
2025-06-16 08:45:00,5062.18
2025-06-16 09:00:00,4788.74
2025-06-16 09:15:00,4671.78
2025-06-16 09:30:00,4695.26
2025-06-16 09:45:00,4663.75
2025-06-16 10:00:00,4682.8
2025-06-16 10:15:00,4608.29
2025-06-16 10:30:00,4607.64
2025-06-16 10:45:00,4612.55
2025-06-16 11:00:00,4154.02
2025-06-16 11:15:00,4416.1
2025-06-16 11:30:00,4210.97
2025-06-16 11:45:00,4027.85
2025-06-16 12:00:00,3939.57
2025-06-16 12:15:00,4093.05
2025-06-16 12:30:00,4248.38
2025-06-16 12:45:00,4105.68
2025-06-16 13:00:00,4160.78
2025-06-16 13:15:00,4143.17
2025-06-16 13:30:00,4577.11
2025-06-16 13:45:00,4594.48
2025-06-16 14:00:00,4822.38
2025-06-16 14:15:00,5048.19
2025-06-16 14:30:00,4479.84
2025-06-16 14:45:00,4688.04
2025-06-16 15:00:00,4900.35
2025-06-16 15:15:00,4508.15
2025-06-16 15:30:00,4769.65
2025-06-16 15:45:00,5362.98
2025-06-16 16:00:00,5857.13
2025-06-16 16:15:00,6297.01
2025-06-16 16:30:00,6745.32
2025-06-16 16:45:00,7348.5
2025-06-16 17:00:00,8124.91
2025-06-16 17:15:00,8365.83
2025-06-16 17:30:00,8707.27
2025-06-16 17:45:00,8900.7
2025-06-16 18:00:00,9146.58
2025-06-16 18:15:00,9732.6
2025-06-16 18:30:00,10199.9
2025-06-16 18:45:00,10326.4
2025-06-16 19:00:00,10190.3
2025-06-16 19:15:00,10578.9
2025-06-16 19:30:00,10373.0
2025-06-16 19:45:00,10465.0
2025-06-16 20:00:00,10418.4
2025-06-16 20:15:00,10174.9
2025-06-16 20:30:00,10372.4
2025-06-16 20:45:00,10158.5
2025-06-16 21:00:00,10382.5
2025-06-16 21:15:00,10000.8
2025-06-16 21:30:00,10071.8
2025-06-16 21:45:00,9739.38
2025-06-16 22:00:00,9372.81
2025-06-16 22:15:00,8788.41
2025-06-16 22:30:00,8400.72
2025-06-16 22:45:00,8086.67
2025-06-16 23:00:00,9889.99
2025-06-16 23:15:00,9742.79
2025-06-16 23:30:00,9315.52
2025-06-16 23:45:00,8746.18
2025-06-17 00:00:00,8368.82
2025-06-17 00:15:00,8060.53
2025-06-17 00:30:00,7674.79
2025-06-17 00:45:00,8061.52
2025-06-17 01:00:00,8707.81
2025-06-17 01:15:00,8633.45
2025-06-17 01:30:00,8405.41
2025-06-17 01:45:00,8230.55
2025-06-17 02:00:00,8086.32
2025-06-17 02:15:00,7792.98
2025-06-17 02:30:00,7501.31
2025-06-17 02:45:00,7702.0
2025-06-17 03:00:00,7673.89
2025-06-17 03:15:00,7419.13
2025-06-17 03:30:00,7478.88
2025-06-17 03:45:00,7513.01
2025-06-17 04:00:00,7471.12
2025-06-17 04:15:00,7326.45
2025-06-17 04:30:00,7280.63
2025-06-17 04:45:00,7292.52
2025-06-17 05:00:00,7289.02
2025-06-17 05:15:00,7089.33
2025-06-17 05:30:00,7219.2
2025-06-17 05:45:00,7373.82
2025-06-17 06:00:00,7162.48
2025-06-17 06:15:00,7118.8
2025-06-17 06:30:00,7270.15
2025-06-17 06:45:00,6867.58
2025-06-17 07:00:00,6461.89
2025-06-17 07:15:00,6305.83
2025-06-17 07:30:00,6115.33
2025-06-17 07:45:00,6317.56
2025-06-17 08:00:00,5952.43
2025-06-17 08:15:00,5730.88
2025-06-17 08:30:00,5381.26
2025-06-17 08:45:00,5015.66
2025-06-17 09:00:00,4596.41
2025-06-17 09:15:00,4336.48
2025-06-17 09:30:00,4371.02
2025-06-17 09:45:00,4390.08
2025-06-17 10:00:00,4412.54
2025-06-17 10:15:00,4580.66
2025-06-17 10:30:00,4597.13
2025-06-17 10:45:00,4278.53
2025-06-17 11:00:00,4090.68
2025-06-17 11:15:00,4174.33
2025-06-17 11:30:00,4191.27
2025-06-17 11:45:00,3880.28
2025-06-17 12:00:00,4022.42
2025-06-17 12:15:00,4069.28
2025-06-17 12:30:00,4144.07
2025-06-17 12:45:00,4113.56
2025-06-17 13:00:00,3977.12
2025-06-17 13:15:00,3817.33
2025-06-17 13:30:00,3791.13
2025-06-17 13:45:00,3734.77
2025-06-17 14:00:00,3575.07
2025-06-17 14:15:00,4229.09
2025-06-17 14:30:00,4333.77
2025-06-17 14:45:00,4984.93
2025-06-17 15:00:00,5483.73
2025-06-17 15:15:00,5445.04
2025-06-17 15:30:00,6014.08
2025-06-17 15:45:00,6396.66
2025-06-17 16:00:00,6858.12
2025-06-17 16:15:00,6954.35
2025-06-17 16:30:00,7410.36
2025-06-17 16:45:00,7497.36
2025-06-17 17:00:00,8329.57
2025-06-17 17:15:00,8160.78
2025-06-17 17:30:00,8623.96
2025-06-17 17:45:00,9382.83
2025-06-17 18:00:00,9447.65
2025-06-17 18:15:00,9723.55
2025-06-17 18:30:00,9740.91
2025-06-17 18:45:00,9747.85
2025-06-17 19:00:00,9598.26
2025-06-17 19:15:00,9591.12
2025-06-17 19:30:00,10012.5
2025-06-17 19:45:00,10406.2
2025-06-17 20:00:00,10471.4
2025-06-17 20:15:00,10425.2
2025-06-17 20:30:00,10508.6
2025-06-17 20:45:00,10421.6
2025-06-17 21:00:00,9717.2
2025-06-17 21:15:00,10014.6
2025-06-17 21:30:00,9989.02
2025-06-17 21:45:00,9905.79
2025-06-17 22:00:00,9517.4
2025-06-17 22:15:00,9008.86
2025-06-17 22:30:00,8779.2
2025-06-17 22:45:00,8784.92
2025-06-17 23:00:00,10604.7
2025-06-17 23:15:00,10591.4
2025-06-17 23:30:00,9692.14
2025-06-17 23:45:00,8938.14
2025-06-18 00:00:00,7850.81
2025-06-18 00:15:00,7919.11
2025-06-18 00:30:00,7842.83
2025-06-18 00:45:00,7757.44
2025-06-18 01:00:00,8137.84
2025-06-18 01:15:00,7968.09
2025-06-18 01:30:00,7462.33
2025-06-18 01:45:00,7125.72
2025-06-18 02:00:00,7015.99
2025-06-18 02:15:00,7109.7
2025-06-18 02:30:00,6850.88
2025-06-18 02:45:00,6682.18
2025-06-18 03:00:00,6381.13
2025-06-18 03:15:00,6285.43
2025-06-18 03:30:00,6344.14
2025-06-18 03:45:00,6717.28
2025-06-18 04:00:00,6688.53
2025-06-18 04:15:00,6607.33
2025-06-18 04:30:00,6746.1
2025-06-18 04:45:00,6670.62
2025-06-18 05:00:00,6412.17
2025-06-18 05:15:00,6269.09
2025-06-18 05:30:00,6264.36
2025-06-18 05:45:00,5730.4
2025-06-18 06:00:00,5768.82
2025-06-18 06:15:00,5722.78
2025-06-18 06:30:00,5541.06
2025-06-18 06:45:00,5703.75
2025-06-18 07:00:00,5393.47
2025-06-18 07:15:00,5308.36
2025-06-18 07:30:00,5205.79
2025-06-18 07:45:00,4944.18
2025-06-18 08:00:00,5756.88
2025-06-18 08:15:00,5706.08
2025-06-18 08:30:00,5496.02
2025-06-18 08:45:00,5014.24
2025-06-18 09:00:00,4885.81
2025-06-18 09:15:00,5092.2
2025-06-18 09:30:00,5290.58
2025-06-18 09:45:00,5208.67
2025-06-18 10:00:00,5001.41
2025-06-18 10:15:00,4852.38
2025-06-18 10:30:00,5272.43
2025-06-18 10:45:00,4391.44
2025-06-18 11:00:00,4566.63
2025-06-18 11:15:00,5148.87
2025-06-18 11:30:00,5257.04
2025-06-18 11:45:00,5156.82
2025-06-18 12:00:00,5676.09
2025-06-18 12:15:00,6279.22
2025-06-18 12:30:00,6600.3
2025-06-18 12:45:00,6166.1
2025-06-18 13:00:00,5823.62
2025-06-18 13:15:00,5198.32
2025-06-18 13:30:00,5448.16
2025-06-18 13:45:00,5867.92
2025-06-18 14:00:00,6502.61
2025-06-18 14:15:00,6964.38
2025-06-18 14:30:00,7256.08
2025-06-18 14:45:00,7375.12
2025-06-18 15:00:00,7447.31
2025-06-18 15:15:00,7426.09
2025-06-18 15:30:00,7765.25
2025-06-18 15:45:00,8211.96
2025-06-18 16:00:00,8690.32
2025-06-18 16:15:00,9018.09
2025-06-18 16:30:00,8901.63
2025-06-18 16:45:00,8741.41
2025-06-18 17:00:00,8676.79
2025-06-18 17:15:00,8889.22
2025-06-18 17:30:00,9672.38
2025-06-18 17:45:00,9761.98
2025-06-18 18:00:00,10077.9
2025-06-18 18:15:00,9905.68
2025-06-18 18:30:00,9907.43
2025-06-18 18:45:00,9487.51
2025-06-18 19:00:00,9693.68
2025-06-18 19:15:00,10005.7
2025-06-18 19:30:00,10252.3
2025-06-18 19:45:00,10576.2
2025-06-18 20:00:00,10432.7
2025-06-18 20:15:00,10430.4
2025-06-18 20:30:00,10495.1
2025-06-18 20:45:00,10420.9
2025-06-18 21:00:00,10648.8
2025-06-18 21:15:00,10382.3
2025-06-18 21:30:00,10283.7
2025-06-18 21:45:00,10278.9
2025-06-18 22:00:00,10117.1
2025-06-18 22:15:00,10124.8
2025-06-18 22:30:00,10246.3
2025-06-18 22:45:00,10331.5
2025-06-18 23:00:00,11017.8
2025-06-18 23:15:00,10059.2
2025-06-18 23:30:00,9209.13
2025-06-18 23:45:00,8532.26
2025-06-19 00:00:00,8624.39
2025-06-19 00:15:00,9184.03
2025-06-19 00:30:00,9539.55
2025-06-19 00:45:00,9539.25
2025-06-19 01:00:00,9583.12
2025-06-19 01:15:00,9136.32
2025-06-19 01:30:00,9252.11
2025-06-19 01:45:00,9334.02
2025-06-19 02:00:00,9135.58
2025-06-19 02:15:00,9024.17
2025-06-19 02:30:00,8588.97
2025-06-19 02:45:00,8587.21
2025-06-19 03:00:00,8757.63
2025-06-19 03:15:00,9030.94
2025-06-19 03:30:00,9012.15
2025-06-19 03:45:00,8805.2
2025-06-19 04:00:00,8623.14
2025-06-19 04:15:00,8733.1
2025-06-19 04:30:00,8514.36
2025-06-19 04:45:00,8712.87
2025-06-19 05:00:00,8659.27
2025-06-19 05:15:00,8723.43
2025-06-19 05:30:00,8824.05
2025-06-19 05:45:00,8634.41
2025-06-19 06:00:00,8827.61
2025-06-19 06:15:00,8641.22
2025-06-19 06:30:00,8443.8
2025-06-19 06:45:00,8350.08
2025-06-19 07:00:00,7848.46
2025-06-19 07:15:00,7168.4
2025-06-19 07:30:00,7358.88
2025-06-19 07:45:00,7269.63
2025-06-19 08:00:00,7617.78
2025-06-19 08:15:00,7995.45
2025-06-19 08:30:00,6945.34
2025-06-19 08:45:00,6953.06
2025-06-19 09:00:00,6927.0
2025-06-19 09:15:00,7185.65
2025-06-19 09:30:00,7555.85
2025-06-19 09:45:00,7767.1
2025-06-19 10:00:00,7359.49
2025-06-19 10:15:00,7357.28
2025-06-19 10:30:00,7277.44
2025-06-19 10:45:00,6909.56
2025-06-19 11:00:00,6903.85
2025-06-19 11:15:00,6899.42
2025-06-19 11:30:00,7003.99
2025-06-19 11:45:00,6888.6
2025-06-19 12:00:00,7585.9
2025-06-19 12:15:00,7884.89
2025-06-19 12:30:00,7911.09
2025-06-19 12:45:00,7901.27
2025-06-19 13:00:00,7851.65
2025-06-19 13:15:00,7838.75
2025-06-19 13:30:00,7911.25
2025-06-19 13:45:00,8202.16
2025-06-19 14:00:00,8785.48
2025-06-19 14:15:00,8759.33
2025-06-19 14:30:00,8922.56
2025-06-19 14:45:00,8905.49
2025-06-19 15:00:00,8992.43
2025-06-19 15:15:00,9109.65
2025-06-19 15:30:00,9578.21
2025-06-19 15:45:00,9823.75
2025-06-19 16:00:00,9899.58
2025-06-19 16:15:00,9870.33
2025-06-19 16:30:00,10254.9
2025-06-19 16:45:00,10369.3
2025-06-19 17:00:00,10088.5
2025-06-19 17:15:00,10457.4
2025-06-19 17:30:00,10610.0
2025-06-19 17:45:00,11072.7
2025-06-19 18:00:00,10973.3
2025-06-19 18:15:00,11016.3
2025-06-19 18:30:00,11199.1
2025-06-19 18:45:00,11068.4
2025-06-19 19:00:00,11472.1
2025-06-19 19:15:00,11245.6
2025-06-19 19:30:00,11729.8
2025-06-19 19:45:00,11810.3
2025-06-19 20:00:00,11819.5
2025-06-19 20:15:00,11537.0
2025-06-19 20:30:00,11443.2
2025-06-19 20:45:00,11448.9
2025-06-19 21:00:00,11560.1
2025-06-19 21:15:00,11655.5
2025-06-19 21:30:00,11510.1
2025-06-19 21:45:00,11418.0
2025-06-19 22:00:00,11610.3
2025-06-19 22:15:00,11489.9
2025-06-19 22:30:00,11453.8
2025-06-19 22:45:00,11464.7
2025-06-19 23:00:00,11924.7
2025-06-19 23:15:00,11575.8
2025-06-19 23:30:00,11098.4
2025-06-19 23:45:00,10652.8
2025-06-20 00:00:00,10804.6
2025-06-20 00:15:00,11016.5
2025-06-20 00:30:00,10596.3
2025-06-20 00:45:00,10536.8
2025-06-20 01:00:00,10415.6
2025-06-20 01:15:00,10431.5
2025-06-20 01:30:00,10414.2
2025-06-20 01:45:00,10419.6
2025-06-20 02:00:00,10772.5
2025-06-20 02:15:00,10566.0
2025-06-20 02:30:00,10439.9
2025-06-20 02:45:00,10434.9
2025-06-20 03:00:00,9988.2
2025-06-20 03:15:00,10062.3
2025-06-20 03:30:00,10130.2
2025-06-20 03:45:00,10236.6
2025-06-20 04:00:00,10492.1
2025-06-20 04:15:00,10231.1
2025-06-20 04:30:00,10231.8
2025-06-20 04:45:00,9916.17
2025-06-20 05:00:00,9897.13
2025-06-20 05:15:00,8991.63
2025-06-20 05:30:00,9006.61
2025-06-20 05:45:00,9107.09
2025-06-20 06:00:00,9674.33
2025-06-20 06:15:00,9241.81
2025-06-20 06:30:00,9206.25
2025-06-20 06:45:00,8959.87
2025-06-20 07:00:00,8615.31
2025-06-20 07:15:00,8642.59
2025-06-20 07:30:00,9040.95
2025-06-20 07:45:00,9114.27
2025-06-20 08:00:00,9281.2
2025-06-20 08:15:00,9382.44
2025-06-20 08:30:00,9075.0
2025-06-20 08:45:00,9033.78
2025-06-20 09:00:00,8968.21
2025-06-20 09:15:00,9179.41
2025-06-20 09:30:00,9012.74
2025-06-20 09:45:00,9216.84
2025-06-20 10:00:00,9905.73
2025-06-20 10:15:00,10111.4
2025-06-20 10:30:00,10231.7
2025-06-20 10:45:00,10192.4
2025-06-20 11:00:00,9917.01
2025-06-20 11:15:00,9498.46
2025-06-20 11:30:00,9965.07
2025-06-20 11:45:00,10236.3
2025-06-20 12:00:00,10544.9
2025-06-20 12:15:00,10426.0
2025-06-20 12:30:00,10509.0
2025-06-20 12:45:00,10498.5
2025-06-20 13:00:00,10447.8
2025-06-20 13:15:00,10516.7
2025-06-20 13:30:00,10515.2
2025-06-20 13:45:00,10530.7
2025-06-20 14:00:00,10546.6
2025-06-20 14:15:00,10495.2
2025-06-20 14:30:00,9970.22
2025-06-20 14:45:00,10020.8
2025-06-20 15:00:00,10092.0
2025-06-20 15:15:00,10092.0
2025-06-20 15:30:00,10098.5
2025-06-20 15:45:00,10405.5
2025-06-20 16:00:00,10782.8
2025-06-20 16:15:00,10805.9
2025-06-20 16:30:00,10797.6
2025-06-20 16:45:00,11154.4
2025-06-20 17:00:00,11161.6
2025-06-20 17:15:00,11535.9
2025-06-20 17:30:00,11339.0
2025-06-20 17:45:00,11385.2
2025-06-20 18:00:00,11425.2
2025-06-20 18:15:00,11384.3
2025-06-20 18:30:00,11504.3
2025-06-20 18:45:00,11296.1
2025-06-20 19:00:00,11213.1
2025-06-20 19:15:00,11264.0
2025-06-20 19:30:00,11254.8
2025-06-20 19:45:00,10864.6
2025-06-20 20:00:00,11267.5
2025-06-20 20:15:00,11747.4
2025-06-20 20:30:00,11780.5
2025-06-20 20:45:00,11784.5
2025-06-20 21:00:00,11763.5
2025-06-20 21:15:00,11718.6
2025-06-20 21:30:00,11760.2
2025-06-20 21:45:00,11729.4
2025-06-20 22:00:00,11665.7
2025-06-20 22:15:00,11590.2
2025-06-20 22:30:00,11619.0
2025-06-20 22:45:00,11462.5
2025-06-20 23:00:00,11554.2
2025-06-20 23:15:00,11355.5
2025-06-20 23:30:00,11348.6
2025-06-20 23:45:00,10812.4
2025-08-01 00:00:00,6994.13
2025-08-01 00:15:00,6968.84
2025-08-01 00:30:00,7088.11
2025-08-01 00:45:00,6913.42
2025-08-01 01:00:00,7050.87
2025-08-01 01:15:00,6969.48
2025-08-01 01:30:00,6373.8
2025-08-01 01:45:00,5867.28
2025-08-01 02:00:00,5673.57
2025-08-01 02:15:00,5212.75
2025-08-01 02:30:00,4940.98
2025-08-01 02:45:00,4729.11
2025-08-01 03:00:00,4775.77
2025-08-01 03:15:00,4772.27
2025-08-01 03:30:00,4729.02
2025-08-01 03:45:00,4886.1
2025-08-01 04:00:00,4732.3
2025-08-01 04:15:00,4651.6
2025-08-01 04:30:00,4580.08
2025-08-01 04:45:00,4470.44
2025-08-01 05:00:00,4485.38
2025-08-01 05:15:00,4419.31
2025-08-01 05:30:00,4495.61
2025-08-01 05:45:00,4414.06
2025-08-01 06:00:00,4265.61
2025-08-01 06:15:00,4106.2
2025-08-01 06:30:00,3514.87
2025-08-01 06:45:00,3263.51
2025-08-01 07:00:00,3250.5
2025-08-01 07:15:00,3023.68
2025-08-01 07:30:00,3035.01
2025-08-01 07:45:00,3110.82
2025-08-01 08:00:00,3197.86
2025-08-01 08:15:00,3174.93
2025-08-01 08:30:00,3099.44
2025-08-01 08:45:00,3240.62
2025-08-01 09:00:00,3163.45
2025-08-01 09:15:00,3314.32
2025-08-01 09:30:00,3179.05
2025-08-01 09:45:00,2804.56
2025-08-01 10:00:00,2842.06
2025-08-01 10:15:00,2805.84
2025-08-01 10:30:00,3034.24
2025-08-01 10:45:00,3098.22
2025-08-01 11:00:00,3017.37
2025-08-01 11:15:00,3059.49
2025-08-01 11:30:00,3007.07
2025-08-01 11:45:00,2576.93
2025-08-01 12:00:00,2639.13
2025-08-01 12:15:00,2624.62
2025-08-01 12:30:00,2615.16
2025-08-01 12:45:00,2396.13
2025-08-01 13:00:00,2415.91
2025-08-01 13:15:00,2388.54
2025-08-01 13:30:00,2343.34
2025-08-01 13:45:00,2396.62
2025-08-01 14:00:00,2681.74
2025-08-01 14:15:00,2933.55
2025-08-01 14:30:00,3186.18
2025-08-01 14:45:00,3524.76
2025-08-01 15:00:00,3782.36
2025-08-01 15:15:00,3645.52
2025-08-01 15:30:00,3674.66
2025-08-01 15:45:00,4024.75
2025-08-01 16:00:00,4024.69
2025-08-01 16:15:00,4144.78
2025-08-01 16:30:00,4680.06
2025-08-01 16:45:00,5384.48
2025-08-01 17:00:00,6067.23
2025-08-01 17:15:00,6343.62
2025-08-01 17:30:00,6681.8
2025-08-01 17:45:00,6883.19
2025-08-01 18:00:00,7535.78
2025-08-01 18:15:00,7875.12
2025-08-01 18:30:00,7811.48
2025-08-01 18:45:00,7985.95
2025-08-01 19:00:00,8351.12
2025-08-01 19:15:00,8404.57
2025-08-01 19:30:00,8421.49
2025-08-01 19:45:00,8644.15
2025-08-01 20:00:00,8697.59
2025-08-01 20:15:00,8701.28
2025-08-01 20:30:00,8775.04
2025-08-01 20:45:00,8798.37
2025-08-01 21:00:00,8780.2
2025-08-01 21:15:00,8967.98
2025-08-01 21:30:00,9027.71
2025-08-01 21:45:00,9174.85
2025-08-01 22:00:00,8901.85
2025-08-01 22:15:00,8531.18
2025-08-01 22:30:00,8490.08
2025-08-01 22:45:00,8057.63
2025-08-01 23:00:00,7483.36
2025-08-01 23:15:00,7074.41
2025-08-01 23:30:00,7080.02
2025-08-01 23:45:00,7003.91
2025-08-02 00:00:00,8366.09
2025-08-02 00:15:00,7972.81
2025-08-02 00:30:00,7597.64
2025-08-02 00:45:00,7016.26
2025-08-02 01:00:00,6832.28
2025-08-02 01:15:00,6711.41
2025-08-02 01:30:00,6704.17
2025-08-02 01:45:00,6526.23
2025-08-02 02:00:00,6210.42
2025-08-02 02:15:00,5728.47
2025-08-02 02:30:00,5751.48
2025-08-02 02:45:00,5393.97
2025-08-02 03:00:00,5270.5
2025-08-02 03:15:00,5524.43
2025-08-02 03:30:00,5496.59
2025-08-02 03:45:00,5455.75
2025-08-02 04:00:00,5694.02
2025-08-02 04:15:00,5813.45
2025-08-02 04:30:00,5655.96
2025-08-02 04:45:00,5884.41
2025-08-02 05:00:00,5678.19
2025-08-02 05:15:00,5228.37
2025-08-02 05:30:00,4833.48
2025-08-02 05:45:00,4468.67
2025-08-02 06:00:00,4290.06
2025-08-02 06:15:00,4082.18
2025-08-02 06:30:00,3653.97
2025-08-02 06:45:00,3429.36
2025-08-02 07:00:00,3188.3
2025-08-02 07:15:00,3332.35
2025-08-02 07:30:00,3276.93
2025-08-02 07:45:00,3098.91
2025-08-02 08:00:00,3160.34
2025-08-02 08:15:00,3209.76
2025-08-02 08:30:00,3084.75
2025-08-02 08:45:00,3073.23
2025-08-02 09:00:00,3036.4
2025-08-02 09:15:00,3163.38
2025-08-02 09:30:00,3329.34
2025-08-02 09:45:00,3074.38
2025-08-02 10:00:00,3034.12
2025-08-02 10:15:00,3047.71
2025-08-02 10:30:00,3036.2
2025-08-02 10:45:00,3020.08
2025-08-02 11:00:00,2907.69
2025-08-02 11:15:00,2925.74
2025-08-02 11:30:00,2939.08
2025-08-02 11:45:00,2873.33
2025-08-02 12:00:00,3762.43
2025-08-02 12:15:00,4005.83
2025-08-02 12:30:00,3029.56
2025-08-02 12:45:00,2683.94
2025-08-02 13:00:00,2613.27
2025-08-02 13:15:00,2714.79
2025-08-02 13:30:00,2470.22
2025-08-02 13:45:00,2529.47
2025-08-02 14:00:00,2722.57
2025-08-02 14:15:00,3201.05
2025-08-02 14:30:00,3561.43
2025-08-02 14:45:00,3656.6
2025-08-02 15:00:00,3517.54
2025-08-02 15:15:00,3501.44
2025-08-02 15:30:00,3789.76
2025-08-02 15:45:00,4061.73
2025-08-02 16:00:00,4176.84
2025-08-02 16:15:00,4627.48
2025-08-02 16:30:00,5411.29
2025-08-02 16:45:00,6000.44
2025-08-02 17:00:00,6280.77
2025-08-02 17:15:00,6317.52
2025-08-02 17:30:00,6743.7
2025-08-02 17:45:00,6704.75
2025-08-02 18:00:00,7174.17
2025-08-02 18:15:00,7740.15
2025-08-02 18:30:00,7750.6
2025-08-02 18:45:00,8168.97
2025-08-02 19:00:00,8447.76
2025-08-02 19:15:00,8486.33
2025-08-02 19:30:00,8566.96
2025-08-02 19:45:00,8503.2
2025-08-02 20:00:00,8555.88
2025-08-02 20:15:00,8663.15
2025-08-02 20:30:00,8666.78
2025-08-02 20:45:00,8643.64
2025-08-02 21:00:00,8716.24
2025-08-02 21:15:00,8647.27
2025-08-02 21:30:00,8676.25
2025-08-02 21:45:00,8702.63
2025-08-02 22:00:00,8459.17
2025-08-02 22:15:00,8191.07
2025-08-02 22:30:00,7956.95
2025-08-02 22:45:00,7643.86
2025-08-02 23:00:00,7249.47
2025-08-02 23:15:00,7268.03
2025-08-02 23:30:00,7192.07
2025-08-02 23:45:00,7177.41
2025-08-03 00:00:00,8990.86
2025-08-03 00:15:00,7580.77
2025-08-03 00:30:00,6694.71
2025-08-03 00:45:00,6635.84
2025-08-03 01:00:00,6333.14
2025-08-03 01:15:00,6306.81
2025-08-03 01:30:00,6523.14
2025-08-03 01:45:00,6245.78
2025-08-03 02:00:00,6251.87
2025-08-03 02:15:00,6214.91
2025-08-03 02:30:00,6133.34
2025-08-03 02:45:00,5844.25
2025-08-03 03:00:00,5863.4
2025-08-03 03:15:00,5747.66
2025-08-03 03:30:00,5633.88
2025-08-03 03:45:00,5596.18
2025-08-03 04:00:00,5539.53
2025-08-03 04:15:00,5627.22
2025-08-03 04:30:00,5592.28
2025-08-03 04:45:00,5758.62
2025-08-03 05:00:00,5446.5
2025-08-03 05:15:00,5088.72
2025-08-03 05:30:00,4588.32
2025-08-03 05:45:00,4379.49
2025-08-03 06:00:00,4180.38
2025-08-03 06:15:00,3934.44
2025-08-03 06:30:00,3501.54
2025-08-03 06:45:00,3361.21
2025-08-03 07:00:00,2994.12
2025-08-03 07:15:00,2905.38
2025-08-03 07:30:00,2968.65
2025-08-03 07:45:00,3036.29
2025-08-03 08:00:00,3191.66
2025-08-03 08:15:00,3200.98
2025-08-03 08:30:00,3165.53
2025-08-03 08:45:00,3275.78
2025-08-03 09:00:00,2968.7
2025-08-03 09:15:00,2823.91
2025-08-03 09:30:00,2797.44
2025-08-03 09:45:00,2711.91
2025-08-03 10:00:00,3005.02
2025-08-03 10:15:00,3081.45
2025-08-03 10:30:00,3038.92
2025-08-03 10:45:00,2897.32
2025-08-03 11:00:00,2522.74
2025-08-03 11:15:00,2669.15
2025-08-03 11:30:00,2338.39
2025-08-03 11:45:00,2287.14
2025-08-03 12:00:00,2532.33
2025-08-03 12:15:00,2502.75
2025-08-03 12:30:00,2396.79
2025-08-03 12:45:00,2358.71
2025-08-03 13:00:00,2252.62
2025-08-03 13:15:00,2430.24
2025-08-03 13:30:00,2313.97
2025-08-03 13:45:00,2239.87
2025-08-03 14:00:00,2759.26
2025-08-03 14:15:00,3186.03
2025-08-03 14:30:00,3507.08
2025-08-03 14:45:00,3314.69
2025-08-03 15:00:00,3516.29
2025-08-03 15:15:00,3394.11
2025-08-03 15:30:00,3900.04
2025-08-03 15:45:00,4043.88
2025-08-03 16:00:00,4352.85
2025-08-03 16:15:00,5005.51
2025-08-03 16:30:00,5574.91
2025-08-03 16:45:00,6416.68
2025-08-03 17:00:00,6695.96
2025-08-03 17:15:00,6788.8
2025-08-03 17:30:00,7114.33
2025-08-03 17:45:00,7009.73
2025-08-03 18:00:00,7639.97
2025-08-03 18:15:00,7978.47
2025-08-03 18:30:00,8006.85
2025-08-03 18:45:00,8064.73
2025-08-03 19:00:00,8467.59
2025-08-03 19:15:00,8503.98
2025-08-03 19:30:00,8725.13
2025-08-03 19:45:00,8802.66
2025-08-03 20:00:00,8686.81
2025-08-03 20:15:00,8798.98
2025-08-03 20:30:00,8829.92
2025-08-03 20:45:00,8689.86
2025-08-03 21:00:00,9109.08
2025-08-03 21:15:00,8889.56
2025-08-03 21:30:00,9039.85
2025-08-03 21:45:00,8947.13
2025-08-03 22:00:00,8715.87
2025-08-03 22:15:00,8429.63
2025-08-03 22:30:00,7692.35
2025-08-03 22:45:00,7121.26
2025-08-03 23:00:00,7085.26
2025-08-03 23:15:00,7175.64
2025-08-03 23:30:00,6794.2
2025-08-03 23:45:00,7372.31
2025-08-04 00:00:00,8488.91
2025-08-04 00:15:00,7517.66
2025-08-04 00:30:00,6887.54
2025-08-04 00:45:00,6423.01
2025-08-04 01:00:00,6352.78
2025-08-04 01:15:00,6354.43
2025-08-04 01:30:00,6442.06
2025-08-04 01:45:00,6382.85
2025-08-04 02:00:00,6362.38
2025-08-04 02:15:00,5845.76
2025-08-04 02:30:00,5738.53
2025-08-04 02:45:00,5208.95
2025-08-04 03:00:00,4869.66
2025-08-04 03:15:00,4841.4
2025-08-04 03:30:00,5082.22
2025-08-04 03:45:00,4929.81
2025-08-04 04:00:00,4938.93
2025-08-04 04:15:00,5237.58
2025-08-04 04:30:00,4845.17
2025-08-04 04:45:00,4995.03
2025-08-04 05:00:00,5166.47
2025-08-04 05:15:00,4706.83
2025-08-04 05:30:00,4405.03
2025-08-04 05:45:00,4088.63
2025-08-04 06:00:00,3696.88
2025-08-04 06:15:00,3584.87
2025-08-04 06:30:00,3202.0
2025-08-04 06:45:00,3091.39
2025-08-04 07:00:00,2748.66
2025-08-04 07:15:00,2845.59
2025-08-04 07:30:00,2732.78
2025-08-04 07:45:00,2907.67
2025-08-04 08:00:00,3030.19
2025-08-04 08:15:00,3020.36
2025-08-04 08:30:00,2977.92
2025-08-04 08:45:00,2789.14
2025-08-04 09:00:00,2809.95
2025-08-04 09:15:00,2850.51
2025-08-04 09:30:00,3010.95
2025-08-04 09:45:00,2724.39
2025-08-04 10:00:00,2637.85
2025-08-04 10:15:00,2792.72
2025-08-04 10:30:00,2798.98
2025-08-04 10:45:00,2850.95
2025-08-04 11:00:00,3174.91
2025-08-04 11:15:00,2888.95
2025-08-04 11:30:00,2643.39
2025-08-04 11:45:00,2526.69
2025-08-04 12:00:00,2765.69
2025-08-04 12:15:00,2799.55
2025-08-04 12:30:00,3010.88
2025-08-04 12:45:00,3068.79
2025-08-04 13:00:00,3066.46
2025-08-04 13:15:00,2868.74
2025-08-04 13:30:00,3124.51
2025-08-04 13:45:00,3222.6
2025-08-04 14:00:00,3495.54
2025-08-04 14:15:00,3696.97
2025-08-04 14:30:00,3640.28
2025-08-04 14:45:00,3618.36
2025-08-04 15:00:00,3789.82
2025-08-04 15:15:00,4216.56
2025-08-04 15:30:00,4166.74
2025-08-04 15:45:00,4275.46
2025-08-04 16:00:00,4652.23
2025-08-04 16:15:00,5023.59
2025-08-04 16:30:00,5810.74
2025-08-04 16:45:00,6222.04
2025-08-04 17:00:00,6765.3
2025-08-04 17:15:00,6685.34
2025-08-04 17:30:00,6878.5
2025-08-04 17:45:00,6760.08
2025-08-04 18:00:00,7418.01
2025-08-04 18:15:00,7641.2
2025-08-04 18:30:00,7697.46
2025-08-04 18:45:00,7668.08
2025-08-04 19:00:00,8014.09
2025-08-04 19:15:00,8200.62
2025-08-04 19:30:00,8512.58
2025-08-04 19:45:00,8606.34
2025-08-04 20:00:00,8634.08
2025-08-04 20:15:00,9077.32
2025-08-04 20:30:00,9176.17
2025-08-04 20:45:00,8975.49
2025-08-04 21:00:00,8952.53
2025-08-04 21:15:00,8814.69
2025-08-04 21:30:00,8823.24
2025-08-04 21:45:00,8686.88
2025-08-04 22:00:00,8136.5
2025-08-04 22:15:00,7863.6
2025-08-04 22:30:00,7792.38
2025-08-04 22:45:00,7335.69
2025-08-04 23:00:00,6953.82
2025-08-04 23:15:00,7100.16
2025-08-04 23:30:00,7022.58
2025-08-04 23:45:00,6422.05
2025-08-05 00:00:00,8564.05
2025-08-05 00:15:00,8078.4
2025-08-05 00:30:00,7181.99
2025-08-05 00:45:00,6743.73
2025-08-05 01:00:00,6771.52
2025-08-05 01:15:00,6681.41
2025-08-05 01:30:00,6752.78
2025-08-05 01:45:00,6639.7
2025-08-05 02:00:00,6165.03
2025-08-05 02:15:00,5939.64
2025-08-05 02:30:00,5786.1
2025-08-05 02:45:00,5796.34
2025-08-05 03:00:00,5710.88
2025-08-05 03:15:00,5149.74
2025-08-05 03:30:00,5008.45
2025-08-05 03:45:00,5110.46
2025-08-05 04:00:00,4857.37
2025-08-05 04:15:00,4913.29
2025-08-05 04:30:00,4740.92
2025-08-05 04:45:00,4911.91
2025-08-05 05:00:00,4926.06
2025-08-05 05:15:00,4839.07
2025-08-05 05:30:00,4651.71
2025-08-05 05:45:00,4469.86
2025-08-05 06:00:00,4144.98
2025-08-05 06:15:00,3767.0
2025-08-05 06:30:00,3043.01
2025-08-05 06:45:00,2780.19
2025-08-05 07:00:00,2564.38
2025-08-05 07:15:00,2626.58
2025-08-05 07:30:00,2541.37
2025-08-05 07:45:00,2798.24
2025-08-05 08:00:00,2837.4
2025-08-05 08:15:00,2707.58
2025-08-05 08:30:00,2796.85
2025-08-05 08:45:00,2797.22
2025-08-05 09:00:00,2800.82
2025-08-05 09:15:00,2757.05
2025-08-05 09:30:00,2840.37
2025-08-05 09:45:00,2489.52
2025-08-05 10:00:00,2465.23
2025-08-05 10:15:00,2495.37
2025-08-05 10:30:00,2545.83
2025-08-05 10:45:00,2551.7
2025-08-05 11:00:00,2569.71
2025-08-05 11:15:00,2435.27
2025-08-05 11:30:00,2397.85
2025-08-05 11:45:00,2340.2
2025-08-05 12:00:00,2550.04
2025-08-05 12:15:00,2549.34
2025-08-05 12:30:00,2669.86
2025-08-05 12:45:00,2584.98
2025-08-05 13:00:00,2477.53
2025-08-05 13:15:00,2570.8
2025-08-05 13:30:00,2507.58
2025-08-05 13:45:00,2850.95
2025-08-05 14:00:00,3199.4
2025-08-05 14:15:00,3436.67
2025-08-05 14:30:00,3362.54
2025-08-05 14:45:00,3376.03
2025-08-05 15:00:00,3536.88
2025-08-05 15:15:00,3680.15
2025-08-05 15:30:00,4035.71
2025-08-05 15:45:00,4417.92
2025-08-05 16:00:00,5215.45
2025-08-05 16:15:00,5640.26
2025-08-05 16:30:00,6320.45
2025-08-05 16:45:00,6292.5
2025-08-05 17:00:00,6183.89
2025-08-05 17:15:00,6081.76
2025-08-05 17:30:00,6448.03
2025-08-05 17:45:00,6534.27
2025-08-05 18:00:00,6840.15
2025-08-05 18:15:00,7220.33
2025-08-05 18:30:00,7092.53
2025-08-05 18:45:00,7169.24
2025-08-05 19:00:00,7995.38
2025-08-05 19:15:00,8007.0
2025-08-05 19:30:00,8278.89
2025-08-05 19:45:00,8618.08
2025-08-05 20:00:00,9375.67
2025-08-05 20:15:00,9497.8
2025-08-05 20:30:00,9741.51
2025-08-05 20:45:00,9572.49
2025-08-05 21:00:00,9929.63
2025-08-05 21:15:00,9669.92
2025-08-05 21:30:00,9792.67
2025-08-05 21:45:00,9973.21
2025-08-05 22:00:00,9457.22
2025-08-05 22:15:00,9053.03
2025-08-05 22:30:00,8696.91
2025-08-05 22:45:00,7982.82
2025-08-05 23:00:00,7034.58
2025-08-05 23:15:00,6333.34
2025-08-05 23:30:00,5346.84
2025-08-05 23:45:00,5550.74
2025-08-06 00:00:00,7585.31
2025-08-06 00:15:00,7578.58
2025-08-06 00:30:00,7173.21
2025-08-06 00:45:00,7090.8
2025-08-06 01:00:00,6781.98
2025-08-06 01:15:00,6660.13
2025-08-06 01:30:00,6685.12
2025-08-06 01:45:00,6639.1
2025-08-06 02:00:00,6520.0
2025-08-06 02:15:00,6193.5
2025-08-06 02:30:00,6306.94
2025-08-06 02:45:00,6073.93
2025-08-06 03:00:00,6051.92
2025-08-06 03:15:00,5801.31
2025-08-06 03:30:00,5908.87
2025-08-06 03:45:00,5776.16
2025-08-06 04:00:00,5809.12
2025-08-06 04:15:00,5813.23
2025-08-06 04:30:00,5893.43
2025-08-06 04:45:00,5798.76
2025-08-06 05:00:00,5943.97
2025-08-06 05:15:00,5922.77
2025-08-06 05:30:00,5702.29
2025-08-06 05:45:00,5461.01
2025-08-06 06:00:00,5372.08
2025-08-06 06:15:00,5249.02
2025-08-06 06:30:00,4745.55
2025-08-06 06:45:00,4656.26
2025-08-06 07:00:00,4162.58
2025-08-06 07:15:00,3969.71
2025-08-06 07:30:00,3673.79
2025-08-06 07:45:00,3750.79
2025-08-06 08:00:00,3917.04
2025-08-06 08:15:00,3768.77
2025-08-06 08:30:00,3777.91
2025-08-06 08:45:00,3570.4
2025-08-06 09:00:00,3431.22
2025-08-06 09:15:00,3409.55
2025-08-06 09:30:00,3382.73
2025-08-06 09:45:00,3255.51
2025-08-06 10:00:00,3157.6
2025-08-06 10:15:00,3120.38
2025-08-06 10:30:00,3072.42
2025-08-06 10:45:00,2958.3
2025-08-06 11:00:00,2973.67
2025-08-06 11:15:00,2897.92
2025-08-06 11:30:00,2780.8
2025-08-06 11:45:00,2623.63
2025-08-06 12:00:00,3141.3
2025-08-06 12:15:00,2940.96
2025-08-06 12:30:00,2835.95
2025-08-06 12:45:00,2793.34
2025-08-06 13:00:00,3069.15
2025-08-06 13:15:00,2892.96
2025-08-06 13:30:00,3085.66
2025-08-06 13:45:00,2852.68
2025-08-06 14:00:00,3345.75
2025-08-06 14:15:00,3443.79
2025-08-06 14:30:00,3971.52
2025-08-06 14:45:00,3893.0
2025-08-06 15:00:00,4130.13
2025-08-06 15:15:00,3920.31
2025-08-06 15:30:00,3876.6
2025-08-06 15:45:00,3807.05
2025-08-06 16:00:00,4034.99
2025-08-06 16:15:00,4257.37
2025-08-06 16:30:00,4559.33
2025-08-06 16:45:00,4946.33
2025-08-06 17:00:00,5353.56
2025-08-06 17:15:00,5770.53
2025-08-06 17:30:00,6814.21
2025-08-06 17:45:00,6878.3
2025-08-06 18:00:00,7027.66
2025-08-06 18:15:00,7323.94
2025-08-06 18:30:00,7506.63
2025-08-06 18:45:00,7678.03
2025-08-06 19:00:00,7928.15
2025-08-06 19:15:00,8037.72
2025-08-06 19:30:00,8481.76
2025-08-06 19:45:00,8605.23
2025-08-06 20:00:00,8756.95
2025-08-06 20:15:00,8763.99
2025-08-06 20:30:00,8751.88
2025-08-06 20:45:00,8961.39
2025-08-06 21:00:00,9189.8
2025-08-06 21:15:00,9267.99
2025-08-06 21:30:00,9118.88
2025-08-06 21:45:00,9046.45
2025-08-06 22:00:00,8972.06
2025-08-06 22:15:00,9075.35
2025-08-06 22:30:00,8577.21
2025-08-06 22:45:00,8013.69
2025-08-06 23:00:00,7290.9
2025-08-06 23:15:00,6633.93
2025-08-06 23:30:00,5742.24
2025-08-06 23:45:00,5594.08
2025-08-07 00:00:00,8111.84
2025-08-07 00:15:00,7513.47
2025-08-07 00:30:00,6971.9
2025-08-07 00:45:00,6465.46
2025-08-07 01:00:00,6149.22
2025-08-07 01:15:00,6087.08
2025-08-07 01:30:00,5800.42
2025-08-07 01:45:00,5883.64
2025-08-07 02:00:00,6075.12
2025-08-07 02:15:00,5549.55
2025-08-07 02:30:00,4708.45
2025-08-07 02:45:00,4474.14
2025-08-07 03:00:00,4729.25
2025-08-07 03:15:00,4295.62
2025-08-07 03:30:00,4115.73
2025-08-07 03:45:00,4171.04
2025-08-07 04:00:00,4259.27
2025-08-07 04:15:00,4278.77
2025-08-07 04:30:00,4206.8
2025-08-07 04:45:00,4425.41
2025-08-07 05:00:00,4624.73
2025-08-07 05:15:00,4395.8
2025-08-07 05:30:00,4431.11
2025-08-07 05:45:00,4381.13
2025-08-07 06:00:00,4238.7
2025-08-07 06:15:00,4175.92
2025-08-07 06:30:00,3644.76
2025-08-07 06:45:00,3769.57
2025-08-07 07:00:00,3480.58
2025-08-07 07:15:00,3263.47
2025-08-07 07:30:00,3862.0
2025-08-07 07:45:00,3624.11
2025-08-07 08:00:00,3635.73
2025-08-07 08:15:00,3510.58
2025-08-07 08:30:00,3194.74
2025-08-07 08:45:00,3330.85
2025-08-07 09:00:00,3163.22
2025-08-07 09:15:00,3284.57
2025-08-07 09:30:00,3402.62
2025-08-07 09:45:00,3006.11
2025-08-07 10:00:00,3187.59
2025-08-07 10:15:00,3191.59
2025-08-07 10:30:00,3082.15
2025-08-07 10:45:00,3200.24
2025-08-07 11:00:00,3110.0
2025-08-07 11:15:00,3021.68
2025-08-07 11:30:00,3112.06
2025-08-07 11:45:00,3238.36
2025-08-07 12:00:00,3998.36
2025-08-07 12:15:00,3977.45
2025-08-07 12:30:00,3296.77
2025-08-07 12:45:00,3055.75
2025-08-07 13:00:00,3009.59
2025-08-07 13:15:00,2976.79
2025-08-07 13:30:00,3185.48
2025-08-07 13:45:00,3060.05
2025-08-07 14:00:00,3235.23
2025-08-07 14:15:00,3456.15
2025-08-07 14:30:00,3774.98
2025-08-07 14:45:00,3924.99
2025-08-07 15:00:00,3915.18
2025-08-07 15:15:00,3863.12
2025-08-07 15:30:00,4047.12
2025-08-07 15:45:00,3923.01
2025-08-07 16:00:00,4093.78
2025-08-07 16:15:00,4693.51
2025-08-07 16:30:00,5376.24
2025-08-07 16:45:00,5728.01
2025-08-07 17:00:00,5847.13
2025-08-07 17:15:00,6171.77
2025-08-07 17:30:00,6248.82
2025-08-07 17:45:00,6587.45
2025-08-07 18:00:00,6816.96
2025-08-07 18:15:00,7184.26
2025-08-07 18:30:00,7516.9
2025-08-07 18:45:00,7346.32
2025-08-07 19:00:00,7958.41
2025-08-07 19:15:00,8312.03
2025-08-07 19:30:00,8373.85
2025-08-07 19:45:00,8050.48
2025-08-07 20:00:00,8294.71
2025-08-07 20:15:00,8459.99
2025-08-07 20:30:00,8276.36
2025-08-07 20:45:00,8418.43
2025-08-07 21:00:00,8325.8
2025-08-07 21:15:00,8122.85
2025-08-07 21:30:00,8100.1
2025-08-07 21:45:00,8103.21
2025-08-07 22:00:00,8111.52
2025-08-07 22:15:00,7639.46
2025-08-07 22:30:00,7191.11
2025-08-07 22:45:00,6317.59
2025-08-07 23:00:00,6434.09
2025-08-07 23:15:00,5380.31
2025-08-07 23:30:00,4971.94
2025-08-07 23:45:00,4969.72
2025-08-08 00:00:00,7872.36
2025-08-08 00:15:00,7214.86
2025-08-08 00:30:00,6660.51
2025-08-08 00:45:00,6596.42
2025-08-08 01:00:00,6626.87
2025-08-08 01:15:00,7041.43
2025-08-08 01:30:00,6387.58
2025-08-08 01:45:00,6278.19
2025-08-08 02:00:00,6000.03
2025-08-08 02:15:00,5617.82
2025-08-08 02:30:00,5346.31
2025-08-08 02:45:00,4973.59
2025-08-08 03:00:00,4820.14
2025-08-08 03:15:00,4669.44
2025-08-08 03:30:00,4507.01
2025-08-08 03:45:00,4462.31
2025-08-08 04:00:00,4274.49
2025-08-08 04:15:00,4323.33
2025-08-08 04:30:00,4419.17
2025-08-08 04:45:00,4560.33
2025-08-08 05:00:00,4416.23
2025-08-08 05:15:00,4407.04
2025-08-08 05:30:00,4504.2
2025-08-08 05:45:00,4607.43
2025-08-08 06:00:00,4304.15
2025-08-08 06:15:00,4021.97
2025-08-08 06:30:00,3479.47
2025-08-08 06:45:00,3589.4
2025-08-08 07:00:00,3367.93
2025-08-08 07:15:00,3343.97
2025-08-08 07:30:00,3352.33
2025-08-08 07:45:00,3157.16
2025-08-08 08:00:00,3851.36
2025-08-08 08:15:00,3483.38
2025-08-08 08:30:00,3559.61
2025-08-08 08:45:00,3393.19
2025-08-08 09:00:00,3335.93
2025-08-08 09:15:00,3280.44
2025-08-08 09:30:00,3235.86
2025-08-08 09:45:00,3149.46
2025-08-08 10:00:00,2860.34
2025-08-08 10:15:00,3079.0
2025-08-08 10:30:00,3540.31
2025-08-08 10:45:00,3188.36
2025-08-08 11:00:00,3016.22
2025-08-08 11:15:00,2747.2
2025-08-08 11:30:00,2728.02
2025-08-08 11:45:00,2718.09
2025-08-08 12:00:00,2763.96
2025-08-08 12:15:00,2788.5
2025-08-08 12:30:00,2724.11
2025-08-08 12:45:00,2796.56
2025-08-08 13:00:00,2688.76
2025-08-08 13:15:00,2846.33
2025-08-08 13:30:00,2653.31
2025-08-08 13:45:00,2780.52
2025-08-08 14:00:00,3115.28
2025-08-08 14:15:00,3394.47
2025-08-08 14:30:00,3631.83
2025-08-08 14:45:00,3837.48
2025-08-08 15:00:00,3806.87
2025-08-08 15:15:00,3823.52
2025-08-08 15:30:00,3746.89
2025-08-08 15:45:00,3683.65
2025-08-08 16:00:00,3812.12
2025-08-08 16:15:00,4701.14
2025-08-08 16:30:00,5461.21
2025-08-08 16:45:00,5761.17
2025-08-08 17:00:00,6419.57
2025-08-08 17:15:00,6614.41
2025-08-08 17:30:00,6697.68
2025-08-08 17:45:00,6837.77
2025-08-08 18:00:00,7727.21
2025-08-08 18:15:00,8641.35
2025-08-08 18:30:00,8470.0
2025-08-08 18:45:00,8163.45
2025-08-08 19:00:00,8465.79
2025-08-08 19:15:00,8513.46
2025-08-08 19:30:00,8245.24
2025-08-08 19:45:00,8534.25
2025-08-08 20:00:00,9371.76
2025-08-08 20:15:00,8749.74
2025-08-08 20:30:00,8594.92
2025-08-08 20:45:00,8566.72
2025-08-08 21:00:00,8753.38
2025-08-08 21:15:00,9110.18
2025-08-08 21:30:00,8969.68
2025-08-08 21:45:00,9516.56
2025-08-08 22:00:00,9143.8
2025-08-08 22:15:00,8620.51
2025-08-08 22:30:00,8420.76
2025-08-08 22:45:00,7718.54
2025-08-08 23:00:00,6950.56
2025-08-08 23:15:00,6086.8
2025-08-08 23:30:00,5373.48
2025-08-08 23:45:00,4917.33
2025-08-09 00:00:00,7227.81
2025-08-09 00:15:00,6808.01
2025-08-09 00:30:00,6526.29
2025-08-09 00:45:00,5927.27
2025-08-09 01:00:00,5851.14
2025-08-09 01:15:00,5672.75
2025-08-09 01:30:00,5621.08
2025-08-09 01:45:00,5977.15
2025-08-09 02:00:00,5521.75
2025-08-09 02:15:00,5440.72
2025-08-09 02:30:00,5121.72
2025-08-09 02:45:00,5379.62
2025-08-09 03:00:00,4980.52
2025-08-09 03:15:00,4673.18
2025-08-09 03:30:00,4515.69
2025-08-09 03:45:00,4495.5
2025-08-09 04:00:00,4406.01
2025-08-09 04:15:00,4138.04
2025-08-09 04:30:00,4024.47
2025-08-09 04:45:00,3794.54
2025-08-09 05:00:00,3751.04
2025-08-09 05:15:00,3452.95
2025-08-09 05:30:00,3452.05
2025-08-09 05:45:00,3131.38
2025-08-09 06:00:00,2903.06
2025-08-09 06:15:00,2922.02
2025-08-09 06:30:00,2592.27
2025-08-09 06:45:00,2550.83
2025-08-09 07:00:00,2454.89
2025-08-09 07:15:00,2666.5
2025-08-09 07:30:00,3084.41
2025-08-09 07:45:00,2948.98
2025-08-09 08:00:00,2972.59
2025-08-09 08:15:00,2973.43
2025-08-09 08:30:00,2742.62
2025-08-09 08:45:00,2766.93
2025-08-09 09:00:00,2671.73
2025-08-09 09:15:00,2650.44
2025-08-09 09:30:00,2813.16
2025-08-09 09:45:00,2680.48
2025-08-09 10:00:00,3001.1
2025-08-09 10:15:00,2995.06
2025-08-09 10:30:00,3016.57
2025-08-09 10:45:00,3167.6
2025-08-09 11:00:00,2848.53
2025-08-09 11:15:00,2888.03
2025-08-09 11:30:00,2685.12
2025-08-09 11:45:00,2654.27
2025-08-09 12:00:00,3291.88
2025-08-09 12:15:00,3627.56
2025-08-09 12:30:00,3894.08
2025-08-09 12:45:00,3861.37
2025-08-09 13:00:00,3904.09
2025-08-09 13:15:00,4041.1
2025-08-09 13:30:00,4098.34
2025-08-09 13:45:00,4125.82
2025-08-09 14:00:00,4072.66
2025-08-09 14:15:00,4343.96
2025-08-09 14:30:00,4658.06
2025-08-09 14:45:00,4277.08
2025-08-09 15:00:00,4263.85
2025-08-09 15:15:00,4802.21
2025-08-09 15:30:00,5348.51
2025-08-09 15:45:00,5065.11
2025-08-09 16:00:00,5267.08
2025-08-09 16:15:00,5351.65
2025-08-09 16:30:00,5389.65
2025-08-09 16:45:00,6131.07
2025-08-09 17:00:00,6934.38
2025-08-09 17:15:00,7180.81
2025-08-09 17:30:00,7918.95
2025-08-09 17:45:00,8060.31
2025-08-09 18:00:00,8842.36
2025-08-09 18:15:00,9375.6
2025-08-09 18:30:00,9256.05
2025-08-09 18:45:00,9388.48
2025-08-09 19:00:00,9590.97
2025-08-09 19:15:00,9781.91
2025-08-09 19:30:00,10023.0
2025-08-09 19:45:00,9805.09
2025-08-09 20:00:00,9722.28
2025-08-09 20:15:00,9613.12
2025-08-09 20:30:00,9951.66
2025-08-09 20:45:00,9721.1
2025-08-09 21:00:00,9581.96
2025-08-09 21:15:00,9932.98
2025-08-09 21:30:00,9750.29
2025-08-09 21:45:00,9693.16
2025-08-09 22:00:00,9973.23
2025-08-09 22:15:00,9984.56
2025-08-09 22:30:00,9663.5
2025-08-09 22:45:00,9007.26
2025-08-09 23:00:00,8303.24
2025-08-09 23:15:00,6858.26
2025-08-09 23:30:00,6400.93
2025-08-09 23:45:00,5630.69
2025-08-10 00:00:00,8533.26
2025-08-10 00:15:00,7763.49
2025-08-10 00:30:00,7503.76
2025-08-10 00:45:00,6670.4
2025-08-10 01:00:00,6762.36
2025-08-10 01:15:00,6554.76
2025-08-10 01:30:00,6365.63
2025-08-10 01:45:00,6293.05
2025-08-10 02:00:00,6150.62
2025-08-10 02:15:00,5366.9
2025-08-10 02:30:00,5203.39
2025-08-10 02:45:00,5107.74
2025-08-10 03:00:00,4742.04
2025-08-10 03:15:00,4248.14
2025-08-10 03:30:00,4343.3
2025-08-10 03:45:00,4293.4
2025-08-10 04:00:00,4229.45
2025-08-10 04:15:00,3990.61
2025-08-10 04:30:00,3722.74
2025-08-10 04:45:00,3675.68
2025-08-10 05:00:00,3560.17
2025-08-10 05:15:00,3419.78
2025-08-10 05:30:00,3284.07
2025-08-10 05:45:00,3295.4
2025-08-10 06:00:00,3255.81
2025-08-10 06:15:00,3381.89
2025-08-10 06:30:00,3225.52
2025-08-10 06:45:00,2934.53
2025-08-10 07:00:00,2576.03
2025-08-10 07:15:00,2705.65
2025-08-10 07:30:00,2970.74
2025-08-10 07:45:00,3076.87
2025-08-10 08:00:00,2700.83
2025-08-10 08:15:00,2640.27
2025-08-10 08:30:00,2760.7
2025-08-10 08:45:00,2672.38
2025-08-10 09:00:00,2719.86
2025-08-10 09:15:00,3149.4
2025-08-10 09:30:00,3100.65
2025-08-10 09:45:00,2835.73
2025-08-10 10:00:00,2967.84
2025-08-10 10:15:00,3297.53
2025-08-10 10:30:00,3288.71
2025-08-10 10:45:00,4223.41
2025-08-10 11:00:00,4325.71
2025-08-10 11:15:00,3922.93
2025-08-10 11:30:00,4157.21
2025-08-10 11:45:00,4340.11
2025-08-10 12:00:00,4179.7
2025-08-10 12:15:00,4429.78
2025-08-10 12:30:00,4198.38
2025-08-10 12:45:00,4070.43
2025-08-10 13:00:00,3884.28
2025-08-10 13:15:00,3914.55
2025-08-10 13:30:00,4047.38
2025-08-10 13:45:00,4309.99
2025-08-10 14:00:00,5213.6
2025-08-10 14:15:00,5570.31
2025-08-10 14:30:00,5572.89
2025-08-10 14:45:00,5422.55
2025-08-10 15:00:00,5589.8
2025-08-10 15:15:00,5432.73
2025-08-10 15:30:00,6013.23
2025-08-10 15:45:00,6071.8
2025-08-10 16:00:00,6262.54
2025-08-10 16:15:00,6263.66
2025-08-10 16:30:00,6488.04
2025-08-10 16:45:00,6927.97
2025-08-10 17:00:00,7777.62
2025-08-10 17:15:00,8119.8
2025-08-10 17:30:00,8538.48
2025-08-10 17:45:00,8607.65
2025-08-10 18:00:00,9077.49
2025-08-10 18:15:00,9378.88
2025-08-10 18:30:00,9323.26
2025-08-10 18:45:00,9578.02
2025-08-10 19:00:00,9916.2
2025-08-10 19:15:00,10226.3
2025-08-10 19:30:00,10299.4
2025-08-10 19:45:00,10060.3
2025-08-10 20:00:00,9948.08
2025-08-10 20:15:00,10143.3
2025-08-10 20:30:00,10031.7
2025-08-10 20:45:00,10377.1
2025-08-10 21:00:00,10256.0
2025-08-10 21:15:00,10003.4
2025-08-10 21:30:00,10104.4
2025-08-10 21:45:00,9901.01
2025-08-10 22:00:00,10067.7
2025-08-10 22:15:00,9717.79
2025-08-10 22:30:00,9213.7
2025-08-10 22:45:00,8707.13
2025-08-10 23:00:00,8065.51
2025-08-10 23:15:00,7240.3
2025-08-10 23:30:00,6946.01
2025-08-10 23:45:00,7165.17
2025-08-11 00:00:00,8640.94
2025-08-11 00:15:00,7822.64
2025-08-11 00:30:00,7321.89
2025-08-11 00:45:00,7199.78
2025-08-11 01:00:00,7102.77
2025-08-11 01:15:00,7026.21
2025-08-11 01:30:00,7413.98
2025-08-11 01:45:00,6939.69
2025-08-11 02:00:00,6404.16
2025-08-11 02:15:00,6564.21
2025-08-11 02:30:00,6489.16
2025-08-11 02:45:00,6258.82
2025-08-11 03:00:00,6279.63
2025-08-11 03:15:00,6307.17
2025-08-11 03:30:00,6030.54
2025-08-11 03:45:00,6139.52
2025-08-11 04:00:00,6237.4
2025-08-11 04:15:00,6060.18
2025-08-11 04:30:00,6085.31
2025-08-11 04:45:00,6036.69
2025-08-11 05:00:00,6074.45
2025-08-11 05:15:00,5936.33
2025-08-11 05:30:00,5986.55
2025-08-11 05:45:00,5826.29
2025-08-11 06:00:00,5831.31
2025-08-11 06:15:00,5941.54
2025-08-11 06:30:00,5597.57
2025-08-11 06:45:00,5540.74
2025-08-11 07:00:00,5219.19
2025-08-11 07:15:00,5201.53
2025-08-11 07:30:00,5205.4
2025-08-11 07:45:00,5643.14
2025-08-11 08:00:00,5512.11
2025-08-11 08:15:00,5485.59
2025-08-11 08:30:00,5094.77
2025-08-11 08:45:00,5111.22
2025-08-11 09:00:00,5161.23
2025-08-11 09:15:00,5252.58
2025-08-11 09:30:00,5193.86
2025-08-11 09:45:00,4880.39
2025-08-11 10:00:00,5065.44
2025-08-11 10:15:00,5057.36
2025-08-11 10:30:00,4962.46
2025-08-11 10:45:00,4994.96
2025-08-11 11:00:00,4834.59
2025-08-11 11:15:00,4526.63
2025-08-11 11:30:00,4416.8
2025-08-11 11:45:00,4085.72
2025-08-11 12:00:00,4710.57
2025-08-11 12:15:00,4589.37
2025-08-11 12:30:00,4454.04
2025-08-11 12:45:00,4238.51
2025-08-11 13:00:00,4296.0
2025-08-11 13:15:00,4717.76
2025-08-11 13:30:00,4658.63
2025-08-11 13:45:00,4791.17
2025-08-11 14:00:00,4835.32
2025-08-11 14:15:00,5118.87
2025-08-11 14:30:00,5418.15
2025-08-11 14:45:00,5554.69
2025-08-11 15:00:00,5722.17
2025-08-11 15:15:00,5660.8
2025-08-11 15:30:00,6127.25
2025-08-11 15:45:00,6387.28
2025-08-11 16:00:00,6710.08
2025-08-11 16:15:00,7046.48
2025-08-11 16:30:00,7464.85
2025-08-11 16:45:00,7618.19
2025-08-11 17:00:00,8176.05
2025-08-11 17:15:00,8025.71
2025-08-11 17:30:00,7859.19
2025-08-11 17:45:00,8047.75
2025-08-11 18:00:00,8552.6
2025-08-11 18:15:00,9411.22
2025-08-11 18:30:00,9599.62
2025-08-11 18:45:00,9634.09
2025-08-11 19:00:00,10156.3
2025-08-11 19:15:00,10152.5
2025-08-11 19:30:00,9947.91
2025-08-11 19:45:00,9764.78
2025-08-11 20:00:00,9685.48
2025-08-11 20:15:00,9748.98
2025-08-11 20:30:00,9691.9
2025-08-11 20:45:00,9626.38
2025-08-11 21:00:00,9960.58
2025-08-11 21:15:00,10002.2
2025-08-11 21:30:00,9774.74
2025-08-11 21:45:00,9897.19
2025-08-11 22:00:00,9943.24
2025-08-11 22:15:00,9243.74
2025-08-11 22:30:00,8395.87
2025-08-11 22:45:00,7699.69
2025-08-11 23:00:00,7347.37
2025-08-11 23:15:00,7131.74
2025-08-11 23:30:00,6830.32
2025-08-11 23:45:00,6841.92
2025-08-12 00:00:00,8959.03
2025-08-12 00:15:00,8068.79
2025-08-12 00:30:00,7634.44
2025-08-12 00:45:00,7683.66
2025-08-12 01:00:00,7294.85
2025-08-12 01:15:00,7489.5
2025-08-12 01:30:00,7214.96
2025-08-12 01:45:00,6630.17
2025-08-12 02:00:00,6257.55
2025-08-12 02:15:00,6389.66
2025-08-12 02:30:00,6306.0
2025-08-12 02:45:00,6168.38
2025-08-12 03:00:00,6270.24
2025-08-12 03:15:00,6005.56
2025-08-12 03:30:00,6033.31
2025-08-12 03:45:00,6119.94
2025-08-12 04:00:00,6000.91
2025-08-12 04:15:00,5945.05
2025-08-12 04:30:00,5931.17
2025-08-12 04:45:00,6063.09
2025-08-12 05:00:00,5999.21
2025-08-12 05:15:00,6302.98
2025-08-12 05:30:00,6350.65
2025-08-12 05:45:00,5920.39
2025-08-12 06:00:00,6032.48
2025-08-12 06:15:00,5828.35
2025-08-12 06:30:00,5701.67
2025-08-12 06:45:00,5541.07
2025-08-12 07:00:00,5101.56
2025-08-12 07:15:00,5165.77
2025-08-12 07:30:00,5495.29
2025-08-12 07:45:00,5429.59
2025-08-12 08:00:00,5049.31
2025-08-12 08:15:00,4924.75
2025-08-12 08:30:00,4616.59
2025-08-12 08:45:00,4115.43
2025-08-12 09:00:00,4546.54
2025-08-12 09:15:00,4501.06
2025-08-12 09:30:00,4220.6
2025-08-12 09:45:00,4135.64
2025-08-12 10:00:00,4475.59
2025-08-12 10:15:00,4490.7
2025-08-12 10:30:00,4358.9
2025-08-12 10:45:00,4624.78
2025-08-12 11:00:00,4530.23
2025-08-12 11:15:00,4449.29
2025-08-12 11:30:00,4530.84
2025-08-12 11:45:00,3994.74
2025-08-12 12:00:00,4551.75
2025-08-12 12:15:00,4707.12
2025-08-12 12:30:00,4556.0
2025-08-12 12:45:00,4343.61
2025-08-12 13:00:00,4350.63
2025-08-12 13:15:00,4252.86
2025-08-12 13:30:00,4502.84
2025-08-12 13:45:00,4496.46
2025-08-12 14:00:00,4641.9
2025-08-12 14:15:00,5180.95
2025-08-12 14:30:00,5323.76
2025-08-12 14:45:00,5303.7
2025-08-12 15:00:00,5576.53
2025-08-12 15:15:00,5915.27
2025-08-12 15:30:00,6594.27
2025-08-12 15:45:00,6784.12
2025-08-12 16:00:00,7082.95
2025-08-12 16:15:00,7334.24
2025-08-12 16:30:00,7777.87
2025-08-12 16:45:00,7978.65
2025-08-12 17:00:00,8127.11
2025-08-12 17:15:00,8631.57
2025-08-12 17:30:00,9083.35
2025-08-12 17:45:00,8731.15
2025-08-12 18:00:00,9354.22
2025-08-12 18:15:00,9788.33
2025-08-12 18:30:00,9802.17
2025-08-12 18:45:00,10208.9
2025-08-12 19:00:00,10641.8
2025-08-12 19:15:00,10552.4
2025-08-12 19:30:00,10656.1
2025-08-12 19:45:00,10304.9
2025-08-12 20:00:00,10434.8
2025-08-12 20:15:00,10648.4
2025-08-12 20:30:00,10691.9
2025-08-12 20:45:00,10671.7
2025-08-12 21:00:00,10923.4
2025-08-12 21:15:00,10679.8
2025-08-12 21:30:00,10641.4
2025-08-12 21:45:00,10615.4
2025-08-12 22:00:00,9965.44
2025-08-12 22:15:00,9221.72
2025-08-12 22:30:00,8563.86
2025-08-12 22:45:00,7664.51
2025-08-12 23:00:00,7270.96
2025-08-12 23:15:00,6906.77
2025-08-12 23:30:00,7114.44
2025-08-12 23:45:00,6950.46
2025-08-13 00:00:00,9656.32
2025-08-13 00:15:00,9506.5
2025-08-13 00:30:00,9090.14
2025-08-13 00:45:00,9227.69
2025-08-13 01:00:00,9181.66
2025-08-13 01:15:00,9094.3
2025-08-13 01:30:00,8953.71
2025-08-13 01:45:00,8839.37
2025-08-13 02:00:00,8520.07
2025-08-13 02:15:00,8279.22
2025-08-13 02:30:00,8471.32
2025-08-13 02:45:00,8698.54
2025-08-13 03:00:00,8597.2
2025-08-13 03:15:00,8113.74
2025-08-13 03:30:00,7920.07
2025-08-13 03:45:00,7913.28
2025-08-13 04:00:00,7931.56
2025-08-13 04:15:00,8208.29
2025-08-13 04:30:00,8149.42
2025-08-13 04:45:00,8137.27
2025-08-13 05:00:00,7971.12
2025-08-13 05:15:00,7955.98
2025-08-13 05:30:00,8010.66
2025-08-13 05:45:00,7725.44
2025-08-13 06:00:00,7449.42
2025-08-13 06:15:00,7324.19
2025-08-13 06:30:00,7135.88
2025-08-13 06:45:00,6716.2
2025-08-13 07:00:00,6635.31
2025-08-13 07:15:00,6558.44
2025-08-13 07:30:00,6685.27
2025-08-13 07:45:00,6845.05
2025-08-13 08:00:00,6549.44
2025-08-13 08:15:00,6603.79
2025-08-13 08:30:00,6639.83
2025-08-13 08:45:00,6670.45
2025-08-13 09:00:00,6532.17
2025-08-13 09:15:00,6485.14
2025-08-13 09:30:00,6535.7
2025-08-13 09:45:00,6300.71
2025-08-13 10:00:00,5769.48
2025-08-13 10:15:00,5931.62
2025-08-13 10:30:00,6270.49
2025-08-13 10:45:00,6310.32
2025-08-13 11:00:00,6746.92
2025-08-13 11:15:00,6548.97
2025-08-13 11:30:00,5975.31
2025-08-13 11:45:00,5471.88
2025-08-13 12:00:00,5958.85
2025-08-13 12:15:00,6089.0
2025-08-13 12:30:00,5684.09
2025-08-13 12:45:00,5585.73
2025-08-13 13:00:00,5366.13
2025-08-13 13:15:00,5539.53
2025-08-13 13:30:00,5709.57
2025-08-13 13:45:00,5642.09
2025-08-13 14:00:00,6066.25
2025-08-13 14:15:00,6666.49
2025-08-13 14:30:00,6814.13
2025-08-13 14:45:00,7137.43
2025-08-13 15:00:00,7680.07
2025-08-13 15:15:00,8057.05
2025-08-13 15:30:00,8186.93
2025-08-13 15:45:00,8353.29
2025-08-13 16:00:00,8295.37
2025-08-13 16:15:00,8498.26
2025-08-13 16:30:00,8625.98
2025-08-13 16:45:00,8693.19
2025-08-13 17:00:00,8715.45
2025-08-13 17:15:00,8885.63
2025-08-13 17:30:00,9196.87
2025-08-13 17:45:00,9267.94
2025-08-13 18:00:00,9782.65
2025-08-13 18:15:00,10408.8
2025-08-13 18:30:00,10942.3
2025-08-13 18:45:00,11096.1
2025-08-13 19:00:00,11518.1
2025-08-13 19:15:00,11275.9
2025-08-13 19:30:00,11157.8
2025-08-13 19:45:00,11316.6
2025-08-13 20:00:00,11243.9
2025-08-13 20:15:00,11287.7
2025-08-13 20:30:00,11571.9
2025-08-13 20:45:00,11375.5
2025-08-13 21:00:00,11439.7
2025-08-13 21:15:00,11446.5
2025-08-13 21:30:00,11566.6
2025-08-13 21:45:00,11623.7
2025-08-13 22:00:00,11365.3
2025-08-13 22:15:00,11127.8
2025-08-13 22:30:00,10900.8
2025-08-13 22:45:00,10540.2
2025-08-13 23:00:00,10319.6
2025-08-13 23:15:00,9885.76
2025-08-13 23:30:00,9186.53
2025-08-13 23:45:00,8571.25
2025-08-14 00:00:00,10402.2
2025-08-14 00:15:00,10634.2
2025-08-14 00:30:00,9934.55
2025-08-14 00:45:00,10033.0
2025-08-14 01:00:00,10159.8
2025-08-14 01:15:00,10120.9
2025-08-14 01:30:00,10317.8
2025-08-14 01:45:00,10218.1
2025-08-14 02:00:00,10413.6
2025-08-14 02:15:00,10055.4
2025-08-14 02:30:00,10261.3
2025-08-14 02:45:00,10311.2
2025-08-14 03:00:00,9874.35
2025-08-14 03:15:00,9832.51
2025-08-14 03:30:00,9815.39
2025-08-14 03:45:00,9712.96
2025-08-14 04:00:00,9731.24
2025-08-14 04:15:00,9680.51
2025-08-14 04:30:00,9708.49
2025-08-14 04:45:00,9670.8
2025-08-14 05:00:00,9341.59
2025-08-14 05:15:00,8970.19
2025-08-14 05:30:00,8733.54
2025-08-14 05:45:00,7696.53
2025-08-14 06:00:00,7572.32
2025-08-14 06:15:00,7599.42
2025-08-14 06:30:00,7635.75
2025-08-14 06:45:00,7082.55
2025-08-14 07:00:00,6737.89
2025-08-14 07:15:00,6447.86
2025-08-14 07:30:00,6992.25
2025-08-14 07:45:00,6868.88
2025-08-14 08:00:00,6820.0
2025-08-14 08:15:00,7243.15
2025-08-14 08:30:00,7292.11
2025-08-14 08:45:00,7228.55
2025-08-14 09:00:00,7465.79
2025-08-14 09:15:00,8285.89
2025-08-14 09:30:00,8291.94
2025-08-14 09:45:00,7354.32
2025-08-14 10:00:00,7872.2
2025-08-14 10:15:00,8049.98
2025-08-14 10:30:00,7687.23
2025-08-14 10:45:00,7748.39
2025-08-14 11:00:00,7726.6
2025-08-14 11:15:00,7560.07
2025-08-14 11:30:00,7764.0
2025-08-14 11:45:00,7309.73
2025-08-14 12:00:00,7926.04
2025-08-14 12:15:00,8285.92
2025-08-14 12:30:00,8473.87
2025-08-14 12:45:00,7649.71
2025-08-14 13:00:00,7533.65
2025-08-14 13:15:00,7609.59
2025-08-14 13:30:00,7715.71
2025-08-14 13:45:00,7554.41
2025-08-14 14:00:00,7803.21
2025-08-14 14:15:00,8134.61
2025-08-14 14:30:00,8585.09
2025-08-14 14:45:00,8751.86
2025-08-14 15:00:00,9115.47
2025-08-14 15:15:00,9100.57
2025-08-14 15:30:00,9061.45
2025-08-14 15:45:00,9286.58
2025-08-14 16:00:00,9306.82
2025-08-14 16:15:00,9554.99
2025-08-14 16:30:00,10017.0
2025-08-14 16:45:00,9997.06
2025-08-14 17:00:00,10050.6
2025-08-14 17:15:00,10250.3
2025-08-14 17:30:00,10346.3
2025-08-14 17:45:00,10391.7
2025-08-14 18:00:00,10729.9
2025-08-14 18:15:00,10700.3
2025-08-14 18:30:00,10706.0
2025-08-14 18:45:00,10468.6
2025-08-14 19:00:00,11287.7
2025-08-14 19:15:00,11539.5
2025-08-14 19:30:00,11682.4
2025-08-14 19:45:00,11882.0
2025-08-14 20:00:00,11872.6
2025-08-14 20:15:00,11824.6
2025-08-14 20:30:00,11843.0
2025-08-14 20:45:00,12052.6
2025-08-14 21:00:00,12424.2
2025-08-14 21:15:00,11991.0
2025-08-14 21:30:00,11155.3
2025-08-14 21:45:00,11661.3
2025-08-14 22:00:00,11696.5
2025-08-14 22:15:00,11118.1
2025-08-14 22:30:00,11068.7
2025-08-14 22:45:00,10408.9
2025-08-14 23:00:00,9951.04
2025-08-14 23:15:00,9710.62
2025-08-14 23:30:00,9039.18
2025-08-14 23:45:00,8086.53
2025-08-15 00:00:00,11887.0
2025-08-15 00:15:00,11604.7
2025-08-15 00:30:00,11166.2
2025-08-15 00:45:00,11076.0
2025-08-15 01:00:00,11297.4
2025-08-15 01:15:00,11097.2
2025-08-15 01:30:00,11076.8
2025-08-15 01:45:00,10885.7
2025-08-15 02:00:00,10714.4
2025-08-15 02:15:00,10675.0
2025-08-15 02:30:00,10957.3
2025-08-15 02:45:00,10651.6
2025-08-15 03:00:00,10905.1
2025-08-15 03:15:00,10540.2
2025-08-15 03:30:00,10413.7
2025-08-15 03:45:00,10064.6
2025-08-15 04:00:00,9902.6
2025-08-15 04:15:00,9807.48
2025-08-15 04:30:00,9829.19
2025-08-15 04:45:00,9713.08
2025-08-15 05:00:00,9521.38
2025-08-15 05:15:00,9327.33
2025-08-15 05:30:00,9441.29
2025-08-15 05:45:00,9739.6
2025-08-15 06:00:00,9552.03
2025-08-15 06:15:00,9781.71
2025-08-15 06:30:00,9534.89
2025-08-15 06:45:00,9372.65
2025-08-15 07:00:00,8897.76
2025-08-15 07:15:00,8353.76
2025-08-15 07:30:00,8142.18
2025-08-15 07:45:00,8066.1
2025-08-15 08:00:00,8133.15
2025-08-15 08:15:00,7921.8
2025-08-15 08:30:00,7595.27
2025-08-15 08:45:00,7919.31
2025-08-15 09:00:00,7871.0
2025-08-15 09:15:00,7882.58
2025-08-15 09:30:00,7527.78
2025-08-15 09:45:00,7095.86
2025-08-15 10:00:00,6735.84
2025-08-15 10:15:00,6417.07
2025-08-15 10:30:00,6570.0
2025-08-15 10:45:00,6925.31
2025-08-15 11:00:00,7017.23
2025-08-15 11:15:00,6905.43
2025-08-15 11:30:00,6690.25
2025-08-15 11:45:00,6101.0
2025-08-15 12:00:00,7176.93
2025-08-15 12:15:00,7521.65
2025-08-15 12:30:00,7597.15
2025-08-15 12:45:00,6925.58
2025-08-15 13:00:00,6630.19
2025-08-15 13:15:00,6601.89
2025-08-15 13:30:00,6741.59
2025-08-15 13:45:00,6842.16
2025-08-15 14:00:00,6918.84
2025-08-15 14:15:00,7302.04
2025-08-15 14:30:00,7524.48
2025-08-15 14:45:00,7453.61
2025-08-15 15:00:00,7052.65
2025-08-15 15:15:00,6404.92
2025-08-15 15:30:00,6887.7
2025-08-15 15:45:00,7022.56
2025-08-15 16:00:00,7158.46
2025-08-15 16:15:00,6975.97
2025-08-15 16:30:00,7670.43
2025-08-15 16:45:00,8346.49
2025-08-15 17:00:00,9384.01
2025-08-15 17:15:00,10195.9
2025-08-15 17:30:00,10153.6
2025-08-15 17:45:00,10297.2
2025-08-15 18:00:00,10643.8
2025-08-15 18:15:00,10611.7
2025-08-15 18:30:00,10834.1
2025-08-15 18:45:00,10904.0
2025-08-15 19:00:00,11329.1
2025-08-15 19:15:00,11645.1
2025-08-15 19:30:00,12051.9
2025-08-15 19:45:00,11827.9
2025-08-15 20:00:00,11524.9
2025-08-15 20:15:00,11538.1
2025-08-15 20:30:00,11769.9
2025-08-15 20:45:00,11589.3
2025-08-15 21:00:00,11621.7
2025-08-15 21:15:00,11608.3
2025-08-15 21:30:00,11933.0
2025-08-15 21:45:00,12121.9
2025-08-15 22:00:00,11431.6
2025-08-15 22:15:00,10970.7
2025-08-15 22:30:00,10769.3
2025-08-15 22:45:00,10321.2
2025-08-15 23:00:00,10427.1
2025-08-15 23:15:00,10166.0
2025-08-15 23:30:00,9768.29
2025-08-15 23:45:00,9452.88
2025-08-16 00:00:00,11377.8
2025-08-16 00:15:00,10105.5
2025-08-16 00:30:00,9850.24
2025-08-16 00:45:00,9296.45
2025-08-16 01:00:00,9071.85
2025-08-16 01:15:00,9238.94
2025-08-16 01:30:00,9031.33
2025-08-16 01:45:00,9434.9
2025-08-16 02:00:00,9268.39
2025-08-16 02:15:00,9275.42
2025-08-16 02:30:00,9025.01
2025-08-16 02:45:00,8954.8
2025-08-16 03:00:00,9063.93
2025-08-16 03:15:00,8356.63
2025-08-16 03:30:00,8062.91
2025-08-16 03:45:00,8053.02
2025-08-16 04:00:00,7561.95
2025-08-16 04:15:00,7275.67
2025-08-16 04:30:00,7166.22
2025-08-16 04:45:00,7333.01
2025-08-16 05:00:00,7047.82
2025-08-16 05:15:00,7192.69
2025-08-16 05:30:00,6863.53
2025-08-16 05:45:00,6410.16
2025-08-16 06:00:00,6483.56
2025-08-16 06:15:00,6367.31
2025-08-16 06:30:00,5938.23
2025-08-16 06:45:00,6070.45
2025-08-16 07:00:00,5805.12
2025-08-16 07:15:00,5642.45
2025-08-16 07:30:00,5726.26
2025-08-16 07:45:00,5994.7
2025-08-16 08:00:00,5885.29
2025-08-16 08:15:00,5866.7
2025-08-16 08:30:00,5546.37
2025-08-16 08:45:00,5662.15
2025-08-16 09:00:00,5470.33
2025-08-16 09:15:00,5902.81
2025-08-16 09:30:00,5913.43
2025-08-16 09:45:00,6145.59
2025-08-16 10:00:00,5865.75
2025-08-16 10:15:00,5627.03
2025-08-16 10:30:00,5552.49
2025-08-16 10:45:00,5244.6
2025-08-16 11:00:00,4888.28
2025-08-16 11:15:00,4723.83
2025-08-16 11:30:00,4808.47
2025-08-16 11:45:00,4616.25
2025-08-16 12:00:00,5286.08
2025-08-16 12:15:00,5829.39
2025-08-16 12:30:00,5694.73
2025-08-16 12:45:00,5298.27
2025-08-16 13:00:00,5439.14
2025-08-16 13:15:00,5537.1
2025-08-16 13:30:00,5370.01
2025-08-16 13:45:00,5046.59
2025-08-16 14:00:00,5171.9
2025-08-16 14:15:00,5144.68
2025-08-16 14:30:00,5614.69
2025-08-16 14:45:00,5877.94
2025-08-16 15:00:00,6080.33
2025-08-16 15:15:00,5987.81
2025-08-16 15:30:00,6514.25
2025-08-16 15:45:00,6499.52
2025-08-16 16:00:00,6315.89
2025-08-16 16:15:00,6350.66
2025-08-16 16:30:00,6832.87
2025-08-16 16:45:00,6997.7
2025-08-16 17:00:00,7061.9
2025-08-16 17:15:00,6899.38
2025-08-16 17:30:00,7306.34
2025-08-16 17:45:00,7717.54
2025-08-16 18:00:00,8768.45
2025-08-16 18:15:00,9280.0
2025-08-16 18:30:00,9292.99
2025-08-16 18:45:00,9769.57
2025-08-16 19:00:00,10614.4
2025-08-16 19:15:00,10759.7
2025-08-16 19:30:00,11329.6
2025-08-16 19:45:00,11350.0
2025-08-16 20:00:00,10962.9
2025-08-16 20:15:00,10573.7
2025-08-16 20:30:00,10882.8
2025-08-16 20:45:00,11086.2
2025-08-16 21:00:00,11010.3
2025-08-16 21:15:00,10788.7
2025-08-16 21:30:00,10508.3
2025-08-16 21:45:00,10618.1
2025-08-16 22:00:00,10919.1
2025-08-16 22:15:00,10360.5
2025-08-16 22:30:00,10346.5
2025-08-16 22:45:00,9992.22
2025-08-16 23:00:00,9387.76
2025-08-16 23:15:00,8775.0
2025-08-16 23:30:00,8648.2
2025-08-16 23:45:00,8686.47
2025-08-17 00:00:00,10981.0
2025-08-17 00:15:00,9712.38
2025-08-17 00:30:00,9355.99
2025-08-17 00:45:00,9231.76
2025-08-17 01:00:00,8935.48
2025-08-17 01:15:00,9102.88
2025-08-17 01:30:00,8870.22
2025-08-17 01:45:00,8788.83
2025-08-17 02:00:00,8854.46
2025-08-17 02:15:00,8958.25
2025-08-17 02:30:00,8334.98
2025-08-17 02:45:00,8417.55
2025-08-17 03:00:00,8373.2
2025-08-17 03:15:00,8045.23
2025-08-17 03:30:00,7872.28
2025-08-17 03:45:00,7749.19
2025-08-17 04:00:00,7847.68
2025-08-17 04:15:00,7471.97
2025-08-17 04:30:00,7259.92
2025-08-17 04:45:00,7028.35
2025-08-17 05:00:00,6990.35
2025-08-17 05:15:00,7061.37
2025-08-17 05:30:00,6755.92
2025-08-17 05:45:00,6298.14
2025-08-17 06:00:00,6112.0
2025-08-17 06:15:00,5967.35
2025-08-17 06:30:00,5326.27
2025-08-17 06:45:00,5100.2
2025-08-17 07:00:00,4791.04
2025-08-17 07:15:00,4398.77
2025-08-17 07:30:00,4496.97
2025-08-17 07:45:00,5058.08
2025-08-17 08:00:00,5472.21
2025-08-17 08:15:00,5573.2
2025-08-17 08:30:00,5579.29
2025-08-17 08:45:00,5476.9
2025-08-17 09:00:00,5793.34
2025-08-17 09:15:00,5805.76
2025-08-17 09:30:00,5853.38
2025-08-17 09:45:00,5711.51
2025-08-17 10:00:00,5570.05
2025-08-17 10:15:00,5015.01
2025-08-17 10:30:00,4621.61
2025-08-17 10:45:00,4655.51
2025-08-17 11:00:00,4480.17
2025-08-17 11:15:00,4460.91
2025-08-17 11:30:00,4551.35
2025-08-17 11:45:00,4459.71
2025-08-17 12:00:00,5214.91
2025-08-17 12:15:00,5517.38
2025-08-17 12:30:00,5999.24
2025-08-17 12:45:00,5095.48
2025-08-17 13:00:00,4700.77
2025-08-17 13:15:00,5219.79
2025-08-17 13:30:00,5163.13
2025-08-17 13:45:00,5206.98
2025-08-17 14:00:00,5502.37
2025-08-17 14:15:00,5466.36
2025-08-17 14:30:00,5769.44
2025-08-17 14:45:00,5595.6
2025-08-17 15:00:00,5936.31
2025-08-17 15:15:00,5457.51
2025-08-17 15:30:00,5044.87
2025-08-17 15:45:00,4972.07
2025-08-17 16:00:00,5339.72
2025-08-17 16:15:00,5500.42
2025-08-17 16:30:00,5952.72
2025-08-17 16:45:00,6203.45
2025-08-17 17:00:00,6564.81
2025-08-17 17:15:00,6836.64
2025-08-17 17:30:00,6757.01
2025-08-17 17:45:00,7019.64
2025-08-17 18:00:00,7832.87
2025-08-17 18:15:00,8703.61
2025-08-17 18:30:00,8820.68
2025-08-17 18:45:00,8936.2
2025-08-17 19:00:00,9439.69
2025-08-17 19:15:00,9856.43
2025-08-17 19:30:00,10581.9
2025-08-17 19:45:00,10653.1
2025-08-17 20:00:00,10648.6
2025-08-17 20:15:00,10863.8
2025-08-17 20:30:00,11085.6
2025-08-17 20:45:00,10582.1
2025-08-17 21:00:00,10778.5
2025-08-17 21:15:00,10541.6
2025-08-17 21:30:00,10350.3
2025-08-17 21:45:00,10367.3
2025-08-17 22:00:00,9942.41
2025-08-17 22:15:00,9633.47
2025-08-17 22:30:00,9344.73
2025-08-17 22:45:00,9342.54
2025-08-17 23:00:00,8975.47
2025-08-17 23:15:00,8716.77
2025-08-17 23:30:00,8438.33
2025-08-17 23:45:00,8692.25
2025-08-18 00:00:00,10610.9
2025-08-18 00:15:00,9601.62
2025-08-18 00:30:00,8608.31
2025-08-18 00:45:00,8400.07
2025-08-18 01:00:00,8306.11
2025-08-18 01:15:00,8365.69
2025-08-18 01:30:00,8581.26
2025-08-18 01:45:00,8356.05
2025-08-18 02:00:00,8355.53
2025-08-18 02:15:00,8317.22
2025-08-18 02:30:00,7983.85
2025-08-18 02:45:00,7739.97
2025-08-18 03:00:00,7938.36
2025-08-18 03:15:00,7604.42
2025-08-18 03:30:00,7225.98
2025-08-18 03:45:00,7189.2
2025-08-18 04:00:00,7299.33
2025-08-18 04:15:00,6812.52
2025-08-18 04:30:00,6826.82
2025-08-18 04:45:00,6836.41
2025-08-18 05:00:00,6555.59
2025-08-18 05:15:00,6426.45
2025-08-18 05:30:00,6203.22
2025-08-18 05:45:00,5668.8
2025-08-18 06:00:00,5565.59
2025-08-18 06:15:00,5527.36
2025-08-18 06:30:00,5089.95
2025-08-18 06:45:00,4782.09
2025-08-18 07:00:00,4611.77
2025-08-18 07:15:00,4582.78
2025-08-18 07:30:00,4667.51
2025-08-18 07:45:00,4741.18
2025-08-18 08:00:00,5264.0
2025-08-18 08:15:00,5562.11
2025-08-18 08:30:00,5593.73
2025-08-18 08:45:00,5279.37
2025-08-18 09:00:00,4512.41
2025-08-18 09:15:00,4557.54
2025-08-18 09:30:00,4771.19
2025-08-18 09:45:00,4121.18
2025-08-18 10:00:00,4216.18
2025-08-18 10:15:00,4806.09
2025-08-18 10:30:00,4745.56
2025-08-18 10:45:00,4437.5
2025-08-18 11:00:00,4588.49
2025-08-18 11:15:00,4802.92
2025-08-18 11:30:00,4444.35
2025-08-18 11:45:00,4430.01
2025-08-18 12:00:00,5290.3
2025-08-18 12:15:00,5486.13
2025-08-18 12:30:00,4486.71
2025-08-18 12:45:00,4088.3
2025-08-18 13:00:00,4026.25
2025-08-18 13:15:00,4139.08
2025-08-18 13:30:00,4599.24
2025-08-18 13:45:00,4334.71
2025-08-18 14:00:00,4417.48
2025-08-18 14:15:00,4763.39
2025-08-18 14:30:00,5072.97
2025-08-18 14:45:00,5767.86
2025-08-18 15:00:00,5676.75
2025-08-18 15:15:00,5638.05
2025-08-18 15:30:00,6038.05
2025-08-18 15:45:00,5398.55
2025-08-18 16:00:00,5269.46
2025-08-18 16:15:00,5430.66
2025-08-18 16:30:00,5792.57
2025-08-18 16:45:00,5886.14
2025-08-18 17:00:00,6114.89
2025-08-18 17:15:00,5766.43
2025-08-18 17:30:00,6256.68
2025-08-18 17:45:00,6498.07
2025-08-18 18:00:00,6754.74
2025-08-18 18:15:00,7798.16
2025-08-18 18:30:00,8644.5
2025-08-18 18:45:00,8884.65
2025-08-18 19:00:00,9346.57
2025-08-18 19:15:00,9965.06
2025-08-18 19:30:00,10013.4
2025-08-18 19:45:00,9907.59
2025-08-18 20:00:00,10301.3
2025-08-18 20:15:00,10559.0
2025-08-18 20:30:00,10760.7
2025-08-18 20:45:00,10838.9
2025-08-18 21:00:00,11046.8
2025-08-18 21:15:00,10952.2
2025-08-18 21:30:00,10791.2
2025-08-18 21:45:00,10463.5
2025-08-18 22:00:00,9585.69
2025-08-18 22:15:00,9137.71
2025-08-18 22:30:00,9228.61
2025-08-18 22:45:00,8965.42
2025-08-18 23:00:00,8442.87
2025-08-18 23:15:00,8257.96
2025-08-18 23:30:00,8091.89
2025-08-18 23:45:00,7800.06
2025-08-19 00:00:00,9350.93
2025-08-19 00:15:00,8446.68
2025-08-19 00:30:00,8161.41
2025-08-19 00:45:00,7721.77
2025-08-19 01:00:00,7077.78
2025-08-19 01:15:00,7546.08
2025-08-19 01:30:00,7458.84
2025-08-19 01:45:00,6805.38
2025-08-19 02:00:00,6464.77
2025-08-19 02:15:00,6504.52
2025-08-19 02:30:00,6354.78
2025-08-19 02:45:00,6338.31
2025-08-19 03:00:00,6465.34
2025-08-19 03:15:00,6247.19
2025-08-19 03:30:00,6054.71
2025-08-19 03:45:00,6238.48
2025-08-19 04:00:00,5750.45
2025-08-19 04:15:00,5541.25
2025-08-19 04:30:00,5578.54
2025-08-19 04:45:00,5517.08
2025-08-19 05:00:00,5584.08
2025-08-19 05:15:00,5418.5
2025-08-19 05:30:00,5430.8
2025-08-19 05:45:00,5020.15
2025-08-19 06:00:00,4832.93
2025-08-19 06:15:00,4803.87
2025-08-19 06:30:00,4778.74
2025-08-19 06:45:00,4549.81
2025-08-19 07:00:00,3903.74
2025-08-19 07:15:00,4047.78
2025-08-19 07:30:00,3909.4
2025-08-19 07:45:00,4401.6
2025-08-19 08:00:00,4314.44
2025-08-19 08:15:00,4309.59
2025-08-19 08:30:00,4425.46
2025-08-19 08:45:00,4399.41
2025-08-19 09:00:00,4794.25
2025-08-19 09:15:00,4543.27
2025-08-19 09:30:00,4427.05
2025-08-19 09:45:00,4495.54
2025-08-19 10:00:00,4406.16
2025-08-19 10:15:00,4437.55
2025-08-19 10:30:00,4562.81
2025-08-19 10:45:00,4557.5
2025-08-19 11:00:00,4656.5
2025-08-19 11:15:00,4634.11
2025-08-19 11:30:00,4511.86
2025-08-19 11:45:00,4418.18
2025-08-19 12:00:00,4721.06
2025-08-19 12:15:00,4931.17
2025-08-19 12:30:00,4501.46
2025-08-19 12:45:00,4071.5
2025-08-19 13:00:00,4211.89
2025-08-19 13:15:00,4045.21
2025-08-19 13:30:00,4087.52
2025-08-19 13:45:00,3908.04
2025-08-19 14:00:00,4336.29
2025-08-19 14:15:00,4473.7
2025-08-19 14:30:00,5028.23
2025-08-19 14:45:00,5307.18
2025-08-19 15:00:00,5439.12
2025-08-19 15:15:00,5446.61
2025-08-19 15:30:00,5158.39
2025-08-19 15:45:00,5334.72
2025-08-19 16:00:00,5364.81
2025-08-19 16:15:00,5412.96
2025-08-19 16:30:00,5647.51
2025-08-19 16:45:00,5583.79
2025-08-19 17:00:00,6022.28
2025-08-19 17:15:00,6096.39
2025-08-19 17:30:00,6668.41
2025-08-19 17:45:00,7021.76
2025-08-19 18:00:00,7965.1
2025-08-19 18:15:00,8635.47
2025-08-19 18:30:00,8982.56
2025-08-19 18:45:00,8891.47
2025-08-19 19:00:00,9583.93
2025-08-19 19:15:00,9901.55
2025-08-19 19:30:00,10256.3
2025-08-19 19:45:00,10033.4
2025-08-19 20:00:00,10311.0
2025-08-19 20:15:00,10477.0
2025-08-19 20:30:00,10711.1
2025-08-19 20:45:00,10768.6
2025-08-19 21:00:00,10831.2
2025-08-19 21:15:00,10491.7
2025-08-19 21:30:00,10309.0
2025-08-19 21:45:00,10120.7
2025-08-19 22:00:00,9674.01
2025-08-19 22:15:00,9730.85
2025-08-19 22:30:00,9157.4
2025-08-19 22:45:00,8733.04
2025-08-19 23:00:00,7555.15
2025-08-19 23:15:00,7179.15
2025-08-19 23:30:00,7128.66
2025-08-19 23:45:00,6884.05
2025-08-20 00:00:00,8250.78
2025-08-20 00:15:00,8017.36
2025-08-20 00:30:00,7913.67
2025-08-20 00:45:00,7518.92
2025-08-20 01:00:00,6682.45
2025-08-20 01:15:00,6292.95
2025-08-20 01:30:00,6516.83
2025-08-20 01:45:00,6345.31
2025-08-20 02:00:00,5869.56
2025-08-20 02:15:00,5869.75
2025-08-20 02:30:00,5607.42
2025-08-20 02:45:00,5934.94
2025-08-20 03:00:00,5681.92
2025-08-20 03:15:00,5602.37
2025-08-20 03:30:00,5168.42
2025-08-20 03:45:00,5132.3
2025-08-20 04:00:00,4995.95
2025-08-20 04:15:00,4996.76
2025-08-20 04:30:00,4751.3
2025-08-20 04:45:00,4963.56
2025-08-20 05:00:00,5000.45
2025-08-20 05:15:00,4744.83
2025-08-20 05:30:00,4621.15
2025-08-20 05:45:00,4532.91
2025-08-20 06:00:00,4517.56
2025-08-20 06:15:00,4691.93
2025-08-20 06:30:00,4489.04
2025-08-20 06:45:00,4255.76
2025-08-20 07:00:00,3755.09
2025-08-20 07:15:00,3865.48
2025-08-20 07:30:00,3758.83
2025-08-20 07:45:00,4030.62
2025-08-20 08:00:00,3906.94
2025-08-20 08:15:00,3819.23
2025-08-20 08:30:00,3872.58
2025-08-20 08:45:00,3850.17
2025-08-20 09:00:00,3882.06
2025-08-20 09:15:00,3843.31
2025-08-20 09:30:00,3819.26
2025-08-20 09:45:00,3351.69
2025-08-20 10:00:00,3596.68
2025-08-20 10:15:00,3499.93
2025-08-20 10:30:00,3961.38
2025-08-20 10:45:00,3951.79
2025-08-20 11:00:00,4147.95
2025-08-20 11:15:00,3887.51
2025-08-20 11:30:00,4236.7
2025-08-20 11:45:00,3921.88
2025-08-20 12:00:00,3959.17
2025-08-20 12:15:00,4243.37
2025-08-20 12:30:00,3774.79
2025-08-20 12:45:00,3819.43
2025-08-20 13:00:00,3781.89
2025-08-20 13:15:00,3833.68
2025-08-20 13:30:00,3821.11
2025-08-20 13:45:00,3893.86
2025-08-20 14:00:00,3897.25
2025-08-20 14:15:00,4535.09
2025-08-20 14:30:00,5124.91
2025-08-20 14:45:00,5025.58
2025-08-20 15:00:00,5120.67
2025-08-20 15:15:00,5265.56
2025-08-20 15:30:00,5478.08
2025-08-20 15:45:00,5205.6
2025-08-20 16:00:00,5087.2
2025-08-20 16:15:00,5090.48
2025-08-20 16:30:00,5394.73
2025-08-20 16:45:00,5896.74
2025-08-20 17:00:00,6055.94
2025-08-20 17:15:00,5888.82
2025-08-20 17:30:00,6400.92
2025-08-20 17:45:00,6679.87
2025-08-20 18:00:00,7228.16
2025-08-20 18:15:00,7733.26
2025-08-20 18:30:00,7865.95
2025-08-20 18:45:00,8209.39
2025-08-20 19:00:00,8794.13
2025-08-20 19:15:00,9589.17
2025-08-20 19:30:00,9488.01
2025-08-20 19:45:00,9479.49
2025-08-20 20:00:00,9521.97
2025-08-20 20:15:00,9907.62
2025-08-20 20:30:00,10360.5
2025-08-20 20:45:00,10147.2
2025-08-20 21:00:00,10122.2
2025-08-20 21:15:00,9889.51
2025-08-20 21:30:00,9656.23
2025-08-20 21:45:00,9188.76
2025-08-20 22:00:00,8986.68
2025-08-20 22:15:00,8894.31
2025-08-20 22:30:00,8684.53
2025-08-20 22:45:00,8676.58
2025-08-20 23:00:00,7647.19
2025-08-20 23:15:00,7473.92
2025-08-20 23:30:00,6816.23
2025-08-20 23:45:00,6774.73
2025-08-21 00:00:00,8900.42
2025-08-21 00:15:00,8164.66
2025-08-21 00:30:00,7901.39
2025-08-21 00:45:00,7854.44
2025-08-21 01:00:00,7377.26
2025-08-21 01:15:00,7023.84
2025-08-21 01:30:00,6686.96
2025-08-21 01:45:00,6481.86
2025-08-21 02:00:00,5897.1
2025-08-21 02:15:00,5581.08
2025-08-21 02:30:00,5221.81
2025-08-21 02:45:00,5322.13
2025-08-21 03:00:00,5372.22
2025-08-21 03:15:00,4833.03
2025-08-21 03:30:00,4700.15
2025-08-21 03:45:00,4682.1
2025-08-21 04:00:00,4630.05
2025-08-21 04:15:00,4471.06
2025-08-21 04:30:00,4450.21
2025-08-21 04:45:00,4824.44
2025-08-21 05:00:00,4801.22
2025-08-21 05:15:00,4791.72
2025-08-21 05:30:00,4754.98
2025-08-21 05:45:00,5418.33
2025-08-21 06:00:00,5808.22
2025-08-21 06:15:00,4604.47
2025-08-21 06:30:00,4130.02
2025-08-21 06:45:00,4229.83
2025-08-21 07:00:00,3759.3
2025-08-21 07:15:00,3601.76
2025-08-21 07:30:00,3861.97
2025-08-21 07:45:00,3907.78
2025-08-21 08:00:00,4109.46
2025-08-21 08:15:00,4111.6
2025-08-21 08:30:00,4136.39
2025-08-21 08:45:00,4311.06
2025-08-21 09:00:00,4092.5
2025-08-21 09:15:00,3767.62
2025-08-21 09:30:00,3954.71
2025-08-21 09:45:00,3667.47
2025-08-21 10:00:00,3825.39
2025-08-21 10:15:00,3498.9
2025-08-21 10:30:00,3424.81
2025-08-21 10:45:00,3818.73
2025-08-21 11:00:00,4173.96
2025-08-21 11:15:00,3441.34
2025-08-21 11:30:00,3587.51
2025-08-21 11:45:00,3553.06
2025-08-21 12:00:00,4265.3
2025-08-21 12:15:00,4110.26
2025-08-21 12:30:00,4093.32
2025-08-21 12:45:00,3750.56
2025-08-21 13:00:00,3768.0
2025-08-21 13:15:00,3982.58
2025-08-21 13:30:00,4186.27
2025-08-21 13:45:00,4029.16
2025-08-21 14:00:00,4421.41
2025-08-21 14:15:00,4060.02
2025-08-21 14:30:00,4489.81
2025-08-21 14:45:00,5145.08
2025-08-21 15:00:00,5209.82
2025-08-21 15:15:00,4928.39
2025-08-21 15:30:00,5126.06
2025-08-21 15:45:00,5279.49
2025-08-21 16:00:00,5259.91
2025-08-21 16:15:00,5537.64
2025-08-21 16:30:00,5939.29
2025-08-21 16:45:00,5724.26
2025-08-21 17:00:00,5961.98
2025-08-21 17:15:00,5965.59
2025-08-21 17:30:00,6312.23
2025-08-21 17:45:00,6621.31
2025-08-21 18:00:00,7241.42
2025-08-21 18:15:00,7609.83
2025-08-21 18:30:00,8195.34
2025-08-21 18:45:00,8746.84
2025-08-21 19:00:00,9313.41
2025-08-21 19:15:00,9925.94
2025-08-21 19:30:00,10019.0
2025-08-21 19:45:00,9653.25
2025-08-21 20:00:00,9722.33
2025-08-21 20:15:00,10016.5
2025-08-21 20:30:00,10860.6
2025-08-21 20:45:00,10990.4
2025-08-21 21:00:00,10958.7
2025-08-21 21:15:00,10628.6
2025-08-21 21:30:00,9926.92
2025-08-21 21:45:00,9666.75
2025-08-21 22:00:00,9433.88
2025-08-21 22:15:00,8697.65
2025-08-21 22:30:00,8596.93
2025-08-21 22:45:00,8371.7
2025-08-21 23:00:00,7847.45
2025-08-21 23:15:00,7293.34
2025-08-21 23:30:00,7164.85
2025-08-21 23:45:00,7210.29
2025-08-22 00:00:00,9421.7
2025-08-22 00:15:00,8249.73
2025-08-22 00:30:00,7748.65
2025-08-22 00:45:00,7419.29
2025-08-22 01:00:00,6949.39
2025-08-22 01:15:00,6749.77
2025-08-22 01:30:00,6447.71
2025-08-22 01:45:00,6343.2
2025-08-22 02:00:00,6193.79
2025-08-22 02:15:00,6023.16
2025-08-22 02:30:00,5784.44
2025-08-22 02:45:00,5777.01
2025-08-22 03:00:00,5477.19
2025-08-22 03:15:00,4929.33
2025-08-22 03:30:00,4868.26
2025-08-22 03:45:00,4926.04
2025-08-22 04:00:00,4858.16
2025-08-22 04:15:00,4668.85
2025-08-22 04:30:00,4699.23
2025-08-22 04:45:00,4979.24
2025-08-22 05:00:00,4702.33
2025-08-22 05:15:00,4552.31
2025-08-22 05:30:00,4856.61
2025-08-22 05:45:00,4730.5
2025-08-22 06:00:00,4667.88
2025-08-22 06:15:00,4823.8
2025-08-22 06:30:00,4427.14
2025-08-22 06:45:00,4074.35
2025-08-22 07:00:00,3706.0
2025-08-22 07:15:00,3850.18
2025-08-22 07:30:00,3803.14
2025-08-22 07:45:00,3935.68
2025-08-22 08:00:00,4085.17
2025-08-22 08:15:00,4186.9
2025-08-22 08:30:00,4172.24
2025-08-22 08:45:00,4151.81
2025-08-22 09:00:00,4094.5
2025-08-22 09:15:00,4359.91
2025-08-22 09:30:00,4092.47
2025-08-22 09:45:00,3762.87
2025-08-22 10:00:00,4065.55
2025-08-22 10:15:00,4102.13
2025-08-22 10:30:00,4104.36
2025-08-22 10:45:00,3753.77
2025-08-22 11:00:00,3671.43
2025-08-22 11:15:00,3474.68
2025-08-22 11:30:00,3391.45
2025-08-22 11:45:00,3220.54
2025-08-22 12:00:00,3944.58
2025-08-22 12:15:00,3887.86
2025-08-22 12:30:00,4017.41
2025-08-22 12:45:00,4414.48
2025-08-22 13:00:00,4274.39
2025-08-22 13:15:00,4212.4
2025-08-22 13:30:00,4104.02
2025-08-22 13:45:00,4074.08
2025-08-22 14:00:00,3879.95
2025-08-22 14:15:00,4164.68
2025-08-22 14:30:00,4745.93
2025-08-22 14:45:00,4410.23
2025-08-22 15:00:00,4864.63
2025-08-22 15:15:00,5187.92
2025-08-22 15:30:00,5415.6
2025-08-22 15:45:00,5636.05
2025-08-22 16:00:00,5354.65
2025-08-22 16:15:00,4932.99
2025-08-22 16:30:00,5305.67
2025-08-22 16:45:00,5632.91
2025-08-22 17:00:00,6357.81
2025-08-22 17:15:00,6545.7
2025-08-22 17:30:00,6710.22
2025-08-22 17:45:00,7472.89
2025-08-22 18:00:00,7922.75
2025-08-22 18:15:00,8269.95
2025-08-22 18:30:00,9126.15
2025-08-22 18:45:00,8844.29
2025-08-22 19:00:00,9437.08
2025-08-22 19:15:00,9654.47
2025-08-22 19:30:00,9955.07
2025-08-22 19:45:00,9925.31
2025-08-22 20:00:00,9663.39
2025-08-22 20:15:00,10472.7
2025-08-22 20:30:00,10860.1
2025-08-22 20:45:00,10686.5
2025-08-22 21:00:00,10560.1
2025-08-22 21:15:00,9965.1
2025-08-22 21:30:00,9453.37
2025-08-22 21:45:00,9308.34
2025-08-22 22:00:00,9230.72
2025-08-22 22:15:00,8758.66
2025-08-22 22:30:00,8911.17
2025-08-22 22:45:00,8448.9
2025-08-22 23:00:00,7517.64
2025-08-22 23:15:00,6875.75
2025-08-22 23:30:00,6885.29
2025-08-22 23:45:00,6584.88
2025-08-23 00:00:00,9103.25
2025-08-23 00:15:00,8607.02
2025-08-23 00:30:00,8226.03
2025-08-23 00:45:00,7770.54
2025-08-23 01:00:00,7577.41
2025-08-23 01:15:00,7300.7
2025-08-23 01:30:00,7210.95
2025-08-23 01:45:00,6977.53
2025-08-23 02:00:00,6632.76
2025-08-23 02:15:00,6829.28
2025-08-23 02:30:00,6284.01
2025-08-23 02:45:00,6007.04
2025-08-23 03:00:00,6004.4
2025-08-23 03:15:00,6053.38
2025-08-23 03:30:00,5455.05
2025-08-23 03:45:00,5420.71
2025-08-23 04:00:00,5261.84
2025-08-23 04:15:00,5541.86
2025-08-23 04:30:00,5432.48
2025-08-23 04:45:00,5408.67
2025-08-23 05:00:00,5367.79
2025-08-23 05:15:00,5098.0
2025-08-23 05:30:00,5268.54
2025-08-23 05:45:00,4743.52
2025-08-23 06:00:00,4924.89
2025-08-23 06:15:00,5140.93
2025-08-23 06:30:00,4842.91
2025-08-23 06:45:00,4626.73
2025-08-23 07:00:00,3923.82
2025-08-23 07:15:00,3942.78
2025-08-23 07:30:00,3877.43
2025-08-23 07:45:00,3847.34
2025-08-23 08:00:00,3924.42
2025-08-23 08:15:00,4358.09
2025-08-23 08:30:00,3948.79
2025-08-23 08:45:00,3930.31
2025-08-23 09:00:00,4003.66
2025-08-23 09:15:00,4363.42
2025-08-23 09:30:00,4220.37
2025-08-23 09:45:00,3211.31
2025-08-23 10:00:00,3888.1
2025-08-23 10:15:00,3885.26
2025-08-23 10:30:00,3789.35
2025-08-23 10:45:00,3638.82
2025-08-23 11:00:00,4283.08
2025-08-23 11:15:00,4109.38
2025-08-23 11:30:00,3979.57
2025-08-23 11:45:00,3682.29
2025-08-23 12:00:00,4104.21
2025-08-23 12:15:00,3895.2
2025-08-23 12:30:00,3978.09
2025-08-23 12:45:00,3994.89
2025-08-23 13:00:00,3839.56
2025-08-23 13:15:00,3665.0
2025-08-23 13:30:00,3900.02
2025-08-23 13:45:00,4132.69
2025-08-23 14:00:00,4152.01
2025-08-23 14:15:00,4522.51
2025-08-23 14:30:00,4703.53
2025-08-23 14:45:00,4772.29
2025-08-23 15:00:00,5205.14
2025-08-23 15:15:00,5291.92
2025-08-23 15:30:00,5344.31
2025-08-23 15:45:00,5481.52
2025-08-23 16:00:00,5800.85
2025-08-23 16:15:00,5967.54
2025-08-23 16:30:00,6402.8
2025-08-23 16:45:00,6425.47
2025-08-23 17:00:00,7090.39
2025-08-23 17:15:00,7936.82
2025-08-23 17:30:00,8301.07
2025-08-23 17:45:00,8838.36
2025-08-23 18:00:00,8994.37
2025-08-23 18:15:00,9313.91
2025-08-23 18:30:00,9415.49
2025-08-23 18:45:00,9520.84
2025-08-23 19:00:00,10221.7
2025-08-23 19:15:00,10216.1
2025-08-23 19:30:00,10447.4
2025-08-23 19:45:00,10055.4
2025-08-23 20:00:00,10266.3
2025-08-23 20:15:00,10430.4
2025-08-23 20:30:00,10299.5
2025-08-23 20:45:00,10339.4
2025-08-23 21:00:00,10290.5
2025-08-23 21:15:00,10200.8
2025-08-23 21:30:00,10241.0
2025-08-23 21:45:00,10153.0
2025-08-23 22:00:00,9801.53
2025-08-23 22:15:00,9974.68
2025-08-23 22:30:00,8729.53
2025-08-23 22:45:00,8464.15
2025-08-23 23:00:00,7792.3
2025-08-23 23:15:00,7303.89
2025-08-23 23:30:00,7466.3
2025-08-23 23:45:00,7464.33
2025-08-24 00:00:00,9104.04
2025-08-24 00:15:00,8666.87
2025-08-24 00:30:00,8027.68
2025-08-24 00:45:00,7530.46
2025-08-24 01:00:00,7278.85
2025-08-24 01:15:00,7249.98
2025-08-24 01:30:00,6704.57
2025-08-24 01:45:00,6583.66
2025-08-24 02:00:00,6624.72
2025-08-24 02:15:00,6323.56
2025-08-24 02:30:00,5821.61
2025-08-24 02:45:00,5862.5
2025-08-24 03:00:00,5843.9
2025-08-24 03:15:00,5231.89
2025-08-24 03:30:00,5066.16
2025-08-24 03:45:00,5304.34
2025-08-24 04:00:00,4998.23
2025-08-24 04:15:00,4894.4
2025-08-24 04:30:00,4885.82
2025-08-24 04:45:00,5156.45
2025-08-24 05:00:00,4826.11
2025-08-24 05:15:00,4796.4
2025-08-24 05:30:00,5019.14
2025-08-24 05:45:00,4737.68
2025-08-24 06:00:00,4421.52
2025-08-24 06:15:00,4414.91
2025-08-24 06:30:00,3950.14
2025-08-24 06:45:00,3887.98
2025-08-24 07:00:00,3657.98
2025-08-24 07:15:00,3570.8
2025-08-24 07:30:00,3744.32
2025-08-24 07:45:00,3619.12
2025-08-24 08:00:00,3836.5
2025-08-24 08:15:00,3989.8
2025-08-24 08:30:00,3870.73
2025-08-24 08:45:00,3704.53
2025-08-24 09:00:00,3335.82
2025-08-24 09:15:00,3570.38
2025-08-24 09:30:00,3636.91
2025-08-24 09:45:00,3198.91
2025-08-24 10:00:00,3636.69
2025-08-24 10:15:00,3070.66
2025-08-24 10:30:00,2804.38
2025-08-24 10:45:00,2666.9
2025-08-24 11:00:00,2341.17
2025-08-24 11:15:00,3172.03
2025-08-24 11:30:00,3252.47
2025-08-24 11:45:00,3217.21
2025-08-24 12:00:00,3840.95
2025-08-24 12:15:00,3941.89
2025-08-24 12:30:00,3917.42
2025-08-24 12:45:00,3016.86
2025-08-24 13:00:00,2652.58
2025-08-24 13:15:00,2688.69
2025-08-24 13:30:00,2802.99
2025-08-24 13:45:00,2843.73
2025-08-24 14:00:00,3058.77
2025-08-24 14:15:00,3279.92
2025-08-24 14:30:00,3667.31
2025-08-24 14:45:00,3396.47
2025-08-24 15:00:00,3863.84
2025-08-24 15:15:00,3919.76
2025-08-24 15:30:00,4230.34
2025-08-24 15:45:00,4343.03
2025-08-24 16:00:00,4880.07
2025-08-24 16:15:00,5639.26
2025-08-24 16:30:00,6037.73
2025-08-24 16:45:00,6237.13
2025-08-24 17:00:00,6800.45
2025-08-24 17:15:00,7183.49
2025-08-24 17:30:00,6993.61
2025-08-24 17:45:00,7192.43
2025-08-24 18:00:00,7654.91
2025-08-24 18:15:00,8223.36
2025-08-24 18:30:00,8586.72
2025-08-24 18:45:00,9108.66
2025-08-24 19:00:00,9506.32
2025-08-24 19:15:00,9804.12
2025-08-24 19:30:00,9593.11
2025-08-24 19:45:00,9530.36
2025-08-24 20:00:00,9617.43
2025-08-24 20:15:00,9565.68
2025-08-24 20:30:00,9850.09
2025-08-24 20:45:00,9944.42
2025-08-24 21:00:00,10115.7
2025-08-24 21:15:00,10095.8
2025-08-24 21:30:00,10231.7
2025-08-24 21:45:00,10667.8
2025-08-24 22:00:00,10469.8
2025-08-24 22:15:00,9705.66
2025-08-24 22:30:00,8675.16
2025-08-24 22:45:00,8300.58
2025-08-24 23:00:00,7899.48
2025-08-24 23:15:00,7412.78
2025-08-24 23:30:00,7541.47
2025-08-24 23:45:00,6971.2
2025-08-25 00:00:00,8985.18
2025-08-25 00:15:00,8716.05
2025-08-25 00:30:00,7928.39
2025-08-25 00:45:00,7841.38
2025-08-25 01:00:00,7420.75
2025-08-25 01:15:00,6756.14
2025-08-25 01:30:00,6646.84
2025-08-25 01:45:00,6560.49
2025-08-25 02:00:00,6015.48
2025-08-25 02:15:00,5784.91
2025-08-25 02:30:00,5686.89
2025-08-25 02:45:00,5501.78
2025-08-25 03:00:00,5654.97
2025-08-25 03:15:00,5282.82
2025-08-25 03:30:00,4765.22
2025-08-25 03:45:00,4977.63
2025-08-25 04:00:00,5162.11
2025-08-25 04:15:00,4970.5
2025-08-25 04:30:00,4954.86
2025-08-25 04:45:00,4902.2
2025-08-25 05:00:00,5079.76
2025-08-25 05:15:00,4805.93
2025-08-25 05:30:00,5018.28
2025-08-25 05:45:00,4448.56
2025-08-25 06:00:00,4250.06
2025-08-25 06:15:00,4126.06
2025-08-25 06:30:00,3628.73
2025-08-25 06:45:00,3637.3
2025-08-25 07:00:00,3253.37
2025-08-25 07:15:00,3258.79
2025-08-25 07:30:00,3208.65
2025-08-25 07:45:00,3231.7
2025-08-25 08:00:00,3811.99
2025-08-25 08:15:00,3832.26
2025-08-25 08:30:00,3244.34
2025-08-25 08:45:00,3264.98
2025-08-25 09:00:00,3391.31
2025-08-25 09:15:00,3427.03
2025-08-25 09:30:00,3439.96
2025-08-25 09:45:00,3190.79
2025-08-25 10:00:00,3538.7
2025-08-25 10:15:00,3232.47
2025-08-25 10:30:00,3231.66
2025-08-25 10:45:00,3305.7
2025-08-25 11:00:00,3519.58
2025-08-25 11:15:00,3417.69
2025-08-25 11:30:00,3631.02
2025-08-25 11:45:00,3018.81
2025-08-25 12:00:00,3695.95
2025-08-25 12:15:00,3676.66
2025-08-25 12:30:00,3504.39
2025-08-25 12:45:00,3822.99
2025-08-25 13:00:00,3845.96
2025-08-25 13:15:00,3674.03
2025-08-25 13:30:00,3604.42
2025-08-25 13:45:00,3528.01
2025-08-25 14:00:00,3930.65
2025-08-25 14:15:00,4045.37
2025-08-25 14:30:00,4524.53
2025-08-25 14:45:00,4512.25
2025-08-25 15:00:00,4804.81
2025-08-25 15:15:00,4765.96
2025-08-25 15:30:00,5407.45
2025-08-25 15:45:00,5606.64
2025-08-25 16:00:00,6066.18
2025-08-25 16:15:00,6069.39
2025-08-25 16:30:00,5993.54
2025-08-25 16:45:00,6029.59
2025-08-25 17:00:00,6241.47
2025-08-25 17:15:00,6518.3
2025-08-25 17:30:00,6917.48
2025-08-25 17:45:00,7046.49
2025-08-25 18:00:00,8613.79
2025-08-25 18:15:00,8882.25
2025-08-25 18:30:00,9025.38
2025-08-25 18:45:00,9531.71
2025-08-25 19:00:00,10376.9
2025-08-25 19:15:00,10615.3
2025-08-25 19:30:00,10596.8
2025-08-25 19:45:00,10406.8
2025-08-25 20:00:00,10275.7
2025-08-25 20:15:00,10603.8
2025-08-25 20:30:00,10662.2
2025-08-25 20:45:00,10839.4
2025-08-25 21:00:00,10549.2
2025-08-25 21:15:00,10621.5
2025-08-25 21:30:00,10004.2
2025-08-25 21:45:00,9876.47
2025-08-25 22:00:00,9382.75
2025-08-25 22:15:00,8895.1
2025-08-25 22:30:00,8475.75
2025-08-25 22:45:00,8035.23
2025-08-25 23:00:00,7069.77
2025-08-25 23:15:00,7075.14
2025-08-25 23:30:00,7025.0
2025-08-25 23:45:00,6940.22
2025-08-26 00:00:00,8719.79
2025-08-26 00:15:00,7823.24
2025-08-26 00:30:00,7333.62
2025-08-26 00:45:00,6934.29
2025-08-26 01:00:00,6599.11
2025-08-26 01:15:00,6241.74
2025-08-26 01:30:00,5905.83
2025-08-26 01:45:00,5582.17
2025-08-26 02:00:00,5645.23
2025-08-26 02:15:00,5245.5
2025-08-26 02:30:00,4960.1
2025-08-26 02:45:00,4685.79
2025-08-26 03:00:00,4624.41
2025-08-26 03:15:00,4355.04
2025-08-26 03:30:00,4109.64
2025-08-26 03:45:00,4139.39
2025-08-26 04:00:00,4242.66
2025-08-26 04:15:00,4535.21
2025-08-26 04:30:00,4426.85
2025-08-26 04:45:00,4517.83
2025-08-26 05:00:00,4191.87
2025-08-26 05:15:00,4242.76
2025-08-26 05:30:00,4162.85
2025-08-26 05:45:00,4028.0
2025-08-26 06:00:00,3721.61
2025-08-26 06:15:00,3475.52
2025-08-26 06:30:00,3135.19
2025-08-26 06:45:00,3080.46
2025-08-26 07:00:00,3269.75
2025-08-26 07:15:00,3231.87
2025-08-26 07:30:00,2920.24
2025-08-26 07:45:00,2913.57
2025-08-26 08:00:00,3193.22
2025-08-26 08:15:00,3371.94
2025-08-26 08:30:00,3242.56
2025-08-26 08:45:00,3101.91
2025-08-26 09:00:00,3384.91
2025-08-26 09:15:00,3540.81
2025-08-26 09:30:00,3879.62
2025-08-26 09:45:00,3541.75
2025-08-26 10:00:00,3359.7
2025-08-26 10:15:00,3554.04
2025-08-26 10:30:00,3855.29
2025-08-26 10:45:00,3522.35
2025-08-26 11:00:00,3702.56
2025-08-26 11:15:00,3671.24
2025-08-26 11:30:00,3567.71
2025-08-26 11:45:00,3285.83
2025-08-26 12:00:00,3986.04
2025-08-26 12:15:00,4199.48
2025-08-26 12:30:00,4140.01
2025-08-26 12:45:00,3845.75
2025-08-26 13:00:00,3967.27
2025-08-26 13:15:00,4058.15
2025-08-26 13:30:00,4047.65
2025-08-26 13:45:00,4098.25
2025-08-26 14:00:00,4068.41
2025-08-26 14:15:00,4341.18
2025-08-26 14:30:00,5122.35
2025-08-26 14:45:00,5365.31
2025-08-26 15:00:00,5646.91
2025-08-26 15:15:00,5701.72
2025-08-26 15:30:00,6238.94
2025-08-26 15:45:00,6237.81
2025-08-26 16:00:00,6802.45
2025-08-26 16:15:00,6932.27
2025-08-26 16:30:00,7019.36
2025-08-26 16:45:00,6787.27
2025-08-26 17:00:00,7056.33
2025-08-26 17:15:00,7161.32
2025-08-26 17:30:00,6862.53
2025-08-26 17:45:00,7265.55
2025-08-26 18:00:00,8410.28
2025-08-26 18:15:00,8980.72
2025-08-26 18:30:00,9332.67
2025-08-26 18:45:00,9540.25
2025-08-26 19:00:00,10068.9
2025-08-26 19:15:00,10148.9
2025-08-26 19:30:00,10516.6
2025-08-26 19:45:00,10168.2
2025-08-26 20:00:00,10143.1
2025-08-26 20:15:00,9906.11
2025-08-26 20:30:00,10197.6
2025-08-26 20:45:00,10421.9
2025-08-26 21:00:00,10463.8
2025-08-26 21:15:00,10282.9
2025-08-26 21:30:00,9685.07
2025-08-26 21:45:00,9186.9
2025-08-26 22:00:00,9221.69
2025-08-26 22:15:00,8816.3
2025-08-26 22:30:00,8381.28
2025-08-26 22:45:00,7801.57
2025-08-26 23:00:00,7426.75
2025-08-26 23:15:00,6856.99
2025-08-26 23:30:00,6672.84
2025-08-26 23:45:00,6804.63
2025-08-27 00:00:00,8677.26
2025-08-27 00:15:00,7558.33
2025-08-27 00:30:00,7035.98
2025-08-27 00:45:00,6460.0
2025-08-27 01:00:00,5564.26
2025-08-27 01:15:00,5654.61
2025-08-27 01:30:00,4999.06
2025-08-27 01:45:00,4933.31
2025-08-27 02:00:00,4865.69
2025-08-27 02:15:00,4837.08
2025-08-27 02:30:00,4706.91
2025-08-27 02:45:00,4346.27
2025-08-27 03:00:00,4318.4
2025-08-27 03:15:00,3935.83
2025-08-27 03:30:00,3925.19
2025-08-27 03:45:00,3786.98
2025-08-27 04:00:00,3763.82
2025-08-27 04:15:00,3928.44
2025-08-27 04:30:00,3799.42
2025-08-27 04:45:00,3832.39
2025-08-27 05:00:00,3517.7
2025-08-27 05:15:00,3460.74
2025-08-27 05:30:00,3711.75
2025-08-27 05:45:00,3619.49
2025-08-27 06:00:00,3332.19
2025-08-27 06:15:00,3275.23
2025-08-27 06:30:00,3059.81
2025-08-27 06:45:00,3016.14
2025-08-27 07:00:00,2636.3
2025-08-27 07:15:00,2580.81
2025-08-27 07:30:00,2782.11
2025-08-27 07:45:00,2892.79
2025-08-27 08:00:00,2824.58
2025-08-27 08:15:00,3049.23
2025-08-27 08:30:00,2836.19
2025-08-27 08:45:00,2735.41
2025-08-27 09:00:00,2820.76
2025-08-27 09:15:00,2454.46
2025-08-27 09:30:00,2635.01
2025-08-27 09:45:00,2511.53
2025-08-27 10:00:00,2712.39
2025-08-27 10:15:00,2648.17
2025-08-27 10:30:00,2575.47
2025-08-27 10:45:00,2794.11
2025-08-27 11:00:00,2708.81
2025-08-27 11:15:00,2780.25
2025-08-27 11:30:00,2784.76
2025-08-27 11:45:00,2774.24
2025-08-27 12:00:00,3118.56
2025-08-27 12:15:00,3118.38
2025-08-27 12:30:00,2806.81
2025-08-27 12:45:00,2771.76
2025-08-27 13:00:00,2785.73
2025-08-27 13:15:00,2723.61
2025-08-27 13:30:00,3056.89
2025-08-27 13:45:00,2794.39
2025-08-27 14:00:00,3176.27
2025-08-27 14:15:00,3197.49
2025-08-27 14:30:00,3310.58
2025-08-27 14:45:00,3300.16
2025-08-27 15:00:00,3524.09
2025-08-27 15:15:00,3547.9
2025-08-27 15:30:00,3906.17
2025-08-27 15:45:00,3696.2
2025-08-27 16:00:00,3870.08
2025-08-27 16:15:00,4020.31
2025-08-27 16:30:00,4980.0
2025-08-27 16:45:00,5400.13
2025-08-27 17:00:00,5749.08
2025-08-27 17:15:00,5909.41
2025-08-27 17:30:00,6499.33
2025-08-27 17:45:00,6731.77
2025-08-27 18:00:00,7468.7
2025-08-27 18:15:00,7819.57
2025-08-27 18:30:00,8281.93
2025-08-27 18:45:00,8763.06
2025-08-27 19:00:00,9352.5
2025-08-27 19:15:00,9240.66
2025-08-27 19:30:00,9201.29
2025-08-27 19:45:00,9239.7
2025-08-27 20:00:00,9100.57
2025-08-27 20:15:00,9627.04
2025-08-27 20:30:00,9748.5
2025-08-27 20:45:00,9238.32
2025-08-27 21:00:00,9594.81
2025-08-27 21:15:00,9478.24
2025-08-27 21:30:00,8776.72
2025-08-27 21:45:00,8161.44
2025-08-27 22:00:00,7507.71
2025-08-27 22:15:00,7475.75
2025-08-27 22:30:00,7194.09
2025-08-27 22:45:00,6687.12
2025-08-27 23:00:00,6393.69
2025-08-27 23:15:00,6141.97
2025-08-27 23:30:00,6113.92
2025-08-27 23:45:00,6189.92
2025-08-28 00:00:00,8310.58
2025-08-28 00:15:00,7556.27
2025-08-28 00:30:00,6989.72
2025-08-28 00:45:00,6670.46
2025-08-28 01:00:00,6155.69
2025-08-28 01:15:00,5840.51
2025-08-28 01:30:00,6203.34
2025-08-28 01:45:00,6296.09
2025-08-28 02:00:00,5637.81
2025-08-28 02:15:00,5630.17
2025-08-28 02:30:00,5139.29
2025-08-28 02:45:00,5041.97
2025-08-28 03:00:00,4755.44
2025-08-28 03:15:00,4783.1
2025-08-28 03:30:00,4699.64
2025-08-28 03:45:00,4309.49
2025-08-28 04:00:00,4587.48
2025-08-28 04:15:00,4556.65
2025-08-28 04:30:00,4615.38
2025-08-28 04:45:00,4503.59
2025-08-28 05:00:00,4439.6
2025-08-28 05:15:00,4465.28
2025-08-28 05:30:00,4149.4
2025-08-28 05:45:00,4221.2
2025-08-28 06:00:00,4102.42
2025-08-28 06:15:00,4145.72
2025-08-28 06:30:00,3706.28
2025-08-28 06:45:00,3670.73
2025-08-28 07:00:00,3009.33
2025-08-28 07:15:00,2754.4
2025-08-28 07:30:00,2713.62
2025-08-28 07:45:00,2819.17
2025-08-28 08:00:00,2879.01
2025-08-28 08:15:00,3070.75
2025-08-28 08:30:00,2805.62
2025-08-28 08:45:00,2977.79
2025-08-28 09:00:00,2714.09
2025-08-28 09:15:00,2758.67
2025-08-28 09:30:00,2803.7
2025-08-28 09:45:00,2511.15
2025-08-28 10:00:00,2647.31
2025-08-28 10:15:00,2559.99
2025-08-28 10:30:00,2328.75
2025-08-28 10:45:00,2438.32
2025-08-28 11:00:00,2623.01
2025-08-28 11:15:00,2416.1
2025-08-28 11:30:00,2491.45
2025-08-28 11:45:00,2376.91
2025-08-28 12:00:00,2581.67
2025-08-28 12:15:00,2751.1
2025-08-28 12:30:00,2717.48
2025-08-28 12:45:00,3032.37
2025-08-28 13:00:00,2999.31
2025-08-28 13:15:00,2368.26
2025-08-28 13:30:00,2537.34
2025-08-28 13:45:00,2681.22
2025-08-28 14:00:00,2923.17
2025-08-28 14:15:00,3759.13
2025-08-28 14:30:00,3829.63
2025-08-28 14:45:00,3872.37
2025-08-28 15:00:00,4302.4
2025-08-28 15:15:00,4432.43
2025-08-28 15:30:00,4075.84
2025-08-28 15:45:00,4319.15
2025-08-28 16:00:00,4355.09
2025-08-28 16:15:00,4478.6
2025-08-28 16:30:00,5088.65
2025-08-28 16:45:00,5614.09
2025-08-28 17:00:00,5991.07
2025-08-28 17:15:00,6294.2
2025-08-28 17:30:00,6066.45
2025-08-28 17:45:00,6468.72
2025-08-28 18:00:00,7442.28
2025-08-28 18:15:00,7774.54
2025-08-28 18:30:00,7888.82
2025-08-28 18:45:00,8480.33
2025-08-28 19:00:00,9317.65
2025-08-28 19:15:00,9769.44
2025-08-28 19:30:00,9818.86
2025-08-28 19:45:00,9082.25
2025-08-28 20:00:00,9191.54
2025-08-28 20:15:00,9486.15
2025-08-28 20:30:00,9802.34
2025-08-28 20:45:00,9938.36
2025-08-28 21:00:00,9963.98
2025-08-28 21:15:00,9276.79
2025-08-28 21:30:00,9111.85
2025-08-28 21:45:00,8594.32
2025-08-28 22:00:00,8009.18
2025-08-28 22:15:00,7521.71
2025-08-28 22:30:00,6790.02
2025-08-28 22:45:00,6828.82
2025-08-28 23:00:00,6444.95
2025-08-28 23:15:00,5951.38
2025-08-28 23:30:00,5690.75
2025-08-28 23:45:00,5657.47
2025-08-29 00:00:00,7899.04
2025-08-29 00:15:00,6918.82
2025-08-29 00:30:00,6363.32
2025-08-29 00:45:00,5897.59
2025-08-29 01:00:00,5964.05
2025-08-29 01:15:00,5463.14
2025-08-29 01:30:00,5354.99
2025-08-29 01:45:00,5453.11
2025-08-29 02:00:00,4971.85
2025-08-29 02:15:00,4696.8
2025-08-29 02:30:00,4644.24
2025-08-29 02:45:00,4307.19
2025-08-29 03:00:00,4383.2
2025-08-29 03:15:00,4177.78
2025-08-29 03:30:00,4132.12
2025-08-29 03:45:00,4113.59
2025-08-29 04:00:00,3986.16
2025-08-29 04:15:00,4336.82
2025-08-29 04:30:00,4145.97
2025-08-29 04:45:00,3910.14
2025-08-29 05:00:00,3963.4
2025-08-29 05:15:00,4249.53
2025-08-29 05:30:00,3910.93
2025-08-29 05:45:00,3753.73
2025-08-29 06:00:00,3763.41
2025-08-29 06:15:00,3913.03
2025-08-29 06:30:00,3412.36
2025-08-29 06:45:00,3166.53
2025-08-29 07:00:00,2676.01
2025-08-29 07:15:00,2621.46
2025-08-29 07:30:00,2385.77
2025-08-29 07:45:00,2493.72
2025-08-29 08:00:00,2594.44
2025-08-29 08:15:00,2899.21
2025-08-29 08:30:00,2612.79
2025-08-29 08:45:00,2443.55
2025-08-29 09:00:00,2551.06
2025-08-29 09:15:00,2636.67
2025-08-29 09:30:00,2553.97
2025-08-29 09:45:00,2177.87
2025-08-29 10:00:00,2074.78
2025-08-29 10:15:00,2250.47
2025-08-29 10:30:00,1786.06
2025-08-29 10:45:00,1897.71
2025-08-29 11:00:00,2106.37
2025-08-29 11:15:00,1948.76
2025-08-29 11:30:00,2147.53
2025-08-29 11:45:00,1651.99
2025-08-29 12:00:00,2030.65
2025-08-29 12:15:00,1762.53
2025-08-29 12:30:00,1688.77
2025-08-29 12:45:00,1852.84
2025-08-29 13:00:00,1774.03
2025-08-29 13:15:00,1661.4
2025-08-29 13:30:00,1749.4
2025-08-29 13:45:00,1716.85
2025-08-29 14:00:00,2294.84
2025-08-29 14:15:00,2903.61
2025-08-29 14:30:00,3706.83
2025-08-29 14:45:00,3715.65
2025-08-29 15:00:00,3736.03
2025-08-29 15:15:00,3332.11
2025-08-29 15:30:00,3694.83
2025-08-29 15:45:00,4016.92
2025-08-29 16:00:00,4676.1
2025-08-29 16:15:00,4974.86
2025-08-29 16:30:00,5442.52
2025-08-29 16:45:00,5870.14
2025-08-29 17:00:00,6335.49
2025-08-29 17:15:00,6406.3
2025-08-29 17:30:00,6240.99
2025-08-29 17:45:00,6056.5
2025-08-29 18:00:00,7034.98
2025-08-29 18:15:00,6727.45
2025-08-29 18:30:00,6853.76
2025-08-29 18:45:00,7301.34
2025-08-29 19:00:00,7542.55
2025-08-29 19:15:00,7932.25
2025-08-29 19:30:00,7565.59
2025-08-29 19:45:00,7471.14
2025-08-29 20:00:00,7310.56
2025-08-29 20:15:00,7427.57
2025-08-29 20:30:00,7949.73
2025-08-29 20:45:00,7689.94
2025-08-29 21:00:00,8035.42
2025-08-29 21:15:00,7978.99
2025-08-29 21:30:00,8375.18
2025-08-29 21:45:00,8198.94
2025-08-29 22:00:00,6828.27
2025-08-29 22:15:00,6273.4
2025-08-29 22:30:00,5861.99
2025-08-29 22:45:00,5820.47
2025-08-29 23:00:00,5828.73
2025-08-29 23:15:00,5636.66
2025-08-29 23:30:00,6010.68
2025-08-29 23:45:00,5614.31
2025-08-30 00:00:00,7867.98
2025-08-30 00:15:00,7171.81
2025-08-30 00:30:00,6436.77
2025-08-30 00:45:00,6212.36
2025-08-30 01:00:00,5877.4
2025-08-30 01:15:00,5574.16
2025-08-30 01:30:00,5529.87
2025-08-30 01:45:00,5403.65
2025-08-30 02:00:00,5114.56
2025-08-30 02:15:00,4914.47
2025-08-30 02:30:00,4949.0
2025-08-30 02:45:00,4659.75
2025-08-30 03:00:00,4564.03
2025-08-30 03:15:00,4522.75
2025-08-30 03:30:00,4268.99
2025-08-30 03:45:00,4315.65
2025-08-30 04:00:00,4209.65
2025-08-30 04:15:00,4127.48
2025-08-30 04:30:00,4287.81
2025-08-30 04:45:00,4100.25
2025-08-30 05:00:00,3925.81
2025-08-30 05:15:00,4141.67
2025-08-30 05:30:00,3977.23
2025-08-30 05:45:00,3720.02
2025-08-30 06:00:00,3709.86
2025-08-30 06:15:00,3390.81
2025-08-30 06:30:00,3286.65
2025-08-30 06:45:00,3011.02
2025-08-30 07:00:00,2947.07
2025-08-30 07:15:00,2485.08
2025-08-30 07:30:00,2682.35
2025-08-30 07:45:00,2705.35
2025-08-30 08:00:00,2368.7
2025-08-30 08:15:00,2391.02
2025-08-30 08:30:00,2267.11
2025-08-30 08:45:00,2257.21
2025-08-30 09:00:00,2110.84
2025-08-30 09:15:00,2036.36
2025-08-30 09:30:00,1748.03
2025-08-30 09:45:00,1252.99
2025-08-30 10:00:00,1553.63
2025-08-30 10:15:00,1520.25
2025-08-30 10:30:00,1440.0
2025-08-30 10:45:00,1190.95
2025-08-30 11:00:00,1688.04
2025-08-30 11:15:00,1557.73
2025-08-30 11:30:00,1412.93
2025-08-30 11:45:00,1221.73
2025-08-30 12:00:00,1652.2
2025-08-30 12:15:00,1633.37
2025-08-30 12:30:00,1500.52
2025-08-30 12:45:00,1353.2
2025-08-30 13:00:00,1136.51
2025-08-30 13:15:00,1352.0
2025-08-30 13:30:00,1408.2
2025-08-30 13:45:00,1467.97
2025-08-30 14:00:00,1737.85
2025-08-30 14:15:00,2342.53
2025-08-30 14:30:00,3082.47
2025-08-30 14:45:00,3194.97
2025-08-30 15:00:00,3275.36
2025-08-30 15:15:00,3508.23
2025-08-30 15:30:00,3681.34
2025-08-30 15:45:00,3970.21
2025-08-30 16:00:00,4213.05
2025-08-30 16:15:00,4562.8
2025-08-30 16:30:00,4950.73
2025-08-30 16:45:00,5339.33
2025-08-30 17:00:00,5211.93
2025-08-30 17:15:00,4988.52
2025-08-30 17:30:00,5345.07
2025-08-30 17:45:00,5755.59
2025-08-30 18:00:00,6247.43
2025-08-30 18:15:00,6213.09
2025-08-30 18:30:00,6891.37
2025-08-30 18:45:00,7285.56
2025-08-30 19:00:00,7748.0
2025-08-30 19:15:00,7976.41
2025-08-30 19:30:00,7407.19
2025-08-30 19:45:00,7112.02
2025-08-30 20:00:00,7657.98
2025-08-30 20:15:00,8128.84
2025-08-30 20:30:00,8872.21
2025-08-30 20:45:00,8416.29
2025-08-30 21:00:00,8416.05
2025-08-30 21:15:00,8094.92
2025-08-30 21:30:00,8112.56
2025-08-30 21:45:00,7925.55
2025-08-30 22:00:00,7005.71
2025-08-30 22:15:00,6650.22
2025-08-30 22:30:00,6418.42
2025-08-30 22:45:00,6020.46
2025-08-30 23:00:00,5682.56
2025-08-30 23:15:00,5562.3
2025-08-30 23:30:00,5772.4
2025-08-30 23:45:00,5080.11
2025-08-31 00:00:00,7805.11
2025-08-31 00:15:00,7087.09
2025-08-31 00:30:00,6609.01
2025-08-31 00:45:00,6517.67
2025-08-31 01:00:00,6210.32
2025-08-31 01:15:00,5984.64
2025-08-31 01:30:00,5827.69
2025-08-31 01:45:00,5325.83
2025-08-31 02:00:00,5010.91
2025-08-31 02:15:00,4595.69
2025-08-31 02:30:00,4438.57
2025-08-31 02:45:00,4219.02
2025-08-31 03:00:00,4207.99
2025-08-31 03:15:00,4078.01
2025-08-31 03:30:00,3841.15
2025-08-31 03:45:00,3704.11
2025-08-31 04:00:00,3828.19
2025-08-31 04:15:00,3741.08
2025-08-31 04:30:00,3633.7
2025-08-31 04:45:00,3603.25
2025-08-31 05:00:00,3586.73
2025-08-31 05:15:00,3727.58
2025-08-31 05:30:00,3583.23
2025-08-31 05:45:00,3486.93
2025-08-31 06:00:00,3474.26
2025-08-31 06:15:00,3348.23
2025-08-31 06:30:00,2834.77
2025-08-31 06:45:00,2839.15
2025-08-31 07:00:00,2334.71
2025-08-31 07:15:00,2235.47
2025-08-31 07:30:00,2245.69
2025-08-31 07:45:00,2193.11
2025-08-31 08:00:00,2918.24
2025-08-31 08:15:00,3120.81
2025-08-31 08:30:00,2736.19
2025-08-31 08:45:00,2664.55
2025-08-31 09:00:00,2514.49
2025-08-31 09:15:00,2523.11
2025-08-31 09:30:00,2968.85
2025-08-31 09:45:00,2225.3
2025-08-31 10:00:00,2312.01
2025-08-31 10:15:00,2981.77
2025-08-31 10:30:00,2065.7
2025-08-31 10:45:00,2046.06
2025-08-31 11:00:00,2062.95
2025-08-31 11:15:00,2165.95
2025-08-31 11:30:00,1954.83
2025-08-31 11:45:00,2012.36
2025-08-31 12:00:00,1969.59
2025-08-31 12:15:00,2220.68
2025-08-31 12:30:00,2044.37
2025-08-31 12:45:00,2247.55
2025-08-31 13:00:00,2358.99
2025-08-31 13:15:00,1948.93
2025-08-31 13:30:00,2276.16
2025-08-31 13:45:00,2010.96
2025-08-31 14:00:00,2324.24
2025-08-31 14:15:00,2770.85
2025-08-31 14:30:00,3329.28
2025-08-31 14:45:00,3358.88
2025-08-31 15:00:00,3435.2
2025-08-31 15:15:00,4046.47
2025-08-31 15:30:00,4395.63
2025-08-31 15:45:00,4902.83
2025-08-31 16:00:00,5307.38
2025-08-31 16:15:00,5378.7
2025-08-31 16:30:00,5843.64
2025-08-31 16:45:00,6108.33
2025-08-31 17:00:00,6462.84
2025-08-31 17:15:00,6526.22
2025-08-31 17:30:00,6588.72
2025-08-31 17:45:00,6898.95
2025-08-31 18:00:00,6916.94
2025-08-31 18:15:00,6869.01
2025-08-31 18:30:00,6608.74
2025-08-31 18:45:00,6992.57
2025-08-31 19:00:00,7634.85
2025-08-31 19:15:00,7798.56
2025-08-31 19:30:00,7693.68
2025-08-31 19:45:00,7224.19
2025-08-31 20:00:00,7389.03
2025-08-31 20:15:00,7860.78
2025-08-31 20:30:00,8403.49
2025-08-31 20:45:00,8249.75
2025-08-31 21:00:00,8117.3
2025-08-31 21:15:00,7822.64
2025-08-31 21:30:00,7926.17
2025-08-31 21:45:00,7710.4
2025-08-31 22:00:00,6693.52
2025-08-31 22:15:00,6141.52
2025-08-31 22:30:00,6028.82
2025-08-31 22:45:00,5729.34
2025-08-31 23:00:00,5209.22
2025-08-31 23:15:00,5016.02
2025-08-31 23:30:00,4955.64
2025-08-31 23:45:00,5507.41
2025-09-06 00:00:00,6063.72
2025-09-06 00:15:00,5122.03
2025-09-06 00:30:00,4446.76
2025-09-06 00:45:00,4334.0
2025-09-06 01:00:00,4053.16
2025-09-06 01:15:00,3490.79
2025-09-06 01:30:00,3140.15
2025-09-06 01:45:00,2854.16
2025-09-06 02:00:00,2398.82
2025-09-06 02:15:00,2377.82
2025-09-06 02:30:00,2295.23
2025-09-06 02:45:00,2538.32
2025-09-06 03:00:00,2361.33
2025-09-06 03:15:00,2403.7
2025-09-06 03:30:00,2135.51
2025-09-06 03:45:00,2122.21
2025-09-06 04:00:00,2070.26
2025-09-06 04:15:00,2291.41
2025-09-06 04:30:00,2069.18
2025-09-06 04:45:00,2253.76
2025-09-06 05:00:00,2285.65
2025-09-06 05:15:00,2342.52
2025-09-06 05:30:00,2366.24
2025-09-06 05:45:00,2088.26
2025-09-06 06:00:00,2054.98
2025-09-06 06:15:00,2332.67
2025-09-06 06:30:00,2129.83
2025-09-06 06:45:00,1955.41
2025-09-06 07:00:00,1674.49
2025-09-06 07:15:00,1420.35
2025-09-06 07:30:00,1333.58
2025-09-06 07:45:00,1405.41
2025-09-06 08:00:00,1470.82
2025-09-06 08:15:00,1397.02
2025-09-06 08:30:00,1216.98
2025-09-06 08:45:00,1435.95
2025-09-06 09:00:00,1217.62
2025-09-06 09:15:00,957.92
2025-09-06 09:30:00,1253.82
2025-09-06 09:45:00,1073.05
2025-09-06 10:00:00,1102.24
2025-09-06 10:15:00,1578.53
2025-09-06 10:30:00,1560.57
2025-09-06 10:45:00,1884.41
2025-09-06 11:00:00,1882.23
2025-09-06 11:15:00,1535.75
2025-09-06 11:30:00,1718.29
2025-09-06 11:45:00,1891.0
2025-09-06 12:00:00,1670.87
2025-09-06 12:15:00,1542.68
2025-09-06 12:30:00,1546.66
2025-09-06 12:45:00,1916.94
2025-09-06 13:00:00,1960.11
2025-09-06 13:15:00,1551.11
2025-09-06 13:30:00,1715.97
2025-09-06 13:45:00,1947.75
2025-09-06 14:00:00,2600.21
2025-09-06 14:15:00,2619.43
2025-09-06 14:30:00,2530.26
2025-09-06 14:45:00,2266.28
2025-09-06 15:00:00,2304.6
2025-09-06 15:15:00,2539.96
2025-09-06 15:30:00,2269.74
2025-09-06 15:45:00,2399.01
2025-09-06 16:00:00,2533.21
2025-09-06 16:15:00,0.0
2025-09-06 16:30:00,0.0
2025-09-06 16:45:00,0.0
2025-09-06 17:00:00,0.0
2025-09-06 17:15:00,0.0
2025-09-06 17:30:00,0.0
2025-09-06 17:45:00,0.0
2025-09-06 18:00:00,0.0
2025-09-06 18:15:00,0.0
2025-09-06 18:30:00,0.0
2025-09-06 18:45:00,0.0
2025-09-06 19:00:00,0.0
2025-09-06 19:15:00,0.0
2025-09-06 19:30:00,0.0
2025-09-06 19:45:00,0.0
2025-09-06 20:00:00,0.0
2025-09-06 20:15:00,0.0
2025-09-06 20:30:00,0.0
2025-09-06 20:45:00,0.0
2025-09-06 21:00:00,0.0
2025-09-06 21:15:00,0.0
2025-09-06 21:30:00,0.0
2025-09-06 21:45:00,0.0
2025-09-06 22:00:00,0.0
2025-09-06 22:15:00,0.0
2025-09-06 22:30:00,0.0
2025-09-06 22:45:00,0.0
2025-09-06 23:00:00,0.0
2025-09-06 23:15:00,0.0
2025-09-06 23:30:00,0.0
2025-09-06 23:45:00,0.0
2025-10-25 00:00:00,5105.52
2025-10-25 00:15:00,4683.04
2025-10-25 00:30:00,4269.05
2025-10-25 00:45:00,4064.0
2025-10-25 01:00:00,3636.1
2025-10-25 01:15:00,3388.38
2025-10-25 01:30:00,3215.21
2025-10-25 01:45:00,3217.2
2025-10-25 02:00:00,3174.7
2025-10-25 02:15:00,3026.86
2025-10-25 02:30:00,2925.67
2025-10-25 02:45:00,2895.99
2025-10-25 03:00:00,2695.45
2025-10-25 03:15:00,2562.98
2025-10-25 03:30:00,2558.7
2025-10-25 03:45:00,2563.55
2025-10-25 04:00:00,2509.97
2025-10-25 04:15:00,2522.09
2025-10-25 04:30:00,2660.83
2025-10-25 04:45:00,2820.47
2025-10-25 05:00:00,2799.04
2025-10-25 05:15:00,2805.35
2025-10-25 05:30:00,2526.32
2025-10-25 05:45:00,2453.73
2025-10-25 06:00:00,2462.98
2025-10-25 06:15:00,2461.52
2025-10-25 06:30:00,2534.88
2025-10-25 06:45:00,2423.08
2025-10-25 07:00:00,2534.82
2025-10-25 07:15:00,2550.38
2025-10-25 07:30:00,2598.0
2025-10-25 07:45:00,2800.5
2025-10-25 08:00:00,3044.39
2025-10-25 08:15:00,3210.73
2025-10-25 08:30:00,3261.18
2025-10-25 08:45:00,3481.38
2025-10-25 09:00:00,3750.61
2025-10-25 09:15:00,3145.12
2025-10-25 09:30:00,2647.32
2025-10-25 09:45:00,3135.38
2025-10-25 10:00:00,2598.29
2025-10-25 10:15:00,2366.37
2025-10-25 10:30:00,2690.78
2025-10-25 10:45:00,2457.46
2025-10-25 11:00:00,2508.31
2025-10-25 11:15:00,2848.13
2025-10-25 11:30:00,2631.0
2025-10-25 11:45:00,2729.72
2025-10-25 12:00:00,2834.67
2025-10-25 12:15:00,2804.33
2025-10-25 12:30:00,2537.36
2025-10-25 12:45:00,2646.02
2025-10-25 13:00:00,2979.26
2025-10-25 13:15:00,2860.65
2025-10-25 13:30:00,2928.84
2025-10-25 13:45:00,2517.16
2025-10-25 14:00:00,2315.85
2025-10-25 14:15:00,2922.93
2025-10-25 14:30:00,3162.96
2025-10-25 14:45:00,2855.09
2025-10-25 15:00:00,2974.42
2025-10-25 15:15:00,3597.01
2025-10-25 15:30:00,4153.21
2025-10-25 15:45:00,4568.67
2025-10-25 16:00:00,4593.75
2025-10-25 16:15:00,5173.95
2025-10-25 16:30:00,5974.07
2025-10-25 16:45:00,6941.47
2025-10-25 17:00:00,7476.01
2025-10-25 17:15:00,7299.83
2025-10-25 17:30:00,7279.59
2025-10-25 17:45:00,7376.72
2025-10-25 18:00:00,7767.54
2025-10-25 18:15:00,7754.09
2025-10-25 18:30:00,7492.82
2025-10-25 18:45:00,7632.89
2025-10-25 19:00:00,7478.54
2025-10-25 19:15:00,7160.22
2025-10-25 19:30:00,7494.04
2025-10-25 19:45:00,7230.39
2025-10-25 20:00:00,7282.57
2025-10-25 20:15:00,7561.03
2025-10-25 20:30:00,7318.66
2025-10-25 20:45:00,6996.36
2025-10-25 21:00:00,6565.97
2025-10-25 21:15:00,6509.93
2025-10-25 21:30:00,6722.44
2025-10-25 21:45:00,6504.63
2025-10-25 22:00:00,6282.18
2025-10-25 22:15:00,5593.24
2025-10-25 22:30:00,5325.38
2025-10-25 22:45:00,5535.18
2025-10-25 23:00:00,4906.62
2025-10-25 23:15:00,4430.77
2025-10-25 23:30:00,4046.4
2025-10-25 23:45:00,3338.87
2025-10-26 00:00:00,5113.38
2025-10-26 00:15:00,5011.47
2025-10-26 00:30:00,4558.78
2025-10-26 00:45:00,4194.62
2025-10-26 01:00:00,4195.85
2025-10-26 01:15:00,4130.01
2025-10-26 01:30:00,3988.93
2025-10-26 01:45:00,3763.15
2025-10-26 02:00:00,3312.26
2025-10-26 02:15:00,3107.1
2025-10-26 02:30:00,3081.65
2025-10-26 02:45:00,2795.32
2025-10-26 03:00:00,2651.32
2025-10-26 03:15:00,2615.96
2025-10-26 03:30:00,2730.09
2025-10-26 03:45:00,2562.32
2025-10-26 04:00:00,2583.52
2025-10-26 04:15:00,2488.05
2025-10-26 04:30:00,2449.62
2025-10-26 04:45:00,2404.2
2025-10-26 05:00:00,2484.01
2025-10-26 05:15:00,2417.38
2025-10-26 05:30:00,2409.05
2025-10-26 05:45:00,2417.82
2025-10-26 06:00:00,2413.58
2025-10-26 06:15:00,2460.28
2025-10-26 06:30:00,2442.85
2025-10-26 06:45:00,2393.55
2025-10-26 07:00:00,2573.59
2025-10-26 07:15:00,2724.28
2025-10-26 07:30:00,2856.26
2025-10-26 07:45:00,2844.73
2025-10-26 08:00:00,3528.31
2025-10-26 08:15:00,3633.64
2025-10-26 08:30:00,3870.92
2025-10-26 08:45:00,3674.69
2025-10-26 09:00:00,2760.29
2025-10-26 09:15:00,2574.0
2025-10-26 09:30:00,1745.11
2025-10-26 09:45:00,1518.16
2025-10-26 10:00:00,928.99
2025-10-26 10:15:00,1029.24
2025-10-26 10:30:00,1010.2
2025-10-26 10:45:00,975.49
2025-10-26 11:00:00,1325.21
2025-10-26 11:15:00,1216.0
2025-10-26 11:30:00,1293.91
2025-10-26 11:45:00,1092.19
2025-10-26 12:00:00,1951.51
2025-10-26 12:15:00,1899.44
2025-10-26 12:30:00,1962.01
2025-10-26 12:45:00,1915.19
2025-10-26 13:00:00,1997.03
2025-10-26 13:15:00,2110.78
2025-10-26 13:30:00,1948.72
2025-10-26 13:45:00,1725.49
2025-10-26 14:00:00,1390.65
2025-10-26 14:15:00,1576.52
2025-10-26 14:30:00,2343.63
2025-10-26 14:45:00,2786.24
2025-10-26 15:00:00,3586.54
2025-10-26 15:15:00,4098.05
2025-10-26 15:30:00,4550.71
2025-10-26 15:45:00,4798.62
2025-10-26 16:00:00,5153.41
2025-10-26 16:15:00,5381.09
2025-10-26 16:30:00,5375.41
2025-10-26 16:45:00,5915.65
2025-10-26 17:00:00,6250.55
2025-10-26 17:15:00,6271.37
2025-10-26 17:30:00,6222.76
2025-10-26 17:45:00,6306.29
2025-10-26 18:00:00,6410.78
2025-10-26 18:15:00,6367.82
2025-10-26 18:30:00,6549.12
2025-10-26 18:45:00,6707.7
2025-10-26 19:00:00,6924.64
2025-10-26 19:15:00,6770.94
2025-10-26 19:30:00,6860.54
2025-10-26 19:45:00,6470.64
2025-10-26 20:00:00,6265.3
2025-10-26 20:15:00,6204.61
2025-10-26 20:30:00,5876.05
2025-10-26 20:45:00,5772.35
2025-10-26 21:00:00,5518.49
2025-10-26 21:15:00,5275.0
2025-10-26 21:30:00,4882.58
2025-10-26 21:45:00,4278.84
2025-10-26 22:00:00,4108.45
2025-10-26 22:15:00,3952.23
2025-10-26 22:30:00,3783.5
2025-10-26 22:45:00,3737.92
2025-10-26 23:00:00,3983.69
2025-10-26 23:15:00,3380.99
2025-10-26 23:30:00,3342.32
2025-10-26 23:45:00,2979.44
2025-10-27 00:00:00,4785.04
2025-10-27 00:15:00,4774.38
2025-10-27 00:30:00,4423.58
2025-10-27 00:45:00,4804.33
2025-10-27 01:00:00,4246.03
2025-10-27 01:15:00,4337.61
2025-10-27 01:30:00,3804.98
2025-10-27 01:45:00,4170.7
2025-10-27 02:00:00,3831.61
2025-10-27 02:15:00,3496.16
2025-10-27 02:30:00,3890.06
2025-10-27 02:45:00,3588.5
2025-10-27 03:00:00,3532.25
2025-10-27 03:15:00,3346.26
2025-10-27 03:30:00,3209.46
2025-10-27 03:45:00,3090.52
2025-10-27 04:00:00,3105.94
2025-10-27 04:15:00,3041.67
2025-10-27 04:30:00,3076.41
2025-10-27 04:45:00,3071.42
2025-10-27 05:00:00,2743.47
2025-10-27 05:15:00,2855.77
2025-10-27 05:30:00,2855.17
2025-10-27 05:45:00,2926.39
2025-10-27 06:00:00,3187.69
2025-10-27 06:15:00,3196.77
2025-10-27 06:30:00,2876.94
2025-10-27 06:45:00,3298.75
2025-10-27 07:00:00,3378.26
2025-10-27 07:15:00,3306.89
2025-10-27 07:30:00,3131.87
2025-10-27 07:45:00,3344.56
2025-10-27 08:00:00,3078.44
2025-10-27 08:15:00,3352.27
2025-10-27 08:30:00,3057.88
2025-10-27 08:45:00,3086.22
2025-10-27 09:00:00,3114.05
2025-10-27 09:15:00,3076.71
2025-10-27 09:30:00,2556.53
2025-10-27 09:45:00,2568.46
2025-10-27 10:00:00,2613.87
2025-10-27 10:15:00,2086.6
2025-10-27 10:30:00,1959.12
2025-10-27 10:45:00,1720.18
2025-10-27 11:00:00,1632.75
2025-10-27 11:15:00,1918.17
2025-10-27 11:30:00,1906.36
2025-10-27 11:45:00,1900.56
2025-10-27 12:00:00,1725.06
2025-10-27 12:15:00,1737.45
2025-10-27 12:30:00,1723.82
2025-10-27 12:45:00,1729.67
2025-10-27 13:00:00,1741.59
2025-10-27 13:15:00,1889.56
2025-10-27 13:30:00,2165.94
2025-10-27 13:45:00,2204.77
2025-10-27 14:00:00,2045.42
2025-10-27 14:15:00,1865.67
2025-10-27 14:30:00,2095.44
2025-10-27 14:45:00,2874.71
2025-10-27 15:00:00,3382.52
2025-10-27 15:15:00,3844.39
2025-10-27 15:30:00,4142.79
2025-10-27 15:45:00,4689.24
2025-10-27 16:00:00,5680.04
2025-10-27 16:15:00,6356.18
2025-10-27 16:30:00,6600.17
2025-10-27 16:45:00,6360.71
2025-10-27 17:00:00,7021.72
2025-10-27 17:15:00,7337.5
2025-10-27 17:30:00,7474.5
2025-10-27 17:45:00,7561.17
2025-10-27 18:00:00,7789.18
2025-10-27 18:15:00,7851.71
2025-10-27 18:30:00,7492.74
2025-10-27 18:45:00,7858.07
2025-10-27 19:00:00,7539.75
2025-10-27 19:15:00,7545.95
2025-10-27 19:30:00,7826.19
2025-10-27 19:45:00,7543.73
2025-10-27 20:00:00,7737.43
2025-10-27 20:15:00,7732.69
2025-10-27 20:30:00,7953.77
2025-10-27 20:45:00,7733.97
2025-10-27 21:00:00,7525.43
2025-10-27 21:15:00,7409.4
2025-10-27 21:30:00,6601.98
2025-10-27 21:45:00,5948.74
2025-10-27 22:00:00,5151.28
2025-10-27 22:15:00,4854.58
2025-10-27 22:30:00,4562.03
2025-10-27 22:45:00,4667.96
2025-10-27 23:00:00,4728.24
2025-10-27 23:15:00,4358.02
2025-10-27 23:30:00,3833.02
2025-10-27 23:45:00,3659.22
2025-10-28 00:00:00,6097.02
2025-10-28 00:15:00,5637.82
2025-10-28 00:30:00,5159.62
2025-10-28 00:45:00,4714.26
2025-10-28 01:00:00,4476.51
2025-10-28 01:15:00,4627.96
2025-10-28 01:30:00,4226.71
2025-10-28 01:45:00,4234.24
2025-10-28 02:00:00,4293.45
2025-10-28 02:15:00,4349.01
2025-10-28 02:30:00,4090.27
2025-10-28 02:45:00,4003.58
2025-10-28 03:00:00,3908.3
2025-10-28 03:15:00,3676.62
2025-10-28 03:30:00,3647.14
2025-10-28 03:45:00,3527.64
2025-10-28 04:00:00,3484.23
2025-10-28 04:15:00,3365.11
2025-10-28 04:30:00,3453.42
2025-10-28 04:45:00,3243.52
2025-10-28 05:00:00,3433.96
2025-10-28 05:15:00,3454.94
2025-10-28 05:30:00,3244.04
2025-10-28 05:45:00,3269.85
2025-10-28 06:00:00,3318.87
2025-10-28 06:15:00,3321.16
2025-10-28 06:30:00,3056.65
2025-10-28 06:45:00,3072.39
2025-10-28 07:00:00,3074.44
2025-10-28 07:15:00,2824.55
2025-10-28 07:30:00,2461.92
2025-10-28 07:45:00,2327.62
2025-10-28 08:00:00,2321.72
2025-10-28 08:15:00,2579.12
2025-10-28 08:30:00,2317.73
2025-10-28 08:45:00,2276.53
2025-10-28 09:00:00,2362.82
2025-10-28 09:15:00,2539.52
2025-10-28 09:30:00,2543.42
2025-10-28 09:45:00,1839.78
2025-10-28 10:00:00,1451.66
2025-10-28 10:15:00,1175.16
2025-10-28 10:30:00,1160.63
2025-10-28 10:45:00,1080.67
2025-10-28 11:00:00,1179.26
2025-10-28 11:15:00,1156.59
2025-10-28 11:30:00,1161.66
2025-10-28 11:45:00,1196.27
2025-10-28 12:00:00,1565.87
2025-10-28 12:15:00,1348.01
2025-10-28 12:30:00,1349.72
2025-10-28 12:45:00,1335.94
2025-10-28 13:00:00,1796.33
2025-10-28 13:15:00,1846.87
2025-10-28 13:30:00,1735.67
2025-10-28 13:45:00,1836.32
2025-10-28 14:00:00,1749.13
2025-10-28 14:15:00,1755.59
2025-10-28 14:30:00,1552.08
2025-10-28 14:45:00,1802.87
2025-10-28 15:00:00,2148.11
2025-10-28 15:15:00,2375.66
2025-10-28 15:30:00,2717.89
2025-10-28 15:45:00,3141.79
2025-10-28 16:00:00,3556.01
2025-10-28 16:15:00,4089.64
2025-10-28 16:30:00,5038.6
2025-10-28 16:45:00,5844.8
2025-10-28 17:00:00,6783.29
2025-10-28 17:15:00,6981.65
2025-10-28 17:30:00,7026.99
2025-10-28 17:45:00,7022.48
2025-10-28 18:00:00,7142.02
2025-10-28 18:15:00,7064.79
2025-10-28 18:30:00,7064.62
2025-10-28 18:45:00,7208.83
2025-10-28 19:00:00,7148.53
2025-10-28 19:15:00,7265.74
2025-10-28 19:30:00,7492.31
2025-10-28 19:45:00,7569.45
2025-10-28 20:00:00,7532.24
2025-10-28 20:15:00,7443.25
2025-10-28 20:30:00,7166.95
2025-10-28 20:45:00,7068.84
2025-10-28 21:00:00,6903.72
2025-10-28 21:15:00,6404.05
2025-10-28 21:30:00,6108.97
2025-10-28 21:45:00,5585.37
2025-10-28 22:00:00,5226.47
2025-10-28 22:15:00,4529.54
2025-10-28 22:30:00,4682.71
2025-10-28 22:45:00,4555.4
2025-10-28 23:00:00,3895.71
2025-10-28 23:15:00,3422.76
2025-10-28 23:30:00,2920.44
2025-10-28 23:45:00,3314.02
2025-10-29 00:00:00,5734.04
2025-10-29 00:15:00,5490.11
2025-10-29 00:30:00,5576.42
2025-10-29 00:45:00,5297.11
2025-10-29 01:00:00,5044.65
2025-10-29 01:15:00,5074.35
2025-10-29 01:30:00,5126.84
2025-10-29 01:45:00,5124.14
2025-10-29 02:00:00,4891.73
2025-10-29 02:15:00,4891.46
2025-10-29 02:30:00,4850.09
2025-10-29 02:45:00,4480.33
2025-10-29 03:00:00,4467.73
2025-10-29 03:15:00,4287.93
2025-10-29 03:30:00,4179.3
2025-10-29 03:45:00,4133.69
2025-10-29 04:00:00,4313.85
2025-10-29 04:15:00,3981.98
2025-10-29 04:30:00,4008.2
2025-10-29 04:45:00,3927.29
2025-10-29 05:00:00,4118.93
2025-10-29 05:15:00,4390.71
2025-10-29 05:30:00,4489.53
2025-10-29 05:45:00,4418.09
2025-10-29 06:00:00,4538.47
2025-10-29 06:15:00,4715.46
2025-10-29 06:30:00,4721.15
2025-10-29 06:45:00,4720.82
2025-10-29 07:00:00,4630.14
2025-10-29 07:15:00,4750.05
2025-10-29 07:30:00,4812.01
2025-10-29 07:45:00,4611.02
2025-10-29 08:00:00,4668.13
2025-10-29 08:15:00,4209.43
2025-10-29 08:30:00,3767.86
2025-10-29 08:45:00,3736.21
2025-10-29 09:00:00,4160.22
2025-10-29 09:15:00,3761.3
2025-10-29 09:30:00,3282.59
2025-10-29 09:45:00,3095.92
2025-10-29 10:00:00,3263.14
2025-10-29 10:15:00,3487.93
2025-10-29 10:30:00,2975.86
2025-10-29 10:45:00,2674.41
2025-10-29 11:00:00,2717.03
2025-10-29 11:15:00,2477.93
2025-10-29 11:30:00,2734.85
2025-10-29 11:45:00,2480.03
2025-10-29 12:00:00,2394.86
2025-10-29 12:15:00,2420.13
2025-10-29 12:30:00,2455.91
2025-10-29 12:45:00,2178.55
2025-10-29 13:00:00,2238.85
2025-10-29 13:15:00,2406.51
2025-10-29 13:30:00,2680.59
2025-10-29 13:45:00,2348.44
2025-10-29 14:00:00,2173.25
2025-10-29 14:15:00,2222.27
2025-10-29 14:30:00,2209.46
2025-10-29 14:45:00,2634.16
2025-10-29 15:00:00,3060.43
2025-10-29 15:15:00,3318.75
2025-10-29 15:30:00,3572.31
2025-10-29 15:45:00,4045.53
2025-10-29 16:00:00,4285.81
2025-10-29 16:15:00,4758.54
2025-10-29 16:30:00,5763.81
2025-10-29 16:45:00,6744.86
2025-10-29 17:00:00,7283.66
2025-10-29 17:15:00,7065.82
2025-10-29 17:30:00,7120.65
2025-10-29 17:45:00,7027.83
2025-10-29 18:00:00,7549.58
2025-10-29 18:15:00,7495.53
2025-10-29 18:30:00,7237.29
2025-10-29 18:45:00,7432.23
2025-10-29 19:00:00,7522.01
2025-10-29 19:15:00,7187.11
2025-10-29 19:30:00,7225.12
2025-10-29 19:45:00,7244.87
2025-10-29 20:00:00,7507.94
2025-10-29 20:15:00,7315.24
2025-10-29 20:30:00,7363.48
2025-10-29 20:45:00,7265.37
2025-10-29 21:00:00,7272.91
2025-10-29 21:15:00,7208.9
2025-10-29 21:30:00,6921.83
2025-10-29 21:45:00,6210.65
2025-10-29 22:00:00,5856.95
2025-10-29 22:15:00,5301.71
2025-10-29 22:30:00,4991.17
2025-10-29 22:45:00,4376.7
2025-10-29 23:00:00,4090.46
2025-10-29 23:15:00,3498.71
2025-10-29 23:30:00,3328.3
2025-10-29 23:45:00,3353.63
2025-10-30 00:00:00,6130.78
2025-10-30 00:15:00,5853.29
2025-10-30 00:30:00,5922.84
2025-10-30 00:45:00,5762.39
2025-10-30 01:00:00,6085.65
2025-10-30 01:15:00,6020.23
2025-10-30 01:30:00,6117.09
2025-10-30 01:45:00,5479.16
2025-10-30 02:00:00,5057.68
2025-10-30 02:15:00,4688.97
2025-10-30 02:30:00,4701.83
2025-10-30 02:45:00,4698.94
2025-10-30 03:00:00,4831.55
2025-10-30 03:15:00,4811.81
2025-10-30 03:30:00,4643.29
2025-10-30 03:45:00,4540.13
2025-10-30 04:00:00,4557.76
2025-10-30 04:15:00,4295.71
2025-10-30 04:30:00,4287.46
2025-10-30 04:45:00,4311.36
2025-10-30 05:00:00,4478.83
2025-10-30 05:15:00,4394.91
2025-10-30 05:30:00,4304.24
2025-10-30 05:45:00,4066.68
2025-10-30 06:00:00,4652.3
2025-10-30 06:15:00,4906.41
2025-10-30 06:30:00,5561.81
2025-10-30 06:45:00,5535.87
2025-10-30 07:00:00,5644.51
2025-10-30 07:15:00,5649.79
2025-10-30 07:30:00,5671.32
2025-10-30 07:45:00,5677.75
2025-10-30 08:00:00,5557.74
2025-10-30 08:15:00,5459.61
2025-10-30 08:30:00,5206.93
2025-10-30 08:45:00,4978.97
2025-10-30 09:00:00,4850.74
2025-10-30 09:15:00,4668.16
2025-10-30 09:30:00,4444.07
2025-10-30 09:45:00,4300.65
2025-10-30 10:00:00,4186.2
2025-10-30 10:15:00,4244.29
2025-10-30 10:30:00,4082.04
2025-10-30 10:45:00,3870.65
2025-10-30 11:00:00,4049.69
2025-10-30 11:15:00,3612.69
2025-10-30 11:30:00,3609.18
2025-10-30 11:45:00,3678.78
2025-10-30 12:00:00,4162.75
2025-10-30 12:15:00,4668.25
2025-10-30 12:30:00,4162.38
2025-10-30 12:45:00,3576.91
2025-10-30 13:00:00,3310.62
2025-10-30 13:15:00,3324.35
2025-10-30 13:30:00,3309.71
2025-10-30 13:45:00,3383.62
2025-10-30 14:00:00,3400.68
2025-10-30 14:15:00,3419.74
2025-10-30 14:30:00,3424.88
2025-10-30 14:45:00,3520.94
2025-10-30 15:00:00,4049.65
2025-10-30 15:15:00,4129.35
2025-10-30 15:30:00,4061.77
2025-10-30 15:45:00,4734.04
2025-10-30 16:00:00,4784.5
2025-10-30 16:15:00,5431.45
2025-10-30 16:30:00,6072.5
2025-10-30 16:45:00,6263.23
2025-10-30 17:00:00,6705.23
2025-10-30 17:15:00,6746.49
2025-10-30 17:30:00,6821.83
2025-10-30 17:45:00,6662.23
2025-10-30 18:00:00,6998.87
2025-10-30 18:15:00,6821.82
2025-10-30 18:30:00,6689.77
2025-10-30 18:45:00,6831.88
2025-10-30 19:00:00,6755.68
2025-10-30 19:15:00,7010.35
2025-10-30 19:30:00,6776.59
2025-10-30 19:45:00,6915.66
2025-10-30 20:00:00,6811.28
2025-10-30 20:15:00,6848.16
2025-10-30 20:30:00,6910.04
2025-10-30 20:45:00,6864.09
2025-10-30 21:00:00,6905.8
2025-10-30 21:15:00,6978.71
2025-10-30 21:30:00,6401.45
2025-10-30 21:45:00,5837.8
2025-10-30 22:00:00,5301.63
2025-10-30 22:15:00,4779.6
2025-10-30 22:30:00,4503.52
2025-10-30 22:45:00,4411.44
2025-10-30 23:00:00,4210.09
2025-10-30 23:15:00,3824.87
2025-10-30 23:30:00,3504.69
2025-10-30 23:45:00,3255.28
2025-10-31 00:00:00,5327.77
2025-10-31 00:15:00,5633.23
2025-10-31 00:30:00,5580.24
2025-10-31 00:45:00,5506.74
2025-10-31 01:00:00,6029.58
2025-10-31 01:15:00,5911.72
2025-10-31 01:30:00,5564.74
2025-10-31 01:45:00,4911.98
2025-10-31 02:00:00,4398.81
2025-10-31 02:15:00,4075.05
2025-10-31 02:30:00,4062.75
2025-10-31 02:45:00,3996.97
2025-10-31 03:00:00,3746.99
2025-10-31 03:15:00,3650.0
2025-10-31 03:30:00,3497.93
2025-10-31 03:45:00,3493.11
2025-10-31 04:00:00,3421.86
2025-10-31 04:15:00,3415.85
2025-10-31 04:30:00,3640.69
2025-10-31 04:45:00,3681.33
2025-10-31 05:00:00,3722.75
2025-10-31 05:15:00,3840.4
2025-10-31 05:30:00,3852.44
2025-10-31 05:45:00,3840.84
2025-10-31 06:00:00,4113.58
2025-10-31 06:15:00,4572.0
2025-10-31 06:30:00,5334.43
2025-10-31 06:45:00,5237.51
2025-10-31 07:00:00,5362.21
2025-10-31 07:15:00,5568.5
2025-10-31 07:30:00,5001.13
2025-10-31 07:45:00,5142.62
2025-10-31 08:00:00,5269.05
2025-10-31 08:15:00,5138.4
2025-10-31 08:30:00,4983.49
2025-10-31 08:45:00,4733.74
2025-10-31 09:00:00,5046.66
2025-10-31 09:15:00,4811.16
2025-10-31 09:30:00,4076.9
2025-10-31 09:45:00,3984.25
2025-10-31 10:00:00,3516.34
2025-10-31 10:15:00,3475.35
2025-10-31 10:30:00,3462.76
2025-10-31 10:45:00,3317.61
2025-10-31 11:00:00,3177.8
2025-10-31 11:15:00,3095.42
2025-10-31 11:30:00,3171.8
2025-10-31 11:45:00,2690.84
2025-10-31 12:00:00,3362.23
2025-10-31 12:15:00,3299.49
2025-10-31 12:30:00,2902.29
2025-10-31 12:45:00,2724.58
2025-10-31 13:00:00,2454.56
2025-10-31 13:15:00,2497.73
2025-10-31 13:30:00,2480.85
2025-10-31 13:45:00,2574.44
2025-10-31 14:00:00,2567.86
2025-10-31 14:15:00,2729.97
2025-10-31 14:30:00,2760.12
2025-10-31 14:45:00,3068.12
2025-10-31 15:00:00,3646.68
2025-10-31 15:15:00,3643.56
2025-10-31 15:30:00,3689.82
2025-10-31 15:45:00,4436.66
2025-10-31 16:00:00,4920.4
2025-10-31 16:15:00,5448.11
2025-10-31 16:30:00,6293.98
2025-10-31 16:45:00,6735.69
2025-10-31 17:00:00,7240.65
2025-10-31 17:15:00,7030.72
2025-10-31 17:30:00,7204.7
2025-10-31 17:45:00,7088.95
2025-10-31 18:00:00,7276.58
2025-10-31 18:15:00,7116.53
2025-10-31 18:30:00,7033.44
2025-10-31 18:45:00,7169.67
2025-10-31 19:00:00,7314.53
2025-10-31 19:15:00,7259.24
2025-10-31 19:30:00,7293.41
2025-10-31 19:45:00,7416.95
2025-10-31 20:00:00,7350.68
2025-10-31 20:15:00,7559.2
2025-10-31 20:30:00,7529.99
2025-10-31 20:45:00,7483.11
2025-10-31 21:00:00,7135.6
2025-10-31 21:15:00,6936.31
2025-10-31 21:30:00,6511.78
2025-10-31 21:45:00,5944.3
2025-10-31 22:00:00,5474.27
2025-10-31 22:15:00,5079.23
2025-10-31 22:30:00,4595.85
2025-10-31 22:45:00,4427.52
2025-10-31 23:00:00,4277.99
2025-10-31 23:15:00,3570.96
2025-10-31 23:30:00,3172.41
2025-10-31 23:45:00,3200.78
2025-11-01 00:00:00,4943.94
2025-11-01 00:15:00,5120.81
2025-11-01 00:30:00,4836.07
2025-11-01 00:45:00,4462.26
2025-11-01 01:00:00,4393.25
2025-11-01 01:15:00,4396.24
2025-11-01 01:30:00,4326.12
2025-11-01 01:45:00,3802.8
2025-11-01 02:00:00,3327.56
2025-11-01 02:15:00,3036.52
2025-11-01 02:30:00,2995.85
2025-11-01 02:45:00,2893.44
2025-11-01 03:00:00,3085.2
2025-11-01 03:15:00,3081.18
2025-11-01 03:30:00,3129.51
2025-11-01 03:45:00,2833.12
2025-11-01 04:00:00,2562.85
2025-11-01 04:15:00,2565.88
2025-11-01 04:30:00,2557.61
2025-11-01 04:45:00,2571.58
2025-11-01 05:00:00,2529.45
2025-11-01 05:15:00,2514.27
2025-11-01 05:30:00,2903.31
2025-11-01 05:45:00,2958.34
2025-11-01 06:00:00,2988.6
2025-11-01 06:15:00,2683.26
2025-11-01 06:30:00,3147.86
2025-11-01 06:45:00,3223.0
2025-11-01 07:00:00,3835.19
2025-11-01 07:15:00,4106.94
2025-11-01 07:30:00,4944.94
2025-11-01 07:45:00,5072.47
2025-11-01 08:00:00,5309.19
2025-11-01 08:15:00,5099.22
2025-11-01 08:30:00,5203.64
2025-11-01 08:45:00,4919.09
2025-11-01 09:00:00,4727.85
2025-11-01 09:15:00,4215.12
2025-11-01 09:30:00,4340.42
2025-11-01 09:45:00,3985.41
2025-11-01 10:00:00,3483.3
2025-11-01 10:15:00,3130.66
2025-11-01 10:30:00,3427.1
2025-11-01 10:45:00,3759.91
2025-11-01 11:00:00,3173.77
2025-11-01 11:15:00,3177.49
2025-11-01 11:30:00,3354.04
2025-11-01 11:45:00,3355.07
2025-11-01 12:00:00,3745.63
2025-11-01 12:15:00,3599.93
2025-11-01 12:30:00,3601.15
2025-11-01 12:45:00,3435.39
2025-11-01 13:00:00,3578.25
2025-11-01 13:15:00,3767.12
2025-11-01 13:30:00,3802.18
2025-11-01 13:45:00,3647.99
2025-11-01 14:00:00,3192.53
2025-11-01 14:15:00,3037.13
2025-11-01 14:30:00,3267.07
2025-11-01 14:45:00,3479.14
2025-11-01 15:00:00,3463.99
2025-11-01 15:15:00,3497.94
2025-11-01 15:30:00,3428.9
2025-11-01 15:45:00,3840.46
2025-11-01 16:00:00,4618.98
2025-11-01 16:15:00,5511.91
2025-11-01 16:30:00,6027.62
2025-11-01 16:45:00,6440.17
2025-11-01 17:00:00,7213.07
2025-11-01 17:15:00,7358.4
2025-11-01 17:30:00,7316.29
2025-11-01 17:45:00,7762.32
2025-11-01 18:00:00,7829.19
2025-11-01 18:15:00,7785.33
2025-11-01 18:30:00,7498.67
2025-11-01 18:45:00,7778.34
2025-11-01 19:00:00,7859.51
2025-11-01 19:15:00,7625.77
2025-11-01 19:30:00,7462.12
2025-11-01 19:45:00,7402.57
2025-11-01 20:00:00,7658.72
2025-11-01 20:15:00,7423.5
2025-11-01 20:30:00,7486.78
2025-11-01 20:45:00,7189.22
2025-11-01 21:00:00,6814.83
2025-11-01 21:15:00,6663.1
2025-11-01 21:30:00,6366.44
2025-11-01 21:45:00,6314.38
2025-11-01 22:00:00,5749.32
2025-11-01 22:15:00,5563.74
2025-11-01 22:30:00,5518.32
2025-11-01 22:45:00,5086.72
2025-11-01 23:00:00,5025.49
2025-11-01 23:15:00,4681.4
2025-11-01 23:30:00,4529.44
2025-11-01 23:45:00,4250.96
2025-11-02 00:00:00,6139.31
2025-11-02 00:15:00,5560.89
2025-11-02 00:30:00,5132.29
2025-11-02 00:45:00,4920.95
2025-11-02 01:00:00,4635.35
2025-11-02 01:15:00,4856.8
2025-11-02 01:30:00,5029.78
2025-11-02 01:45:00,5159.86
2025-11-02 02:00:00,4918.65
2025-11-02 02:15:00,4325.07
2025-11-02 02:30:00,4078.46
2025-11-02 02:45:00,3863.95
2025-11-02 03:00:00,3775.55
2025-11-02 03:15:00,3840.42
2025-11-02 03:30:00,3640.28
2025-11-02 03:45:00,3430.47
2025-11-02 04:00:00,3507.51
2025-11-02 04:15:00,3365.44
2025-11-02 04:30:00,3251.57
2025-11-02 04:45:00,3363.41
2025-11-02 05:00:00,3572.0
2025-11-02 05:15:00,3220.08
2025-11-02 05:30:00,2839.43
2025-11-02 05:45:00,2883.52
2025-11-02 06:00:00,3088.41
2025-11-02 06:15:00,3076.48
2025-11-02 06:30:00,2743.07
2025-11-02 06:45:00,2814.6
2025-11-02 07:00:00,2863.02
2025-11-02 07:15:00,2905.85
2025-11-02 07:30:00,3498.04
2025-11-02 07:45:00,3498.92
2025-11-02 08:00:00,3457.97
2025-11-02 08:15:00,3332.89
2025-11-02 08:30:00,3400.94
2025-11-02 08:45:00,3158.83
2025-11-02 09:00:00,2762.01
2025-11-02 09:15:00,2517.29
2025-11-02 09:30:00,2061.63
2025-11-02 09:45:00,2106.04
2025-11-02 10:00:00,2071.6
2025-11-02 10:15:00,2065.65
2025-11-02 10:30:00,1950.36
2025-11-02 10:45:00,1935.3
2025-11-02 11:00:00,1865.53
2025-11-02 11:15:00,1948.56
2025-11-02 11:30:00,2155.63
2025-11-02 11:45:00,2231.78
2025-11-02 12:00:00,2709.04
2025-11-02 12:15:00,2490.93
2025-11-02 12:30:00,2431.68
2025-11-02 12:45:00,2637.75
2025-11-02 13:00:00,2844.71
2025-11-02 13:15:00,2705.91
2025-11-02 13:30:00,3027.32
2025-11-02 13:45:00,3060.61
2025-11-02 14:00:00,2994.92
2025-11-02 14:15:00,3140.02
2025-11-02 14:30:00,3081.87
2025-11-02 14:45:00,3163.72
2025-11-02 15:00:00,2741.16
2025-11-02 15:15:00,2605.39
2025-11-02 15:30:00,2589.24
2025-11-02 15:45:00,2782.96
2025-11-02 16:00:00,3092.55
2025-11-02 16:15:00,3786.49
2025-11-02 16:30:00,4589.67
2025-11-02 16:45:00,5234.85
2025-11-02 17:00:00,5844.94
2025-11-02 17:15:00,6141.23
2025-11-02 17:30:00,6187.54
2025-11-02 17:45:00,6119.37
2025-11-02 18:00:00,6237.92
2025-11-02 18:15:00,6190.49
2025-11-02 18:30:00,6186.48
2025-11-02 18:45:00,6139.06
2025-11-02 19:00:00,6390.78
2025-11-02 19:15:00,6265.31
2025-11-02 19:30:00,6177.96
2025-11-02 19:45:00,5967.02
2025-11-02 20:00:00,5954.41
2025-11-02 20:15:00,6047.25
2025-11-02 20:30:00,5909.65
2025-11-02 20:45:00,5662.65
2025-11-02 21:00:00,5315.11
2025-11-02 21:15:00,4893.71
2025-11-02 21:30:00,4645.6
2025-11-02 21:45:00,4358.69
2025-11-02 22:00:00,4084.23
2025-11-02 22:15:00,4023.05
2025-11-02 22:30:00,3923.96
2025-11-02 22:45:00,3548.43
2025-11-02 23:00:00,3489.42
2025-11-02 23:15:00,3153.38
2025-11-02 23:30:00,2719.13
2025-11-02 23:45:00,2943.52
2025-11-03 00:00:00,5433.76
2025-11-03 00:15:00,4982.59
2025-11-03 00:30:00,4493.12
2025-11-03 00:45:00,4172.59
2025-11-03 01:00:00,3499.65
2025-11-03 01:15:00,3205.18
2025-11-03 01:30:00,2928.01
2025-11-03 01:45:00,2793.65
2025-11-03 02:00:00,2512.23
2025-11-03 02:15:00,2203.39
2025-11-03 02:30:00,2205.87
2025-11-03 02:45:00,2197.66
2025-11-03 03:00:00,2585.2
2025-11-03 03:15:00,2539.3
2025-11-03 03:30:00,1867.75
2025-11-03 03:45:00,1641.17
2025-11-03 04:00:00,1552.81
2025-11-03 04:15:00,1532.56
2025-11-03 04:30:00,1692.26
2025-11-03 04:45:00,1718.42
2025-11-03 05:00:00,2051.85
2025-11-03 05:15:00,1361.95
2025-11-03 05:30:00,1189.09
2025-11-03 05:45:00,1621.76
2025-11-03 06:00:00,1839.82
2025-11-03 06:15:00,1821.75
2025-11-03 06:30:00,1870.08
2025-11-03 06:45:00,2407.74
2025-11-03 07:00:00,3420.05
2025-11-03 07:15:00,3836.02
2025-11-03 07:30:00,4056.14
2025-11-03 07:45:00,4146.17
2025-11-03 08:00:00,4272.79
2025-11-03 08:15:00,4151.5
2025-11-03 08:30:00,3893.2
2025-11-03 08:45:00,3555.69
2025-11-03 09:00:00,3529.28
2025-11-03 09:15:00,3528.7
2025-11-03 09:30:00,3645.18
2025-11-03 09:45:00,3817.78
2025-11-03 10:00:00,3852.26
2025-11-03 10:15:00,3686.06
2025-11-03 10:30:00,3752.36
2025-11-03 10:45:00,3509.18
2025-11-03 11:00:00,3670.63
2025-11-03 11:15:00,3493.61
2025-11-03 11:30:00,3203.63
2025-11-03 11:45:00,3009.69
2025-11-03 12:00:00,3040.08
2025-11-03 12:15:00,2954.56
2025-11-03 12:30:00,2915.74
2025-11-03 12:45:00,2822.44
2025-11-03 13:00:00,2831.6
2025-11-03 13:15:00,3126.36
2025-11-03 13:30:00,3187.75
2025-11-03 13:45:00,3206.03
2025-11-03 14:00:00,3234.72
2025-11-03 14:15:00,3428.05
2025-11-03 14:30:00,3329.65
2025-11-03 14:45:00,3265.35
2025-11-03 15:00:00,3260.25
2025-11-03 15:15:00,3476.76
2025-11-03 15:30:00,3802.82
2025-11-03 15:45:00,4095.26
2025-11-03 16:00:00,4291.98
2025-11-03 16:15:00,4257.58
2025-11-03 16:30:00,4570.09
2025-11-03 16:45:00,5275.21
2025-11-03 17:00:00,5968.86
2025-11-03 17:15:00,6161.52
2025-11-03 17:30:00,6136.52
2025-11-03 17:45:00,6010.67
2025-11-03 18:00:00,6151.46
2025-11-03 18:15:00,6119.6
2025-11-03 18:30:00,6082.1
2025-11-03 18:45:00,6218.0
2025-11-03 19:00:00,6038.0
2025-11-03 19:15:00,5943.22
2025-11-03 19:30:00,5946.16
2025-11-03 19:45:00,5961.07
2025-11-03 20:00:00,6183.63
2025-11-03 20:15:00,6230.39
2025-11-03 20:30:00,6414.24
2025-11-03 20:45:00,6424.42
2025-11-03 21:00:00,6282.44
2025-11-03 21:15:00,6194.94
2025-11-03 21:30:00,5394.93
2025-11-03 21:45:00,4882.14
2025-11-03 22:00:00,4204.3
2025-11-03 22:15:00,4137.07
2025-11-03 22:30:00,4292.79
2025-11-03 22:45:00,4177.15
2025-11-03 23:00:00,3961.29
2025-11-03 23:15:00,3884.59
2025-11-03 23:30:00,3687.54
2025-11-03 23:45:00,3653.88
2025-11-04 00:00:00,5429.3
2025-11-04 00:15:00,5048.04
2025-11-04 00:30:00,5020.76
2025-11-04 00:45:00,5102.12
2025-11-04 01:00:00,4581.9
2025-11-04 01:15:00,4509.18
2025-11-04 01:30:00,4537.87
2025-11-04 01:45:00,4370.91
2025-11-04 02:00:00,4118.64
2025-11-04 02:15:00,3830.96
2025-11-04 02:30:00,3714.42
2025-11-04 02:45:00,3558.92
2025-11-04 03:00:00,3555.75
2025-11-04 03:15:00,3440.11
2025-11-04 03:30:00,3473.63
2025-11-04 03:45:00,3350.31
2025-11-04 04:00:00,3354.16
2025-11-04 04:15:00,3450.2
2025-11-04 04:30:00,3208.28
2025-11-04 04:45:00,3152.03
2025-11-04 05:00:00,3157.36
2025-11-04 05:15:00,2953.9
2025-11-04 05:30:00,3024.14
2025-11-04 05:45:00,3149.65
2025-11-04 06:00:00,3300.23
2025-11-04 06:15:00,3158.47
2025-11-04 06:30:00,3406.06
2025-11-04 06:45:00,3820.15
2025-11-04 07:00:00,4184.3
2025-11-04 07:15:00,4287.01
2025-11-04 07:30:00,4511.09
2025-11-04 07:45:00,4598.19
2025-11-04 08:00:00,4873.57
2025-11-04 08:15:00,4880.68
2025-11-04 08:30:00,4517.68
2025-11-04 08:45:00,3996.6
2025-11-04 09:00:00,3966.72
2025-11-04 09:15:00,4085.06
2025-11-04 09:30:00,4088.98
2025-11-04 09:45:00,4056.55
2025-11-04 10:00:00,4046.68
2025-11-04 10:15:00,4155.8
2025-11-04 10:30:00,4178.8
2025-11-04 10:45:00,4182.7
2025-11-04 11:00:00,4257.65
2025-11-04 11:15:00,4021.76
2025-11-04 11:30:00,3747.83
2025-11-04 11:45:00,3099.07
2025-11-04 12:00:00,3609.96
2025-11-04 12:15:00,3635.5
2025-11-04 12:30:00,3644.83
2025-11-04 12:45:00,3647.77
2025-11-04 13:00:00,3897.38
2025-11-04 13:15:00,3450.23
2025-11-04 13:30:00,3701.18
2025-11-04 13:45:00,3702.18
2025-11-04 14:00:00,3787.05
2025-11-04 14:15:00,4003.19
2025-11-04 14:30:00,3871.16
2025-11-04 14:45:00,3752.26
2025-11-04 15:00:00,3985.43
2025-11-04 15:15:00,4426.87
2025-11-04 15:30:00,4704.47
2025-11-04 15:45:00,4973.31
2025-11-04 16:00:00,5624.8
2025-11-04 16:15:00,5981.17
2025-11-04 16:30:00,6265.45
2025-11-04 16:45:00,6830.0
2025-11-04 17:00:00,7163.79
2025-11-04 17:15:00,6813.03
2025-11-04 17:30:00,6833.54
2025-11-04 17:45:00,6843.82
2025-11-04 18:00:00,7199.92
2025-11-04 18:15:00,7200.42
2025-11-04 18:30:00,7138.55
2025-11-04 18:45:00,7257.01
2025-11-04 19:00:00,7113.04
2025-11-04 19:15:00,7092.91
2025-11-04 19:30:00,7003.84
2025-11-04 19:45:00,7114.51
2025-11-04 20:00:00,7272.45
2025-11-04 20:15:00,7401.16
2025-11-04 20:30:00,7393.1
2025-11-04 20:45:00,7389.9
2025-11-04 21:00:00,7360.5
2025-11-04 21:15:00,7231.72
2025-11-04 21:30:00,6356.28
2025-11-04 21:45:00,5634.13
2025-11-04 22:00:00,5221.98
2025-11-04 22:15:00,4818.54
2025-11-04 22:30:00,4699.98
2025-11-04 22:45:00,4774.65
2025-11-04 23:00:00,4710.39
2025-11-04 23:15:00,4546.18
2025-11-04 23:30:00,4470.5
2025-11-04 23:45:00,4319.88
2025-11-05 00:00:00,5630.39
2025-11-05 00:15:00,5821.41
2025-11-05 00:30:00,5462.21
2025-11-05 00:45:00,5218.8
2025-11-05 01:00:00,5124.9
2025-11-05 01:15:00,5256.26
2025-11-05 01:30:00,5153.95
2025-11-05 01:45:00,5115.5
2025-11-05 02:00:00,5197.04
2025-11-05 02:15:00,4985.57
2025-11-05 02:30:00,5071.24
2025-11-05 02:45:00,5008.69
2025-11-05 03:00:00,4821.97
2025-11-05 03:15:00,4820.42
2025-11-05 03:30:00,4844.22
2025-11-05 03:45:00,4608.57
2025-11-05 04:00:00,4331.77
2025-11-05 04:15:00,4288.98
2025-11-05 04:30:00,4511.88
2025-11-05 04:45:00,4629.92
2025-11-05 05:00:00,4665.6
2025-11-05 05:15:00,4485.75
2025-11-05 05:30:00,4546.09
2025-11-05 05:45:00,4553.84
2025-11-05 06:00:00,4436.49
2025-11-05 06:15:00,4390.27
2025-11-05 06:30:00,4506.64
2025-11-05 06:45:00,4601.9
2025-11-05 07:00:00,4976.25
2025-11-05 07:15:00,4675.33
2025-11-05 07:30:00,4724.42
2025-11-05 07:45:00,4990.46
2025-11-05 08:00:00,4969.18
2025-11-05 08:15:00,4686.89
2025-11-05 08:30:00,4470.73
2025-11-05 08:45:00,4208.54
2025-11-05 09:00:00,4040.24
2025-11-05 09:15:00,3746.68
2025-11-05 09:30:00,3120.41
2025-11-05 09:45:00,2889.84
2025-11-05 10:00:00,2686.3
2025-11-05 10:15:00,2272.75
2025-11-05 10:30:00,2566.64
2025-11-05 10:45:00,2320.9
2025-11-05 11:00:00,2281.81
2025-11-05 11:15:00,2557.16
2025-11-05 11:30:00,2556.45
2025-11-05 11:45:00,2599.32
2025-11-05 12:00:00,3569.01
2025-11-05 12:15:00,3257.37
2025-11-05 12:30:00,2979.87
2025-11-05 12:45:00,2977.59
2025-11-05 13:00:00,2604.12
2025-11-05 13:15:00,3029.18
2025-11-05 13:30:00,2643.86
2025-11-05 13:45:00,2647.1
2025-11-05 14:00:00,2610.81
2025-11-05 14:15:00,2731.88
2025-11-05 14:30:00,2848.52
2025-11-05 14:45:00,3186.65
2025-11-05 15:00:00,3438.82
2025-11-05 15:15:00,4158.33
2025-11-05 15:30:00,4486.1
2025-11-05 15:45:00,4500.64
2025-11-05 16:00:00,4984.29
2025-11-05 16:15:00,5411.64
2025-11-05 16:30:00,5608.95
2025-11-05 16:45:00,6189.59
2025-11-05 17:00:00,6611.43
2025-11-05 17:15:00,6920.67
2025-11-05 17:30:00,6904.86
2025-11-05 17:45:00,7185.98
2025-11-05 18:00:00,7289.99
2025-11-05 18:15:00,7143.59
2025-11-05 18:30:00,7072.12
2025-11-05 18:45:00,7144.82
2025-11-05 19:00:00,7247.08
2025-11-05 19:15:00,7116.67
2025-11-05 19:30:00,7323.7
2025-11-05 19:45:00,7136.74
2025-11-05 20:00:00,7130.08
2025-11-05 20:15:00,7096.49
2025-11-05 20:30:00,7086.58
2025-11-05 20:45:00,7034.26
2025-11-05 21:00:00,6836.06
2025-11-05 21:15:00,6555.08
2025-11-05 21:30:00,5999.61
2025-11-05 21:45:00,5503.84
2025-11-05 22:00:00,5169.42
2025-11-05 22:15:00,4646.81
2025-11-05 22:30:00,4651.1
2025-11-05 22:45:00,4616.03
2025-11-05 23:00:00,4687.42
2025-11-05 23:15:00,4347.67
2025-11-05 23:30:00,4235.48
2025-11-05 23:45:00,4222.64
2025-11-06 00:00:00,5764.85
2025-11-06 00:15:00,5570.25
2025-11-06 00:30:00,5564.29
2025-11-06 00:45:00,5009.88
2025-11-06 01:00:00,5011.49
2025-11-06 01:15:00,5106.82
2025-11-06 01:30:00,5183.46
2025-11-06 01:45:00,4908.39
2025-11-06 02:00:00,4587.49
2025-11-06 02:15:00,4465.89
2025-11-06 02:30:00,4409.14
2025-11-06 02:45:00,4660.37
2025-11-06 03:00:00,4481.33
2025-11-06 03:15:00,4252.6
2025-11-06 03:30:00,4235.88
2025-11-06 03:45:00,4134.39
2025-11-06 04:00:00,4112.57
2025-11-06 04:15:00,4100.02
2025-11-06 04:30:00,3872.14
2025-11-06 04:45:00,3987.15
2025-11-06 05:00:00,4172.89
2025-11-06 05:15:00,4071.57
2025-11-06 05:30:00,4053.66
2025-11-06 05:45:00,4039.38
2025-11-06 06:00:00,4005.92
2025-11-06 06:15:00,4049.53
2025-11-06 06:30:00,3910.3
2025-11-06 06:45:00,4063.69
2025-11-06 07:00:00,4618.58
2025-11-06 07:15:00,4722.97
2025-11-06 07:30:00,4691.71
2025-11-06 07:45:00,4803.31
2025-11-06 08:00:00,4862.82
2025-11-06 08:15:00,4821.47
2025-11-06 08:30:00,4268.58
2025-11-06 08:45:00,3956.38
2025-11-06 09:00:00,3897.51
2025-11-06 09:15:00,3893.76
2025-11-06 09:30:00,3838.33
2025-11-06 09:45:00,4056.66
2025-11-06 10:00:00,3358.09
2025-11-06 10:15:00,2572.34
2025-11-06 10:30:00,2584.57
2025-11-06 10:45:00,2326.41
2025-11-06 11:00:00,2298.36
2025-11-06 11:15:00,2302.5
2025-11-06 11:30:00,2394.46
2025-11-06 11:45:00,2274.27
2025-11-06 12:00:00,2703.85
2025-11-06 12:15:00,2624.6
2025-11-06 12:30:00,2536.63
2025-11-06 12:45:00,2628.73
2025-11-06 13:00:00,2908.88
2025-11-06 13:15:00,2950.85
2025-11-06 13:30:00,2733.44
2025-11-06 13:45:00,2927.67
2025-11-06 14:00:00,2604.37
2025-11-06 14:15:00,2509.03
2025-11-06 14:30:00,2689.75
2025-11-06 14:45:00,3189.47
2025-11-06 15:00:00,3256.57
2025-11-06 15:15:00,3812.88
2025-11-06 15:30:00,4384.09
2025-11-06 15:45:00,4690.87
2025-11-06 16:00:00,5183.55
2025-11-06 16:15:00,5612.92
2025-11-06 16:30:00,5587.38
2025-11-06 16:45:00,6150.74
2025-11-06 17:00:00,6876.88
2025-11-06 17:15:00,7017.17
2025-11-06 17:30:00,6703.4
2025-11-06 17:45:00,6709.21
2025-11-06 18:00:00,7275.4
2025-11-06 18:15:00,7066.53
2025-11-06 18:30:00,6842.97
2025-11-06 18:45:00,6679.76
2025-11-06 19:00:00,6867.97
2025-11-06 19:15:00,6897.77
2025-11-06 19:30:00,6996.71
2025-11-06 19:45:00,6679.45
2025-11-06 20:00:00,6669.21
2025-11-06 20:15:00,6838.22
2025-11-06 20:30:00,6688.68
2025-11-06 20:45:00,6614.03
2025-11-06 21:00:00,6565.57
2025-11-06 21:15:00,6216.43
2025-11-06 21:30:00,5792.91
2025-11-06 21:45:00,5312.87
2025-11-06 22:00:00,5011.75
2025-11-06 22:15:00,4380.75
2025-11-06 22:30:00,4507.93
2025-11-06 22:45:00,4313.28
2025-11-06 23:00:00,4157.79
2025-11-06 23:15:00,4048.18
2025-11-06 23:30:00,4211.53
2025-11-06 23:45:00,3982.8
2025-11-07 00:00:00,5331.86
2025-11-07 00:15:00,4678.89
2025-11-07 00:30:00,4338.72
2025-11-07 00:45:00,4243.6
2025-11-07 01:00:00,4149.39
2025-11-07 01:15:00,4024.42
2025-11-07 01:30:00,4023.55
2025-11-07 01:45:00,3847.49
2025-11-07 02:00:00,3662.65
2025-11-07 02:15:00,3635.98
2025-11-07 02:30:00,3659.32
2025-11-07 02:45:00,3647.98
2025-11-07 03:00:00,3643.35
2025-11-07 03:15:00,3854.36
2025-11-07 03:30:00,3606.41
2025-11-07 03:45:00,3680.67
2025-11-07 04:00:00,3367.9
2025-11-07 04:15:00,3450.38
2025-11-07 04:30:00,3420.48
2025-11-07 04:45:00,3486.89
2025-11-07 05:00:00,3415.6
2025-11-07 05:15:00,3540.73
2025-11-07 05:30:00,3323.3
2025-11-07 05:45:00,3347.98
2025-11-07 06:00:00,3596.22
2025-11-07 06:15:00,3483.79
2025-11-07 06:30:00,3372.13
2025-11-07 06:45:00,3717.83
2025-11-07 07:00:00,3852.4
2025-11-07 07:15:00,3938.1
2025-11-07 07:30:00,3886.13
2025-11-07 07:45:00,4058.88
2025-11-07 08:00:00,4185.54
2025-11-07 08:15:00,4098.79
2025-11-07 08:30:00,4048.29
2025-11-07 08:45:00,3749.26
2025-11-07 09:00:00,3833.47
2025-11-07 09:15:00,3727.49
2025-11-07 09:30:00,3828.02
2025-11-07 09:45:00,3480.94
2025-11-07 10:00:00,3126.4
2025-11-07 10:15:00,2518.3
2025-11-07 10:30:00,2142.68
2025-11-07 10:45:00,2169.9
2025-11-07 11:00:00,2222.1
2025-11-07 11:15:00,2238.92
2025-11-07 11:30:00,2150.61
2025-11-07 11:45:00,1903.03
2025-11-07 12:00:00,2530.85
2025-11-07 12:15:00,2166.49
2025-11-07 12:30:00,2082.24
2025-11-07 12:45:00,2247.68
2025-11-07 13:00:00,2365.67
2025-11-07 13:15:00,2093.52
2025-11-07 13:30:00,2231.12
2025-11-07 13:45:00,2270.87
2025-11-07 14:00:00,2074.23
2025-11-07 14:15:00,2033.6
2025-11-07 14:30:00,2229.95
2025-11-07 14:45:00,2526.58
2025-11-07 15:00:00,2380.82
2025-11-07 15:15:00,3030.02
2025-11-07 15:30:00,3682.49
2025-11-07 15:45:00,4347.75
2025-11-07 16:00:00,4993.4
2025-11-07 16:15:00,5524.93
2025-11-07 16:30:00,5572.8
2025-11-07 16:45:00,6030.74
2025-11-07 17:00:00,6689.34
2025-11-07 17:15:00,6818.35
2025-11-07 17:30:00,6841.63
2025-11-07 17:45:00,7030.86
2025-11-07 18:00:00,6877.86
2025-11-07 18:15:00,6874.22
2025-11-07 18:30:00,6841.43
2025-11-07 18:45:00,6726.45
2025-11-07 19:00:00,6664.79
2025-11-07 19:15:00,6435.6
2025-11-07 19:30:00,6596.35
2025-11-07 19:45:00,6681.88
2025-11-07 20:00:00,6620.48
2025-11-07 20:15:00,6601.69
2025-11-07 20:30:00,6734.84
2025-11-07 20:45:00,6867.91
2025-11-07 21:00:00,6569.85
2025-11-07 21:15:00,6143.01
2025-11-07 21:30:00,5771.37
2025-11-07 21:45:00,5241.33
2025-11-07 22:00:00,4969.23
2025-11-07 22:15:00,4506.5
2025-11-07 22:30:00,4262.2
2025-11-07 22:45:00,4229.8
2025-11-07 23:00:00,4131.02
2025-11-07 23:15:00,3567.05
2025-11-07 23:30:00,3332.73
2025-11-07 23:45:00,2839.11
2025-11-08 00:00:00,5312.57
2025-11-08 00:15:00,5106.63
2025-11-08 00:30:00,4123.12
2025-11-08 00:45:00,4082.88
2025-11-08 01:00:00,4023.52
2025-11-08 01:15:00,4086.24
2025-11-08 01:30:00,3890.55
2025-11-08 01:45:00,3867.83
2025-11-08 02:00:00,3892.28
2025-11-08 02:15:00,3612.04
2025-11-08 02:30:00,3508.94
2025-11-08 02:45:00,3043.23
2025-11-08 03:00:00,2693.51
2025-11-08 03:15:00,2462.17
2025-11-08 03:30:00,2222.17
2025-11-08 03:45:00,2209.51
2025-11-08 04:00:00,2107.18
2025-11-08 04:15:00,2055.12
2025-11-08 04:30:00,2100.74
2025-11-08 04:45:00,2056.33
2025-11-08 05:00:00,2056.18
2025-11-08 05:15:00,2075.07
2025-11-08 05:30:00,2163.31
2025-11-08 05:45:00,2122.03
2025-11-08 06:00:00,2127.49
2025-11-08 06:15:00,2132.92
2025-11-08 06:30:00,2462.5
2025-11-08 06:45:00,2908.67
2025-11-08 07:00:00,3580.18
2025-11-08 07:15:00,3684.08
2025-11-08 07:30:00,4327.26
2025-11-08 07:45:00,4336.89
2025-11-08 08:00:00,4397.65
2025-11-08 08:15:00,4529.27
2025-11-08 08:30:00,4264.77
2025-11-08 08:45:00,4270.46
2025-11-08 09:00:00,4269.69
2025-11-08 09:15:00,4254.68
2025-11-08 09:30:00,4617.34
2025-11-08 09:45:00,4267.13
2025-11-08 10:00:00,4369.88
2025-11-08 10:15:00,4382.04
2025-11-08 10:30:00,4371.73
2025-11-08 10:45:00,4405.59
2025-11-08 11:00:00,4418.32
2025-11-08 11:15:00,4074.15
2025-11-08 11:30:00,4056.84
2025-11-08 11:45:00,3796.5
2025-11-08 12:00:00,3998.88
2025-11-08 12:15:00,3819.49
2025-11-08 12:30:00,3827.62
2025-11-08 12:45:00,3760.47
2025-11-08 13:00:00,3864.31
2025-11-08 13:15:00,3962.81
2025-11-08 13:30:00,4140.53
2025-11-08 13:45:00,4008.3
2025-11-08 14:00:00,4260.03
2025-11-08 14:15:00,4528.15
2025-11-08 14:30:00,4418.56
2025-11-08 14:45:00,4447.92
2025-11-08 15:00:00,4456.46
2025-11-08 15:15:00,4490.85
2025-11-08 15:30:00,4993.34
2025-11-08 15:45:00,4693.61
2025-11-08 16:00:00,4967.41
2025-11-08 16:15:00,5454.44
2025-11-08 16:30:00,5484.13
2025-11-08 16:45:00,5585.96
2025-11-08 17:00:00,6068.52
2025-11-08 17:15:00,6494.32
2025-11-08 17:30:00,6883.3
2025-11-08 17:45:00,6632.95
2025-11-08 18:00:00,6772.48
2025-11-08 18:15:00,6685.51
2025-11-08 18:30:00,6685.84
2025-11-08 18:45:00,6721.33
2025-11-08 19:00:00,6987.95
2025-11-08 19:15:00,6789.78
2025-11-08 19:30:00,7327.25
2025-11-08 19:45:00,7142.25
2025-11-08 20:00:00,7132.3
2025-11-08 20:15:00,6529.42
2025-11-08 20:30:00,6526.27
2025-11-08 20:45:00,6009.51
2025-11-08 21:00:00,6186.4
2025-11-08 21:15:00,5454.0
2025-11-08 21:30:00,5543.43
2025-11-08 21:45:00,4696.25
2025-11-08 22:00:00,4264.36
2025-11-08 22:15:00,4105.4
2025-11-08 22:30:00,4130.77
2025-11-08 22:45:00,3949.52
2025-11-08 23:00:00,3983.68
2025-11-08 23:15:00,3943.21
2025-11-08 23:30:00,3888.64
2025-11-08 23:45:00,3881.14
2025-11-09 00:00:00,5543.88
2025-11-09 00:15:00,5268.45
2025-11-09 00:30:00,5031.72
2025-11-09 00:45:00,4810.94
2025-11-09 01:00:00,4647.78
2025-11-09 01:15:00,4700.58
2025-11-09 01:30:00,4651.8
2025-11-09 01:45:00,4601.27
2025-11-09 02:00:00,4192.73
2025-11-09 02:15:00,3986.47
2025-11-09 02:30:00,3573.35
2025-11-09 02:45:00,3374.12
2025-11-09 03:00:00,3332.5
2025-11-09 03:15:00,3081.67
2025-11-09 03:30:00,2642.05
2025-11-09 03:45:00,2530.28
2025-11-09 04:00:00,2491.03
2025-11-09 04:15:00,2437.17
2025-11-09 04:30:00,2312.48
2025-11-09 04:45:00,2217.83
2025-11-09 05:00:00,2249.09
2025-11-09 05:15:00,2422.22
2025-11-09 05:30:00,2260.71
2025-11-09 05:45:00,2224.0
2025-11-09 06:00:00,2312.75
2025-11-09 06:15:00,2279.2
2025-11-09 06:30:00,2461.84
2025-11-09 06:45:00,2399.36
2025-11-09 07:00:00,3029.97
2025-11-09 07:15:00,3223.59
2025-11-09 07:30:00,3722.95
2025-11-09 07:45:00,4057.04
2025-11-09 08:00:00,3921.53
2025-11-09 08:15:00,3894.2
2025-11-09 08:30:00,3708.33
2025-11-09 08:45:00,3722.98
2025-11-09 09:00:00,4023.19
2025-11-09 09:15:00,3809.31
2025-11-09 09:30:00,3775.38
2025-11-09 09:45:00,3733.22
2025-11-09 10:00:00,3794.74
2025-11-09 10:15:00,3727.47
2025-11-09 10:30:00,4492.4
2025-11-09 10:45:00,4929.96
2025-11-09 11:00:00,4712.45
2025-11-09 11:15:00,4580.18
2025-11-09 11:30:00,4563.11
2025-11-09 11:45:00,4029.61
2025-11-09 12:00:00,4561.65
2025-11-09 12:15:00,4982.6
2025-11-09 12:30:00,5078.35
2025-11-09 12:45:00,4910.65
2025-11-09 13:00:00,4970.87
2025-11-09 13:15:00,5139.56
2025-11-09 13:30:00,4795.56
2025-11-09 13:45:00,5131.96
2025-11-09 14:00:00,5190.01
2025-11-09 14:15:00,5116.19
2025-11-09 14:30:00,5209.33
2025-11-09 14:45:00,5286.12
2025-11-09 15:00:00,4948.23
2025-11-09 15:15:00,5346.49
2025-11-09 15:30:00,4972.6
2025-11-09 15:45:00,5532.04
2025-11-09 16:00:00,5398.08
2025-11-09 16:15:00,6082.55
2025-11-09 16:30:00,6159.22
2025-11-09 16:45:00,6144.34
2025-11-09 17:00:00,6383.35
2025-11-09 17:15:00,6593.21
2025-11-09 17:30:00,7031.87
2025-11-09 17:45:00,7164.99
2025-11-09 18:00:00,6667.61
2025-11-09 18:15:00,6291.57
2025-11-09 18:30:00,5935.44
2025-11-09 18:45:00,5972.36
2025-11-09 19:00:00,5830.09
2025-11-09 19:15:00,6046.55
2025-11-09 19:30:00,5752.82
2025-11-09 19:45:00,6064.33
2025-11-09 20:00:00,5937.82
2025-11-09 20:15:00,5552.39
2025-11-09 20:30:00,4849.48
2025-11-09 20:45:00,4395.52
2025-11-09 21:00:00,3970.44
2025-11-09 21:15:00,4094.26
2025-11-09 21:30:00,4205.09
2025-11-09 21:45:00,4190.75
2025-11-09 22:00:00,4162.44
2025-11-09 22:15:00,4203.18
2025-11-09 22:30:00,4177.31
2025-11-09 22:45:00,4234.08
2025-11-09 23:00:00,4182.53
2025-11-09 23:15:00,3777.78
2025-11-09 23:30:00,3514.27
2025-11-09 23:45:00,4242.72
2025-11-10 00:00:00,5671.15
2025-11-10 00:15:00,5292.34
2025-11-10 00:30:00,4978.33
2025-11-10 00:45:00,4636.61
2025-11-10 01:00:00,4633.04
2025-11-10 01:15:00,4119.36
2025-11-10 01:30:00,3818.99
2025-11-10 01:45:00,3740.83
2025-11-10 02:00:00,3661.1
2025-11-10 02:15:00,3509.14
2025-11-10 02:30:00,3517.06
2025-11-10 02:45:00,3465.75
2025-11-10 03:00:00,3521.73
2025-11-10 03:15:00,3301.24
2025-11-10 03:30:00,2919.68
2025-11-10 03:45:00,2916.57
2025-11-10 04:00:00,3027.21
2025-11-10 04:15:00,2740.62
2025-11-10 04:30:00,2826.5
2025-11-10 04:45:00,2980.42
2025-11-10 05:00:00,2809.56
2025-11-10 05:15:00,2637.8
2025-11-10 05:30:00,2623.1
2025-11-10 05:45:00,2643.91
2025-11-10 06:00:00,2955.33
2025-11-10 06:15:00,3212.45
2025-11-10 06:30:00,3743.89
2025-11-10 06:45:00,3804.72
2025-11-10 07:00:00,3908.07
2025-11-10 07:15:00,4122.88
2025-11-10 07:30:00,4173.97
2025-11-10 07:45:00,4452.81
2025-11-10 08:00:00,4989.89
2025-11-10 08:15:00,5041.97
2025-11-10 08:30:00,4602.58
2025-11-10 08:45:00,5133.39
2025-11-10 09:00:00,4884.33
2025-11-10 09:15:00,5116.14
2025-11-10 09:30:00,5059.61
2025-11-10 09:45:00,5628.52
2025-11-10 10:00:00,5339.11
2025-11-10 10:15:00,5665.14
2025-11-10 10:30:00,5287.57
2025-11-10 10:45:00,5328.23
2025-11-10 11:00:00,5307.05
2025-11-10 11:15:00,5182.93
2025-11-10 11:30:00,5397.58
2025-11-10 11:45:00,5568.47
2025-11-10 12:00:00,6207.29
2025-11-10 12:15:00,6555.89
2025-11-10 12:30:00,6427.42
2025-11-10 12:45:00,5954.69
2025-11-10 13:00:00,5965.51
2025-11-10 13:15:00,5942.91
2025-11-10 13:30:00,5926.49
2025-11-10 13:45:00,5951.19
2025-11-10 14:00:00,5944.7
2025-11-10 14:15:00,6331.34
2025-11-10 14:30:00,6332.1
2025-11-10 14:45:00,6476.71
2025-11-10 15:00:00,6238.96
2025-11-10 15:15:00,6414.43
2025-11-10 15:30:00,6494.72
2025-11-10 15:45:00,6498.73
2025-11-10 16:00:00,6209.97
2025-11-10 16:15:00,6068.46
2025-11-10 16:30:00,5790.01
2025-11-10 16:45:00,5520.86
2025-11-10 17:00:00,5771.73
2025-11-10 17:15:00,5743.41
2025-11-10 17:30:00,5648.91
2025-11-10 17:45:00,6272.73
2025-11-10 18:00:00,6494.29
2025-11-10 18:15:00,6143.51
2025-11-10 18:30:00,5836.83
2025-11-10 18:45:00,5856.83
2025-11-10 19:00:00,5805.58
2025-11-10 19:15:00,5824.0
2025-11-10 19:30:00,5846.06
2025-11-10 19:45:00,5671.06
2025-11-10 20:00:00,5529.11
2025-11-10 20:15:00,5478.22
2025-11-10 20:30:00,5090.77
2025-11-10 20:45:00,5196.72
2025-11-10 21:00:00,5353.95
2025-11-10 21:15:00,5110.02
2025-11-10 21:30:00,4969.32
2025-11-10 21:45:00,4674.79
2025-11-10 22:00:00,4623.65
2025-11-10 22:15:00,4545.09
2025-11-10 22:30:00,4522.17
2025-11-10 22:45:00,4484.01
2025-11-10 23:00:00,4360.63
2025-11-10 23:15:00,4254.99
2025-11-10 23:30:00,3925.0
2025-11-10 23:45:00,4126.04
2025-11-11 00:00:00,5126.74
2025-11-11 00:15:00,4688.62
2025-11-11 00:30:00,4637.3
2025-11-11 00:45:00,4286.69
2025-11-11 01:00:00,4407.71
2025-11-11 01:15:00,3857.74
2025-11-11 01:30:00,3504.57
2025-11-11 01:45:00,2908.71
2025-11-11 02:00:00,2824.11
2025-11-11 02:15:00,2887.4
2025-11-11 02:30:00,2808.7
2025-11-11 02:45:00,2782.97
2025-11-11 03:00:00,2802.44
2025-11-11 03:15:00,2835.05
2025-11-11 03:30:00,2848.61
2025-11-11 03:45:00,2864.93
2025-11-11 04:00:00,2768.37
2025-11-11 04:15:00,2684.69
2025-11-11 04:30:00,2672.98
2025-11-11 04:45:00,2687.65
2025-11-11 05:00:00,2648.34
2025-11-11 05:15:00,2780.6
2025-11-11 05:30:00,2727.9
2025-11-11 05:45:00,3104.52
2025-11-11 06:00:00,3376.65
2025-11-11 06:15:00,3724.1
2025-11-11 06:30:00,4128.71
2025-11-11 06:45:00,3904.35
2025-11-11 07:00:00,3661.9
2025-11-11 07:15:00,3461.92
2025-11-11 07:30:00,3653.83
2025-11-11 07:45:00,3658.91
2025-11-11 08:00:00,4087.02
2025-11-11 08:15:00,4514.71
2025-11-11 08:30:00,4116.17
2025-11-11 08:45:00,3837.14
2025-11-11 09:00:00,3296.21
2025-11-11 09:15:00,3618.72
2025-11-11 09:30:00,3738.1
2025-11-11 09:45:00,3730.78
2025-11-11 10:00:00,3776.19
2025-11-11 10:15:00,3978.9
2025-11-11 10:30:00,3783.12
2025-11-11 10:45:00,3890.11
2025-11-11 11:00:00,3976.96
2025-11-11 11:15:00,3927.97
2025-11-11 11:30:00,3529.26
2025-11-11 11:45:00,3383.85
2025-11-11 12:00:00,3711.74
2025-11-11 12:15:00,3730.16
2025-11-11 12:30:00,3718.58
2025-11-11 12:45:00,3606.31
2025-11-11 13:00:00,3578.62
2025-11-11 13:15:00,3477.55
2025-11-11 13:30:00,3397.4
2025-11-11 13:45:00,3340.25
2025-11-11 14:00:00,3386.0
2025-11-11 14:15:00,3560.76
2025-11-11 14:30:00,3513.61
2025-11-11 14:45:00,3617.07
2025-11-11 15:00:00,4074.52
2025-11-11 15:15:00,4119.77
2025-11-11 15:30:00,4345.27
2025-11-11 15:45:00,4960.24
2025-11-11 16:00:00,5072.92
2025-11-11 16:15:00,5817.88
2025-11-11 16:30:00,6021.87
2025-11-11 16:45:00,6471.12
2025-11-11 17:00:00,6974.78
2025-11-11 17:15:00,7187.99
2025-11-11 17:30:00,7101.84
2025-11-11 17:45:00,6779.94
2025-11-11 18:00:00,6906.04
2025-11-11 18:15:00,6703.36
2025-11-11 18:30:00,6565.55
2025-11-11 18:45:00,6613.69
2025-11-11 19:00:00,6647.15
2025-11-11 19:15:00,6537.82
2025-11-11 19:30:00,6240.06
2025-11-11 19:45:00,5777.38
2025-11-11 20:00:00,5176.7
2025-11-11 20:15:00,5114.74
2025-11-11 20:30:00,4857.62
2025-11-11 20:45:00,5026.03
2025-11-11 21:00:00,4506.6
2025-11-11 21:15:00,4271.5
2025-11-11 21:30:00,4176.04
2025-11-11 21:45:00,4110.58
2025-11-11 22:00:00,4093.95
2025-11-11 22:15:00,3966.29
2025-11-11 22:30:00,3840.32
2025-11-11 22:45:00,3785.3
2025-11-11 23:00:00,3774.64
2025-11-11 23:15:00,3681.59
2025-11-11 23:30:00,3674.11
2025-11-11 23:45:00,3728.21
2025-11-12 00:00:00,5172.29
2025-11-12 00:15:00,4839.01
2025-11-12 00:30:00,4229.93
2025-11-12 00:45:00,3647.41
2025-11-12 01:00:00,3790.8
2025-11-12 01:15:00,3619.23
2025-11-12 01:30:00,3782.95
2025-11-12 01:45:00,3802.63
2025-11-12 02:00:00,3496.37
2025-11-12 02:15:00,3224.76
2025-11-12 02:30:00,3306.45
2025-11-12 02:45:00,3101.94
2025-11-12 03:00:00,3200.29
2025-11-12 03:15:00,3063.79
2025-11-12 03:30:00,2920.11
2025-11-12 03:45:00,2808.36
2025-11-12 04:00:00,3015.96
2025-11-12 04:15:00,2756.08
2025-11-12 04:30:00,2864.71
2025-11-12 04:45:00,2858.25
2025-11-12 05:00:00,2773.31
2025-11-12 05:15:00,2896.75
2025-11-12 05:30:00,2763.34
2025-11-12 05:45:00,2777.58
2025-11-12 06:00:00,2896.3
2025-11-12 06:15:00,3042.3
2025-11-12 06:30:00,2976.1
2025-11-12 06:45:00,3009.49
2025-11-12 07:00:00,2832.5
2025-11-12 07:15:00,3270.39
2025-11-12 07:30:00,3363.02
2025-11-12 07:45:00,3500.05
2025-11-12 08:00:00,3469.94
2025-11-12 08:15:00,3727.76
2025-11-12 08:30:00,3419.8
2025-11-12 08:45:00,3143.53
2025-11-12 09:00:00,3038.29
2025-11-12 09:15:00,2877.85
2025-11-12 09:30:00,2811.74
2025-11-12 09:45:00,2705.75
2025-11-12 10:00:00,2473.18
2025-11-12 10:15:00,2170.59
2025-11-12 10:30:00,1866.59
2025-11-12 10:45:00,1883.54
2025-11-12 11:00:00,2177.34
2025-11-12 11:15:00,2100.9
2025-11-12 11:30:00,1950.06
2025-11-12 11:45:00,1853.37
2025-11-12 12:00:00,2378.83
2025-11-12 12:15:00,2290.4
2025-11-12 12:30:00,2222.98
2025-11-12 12:45:00,2178.74
2025-11-12 13:00:00,2058.45
2025-11-12 13:15:00,2187.43
2025-11-12 13:30:00,2198.8
2025-11-12 13:45:00,2250.75
2025-11-12 14:00:00,2151.04
2025-11-12 14:15:00,2549.74
2025-11-12 14:30:00,2819.04
2025-11-12 14:45:00,3397.0
2025-11-12 15:00:00,3575.95
2025-11-12 15:15:00,3635.66
2025-11-12 15:30:00,3709.9
2025-11-12 15:45:00,4304.34
2025-11-12 16:00:00,4685.89
2025-11-12 16:15:00,5070.31
2025-11-12 16:30:00,5007.53
2025-11-12 16:45:00,5278.31
2025-11-12 17:00:00,5812.71
2025-11-12 17:15:00,6298.67
2025-11-12 17:30:00,6366.45
2025-11-12 17:45:00,6307.06
2025-11-12 18:00:00,6326.69
2025-11-12 18:15:00,6449.08
2025-11-12 18:30:00,6412.55
2025-11-12 18:45:00,6634.35
2025-11-12 19:00:00,6596.02
2025-11-12 19:15:00,6932.11
2025-11-12 19:30:00,6472.21
2025-11-12 19:45:00,6626.66
2025-11-12 20:00:00,6533.59
2025-11-12 20:15:00,6872.08
2025-11-12 20:30:00,6562.5
2025-11-12 20:45:00,6220.4
2025-11-12 21:00:00,5531.6
2025-11-12 21:15:00,5151.46
2025-11-12 21:30:00,4842.34
2025-11-12 21:45:00,4473.32
2025-11-12 22:00:00,4400.06
2025-11-12 22:15:00,3855.29
2025-11-12 22:30:00,3834.02
2025-11-12 22:45:00,3821.46
2025-11-12 23:00:00,3807.48
2025-11-12 23:15:00,3438.49
2025-11-12 23:30:00,3266.59
2025-11-12 23:45:00,3355.2
2025-11-13 00:00:00,4980.33
2025-11-13 00:15:00,4681.99
2025-11-13 00:30:00,4347.33
2025-11-13 00:45:00,4349.97
2025-11-13 01:00:00,4370.71
2025-11-13 01:15:00,4269.5
2025-11-13 01:30:00,4082.22
2025-11-13 01:45:00,3992.09
2025-11-13 02:00:00,3383.28
2025-11-13 02:15:00,3220.61
2025-11-13 02:30:00,3098.69
2025-11-13 02:45:00,3118.95
2025-11-13 03:00:00,3282.38
2025-11-13 03:15:00,3256.97
2025-11-13 03:30:00,3164.08
2025-11-13 03:45:00,3061.9
2025-11-13 04:00:00,2967.13
2025-11-13 04:15:00,3021.51
2025-11-13 04:30:00,2972.0
2025-11-13 04:45:00,3018.95
2025-11-13 05:00:00,3116.13
2025-11-13 05:15:00,3226.17
2025-11-13 05:30:00,3225.79
2025-11-13 05:45:00,3207.89
2025-11-13 06:00:00,3212.76
2025-11-13 06:15:00,3328.56
2025-11-13 06:30:00,3359.15
2025-11-13 06:45:00,3422.3
2025-11-13 07:00:00,3464.85
2025-11-13 07:15:00,3291.09
2025-11-13 07:30:00,3109.41
2025-11-13 07:45:00,3096.1
2025-11-13 08:00:00,3451.13
2025-11-13 08:15:00,3424.65
2025-11-13 08:30:00,3355.84
2025-11-13 08:45:00,2996.63
2025-11-13 09:00:00,2931.98
2025-11-13 09:15:00,3079.46
2025-11-13 09:30:00,2774.59
2025-11-13 09:45:00,2129.64
2025-11-13 10:00:00,1838.45
2025-11-13 10:15:00,1508.14
2025-11-13 10:30:00,1803.03
2025-11-13 10:45:00,1850.66
2025-11-13 11:00:00,1952.09
2025-11-13 11:15:00,1998.94
2025-11-13 11:30:00,1968.42
2025-11-13 11:45:00,1397.44
2025-11-13 12:00:00,1766.31
2025-11-13 12:15:00,1791.45
2025-11-13 12:30:00,1804.86
2025-11-13 12:45:00,1774.11
2025-11-13 13:00:00,1791.39
2025-11-13 13:15:00,1816.69
2025-11-13 13:30:00,1781.59
2025-11-13 13:45:00,1762.05
2025-11-13 14:00:00,1590.63
2025-11-13 14:15:00,1896.71
2025-11-13 14:30:00,2309.38
2025-11-13 14:45:00,2605.98
2025-11-13 15:00:00,3179.7
2025-11-13 15:15:00,3014.51
2025-11-13 15:30:00,3346.54
2025-11-13 15:45:00,3797.64
2025-11-13 16:00:00,4253.3
2025-11-13 16:15:00,4557.61
2025-11-13 16:30:00,5254.96
2025-11-13 16:45:00,5331.04
2025-11-13 17:00:00,5492.28
2025-11-13 17:15:00,5592.32
2025-11-13 17:30:00,5907.95
2025-11-13 17:45:00,6015.0
2025-11-13 18:00:00,6204.76
2025-11-13 18:15:00,6040.08
2025-11-13 18:30:00,6033.02
2025-11-13 18:45:00,6216.61
2025-11-13 19:00:00,6279.79
2025-11-13 19:15:00,6412.5
2025-11-13 19:30:00,6436.9
2025-11-13 19:45:00,6378.37
2025-11-13 20:00:00,6373.6
2025-11-13 20:15:00,6330.47
2025-11-13 20:30:00,6166.83
2025-11-13 20:45:00,5407.66
2025-11-13 21:00:00,4672.32
2025-11-13 21:15:00,4454.5
2025-11-13 21:30:00,3993.01
2025-11-13 21:45:00,4004.99
2025-11-13 22:00:00,3931.45
2025-11-13 22:15:00,3443.23
2025-11-13 22:30:00,3473.12
2025-11-13 22:45:00,3448.7
2025-11-13 23:00:00,3286.81
2025-11-13 23:15:00,3222.54
2025-11-13 23:30:00,3210.52
2025-11-13 23:45:00,3146.3
2025-11-14 00:00:00,3974.95
2025-11-14 00:15:00,3847.65
2025-11-14 00:30:00,3761.67
2025-11-14 00:45:00,3729.8
2025-11-14 01:00:00,3903.63
2025-11-14 01:15:00,3763.34
2025-11-14 01:30:00,3555.12
2025-11-14 01:45:00,3065.03
2025-11-14 02:00:00,2872.38
2025-11-14 02:15:00,2848.91
2025-11-14 02:30:00,2757.33
2025-11-14 02:45:00,2628.71
2025-11-14 03:00:00,2421.48
2025-11-14 03:15:00,2389.27
2025-11-14 03:30:00,2354.39
2025-11-14 03:45:00,2364.33
2025-11-14 04:00:00,2485.8
2025-11-14 04:15:00,2589.97
2025-11-14 04:30:00,2601.11
2025-11-14 04:45:00,2663.21
2025-11-14 05:00:00,2572.95
2025-11-14 05:15:00,2742.49
2025-11-14 05:30:00,2890.97
2025-11-14 05:45:00,2974.99
2025-11-14 06:00:00,2828.91
2025-11-14 06:15:00,3153.06
2025-11-14 06:30:00,3346.97
2025-11-14 06:45:00,3510.12
2025-11-14 07:00:00,3442.44
2025-11-14 07:15:00,3293.32
2025-11-14 07:30:00,3202.39
2025-11-14 07:45:00,3065.04
2025-11-14 08:00:00,3187.96
2025-11-14 08:15:00,3276.67
2025-11-14 08:30:00,3091.63
2025-11-14 08:45:00,2693.0
2025-11-14 09:00:00,2886.78
2025-11-14 09:15:00,2247.07
2025-11-14 09:30:00,2143.97
2025-11-14 09:45:00,1944.82
2025-11-14 10:00:00,1926.06
2025-11-14 10:15:00,1801.82
2025-11-14 10:30:00,1582.6
2025-11-14 10:45:00,1578.33
2025-11-14 11:00:00,1632.2
2025-11-14 11:15:00,1674.5
2025-11-14 11:30:00,1515.76
2025-11-14 11:45:00,1724.45
2025-11-14 12:00:00,3234.41
2025-11-14 12:15:00,3005.7
2025-11-14 12:30:00,2574.46
2025-11-14 12:45:00,2703.95
2025-11-14 13:00:00,2446.96
2025-11-14 13:15:00,2184.25
2025-11-14 13:30:00,1803.52
2025-11-14 13:45:00,1995.97
2025-11-14 14:00:00,1898.99
2025-11-14 14:15:00,2059.53
2025-11-14 14:30:00,2375.26
2025-11-14 14:45:00,2406.33
2025-11-14 15:00:00,2833.75
2025-11-14 15:15:00,3138.75
2025-11-14 15:30:00,3400.75
2025-11-14 15:45:00,3854.59
2025-11-14 16:00:00,4204.67
2025-11-14 16:15:00,4640.26
2025-11-14 16:30:00,4910.72
2025-11-14 16:45:00,4915.16
2025-11-14 17:00:00,5372.78
2025-11-14 17:15:00,5807.74
2025-11-14 17:30:00,5998.91
2025-11-14 17:45:00,5872.47
2025-11-14 18:00:00,6211.65
2025-11-14 18:15:00,6271.28
2025-11-14 18:30:00,6246.34
2025-11-14 18:45:00,6636.24
2025-11-14 19:00:00,6626.96
2025-11-14 19:15:00,6868.9
2025-11-14 19:30:00,6564.21
2025-11-14 19:45:00,6376.66
2025-11-14 20:00:00,6574.43
2025-11-14 20:15:00,6810.78
2025-11-14 20:30:00,6748.74
2025-11-14 20:45:00,6056.2
2025-11-14 21:00:00,5841.43
2025-11-14 21:15:00,5508.6
2025-11-14 21:30:00,5279.96
2025-11-14 21:45:00,4971.32
2025-11-14 22:00:00,4674.75
2025-11-14 22:15:00,4450.98
2025-11-14 22:30:00,4074.69
2025-11-14 22:45:00,3655.02
2025-11-14 23:00:00,3964.31
2025-11-14 23:15:00,3692.13
2025-11-14 23:30:00,3583.28
2025-11-14 23:45:00,3652.5
2025-11-15 00:00:00,5816.14
2025-11-15 00:15:00,4782.15
2025-11-15 00:30:00,4104.96
2025-11-15 00:45:00,4119.31
2025-11-15 01:00:00,4142.17
2025-11-15 01:15:00,3892.25
2025-11-15 01:30:00,4039.95
2025-11-15 01:45:00,4084.58
2025-11-15 02:00:00,3921.28
2025-11-15 02:15:00,4075.0
2025-11-15 02:30:00,3856.4
2025-11-15 02:45:00,3628.89
2025-11-15 03:00:00,3519.37
2025-11-15 03:15:00,3542.2
2025-11-15 03:30:00,3518.0
2025-11-15 03:45:00,3466.4
2025-11-15 04:00:00,3239.43
2025-11-15 04:15:00,3489.11
2025-11-15 04:30:00,3501.43
2025-11-15 04:45:00,3745.97
2025-11-15 05:00:00,3748.04
2025-11-15 05:15:00,3712.47
2025-11-15 05:30:00,3760.66
2025-11-15 05:45:00,3630.79
2025-11-15 06:00:00,3862.15
2025-11-15 06:15:00,4033.27
2025-11-15 06:30:00,4002.22
2025-11-15 06:45:00,4036.25
2025-11-15 07:00:00,4158.69
2025-11-15 07:15:00,4384.74
2025-11-15 07:30:00,4045.76
2025-11-15 07:45:00,3782.64
2025-11-15 08:00:00,3884.39
2025-11-15 08:15:00,3578.57
2025-11-15 08:30:00,3439.78
2025-11-15 08:45:00,3068.78
2025-11-15 09:00:00,3043.18
2025-11-15 09:15:00,2775.5
2025-11-15 09:30:00,2759.18
2025-11-15 09:45:00,2463.01
2025-11-15 10:00:00,2112.97
2025-11-15 10:15:00,1780.58
2025-11-15 10:30:00,1765.17
2025-11-15 10:45:00,1954.28
2025-11-15 11:00:00,2065.81
2025-11-15 11:15:00,1928.84
2025-11-15 11:30:00,1937.92
2025-11-15 11:45:00,1728.45
2025-11-15 12:00:00,2317.62
2025-11-15 12:15:00,1982.28
2025-11-15 12:30:00,1929.39
2025-11-15 12:45:00,1991.88
2025-11-15 13:00:00,2016.56
2025-11-15 13:15:00,2049.87
2025-11-15 13:30:00,1964.29
2025-11-15 13:45:00,1961.92
2025-11-15 14:00:00,1671.78
2025-11-15 14:15:00,1766.34
2025-11-15 14:30:00,1745.28
2025-11-15 14:45:00,2131.18
2025-11-15 15:00:00,2502.86
2025-11-15 15:15:00,2790.74
2025-11-15 15:30:00,3573.63
2025-11-15 15:45:00,3947.5
2025-11-15 16:00:00,3925.58
2025-11-15 16:15:00,4623.43
2025-11-15 16:30:00,5390.55
2025-11-15 16:45:00,5540.94
2025-11-15 17:00:00,5664.63
2025-11-15 17:15:00,5544.98
2025-11-15 17:30:00,5631.44
2025-11-15 17:45:00,5769.75
2025-11-15 18:00:00,5809.78
2025-11-15 18:15:00,5815.49
2025-11-15 18:30:00,5866.21
2025-11-15 18:45:00,6294.58
2025-11-15 19:00:00,6417.13
2025-11-15 19:15:00,6760.45
2025-11-15 19:30:00,7057.39
2025-11-15 19:45:00,6871.46
2025-11-15 20:00:00,6927.54
2025-11-15 20:15:00,6782.13
2025-11-15 20:30:00,6894.2
2025-11-15 20:45:00,6512.49
2025-11-15 21:00:00,5905.44
2025-11-15 21:15:00,5622.89
2025-11-15 21:30:00,5271.96
2025-11-15 21:45:00,4831.62
2025-11-15 22:00:00,4297.42
2025-11-15 22:15:00,4004.81
2025-11-15 22:30:00,3893.21
2025-11-15 22:45:00,3890.52
2025-11-15 23:00:00,3370.37
2025-11-15 23:15:00,3252.25
2025-11-15 23:30:00,3257.53
2025-11-15 23:45:00,3579.57
2025-11-16 00:00:00,5208.25
2025-11-16 00:15:00,4778.43
2025-11-16 00:30:00,4837.35
2025-11-16 00:45:00,4885.22
2025-11-16 01:00:00,4682.72
2025-11-16 01:15:00,4818.44
2025-11-16 01:30:00,5422.52
2025-11-16 01:45:00,5210.56
2025-11-16 02:00:00,5214.34
2025-11-16 02:15:00,5210.32
2025-11-16 02:30:00,4869.58
2025-11-16 02:45:00,4592.5
2025-11-16 03:00:00,4145.52
2025-11-16 03:15:00,4425.75
2025-11-16 03:30:00,4729.79
2025-11-16 03:45:00,4384.31
2025-11-16 04:00:00,4232.8
2025-11-16 04:15:00,4336.38
2025-11-16 04:30:00,4214.92
2025-11-16 04:45:00,4109.99
2025-11-16 05:00:00,4491.75
2025-11-16 05:15:00,4521.06
2025-11-16 05:30:00,4519.22
2025-11-16 05:45:00,4646.7
2025-11-16 06:00:00,4738.35
2025-11-16 06:15:00,5296.89
2025-11-16 06:30:00,5480.6
2025-11-16 06:45:00,5366.92
2025-11-16 07:00:00,5627.53
2025-11-16 07:15:00,5028.7
2025-11-16 07:30:00,4844.15
2025-11-16 07:45:00,5034.81
2025-11-16 08:00:00,4681.84
2025-11-16 08:15:00,4116.46
2025-11-16 08:30:00,3160.45
2025-11-16 08:45:00,2487.69
2025-11-16 09:00:00,2572.89
2025-11-16 09:15:00,2466.83
2025-11-16 09:30:00,2496.6
2025-11-16 09:45:00,2235.16
2025-11-16 10:00:00,1891.66
2025-11-16 10:15:00,1547.07
2025-11-16 10:30:00,1450.86
2025-11-16 10:45:00,1495.1
2025-11-16 11:00:00,1661.62
2025-11-16 11:15:00,1422.37
2025-11-16 11:30:00,1442.25
2025-11-16 11:45:00,1408.25
2025-11-16 12:00:00,1390.43
2025-11-16 12:15:00,1418.14
2025-11-16 12:30:00,1399.15
2025-11-16 12:45:00,1572.38
2025-11-16 13:00:00,1574.3
2025-11-16 13:15:00,1541.3
2025-11-16 13:30:00,1519.97
2025-11-16 13:45:00,1496.44
2025-11-16 14:00:00,1374.56
2025-11-16 14:15:00,1367.45
2025-11-16 14:30:00,1698.4
2025-11-16 14:45:00,2229.53
2025-11-16 15:00:00,2201.63
2025-11-16 15:15:00,2823.21
2025-11-16 15:30:00,2804.74
2025-11-16 15:45:00,3184.2
2025-11-16 16:00:00,3723.99
2025-11-16 16:15:00,5439.75
2025-11-16 16:30:00,5722.47
2025-11-16 16:45:00,6213.13
2025-11-16 17:00:00,6159.37
2025-11-16 17:15:00,6221.34
2025-11-16 17:30:00,6243.73
2025-11-16 17:45:00,6156.23
2025-11-16 18:00:00,6242.26
2025-11-16 18:15:00,6389.63
2025-11-16 18:30:00,6512.8
2025-11-16 18:45:00,6875.85
2025-11-16 19:00:00,7225.62
2025-11-16 19:15:00,7228.76
2025-11-16 19:30:00,7068.81
2025-11-16 19:45:00,6578.04
2025-11-16 20:00:00,6651.13
2025-11-16 20:15:00,6790.4
2025-11-16 20:30:00,6485.38
2025-11-16 20:45:00,5767.86
2025-11-16 21:00:00,5145.02
2025-11-16 21:15:00,4274.71
2025-11-16 21:30:00,3549.0
2025-11-16 21:45:00,3357.61
2025-11-16 22:00:00,3136.9
2025-11-16 22:15:00,3189.63
2025-11-16 22:30:00,2909.15
2025-11-16 22:45:00,2765.29
2025-11-16 23:00:00,2817.29
2025-11-16 23:15:00,2815.67
2025-11-16 23:30:00,2694.39
2025-11-16 23:45:00,2829.17
2025-11-17 00:00:00,4475.17
2025-11-17 00:15:00,3910.36
2025-11-17 00:30:00,3600.81
2025-11-17 00:45:00,3279.41
2025-11-17 01:00:00,2795.84
2025-11-17 01:15:00,2520.94
2025-11-17 01:30:00,2344.73
2025-11-17 01:45:00,2223.64
2025-11-17 02:00:00,1893.62
2025-11-17 02:15:00,1530.55
2025-11-17 02:30:00,1438.46
2025-11-17 02:45:00,1079.57
2025-11-17 03:00:00,889.89
2025-11-17 03:15:00,970.92
2025-11-17 03:30:00,907.66
2025-11-17 03:45:00,841.77
2025-11-17 04:00:00,848.62
2025-11-17 04:15:00,847.21
2025-11-17 04:30:00,941.59
2025-11-17 04:45:00,1193.78
2025-11-17 05:00:00,1161.7
2025-11-17 05:15:00,1213.29
2025-11-17 05:30:00,1268.96
2025-11-17 05:45:00,1312.29
2025-11-17 06:00:00,953.86
2025-11-17 06:15:00,1180.2
2025-11-17 06:30:00,1740.94
2025-11-17 06:45:00,2023.25
2025-11-17 07:00:00,2346.0
2025-11-17 07:15:00,2113.06
2025-11-17 07:30:00,2234.8
2025-11-17 07:45:00,2465.34
2025-11-17 08:00:00,2770.03
2025-11-17 08:15:00,2822.35
2025-11-17 08:30:00,2926.09
2025-11-17 08:45:00,2825.29
2025-11-17 09:00:00,2818.02
2025-11-17 09:15:00,2522.19
2025-11-17 09:30:00,2902.4
2025-11-17 09:45:00,2230.12
2025-11-17 10:00:00,2339.18
2025-11-17 10:15:00,2064.22
2025-11-17 10:30:00,1946.74
2025-11-17 10:45:00,1954.45
2025-11-17 11:00:00,1957.38
2025-11-17 11:15:00,2038.9
2025-11-17 11:30:00,2061.53
2025-11-17 11:45:00,2039.62
2025-11-17 12:00:00,2136.38
2025-11-17 12:15:00,2168.39
2025-11-17 12:30:00,2168.32
2025-11-17 12:45:00,2207.79
2025-11-17 13:00:00,1885.09
2025-11-17 13:15:00,2028.52
2025-11-17 13:30:00,1997.56
2025-11-17 13:45:00,1970.85
2025-11-17 14:00:00,1873.43
2025-11-17 14:15:00,1893.32
2025-11-17 14:30:00,1864.76
2025-11-17 14:45:00,1925.29
2025-11-17 15:00:00,2060.25
2025-11-17 15:15:00,2059.42
2025-11-17 15:30:00,2611.18
2025-11-17 15:45:00,3021.29
2025-11-17 16:00:00,3330.66
2025-11-17 16:15:00,4110.66
2025-11-17 16:30:00,5013.81
2025-11-17 16:45:00,5286.3
2025-11-17 17:00:00,5920.62
2025-11-17 17:15:00,5838.06
2025-11-17 17:30:00,6149.5
2025-11-17 17:45:00,6192.61
2025-11-17 18:00:00,6306.41
2025-11-17 18:15:00,6335.18
2025-11-17 18:30:00,6372.43
2025-11-17 18:45:00,6444.29
2025-11-17 19:00:00,6449.36
2025-11-17 19:15:00,6438.79
2025-11-17 19:30:00,6223.42
2025-11-17 19:45:00,6303.05
2025-11-17 20:00:00,5736.76
2025-11-17 20:15:00,5432.68
2025-11-17 20:30:00,5262.46
2025-11-17 20:45:00,4516.93
2025-11-17 21:00:00,4062.66
2025-11-17 21:15:00,3765.06
2025-11-17 21:30:00,3255.74
2025-11-17 21:45:00,3346.77
2025-11-17 22:00:00,3038.23
2025-11-17 22:15:00,2957.96
2025-11-17 22:30:00,2679.48
2025-11-17 22:45:00,2617.89
2025-11-17 23:00:00,2428.55
2025-11-17 23:15:00,2181.14
2025-11-17 23:30:00,1450.25
2025-11-17 23:45:00,1897.14
2025-11-18 00:00:00,3070.15
2025-11-18 00:15:00,2885.83
2025-11-18 00:30:00,2693.12
2025-11-18 00:45:00,2670.8
2025-11-18 01:00:00,2424.56
2025-11-18 01:15:00,2031.81
2025-11-18 01:30:00,2143.99
2025-11-18 01:45:00,2070.54
2025-11-18 02:00:00,2143.16
2025-11-18 02:15:00,2128.33
2025-11-18 02:30:00,1985.64
2025-11-18 02:45:00,2110.64
2025-11-18 03:00:00,1979.86
2025-11-18 03:15:00,1896.44
2025-11-18 03:30:00,2088.81
2025-11-18 03:45:00,2084.89
2025-11-18 04:00:00,2226.52
2025-11-18 04:15:00,1787.08
2025-11-18 04:30:00,2004.98
2025-11-18 04:45:00,1977.71
2025-11-18 05:00:00,2021.32
2025-11-18 05:15:00,1917.8
2025-11-18 05:30:00,1840.26
2025-11-18 05:45:00,1924.12
2025-11-18 06:00:00,1881.87
2025-11-18 06:15:00,1871.62
2025-11-18 06:30:00,1959.05
2025-11-18 06:45:00,2289.9
2025-11-18 07:00:00,2637.86
2025-11-18 07:15:00,2668.95
2025-11-18 07:30:00,2439.5
2025-11-18 07:45:00,1998.92
2025-11-18 08:00:00,2326.33
2025-11-18 08:15:00,2415.93
2025-11-18 08:30:00,2190.25
2025-11-18 08:45:00,2126.49
2025-11-18 09:00:00,1898.44
2025-11-18 09:15:00,2011.6
2025-11-18 09:30:00,1973.91
2025-11-18 09:45:00,1936.09
2025-11-18 10:00:00,1967.67
2025-11-18 10:15:00,1950.06
2025-11-18 10:30:00,1613.37
2025-11-18 10:45:00,1047.88
2025-11-18 11:00:00,1103.64
2025-11-18 11:15:00,936.84
2025-11-18 11:30:00,883.43
2025-11-18 11:45:00,1013.74
2025-11-18 12:00:00,1737.92
2025-11-18 12:15:00,2026.96
2025-11-18 12:30:00,2060.46
2025-11-18 12:45:00,1538.85
2025-11-18 13:00:00,1189.39
2025-11-18 13:15:00,1049.92
2025-11-18 13:30:00,1084.4
2025-11-18 13:45:00,1057.51
2025-11-18 14:00:00,1340.73
2025-11-18 14:15:00,1633.46
2025-11-18 14:30:00,1797.75
2025-11-18 14:45:00,2011.14
2025-11-18 15:00:00,2232.76
2025-11-18 15:15:00,2143.74
2025-11-18 15:30:00,2582.06
2025-11-18 15:45:00,3174.88
2025-11-18 16:00:00,3700.56
2025-11-18 16:15:00,4312.06
2025-11-18 16:30:00,5249.59
2025-11-18 16:45:00,6123.94
2025-11-18 17:00:00,6690.87
2025-11-18 17:15:00,6286.92
2025-11-18 17:30:00,6487.29
2025-11-18 17:45:00,6695.47
2025-11-18 18:00:00,6997.5
2025-11-18 18:15:00,6726.16
2025-11-18 18:30:00,7213.88
2025-11-18 18:45:00,7253.05
2025-11-18 19:00:00,7266.54
2025-11-18 19:15:00,7087.74
2025-11-18 19:30:00,6903.75
2025-11-18 19:45:00,6820.83
2025-11-18 20:00:00,6738.74
2025-11-18 20:15:00,6350.65
2025-11-18 20:30:00,6077.87
2025-11-18 20:45:00,5983.38
2025-11-18 21:00:00,5102.64
2025-11-18 21:15:00,4242.75
2025-11-18 21:30:00,4193.03
2025-11-18 21:45:00,3804.82
2025-11-18 22:00:00,3551.43
2025-11-18 22:15:00,3385.6
2025-11-18 22:30:00,3116.06
2025-11-18 22:45:00,3008.31
2025-11-18 23:00:00,3082.71
2025-11-18 23:15:00,2877.88
2025-11-18 23:30:00,2613.05
2025-11-18 23:45:00,2285.6
2025-11-19 00:00:00,4413.76
2025-11-19 00:15:00,4406.86
2025-11-19 00:30:00,4174.43
2025-11-19 00:45:00,4085.87
2025-11-19 01:00:00,3965.09
2025-11-19 01:15:00,3857.89
2025-11-19 01:30:00,3338.66
2025-11-19 01:45:00,3084.39
2025-11-19 02:00:00,2350.58
2025-11-19 02:15:00,2254.25
2025-11-19 02:30:00,2151.95
2025-11-19 02:45:00,2159.21
2025-11-19 03:00:00,2213.53
2025-11-19 03:15:00,2211.19
2025-11-19 03:30:00,2226.83
2025-11-19 03:45:00,2241.89
2025-11-19 04:00:00,2208.3
2025-11-19 04:15:00,2203.01
2025-11-19 04:30:00,2004.1
2025-11-19 04:45:00,2234.13
2025-11-19 05:00:00,2094.05
2025-11-19 05:15:00,2247.27
2025-11-19 05:30:00,2273.44
2025-11-19 05:45:00,2338.96
2025-11-19 06:00:00,2530.66
2025-11-19 06:15:00,2778.76
2025-11-19 06:30:00,3135.86
2025-11-19 06:45:00,3575.63
2025-11-19 07:00:00,3696.86
2025-11-19 07:15:00,3648.78
2025-11-19 07:30:00,3027.31
2025-11-19 07:45:00,3027.96
2025-11-19 08:00:00,3186.67
2025-11-19 08:15:00,3182.55
2025-11-19 08:30:00,3137.89
2025-11-19 08:45:00,2892.11
2025-11-19 09:00:00,2762.17
2025-11-19 09:15:00,2714.73
2025-11-19 09:30:00,2672.87
2025-11-19 09:45:00,2403.17
2025-11-19 10:00:00,2364.68
2025-11-19 10:15:00,2094.73
2025-11-19 10:30:00,1785.72
2025-11-19 10:45:00,1757.47
2025-11-19 11:00:00,1482.56
2025-11-19 11:15:00,1422.51
2025-11-19 11:30:00,1521.29
2025-11-19 11:45:00,918.67
2025-11-19 12:00:00,916.55
2025-11-19 12:15:00,1063.12
2025-11-19 12:30:00,995.54
2025-11-19 12:45:00,1006.49
2025-11-19 13:00:00,967.54
2025-11-19 13:15:00,1041.85
2025-11-19 13:30:00,1043.83
2025-11-19 13:45:00,1011.29
2025-11-19 14:00:00,996.27
2025-11-19 14:15:00,881.66
2025-11-19 14:30:00,948.91
2025-11-19 14:45:00,1227.45
2025-11-19 15:00:00,1599.95
2025-11-19 15:15:00,2203.98
2025-11-19 15:30:00,3205.32
2025-11-19 15:45:00,3970.06
2025-11-19 16:00:00,4517.83
2025-11-19 16:15:00,5182.84
2025-11-19 16:30:00,5906.72
2025-11-19 16:45:00,6527.3
2025-11-19 17:00:00,6453.8
2025-11-19 17:15:00,6413.15
2025-11-19 17:30:00,5961.56
2025-11-19 17:45:00,6392.66
2025-11-19 18:00:00,6819.55
2025-11-19 18:15:00,6810.4
2025-11-19 18:30:00,6903.27
2025-11-19 18:45:00,7087.45
2025-11-19 19:00:00,7004.64
2025-11-19 19:15:00,6943.96
2025-11-19 19:30:00,7426.97
2025-11-19 19:45:00,7302.36
2025-11-19 20:00:00,6973.17
2025-11-19 20:15:00,6669.14
2025-11-19 20:30:00,7009.1
2025-11-19 20:45:00,6531.41
2025-11-19 21:00:00,6486.35
2025-11-19 21:15:00,6477.89
2025-11-19 21:30:00,6245.08
2025-11-19 21:45:00,5781.08
2025-11-19 22:00:00,5669.9
2025-11-19 22:15:00,5473.87
2025-11-19 22:30:00,5294.69
2025-11-19 22:45:00,4943.01
2025-11-19 23:00:00,4564.09
2025-11-19 23:15:00,4337.61
2025-11-19 23:30:00,3935.9
2025-11-19 23:45:00,3101.46
2025-11-20 00:00:00,5284.29
2025-11-20 00:15:00,4860.55
2025-11-20 00:30:00,4674.89
2025-11-20 00:45:00,4751.23
2025-11-20 01:00:00,4639.51
2025-11-20 01:15:00,4677.66
2025-11-20 01:30:00,4551.79
2025-11-20 01:45:00,4245.97
2025-11-20 02:00:00,3637.13
2025-11-20 02:15:00,3400.76
2025-11-20 02:30:00,3303.46
2025-11-20 02:45:00,2839.74
2025-11-20 03:00:00,2531.65
2025-11-20 03:15:00,2480.36
2025-11-20 03:30:00,2614.45
2025-11-20 03:45:00,2396.49
2025-11-20 04:00:00,2399.39
2025-11-20 04:15:00,2433.06
2025-11-20 04:30:00,2646.34
2025-11-20 04:45:00,2631.28
2025-11-20 05:00:00,2599.38
2025-11-20 05:15:00,2612.03
2025-11-20 05:30:00,2679.01
2025-11-20 05:45:00,2923.1
2025-11-20 06:00:00,3194.6
2025-11-20 06:15:00,3439.68
2025-11-20 06:30:00,3635.16
2025-11-20 06:45:00,3811.49
2025-11-20 07:00:00,3818.04
2025-11-20 07:15:00,3943.53
2025-11-20 07:30:00,3488.6
2025-11-20 07:45:00,3505.81
2025-11-20 08:00:00,3386.85
2025-11-20 08:15:00,3270.62
2025-11-20 08:30:00,3195.51
2025-11-20 08:45:00,2573.73
2025-11-20 09:00:00,2584.39
2025-11-20 09:15:00,2643.79
2025-11-20 09:30:00,2695.28
2025-11-20 09:45:00,2681.52
2025-11-20 10:00:00,2626.77
2025-11-20 10:15:00,2619.59
2025-11-20 10:30:00,2094.66
2025-11-20 10:45:00,1916.05
2025-11-20 11:00:00,1516.12
2025-11-20 11:15:00,1297.68
2025-11-20 11:30:00,1015.01
2025-11-20 11:45:00,925.94
2025-11-20 12:00:00,994.84
2025-11-20 12:15:00,974.35
2025-11-20 12:30:00,1011.47
2025-11-20 12:45:00,916.82
2025-11-20 13:00:00,1042.4
2025-11-20 13:15:00,1054.28
2025-11-20 13:30:00,947.36
2025-11-20 13:45:00,912.08
2025-11-20 14:00:00,923.01
2025-11-20 14:15:00,1206.84
2025-11-20 14:30:00,1398.77
2025-11-20 14:45:00,1392.06
2025-11-20 15:00:00,1890.82
2025-11-20 15:15:00,3068.59
2025-11-20 15:30:00,3802.18
2025-11-20 15:45:00,4406.9
2025-11-20 16:00:00,4794.79
2025-11-20 16:15:00,5202.26
2025-11-20 16:30:00,5877.35
2025-11-20 16:45:00,6303.32
2025-11-20 17:00:00,6808.7
2025-11-20 17:15:00,6913.81
2025-11-20 17:30:00,6998.1
2025-11-20 17:45:00,7000.87
2025-11-20 18:00:00,7019.89
2025-11-20 18:15:00,7053.15
2025-11-20 18:30:00,7137.12
2025-11-20 18:45:00,7198.03
2025-11-20 19:00:00,7198.56
2025-11-20 19:15:00,7199.69
2025-11-20 19:30:00,7293.35
2025-11-20 19:45:00,7283.43
2025-11-20 20:00:00,7161.69
2025-11-20 20:15:00,7040.94
2025-11-20 20:30:00,6881.23
2025-11-20 20:45:00,6505.95
2025-11-20 21:00:00,6735.66
2025-11-20 21:15:00,6792.34
2025-11-20 21:30:00,6650.66
2025-11-20 21:45:00,6648.91
2025-11-20 22:00:00,6301.38
2025-11-20 22:15:00,5890.92
2025-11-20 22:30:00,5103.36
2025-11-20 22:45:00,4278.13
2025-11-20 23:00:00,4022.35
2025-11-20 23:15:00,3714.56
2025-11-20 23:30:00,3390.2
2025-11-20 23:45:00,3211.99
2025-11-21 00:00:00,4725.8
2025-11-21 00:15:00,4616.69
2025-11-21 00:30:00,4488.72
2025-11-21 00:45:00,4269.74
2025-11-21 01:00:00,4069.97
2025-11-21 01:15:00,4388.7
2025-11-21 01:30:00,3955.56
2025-11-21 01:45:00,3514.51
2025-11-21 02:00:00,3112.02
2025-11-21 02:15:00,2909.42
2025-11-21 02:30:00,2777.85
2025-11-21 02:45:00,2629.93
2025-11-21 03:00:00,2205.65
2025-11-21 03:15:00,2211.13
2025-11-21 03:30:00,2151.09
2025-11-21 03:45:00,2154.62
2025-11-21 04:00:00,2061.28
2025-11-21 04:15:00,2063.58
2025-11-21 04:30:00,2076.98
2025-11-21 04:45:00,2126.5
2025-11-21 05:00:00,2066.35
2025-11-21 05:15:00,2106.14
2025-11-21 05:30:00,2254.65
2025-11-21 05:45:00,2589.39
2025-11-21 06:00:00,2972.76
2025-11-21 06:15:00,3178.09
2025-11-21 06:30:00,3539.49
2025-11-21 06:45:00,3499.71
2025-11-21 07:00:00,3511.67
2025-11-21 07:15:00,3387.64
2025-11-21 07:30:00,3401.11
2025-11-21 07:45:00,3154.36
2025-11-21 08:00:00,3080.03
2025-11-21 08:15:00,2877.85
2025-11-21 08:30:00,2780.25
2025-11-21 08:45:00,1899.43
2025-11-21 09:00:00,1863.72
2025-11-21 09:15:00,1800.84
2025-11-21 09:30:00,1650.51
2025-11-21 09:45:00,1334.75
2025-11-21 10:00:00,1272.11
2025-11-21 10:15:00,1053.33
2025-11-21 10:30:00,1060.52
2025-11-21 10:45:00,1165.31
2025-11-21 11:00:00,1172.86
2025-11-21 11:15:00,1061.16
2025-11-21 11:30:00,849.39
2025-11-21 11:45:00,816.33
2025-11-21 12:00:00,1090.15
2025-11-21 12:15:00,878.76
2025-11-21 12:30:00,889.29
2025-11-21 12:45:00,1056.31
2025-11-21 13:00:00,986.46
2025-11-21 13:15:00,853.8
2025-11-21 13:30:00,987.57
2025-11-21 13:45:00,853.75
2025-11-21 14:00:00,783.29
2025-11-21 14:15:00,798.25
2025-11-21 14:30:00,1049.69
2025-11-21 14:45:00,1180.23
2025-11-21 15:00:00,1435.61
2025-11-21 15:15:00,2214.25
2025-11-21 15:30:00,3189.98
2025-11-21 15:45:00,4086.68
2025-11-21 16:00:00,4724.86
2025-11-21 16:15:00,5830.86
2025-11-21 16:30:00,6871.11
2025-11-21 16:45:00,7000.05
2025-11-21 17:00:00,6881.59
2025-11-21 17:15:00,6297.89
2025-11-21 17:30:00,6357.0
2025-11-21 17:45:00,6096.69
2025-11-21 18:00:00,6462.28
2025-11-21 18:15:00,7030.64
2025-11-21 18:30:00,7471.79
2025-11-21 18:45:00,7833.91
2025-11-21 19:00:00,7813.86
2025-11-21 19:15:00,7767.32
2025-11-21 19:30:00,7770.14
2025-11-21 19:45:00,7799.44
2025-11-21 20:00:00,7667.92
2025-11-21 20:15:00,7832.9
2025-11-21 20:30:00,7980.04
2025-11-21 20:45:00,7503.39
2025-11-21 21:00:00,7143.21
2025-11-21 21:15:00,7306.65
2025-11-21 21:30:00,6768.45
2025-11-21 21:45:00,6471.84
2025-11-21 22:00:00,6003.78
2025-11-21 22:15:00,5796.98
2025-11-21 22:30:00,5044.29
2025-11-21 22:45:00,4138.42
2025-11-21 23:00:00,3936.81
2025-11-21 23:15:00,3530.18
2025-11-21 23:30:00,3276.15
2025-11-21 23:45:00,3213.29
2025-11-22 00:00:00,4640.91
2025-11-22 00:15:00,5063.49
2025-11-22 00:30:00,5068.95
2025-11-22 00:45:00,4652.28
2025-11-22 01:00:00,4324.9
2025-11-22 01:15:00,4381.49
2025-11-22 01:30:00,4471.6
2025-11-22 01:45:00,4100.51
2025-11-22 02:00:00,3663.42
2025-11-22 02:15:00,3638.55
2025-11-22 02:30:00,3586.03
2025-11-22 02:45:00,3340.12
2025-11-22 03:00:00,3249.24
2025-11-22 03:15:00,3181.13
2025-11-22 03:30:00,3096.24
2025-11-22 03:45:00,3082.22
2025-11-22 04:00:00,3061.46
2025-11-22 04:15:00,3235.34
2025-11-22 04:30:00,3071.52
2025-11-22 04:45:00,2722.21
2025-11-22 05:00:00,2874.73
2025-11-22 05:15:00,2972.97
2025-11-22 05:30:00,3029.22
2025-11-22 05:45:00,3086.53
2025-11-22 06:00:00,2884.07
2025-11-22 06:15:00,2988.87
2025-11-22 06:30:00,3081.56
2025-11-22 06:45:00,3018.54
2025-11-22 07:00:00,2854.18
2025-11-22 07:15:00,2810.37
2025-11-22 07:30:00,2804.72
2025-11-22 07:45:00,2564.98
2025-11-22 08:00:00,2431.88
2025-11-22 08:15:00,2217.12
2025-11-22 08:30:00,1971.12
2025-11-22 08:45:00,1921.65
2025-11-22 09:00:00,1854.82
2025-11-22 09:15:00,1714.87
2025-11-22 09:30:00,1376.99
2025-11-22 09:45:00,1052.3
2025-11-22 10:00:00,890.24
2025-11-22 10:15:00,938.43
2025-11-22 10:30:00,958.35
2025-11-22 10:45:00,975.19
2025-11-22 11:00:00,968.43
2025-11-22 11:15:00,931.07
2025-11-22 11:30:00,773.19
2025-11-22 11:45:00,773.63
2025-11-22 12:00:00,777.63
2025-11-22 12:15:00,843.89
2025-11-22 12:30:00,787.68
2025-11-22 12:45:00,786.26
2025-11-22 13:00:00,788.24
2025-11-22 13:15:00,798.28
2025-11-22 13:30:00,704.3
2025-11-22 13:45:00,750.41
2025-11-22 14:00:00,720.01
2025-11-22 14:15:00,869.92
2025-11-22 14:30:00,1022.94
2025-11-22 14:45:00,1290.79
2025-11-22 15:00:00,1823.81
2025-11-22 15:15:00,2658.53
2025-11-22 15:30:00,3440.08
2025-11-22 15:45:00,4295.0
2025-11-22 16:00:00,4856.08
2025-11-22 16:15:00,5525.03
2025-11-22 16:30:00,6442.96
2025-11-22 16:45:00,6648.48
2025-11-22 17:00:00,6852.36
2025-11-22 17:15:00,6810.68
2025-11-22 17:30:00,6530.21
2025-11-22 17:45:00,6785.27
2025-11-22 18:00:00,7048.41
2025-11-22 18:15:00,7019.02
2025-11-22 18:30:00,7098.51
2025-11-22 18:45:00,7116.27
2025-11-22 19:00:00,7534.16
2025-11-22 19:15:00,7614.14
2025-11-22 19:30:00,7442.71
2025-11-22 19:45:00,7488.6
2025-11-22 20:00:00,7490.29
2025-11-22 20:15:00,7501.55
2025-11-22 20:30:00,7446.97
2025-11-22 20:45:00,7329.65
2025-11-22 21:00:00,7102.25
2025-11-22 21:15:00,7118.22
2025-11-22 21:30:00,7061.7
2025-11-22 21:45:00,6551.92
2025-11-22 22:00:00,6106.01
2025-11-22 22:15:00,5740.12
2025-11-22 22:30:00,5180.63
2025-11-22 22:45:00,4356.38
2025-11-22 23:00:00,4055.69
2025-11-22 23:15:00,3319.58
2025-11-22 23:30:00,2799.7
2025-11-22 23:45:00,2829.99
2025-11-23 00:00:00,5909.93
2025-11-23 00:15:00,5256.75
2025-11-23 00:30:00,4865.04
2025-11-23 00:45:00,4678.66
2025-11-23 01:00:00,4355.02
2025-11-23 01:15:00,4203.95
2025-11-23 01:30:00,4182.97
2025-11-23 01:45:00,3578.35
2025-11-23 02:00:00,3145.57
2025-11-23 02:15:00,2987.01
2025-11-23 02:30:00,2958.96
2025-11-23 02:45:00,2668.6
2025-11-23 03:00:00,2171.42
2025-11-23 03:15:00,2161.73
2025-11-23 03:30:00,2219.1
2025-11-23 03:45:00,2051.57
2025-11-23 04:00:00,1915.85
2025-11-23 04:15:00,2013.64
2025-11-23 04:30:00,2110.67
2025-11-23 04:45:00,2049.49
2025-11-23 05:00:00,1954.95
2025-11-23 05:15:00,2329.63
2025-11-23 05:30:00,2208.56
2025-11-23 05:45:00,2587.84
2025-11-23 06:00:00,2692.81
2025-11-23 06:15:00,2810.92
2025-11-23 06:30:00,2944.62
2025-11-23 06:45:00,3376.53
2025-11-23 07:00:00,3557.12
2025-11-23 07:15:00,3581.8
2025-11-23 07:30:00,3567.81
2025-11-23 07:45:00,3365.2
2025-11-23 08:00:00,3313.44
2025-11-23 08:15:00,3374.57
2025-11-23 08:30:00,2966.34
2025-11-23 08:45:00,3099.14
2025-11-23 09:00:00,2828.15
2025-11-23 09:15:00,2835.94
2025-11-23 09:30:00,2490.72
2025-11-23 09:45:00,2015.88
2025-11-23 10:00:00,2079.14
2025-11-23 10:15:00,1755.88
2025-11-23 10:30:00,1515.39
2025-11-23 10:45:00,1358.7
2025-11-23 11:00:00,1677.81
2025-11-23 11:15:00,1106.78
2025-11-23 11:30:00,933.12
2025-11-23 11:45:00,1025.56
2025-11-23 12:00:00,1519.24
2025-11-23 12:15:00,1225.25
2025-11-23 12:30:00,1069.64
2025-11-23 12:45:00,1056.63
2025-11-23 13:00:00,924.19
2025-11-23 13:15:00,912.82
2025-11-23 13:30:00,1019.74
2025-11-23 13:45:00,909.1
2025-11-23 14:00:00,801.65
2025-11-23 14:15:00,1099.79
2025-11-23 14:30:00,1289.1
2025-11-23 14:45:00,1413.05
2025-11-23 15:00:00,1898.83
2025-11-23 15:15:00,2884.94
2025-11-23 15:30:00,3738.32
2025-11-23 15:45:00,4227.36
2025-11-23 16:00:00,4618.22
2025-11-23 16:15:00,5546.89
2025-11-23 16:30:00,6559.6
2025-11-23 16:45:00,6542.35
2025-11-23 17:00:00,7075.59
2025-11-23 17:15:00,6967.04
2025-11-23 17:30:00,6578.8
2025-11-23 17:45:00,6844.2
2025-11-23 18:00:00,7219.23
2025-11-23 18:15:00,7443.15
2025-11-23 18:30:00,7314.85
2025-11-23 18:45:00,7239.65
2025-11-23 19:00:00,7261.49
2025-11-23 19:15:00,7257.98
2025-11-23 19:30:00,7394.82
2025-11-23 19:45:00,7583.22
2025-11-23 20:00:00,7478.52
2025-11-23 20:15:00,7342.62
2025-11-23 20:30:00,7185.28
2025-11-23 20:45:00,7001.75
2025-11-23 21:00:00,6662.63
2025-11-23 21:15:00,6664.16
2025-11-23 21:30:00,6381.18
2025-11-23 21:45:00,6036.5
2025-11-23 22:00:00,5844.62
2025-11-23 22:15:00,5459.49
2025-11-23 22:30:00,4673.76
2025-11-23 22:45:00,4162.09
2025-11-23 23:00:00,3745.56
2025-11-23 23:15:00,3372.97
2025-11-23 23:30:00,3115.25
2025-11-23 23:45:00,3190.95
2025-11-24 00:00:00,6076.43
2025-11-24 00:15:00,5982.07
2025-11-24 00:30:00,5602.32
2025-11-24 00:45:00,5256.04
2025-11-24 01:00:00,4899.58
2025-11-24 01:15:00,4622.21
2025-11-24 01:30:00,4646.78
2025-11-24 01:45:00,4473.98
2025-11-24 02:00:00,4210.27
2025-11-24 02:15:00,4100.36
2025-11-24 02:30:00,4138.12
2025-11-24 02:45:00,4142.1
2025-11-24 03:00:00,3903.32
2025-11-24 03:15:00,3674.48
2025-11-24 03:30:00,3757.24
2025-11-24 03:45:00,3388.02
2025-11-24 04:00:00,3504.34
2025-11-24 04:15:00,3640.3
2025-11-24 04:30:00,3577.67
2025-11-24 04:45:00,3459.24
2025-11-24 05:00:00,3543.97
2025-11-24 05:15:00,3748.9
2025-11-24 05:30:00,3896.39
2025-11-24 05:45:00,3787.41
2025-11-24 06:00:00,3929.79
2025-11-24 06:15:00,3923.8
2025-11-24 06:30:00,4189.47
2025-11-24 06:45:00,4592.41
2025-11-24 07:00:00,4573.9
2025-11-24 07:15:00,4234.66
2025-11-24 07:30:00,3934.19
2025-11-24 07:45:00,3878.07
2025-11-24 08:00:00,3947.51
2025-11-24 08:15:00,4075.97
2025-11-24 08:30:00,3648.05
2025-11-24 08:45:00,3516.98
2025-11-24 09:00:00,3307.84
2025-11-24 09:15:00,2952.01
2025-11-24 09:30:00,2964.95
2025-11-24 09:45:00,2409.43
2025-11-24 10:00:00,1985.51
2025-11-24 10:15:00,1378.35
2025-11-24 10:30:00,1196.12
2025-11-24 10:45:00,1251.2
2025-11-24 11:00:00,1163.05
2025-11-24 11:15:00,738.82
2025-11-24 11:30:00,667.85
2025-11-24 11:45:00,630.79
2025-11-24 12:00:00,911.84
2025-11-24 12:15:00,923.85
2025-11-24 12:30:00,950.11
2025-11-24 12:45:00,659.25
2025-11-24 13:00:00,656.56
2025-11-24 13:15:00,659.07
2025-11-24 13:30:00,659.83
2025-11-24 13:45:00,666.7
2025-11-24 14:00:00,665.39
2025-11-24 14:15:00,710.85
2025-11-24 14:30:00,704.44
2025-11-24 14:45:00,940.79
2025-11-24 15:00:00,970.42
2025-11-24 15:15:00,1104.84
2025-11-24 15:30:00,1411.48
2025-11-24 15:45:00,1765.11
2025-11-24 16:00:00,1985.91
2025-11-24 16:15:00,2576.49
2025-11-24 16:30:00,2847.33
2025-11-24 16:45:00,3211.3
2025-11-24 17:00:00,4205.94
2025-11-24 17:15:00,5470.11
2025-11-24 17:30:00,6120.25
2025-11-24 17:45:00,5810.22
2025-11-24 18:00:00,6044.77
2025-11-24 18:15:00,5700.68
2025-11-24 18:30:00,4907.23
2025-11-24 18:45:00,4611.96
2025-11-24 19:00:00,4319.32
2025-11-24 19:15:00,4217.32
2025-11-24 19:30:00,4377.82
2025-11-24 19:45:00,4771.41
2025-11-24 20:00:00,4441.58
2025-11-24 20:15:00,4289.69
2025-11-24 20:30:00,4624.9
2025-11-24 20:45:00,4525.7
2025-11-24 21:00:00,4455.69
2025-11-24 21:15:00,4485.32
2025-11-24 21:30:00,4121.15
2025-11-24 21:45:00,3528.09
2025-11-24 22:00:00,3146.04
2025-11-24 22:15:00,3223.96
2025-11-24 22:30:00,3009.53
2025-11-24 22:45:00,2463.1
2025-11-24 23:00:00,2293.86
2025-11-24 23:15:00,2288.88
2025-11-24 23:30:00,2402.27
2025-11-24 23:45:00,2562.35
2025-11-25 00:00:00,4983.81
2025-11-25 00:15:00,4267.38
2025-11-25 00:30:00,3931.82
2025-11-25 00:45:00,3762.26
2025-11-25 01:00:00,3862.9
2025-11-25 01:15:00,3838.53
2025-11-25 01:30:00,3791.78
2025-11-25 01:45:00,3716.65
2025-11-25 02:00:00,3478.75
2025-11-25 02:15:00,3179.48
2025-11-25 02:30:00,2861.85
2025-11-25 02:45:00,2579.02
2025-11-25 03:00:00,2366.78
2025-11-25 03:15:00,2712.08
2025-11-25 03:30:00,2401.24
2025-11-25 03:45:00,2214.34
2025-11-25 04:00:00,2610.14
2025-11-25 04:15:00,2289.01
2025-11-25 04:30:00,2413.09
2025-11-25 04:45:00,2652.43
2025-11-25 05:00:00,2601.55
2025-11-25 05:15:00,2620.07
2025-11-25 05:30:00,1967.15
2025-11-25 05:45:00,1900.46
2025-11-25 06:00:00,1902.27
2025-11-25 06:15:00,2338.27
2025-11-25 06:30:00,2602.22
2025-11-25 06:45:00,2796.68
2025-11-25 07:00:00,2839.62
2025-11-25 07:15:00,2562.74
2025-11-25 07:30:00,2268.47
2025-11-25 07:45:00,1880.2
2025-11-25 08:00:00,1789.08
2025-11-25 08:15:00,1792.32
2025-11-25 08:30:00,1739.82
2025-11-25 08:45:00,1801.86
2025-11-25 09:00:00,1804.98
2025-11-25 09:15:00,1861.12
2025-11-25 09:30:00,2022.05
2025-11-25 09:45:00,1857.71
2025-11-25 10:00:00,1683.58
2025-11-25 10:15:00,1215.95
2025-11-25 10:30:00,1109.33
2025-11-25 10:45:00,1114.36
2025-11-25 11:00:00,1114.24
2025-11-25 11:15:00,597.47
2025-11-25 11:30:00,556.48
2025-11-25 11:45:00,562.62
2025-11-25 12:00:00,578.89
2025-11-25 12:15:00,458.76
2025-11-25 12:30:00,498.58
2025-11-25 12:45:00,444.53
2025-11-25 13:00:00,409.51
2025-11-25 13:15:00,506.95
2025-11-25 13:30:00,594.04
2025-11-25 13:45:00,523.94
2025-11-25 14:00:00,459.54
2025-11-25 14:15:00,751.86
2025-11-25 14:30:00,548.63
2025-11-25 14:45:00,923.44
2025-11-25 15:00:00,863.96
2025-11-25 15:15:00,1514.87
2025-11-25 15:30:00,2163.68
2025-11-25 15:45:00,3131.82
2025-11-25 16:00:00,3893.02
2025-11-25 16:15:00,4508.96
2025-11-25 16:30:00,5166.12
2025-11-25 16:45:00,5659.21
2025-11-25 17:00:00,5897.38
2025-11-25 17:15:00,5842.21
2025-11-25 17:30:00,5913.05
2025-11-25 17:45:00,5965.3
2025-11-25 18:00:00,5908.35
2025-11-25 18:15:00,5902.09
2025-11-25 18:30:00,5808.41
2025-11-25 18:45:00,5805.02
2025-11-25 19:00:00,5826.35
2025-11-25 19:15:00,5823.55
2025-11-25 19:30:00,6257.81
2025-11-25 19:45:00,5931.93
2025-11-25 20:00:00,5671.85
2025-11-25 20:15:00,5640.79
2025-11-25 20:30:00,5961.09
2025-11-25 20:45:00,5674.41
2025-11-25 21:00:00,5343.36
2025-11-25 21:15:00,5339.65
2025-11-25 21:30:00,5176.27
2025-11-25 21:45:00,4721.7
2025-11-25 22:00:00,4668.27
2025-11-25 22:15:00,4398.6
2025-11-25 22:30:00,4769.44
2025-11-25 22:45:00,4278.44
2025-11-25 23:00:00,4185.15
2025-11-25 23:15:00,4131.45
2025-11-25 23:30:00,3876.34
2025-11-25 23:45:00,3808.73
2025-11-26 00:00:00,5590.24
2025-11-26 00:15:00,5170.22
2025-11-26 00:30:00,5045.73
2025-11-26 00:45:00,4880.61
2025-11-26 01:00:00,4822.79
2025-11-26 01:15:00,4661.02
2025-11-26 01:30:00,4744.29
2025-11-26 01:45:00,4603.37
2025-11-26 02:00:00,4159.97
2025-11-26 02:15:00,4389.38
2025-11-26 02:30:00,4276.37
2025-11-26 02:45:00,4083.6
2025-11-26 03:00:00,4349.82
2025-11-26 03:15:00,4014.97
2025-11-26 03:30:00,4082.55
2025-11-26 03:45:00,4038.41
2025-11-26 04:00:00,3974.65
2025-11-26 04:15:00,4193.42
2025-11-26 04:30:00,3938.7
2025-11-26 04:45:00,3941.04
2025-11-26 05:00:00,4066.05
2025-11-26 05:15:00,4258.39
2025-11-26 05:30:00,4121.71
2025-11-26 05:45:00,4233.91
2025-11-26 06:00:00,4324.75
2025-11-26 06:15:00,4384.19
2025-11-26 06:30:00,4671.2
2025-11-26 06:45:00,4883.39
2025-11-26 07:00:00,4806.66
2025-11-26 07:15:00,4797.71
2025-11-26 07:30:00,4293.61
2025-11-26 07:45:00,3979.87
2025-11-26 08:00:00,3878.84
2025-11-26 08:15:00,4021.53
2025-11-26 08:30:00,3562.68
2025-11-26 08:45:00,3225.35
2025-11-26 09:00:00,3127.2
2025-11-26 09:15:00,2602.62
2025-11-26 09:30:00,2322.12
2025-11-26 09:45:00,1660.36
2025-11-26 10:00:00,1585.91
2025-11-26 10:15:00,1288.17
2025-11-26 10:30:00,816.3
2025-11-26 10:45:00,926.72
2025-11-26 11:00:00,709.54
2025-11-26 11:15:00,710.47
2025-11-26 11:30:00,731.28
2025-11-26 11:45:00,702.05
2025-11-26 12:00:00,795.85
2025-11-26 12:15:00,680.73
2025-11-26 12:30:00,674.98
2025-11-26 12:45:00,728.67
2025-11-26 13:00:00,631.53
2025-11-26 13:15:00,848.23
2025-11-26 13:30:00,810.32
2025-11-26 13:45:00,766.42
2025-11-26 14:00:00,663.45
2025-11-26 14:15:00,892.96
2025-11-26 14:30:00,738.74
2025-11-26 14:45:00,861.16
2025-11-26 15:00:00,1007.28
2025-11-26 15:15:00,1370.79
2025-11-26 15:30:00,1820.37
2025-11-26 15:45:00,2424.01
2025-11-26 16:00:00,3131.31
2025-11-26 16:15:00,3948.47
2025-11-26 16:30:00,4545.09
2025-11-26 16:45:00,4800.83
2025-11-26 17:00:00,5095.5
2025-11-26 17:15:00,5286.42
2025-11-26 17:30:00,5392.64
2025-11-26 17:45:00,5089.18
2025-11-26 18:00:00,5278.3
2025-11-26 18:15:00,5407.21
2025-11-26 18:30:00,5566.04
2025-11-26 18:45:00,5563.44
2025-11-26 19:00:00,5626.81
2025-11-26 19:15:00,5597.19
2025-11-26 19:30:00,5490.11
2025-11-26 19:45:00,4986.63
2025-11-26 20:00:00,4842.34
2025-11-26 20:15:00,4389.06
2025-11-26 20:30:00,4231.57
2025-11-26 20:45:00,4046.09
2025-11-26 21:00:00,3826.19
2025-11-26 21:15:00,3830.18
2025-11-26 21:30:00,3696.8
2025-11-26 21:45:00,3391.38
2025-11-26 22:00:00,2826.08
2025-11-26 22:15:00,2554.28
2025-11-26 22:30:00,2173.75
2025-11-26 22:45:00,2112.77
2025-11-26 23:00:00,1714.41
2025-11-26 23:15:00,1293.51
2025-11-26 23:30:00,1179.77
2025-11-26 23:45:00,1256.46
2025-11-27 00:00:00,2977.92
2025-11-27 00:15:00,2045.77
2025-11-27 00:30:00,1509.76
2025-11-27 00:45:00,1524.93
2025-11-27 01:00:00,1497.64
2025-11-27 01:15:00,1394.95
2025-11-27 01:30:00,1395.16
2025-11-27 01:45:00,1418.24
2025-11-27 02:00:00,1583.45
2025-11-27 02:15:00,1320.67
2025-11-27 02:30:00,1318.55
2025-11-27 02:45:00,1548.17
2025-11-27 03:00:00,1600.81
2025-11-27 03:15:00,1339.11
2025-11-27 03:30:00,1558.02
2025-11-27 03:45:00,1435.18
2025-11-27 04:00:00,1340.28
2025-11-27 04:15:00,1575.05
2025-11-27 04:30:00,1333.89
2025-11-27 04:45:00,1404.46
2025-11-27 05:00:00,1412.5
2025-11-27 05:15:00,1354.49
2025-11-27 05:30:00,1364.67
2025-11-27 05:45:00,1474.38
2025-11-27 06:00:00,1490.02
2025-11-27 06:15:00,1580.52
2025-11-27 06:30:00,1574.53
2025-11-27 06:45:00,1617.32
2025-11-27 07:00:00,1957.3
2025-11-27 07:15:00,1978.51
2025-11-27 07:30:00,1669.76
2025-11-27 07:45:00,1893.63
2025-11-27 08:00:00,1838.91
2025-11-27 08:15:00,1855.1
2025-11-27 08:30:00,1413.22
2025-11-27 08:45:00,1369.32
2025-11-27 09:00:00,1368.92
2025-11-27 09:15:00,1046.84
2025-11-27 09:30:00,1058.9
2025-11-27 09:45:00,849.66
2025-11-27 10:00:00,610.09
2025-11-27 10:15:00,436.3
2025-11-27 10:30:00,499.82
2025-11-27 10:45:00,658.15
2025-11-27 11:00:00,620.77
2025-11-27 11:15:00,507.35
2025-11-27 11:30:00,451.78
2025-11-27 11:45:00,421.89
2025-11-27 12:00:00,827.87
2025-11-27 12:15:00,703.45
2025-11-27 12:30:00,634.98
2025-11-27 12:45:00,584.22
2025-11-27 13:00:00,526.56
2025-11-27 13:15:00,486.12
2025-11-27 13:30:00,497.45
2025-11-27 13:45:00,494.32
2025-11-27 14:00:00,510.74
2025-11-27 14:15:00,581.42
2025-11-27 14:30:00,497.19
2025-11-27 14:45:00,717.66
2025-11-27 15:00:00,767.9
2025-11-27 15:15:00,1537.84
2025-11-27 15:30:00,2170.6
2025-11-27 15:45:00,3142.06
2025-11-27 16:00:00,2960.66
2025-11-27 16:15:00,3244.31
2025-11-27 16:30:00,3652.67
2025-11-27 16:45:00,4814.79
2025-11-27 17:00:00,5204.33
2025-11-27 17:15:00,5419.66
2025-11-27 17:30:00,5602.09
2025-11-27 17:45:00,5845.92
2025-11-27 18:00:00,6116.88
2025-11-27 18:15:00,6312.63
2025-11-27 18:30:00,5953.44
2025-11-27 18:45:00,6445.95
2025-11-27 19:00:00,6491.99
2025-11-27 19:15:00,6691.04
2025-11-27 19:30:00,6693.86
2025-11-27 19:45:00,6773.79
2025-11-27 20:00:00,6595.27
2025-11-27 20:15:00,6669.26
2025-11-27 20:30:00,6704.99
2025-11-27 20:45:00,6661.62
2025-11-27 21:00:00,6387.45
2025-11-27 21:15:00,6229.69
2025-11-27 21:30:00,6038.01
2025-11-27 21:45:00,5691.24
2025-11-27 22:00:00,5488.27
2025-11-27 22:15:00,5268.63
2025-11-27 22:30:00,5061.12
2025-11-27 22:45:00,4605.8
2025-11-27 23:00:00,4256.86
2025-11-27 23:15:00,3849.73
2025-11-27 23:30:00,3074.29
2025-11-27 23:45:00,2756.1
2025-11-28 00:00:00,5095.88
2025-11-28 00:15:00,4282.2
2025-11-28 00:30:00,3781.93
2025-11-28 00:45:00,3449.87
2025-11-28 01:00:00,3323.84
2025-11-28 01:15:00,3169.87
2025-11-28 01:30:00,3106.67
2025-11-28 01:45:00,2964.92
2025-11-28 02:00:00,2745.01
2025-11-28 02:15:00,2837.42
2025-11-28 02:30:00,2634.98
2025-11-28 02:45:00,2595.08
2025-11-28 03:00:00,2671.49
2025-11-28 03:15:00,2529.25
2025-11-28 03:30:00,2560.34
2025-11-28 03:45:00,2724.33
2025-11-28 04:00:00,2615.32
2025-11-28 04:15:00,2639.15
2025-11-28 04:30:00,2593.74
2025-11-28 04:45:00,2603.28
2025-11-28 05:00:00,2718.59
2025-11-28 05:15:00,2880.6
2025-11-28 05:30:00,2836.78
2025-11-28 05:45:00,2951.23
2025-11-28 06:00:00,2953.75
2025-11-28 06:15:00,2913.41
2025-11-28 06:30:00,3018.01
2025-11-28 06:45:00,3133.1
2025-11-28 07:00:00,3305.56
2025-11-28 07:15:00,3245.72
2025-11-28 07:30:00,3174.68
2025-11-28 07:45:00,2878.82
2025-11-28 08:00:00,2865.63
2025-11-28 08:15:00,2420.51
2025-11-28 08:30:00,1894.44
2025-11-28 08:45:00,1528.98
2025-11-28 09:00:00,1497.71
2025-11-28 09:15:00,1136.05
2025-11-28 09:30:00,1140.91
2025-11-28 09:45:00,907.74
2025-11-28 10:00:00,622.49
2025-11-28 10:15:00,522.93
2025-11-28 10:30:00,496.33
2025-11-28 10:45:00,487.46
2025-11-28 11:00:00,495.15
2025-11-28 11:15:00,496.96
2025-11-28 11:30:00,444.81
2025-11-28 11:45:00,370.27
2025-11-28 12:00:00,636.43
2025-11-28 12:15:00,473.41
2025-11-28 12:30:00,397.21
2025-11-28 12:45:00,517.91
2025-11-28 13:00:00,497.65
2025-11-28 13:15:00,554.66
2025-11-28 13:30:00,563.5
2025-11-28 13:45:00,417.21
2025-11-28 14:00:00,451.3
2025-11-28 14:15:00,514.0
2025-11-28 14:30:00,426.51
2025-11-28 14:45:00,598.36
2025-11-28 15:00:00,543.11
2025-11-28 15:15:00,885.17
2025-11-28 15:30:00,1404.45
2025-11-28 15:45:00,2329.18
2025-11-28 16:00:00,2415.35
2025-11-28 16:15:00,3014.12
2025-11-28 16:30:00,4571.69
2025-11-28 16:45:00,5682.29
2025-11-28 17:00:00,5881.95
2025-11-28 17:15:00,6251.12
2025-11-28 17:30:00,6247.06
2025-11-28 17:45:00,6735.7
2025-11-28 18:00:00,6620.96
2025-11-28 18:15:00,6822.08
2025-11-28 18:30:00,6368.65
2025-11-28 18:45:00,6614.16
2025-11-28 19:00:00,6502.46
2025-11-28 19:15:00,6569.62
2025-11-28 19:30:00,6572.35
2025-11-28 19:45:00,6681.78
2025-11-28 20:00:00,6437.21
2025-11-28 20:15:00,6468.92
2025-11-28 20:30:00,6539.96
2025-11-28 20:45:00,6042.58
2025-11-28 21:00:00,6033.04
2025-11-28 21:15:00,5940.99
2025-11-28 21:30:00,5890.95
2025-11-28 21:45:00,5708.92
2025-11-28 22:00:00,5591.84
2025-11-28 22:15:00,5488.82
2025-11-28 22:30:00,5308.22
2025-11-28 22:45:00,4821.59
2025-11-28 23:00:00,4180.28
2025-11-28 23:15:00,3909.38
2025-11-28 23:30:00,3570.98
2025-11-28 23:45:00,3357.48
2025-11-29 00:00:00,5286.03
2025-11-29 00:15:00,4786.62
2025-11-29 00:30:00,4115.86
2025-11-29 00:45:00,3675.76
2025-11-29 01:00:00,3157.17
2025-11-29 01:15:00,3055.58
2025-11-29 01:30:00,3110.49
2025-11-29 01:45:00,2964.29
2025-11-29 02:00:00,2777.52
2025-11-29 02:15:00,2714.93
2025-11-29 02:30:00,2649.93
2025-11-29 02:45:00,2800.44
2025-11-29 03:00:00,2667.03
2025-11-29 03:15:00,2696.1
2025-11-29 03:30:00,2629.34
2025-11-29 03:45:00,2828.74
2025-11-29 04:00:00,2792.7
2025-11-29 04:15:00,2605.47
2025-11-29 04:30:00,2646.65
2025-11-29 04:45:00,2436.12
2025-11-29 05:00:00,2556.88
2025-11-29 05:15:00,2520.8
2025-11-29 05:30:00,2819.11
2025-11-29 05:45:00,2759.24
2025-11-29 06:00:00,2866.8
2025-11-29 06:15:00,2853.22
2025-11-29 06:30:00,2982.97
2025-11-29 06:45:00,3162.12
2025-11-29 07:00:00,3225.27
2025-11-29 07:15:00,3570.32
2025-11-29 07:30:00,3639.09
2025-11-29 07:45:00,3359.7
2025-11-29 08:00:00,2901.4
2025-11-29 08:15:00,2442.0
2025-11-29 08:30:00,2085.54
2025-11-29 08:45:00,1569.49
2025-11-29 09:00:00,1568.63
2025-11-29 09:15:00,1268.0
2025-11-29 09:30:00,1213.84
2025-11-29 09:45:00,896.52
2025-11-29 10:00:00,651.76
2025-11-29 10:15:00,667.01
2025-11-29 10:30:00,686.12
2025-11-29 10:45:00,753.94
2025-11-29 11:00:00,1007.22
2025-11-29 11:15:00,1015.94
2025-11-29 11:30:00,839.83
2025-11-29 11:45:00,627.04
2025-11-29 12:00:00,734.46
2025-11-29 12:15:00,494.94
2025-11-29 12:30:00,504.91
2025-11-29 12:45:00,503.23
2025-11-29 13:00:00,482.96
2025-11-29 13:15:00,563.44
2025-11-29 13:30:00,561.03
2025-11-29 13:45:00,646.88
2025-11-29 14:00:00,672.22
2025-11-29 14:15:00,667.61
2025-11-29 14:30:00,672.74
2025-11-29 14:45:00,607.34
2025-11-29 15:00:00,630.71
2025-11-29 15:15:00,583.15
2025-11-29 15:30:00,630.98
2025-11-29 15:45:00,1096.08
2025-11-29 16:00:00,1699.69
2025-11-29 16:15:00,3014.46
2025-11-29 16:30:00,4500.62
2025-11-29 16:45:00,5099.19
2025-11-29 17:00:00,5790.62
2025-11-29 17:15:00,5689.75
2025-11-29 17:30:00,5700.85
2025-11-29 17:45:00,6066.47
2025-11-29 18:00:00,6097.82
2025-11-29 18:15:00,6218.54
2025-11-29 18:30:00,6205.11
2025-11-29 18:45:00,6551.21
2025-11-29 19:00:00,6600.7
2025-11-29 19:15:00,6716.37
2025-11-29 19:30:00,6171.14
2025-11-29 19:45:00,6141.33
2025-11-29 20:00:00,5994.89
2025-11-29 20:15:00,6029.01
2025-11-29 20:30:00,6003.24
2025-11-29 20:45:00,5946.51
2025-11-29 21:00:00,5869.25
2025-11-29 21:15:00,5786.62
2025-11-29 21:30:00,5773.19
2025-11-29 21:45:00,5949.12
2025-11-29 22:00:00,5923.79
2025-11-29 22:15:00,5409.96
2025-11-29 22:30:00,5305.46
2025-11-29 22:45:00,4910.55
2025-11-29 23:00:00,4109.58
2025-11-29 23:15:00,3776.83
2025-11-29 23:30:00,3376.62
2025-11-29 23:45:00,2329.28
2025-11-30 00:00:00,4972.53
2025-11-30 00:15:00,4763.56
2025-11-30 00:30:00,3794.47
2025-11-30 00:45:00,3134.21
2025-11-30 01:00:00,2797.21
2025-11-30 01:15:00,2865.73
2025-11-30 01:30:00,2760.83
2025-11-30 01:45:00,2468.8
2025-11-30 02:00:00,2503.72
2025-11-30 02:15:00,2590.79
2025-11-30 02:30:00,2590.31
2025-11-30 02:45:00,2558.62
2025-11-30 03:00:00,2602.35
2025-11-30 03:15:00,2630.28
2025-11-30 03:30:00,2631.28
2025-11-30 03:45:00,2633.4
2025-11-30 04:00:00,2378.67
2025-11-30 04:15:00,2343.05
2025-11-30 04:30:00,2303.31
2025-11-30 04:45:00,2307.23
2025-11-30 05:00:00,2459.91
2025-11-30 05:15:00,2598.48
2025-11-30 05:30:00,2561.01
2025-11-30 05:45:00,2436.84
2025-11-30 06:00:00,2666.33
2025-11-30 06:15:00,2773.39
2025-11-30 06:30:00,2748.66
2025-11-30 06:45:00,2814.39
2025-11-30 07:00:00,3034.38
2025-11-30 07:15:00,3012.36
2025-11-30 07:30:00,2665.37
2025-11-30 07:45:00,2801.89
2025-11-30 08:00:00,2543.98
2025-11-30 08:15:00,2362.54
2025-11-30 08:30:00,1869.08
2025-11-30 08:45:00,1476.49
2025-11-30 09:00:00,1428.95
2025-11-30 09:15:00,1326.48
2025-11-30 09:30:00,1250.86
2025-11-30 09:45:00,800.45
2025-11-30 10:00:00,406.94
2025-11-30 10:15:00,355.86
2025-11-30 10:30:00,357.88
2025-11-30 10:45:00,420.87
2025-11-30 11:00:00,427.31
2025-11-30 11:15:00,535.65
2025-11-30 11:30:00,621.41
2025-11-30 11:45:00,507.26
2025-11-30 12:00:00,1435.65
2025-11-30 12:15:00,583.26
2025-11-30 12:30:00,258.68
2025-11-30 12:45:00,360.89
2025-11-30 13:00:00,433.59
2025-11-30 13:15:00,334.66
2025-11-30 13:30:00,449.03
2025-11-30 13:45:00,675.93
2025-11-30 14:00:00,555.62
2025-11-30 14:15:00,537.13
2025-11-30 14:30:00,534.8
2025-11-30 14:45:00,751.56
2025-11-30 15:00:00,636.05
2025-11-30 15:15:00,857.89
2025-11-30 15:30:00,1254.03
2025-11-30 15:45:00,2212.89
2025-11-30 16:00:00,2720.19
2025-11-30 16:15:00,3587.84
2025-11-30 16:30:00,4359.44
2025-11-30 16:45:00,5094.28
2025-11-30 17:00:00,5401.33
2025-11-30 17:15:00,5711.11
2025-11-30 17:30:00,5962.4
2025-11-30 17:45:00,6299.93
2025-11-30 18:00:00,6274.45
2025-11-30 18:15:00,6266.63
2025-11-30 18:30:00,6614.82
2025-11-30 18:45:00,6578.22
2025-11-30 19:00:00,6539.86
2025-11-30 19:15:00,6874.1
2025-11-30 19:30:00,6747.77
2025-11-30 19:45:00,6903.11
2025-11-30 20:00:00,6606.52
2025-11-30 20:15:00,6318.82
2025-11-30 20:30:00,6319.53
2025-11-30 20:45:00,6419.69
2025-11-30 21:00:00,6026.35
2025-11-30 21:15:00,5945.39
2025-11-30 21:30:00,5915.38
2025-11-30 21:45:00,5946.3
2025-11-30 22:00:00,5721.06
2025-11-30 22:15:00,5293.4
2025-11-30 22:30:00,5100.18
2025-11-30 22:45:00,4605.1
2025-11-30 23:00:00,4248.06
2025-11-30 23:15:00,3550.32
2025-11-30 23:30:00,2869.7
2025-11-30 23:45:00,2491.73
2025-12-01 00:00:00,4536.59
2025-12-01 00:15:00,4341.5
2025-12-01 00:30:00,3702.8
2025-12-01 00:45:00,3503.08
2025-12-01 01:00:00,3108.47
2025-12-01 01:15:00,3043.05
2025-12-01 01:30:00,3027.75
2025-12-01 01:45:00,2816.34
2025-12-01 02:00:00,2591.03
2025-12-01 02:15:00,2547.65
2025-12-01 02:30:00,2603.9
2025-12-01 02:45:00,2653.17
2025-12-01 03:00:00,2732.79
2025-12-01 03:15:00,2605.54
2025-12-01 03:30:00,2489.25
2025-12-01 03:45:00,2445.36
2025-12-01 04:00:00,2387.56
2025-12-01 04:15:00,2594.57
2025-12-01 04:30:00,2481.54
2025-12-01 04:45:00,2681.81
2025-12-01 05:00:00,2630.96
2025-12-01 05:15:00,2491.65
2025-12-01 05:30:00,2754.02
2025-12-01 05:45:00,2568.29
2025-12-01 06:00:00,2717.76
2025-12-01 06:15:00,2920.37
2025-12-01 06:30:00,3073.75
2025-12-01 06:45:00,3150.02
2025-12-01 07:00:00,3244.76
2025-12-01 07:15:00,3173.4
2025-12-01 07:30:00,2660.56
2025-12-01 07:45:00,2752.28
2025-12-01 08:00:00,2477.53
2025-12-01 08:15:00,2182.7
2025-12-01 08:30:00,1892.32
2025-12-01 08:45:00,1767.58
2025-12-01 09:00:00,1536.73
2025-12-01 09:15:00,1232.8
2025-12-01 09:30:00,1073.36
2025-12-01 09:45:00,1070.14
2025-12-01 10:00:00,688.29
2025-12-01 10:15:00,670.61
2025-12-01 10:30:00,569.78
2025-12-01 10:45:00,579.31
2025-12-01 11:00:00,568.54
2025-12-01 11:15:00,580.74
2025-12-01 11:30:00,454.07
2025-12-01 11:45:00,482.07
2025-12-01 12:00:00,481.05
2025-12-01 12:15:00,572.58
2025-12-01 12:30:00,516.03
2025-12-01 12:45:00,597.55
2025-12-01 13:00:00,641.06
2025-12-01 13:15:00,650.67
2025-12-01 13:30:00,724.82
2025-12-01 13:45:00,543.63
2025-12-01 14:00:00,626.5
2025-12-01 14:15:00,655.16
2025-12-01 14:30:00,501.4
2025-12-01 14:45:00,602.05
2025-12-01 15:00:00,729.77
2025-12-01 15:15:00,1070.67
2025-12-01 15:30:00,1259.85
2025-12-01 15:45:00,2050.77
2025-12-01 16:00:00,2738.85
2025-12-01 16:15:00,4130.65
2025-12-01 16:30:00,4459.39
2025-12-01 16:45:00,4941.51
2025-12-01 17:00:00,5131.44
2025-12-01 17:15:00,5598.55
2025-12-01 17:30:00,5605.49
2025-12-01 17:45:00,5731.98
2025-12-01 18:00:00,5758.95
2025-12-01 18:15:00,5813.35
2025-12-01 18:30:00,5557.12
2025-12-01 18:45:00,5878.3
2025-12-01 19:00:00,5675.56
2025-12-01 19:15:00,5679.5
2025-12-01 19:30:00,6051.5
2025-12-01 19:45:00,6078.02
2025-12-01 20:00:00,5892.75
2025-12-01 20:15:00,6005.4
2025-12-01 20:30:00,5949.13
2025-12-01 20:45:00,5776.07
2025-12-01 21:00:00,5696.86
2025-12-01 21:15:00,5594.64
2025-12-01 21:30:00,5495.21
2025-12-01 21:45:00,5336.03
2025-12-01 22:00:00,5080.36
2025-12-01 22:15:00,4513.17
2025-12-01 22:30:00,4121.32
2025-12-01 22:45:00,3676.63
2025-12-01 23:00:00,3450.05
2025-12-01 23:15:00,3142.7
2025-12-01 23:30:00,2910.29
2025-12-01 23:45:00,3209.58
2025-12-02 00:00:00,5179.06
2025-12-02 00:15:00,4131.54
2025-12-02 00:30:00,3858.38
2025-12-02 00:45:00,3539.32
2025-12-02 01:00:00,3529.55
2025-12-02 01:15:00,2983.34
2025-12-02 01:30:00,2702.44
2025-12-02 01:45:00,2329.22
2025-12-02 02:00:00,1860.52
2025-12-02 02:15:00,1780.09
2025-12-02 02:30:00,1837.3
2025-12-02 02:45:00,1717.13
2025-12-02 03:00:00,1889.97
2025-12-02 03:15:00,1464.69
2025-12-02 03:30:00,1302.86
2025-12-02 03:45:00,1170.13
2025-12-02 04:00:00,1449.74
2025-12-02 04:15:00,1444.87
2025-12-02 04:30:00,1243.39
2025-12-02 04:45:00,1486.46
2025-12-02 05:00:00,1537.38
2025-12-02 05:15:00,1602.16
2025-12-02 05:30:00,1947.45
2025-12-02 05:45:00,2111.92
2025-12-02 06:00:00,2632.4
2025-12-02 06:15:00,2526.77
2025-12-02 06:30:00,2623.1
2025-12-02 06:45:00,3003.36
2025-12-02 07:00:00,3945.78
2025-12-02 07:15:00,4327.54
2025-12-02 07:30:00,3900.15
2025-12-02 07:45:00,4190.9
2025-12-02 08:00:00,4114.91
2025-12-02 08:15:00,4143.76
2025-12-02 08:30:00,4090.97
2025-12-02 08:45:00,4410.3
2025-12-02 09:00:00,4684.87
2025-12-02 09:15:00,5290.55
2025-12-02 09:30:00,4342.15
2025-12-02 09:45:00,3047.4
2025-12-02 10:00:00,2549.05
2025-12-02 10:15:00,2552.09
2025-12-02 10:30:00,2477.31
2025-12-02 10:45:00,2487.74
2025-12-02 11:00:00,2423.2
2025-12-02 11:15:00,2078.36
2025-12-02 11:30:00,2037.01
2025-12-02 11:45:00,2054.69
2025-12-02 12:00:00,2177.11
2025-12-02 12:15:00,2164.15
2025-12-02 12:30:00,1994.96
2025-12-02 12:45:00,2140.34
2025-12-02 13:00:00,2147.41
2025-12-02 13:15:00,1800.24
2025-12-02 13:30:00,1510.85
2025-12-02 13:45:00,1475.01
2025-12-02 14:00:00,1464.77
2025-12-02 14:15:00,1420.81
2025-12-02 14:30:00,1401.06
2025-12-02 14:45:00,1623.8
2025-12-02 15:00:00,1647.82
2025-12-02 15:15:00,1939.92
2025-12-02 15:30:00,1976.93
2025-12-02 15:45:00,2470.79
2025-12-02 16:00:00,2884.0
2025-12-02 16:15:00,3320.59
2025-12-02 16:30:00,3860.84
2025-12-02 16:45:00,4014.34
2025-12-02 17:00:00,4012.86
2025-12-02 17:15:00,4704.21
2025-12-02 17:30:00,4937.91
2025-12-02 17:45:00,4923.17
2025-12-02 18:00:00,4991.14
2025-12-02 18:15:00,4953.47
2025-12-02 18:30:00,5087.92
2025-12-02 18:45:00,5153.5
2025-12-02 19:00:00,5132.66
2025-12-02 19:15:00,5007.13
2025-12-02 19:30:00,4759.22
2025-12-02 19:45:00,4517.71
2025-12-02 20:00:00,3986.05
2025-12-02 20:15:00,3879.95
2025-12-02 20:30:00,3563.21
2025-12-02 20:45:00,3404.39
2025-12-02 21:00:00,2833.73
2025-12-02 21:15:00,2527.26
2025-12-02 21:30:00,2147.17
2025-12-02 21:45:00,1945.47
2025-12-02 22:00:00,1887.35
2025-12-02 22:15:00,1884.57
2025-12-02 22:30:00,1797.84
2025-12-02 22:45:00,1699.02
2025-12-02 23:00:00,1768.92
2025-12-02 23:15:00,1606.49
2025-12-02 23:30:00,1355.46
2025-12-02 23:45:00,1760.99
2025-12-03 00:00:00,3005.32
2025-12-03 00:15:00,2438.86
2025-12-03 00:30:00,2157.42
2025-12-03 00:45:00,1881.29
2025-12-03 01:00:00,2002.61
2025-12-03 01:15:00,1898.16
2025-12-03 01:30:00,1969.66
2025-12-03 01:45:00,1613.78
2025-12-03 02:00:00,1147.77
2025-12-03 02:15:00,823.48
2025-12-03 02:30:00,553.72
2025-12-03 02:45:00,523.91
2025-12-03 03:00:00,356.52
2025-12-03 03:15:00,310.56
2025-12-03 03:30:00,357.61
2025-12-03 03:45:00,206.86
2025-12-03 04:00:00,184.5
2025-12-03 04:15:00,273.39
2025-12-03 04:30:00,272.36
2025-12-03 04:45:00,173.16
2025-12-03 05:00:00,396.98
2025-12-03 05:15:00,796.33
2025-12-03 05:30:00,1127.45
2025-12-03 05:45:00,1495.04
2025-12-03 06:00:00,1821.61
2025-12-03 06:15:00,1873.23
2025-12-03 06:30:00,1998.53
2025-12-03 06:45:00,2017.84
2025-12-03 07:00:00,2128.12
2025-12-03 07:15:00,2573.79
2025-12-03 07:30:00,2484.12
2025-12-03 07:45:00,2143.93
2025-12-03 08:00:00,2363.38
2025-12-03 08:15:00,2331.7
2025-12-03 08:30:00,2046.28
2025-12-03 08:45:00,2270.43
2025-12-03 09:00:00,1957.36
2025-12-03 09:15:00,2114.06
2025-12-03 09:30:00,1823.17
2025-12-03 09:45:00,2204.46
2025-12-03 10:00:00,1945.58
2025-12-03 10:15:00,1973.95
2025-12-03 10:30:00,1850.08
2025-12-03 10:45:00,1843.02
2025-12-03 11:00:00,1967.34
2025-12-03 11:15:00,1984.26
2025-12-03 11:30:00,2013.31
2025-12-03 11:45:00,1677.37
2025-12-03 12:00:00,1658.55
2025-12-03 12:15:00,1661.94
2025-12-03 12:30:00,1642.85
2025-12-03 12:45:00,1638.13
2025-12-03 13:00:00,1638.09
2025-12-03 13:15:00,1587.16
2025-12-03 13:30:00,1576.03
2025-12-03 13:45:00,1713.55
2025-12-03 14:00:00,1585.17
2025-12-03 14:15:00,1857.12
2025-12-03 14:30:00,1843.53
2025-12-03 14:45:00,1889.45
2025-12-03 15:00:00,1811.21
2025-12-03 15:15:00,2005.22
2025-12-03 15:30:00,2551.15
2025-12-03 15:45:00,3347.59
2025-12-03 16:00:00,3743.43
2025-12-03 16:15:00,4207.65
2025-12-03 16:30:00,4839.02
2025-12-03 16:45:00,4809.3
2025-12-03 17:00:00,5194.66
2025-12-03 17:15:00,5573.03
2025-12-03 17:30:00,5971.5
2025-12-03 17:45:00,6142.41
2025-12-03 18:00:00,6232.46
2025-12-03 18:15:00,5861.26
2025-12-03 18:30:00,5862.97
2025-12-03 18:45:00,6106.45
2025-12-03 19:00:00,6378.49
2025-12-03 19:15:00,6293.72
2025-12-03 19:30:00,6374.47
2025-12-03 19:45:00,6446.29
2025-12-03 20:00:00,6163.59
2025-12-03 20:15:00,5984.53
2025-12-03 20:30:00,5611.83
2025-12-03 20:45:00,5328.1
2025-12-03 21:00:00,4992.81
2025-12-03 21:15:00,4905.64
2025-12-03 21:30:00,4473.32
2025-12-03 21:45:00,3809.71
2025-12-03 22:00:00,3291.41
2025-12-03 22:15:00,3095.26
2025-12-03 22:30:00,2933.98
2025-12-03 22:45:00,2839.76
2025-12-03 23:00:00,2687.21
2025-12-03 23:15:00,2634.26
2025-12-03 23:30:00,2415.16
2025-12-03 23:45:00,2270.24
2025-12-04 00:00:00,3500.48
2025-12-04 00:15:00,2431.73
2025-12-04 00:30:00,2096.14
2025-12-04 00:45:00,1731.63
2025-12-04 01:00:00,1738.4
2025-12-04 01:15:00,1968.4
2025-12-04 01:30:00,1709.87
2025-12-04 01:45:00,1546.24
2025-12-04 02:00:00,1281.01
2025-12-04 02:15:00,947.42
2025-12-04 02:30:00,640.44
2025-12-04 02:45:00,632.53
2025-12-04 03:00:00,400.88
2025-12-04 03:15:00,476.99
2025-12-04 03:30:00,573.25
2025-12-04 03:45:00,580.61
2025-12-04 04:00:00,547.25
2025-12-04 04:15:00,494.0
2025-12-04 04:30:00,627.54
2025-12-04 04:45:00,622.96
2025-12-04 05:00:00,633.99
2025-12-04 05:15:00,929.96
2025-12-04 05:30:00,1210.3
2025-12-04 05:45:00,1483.67
2025-12-04 06:00:00,1832.04
2025-12-04 06:15:00,2056.29
2025-12-04 06:30:00,2206.95
2025-12-04 06:45:00,1921.97
2025-12-04 07:00:00,2264.39
2025-12-04 07:15:00,2361.43
2025-12-04 07:30:00,2242.94
2025-12-04 07:45:00,2210.4
2025-12-04 08:00:00,2255.67
2025-12-04 08:15:00,2238.25
2025-12-04 08:30:00,2187.76
2025-12-04 08:45:00,2179.77
2025-12-04 09:00:00,1823.57
2025-12-04 09:15:00,1753.92
2025-12-04 09:30:00,1826.89
2025-12-04 09:45:00,1910.48
2025-12-04 10:00:00,1686.76
2025-12-04 10:15:00,1682.87
2025-12-04 10:30:00,1693.48
2025-12-04 10:45:00,1902.96
2025-12-04 11:00:00,1787.73
2025-12-04 11:15:00,1752.71
2025-12-04 11:30:00,1846.1
2025-12-04 11:45:00,1612.74
2025-12-04 12:00:00,2315.08
2025-12-04 12:15:00,2104.39
2025-12-04 12:30:00,1588.46
2025-12-04 12:45:00,1671.93
2025-12-04 13:00:00,1690.81
2025-12-04 13:15:00,1840.76
2025-12-04 13:30:00,1828.28
2025-12-04 13:45:00,1870.99
2025-12-04 14:00:00,1657.18
2025-12-04 14:15:00,1882.28
2025-12-04 14:30:00,1867.31
2025-12-04 14:45:00,2232.75
2025-12-04 15:00:00,2242.67
2025-12-04 15:15:00,2453.15
2025-12-04 15:30:00,3016.2
2025-12-04 15:45:00,3890.16
2025-12-04 16:00:00,4566.27
2025-12-04 16:15:00,5012.82
2025-12-04 16:30:00,5310.43
2025-12-04 16:45:00,5711.09
2025-12-04 17:00:00,5363.82
2025-12-04 17:15:00,5332.42
2025-12-04 17:30:00,5833.09
2025-12-04 17:45:00,5709.94
2025-12-04 18:00:00,5712.87
2025-12-04 18:15:00,5785.76
2025-12-04 18:30:00,5797.33
2025-12-04 18:45:00,5875.73
2025-12-04 19:00:00,5905.06
2025-12-04 19:15:00,6073.71
2025-12-04 19:30:00,5955.38
2025-12-04 19:45:00,6068.45
2025-12-04 20:00:00,5944.12
2025-12-04 20:15:00,5902.56
2025-12-04 20:30:00,5683.6
2025-12-04 20:45:00,5290.46
2025-12-04 21:00:00,5070.82
2025-12-04 21:15:00,4879.23
2025-12-04 21:30:00,4344.64
2025-12-04 21:45:00,3905.15
2025-12-04 22:00:00,3421.12
2025-12-04 22:15:00,2851.24
2025-12-04 22:30:00,2245.69
2025-12-04 22:45:00,2003.47
2025-12-04 23:00:00,2025.61
2025-12-04 23:15:00,1588.35
2025-12-04 23:30:00,1581.39
2025-12-04 23:45:00,1584.99
2025-12-05 00:00:00,3209.95
2025-12-05 00:15:00,2273.04
2025-12-05 00:30:00,2013.37
2025-12-05 00:45:00,1921.12
2025-12-05 01:00:00,1893.01
2025-12-05 01:15:00,1813.91
2025-12-05 01:30:00,1399.68
2025-12-05 01:45:00,719.89
2025-12-05 02:00:00,499.58
2025-12-05 02:15:00,253.57
2025-12-05 02:30:00,239.49
2025-12-05 02:45:00,279.97
2025-12-05 03:00:00,367.58
2025-12-05 03:15:00,362.06
2025-12-05 03:30:00,484.73
2025-12-05 03:45:00,683.36
2025-12-05 04:00:00,463.45
2025-12-05 04:15:00,510.57
2025-12-05 04:30:00,371.96
2025-12-05 04:45:00,327.47
2025-12-05 05:00:00,339.45
2025-12-05 05:15:00,648.57
2025-12-05 05:30:00,939.44
2025-12-05 05:45:00,1288.52
2025-12-05 06:00:00,1815.52
2025-12-05 06:15:00,1748.66
2025-12-05 06:30:00,2038.04
2025-12-05 06:45:00,2104.59
2025-12-05 07:00:00,2294.17
2025-12-05 07:15:00,2308.96
2025-12-05 07:30:00,2306.45
2025-12-05 07:45:00,2316.63
2025-12-05 08:00:00,2315.58
2025-12-05 08:15:00,2496.28
2025-12-05 08:30:00,2510.34
2025-12-05 08:45:00,2712.04
2025-12-05 09:00:00,3437.4
2025-12-05 09:15:00,3270.32
2025-12-05 09:30:00,2518.0
2025-12-05 09:45:00,2556.28
2025-12-05 10:00:00,3022.95
2025-12-05 10:15:00,2714.97
2025-12-05 10:30:00,2659.56
2025-12-05 10:45:00,2985.4
2025-12-05 11:00:00,3473.12
2025-12-05 11:15:00,3480.88
2025-12-05 11:30:00,3095.85
2025-12-05 11:45:00,2556.54
2025-12-05 12:00:00,2534.45
2025-12-05 12:15:00,2063.61
2025-12-05 12:30:00,1826.78
2025-12-05 12:45:00,1599.57
2025-12-05 13:00:00,1836.81
2025-12-05 13:15:00,1601.63
2025-12-05 13:30:00,1901.41
2025-12-05 13:45:00,1922.23
2025-12-05 14:00:00,1578.0
2025-12-05 14:15:00,1570.13
2025-12-05 14:30:00,1566.08
2025-12-05 14:45:00,1899.58
2025-12-05 15:00:00,2126.99
2025-12-05 15:15:00,2446.27
2025-12-05 15:30:00,2953.79
2025-12-05 15:45:00,3818.57
2025-12-05 16:00:00,4456.3
2025-12-05 16:15:00,4960.57
2025-12-05 16:30:00,5227.58
2025-12-05 16:45:00,5872.39
2025-12-05 17:00:00,6270.0
2025-12-05 17:15:00,6331.54
2025-12-05 17:30:00,6551.51
2025-12-05 17:45:00,6362.36
2025-12-05 18:00:00,6582.59
2025-12-05 18:15:00,6604.95
2025-12-05 18:30:00,6564.24
2025-12-05 18:45:00,6807.14
2025-12-05 19:00:00,6959.88
2025-12-05 19:15:00,6821.25
2025-12-05 19:30:00,6887.58
2025-12-05 19:45:00,6685.23
2025-12-05 20:00:00,6450.63
2025-12-05 20:15:00,6219.49
2025-12-05 20:30:00,6321.2
2025-12-05 20:45:00,5713.22
2025-12-05 21:00:00,5416.96
2025-12-05 21:15:00,5166.1
2025-12-05 21:30:00,4786.06
2025-12-05 21:45:00,4151.84
2025-12-05 22:00:00,3828.6
2025-12-05 22:15:00,3514.71
2025-12-05 22:30:00,3022.14
2025-12-05 22:45:00,2735.69
2025-12-05 23:00:00,2686.83
2025-12-05 23:15:00,2685.46
2025-12-05 23:30:00,2406.37
2025-12-05 23:45:00,2159.45
2025-12-06 00:00:00,3918.42
2025-12-06 00:15:00,2982.58
2025-12-06 00:30:00,2541.32
2025-12-06 00:45:00,2364.8
2025-12-06 01:00:00,2408.44
2025-12-06 01:15:00,2218.43
2025-12-06 01:30:00,2093.92
2025-12-06 01:45:00,2218.45
2025-12-06 02:00:00,2007.81
2025-12-06 02:15:00,1738.57
2025-12-06 02:30:00,1774.16
2025-12-06 02:45:00,1757.41
2025-12-06 03:00:00,1708.34
2025-12-06 03:15:00,1542.67
2025-12-06 03:30:00,1746.4
2025-12-06 03:45:00,1730.56
2025-12-06 04:00:00,1655.94
2025-12-06 04:15:00,1516.26
2025-12-06 04:30:00,1637.05
2025-12-06 04:45:00,1513.43
2025-12-06 05:00:00,1732.95
2025-12-06 05:15:00,1613.39
2025-12-06 05:30:00,1671.74
2025-12-06 05:45:00,1666.44
2025-12-06 06:00:00,1685.28
2025-12-06 06:15:00,1659.03
2025-12-06 06:30:00,1651.67
2025-12-06 06:45:00,1695.68
2025-12-06 07:00:00,2360.35
2025-12-06 07:15:00,2743.08
2025-12-06 07:30:00,2745.59
2025-12-06 07:45:00,2293.72
2025-12-06 08:00:00,1880.3
2025-12-06 08:15:00,1885.57
2025-12-06 08:30:00,1868.9
2025-12-06 08:45:00,1809.48
2025-12-06 09:00:00,1691.31
2025-12-06 09:15:00,1535.37
2025-12-06 09:30:00,1305.64
2025-12-06 09:45:00,1331.26
2025-12-06 10:00:00,1489.66
2025-12-06 10:15:00,1441.62
2025-12-06 10:30:00,1104.71
2025-12-06 10:45:00,947.18
2025-12-06 11:00:00,559.19
2025-12-06 11:15:00,103.64
2025-12-06 11:30:00,95.44
2025-12-06 11:45:00,76.87
2025-12-06 12:00:00,71.07
2025-12-06 12:15:00,66.32
2025-12-06 12:30:00,21.72
2025-12-06 12:45:00,126.34
2025-12-06 13:00:00,93.74
2025-12-06 13:15:00,47.96
2025-12-06 13:30:00,212.49
2025-12-06 13:45:00,187.3
2025-12-06 14:00:00,106.11
2025-12-06 14:15:00,145.58
2025-12-06 14:30:00,257.75
2025-12-06 14:45:00,699.18
2025-12-06 15:00:00,1045.7
2025-12-06 15:15:00,1849.31
2025-12-06 15:30:00,2634.65
2025-12-06 15:45:00,3465.62
2025-12-06 16:00:00,4064.13
2025-12-06 16:15:00,4767.16
2025-12-06 16:30:00,4971.28
2025-12-06 16:45:00,4773.26
2025-12-06 17:00:00,5163.0
2025-12-06 17:15:00,5640.8
2025-12-06 17:30:00,6070.5
2025-12-06 17:45:00,5929.8
2025-12-06 18:00:00,6467.02
2025-12-06 18:15:00,6218.9
2025-12-06 18:30:00,6151.67
2025-12-06 18:45:00,6220.12
2025-12-06 19:00:00,6277.53
2025-12-06 19:15:00,5962.89
2025-12-06 19:30:00,6224.39
2025-12-06 19:45:00,6345.39
2025-12-06 20:00:00,6460.03
2025-12-06 20:15:00,6123.41
2025-12-06 20:30:00,5996.47
2025-12-06 20:45:00,5232.26
2025-12-06 21:00:00,5167.18
2025-12-06 21:15:00,5247.77
2025-12-06 21:30:00,4354.36
2025-12-06 21:45:00,4213.41
2025-12-06 22:00:00,3489.11
2025-12-06 22:15:00,2988.65
2025-12-06 22:30:00,2785.7
2025-12-06 22:45:00,2660.51
2025-12-06 23:00:00,2567.18
2025-12-06 23:15:00,2481.79
2025-12-06 23:30:00,2336.42
2025-12-06 23:45:00,3082.24
2025-12-07 00:00:00,4041.56
2025-12-07 00:15:00,3083.1
2025-12-07 00:30:00,2432.14
2025-12-07 00:45:00,2396.8
2025-12-07 01:00:00,2099.37
2025-12-07 01:15:00,2025.88
2025-12-07 01:30:00,2154.55
2025-12-07 01:45:00,2250.44
2025-12-07 02:00:00,2037.12
2025-12-07 02:15:00,1967.07
2025-12-07 02:30:00,1903.07
2025-12-07 02:45:00,1747.2
2025-12-07 03:00:00,1692.95
2025-12-07 03:15:00,1728.74
2025-12-07 03:30:00,1509.74
2025-12-07 03:45:00,1576.18
2025-12-07 04:00:00,1619.23
2025-12-07 04:15:00,1687.29
2025-12-07 04:30:00,1680.69
2025-12-07 04:45:00,1678.58
2025-12-07 05:00:00,1700.45
2025-12-07 05:15:00,1631.4
2025-12-07 05:30:00,1703.06
2025-12-07 05:45:00,1746.98
2025-12-07 06:00:00,1891.68
2025-12-07 06:15:00,1887.75
2025-12-07 06:30:00,1777.68
2025-12-07 06:45:00,2304.72
2025-12-07 07:00:00,2756.04
2025-12-07 07:15:00,3110.05
2025-12-07 07:30:00,3123.95
2025-12-07 07:45:00,3138.3
2025-12-07 08:00:00,3334.1
2025-12-07 08:15:00,3269.0
2025-12-07 08:30:00,3050.6
2025-12-07 08:45:00,3235.19
2025-12-07 09:00:00,2808.97
2025-12-07 09:15:00,2828.39
2025-12-07 09:30:00,2555.71
2025-12-07 09:45:00,2517.14
2025-12-07 10:00:00,2534.89
2025-12-07 10:15:00,2530.93
2025-12-07 10:30:00,2509.54
2025-12-07 10:45:00,2663.21
2025-12-07 11:00:00,2641.11
2025-12-07 11:15:00,2750.2
2025-12-07 11:30:00,2568.69
2025-12-07 11:45:00,2715.42
2025-12-07 12:00:00,3111.94
2025-12-07 12:15:00,3149.94
2025-12-07 12:30:00,3111.3
2025-12-07 12:45:00,2152.87
2025-12-07 13:00:00,1916.74
2025-12-07 13:15:00,1911.26
2025-12-07 13:30:00,1616.7
2025-12-07 13:45:00,1360.72
2025-12-07 14:00:00,1041.17
2025-12-07 14:15:00,1284.67
2025-12-07 14:30:00,1248.87
2025-12-07 14:45:00,1418.0
2025-12-07 15:00:00,1484.3
2025-12-07 15:15:00,1576.12
2025-12-07 15:30:00,1898.75
2025-12-07 15:45:00,2891.71
2025-12-07 16:00:00,3685.3
2025-12-07 16:15:00,4043.26
2025-12-07 16:30:00,4440.14
2025-12-07 16:45:00,4125.79
2025-12-07 17:00:00,4146.93
2025-12-07 17:15:00,4091.24
2025-12-07 17:30:00,4308.26
2025-12-07 17:45:00,4191.14
2025-12-07 18:00:00,4559.87
2025-12-07 18:15:00,4582.9
2025-12-07 18:30:00,4601.16
2025-12-07 18:45:00,4770.93
2025-12-07 19:00:00,4922.22
2025-12-07 19:15:00,5131.83
2025-12-07 19:30:00,5041.37
2025-12-07 19:45:00,4765.18
2025-12-07 20:00:00,4546.43
2025-12-07 20:15:00,4574.04
2025-12-07 20:30:00,4374.6
2025-12-07 20:45:00,4048.34
2025-12-07 21:00:00,3945.14
2025-12-07 21:15:00,3838.97
2025-12-07 21:30:00,3687.53
2025-12-07 21:45:00,3363.49
2025-12-07 22:00:00,3137.13
2025-12-07 22:15:00,2811.65
2025-12-07 22:30:00,2706.61
2025-12-07 22:45:00,2715.08
2025-12-07 23:00:00,2612.74
2025-12-07 23:15:00,2496.68
2025-12-07 23:30:00,1495.98
2025-12-07 23:45:00,1352.6
2025-12-08 00:00:00,2742.06
2025-12-08 00:15:00,2555.73
2025-12-08 00:30:00,2004.14
2025-12-08 00:45:00,1823.25
2025-12-08 01:00:00,1890.4
2025-12-08 01:15:00,1874.28
2025-12-08 01:30:00,1756.83
2025-12-08 01:45:00,1609.19
2025-12-08 02:00:00,1478.66
2025-12-08 02:15:00,1436.13
2025-12-08 02:30:00,1379.97
2025-12-08 02:45:00,1474.59
2025-12-08 03:00:00,1426.32
2025-12-08 03:15:00,1460.84
2025-12-08 03:30:00,1454.86
2025-12-08 03:45:00,1493.92
2025-12-08 04:00:00,1478.38
2025-12-08 04:15:00,1454.5
2025-12-08 04:30:00,1462.13
2025-12-08 04:45:00,1402.63
2025-12-08 05:00:00,1443.33
2025-12-08 05:15:00,1454.7
2025-12-08 05:30:00,1445.39
2025-12-08 05:45:00,1368.95
2025-12-08 06:00:00,1519.77
2025-12-08 06:15:00,1522.67
2025-12-08 06:30:00,1540.61
2025-12-08 06:45:00,1499.86
2025-12-08 07:00:00,1667.86
2025-12-08 07:15:00,2040.68
2025-12-08 07:30:00,1975.56
2025-12-08 07:45:00,1989.17
2025-12-08 08:00:00,2176.17
2025-12-08 08:15:00,1987.37
2025-12-08 08:30:00,1890.51
2025-12-08 08:45:00,1937.64
2025-12-08 09:00:00,1567.66
2025-12-08 09:15:00,1476.44
2025-12-08 09:30:00,1390.71
2025-12-08 09:45:00,1146.83
2025-12-08 10:00:00,705.76
2025-12-08 10:15:00,524.82
2025-12-08 10:30:00,70.76
2025-12-08 10:45:00,120.5
2025-12-08 11:00:00,196.79
2025-12-08 11:15:00,81.06
2025-12-08 11:30:00,79.65
2025-12-08 11:45:00,69.76
2025-12-08 12:00:00,812.07
2025-12-08 12:15:00,895.16
2025-12-08 12:30:00,931.62
2025-12-08 12:45:00,657.49
2025-12-08 13:00:00,839.64
2025-12-08 13:15:00,1101.34
2025-12-08 13:30:00,1272.38
2025-12-08 13:45:00,1261.06
2025-12-08 14:00:00,1502.44
2025-12-08 14:15:00,1668.71
2025-12-08 14:30:00,1644.04
2025-12-08 14:45:00,1964.07
2025-12-08 15:00:00,1990.67
2025-12-08 15:15:00,2064.09
2025-12-08 15:30:00,2792.04
2025-12-08 15:45:00,3415.67
2025-12-08 16:00:00,4342.32
2025-12-08 16:15:00,4687.45
2025-12-08 16:30:00,4892.83
2025-12-08 16:45:00,5452.79
2025-12-08 17:00:00,5718.18
2025-12-08 17:15:00,6076.84
2025-12-08 17:30:00,6353.93
2025-12-08 17:45:00,6334.25
2025-12-08 18:00:00,6236.23
2025-12-08 18:15:00,6238.92
2025-12-08 18:30:00,5939.58
2025-12-08 18:45:00,5941.43
2025-12-08 19:00:00,6117.75
2025-12-08 19:15:00,6526.53
2025-12-08 19:30:00,5975.96
2025-12-08 19:45:00,6274.31
2025-12-08 20:00:00,6087.04
2025-12-08 20:15:00,5936.0
2025-12-08 20:30:00,6170.04
2025-12-08 20:45:00,5757.45
2025-12-08 21:00:00,5248.33
2025-12-08 21:15:00,5168.46
2025-12-08 21:30:00,4770.22
2025-12-08 21:45:00,4450.81
2025-12-08 22:00:00,3633.23
2025-12-08 22:15:00,3029.66
2025-12-08 22:30:00,2736.61
2025-12-08 22:45:00,2753.24
2025-12-08 23:00:00,2540.61
2025-12-08 23:15:00,2460.72
2025-12-08 23:30:00,2363.32
2025-12-08 23:45:00,2091.29
2025-12-09 00:00:00,2637.71
2025-12-09 00:15:00,1764.96
2025-12-09 00:30:00,1908.41
2025-12-09 00:45:00,1766.64
2025-12-09 01:00:00,1415.18
2025-12-09 01:15:00,1411.68
2025-12-09 01:30:00,1557.88
2025-12-09 01:45:00,1660.34
2025-12-09 02:00:00,1550.38
2025-12-09 02:15:00,1606.73
2025-12-09 02:30:00,1467.21
2025-12-09 02:45:00,1450.82
2025-12-09 03:00:00,1489.55
2025-12-09 03:15:00,1406.0
2025-12-09 03:30:00,1512.29
2025-12-09 03:45:00,1518.28
2025-12-09 04:00:00,1484.01
2025-12-09 04:15:00,1486.72
2025-12-09 04:30:00,1454.68
2025-12-09 04:45:00,1434.18
2025-12-09 05:00:00,1433.55
2025-12-09 05:15:00,1644.29
2025-12-09 05:30:00,1431.69
2025-12-09 05:45:00,1608.21
2025-12-09 06:00:00,1931.85
2025-12-09 06:15:00,2171.54
2025-12-09 06:30:00,2107.35
2025-12-09 06:45:00,2195.24
2025-12-09 07:00:00,2323.28
2025-12-09 07:15:00,2661.27
2025-12-09 07:30:00,2521.64
2025-12-09 07:45:00,2539.72
2025-12-09 08:00:00,2605.7
2025-12-09 08:15:00,2594.08
2025-12-09 08:30:00,2284.8
2025-12-09 08:45:00,2120.8
2025-12-09 09:00:00,2018.95
2025-12-09 09:15:00,1846.76
2025-12-09 09:30:00,1530.42
2025-12-09 09:45:00,1650.44
2025-12-09 10:00:00,1602.83
2025-12-09 10:15:00,1601.77
2025-12-09 10:30:00,1237.48
2025-12-09 10:45:00,1077.74
2025-12-09 11:00:00,787.61
2025-12-09 11:15:00,403.48
2025-12-09 11:30:00,104.86
2025-12-09 11:45:00,103.72
2025-12-09 12:00:00,437.02
2025-12-09 12:15:00,350.39
2025-12-09 12:30:00,426.11
2025-12-09 12:45:00,632.63
2025-12-09 13:00:00,659.1
2025-12-09 13:15:00,605.55
2025-12-09 13:30:00,617.41
2025-12-09 13:45:00,667.31
2025-12-09 14:00:00,548.51
2025-12-09 14:15:00,234.49
2025-12-09 14:30:00,536.88
2025-12-09 14:45:00,1073.1
2025-12-09 15:00:00,1390.57
2025-12-09 15:15:00,2020.69
2025-12-09 15:30:00,2584.12
2025-12-09 15:45:00,3469.65
2025-12-09 16:00:00,4478.54
2025-12-09 16:15:00,4796.5
2025-12-09 16:30:00,4974.65
2025-12-09 16:45:00,5500.38
2025-12-09 17:00:00,5607.58
2025-12-09 17:15:00,6146.59
2025-12-09 17:30:00,6121.34
2025-12-09 17:45:00,6348.31
2025-12-09 18:00:00,6306.76
2025-12-09 18:15:00,6188.31
2025-12-09 18:30:00,6568.31
2025-12-09 18:45:00,6171.38
2025-12-09 19:00:00,6564.57
2025-12-09 19:15:00,6513.32
2025-12-09 19:30:00,6533.59
2025-12-09 19:45:00,6340.51
2025-12-09 20:00:00,6288.9
2025-12-09 20:15:00,6109.16
2025-12-09 20:30:00,6361.12
2025-12-09 20:45:00,6083.21
2025-12-09 21:00:00,6098.12
2025-12-09 21:15:00,6027.15
2025-12-09 21:30:00,5372.69
2025-12-09 21:45:00,4528.14
2025-12-09 22:00:00,3612.81
2025-12-09 22:15:00,2920.86
2025-12-09 22:30:00,2663.43
2025-12-09 22:45:00,2826.74
2025-12-09 23:00:00,2562.14
2025-12-09 23:15:00,2550.04
2025-12-09 23:30:00,2109.72
2025-12-09 23:45:00,1812.08
2025-12-10 00:00:00,2641.69
2025-12-10 00:15:00,2272.72
2025-12-10 00:30:00,2181.56
2025-12-10 00:45:00,1990.83
2025-12-10 01:00:00,1896.37
2025-12-10 01:15:00,2134.06
2025-12-10 01:30:00,1909.96
2025-12-10 01:45:00,1680.42
2025-12-10 02:00:00,1654.98
2025-12-10 02:15:00,1523.69
2025-12-10 02:30:00,1512.89
2025-12-10 02:45:00,1504.42
2025-12-10 03:00:00,1479.93
2025-12-10 03:15:00,1479.36
2025-12-10 03:30:00,1477.55
2025-12-10 03:45:00,1231.13
2025-12-10 04:00:00,1215.1
2025-12-10 04:15:00,1210.6
2025-12-10 04:30:00,1335.54
2025-12-10 04:45:00,1346.73
2025-12-10 05:00:00,1323.3
2025-12-10 05:15:00,1349.52
2025-12-10 05:30:00,1364.35
2025-12-10 05:45:00,1551.24
2025-12-10 06:00:00,1884.28
2025-12-10 06:15:00,2068.3
2025-12-10 06:30:00,2329.31
2025-12-10 06:45:00,2392.77
2025-12-10 07:00:00,3266.32
2025-12-10 07:15:00,3485.27
2025-12-10 07:30:00,3312.16
2025-12-10 07:45:00,3468.89
2025-12-10 08:00:00,3338.83
2025-12-10 08:15:00,3276.44
2025-12-10 08:30:00,2947.6
2025-12-10 08:45:00,2887.42
2025-12-10 09:00:00,2650.77
2025-12-10 09:15:00,2091.41
2025-12-10 09:30:00,1836.74
2025-12-10 09:45:00,1647.77
2025-12-10 10:00:00,1355.72
2025-12-10 10:15:00,1339.71
2025-12-10 10:30:00,1360.67
2025-12-10 10:45:00,1121.09
2025-12-10 11:00:00,777.39
2025-12-10 11:15:00,408.87
2025-12-10 11:30:00,36.09
2025-12-10 11:45:00,9.89
2025-12-10 12:00:00,675.41
2025-12-10 12:15:00,540.47
2025-12-10 12:30:00,471.77
2025-12-10 12:45:00,295.06
2025-12-10 13:00:00,454.89
2025-12-10 13:15:00,335.49
2025-12-10 13:30:00,349.92
2025-12-10 13:45:00,304.61
2025-12-10 14:00:00,306.47
2025-12-10 14:15:00,305.66
2025-12-10 14:30:00,308.65
2025-12-10 14:45:00,873.52
2025-12-10 15:00:00,1232.18
2025-12-10 15:15:00,1736.14
2025-12-10 15:30:00,2839.92
2025-12-10 15:45:00,3936.65
2025-12-10 16:00:00,4303.73
2025-12-10 16:15:00,4542.03
2025-12-10 16:30:00,5113.58
2025-12-10 16:45:00,5319.38
2025-12-10 17:00:00,5553.56
2025-12-10 17:15:00,5705.52
2025-12-10 17:30:00,6242.37
2025-12-10 17:45:00,5790.3
2025-12-10 18:00:00,6308.08
2025-12-10 18:15:00,6216.99
2025-12-10 18:30:00,6252.6
2025-12-10 18:45:00,6502.85
2025-12-10 19:00:00,6247.13
2025-12-10 19:15:00,6459.97
2025-12-10 19:30:00,6401.43
2025-12-10 19:45:00,6442.67
2025-12-10 20:00:00,6012.6
2025-12-10 20:15:00,6028.16
2025-12-10 20:30:00,6140.97
2025-12-10 20:45:00,5568.07
2025-12-10 21:00:00,5415.54
2025-12-10 21:15:00,5245.32
2025-12-10 21:30:00,4859.6
2025-12-10 21:45:00,4570.48
2025-12-10 22:00:00,3894.66
2025-12-10 22:15:00,3183.85
2025-12-10 22:30:00,2823.66
2025-12-10 22:45:00,2793.18
2025-12-10 23:00:00,2809.87
2025-12-10 23:15:00,2751.65
2025-12-10 23:30:00,2667.59
2025-12-10 23:45:00,2615.19
2025-12-11 00:00:00,3454.68
2025-12-11 00:15:00,2413.23
2025-12-11 00:30:00,2212.06
2025-12-11 00:45:00,2044.17
2025-12-11 01:00:00,2062.08
2025-12-11 01:15:00,2089.88
2025-12-11 01:30:00,1973.92
2025-12-11 01:45:00,1911.4
2025-12-11 02:00:00,1730.79
2025-12-11 02:15:00,1589.83
2025-12-11 02:30:00,1496.21
2025-12-11 02:45:00,1388.01
2025-12-11 03:00:00,1504.65
2025-12-11 03:15:00,1502.35
2025-12-11 03:30:00,1387.14
2025-12-11 03:45:00,1361.8
2025-12-11 04:00:00,1366.62
2025-12-11 04:15:00,1409.06
2025-12-11 04:30:00,1356.36
2025-12-11 04:45:00,1333.43
2025-12-11 05:00:00,1434.4
2025-12-11 05:15:00,1445.64
2025-12-11 05:30:00,1427.24
2025-12-11 05:45:00,1681.95
2025-12-11 06:00:00,1905.46
2025-12-11 06:15:00,2292.15
2025-12-11 06:30:00,2469.3
2025-12-11 06:45:00,2916.15
2025-12-11 07:00:00,3393.8
2025-12-11 07:15:00,3649.62
2025-12-11 07:30:00,3417.43
2025-12-11 07:45:00,3306.4
2025-12-11 08:00:00,3153.37
2025-12-11 08:15:00,3129.28
2025-12-11 08:30:00,2873.26
2025-12-11 08:45:00,2805.37
2025-12-11 09:00:00,2599.05
2025-12-11 09:15:00,2128.58
2025-12-11 09:30:00,1875.32
2025-12-11 09:45:00,1528.09
2025-12-11 10:00:00,1488.89
2025-12-11 10:15:00,1408.84
2025-12-11 10:30:00,1391.49
2025-12-11 10:45:00,1199.9
2025-12-11 11:00:00,1095.18
2025-12-11 11:15:00,478.84
2025-12-11 11:30:00,240.62
2025-12-11 11:45:00,86.99
2025-12-11 12:00:00,99.95
2025-12-11 12:15:00,154.18
2025-12-11 12:30:00,112.45
2025-12-11 12:45:00,231.18
2025-12-11 13:00:00,141.28
2025-12-11 13:15:00,117.03
2025-12-11 13:30:00,175.13
2025-12-11 13:45:00,138.7
2025-12-11 14:00:00,105.12
2025-12-11 14:15:00,237.89
2025-12-11 14:30:00,245.32
2025-12-11 14:45:00,754.84
2025-12-11 15:00:00,1151.8
2025-12-11 15:15:00,1637.8
2025-12-11 15:30:00,2484.87
2025-12-11 15:45:00,3489.37
2025-12-11 16:00:00,3964.68
2025-12-11 16:15:00,4465.08
2025-12-11 16:30:00,5109.73
2025-12-11 16:45:00,5715.68
2025-12-11 17:00:00,5886.86
2025-12-11 17:15:00,6275.91
2025-12-11 17:30:00,6332.34
2025-12-11 17:45:00,6154.57
2025-12-11 18:00:00,5866.73
2025-12-11 18:15:00,5770.92
2025-12-11 18:30:00,5700.33
2025-12-11 18:45:00,5934.93
2025-12-11 19:00:00,5813.59
2025-12-11 19:15:00,6345.86
2025-12-11 19:30:00,5948.13
2025-12-11 19:45:00,5927.6
2025-12-11 20:00:00,5718.52
2025-12-11 20:15:00,5945.41
2025-12-11 20:30:00,6194.52
2025-12-11 20:45:00,5828.55
2025-12-11 21:00:00,5654.85
2025-12-11 21:15:00,5072.09
2025-12-11 21:30:00,4766.16
2025-12-11 21:45:00,4536.45
2025-12-11 22:00:00,3699.7
2025-12-11 22:15:00,3181.44
2025-12-11 22:30:00,2663.43
2025-12-11 22:45:00,2545.66
2025-12-11 23:00:00,2418.19
2025-12-11 23:15:00,2412.82
2025-12-11 23:30:00,2159.6
2025-12-11 23:45:00,2165.45
2025-12-12 00:00:00,3663.29
2025-12-12 00:15:00,2416.47
2025-12-12 00:30:00,2209.59
2025-12-12 00:45:00,1852.68
2025-12-12 01:00:00,1675.17
2025-12-12 01:15:00,1830.11
2025-12-12 01:30:00,1594.1
2025-12-12 01:45:00,1321.86
2025-12-12 02:00:00,875.45
2025-12-12 02:15:00,791.63
2025-12-12 02:30:00,746.95
2025-12-12 02:45:00,737.28
2025-12-12 03:00:00,412.85
2025-12-12 03:15:00,83.86
2025-12-12 03:30:00,94.49
2025-12-12 03:45:00,63.09
2025-12-12 04:00:00,101.54
2025-12-12 04:15:00,93.92
2025-12-12 04:30:00,92.59
2025-12-12 04:45:00,143.21
2025-12-12 05:00:00,138.22
2025-12-12 05:15:00,225.05
2025-12-12 05:30:00,549.59
2025-12-12 05:45:00,933.82
2025-12-12 06:00:00,1291.83
2025-12-12 06:15:00,1606.12
2025-12-12 06:30:00,1741.95
2025-12-12 06:45:00,2403.16
2025-12-12 07:00:00,3361.3
2025-12-12 07:15:00,3561.7
2025-12-12 07:30:00,3528.53
2025-12-12 07:45:00,3517.43
2025-12-12 08:00:00,3665.91
2025-12-12 08:15:00,3886.57
2025-12-12 08:30:00,3818.08
2025-12-12 08:45:00,3534.87
2025-12-12 09:00:00,3353.69
2025-12-12 09:15:00,3110.33
2025-12-12 09:30:00,2892.7
2025-12-12 09:45:00,2309.57
2025-12-12 10:00:00,2342.87
2025-12-12 10:15:00,2070.74
2025-12-12 10:30:00,1806.96
2025-12-12 10:45:00,1628.74
2025-12-12 11:00:00,1708.73
2025-12-12 11:15:00,1703.24
2025-12-12 11:30:00,1774.5
2025-12-12 11:45:00,1963.13
2025-12-12 12:00:00,2645.05
2025-12-12 12:15:00,2315.82
2025-12-12 12:30:00,2182.9
2025-12-12 12:45:00,2259.15
2025-12-12 13:00:00,2029.01
2025-12-12 13:15:00,2101.93
2025-12-12 13:30:00,1952.27
2025-12-12 13:45:00,1901.71
2025-12-12 14:00:00,1687.97
2025-12-12 14:15:00,1769.81
2025-12-12 14:30:00,1877.81
2025-12-12 14:45:00,2059.54
2025-12-12 15:00:00,2100.9
2025-12-12 15:15:00,2178.39
2025-12-12 15:30:00,2640.56
2025-12-12 15:45:00,3350.34
2025-12-12 16:00:00,4209.08
2025-12-12 16:15:00,4726.24
2025-12-12 16:30:00,5347.0
2025-12-12 16:45:00,5368.27
2025-12-12 17:00:00,6072.62
2025-12-12 17:15:00,6095.41
2025-12-12 17:30:00,5865.02
2025-12-12 17:45:00,5810.71
2025-12-12 18:00:00,5832.24
2025-12-12 18:15:00,5863.36
2025-12-12 18:30:00,5910.38
2025-12-12 18:45:00,6123.34
2025-12-12 19:00:00,5981.31
2025-12-12 19:15:00,6349.18
2025-12-12 19:30:00,6299.46
2025-12-12 19:45:00,6061.14
2025-12-12 20:00:00,6097.85
2025-12-12 20:15:00,6121.53
2025-12-12 20:30:00,6161.68
2025-12-12 20:45:00,5540.94
2025-12-12 21:00:00,5322.03
2025-12-12 21:15:00,5148.57
2025-12-12 21:30:00,4656.04
2025-12-12 21:45:00,4386.85
2025-12-12 22:00:00,3825.77
2025-12-12 22:15:00,2733.71
2025-12-12 22:30:00,2285.39
2025-12-12 22:45:00,1949.35
2025-12-12 23:00:00,1905.3
2025-12-12 23:15:00,1185.93
2025-12-12 23:30:00,855.79
2025-12-12 23:45:00,1280.97
2025-12-13 00:00:00,3466.07
2025-12-13 00:15:00,3044.47
2025-12-13 00:30:00,2159.76
2025-12-13 00:45:00,1497.63
2025-12-13 01:00:00,1452.33
2025-12-13 01:15:00,1519.28
2025-12-13 01:30:00,1451.79
2025-12-13 01:45:00,1449.63
2025-12-13 02:00:00,1420.86
2025-12-13 02:15:00,1416.21
2025-12-13 02:30:00,1025.46
2025-12-13 02:45:00,697.83
2025-12-13 03:00:00,818.61
2025-12-13 03:15:00,785.28
2025-12-13 03:30:00,805.09
2025-12-13 03:45:00,789.11
2025-12-13 04:00:00,828.42
2025-12-13 04:15:00,828.29
2025-12-13 04:30:00,805.91
2025-12-13 04:45:00,792.77
2025-12-13 05:00:00,826.53
2025-12-13 05:15:00,817.85
2025-12-13 05:30:00,557.51
2025-12-13 05:45:00,140.29
2025-12-13 06:00:00,261.23
2025-12-13 06:15:00,130.18
2025-12-13 06:30:00,132.75
2025-12-13 06:45:00,488.5
2025-12-13 07:00:00,870.49
2025-12-13 07:15:00,1414.79
2025-12-13 07:30:00,1996.78
2025-12-13 07:45:00,2093.74
2025-12-13 08:00:00,3111.55
2025-12-13 08:15:00,2543.14
2025-12-13 08:30:00,2072.29
2025-12-13 08:45:00,2077.0
2025-12-13 09:00:00,2062.29
2025-12-13 09:15:00,2077.15
2025-12-13 09:30:00,2002.15
2025-12-13 09:45:00,1951.57
2025-12-13 10:00:00,1591.7
2025-12-13 10:15:00,1716.89
2025-12-13 10:30:00,1698.93
2025-12-13 10:45:00,1648.47
2025-12-13 11:00:00,1443.4
2025-12-13 11:15:00,1482.8
2025-12-13 11:30:00,1510.78
2025-12-13 11:45:00,1428.58
2025-12-13 12:00:00,1150.13
2025-12-13 12:15:00,816.29
2025-12-13 12:30:00,814.88
2025-12-13 12:45:00,960.54
2025-12-13 13:00:00,954.65
2025-12-13 13:15:00,958.36
2025-12-13 13:30:00,1042.58
2025-12-13 13:45:00,1074.11
2025-12-13 14:00:00,1051.95
2025-12-13 14:15:00,1315.06
2025-12-13 14:30:00,1644.26
2025-12-13 14:45:00,1670.64
2025-12-13 15:00:00,1912.2
2025-12-13 15:15:00,2169.39
2025-12-13 15:30:00,2262.93
2025-12-13 15:45:00,2661.2
2025-12-13 16:00:00,3342.43
2025-12-13 16:15:00,4020.67
2025-12-13 16:30:00,4057.61
2025-12-13 16:45:00,4572.98
2025-12-13 17:00:00,5902.22
2025-12-13 17:15:00,6634.72
2025-12-13 17:30:00,6672.79
2025-12-13 17:45:00,6713.8
2025-12-13 18:00:00,6923.97
2025-12-13 18:15:00,6552.13
2025-12-13 18:30:00,6481.91
2025-12-13 18:45:00,6565.39
2025-12-13 19:00:00,6880.98
2025-12-13 19:15:00,6394.52
2025-12-13 19:30:00,6274.36
2025-12-13 19:45:00,6051.27
2025-12-13 20:00:00,5763.95
2025-12-13 20:15:00,5816.07
2025-12-13 20:30:00,6209.46
2025-12-13 20:45:00,5844.08
2025-12-13 21:00:00,5120.17
2025-12-13 21:15:00,4609.05
2025-12-13 21:30:00,4154.95
2025-12-13 21:45:00,3790.2
2025-12-13 22:00:00,3456.18
2025-12-13 22:15:00,3002.52
2025-12-13 22:30:00,2356.16
2025-12-13 22:45:00,2048.1
2025-12-13 23:00:00,1614.02
2025-12-13 23:15:00,1565.48
2025-12-13 23:30:00,1569.47
2025-12-13 23:45:00,1901.72
2025-12-14 00:00:00,3211.71
2025-12-14 00:15:00,2373.65
2025-12-14 00:30:00,1721.26
2025-12-14 00:45:00,1127.28
2025-12-14 01:00:00,1051.67
2025-12-14 01:15:00,929.73
2025-12-14 01:30:00,968.07
2025-12-14 01:45:00,1045.49
2025-12-14 02:00:00,970.48
2025-12-14 02:15:00,1030.35
2025-12-14 02:30:00,1017.74
2025-12-14 02:45:00,985.23
2025-12-14 03:00:00,1163.44
2025-12-14 03:15:00,1250.67
2025-12-14 03:30:00,1158.88
2025-12-14 03:45:00,1146.05
2025-12-14 04:00:00,1138.87
2025-12-14 04:15:00,1137.04
2025-12-14 04:30:00,1137.02
2025-12-14 04:45:00,1136.04
2025-12-14 05:00:00,1188.65
2025-12-14 05:15:00,1293.14
2025-12-14 05:30:00,1299.06
2025-12-14 05:45:00,1528.03
2025-12-14 06:00:00,1552.07
2025-12-14 06:15:00,1526.26
2025-12-14 06:30:00,1439.88
2025-12-14 06:45:00,1585.42
2025-12-14 07:00:00,1596.0
2025-12-14 07:15:00,1588.61
2025-12-14 07:30:00,1634.93
2025-12-14 07:45:00,1535.81
2025-12-14 08:00:00,1530.04
2025-12-14 08:15:00,1690.02
2025-12-14 08:30:00,1533.88
2025-12-14 08:45:00,1526.92
2025-12-14 09:00:00,1532.28
2025-12-14 09:15:00,1647.48
2025-12-14 09:30:00,1724.24
2025-12-14 09:45:00,1632.59
2025-12-14 10:00:00,1684.5
2025-12-14 10:15:00,1425.25
2025-12-14 10:30:00,1056.1
2025-12-14 10:45:00,1071.07
2025-12-14 11:00:00,465.83
2025-12-14 11:15:00,247.95
2025-12-14 11:30:00,175.96
2025-12-14 11:45:00,141.59
2025-12-14 12:00:00,795.13
2025-12-14 12:15:00,616.14
2025-12-14 12:30:00,365.7
2025-12-14 12:45:00,227.71
2025-12-14 13:00:00,232.15
2025-12-14 13:15:00,573.17
2025-12-14 13:30:00,574.38
2025-12-14 13:45:00,547.15
2025-12-14 14:00:00,577.45
2025-12-14 14:15:00,893.14
2025-12-14 14:30:00,1257.14
2025-12-14 14:45:00,1565.39
2025-12-14 15:00:00,1750.13
2025-12-14 15:15:00,1845.86
2025-12-14 15:30:00,2656.94
2025-12-14 15:45:00,3564.83
2025-12-14 16:00:00,4363.81
2025-12-14 16:15:00,5120.99
2025-12-14 16:30:00,5445.2
2025-12-14 16:45:00,5287.12
2025-12-14 17:00:00,5360.33
2025-12-14 17:15:00,5928.48
2025-12-14 17:30:00,5624.48
2025-12-14 17:45:00,5624.59
2025-12-14 18:00:00,5532.03
2025-12-14 18:15:00,5537.26
2025-12-14 18:30:00,5935.15
2025-12-14 18:45:00,5614.3
2025-12-14 19:00:00,6137.04
2025-12-14 19:15:00,5723.01
2025-12-14 19:30:00,5944.47
2025-12-14 19:45:00,6105.18
2025-12-14 20:00:00,6224.46
2025-12-14 20:15:00,5798.2
2025-12-14 20:30:00,5879.32
2025-12-14 20:45:00,5507.63
2025-12-14 21:00:00,5308.21
2025-12-14 21:15:00,4872.39
2025-12-14 21:30:00,4676.7
2025-12-14 21:45:00,4095.23
2025-12-14 22:00:00,3493.94
2025-12-14 22:15:00,2710.94
2025-12-14 22:30:00,2448.01
2025-12-14 22:45:00,2402.44
2025-12-14 23:00:00,2454.08
2025-12-14 23:15:00,2409.97
2025-12-14 23:30:00,1801.57
2025-12-14 23:45:00,1571.91
2025-12-15 00:00:00,3897.8
2025-12-15 00:15:00,2656.96
2025-12-15 00:30:00,2314.38
2025-12-15 00:45:00,2015.16
2025-12-15 01:00:00,1857.55
2025-12-15 01:15:00,1736.0
2025-12-15 01:30:00,1768.79
2025-12-15 01:45:00,1808.42
2025-12-15 02:00:00,1787.07
2025-12-15 02:15:00,1637.81
2025-12-15 02:30:00,1734.71
2025-12-15 02:45:00,1612.23
2025-12-15 03:00:00,1598.82
2025-12-15 03:15:00,1711.81
2025-12-15 03:30:00,1661.62
2025-12-15 03:45:00,1633.84
2025-12-15 04:00:00,1635.8
2025-12-15 04:15:00,1711.34
2025-12-15 04:30:00,1692.2
2025-12-15 04:45:00,1567.2
2025-12-15 05:00:00,1616.52
2025-12-15 05:15:00,1854.52
2025-12-15 05:30:00,1854.88
2025-12-15 05:45:00,1863.0
2025-12-15 06:00:00,1863.21
2025-12-15 06:15:00,1859.38
2025-12-15 06:30:00,2084.59
2025-12-15 06:45:00,2577.57
2025-12-15 07:00:00,2997.79
2025-12-15 07:15:00,2874.65
2025-12-15 07:30:00,2502.4
2025-12-15 07:45:00,2692.37
2025-12-15 08:00:00,3011.04
2025-12-15 08:15:00,3043.21
2025-12-15 08:30:00,3104.14
2025-12-15 08:45:00,3107.18
2025-12-15 09:00:00,2512.26
2025-12-15 09:15:00,2378.58
2025-12-15 09:30:00,2123.79
2025-12-15 09:45:00,1376.98
2025-12-15 10:00:00,1223.81
2025-12-15 10:15:00,1375.06
2025-12-15 10:30:00,1318.51
2025-12-15 10:45:00,952.82
2025-12-15 11:00:00,630.0
2025-12-15 11:15:00,527.06
2025-12-15 11:30:00,545.29
2025-12-15 11:45:00,138.96
2025-12-15 12:00:00,1069.29
2025-12-15 12:15:00,722.73
2025-12-15 12:30:00,616.85
2025-12-15 12:45:00,227.28
2025-12-15 13:00:00,246.77
2025-12-15 13:15:00,767.08
2025-12-15 13:30:00,833.4
2025-12-15 13:45:00,808.11
2025-12-15 14:00:00,631.64
2025-12-15 14:15:00,848.16
2025-12-15 14:30:00,1474.16
2025-12-15 14:45:00,1766.34
2025-12-15 15:00:00,1804.32
2025-12-15 15:15:00,1747.27
2025-12-15 15:30:00,2331.79
2025-12-15 15:45:00,3253.43
2025-12-15 16:00:00,4247.88
2025-12-15 16:15:00,4937.55
2025-12-15 16:30:00,5389.26
2025-12-15 16:45:00,5250.74
2025-12-15 17:00:00,5502.75
2025-12-15 17:15:00,5655.91
2025-12-15 17:30:00,5935.96
2025-12-15 17:45:00,5932.76
2025-12-15 18:00:00,5808.56
2025-12-15 18:15:00,5675.22
2025-12-15 18:30:00,5403.71
2025-12-15 18:45:00,5521.0
2025-12-15 19:00:00,5541.16
2025-12-15 19:15:00,5966.07
2025-12-15 19:30:00,6372.81
2025-12-15 19:45:00,6081.06
2025-12-15 20:00:00,6107.79
2025-12-15 20:15:00,5939.2
2025-12-15 20:30:00,5815.9
2025-12-15 20:45:00,5254.47
2025-12-15 21:00:00,5293.33
2025-12-15 21:15:00,4929.05
2025-12-15 21:30:00,4174.72
2025-12-15 21:45:00,3014.94
2025-12-15 22:00:00,2634.08
2025-12-15 22:15:00,2209.87
2025-12-15 22:30:00,2174.15
2025-12-15 22:45:00,2163.99
2025-12-15 23:00:00,2102.45
2025-12-15 23:15:00,2202.75
2025-12-15 23:30:00,2058.88
2025-12-15 23:45:00,2751.99
2025-12-16 00:00:00,4511.33
2025-12-16 00:15:00,3549.32
2025-12-16 00:30:00,1840.51
2025-12-16 00:45:00,1726.26
2025-12-16 01:00:00,1610.95
2025-12-16 01:15:00,1619.5
2025-12-16 01:30:00,1642.39
2025-12-16 01:45:00,1605.07
2025-12-16 02:00:00,1600.69
2025-12-16 02:15:00,1607.17
2025-12-16 02:30:00,1645.82
2025-12-16 02:45:00,1612.45
2025-12-16 03:00:00,1579.88
2025-12-16 03:15:00,1612.25
2025-12-16 03:30:00,1627.12
2025-12-16 03:45:00,1583.14
2025-12-16 04:00:00,1591.69
2025-12-16 04:15:00,1552.07
2025-12-16 04:30:00,1542.35
2025-12-16 04:45:00,1549.06
2025-12-16 05:00:00,1580.1
2025-12-16 05:15:00,1573.13
2025-12-16 05:30:00,1751.24
2025-12-16 05:45:00,1748.84
2025-12-16 06:00:00,1764.28
2025-12-16 06:15:00,1752.83
2025-12-16 06:30:00,1800.44
2025-12-16 06:45:00,2089.7
2025-12-16 07:00:00,2460.23
2025-12-16 07:15:00,2470.72
2025-12-16 07:30:00,2355.06
2025-12-16 07:45:00,2378.11
2025-12-16 08:00:00,2625.16
2025-12-16 08:15:00,2663.39
2025-12-16 08:30:00,2457.52
2025-12-16 08:45:00,2684.38
2025-12-16 09:00:00,2431.01
2025-12-16 09:15:00,2222.94
2025-12-16 09:30:00,2367.62
2025-12-16 09:45:00,1767.41
2025-12-16 10:00:00,1159.74
2025-12-16 10:15:00,1109.06
2025-12-16 10:30:00,1049.2
2025-12-16 10:45:00,544.03
2025-12-16 11:00:00,252.13
2025-12-16 11:15:00,261.16
2025-12-16 11:30:00,167.05
2025-12-16 11:45:00,33.58
2025-12-16 12:00:00,471.62
2025-12-16 12:15:00,411.92
2025-12-16 12:30:00,359.37
2025-12-16 12:45:00,439.87
2025-12-16 13:00:00,500.7
2025-12-16 13:15:00,811.66
2025-12-16 13:30:00,1071.16
2025-12-16 13:45:00,1037.71
2025-12-16 14:00:00,742.69
2025-12-16 14:15:00,896.71
2025-12-16 14:30:00,1211.03
2025-12-16 14:45:00,1512.28
2025-12-16 15:00:00,1555.68
2025-12-16 15:15:00,1578.89
2025-12-16 15:30:00,2034.94
2025-12-16 15:45:00,2777.06
2025-12-16 16:00:00,3371.57
2025-12-16 16:15:00,3838.81
2025-12-16 16:30:00,4392.14
2025-12-16 16:45:00,4739.15
2025-12-16 17:00:00,5048.47
2025-12-16 17:15:00,5012.27
2025-12-16 17:30:00,4934.34
2025-12-16 17:45:00,5238.19
2025-12-16 18:00:00,5180.69
2025-12-16 18:15:00,5048.25
2025-12-16 18:30:00,5085.2
2025-12-16 18:45:00,4938.81
2025-12-16 19:00:00,4956.02
2025-12-16 19:15:00,4957.5
2025-12-16 19:30:00,5227.64
2025-12-16 19:45:00,5294.93
2025-12-16 20:00:00,5836.31
2025-12-16 20:15:00,5896.02
2025-12-16 20:30:00,5257.54
2025-12-16 20:45:00,5077.59
2025-12-16 21:00:00,5023.64
2025-12-16 21:15:00,4848.55
2025-12-16 21:30:00,4394.54
2025-12-16 21:45:00,3442.0
2025-12-16 22:00:00,2822.71
2025-12-16 22:15:00,2116.17
2025-12-16 22:30:00,2096.81
2025-12-16 22:45:00,2045.79
2025-12-16 23:00:00,1915.86
2025-12-16 23:15:00,1882.7
2025-12-16 23:30:00,1825.47
2025-12-16 23:45:00,2052.48
2025-12-17 00:00:00,3885.18
2025-12-17 00:15:00,3244.33
2025-12-17 00:30:00,2514.79
2025-12-17 00:45:00,2444.1
2025-12-17 01:00:00,2343.92
2025-12-17 01:15:00,2214.84
2025-12-17 01:30:00,2213.81
2025-12-17 01:45:00,2044.86
2025-12-17 02:00:00,1958.61
2025-12-17 02:15:00,1837.02
2025-12-17 02:30:00,1709.85
2025-12-17 02:45:00,1768.44
2025-12-17 03:00:00,1747.31
2025-12-17 03:15:00,1903.29
2025-12-17 03:30:00,1744.66
2025-12-17 03:45:00,1762.63
2025-12-17 04:00:00,1740.86
2025-12-17 04:15:00,1760.44
2025-12-17 04:30:00,1658.34
2025-12-17 04:45:00,1754.57
2025-12-17 05:00:00,1752.46
2025-12-17 05:15:00,1717.69
2025-12-17 05:30:00,1680.76
2025-12-17 05:45:00,1579.26
2025-12-17 06:00:00,1142.99
2025-12-17 06:15:00,1144.49
2025-12-17 06:30:00,1162.39
2025-12-17 06:45:00,1852.63
2025-12-17 07:00:00,2244.96
2025-12-17 07:15:00,2677.62
2025-12-17 07:30:00,2591.71
2025-12-17 07:45:00,2760.96
2025-12-17 08:00:00,2541.97
2025-12-17 08:15:00,2679.17
2025-12-17 08:30:00,2687.29
2025-12-17 08:45:00,2651.69
2025-12-17 09:00:00,2166.33
2025-12-17 09:15:00,1811.74
2025-12-17 09:30:00,1513.88
2025-12-17 09:45:00,1106.5
2025-12-17 10:00:00,1039.12
2025-12-17 10:15:00,1038.15
2025-12-17 10:30:00,1090.74
2025-12-17 10:45:00,956.77
2025-12-17 11:00:00,982.57
2025-12-17 11:15:00,965.36
2025-12-17 11:30:00,965.07
2025-12-17 11:45:00,720.18
2025-12-17 12:00:00,1258.13
2025-12-17 12:15:00,1251.36
2025-12-17 12:30:00,1293.02
2025-12-17 12:45:00,1341.79
2025-12-17 13:00:00,1225.63
2025-12-17 13:15:00,1065.2
2025-12-17 13:30:00,867.57
2025-12-17 13:45:00,682.71
2025-12-17 14:00:00,656.62
2025-12-17 14:15:00,968.35
2025-12-17 14:30:00,1228.41
2025-12-17 14:45:00,1639.24
2025-12-17 15:00:00,1492.82
2025-12-17 15:15:00,1545.79
2025-12-17 15:30:00,1499.71
2025-12-17 15:45:00,1587.21
2025-12-17 16:00:00,1841.39
2025-12-17 16:15:00,2227.35
2025-12-17 16:30:00,2776.89
2025-12-17 16:45:00,3506.87
2025-12-17 17:00:00,4547.79
2025-12-17 17:15:00,4758.75
2025-12-17 17:30:00,4823.88
2025-12-17 17:45:00,5103.84
2025-12-17 18:00:00,5382.14
2025-12-17 18:15:00,5482.74
2025-12-17 18:30:00,5228.97
2025-12-17 18:45:00,5349.28
2025-12-17 19:00:00,5383.89
2025-12-17 19:15:00,5764.11
2025-12-17 19:30:00,5671.64
2025-12-17 19:45:00,5713.93
2025-12-17 20:00:00,5601.88
2025-12-17 20:15:00,5624.69
2025-12-17 20:30:00,5450.66
2025-12-17 20:45:00,4735.89
2025-12-17 21:00:00,4032.92
2025-12-17 21:15:00,3519.03
2025-12-17 21:30:00,3433.64
2025-12-17 21:45:00,2881.05
2025-12-17 22:00:00,2387.07
2025-12-17 22:15:00,2204.17
2025-12-17 22:30:00,2076.5
2025-12-17 22:45:00,2041.65
2025-12-17 23:00:00,2146.68
2025-12-17 23:15:00,1847.08
2025-12-17 23:30:00,1446.03
2025-12-17 23:45:00,1736.3
2025-12-18 00:00:00,4569.57
2025-12-18 00:15:00,3638.59
2025-12-18 00:30:00,2918.27
2025-12-18 00:45:00,2402.83
2025-12-18 01:00:00,1974.78
2025-12-18 01:15:00,2104.16
2025-12-18 01:30:00,1965.22
2025-12-18 01:45:00,1982.04
2025-12-18 02:00:00,1788.09
2025-12-18 02:15:00,1772.59
2025-12-18 02:30:00,1534.09
2025-12-18 02:45:00,1622.05
2025-12-18 03:00:00,1540.71
2025-12-18 03:15:00,1464.34
2025-12-18 03:30:00,1460.91
2025-12-18 03:45:00,1553.42
2025-12-18 04:00:00,1668.6
2025-12-18 04:15:00,1725.17
2025-12-18 04:30:00,1723.78
2025-12-18 04:45:00,1721.53
2025-12-18 05:00:00,1649.76
2025-12-18 05:15:00,1665.17
2025-12-18 05:30:00,1701.84
2025-12-18 05:45:00,1598.43
2025-12-18 06:00:00,1700.12
2025-12-18 06:15:00,1879.29
2025-12-18 06:30:00,2048.93
2025-12-18 06:45:00,2014.78
2025-12-18 07:00:00,2672.25
2025-12-18 07:15:00,2953.63
2025-12-18 07:30:00,2509.25
2025-12-18 07:45:00,2647.6
2025-12-18 08:00:00,2916.22
2025-12-18 08:15:00,2626.77
2025-12-18 08:30:00,2543.82
2025-12-18 08:45:00,2474.76
2025-12-18 09:00:00,2336.65
2025-12-18 09:15:00,1769.34
2025-12-18 09:30:00,1530.11
2025-12-18 09:45:00,591.89
2025-12-18 10:00:00,256.77
2025-12-18 10:15:00,353.51
2025-12-18 10:30:00,41.78
2025-12-18 10:45:00,11.67
2025-12-18 11:00:00,21.95
2025-12-18 11:15:00,113.92
2025-12-18 11:30:00,103.54
2025-12-18 11:45:00,4.37
2025-12-18 12:00:00,235.54
2025-12-18 12:15:00,277.48
2025-12-18 12:30:00,210.89
2025-12-18 12:45:00,311.11
2025-12-18 13:00:00,195.16
2025-12-18 13:15:00,359.14
2025-12-18 13:30:00,365.49
2025-12-18 13:45:00,430.27
2025-12-18 14:00:00,707.55
2025-12-18 14:15:00,1063.29
2025-12-18 14:30:00,1352.41
2025-12-18 14:45:00,1741.26
2025-12-18 15:00:00,1687.35
2025-12-18 15:15:00,1830.01
2025-12-18 15:30:00,1781.67
2025-12-18 15:45:00,1846.57
2025-12-18 16:00:00,2393.08
2025-12-18 16:15:00,3155.63
2025-12-18 16:30:00,4229.16
2025-12-18 16:45:00,4417.27
2025-12-18 17:00:00,5145.37
2025-12-18 17:15:00,5467.11
2025-12-18 17:30:00,5639.84
2025-12-18 17:45:00,5736.45
2025-12-18 18:00:00,5736.49
2025-12-18 18:15:00,5734.58
2025-12-18 18:30:00,5728.25
2025-12-18 18:45:00,5793.96
2025-12-18 19:00:00,5846.33
2025-12-18 19:15:00,5575.76
2025-12-18 19:30:00,5383.38
2025-12-18 19:45:00,5370.91
2025-12-18 20:00:00,5389.79
2025-12-18 20:15:00,5181.55
2025-12-18 20:30:00,5125.28
2025-12-18 20:45:00,4861.87
2025-12-18 21:00:00,4618.03
2025-12-18 21:15:00,4247.04
2025-12-18 21:30:00,3181.47
2025-12-18 21:45:00,2294.21
2025-12-18 22:00:00,1922.65
2025-12-18 22:15:00,1870.16
2025-12-18 22:30:00,1842.55
2025-12-18 22:45:00,1906.72
2025-12-18 23:00:00,1948.09
2025-12-18 23:15:00,1772.26
2025-12-18 23:30:00,1760.61
2025-12-18 23:45:00,1797.34
2025-12-19 00:00:00,3407.74
2025-12-19 00:15:00,2687.94
2025-12-19 00:30:00,1636.96
2025-12-19 00:45:00,1225.97
2025-12-19 01:00:00,1244.26
2025-12-19 01:15:00,1183.73
2025-12-19 01:30:00,1260.41
2025-12-19 01:45:00,1263.2
2025-12-19 02:00:00,1143.79
2025-12-19 02:15:00,1143.61
2025-12-19 02:30:00,1248.28
2025-12-19 02:45:00,1229.58
2025-12-19 03:00:00,1144.3
2025-12-19 03:15:00,1209.12
2025-12-19 03:30:00,1163.35
2025-12-19 03:45:00,1213.87
2025-12-19 04:00:00,1108.51
2025-12-19 04:15:00,1104.28
2025-12-19 04:30:00,1100.14
2025-12-19 04:45:00,1132.73
2025-12-19 05:00:00,1126.2
2025-12-19 05:15:00,1211.7
2025-12-19 05:30:00,1217.04
2025-12-19 05:45:00,1141.69
2025-12-19 06:00:00,1124.49
2025-12-19 06:15:00,1203.85
2025-12-19 06:30:00,1219.13
2025-12-19 06:45:00,1456.93
2025-12-19 07:00:00,1871.19
2025-12-19 07:15:00,2109.74
2025-12-19 07:30:00,1813.01
2025-12-19 07:45:00,1796.18
2025-12-19 08:00:00,1833.63
2025-12-19 08:15:00,1823.7
2025-12-19 08:30:00,1838.84
2025-12-19 08:45:00,2013.02
2025-12-19 09:00:00,1976.6
2025-12-19 09:15:00,1459.28
2025-12-19 09:30:00,1227.71
2025-12-19 09:45:00,277.77
2025-12-19 10:00:00,259.47
2025-12-19 10:15:00,-32.92
2025-12-19 10:30:00,88.19
2025-12-19 10:45:00,89.71
2025-12-19 11:00:00,-16.18
2025-12-19 11:15:00,30.26
2025-12-19 11:30:00,25.53
2025-12-19 11:45:00,14.09
2025-12-19 12:00:00,475.42
2025-12-19 12:15:00,141.54
2025-12-19 12:30:00,27.46
2025-12-19 12:45:00,188.52
2025-12-19 13:00:00,63.83
2025-12-19 13:15:00,187.84
2025-12-19 13:30:00,110.61
2025-12-19 13:45:00,197.27
2025-12-19 14:00:00,438.18
2025-12-19 14:15:00,730.81
2025-12-19 14:30:00,1022.94
2025-12-19 14:45:00,1385.47
2025-12-19 15:00:00,1516.16
2025-12-19 15:15:00,1560.88
2025-12-19 15:30:00,1564.81
2025-12-19 15:45:00,1854.66
2025-12-19 16:00:00,2512.18
2025-12-19 16:15:00,3264.8
2025-12-19 16:30:00,3537.66
2025-12-19 16:45:00,4090.44
2025-12-19 17:00:00,4591.34
2025-12-19 17:15:00,4460.49
2025-12-19 17:30:00,4672.68
2025-12-19 17:45:00,5160.21
2025-12-19 18:00:00,4876.71
2025-12-19 18:15:00,4783.98
2025-12-19 18:30:00,4685.15
2025-12-19 18:45:00,5152.99
2025-12-19 19:00:00,5220.12
2025-12-19 19:15:00,4936.72
2025-12-19 19:30:00,4490.22
2025-12-19 19:45:00,4657.04
2025-12-19 20:00:00,4914.71
2025-12-19 20:15:00,5063.26
2025-12-19 20:30:00,4706.42
2025-12-19 20:45:00,4567.92
2025-12-19 21:00:00,4323.36
2025-12-19 21:15:00,4227.32
2025-12-19 21:30:00,3505.92
2025-12-19 21:45:00,3054.86
2025-12-19 22:00:00,2342.26
2025-12-19 22:15:00,1955.01
2025-12-19 22:30:00,2037.66
2025-12-19 22:45:00,1976.24
2025-12-19 23:00:00,2041.12
2025-12-19 23:15:00,1793.85
2025-12-19 23:30:00,1478.54
2025-12-19 23:45:00,1515.62
2025-12-20 00:00:00,3778.06
2025-12-20 00:15:00,3328.7
2025-12-20 00:30:00,2591.52
2025-12-20 00:45:00,2463.95
2025-12-20 01:00:00,2279.29
2025-12-20 01:15:00,2133.92
2025-12-20 01:30:00,1943.39
2025-12-20 01:45:00,2126.1
2025-12-20 02:00:00,2122.48
2025-12-20 02:15:00,2150.42
2025-12-20 02:30:00,2037.35
2025-12-20 02:45:00,2121.92
2025-12-20 03:00:00,1903.22
2025-12-20 03:15:00,1903.71
2025-12-20 03:30:00,1578.36
2025-12-20 03:45:00,1110.28
2025-12-20 04:00:00,846.31
2025-12-20 04:15:00,486.65
2025-12-20 04:30:00,369.14
2025-12-20 04:45:00,293.69
2025-12-20 05:00:00,338.94
2025-12-20 05:15:00,339.83
2025-12-20 05:30:00,819.6
2025-12-20 05:45:00,1159.55
2025-12-20 06:00:00,1335.63
2025-12-20 06:15:00,1328.09
2025-12-20 06:30:00,1271.87
2025-12-20 06:45:00,1653.02
2025-12-20 07:00:00,2381.17
2025-12-20 07:15:00,3710.79
2025-12-20 07:30:00,4140.82
2025-12-20 07:45:00,4243.66
2025-12-20 08:00:00,4340.83
2025-12-20 08:15:00,4178.15
2025-12-20 08:30:00,3979.4
2025-12-20 08:45:00,3811.19
2025-12-20 09:00:00,3511.52
2025-12-20 09:15:00,2826.26
2025-12-20 09:30:00,2137.75
2025-12-20 09:45:00,1689.06
2025-12-20 10:00:00,1709.14
2025-12-20 10:15:00,1403.51
2025-12-20 10:30:00,1426.23
2025-12-20 10:45:00,1217.79
2025-12-20 11:00:00,857.81
2025-12-20 11:15:00,758.95
2025-12-20 11:30:00,813.56
2025-12-20 11:45:00,794.86
2025-12-20 12:00:00,1480.35
2025-12-20 12:15:00,1045.95
2025-12-20 12:30:00,847.99
2025-12-20 12:45:00,791.89
2025-12-20 13:00:00,828.93
2025-12-20 13:15:00,1172.96
2025-12-20 13:30:00,1078.7
2025-12-20 13:45:00,518.93
2025-12-20 14:00:00,190.91
2025-12-20 14:15:00,223.46
2025-12-20 14:30:00,433.19
2025-12-20 14:45:00,706.66
2025-12-20 15:00:00,900.47
2025-12-20 15:15:00,1288.06
2025-12-20 15:30:00,1597.55
2025-12-20 15:45:00,1550.69
2025-12-20 16:00:00,2178.89
2025-12-20 16:15:00,2602.24
2025-12-20 16:30:00,2871.34
2025-12-20 16:45:00,3292.57
2025-12-20 17:00:00,3876.11
2025-12-20 17:15:00,4288.83
2025-12-20 17:30:00,4648.75
2025-12-20 17:45:00,5142.43
2025-12-20 18:00:00,5190.97
2025-12-20 18:15:00,4518.52
2025-12-20 18:30:00,4230.1
2025-12-20 18:45:00,3804.56
2025-12-20 19:00:00,3382.63
2025-12-20 19:15:00,3267.62
2025-12-20 19:30:00,3314.57
2025-12-20 19:45:00,3226.42
2025-12-20 20:00:00,3048.36
2025-12-20 20:15:00,2862.63
2025-12-20 20:30:00,2395.98
2025-12-20 20:45:00,2115.84
2025-12-20 21:00:00,2379.31
2025-12-20 21:15:00,2160.28
2025-12-20 21:30:00,2038.7
2025-12-20 21:45:00,1778.93
2025-12-20 22:00:00,1684.12
2025-12-20 22:15:00,1665.14
2025-12-20 22:30:00,1650.28
2025-12-20 22:45:00,1353.56
2025-12-20 23:00:00,984.21
2025-12-20 23:15:00,961.81
2025-12-20 23:30:00,1007.04
2025-12-20 23:45:00,1559.07
2025-12-21 00:00:00,2838.7
2025-12-21 00:15:00,1942.55
2025-12-21 00:30:00,886.47
2025-12-21 00:45:00,601.84
2025-12-21 01:00:00,549.89
2025-12-21 01:15:00,509.43
2025-12-21 01:30:00,519.95
2025-12-21 01:45:00,558.66
2025-12-21 02:00:00,229.14
2025-12-21 02:15:00,195.56
2025-12-21 02:30:00,-95.28
2025-12-21 02:45:00,-107.58
2025-12-21 03:00:00,-161.83
2025-12-21 03:15:00,-154.35
2025-12-21 03:30:00,-144.66
2025-12-21 03:45:00,-145.45
2025-12-21 04:00:00,184.02
2025-12-21 04:15:00,433.06
2025-12-21 04:30:00,468.39
2025-12-21 04:45:00,471.55
2025-12-21 05:00:00,779.35
2025-12-21 05:15:00,773.32
2025-12-21 05:30:00,742.09
2025-12-21 05:45:00,772.03
2025-12-21 06:00:00,777.02
2025-12-21 06:15:00,1065.42
2025-12-21 06:30:00,1075.59
2025-12-21 06:45:00,1131.08
2025-12-21 07:00:00,1136.96
2025-12-21 07:15:00,1151.93
2025-12-21 07:30:00,1284.47
2025-12-21 07:45:00,1534.08
2025-12-21 08:00:00,1723.47
2025-12-21 08:15:00,1498.22
2025-12-21 08:30:00,1509.4
2025-12-21 08:45:00,1496.95
2025-12-21 09:00:00,1921.49
2025-12-21 09:15:00,1780.37
2025-12-21 09:30:00,1331.14
2025-12-21 09:45:00,1347.53
2025-12-21 10:00:00,1372.38
2025-12-21 10:15:00,1372.17
2025-12-21 10:30:00,1363.75
2025-12-21 10:45:00,1392.72
2025-12-21 11:00:00,1395.39
2025-12-21 11:15:00,1388.83
2025-12-21 11:30:00,1382.19
2025-12-21 11:45:00,1395.2
2025-12-21 12:00:00,1838.56
2025-12-21 12:15:00,1453.91
2025-12-21 12:30:00,1381.7
2025-12-21 12:45:00,1443.34
2025-12-21 13:00:00,1450.29
2025-12-21 13:15:00,1442.71
2025-12-21 13:30:00,1448.96
2025-12-21 13:45:00,1505.98
2025-12-21 14:00:00,1471.66
2025-12-21 14:15:00,1507.06
2025-12-21 14:30:00,1429.32
2025-12-21 14:45:00,1491.92
2025-12-21 15:00:00,1892.58
2025-12-21 15:15:00,2175.56
2025-12-21 15:30:00,2890.3
2025-12-21 15:45:00,3068.43
2025-12-21 16:00:00,3069.26
2025-12-21 16:15:00,3419.02
2025-12-21 16:30:00,3832.95
2025-12-21 16:45:00,4530.76
2025-12-21 17:00:00,4738.06
2025-12-21 17:15:00,4733.31
2025-12-21 17:30:00,5129.04
2025-12-21 17:45:00,4849.08
2025-12-21 18:00:00,4976.87
2025-12-21 18:15:00,4964.4
2025-12-21 18:30:00,5078.37
2025-12-21 18:45:00,5693.13
2025-12-21 19:00:00,5777.68
2025-12-21 19:15:00,5510.51
2025-12-21 19:30:00,5516.16
2025-12-21 19:45:00,5154.25
2025-12-21 20:00:00,5136.22
2025-12-21 20:15:00,4740.44
2025-12-21 20:30:00,4402.3
2025-12-21 20:45:00,4007.65
2025-12-21 21:00:00,3924.85
2025-12-21 21:15:00,3826.41
2025-12-21 21:30:00,3232.79
2025-12-21 21:45:00,2932.55
2025-12-21 22:00:00,2912.94
2025-12-21 22:15:00,2593.4
2025-12-21 22:30:00,2512.83
2025-12-21 22:45:00,2213.47
2025-12-21 23:00:00,1969.82
2025-12-21 23:15:00,1844.96
2025-12-21 23:30:00,1911.58
2025-12-21 23:45:00,1868.27
2025-12-22 00:00:00,4423.79
2025-12-22 00:15:00,3326.92
2025-12-22 00:30:00,1901.98
2025-12-22 00:45:00,1434.02
2025-12-22 01:00:00,1259.11
2025-12-22 01:15:00,1257.48
2025-12-22 01:30:00,1200.07
2025-12-22 01:45:00,1122.42
2025-12-22 02:00:00,1108.47
2025-12-22 02:15:00,1215.49
2025-12-22 02:30:00,1104.43
2025-12-22 02:45:00,1130.95
2025-12-22 03:00:00,1198.82
2025-12-22 03:15:00,854.14
2025-12-22 03:30:00,539.42
2025-12-22 03:45:00,528.1
2025-12-22 04:00:00,541.81
2025-12-22 04:15:00,539.23
2025-12-22 04:30:00,528.33
2025-12-22 04:45:00,537.17
2025-12-22 05:00:00,525.9
2025-12-22 05:15:00,452.6
2025-12-22 05:30:00,429.21
2025-12-22 05:45:00,855.83
2025-12-22 06:00:00,1197.59
2025-12-22 06:15:00,1241.02
2025-12-22 06:30:00,1230.61
2025-12-22 06:45:00,1450.57
2025-12-22 07:00:00,1984.05
2025-12-22 07:15:00,2235.01
2025-12-22 07:30:00,2178.1
2025-12-22 07:45:00,2191.16
2025-12-22 08:00:00,2269.42
2025-12-22 08:15:00,2402.21
2025-12-22 08:30:00,2143.71
2025-12-22 08:45:00,2051.2
2025-12-22 09:00:00,2086.55
2025-12-22 09:15:00,1861.53
2025-12-22 09:30:00,1632.66
2025-12-22 09:45:00,1513.14
2025-12-22 10:00:00,1521.87
2025-12-22 10:15:00,1544.53
2025-12-22 10:30:00,1119.43
2025-12-22 10:45:00,813.52
2025-12-22 11:00:00,432.26
2025-12-22 11:15:00,351.65
2025-12-22 11:30:00,157.63
2025-12-22 11:45:00,151.14
2025-12-22 12:00:00,1355.86
2025-12-22 12:15:00,1205.8
2025-12-22 12:30:00,788.43
2025-12-22 12:45:00,573.83
2025-12-22 13:00:00,392.54
2025-12-22 13:15:00,290.55
2025-12-22 13:30:00,268.34
2025-12-22 13:45:00,464.91
2025-12-22 14:00:00,709.37
2025-12-22 14:15:00,688.3
2025-12-22 14:30:00,940.28
2025-12-22 14:45:00,1272.65
2025-12-22 15:00:00,1556.25
2025-12-22 15:15:00,1540.09
2025-12-22 15:30:00,1816.88
2025-12-22 15:45:00,2222.13
2025-12-22 16:00:00,2535.48
2025-12-22 16:15:00,2757.72
2025-12-22 16:30:00,3306.48
2025-12-22 16:45:00,3803.84
2025-12-22 17:00:00,4382.08
2025-12-22 17:15:00,5093.07
2025-12-22 17:30:00,5218.18
2025-12-22 17:45:00,5515.32
2025-12-22 18:00:00,5793.14
2025-12-22 18:15:00,5612.64
2025-12-22 18:30:00,5230.81
2025-12-22 18:45:00,5469.74
2025-12-22 19:00:00,5590.44
2025-12-22 19:15:00,5555.8
2025-12-22 19:30:00,5772.25
2025-12-22 19:45:00,5116.01
2025-12-22 20:00:00,5462.16
2025-12-22 20:15:00,4959.98
2025-12-22 20:30:00,4521.56
2025-12-22 20:45:00,3764.4
2025-12-22 21:00:00,3801.83
2025-12-22 21:15:00,3620.87
2025-12-22 21:30:00,3271.76
2025-12-22 21:45:00,3106.29
2025-12-22 22:00:00,2768.68
2025-12-22 22:15:00,2428.78
2025-12-22 22:30:00,2416.37
2025-12-22 22:45:00,2226.45
2025-12-22 23:00:00,1642.71
2025-12-22 23:15:00,983.83
2025-12-22 23:30:00,694.15
2025-12-22 23:45:00,1399.74
2025-12-23 00:00:00,3801.01
2025-12-23 00:15:00,3207.59
2025-12-23 00:30:00,1885.56
2025-12-23 00:45:00,1496.3
2025-12-23 01:00:00,1208.62
2025-12-23 01:15:00,1166.61
2025-12-23 01:30:00,824.6
2025-12-23 01:45:00,466.4
2025-12-23 02:00:00,143.89
2025-12-23 02:15:00,-153.8
2025-12-23 02:30:00,-149.51
2025-12-23 02:45:00,-57.89
2025-12-23 03:00:00,-48.91
2025-12-23 03:15:00,-106.1
2025-12-23 03:30:00,-160.72
2025-12-23 03:45:00,-118.41
2025-12-23 04:00:00,-122.01
2025-12-23 04:15:00,-167.79
2025-12-23 04:30:00,-42.99
2025-12-23 04:45:00,-101.1
2025-12-23 05:00:00,-119.68
2025-12-23 05:15:00,-20.54
2025-12-23 05:30:00,-12.78
2025-12-23 05:45:00,194.45
2025-12-23 06:00:00,597.01
2025-12-23 06:15:00,589.22
2025-12-23 06:30:00,842.13
2025-12-23 06:45:00,1103.0
2025-12-23 07:00:00,1588.4
2025-12-23 07:15:00,2413.28
2025-12-23 07:30:00,2629.23
2025-12-23 07:45:00,2962.92
2025-12-23 08:00:00,3171.39
2025-12-23 08:15:00,3354.47
2025-12-23 08:30:00,3316.91
2025-12-23 08:45:00,3114.3
2025-12-23 09:00:00,2471.7
2025-12-23 09:15:00,2606.23
2025-12-23 09:30:00,2793.57
2025-12-23 09:45:00,2853.41
2025-12-23 10:00:00,2651.13
2025-12-23 10:15:00,2626.52
2025-12-23 10:30:00,2624.81
2025-12-23 10:45:00,2667.47
2025-12-23 11:00:00,2910.83
2025-12-23 11:15:00,2703.55
2025-12-23 11:30:00,2488.71
2025-12-23 11:45:00,2361.77
2025-12-23 12:00:00,2710.98
2025-12-23 12:15:00,2666.77
2025-12-23 12:30:00,2525.0
2025-12-23 12:45:00,2628.55
2025-12-23 13:00:00,2478.63
2025-12-23 13:15:00,2482.03
2025-12-23 13:30:00,2134.84
2025-12-23 13:45:00,2223.05
2025-12-23 14:00:00,2228.64
2025-12-23 14:15:00,2357.05
2025-12-23 14:30:00,2501.25
2025-12-23 14:45:00,2506.15
2025-12-23 15:00:00,2460.49
2025-12-23 15:15:00,2398.76
2025-12-23 15:30:00,2256.43
2025-12-23 15:45:00,2655.82
2025-12-23 16:00:00,3091.61
2025-12-23 16:15:00,3503.72
2025-12-23 16:30:00,4138.42
2025-12-23 16:45:00,4380.24
2025-12-23 17:00:00,4733.05
2025-12-23 17:15:00,4726.41
2025-12-23 17:30:00,4773.9
2025-12-23 17:45:00,4852.01
2025-12-23 18:00:00,4981.89
2025-12-23 18:15:00,4900.01
2025-12-23 18:30:00,5050.42
2025-12-23 18:45:00,5060.28
2025-12-23 19:00:00,5200.86
2025-12-23 19:15:00,5285.78
2025-12-23 19:30:00,5519.17
2025-12-23 19:45:00,5052.88
2025-12-23 20:00:00,4732.12
2025-12-23 20:15:00,4377.14
2025-12-23 20:30:00,3881.42
2025-12-23 20:45:00,3163.62
2025-12-23 21:00:00,3190.99
2025-12-23 21:15:00,2994.68
2025-12-23 21:30:00,2511.33
2025-12-23 21:45:00,2229.34
2025-12-23 22:00:00,2204.77
2025-12-23 22:15:00,1999.5
2025-12-23 22:30:00,1986.74
2025-12-23 22:45:00,2105.95
2025-12-23 23:00:00,1904.56
2025-12-23 23:15:00,1595.76
2025-12-23 23:30:00,1544.02
2025-12-23 23:45:00,1590.46
2025-12-24 00:00:00,2884.59
2025-12-24 00:15:00,2810.48
2025-12-24 00:30:00,1830.26
2025-12-24 00:45:00,1357.81
2025-12-24 01:00:00,838.62
2025-12-24 01:15:00,604.02
2025-12-24 01:30:00,326.7
2025-12-24 01:45:00,166.64
2025-12-24 02:00:00,143.35
2025-12-24 02:15:00,130.4
2025-12-24 02:30:00,263.25
2025-12-24 02:45:00,271.57
2025-12-24 03:00:00,253.52
2025-12-24 03:15:00,265.46
2025-12-24 03:30:00,253.64
2025-12-24 03:45:00,127.17
2025-12-24 04:00:00,253.68
2025-12-24 04:15:00,281.91
2025-12-24 04:30:00,293.85
2025-12-24 04:45:00,281.43
2025-12-24 05:00:00,210.92
2025-12-24 05:15:00,202.55
2025-12-24 05:30:00,305.77
2025-12-24 05:45:00,155.75
2025-12-24 06:00:00,295.91
2025-12-24 06:15:00,165.74
2025-12-24 06:30:00,278.43
2025-12-24 06:45:00,555.65
2025-12-24 07:00:00,1345.28
2025-12-24 07:15:00,2510.67
2025-12-24 07:30:00,2719.11
2025-12-24 07:45:00,2929.32
2025-12-24 08:00:00,3213.14
2025-12-24 08:15:00,3441.05
2025-12-24 08:30:00,3289.99
2025-12-24 08:45:00,3504.44
2025-12-24 09:00:00,3485.44
2025-12-24 09:15:00,3510.55
2025-12-24 09:30:00,3547.45
2025-12-24 09:45:00,3210.03
2025-12-24 10:00:00,2950.99
2025-12-24 10:15:00,2982.16
2025-12-24 10:30:00,2765.48
2025-12-24 10:45:00,2728.01
2025-12-24 11:00:00,3078.89
2025-12-24 11:15:00,2787.36
2025-12-24 11:30:00,2820.05
2025-12-24 11:45:00,2570.52
2025-12-24 12:00:00,3139.01
2025-12-24 12:15:00,2669.56
2025-12-24 12:30:00,2370.06
2025-12-24 12:45:00,2386.3
2025-12-24 13:00:00,2510.44
2025-12-24 13:15:00,2410.6
2025-12-24 13:30:00,2176.99
2025-12-24 13:45:00,2118.83
2025-12-24 14:00:00,2109.35
2025-12-24 14:15:00,2103.33
2025-12-24 14:30:00,2093.15
2025-12-24 14:45:00,2133.25
2025-12-24 15:00:00,2255.46
2025-12-24 15:15:00,2185.34
2025-12-24 15:30:00,2189.75
2025-12-24 15:45:00,2721.45
2025-12-24 16:00:00,3163.53
2025-12-24 16:15:00,3600.95
2025-12-24 16:30:00,3604.94
2025-12-24 16:45:00,4211.73
2025-12-24 17:00:00,4159.49
2025-12-24 17:15:00,4304.21
2025-12-24 17:30:00,4397.0
2025-12-24 17:45:00,4721.83
2025-12-24 18:00:00,4540.99
2025-12-24 18:15:00,4839.1
2025-12-24 18:30:00,4873.1
2025-12-24 18:45:00,4813.04
2025-12-24 19:00:00,4996.5
2025-12-24 19:15:00,4600.05
2025-12-24 19:30:00,4796.74
2025-12-24 19:45:00,4966.1
2025-12-24 20:00:00,4792.57
2025-12-24 20:15:00,4378.01
2025-12-24 20:30:00,4526.16
2025-12-24 20:45:00,3858.07
2025-12-24 21:00:00,3367.78
2025-12-24 21:15:00,2916.47
2025-12-24 21:30:00,2537.66
2025-12-24 21:45:00,2120.16
2025-12-24 22:00:00,2047.38
2025-12-24 22:15:00,1841.51
2025-12-24 22:30:00,1944.07
2025-12-24 22:45:00,1920.09
2025-12-24 23:00:00,1925.86
2025-12-24 23:15:00,1883.64
2025-12-24 23:30:00,1646.33
2025-12-24 23:45:00,1587.72
2025-12-25 00:00:00,3933.78
2025-12-25 00:15:00,3016.83
2025-12-25 00:30:00,1847.59
2025-12-25 00:45:00,1594.3
2025-12-25 01:00:00,1523.52
2025-12-25 01:15:00,1207.85
2025-12-25 01:30:00,1208.93
2025-12-25 01:45:00,1182.24
2025-12-25 02:00:00,1126.17
2025-12-25 02:15:00,1147.72
2025-12-25 02:30:00,1162.68
2025-12-25 02:45:00,1121.93
2025-12-25 03:00:00,1233.07
2025-12-25 03:15:00,1237.68
2025-12-25 03:30:00,1237.79
2025-12-25 03:45:00,1109.91
2025-12-25 04:00:00,1110.98
2025-12-25 04:15:00,1225.25
2025-12-25 04:30:00,1187.39
2025-12-25 04:45:00,1217.67
2025-12-25 05:00:00,1216.5
2025-12-25 05:15:00,1204.6
2025-12-25 05:30:00,1222.16
2025-12-25 05:45:00,1223.49
2025-12-25 06:00:00,1215.14
2025-12-25 06:15:00,1218.44
2025-12-25 06:30:00,1133.01
2025-12-25 06:45:00,1257.81
2025-12-25 07:00:00,1595.03
2025-12-25 07:15:00,1610.35
2025-12-25 07:30:00,1511.38
2025-12-25 07:45:00,1587.96
2025-12-25 08:00:00,1406.94
2025-12-25 08:15:00,1487.08
2025-12-25 08:30:00,1403.21
2025-12-25 08:45:00,1370.64
2025-12-25 09:00:00,1467.44
2025-12-25 09:15:00,1466.28
2025-12-25 09:30:00,1461.48
2025-12-25 09:45:00,982.19
2025-12-25 10:00:00,653.23
2025-12-25 10:15:00,430.59
2025-12-25 10:30:00,2.8
2025-12-25 10:45:00,28.08
2025-12-25 11:00:00,77.2
2025-12-25 11:15:00,150.12
2025-12-25 11:30:00,54.89
2025-12-25 11:45:00,84.27
2025-12-25 12:00:00,169.87
2025-12-25 12:15:00,304.56
2025-12-25 12:30:00,322.41
2025-12-25 12:45:00,292.58
2025-12-25 13:00:00,197.07
2025-12-25 13:15:00,344.64
2025-12-25 13:30:00,248.62
2025-12-25 13:45:00,494.32
2025-12-25 14:00:00,797.08
2025-12-25 14:15:00,1197.6
2025-12-25 14:30:00,1530.48
2025-12-25 14:45:00,1658.66
2025-12-25 15:00:00,1564.74
2025-12-25 15:15:00,1548.94
2025-12-25 15:30:00,1544.6
2025-12-25 15:45:00,1609.86
2025-12-25 16:00:00,1653.3
2025-12-25 16:15:00,1899.86
2025-12-25 16:30:00,2165.73
2025-12-25 16:45:00,2511.53
2025-12-25 17:00:00,3016.53
2025-12-25 17:15:00,3844.34
2025-12-25 17:30:00,5037.45
2025-12-25 17:45:00,4948.62
2025-12-25 18:00:00,5074.7
2025-12-25 18:15:00,5098.19
2025-12-25 18:30:00,4971.62
2025-12-25 18:45:00,5082.12
2025-12-25 19:00:00,5176.8
2025-12-25 19:15:00,5131.87
2025-12-25 19:30:00,5376.36
2025-12-25 19:45:00,5366.44
2025-12-25 20:00:00,5226.08
2025-12-25 20:15:00,5198.98
2025-12-25 20:30:00,4970.2
2025-12-25 20:45:00,4928.43
2025-12-25 21:00:00,4386.82
2025-12-25 21:15:00,4287.62
2025-12-25 21:30:00,3601.41
2025-12-25 21:45:00,3225.51
2025-12-25 22:00:00,2773.12
2025-12-25 22:15:00,2742.99
2025-12-25 22:30:00,2203.69
2025-12-25 22:45:00,1868.15
2025-12-25 23:00:00,1685.88
2025-12-25 23:15:00,1616.8
2025-12-25 23:30:00,1540.96
2025-12-25 23:45:00,1577.11
2025-12-26 00:00:00,3243.03
2025-12-26 00:15:00,2755.18
2025-12-26 00:30:00,1825.89
2025-12-26 00:45:00,1471.39
2025-12-26 01:00:00,1521.3
2025-12-26 01:15:00,1278.76
2025-12-26 01:30:00,1185.63
2025-12-26 01:45:00,1166.99
2025-12-26 02:00:00,1099.9
2025-12-26 02:15:00,1089.38
2025-12-26 02:30:00,797.39
2025-12-26 02:45:00,450.96
2025-12-26 03:00:00,473.24
2025-12-26 03:15:00,449.91
2025-12-26 03:30:00,439.05
2025-12-26 03:45:00,441.5
2025-12-26 04:00:00,452.07
2025-12-26 04:15:00,467.69
2025-12-26 04:30:00,774.79
2025-12-26 04:45:00,1125.94
2025-12-26 05:00:00,1124.85
2025-12-26 05:15:00,1128.4
2025-12-26 05:30:00,1122.93
2025-12-26 05:45:00,1122.59
2025-12-26 06:00:00,1123.39
2025-12-26 06:15:00,1136.68
2025-12-26 06:30:00,1139.12
2025-12-26 06:45:00,1399.27
2025-12-26 07:00:00,1725.16
2025-12-26 07:15:00,1555.58
2025-12-26 07:30:00,1375.38
2025-12-26 07:45:00,1369.45
2025-12-26 08:00:00,1421.23
2025-12-26 08:15:00,1604.2
2025-12-26 08:30:00,1406.28
2025-12-26 08:45:00,1334.54
2025-12-26 09:00:00,1419.05
2025-12-26 09:15:00,1412.68
2025-12-26 09:30:00,1406.06
2025-12-26 09:45:00,1287.89
2025-12-26 10:00:00,1318.19
2025-12-26 10:15:00,1242.12
2025-12-26 10:30:00,1247.21
2025-12-26 10:45:00,1247.22
2025-12-26 11:00:00,987.03
2025-12-26 11:15:00,628.76
2025-12-26 11:30:00,461.73
2025-12-26 11:45:00,332.22
2025-12-26 12:00:00,213.37
2025-12-26 12:15:00,37.84
2025-12-26 12:30:00,46.82
2025-12-26 12:45:00,230.12
2025-12-26 13:00:00,81.08
2025-12-26 13:15:00,86.58
2025-12-26 13:30:00,94.28
2025-12-26 13:45:00,133.4
2025-12-26 14:00:00,220.69
2025-12-26 14:15:00,219.62
2025-12-26 14:30:00,463.08
2025-12-26 14:45:00,902.06
2025-12-26 15:00:00,1214.86
2025-12-26 15:15:00,1491.02
2025-12-26 15:30:00,1721.89
2025-12-26 15:45:00,2057.23
2025-12-26 16:00:00,2376.54
2025-12-26 16:15:00,2841.46
2025-12-26 16:30:00,2963.52
2025-12-26 16:45:00,2910.94
2025-12-26 17:00:00,3074.92
2025-12-26 17:15:00,3935.34
2025-12-26 17:30:00,5185.5
2025-12-26 17:45:00,5219.62
2025-12-26 18:00:00,5147.57
2025-12-26 18:15:00,5046.15
2025-12-26 18:30:00,5129.21
2025-12-26 18:45:00,5100.66
2025-12-26 19:00:00,5152.97
2025-12-26 19:15:00,4989.93
2025-12-26 19:30:00,4939.3
2025-12-26 19:45:00,5063.52
2025-12-26 20:00:00,4914.3
2025-12-26 20:15:00,4737.1
2025-12-26 20:30:00,4612.95
2025-12-26 20:45:00,4975.55
2025-12-26 21:00:00,4675.84
2025-12-26 21:15:00,4326.25
2025-12-26 21:30:00,3662.88
2025-12-26 21:45:00,3371.8
2025-12-26 22:00:00,3021.3
2025-12-26 22:15:00,3076.6
2025-12-26 22:30:00,2428.76
2025-12-26 22:45:00,2267.4
2025-12-26 23:00:00,1942.25
2025-12-26 23:15:00,1944.09
2025-12-26 23:30:00,1736.02
2025-12-26 23:45:00,1753.11
2025-12-27 00:00:00,4282.72
2025-12-27 00:15:00,3261.28
2025-12-27 00:30:00,1939.04
2025-12-27 00:45:00,1508.0
2025-12-27 01:00:00,1530.73
2025-12-27 01:15:00,1308.9
2025-12-27 01:30:00,1282.38
2025-12-27 01:45:00,1289.49
2025-12-27 02:00:00,1272.19
2025-12-27 02:15:00,1278.56
2025-12-27 02:30:00,1265.88
2025-12-27 02:45:00,1270.6
2025-12-27 03:00:00,1237.57
2025-12-27 03:15:00,1266.35
2025-12-27 03:30:00,1261.7
2025-12-27 03:45:00,1247.23
2025-12-27 04:00:00,1249.43
2025-12-27 04:15:00,1277.42
2025-12-27 04:30:00,1272.05
2025-12-27 04:45:00,1273.74
2025-12-27 05:00:00,1254.01
2025-12-27 05:15:00,1238.48
2025-12-27 05:30:00,1266.64
2025-12-27 05:45:00,1818.76
2025-12-27 06:00:00,1666.8
2025-12-27 06:15:00,1282.83
2025-12-27 06:30:00,1243.63
2025-12-27 06:45:00,1220.9
2025-12-27 07:00:00,1348.23
2025-12-27 07:15:00,1673.66
2025-12-27 07:30:00,1675.81
2025-12-27 07:45:00,1684.4
2025-12-27 08:00:00,1871.09
2025-12-27 08:15:00,1770.69
2025-12-27 08:30:00,1579.42
2025-12-27 08:45:00,1524.51
2025-12-27 09:00:00,1632.11
2025-12-27 09:15:00,1559.76
2025-12-27 09:30:00,1566.79
2025-12-27 09:45:00,1332.23
2025-12-27 10:00:00,1005.98
2025-12-27 10:15:00,993.42
2025-12-27 10:30:00,686.36
2025-12-27 10:45:00,436.06
2025-12-27 11:00:00,126.14
2025-12-27 11:15:00,48.65
2025-12-27 11:30:00,112.33
2025-12-27 11:45:00,26.61
2025-12-27 12:00:00,524.87
2025-12-27 12:15:00,520.68
2025-12-27 12:30:00,531.06
2025-12-27 12:45:00,734.28
2025-12-27 13:00:00,376.99
2025-12-27 13:15:00,253.06
2025-12-27 13:30:00,308.47
2025-12-27 13:45:00,208.54
2025-12-27 14:00:00,235.42
2025-12-27 14:15:00,536.09
2025-12-27 14:30:00,842.66
2025-12-27 14:45:00,1212.9
2025-12-27 15:00:00,1515.12
2025-12-27 15:15:00,1727.64
2025-12-27 15:30:00,1816.79
2025-12-27 15:45:00,2705.16
2025-12-27 16:00:00,2972.24
2025-12-27 16:15:00,4039.14
2025-12-27 16:30:00,3803.27
2025-12-27 16:45:00,3251.03
2025-12-27 17:00:00,3599.13
2025-12-27 17:15:00,4315.14
2025-12-27 17:30:00,5574.67
2025-12-27 17:45:00,6008.93
2025-12-27 18:00:00,5467.62
2025-12-27 18:15:00,5521.63
2025-12-27 18:30:00,5361.12
2025-12-27 18:45:00,5529.23
2025-12-27 19:00:00,5473.9
2025-12-27 19:15:00,5562.71
2025-12-27 19:30:00,5755.75
2025-12-27 19:45:00,5564.73
2025-12-27 20:00:00,5597.62
2025-12-27 20:15:00,5773.97
2025-12-27 20:30:00,5510.68
2025-12-27 20:45:00,4995.85
2025-12-27 21:00:00,4556.54
2025-12-27 21:15:00,4453.24
2025-12-27 21:30:00,3627.39
2025-12-27 21:45:00,3557.5
2025-12-27 22:00:00,2977.18
2025-12-27 22:15:00,2885.87
2025-12-27 22:30:00,2451.85
2025-12-27 22:45:00,2299.7
2025-12-27 23:00:00,1829.47
2025-12-27 23:15:00,1471.18
2025-12-27 23:30:00,1404.88
2025-12-27 23:45:00,1772.57
2025-12-28 00:00:00,4284.06
2025-12-28 00:15:00,3317.56
2025-12-28 00:30:00,2560.27
2025-12-28 00:45:00,2083.55
2025-12-28 01:00:00,2011.7
2025-12-28 01:15:00,1749.21
2025-12-28 01:30:00,1742.71
2025-12-28 01:45:00,1717.72
2025-12-28 02:00:00,1680.56
2025-12-28 02:15:00,1690.84
2025-12-28 02:30:00,1655.87
2025-12-28 02:45:00,1649.35
2025-12-28 03:00:00,1564.18
2025-12-28 03:15:00,1537.85
2025-12-28 03:30:00,1531.08
2025-12-28 03:45:00,1530.8
2025-12-28 04:00:00,1529.21
2025-12-28 04:15:00,1533.48
2025-12-28 04:30:00,1497.19
2025-12-28 04:45:00,1416.35
2025-12-28 05:00:00,1389.38
2025-12-28 05:15:00,1396.37
2025-12-28 05:30:00,1429.29
2025-12-28 05:45:00,1423.47
2025-12-28 06:00:00,1394.66
2025-12-28 06:15:00,1441.47
2025-12-28 06:30:00,1442.15
2025-12-28 06:45:00,1452.56
2025-12-28 07:00:00,1542.18
2025-12-28 07:15:00,1700.97
2025-12-28 07:30:00,1685.47
2025-12-28 07:45:00,1767.28
2025-12-28 08:00:00,1818.03
2025-12-28 08:15:00,1778.88
2025-12-28 08:30:00,1777.2
2025-12-28 08:45:00,1824.29
2025-12-28 09:00:00,1706.19
2025-12-28 09:15:00,1682.46
2025-12-28 09:30:00,1667.87
2025-12-28 09:45:00,1489.45
2025-12-28 10:00:00,1183.22
2025-12-28 10:15:00,1185.22
2025-12-28 10:30:00,1932.73
2025-12-28 10:45:00,1185.14
2025-12-28 11:00:00,537.34
2025-12-28 11:15:00,314.8
2025-12-28 11:30:00,309.81
2025-12-28 11:45:00,346.62
2025-12-28 12:00:00,770.64
2025-12-28 12:15:00,822.81
2025-12-28 12:30:00,495.3
2025-12-28 12:45:00,507.1
2025-12-28 13:00:00,509.42
2025-12-28 13:15:00,510.83
2025-12-28 13:30:00,813.43
2025-12-28 13:45:00,686.64
2025-12-28 14:00:00,1024.56
2025-12-28 14:15:00,1549.68
2025-12-28 14:30:00,1797.54
2025-12-28 14:45:00,1687.42
2025-12-28 15:00:00,1769.92
2025-12-28 15:15:00,1814.43
2025-12-28 15:30:00,2323.51
2025-12-28 15:45:00,2120.43
2025-12-28 16:00:00,1889.37
2025-12-28 16:15:00,1796.31
2025-12-28 16:30:00,2778.72
2025-12-28 16:45:00,4217.04
2025-12-28 17:00:00,3641.2
2025-12-28 17:15:00,4214.02
2025-12-28 17:30:00,5106.06
2025-12-28 17:45:00,5520.04
2025-12-28 18:00:00,5721.81
2025-12-28 18:15:00,5195.61
2025-12-28 18:30:00,5040.45
2025-12-28 18:45:00,5727.34
2025-12-28 19:00:00,5622.31
2025-12-28 19:15:00,5821.18
2025-12-28 19:30:00,6021.27
2025-12-28 19:45:00,6041.66
2025-12-28 20:00:00,5583.6
2025-12-28 20:15:00,5491.8
2025-12-28 20:30:00,5059.83
2025-12-28 20:45:00,4955.73
2025-12-28 21:00:00,4266.0
2025-12-28 21:15:00,4080.02
2025-12-28 21:30:00,3441.36
2025-12-28 21:45:00,3121.55
2025-12-28 22:00:00,2715.35
2025-12-28 22:15:00,2657.87
2025-12-28 22:30:00,2243.88
2025-12-28 22:45:00,1778.9
2025-12-28 23:00:00,1606.61
2025-12-28 23:15:00,1588.06
2025-12-28 23:30:00,1582.97
2025-12-28 23:45:00,1731.93
2025-12-29 00:00:00,4137.18
2025-12-29 00:15:00,2992.78
2025-12-29 00:30:00,2063.28
2025-12-29 00:45:00,1531.53
2025-12-29 01:00:00,1360.2
2025-12-29 01:15:00,1107.7
2025-12-29 01:30:00,1105.13
2025-12-29 01:45:00,1105.58
2025-12-29 02:00:00,1093.73
2025-12-29 02:15:00,1096.7
2025-12-29 02:30:00,1103.51
2025-12-29 02:45:00,1096.49
2025-12-29 03:00:00,1063.65
2025-12-29 03:15:00,1075.43
2025-12-29 03:30:00,1067.69
2025-12-29 03:45:00,1024.91
2025-12-29 04:00:00,1026.03
2025-12-29 04:15:00,1046.58
2025-12-29 04:30:00,996.13
2025-12-29 04:45:00,1028.41
2025-12-29 05:00:00,997.59
2025-12-29 05:15:00,1035.64
2025-12-29 05:30:00,1035.07
2025-12-29 05:45:00,1035.71
2025-12-29 06:00:00,1029.13
2025-12-29 06:15:00,1110.01
2025-12-29 06:30:00,1116.16
2025-12-29 06:45:00,1438.94
2025-12-29 07:00:00,1585.19
2025-12-29 07:15:00,1708.9
2025-12-29 07:30:00,1377.2
2025-12-29 07:45:00,1482.76
2025-12-29 08:00:00,1597.63
2025-12-29 08:15:00,1598.4
2025-12-29 08:30:00,1604.16
2025-12-29 08:45:00,1818.32
2025-12-29 09:00:00,2050.74
2025-12-29 09:15:00,2476.21
2025-12-29 09:30:00,2266.47
2025-12-29 09:45:00,1771.35
2025-12-29 10:00:00,1471.8
2025-12-29 10:15:00,1567.48
2025-12-29 10:30:00,982.29
2025-12-29 10:45:00,442.67
2025-12-29 11:00:00,93.87
2025-12-29 11:15:00,91.85
2025-12-29 11:30:00,96.4
2025-12-29 11:45:00,106.21
2025-12-29 12:00:00,100.06
2025-12-29 12:15:00,107.64
2025-12-29 12:30:00,119.53
2025-12-29 12:45:00,127.52
2025-12-29 13:00:00,127.32
2025-12-29 13:15:00,141.25
2025-12-29 13:30:00,233.09
2025-12-29 13:45:00,209.1
2025-12-29 14:00:00,214.92
2025-12-29 14:15:00,621.52
2025-12-29 14:30:00,618.65
2025-12-29 14:45:00,912.29
2025-12-29 15:00:00,1290.7
2025-12-29 15:15:00,1790.39
2025-12-29 15:30:00,1472.48
2025-12-29 15:45:00,1489.35
2025-12-29 16:00:00,1598.79
2025-12-29 16:15:00,1591.05
2025-12-29 16:30:00,1580.21
2025-12-29 16:45:00,1909.27
2025-12-29 17:00:00,2650.37
2025-12-29 17:15:00,3675.42
2025-12-29 17:30:00,5051.06
2025-12-29 17:45:00,4979.57
2025-12-29 18:00:00,4970.89
2025-12-29 18:15:00,5052.38
2025-12-29 18:30:00,5227.88
2025-12-29 18:45:00,4907.59
2025-12-29 19:00:00,4800.26
2025-12-29 19:15:00,4924.64
2025-12-29 19:30:00,5008.9
2025-12-29 19:45:00,4853.49
2025-12-29 20:00:00,4998.85
2025-12-29 20:15:00,5147.92
2025-12-29 20:30:00,4779.16
2025-12-29 20:45:00,4615.08
2025-12-29 21:00:00,3827.09
2025-12-29 21:15:00,3608.27
2025-12-29 21:30:00,3149.33
2025-12-29 21:45:00,2934.13
2025-12-29 22:00:00,2477.57
2025-12-29 22:15:00,2414.32
2025-12-29 22:30:00,2040.87
2025-12-29 22:45:00,1581.23
2025-12-29 23:00:00,1399.7
2025-12-29 23:15:00,1355.7
2025-12-29 23:30:00,1070.18
2025-12-29 23:45:00,874.49
2025-12-30 00:00:00,3507.95
2025-12-30 00:15:00,2748.55
2025-12-30 00:30:00,1872.81
2025-12-30 00:45:00,1365.93
2025-12-30 01:00:00,1499.86
2025-12-30 01:15:00,1249.88
2025-12-30 01:30:00,1212.83
2025-12-30 01:45:00,1182.94
2025-12-30 02:00:00,828.22
2025-12-30 02:15:00,494.33
2025-12-30 02:30:00,443.68
2025-12-30 02:45:00,410.19
2025-12-30 03:00:00,465.05
2025-12-30 03:15:00,490.0
2025-12-30 03:30:00,504.74
2025-12-30 03:45:00,515.73
2025-12-30 04:00:00,431.49
2025-12-30 04:15:00,442.27
2025-12-30 04:30:00,442.72
2025-12-30 04:45:00,513.27
2025-12-30 05:00:00,516.33
2025-12-30 05:15:00,538.29
2025-12-30 05:30:00,878.16
2025-12-30 05:45:00,1354.94
2025-12-30 06:00:00,1758.46
2025-12-30 06:15:00,1958.24
2025-12-30 06:30:00,2207.25
2025-12-30 06:45:00,2513.04
2025-12-30 07:00:00,2637.06
2025-12-30 07:15:00,2887.43
2025-12-30 07:30:00,2807.06
2025-12-30 07:45:00,2949.51
2025-12-30 08:00:00,3000.12
2025-12-30 08:15:00,2989.06
2025-12-30 08:30:00,2765.86
2025-12-30 08:45:00,2616.27
2025-12-30 09:00:00,2242.69
2025-12-30 09:15:00,2156.48
2025-12-30 09:30:00,2078.84
2025-12-30 09:45:00,1926.29
2025-12-30 10:00:00,1983.18
2025-12-30 10:15:00,2134.02
2025-12-30 10:30:00,1936.23
2025-12-30 10:45:00,1471.59
2025-12-30 11:00:00,1026.54
2025-12-30 11:15:00,1057.03
2025-12-30 11:30:00,744.57
2025-12-30 11:45:00,351.04
2025-12-30 12:00:00,146.13
2025-12-30 12:15:00,101.82
2025-12-30 12:30:00,64.32
2025-12-30 12:45:00,35.5
2025-12-30 13:00:00,6.53
2025-12-30 13:15:00,49.9
2025-12-30 13:30:00,756.77
2025-12-30 13:45:00,866.64
2025-12-30 14:00:00,109.31
2025-12-30 14:15:00,70.82
2025-12-30 14:30:00,413.54
2025-12-30 14:45:00,534.59
2025-12-30 15:00:00,865.92
2025-12-30 15:15:00,1154.24
2025-12-30 15:30:00,1627.04
2025-12-30 15:45:00,1406.11
2025-12-30 16:00:00,1477.02
2025-12-30 16:15:00,1918.79
2025-12-30 16:30:00,1873.49
2025-12-30 16:45:00,2051.55
2025-12-30 17:00:00,2655.72
2025-12-30 17:15:00,3748.59
2025-12-30 17:30:00,4442.67
2025-12-30 17:45:00,4581.86
2025-12-30 18:00:00,4771.01
2025-12-30 18:15:00,4632.39
2025-12-30 18:30:00,4459.5
2025-12-30 18:45:00,4425.58
2025-12-30 19:00:00,4418.37
2025-12-30 19:15:00,4688.56
2025-12-30 19:30:00,4672.27
2025-12-30 19:45:00,4463.0
2025-12-30 20:00:00,4594.09
2025-12-30 20:15:00,4490.81
2025-12-30 20:30:00,4444.39
2025-12-30 20:45:00,3988.34
2025-12-30 21:00:00,3519.01
2025-12-30 21:15:00,3074.9
2025-12-30 21:30:00,2688.44
2025-12-30 21:45:00,2142.09
2025-12-30 22:00:00,2209.1
2025-12-30 22:15:00,1829.77
2025-12-30 22:30:00,1424.99
2025-12-30 22:45:00,1408.93
2025-12-30 23:00:00,1419.02
2025-12-30 23:15:00,1362.86
2025-12-30 23:30:00,1315.01
2025-12-30 23:45:00,2013.17
2025-12-31 00:00:00,3372.11
2025-12-31 00:15:00,2800.0
2025-12-31 00:30:00,2024.97
2025-12-31 00:45:00,1453.88
2025-12-31 01:00:00,1501.87
2025-12-31 01:15:00,1331.75
2025-12-31 01:30:00,1325.55
2025-12-31 01:45:00,1598.98
2025-12-31 02:00:00,1330.14
2025-12-31 02:15:00,1007.37
2025-12-31 02:30:00,689.11
2025-12-31 02:45:00,328.79
2025-12-31 03:00:00,3.85
2025-12-31 03:15:00,0.92
2025-12-31 03:30:00,15.75
2025-12-31 03:45:00,3.95
2025-12-31 04:00:00,15.99
2025-12-31 04:15:00,27.25
2025-12-31 04:30:00,6.09
2025-12-31 04:45:00,-12.18
2025-12-31 05:00:00,-36.84
2025-12-31 05:15:00,38.87
2025-12-31 05:30:00,-11.4
2025-12-31 05:45:00,-30.11
2025-12-31 06:00:00,-15.06
2025-12-31 06:15:00,291.06
2025-12-31 06:30:00,589.63
2025-12-31 06:45:00,1029.06
2025-12-31 07:00:00,1338.51
2025-12-31 07:15:00,1398.64
2025-12-31 07:30:00,1381.89
2025-12-31 07:45:00,1419.54
2025-12-31 08:00:00,1582.45
2025-12-31 08:15:00,1589.44
2025-12-31 08:30:00,1908.29
2025-12-31 08:45:00,1947.53
2025-12-31 09:00:00,1633.5
2025-12-31 09:15:00,1642.66
2025-12-31 09:30:00,1475.16
2025-12-31 09:45:00,1453.23
2025-12-31 10:00:00,1550.57
2025-12-31 10:15:00,1561.43
2025-12-31 10:30:00,2183.37
2025-12-31 10:45:00,1800.61
2025-12-31 11:00:00,1618.08
2025-12-31 11:15:00,1542.12
2025-12-31 11:30:00,1482.5
2025-12-31 11:45:00,1522.15
2025-12-31 12:00:00,1890.82
2025-12-31 12:15:00,1494.59
2025-12-31 12:30:00,1741.92
2025-12-31 12:45:00,1927.65
2025-12-31 13:00:00,2146.1
2025-12-31 13:15:00,1924.59
2025-12-31 13:30:00,1517.15
2025-12-31 13:45:00,1490.24
2025-12-31 14:00:00,1504.91
2025-12-31 14:15:00,1506.7
2025-12-31 14:30:00,1535.02
2025-12-31 14:45:00,1518.26
2025-12-31 15:00:00,1603.77
2025-12-31 15:15:00,1517.62
2025-12-31 15:30:00,1574.75
2025-12-31 15:45:00,1572.44
2025-12-31 16:00:00,1546.65
2025-12-31 16:15:00,1819.93
2025-12-31 16:30:00,2595.7
2025-12-31 16:45:00,3312.82
2025-12-31 17:00:00,3762.35
2025-12-31 17:15:00,4085.3
2025-12-31 17:30:00,4584.45
2025-12-31 17:45:00,4712.0
2025-12-31 18:00:00,4679.79
2025-12-31 18:15:00,4784.35
2025-12-31 18:30:00,5523.65
2025-12-31 18:45:00,5548.89
2025-12-31 19:00:00,5412.22
2025-12-31 19:15:00,5698.66
2025-12-31 19:30:00,5622.82
2025-12-31 19:45:00,5512.44
2025-12-31 20:00:00,5473.26
2025-12-31 20:15:00,4957.36
2025-12-31 20:30:00,4988.12
2025-12-31 20:45:00,4735.44
2025-12-31 21:00:00,4466.62
2025-12-31 21:15:00,3878.33
2025-12-31 21:30:00,3009.79
2025-12-31 21:45:00,2634.31
2025-12-31 22:00:00,2443.92
2025-12-31 22:15:00,2506.48
2025-12-31 22:30:00,2255.45
2025-12-31 22:45:00,2041.94
2025-12-31 23:00:00,1929.95
2025-12-31 23:15:00,1926.47
2025-12-31 23:30:00,1872.51
2025-12-31 23:45:00,2021.12
2026-01-01 00:00:00,3645.36
2026-01-01 00:15:00,3386.8
2026-01-01 00:30:00,2276.82
2026-01-01 00:45:00,1716.24
2026-01-01 01:00:00,1507.81
2026-01-01 01:15:00,1573.36
2026-01-01 01:30:00,1418.02
2026-01-01 01:45:00,1352.97
2026-01-01 02:00:00,1020.12
2026-01-01 02:15:00,709.28
2026-01-01 02:30:00,399.26
2026-01-01 02:45:00,36.34
2026-01-01 03:00:00,-6.52
2026-01-01 03:15:00,42.92
2026-01-01 03:30:00,69.79
2026-01-01 03:45:00,71.94
2026-01-01 04:00:00,-6.44
2026-01-01 04:15:00,27.69
2026-01-01 04:30:00,9.96
2026-01-01 04:45:00,47.81
2026-01-01 05:00:00,64.89
2026-01-01 05:15:00,104.52
2026-01-01 05:30:00,61.42
2026-01-01 05:45:00,328.76
2026-01-01 06:00:00,615.65
2026-01-01 06:15:00,859.11
2026-01-01 06:30:00,1145.01
2026-01-01 06:45:00,1210.0
2026-01-01 07:00:00,1570.44
2026-01-01 07:15:00,2285.3
2026-01-01 07:30:00,2781.3
2026-01-01 07:45:00,2978.74
2026-01-01 08:00:00,3051.94
2026-01-01 08:15:00,2787.08
2026-01-01 08:30:00,2604.68
2026-01-01 08:45:00,2398.04
2026-01-01 09:00:00,2446.82
2026-01-01 09:15:00,2525.21
2026-01-01 09:30:00,2495.96
2026-01-01 09:45:00,2565.73
2026-01-01 10:00:00,2438.17
2026-01-01 10:15:00,2366.84
2026-01-01 10:30:00,1984.44
2026-01-01 10:45:00,2029.08
2026-01-01 11:00:00,2077.0
2026-01-01 11:15:00,1995.98
2026-01-01 11:30:00,2546.88
2026-01-01 11:45:00,2997.66
2026-01-01 12:00:00,3249.51
2026-01-01 12:15:00,2150.74
2026-01-01 12:30:00,2110.84
2026-01-01 12:45:00,1902.15
2026-01-01 13:00:00,1722.31
2026-01-01 13:15:00,1712.71
2026-01-01 13:30:00,1757.64
2026-01-01 13:45:00,1790.58
2026-01-01 14:00:00,1635.74
2026-01-01 14:15:00,1733.86
2026-01-01 14:30:00,1555.74
2026-01-01 14:45:00,1591.19
2026-01-01 15:00:00,1732.77
2026-01-01 15:15:00,1689.95
2026-01-01 15:30:00,1584.21
2026-01-01 15:45:00,1674.04
2026-01-01 16:00:00,1721.7
2026-01-01 16:15:00,2280.12
2026-01-01 16:30:00,2998.0
2026-01-01 16:45:00,3428.92
2026-01-01 17:00:00,3643.08
2026-01-01 17:15:00,4340.6
2026-01-01 17:30:00,4925.45
2026-01-01 17:45:00,4837.73
2026-01-01 18:00:00,4657.98
2026-01-01 18:15:00,4530.8
2026-01-01 18:30:00,4830.77
2026-01-01 18:45:00,5338.1
2026-01-01 19:00:00,5283.79
2026-01-01 19:15:00,5518.07
2026-01-01 19:30:00,5558.36
2026-01-01 19:45:00,5549.31
2026-01-01 20:00:00,5424.15
2026-01-01 20:15:00,5444.54
2026-01-01 20:30:00,5230.81
2026-01-01 20:45:00,4675.94
2026-01-01 21:00:00,3466.31
2026-01-01 21:15:00,2851.46
2026-01-01 21:30:00,1993.86
2026-01-01 21:45:00,1873.95
2026-01-01 22:00:00,1817.5
2026-01-01 22:15:00,1813.99
2026-01-01 22:30:00,1768.59
2026-01-01 22:45:00,1748.28
2026-01-01 23:00:00,1693.03
2026-01-01 23:15:00,1001.67
2026-01-01 23:30:00,655.19
2026-01-01 23:45:00,1247.18
2026-01-02 00:00:00,3364.82
2026-01-02 00:15:00,3328.89
2026-01-02 00:30:00,2409.89
2026-01-02 00:45:00,1917.59
2026-01-02 01:00:00,1273.6
2026-01-02 01:15:00,1330.95
2026-01-02 01:30:00,1241.71
2026-01-02 01:45:00,889.77
2026-01-02 02:00:00,612.09
2026-01-02 02:15:00,275.44
2026-01-02 02:30:00,-62.18
2026-01-02 02:45:00,-86.3
2026-01-02 03:00:00,-56.32
2026-01-02 03:15:00,-65.92
2026-01-02 03:30:00,-178.39
2026-01-02 03:45:00,-177.2
2026-01-02 04:00:00,-161.69
2026-01-02 04:15:00,-170.69
2026-01-02 04:30:00,-164.1
2026-01-02 04:45:00,-51.1
2026-01-02 05:00:00,-54.35
2026-01-02 05:15:00,-53.92
2026-01-02 05:30:00,-70.2
2026-01-02 05:45:00,-23.09
2026-01-02 06:00:00,269.81
2026-01-02 06:15:00,466.64
2026-01-02 06:30:00,808.07
2026-01-02 06:45:00,1124.42
2026-01-02 07:00:00,1431.36
2026-01-02 07:15:00,1795.78
2026-01-02 07:30:00,2090.21
2026-01-02 07:45:00,2505.1
2026-01-02 08:00:00,2729.32
2026-01-02 08:15:00,2305.17
2026-01-02 08:30:00,1931.97
2026-01-02 08:45:00,1999.77
2026-01-02 09:00:00,2029.73
2026-01-02 09:15:00,2116.78
2026-01-02 09:30:00,2109.77
2026-01-02 09:45:00,2085.07
2026-01-02 10:00:00,1723.61
2026-01-02 10:15:00,1475.41
2026-01-02 10:30:00,1461.4
2026-01-02 10:45:00,1435.91
2026-01-02 11:00:00,1471.9
2026-01-02 11:15:00,1389.21
2026-01-02 11:30:00,1429.83
2026-01-02 11:45:00,1465.21
2026-01-02 12:00:00,1519.36
2026-01-02 12:15:00,1487.84
2026-01-02 12:30:00,1548.85
2026-01-02 12:45:00,1509.15
2026-01-02 13:00:00,1510.49
2026-01-02 13:15:00,1521.37
2026-01-02 13:30:00,1530.97
2026-01-02 13:45:00,1565.56
2026-01-02 14:00:00,1395.18
2026-01-02 14:15:00,1384.36
2026-01-02 14:30:00,1419.0
2026-01-02 14:45:00,1427.01
2026-01-02 15:00:00,1535.72
2026-01-02 15:15:00,1553.86
2026-01-02 15:30:00,1484.34
2026-01-02 15:45:00,1450.84
2026-01-02 16:00:00,1396.1
2026-01-02 16:15:00,1867.93
2026-01-02 16:30:00,2538.02
2026-01-02 16:45:00,3393.8
2026-01-02 17:00:00,4454.31
2026-01-02 17:15:00,4721.31
2026-01-02 17:30:00,5453.16
2026-01-02 17:45:00,5408.63
2026-01-02 18:00:00,5223.2
2026-01-02 18:15:00,5206.41
2026-01-02 18:30:00,5647.24
2026-01-02 18:45:00,5850.03
2026-01-02 19:00:00,5780.63
2026-01-02 19:15:00,5699.41
2026-01-02 19:30:00,6151.73
2026-01-02 19:45:00,6048.85
2026-01-02 20:00:00,5923.16
2026-01-02 20:15:00,5776.15
2026-01-02 20:30:00,5267.25
2026-01-02 20:45:00,4679.46
2026-01-02 21:00:00,3882.37
2026-01-02 21:15:00,2832.57
2026-01-02 21:30:00,2159.03
2026-01-02 21:45:00,2050.97
2026-01-02 22:00:00,1923.02
2026-01-02 22:15:00,1815.12
2026-01-02 22:30:00,1725.9
2026-01-02 22:45:00,1677.97
2026-01-02 23:00:00,1636.01
2026-01-02 23:15:00,1564.65
2026-01-02 23:30:00,1560.38
2026-01-02 23:45:00,1950.91
2026-01-03 00:00:00,3893.53
2026-01-03 00:15:00,3103.82
2026-01-03 00:30:00,1990.96
2026-01-03 00:45:00,1362.81
2026-01-03 01:00:00,1407.53
2026-01-03 01:15:00,1172.72
2026-01-03 01:30:00,1163.47
2026-01-03 01:45:00,776.54
2026-01-03 02:00:00,509.47
2026-01-03 02:15:00,191.68
2026-01-03 02:30:00,-161.49
2026-01-03 02:45:00,-141.96
2026-01-03 03:00:00,-138.28
2026-01-03 03:15:00,-214.53
2026-01-03 03:30:00,-130.8
2026-01-03 03:45:00,-203.47
2026-01-03 04:00:00,-133.44
2026-01-03 04:15:00,-175.42
2026-01-03 04:30:00,-118.46
2026-01-03 04:45:00,-106.54
2026-01-03 05:00:00,-105.17
2026-01-03 05:15:00,-138.23
2026-01-03 05:30:00,-168.76
2026-01-03 05:45:00,-154.94
2026-01-03 06:00:00,-129.97
2026-01-03 06:15:00,-88.7
2026-01-03 06:30:00,-129.46
2026-01-03 06:45:00,303.75
2026-01-03 07:00:00,897.78
2026-01-03 07:15:00,1843.66
2026-01-03 07:30:00,2321.17
2026-01-03 07:45:00,2379.67
2026-01-03 08:00:00,2748.29
2026-01-03 08:15:00,3293.46
2026-01-03 08:30:00,3301.01
2026-01-03 08:45:00,3277.17
2026-01-03 09:00:00,3414.07
2026-01-03 09:15:00,3024.11
2026-01-03 09:30:00,2797.95
2026-01-03 09:45:00,2719.13
2026-01-03 10:00:00,2454.3
2026-01-03 10:15:00,2451.45
2026-01-03 10:30:00,2587.44
2026-01-03 10:45:00,2458.57
2026-01-03 11:00:00,2281.98
2026-01-03 11:15:00,1880.2
2026-01-03 11:30:00,1885.43
2026-01-03 11:45:00,1850.15
2026-01-03 12:00:00,3406.07
2026-01-03 12:15:00,3538.61
2026-01-03 12:30:00,3491.45
2026-01-03 12:45:00,2320.92
2026-01-03 13:00:00,2046.87
2026-01-03 13:15:00,1714.46
2026-01-03 13:30:00,1644.98
2026-01-03 13:45:00,1712.24
2026-01-03 14:00:00,1699.96
2026-01-03 14:15:00,1662.71
2026-01-03 14:30:00,1594.82
2026-01-03 14:45:00,1620.29
2026-01-03 15:00:00,1841.28
2026-01-03 15:15:00,1862.7
2026-01-03 15:30:00,2146.3
2026-01-03 15:45:00,2683.68
2026-01-03 16:00:00,3434.53
2026-01-03 16:15:00,3959.7
2026-01-03 16:30:00,4607.17
2026-01-03 16:45:00,4832.66
2026-01-03 17:00:00,5723.13
2026-01-03 17:15:00,5898.9
2026-01-03 17:30:00,6217.72
2026-01-03 17:45:00,6113.79
2026-01-03 18:00:00,5868.8
2026-01-03 18:15:00,5611.03
2026-01-03 18:30:00,5761.04
2026-01-03 18:45:00,5964.28
2026-01-03 19:00:00,6174.92
2026-01-03 19:15:00,6107.89
2026-01-03 19:30:00,6119.05
2026-01-03 19:45:00,5931.08
2026-01-03 20:00:00,5867.55
2026-01-03 20:15:00,6004.58
2026-01-03 20:30:00,5658.8
2026-01-03 20:45:00,4826.7
2026-01-03 21:00:00,4049.4
2026-01-03 21:15:00,3492.08
2026-01-03 21:30:00,3446.28
2026-01-03 21:45:00,2691.66
2026-01-03 22:00:00,2367.84
2026-01-03 22:15:00,1707.69
2026-01-03 22:30:00,1626.64
2026-01-03 22:45:00,1607.76
2026-01-03 23:00:00,1538.3
2026-01-03 23:15:00,1503.12
2026-01-03 23:30:00,1499.2
2026-01-03 23:45:00,1683.81
2026-01-04 00:00:00,3964.05
2026-01-04 00:15:00,3186.44
2026-01-04 00:30:00,2363.59
2026-01-04 00:45:00,1440.46
2026-01-04 01:00:00,1388.83
2026-01-04 01:15:00,1322.78
2026-01-04 01:30:00,1351.35
2026-01-04 01:45:00,1001.0
2026-01-04 02:00:00,468.98
2026-01-04 02:15:00,186.63
2026-01-04 02:30:00,-259.23
2026-01-04 02:45:00,-265.81
2026-01-04 03:00:00,-266.01
2026-01-04 03:15:00,-146.77
2026-01-04 03:30:00,-144.73
2026-01-04 03:45:00,-216.75
2026-01-04 04:00:00,-155.73
2026-01-04 04:15:00,-145.64
2026-01-04 04:30:00,-117.97
2026-01-04 04:45:00,-109.34
2026-01-04 05:00:00,-101.33
2026-01-04 05:15:00,-108.56
2026-01-04 05:30:00,-102.45
2026-01-04 05:45:00,-90.78
2026-01-04 06:00:00,-97.44
2026-01-04 06:15:00,-86.58
2026-01-04 06:30:00,-24.27
2026-01-04 06:45:00,854.45
2026-01-04 07:00:00,1631.83
2026-01-04 07:15:00,1843.86
2026-01-04 07:30:00,2094.81
2026-01-04 07:45:00,2249.87
2026-01-04 08:00:00,2347.91
2026-01-04 08:15:00,3142.54
2026-01-04 08:30:00,3327.24
2026-01-04 08:45:00,3823.54
2026-01-04 09:00:00,4254.35
2026-01-04 09:15:00,3814.74
2026-01-04 09:30:00,2914.43
2026-01-04 09:45:00,3360.1
2026-01-04 10:00:00,3260.57
2026-01-04 10:15:00,3261.54
2026-01-04 10:30:00,3251.8
2026-01-04 10:45:00,2922.49
2026-01-04 11:00:00,2926.53
2026-01-04 11:15:00,2719.29
2026-01-04 11:30:00,2789.94
2026-01-04 11:45:00,2437.51
2026-01-04 12:00:00,3026.17
2026-01-04 12:15:00,3270.29
2026-01-04 12:30:00,2518.89
2026-01-04 12:45:00,2076.07
2026-01-04 13:00:00,1915.01
2026-01-04 13:15:00,1597.69
2026-01-04 13:30:00,1543.64
2026-01-04 13:45:00,1636.29
2026-01-04 14:00:00,1426.8
2026-01-04 14:15:00,1374.34
2026-01-04 14:30:00,1578.05
2026-01-04 14:45:00,1632.65
2026-01-04 15:00:00,1608.16
2026-01-04 15:15:00,1612.61
2026-01-04 15:30:00,1573.74
2026-01-04 15:45:00,1578.71
2026-01-04 16:00:00,1520.11
2026-01-04 16:15:00,2025.54
2026-01-04 16:30:00,2897.88
2026-01-04 16:45:00,4142.02
2026-01-04 17:00:00,4836.89
2026-01-04 17:15:00,4946.19
2026-01-04 17:30:00,5017.52
2026-01-04 17:45:00,4776.37
2026-01-04 18:00:00,4652.82
2026-01-04 18:15:00,4468.24
2026-01-04 18:30:00,4294.47
2026-01-04 18:45:00,4408.12
2026-01-04 19:00:00,4864.53
2026-01-04 19:15:00,4915.15
2026-01-04 19:30:00,4849.86
2026-01-04 19:45:00,4595.35
2026-01-04 20:00:00,4916.78
2026-01-04 20:15:00,5004.54
2026-01-04 20:30:00,4980.71
2026-01-04 20:45:00,4418.77
2026-01-04 21:00:00,3876.64
2026-01-04 21:15:00,3321.7
2026-01-04 21:30:00,3124.03
2026-01-04 21:45:00,2542.88
2026-01-04 22:00:00,2298.31
2026-01-04 22:15:00,1891.49
2026-01-04 22:30:00,1645.78
2026-01-04 22:45:00,1622.12
2026-01-04 23:00:00,1635.96
2026-01-04 23:15:00,1619.24
2026-01-04 23:30:00,1582.83
2026-01-04 23:45:00,1609.97
2026-01-05 00:00:00,3231.74
2026-01-05 00:15:00,3251.74
2026-01-05 00:30:00,2276.55
2026-01-05 00:45:00,1739.1
2026-01-05 01:00:00,1585.77
2026-01-05 01:15:00,1319.09
2026-01-05 01:30:00,1199.09
2026-01-05 01:45:00,941.21
2026-01-05 02:00:00,764.97
2026-01-05 02:15:00,206.39
2026-01-05 02:30:00,-55.39
2026-01-05 02:45:00,-110.33
2026-01-05 03:00:00,-95.16
2026-01-05 03:15:00,-142.9
2026-01-05 03:30:00,-174.06
2026-01-05 03:45:00,-203.89
2026-01-05 04:00:00,-177.35
2026-01-05 04:15:00,-126.79
2026-01-05 04:30:00,-120.7
2026-01-05 04:45:00,-112.17
2026-01-05 05:00:00,-110.25
2026-01-05 05:15:00,-178.57
2026-01-05 05:30:00,-104.47
2026-01-05 05:45:00,-57.71
2026-01-05 06:00:00,-49.12
2026-01-05 06:15:00,-57.0
2026-01-05 06:30:00,-53.23
2026-01-05 06:45:00,312.6
2026-01-05 07:00:00,910.43
2026-01-05 07:15:00,1255.78
2026-01-05 07:30:00,1522.83
2026-01-05 07:45:00,1851.21
2026-01-05 08:00:00,2675.02
2026-01-05 08:15:00,2959.1
2026-01-05 08:30:00,2124.69
2026-01-05 08:45:00,2156.54
2026-01-05 09:00:00,1927.67
2026-01-05 09:15:00,2270.0
2026-01-05 09:30:00,2278.35
2026-01-05 09:45:00,2068.83
2026-01-05 10:00:00,1982.5
2026-01-05 10:15:00,1544.99
2026-01-05 10:30:00,1508.69
2026-01-05 10:45:00,1529.25
2026-01-05 11:00:00,1361.61
2026-01-05 11:15:00,1352.36
2026-01-05 11:30:00,1346.55
2026-01-05 11:45:00,1346.31
2026-01-05 12:00:00,1471.84
2026-01-05 12:15:00,1499.19
2026-01-05 12:30:00,1492.51
2026-01-05 12:45:00,1553.88
2026-01-05 13:00:00,1450.95
2026-01-05 13:15:00,1410.83
2026-01-05 13:30:00,1365.55
2026-01-05 13:45:00,1392.43
2026-01-05 14:00:00,1283.68
2026-01-05 14:15:00,1296.32
2026-01-05 14:30:00,1411.62
2026-01-05 14:45:00,1340.22
2026-01-05 15:00:00,1779.19
2026-01-05 15:15:00,1860.77
2026-01-05 15:30:00,2453.7
2026-01-05 15:45:00,2754.91
2026-01-05 16:00:00,2952.13
2026-01-05 16:15:00,3399.65
2026-01-05 16:30:00,3901.44
2026-01-05 16:45:00,4415.89
2026-01-05 17:00:00,5090.65
2026-01-05 17:15:00,5272.28
2026-01-05 17:30:00,5431.54
2026-01-05 17:45:00,5574.92
2026-01-05 18:00:00,5816.07
2026-01-05 18:15:00,5534.02
2026-01-05 18:30:00,5834.0
2026-01-05 18:45:00,5760.28
2026-01-05 19:00:00,5636.89
2026-01-05 19:15:00,5238.05
2026-01-05 19:30:00,5257.2
2026-01-05 19:45:00,5165.13
2026-01-05 20:00:00,5464.52
2026-01-05 20:15:00,5424.66
2026-01-05 20:30:00,5057.28
2026-01-05 20:45:00,4539.94
2026-01-05 21:00:00,3985.91
2026-01-05 21:15:00,3626.2
2026-01-05 21:30:00,3312.84
2026-01-05 21:45:00,3040.78
2026-01-05 22:00:00,2793.64
2026-01-05 22:15:00,2118.52
2026-01-05 22:30:00,1811.83
2026-01-05 22:45:00,1565.39
2026-01-05 23:00:00,1637.4
2026-01-05 23:15:00,1531.23
2026-01-05 23:30:00,1467.13
2026-01-05 23:45:00,1573.2
2026-01-06 00:00:00,3585.88
2026-01-06 00:15:00,2650.3
2026-01-06 00:30:00,2023.06
2026-01-06 00:45:00,1310.61
2026-01-06 01:00:00,1327.36
2026-01-06 01:15:00,1105.4
2026-01-06 01:30:00,1078.3
2026-01-06 01:45:00,1059.63
2026-01-06 02:00:00,1100.21
2026-01-06 02:15:00,1155.43
2026-01-06 02:30:00,1188.09
2026-01-06 02:45:00,1162.94
2026-01-06 03:00:00,1141.77
2026-01-06 03:15:00,1026.94
2026-01-06 03:30:00,1134.06
2026-01-06 03:45:00,1011.18
2026-01-06 04:00:00,1018.85
2026-01-06 04:15:00,1061.21
2026-01-06 04:30:00,992.54
2026-01-06 04:45:00,991.38
2026-01-06 05:00:00,1069.06
2026-01-06 05:15:00,1098.43
2026-01-06 05:30:00,983.86
2026-01-06 05:45:00,1090.47
2026-01-06 06:00:00,1087.15
2026-01-06 06:15:00,1094.84
2026-01-06 06:30:00,1103.13
2026-01-06 06:45:00,1167.58
2026-01-06 07:00:00,1410.16
2026-01-06 07:15:00,1542.48
2026-01-06 07:30:00,1657.66
2026-01-06 07:45:00,1819.51
2026-01-06 08:00:00,2036.88
2026-01-06 08:15:00,2234.47
2026-01-06 08:30:00,1827.04
2026-01-06 08:45:00,1985.53
2026-01-06 09:00:00,1898.3
2026-01-06 09:15:00,1897.77
2026-01-06 09:30:00,1890.5
2026-01-06 09:45:00,1883.42
2026-01-06 10:00:00,1792.71
2026-01-06 10:15:00,1480.47
2026-01-06 10:30:00,1465.03
2026-01-06 10:45:00,900.57
2026-01-06 11:00:00,298.24
2026-01-06 11:15:00,4.43
2026-01-06 11:30:00,-12.28
2026-01-06 11:45:00,20.23
2026-01-06 12:00:00,395.28
2026-01-06 12:15:00,150.51
2026-01-06 12:30:00,226.68
2026-01-06 12:45:00,311.05
2026-01-06 13:00:00,194.14
2026-01-06 13:15:00,120.76
2026-01-06 13:30:00,18.64
2026-01-06 13:45:00,65.73
2026-01-06 14:00:00,126.66
2026-01-06 14:15:00,29.41
2026-01-06 14:30:00,87.15
2026-01-06 14:45:00,113.66
2026-01-06 15:00:00,321.82
2026-01-06 15:15:00,1020.95
2026-01-06 15:30:00,1672.06
2026-01-06 15:45:00,2352.37
2026-01-06 16:00:00,2498.45
2026-01-06 16:15:00,2914.92
2026-01-06 16:30:00,3097.2
2026-01-06 16:45:00,3541.85
2026-01-06 17:00:00,4098.61
2026-01-06 17:15:00,4636.94
2026-01-06 17:30:00,5442.02
2026-01-06 17:45:00,5775.03
2026-01-06 18:00:00,5900.98
2026-01-06 18:15:00,5488.82
2026-01-06 18:30:00,5347.57
2026-01-06 18:45:00,5294.2
2026-01-06 19:00:00,5319.91
2026-01-06 19:15:00,5250.28
2026-01-06 19:30:00,5438.47
2026-01-06 19:45:00,5318.78
2026-01-06 20:00:00,5574.78
2026-01-06 20:15:00,5774.34
2026-01-06 20:30:00,5574.45
2026-01-06 20:45:00,5483.75
2026-01-06 21:00:00,5150.32
2026-01-06 21:15:00,4735.02
2026-01-06 21:30:00,4320.27
2026-01-06 21:45:00,3749.13
2026-01-06 22:00:00,2907.92
2026-01-06 22:15:00,2181.35
2026-01-06 22:30:00,1726.34
2026-01-06 22:45:00,1482.13
2026-01-06 23:00:00,1163.97
2026-01-06 23:15:00,729.59
2026-01-06 23:30:00,430.52
2026-01-06 23:45:00,894.09
2026-01-07 00:00:00,3272.44
2026-01-07 00:15:00,2834.34
2026-01-07 00:30:00,2149.64
2026-01-07 00:45:00,1413.51
2026-01-07 01:00:00,1361.4
2026-01-07 01:15:00,1253.54
2026-01-07 01:30:00,1223.59
2026-01-07 01:45:00,1160.74
2026-01-07 02:00:00,1118.77
2026-01-07 02:15:00,1087.39
2026-01-07 02:30:00,1055.42
2026-01-07 02:45:00,1100.11
2026-01-07 03:00:00,1039.63
2026-01-07 03:15:00,1037.44
2026-01-07 03:30:00,1072.2
2026-01-07 03:45:00,1022.48
2026-01-07 04:00:00,994.03
2026-01-07 04:15:00,1027.0
2026-01-07 04:30:00,1109.46
2026-01-07 04:45:00,1049.93
2026-01-07 05:00:00,1070.38
2026-01-07 05:15:00,1034.29
2026-01-07 05:30:00,1106.5
2026-01-07 05:45:00,1231.5
2026-01-07 06:00:00,1569.75
2026-01-07 06:15:00,1836.63
2026-01-07 06:30:00,1856.05
2026-01-07 06:45:00,1884.31
2026-01-07 07:00:00,2446.85
2026-01-07 07:15:00,2125.19
2026-01-07 07:30:00,2083.95
2026-01-07 07:45:00,2344.2
2026-01-07 08:00:00,2197.73
2026-01-07 08:15:00,2466.52
2026-01-07 08:30:00,2446.77
2026-01-07 08:45:00,2488.9
2026-01-07 09:00:00,2249.76
2026-01-07 09:15:00,2315.88
2026-01-07 09:30:00,2277.24
2026-01-07 09:45:00,2262.14
2026-01-07 10:00:00,2345.43
2026-01-07 10:15:00,2091.96
2026-01-07 10:30:00,1669.84
2026-01-07 10:45:00,1067.87
2026-01-07 11:00:00,465.51
2026-01-07 11:15:00,89.31
2026-01-07 11:30:00,96.55
2026-01-07 11:45:00,171.51
2026-01-07 12:00:00,-6.3
2026-01-07 12:15:00,4.96
2026-01-07 12:30:00,11.97
2026-01-07 12:45:00,17.33
2026-01-07 13:00:00,328.68
2026-01-07 13:15:00,288.92
2026-01-07 13:30:00,5.46
2026-01-07 13:45:00,27.49
2026-01-07 14:00:00,87.0
2026-01-07 14:15:00,176.41
2026-01-07 14:30:00,364.86
2026-01-07 14:45:00,439.93
2026-01-07 15:00:00,789.71
2026-01-07 15:15:00,1113.86
2026-01-07 15:30:00,1538.76
2026-01-07 15:45:00,1820.72
2026-01-07 16:00:00,2354.19
2026-01-07 16:15:00,3086.21
2026-01-07 16:30:00,3521.17
2026-01-07 16:45:00,3856.96
2026-01-07 17:00:00,4357.75
2026-01-07 17:15:00,5050.21
2026-01-07 17:30:00,5698.83
2026-01-07 17:45:00,5842.41
2026-01-07 18:00:00,6086.81
2026-01-07 18:15:00,6146.21
2026-01-07 18:30:00,5478.64
2026-01-07 18:45:00,5561.29
2026-01-07 19:00:00,5506.79
2026-01-07 19:15:00,5354.15
2026-01-07 19:30:00,5420.39
2026-01-07 19:45:00,5379.29
2026-01-07 20:00:00,5034.15
2026-01-07 20:15:00,5156.93
2026-01-07 20:30:00,5005.88
2026-01-07 20:45:00,4849.62
2026-01-07 21:00:00,4214.23
2026-01-07 21:15:00,4079.81
2026-01-07 21:30:00,3793.66
2026-01-07 21:45:00,3675.13
2026-01-07 22:00:00,2835.89
2026-01-07 22:15:00,2416.29
2026-01-07 22:30:00,2339.98
2026-01-07 22:45:00,1923.94
2026-01-07 23:00:00,1719.96
2026-01-07 23:15:00,1384.72
2026-01-07 23:30:00,1405.95
2026-01-07 23:45:00,1604.3
2026-01-08 00:00:00,3575.56
2026-01-08 00:15:00,2876.37
2026-01-08 00:30:00,2235.74
2026-01-08 00:45:00,1403.44
2026-01-08 01:00:00,1309.25
2026-01-08 01:15:00,1070.21
2026-01-08 01:30:00,1061.93
2026-01-08 01:45:00,1025.93
2026-01-08 02:00:00,1024.96
2026-01-08 02:15:00,1140.07
2026-01-08 02:30:00,1076.35
2026-01-08 02:45:00,1007.36
2026-01-08 03:00:00,990.31
2026-01-08 03:15:00,994.47
2026-01-08 03:30:00,989.48
2026-01-08 03:45:00,978.06
2026-01-08 04:00:00,1090.25
2026-01-08 04:15:00,1056.4
2026-01-08 04:30:00,1038.97
2026-01-08 04:45:00,1098.76
2026-01-08 05:00:00,1115.56
2026-01-08 05:15:00,1119.51
2026-01-08 05:30:00,998.81
2026-01-08 05:45:00,1125.3
2026-01-08 06:00:00,1125.71
2026-01-08 06:15:00,1152.79
2026-01-08 06:30:00,1137.35
2026-01-08 06:45:00,1158.92
2026-01-08 07:00:00,1311.59
2026-01-08 07:15:00,1560.04
2026-01-08 07:30:00,1368.24
2026-01-08 07:45:00,1450.78
2026-01-08 08:00:00,1500.13
2026-01-08 08:15:00,1504.33
2026-01-08 08:30:00,1591.89
2026-01-08 08:45:00,1539.73
2026-01-08 09:00:00,1542.04
2026-01-08 09:15:00,1554.3
2026-01-08 09:30:00,1455.94
2026-01-08 09:45:00,1455.08
2026-01-08 10:00:00,1631.74
2026-01-08 10:15:00,1460.46
2026-01-08 10:30:00,1086.69
2026-01-08 10:45:00,773.55
2026-01-08 11:00:00,374.36
2026-01-08 11:15:00,25.94
2026-01-08 11:30:00,37.84
2026-01-08 11:45:00,89.17
2026-01-08 12:00:00,35.22
2026-01-08 12:15:00,43.24
2026-01-08 12:30:00,54.7
2026-01-08 12:45:00,74.87
2026-01-08 13:00:00,130.11
2026-01-08 13:15:00,151.68
2026-01-08 13:30:00,117.24
2026-01-08 13:45:00,134.77
2026-01-08 14:00:00,175.57
2026-01-08 14:15:00,150.16
2026-01-08 14:30:00,191.18
2026-01-08 14:45:00,245.46
2026-01-08 15:00:00,692.7
2026-01-08 15:15:00,609.45
2026-01-08 15:30:00,1199.28
2026-01-08 15:45:00,1987.3
2026-01-08 16:00:00,2907.4
2026-01-08 16:15:00,3191.37
2026-01-08 16:30:00,3824.25
2026-01-08 16:45:00,4282.14
2026-01-08 17:00:00,4456.37
2026-01-08 17:15:00,4768.15
2026-01-08 17:30:00,4887.93
2026-01-08 17:45:00,5504.21
2026-01-08 18:00:00,5838.62
2026-01-08 18:15:00,5632.04
2026-01-08 18:30:00,5778.68
2026-01-08 18:45:00,5640.1
2026-01-08 19:00:00,5456.19
2026-01-08 19:15:00,5447.28
2026-01-08 19:30:00,5794.85
2026-01-08 19:45:00,5720.49
2026-01-08 20:00:00,5713.65
2026-01-08 20:15:00,5582.33
2026-01-08 20:30:00,5525.92
2026-01-08 20:45:00,5025.61
2026-01-08 21:00:00,4651.17
2026-01-08 21:15:00,4232.72
2026-01-08 21:30:00,4207.87
2026-01-08 21:45:00,3370.36
2026-01-08 22:00:00,2579.41
2026-01-08 22:15:00,2300.63
2026-01-08 22:30:00,2235.2
2026-01-08 22:45:00,2076.87
2026-01-08 23:00:00,1875.4
2026-01-08 23:15:00,1482.22
2026-01-08 23:30:00,1316.06
2026-01-08 23:45:00,1257.8
2026-01-09 00:00:00,3797.13
2026-01-09 00:15:00,2904.9
2026-01-09 00:30:00,1987.0
2026-01-09 00:45:00,1469.5
2026-01-09 01:00:00,1559.68
2026-01-09 01:15:00,1320.07
2026-01-09 01:30:00,1393.73
2026-01-09 01:45:00,1316.33
2026-01-09 02:00:00,1187.41
2026-01-09 02:15:00,1182.15
2026-01-09 02:30:00,1198.34
2026-01-09 02:45:00,1182.66
2026-01-09 03:00:00,1145.02
2026-01-09 03:15:00,1131.61
2026-01-09 03:30:00,1063.81
2026-01-09 03:45:00,1055.24
2026-01-09 04:00:00,1051.14
2026-01-09 04:15:00,1053.45
2026-01-09 04:30:00,1052.03
2026-01-09 04:45:00,1017.81
2026-01-09 05:00:00,992.03
2026-01-09 05:15:00,1024.28
2026-01-09 05:30:00,1106.21
2026-01-09 05:45:00,1103.42
2026-01-09 06:00:00,1189.53
2026-01-09 06:15:00,1218.04
2026-01-09 06:30:00,1300.73
2026-01-09 06:45:00,1348.45
2026-01-09 07:00:00,1377.12
2026-01-09 07:15:00,1542.97
2026-01-09 07:30:00,1555.15
2026-01-09 07:45:00,1496.42
2026-01-09 08:00:00,1411.03
2026-01-09 08:15:00,1412.92
2026-01-09 08:30:00,1423.45
2026-01-09 08:45:00,1484.74
2026-01-09 09:00:00,1465.45
2026-01-09 09:15:00,1473.01
2026-01-09 09:30:00,1471.01
2026-01-09 09:45:00,1406.44
2026-01-09 10:00:00,1495.0
2026-01-09 10:15:00,1329.68
2026-01-09 10:30:00,1015.75
2026-01-09 10:45:00,662.08
2026-01-09 11:00:00,355.27
2026-01-09 11:15:00,30.87
2026-01-09 11:30:00,50.6
2026-01-09 11:45:00,177.55
2026-01-09 12:00:00,735.49
2026-01-09 12:15:00,144.3
2026-01-09 12:30:00,114.79
2026-01-09 12:45:00,197.24
2026-01-09 13:00:00,199.51
2026-01-09 13:15:00,139.31
2026-01-09 13:30:00,108.59
2026-01-09 13:45:00,160.19
2026-01-09 14:00:00,157.12
2026-01-09 14:15:00,142.66
2026-01-09 14:30:00,155.79
2026-01-09 14:45:00,244.77
2026-01-09 15:00:00,520.79
2026-01-09 15:15:00,1250.35
2026-01-09 15:30:00,1634.94
2026-01-09 15:45:00,2402.68
2026-01-09 16:00:00,2948.56
2026-01-09 16:15:00,3263.84
2026-01-09 16:30:00,4178.13
2026-01-09 16:45:00,4314.31
2026-01-09 17:00:00,4700.21
2026-01-09 17:15:00,4752.2
2026-01-09 17:30:00,5098.03
2026-01-09 17:45:00,5657.31
2026-01-09 18:00:00,5625.21
2026-01-09 18:15:00,5621.68
2026-01-09 18:30:00,5636.78
2026-01-09 18:45:00,5556.39
2026-01-09 19:00:00,5421.35
2026-01-09 19:15:00,5278.24
2026-01-09 19:30:00,5272.56
2026-01-09 19:45:00,5606.8
2026-01-09 20:00:00,5667.62
2026-01-09 20:15:00,5433.31
2026-01-09 20:30:00,5607.76
2026-01-09 20:45:00,5406.64
2026-01-09 21:00:00,4900.31
2026-01-09 21:15:00,4169.6
2026-01-09 21:30:00,4244.83
2026-01-09 21:45:00,3745.28
2026-01-09 22:00:00,2860.62
2026-01-09 22:15:00,2377.16
2026-01-09 22:30:00,2263.65
2026-01-09 22:45:00,2028.8
2026-01-09 23:00:00,1917.88
2026-01-09 23:15:00,1680.85
2026-01-09 23:30:00,1700.82
2026-01-09 23:45:00,1711.27
2026-01-10 00:00:00,3302.23
2026-01-10 00:15:00,2780.65
2026-01-10 00:30:00,2065.4
2026-01-10 00:45:00,1532.88
2026-01-10 01:00:00,1486.03
2026-01-10 01:15:00,1296.54
2026-01-10 01:30:00,1267.87
2026-01-10 01:45:00,1178.57
2026-01-10 02:00:00,1177.66
2026-01-10 02:15:00,1281.33
2026-01-10 02:30:00,1257.16
2026-01-10 02:45:00,1287.12
2026-01-10 03:00:00,1233.96
2026-01-10 03:15:00,1247.84
2026-01-10 03:30:00,1242.16
2026-01-10 03:45:00,1216.91
2026-01-10 04:00:00,1198.18
2026-01-10 04:15:00,1101.15
2026-01-10 04:30:00,1125.1
2026-01-10 04:45:00,1162.4
2026-01-10 05:00:00,1214.59
2026-01-10 05:15:00,1134.08
2026-01-10 05:30:00,1208.59
2026-01-10 05:45:00,1086.77
2026-01-10 06:00:00,1106.19
2026-01-10 06:15:00,1110.81
2026-01-10 06:30:00,1157.01
2026-01-10 06:45:00,1345.95
2026-01-10 07:00:00,1401.35
2026-01-10 07:15:00,1802.64
2026-01-10 07:30:00,2058.88
2026-01-10 07:45:00,1702.17
2026-01-10 08:00:00,1861.53
2026-01-10 08:15:00,1801.0
2026-01-10 08:30:00,1868.88
2026-01-10 08:45:00,1849.2
2026-01-10 09:00:00,1779.89
2026-01-10 09:15:00,1778.37
2026-01-10 09:30:00,2047.42
2026-01-10 09:45:00,1912.45
2026-01-10 10:00:00,1768.65
2026-01-10 10:15:00,1721.91
2026-01-10 10:30:00,1109.96
2026-01-10 10:45:00,736.44
2026-01-10 11:00:00,334.03
2026-01-10 11:15:00,9.85
2026-01-10 11:30:00,-2.9
2026-01-10 11:45:00,172.66
2026-01-10 12:00:00,194.78
2026-01-10 12:15:00,84.89
2026-01-10 12:30:00,113.05
2026-01-10 12:45:00,364.89
2026-01-10 13:00:00,354.43
2026-01-10 13:15:00,314.1
2026-01-10 13:30:00,151.07
2026-01-10 13:45:00,173.54
2026-01-10 14:00:00,147.32
2026-01-10 14:15:00,209.23
2026-01-10 14:30:00,249.84
2026-01-10 14:45:00,198.85
2026-01-10 15:00:00,352.0
2026-01-10 15:15:00,647.41
2026-01-10 15:30:00,1188.66
2026-01-10 15:45:00,1930.75
2026-01-10 16:00:00,2846.6
2026-01-10 16:15:00,3389.75
2026-01-10 16:30:00,3973.52
2026-01-10 16:45:00,4234.97
2026-01-10 17:00:00,4655.71
2026-01-10 17:15:00,4917.26
2026-01-10 17:30:00,4927.78
2026-01-10 17:45:00,5286.26
2026-01-10 18:00:00,5627.88
2026-01-10 18:15:00,5238.94
2026-01-10 18:30:00,5244.54
2026-01-10 18:45:00,5261.14
2026-01-10 19:00:00,5574.64
2026-01-10 19:15:00,5560.1
2026-01-10 19:30:00,5633.03
2026-01-10 19:45:00,5577.25
2026-01-10 20:00:00,5646.75
2026-01-10 20:15:00,5367.24
2026-01-10 20:30:00,5314.76
2026-01-10 20:45:00,5443.62
2026-01-10 21:00:00,4855.96
2026-01-10 21:15:00,4387.16
2026-01-10 21:30:00,4444.22
2026-01-10 21:45:00,3668.2
2026-01-10 22:00:00,2801.32
2026-01-10 22:15:00,2471.69
2026-01-10 22:30:00,2609.88
2026-01-10 22:45:00,2149.35
2026-01-10 23:00:00,1921.15
2026-01-10 23:15:00,1679.21
2026-01-10 23:30:00,1657.23
2026-01-10 23:45:00,1840.2
2026-01-11 00:00:00,4453.57
2026-01-11 00:15:00,3215.17
2026-01-11 00:30:00,2666.0
2026-01-11 00:45:00,1608.76
2026-01-11 01:00:00,1405.16
2026-01-11 01:15:00,1237.52
2026-01-11 01:30:00,1214.55
2026-01-11 01:45:00,1139.23
2026-01-11 02:00:00,1136.51
2026-01-11 02:15:00,1145.72
2026-01-11 02:30:00,1144.54
2026-01-11 02:45:00,1102.8
2026-01-11 03:00:00,1129.1
2026-01-11 03:15:00,1090.7
2026-01-11 03:30:00,1129.83
2026-01-11 03:45:00,1125.68
2026-01-11 04:00:00,1016.98
2026-01-11 04:15:00,1020.52
2026-01-11 04:30:00,1048.46
2026-01-11 04:45:00,1120.59
2026-01-11 05:00:00,1123.46
2026-01-11 05:15:00,1112.58
2026-01-11 05:30:00,1108.34
2026-01-11 05:45:00,1059.52
2026-01-11 06:00:00,1035.08
2026-01-11 06:15:00,1000.64
2026-01-11 06:30:00,1049.95
2026-01-11 06:45:00,1102.95
2026-01-11 07:00:00,1131.9
2026-01-11 07:15:00,1506.56
2026-01-11 07:30:00,1921.47
2026-01-11 07:45:00,2014.97
2026-01-11 08:00:00,2013.47
2026-01-11 08:15:00,1967.64
2026-01-11 08:30:00,1984.4
2026-01-11 08:45:00,1765.48
2026-01-11 09:00:00,1578.95
2026-01-11 09:15:00,1548.38
2026-01-11 09:30:00,1560.24
2026-01-11 09:45:00,1451.81
2026-01-11 10:00:00,1698.93
2026-01-11 10:15:00,1327.29
2026-01-11 10:30:00,999.28
2026-01-11 10:45:00,682.88
2026-01-11 11:00:00,374.26
2026-01-11 11:15:00,84.04
2026-01-11 11:30:00,162.67
2026-01-11 11:45:00,146.23
2026-01-11 12:00:00,331.29
2026-01-11 12:15:00,104.22
2026-01-11 12:30:00,125.97
2026-01-11 12:45:00,157.56
2026-01-11 13:00:00,237.31
2026-01-11 13:15:00,192.9
2026-01-11 13:30:00,231.29
2026-01-11 13:45:00,159.87
2026-01-11 14:00:00,122.58
2026-01-11 14:15:00,198.6
2026-01-11 14:30:00,222.96
2026-01-11 14:45:00,250.75
2026-01-11 15:00:00,296.62
2026-01-11 15:15:00,802.43
2026-01-11 15:30:00,1331.86
2026-01-11 15:45:00,2150.0
2026-01-11 16:00:00,2498.9
2026-01-11 16:15:00,2874.34
2026-01-11 16:30:00,3397.37
2026-01-11 16:45:00,3459.83
2026-01-11 17:00:00,3838.94
2026-01-11 17:15:00,4481.62
2026-01-11 17:30:00,4901.72
2026-01-11 17:45:00,5169.04
2026-01-11 18:00:00,5185.51
2026-01-11 18:15:00,5176.64
2026-01-11 18:30:00,5513.79
2026-01-11 18:45:00,5356.47
2026-01-11 19:00:00,5246.43
2026-01-11 19:15:00,5429.36
2026-01-11 19:30:00,5487.2
2026-01-11 19:45:00,5269.24
2026-01-11 20:00:00,5374.45
2026-01-11 20:15:00,5477.42
2026-01-11 20:30:00,5448.12
2026-01-11 20:45:00,5016.8
2026-01-11 21:00:00,4353.59
2026-01-11 21:15:00,3868.22
2026-01-11 21:30:00,3787.7
2026-01-11 21:45:00,3072.89
2026-01-11 22:00:00,2448.82
2026-01-11 22:15:00,2275.33
2026-01-11 22:30:00,2218.71
2026-01-11 22:45:00,2080.81
2026-01-11 23:00:00,1895.01
2026-01-11 23:15:00,1368.02
2026-01-11 23:30:00,1000.79
2026-01-11 23:45:00,1482.34
2026-01-12 00:00:00,3654.95
2026-01-12 00:15:00,2679.99
2026-01-12 00:30:00,1946.23
2026-01-12 00:45:00,1355.38
2026-01-12 01:00:00,1347.95
2026-01-12 01:15:00,1174.53
2026-01-12 01:30:00,1133.39
2026-01-12 01:45:00,1100.3
2026-01-12 02:00:00,657.12
2026-01-12 02:15:00,332.43
2026-01-12 02:30:00,20.82
2026-01-12 02:45:00,-300.04
2026-01-12 03:00:00,-314.06
2026-01-12 03:15:00,-311.08
2026-01-12 03:30:00,-304.91
2026-01-12 03:45:00,-312.79
2026-01-12 04:00:00,-289.28
2026-01-12 04:15:00,-282.3
2026-01-12 04:30:00,-286.44
2026-01-12 04:45:00,-246.38
2026-01-12 05:00:00,-230.21
2026-01-12 05:15:00,-259.7
2026-01-12 05:30:00,-254.04
2026-01-12 05:45:00,-10.52
2026-01-12 06:00:00,143.16
2026-01-12 06:15:00,389.85
2026-01-12 06:30:00,855.72
2026-01-12 06:45:00,1317.18
2026-01-12 07:00:00,1525.72
2026-01-12 07:15:00,2026.48
2026-01-12 07:30:00,2190.01
2026-01-12 07:45:00,2412.11
2026-01-12 08:00:00,3340.11
2026-01-12 08:15:00,3270.6
2026-01-12 08:30:00,3123.55
2026-01-12 08:45:00,2834.5
2026-01-12 09:00:00,2743.11
2026-01-12 09:15:00,2831.39
2026-01-12 09:30:00,2540.0
2026-01-12 09:45:00,2520.56
2026-01-12 10:00:00,2534.18
2026-01-12 10:15:00,2251.54
2026-01-12 10:30:00,2142.53
2026-01-12 10:45:00,1835.67
2026-01-12 11:00:00,1553.56
2026-01-12 11:15:00,1628.37
2026-01-12 11:30:00,1627.79
2026-01-12 11:45:00,1584.52
2026-01-12 12:00:00,1717.52
2026-01-12 12:15:00,1535.97
2026-01-12 12:30:00,1391.41
2026-01-12 12:45:00,1416.74
2026-01-12 13:00:00,1435.93
2026-01-12 13:15:00,1421.01
2026-01-12 13:30:00,1364.36
2026-01-12 13:45:00,1375.19
2026-01-12 14:00:00,1355.33
2026-01-12 14:15:00,1355.0
2026-01-12 14:30:00,1424.25
2026-01-12 14:45:00,1320.11
2026-01-12 15:00:00,1386.42
2026-01-12 15:15:00,1392.75
2026-01-12 15:30:00,1597.9
2026-01-12 15:45:00,1833.3
2026-01-12 16:00:00,1974.57
2026-01-12 16:15:00,2265.17
2026-01-12 16:30:00,2608.37
2026-01-12 16:45:00,2938.39
2026-01-12 17:00:00,3343.19
2026-01-12 17:15:00,4143.65
2026-01-12 17:30:00,4984.69
2026-01-12 17:45:00,4950.02
2026-01-12 18:00:00,5623.59
2026-01-12 18:15:00,5380.56
2026-01-12 18:30:00,5342.43
2026-01-12 18:45:00,4994.21
2026-01-12 19:00:00,4926.71
2026-01-12 19:15:00,5119.15
2026-01-12 19:30:00,5230.44
2026-01-12 19:45:00,5132.77
2026-01-12 20:00:00,5293.34
2026-01-12 20:15:00,5306.3
2026-01-12 20:30:00,4967.25
2026-01-12 20:45:00,4778.84
2026-01-12 21:00:00,4415.66
2026-01-12 21:15:00,4180.58
2026-01-12 21:30:00,3451.45
2026-01-12 21:45:00,3188.43
2026-01-12 22:00:00,2623.98
2026-01-12 22:15:00,2172.93
2026-01-12 22:30:00,2156.32
2026-01-12 22:45:00,1968.95
2026-01-12 23:00:00,1879.1
2026-01-12 23:15:00,1732.79
2026-01-12 23:30:00,1732.57
2026-01-12 23:45:00,1723.02
2026-01-13 00:00:00,3617.63
2026-01-13 00:15:00,3055.49
2026-01-13 00:30:00,2335.16
2026-01-13 00:45:00,1670.34
2026-01-13 01:00:00,1357.61
2026-01-13 01:15:00,1160.04
2026-01-13 01:30:00,1155.56
2026-01-13 01:45:00,1163.0
2026-01-13 02:00:00,1081.88
2026-01-13 02:15:00,1072.22
2026-01-13 02:30:00,1084.98
2026-01-13 02:45:00,1083.62
2026-01-13 03:00:00,1085.31
2026-01-13 03:15:00,1085.25
2026-01-13 03:30:00,1056.9
2026-01-13 03:45:00,1048.54
2026-01-13 04:00:00,1043.64
2026-01-13 04:15:00,1036.71
2026-01-13 04:30:00,1000.7
2026-01-13 04:45:00,972.91
2026-01-13 05:00:00,989.3
2026-01-13 05:15:00,1000.24
2026-01-13 05:30:00,1000.71
2026-01-13 05:45:00,1004.84
2026-01-13 06:00:00,1032.06
2026-01-13 06:15:00,1098.34
2026-01-13 06:30:00,1169.75
2026-01-13 06:45:00,1376.2
2026-01-13 07:00:00,1561.65
2026-01-13 07:15:00,2013.26
2026-01-13 07:30:00,1972.59
2026-01-13 07:45:00,2015.91
2026-01-13 08:00:00,2049.69
2026-01-13 08:15:00,2157.97
2026-01-13 08:30:00,1837.18
2026-01-13 08:45:00,1718.0
2026-01-13 09:00:00,1726.64
2026-01-13 09:15:00,1743.74
2026-01-13 09:30:00,1670.86
2026-01-13 09:45:00,1678.15
2026-01-13 10:00:00,1662.96
2026-01-13 10:15:00,1457.36
2026-01-13 10:30:00,1402.99
2026-01-13 10:45:00,1170.74
2026-01-13 11:00:00,421.06
2026-01-13 11:15:00,140.81
2026-01-13 11:30:00,97.19
2026-01-13 11:45:00,130.45
2026-01-13 12:00:00,292.88
2026-01-13 12:15:00,66.66
2026-01-13 12:30:00,43.83
2026-01-13 12:45:00,135.11
2026-01-13 13:00:00,36.84
2026-01-13 13:15:00,57.88
2026-01-13 13:30:00,61.33
2026-01-13 13:45:00,124.07
2026-01-13 14:00:00,184.1
2026-01-13 14:15:00,110.46
2026-01-13 14:30:00,192.41
2026-01-13 14:45:00,239.84
2026-01-13 15:00:00,217.37
2026-01-13 15:15:00,629.92
2026-01-13 15:30:00,1108.26
2026-01-13 15:45:00,1814.09
2026-01-13 16:00:00,2481.19
2026-01-13 16:15:00,3340.64
2026-01-13 16:30:00,4361.61
2026-01-13 16:45:00,4323.2
2026-01-13 17:00:00,4342.87
2026-01-13 17:15:00,4501.04
2026-01-13 17:30:00,4521.19
2026-01-13 17:45:00,4686.38
2026-01-13 18:00:00,5113.74
2026-01-13 18:15:00,5142.54
2026-01-13 18:30:00,5206.35
2026-01-13 18:45:00,5134.98
2026-01-13 19:00:00,4798.92
2026-01-13 19:15:00,4768.27
2026-01-13 19:30:00,5120.78
2026-01-13 19:45:00,4945.25
2026-01-13 20:00:00,5124.87
2026-01-13 20:15:00,4898.61
2026-01-13 20:30:00,4886.08
2026-01-13 20:45:00,4597.64
2026-01-13 21:00:00,4436.86
2026-01-13 21:15:00,4233.86
2026-01-13 21:30:00,4094.02
2026-01-13 21:45:00,3737.37
2026-01-13 22:00:00,3031.15
2026-01-13 22:15:00,2875.44
2026-01-13 22:30:00,2592.52
2026-01-13 22:45:00,2075.17
2026-01-13 23:00:00,1948.82
2026-01-13 23:15:00,1950.88
2026-01-13 23:30:00,1504.56
2026-01-13 23:45:00,1516.29
2026-01-14 00:00:00,3634.87
2026-01-14 00:15:00,3308.85
2026-01-14 00:30:00,2376.29
2026-01-14 00:45:00,1662.23
2026-01-14 01:00:00,1333.57
2026-01-14 01:15:00,1202.75
2026-01-14 01:30:00,1203.89
2026-01-14 01:45:00,1200.4
2026-01-14 02:00:00,1128.87
2026-01-14 02:15:00,1120.82
2026-01-14 02:30:00,1004.46
2026-01-14 02:45:00,1079.84
2026-01-14 03:00:00,1008.71
2026-01-14 03:15:00,1024.16
2026-01-14 03:30:00,960.86
2026-01-14 03:45:00,942.82
2026-01-14 04:00:00,948.76
2026-01-14 04:15:00,947.49
2026-01-14 04:30:00,943.32
2026-01-14 04:45:00,959.64
2026-01-14 05:00:00,1071.43
2026-01-14 05:15:00,961.64
2026-01-14 05:30:00,984.38
2026-01-14 05:45:00,967.29
2026-01-14 06:00:00,991.7
2026-01-14 06:15:00,1088.61
2026-01-14 06:30:00,1084.78
2026-01-14 06:45:00,1187.78
2026-01-14 07:00:00,1303.62
2026-01-14 07:15:00,1473.54
2026-01-14 07:30:00,1374.89
2026-01-14 07:45:00,1195.33
2026-01-14 08:00:00,1148.09
2026-01-14 08:15:00,1153.11
2026-01-14 08:30:00,1175.95
2026-01-14 08:45:00,1147.62
2026-01-14 09:00:00,1203.41
2026-01-14 09:15:00,1245.43
2026-01-14 09:30:00,1625.68
2026-01-14 09:45:00,1499.75
2026-01-14 10:00:00,1576.98
2026-01-14 10:15:00,1529.41
2026-01-14 10:30:00,934.01
2026-01-14 10:45:00,863.33
2026-01-14 11:00:00,854.36
2026-01-14 11:15:00,251.08
2026-01-14 11:30:00,-111.24
2026-01-14 11:45:00,-104.83
2026-01-14 12:00:00,-123.89
2026-01-14 12:15:00,-142.45
2026-01-14 12:30:00,-118.79
2026-01-14 12:45:00,-9.9
2026-01-14 13:00:00,111.65
2026-01-14 13:15:00,523.55
2026-01-14 13:30:00,315.97
2026-01-14 13:45:00,275.21
2026-01-14 14:00:00,243.8
2026-01-14 14:15:00,304.55
2026-01-14 14:30:00,305.85
2026-01-14 14:45:00,321.16
2026-01-14 15:00:00,297.41
2026-01-14 15:15:00,666.63
2026-01-14 15:30:00,1202.61
2026-01-14 15:45:00,2189.62
2026-01-14 16:00:00,2807.26
2026-01-14 16:15:00,3219.84
2026-01-14 16:30:00,4066.97
2026-01-14 16:45:00,4595.06
2026-01-14 17:00:00,5064.77
2026-01-14 17:15:00,5386.67
2026-01-14 17:30:00,5529.45
2026-01-14 17:45:00,5098.93
2026-01-14 18:00:00,4703.95
2026-01-14 18:15:00,5116.09
2026-01-14 18:30:00,5505.46
2026-01-14 18:45:00,4985.59
2026-01-14 19:00:00,4706.45
2026-01-14 19:15:00,4711.25
2026-01-14 19:30:00,4943.19
2026-01-14 19:45:00,4889.79
2026-01-14 20:00:00,5222.98
2026-01-14 20:15:00,5074.56
2026-01-14 20:30:00,4648.03
2026-01-14 20:45:00,4692.98
2026-01-14 21:00:00,4421.59
2026-01-14 21:15:00,3915.89
2026-01-14 21:30:00,3476.12
2026-01-14 21:45:00,3248.2
2026-01-14 22:00:00,2862.34
2026-01-14 22:15:00,2641.48
2026-01-14 22:30:00,2768.19
2026-01-14 22:45:00,2683.56
2026-01-14 23:00:00,2751.0
2026-01-14 23:15:00,2616.98
2026-01-14 23:30:00,2446.5
2026-01-14 23:45:00,2766.3
2026-01-15 00:00:00,4589.06
2026-01-15 00:15:00,3058.02
2026-01-15 00:30:00,2151.34
2026-01-15 00:45:00,1587.48
2026-01-15 01:00:00,1484.63
2026-01-15 01:15:00,1117.86
2026-01-15 01:30:00,1100.21
2026-01-15 01:45:00,1133.75
2026-01-15 02:00:00,1022.66
2026-01-15 02:15:00,1030.51
2026-01-15 02:30:00,1078.3
2026-01-15 02:45:00,982.94
2026-01-15 03:00:00,960.74
2026-01-15 03:15:00,957.58
2026-01-15 03:30:00,958.67
2026-01-15 03:45:00,1029.89
2026-01-15 04:00:00,956.56
2026-01-15 04:15:00,965.85
2026-01-15 04:30:00,988.76
2026-01-15 04:45:00,944.62
2026-01-15 05:00:00,994.74
2026-01-15 05:15:00,1020.38
2026-01-15 05:30:00,1009.7
2026-01-15 05:45:00,960.58
2026-01-15 06:00:00,967.9
2026-01-15 06:15:00,1437.94
2026-01-15 06:30:00,1613.28
2026-01-15 06:45:00,1740.18
2026-01-15 07:00:00,1835.52
2026-01-15 07:15:00,1899.29
2026-01-15 07:30:00,1884.12
2026-01-15 07:45:00,1923.85
2026-01-15 08:00:00,2022.01
2026-01-15 08:15:00,2035.09
2026-01-15 08:30:00,1887.84
2026-01-15 08:45:00,1972.94
2026-01-15 09:00:00,2007.78
2026-01-15 09:15:00,1704.14
2026-01-15 09:30:00,1781.95
2026-01-15 09:45:00,1608.69
2026-01-15 10:00:00,1310.98
2026-01-15 10:15:00,1219.75
2026-01-15 10:30:00,888.25
2026-01-15 10:45:00,624.92
2026-01-15 11:00:00,336.54
2026-01-15 11:15:00,15.13
2026-01-15 11:30:00,29.6
2026-01-15 11:45:00,-4.54
2026-01-15 12:00:00,684.86
2026-01-15 12:15:00,27.36
2026-01-15 12:30:00,179.4
2026-01-15 12:45:00,252.49
2026-01-15 13:00:00,794.27
2026-01-15 13:15:00,746.03
2026-01-15 13:30:00,349.89
2026-01-15 13:45:00,18.11
2026-01-15 14:00:00,53.8
2026-01-15 14:15:00,71.64
2026-01-15 14:30:00,474.26
2026-01-15 14:45:00,1146.34
2026-01-15 15:00:00,987.62
2026-01-15 15:15:00,868.82
2026-01-15 15:30:00,1020.65
2026-01-15 15:45:00,1788.45
2026-01-15 16:00:00,2622.4
2026-01-15 16:15:00,3279.23
2026-01-15 16:30:00,4066.52
2026-01-15 16:45:00,4671.88
2026-01-15 17:00:00,4771.46
2026-01-15 17:15:00,4578.5
2026-01-15 17:30:00,4655.27
2026-01-15 17:45:00,4321.28
2026-01-15 18:00:00,4279.7
2026-01-15 18:15:00,4376.92
2026-01-15 18:30:00,4507.83
2026-01-15 18:45:00,4711.16
2026-01-15 19:00:00,4679.77
2026-01-15 19:15:00,4513.33
2026-01-15 19:30:00,4763.31
2026-01-15 19:45:00,4557.77
2026-01-15 20:00:00,4485.67
2026-01-15 20:15:00,4686.82
2026-01-15 20:30:00,4914.52
2026-01-15 20:45:00,4496.75
2026-01-15 21:00:00,4243.18
2026-01-15 21:15:00,4185.71
2026-01-15 21:30:00,3975.3
2026-01-15 21:45:00,3276.53
2026-01-15 22:00:00,2879.03
2026-01-15 22:15:00,2287.53
2026-01-15 22:30:00,2208.05
2026-01-15 22:45:00,1908.43
2026-01-15 23:00:00,1745.27
2026-01-15 23:15:00,1744.49
2026-01-15 23:30:00,1810.49
2026-01-15 23:45:00,1839.36
2026-01-16 00:00:00,3826.47
2026-01-16 00:15:00,3046.73
2026-01-16 00:30:00,2271.6
2026-01-16 00:45:00,1580.67
2026-01-16 01:00:00,1444.73
2026-01-16 01:15:00,1196.91
2026-01-16 01:30:00,1193.02
2026-01-16 01:45:00,1119.22
2026-01-16 02:00:00,1022.68
2026-01-16 02:15:00,1009.44
2026-01-16 02:30:00,1001.92
2026-01-16 02:45:00,1088.32
2026-01-16 03:00:00,1032.56
2026-01-16 03:15:00,1040.2
2026-01-16 03:30:00,987.45
2026-01-16 03:45:00,976.78
2026-01-16 04:00:00,1044.98
2026-01-16 04:15:00,1051.53
2026-01-16 04:30:00,1043.08
2026-01-16 04:45:00,1047.12
2026-01-16 05:00:00,955.14
2026-01-16 05:15:00,942.04
2026-01-16 05:30:00,1048.71
2026-01-16 05:45:00,1046.33
2026-01-16 06:00:00,977.39
2026-01-16 06:15:00,1425.96
2026-01-16 06:30:00,1553.18
2026-01-16 06:45:00,1683.8
2026-01-16 07:00:00,1511.33
2026-01-16 07:15:00,1658.82
2026-01-16 07:30:00,1934.75
2026-01-16 07:45:00,1973.68
2026-01-16 08:00:00,2241.14
2026-01-16 08:15:00,2257.44
2026-01-16 08:30:00,2214.2
2026-01-16 08:45:00,2210.91
2026-01-16 09:00:00,2117.01
2026-01-16 09:15:00,2112.93
2026-01-16 09:30:00,2105.11
2026-01-16 09:45:00,1927.73
2026-01-16 10:00:00,1415.8
2026-01-16 10:15:00,1265.97
2026-01-16 10:30:00,958.91
2026-01-16 10:45:00,688.64
2026-01-16 11:00:00,238.35
2026-01-16 11:15:00,203.01
2026-01-16 11:30:00,180.13
2026-01-16 11:45:00,171.79
2026-01-16 12:00:00,936.08
2026-01-16 12:15:00,467.98
2026-01-16 12:30:00,426.23
2026-01-16 12:45:00,401.85
2026-01-16 13:00:00,435.14
2026-01-16 13:15:00,409.35
2026-01-16 13:30:00,491.57
2026-01-16 13:45:00,411.08
2026-01-16 14:00:00,258.52
2026-01-16 14:15:00,238.1
2026-01-16 14:30:00,300.89
2026-01-16 14:45:00,290.64
2026-01-16 15:00:00,284.64
2026-01-16 15:15:00,299.79
2026-01-16 15:30:00,914.78
2026-01-16 15:45:00,1590.62
2026-01-16 16:00:00,2189.22
2026-01-16 16:15:00,2851.76
2026-01-16 16:30:00,3839.96
2026-01-16 16:45:00,4678.47
2026-01-16 17:00:00,4165.68
2026-01-16 17:15:00,4206.24
2026-01-16 17:30:00,4633.9
2026-01-16 17:45:00,4509.32
2026-01-16 18:00:00,4466.83
2026-01-16 18:15:00,4579.47
2026-01-16 18:30:00,4832.44
2026-01-16 18:45:00,5197.57
2026-01-16 19:00:00,4882.01
2026-01-16 19:15:00,4941.97
2026-01-16 19:30:00,5114.53
2026-01-16 19:45:00,4909.11
2026-01-16 20:00:00,4775.86
2026-01-16 20:15:00,4577.64
2026-01-16 20:30:00,4690.81
2026-01-16 20:45:00,4230.45
2026-01-16 21:00:00,3732.45
2026-01-16 21:15:00,3523.29
2026-01-16 21:30:00,3471.5
2026-01-16 21:45:00,3173.52
2026-01-16 22:00:00,2527.65
2026-01-16 22:15:00,2297.89
2026-01-16 22:30:00,2155.88
2026-01-16 22:45:00,2117.48
2026-01-16 23:00:00,1618.51
2026-01-16 23:15:00,1212.87
2026-01-16 23:30:00,941.0
2026-01-16 23:45:00,1599.12
2026-01-17 00:00:00,3596.7
2026-01-17 00:15:00,2775.06
2026-01-17 00:30:00,2212.97
2026-01-17 00:45:00,1556.82
2026-01-17 01:00:00,1374.32
2026-01-17 01:15:00,1104.54
2026-01-17 01:30:00,1533.76
2026-01-17 01:45:00,1151.17
2026-01-17 02:00:00,1048.7
2026-01-17 02:15:00,1008.22
2026-01-17 02:30:00,997.39
2026-01-17 02:45:00,990.9
2026-01-17 03:00:00,982.52
2026-01-17 03:15:00,975.12
2026-01-17 03:30:00,1025.48
2026-01-17 03:45:00,1044.77
2026-01-17 04:00:00,1003.25
2026-01-17 04:15:00,999.54
2026-01-17 04:30:00,966.78
2026-01-17 04:45:00,964.64
2026-01-17 05:00:00,1011.1
2026-01-17 05:15:00,962.98
2026-01-17 05:30:00,1014.45
2026-01-17 05:45:00,965.99
2026-01-17 06:00:00,991.33
2026-01-17 06:15:00,1337.12
2026-01-17 06:30:00,1523.86
2026-01-17 06:45:00,1680.03
2026-01-17 07:00:00,1840.86
2026-01-17 07:15:00,2124.05
2026-01-17 07:30:00,2707.36
2026-01-17 07:45:00,2867.98
2026-01-17 08:00:00,2884.74
2026-01-17 08:15:00,2530.0
2026-01-17 08:30:00,2216.54
2026-01-17 08:45:00,2034.53
2026-01-17 09:00:00,1905.01
2026-01-17 09:15:00,2053.14
2026-01-17 09:30:00,2103.21
2026-01-17 09:45:00,1812.99
2026-01-17 10:00:00,1231.78
2026-01-17 10:15:00,640.95
2026-01-17 10:30:00,296.39
2026-01-17 10:45:00,327.57
2026-01-17 11:00:00,314.24
2026-01-17 11:15:00,266.22
2026-01-17 11:30:00,283.96
2026-01-17 11:45:00,219.02
2026-01-17 12:00:00,553.85
2026-01-17 12:15:00,455.35
2026-01-17 12:30:00,339.63
2026-01-17 12:45:00,301.63
2026-01-17 13:00:00,297.06
2026-01-17 13:15:00,288.04
2026-01-17 13:30:00,304.46
2026-01-17 13:45:00,496.33
2026-01-17 14:00:00,412.64
2026-01-17 14:15:00,425.32
2026-01-17 14:30:00,523.65
2026-01-17 14:45:00,522.25
2026-01-17 15:00:00,856.84
2026-01-17 15:15:00,1104.89
2026-01-17 15:30:00,1509.41
2026-01-17 15:45:00,2074.47
2026-01-17 16:00:00,2493.48
2026-01-17 16:15:00,2851.87
2026-01-17 16:30:00,3309.84
2026-01-17 16:45:00,3752.28
2026-01-17 17:00:00,3881.33
2026-01-17 17:15:00,4326.87
2026-01-17 17:30:00,4744.63
2026-01-17 17:45:00,4657.25
2026-01-17 18:00:00,4697.25
2026-01-17 18:15:00,4785.99
2026-01-17 18:30:00,4796.31
2026-01-17 18:45:00,4842.69
2026-01-17 19:00:00,4532.48
2026-01-17 19:15:00,4687.87
2026-01-17 19:30:00,4731.34
2026-01-17 19:45:00,4795.52
2026-01-17 20:00:00,4747.99
2026-01-17 20:15:00,4729.91
2026-01-17 20:30:00,4530.62
2026-01-17 20:45:00,4405.49
2026-01-17 21:00:00,4356.35
2026-01-17 21:15:00,4291.69
2026-01-17 21:30:00,4129.92
2026-01-17 21:45:00,3748.7
2026-01-17 22:00:00,3393.81
2026-01-17 22:15:00,3177.44
2026-01-17 22:30:00,2807.66
2026-01-17 22:45:00,2421.09
2026-01-17 23:00:00,2036.73
2026-01-17 23:15:00,1797.4
2026-01-17 23:30:00,1623.97
2026-01-17 23:45:00,1839.84
2026-01-18 00:00:00,3448.19
2026-01-18 00:15:00,2586.05
2026-01-18 00:30:00,1832.23
2026-01-18 00:45:00,1374.27
2026-01-18 01:00:00,1214.47
2026-01-18 01:15:00,1011.61
2026-01-18 01:30:00,926.06
2026-01-18 01:45:00,900.13
2026-01-18 02:00:00,896.91
2026-01-18 02:15:00,889.84
2026-01-18 02:30:00,885.16
2026-01-18 02:45:00,927.81
2026-01-18 03:00:00,909.3
2026-01-18 03:15:00,974.02
2026-01-18 03:30:00,985.89
2026-01-18 03:45:00,874.28
2026-01-18 04:00:00,983.11
2026-01-18 04:15:00,877.09
2026-01-18 04:30:00,900.86
2026-01-18 04:45:00,983.76
2026-01-18 05:00:00,966.32
2026-01-18 05:15:00,951.12
2026-01-18 05:30:00,969.31
2026-01-18 05:45:00,895.17
2026-01-18 06:00:00,894.4
2026-01-18 06:15:00,1273.26
2026-01-18 06:30:00,1444.67
2026-01-18 06:45:00,1727.34
2026-01-18 07:00:00,2069.26
2026-01-18 07:15:00,2182.76
2026-01-18 07:30:00,2237.33
2026-01-18 07:45:00,2244.01
2026-01-18 08:00:00,2279.23
2026-01-18 08:15:00,2363.14
2026-01-18 08:30:00,2757.02
2026-01-18 08:45:00,2444.0
2026-01-18 09:00:00,2241.98
2026-01-18 09:15:00,2253.16
2026-01-18 09:30:00,2546.71
2026-01-18 09:45:00,1975.49
2026-01-18 10:00:00,1477.14
2026-01-18 10:15:00,1020.89
2026-01-18 10:30:00,680.41
2026-01-18 10:45:00,510.53
2026-01-18 11:00:00,54.07
2026-01-18 11:15:00,104.05
2026-01-18 11:30:00,-48.27
2026-01-18 11:45:00,-107.34
2026-01-18 12:00:00,419.79
2026-01-18 12:15:00,-111.81
2026-01-18 12:30:00,-109.86
2026-01-18 12:45:00,-99.95
2026-01-18 13:00:00,1.89
2026-01-18 13:15:00,-105.52
2026-01-18 13:30:00,-92.55
2026-01-18 13:45:00,-53.71
2026-01-18 14:00:00,-49.12
2026-01-18 14:15:00,-23.41
2026-01-18 14:30:00,-44.49
2026-01-18 14:45:00,-3.48
2026-01-18 15:00:00,346.39
2026-01-18 15:15:00,755.6
2026-01-18 15:30:00,1184.6
2026-01-18 15:45:00,1985.19
2026-01-18 16:00:00,2363.98
2026-01-18 16:15:00,2658.46
2026-01-18 16:30:00,3171.12
2026-01-18 16:45:00,3868.13
2026-01-18 17:00:00,3868.43
2026-01-18 17:15:00,4253.86
2026-01-18 17:30:00,4351.28
2026-01-18 17:45:00,4394.53
2026-01-18 18:00:00,4440.03
2026-01-18 18:15:00,4459.81
2026-01-18 18:30:00,4570.54
2026-01-18 18:45:00,4812.55
2026-01-18 19:00:00,4792.35
2026-01-18 19:15:00,4764.67
2026-01-18 19:30:00,5199.37
2026-01-18 19:45:00,5077.78
2026-01-18 20:00:00,5097.7
2026-01-18 20:15:00,4860.55
2026-01-18 20:30:00,4874.43
2026-01-18 20:45:00,4474.46
2026-01-18 21:00:00,4110.38
2026-01-18 21:15:00,3595.57
2026-01-18 21:30:00,3442.44
2026-01-18 21:45:00,2897.16
2026-01-18 22:00:00,2297.64
2026-01-18 22:15:00,2130.78
2026-01-18 22:30:00,1908.12
2026-01-18 22:45:00,1896.49
2026-01-18 23:00:00,1819.78
2026-01-18 23:15:00,1727.19
2026-01-18 23:30:00,1435.46
2026-01-18 23:45:00,1663.04
2026-01-19 00:00:00,4064.72
2026-01-19 00:15:00,3823.69
2026-01-19 00:30:00,2586.48
2026-01-19 00:45:00,2031.7
2026-01-19 01:00:00,910.96
2026-01-19 01:15:00,601.7
2026-01-19 01:30:00,205.83
2026-01-19 01:45:00,-76.5
2026-01-19 02:00:00,-200.43
2026-01-19 02:15:00,-267.99
2026-01-19 02:30:00,-246.8
2026-01-19 02:45:00,-207.7
2026-01-19 03:00:00,-220.06
2026-01-19 03:15:00,-235.34
2026-01-19 03:30:00,-255.57
2026-01-19 03:45:00,-236.79
2026-01-19 04:00:00,-232.63
2026-01-19 04:15:00,-306.52
2026-01-19 04:30:00,-250.82
2026-01-19 04:45:00,-213.25
2026-01-19 05:00:00,-207.67
2026-01-19 05:15:00,-193.33
2026-01-19 05:30:00,-192.41
2026-01-19 05:45:00,118.68
2026-01-19 06:00:00,324.09
2026-01-19 06:15:00,850.37
2026-01-19 06:30:00,1399.22
2026-01-19 06:45:00,1852.21
2026-01-19 07:00:00,2447.65
2026-01-19 07:15:00,2678.67
2026-01-19 07:30:00,2724.29
2026-01-19 07:45:00,2966.98
2026-01-19 08:00:00,3347.76
2026-01-19 08:15:00,4157.03
2026-01-19 08:30:00,4674.63
2026-01-19 08:45:00,3705.39
2026-01-19 09:00:00,2767.58
2026-01-19 09:15:00,2782.14
2026-01-19 09:30:00,2549.72
2026-01-19 09:45:00,2384.67
2026-01-19 10:00:00,2672.37
2026-01-19 10:15:00,2740.01
2026-01-19 10:30:00,2959.21
2026-01-19 10:45:00,3538.52
2026-01-19 11:00:00,2883.14
2026-01-19 11:15:00,2606.42
2026-01-19 11:30:00,2438.14
2026-01-19 11:45:00,2124.29
2026-01-19 12:00:00,2119.23
2026-01-19 12:15:00,2072.38
2026-01-19 12:30:00,2077.97
2026-01-19 12:45:00,1675.74
2026-01-19 13:00:00,1522.94
2026-01-19 13:15:00,1399.87
2026-01-19 13:30:00,1475.87
2026-01-19 13:45:00,1489.0
2026-01-19 14:00:00,1486.11
2026-01-19 14:15:00,1352.5
2026-01-19 14:30:00,1461.4
2026-01-19 14:45:00,1367.02
2026-01-19 15:00:00,2706.81
2026-01-19 15:15:00,2710.25
2026-01-19 15:30:00,2258.31
2026-01-19 15:45:00,2411.15
2026-01-19 16:00:00,2349.42
2026-01-19 16:15:00,3086.67
2026-01-19 16:30:00,3980.78
2026-01-19 16:45:00,4744.81
2026-01-19 17:00:00,5545.7
2026-01-19 17:15:00,5518.34
2026-01-19 17:30:00,6341.28
2026-01-19 17:45:00,6067.02
2026-01-19 18:00:00,6143.64
2026-01-19 18:15:00,5941.71
2026-01-19 18:30:00,5842.36
2026-01-19 18:45:00,5843.55
2026-01-19 19:00:00,6199.39
2026-01-19 19:15:00,6195.24
2026-01-19 19:30:00,6192.42
2026-01-19 19:45:00,6116.16
2026-01-19 20:00:00,6155.64
2026-01-19 20:15:00,5884.03
2026-01-19 20:30:00,5969.55
2026-01-19 20:45:00,5846.5
2026-01-19 21:00:00,5478.88
2026-01-19 21:15:00,5425.95
2026-01-19 21:30:00,4940.9
2026-01-19 21:45:00,4072.03
2026-01-19 22:00:00,3281.32
2026-01-19 22:15:00,2933.63
2026-01-19 22:30:00,2534.34
2026-01-19 22:45:00,2513.05
2026-01-19 23:00:00,2340.42
2026-01-19 23:15:00,2201.28
2026-01-19 23:30:00,2151.16
2026-01-19 23:45:00,2462.69
2026-01-20 00:00:00,3303.53
2026-01-20 00:15:00,2631.87
2026-01-20 00:30:00,2043.8
2026-01-20 00:45:00,1216.36
2026-01-20 01:00:00,819.24
2026-01-20 01:15:00,512.45
2026-01-20 01:30:00,189.69
2026-01-20 01:45:00,-135.69
2026-01-20 02:00:00,-213.42
2026-01-20 02:15:00,-134.54
2026-01-20 02:30:00,-138.44
2026-01-20 02:45:00,-138.29
2026-01-20 03:00:00,-147.16
2026-01-20 03:15:00,-133.59
2026-01-20 03:30:00,-130.55
2026-01-20 03:45:00,-132.08
2026-01-20 04:00:00,-210.01
2026-01-20 04:15:00,-137.96
2026-01-20 04:30:00,-143.63
2026-01-20 04:45:00,-127.68
2026-01-20 05:00:00,-110.05
2026-01-20 05:15:00,-104.99
2026-01-20 05:30:00,-126.41
2026-01-20 05:45:00,354.93
2026-01-20 06:00:00,946.7
2026-01-20 06:15:00,1543.8
2026-01-20 06:30:00,1918.35
2026-01-20 06:45:00,2040.45
2026-01-20 07:00:00,2103.0
2026-01-20 07:15:00,2111.25
2026-01-20 07:30:00,2450.93
2026-01-20 07:45:00,2710.35
2026-01-20 08:00:00,3450.57
2026-01-20 08:15:00,3419.8
2026-01-20 08:30:00,3329.93
2026-01-20 08:45:00,3157.84
2026-01-20 09:00:00,3018.64
2026-01-20 09:15:00,3159.15
2026-01-20 09:30:00,3256.6
2026-01-20 09:45:00,3581.47
2026-01-20 10:00:00,4071.76
2026-01-20 10:15:00,4244.25
2026-01-20 10:30:00,4377.91
2026-01-20 10:45:00,4787.08
2026-01-20 11:00:00,5189.21
2026-01-20 11:15:00,4819.96
2026-01-20 11:30:00,5081.3
2026-01-20 11:45:00,4572.41
2026-01-20 12:00:00,4667.61
2026-01-20 12:15:00,5029.0
2026-01-20 12:30:00,4958.55
2026-01-20 12:45:00,4910.92
2026-01-20 13:00:00,5390.34
2026-01-20 13:15:00,5289.66
2026-01-20 13:30:00,4952.29
2026-01-20 13:45:00,4589.42
2026-01-20 14:00:00,3944.45
2026-01-20 14:15:00,3080.6
2026-01-20 14:30:00,3039.71
2026-01-20 14:45:00,2764.21
2026-01-20 15:00:00,2519.42
2026-01-20 15:15:00,2639.79
2026-01-20 15:30:00,2199.16
2026-01-20 15:45:00,2375.38
2026-01-20 16:00:00,2445.75
2026-01-20 16:15:00,2657.71
2026-01-20 16:30:00,3488.03
2026-01-20 16:45:00,3955.24
2026-01-20 17:00:00,4120.6
2026-01-20 17:15:00,4048.57
2026-01-20 17:30:00,4214.43
2026-01-20 17:45:00,4365.41
2026-01-20 18:00:00,4118.49
2026-01-20 18:15:00,4148.76
2026-01-20 18:30:00,5485.21
2026-01-20 18:45:00,5329.1
2026-01-20 19:00:00,4743.89
2026-01-20 19:15:00,4774.6
2026-01-20 19:30:00,4949.08
2026-01-20 19:45:00,4963.48
2026-01-20 20:00:00,4824.61
2026-01-20 20:15:00,4341.96
2026-01-20 20:30:00,4300.58
2026-01-20 20:45:00,4370.21
2026-01-20 21:00:00,4241.11
2026-01-20 21:15:00,4037.15
2026-01-20 21:30:00,4042.76
2026-01-20 21:45:00,3475.95
2026-01-20 22:00:00,3015.79
2026-01-20 22:15:00,2603.31
2026-01-20 22:30:00,2587.94
2026-01-20 22:45:00,2582.05
2026-01-20 23:00:00,2513.14
2026-01-20 23:15:00,2275.95
2026-01-20 23:30:00,2278.19
2026-01-20 23:45:00,2378.34
2026-01-21 00:00:00,3227.02
2026-01-21 00:15:00,2910.43
2026-01-21 00:30:00,2445.49
2026-01-21 00:45:00,1528.61
2026-01-21 01:00:00,1044.8
2026-01-21 01:15:00,797.72
2026-01-21 01:30:00,434.47
2026-01-21 01:45:00,136.52
2026-01-21 02:00:00,83.62
2026-01-21 02:15:00,79.78
2026-01-21 02:30:00,33.32
2026-01-21 02:45:00,35.56
2026-01-21 03:00:00,79.78
2026-01-21 03:15:00,67.64
2026-01-21 03:30:00,83.92
2026-01-21 03:45:00,62.91
2026-01-21 04:00:00,-6.39
2026-01-21 04:15:00,-72.96
2026-01-21 04:30:00,7.51
2026-01-21 04:45:00,-27.34
2026-01-21 05:00:00,-107.83
2026-01-21 05:15:00,-92.68
2026-01-21 05:30:00,-21.81
2026-01-21 05:45:00,136.69
2026-01-21 06:00:00,526.15
2026-01-21 06:15:00,796.95
2026-01-21 06:30:00,1093.06
2026-01-21 06:45:00,1351.34
2026-01-21 07:00:00,1529.17
2026-01-21 07:15:00,1745.81
2026-01-21 07:30:00,1877.07
2026-01-21 07:45:00,2246.02
2026-01-21 08:00:00,3014.05
2026-01-21 08:15:00,3851.42
2026-01-21 08:30:00,4329.93
2026-01-21 08:45:00,4127.63
2026-01-21 09:00:00,4489.24
2026-01-21 09:15:00,4080.43
2026-01-21 09:30:00,4309.16
2026-01-21 09:45:00,3837.6
2026-01-21 10:00:00,4315.75
2026-01-21 10:15:00,4681.19
2026-01-21 10:30:00,5184.79
2026-01-21 10:45:00,4931.01
2026-01-21 11:00:00,5873.13
2026-01-21 11:15:00,6002.26
2026-01-21 11:30:00,5919.72
2026-01-21 11:45:00,5416.41
2026-01-21 12:00:00,6028.26
2026-01-21 12:15:00,6030.39
2026-01-21 12:30:00,6036.37
2026-01-21 12:45:00,5800.91
2026-01-21 13:00:00,5747.69
2026-01-21 13:15:00,5876.64
2026-01-21 13:30:00,5938.07
2026-01-21 13:45:00,5608.4
2026-01-21 14:00:00,4783.08
2026-01-21 14:15:00,5324.17
2026-01-21 14:30:00,4912.48
2026-01-21 14:45:00,4801.0
2026-01-21 15:00:00,4570.4
2026-01-21 15:15:00,3896.51
2026-01-21 15:30:00,3971.96
2026-01-21 15:45:00,3899.22
2026-01-21 16:00:00,3677.83
2026-01-21 16:15:00,4702.36
2026-01-21 16:30:00,4915.37
2026-01-21 16:45:00,4887.88
2026-01-21 17:00:00,5380.71
2026-01-21 17:15:00,5385.09
2026-01-21 17:30:00,5717.14
2026-01-21 17:45:00,5676.07
2026-01-21 18:00:00,5635.99
2026-01-21 18:15:00,5600.22
2026-01-21 18:30:00,5721.7
2026-01-21 18:45:00,5736.42
2026-01-21 19:00:00,5467.42
2026-01-21 19:15:00,4990.42
2026-01-21 19:30:00,4795.14
2026-01-21 19:45:00,4886.59
2026-01-21 20:00:00,4916.2
2026-01-21 20:15:00,4811.01
2026-01-21 20:30:00,4905.73
2026-01-21 20:45:00,4630.54
2026-01-21 21:00:00,4333.34
2026-01-21 21:15:00,4340.52
2026-01-21 21:30:00,3965.52
2026-01-21 21:45:00,3563.24
2026-01-21 22:00:00,3348.18
2026-01-21 22:15:00,2993.39
2026-01-21 22:30:00,2837.69
2026-01-21 22:45:00,2530.09
2026-01-21 23:00:00,2113.85
2026-01-21 23:15:00,1686.04
2026-01-21 23:30:00,1336.83
2026-01-21 23:45:00,1874.35
2026-01-22 00:00:00,3276.92
2026-01-22 00:15:00,2661.32
2026-01-22 00:30:00,2058.2
2026-01-22 00:45:00,1463.17
2026-01-22 01:00:00,1321.16
2026-01-22 01:15:00,1047.97
2026-01-22 01:30:00,697.81
2026-01-22 01:45:00,417.3
2026-01-22 02:00:00,-3.09
2026-01-22 02:15:00,89.59
2026-01-22 02:30:00,99.73
2026-01-22 02:45:00,86.07
2026-01-22 03:00:00,-8.11
2026-01-22 03:15:00,57.54
2026-01-22 03:30:00,46.04
2026-01-22 03:45:00,71.42
2026-01-22 04:00:00,54.0
2026-01-22 04:15:00,8.78
2026-01-22 04:30:00,40.86
2026-01-22 04:45:00,45.56
2026-01-22 05:00:00,-25.15
2026-01-22 05:15:00,32.85
2026-01-22 05:30:00,8.62
2026-01-22 05:45:00,286.08
2026-01-22 06:00:00,616.53
2026-01-22 06:15:00,904.23
2026-01-22 06:30:00,1211.85
2026-01-22 06:45:00,1393.35
2026-01-22 07:00:00,1497.63
2026-01-22 07:15:00,1459.58
2026-01-22 07:30:00,1593.72
2026-01-22 07:45:00,1866.76
2026-01-22 08:00:00,2389.84
2026-01-22 08:15:00,2740.86
2026-01-22 08:30:00,3093.79
2026-01-22 08:45:00,3656.83
2026-01-22 09:00:00,4294.12
2026-01-22 09:15:00,3743.8
2026-01-22 09:30:00,4048.49
2026-01-22 09:45:00,4020.16
2026-01-22 10:00:00,3829.97
2026-01-22 10:15:00,3862.28
2026-01-22 10:30:00,3734.12
2026-01-22 10:45:00,3555.77
2026-01-22 11:00:00,3783.62
2026-01-22 11:15:00,3324.25
2026-01-22 11:30:00,3235.37
2026-01-22 11:45:00,3273.86
2026-01-22 12:00:00,4007.42
2026-01-22 12:15:00,3699.69
2026-01-22 12:30:00,3922.81
2026-01-22 12:45:00,3573.61
2026-01-22 13:00:00,3621.34
2026-01-22 13:15:00,3743.39
2026-01-22 13:30:00,3679.31
2026-01-22 13:45:00,3308.35
2026-01-22 14:00:00,3014.1
2026-01-22 14:15:00,3059.35
2026-01-22 14:30:00,3326.17
2026-01-22 14:45:00,3696.02
2026-01-22 15:00:00,3353.01
2026-01-22 15:15:00,3635.93
2026-01-22 15:30:00,3659.87
2026-01-22 15:45:00,3897.15
2026-01-22 16:00:00,3657.93
2026-01-22 16:15:00,3945.04
2026-01-22 16:30:00,4379.01
2026-01-22 16:45:00,4503.56
2026-01-22 17:00:00,5507.89
2026-01-22 17:15:00,5742.27
2026-01-22 17:30:00,5796.84
2026-01-22 17:45:00,6294.76
2026-01-22 18:00:00,6470.97
2026-01-22 18:15:00,6463.84
2026-01-22 18:30:00,6514.32
2026-01-22 18:45:00,6477.02
2026-01-22 19:00:00,5998.11
2026-01-22 19:15:00,5944.08
2026-01-22 19:30:00,6179.52
2026-01-22 19:45:00,6210.7
2026-01-22 20:00:00,6179.81
2026-01-22 20:15:00,6174.99
2026-01-22 20:30:00,6154.72
2026-01-22 20:45:00,5969.63
2026-01-22 21:00:00,5637.21
2026-01-22 21:15:00,5252.96
2026-01-22 21:30:00,4810.02
2026-01-22 21:45:00,4451.8
2026-01-22 22:00:00,3414.36
2026-01-22 22:15:00,2633.46
2026-01-22 22:30:00,2602.67
2026-01-22 22:45:00,2379.71
2026-01-22 23:00:00,2346.12
2026-01-22 23:15:00,2220.35
2026-01-22 23:30:00,2190.53
2026-01-22 23:45:00,2434.69
2026-01-23 00:00:00,4085.51
2026-01-23 00:15:00,3106.27
2026-01-23 00:30:00,2134.79
2026-01-23 00:45:00,1490.02
2026-01-23 01:00:00,985.26
2026-01-23 01:15:00,652.15
2026-01-23 01:30:00,647.81
2026-01-23 01:45:00,650.25
2026-01-23 02:00:00,580.43
2026-01-23 02:15:00,612.44
2026-01-23 02:30:00,586.29
2026-01-23 02:45:00,534.05
2026-01-23 03:00:00,545.66
2026-01-23 03:15:00,541.63
2026-01-23 03:30:00,490.21
2026-01-23 03:45:00,493.45
2026-01-23 04:00:00,492.36
2026-01-23 04:15:00,468.41
2026-01-23 04:30:00,454.05
2026-01-23 04:45:00,456.62
2026-01-23 05:00:00,428.36
2026-01-23 05:15:00,392.6
2026-01-23 05:30:00,433.54
2026-01-23 05:45:00,381.3
2026-01-23 06:00:00,473.26
2026-01-23 06:15:00,774.77
2026-01-23 06:30:00,1064.97
2026-01-23 06:45:00,1276.78
2026-01-23 07:00:00,1947.83
2026-01-23 07:15:00,2312.94
2026-01-23 07:30:00,2638.33
2026-01-23 07:45:00,3272.8
2026-01-23 08:00:00,3404.2
2026-01-23 08:15:00,3359.13
2026-01-23 08:30:00,3095.17
2026-01-23 08:45:00,3000.4
2026-01-23 09:00:00,2950.67
2026-01-23 09:15:00,2889.9
2026-01-23 09:30:00,3012.03
2026-01-23 09:45:00,2615.02
2026-01-23 10:00:00,2688.23
2026-01-23 10:15:00,2341.51
2026-01-23 10:30:00,1731.64
2026-01-23 10:45:00,1541.81
2026-01-23 11:00:00,1555.57
2026-01-23 11:15:00,1634.46
2026-01-23 11:30:00,1264.47
2026-01-23 11:45:00,893.4
2026-01-23 12:00:00,1101.09
2026-01-23 12:15:00,1312.31
2026-01-23 12:30:00,1310.07
2026-01-23 12:45:00,1014.93
2026-01-23 13:00:00,1099.53
2026-01-23 13:15:00,1156.82
2026-01-23 13:30:00,1026.4
2026-01-23 13:45:00,1064.79
2026-01-23 14:00:00,989.51
2026-01-23 14:15:00,1038.46
2026-01-23 14:30:00,1279.53
2026-01-23 14:45:00,1001.15
2026-01-23 15:00:00,1191.36
2026-01-23 15:15:00,1262.26
2026-01-23 15:30:00,1265.53
2026-01-23 15:45:00,1796.17
2026-01-23 16:00:00,2577.1
2026-01-23 16:15:00,2617.59
2026-01-23 16:30:00,3139.17
2026-01-23 16:45:00,3526.35
2026-01-23 17:00:00,3670.12
2026-01-23 17:15:00,3774.46
2026-01-23 17:30:00,4085.0
2026-01-23 17:45:00,4674.26
2026-01-23 18:00:00,4769.98
2026-01-23 18:15:00,5103.29
2026-01-23 18:30:00,5090.68
2026-01-23 18:45:00,5128.48
2026-01-23 19:00:00,5106.34
2026-01-23 19:15:00,4684.72
2026-01-23 19:30:00,4425.87
2026-01-23 19:45:00,4308.34
2026-01-23 20:00:00,4341.72
2026-01-23 20:15:00,4307.58
2026-01-23 20:30:00,3924.24
2026-01-23 20:45:00,3597.3
2026-01-23 21:00:00,3095.62
2026-01-23 21:15:00,3177.86
2026-01-23 21:30:00,3496.96
2026-01-23 21:45:00,3452.57
2026-01-23 22:00:00,3072.73
2026-01-23 22:15:00,2701.42
2026-01-23 22:30:00,2482.22
2026-01-23 22:45:00,2347.18
2026-01-23 23:00:00,2192.33
2026-01-23 23:15:00,2097.47
2026-01-23 23:30:00,1711.59
2026-01-23 23:45:00,1713.09
2026-01-24 00:00:00,3320.55
2026-01-24 00:15:00,2605.61
2026-01-24 00:30:00,1959.35
2026-01-24 00:45:00,1495.93
2026-01-24 01:00:00,1447.34
2026-01-24 01:15:00,1150.51
2026-01-24 01:30:00,1138.44
2026-01-24 01:45:00,1202.73
2026-01-24 02:00:00,1058.8
2026-01-24 02:15:00,1004.5
2026-01-24 02:30:00,1004.47
2026-01-24 02:45:00,1004.45
2026-01-24 03:00:00,957.15
2026-01-24 03:15:00,1041.18
2026-01-24 03:30:00,1005.89
2026-01-24 03:45:00,993.05
2026-01-24 04:00:00,990.85
2026-01-24 04:15:00,957.48
2026-01-24 04:30:00,915.14
2026-01-24 04:45:00,924.28
2026-01-24 05:00:00,926.54
2026-01-24 05:15:00,982.61
2026-01-24 05:30:00,1027.84
2026-01-24 05:45:00,919.82
2026-01-24 06:00:00,1035.54
2026-01-24 06:15:00,1047.35
2026-01-24 06:30:00,955.43
2026-01-24 06:45:00,969.92
2026-01-24 07:00:00,1337.42
2026-01-24 07:15:00,1889.14
2026-01-24 07:30:00,2526.95
2026-01-24 07:45:00,3170.98
2026-01-24 08:00:00,3799.43
2026-01-24 08:15:00,3405.3
2026-01-24 08:30:00,3478.1
2026-01-24 08:45:00,3634.02
2026-01-24 09:00:00,3686.38
2026-01-24 09:15:00,3665.42
2026-01-24 09:30:00,3708.12
2026-01-24 09:45:00,3736.25
2026-01-24 10:00:00,2574.76
2026-01-24 10:15:00,1619.27
2026-01-24 10:30:00,1396.36
2026-01-24 10:45:00,860.69
2026-01-24 11:00:00,514.88
2026-01-24 11:15:00,100.83
2026-01-24 11:30:00,-201.07
2026-01-24 11:45:00,-226.95
2026-01-24 12:00:00,-169.2
2026-01-24 12:15:00,-6.61
2026-01-24 12:30:00,-120.56
2026-01-24 12:45:00,-62.46
2026-01-24 13:00:00,25.11
2026-01-24 13:15:00,-64.93
2026-01-24 13:30:00,70.23
2026-01-24 13:45:00,-38.04
2026-01-24 14:00:00,-9.36
2026-01-24 14:15:00,146.63
2026-01-24 14:30:00,159.42
2026-01-24 14:45:00,235.39
2026-01-24 15:00:00,251.45
2026-01-24 15:15:00,441.51
2026-01-24 15:30:00,742.57
2026-01-24 15:45:00,1019.93
2026-01-24 16:00:00,1489.95
2026-01-24 16:15:00,1547.85
2026-01-24 16:30:00,1799.53
2026-01-24 16:45:00,2404.02
2026-01-24 17:00:00,2948.22
2026-01-24 17:15:00,3102.4
2026-01-24 17:30:00,3528.07
2026-01-24 17:45:00,3693.28
2026-01-24 18:00:00,4141.65
2026-01-24 18:15:00,4844.84
2026-01-24 18:30:00,5478.07
2026-01-24 18:45:00,5832.62
2026-01-24 19:00:00,5640.01
2026-01-24 19:15:00,5375.45
2026-01-24 19:30:00,5913.28
2026-01-24 19:45:00,5505.72
2026-01-24 20:00:00,5832.69
2026-01-24 20:15:00,5384.96
2026-01-24 20:30:00,5382.21
2026-01-24 20:45:00,5184.99
2026-01-24 21:00:00,4659.95
2026-01-24 21:15:00,4864.1
2026-01-24 21:30:00,4909.61
2026-01-24 21:45:00,4240.29
2026-01-24 22:00:00,3322.21
2026-01-24 22:15:00,2775.39
2026-01-24 22:30:00,2274.26
2026-01-24 22:45:00,2034.01
2026-01-24 23:00:00,1720.75
2026-01-24 23:15:00,1716.53
2026-01-24 23:30:00,1690.11
2026-01-24 23:45:00,1921.3
2026-01-25 00:00:00,4042.14
2026-01-25 00:15:00,2897.72
2026-01-25 00:30:00,1995.54
2026-01-25 00:45:00,1434.46
2026-01-25 01:00:00,1310.19
2026-01-25 01:15:00,1267.33
2026-01-25 01:30:00,1244.44
2026-01-25 01:45:00,1301.14
2026-01-25 02:00:00,979.97
2026-01-25 02:15:00,585.05
2026-01-25 02:30:00,289.05
2026-01-25 02:45:00,247.01
2026-01-25 03:00:00,233.73
2026-01-25 03:15:00,232.92
2026-01-25 03:30:00,179.92
2026-01-25 03:45:00,175.57
2026-01-25 04:00:00,148.32
2026-01-25 04:15:00,141.6
2026-01-25 04:30:00,133.17
2026-01-25 04:45:00,128.66
2026-01-25 05:00:00,124.46
2026-01-25 05:15:00,56.1
2026-01-25 05:30:00,114.29
2026-01-25 05:45:00,67.55
2026-01-25 06:00:00,77.31
2026-01-25 06:15:00,74.5
2026-01-25 06:30:00,72.06
2026-01-25 06:45:00,254.34
2026-01-25 07:00:00,607.02
2026-01-25 07:15:00,893.86
2026-01-25 07:30:00,1432.49
2026-01-25 07:45:00,2014.01
2026-01-25 08:00:00,2658.59
2026-01-25 08:15:00,2678.49
2026-01-25 08:30:00,2741.33
2026-01-25 08:45:00,2768.67
2026-01-25 09:00:00,2626.42
2026-01-25 09:15:00,2570.36
2026-01-25 09:30:00,2122.17
2026-01-25 09:45:00,2214.94
2026-01-25 10:00:00,2076.02
2026-01-25 10:15:00,2134.41
2026-01-25 10:30:00,1720.53
2026-01-25 10:45:00,1617.72
2026-01-25 11:00:00,1361.67
2026-01-25 11:15:00,1280.76
2026-01-25 11:30:00,1364.62
2026-01-25 11:45:00,1391.33
2026-01-25 12:00:00,1583.6
2026-01-25 12:15:00,1396.33
2026-01-25 12:30:00,1305.86
2026-01-25 12:45:00,1471.55
2026-01-25 13:00:00,1355.14
2026-01-25 13:15:00,1312.3
2026-01-25 13:30:00,969.64
2026-01-25 13:45:00,791.68
2026-01-25 14:00:00,402.73
2026-01-25 14:15:00,572.64
2026-01-25 14:30:00,478.06
2026-01-25 14:45:00,943.32
2026-01-25 15:00:00,1229.91
2026-01-25 15:15:00,1483.0
2026-01-25 15:30:00,1943.56
2026-01-25 15:45:00,2327.4
2026-01-25 16:00:00,2616.74
2026-01-25 16:15:00,2790.2
2026-01-25 16:30:00,3000.25
2026-01-25 16:45:00,3065.02
2026-01-25 17:00:00,3429.39
2026-01-25 17:15:00,3091.73
2026-01-25 17:30:00,3192.73
2026-01-25 17:45:00,3691.42
2026-01-25 18:00:00,3881.55
2026-01-25 18:15:00,4471.91
2026-01-25 18:30:00,5131.03
2026-01-25 18:45:00,5312.53
2026-01-25 19:00:00,5609.15
2026-01-25 19:15:00,5782.89
2026-01-25 19:30:00,5224.35
2026-01-25 19:45:00,5636.18
2026-01-25 20:00:00,5891.76
2026-01-25 20:15:00,5695.75
2026-01-25 20:30:00,5910.54
2026-01-25 20:45:00,5677.2
2026-01-25 21:00:00,4993.01
2026-01-25 21:15:00,4795.4
2026-01-25 21:30:00,4690.23
2026-01-25 21:45:00,4454.8
2026-01-25 22:00:00,3883.05
2026-01-25 22:15:00,3354.83
2026-01-25 22:30:00,2804.99
2026-01-25 22:45:00,2606.31
2026-01-25 23:00:00,2288.37
2026-01-25 23:15:00,2191.21
2026-01-25 23:30:00,2132.19
2026-01-25 23:45:00,2141.71
2026-01-26 00:00:00,3348.15
2026-01-26 00:15:00,2425.48
2026-01-26 00:30:00,2121.76
2026-01-26 00:45:00,1515.8
2026-01-26 01:00:00,958.51
2026-01-26 01:15:00,590.53
2026-01-26 01:30:00,283.39
2026-01-26 01:45:00,-85.3
2026-01-26 02:00:00,-224.31
2026-01-26 02:15:00,-154.25
2026-01-26 02:30:00,-148.81
2026-01-26 02:45:00,-157.24
2026-01-26 03:00:00,-206.02
2026-01-26 03:15:00,-197.25
2026-01-26 03:30:00,-258.86
2026-01-26 03:45:00,-240.27
2026-01-26 04:00:00,-228.83
2026-01-26 04:15:00,-169.55
2026-01-26 04:30:00,-269.64
2026-01-26 04:45:00,-194.76
2026-01-26 05:00:00,-151.7
2026-01-26 05:15:00,-131.81
2026-01-26 05:30:00,-100.51
2026-01-26 05:45:00,290.56
2026-01-26 06:00:00,843.62
2026-01-26 06:15:00,1591.49
2026-01-26 06:30:00,2133.38
2026-01-26 06:45:00,2549.89
2026-01-26 07:00:00,2507.91
2026-01-26 07:15:00,2639.38
2026-01-26 07:30:00,3255.52
2026-01-26 07:45:00,3433.94
2026-01-26 08:00:00,4404.42
2026-01-26 08:15:00,4273.4
2026-01-26 08:30:00,3673.36
2026-01-26 08:45:00,3734.4
2026-01-26 09:00:00,3608.6
2026-01-26 09:15:00,3483.53
2026-01-26 09:30:00,3015.62
2026-01-26 09:45:00,2879.93
2026-01-26 10:00:00,2713.44
2026-01-26 10:15:00,2670.49
2026-01-26 10:30:00,2073.86
2026-01-26 10:45:00,1932.78
2026-01-26 11:00:00,1506.66
2026-01-26 11:15:00,1598.13
2026-01-26 11:30:00,1534.04
2026-01-26 11:45:00,1479.83
2026-01-26 12:00:00,1902.85
2026-01-26 12:15:00,1817.76
2026-01-26 12:30:00,1777.76
2026-01-26 12:45:00,1502.08
2026-01-26 13:00:00,1601.02
2026-01-26 13:15:00,1638.11
2026-01-26 13:30:00,1569.44
2026-01-26 13:45:00,1510.48
2026-01-26 14:00:00,1500.58
2026-01-26 14:15:00,1551.93
2026-01-26 14:30:00,1363.04
2026-01-26 14:45:00,1489.05
2026-01-26 15:00:00,1467.95
2026-01-26 15:15:00,1371.73
2026-01-26 15:30:00,1619.36
2026-01-26 15:45:00,1758.85
2026-01-26 16:00:00,2338.35
2026-01-26 16:15:00,2688.56
2026-01-26 16:30:00,2829.36
2026-01-26 16:45:00,3132.68
2026-01-26 17:00:00,3759.37
2026-01-26 17:15:00,4011.29
2026-01-26 17:30:00,4134.25
2026-01-26 17:45:00,4636.49
2026-01-26 18:00:00,4951.26
2026-01-26 18:15:00,5370.98
2026-01-26 18:30:00,5651.89
2026-01-26 18:45:00,5700.62
2026-01-26 19:00:00,5795.26
2026-01-26 19:15:00,5608.19
2026-01-26 19:30:00,5656.78
2026-01-26 19:45:00,5903.17
2026-01-26 20:00:00,6058.66
2026-01-26 20:15:00,6014.32
2026-01-26 20:30:00,5941.47
2026-01-26 20:45:00,5878.35
2026-01-26 21:00:00,5599.4
2026-01-26 21:15:00,5283.04
2026-01-26 21:30:00,5152.49
2026-01-26 21:45:00,4723.64
2026-01-26 22:00:00,4213.11
2026-01-26 22:15:00,3519.67
2026-01-26 22:30:00,3190.39
2026-01-26 22:45:00,2677.08
2026-01-26 23:00:00,1896.06
2026-01-26 23:15:00,1523.03
2026-01-26 23:30:00,1300.8
2026-01-26 23:45:00,1949.55
2026-01-27 00:00:00,3050.63
2026-01-27 00:15:00,2548.93
2026-01-27 00:30:00,2030.91
2026-01-27 00:45:00,1537.63
2026-01-27 01:00:00,1283.5
2026-01-27 01:15:00,883.65
2026-01-27 01:30:00,543.03
2026-01-27 01:45:00,262.38
2026-01-27 02:00:00,-122.89
2026-01-27 02:15:00,-129.75
2026-01-27 02:30:00,-112.62
2026-01-27 02:45:00,-141.15
2026-01-27 03:00:00,-179.01
2026-01-27 03:15:00,-169.66
2026-01-27 03:30:00,-170.49
2026-01-27 03:45:00,-170.7
2026-01-27 04:00:00,-118.88
2026-01-27 04:15:00,-123.36
2026-01-27 04:30:00,-117.56
2026-01-27 04:45:00,-105.42
2026-01-27 05:00:00,-209.17
2026-01-27 05:15:00,-77.0
2026-01-27 05:30:00,-106.42
2026-01-27 05:45:00,133.62
2026-01-27 06:00:00,446.96
2026-01-27 06:15:00,764.78
2026-01-27 06:30:00,1101.9
2026-01-27 06:45:00,1340.2
2026-01-27 07:00:00,1774.51
2026-01-27 07:15:00,2150.16
2026-01-27 07:30:00,2183.81
2026-01-27 07:45:00,2306.9
2026-01-27 08:00:00,2147.34
2026-01-27 08:15:00,2078.16
2026-01-27 08:30:00,1773.93
2026-01-27 08:45:00,1757.22
2026-01-27 09:00:00,1870.89
2026-01-27 09:15:00,2263.74
2026-01-27 09:30:00,2078.04
2026-01-27 09:45:00,2100.76
2026-01-27 10:00:00,2479.44
2026-01-27 10:15:00,2406.27
2026-01-27 10:30:00,2471.36
2026-01-27 10:45:00,2926.19
2026-01-27 11:00:00,3120.98
2026-01-27 11:15:00,3276.5
2026-01-27 11:30:00,3212.35
2026-01-27 11:45:00,3203.56
2026-01-27 12:00:00,3164.32
2026-01-27 12:15:00,3214.9
2026-01-27 12:30:00,3282.49
2026-01-27 12:45:00,3081.1
2026-01-27 13:00:00,2580.89
2026-01-27 13:15:00,2145.2
2026-01-27 13:30:00,1793.07
2026-01-27 13:45:00,1676.78
2026-01-27 14:00:00,1532.94
2026-01-27 14:15:00,1339.26
2026-01-27 14:30:00,1324.55
2026-01-27 14:45:00,1336.78
2026-01-27 15:00:00,1278.66
2026-01-27 15:15:00,1480.59
2026-01-27 15:30:00,1392.89
2026-01-27 15:45:00,1490.21
2026-01-27 16:00:00,2087.87
2026-01-27 16:15:00,3126.4
2026-01-27 16:30:00,3463.4
2026-01-27 16:45:00,3701.1
2026-01-27 17:00:00,3991.9
2026-01-27 17:15:00,4201.78
2026-01-27 17:30:00,4309.04
2026-01-27 17:45:00,4642.4
2026-01-27 18:00:00,5163.3
2026-01-27 18:15:00,5312.63
2026-01-27 18:30:00,5913.89
2026-01-27 18:45:00,5776.42
2026-01-27 19:00:00,6023.17
2026-01-27 19:15:00,5999.72
2026-01-27 19:30:00,6101.72
2026-01-27 19:45:00,5802.41
2026-01-27 20:00:00,5956.24
2026-01-27 20:15:00,6023.74
2026-01-27 20:30:00,5745.15
2026-01-27 20:45:00,5406.69
2026-01-27 21:00:00,4814.36
2026-01-27 21:15:00,4415.11
2026-01-27 21:30:00,4086.31
2026-01-27 21:45:00,3421.78
2026-01-27 22:00:00,2843.58
2026-01-27 22:15:00,2539.3
2026-01-27 22:30:00,2162.36
2026-01-27 22:45:00,2142.59
2026-01-27 23:00:00,2095.28
2026-01-27 23:15:00,2076.58
2026-01-27 23:30:00,2021.83
2026-01-27 23:45:00,2223.54
2026-01-28 00:00:00,3134.02
2026-01-28 00:15:00,2382.3
2026-01-28 00:30:00,2112.03
2026-01-28 00:45:00,1674.74
2026-01-28 01:00:00,1424.39
2026-01-28 01:15:00,1390.87
2026-01-28 01:30:00,1377.98
2026-01-28 01:45:00,1401.02
2026-01-28 02:00:00,1414.38
2026-01-28 02:15:00,1469.33
2026-01-28 02:30:00,1369.18
2026-01-28 02:45:00,1405.76
2026-01-28 03:00:00,1331.98
2026-01-28 03:15:00,1366.46
2026-01-28 03:30:00,1316.37
2026-01-28 03:45:00,1297.86
2026-01-28 04:00:00,1293.43
2026-01-28 04:15:00,1293.95
2026-01-28 04:30:00,1335.56
2026-01-28 04:45:00,1303.94
2026-01-28 05:00:00,1263.3
2026-01-28 05:15:00,1256.74
2026-01-28 05:30:00,1194.95
2026-01-28 05:45:00,1274.27
2026-01-28 06:00:00,1168.08
2026-01-28 06:15:00,1272.33
2026-01-28 06:30:00,1182.04
2026-01-28 06:45:00,1449.25
2026-01-28 07:00:00,1627.86
2026-01-28 07:15:00,2356.28
2026-01-28 07:30:00,2730.14
2026-01-28 07:45:00,2899.36
2026-01-28 08:00:00,2934.53
2026-01-28 08:15:00,3083.27
2026-01-28 08:30:00,2951.97
2026-01-28 08:45:00,3077.01
2026-01-28 09:00:00,3013.9
2026-01-28 09:15:00,3368.4
2026-01-28 09:30:00,2926.57
2026-01-28 09:45:00,2248.83
2026-01-28 10:00:00,1832.91
2026-01-28 10:15:00,1556.53
2026-01-28 10:30:00,1110.68
2026-01-28 10:45:00,1121.67
2026-01-28 11:00:00,1276.57
2026-01-28 11:15:00,1316.61
2026-01-28 11:30:00,1347.57
2026-01-28 11:45:00,1347.39
2026-01-28 12:00:00,1658.99
2026-01-28 12:15:00,1751.27
2026-01-28 12:30:00,1879.33
2026-01-28 12:45:00,1629.61
2026-01-28 13:00:00,1206.79
2026-01-28 13:15:00,769.92
2026-01-28 13:30:00,551.3
2026-01-28 13:45:00,602.99
2026-01-28 14:00:00,414.98
2026-01-28 14:15:00,561.11
2026-01-28 14:30:00,783.66
2026-01-28 14:45:00,1172.46
2026-01-28 15:00:00,1585.32
2026-01-28 15:15:00,1557.89
2026-01-28 15:30:00,1581.73
2026-01-28 15:45:00,1671.15
2026-01-28 16:00:00,2223.88
2026-01-28 16:15:00,2932.03
2026-01-28 16:30:00,3483.13
2026-01-28 16:45:00,3682.18
2026-01-28 17:00:00,4440.89
2026-01-28 17:15:00,4607.22
2026-01-28 17:30:00,4474.21
2026-01-28 17:45:00,5009.08
2026-01-28 18:00:00,5635.33
2026-01-28 18:15:00,5860.35
2026-01-28 18:30:00,6186.44
2026-01-28 18:45:00,5939.3
2026-01-28 19:00:00,6028.8
2026-01-28 19:15:00,5697.11
2026-01-28 19:30:00,5941.43
2026-01-28 19:45:00,5629.57
2026-01-28 20:00:00,5672.15
2026-01-28 20:15:00,5200.18
2026-01-28 20:30:00,5323.62
2026-01-28 20:45:00,5223.64
2026-01-28 21:00:00,4847.39
2026-01-28 21:15:00,4482.82
2026-01-28 21:30:00,3854.63
2026-01-28 21:45:00,3207.99
2026-01-28 22:00:00,2685.39
2026-01-28 22:15:00,2347.81
2026-01-28 22:30:00,2181.23
2026-01-28 22:45:00,1838.92
2026-01-28 23:00:00,1770.14
2026-01-28 23:15:00,1448.99
2026-01-28 23:30:00,1115.12
2026-01-28 23:45:00,799.42
2026-01-29 00:00:00,3350.2
2026-01-29 00:15:00,2483.42
2026-01-29 00:30:00,2099.41
2026-01-29 00:45:00,1693.12
2026-01-29 01:00:00,1237.34
2026-01-29 01:15:00,1257.59
2026-01-29 01:30:00,1168.63
2026-01-29 01:45:00,1171.45
2026-01-29 02:00:00,908.61
2026-01-29 02:15:00,493.14
2026-01-29 02:30:00,124.87
2026-01-29 02:45:00,88.46
2026-01-29 03:00:00,121.02
2026-01-29 03:15:00,114.82
2026-01-29 03:30:00,103.13
2026-01-29 03:45:00,142.54
2026-01-29 04:00:00,206.7
2026-01-29 04:15:00,100.3
2026-01-29 04:30:00,101.32
2026-01-29 04:45:00,122.45
2026-01-29 05:00:00,133.36
2026-01-29 05:15:00,104.45
2026-01-29 05:30:00,112.69
2026-01-29 05:45:00,136.65
2026-01-29 06:00:00,132.17
2026-01-29 06:15:00,172.94
2026-01-29 06:30:00,212.18
2026-01-29 06:45:00,768.14
2026-01-29 07:00:00,1428.47
2026-01-29 07:15:00,2499.3
2026-01-29 07:30:00,2780.45
2026-01-29 07:45:00,2907.52
2026-01-29 08:00:00,3016.52
2026-01-29 08:15:00,3042.97
2026-01-29 08:30:00,2862.22
2026-01-29 08:45:00,3109.62
2026-01-29 09:00:00,3001.75
2026-01-29 09:15:00,3029.7
2026-01-29 09:30:00,3114.82
2026-01-29 09:45:00,2841.06
2026-01-29 10:00:00,2724.82
2026-01-29 10:15:00,3003.45
2026-01-29 10:30:00,2564.86
2026-01-29 10:45:00,2655.58
2026-01-29 11:00:00,2806.73
2026-01-29 11:15:00,2797.5
2026-01-29 11:30:00,3107.49
2026-01-29 11:45:00,2796.28
2026-01-29 12:00:00,3435.91
2026-01-29 12:15:00,2679.43
2026-01-29 12:30:00,2043.65
2026-01-29 12:45:00,1851.33
2026-01-29 13:00:00,1741.23
2026-01-29 13:15:00,1552.08
2026-01-29 13:30:00,1403.67
2026-01-29 13:45:00,1393.11
2026-01-29 14:00:00,1424.32
2026-01-29 14:15:00,1398.36
2026-01-29 14:30:00,1314.72
2026-01-29 14:45:00,1403.8
2026-01-29 15:00:00,1430.58
2026-01-29 15:15:00,1433.16
2026-01-29 15:30:00,1431.87
2026-01-29 15:45:00,1588.56
2026-01-29 16:00:00,2183.53
2026-01-29 16:15:00,2950.72
2026-01-29 16:30:00,3446.57
2026-01-29 16:45:00,3956.79
2026-01-29 17:00:00,4303.1
2026-01-29 17:15:00,4791.59
2026-01-29 17:30:00,5465.54
2026-01-29 17:45:00,5829.03
2026-01-29 18:00:00,5744.26
2026-01-29 18:15:00,5640.26
2026-01-29 18:30:00,5530.71
2026-01-29 18:45:00,5570.03
2026-01-29 19:00:00,5649.78
2026-01-29 19:15:00,5594.81
2026-01-29 19:30:00,5712.52
2026-01-29 19:45:00,5679.16
2026-01-29 20:00:00,5682.8
2026-01-29 20:15:00,5898.48
2026-01-29 20:30:00,5948.93
2026-01-29 20:45:00,5405.55
2026-01-29 21:00:00,4648.48
2026-01-29 21:15:00,3939.46
2026-01-29 21:30:00,3077.63
2026-01-29 21:45:00,2506.06
2026-01-29 22:00:00,2193.9
2026-01-29 22:15:00,2167.48
2026-01-29 22:30:00,1982.42
2026-01-29 22:45:00,1907.03
2026-01-29 23:00:00,1753.12
2026-01-29 23:15:00,1382.88
2026-01-29 23:30:00,1087.13
2026-01-29 23:45:00,879.36
2026-01-30 00:00:00,3110.68
2026-01-30 00:15:00,2481.85
2026-01-30 00:30:00,2002.16
2026-01-30 00:45:00,1699.31
2026-01-30 01:00:00,1194.2
2026-01-30 01:15:00,1181.96
2026-01-30 01:30:00,1169.36
2026-01-30 01:45:00,1141.9
2026-01-30 02:00:00,850.4
2026-01-30 02:15:00,592.43
2026-01-30 02:30:00,139.54
2026-01-30 02:45:00,-102.61
2026-01-30 03:00:00,-127.29
2026-01-30 03:15:00,-144.12
2026-01-30 03:30:00,-176.49
2026-01-30 03:45:00,-172.34
2026-01-30 04:00:00,-185.72
2026-01-30 04:15:00,-131.09
2026-01-30 04:30:00,-164.61
2026-01-30 04:45:00,-145.46
2026-01-30 05:00:00,-83.99
2026-01-30 05:15:00,-97.41
2026-01-30 05:30:00,-3.59
2026-01-30 05:45:00,-130.87
2026-01-30 06:00:00,-120.24
2026-01-30 06:15:00,-108.01
2026-01-30 06:30:00,181.12
2026-01-30 06:45:00,721.56
2026-01-30 07:00:00,1465.96
2026-01-30 07:15:00,2287.92
2026-01-30 07:30:00,2566.35
2026-01-30 07:45:00,2800.98
2026-01-30 08:00:00,3179.16
2026-01-30 08:15:00,2949.37
2026-01-30 08:30:00,2386.25
2026-01-30 08:45:00,2818.58
2026-01-30 09:00:00,2915.89
2026-01-30 09:15:00,3059.13
2026-01-30 09:30:00,2978.87
2026-01-30 09:45:00,2798.87
2026-01-30 10:00:00,2748.51
2026-01-30 10:15:00,2514.37
2026-01-30 10:30:00,2594.53
2026-01-30 10:45:00,3063.89
2026-01-30 11:00:00,3063.25
2026-01-30 11:15:00,2834.13
2026-01-30 11:30:00,3030.76
2026-01-30 11:45:00,2770.52
2026-01-30 12:00:00,2971.8
2026-01-30 12:15:00,2741.6
2026-01-30 12:30:00,2646.36
2026-01-30 12:45:00,2575.31
2026-01-30 13:00:00,2245.9
2026-01-30 13:15:00,1964.12
2026-01-30 13:30:00,1670.98
2026-01-30 13:45:00,1522.96
2026-01-30 14:00:00,1537.92
2026-01-30 14:15:00,1627.4
2026-01-30 14:30:00,1501.55
2026-01-30 14:45:00,1601.49
2026-01-30 15:00:00,1634.06
2026-01-30 15:15:00,1647.54
2026-01-30 15:30:00,1622.08
2026-01-30 15:45:00,1814.65
2026-01-30 16:00:00,2444.66
2026-01-30 16:15:00,2976.42
2026-01-30 16:30:00,3522.98
2026-01-30 16:45:00,4119.8
2026-01-30 17:00:00,4624.09
2026-01-30 17:15:00,5085.75
2026-01-30 17:30:00,5435.58
2026-01-30 17:45:00,5786.79
2026-01-30 18:00:00,6163.53
2026-01-30 18:15:00,6406.71
2026-01-30 18:30:00,6259.09
2026-01-30 18:45:00,6170.94
2026-01-30 19:00:00,6258.86
2026-01-30 19:15:00,6268.73
2026-01-30 19:30:00,5867.76
2026-01-30 19:45:00,5734.43
2026-01-30 20:00:00,5639.45
2026-01-30 20:15:00,5587.23
2026-01-30 20:30:00,5631.58
2026-01-30 20:45:00,5194.18
2026-01-30 21:00:00,4876.27
2026-01-30 21:15:00,4057.98
2026-01-30 21:30:00,2922.86
2026-01-30 21:45:00,2005.18
2026-01-30 22:00:00,1863.96
2026-01-30 22:15:00,1840.24
2026-01-30 22:30:00,1833.17
2026-01-30 22:45:00,1828.41
2026-01-30 23:00:00,1778.7
2026-01-30 23:15:00,1428.4
2026-01-30 23:30:00,1110.69
2026-01-30 23:45:00,1040.16
2026-01-31 00:00:00,2955.44
2026-01-31 00:15:00,2568.72
2026-01-31 00:30:00,2198.36
2026-01-31 00:45:00,1834.68
2026-01-31 01:00:00,1298.48
2026-01-31 01:15:00,1253.69
2026-01-31 01:30:00,1264.3
2026-01-31 01:45:00,1319.39
2026-01-31 02:00:00,1325.94
2026-01-31 02:15:00,1226.37
2026-01-31 02:30:00,1143.93
2026-01-31 02:45:00,609.25
2026-01-31 03:00:00,456.88
2026-01-31 03:15:00,187.69
2026-01-31 03:30:00,-119.05
2026-01-31 03:45:00,-51.32
2026-01-31 04:00:00,-200.62
2026-01-31 04:15:00,-147.87
2026-01-31 04:30:00,-198.51
2026-01-31 04:45:00,-66.57
2026-01-31 05:00:00,-59.77
2026-01-31 05:15:00,-171.32
2026-01-31 05:30:00,-96.61
2026-01-31 05:45:00,-128.88
2026-01-31 06:00:00,-145.7
2026-01-31 06:15:00,3.91
2026-01-31 06:30:00,-174.74
2026-01-31 06:45:00,454.01
2026-01-31 07:00:00,892.25
2026-01-31 07:15:00,1954.29
2026-01-31 07:30:00,2752.99
2026-01-31 07:45:00,2674.26
2026-01-31 08:00:00,2848.2
2026-01-31 08:15:00,3012.3
2026-01-31 08:30:00,2851.15
2026-01-31 08:45:00,2569.91
2026-01-31 09:00:00,2502.86
2026-01-31 09:15:00,2494.41
2026-01-31 09:30:00,2570.65
2026-01-31 09:45:00,2331.61
2026-01-31 10:00:00,2074.12
2026-01-31 10:15:00,2215.93
2026-01-31 10:30:00,2621.47
2026-01-31 10:45:00,2433.77
2026-01-31 11:00:00,2415.03
2026-01-31 11:15:00,2362.01
2026-01-31 11:30:00,2717.46
2026-01-31 11:45:00,2620.69
2026-01-31 12:00:00,2695.65
2026-01-31 12:15:00,2433.62
2026-01-31 12:30:00,2399.32
2026-01-31 12:45:00,2413.46
2026-01-31 13:00:00,2188.23
2026-01-31 13:15:00,1794.77
2026-01-31 13:30:00,1527.46
2026-01-31 13:45:00,1383.94
2026-01-31 14:00:00,1427.59
2026-01-31 14:15:00,1707.16
2026-01-31 14:30:00,2428.7
2026-01-31 14:45:00,3286.84
2026-01-31 15:00:00,3279.45
2026-01-31 15:15:00,4175.66
2026-01-31 15:30:00,2906.03
2026-01-31 15:45:00,2190.33
2026-01-31 16:00:00,2365.89
2026-01-31 16:15:00,2887.43
2026-01-31 16:30:00,3493.9
2026-01-31 16:45:00,4226.65
2026-01-31 17:00:00,4639.07
2026-01-31 17:15:00,4857.1
2026-01-31 17:30:00,5488.7
2026-01-31 17:45:00,5972.33
2026-01-31 18:00:00,6353.14
2026-01-31 18:15:00,6209.88
2026-01-31 18:30:00,6450.54
2026-01-31 18:45:00,6490.34
2026-01-31 19:00:00,6556.69
2026-01-31 19:15:00,6013.68
2026-01-31 19:30:00,6344.49
2026-01-31 19:45:00,6208.69
2026-01-31 20:00:00,6140.33
2026-01-31 20:15:00,6018.47
2026-01-31 20:30:00,6016.31
2026-01-31 20:45:00,5769.44
2026-01-31 21:00:00,4925.32
2026-01-31 21:15:00,4631.52
2026-01-31 21:30:00,3520.85
2026-01-31 21:45:00,2604.31
2026-01-31 22:00:00,2052.39
2026-01-31 22:15:00,2069.59
2026-01-31 22:30:00,2019.79
2026-01-31 22:45:00,1981.34
2026-01-31 23:00:00,1924.78
2026-01-31 23:15:00,1768.47
2026-01-31 23:30:00,1631.15
2026-01-31 23:45:00,1920.7
2026-02-01 00:00:00,3707.71
2026-02-01 00:15:00,2681.33
2026-02-01 00:30:00,2300.7
2026-02-01 00:45:00,1943.81
2026-02-01 01:00:00,1576.85
2026-02-01 01:15:00,1464.26
2026-02-01 01:30:00,1541.35
2026-02-01 01:45:00,1423.21
2026-02-01 02:00:00,1418.77
2026-02-01 02:15:00,1332.22
2026-02-01 02:30:00,964.88
2026-02-01 02:45:00,677.31
2026-02-01 03:00:00,410.59
2026-02-01 03:15:00,-25.18
2026-02-01 03:30:00,-41.48
2026-02-01 03:45:00,7.37
2026-02-01 04:00:00,-63.64
2026-02-01 04:15:00,33.21
2026-02-01 04:30:00,29.76
2026-02-01 04:45:00,-3.03
2026-02-01 05:00:00,-58.48
2026-02-01 05:15:00,-51.28
2026-02-01 05:30:00,-24.94
2026-02-01 05:45:00,-84.82
2026-02-01 06:00:00,68.2
2026-02-01 06:15:00,74.64
2026-02-01 06:30:00,87.06
2026-02-01 06:45:00,674.72
2026-02-01 07:00:00,1286.51
2026-02-01 07:15:00,2117.47
2026-02-01 07:30:00,2733.46
2026-02-01 07:45:00,2856.72
2026-02-01 08:00:00,3011.0
2026-02-01 08:15:00,2818.7
2026-02-01 08:30:00,2513.67
2026-02-01 08:45:00,2615.94
2026-02-01 09:00:00,2610.66
2026-02-01 09:15:00,2616.28
2026-02-01 09:30:00,2694.88
2026-02-01 09:45:00,2355.68
2026-02-01 10:00:00,2209.65
2026-02-01 10:15:00,2361.09
2026-02-01 10:30:00,2400.79
2026-02-01 10:45:00,2565.3
2026-02-01 11:00:00,2579.97
2026-02-01 11:15:00,2669.78
2026-02-01 11:30:00,2728.62
2026-02-01 11:45:00,2568.53
2026-02-01 12:00:00,2733.37
2026-02-01 12:15:00,2599.14
2026-02-01 12:30:00,2857.02
2026-02-01 12:45:00,2686.27
2026-02-01 13:00:00,2163.9
2026-02-01 13:15:00,1783.18
2026-02-01 13:30:00,1517.01
2026-02-01 13:45:00,1432.76
2026-02-01 14:00:00,1573.89
2026-02-01 14:15:00,1495.43
2026-02-01 14:30:00,1584.78
2026-02-01 14:45:00,1769.93
2026-02-01 15:00:00,1754.16
2026-02-01 15:15:00,1837.72
2026-02-01 15:30:00,1706.51
2026-02-01 15:45:00,2067.39
2026-02-01 16:00:00,2384.92
2026-02-01 16:15:00,3132.72
2026-02-01 16:30:00,3676.29
2026-02-01 16:45:00,4001.62
2026-02-01 17:00:00,4671.56
2026-02-01 17:15:00,4955.05
2026-02-01 17:30:00,5111.99
2026-02-01 17:45:00,5565.81
2026-02-01 18:00:00,5586.72
2026-02-01 18:15:00,5607.75
2026-02-01 18:30:00,5972.85
2026-02-01 18:45:00,6091.51
2026-02-01 19:00:00,6129.16
2026-02-01 19:15:00,5837.16
2026-02-01 19:30:00,5704.73
2026-02-01 19:45:00,5828.34
2026-02-01 20:00:00,5592.45
2026-02-01 20:15:00,5667.6
2026-02-01 20:30:00,5633.93
2026-02-01 20:45:00,5516.76
2026-02-01 21:00:00,4822.87
2026-02-01 21:15:00,4218.58
2026-02-01 21:30:00,3140.11
2026-02-01 21:45:00,2307.99
2026-02-01 22:00:00,1813.78
2026-02-01 22:15:00,1801.1
2026-02-01 22:30:00,1786.04
2026-02-01 22:45:00,1783.95
2026-02-01 23:00:00,1747.02
2026-02-01 23:15:00,1364.24
2026-02-01 23:30:00,1154.48
2026-02-01 23:45:00,1583.75
2026-02-02 00:00:00,3416.66
2026-02-02 00:15:00,2558.77
2026-02-02 00:30:00,2292.3
2026-02-02 00:45:00,1780.35
2026-02-02 01:00:00,1466.28
2026-02-02 01:15:00,1484.95
2026-02-02 01:30:00,1371.03
2026-02-02 01:45:00,1350.48
2026-02-02 02:00:00,1350.79
2026-02-02 02:15:00,1239.92
2026-02-02 02:30:00,1145.01
2026-02-02 02:45:00,1200.21
2026-02-02 03:00:00,1169.99
2026-02-02 03:15:00,1168.42
2026-02-02 03:30:00,1124.91
2026-02-02 03:45:00,1123.31
2026-02-02 04:00:00,1121.23
2026-02-02 04:15:00,1048.82
2026-02-02 04:30:00,1166.37
2026-02-02 04:45:00,1163.57
2026-02-02 05:00:00,1047.59
2026-02-02 05:15:00,1170.55
2026-02-02 05:30:00,1142.53
2026-02-02 05:45:00,1001.85
2026-02-02 06:00:00,998.71
2026-02-02 06:15:00,1159.75
2026-02-02 06:30:00,1198.21
2026-02-02 06:45:00,1560.07
2026-02-02 07:00:00,2143.42
2026-02-02 07:15:00,3039.45
2026-02-02 07:30:00,3417.32
2026-02-02 07:45:00,3496.32
2026-02-02 08:00:00,3591.22
2026-02-02 08:15:00,3426.59
2026-02-02 08:30:00,2966.74
2026-02-02 08:45:00,2897.83
2026-02-02 09:00:00,3108.2
2026-02-02 09:15:00,2907.57
2026-02-02 09:30:00,2560.1
2026-02-02 09:45:00,1673.04
2026-02-02 10:00:00,1674.31
2026-02-02 10:15:00,1264.05
2026-02-02 10:30:00,776.23
2026-02-02 10:45:00,389.37
2026-02-02 11:00:00,58.18
2026-02-02 11:15:00,21.15
2026-02-02 11:30:00,-27.83
2026-02-02 11:45:00,-10.31
2026-02-02 12:00:00,615.67
2026-02-02 12:15:00,285.59
2026-02-02 12:30:00,16.39
2026-02-02 12:45:00,168.62
2026-02-02 13:00:00,25.49
2026-02-02 13:15:00,38.26
2026-02-02 13:30:00,190.12
2026-02-02 13:45:00,62.17
2026-02-02 14:00:00,72.69
2026-02-02 14:15:00,299.33
2026-02-02 14:30:00,277.23
2026-02-02 14:45:00,612.65
2026-02-02 15:00:00,891.07
2026-02-02 15:15:00,1144.53
2026-02-02 15:30:00,1746.93
2026-02-02 15:45:00,2019.21
2026-02-02 16:00:00,2332.61
2026-02-02 16:15:00,3045.96
2026-02-02 16:30:00,3557.08
2026-02-02 16:45:00,4376.18
2026-02-02 17:00:00,5083.54
2026-02-02 17:15:00,5144.4
2026-02-02 17:30:00,5752.49
2026-02-02 17:45:00,5966.01
2026-02-02 18:00:00,5873.87
2026-02-02 18:15:00,5977.78
2026-02-02 18:30:00,5868.45
2026-02-02 18:45:00,6042.31
2026-02-02 19:00:00,5823.96
2026-02-02 19:15:00,6101.99
2026-02-02 19:30:00,6102.25
2026-02-02 19:45:00,5914.28
2026-02-02 20:00:00,5826.18
2026-02-02 20:15:00,5788.99
2026-02-02 20:30:00,5663.35
2026-02-02 20:45:00,5034.79
2026-02-02 21:00:00,4531.98
2026-02-02 21:15:00,4436.8
2026-02-02 21:30:00,4148.98
2026-02-02 21:45:00,3493.94
2026-02-02 22:00:00,2823.61
2026-02-02 22:15:00,2624.5
2026-02-02 22:30:00,2557.04
2026-02-02 22:45:00,2462.03
2026-02-02 23:00:00,2255.06
2026-02-02 23:15:00,1759.09
2026-02-02 23:30:00,1294.64
2026-02-02 23:45:00,1118.6
2026-02-03 00:00:00,3433.66
2026-02-03 00:15:00,2562.67
2026-02-03 00:30:00,2418.67
2026-02-03 00:45:00,1731.96
2026-02-03 01:00:00,1540.95
2026-02-03 01:15:00,1550.91
2026-02-03 01:30:00,1565.65
2026-02-03 01:45:00,1592.86
2026-02-03 02:00:00,1631.52
2026-02-03 02:15:00,1622.61
2026-02-03 02:30:00,1488.25
2026-02-03 02:45:00,1227.85
2026-02-03 03:00:00,1202.84
2026-02-03 03:15:00,1227.92
2026-02-03 03:30:00,1099.76
2026-02-03 03:45:00,1155.68
2026-02-03 04:00:00,1048.32
2026-02-03 04:15:00,1131.3
2026-02-03 04:30:00,1131.48
2026-02-03 04:45:00,1054.65
2026-02-03 05:00:00,1133.72
2026-02-03 05:15:00,1084.34
2026-02-03 05:30:00,1125.3
2026-02-03 05:45:00,1105.05
2026-02-03 06:00:00,1154.54
2026-02-03 06:15:00,1062.86
2026-02-03 06:30:00,1244.99
2026-02-03 06:45:00,1652.24
2026-02-03 07:00:00,2002.98
2026-02-03 07:15:00,2498.61
2026-02-03 07:30:00,2591.25
2026-02-03 07:45:00,2539.91
2026-02-03 08:00:00,2638.07
2026-02-03 08:15:00,2747.78
2026-02-03 08:30:00,2341.58
2026-02-03 08:45:00,2233.68
2026-02-03 09:00:00,2311.99
2026-02-03 09:15:00,1861.99
2026-02-03 09:30:00,1591.93
2026-02-03 09:45:00,839.16
2026-02-03 10:00:00,338.36
2026-02-03 10:15:00,279.6
2026-02-03 10:30:00,5.73
2026-02-03 10:45:00,33.79
2026-02-03 11:00:00,-59.02
2026-02-03 11:15:00,-60.32
2026-02-03 11:30:00,0.33
2026-02-03 11:45:00,-31.62
2026-02-03 12:00:00,469.52
2026-02-03 12:15:00,299.44
2026-02-03 12:30:00,253.36
2026-02-03 12:45:00,316.16
2026-02-03 13:00:00,200.82
2026-02-03 13:15:00,286.47
2026-02-03 13:30:00,204.89
2026-02-03 13:45:00,204.86
2026-02-03 14:00:00,581.41
2026-02-03 14:15:00,893.65
2026-02-03 14:30:00,1057.35
2026-02-03 14:45:00,1362.25
2026-02-03 15:00:00,1473.4
2026-02-03 15:15:00,1800.01
2026-02-03 15:30:00,2016.34
2026-02-03 15:45:00,2046.08
2026-02-03 16:00:00,2314.36
2026-02-03 16:15:00,3133.6
2026-02-03 16:30:00,4053.33
2026-02-03 16:45:00,4806.11
2026-02-03 17:00:00,4901.21
2026-02-03 17:15:00,4861.14
2026-02-03 17:30:00,4879.41
2026-02-03 17:45:00,4777.1
2026-02-03 18:00:00,5251.85
2026-02-03 18:15:00,5541.07
2026-02-03 18:30:00,5480.17
2026-02-03 18:45:00,5542.77
2026-02-03 19:00:00,5683.1
2026-02-03 19:15:00,5457.46
2026-02-03 19:30:00,5783.95
2026-02-03 19:45:00,5545.27
2026-02-03 20:00:00,5162.78
2026-02-03 20:15:00,5297.18
2026-02-03 20:30:00,5301.11
2026-02-03 20:45:00,5035.49
2026-02-03 21:00:00,5138.49
2026-02-03 21:15:00,5214.89
2026-02-03 21:30:00,5153.52
2026-02-03 21:45:00,4944.84
2026-02-03 22:00:00,4182.77
2026-02-03 22:15:00,3660.73
2026-02-03 22:30:00,2880.55
2026-02-03 22:45:00,2788.27
2026-02-03 23:00:00,2392.05
2026-02-03 23:15:00,1792.6
2026-02-03 23:30:00,1258.74
2026-02-03 23:45:00,1389.81
2026-02-04 00:00:00,3409.13
2026-02-04 00:15:00,2597.22
2026-02-04 00:30:00,2293.1
2026-02-04 00:45:00,1854.13
2026-02-04 01:00:00,1631.53
2026-02-04 01:15:00,1671.45
2026-02-04 01:30:00,1313.6
2026-02-04 01:45:00,1077.33
2026-02-04 02:00:00,1057.66
2026-02-04 02:15:00,1110.19
2026-02-04 02:30:00,1038.57
2026-02-04 02:45:00,1026.09
2026-02-04 03:00:00,1028.3
2026-02-04 03:15:00,1022.1
2026-02-04 03:30:00,1054.85
2026-02-04 03:45:00,1097.36
2026-02-04 04:00:00,988.95
2026-02-04 04:15:00,1023.21
2026-02-04 04:30:00,990.12
2026-02-04 04:45:00,1021.54
2026-02-04 05:00:00,1001.4
2026-02-04 05:15:00,1102.08
2026-02-04 05:30:00,1039.67
2026-02-04 05:45:00,967.34
2026-02-04 06:00:00,1004.26
2026-02-04 06:15:00,961.63
2026-02-04 06:30:00,1041.47
2026-02-04 06:45:00,1074.58
2026-02-04 07:00:00,1234.69
2026-02-04 07:15:00,1553.1
2026-02-04 07:30:00,2034.62
2026-02-04 07:45:00,2472.68
2026-02-04 08:00:00,2726.5
2026-02-04 08:15:00,2689.55
2026-02-04 08:30:00,2637.83
2026-02-04 08:45:00,2723.44
2026-02-04 09:00:00,2786.13
2026-02-04 09:15:00,2680.78
2026-02-04 09:30:00,2368.66
2026-02-04 09:45:00,1809.06
2026-02-04 10:00:00,1674.36
2026-02-04 10:15:00,1506.39
2026-02-04 10:30:00,1057.6
2026-02-04 10:45:00,1041.52
2026-02-04 11:00:00,394.2
2026-02-04 11:15:00,376.7
2026-02-04 11:30:00,295.95
2026-02-04 11:45:00,606.86
2026-02-04 12:00:00,1137.21
2026-02-04 12:15:00,655.13
2026-02-04 12:30:00,675.77
2026-02-04 12:45:00,654.47
2026-02-04 13:00:00,451.43
2026-02-04 13:15:00,451.93
2026-02-04 13:30:00,359.9
2026-02-04 13:45:00,405.12
2026-02-04 14:00:00,262.34
2026-02-04 14:15:00,249.16
2026-02-04 14:30:00,387.21
2026-02-04 14:45:00,230.75
2026-02-04 15:00:00,454.76
2026-02-04 15:15:00,625.54
2026-02-04 15:30:00,1086.12
2026-02-04 15:45:00,1769.91
2026-02-04 16:00:00,2202.91
2026-02-04 16:15:00,2658.18
2026-02-04 16:30:00,3306.8
2026-02-04 16:45:00,4149.33
2026-02-04 17:00:00,4593.66
2026-02-04 17:15:00,4736.34
2026-02-04 17:30:00,4793.17
2026-02-04 17:45:00,5143.22
2026-02-04 18:00:00,4986.87
2026-02-04 18:15:00,4965.44
2026-02-04 18:30:00,4804.89
2026-02-04 18:45:00,4923.2
2026-02-04 19:00:00,4986.15
2026-02-04 19:15:00,5255.17
2026-02-04 19:30:00,5485.5
2026-02-04 19:45:00,5206.35
2026-02-04 20:00:00,5331.42
2026-02-04 20:15:00,5108.5
2026-02-04 20:30:00,5503.04
2026-02-04 20:45:00,5431.44
2026-02-04 21:00:00,5252.17
2026-02-04 21:15:00,5278.14
2026-02-04 21:30:00,5048.74
2026-02-04 21:45:00,4784.07
2026-02-04 22:00:00,3973.31
2026-02-04 22:15:00,3451.16
2026-02-04 22:30:00,2938.32
2026-02-04 22:45:00,2734.18
2026-02-04 23:00:00,2318.61
2026-02-04 23:15:00,1730.32
2026-02-04 23:30:00,1099.23
2026-02-04 23:45:00,861.97
2026-02-05 00:00:00,3097.03
2026-02-05 00:15:00,2834.04
2026-02-05 00:30:00,2381.11
2026-02-05 00:45:00,1770.39
2026-02-05 01:00:00,1706.92
2026-02-05 01:15:00,1792.47
2026-02-05 01:30:00,1390.92
2026-02-05 01:45:00,844.23
2026-02-05 02:00:00,587.38
2026-02-05 02:15:00,252.44
2026-02-05 02:30:00,196.15
2026-02-05 02:45:00,215.14
2026-02-05 03:00:00,205.19
2026-02-05 03:15:00,-99.67
2026-02-05 03:30:00,-144.4
2026-02-05 03:45:00,-120.46
2026-02-05 04:00:00,-173.61
2026-02-05 04:15:00,-207.52
2026-02-05 04:30:00,-197.46
2026-02-05 04:45:00,-161.96
2026-02-05 05:00:00,-222.69
2026-02-05 05:15:00,-147.24
2026-02-05 05:30:00,50.1
2026-02-05 05:45:00,178.16
2026-02-05 06:00:00,399.14
2026-02-05 06:15:00,888.87
2026-02-05 06:30:00,1200.68
2026-02-05 06:45:00,1617.15
2026-02-05 07:00:00,1934.76
2026-02-05 07:15:00,2238.21
2026-02-05 07:30:00,2433.79
2026-02-05 07:45:00,2982.33
2026-02-05 08:00:00,3558.45
2026-02-05 08:15:00,3485.51
2026-02-05 08:30:00,3272.72
2026-02-05 08:45:00,3561.84
2026-02-05 09:00:00,3508.84
2026-02-05 09:15:00,3409.83
2026-02-05 09:30:00,3716.72
2026-02-05 09:45:00,3453.88
2026-02-05 10:00:00,3041.91
2026-02-05 10:15:00,2559.95
2026-02-05 10:30:00,2184.65
2026-02-05 10:45:00,1982.42
2026-02-05 11:00:00,1805.18
2026-02-05 11:15:00,1575.56
2026-02-05 11:30:00,1611.13
2026-02-05 11:45:00,1603.54
2026-02-05 12:00:00,1979.16
2026-02-05 12:15:00,1533.51
2026-02-05 12:30:00,1464.44
2026-02-05 12:45:00,1435.6
2026-02-05 13:00:00,1421.39
2026-02-05 13:15:00,1417.64
2026-02-05 13:30:00,1388.53
2026-02-05 13:45:00,1467.72
2026-02-05 14:00:00,1444.72
2026-02-05 14:15:00,1444.16
2026-02-05 14:30:00,1424.62
2026-02-05 14:45:00,1490.83
2026-02-05 15:00:00,1694.15
2026-02-05 15:15:00,1890.86
2026-02-05 15:30:00,2029.78
2026-02-05 15:45:00,2413.38
2026-02-05 16:00:00,2621.18
2026-02-05 16:15:00,2627.48
2026-02-05 16:30:00,2888.89
2026-02-05 16:45:00,3695.25
2026-02-05 17:00:00,4540.05
2026-02-05 17:15:00,4728.0
2026-02-05 17:30:00,4976.37
2026-02-05 17:45:00,5332.93
2026-02-05 18:00:00,5495.63
2026-02-05 18:15:00,5510.71
2026-02-05 18:30:00,5216.44
2026-02-05 18:45:00,5115.43
2026-02-05 19:00:00,5506.91
2026-02-05 19:15:00,5546.05
2026-02-05 19:30:00,5718.75
2026-02-05 19:45:00,5862.49
2026-02-05 20:00:00,5403.97
2026-02-05 20:15:00,5421.67
2026-02-05 20:30:00,4906.74
2026-02-05 20:45:00,4640.16
2026-02-05 21:00:00,4414.38
2026-02-05 21:15:00,4360.48
2026-02-05 21:30:00,3954.06
2026-02-05 21:45:00,3446.83
2026-02-05 22:00:00,2921.13
2026-02-05 22:15:00,2900.51
2026-02-05 22:30:00,2762.61
2026-02-05 22:45:00,2582.49
2026-02-05 23:00:00,2228.53
2026-02-05 23:15:00,1747.19
2026-02-05 23:30:00,1246.14
2026-02-05 23:45:00,1110.14
2026-02-06 00:00:00,3077.35
2026-02-06 00:15:00,2647.57
2026-02-06 00:30:00,2003.47
2026-02-06 00:45:00,1410.63
2026-02-06 01:00:00,1273.96
2026-02-06 01:15:00,1272.46
2026-02-06 01:30:00,794.91
2026-02-06 01:45:00,476.9
2026-02-06 02:00:00,228.43
2026-02-06 02:15:00,170.75
2026-02-06 02:30:00,185.4
2026-02-06 02:45:00,187.53
2026-02-06 03:00:00,-139.05
2026-02-06 03:15:00,-136.05
2026-02-06 03:30:00,-143.94
2026-02-06 03:45:00,-125.06
2026-02-06 04:00:00,-174.48
2026-02-06 04:15:00,-223.55
2026-02-06 04:30:00,-213.42
2026-02-06 04:45:00,-184.95
2026-02-06 05:00:00,-130.33
2026-02-06 05:15:00,-152.6
2026-02-06 05:30:00,-132.65
2026-02-06 05:45:00,-166.14
2026-02-06 06:00:00,-113.55
2026-02-06 06:15:00,94.18
2026-02-06 06:30:00,400.68
2026-02-06 06:45:00,755.32
2026-02-06 07:00:00,1145.87
2026-02-06 07:15:00,1233.96
2026-02-06 07:30:00,1528.69
2026-02-06 07:45:00,1809.73
2026-02-06 08:00:00,2278.52
2026-02-06 08:15:00,2629.25
2026-02-06 08:30:00,2634.13
2026-02-06 08:45:00,2849.08
2026-02-06 09:00:00,2923.91
2026-02-06 09:15:00,2836.0
2026-02-06 09:30:00,2866.19
2026-02-06 09:45:00,2967.02
2026-02-06 10:00:00,3163.93
2026-02-06 10:15:00,3092.12
2026-02-06 10:30:00,3480.28
2026-02-06 10:45:00,3368.16
2026-02-06 11:00:00,3409.29
2026-02-06 11:15:00,3408.77
2026-02-06 11:30:00,3232.01
2026-02-06 11:45:00,3337.04
2026-02-06 12:00:00,3709.51
2026-02-06 12:15:00,3672.18
2026-02-06 12:30:00,3570.96
2026-02-06 12:45:00,3551.12
2026-02-06 13:00:00,3505.42
2026-02-06 13:15:00,3236.79
2026-02-06 13:30:00,2815.26
2026-02-06 13:45:00,2144.13
2026-02-06 14:00:00,1782.34
2026-02-06 14:15:00,1344.46
2026-02-06 14:30:00,1334.86
2026-02-06 14:45:00,1334.03
2026-02-06 15:00:00,1582.39
2026-02-06 15:15:00,1737.42
2026-02-06 15:30:00,2051.34
2026-02-06 15:45:00,2468.3
2026-02-06 16:00:00,2888.93
2026-02-06 16:15:00,3136.56
2026-02-06 16:30:00,3215.0
2026-02-06 16:45:00,3738.02
2026-02-06 17:00:00,4016.33
2026-02-06 17:15:00,4347.67
2026-02-06 17:30:00,4871.72
2026-02-06 17:45:00,4720.22
2026-02-06 18:00:00,4809.48
2026-02-06 18:15:00,4703.75
2026-02-06 18:30:00,4417.05
2026-02-06 18:45:00,4268.55
2026-02-06 19:00:00,4223.26
2026-02-06 19:15:00,4432.04
2026-02-06 19:30:00,4641.41
2026-02-06 19:45:00,4769.29
2026-02-06 20:00:00,4659.61
2026-02-06 20:15:00,4698.62
2026-02-06 20:30:00,4621.84
2026-02-06 20:45:00,4238.79
2026-02-06 21:00:00,3831.56
2026-02-06 21:15:00,3909.5
2026-02-06 21:30:00,3840.07
2026-02-06 21:45:00,3619.91
2026-02-06 22:00:00,3298.45
2026-02-06 22:15:00,3228.4
2026-02-06 22:30:00,3050.74
2026-02-06 22:45:00,2860.72
2026-02-06 23:00:00,2391.81
2026-02-06 23:15:00,2154.16
2026-02-06 23:30:00,1963.03
2026-02-06 23:45:00,2218.9
2026-02-07 00:00:00,3248.37
2026-02-07 00:15:00,2711.05
2026-02-07 00:30:00,2166.01
2026-02-07 00:45:00,1582.18
2026-02-07 01:00:00,1399.8
2026-02-07 01:15:00,1485.37
2026-02-07 01:30:00,1290.96
2026-02-07 01:45:00,1284.78
2026-02-07 02:00:00,1185.12
2026-02-07 02:15:00,1169.86
2026-02-07 02:30:00,1118.14
2026-02-07 02:45:00,1127.94
2026-02-07 03:00:00,776.89
2026-02-07 03:15:00,519.41
2026-02-07 03:30:00,126.93
2026-02-07 03:45:00,-175.82
2026-02-07 04:00:00,-196.97
2026-02-07 04:15:00,-129.48
2026-02-07 04:30:00,-94.96
2026-02-07 04:45:00,-91.52
2026-02-07 05:00:00,-185.09
2026-02-07 05:15:00,-85.68
2026-02-07 05:30:00,-163.65
2026-02-07 05:45:00,-152.85
2026-02-07 06:00:00,-9.01
2026-02-07 06:15:00,9.25
2026-02-07 06:30:00,-11.39
2026-02-07 06:45:00,111.99
2026-02-07 07:00:00,162.81
2026-02-07 07:15:00,282.26
2026-02-07 07:30:00,823.35
2026-02-07 07:45:00,1319.52
2026-02-07 08:00:00,1995.0
2026-02-07 08:15:00,2310.66
2026-02-07 08:30:00,2444.98
2026-02-07 08:45:00,2589.1
2026-02-07 09:00:00,2740.77
2026-02-07 09:15:00,2516.59
2026-02-07 09:30:00,2405.59
2026-02-07 09:45:00,2425.14
2026-02-07 10:00:00,2534.21
2026-02-07 10:15:00,2679.82
2026-02-07 10:30:00,2707.27
2026-02-07 10:45:00,2854.95
2026-02-07 11:00:00,3120.27
2026-02-07 11:15:00,2543.46
2026-02-07 11:30:00,2661.75
2026-02-07 11:45:00,2541.52
2026-02-07 12:00:00,2791.21
2026-02-07 12:15:00,3033.42
2026-02-07 12:30:00,2936.83
2026-02-07 12:45:00,3041.7
2026-02-07 13:00:00,3027.59
2026-02-07 13:15:00,2732.25
2026-02-07 13:30:00,2710.47
2026-02-07 13:45:00,2648.4
2026-02-07 14:00:00,2511.62
2026-02-07 14:15:00,2274.94
2026-02-07 14:30:00,2095.58
2026-02-07 14:45:00,2016.0
2026-02-07 15:00:00,2102.86
2026-02-07 15:15:00,2096.94
2026-02-07 15:30:00,2040.26
2026-02-07 15:45:00,2258.62
2026-02-07 16:00:00,2385.61
2026-02-07 16:15:00,2588.02
2026-02-07 16:30:00,2890.85
2026-02-07 16:45:00,3306.96
2026-02-07 17:00:00,4356.82
2026-02-07 17:15:00,4628.63
2026-02-07 17:30:00,4878.76
2026-02-07 17:45:00,5141.68
2026-02-07 18:00:00,5283.78
2026-02-07 18:15:00,5076.95
2026-02-07 18:30:00,5228.95
2026-02-07 18:45:00,5165.98
2026-02-07 19:00:00,5544.54
2026-02-07 19:15:00,5110.43
2026-02-07 19:30:00,5338.29
2026-02-07 19:45:00,4967.28
2026-02-07 20:00:00,5047.27
2026-02-07 20:15:00,5219.69
2026-02-07 20:30:00,5331.88
2026-02-07 20:45:00,4942.74
2026-02-07 21:00:00,4425.8
2026-02-07 21:15:00,4413.9
2026-02-07 21:30:00,3966.81
2026-02-07 21:45:00,3654.26
2026-02-07 22:00:00,3120.21
2026-02-07 22:15:00,2771.99
2026-02-07 22:30:00,2638.49
2026-02-07 22:45:00,2634.39
2026-02-07 23:00:00,2262.15
2026-02-07 23:15:00,2032.06
2026-02-07 23:30:00,1727.75
2026-02-07 23:45:00,1656.1
2026-02-08 00:00:00,2935.03
2026-02-08 00:15:00,2334.68
2026-02-08 00:30:00,2072.49
2026-02-08 00:45:00,1643.0
2026-02-08 01:00:00,1238.26
2026-02-08 01:15:00,1112.68
2026-02-08 01:30:00,1098.82
2026-02-08 01:45:00,1079.73
2026-02-08 02:00:00,1072.62
2026-02-08 02:15:00,1066.38
2026-02-08 02:30:00,1024.58
2026-02-08 02:45:00,1055.66
2026-02-08 03:00:00,1070.05
2026-02-08 03:15:00,1074.01
2026-02-08 03:30:00,1065.7
2026-02-08 03:45:00,1068.0
2026-02-08 04:00:00,1030.38
2026-02-08 04:15:00,937.62
2026-02-08 04:30:00,936.83
2026-02-08 04:45:00,940.52
2026-02-08 05:00:00,947.27
2026-02-08 05:15:00,947.97
2026-02-08 05:30:00,1023.54
2026-02-08 05:45:00,1000.58
2026-02-08 06:00:00,1024.79
2026-02-08 06:15:00,1104.36
2026-02-08 06:30:00,1160.35
2026-02-08 06:45:00,1259.9
2026-02-08 07:00:00,1290.24
2026-02-08 07:15:00,1402.65
2026-02-08 07:30:00,1320.24
2026-02-08 07:45:00,1771.39
2026-02-08 08:00:00,2015.76
2026-02-08 08:15:00,2273.76
2026-02-08 08:30:00,2349.38
2026-02-08 08:45:00,2311.16
2026-02-08 09:00:00,2893.77
2026-02-08 09:15:00,2812.58
2026-02-08 09:30:00,2802.82
2026-02-08 09:45:00,2468.73
2026-02-08 10:00:00,2297.36
2026-02-08 10:15:00,1805.43
2026-02-08 10:30:00,831.83
2026-02-08 10:45:00,235.68
2026-02-08 11:00:00,250.24
2026-02-08 11:15:00,-33.88
2026-02-08 11:30:00,-61.5
2026-02-08 11:45:00,-113.74
2026-02-08 12:00:00,38.33
2026-02-08 12:15:00,-155.21
2026-02-08 12:30:00,-130.99
2026-02-08 12:45:00,-12.03
2026-02-08 13:00:00,-112.64
2026-02-08 13:15:00,-92.11
2026-02-08 13:30:00,88.83
2026-02-08 13:45:00,33.3
2026-02-08 14:00:00,-46.67
2026-02-08 14:15:00,144.65
2026-02-08 14:30:00,220.42
2026-02-08 14:45:00,374.67
2026-02-08 15:00:00,698.97
2026-02-08 15:15:00,1513.45
2026-02-08 15:30:00,2212.14
2026-02-08 15:45:00,2872.21
2026-02-08 16:00:00,2909.82
2026-02-08 16:15:00,3073.61
2026-02-08 16:30:00,3828.78
2026-02-08 16:45:00,3911.56
2026-02-08 17:00:00,4623.93
2026-02-08 17:15:00,4851.46
2026-02-08 17:30:00,5136.96
2026-02-08 17:45:00,5600.59
2026-02-08 18:00:00,5689.94
2026-02-08 18:15:00,5968.15
2026-02-08 18:30:00,6004.46
2026-02-08 18:45:00,6117.88
2026-02-08 19:00:00,6188.18
2026-02-08 19:15:00,6103.28
2026-02-08 19:30:00,6030.31
2026-02-08 19:45:00,6239.06
2026-02-08 20:00:00,6214.61
2026-02-08 20:15:00,6247.51
2026-02-08 20:30:00,6269.71
2026-02-08 20:45:00,6245.27
2026-02-08 21:00:00,6071.7
2026-02-08 21:15:00,5930.08
2026-02-08 21:30:00,5768.69
2026-02-08 21:45:00,5854.85
2026-02-08 22:00:00,5505.26
2026-02-08 22:15:00,5071.37
2026-02-08 22:30:00,4485.91
2026-02-08 22:45:00,3713.27
2026-02-08 23:00:00,3311.02
2026-02-08 23:15:00,2865.72
2026-02-08 23:30:00,2241.14
2026-02-08 23:45:00,1904.41
2026-02-09 00:00:00,3267.39
2026-02-09 00:15:00,2408.78
2026-02-09 00:30:00,1901.38
2026-02-09 00:45:00,1494.55
2026-02-09 01:00:00,1229.8
2026-02-09 01:15:00,1190.99
2026-02-09 01:30:00,835.8
2026-02-09 01:45:00,470.45
2026-02-09 02:00:00,58.89
2026-02-09 02:15:00,-196.12
2026-02-09 02:30:00,-189.62
2026-02-09 02:45:00,-192.25
2026-02-09 03:00:00,-186.35
2026-02-09 03:15:00,-280.4
2026-02-09 03:30:00,-259.79
2026-02-09 03:45:00,-269.64
2026-02-09 04:00:00,-203.18
2026-02-09 04:15:00,-199.98
2026-02-09 04:30:00,-217.34
2026-02-09 04:45:00,-252.01
2026-02-09 05:00:00,-220.74
2026-02-09 05:15:00,-239.61
2026-02-09 05:30:00,-149.13
2026-02-09 05:45:00,-196.91
2026-02-09 06:00:00,-144.72
2026-02-09 06:15:00,92.13
2026-02-09 06:30:00,508.52
2026-02-09 06:45:00,865.98
2026-02-09 07:00:00,1231.61
2026-02-09 07:15:00,1313.87
2026-02-09 07:30:00,1393.81
2026-02-09 07:45:00,1898.08
2026-02-09 08:00:00,2826.68
2026-02-09 08:15:00,2724.61
2026-02-09 08:30:00,2669.14
2026-02-09 08:45:00,2973.61
2026-02-09 09:00:00,3094.49
2026-02-09 09:15:00,3060.74
2026-02-09 09:30:00,2744.11
2026-02-09 09:45:00,2852.55
2026-02-09 10:00:00,2987.07
2026-02-09 10:15:00,3140.57
2026-02-09 10:30:00,3532.17
2026-02-09 10:45:00,3373.19
2026-02-09 11:00:00,3601.45
2026-02-09 11:15:00,3702.23
2026-02-09 11:30:00,3683.75
2026-02-09 11:45:00,3244.97
2026-02-09 12:00:00,3824.77
2026-02-09 12:15:00,3787.86
2026-02-09 12:30:00,3810.17
2026-02-09 12:45:00,3798.02
2026-02-09 13:00:00,3882.64
2026-02-09 13:15:00,3892.05
2026-02-09 13:30:00,3998.11
2026-02-09 13:45:00,3570.17
2026-02-09 14:00:00,3522.95
2026-02-09 14:15:00,3420.3
2026-02-09 14:30:00,3106.16
2026-02-09 14:45:00,3137.26
2026-02-09 15:00:00,3422.27
2026-02-09 15:15:00,3603.35
2026-02-09 15:30:00,3838.06
2026-02-09 15:45:00,3899.41
2026-02-09 16:00:00,3339.19
2026-02-09 16:15:00,3326.25
2026-02-09 16:30:00,4151.91
2026-02-09 16:45:00,4600.09
2026-02-09 17:00:00,5265.55
2026-02-09 17:15:00,5548.52
2026-02-09 17:30:00,4977.19
2026-02-09 17:45:00,5145.99
2026-02-09 18:00:00,5077.83
2026-02-09 18:15:00,5081.48
2026-02-09 18:30:00,5366.08
2026-02-09 18:45:00,5302.75
2026-02-09 19:00:00,5519.29
2026-02-09 19:15:00,5820.4
2026-02-09 19:30:00,5703.61
2026-02-09 19:45:00,5480.49
2026-02-09 20:00:00,5599.31
2026-02-09 20:15:00,5439.65
2026-02-09 20:30:00,5752.91
2026-02-09 20:45:00,5640.36
2026-02-09 21:00:00,5347.61
2026-02-09 21:15:00,5557.12
2026-02-09 21:30:00,5067.58
2026-02-09 21:45:00,5073.91
2026-02-09 22:00:00,5112.56
2026-02-09 22:15:00,4551.01
2026-02-09 22:30:00,3791.93
2026-02-09 22:45:00,2898.81
2026-02-09 23:00:00,2545.16
2026-02-09 23:15:00,2224.22
2026-02-09 23:30:00,2056.96
2026-02-09 23:45:00,1855.55
2026-02-10 00:00:00,3102.82
2026-02-10 00:15:00,2671.85
2026-02-10 00:30:00,2364.94
2026-02-10 00:45:00,1752.59
2026-02-10 01:00:00,1220.46
2026-02-10 01:15:00,874.71
2026-02-10 01:30:00,601.48
2026-02-10 01:45:00,225.08
2026-02-10 02:00:00,-43.96
2026-02-10 02:15:00,-119.74
2026-02-10 02:30:00,-213.26
2026-02-10 02:45:00,-150.47
2026-02-10 03:00:00,-106.9
2026-02-10 03:15:00,-165.3
2026-02-10 03:30:00,-215.84
2026-02-10 03:45:00,-107.83
2026-02-10 04:00:00,-86.68
2026-02-10 04:15:00,-124.81
2026-02-10 04:30:00,-185.35
2026-02-10 04:45:00,-164.54
2026-02-10 05:00:00,-118.17
2026-02-10 05:15:00,-73.0
2026-02-10 05:30:00,-124.81
2026-02-10 05:45:00,188.69
2026-02-10 06:00:00,364.93
2026-02-10 06:15:00,947.8
2026-02-10 06:30:00,1290.44
2026-02-10 06:45:00,1604.8
2026-02-10 07:00:00,2060.93
2026-02-10 07:15:00,2239.38
2026-02-10 07:30:00,2348.19
2026-02-10 07:45:00,2662.22
2026-02-10 08:00:00,3045.16
2026-02-10 08:15:00,3231.06
2026-02-10 08:30:00,3383.92
2026-02-10 08:45:00,3501.07
2026-02-10 09:00:00,3747.61
2026-02-10 09:15:00,3845.99
2026-02-10 09:30:00,3347.09
2026-02-10 09:45:00,3434.61
2026-02-10 10:00:00,3985.2
2026-02-10 10:15:00,4501.5
2026-02-10 10:30:00,4177.32
2026-02-10 10:45:00,4336.01
2026-02-10 11:00:00,4290.55
2026-02-10 11:15:00,4456.29
2026-02-10 11:30:00,4529.73
2026-02-10 11:45:00,4575.52
2026-02-10 12:00:00,4443.31
2026-02-10 12:15:00,4441.31
2026-02-10 12:30:00,4371.48
2026-02-10 12:45:00,4082.1
2026-02-10 13:00:00,3719.85
2026-02-10 13:15:00,3769.12
2026-02-10 13:30:00,3982.11
2026-02-10 13:45:00,4023.87
2026-02-10 14:00:00,4094.64
2026-02-10 14:15:00,3958.47
2026-02-10 14:30:00,3844.31
2026-02-10 14:45:00,3741.14
2026-02-10 15:00:00,3596.08
2026-02-10 15:15:00,3653.87
2026-02-10 15:30:00,3603.26
2026-02-10 15:45:00,3682.52
2026-02-10 16:00:00,3806.73
2026-02-10 16:15:00,3657.46
2026-02-10 16:30:00,4172.77
2026-02-10 16:45:00,4603.36
2026-02-10 17:00:00,5085.86
2026-02-10 17:15:00,5127.42
2026-02-10 17:30:00,5388.25
2026-02-10 17:45:00,5587.45
2026-02-10 18:00:00,5640.26
2026-02-10 18:15:00,6353.38
2026-02-10 18:30:00,6945.08
2026-02-10 18:45:00,7031.72
2026-02-10 19:00:00,6972.18
2026-02-10 19:15:00,6990.18
2026-02-10 19:30:00,6704.94
2026-02-10 19:45:00,6577.9
2026-02-10 20:00:00,6549.9
2026-02-10 20:15:00,6876.84
2026-02-10 20:30:00,6656.84
2026-02-10 20:45:00,6406.14
2026-02-10 21:00:00,6339.95
2026-02-10 21:15:00,6201.46
2026-02-10 21:30:00,5987.57
2026-02-10 21:45:00,5717.11
2026-02-10 22:00:00,5673.45
2026-02-10 22:15:00,5562.72
2026-02-10 22:30:00,4547.29
2026-02-10 22:45:00,3606.99
2026-02-10 23:00:00,3039.3
2026-02-10 23:15:00,2345.69
2026-02-10 23:30:00,1894.83
2026-02-10 23:45:00,2079.33
2026-02-11 00:00:00,3962.91
2026-02-11 00:15:00,3305.14
2026-02-11 00:30:00,2957.76
2026-02-11 00:45:00,2446.5
2026-02-11 01:00:00,2070.04
2026-02-11 01:15:00,2042.32
2026-02-11 01:30:00,1429.57
2026-02-11 01:45:00,925.05
2026-02-11 02:00:00,388.85
2026-02-11 02:15:00,79.01
2026-02-11 02:30:00,41.02
2026-02-11 02:45:00,43.26
2026-02-11 03:00:00,80.16
2026-02-11 03:15:00,65.63
2026-02-11 03:30:00,40.89
2026-02-11 03:45:00,-25.9
2026-02-11 04:00:00,1.92
2026-02-11 04:15:00,5.26
2026-02-11 04:30:00,-8.13
2026-02-11 04:45:00,64.09
2026-02-11 05:00:00,10.0
2026-02-11 05:15:00,21.93
2026-02-11 05:30:00,-14.3
2026-02-11 05:45:00,-18.46
2026-02-11 06:00:00,83.26
2026-02-11 06:15:00,408.58
2026-02-11 06:30:00,512.51
2026-02-11 06:45:00,931.53
2026-02-11 07:00:00,1421.62
2026-02-11 07:15:00,1456.47
2026-02-11 07:30:00,1759.45
2026-02-11 07:45:00,2585.85
2026-02-11 08:00:00,3476.13
2026-02-11 08:15:00,3846.78
2026-02-11 08:30:00,3766.31
2026-02-11 08:45:00,3994.41
2026-02-11 09:00:00,3941.04
2026-02-11 09:15:00,4245.61
2026-02-11 09:30:00,4009.98
2026-02-11 09:45:00,4279.29
2026-02-11 10:00:00,4465.98
2026-02-11 10:15:00,3943.82
2026-02-11 10:30:00,3880.86
2026-02-11 10:45:00,3825.55
2026-02-11 11:00:00,3285.93
2026-02-11 11:15:00,2768.58
2026-02-11 11:30:00,2230.28
2026-02-11 11:45:00,1643.31
2026-02-11 12:00:00,1898.21
2026-02-11 12:15:00,1926.48
2026-02-11 12:30:00,1771.69
2026-02-11 12:45:00,1974.09
2026-02-11 13:00:00,2162.05
2026-02-11 13:15:00,2416.32
2026-02-11 13:30:00,2077.02
2026-02-11 13:45:00,2083.31
2026-02-11 14:00:00,1769.46
2026-02-11 14:15:00,1845.38
2026-02-11 14:30:00,1986.02
2026-02-11 14:45:00,1997.12
2026-02-11 15:00:00,1998.69
2026-02-11 15:15:00,2007.52
2026-02-11 15:30:00,2304.58
2026-02-11 15:45:00,2535.42
2026-02-11 16:00:00,2798.05
2026-02-11 16:15:00,2966.83
2026-02-11 16:30:00,4157.81
2026-02-11 16:45:00,5255.49
2026-02-11 17:00:00,5584.09
2026-02-11 17:15:00,5529.58
2026-02-11 17:30:00,5547.02
2026-02-11 17:45:00,5728.29
2026-02-11 18:00:00,5984.8
2026-02-11 18:15:00,6317.08
2026-02-11 18:30:00,6700.17
2026-02-11 18:45:00,6771.27
2026-02-11 19:00:00,7162.19
2026-02-11 19:15:00,7311.08
2026-02-11 19:30:00,7412.26
2026-02-11 19:45:00,7364.18
2026-02-11 20:00:00,7230.46
2026-02-11 20:15:00,7221.96
2026-02-11 20:30:00,7028.21
2026-02-11 20:45:00,6958.02
2026-02-11 21:00:00,6778.2
2026-02-11 21:15:00,6723.62
2026-02-11 21:30:00,6539.2
2026-02-11 21:45:00,6423.42
2026-02-11 22:00:00,6048.87
2026-02-11 22:15:00,5313.74
2026-02-11 22:30:00,4879.53
2026-02-11 22:45:00,4217.87
2026-02-11 23:00:00,3612.45
2026-02-11 23:15:00,3341.94
2026-02-11 23:30:00,2772.68
2026-02-11 23:45:00,2803.84
2026-02-12 00:00:00,4273.55
2026-02-12 00:15:00,3855.63
2026-02-12 00:30:00,3551.78
2026-02-12 00:45:00,3152.0
2026-02-12 01:00:00,2980.47
2026-02-12 01:15:00,2682.46
2026-02-12 01:30:00,2133.83
2026-02-12 01:45:00,1382.34
2026-02-12 02:00:00,472.05
2026-02-12 02:15:00,344.36
2026-02-12 02:30:00,345.39
2026-02-12 02:45:00,349.19
2026-02-12 03:00:00,273.24
2026-02-12 03:15:00,185.82
2026-02-12 03:30:00,123.29
2026-02-12 03:45:00,170.16
2026-02-12 04:00:00,158.46
2026-02-12 04:15:00,180.33
2026-02-12 04:30:00,148.85
2026-02-12 04:45:00,215.84
2026-02-12 05:00:00,161.67
2026-02-12 05:15:00,217.31
2026-02-12 05:30:00,291.72
2026-02-12 05:45:00,277.7
2026-02-12 06:00:00,168.28
2026-02-12 06:15:00,566.34
2026-02-12 06:30:00,759.04
2026-02-12 06:45:00,1058.06
2026-02-12 07:00:00,1431.58
2026-02-12 07:15:00,1690.0
2026-02-12 07:30:00,1833.24
2026-02-12 07:45:00,2126.42
2026-02-12 08:00:00,2089.8
2026-02-12 08:15:00,2261.52
2026-02-12 08:30:00,2525.86
2026-02-12 08:45:00,2633.84
2026-02-12 09:00:00,3104.91
2026-02-12 09:15:00,3389.94
2026-02-12 09:30:00,3225.26
2026-02-12 09:45:00,3149.07
2026-02-12 10:00:00,2886.37
2026-02-12 10:15:00,2954.46
2026-02-12 10:30:00,2626.51
2026-02-12 10:45:00,2845.68
2026-02-12 11:00:00,2852.57
2026-02-12 11:15:00,3374.6
2026-02-12 11:30:00,3214.85
2026-02-12 11:45:00,2421.38
2026-02-12 12:00:00,2291.77
2026-02-12 12:15:00,1813.55
2026-02-12 12:30:00,1859.77
2026-02-12 12:45:00,1658.44
2026-02-12 13:00:00,1504.85
2026-02-12 13:15:00,1491.62
2026-02-12 13:30:00,1548.54
2026-02-12 13:45:00,1633.55
2026-02-12 14:00:00,1648.72
2026-02-12 14:15:00,1454.21
2026-02-12 14:30:00,1441.42
2026-02-12 14:45:00,1660.93
2026-02-12 15:00:00,1794.53
2026-02-12 15:15:00,1691.69
2026-02-12 15:30:00,1792.4
2026-02-12 15:45:00,1814.98
2026-02-12 16:00:00,1984.29
2026-02-12 16:15:00,2901.74
2026-02-12 16:30:00,3901.28
2026-02-12 16:45:00,4429.0
2026-02-12 17:00:00,5147.86
2026-02-12 17:15:00,5072.14
2026-02-12 17:30:00,5149.05
2026-02-12 17:45:00,5478.24
2026-02-12 18:00:00,5884.41
2026-02-12 18:15:00,6419.52
2026-02-12 18:30:00,6695.27
2026-02-12 18:45:00,7092.55
2026-02-12 19:00:00,7004.96
2026-02-12 19:15:00,6799.88
2026-02-12 19:30:00,7029.2
2026-02-12 19:45:00,6686.6
2026-02-12 20:00:00,6526.74
2026-02-12 20:15:00,6779.07
2026-02-12 20:30:00,7146.03
2026-02-12 20:45:00,6756.06
2026-02-12 21:00:00,6552.27
2026-02-12 21:15:00,6758.47
2026-02-12 21:30:00,6433.0
2026-02-12 21:45:00,6536.47
2026-02-12 22:00:00,6348.33
2026-02-12 22:15:00,5909.78
2026-02-12 22:30:00,5657.08
2026-02-12 22:45:00,5028.99
2026-02-12 23:00:00,4234.29
2026-02-12 23:15:00,3752.65
2026-02-12 23:30:00,3208.5
2026-02-12 23:45:00,3342.76
2026-02-13 00:00:00,3611.45
2026-02-13 00:15:00,3221.18
2026-02-13 00:30:00,3012.9
2026-02-13 00:45:00,2823.68
2026-02-13 01:00:00,2547.0
2026-02-13 01:15:00,1846.07
2026-02-13 01:30:00,1361.67
2026-02-13 01:45:00,820.57
2026-02-13 02:00:00,195.65
2026-02-13 02:15:00,197.84
2026-02-13 02:30:00,132.21
2026-02-13 02:45:00,127.33
2026-02-13 03:00:00,-43.15
2026-02-13 03:15:00,-66.33
2026-02-13 03:30:00,-51.76
2026-02-13 03:45:00,-40.22
2026-02-13 04:00:00,-70.41
2026-02-13 04:15:00,-24.12
2026-02-13 04:30:00,-71.2
2026-02-13 04:45:00,-62.77
2026-02-13 05:00:00,-34.4
2026-02-13 05:15:00,-2.37
2026-02-13 05:30:00,0.87
2026-02-13 05:45:00,-16.89
2026-02-13 06:00:00,163.34
2026-02-13 06:15:00,502.06
2026-02-13 06:30:00,669.77
2026-02-13 06:45:00,1073.14
2026-02-13 07:00:00,1464.31
2026-02-13 07:15:00,1476.42
2026-02-13 07:30:00,1565.06
2026-02-13 07:45:00,2041.62
2026-02-13 08:00:00,2629.44
2026-02-13 08:15:00,2944.11
2026-02-13 08:30:00,2939.24
2026-02-13 08:45:00,3228.64
2026-02-13 09:00:00,3102.81
2026-02-13 09:15:00,3115.86
2026-02-13 09:30:00,2889.85
2026-02-13 09:45:00,2757.76
2026-02-13 10:00:00,3434.55
2026-02-13 10:15:00,3185.32
2026-02-13 10:30:00,3715.94
2026-02-13 10:45:00,4022.49
2026-02-13 11:00:00,4307.96
2026-02-13 11:15:00,4023.36
2026-02-13 11:30:00,3578.43
2026-02-13 11:45:00,2850.39
2026-02-13 12:00:00,2307.36
2026-02-13 12:15:00,1773.5
2026-02-13 12:30:00,1758.67
2026-02-13 12:45:00,1868.59
2026-02-13 13:00:00,1846.6
2026-02-13 13:15:00,1820.8
2026-02-13 13:30:00,2051.69
2026-02-13 13:45:00,1794.76
2026-02-13 14:00:00,1844.55
2026-02-13 14:15:00,1942.0
2026-02-13 14:30:00,1949.72
2026-02-13 14:45:00,1971.9
2026-02-13 15:00:00,1973.76
2026-02-13 15:15:00,2043.46
2026-02-13 15:30:00,2264.55
2026-02-13 15:45:00,2200.9
2026-02-13 16:00:00,2284.19
2026-02-13 16:15:00,2910.27
2026-02-13 16:30:00,3720.06
2026-02-13 16:45:00,4666.08
2026-02-13 17:00:00,5280.76
2026-02-13 17:15:00,5326.47
2026-02-13 17:30:00,5454.52
2026-02-13 17:45:00,5908.6
2026-02-13 18:00:00,6223.64
2026-02-13 18:15:00,6360.54
2026-02-13 18:30:00,6656.32
2026-02-13 18:45:00,6749.4
2026-02-13 19:00:00,6936.38
2026-02-13 19:15:00,7335.17
2026-02-13 19:30:00,7256.12
2026-02-13 19:45:00,7117.76
2026-02-13 20:00:00,6888.27
2026-02-13 20:15:00,6836.85
2026-02-13 20:30:00,6835.49
2026-02-13 20:45:00,6584.96
2026-02-13 21:00:00,6578.82
2026-02-13 21:15:00,6650.82
2026-02-13 21:30:00,7010.4
2026-02-13 21:45:00,6736.81
2026-02-13 22:00:00,6233.36
2026-02-13 22:15:00,5799.46
2026-02-13 22:30:00,5362.96
2026-02-13 22:45:00,4596.71
2026-02-13 23:00:00,4179.25
2026-02-13 23:15:00,3512.73
2026-02-13 23:30:00,3233.12
2026-02-13 23:45:00,3373.08
2026-02-14 00:00:00,3344.32
2026-02-14 00:15:00,3184.21
2026-02-14 00:30:00,2901.02
2026-02-14 00:45:00,2903.56
2026-02-14 01:00:00,2591.97
2026-02-14 01:15:00,2039.1
2026-02-14 01:30:00,1935.31
2026-02-14 01:45:00,1847.65
2026-02-14 02:00:00,1909.59
2026-02-14 02:15:00,1910.99
2026-02-14 02:30:00,1692.43
2026-02-14 02:45:00,1695.77
2026-02-14 03:00:00,1637.66
2026-02-14 03:15:00,1561.75
2026-02-14 03:30:00,1498.02
2026-02-14 03:45:00,1413.01
2026-02-14 04:00:00,1374.97
2026-02-14 04:15:00,1518.98
2026-02-14 04:30:00,1479.82
2026-02-14 04:45:00,1419.24
2026-02-14 05:00:00,1344.3
2026-02-14 05:15:00,1359.76
2026-02-14 05:30:00,1345.62
2026-02-14 05:45:00,1458.01
2026-02-14 06:00:00,1350.99
2026-02-14 06:15:00,1411.53
2026-02-14 06:30:00,1490.72
2026-02-14 06:45:00,1713.97
2026-02-14 07:00:00,1863.25
2026-02-14 07:15:00,1954.34
2026-02-14 07:30:00,2150.66
2026-02-14 07:45:00,2339.71
2026-02-14 08:00:00,2233.65
2026-02-14 08:15:00,2295.39
2026-02-14 08:30:00,2216.63
2026-02-14 08:45:00,2233.17
2026-02-14 09:00:00,2252.97
2026-02-14 09:15:00,2312.16
2026-02-14 09:30:00,2202.59
2026-02-14 09:45:00,2176.48
2026-02-14 10:00:00,1614.98
2026-02-14 10:15:00,1002.32
2026-02-14 10:30:00,652.52
2026-02-14 10:45:00,187.21
2026-02-14 11:00:00,188.51
2026-02-14 11:15:00,191.03
2026-02-14 11:30:00,204.25
2026-02-14 11:45:00,64.2
2026-02-14 12:00:00,88.19
2026-02-14 12:15:00,83.31
2026-02-14 12:30:00,88.15
2026-02-14 12:45:00,-14.28
2026-02-14 13:00:00,3.48
2026-02-14 13:15:00,-3.68
2026-02-14 13:30:00,98.16
2026-02-14 13:45:00,40.86
2026-02-14 14:00:00,90.32
2026-02-14 14:15:00,59.21
2026-02-14 14:30:00,125.89
2026-02-14 14:45:00,84.89
2026-02-14 15:00:00,451.92
2026-02-14 15:15:00,850.5
2026-02-14 15:30:00,1231.12
2026-02-14 15:45:00,1553.82
2026-02-14 16:00:00,1837.59
2026-02-14 16:15:00,2605.47
2026-02-14 16:30:00,3935.12
2026-02-14 16:45:00,4332.99
2026-02-14 17:00:00,5023.86
2026-02-14 17:15:00,5673.79
2026-02-14 17:30:00,5955.05
2026-02-14 17:45:00,5842.32
2026-02-14 18:00:00,6198.51
2026-02-14 18:15:00,6551.48
2026-02-14 18:30:00,6861.37
2026-02-14 18:45:00,7794.66
2026-02-14 19:00:00,7675.28
2026-02-14 19:15:00,7572.93
2026-02-14 19:30:00,7382.07
2026-02-14 19:45:00,7389.23
2026-02-14 20:00:00,7098.76
2026-02-14 20:15:00,7679.62
2026-02-14 20:30:00,7954.27
2026-02-14 20:45:00,7679.48
2026-02-14 21:00:00,7178.67
2026-02-14 21:15:00,6383.38
2026-02-14 21:30:00,6297.44
2026-02-14 21:45:00,6185.04
2026-02-14 22:00:00,5927.81
2026-02-14 22:15:00,5412.73
2026-02-14 22:30:00,4936.99
2026-02-14 22:45:00,4094.15
2026-02-14 23:00:00,3430.56
2026-02-14 23:15:00,3070.43
2026-02-14 23:30:00,2898.97
2026-02-14 23:45:00,2887.06
2026-02-15 00:00:00,3469.11
2026-02-15 00:15:00,3001.78
2026-02-15 00:30:00,2684.29
2026-02-15 00:45:00,2685.29
2026-02-15 01:00:00,2272.99
2026-02-15 01:15:00,1868.97
2026-02-15 01:30:00,1635.76
2026-02-15 01:45:00,1588.67
2026-02-15 02:00:00,1495.08
2026-02-15 02:15:00,1423.81
2026-02-15 02:30:00,1300.88
2026-02-15 02:45:00,1284.09
2026-02-15 03:00:00,1422.05
2026-02-15 03:15:00,1354.41
2026-02-15 03:30:00,1384.08
2026-02-15 03:45:00,1286.75
2026-02-15 04:00:00,1229.25
2026-02-15 04:15:00,1307.69
2026-02-15 04:30:00,1360.62
2026-02-15 04:45:00,1423.03
2026-02-15 05:00:00,1375.74
2026-02-15 05:15:00,1432.06
2026-02-15 05:30:00,1417.79
2026-02-15 05:45:00,1268.87
2026-02-15 06:00:00,1274.32
2026-02-15 06:15:00,1292.89
2026-02-15 06:30:00,1312.83
2026-02-15 06:45:00,1407.6
2026-02-15 07:00:00,1648.5
2026-02-15 07:15:00,1790.9
2026-02-15 07:30:00,1814.57
2026-02-15 07:45:00,2088.12
2026-02-15 08:00:00,1968.51
2026-02-15 08:15:00,2339.4
2026-02-15 08:30:00,2101.75
2026-02-15 08:45:00,2328.11
2026-02-15 09:00:00,2318.91
2026-02-15 09:15:00,2493.43
2026-02-15 09:30:00,2243.7
2026-02-15 09:45:00,1955.87
2026-02-15 10:00:00,1345.58
2026-02-15 10:15:00,656.11
2026-02-15 10:30:00,679.94
2026-02-15 10:45:00,840.05
2026-02-15 11:00:00,1051.1
2026-02-15 11:15:00,1067.25
2026-02-15 11:30:00,1046.15
2026-02-15 11:45:00,1046.15
2026-02-15 12:00:00,1542.99
2026-02-15 12:15:00,899.89
2026-02-15 12:30:00,569.69
2026-02-15 12:45:00,418.38
2026-02-15 13:00:00,44.83
2026-02-15 13:15:00,117.98
2026-02-15 13:30:00,553.39
2026-02-15 13:45:00,523.79
2026-02-15 14:00:00,206.98
2026-02-15 14:15:00,137.77
2026-02-15 14:30:00,126.93
2026-02-15 14:45:00,223.26
2026-02-15 15:00:00,237.27
2026-02-15 15:15:00,265.0
2026-02-15 15:30:00,354.72
2026-02-15 15:45:00,357.88
2026-02-15 16:00:00,881.07
2026-02-15 16:15:00,1706.11
2026-02-15 16:30:00,2715.99
2026-02-15 16:45:00,3313.8
2026-02-15 17:00:00,4118.49
2026-02-15 17:15:00,4771.13
2026-02-15 17:30:00,5291.83
2026-02-15 17:45:00,6113.77
2026-02-15 18:00:00,6579.3
2026-02-15 18:15:00,6716.55
2026-02-15 18:30:00,7247.2
2026-02-15 18:45:00,7152.53
2026-02-15 19:00:00,7655.64
2026-02-15 19:15:00,7290.44
2026-02-15 19:30:00,7438.22
2026-02-15 19:45:00,7461.56
2026-02-15 20:00:00,6807.13
2026-02-15 20:15:00,6615.04
2026-02-15 20:30:00,6597.72
2026-02-15 20:45:00,6564.3
2026-02-15 21:00:00,6232.57
2026-02-15 21:15:00,6265.3
2026-02-15 21:30:00,6505.78
2026-02-15 21:45:00,6625.35
2026-02-15 22:00:00,5959.62
2026-02-15 22:15:00,5318.95
2026-02-15 22:30:00,4476.19
2026-02-15 22:45:00,3715.59
2026-02-15 23:00:00,3190.98
2026-02-15 23:15:00,2853.37
2026-02-15 23:30:00,2587.12
2026-02-15 23:45:00,2534.22
2026-02-16 00:00:00,3085.02
2026-02-16 00:15:00,2762.76
2026-02-16 00:30:00,2618.09
2026-02-16 00:45:00,3041.06
2026-02-16 01:00:00,2111.38
2026-02-16 01:15:00,1569.9
2026-02-16 01:30:00,1453.81
2026-02-16 01:45:00,1434.39
2026-02-16 02:00:00,896.15
2026-02-16 02:15:00,353.93
2026-02-16 02:30:00,177.42
2026-02-16 02:45:00,168.55
2026-02-16 03:00:00,175.73
2026-02-16 03:15:00,171.48
2026-02-16 03:30:00,170.41
2026-02-16 03:45:00,173.41
2026-02-16 04:00:00,-167.91
2026-02-16 04:15:00,-159.68
2026-02-16 04:30:00,-106.09
2026-02-16 04:45:00,-118.51
2026-02-16 05:00:00,-150.42
2026-02-16 05:15:00,-83.54
2026-02-16 05:30:00,-85.65
2026-02-16 05:45:00,-116.65
2026-02-16 06:00:00,-133.22
2026-02-16 06:15:00,-61.96
2026-02-16 06:30:00,304.24
2026-02-16 06:45:00,283.62
2026-02-16 07:00:00,589.63
2026-02-16 07:15:00,1293.18
2026-02-16 07:30:00,1863.37
2026-02-16 07:45:00,2340.27
2026-02-16 08:00:00,2950.74
2026-02-16 08:15:00,2835.92
2026-02-16 08:30:00,2696.73
2026-02-16 08:45:00,2900.94
2026-02-16 09:00:00,2816.58
2026-02-16 09:15:00,2949.81
2026-02-16 09:30:00,3090.14
2026-02-16 09:45:00,2740.44
2026-02-16 10:00:00,2223.81
2026-02-16 10:15:00,1627.86
2026-02-16 10:30:00,1658.75
2026-02-16 10:45:00,1814.14
2026-02-16 11:00:00,1776.55
2026-02-16 11:15:00,1671.47
2026-02-16 11:30:00,1766.36
2026-02-16 11:45:00,1651.53
2026-02-16 12:00:00,1677.15
2026-02-16 12:15:00,1694.76
2026-02-16 12:30:00,1713.07
2026-02-16 12:45:00,1683.0
2026-02-16 13:00:00,1895.46
2026-02-16 13:15:00,1695.67
2026-02-16 13:30:00,1573.65
2026-02-16 13:45:00,1615.48
2026-02-16 14:00:00,1629.72
2026-02-16 14:15:00,1643.76
2026-02-16 14:30:00,1640.03
2026-02-16 14:45:00,1671.67
2026-02-16 15:00:00,1661.35
2026-02-16 15:15:00,1863.92
2026-02-16 15:30:00,1684.13
2026-02-16 15:45:00,1721.84
2026-02-16 16:00:00,1840.39
2026-02-16 16:15:00,2123.12
2026-02-16 16:30:00,3026.14
2026-02-16 16:45:00,3720.59
2026-02-16 17:00:00,3928.75
2026-02-16 17:15:00,4587.89
2026-02-16 17:30:00,5585.08
2026-02-16 17:45:00,5628.47
2026-02-16 18:00:00,6310.54
2026-02-16 18:15:00,6774.87
2026-02-16 18:30:00,6985.83
2026-02-16 18:45:00,7277.34
2026-02-16 19:00:00,7020.43
2026-02-16 19:15:00,6790.71
2026-02-16 19:30:00,7266.39
2026-02-16 19:45:00,7745.6
2026-02-16 20:00:00,7740.33
2026-02-16 20:15:00,7673.79
2026-02-16 20:30:00,7732.26
2026-02-16 20:45:00,7654.82
2026-02-16 21:00:00,7902.74
2026-02-16 21:15:00,7912.0
2026-02-16 21:30:00,7691.62
2026-02-16 21:45:00,7582.64
2026-02-16 22:00:00,7000.35
2026-02-16 22:15:00,6534.79
2026-02-16 22:30:00,5954.34
2026-02-16 22:45:00,5718.98
2026-02-16 23:00:00,5327.95
2026-02-16 23:15:00,4640.15
2026-02-16 23:30:00,3902.55
2026-02-16 23:45:00,3481.51
2026-02-17 00:00:00,4092.15
2026-02-17 00:15:00,2746.93
2026-02-17 00:30:00,2412.39
2026-02-17 00:45:00,2456.08
2026-02-17 01:00:00,2085.0
2026-02-17 01:15:00,1674.37
2026-02-17 01:30:00,1329.22
2026-02-17 01:45:00,1025.8
2026-02-17 02:00:00,540.38
2026-02-17 02:15:00,200.9
2026-02-17 02:30:00,379.53
2026-02-17 02:45:00,435.44
2026-02-17 03:00:00,228.73
2026-02-17 03:15:00,271.05
2026-02-17 03:30:00,273.27
2026-02-17 03:45:00,153.9
2026-02-17 04:00:00,127.12
2026-02-17 04:15:00,138.92
2026-02-17 04:30:00,188.52
2026-02-17 04:45:00,204.26
2026-02-17 05:00:00,208.28
2026-02-17 05:15:00,221.74
2026-02-17 05:30:00,200.77
2026-02-17 05:45:00,219.39
2026-02-17 06:00:00,218.51
2026-02-17 06:15:00,954.51
2026-02-17 06:30:00,784.5
2026-02-17 06:45:00,1027.73
2026-02-17 07:00:00,1391.98
2026-02-17 07:15:00,1582.93
2026-02-17 07:30:00,1673.76
2026-02-17 07:45:00,1968.8
2026-02-17 08:00:00,1946.56
2026-02-17 08:15:00,1938.43
2026-02-17 08:30:00,2214.33
2026-02-17 08:45:00,2285.38
2026-02-17 09:00:00,2074.49
2026-02-17 09:15:00,1971.99
2026-02-17 09:30:00,2293.14
2026-02-17 09:45:00,2490.31
2026-02-17 10:00:00,2322.32
2026-02-17 10:15:00,2000.98
2026-02-17 10:30:00,1890.45
2026-02-17 10:45:00,2161.96
2026-02-17 11:00:00,1940.38
2026-02-17 11:15:00,1749.9
2026-02-17 11:30:00,1851.03
2026-02-17 11:45:00,1741.61
2026-02-17 12:00:00,1981.3
2026-02-17 12:15:00,1756.66
2026-02-17 12:30:00,1583.85
2026-02-17 12:45:00,1649.49
2026-02-17 13:00:00,1593.33
2026-02-17 13:15:00,1486.61
2026-02-17 13:30:00,1529.43
2026-02-17 13:45:00,1703.09
2026-02-17 14:00:00,1683.37
2026-02-17 14:15:00,1743.58
2026-02-17 14:30:00,1699.31
2026-02-17 14:45:00,1709.97
2026-02-17 15:00:00,1731.06
2026-02-17 15:15:00,1714.38
2026-02-17 15:30:00,1837.3
2026-02-17 15:45:00,2007.63
2026-02-17 16:00:00,1979.05
2026-02-17 16:15:00,2227.08
2026-02-17 16:30:00,2472.47
2026-02-17 16:45:00,2668.61
2026-02-17 17:00:00,2953.58
2026-02-17 17:15:00,3210.23
2026-02-17 17:30:00,3504.56
2026-02-17 17:45:00,4255.28
2026-02-17 18:00:00,4495.26
2026-02-17 18:15:00,5272.18
2026-02-17 18:30:00,6261.32
2026-02-17 18:45:00,6756.12
2026-02-17 19:00:00,6577.8
2026-02-17 19:15:00,6550.11
2026-02-17 19:30:00,6482.67
2026-02-17 19:45:00,6193.3
2026-02-17 20:00:00,6246.81
2026-02-17 20:15:00,6042.97
2026-02-17 20:30:00,5968.65
2026-02-17 20:45:00,6340.61
2026-02-17 21:00:00,6083.35
2026-02-17 21:15:00,6380.55
2026-02-17 21:30:00,6119.52
2026-02-17 21:45:00,5916.54
2026-02-17 22:00:00,5561.4
2026-02-17 22:15:00,5238.65
2026-02-17 22:30:00,4823.09
2026-02-17 22:45:00,3765.48
2026-02-17 23:00:00,3509.27
2026-02-17 23:15:00,2977.1
2026-02-17 23:30:00,2638.09
2026-02-17 23:45:00,2635.2
2026-02-18 00:00:00,3123.28
2026-02-18 00:15:00,3233.37
2026-02-18 00:30:00,2948.59
2026-02-18 00:45:00,2414.07
2026-02-18 01:00:00,1762.55
2026-02-18 01:15:00,1622.6
2026-02-18 01:30:00,1593.04
2026-02-18 01:45:00,1687.3
2026-02-18 02:00:00,1546.06
2026-02-18 02:15:00,1508.59
2026-02-18 02:30:00,1133.99
2026-02-18 02:45:00,753.15
2026-02-18 03:00:00,416.13
2026-02-18 03:15:00,506.85
2026-02-18 03:30:00,465.01
2026-02-18 03:45:00,421.24
2026-02-18 04:00:00,409.17
2026-02-18 04:15:00,415.33
2026-02-18 04:30:00,322.73
2026-02-18 04:45:00,324.13
2026-02-18 05:00:00,376.68
2026-02-18 05:15:00,422.99
2026-02-18 05:30:00,677.42
2026-02-18 05:45:00,987.5
2026-02-18 06:00:00,1221.79
2026-02-18 06:15:00,1217.18
2026-02-18 06:30:00,1439.85
2026-02-18 06:45:00,1769.86
2026-02-18 07:00:00,2291.97
2026-02-18 07:15:00,2753.43
2026-02-18 07:30:00,2825.6
2026-02-18 07:45:00,3127.14
2026-02-18 08:00:00,3324.75
2026-02-18 08:15:00,2777.81
2026-02-18 08:30:00,2685.1
2026-02-18 08:45:00,2730.16
2026-02-18 09:00:00,2502.82
2026-02-18 09:15:00,2217.98
2026-02-18 09:30:00,1927.53
2026-02-18 09:45:00,1850.93
2026-02-18 10:00:00,1642.57
2026-02-18 10:15:00,1410.09
2026-02-18 10:30:00,1235.84
2026-02-18 10:45:00,967.03
2026-02-18 11:00:00,781.29
2026-02-18 11:15:00,554.8
2026-02-18 11:30:00,445.66
2026-02-18 11:45:00,295.46
2026-02-18 12:00:00,393.72
2026-02-18 12:15:00,384.85
2026-02-18 12:30:00,907.38
2026-02-18 12:45:00,590.07
2026-02-18 13:00:00,341.9
2026-02-18 13:15:00,775.04
2026-02-18 13:30:00,547.07
2026-02-18 13:45:00,361.24
2026-02-18 14:00:00,317.24
2026-02-18 14:15:00,364.34
2026-02-18 14:30:00,378.78
2026-02-18 14:45:00,447.45
2026-02-18 15:00:00,707.55
2026-02-18 15:15:00,1051.75
2026-02-18 15:30:00,1367.92
2026-02-18 15:45:00,1664.73
2026-02-18 16:00:00,1639.36
2026-02-18 16:15:00,1866.22
2026-02-18 16:30:00,1981.59
2026-02-18 16:45:00,2270.12
2026-02-18 17:00:00,2331.9
2026-02-18 17:15:00,2964.13
2026-02-18 17:30:00,3341.33
2026-02-18 17:45:00,3912.78
2026-02-18 18:00:00,4255.66
2026-02-18 18:15:00,4908.31
2026-02-18 18:30:00,5936.74
2026-02-18 18:45:00,6732.37
2026-02-18 19:00:00,7001.66
2026-02-18 19:15:00,7089.28
2026-02-18 19:30:00,6916.45
2026-02-18 19:45:00,6702.15
2026-02-18 20:00:00,6718.35
2026-02-18 20:15:00,6724.68
2026-02-18 20:30:00,6688.08
2026-02-18 20:45:00,6387.2
2026-02-18 21:00:00,6325.55
2026-02-18 21:15:00,6554.84
2026-02-18 21:30:00,6399.31
2026-02-18 21:45:00,6035.94
2026-02-18 22:00:00,5771.94
2026-02-18 22:15:00,5444.32
2026-02-18 22:30:00,5075.4
2026-02-18 22:45:00,4321.83
2026-02-18 23:00:00,3755.51
2026-02-18 23:15:00,3257.49
2026-02-18 23:30:00,2616.58
2026-02-18 23:45:00,3155.51
2026-02-19 00:00:00,3456.14
2026-02-19 00:15:00,3192.43
2026-02-19 00:30:00,2573.26
2026-02-19 00:45:00,2401.77
2026-02-19 01:00:00,1815.9
2026-02-19 01:15:00,1612.29
2026-02-19 01:30:00,1480.68
2026-02-19 01:45:00,1515.07
2026-02-19 02:00:00,1513.32
2026-02-19 02:15:00,1188.25
2026-02-19 02:30:00,772.92
2026-02-19 02:45:00,464.91
2026-02-19 03:00:00,466.83
2026-02-19 03:15:00,496.63
2026-02-19 03:30:00,513.8
2026-02-19 03:45:00,521.77
2026-02-19 04:00:00,457.01
2026-02-19 04:15:00,457.69
2026-02-19 04:30:00,489.29
2026-02-19 04:45:00,423.8
2026-02-19 05:00:00,347.78
2026-02-19 05:15:00,355.98
2026-02-19 05:30:00,394.45
2026-02-19 05:45:00,364.61
2026-02-19 06:00:00,378.83
2026-02-19 06:15:00,407.12
2026-02-19 06:30:00,713.92
2026-02-19 06:45:00,1060.32
2026-02-19 07:00:00,1469.23
2026-02-19 07:15:00,1829.2
2026-02-19 07:30:00,2310.05
2026-02-19 07:45:00,3048.7
2026-02-19 08:00:00,3342.21
2026-02-19 08:15:00,3621.35
2026-02-19 08:30:00,3182.32
2026-02-19 08:45:00,3273.51
2026-02-19 09:00:00,3041.37
2026-02-19 09:15:00,2838.46
2026-02-19 09:30:00,2881.23
2026-02-19 09:45:00,2743.81
2026-02-19 10:00:00,2734.99
2026-02-19 10:15:00,2262.8
2026-02-19 10:30:00,2266.86
2026-02-19 10:45:00,2116.27
2026-02-19 11:00:00,1755.66
2026-02-19 11:15:00,1778.35
2026-02-19 11:30:00,1729.37
2026-02-19 11:45:00,1393.21
2026-02-19 12:00:00,1088.47
2026-02-19 12:15:00,771.03
2026-02-19 12:30:00,271.23
2026-02-19 12:45:00,82.49
2026-02-19 13:00:00,65.08
2026-02-19 13:15:00,254.36
2026-02-19 13:30:00,134.97
2026-02-19 13:45:00,142.27
2026-02-19 14:00:00,90.92
2026-02-19 14:15:00,156.6
2026-02-19 14:30:00,155.07
2026-02-19 14:45:00,189.62
2026-02-19 15:00:00,297.85
2026-02-19 15:15:00,443.07
2026-02-19 15:30:00,626.3
2026-02-19 15:45:00,953.45
2026-02-19 16:00:00,1432.72
2026-02-19 16:15:00,1923.64
2026-02-19 16:30:00,3073.48
2026-02-19 16:45:00,2742.37
2026-02-19 17:00:00,2684.98
2026-02-19 17:15:00,3108.54
2026-02-19 17:30:00,3504.87
2026-02-19 17:45:00,3793.16
2026-02-19 18:00:00,4197.36
2026-02-19 18:15:00,4612.04
2026-02-19 18:30:00,5573.95
2026-02-19 18:45:00,6335.39
2026-02-19 19:00:00,6300.35
2026-02-19 19:15:00,6275.61
2026-02-19 19:30:00,6725.93
2026-02-19 19:45:00,6748.84
2026-02-19 20:00:00,6522.2
2026-02-19 20:15:00,6551.47
2026-02-19 20:30:00,6827.81
2026-02-19 20:45:00,6710.41
2026-02-19 21:00:00,6414.44
2026-02-19 21:15:00,6337.34
2026-02-19 21:30:00,6288.48
2026-02-19 21:45:00,6062.89
2026-02-19 22:00:00,5597.2
2026-02-19 22:15:00,5719.68
2026-02-19 22:30:00,5648.75
2026-02-19 22:45:00,4920.88
2026-02-19 23:00:00,4485.4
2026-02-19 23:15:00,3770.09
2026-02-19 23:30:00,2835.82
2026-02-19 23:45:00,2953.37
2026-02-20 00:00:00,4442.68
2026-02-20 00:15:00,4456.92
2026-02-20 00:30:00,4264.62
2026-02-20 00:45:00,2970.7
2026-02-20 01:00:00,1954.05
2026-02-20 01:15:00,1657.04
2026-02-20 01:30:00,1608.34
2026-02-20 01:45:00,1597.72
2026-02-20 02:00:00,1534.09
2026-02-20 02:15:00,1676.77
2026-02-20 02:30:00,1701.03
2026-02-20 02:45:00,1633.71
2026-02-20 03:00:00,1408.77
2026-02-20 03:15:00,1398.97
2026-02-20 03:30:00,1375.37
2026-02-20 03:45:00,1362.42
2026-02-20 04:00:00,1314.91
2026-02-20 04:15:00,1263.04
2026-02-20 04:30:00,1218.29
2026-02-20 04:45:00,1213.44
2026-02-20 05:00:00,1305.75
2026-02-20 05:15:00,1238.27
2026-02-20 05:30:00,1261.8
2026-02-20 05:45:00,1228.25
2026-02-20 06:00:00,1263.13
2026-02-20 06:15:00,1340.6
2026-02-20 06:30:00,1292.98
2026-02-20 06:45:00,1389.67
2026-02-20 07:00:00,1598.72
2026-02-20 07:15:00,2008.64
2026-02-20 07:30:00,2580.12
2026-02-20 07:45:00,2781.36
2026-02-20 08:00:00,2693.87
2026-02-20 08:15:00,2901.51
2026-02-20 08:30:00,3069.19
2026-02-20 08:45:00,2970.58
2026-02-20 09:00:00,2702.38
2026-02-20 09:15:00,2946.76
2026-02-20 09:30:00,2899.61
2026-02-20 09:45:00,2343.84
2026-02-20 10:00:00,1781.05
2026-02-20 10:15:00,1804.22
2026-02-20 10:30:00,1720.6
2026-02-20 10:45:00,1398.34
2026-02-20 11:00:00,1038.96
2026-02-20 11:15:00,1074.98
2026-02-20 11:30:00,1062.55
2026-02-20 11:45:00,690.89
2026-02-20 12:00:00,408.39
2026-02-20 12:15:00,282.07
2026-02-20 12:30:00,91.84
2026-02-20 12:45:00,83.92
2026-02-20 13:00:00,311.44
2026-02-20 13:15:00,428.23
2026-02-20 13:30:00,423.43
2026-02-20 13:45:00,289.83
2026-02-20 14:00:00,276.84
2026-02-20 14:15:00,341.44
2026-02-20 14:30:00,425.66
2026-02-20 14:45:00,501.44
2026-02-20 15:00:00,605.61
2026-02-20 15:15:00,913.39
2026-02-20 15:30:00,614.09
2026-02-20 15:45:00,943.73
2026-02-20 16:00:00,1428.21
2026-02-20 16:15:00,1832.62
2026-02-20 16:30:00,2942.51
2026-02-20 16:45:00,3358.71
2026-02-20 17:00:00,3376.98
2026-02-20 17:15:00,3115.83
2026-02-20 17:30:00,3007.28
2026-02-20 17:45:00,3976.87
2026-02-20 18:00:00,4830.38
2026-02-20 18:15:00,5177.02
2026-02-20 18:30:00,5936.26
2026-02-20 18:45:00,6593.27
2026-02-20 19:00:00,6534.21
2026-02-20 19:15:00,6400.63
2026-02-20 19:30:00,6040.27
2026-02-20 19:45:00,5940.24
2026-02-20 20:00:00,6442.92
2026-02-20 20:15:00,6520.82
2026-02-20 20:30:00,6253.48
2026-02-20 20:45:00,5966.92
2026-02-20 21:00:00,5865.38
2026-02-20 21:15:00,5748.22
2026-02-20 21:30:00,5713.55
2026-02-20 21:45:00,5743.54
2026-02-20 22:00:00,5947.87
2026-02-20 22:15:00,5423.54
2026-02-20 22:30:00,4897.13
2026-02-20 22:45:00,4467.75
2026-02-20 23:00:00,4172.37
2026-02-20 23:15:00,3422.23
2026-02-20 23:30:00,2928.14
2026-02-20 23:45:00,2730.19
2026-02-21 00:00:00,3283.39
2026-02-21 00:15:00,3080.83
2026-02-21 00:30:00,2992.03
2026-02-21 00:45:00,2925.21
2026-02-21 01:00:00,2462.59
2026-02-21 01:15:00,2011.09
2026-02-21 01:30:00,2012.11
2026-02-21 01:45:00,1884.6
2026-02-21 02:00:00,1804.54
2026-02-21 02:15:00,1629.76
2026-02-21 02:30:00,1695.51
2026-02-21 02:45:00,1715.83
2026-02-21 03:00:00,1617.83
2026-02-21 03:15:00,1533.64
2026-02-21 03:30:00,1520.69
2026-02-21 03:45:00,1512.78
2026-02-21 04:00:00,1549.93
2026-02-21 04:15:00,1501.42
2026-02-21 04:30:00,1475.52
2026-02-21 04:45:00,1460.1
2026-02-21 05:00:00,1400.57
2026-02-21 05:15:00,1399.63
2026-02-21 05:30:00,1394.01
2026-02-21 05:45:00,1402.62
2026-02-21 06:00:00,1394.79
2026-02-21 06:15:00,1383.52
2026-02-21 06:30:00,1388.86
2026-02-21 06:45:00,1465.02
2026-02-21 07:00:00,1528.75
2026-02-21 07:15:00,1681.93
2026-02-21 07:30:00,1665.95
2026-02-21 07:45:00,2142.59
2026-02-21 08:00:00,2129.12
2026-02-21 08:15:00,1918.7
2026-02-21 08:30:00,1899.14
2026-02-21 08:45:00,2080.62
2026-02-21 09:00:00,2042.45
2026-02-21 09:15:00,2102.56
2026-02-21 09:30:00,2214.68
2026-02-21 09:45:00,1965.75
2026-02-21 10:00:00,1995.19
2026-02-21 10:15:00,1961.56
2026-02-21 10:30:00,1894.38
2026-02-21 10:45:00,1844.4
2026-02-21 11:00:00,1854.28
2026-02-21 11:15:00,1860.54
2026-02-21 11:30:00,1367.72
2026-02-21 11:45:00,802.16
2026-02-21 12:00:00,959.98
2026-02-21 12:15:00,539.85
2026-02-21 12:30:00,202.13
2026-02-21 12:45:00,54.55
2026-02-21 13:00:00,-40.12
2026-02-21 13:15:00,-38.13
2026-02-21 13:30:00,-41.92
2026-02-21 13:45:00,7.01
2026-02-21 14:00:00,-48.77
2026-02-21 14:15:00,59.56
2026-02-21 14:30:00,94.15
2026-02-21 14:45:00,205.72
2026-02-21 15:00:00,250.89
2026-02-21 15:15:00,432.66
2026-02-21 15:30:00,438.88
2026-02-21 15:45:00,434.81
2026-02-21 16:00:00,669.59
2026-02-21 16:15:00,1240.65
2026-02-21 16:30:00,1768.07
2026-02-21 16:45:00,1949.99
2026-02-21 17:00:00,2409.29
2026-02-21 17:15:00,2730.64
2026-02-21 17:30:00,3062.24
2026-02-21 17:45:00,3711.86
2026-02-21 18:00:00,4317.21
2026-02-21 18:15:00,5490.16
2026-02-21 18:30:00,6837.72
2026-02-21 18:45:00,7174.36
2026-02-21 19:00:00,6741.33
2026-02-21 19:15:00,6963.08
2026-02-21 19:30:00,6788.06
2026-02-21 19:45:00,7162.58
2026-02-21 20:00:00,6757.8
2026-02-21 20:15:00,6470.72
2026-02-21 20:30:00,6503.24
2026-02-21 20:45:00,6404.19
2026-02-21 21:00:00,6381.06
2026-02-21 21:15:00,6205.83
2026-02-21 21:30:00,6449.47
2026-02-21 21:45:00,6384.52
2026-02-21 22:00:00,6335.19
2026-02-21 22:15:00,5814.37
2026-02-21 22:30:00,5675.82
2026-02-21 22:45:00,4728.05
2026-02-21 23:00:00,4177.5
2026-02-21 23:15:00,3491.27
2026-02-21 23:30:00,3108.98
2026-02-21 23:45:00,3018.54
2026-02-22 00:00:00,4503.26
2026-02-22 00:15:00,4250.32
2026-02-22 00:30:00,3196.31
2026-02-22 00:45:00,2841.27
2026-02-22 01:00:00,2099.88
2026-02-22 01:15:00,1878.09
2026-02-22 01:30:00,1862.98
2026-02-22 01:45:00,1902.36
2026-02-22 02:00:00,1745.92
2026-02-22 02:15:00,1701.77
2026-02-22 02:30:00,1790.92
2026-02-22 02:45:00,1646.81
2026-02-22 03:00:00,1689.23
2026-02-22 03:15:00,1723.01
2026-02-22 03:30:00,1586.64
2026-02-22 03:45:00,1578.5
2026-02-22 04:00:00,1589.64
2026-02-22 04:15:00,1567.52
2026-02-22 04:30:00,1585.75
2026-02-22 04:45:00,1539.14
2026-02-22 05:00:00,1561.21
2026-02-22 05:15:00,1452.35
2026-02-22 05:30:00,1548.74
2026-02-22 05:45:00,1560.7
2026-02-22 06:00:00,1407.39
2026-02-22 06:15:00,1512.25
2026-02-22 06:30:00,1585.71
2026-02-22 06:45:00,2041.15
2026-02-22 07:00:00,2383.71
2026-02-22 07:15:00,2491.85
2026-02-22 07:30:00,2640.72
2026-02-22 07:45:00,2756.87
2026-02-22 08:00:00,2801.15
2026-02-22 08:15:00,2339.68
2026-02-22 08:30:00,2352.43
2026-02-22 08:45:00,2650.48
2026-02-22 09:00:00,2757.9
2026-02-22 09:15:00,2575.44
2026-02-22 09:30:00,2263.06
2026-02-22 09:45:00,1922.33
2026-02-22 10:00:00,1791.78
2026-02-22 10:15:00,1664.82
2026-02-22 10:30:00,1449.41
2026-02-22 10:45:00,1415.32
2026-02-22 11:00:00,1049.33
2026-02-22 11:15:00,726.76
2026-02-22 11:30:00,381.67
2026-02-22 11:45:00,79.94
2026-02-22 12:00:00,65.35
2026-02-22 12:15:00,58.74
2026-02-22 12:30:00,72.39
2026-02-22 12:45:00,45.87
2026-02-22 13:00:00,77.61
2026-02-22 13:15:00,134.32
2026-02-22 13:30:00,171.86
2026-02-22 13:45:00,172.51
2026-02-22 14:00:00,172.76
2026-02-22 14:15:00,189.49
2026-02-22 14:30:00,86.81
2026-02-22 14:45:00,243.7
2026-02-22 15:00:00,165.09
2026-02-22 15:15:00,179.29
2026-02-22 15:30:00,277.7
2026-02-22 15:45:00,442.83
2026-02-22 16:00:00,1089.39
2026-02-22 16:15:00,1281.35
2026-02-22 16:30:00,1939.46
2026-02-22 16:45:00,3006.99
2026-02-22 17:00:00,2400.88
2026-02-22 17:15:00,2587.92
2026-02-22 17:30:00,1946.38
2026-02-22 17:45:00,2579.54
2026-02-22 18:00:00,3782.58
2026-02-22 18:15:00,4621.94
2026-02-22 18:30:00,5783.97
2026-02-22 18:45:00,5880.18
2026-02-22 19:00:00,6091.85
2026-02-22 19:15:00,5991.16
2026-02-22 19:30:00,6282.76
2026-02-22 19:45:00,6607.89
2026-02-22 20:00:00,6234.72
2026-02-22 20:15:00,6178.15
2026-02-22 20:30:00,6433.12
2026-02-22 20:45:00,6358.69
2026-02-22 21:00:00,6276.99
2026-02-22 21:15:00,6868.44
2026-02-22 21:30:00,7025.56
2026-02-22 21:45:00,6981.46
2026-02-22 22:00:00,6460.56
2026-02-22 22:15:00,5446.79
2026-02-22 22:30:00,4646.79
2026-02-22 22:45:00,4646.89
2026-02-22 23:00:00,4188.92
2026-02-22 23:15:00,4039.09
2026-02-22 23:30:00,3569.94
2026-02-22 23:45:00,3460.73
2026-02-23 00:00:00,4538.73
2026-02-23 00:15:00,4069.4
2026-02-23 00:30:00,3549.01
2026-02-23 00:45:00,3346.56
2026-02-23 01:00:00,2696.0
2026-02-23 01:15:00,2245.44
2026-02-23 01:30:00,2096.92
2026-02-23 01:45:00,1774.02
2026-02-23 02:00:00,1620.59
2026-02-23 02:15:00,1565.99
2026-02-23 02:30:00,1561.97
2026-02-23 02:45:00,1508.21
2026-02-23 03:00:00,1626.68
2026-02-23 03:15:00,1486.56
2026-02-23 03:30:00,1486.18
2026-02-23 03:45:00,1485.78
2026-02-23 04:00:00,1434.03
2026-02-23 04:15:00,1438.13
2026-02-23 04:30:00,1356.27
2026-02-23 04:45:00,1272.33
2026-02-23 05:00:00,1259.21
2026-02-23 05:15:00,1308.8
2026-02-23 05:30:00,1265.65
2026-02-23 05:45:00,1234.78
2026-02-23 06:00:00,1101.43
2026-02-23 06:15:00,1102.58
2026-02-23 06:30:00,1116.57
2026-02-23 06:45:00,1505.86
2026-02-23 07:00:00,1616.27
2026-02-23 07:15:00,1640.82
2026-02-23 07:30:00,1738.56
2026-02-23 07:45:00,2319.43
2026-02-23 08:00:00,2643.41
2026-02-23 08:15:00,2391.1
2026-02-23 08:30:00,2371.47
2026-02-23 08:45:00,2511.81
2026-02-23 09:00:00,2855.4
2026-02-23 09:15:00,1889.91
2026-02-23 09:30:00,1871.13
2026-02-23 09:45:00,2025.21
2026-02-23 10:00:00,2105.63
2026-02-23 10:15:00,2045.02
2026-02-23 10:30:00,2110.05
2026-02-23 10:45:00,2070.9
2026-02-23 11:00:00,1983.21
2026-02-23 11:15:00,2321.02
2026-02-23 11:30:00,1696.52
2026-02-23 11:45:00,1203.31
2026-02-23 12:00:00,882.28
2026-02-23 12:15:00,751.47
2026-02-23 12:30:00,586.76
2026-02-23 12:45:00,748.68
2026-02-23 13:00:00,776.82
2026-02-23 13:15:00,981.32
2026-02-23 13:30:00,924.65
2026-02-23 13:45:00,857.62
2026-02-23 14:00:00,884.04
2026-02-23 14:15:00,914.82
2026-02-23 14:30:00,871.66
2026-02-23 14:45:00,892.38
2026-02-23 15:00:00,1404.54
2026-02-23 15:15:00,1505.25
2026-02-23 15:30:00,1839.39
2026-02-23 15:45:00,2076.75
2026-02-23 16:00:00,2514.69
2026-02-23 16:15:00,2904.07
2026-02-23 16:30:00,3238.57
2026-02-23 16:45:00,2817.99
2026-02-23 17:00:00,2740.87
2026-02-23 17:15:00,2689.39
2026-02-23 17:30:00,2785.68
2026-02-23 17:45:00,3389.56
2026-02-23 18:00:00,4226.67
2026-02-23 18:15:00,4635.85
2026-02-23 18:30:00,5536.18
2026-02-23 18:45:00,5609.69
2026-02-23 19:00:00,5819.87
2026-02-23 19:15:00,5915.47
2026-02-23 19:30:00,6038.83
2026-02-23 19:45:00,6328.08
2026-02-23 20:00:00,6708.02
2026-02-23 20:15:00,7228.44
2026-02-23 20:30:00,7208.73
2026-02-23 20:45:00,7175.34
2026-02-23 21:00:00,7351.85
2026-02-23 21:15:00,6904.34
2026-02-23 21:30:00,6710.76
2026-02-23 21:45:00,6429.81
2026-02-23 22:00:00,6327.13
2026-02-23 22:15:00,6270.13
2026-02-23 22:30:00,5992.61
2026-02-23 22:45:00,5259.65
2026-02-23 23:00:00,4452.65
2026-02-23 23:15:00,3359.35
2026-02-23 23:30:00,2899.74
2026-02-23 23:45:00,3567.79
2026-02-24 00:00:00,3298.06
2026-02-24 00:15:00,3179.37
2026-02-24 00:30:00,2457.77
2026-02-24 00:45:00,2452.81
2026-02-24 01:00:00,2367.2
2026-02-24 01:15:00,2373.14
2026-02-24 01:30:00,2380.84
2026-02-24 01:45:00,1972.38
2026-02-24 02:00:00,1849.38
2026-02-24 02:15:00,1554.15
2026-02-24 02:30:00,1168.38
2026-02-24 02:45:00,1075.96
2026-02-24 03:00:00,905.59
2026-02-24 03:15:00,883.68
2026-02-24 03:30:00,753.25
2026-02-24 03:45:00,841.81
2026-02-24 04:00:00,655.91
2026-02-24 04:15:00,670.43
2026-02-24 04:30:00,668.75
2026-02-24 04:45:00,627.31
2026-02-24 05:00:00,586.91
2026-02-24 05:15:00,581.24
2026-02-24 05:30:00,528.06
2026-02-24 05:45:00,569.21
2026-02-24 06:00:00,541.77
2026-02-24 06:15:00,558.4
2026-02-24 06:30:00,565.01
2026-02-24 06:45:00,721.97
2026-02-24 07:00:00,1219.42
2026-02-24 07:15:00,1845.07
2026-02-24 07:30:00,2140.77
2026-02-24 07:45:00,2466.73
2026-02-24 08:00:00,2726.0
2026-02-24 08:15:00,2716.42
2026-02-24 08:30:00,2746.79
2026-02-24 08:45:00,2601.77
2026-02-24 09:00:00,2352.65
2026-02-24 09:15:00,2684.96
2026-02-24 09:30:00,2984.3
2026-02-24 09:45:00,3507.8
2026-02-24 10:00:00,3721.18
2026-02-24 10:15:00,3555.15
2026-02-24 10:30:00,3420.41
2026-02-24 10:45:00,3450.72
2026-02-24 11:00:00,3072.79
2026-02-24 11:15:00,2859.32
2026-02-24 11:30:00,2706.24
2026-02-24 11:45:00,2641.23
2026-02-24 12:00:00,3241.06
2026-02-24 12:15:00,3089.37
2026-02-24 12:30:00,2372.13
2026-02-24 12:45:00,2306.46
2026-02-24 13:00:00,2358.34
2026-02-24 13:15:00,2578.47
2026-02-24 13:30:00,2604.06
2026-02-24 13:45:00,2439.78
2026-02-24 14:00:00,2360.84
2026-02-24 14:15:00,2202.95
2026-02-24 14:30:00,2629.64
2026-02-24 14:45:00,2776.37
2026-02-24 15:00:00,3232.73
2026-02-24 15:15:00,3341.64
2026-02-24 15:30:00,3681.22
2026-02-24 15:45:00,3338.6
2026-02-24 16:00:00,3392.27
2026-02-24 16:15:00,3597.84
2026-02-24 16:30:00,4047.17
2026-02-24 16:45:00,4235.35
2026-02-24 17:00:00,4217.98
2026-02-24 17:15:00,5125.67
2026-02-24 17:30:00,4988.93
2026-02-24 17:45:00,5429.74
2026-02-24 18:00:00,5842.25
2026-02-24 18:15:00,6332.93
2026-02-24 18:30:00,6855.12
2026-02-24 18:45:00,7678.24
2026-02-24 19:00:00,8117.21
2026-02-24 19:15:00,8085.32
2026-02-24 19:30:00,8444.96
2026-02-24 19:45:00,7890.68
2026-02-24 20:00:00,7615.87
2026-02-24 20:15:00,7564.9
2026-02-24 20:30:00,7706.97
2026-02-24 20:45:00,7556.93
2026-02-24 21:00:00,7914.23
2026-02-24 21:15:00,7630.54
2026-02-24 21:30:00,7546.22
2026-02-24 21:45:00,7171.6
2026-02-24 22:00:00,6630.38
2026-02-24 22:15:00,6533.34
2026-02-24 22:30:00,6076.17
2026-02-24 22:45:00,6109.75
2026-02-24 23:00:00,5775.67
2026-02-24 23:15:00,5131.6
2026-02-24 23:30:00,4681.16
2026-02-24 23:45:00,3940.15
2026-02-25 00:00:00,5730.85
2026-02-25 00:15:00,5698.26
2026-02-25 00:30:00,4104.96
2026-02-25 00:45:00,2831.25
2026-02-25 01:00:00,2781.44
2026-02-25 01:15:00,2481.02
2026-02-25 01:30:00,1917.93
2026-02-25 01:45:00,2104.41
2026-02-25 02:00:00,1424.14
2026-02-25 02:15:00,1383.22
2026-02-25 02:30:00,1413.02
2026-02-25 02:45:00,1531.33
2026-02-25 03:00:00,1410.49
2026-02-25 03:15:00,1381.2
2026-02-25 03:30:00,1484.46
2026-02-25 03:45:00,1231.19
2026-02-25 04:00:00,1200.57
2026-02-25 04:15:00,1173.06
2026-02-25 04:30:00,1199.43
2026-02-25 04:45:00,1271.21
2026-02-25 05:00:00,1116.73
2026-02-25 05:15:00,1231.34
2026-02-25 05:30:00,1162.52
2026-02-25 05:45:00,1217.07
2026-02-25 06:00:00,1386.6
2026-02-25 06:15:00,1677.47
2026-02-25 06:30:00,2249.27
2026-02-25 06:45:00,2758.03
2026-02-25 07:00:00,2787.63
2026-02-25 07:15:00,2696.65
2026-02-25 07:30:00,3148.09
2026-02-25 07:45:00,2974.25
2026-02-25 08:00:00,3193.13
2026-02-25 08:15:00,2912.24
2026-02-25 08:30:00,2967.73
2026-02-25 08:45:00,3059.46
2026-02-25 09:00:00,3361.71
2026-02-25 09:15:00,3698.15
2026-02-25 09:30:00,3779.28
2026-02-25 09:45:00,3859.49
2026-02-25 10:00:00,4128.84
2026-02-25 10:15:00,4490.81
2026-02-25 10:30:00,3862.75
2026-02-25 10:45:00,4071.11
2026-02-25 11:00:00,4100.76
2026-02-25 11:15:00,4301.67
2026-02-25 11:30:00,4266.52
2026-02-25 11:45:00,4339.4
2026-02-25 12:00:00,4133.41
2026-02-25 12:15:00,3970.23
2026-02-25 12:30:00,3778.35
2026-02-25 12:45:00,3720.54
2026-02-25 13:00:00,3882.09
2026-02-25 13:15:00,4152.85
2026-02-25 13:30:00,4089.02
2026-02-25 13:45:00,3939.97
2026-02-25 14:00:00,3829.81
2026-02-25 14:15:00,3682.55
2026-02-25 14:30:00,4171.01
2026-02-25 14:45:00,4195.98
2026-02-25 15:00:00,4095.93
2026-02-25 15:15:00,4094.69
2026-02-25 15:30:00,4403.22
2026-02-25 15:45:00,5109.36
2026-02-25 16:00:00,4792.9
2026-02-25 16:15:00,4926.63
2026-02-25 16:30:00,5351.07
2026-02-25 16:45:00,5589.47
2026-02-25 17:00:00,6081.03
2026-02-25 17:15:00,6079.06
2026-02-25 17:30:00,5939.87
2026-02-25 17:45:00,6751.02
2026-02-25 18:00:00,7554.37
2026-02-25 18:15:00,7755.75
2026-02-25 18:30:00,8299.18
2026-02-25 18:45:00,7980.59
2026-02-25 19:00:00,7891.65
2026-02-25 19:15:00,7862.44
2026-02-25 19:30:00,8000.83
2026-02-25 19:45:00,8179.04
2026-02-25 20:00:00,7956.9
2026-02-25 20:15:00,7700.02
2026-02-25 20:30:00,8392.02
2026-02-25 20:45:00,7683.97
2026-02-25 21:00:00,6933.58
2026-02-25 21:15:00,7077.54
2026-02-25 21:30:00,6254.49
2026-02-25 21:45:00,5586.73
2026-02-25 22:00:00,4858.63
2026-02-25 22:15:00,4252.91
2026-02-25 22:30:00,3915.16
2026-02-25 22:45:00,3484.16
2026-02-25 23:00:00,2993.95
2026-02-25 23:15:00,2579.17
2026-02-25 23:30:00,2029.63
2026-02-25 23:45:00,2287.98
2026-02-26 00:00:00,4477.12
2026-02-26 00:15:00,4286.58
2026-02-26 00:30:00,3731.31
2026-02-26 00:45:00,2833.79
2026-02-26 01:00:00,2458.71
2026-02-26 01:15:00,2445.9
2026-02-26 01:30:00,2454.1
2026-02-26 01:45:00,2571.87
2026-02-26 02:00:00,2063.35
2026-02-26 02:15:00,2186.48
2026-02-26 02:30:00,1949.22
2026-02-26 02:45:00,1605.95
2026-02-26 03:00:00,1630.04
2026-02-26 03:15:00,1648.56
2026-02-26 03:30:00,1575.89
2026-02-26 03:45:00,1818.47
2026-02-26 04:00:00,1693.97
2026-02-26 04:15:00,1488.81
2026-02-26 04:30:00,1296.16
2026-02-26 04:45:00,1162.93
2026-02-26 05:00:00,1042.7
2026-02-26 05:15:00,892.68
2026-02-26 05:30:00,1089.1
2026-02-26 05:45:00,1060.57
2026-02-26 06:00:00,1077.92
2026-02-26 06:15:00,1050.89
2026-02-26 06:30:00,1171.92
2026-02-26 06:45:00,1210.09
2026-02-26 07:00:00,1503.66
2026-02-26 07:15:00,2476.32
2026-02-26 07:30:00,2978.28
2026-02-26 07:45:00,3464.04
2026-02-26 08:00:00,4387.53
2026-02-26 08:15:00,3758.03
2026-02-26 08:30:00,3734.1
2026-02-26 08:45:00,3597.57
2026-02-26 09:00:00,3747.14
2026-02-26 09:15:00,3993.91
2026-02-26 09:30:00,4693.13
2026-02-26 09:45:00,5126.42
2026-02-26 10:00:00,6029.86
2026-02-26 10:15:00,6926.75
2026-02-26 10:30:00,7130.03
2026-02-26 10:45:00,6823.29
2026-02-26 11:00:00,6754.34
2026-02-26 11:15:00,6587.74
2026-02-26 11:30:00,6389.11
2026-02-26 11:45:00,5996.34
2026-02-26 12:00:00,6990.01
2026-02-26 12:15:00,6872.8
2026-02-26 12:30:00,6409.68
2026-02-26 12:45:00,6534.01
2026-02-26 13:00:00,6523.72
2026-02-26 13:15:00,6655.83
2026-02-26 13:30:00,6401.5
2026-02-26 13:45:00,5719.31
2026-02-26 14:00:00,4822.48
2026-02-26 14:15:00,4399.87
2026-02-26 14:30:00,4580.87
2026-02-26 14:45:00,4436.52
2026-02-26 15:00:00,4756.05
2026-02-26 15:15:00,4553.69
2026-02-26 15:30:00,4874.42
2026-02-26 15:45:00,5026.53
2026-02-26 16:00:00,5084.46
2026-02-26 16:15:00,5423.24
2026-02-26 16:30:00,5802.81
2026-02-26 16:45:00,6033.73
2026-02-26 17:00:00,6255.04
2026-02-26 17:15:00,6100.96
2026-02-26 17:30:00,6333.89
2026-02-26 17:45:00,6716.92
2026-02-26 18:00:00,6349.1
2026-02-26 18:15:00,6657.41
2026-02-26 18:30:00,6951.08
2026-02-26 18:45:00,7184.26
2026-02-26 19:00:00,7089.85
2026-02-26 19:15:00,7012.89
2026-02-26 19:30:00,7210.55
2026-02-26 19:45:00,7349.64
2026-02-26 20:00:00,7699.83
2026-02-26 20:15:00,7974.55
2026-02-26 20:30:00,7789.27
2026-02-26 20:45:00,7708.92
2026-02-26 21:00:00,7477.66
2026-02-26 21:15:00,7463.93
2026-02-26 21:30:00,7276.4
2026-02-26 21:45:00,6823.19
2026-02-26 22:00:00,6369.89
2026-02-26 22:15:00,5774.55
2026-02-26 22:30:00,5228.36
2026-02-26 22:45:00,4993.1
2026-02-26 23:00:00,4509.8
2026-02-26 23:15:00,4255.37
2026-02-26 23:30:00,3826.43
2026-02-26 23:45:00,3636.35
2026-02-27 00:00:00,4497.26
2026-02-27 00:15:00,4108.24
2026-02-27 00:30:00,3439.53
2026-02-27 00:45:00,3152.27
2026-02-27 01:00:00,3016.01
2026-02-27 01:15:00,2933.02
2026-02-27 01:30:00,2891.48
2026-02-27 01:45:00,2993.81
2026-02-27 02:00:00,2625.43
2026-02-27 02:15:00,2492.52
2026-02-27 02:30:00,2280.66
2026-02-27 02:45:00,1896.33
2026-02-27 03:00:00,1819.82
2026-02-27 03:15:00,1803.68
2026-02-27 03:30:00,1831.69
2026-02-27 03:45:00,1898.56
2026-02-27 04:00:00,1459.37
2026-02-27 04:15:00,1328.44
2026-02-27 04:30:00,1362.47
2026-02-27 04:45:00,1422.91
2026-02-27 05:00:00,1362.93
2026-02-27 05:15:00,1354.69
2026-02-27 05:30:00,1315.11
2026-02-27 05:45:00,1337.26
2026-02-27 06:00:00,1368.38
2026-02-27 06:15:00,1394.44
2026-02-27 06:30:00,1396.2
2026-02-27 06:45:00,1785.98
2026-02-27 07:00:00,2323.64
2026-02-27 07:15:00,2812.45
2026-02-27 07:30:00,3330.53
2026-02-27 07:45:00,4079.88
2026-02-27 08:00:00,4429.46
2026-02-27 08:15:00,4399.89
2026-02-27 08:30:00,4323.38
2026-02-27 08:45:00,4950.56
2026-02-27 09:00:00,5434.37
2026-02-27 09:15:00,5416.07
2026-02-27 09:30:00,5656.96
2026-02-27 09:45:00,5780.15
2026-02-27 10:00:00,6634.87
2026-02-27 10:15:00,6794.26
2026-02-27 10:30:00,7296.42
2026-02-27 10:45:00,7811.42
2026-02-27 11:00:00,7505.1
2026-02-27 11:15:00,7565.5
2026-02-27 11:30:00,7466.81
2026-02-27 11:45:00,7767.25
2026-02-27 12:00:00,8246.68
2026-02-27 12:15:00,8102.51
2026-02-27 12:30:00,7924.73
2026-02-27 12:45:00,7481.95
2026-02-27 13:00:00,7797.8
2026-02-27 13:15:00,7432.27
2026-02-27 13:30:00,7443.5
2026-02-27 13:45:00,6998.55
2026-02-27 14:00:00,6687.38
2026-02-27 14:15:00,6794.51
2026-02-27 14:30:00,5988.17
2026-02-27 14:45:00,5586.61
2026-02-27 15:00:00,5937.42
2026-02-27 15:15:00,5967.66
2026-02-27 15:30:00,5711.59
2026-02-27 15:45:00,5679.77
2026-02-27 16:00:00,6020.53
2026-02-27 16:15:00,6235.48
2026-02-27 16:30:00,7187.95
2026-02-27 16:45:00,7235.95
2026-02-27 17:00:00,7314.84
2026-02-27 17:15:00,6788.01
2026-02-27 17:30:00,6672.29
2026-02-27 17:45:00,6516.68
2026-02-27 18:00:00,7190.72
2026-02-27 18:15:00,6542.68
2026-02-27 18:30:00,6378.03
2026-02-27 18:45:00,6863.55
2026-02-27 19:00:00,6491.36
2026-02-27 19:15:00,6928.86
2026-02-27 19:30:00,6891.57
2026-02-27 19:45:00,6674.64
2026-02-27 20:00:00,7232.28
2026-02-27 20:15:00,7495.51
2026-02-27 20:30:00,8310.03
2026-02-27 20:45:00,7965.44
2026-02-27 21:00:00,7559.55
2026-02-27 21:15:00,7621.3
2026-02-27 21:30:00,7178.4
2026-02-27 21:45:00,7097.89
2026-02-27 22:00:00,6898.42
2026-02-27 22:15:00,6504.26
2026-02-27 22:30:00,5987.22
2026-02-27 22:45:00,4988.04
2026-02-27 23:00:00,4870.56
2026-02-27 23:15:00,4553.35
2026-02-27 23:30:00,3825.48
2026-02-27 23:45:00,3424.86
2026-02-28 00:00:00,4540.81
2026-02-28 00:15:00,4175.21
2026-02-28 00:30:00,4005.49
2026-02-28 00:45:00,3903.82
2026-02-28 01:00:00,3420.44
2026-02-28 01:15:00,3169.91
2026-02-28 01:30:00,3506.76
2026-02-28 01:45:00,3199.61
2026-02-28 02:00:00,3209.38
2026-02-28 02:15:00,3191.31
2026-02-28 02:30:00,2922.62
2026-02-28 02:45:00,2542.63
2026-02-28 03:00:00,2415.57
2026-02-28 03:15:00,2727.59
2026-02-28 03:30:00,2409.72
2026-02-28 03:45:00,2436.62
2026-02-28 04:00:00,2255.54
2026-02-28 04:15:00,2238.76
2026-02-28 04:30:00,1983.36
2026-02-28 04:45:00,1997.34
2026-02-28 05:00:00,1961.59
2026-02-28 05:15:00,2038.02
2026-02-28 05:30:00,2105.8
2026-02-28 05:45:00,2166.17
2026-02-28 06:00:00,2023.65
2026-02-28 06:15:00,2193.69
2026-02-28 06:30:00,2510.47
2026-02-28 06:45:00,2735.38
2026-02-28 07:00:00,3193.73
2026-02-28 07:15:00,3836.47
2026-02-28 07:30:00,4355.71
2026-02-28 07:45:00,4856.2
2026-02-28 08:00:00,5401.42
2026-02-28 08:15:00,5821.9
2026-02-28 08:30:00,5479.55
2026-02-28 08:45:00,6123.34
2026-02-28 09:00:00,6145.75
2026-02-28 09:15:00,6065.6
2026-02-28 09:30:00,6202.11
2026-02-28 09:45:00,6410.46
2026-02-28 10:00:00,6693.78
2026-02-28 10:15:00,7237.78
2026-02-28 10:30:00,7541.62
2026-02-28 10:45:00,7275.75
2026-02-28 11:00:00,7429.28
2026-02-28 11:15:00,7790.69
2026-02-28 11:30:00,7099.42
2026-02-28 11:45:00,7155.97
2026-02-28 12:00:00,7731.63
2026-02-28 12:15:00,7887.42
2026-02-28 12:30:00,7992.0
2026-02-28 12:45:00,7550.41
2026-02-28 13:00:00,7549.61
2026-02-28 13:15:00,7538.36
2026-02-28 13:30:00,7440.31
2026-02-28 13:45:00,7255.18
2026-02-28 14:00:00,6136.01
2026-02-28 14:15:00,5883.94
2026-02-28 14:30:00,5577.62
2026-02-28 14:45:00,5751.98
2026-02-28 15:00:00,6174.73
2026-02-28 15:15:00,6348.06
2026-02-28 15:30:00,6339.75
2026-02-28 15:45:00,6238.62
2026-02-28 16:00:00,6567.56
2026-02-28 16:15:00,6998.6
2026-02-28 16:30:00,7233.68
2026-02-28 16:45:00,7309.12
2026-02-28 17:00:00,7319.56
2026-02-28 17:15:00,7483.97
2026-02-28 17:30:00,7238.27
2026-02-28 17:45:00,7667.89
2026-02-28 18:00:00,7314.16
2026-02-28 18:15:00,7420.57
2026-02-28 18:30:00,7334.78
2026-02-28 18:45:00,7554.2
2026-02-28 19:00:00,7029.79
2026-02-28 19:15:00,6967.53
2026-02-28 19:30:00,7195.48
2026-02-28 19:45:00,7280.94
2026-02-28 20:00:00,7698.02
2026-02-28 20:15:00,7409.77
2026-02-28 20:30:00,7779.47
2026-02-28 20:45:00,7558.8
2026-02-28 21:00:00,7243.62
2026-02-28 21:15:00,7302.66
2026-02-28 21:30:00,7862.62
2026-02-28 21:45:00,7369.35
2026-02-28 22:00:00,7287.23
2026-02-28 22:15:00,6431.72
2026-02-28 22:30:00,5970.8
2026-02-28 22:45:00,5015.17
2026-02-28 23:00:00,5045.04
2026-02-28 23:15:00,4638.63
2026-02-28 23:30:00,4854.19
2026-02-28 23:45:00,4525.85
2026-03-01 00:00:00,5244.53
2026-03-01 00:15:00,4946.49
2026-03-01 00:30:00,4309.15
2026-03-01 00:45:00,4172.74
2026-03-01 01:00:00,3624.94
2026-03-01 01:15:00,3601.52
2026-03-01 01:30:00,3232.1
2026-03-01 01:45:00,3364.28
2026-03-01 02:00:00,3461.78
2026-03-01 02:15:00,3291.03
2026-03-01 02:30:00,3177.95
2026-03-01 02:45:00,2823.44
2026-03-01 03:00:00,2496.03
2026-03-01 03:15:00,2493.54
2026-03-01 03:30:00,2677.65
2026-03-01 03:45:00,3054.43
2026-03-01 04:00:00,2682.71
2026-03-01 04:15:00,2569.66
2026-03-01 04:30:00,2639.1
2026-03-01 04:45:00,2382.82
2026-03-01 05:00:00,2544.43
2026-03-01 05:15:00,2551.48
2026-03-01 05:30:00,2479.56
2026-03-01 05:45:00,2358.93
2026-03-01 06:00:00,2378.86
2026-03-01 06:15:00,2515.42
2026-03-01 06:30:00,2468.74
2026-03-01 06:45:00,2368.74
2026-03-01 07:00:00,3082.22
2026-03-01 07:15:00,3407.23
2026-03-01 07:30:00,4096.68
2026-03-01 07:45:00,5272.28
2026-03-01 08:00:00,6126.68
2026-03-01 08:15:00,5505.61
2026-03-01 08:30:00,5717.65
2026-03-01 08:45:00,5787.58
2026-03-01 09:00:00,6297.33
2026-03-01 09:15:00,7521.59
2026-03-01 09:30:00,7993.55
2026-03-01 09:45:00,8003.78
2026-03-01 10:00:00,8137.45
2026-03-01 10:15:00,8054.44
2026-03-01 10:30:00,8064.89
2026-03-01 10:45:00,8705.07
2026-03-01 11:00:00,8798.32
2026-03-01 11:15:00,8459.05
2026-03-01 11:30:00,8059.04
2026-03-01 11:45:00,7762.29
2026-03-01 12:00:00,8832.84
2026-03-01 12:15:00,8893.77
2026-03-01 12:30:00,8345.19
2026-03-01 12:45:00,8257.62
2026-03-01 13:00:00,8452.61
2026-03-01 13:15:00,8630.82
2026-03-01 13:30:00,7879.31
2026-03-01 13:45:00,7389.79
2026-03-01 14:00:00,6990.28
2026-03-01 14:15:00,6807.84
2026-03-01 14:30:00,6779.45
2026-03-01 14:45:00,7056.04
2026-03-01 15:00:00,7069.29
2026-03-01 15:15:00,6969.39
2026-03-01 15:30:00,6844.57
2026-03-01 15:45:00,6952.12
2026-03-01 16:00:00,7164.64
2026-03-01 16:15:00,8175.46
2026-03-01 16:30:00,8143.43
2026-03-01 16:45:00,8225.05
2026-03-01 17:00:00,8771.79
2026-03-01 17:15:00,8576.41
2026-03-01 17:30:00,8513.78
2026-03-01 17:45:00,8766.71
2026-03-01 18:00:00,8515.75
2026-03-01 18:15:00,8163.84
2026-03-01 18:30:00,8693.79
2026-03-01 18:45:00,9074.83
2026-03-01 19:00:00,9206.48
2026-03-01 19:15:00,8573.33
2026-03-01 19:30:00,8674.54
2026-03-01 19:45:00,8501.09
2026-03-01 20:00:00,8681.0
2026-03-01 20:15:00,8408.03
2026-03-01 20:30:00,8604.43
2026-03-01 20:45:00,7444.47
2026-03-01 21:00:00,7409.67
2026-03-01 21:15:00,7477.66
2026-03-01 21:30:00,7094.05
2026-03-01 21:45:00,6891.21
2026-03-01 22:00:00,6216.78
2026-03-01 22:15:00,5755.75
2026-03-01 22:30:00,5937.08
2026-03-01 22:45:00,5367.72
2026-03-01 23:00:00,4910.6
2026-03-01 23:15:00,4949.33
2026-03-01 23:30:00,4881.54
2026-03-01 23:45:00,4480.42
2026-03-02 00:00:00,5715.13
2026-03-02 00:15:00,5033.45
2026-03-02 00:30:00,4439.08
2026-03-02 00:45:00,4142.06
2026-03-02 01:00:00,3938.63
2026-03-02 01:15:00,4061.19
2026-03-02 01:30:00,3769.16
2026-03-02 01:45:00,3703.61
2026-03-02 02:00:00,3617.2
2026-03-02 02:15:00,3309.73
2026-03-02 02:30:00,3357.74
2026-03-02 02:45:00,3298.63
2026-03-02 03:00:00,3176.18
2026-03-02 03:15:00,3074.57
2026-03-02 03:30:00,3001.91
2026-03-02 03:45:00,3021.45
2026-03-02 04:00:00,2624.76
2026-03-02 04:15:00,2513.58
2026-03-02 04:30:00,2708.49
2026-03-02 04:45:00,2605.49
2026-03-02 05:00:00,2582.36
2026-03-02 05:15:00,2586.3
2026-03-02 05:30:00,2637.03
2026-03-02 05:45:00,2475.07
2026-03-02 06:00:00,2317.66
2026-03-02 06:15:00,2716.46
2026-03-02 06:30:00,2821.79
2026-03-02 06:45:00,2976.71
2026-03-02 07:00:00,3394.66
2026-03-02 07:15:00,4089.37
2026-03-02 07:30:00,3660.21
2026-03-02 07:45:00,4153.76
2026-03-02 08:00:00,5273.46
2026-03-02 08:15:00,6519.94
2026-03-02 08:30:00,6685.37
2026-03-02 08:45:00,6079.65
2026-03-02 09:00:00,5757.69
2026-03-02 09:15:00,5989.17
2026-03-02 09:30:00,5995.99
2026-03-02 09:45:00,6130.75
2026-03-02 10:00:00,6847.29
2026-03-02 10:15:00,6631.57
2026-03-02 10:30:00,6318.64
2026-03-02 10:45:00,6326.98
2026-03-02 11:00:00,7011.0
2026-03-02 11:15:00,7734.37
2026-03-02 11:30:00,8237.19
2026-03-02 11:45:00,7745.03
2026-03-02 12:00:00,7671.5
2026-03-02 12:15:00,7912.21
2026-03-02 12:30:00,7623.79
2026-03-02 12:45:00,7103.85
2026-03-02 13:00:00,7273.17
2026-03-02 13:15:00,7046.01
2026-03-02 13:30:00,6831.95
2026-03-02 13:45:00,7052.93
2026-03-02 14:00:00,7428.76
2026-03-02 14:15:00,7406.31
2026-03-02 14:30:00,7649.66
2026-03-02 14:45:00,7738.06
2026-03-02 15:00:00,7263.04
2026-03-02 15:15:00,6981.0
2026-03-02 15:30:00,7004.53
2026-03-02 15:45:00,6664.4
2026-03-02 16:00:00,6865.05
2026-03-02 16:15:00,7242.24
2026-03-02 16:30:00,7265.95
2026-03-02 16:45:00,7290.62
2026-03-02 17:00:00,7609.27
2026-03-02 17:15:00,7886.86
2026-03-02 17:30:00,7313.92
2026-03-02 17:45:00,7391.23
2026-03-02 18:00:00,7942.8
2026-03-02 18:15:00,8345.96
2026-03-02 18:30:00,9092.92
2026-03-02 18:45:00,9363.81
2026-03-02 19:00:00,9453.19
2026-03-02 19:15:00,8391.22
2026-03-02 19:30:00,8276.97
2026-03-02 19:45:00,8691.05
2026-03-02 20:00:00,8283.77
2026-03-02 20:15:00,8009.0
2026-03-02 20:30:00,8045.59
2026-03-02 20:45:00,8316.87
2026-03-02 21:00:00,8108.05
2026-03-02 21:15:00,8360.34
2026-03-02 21:30:00,8806.39
2026-03-02 21:45:00,8374.18
2026-03-02 22:00:00,7336.35
2026-03-02 22:15:00,6273.4
2026-03-02 22:30:00,5717.93
2026-03-02 22:45:00,5302.59
2026-03-02 23:00:00,4611.88
2026-03-02 23:15:00,4193.25
2026-03-02 23:30:00,3980.69
2026-03-02 23:45:00,3416.26
2026-03-03 00:00:00,5013.8
2026-03-03 00:15:00,4486.02
2026-03-03 00:30:00,4479.65
2026-03-03 00:45:00,4241.93
2026-03-03 01:00:00,3763.91
2026-03-03 01:15:00,3923.45
2026-03-03 01:30:00,4398.81
2026-03-03 01:45:00,4693.62
2026-03-03 02:00:00,3831.51
2026-03-03 02:15:00,3866.34
2026-03-03 02:30:00,3915.1
2026-03-03 02:45:00,3268.17
2026-03-03 03:00:00,3383.04
2026-03-03 03:15:00,3458.71
2026-03-03 03:30:00,3126.57
2026-03-03 03:45:00,3326.3
2026-03-03 04:00:00,3092.31
2026-03-03 04:15:00,2882.86
2026-03-03 04:30:00,3066.01
2026-03-03 04:45:00,2812.04
2026-03-03 05:00:00,2469.28
2026-03-03 05:15:00,2660.58
2026-03-03 05:30:00,3290.92
2026-03-03 05:45:00,3488.61
2026-03-03 06:00:00,3303.95
2026-03-03 06:15:00,3500.29
2026-03-03 06:30:00,3014.34
2026-03-03 06:45:00,3129.71
2026-03-03 07:00:00,3704.61
2026-03-03 07:15:00,3827.0
2026-03-03 07:30:00,4072.65
2026-03-03 07:45:00,4578.59
2026-03-03 08:00:00,5571.88
2026-03-03 08:15:00,6326.67
2026-03-03 08:30:00,6232.81
2026-03-03 08:45:00,6593.18
2026-03-03 09:00:00,6966.64
2026-03-03 09:15:00,6716.84
2026-03-03 09:30:00,7150.0
2026-03-03 09:45:00,7358.52
2026-03-03 10:00:00,7874.46
2026-03-03 10:15:00,7939.97
2026-03-03 10:30:00,7778.33
2026-03-03 10:45:00,7829.55
2026-03-03 11:00:00,7240.65
2026-03-03 11:15:00,7453.39
2026-03-03 11:30:00,7752.85
2026-03-03 11:45:00,7294.08
2026-03-03 12:00:00,8513.24
2026-03-03 12:15:00,8493.44
2026-03-03 12:30:00,7507.29
2026-03-03 12:45:00,7564.97
2026-03-03 13:00:00,6613.39
2026-03-03 13:15:00,6442.99
2026-03-03 13:30:00,5949.83
2026-03-03 13:45:00,6007.47
2026-03-03 14:00:00,6582.63
2026-03-03 14:15:00,7227.57
2026-03-03 14:30:00,7368.6
2026-03-03 14:45:00,7430.48
2026-03-03 15:00:00,7327.92
2026-03-03 15:15:00,7317.99
2026-03-03 15:30:00,6714.96
2026-03-03 15:45:00,6850.08
2026-03-03 16:00:00,6507.7
2026-03-03 16:15:00,6715.86
2026-03-03 16:30:00,7447.88
2026-03-03 16:45:00,7970.7
2026-03-03 17:00:00,9531.33
2026-03-03 17:15:00,9581.96
2026-03-03 17:30:00,8724.45
2026-03-03 17:45:00,8495.95
2026-03-03 18:00:00,8846.13
2026-03-03 18:15:00,9112.29
2026-03-03 18:30:00,9454.11
2026-03-03 18:45:00,9634.91
2026-03-03 19:00:00,8992.96
2026-03-03 19:15:00,8600.28
2026-03-03 19:30:00,8019.54
2026-03-03 19:45:00,8276.62
2026-03-03 20:00:00,7816.16
2026-03-03 20:15:00,8646.56
2026-03-03 20:30:00,8766.49
2026-03-03 20:45:00,8395.11
2026-03-03 21:00:00,8604.13
2026-03-03 21:15:00,8743.99
2026-03-03 21:30:00,8869.08
2026-03-03 21:45:00,8574.59
2026-03-03 22:00:00,8002.1
2026-03-03 22:15:00,6938.33
2026-03-03 22:30:00,6434.07
2026-03-03 22:45:00,5867.28
2026-03-03 23:00:00,5313.58
2026-03-03 23:15:00,5082.22
2026-03-03 23:30:00,5111.64
2026-03-03 23:45:00,4935.42
2026-03-04 00:00:00,6125.52
2026-03-04 00:15:00,5291.95
2026-03-04 00:30:00,5196.31
2026-03-04 00:45:00,4661.24
2026-03-04 01:00:00,4311.15
2026-03-04 01:15:00,4272.37
2026-03-04 01:30:00,4022.08
2026-03-04 01:45:00,3757.19
2026-03-04 02:00:00,3587.3
2026-03-04 02:15:00,3296.66
2026-03-04 02:30:00,3340.15
2026-03-04 02:45:00,3263.14
2026-03-04 03:00:00,3101.34
2026-03-04 03:15:00,3181.82
2026-03-04 03:30:00,2988.28
2026-03-04 03:45:00,3104.6
2026-03-04 04:00:00,3567.76
2026-03-04 04:15:00,3476.72
2026-03-04 04:30:00,3519.94
2026-03-04 04:45:00,3603.46
2026-03-04 05:00:00,3792.26
2026-03-04 05:15:00,3645.8
2026-03-04 05:30:00,3939.07
2026-03-04 05:45:00,3776.11
2026-03-04 06:00:00,3664.65
2026-03-04 06:15:00,4032.14
2026-03-04 06:30:00,4212.93
2026-03-04 06:45:00,4220.46
2026-03-04 07:00:00,4408.77
2026-03-04 07:15:00,4623.52
2026-03-04 07:30:00,5249.0
2026-03-04 07:45:00,5716.7
2026-03-04 08:00:00,6788.56
2026-03-04 08:15:00,6955.43
2026-03-04 08:30:00,6858.99
2026-03-04 08:45:00,6914.6
2026-03-04 09:00:00,6521.55
2026-03-04 09:15:00,6297.7
2026-03-04 09:30:00,6181.23
2026-03-04 09:45:00,6689.78
2026-03-04 10:00:00,6799.94
2026-03-04 10:15:00,6925.55
2026-03-04 10:30:00,5291.42
2026-03-04 10:45:00,5249.97
2026-03-04 11:00:00,5473.94
2026-03-04 11:15:00,5819.16
2026-03-04 11:30:00,6314.73
2026-03-04 11:45:00,5829.41
2026-03-04 12:00:00,6395.7
2026-03-04 12:15:00,6486.02
2026-03-04 12:30:00,6021.23
2026-03-04 12:45:00,5237.83
2026-03-04 13:00:00,4680.1
2026-03-04 13:15:00,4680.53
2026-03-04 13:30:00,4923.29
2026-03-04 13:45:00,5378.55
2026-03-04 14:00:00,4718.79
2026-03-04 14:15:00,4907.12
2026-03-04 14:30:00,5331.43
2026-03-04 14:45:00,5602.12
2026-03-04 15:00:00,5775.45
2026-03-04 15:15:00,6041.84
2026-03-04 15:30:00,6330.52
2026-03-04 15:45:00,6744.34
2026-03-04 16:00:00,5922.66
2026-03-04 16:15:00,6633.59
2026-03-04 16:30:00,7335.96
2026-03-04 16:45:00,7947.75
2026-03-04 17:00:00,8835.67
2026-03-04 17:15:00,8715.76
2026-03-04 17:30:00,8288.6
2026-03-04 17:45:00,8982.19
2026-03-04 18:00:00,8851.51
2026-03-04 18:15:00,8847.77
2026-03-04 18:30:00,8663.77
2026-03-04 18:45:00,8609.5
2026-03-04 19:00:00,8686.62
2026-03-04 19:15:00,8745.23
2026-03-04 19:30:00,9067.11
2026-03-04 19:45:00,8865.03
2026-03-04 20:00:00,8755.63
2026-03-04 20:15:00,8987.86
2026-03-04 20:30:00,8957.31
2026-03-04 20:45:00,8479.53
2026-03-04 21:00:00,8300.84
2026-03-04 21:15:00,8098.35
2026-03-04 21:30:00,8065.49
2026-03-04 21:45:00,7300.27
2026-03-04 22:00:00,6929.84
2026-03-04 22:15:00,6014.5
2026-03-04 22:30:00,5679.97
2026-03-04 22:45:00,5438.63
2026-03-04 23:00:00,5060.12
2026-03-04 23:15:00,4632.17
2026-03-04 23:30:00,4305.53
2026-03-04 23:45:00,4074.84
2026-03-05 00:00:00,6187.41
2026-03-05 00:15:00,5949.64
2026-03-05 00:30:00,5482.08
2026-03-05 00:45:00,5431.59
2026-03-05 01:00:00,4978.62
2026-03-05 01:15:00,5156.67
2026-03-05 01:30:00,4878.04
2026-03-05 01:45:00,4262.6
2026-03-05 02:00:00,4125.73
2026-03-05 02:15:00,3886.51
2026-03-05 02:30:00,3841.52
2026-03-05 02:45:00,3696.72
2026-03-05 03:00:00,3640.03
2026-03-05 03:15:00,3639.83
2026-03-05 03:30:00,3728.29
2026-03-05 03:45:00,3281.49
2026-03-05 04:00:00,3132.97
2026-03-05 04:15:00,3287.21
2026-03-05 04:30:00,2943.96
2026-03-05 04:45:00,2978.36
2026-03-05 05:00:00,3048.52
2026-03-05 05:15:00,2718.35
2026-03-05 05:30:00,2789.86
2026-03-05 05:45:00,2731.34
2026-03-05 06:00:00,3028.43
2026-03-05 06:15:00,3077.57
2026-03-05 06:30:00,3557.71
2026-03-05 06:45:00,4150.61
2026-03-05 07:00:00,4540.66
2026-03-05 07:15:00,4843.46
2026-03-05 07:30:00,4788.88
2026-03-05 07:45:00,5340.57
2026-03-05 08:00:00,7062.21
2026-03-05 08:15:00,8164.57
2026-03-05 08:30:00,7568.86
2026-03-05 08:45:00,7184.47
2026-03-05 09:00:00,6847.38
2026-03-05 09:15:00,6151.03
2026-03-05 09:30:00,5911.15
2026-03-05 09:45:00,5642.8
2026-03-05 10:00:00,6358.65
2026-03-05 10:15:00,7051.81
2026-03-05 10:30:00,6157.06
2026-03-05 10:45:00,5704.09
2026-03-05 11:00:00,5743.99
2026-03-05 11:15:00,5516.4
2026-03-05 11:30:00,5037.95
2026-03-05 11:45:00,3821.3
2026-03-05 12:00:00,4097.65
2026-03-05 12:15:00,4088.75
2026-03-05 12:30:00,4401.73
2026-03-05 12:45:00,4448.31
2026-03-05 13:00:00,3994.87
2026-03-05 13:15:00,3614.97
2026-03-05 13:30:00,3221.34
2026-03-05 13:45:00,2254.55
2026-03-05 14:00:00,1848.67
2026-03-05 14:15:00,2093.24
2026-03-05 14:30:00,2388.75
2026-03-05 14:45:00,2735.31
2026-03-05 15:00:00,2867.52
2026-03-05 15:15:00,3323.86
2026-03-05 15:30:00,4074.54
2026-03-05 15:45:00,4518.83
2026-03-05 16:00:00,5268.52
2026-03-05 16:15:00,5792.78
2026-03-05 16:30:00,6164.79
2026-03-05 16:45:00,6697.89
2026-03-05 17:00:00,6824.41
2026-03-05 17:15:00,7518.05
2026-03-05 17:30:00,8270.46
2026-03-05 17:45:00,8816.03
2026-03-05 18:00:00,9124.43
2026-03-05 18:15:00,9053.36
2026-03-05 18:30:00,8834.98
2026-03-05 18:45:00,8549.24
2026-03-05 19:00:00,8334.56
2026-03-05 19:15:00,8615.64
2026-03-05 19:30:00,8782.86
2026-03-05 19:45:00,8462.72
2026-03-05 20:00:00,8443.91
2026-03-05 20:15:00,8594.31
2026-03-05 20:30:00,8506.74
2026-03-05 20:45:00,7828.18
2026-03-05 21:00:00,7331.62
2026-03-05 21:15:00,6693.34
2026-03-05 21:30:00,6107.44
2026-03-05 21:45:00,5754.01
2026-03-05 22:00:00,5555.3
2026-03-05 22:15:00,5269.02
2026-03-05 22:30:00,5100.83
2026-03-05 22:45:00,5484.03
2026-03-05 23:00:00,5026.3
2026-03-05 23:15:00,4302.26
2026-03-05 23:30:00,3678.31
2026-03-05 23:45:00,3768.53
2026-03-06 00:00:00,6495.4
2026-03-06 00:15:00,5950.38
2026-03-06 00:30:00,5816.86
2026-03-06 00:45:00,5390.59
2026-03-06 01:00:00,5437.18
2026-03-06 01:15:00,5262.4
2026-03-06 01:30:00,5095.76
2026-03-06 01:45:00,4948.1
2026-03-06 02:00:00,5201.06
2026-03-06 02:15:00,5014.81
2026-03-06 02:30:00,4581.63
2026-03-06 02:45:00,4182.7
2026-03-06 03:00:00,3744.29
2026-03-06 03:15:00,3536.73
2026-03-06 03:30:00,3376.3
2026-03-06 03:45:00,3031.25
2026-03-06 04:00:00,2675.86
2026-03-06 04:15:00,2558.28
2026-03-06 04:30:00,3080.35
2026-03-06 04:45:00,2843.91
2026-03-06 05:00:00,2731.71
2026-03-06 05:15:00,3210.72
2026-03-06 05:30:00,3264.86
2026-03-06 05:45:00,3116.04
2026-03-06 06:00:00,3723.97
2026-03-06 06:15:00,4516.38
2026-03-06 06:30:00,4948.0
2026-03-06 06:45:00,5440.86
2026-03-06 07:00:00,5914.34
2026-03-06 07:15:00,5885.6
2026-03-06 07:30:00,5127.42
2026-03-06 07:45:00,5642.89
2026-03-06 08:00:00,6410.39
2026-03-06 08:15:00,6621.31
2026-03-06 08:30:00,6709.3
2026-03-06 08:45:00,6903.29
2026-03-06 09:00:00,6443.65
2026-03-06 09:15:00,5854.41
2026-03-06 09:30:00,5303.69
2026-03-06 09:45:00,5043.84
2026-03-06 10:00:00,5112.36
2026-03-06 10:15:00,5198.56
2026-03-06 10:30:00,4692.23
2026-03-06 10:45:00,4579.81
2026-03-06 11:00:00,4400.87
2026-03-06 11:15:00,4076.96
2026-03-06 11:30:00,3619.97
2026-03-06 11:45:00,3465.08
2026-03-06 12:00:00,3384.62
2026-03-06 12:15:00,2496.29
2026-03-06 12:30:00,2650.31
2026-03-06 12:45:00,2879.19
2026-03-06 13:00:00,2890.73
2026-03-06 13:15:00,3010.56
2026-03-06 13:30:00,3020.49
2026-03-06 13:45:00,2662.39
2026-03-06 14:00:00,2190.46
2026-03-06 14:15:00,2179.83
2026-03-06 14:30:00,2087.26
2026-03-06 14:45:00,2623.34
2026-03-06 15:00:00,2766.84
2026-03-06 15:15:00,3509.57
2026-03-06 15:30:00,3673.67
2026-03-06 15:45:00,3967.01
2026-03-06 16:00:00,4745.09
2026-03-06 16:15:00,5526.91
2026-03-06 16:30:00,5824.58
2026-03-06 16:45:00,6169.78
2026-03-06 17:00:00,7322.46
2026-03-06 17:15:00,7421.87
2026-03-06 17:30:00,7747.4
2026-03-06 17:45:00,8064.01
2026-03-06 18:00:00,8115.52
2026-03-06 18:15:00,7936.65
2026-03-06 18:30:00,7915.97
2026-03-06 18:45:00,7945.6
2026-03-06 19:00:00,8034.63
2026-03-06 19:15:00,8243.29
2026-03-06 19:30:00,8046.64
2026-03-06 19:45:00,7849.83
2026-03-06 20:00:00,8278.95
2026-03-06 20:15:00,8376.15
2026-03-06 20:30:00,8402.96
2026-03-06 20:45:00,7989.83
2026-03-06 21:00:00,7816.82
2026-03-06 21:15:00,7774.38
2026-03-06 21:30:00,8009.02
2026-03-06 21:45:00,7921.54
2026-03-06 22:00:00,7573.36
2026-03-06 22:15:00,7747.08
2026-03-06 22:30:00,7265.55
2026-03-06 22:45:00,6612.78
2026-03-06 23:00:00,6080.99
2026-03-06 23:15:00,6002.15
2026-03-06 23:30:00,5521.1
2026-03-06 23:45:00,4580.47
2026-03-07 00:00:00,6453.81
2026-03-07 00:15:00,6461.92
2026-03-07 00:30:00,6039.28
2026-03-07 00:45:00,5470.69
2026-03-07 01:00:00,5493.53
2026-03-07 01:15:00,5415.59
2026-03-07 01:30:00,5270.26
2026-03-07 01:45:00,4934.54
2026-03-07 02:00:00,5098.17
2026-03-07 02:15:00,4899.56
2026-03-07 02:30:00,4265.82
2026-03-07 02:45:00,4170.02
2026-03-07 03:00:00,3685.47
2026-03-07 03:15:00,3432.93
2026-03-07 03:30:00,3336.97
2026-03-07 03:45:00,3392.03
2026-03-07 04:00:00,3365.23
2026-03-07 04:15:00,3380.2
2026-03-07 04:30:00,2825.13
2026-03-07 04:45:00,3010.82
2026-03-07 05:00:00,2879.48
2026-03-07 05:15:00,2672.57
2026-03-07 05:30:00,2403.14
2026-03-07 05:45:00,3011.96
2026-03-07 06:00:00,3624.89
2026-03-07 06:15:00,4081.88
2026-03-07 06:30:00,4356.12
2026-03-07 06:45:00,5277.68
2026-03-07 07:00:00,5847.87
2026-03-07 07:15:00,6034.64
2026-03-07 07:30:00,6181.76
2026-03-07 07:45:00,6332.7
2026-03-07 08:00:00,6507.42
2026-03-07 08:15:00,6553.34
2026-03-07 08:30:00,6358.51
2026-03-07 08:45:00,6260.32
2026-03-07 09:00:00,5661.77
2026-03-07 09:15:00,4726.74
2026-03-07 09:30:00,4280.43
2026-03-07 09:45:00,4159.59
2026-03-07 10:00:00,3613.57
2026-03-07 10:15:00,3710.35
2026-03-07 10:30:00,3559.08
2026-03-07 10:45:00,3922.31
2026-03-07 11:00:00,4028.89
2026-03-07 11:15:00,3754.69
2026-03-07 11:30:00,3023.4
2026-03-07 11:45:00,2499.26
2026-03-07 12:00:00,2830.42
2026-03-07 12:15:00,2715.73
2026-03-07 12:30:00,2686.39
2026-03-07 12:45:00,2735.3
2026-03-07 13:00:00,3177.43
2026-03-07 13:15:00,3284.47
2026-03-07 13:30:00,3108.32
2026-03-07 13:45:00,2817.09
2026-03-07 14:00:00,2440.14
2026-03-07 14:15:00,2416.71
2026-03-07 14:30:00,2401.94
2026-03-07 14:45:00,2943.72
2026-03-07 15:00:00,3346.98
2026-03-07 15:15:00,3682.44
2026-03-07 15:30:00,4249.95
2026-03-07 15:45:00,4549.19
2026-03-07 16:00:00,4985.23
2026-03-07 16:15:00,5099.62
2026-03-07 16:30:00,5814.04
2026-03-07 16:45:00,6008.71
2026-03-07 17:00:00,6044.6
2026-03-07 17:15:00,6333.3
2026-03-07 17:30:00,6631.25
2026-03-07 17:45:00,7136.92
2026-03-07 18:00:00,7603.18
2026-03-07 18:15:00,7487.52
2026-03-07 18:30:00,7625.66
2026-03-07 18:45:00,8056.36
2026-03-07 19:00:00,7890.58
2026-03-07 19:15:00,7924.41
2026-03-07 19:30:00,7962.75
2026-03-07 19:45:00,8062.8
2026-03-07 20:00:00,8117.75
2026-03-07 20:15:00,7916.37
2026-03-07 20:30:00,7498.87
2026-03-07 20:45:00,7535.8
2026-03-07 21:00:00,7695.33
2026-03-07 21:15:00,7534.19
2026-03-07 21:30:00,7032.61
2026-03-07 21:45:00,7799.26
2026-03-07 22:00:00,8119.8
2026-03-07 22:15:00,7348.4
2026-03-07 22:30:00,7096.65
2026-03-07 22:45:00,6784.5
2026-03-07 23:00:00,6347.24
2026-03-07 23:15:00,5802.92
2026-03-07 23:30:00,4965.96
2026-03-07 23:45:00,4440.3
2026-03-08 00:00:00,5993.5
2026-03-08 00:15:00,5778.35
2026-03-08 00:30:00,5463.01
2026-03-08 00:45:00,4808.76
2026-03-08 01:00:00,4406.49
2026-03-08 01:15:00,3671.39
2026-03-08 01:30:00,3437.71
2026-03-08 01:45:00,3117.09
2026-03-08 02:00:00,2655.14
2026-03-08 02:15:00,2395.05
2026-03-08 02:30:00,2097.31
2026-03-08 02:45:00,1956.09
2026-03-08 03:00:00,1939.48
2026-03-08 03:15:00,2034.3
2026-03-08 03:30:00,1897.49
2026-03-08 03:45:00,1946.17
2026-03-08 04:00:00,1712.69
2026-03-08 04:15:00,1952.77
2026-03-08 04:30:00,2133.81
2026-03-08 04:45:00,1751.65
2026-03-08 05:00:00,2039.45
2026-03-08 05:15:00,1793.95
2026-03-08 05:30:00,1891.16
2026-03-08 05:45:00,1829.87
2026-03-08 06:00:00,2289.11
2026-03-08 06:15:00,2556.39
2026-03-08 06:30:00,3227.07
2026-03-08 06:45:00,3671.06
2026-03-08 07:00:00,4119.79
2026-03-08 07:15:00,5025.5
2026-03-08 07:30:00,5436.67
2026-03-08 07:45:00,6058.02
2026-03-08 08:00:00,6210.28
2026-03-08 08:15:00,6558.74
2026-03-08 08:30:00,6069.8
2026-03-08 08:45:00,6275.42
2026-03-08 09:00:00,6215.25
2026-03-08 09:15:00,5973.41
2026-03-08 09:30:00,6010.29
2026-03-08 09:45:00,6042.94
2026-03-08 10:00:00,6287.08
2026-03-08 10:15:00,6355.87
2026-03-08 10:30:00,6395.06
2026-03-08 10:45:00,6811.67
2026-03-08 11:00:00,6733.36
2026-03-08 11:15:00,6964.46
2026-03-08 11:30:00,6799.64
2026-03-08 11:45:00,6698.37
2026-03-08 12:00:00,6607.65
2026-03-08 12:15:00,6693.46
2026-03-08 12:30:00,6945.67
2026-03-08 12:45:00,6251.9
2026-03-08 13:00:00,6027.55
2026-03-08 13:15:00,5546.86
2026-03-08 13:30:00,5273.51
2026-03-08 13:45:00,4406.59
2026-03-08 14:00:00,5153.28
2026-03-08 14:15:00,5418.74
2026-03-08 14:30:00,4967.29
2026-03-08 14:45:00,4682.5
2026-03-08 15:00:00,4570.67
2026-03-08 15:15:00,4662.07
2026-03-08 15:30:00,4843.44
2026-03-08 15:45:00,4705.85
2026-03-08 16:00:00,4587.17
2026-03-08 16:15:00,5090.43
2026-03-08 16:30:00,6030.67
2026-03-08 16:45:00,6980.15
2026-03-08 17:00:00,7217.82
2026-03-08 17:15:00,7592.84
2026-03-08 17:30:00,7804.47
2026-03-08 17:45:00,8091.08
2026-03-08 18:00:00,8137.89
2026-03-08 18:15:00,8133.99
2026-03-08 18:30:00,8323.67
2026-03-08 18:45:00,8458.21
2026-03-08 19:00:00,8221.57
2026-03-08 19:15:00,8140.2
2026-03-08 19:30:00,7908.4
2026-03-08 19:45:00,7809.85
2026-03-08 20:00:00,8182.1
2026-03-08 20:15:00,8164.55
2026-03-08 20:30:00,8225.67
2026-03-08 20:45:00,8136.65
2026-03-08 21:00:00,7436.0
2026-03-08 21:15:00,6451.72
2026-03-08 21:30:00,6361.7
2026-03-08 21:45:00,6110.05
2026-03-08 22:00:00,6349.03
2026-03-08 22:15:00,6043.56
2026-03-08 22:30:00,5861.43
2026-03-08 22:45:00,5642.94
2026-03-08 23:00:00,4912.38
2026-03-08 23:15:00,4197.96
2026-03-08 23:30:00,4392.57
2026-03-08 23:45:00,4214.0
2026-03-09 00:00:00,5653.6
2026-03-09 00:15:00,5018.96
2026-03-09 00:30:00,4363.22
2026-03-09 00:45:00,3441.99
2026-03-09 01:00:00,2611.8
2026-03-09 01:15:00,2175.86
2026-03-09 01:30:00,2176.72
2026-03-09 01:45:00,2079.44
2026-03-09 02:00:00,2116.89
2026-03-09 02:15:00,2403.23
2026-03-09 02:30:00,2488.27
2026-03-09 02:45:00,2534.99
2026-03-09 03:00:00,2188.26
2026-03-09 03:15:00,2182.48
2026-03-09 03:30:00,2202.57
2026-03-09 03:45:00,2363.87
2026-03-09 04:00:00,2236.05
2026-03-09 04:15:00,2087.34
2026-03-09 04:30:00,2397.7
2026-03-09 04:45:00,2281.84
2026-03-09 05:00:00,2500.87
2026-03-09 05:15:00,2569.19
2026-03-09 05:30:00,2571.37
2026-03-09 05:45:00,2627.96
2026-03-09 06:00:00,2562.99
2026-03-09 06:15:00,3012.52
2026-03-09 06:30:00,3672.66
2026-03-09 06:45:00,3580.44
2026-03-09 07:00:00,3934.1
2026-03-09 07:15:00,4299.55
2026-03-09 07:30:00,4950.68
2026-03-09 07:45:00,5153.97
2026-03-09 08:00:00,5942.76
2026-03-09 08:15:00,6520.52
2026-03-09 08:30:00,6148.03
2026-03-09 08:45:00,6164.53
2026-03-09 09:00:00,5806.34
2026-03-09 09:15:00,5970.4
2026-03-09 09:30:00,6534.9
2026-03-09 09:45:00,6775.31
2026-03-09 10:00:00,6613.15
2026-03-09 10:15:00,6947.84
2026-03-09 10:30:00,7477.72
2026-03-09 10:45:00,7183.75
2026-03-09 11:00:00,7342.82
2026-03-09 11:15:00,7251.03
2026-03-09 11:30:00,7606.97
2026-03-09 11:45:00,6759.86
2026-03-09 12:00:00,7296.8
2026-03-09 12:15:00,7187.72
2026-03-09 12:30:00,6499.7
2026-03-09 12:45:00,5564.17
2026-03-09 13:00:00,4891.83
2026-03-09 13:15:00,4825.56
2026-03-09 13:30:00,4663.76
2026-03-09 13:45:00,4271.15
2026-03-09 14:00:00,4200.9
2026-03-09 14:15:00,4837.68
2026-03-09 14:30:00,5538.02
2026-03-09 14:45:00,5726.19
2026-03-09 15:00:00,5485.95
2026-03-09 15:15:00,5388.05
2026-03-09 15:30:00,5215.24
2026-03-09 15:45:00,5369.39
2026-03-09 16:00:00,5348.97
2026-03-09 16:15:00,5606.99
2026-03-09 16:30:00,5950.15
2026-03-09 16:45:00,6076.38
2026-03-09 17:00:00,6380.35
2026-03-09 17:15:00,6828.45
2026-03-09 17:30:00,7268.36
2026-03-09 17:45:00,8076.66
2026-03-09 18:00:00,9439.98
2026-03-09 18:15:00,9421.27
2026-03-09 18:30:00,9708.12
2026-03-09 18:45:00,8839.92
2026-03-09 19:00:00,8799.86
2026-03-09 19:15:00,9320.12
2026-03-09 19:30:00,9250.83
2026-03-09 19:45:00,8856.3
2026-03-09 20:00:00,9256.47
2026-03-09 20:15:00,9575.5
2026-03-09 20:30:00,9514.17
2026-03-09 20:45:00,9192.71
2026-03-09 21:00:00,9127.33
2026-03-09 21:15:00,8991.52
2026-03-09 21:30:00,8611.05
2026-03-09 21:45:00,8028.49
2026-03-09 22:00:00,7819.29
2026-03-09 22:15:00,6873.76
2026-03-09 22:30:00,6735.14
2026-03-09 22:45:00,6111.76
2026-03-09 23:00:00,4560.33
2026-03-09 23:15:00,4153.93
2026-03-09 23:30:00,4296.75
2026-03-09 23:45:00,4138.06
2026-03-10 00:00:00,6223.53
2026-03-10 00:15:00,6105.61
2026-03-10 00:30:00,5860.17
2026-03-10 00:45:00,6217.64
2026-03-10 01:00:00,5776.15
2026-03-10 01:15:00,5489.31
2026-03-10 01:30:00,5533.28
2026-03-10 01:45:00,5123.21
2026-03-10 02:00:00,5558.1
2026-03-10 02:15:00,5027.07
2026-03-10 02:30:00,4339.92
2026-03-10 02:45:00,4283.35
2026-03-10 03:00:00,4051.96
2026-03-10 03:15:00,3664.24
2026-03-10 03:30:00,3544.93
2026-03-10 03:45:00,3396.53
2026-03-10 04:00:00,3409.66
2026-03-10 04:15:00,3519.91
2026-03-10 04:30:00,3794.27
2026-03-10 04:45:00,3886.88
2026-03-10 05:00:00,4158.02
2026-03-10 05:15:00,4339.96
2026-03-10 05:30:00,4465.96
2026-03-10 05:45:00,4358.83
2026-03-10 06:00:00,4440.29
2026-03-10 06:15:00,5224.49
2026-03-10 06:30:00,5751.84
2026-03-10 06:45:00,5964.25
2026-03-10 07:00:00,5770.14
2026-03-10 07:15:00,6143.07
2026-03-10 07:30:00,6144.28
2026-03-10 07:45:00,6821.43
2026-03-10 08:00:00,7687.49
2026-03-10 08:15:00,8043.3
2026-03-10 08:30:00,7795.36
2026-03-10 08:45:00,6701.61
2026-03-10 09:00:00,5982.55
2026-03-10 09:15:00,5367.89
2026-03-10 09:30:00,5216.37
2026-03-10 09:45:00,4388.18
2026-03-10 10:00:00,4062.47
2026-03-10 10:15:00,3400.08
2026-03-10 10:30:00,3642.71
2026-03-10 10:45:00,4053.72
2026-03-10 11:00:00,4061.81
2026-03-10 11:15:00,4049.93
2026-03-10 11:30:00,3954.31
2026-03-10 11:45:00,3385.26
2026-03-10 12:00:00,3972.58
2026-03-10 12:15:00,3934.62
2026-03-10 12:30:00,3487.27
2026-03-10 12:45:00,3618.39
2026-03-10 13:00:00,3129.4
2026-03-10 13:15:00,3524.52
2026-03-10 13:30:00,3219.33
2026-03-10 13:45:00,3262.52
2026-03-10 14:00:00,3228.21
2026-03-10 14:15:00,3265.33
2026-03-10 14:30:00,3240.77
2026-03-10 14:45:00,3194.69
2026-03-10 15:00:00,3247.88
2026-03-10 15:15:00,3546.26
2026-03-10 15:30:00,4141.7
2026-03-10 15:45:00,4238.51
2026-03-10 16:00:00,5055.0
2026-03-10 16:15:00,6039.71
2026-03-10 16:30:00,6968.76
2026-03-10 16:45:00,7118.93
2026-03-10 17:00:00,7864.66
2026-03-10 17:15:00,8241.16
2026-03-10 17:30:00,8512.62
2026-03-10 17:45:00,8838.13
2026-03-10 18:00:00,9070.26
2026-03-10 18:15:00,8871.88
2026-03-10 18:30:00,9059.01
2026-03-10 18:45:00,8735.67
2026-03-10 19:00:00,8780.43
2026-03-10 19:15:00,8763.95
2026-03-10 19:30:00,8746.07
2026-03-10 19:45:00,8735.51
2026-03-10 20:00:00,8737.86
2026-03-10 20:15:00,8961.59
2026-03-10 20:30:00,9103.0
2026-03-10 20:45:00,8926.55
2026-03-10 21:00:00,8705.45
2026-03-10 21:15:00,8929.74
2026-03-10 21:30:00,8447.51
2026-03-10 21:45:00,8095.28
2026-03-10 22:00:00,7878.75
2026-03-10 22:15:00,8074.32
2026-03-10 22:30:00,7701.5
2026-03-10 22:45:00,7302.52
2026-03-10 23:00:00,6233.44
2026-03-10 23:15:00,5520.66
2026-03-10 23:30:00,5550.02
2026-03-10 23:45:00,5514.39
2026-03-11 00:00:00,6507.85
2026-03-11 00:15:00,5601.04
2026-03-11 00:30:00,5376.28
2026-03-11 00:45:00,5254.62
2026-03-11 01:00:00,5515.68
2026-03-11 01:15:00,5128.23
2026-03-11 01:30:00,5429.45
2026-03-11 01:45:00,5433.65
2026-03-11 02:00:00,5461.16
2026-03-11 02:15:00,5216.02
2026-03-11 02:30:00,5046.87
2026-03-11 02:45:00,4940.3
2026-03-11 03:00:00,4672.46
2026-03-11 03:15:00,3924.23
2026-03-11 03:30:00,3938.44
2026-03-11 03:45:00,4034.33
2026-03-11 04:00:00,4175.59
2026-03-11 04:15:00,4272.38
2026-03-11 04:30:00,4032.33
2026-03-11 04:45:00,3912.97
2026-03-11 05:00:00,4053.03
2026-03-11 05:15:00,4103.69
2026-03-11 05:30:00,3918.36
2026-03-11 05:45:00,4378.75
2026-03-11 06:00:00,4532.5
2026-03-11 06:15:00,4686.09
2026-03-11 06:30:00,4409.49
2026-03-11 06:45:00,4652.16
2026-03-11 07:00:00,4104.82
2026-03-11 07:15:00,3601.77
2026-03-11 07:30:00,3565.46
2026-03-11 07:45:00,3638.27
2026-03-11 08:00:00,3878.14
2026-03-11 08:15:00,3867.43
2026-03-11 08:30:00,3711.6
2026-03-11 08:45:00,3576.66
2026-03-11 09:00:00,3500.95
2026-03-11 09:15:00,3785.92
2026-03-11 09:30:00,3404.59
2026-03-11 09:45:00,3015.87
2026-03-11 10:00:00,2720.78
2026-03-11 10:15:00,2276.78
2026-03-11 10:30:00,2232.92
2026-03-11 10:45:00,2461.86
2026-03-11 11:00:00,2671.04
2026-03-11 11:15:00,2458.51
2026-03-11 11:30:00,2459.28
2026-03-11 11:45:00,2042.39
2026-03-11 12:00:00,2049.84
2026-03-11 12:15:00,1740.58
2026-03-11 12:30:00,1652.17
2026-03-11 12:45:00,1621.42
2026-03-11 13:00:00,1749.73
2026-03-11 13:15:00,1659.37
2026-03-11 13:30:00,1757.43
2026-03-11 13:45:00,1681.59
2026-03-11 14:00:00,1605.76
2026-03-11 14:15:00,1530.74
2026-03-11 14:30:00,1519.69
2026-03-11 14:45:00,1491.06
2026-03-11 15:00:00,1479.94
2026-03-11 15:15:00,1777.42
2026-03-11 15:30:00,2217.25
2026-03-11 15:45:00,2272.76
2026-03-11 16:00:00,2474.78
2026-03-11 16:15:00,3201.34
2026-03-11 16:30:00,4187.14
2026-03-11 16:45:00,5091.58
2026-03-11 17:00:00,6053.09
2026-03-11 17:15:00,6836.1
2026-03-11 17:30:00,7780.72
2026-03-11 17:45:00,8256.87
2026-03-11 18:00:00,8977.46
2026-03-11 18:15:00,9203.16
2026-03-11 18:30:00,9452.4
2026-03-11 18:45:00,9476.05
2026-03-11 19:00:00,8974.47
2026-03-11 19:15:00,8208.59
2026-03-11 19:30:00,8510.57
2026-03-11 19:45:00,8975.65
2026-03-11 20:00:00,8717.98
2026-03-11 20:15:00,9316.04
2026-03-11 20:30:00,9368.85
2026-03-11 20:45:00,9322.8
2026-03-11 21:00:00,9362.44
2026-03-11 21:15:00,9094.65
2026-03-11 21:30:00,8695.06
2026-03-11 21:45:00,8479.24
2026-03-11 22:00:00,8165.49
2026-03-11 22:15:00,7655.14
2026-03-11 22:30:00,8575.96
2026-03-11 22:45:00,8439.18
2026-03-11 23:00:00,7824.21
2026-03-11 23:15:00,6872.48
2026-03-11 23:30:00,5833.72
2026-03-11 23:45:00,5488.26
2026-03-12 00:00:00,6295.22
2026-03-12 00:15:00,5936.06
2026-03-12 00:30:00,5368.43
2026-03-12 00:45:00,5087.88
2026-03-12 01:00:00,4758.09
2026-03-12 01:15:00,4646.51
2026-03-12 01:30:00,4783.38
2026-03-12 01:45:00,4458.88
2026-03-12 02:00:00,4117.48
2026-03-12 02:15:00,4107.06
2026-03-12 02:30:00,3895.48
2026-03-12 02:45:00,3860.86
2026-03-12 03:00:00,3656.85
2026-03-12 03:15:00,3609.45
2026-03-12 03:30:00,3788.21
2026-03-12 03:45:00,3488.57
2026-03-12 04:00:00,3407.43
2026-03-12 04:15:00,3368.43
2026-03-12 04:30:00,3383.39
2026-03-12 04:45:00,3258.76
2026-03-12 05:00:00,3481.82
2026-03-12 05:15:00,3431.36
2026-03-12 05:30:00,3302.13
2026-03-12 05:45:00,3427.59
2026-03-12 06:00:00,3549.47
2026-03-12 06:15:00,3787.27
2026-03-12 06:30:00,4100.88
2026-03-12 06:45:00,4051.45
2026-03-12 07:00:00,3735.23
2026-03-12 07:15:00,3633.61
2026-03-12 07:30:00,3447.19
2026-03-12 07:45:00,3549.64
2026-03-12 08:00:00,3769.81
2026-03-12 08:15:00,4111.2
2026-03-12 08:30:00,3402.98
2026-03-12 08:45:00,2957.47
2026-03-12 09:00:00,3024.3
2026-03-12 09:15:00,2888.56
2026-03-12 09:30:00,2634.69
2026-03-12 09:45:00,2844.31
2026-03-12 10:00:00,2499.32
2026-03-12 10:15:00,2071.5
2026-03-12 10:30:00,1889.89
2026-03-12 10:45:00,2313.91
2026-03-12 11:00:00,2564.77
2026-03-12 11:15:00,2231.7
2026-03-12 11:30:00,1721.06
2026-03-12 11:45:00,1513.47
2026-03-12 12:00:00,2332.06
2026-03-12 12:15:00,1876.02
2026-03-12 12:30:00,2051.39
2026-03-12 12:45:00,2050.84
2026-03-12 13:00:00,2094.2
2026-03-12 13:15:00,2256.6
2026-03-12 13:30:00,2323.3
2026-03-12 13:45:00,1504.25
2026-03-12 14:00:00,1464.59
2026-03-12 14:15:00,1565.16
2026-03-12 14:30:00,1401.51
2026-03-12 14:45:00,1625.03
2026-03-12 15:00:00,1860.55
2026-03-12 15:15:00,2150.18
2026-03-12 15:30:00,1970.24
2026-03-12 15:45:00,2308.89
2026-03-12 16:00:00,2781.11
2026-03-12 16:15:00,4022.91
2026-03-12 16:30:00,4691.52
2026-03-12 16:45:00,4371.97
2026-03-12 17:00:00,4145.97
2026-03-12 17:15:00,4470.74
2026-03-12 17:30:00,5337.47
2026-03-12 17:45:00,6726.47
2026-03-12 18:00:00,7844.02
2026-03-12 18:15:00,8249.1
2026-03-12 18:30:00,8373.6
2026-03-12 18:45:00,8459.36
2026-03-12 19:00:00,8346.18
2026-03-12 19:15:00,8180.18
2026-03-12 19:30:00,8627.13
2026-03-12 19:45:00,8778.95
2026-03-12 20:00:00,8750.87
2026-03-12 20:15:00,8649.73
2026-03-12 20:30:00,8991.87
2026-03-12 20:45:00,8819.34
2026-03-12 21:00:00,9266.25
2026-03-12 21:15:00,8825.58
2026-03-12 21:30:00,8681.76
2026-03-12 21:45:00,8230.38
2026-03-12 22:00:00,7894.69
2026-03-12 22:15:00,7599.74
2026-03-12 22:30:00,7140.03
2026-03-12 22:45:00,6690.88
2026-03-12 23:00:00,6125.93
2026-03-12 23:15:00,5775.94
2026-03-12 23:30:00,5295.75
2026-03-12 23:45:00,5053.09
2026-03-13 00:00:00,6170.21
2026-03-13 00:15:00,5645.62
2026-03-13 00:30:00,5151.14
2026-03-13 00:45:00,4537.41
2026-03-13 01:00:00,4242.82
2026-03-13 01:15:00,4173.65
2026-03-13 01:30:00,4298.0
2026-03-13 01:45:00,3904.86
2026-03-13 02:00:00,3713.07
2026-03-13 02:15:00,3533.49
2026-03-13 02:30:00,3462.72
2026-03-13 02:45:00,3207.69
2026-03-13 03:00:00,3414.27
2026-03-13 03:15:00,3416.78
2026-03-13 03:30:00,3302.69
2026-03-13 03:45:00,3214.52
2026-03-13 04:00:00,3022.72
2026-03-13 04:15:00,2900.56
2026-03-13 04:30:00,2772.53
2026-03-13 04:45:00,2772.0
2026-03-13 05:00:00,3026.88
2026-03-13 05:15:00,3233.97
2026-03-13 05:30:00,3152.44
2026-03-13 05:45:00,3130.17
2026-03-13 06:00:00,3153.43
2026-03-13 06:15:00,3443.6
2026-03-13 06:30:00,3929.91
2026-03-13 06:45:00,4037.54
2026-03-13 07:00:00,3191.19
2026-03-13 07:15:00,2845.34
2026-03-13 07:30:00,2694.74
2026-03-13 07:45:00,2743.48
2026-03-13 08:00:00,3496.43
2026-03-13 08:15:00,3817.67
2026-03-13 08:30:00,3361.35
2026-03-13 08:45:00,3073.96
2026-03-13 09:00:00,2386.92
2026-03-13 09:15:00,2643.01
2026-03-13 09:30:00,2329.33
2026-03-13 09:45:00,2067.81
2026-03-13 10:00:00,2242.84
2026-03-13 10:15:00,2136.11
2026-03-13 10:30:00,1397.08
2026-03-13 10:45:00,1292.34
2026-03-13 11:00:00,1459.46
2026-03-13 11:15:00,1629.36
2026-03-13 11:30:00,1114.98
2026-03-13 11:45:00,605.17
2026-03-13 12:00:00,1149.36
2026-03-13 12:15:00,1137.14
2026-03-13 12:30:00,1055.95
2026-03-13 12:45:00,816.8
2026-03-13 13:00:00,1139.04
2026-03-13 13:15:00,1133.58
2026-03-13 13:30:00,1023.45
2026-03-13 13:45:00,894.33
2026-03-13 14:00:00,420.79
2026-03-13 14:15:00,733.11
2026-03-13 14:30:00,984.96
2026-03-13 14:45:00,1043.46
2026-03-13 15:00:00,872.27
2026-03-13 15:15:00,943.78
2026-03-13 15:30:00,1301.97
2026-03-13 15:45:00,2453.13
2026-03-13 16:00:00,2656.71
2026-03-13 16:15:00,3656.17
2026-03-13 16:30:00,3901.25
2026-03-13 16:45:00,4032.7
2026-03-13 17:00:00,3976.58
2026-03-13 17:15:00,4496.66
2026-03-13 17:30:00,5730.06
2026-03-13 17:45:00,6546.94
2026-03-13 18:00:00,7500.43
2026-03-13 18:15:00,7903.21
2026-03-13 18:30:00,7695.32
2026-03-13 18:45:00,8285.66
2026-03-13 19:00:00,8299.73
2026-03-13 19:15:00,7718.51
2026-03-13 19:30:00,7592.87
2026-03-13 19:45:00,7896.32
2026-03-13 20:00:00,7993.22
2026-03-13 20:15:00,8926.51
2026-03-13 20:30:00,9089.83
2026-03-13 20:45:00,8861.23
2026-03-13 21:00:00,7940.17
2026-03-13 21:15:00,8099.2
2026-03-13 21:30:00,7707.38
2026-03-13 21:45:00,7412.29
2026-03-13 22:00:00,7059.4
2026-03-13 22:15:00,6729.86
2026-03-13 22:30:00,6458.74
2026-03-13 22:45:00,6159.78
2026-03-13 23:00:00,6034.81
2026-03-13 23:15:00,5204.11
2026-03-13 23:30:00,4498.1
2026-03-13 23:45:00,4195.07
2026-03-14 00:00:00,6134.53
2026-03-14 00:15:00,5404.95
2026-03-14 00:30:00,5055.05
2026-03-14 00:45:00,4767.65
2026-03-14 01:00:00,4154.59
2026-03-14 01:15:00,4030.12
2026-03-14 01:30:00,4032.14
2026-03-14 01:45:00,3588.46
2026-03-14 02:00:00,3326.29
2026-03-14 02:15:00,3704.42
2026-03-14 02:30:00,3382.71
2026-03-14 02:45:00,3450.28
2026-03-14 03:00:00,3673.87
2026-03-14 03:15:00,3569.84
2026-03-14 03:30:00,3059.74
2026-03-14 03:45:00,3219.22
2026-03-14 04:00:00,3250.41
2026-03-14 04:15:00,3222.88
2026-03-14 04:30:00,3097.19
2026-03-14 04:45:00,3072.61
2026-03-14 05:00:00,3584.93
2026-03-14 05:15:00,3323.13
2026-03-14 05:30:00,3414.4
2026-03-14 05:45:00,3498.45
2026-03-14 06:00:00,3512.82
2026-03-14 06:15:00,3416.48
2026-03-14 06:30:00,3800.09
2026-03-14 06:45:00,4146.67
2026-03-14 07:00:00,3856.1
2026-03-14 07:15:00,3899.5
2026-03-14 07:30:00,3834.22
2026-03-14 07:45:00,4252.54
2026-03-14 08:00:00,4136.19
2026-03-14 08:15:00,3113.51
2026-03-14 08:30:00,2971.18
2026-03-14 08:45:00,2495.05
2026-03-14 09:00:00,2479.91
2026-03-14 09:15:00,2707.68
2026-03-14 09:30:00,2465.48
2026-03-14 09:45:00,2597.37
2026-03-14 10:00:00,2347.71
2026-03-14 10:15:00,1890.3
2026-03-14 10:30:00,1435.94
2026-03-14 10:45:00,1412.57
2026-03-14 11:00:00,1335.26
2026-03-14 11:15:00,1362.63
2026-03-14 11:30:00,1107.9
2026-03-14 11:45:00,885.84
2026-03-14 12:00:00,1655.56
2026-03-14 12:15:00,1388.24
2026-03-14 12:30:00,1455.82
2026-03-14 12:45:00,1538.98
2026-03-14 13:00:00,1732.07
2026-03-14 13:15:00,1853.95
2026-03-14 13:30:00,2195.2
2026-03-14 13:45:00,1380.97
2026-03-14 14:00:00,980.23
2026-03-14 14:15:00,1456.7
2026-03-14 14:30:00,1335.41
2026-03-14 14:45:00,675.79
2026-03-14 15:00:00,867.0
2026-03-14 15:15:00,1002.61
2026-03-14 15:30:00,1482.7
2026-03-14 15:45:00,2228.33
2026-03-14 16:00:00,2928.07
2026-03-14 16:15:00,3598.41
2026-03-14 16:30:00,2988.35
2026-03-14 16:45:00,3889.84
2026-03-14 17:00:00,4268.28
2026-03-14 17:15:00,4835.81
2026-03-14 17:30:00,5429.72
2026-03-14 17:45:00,5989.46
2026-03-14 18:00:00,7248.19
2026-03-14 18:15:00,7509.03
2026-03-14 18:30:00,7489.07
2026-03-14 18:45:00,8339.18
2026-03-14 19:00:00,8527.92
2026-03-14 19:15:00,7402.27
2026-03-14 19:30:00,7056.01
2026-03-14 19:45:00,8031.16
2026-03-14 20:00:00,8380.14
2026-03-14 20:15:00,7461.27
2026-03-14 20:30:00,8184.32
2026-03-14 20:45:00,7876.55
2026-03-14 21:00:00,7063.17
2026-03-14 21:15:00,7119.44
2026-03-14 21:30:00,7546.06
2026-03-14 21:45:00,7742.21
2026-03-14 22:00:00,7687.09
2026-03-14 22:15:00,7292.12
2026-03-14 22:30:00,6604.43
2026-03-14 22:45:00,5844.01
2026-03-14 23:00:00,5440.82
2026-03-14 23:15:00,4861.06
2026-03-14 23:30:00,4598.72
2026-03-14 23:45:00,4475.81
2026-03-15 00:00:00,5938.85
2026-03-15 00:15:00,5393.06
2026-03-15 00:30:00,5481.89
2026-03-15 00:45:00,5230.13
2026-03-15 01:00:00,4827.84
2026-03-15 01:15:00,4538.53
2026-03-15 01:30:00,3769.77
2026-03-15 01:45:00,3307.88
2026-03-15 02:00:00,3345.14
2026-03-15 02:15:00,3112.2
2026-03-15 02:30:00,3048.36
2026-03-15 02:45:00,2942.13
2026-03-15 03:00:00,3131.42
2026-03-15 03:15:00,2883.62
2026-03-15 03:30:00,2932.27
2026-03-15 03:45:00,2898.09
2026-03-15 04:00:00,2553.81
2026-03-15 04:15:00,2612.86
2026-03-15 04:30:00,2755.79
2026-03-15 04:45:00,2888.42
2026-03-15 05:00:00,2916.27
2026-03-15 05:15:00,3151.44
2026-03-15 05:30:00,3293.29
2026-03-15 05:45:00,3224.48
2026-03-15 06:00:00,2800.84
2026-03-15 06:15:00,3231.22
2026-03-15 06:30:00,4108.88
2026-03-15 06:45:00,4420.68
2026-03-15 07:00:00,5264.08
2026-03-15 07:15:00,5678.73
2026-03-15 07:30:00,5689.83
2026-03-15 07:45:00,5953.76
2026-03-15 08:00:00,5569.64
2026-03-15 08:15:00,5694.81
2026-03-15 08:30:00,5141.01
2026-03-15 08:45:00,5040.67
2026-03-15 09:00:00,5182.89
2026-03-15 09:15:00,5054.28
2026-03-15 09:30:00,5244.09
2026-03-15 09:45:00,5255.39
2026-03-15 10:00:00,5211.78
2026-03-15 10:15:00,5035.12
2026-03-15 10:30:00,5491.96
2026-03-15 10:45:00,5362.22
2026-03-15 11:00:00,5867.3
2026-03-15 11:15:00,5842.25
2026-03-15 11:30:00,5722.2
2026-03-15 11:45:00,4801.38
2026-03-15 12:00:00,4798.31
2026-03-15 12:15:00,4795.17
2026-03-15 12:30:00,4627.57
2026-03-15 12:45:00,4447.28
2026-03-15 13:00:00,4493.12
2026-03-15 13:15:00,4539.89
2026-03-15 13:30:00,4852.17
2026-03-15 13:45:00,4746.84
2026-03-15 14:00:00,4459.78
2026-03-15 14:15:00,4588.34
2026-03-15 14:30:00,4363.92
2026-03-15 14:45:00,4668.81
2026-03-15 15:00:00,4812.22
2026-03-15 15:15:00,4942.32
2026-03-15 15:30:00,4848.59
2026-03-15 15:45:00,4910.1
2026-03-15 16:00:00,5138.32
2026-03-15 16:15:00,5375.4
2026-03-15 16:30:00,5588.36
2026-03-15 16:45:00,5763.52
2026-03-15 17:00:00,6189.83
2026-03-15 17:15:00,6838.2
2026-03-15 17:30:00,7046.12
2026-03-15 17:45:00,7591.88
2026-03-15 18:00:00,7726.25
2026-03-15 18:15:00,8032.67
2026-03-15 18:30:00,8671.4
2026-03-15 18:45:00,8758.83
2026-03-15 19:00:00,8624.41
2026-03-15 19:15:00,8541.75
2026-03-15 19:30:00,8343.28
2026-03-15 19:45:00,8555.05
2026-03-15 20:00:00,9087.51
2026-03-15 20:15:00,8867.3
2026-03-15 20:30:00,9115.96
2026-03-15 20:45:00,8284.86
2026-03-15 21:00:00,7982.66
2026-03-15 21:15:00,8419.69
2026-03-15 21:30:00,8441.96
2026-03-15 21:45:00,8492.98
2026-03-15 22:00:00,8219.25
2026-03-15 22:15:00,8015.17
2026-03-15 22:30:00,7244.58
2026-03-15 22:45:00,6672.7
2026-03-15 23:00:00,6199.01
2026-03-15 23:15:00,5718.54
2026-03-15 23:30:00,4918.29
2026-03-15 23:45:00,5099.9
2026-03-16 00:00:00,5886.32
2026-03-16 00:15:00,5442.65
2026-03-16 00:30:00,4981.12
2026-03-16 00:45:00,4746.41
2026-03-16 01:00:00,4585.14
2026-03-16 01:15:00,4253.62
2026-03-16 01:30:00,4031.85
2026-03-16 01:45:00,3833.94
2026-03-16 02:00:00,3916.66
2026-03-16 02:15:00,3596.26
2026-03-16 02:30:00,3613.0
2026-03-16 02:45:00,3561.79
2026-03-16 03:00:00,3335.71
2026-03-16 03:15:00,3354.85
2026-03-16 03:30:00,3214.84
2026-03-16 03:45:00,3337.03
2026-03-16 04:00:00,3376.44
2026-03-16 04:15:00,3325.22
2026-03-16 04:30:00,3117.92
2026-03-16 04:45:00,2901.5
2026-03-16 05:00:00,3052.24
2026-03-16 05:15:00,3335.97
2026-03-16 05:30:00,3553.21
2026-03-16 05:45:00,3604.88
2026-03-16 06:00:00,3762.88
2026-03-16 06:15:00,3532.82
2026-03-16 06:30:00,3875.08
2026-03-16 06:45:00,4413.33
2026-03-16 07:00:00,4684.95
2026-03-16 07:15:00,4555.31
2026-03-16 07:30:00,4415.21
2026-03-16 07:45:00,4942.41
2026-03-16 08:00:00,5602.76
2026-03-16 08:15:00,5670.73
2026-03-16 08:30:00,5349.25
2026-03-16 08:45:00,5451.12
2026-03-16 09:00:00,5498.1
2026-03-16 09:15:00,4856.68
2026-03-16 09:30:00,4831.67
2026-03-16 09:45:00,4838.58
2026-03-16 10:00:00,5025.79
2026-03-16 10:15:00,4617.73
2026-03-16 10:30:00,4547.66
2026-03-16 10:45:00,5035.04
2026-03-16 11:00:00,5126.0
2026-03-16 11:15:00,5049.15
2026-03-16 11:30:00,4817.04
2026-03-16 11:45:00,4367.13
2026-03-16 12:00:00,5061.48
2026-03-16 12:15:00,4921.79
2026-03-16 12:30:00,4615.74
2026-03-16 12:45:00,4231.8
2026-03-16 13:00:00,4084.12
2026-03-16 13:15:00,4077.11
2026-03-16 13:30:00,3941.94
2026-03-16 13:45:00,4013.84
2026-03-16 14:00:00,3620.58
2026-03-16 14:15:00,4012.15
2026-03-16 14:30:00,4216.82
2026-03-16 14:45:00,4430.67
2026-03-16 15:00:00,4469.65
2026-03-16 15:15:00,4524.16
2026-03-16 15:30:00,4606.39
2026-03-16 15:45:00,4657.64
2026-03-16 16:00:00,4379.37
2026-03-16 16:15:00,4591.92
2026-03-16 16:30:00,5095.81
2026-03-16 16:45:00,5552.46
2026-03-16 17:00:00,6068.81
2026-03-16 17:15:00,6231.29
2026-03-16 17:30:00,6936.53
2026-03-16 17:45:00,7460.04
2026-03-16 18:00:00,7735.71
2026-03-16 18:15:00,8338.46
2026-03-16 18:30:00,7661.56
2026-03-16 18:45:00,7847.97
2026-03-16 19:00:00,8124.09
2026-03-16 19:15:00,8140.42
2026-03-16 19:30:00,7912.42
2026-03-16 19:45:00,7960.36
2026-03-16 20:00:00,7377.39
2026-03-16 20:15:00,7803.27
2026-03-16 20:30:00,8212.67
2026-03-16 20:45:00,8351.05
2026-03-16 21:00:00,8020.8
2026-03-16 21:15:00,8156.34
2026-03-16 21:30:00,8403.74
2026-03-16 21:45:00,8096.26
2026-03-16 22:00:00,8156.71
2026-03-16 22:15:00,6955.52
2026-03-16 22:30:00,6205.15
2026-03-16 22:45:00,5867.57
2026-03-16 23:00:00,5293.63
2026-03-16 23:15:00,4808.19
2026-03-16 23:30:00,4581.44
2026-03-16 23:45:00,4748.16
2026-03-17 00:00:00,6339.04
2026-03-17 00:15:00,5759.62
2026-03-17 00:30:00,5385.03
2026-03-17 00:45:00,5486.59
2026-03-17 01:00:00,4974.31
2026-03-17 01:15:00,5270.96
2026-03-17 01:30:00,4726.29
2026-03-17 01:45:00,4462.14
2026-03-17 02:00:00,4640.78
2026-03-17 02:15:00,4636.91
2026-03-17 02:30:00,4419.25
2026-03-17 02:45:00,4209.27
2026-03-17 03:00:00,3949.93
2026-03-17 03:15:00,3851.43
2026-03-17 03:30:00,4093.56
2026-03-17 03:45:00,3902.05
2026-03-17 04:00:00,4220.73
2026-03-17 04:15:00,4207.63
2026-03-17 04:30:00,3682.02
2026-03-17 04:45:00,3752.46
2026-03-17 05:00:00,4066.36
2026-03-17 05:15:00,3815.79
2026-03-17 05:30:00,3880.78
2026-03-17 05:45:00,3835.81
2026-03-17 06:00:00,4095.24
2026-03-17 06:15:00,4430.46
2026-03-17 06:30:00,4826.2
2026-03-17 06:45:00,5023.79
2026-03-17 07:00:00,5295.37
2026-03-17 07:15:00,4953.71
2026-03-17 07:30:00,5014.13
2026-03-17 07:45:00,5121.61
2026-03-17 08:00:00,5934.28
2026-03-17 08:15:00,6070.41
2026-03-17 08:30:00,6098.35
2026-03-17 08:45:00,5731.42
2026-03-17 09:00:00,5541.01
2026-03-17 09:15:00,5006.27
2026-03-17 09:30:00,5019.23
2026-03-17 09:45:00,4970.09
2026-03-17 10:00:00,4499.96
2026-03-17 10:15:00,4567.08
2026-03-17 10:30:00,4512.79
2026-03-17 10:45:00,4763.54
2026-03-17 11:00:00,4518.51
2026-03-17 11:15:00,4402.21
2026-03-17 11:30:00,4230.31
2026-03-17 11:45:00,4037.94
2026-03-17 12:00:00,4568.93
2026-03-17 12:15:00,4262.78
2026-03-17 12:30:00,4343.56
2026-03-17 12:45:00,4452.66
2026-03-17 13:00:00,4557.13
2026-03-17 13:15:00,4715.87
2026-03-17 13:30:00,5053.26
2026-03-17 13:45:00,4868.36
2026-03-17 14:00:00,4854.33
2026-03-17 14:15:00,5104.8
2026-03-17 14:30:00,5212.23
2026-03-17 14:45:00,5147.23
2026-03-17 15:00:00,5242.91
2026-03-17 15:15:00,5435.56
2026-03-17 15:30:00,5731.4
2026-03-17 15:45:00,5489.74
2026-03-17 16:00:00,5387.93
2026-03-17 16:15:00,5543.83
2026-03-17 16:30:00,5896.69
2026-03-17 16:45:00,6073.33
2026-03-17 17:00:00,6265.28
2026-03-17 17:15:00,6599.65
2026-03-17 17:30:00,6965.43
2026-03-17 17:45:00,7474.78
2026-03-17 18:00:00,7973.34
2026-03-17 18:15:00,8331.67
2026-03-17 18:30:00,8450.08
2026-03-17 18:45:00,7849.42
2026-03-17 19:00:00,7774.32
2026-03-17 19:15:00,7725.52
2026-03-17 19:30:00,7603.75
2026-03-17 19:45:00,7653.62
2026-03-17 20:00:00,8270.69
2026-03-17 20:15:00,7999.44
2026-03-17 20:30:00,7632.13
2026-03-17 20:45:00,7579.02
2026-03-17 21:00:00,7330.19
2026-03-17 21:15:00,6715.63
2026-03-17 21:30:00,6656.47
2026-03-17 21:45:00,6578.41
2026-03-17 22:00:00,6302.46
2026-03-17 22:15:00,5989.73
2026-03-17 22:30:00,6039.76
2026-03-17 22:45:00,5848.05
2026-03-17 23:00:00,5627.41
2026-03-17 23:15:00,5256.17
2026-03-17 23:30:00,5014.55
2026-03-17 23:45:00,4650.37
2026-03-18 00:00:00,6392.85
2026-03-18 00:15:00,6251.56
2026-03-18 00:30:00,5389.57
2026-03-18 00:45:00,4767.19
2026-03-18 01:00:00,4248.13
2026-03-18 01:15:00,3925.2
2026-03-18 01:30:00,3632.55
2026-03-18 01:45:00,3748.93
2026-03-18 02:00:00,3559.66
2026-03-18 02:15:00,3376.78
2026-03-18 02:30:00,3319.96
2026-03-18 02:45:00,3244.44
2026-03-18 03:00:00,3531.92
2026-03-18 03:15:00,3441.59
2026-03-18 03:30:00,3646.08
2026-03-18 03:45:00,3342.14
2026-03-18 04:00:00,3464.57
2026-03-18 04:15:00,3613.17
2026-03-18 04:30:00,3530.35
2026-03-18 04:45:00,3506.87
2026-03-18 05:00:00,3502.27
2026-03-18 05:15:00,3491.7
2026-03-18 05:30:00,3653.75
2026-03-18 05:45:00,3742.44
2026-03-18 06:00:00,3868.55
2026-03-18 06:15:00,3995.08
2026-03-18 06:30:00,4930.4
2026-03-18 06:45:00,5630.73
2026-03-18 07:00:00,5740.02
2026-03-18 07:15:00,6114.42
2026-03-18 07:30:00,6306.66
2026-03-18 07:45:00,6874.21
2026-03-18 08:00:00,7146.56
2026-03-18 08:15:00,7234.54
2026-03-18 08:30:00,6898.3
2026-03-18 08:45:00,6882.27
2026-03-18 09:00:00,6731.37
2026-03-18 09:15:00,6702.34
2026-03-18 09:30:00,6744.72
2026-03-18 09:45:00,6848.26
2026-03-18 10:00:00,6843.53
2026-03-18 10:15:00,6833.01
2026-03-18 10:30:00,6989.75
2026-03-18 10:45:00,6749.58
2026-03-18 11:00:00,6687.2
2026-03-18 11:15:00,6762.01
2026-03-18 11:30:00,6533.09
2026-03-18 11:45:00,6955.94
2026-03-18 12:00:00,7084.91
2026-03-18 12:15:00,7182.87
2026-03-18 12:30:00,7421.31
2026-03-18 12:45:00,7258.3
2026-03-18 13:00:00,7065.99
2026-03-18 13:15:00,6376.72
2026-03-18 13:30:00,6411.88
2026-03-18 13:45:00,6597.39
2026-03-18 14:00:00,6316.65
2026-03-18 14:15:00,6618.61
2026-03-18 14:30:00,7012.8
2026-03-18 14:45:00,7032.28
2026-03-18 15:00:00,6657.14
2026-03-18 15:15:00,6903.54
2026-03-18 15:30:00,7362.08
2026-03-18 15:45:00,7171.55
2026-03-18 16:00:00,7356.77
2026-03-18 16:15:00,7471.05
2026-03-18 16:30:00,7652.18
2026-03-18 16:45:00,7168.11
2026-03-18 17:00:00,7215.64
2026-03-18 17:15:00,7876.0
2026-03-18 17:30:00,7853.17
2026-03-18 17:45:00,7930.83
2026-03-18 18:00:00,8120.79
2026-03-18 18:15:00,7845.37
2026-03-18 18:30:00,7824.86
2026-03-18 18:45:00,8000.26
2026-03-18 19:00:00,8060.14
2026-03-18 19:15:00,7803.49
2026-03-18 19:30:00,7761.46
2026-03-18 19:45:00,7711.58
2026-03-18 20:00:00,7618.38
2026-03-18 20:15:00,7824.59
2026-03-18 20:30:00,8004.9
2026-03-18 20:45:00,7952.28
2026-03-18 21:00:00,7944.07
2026-03-18 21:15:00,7729.8
2026-03-18 21:30:00,7739.58
2026-03-18 21:45:00,7871.01
2026-03-18 22:00:00,7242.51
2026-03-18 22:15:00,6604.62
2026-03-18 22:30:00,6713.45
2026-03-18 22:45:00,6678.75
2026-03-18 23:00:00,6303.31
2026-03-18 23:15:00,5773.21
2026-03-18 23:30:00,5490.18
2026-03-18 23:45:00,4916.02
2026-03-19 00:00:00,6697.98
2026-03-19 00:15:00,5705.79
2026-03-19 00:30:00,5592.27
2026-03-19 00:45:00,5417.62
2026-03-19 01:00:00,4946.53
2026-03-19 01:15:00,4777.16
2026-03-19 01:30:00,4609.67
2026-03-19 01:45:00,4373.0
2026-03-19 02:00:00,4247.11
2026-03-19 02:15:00,4580.72
2026-03-19 02:30:00,4608.08
2026-03-19 02:45:00,4214.36
2026-03-19 03:00:00,4534.53
2026-03-19 03:15:00,4471.68
2026-03-19 03:30:00,4378.21
2026-03-19 03:45:00,4349.86
2026-03-19 04:00:00,4372.12
2026-03-19 04:15:00,4522.91
2026-03-19 04:30:00,4450.88
2026-03-19 04:45:00,4355.65
2026-03-19 05:00:00,4448.89
2026-03-19 05:15:00,4325.05
2026-03-19 05:30:00,4280.66
2026-03-19 05:45:00,4457.52
2026-03-19 06:00:00,4403.97
2026-03-19 06:15:00,4835.95
2026-03-19 06:30:00,5711.52
2026-03-19 06:45:00,6049.23
2026-03-19 07:00:00,6110.39
2026-03-19 07:15:00,6443.65
2026-03-19 07:30:00,6620.09
2026-03-19 07:45:00,6898.07
2026-03-19 08:00:00,6944.49
2026-03-19 08:15:00,6940.87
2026-03-19 08:30:00,6546.1
2026-03-19 08:45:00,6585.32
2026-03-19 09:00:00,6653.1
2026-03-19 09:15:00,6685.08
2026-03-19 09:30:00,6615.84
2026-03-19 09:45:00,6861.46
2026-03-19 10:00:00,6874.83
2026-03-19 10:15:00,6884.58
2026-03-19 10:30:00,6842.34
2026-03-19 10:45:00,6937.92
2026-03-19 11:00:00,6866.55
2026-03-19 11:15:00,7034.31
2026-03-19 11:30:00,6918.22
2026-03-19 11:45:00,6452.86
2026-03-19 12:00:00,6766.5
2026-03-19 12:15:00,7102.53
2026-03-19 12:30:00,7142.14
2026-03-19 12:45:00,7089.62
2026-03-19 13:00:00,6922.9
2026-03-19 13:15:00,6859.58
2026-03-19 13:30:00,6858.76
2026-03-19 13:45:00,6758.73
2026-03-19 14:00:00,6720.56
2026-03-19 14:15:00,7044.18
2026-03-19 14:30:00,6834.29
2026-03-19 14:45:00,6742.76
2026-03-19 15:00:00,7086.53
2026-03-19 15:15:00,6928.39
2026-03-19 15:30:00,6717.65
2026-03-19 15:45:00,6589.34
2026-03-19 16:00:00,6757.93
2026-03-19 16:15:00,7281.14
2026-03-19 16:30:00,7417.6
2026-03-19 16:45:00,7305.99
2026-03-19 17:00:00,7302.99
2026-03-19 17:15:00,7487.58
2026-03-19 17:30:00,7398.02
2026-03-19 17:45:00,7236.56
2026-03-19 18:00:00,7424.17
2026-03-19 18:15:00,7320.05
2026-03-19 18:30:00,7480.13
2026-03-19 18:45:00,7609.87
2026-03-19 19:00:00,7400.48
2026-03-19 19:15:00,7439.89
2026-03-19 19:30:00,7529.53
2026-03-19 19:45:00,7701.87
2026-03-19 20:00:00,7544.73
2026-03-19 20:15:00,7792.03
2026-03-19 20:30:00,7733.25
2026-03-19 20:45:00,7427.8
2026-03-19 21:00:00,7451.38
2026-03-19 21:15:00,7657.72
2026-03-19 21:30:00,7559.0
2026-03-19 21:45:00,7326.41
2026-03-19 22:00:00,7217.7
2026-03-19 22:15:00,7016.66
2026-03-19 22:30:00,6822.88
2026-03-19 22:45:00,6783.34
2026-03-19 23:00:00,6515.81
2026-03-19 23:15:00,5901.14
2026-03-19 23:30:00,5333.75
2026-03-19 23:45:00,5224.61
2026-03-20 00:00:00,6590.18
2026-03-20 00:15:00,6025.24
2026-03-20 00:30:00,5743.38
2026-03-20 00:45:00,5519.8
2026-03-20 01:00:00,5645.25
2026-03-20 01:15:00,5847.71
2026-03-20 01:30:00,5547.23
2026-03-20 01:45:00,5286.33
2026-03-20 02:00:00,4922.33
2026-03-20 02:15:00,4693.93
2026-03-20 02:30:00,4518.91
2026-03-20 02:45:00,4479.07
2026-03-20 03:00:00,4427.08
2026-03-20 03:15:00,4858.95
2026-03-20 03:30:00,4770.72
2026-03-20 03:45:00,4711.28
2026-03-20 04:00:00,4936.02
2026-03-20 04:15:00,5255.61
2026-03-20 04:30:00,5153.11
2026-03-20 04:45:00,4665.56
2026-03-20 05:00:00,4652.44
2026-03-20 05:15:00,4687.41
2026-03-20 05:30:00,4710.26
2026-03-20 05:45:00,5002.28
2026-03-20 06:00:00,5393.42
2026-03-20 06:15:00,6120.16
2026-03-20 06:30:00,6571.03
2026-03-20 06:45:00,6212.36
2026-03-20 07:00:00,6759.68
2026-03-20 07:15:00,7129.64
2026-03-20 07:30:00,6992.75
2026-03-20 07:45:00,7347.29
2026-03-20 08:00:00,7208.25
2026-03-20 08:15:00,7377.93
2026-03-20 08:30:00,7564.38
2026-03-20 08:45:00,7153.29
2026-03-20 09:00:00,7098.4
2026-03-20 09:15:00,7209.52
2026-03-20 09:30:00,7394.25
2026-03-20 09:45:00,7604.38
2026-03-20 10:00:00,7009.75
2026-03-20 10:15:00,6744.75
2026-03-20 10:30:00,6740.88
2026-03-20 10:45:00,6875.71
2026-03-20 11:00:00,6982.54
2026-03-20 11:15:00,6590.33
2026-03-20 11:30:00,6470.77
2026-03-20 11:45:00,6179.1
2026-03-20 12:00:00,6730.46
2026-03-20 12:15:00,6674.03
2026-03-20 12:30:00,6492.01
2026-03-20 12:45:00,6680.84
2026-03-20 13:00:00,6399.03
2026-03-20 13:15:00,6677.3
2026-03-20 13:30:00,6664.07
2026-03-20 13:45:00,6321.89
2026-03-20 14:00:00,6067.57
2026-03-20 14:15:00,6348.69
2026-03-20 14:30:00,6626.65
2026-03-20 14:45:00,6521.7
2026-03-20 15:00:00,6494.14
2026-03-20 15:15:00,6509.49
2026-03-20 15:30:00,6816.18
2026-03-20 15:45:00,6712.56
2026-03-20 16:00:00,6627.57
2026-03-20 16:15:00,7194.03
2026-03-20 16:30:00,7420.14
2026-03-20 16:45:00,7611.62
2026-03-20 17:00:00,7642.95
2026-03-20 17:15:00,7385.75
2026-03-20 17:30:00,7207.22
2026-03-20 17:45:00,7444.66
2026-03-20 18:00:00,7659.04
2026-03-20 18:15:00,7461.08
2026-03-20 18:30:00,7531.07
2026-03-20 18:45:00,7570.01
2026-03-20 19:00:00,7594.36
2026-03-20 19:15:00,7549.56
2026-03-20 19:30:00,7836.09
2026-03-20 19:45:00,7932.76
2026-03-20 20:00:00,7930.51
2026-03-20 20:15:00,7905.81
2026-03-20 20:30:00,7875.03
2026-03-20 20:45:00,7992.24
2026-03-20 21:00:00,7770.79
2026-03-20 21:15:00,7908.15
2026-03-20 21:30:00,7937.44
2026-03-20 21:45:00,7969.62
2026-03-20 22:00:00,7793.88
2026-03-20 22:15:00,7633.8
2026-03-20 22:30:00,7690.29
2026-03-20 22:45:00,7707.53
2026-03-20 23:00:00,7250.35
2026-03-20 23:15:00,6608.96
2026-03-20 23:30:00,6092.92
2026-03-20 23:45:00,5636.58
2026-03-21 00:00:00,7273.83
2026-03-21 00:15:00,7365.48
2026-03-21 00:30:00,6371.62
2026-03-21 00:45:00,5918.73
2026-03-21 01:00:00,5788.6
2026-03-21 01:15:00,5639.61
2026-03-21 01:30:00,5609.14
2026-03-21 01:45:00,5630.33
2026-03-21 02:00:00,5338.69
2026-03-21 02:15:00,4889.04
2026-03-21 02:30:00,4917.25
2026-03-21 02:45:00,4803.14
2026-03-21 03:00:00,4905.78
2026-03-21 03:15:00,5025.12
2026-03-21 03:30:00,5029.24
2026-03-21 03:45:00,5108.17
2026-03-21 04:00:00,4852.42
2026-03-21 04:15:00,4790.53
2026-03-21 04:30:00,4792.75
2026-03-21 04:45:00,4778.4
2026-03-21 05:00:00,4689.25
2026-03-21 05:15:00,4734.08
2026-03-21 05:30:00,4813.98
2026-03-21 05:45:00,5155.22
2026-03-21 06:00:00,5305.26
2026-03-21 06:15:00,5604.89
2026-03-21 06:30:00,6413.96
2026-03-21 06:45:00,6845.41
2026-03-21 07:00:00,6818.89
2026-03-21 07:15:00,7282.06
2026-03-21 07:30:00,7354.23
2026-03-21 07:45:00,7313.0
2026-03-21 08:00:00,7288.25
2026-03-21 08:15:00,7143.33
2026-03-21 08:30:00,7013.7
2026-03-21 08:45:00,6765.23
2026-03-21 09:00:00,7014.99
2026-03-21 09:15:00,6726.45
2026-03-21 09:30:00,6692.15
2026-03-21 09:45:00,7113.61
2026-03-21 10:00:00,7099.49
2026-03-21 10:15:00,7519.29
2026-03-21 10:30:00,7383.08
2026-03-21 10:45:00,6622.89
2026-03-21 11:00:00,5885.32
2026-03-21 11:15:00,6184.67
2026-03-21 11:30:00,5988.99
2026-03-21 11:45:00,5264.13
2026-03-21 12:00:00,6036.43
2026-03-21 12:15:00,5718.58
2026-03-21 12:30:00,5458.91
2026-03-21 12:45:00,5339.65
2026-03-21 13:00:00,5764.58
2026-03-21 13:15:00,5888.7
2026-03-21 13:30:00,6244.11
2026-03-21 13:45:00,6191.54
2026-03-21 14:00:00,6080.48
2026-03-21 14:15:00,5641.77
2026-03-21 14:30:00,6198.16
2026-03-21 14:45:00,6240.7
2026-03-21 15:00:00,6449.35
2026-03-21 15:15:00,6330.26
2026-03-21 15:30:00,6585.47
2026-03-21 15:45:00,7140.76
2026-03-21 16:00:00,7026.29
2026-03-21 16:15:00,7211.78
2026-03-21 16:30:00,7567.99
2026-03-21 16:45:00,7939.55
2026-03-21 17:00:00,8238.82
2026-03-21 17:15:00,8237.19
2026-03-21 17:30:00,8413.76
2026-03-21 17:45:00,8141.11
2026-03-21 18:00:00,8110.95
2026-03-21 18:15:00,7861.03
2026-03-21 18:30:00,8285.84
2026-03-21 18:45:00,8419.15
2026-03-21 19:00:00,8921.14
2026-03-21 19:15:00,8778.79
2026-03-21 19:30:00,8835.97
2026-03-21 19:45:00,8798.24
2026-03-21 20:00:00,9111.92
2026-03-21 20:15:00,9100.51
2026-03-21 20:30:00,8982.43
2026-03-21 20:45:00,8411.33
2026-03-21 21:00:00,8240.54
2026-03-21 21:15:00,8051.08
2026-03-21 21:30:00,8375.07
2026-03-21 21:45:00,8258.47
2026-03-21 22:00:00,7955.73
2026-03-21 22:15:00,7796.0
2026-03-21 22:30:00,7385.16
2026-03-21 22:45:00,7164.54
2026-03-21 23:00:00,6299.59
2026-03-21 23:15:00,5990.41
2026-03-21 23:30:00,5022.48
2026-03-21 23:45:00,4905.28
2026-03-22 00:00:00,6668.74
2026-03-22 00:15:00,6254.82
2026-03-22 00:30:00,5850.28
2026-03-22 00:45:00,5661.77
2026-03-22 01:00:00,5579.22
2026-03-22 01:15:00,5728.08
2026-03-22 01:30:00,6030.09
2026-03-22 01:45:00,5701.56
2026-03-22 02:00:00,5228.21
2026-03-22 02:15:00,5073.1
2026-03-22 02:30:00,4862.18
2026-03-22 02:45:00,4824.38
2026-03-22 03:00:00,5007.59
2026-03-22 03:15:00,4855.48
2026-03-22 03:30:00,4778.75
2026-03-22 03:45:00,5209.68
2026-03-22 04:00:00,5206.19
2026-03-22 04:15:00,4867.15
2026-03-22 04:30:00,5028.5
2026-03-22 04:45:00,5174.02
2026-03-22 05:00:00,5039.1
2026-03-22 05:15:00,4960.76
2026-03-22 05:30:00,4771.53
2026-03-22 05:45:00,5114.41
2026-03-22 06:00:00,5354.82
2026-03-22 06:15:00,5516.2
2026-03-22 06:30:00,5935.56
2026-03-22 06:45:00,6325.63
2026-03-22 07:00:00,6615.5
2026-03-22 07:15:00,6568.63
2026-03-22 07:30:00,6709.86
2026-03-22 07:45:00,6877.76
2026-03-22 08:00:00,6939.03
2026-03-22 08:15:00,7203.3
2026-03-22 08:30:00,7239.71
2026-03-22 08:45:00,7182.65
2026-03-22 09:00:00,6832.84
2026-03-22 09:15:00,6412.15
2026-03-22 09:30:00,6518.0
2026-03-22 09:45:00,6758.84
2026-03-22 10:00:00,7007.49
2026-03-22 10:15:00,6529.69
2026-03-22 10:30:00,5994.76
2026-03-22 10:45:00,6070.41
2026-03-22 11:00:00,5939.71
2026-03-22 11:15:00,5629.79
2026-03-22 11:30:00,5528.41
2026-03-22 11:45:00,5534.03
2026-03-22 12:00:00,5970.75
2026-03-22 12:15:00,6019.83
2026-03-22 12:30:00,5569.1
2026-03-22 12:45:00,5379.27
2026-03-22 13:00:00,5342.69
2026-03-22 13:15:00,5189.69
2026-03-22 13:30:00,5462.45
2026-03-22 13:45:00,5318.55
2026-03-22 14:00:00,5149.63
2026-03-22 14:15:00,5078.94
2026-03-22 14:30:00,5356.74
2026-03-22 14:45:00,5551.61
2026-03-22 15:00:00,5759.83
2026-03-22 15:15:00,6291.33
2026-03-22 15:30:00,6596.78
2026-03-22 15:45:00,7075.65
2026-03-22 16:00:00,7313.65
2026-03-22 16:15:00,7477.32
2026-03-22 16:30:00,7881.51
2026-03-22 16:45:00,8219.51
2026-03-22 17:00:00,8507.51
2026-03-22 17:15:00,8598.89
2026-03-22 17:30:00,8774.15
2026-03-22 17:45:00,8645.22
2026-03-22 18:00:00,8686.17
2026-03-22 18:15:00,8640.4
2026-03-22 18:30:00,8833.72
2026-03-22 18:45:00,9220.75
2026-03-22 19:00:00,9137.63
2026-03-22 19:15:00,9286.13
2026-03-22 19:30:00,8976.71
2026-03-22 19:45:00,8800.46
2026-03-22 20:00:00,8857.71
2026-03-22 20:15:00,8992.32
2026-03-22 20:30:00,8796.92
2026-03-22 20:45:00,8603.86
2026-03-22 21:00:00,8468.07
2026-03-22 21:15:00,8050.47
2026-03-22 21:30:00,8019.01
2026-03-22 21:45:00,7919.32
2026-03-22 22:00:00,7842.98
2026-03-22 22:15:00,7836.58
2026-03-22 22:30:00,7855.74
2026-03-22 22:45:00,7641.21
2026-03-22 23:00:00,6725.2
2026-03-22 23:15:00,6009.16
2026-03-22 23:30:00,5659.02
2026-03-22 23:45:00,5618.63
2026-03-23 00:00:00,7333.72
2026-03-23 00:15:00,6681.54
2026-03-23 00:30:00,6072.21
2026-03-23 00:45:00,5379.08
2026-03-23 01:00:00,5237.33
2026-03-23 01:15:00,5208.89
2026-03-23 01:30:00,5244.3
2026-03-23 01:45:00,4786.68
2026-03-23 02:00:00,4653.31
2026-03-23 02:15:00,4648.38
2026-03-23 02:30:00,4718.1
2026-03-23 02:45:00,4648.68
2026-03-23 03:00:00,4389.75
2026-03-23 03:15:00,4353.88
2026-03-23 03:30:00,4480.39
2026-03-23 03:45:00,4223.87
2026-03-23 04:00:00,4594.8
2026-03-23 04:15:00,4360.62
2026-03-23 04:30:00,4656.86
2026-03-23 04:45:00,4437.29
2026-03-23 05:00:00,4879.78
2026-03-23 05:15:00,4835.31
2026-03-23 05:30:00,4870.79
2026-03-23 05:45:00,4958.96
2026-03-23 06:00:00,5018.69
2026-03-23 06:15:00,5630.41
2026-03-23 06:30:00,6502.34
2026-03-23 06:45:00,6416.68
2026-03-23 07:00:00,6179.75
2026-03-23 07:15:00,5913.18
2026-03-23 07:30:00,6131.13
2026-03-23 07:45:00,6440.02
2026-03-23 08:00:00,6864.56
2026-03-23 08:15:00,6784.96
2026-03-23 08:30:00,6672.98
2026-03-23 08:45:00,7107.27
2026-03-23 09:00:00,7194.84
2026-03-23 09:15:00,6908.39
2026-03-23 09:30:00,7058.74
2026-03-23 09:45:00,7246.07
2026-03-23 10:00:00,7291.68
2026-03-23 10:15:00,7147.6
2026-03-23 10:30:00,7167.38
2026-03-23 10:45:00,7318.61
2026-03-23 11:00:00,7408.57
2026-03-23 11:15:00,7054.15
2026-03-23 11:30:00,6612.73
2026-03-23 11:45:00,6517.77
2026-03-23 12:00:00,6845.89
2026-03-23 12:15:00,6168.57
2026-03-23 12:30:00,5977.2
2026-03-23 12:45:00,5971.08
2026-03-23 13:00:00,6516.68
2026-03-23 13:15:00,6576.07
2026-03-23 13:30:00,6670.38
2026-03-23 13:45:00,6763.63
2026-03-23 14:00:00,6768.89
2026-03-23 14:15:00,6907.83
2026-03-23 14:30:00,7082.81
2026-03-23 14:45:00,6613.78
2026-03-23 15:00:00,6932.29
2026-03-23 15:15:00,7112.74
2026-03-23 15:30:00,6974.77
2026-03-23 15:45:00,7081.8
2026-03-23 16:00:00,7210.95
2026-03-23 16:15:00,7448.19
2026-03-23 16:30:00,7811.55
2026-03-23 16:45:00,7714.91
2026-03-23 17:00:00,7627.22
2026-03-23 17:15:00,7441.41
2026-03-23 17:30:00,7501.69
2026-03-23 17:45:00,7986.31
2026-03-23 18:00:00,8223.75
2026-03-23 18:15:00,8039.02
2026-03-23 18:30:00,8137.27
2026-03-23 18:45:00,7971.31
2026-03-23 19:00:00,7984.9
2026-03-23 19:15:00,7967.71
2026-03-23 19:30:00,7882.4
2026-03-23 19:45:00,7848.91
2026-03-23 20:00:00,7855.15
2026-03-23 20:15:00,7865.77
2026-03-23 20:30:00,8138.89
2026-03-23 20:45:00,7986.94
2026-03-23 21:00:00,8069.97
2026-03-23 21:15:00,8132.73
2026-03-23 21:30:00,8074.39
2026-03-23 21:45:00,8130.92
2026-03-23 22:00:00,7866.74
2026-03-23 22:15:00,7645.1
2026-03-23 22:30:00,7520.54
2026-03-23 22:45:00,7144.54
2026-03-23 23:00:00,7021.45
2026-03-23 23:15:00,6226.97
2026-03-23 23:30:00,5787.05
2026-03-23 23:45:00,5562.75
2026-03-24 00:00:00,7260.6
2026-03-24 00:15:00,6284.56
2026-03-24 00:30:00,6050.35
2026-03-24 00:45:00,6124.43
2026-03-24 01:00:00,6090.47
2026-03-24 01:15:00,6036.29
2026-03-24 01:30:00,6174.93
2026-03-24 01:45:00,6241.89
2026-03-24 02:00:00,5764.4
2026-03-24 02:15:00,5362.9
2026-03-24 02:30:00,5447.58
2026-03-24 02:45:00,4833.18
2026-03-24 03:00:00,4554.07
2026-03-24 03:15:00,4186.63
2026-03-24 03:30:00,3346.35
2026-03-24 03:45:00,3615.77
2026-03-24 04:00:00,3979.3
2026-03-24 04:15:00,4384.39
2026-03-24 04:30:00,4542.12
2026-03-24 04:45:00,4594.84
2026-03-24 05:00:00,4408.09
2026-03-24 05:15:00,4365.19
2026-03-24 05:30:00,4309.03
2026-03-24 05:45:00,4826.67
2026-03-24 06:00:00,5843.35
2026-03-24 06:15:00,6317.45
2026-03-24 06:30:00,6496.5
2026-03-24 06:45:00,6856.86
2026-03-24 07:00:00,7247.17
2026-03-24 07:15:00,7410.47
2026-03-24 07:30:00,7795.59
2026-03-24 07:45:00,7634.82
2026-03-24 08:00:00,7466.76
2026-03-24 08:15:00,7581.24
2026-03-24 08:30:00,7676.44
2026-03-24 08:45:00,7752.46
2026-03-24 09:00:00,7635.18
2026-03-24 09:15:00,7669.03
2026-03-24 09:30:00,7623.11
2026-03-24 09:45:00,7568.74
2026-03-24 10:00:00,7606.62
2026-03-24 10:15:00,7579.38
2026-03-24 10:30:00,7761.61
2026-03-24 10:45:00,8044.82
2026-03-24 11:00:00,8054.83
2026-03-24 11:15:00,8105.03
2026-03-24 11:30:00,7845.33
2026-03-24 11:45:00,7717.66
2026-03-24 12:00:00,7918.71
2026-03-24 12:15:00,8353.91
2026-03-24 12:30:00,8366.72
2026-03-24 12:45:00,8243.14
2026-03-24 13:00:00,8481.82
2026-03-24 13:15:00,8138.28
2026-03-24 13:30:00,7960.17
2026-03-24 13:45:00,7790.32
2026-03-24 14:00:00,8136.72
2026-03-24 14:15:00,7667.95
2026-03-24 14:30:00,7867.06
2026-03-24 14:45:00,7976.88
2026-03-24 15:00:00,8127.22
2026-03-24 15:15:00,7964.26
2026-03-24 15:30:00,8053.36
2026-03-24 15:45:00,7914.19
2026-03-24 16:00:00,8148.13
2026-03-24 16:15:00,8839.46
2026-03-24 16:30:00,9148.74
2026-03-24 16:45:00,9206.43
2026-03-24 17:00:00,9147.29
2026-03-24 17:15:00,9268.88
2026-03-24 17:30:00,9516.89
2026-03-24 17:45:00,9352.72
2026-03-24 18:00:00,9877.17
2026-03-24 18:15:00,9577.27
2026-03-24 18:30:00,9515.23
2026-03-24 18:45:00,9965.05
2026-03-24 19:00:00,9806.95
2026-03-24 19:15:00,9780.78
2026-03-24 19:30:00,9572.62
2026-03-24 19:45:00,9389.45
2026-03-24 20:00:00,9581.91
2026-03-24 20:15:00,9885.67
2026-03-24 20:30:00,10189.7
2026-03-24 20:45:00,9497.59
2026-03-24 21:00:00,9315.99
2026-03-24 21:15:00,9244.87
2026-03-24 21:30:00,9438.88
2026-03-24 21:45:00,8918.49
2026-03-24 22:00:00,8664.07
2026-03-24 22:15:00,8799.02
2026-03-24 22:30:00,8292.46
2026-03-24 22:45:00,7846.32
2026-03-24 23:00:00,7381.0
2026-03-24 23:15:00,6469.54
2026-03-24 23:30:00,6237.76
2026-03-24 23:45:00,6679.38
2026-03-25 00:00:00,8058.68
2026-03-25 00:15:00,8084.12
2026-03-25 00:30:00,7518.05
2026-03-25 00:45:00,7877.85
2026-03-25 01:00:00,8235.18
2026-03-25 01:15:00,8219.82
2026-03-25 01:30:00,7667.85
2026-03-25 01:45:00,7714.55
2026-03-25 02:00:00,7521.27
2026-03-25 02:15:00,7332.73
2026-03-25 02:30:00,6648.56
2026-03-25 02:45:00,6197.95
2026-03-25 03:00:00,5924.25
2026-03-25 03:15:00,5708.37
2026-03-25 03:30:00,5393.15
2026-03-25 03:45:00,5327.47
2026-03-25 04:00:00,5644.56
2026-03-25 04:15:00,5873.97
2026-03-25 04:30:00,6285.52
2026-03-25 04:45:00,6431.48
2026-03-25 05:00:00,6519.56
2026-03-25 05:15:00,6196.45
2026-03-25 05:30:00,6132.45
2026-03-25 05:45:00,6709.49
2026-03-25 06:00:00,7051.16
2026-03-25 06:15:00,7157.34
2026-03-25 06:30:00,7479.85
2026-03-25 06:45:00,8187.18
2026-03-25 07:00:00,7857.9
2026-03-25 07:15:00,7497.49
2026-03-25 07:30:00,7129.55
2026-03-25 07:45:00,7376.01
2026-03-25 08:00:00,8320.79
2026-03-25 08:15:00,8756.03
2026-03-25 08:30:00,8254.31
2026-03-25 08:45:00,8031.02
2026-03-25 09:00:00,8039.01
2026-03-25 09:15:00,7924.22
2026-03-25 09:30:00,7693.06
2026-03-25 09:45:00,7555.46
2026-03-25 10:00:00,7415.31
2026-03-25 10:15:00,6938.53
2026-03-25 10:30:00,6934.82
2026-03-25 10:45:00,6938.11
2026-03-25 11:00:00,7163.12
2026-03-25 11:15:00,6387.53
2026-03-25 11:30:00,6063.01
2026-03-25 11:45:00,5702.88
2026-03-25 12:00:00,6316.68
2026-03-25 12:15:00,5822.19
2026-03-25 12:30:00,6252.06
2026-03-25 12:45:00,6183.76
2026-03-25 13:00:00,5866.94
2026-03-25 13:15:00,5809.68
2026-03-25 13:30:00,5711.75
2026-03-25 13:45:00,5993.49
2026-03-25 14:00:00,5796.45
2026-03-25 14:15:00,5810.15
2026-03-25 14:30:00,5736.18
2026-03-25 14:45:00,5466.46
2026-03-25 15:00:00,5801.0
2026-03-25 15:15:00,6270.05
2026-03-25 15:30:00,7200.84
2026-03-25 15:45:00,7455.29
2026-03-25 16:00:00,7389.0
2026-03-25 16:15:00,7272.5
2026-03-25 16:30:00,7641.12
2026-03-25 16:45:00,8313.72
2026-03-25 17:00:00,8997.33
2026-03-25 17:15:00,9241.42
2026-03-25 17:30:00,9135.72
2026-03-25 17:45:00,9320.04
2026-03-25 18:00:00,9464.3
2026-03-25 18:15:00,9641.24
2026-03-25 18:30:00,9805.56
2026-03-25 18:45:00,10062.5
2026-03-25 19:00:00,10137.8
2026-03-25 19:15:00,9880.89
2026-03-25 19:30:00,10154.1
2026-03-25 19:45:00,10031.6
2026-03-25 20:00:00,10116.9
2026-03-25 20:15:00,10193.7
2026-03-25 20:30:00,10190.6
2026-03-25 20:45:00,9900.37
2026-03-25 21:00:00,9006.38
2026-03-25 21:15:00,8701.41
2026-03-25 21:30:00,8721.54
2026-03-25 21:45:00,8265.39
2026-03-25 22:00:00,8028.74
2026-03-25 22:15:00,8069.03
2026-03-25 22:30:00,7956.06
2026-03-25 22:45:00,7273.33
2026-03-25 23:00:00,6847.52
2026-03-25 23:15:00,6570.12
2026-03-25 23:30:00,6784.27
2026-03-25 23:45:00,6792.2
2026-03-26 00:00:00,8011.06
2026-03-26 00:15:00,7875.88
2026-03-26 00:30:00,8144.14
2026-03-26 00:45:00,7324.12
2026-03-26 01:00:00,6717.95
2026-03-26 01:15:00,6480.57
2026-03-26 01:30:00,6140.58
2026-03-26 01:45:00,6039.18
2026-03-26 02:00:00,5716.29
2026-03-26 02:15:00,5582.89
2026-03-26 02:30:00,5730.17
2026-03-26 02:45:00,5845.71
2026-03-26 03:00:00,5817.03
2026-03-26 03:15:00,5713.59
2026-03-26 03:30:00,4880.7
2026-03-26 03:45:00,4892.39
2026-03-26 04:00:00,4838.47
2026-03-26 04:15:00,4905.28
2026-03-26 04:30:00,5047.99
2026-03-26 04:45:00,5179.15
2026-03-26 05:00:00,5329.27
2026-03-26 05:15:00,5085.73
2026-03-26 05:30:00,5327.32
2026-03-26 05:45:00,5497.84
2026-03-26 06:00:00,5677.42
2026-03-26 06:15:00,5719.01
2026-03-26 06:30:00,6134.65
2026-03-26 06:45:00,6740.33
2026-03-26 07:00:00,7150.25
2026-03-26 07:15:00,7511.4
2026-03-26 07:30:00,7309.43
2026-03-26 07:45:00,7499.59
2026-03-26 08:00:00,7506.09
2026-03-26 08:15:00,7946.56
2026-03-26 08:30:00,8208.34
2026-03-26 08:45:00,8518.49
2026-03-26 09:00:00,8268.8
2026-03-26 09:15:00,8014.95
2026-03-26 09:30:00,8233.48
2026-03-26 09:45:00,8058.5
2026-03-26 10:00:00,7879.13
2026-03-26 10:15:00,8027.1
2026-03-26 10:30:00,7608.31
2026-03-26 10:45:00,7684.59
2026-03-26 11:00:00,8052.22
2026-03-26 11:15:00,8234.3
2026-03-26 11:30:00,7759.55
2026-03-26 11:45:00,7372.75
2026-03-26 12:00:00,8601.64
2026-03-26 12:15:00,8399.44
2026-03-26 12:30:00,8242.12
2026-03-26 12:45:00,7530.69
2026-03-26 13:00:00,7468.71
2026-03-26 13:15:00,7304.8
2026-03-26 13:30:00,7417.51
2026-03-26 13:45:00,7295.68
2026-03-26 14:00:00,7149.97
2026-03-26 14:15:00,7128.06
2026-03-26 14:30:00,7332.89
2026-03-26 14:45:00,7075.56
2026-03-26 15:00:00,7384.29
2026-03-26 15:15:00,7343.35
2026-03-26 15:30:00,7656.12
2026-03-26 15:45:00,7591.73
2026-03-26 16:00:00,7343.37
2026-03-26 16:15:00,7379.46
2026-03-26 16:30:00,7793.44
2026-03-26 16:45:00,8204.16
2026-03-26 17:00:00,8596.9
2026-03-26 17:15:00,8938.3
2026-03-26 17:30:00,9195.61
2026-03-26 17:45:00,9648.28
2026-03-26 18:00:00,9944.23
2026-03-26 18:15:00,10308.0
2026-03-26 18:30:00,10121.9
2026-03-26 18:45:00,10087.2
2026-03-26 19:00:00,10342.2
2026-03-26 19:15:00,10208.6
2026-03-26 19:30:00,10021.2
2026-03-26 19:45:00,10003.1
2026-03-26 20:00:00,9936.19
2026-03-26 20:15:00,10052.9
2026-03-26 20:30:00,10224.9
2026-03-26 20:45:00,9912.17
2026-03-26 21:00:00,9714.37
2026-03-26 21:15:00,9219.01
2026-03-26 21:30:00,9121.06
2026-03-26 21:45:00,9147.01
2026-03-26 22:00:00,8965.4
2026-03-26 22:15:00,8587.78
2026-03-26 22:30:00,8511.51
2026-03-26 22:45:00,8461.89
2026-03-26 23:00:00,8107.4
2026-03-26 23:15:00,7257.14
2026-03-26 23:30:00,6809.07
2026-03-26 23:45:00,6266.68
2026-03-27 00:00:00,8418.22
2026-03-27 00:15:00,8528.24
2026-03-27 00:30:00,8365.76
2026-03-27 00:45:00,8329.83
2026-03-27 01:00:00,8764.19
2026-03-27 01:15:00,8567.89
2026-03-27 01:30:00,8321.23
2026-03-27 01:45:00,7748.89
2026-03-27 02:00:00,7747.94
2026-03-27 02:15:00,7881.94
2026-03-27 02:30:00,8057.86
2026-03-27 02:45:00,8242.93
2026-03-27 03:00:00,8325.29
2026-03-27 03:15:00,7938.66
2026-03-27 03:30:00,7955.5
2026-03-27 03:45:00,7884.99
2026-03-27 04:00:00,7833.43
2026-03-27 04:15:00,7784.66
2026-03-27 04:30:00,7780.39
2026-03-27 04:45:00,7752.06
2026-03-27 05:00:00,7857.15
2026-03-27 05:15:00,8151.79
2026-03-27 05:30:00,8202.32
2026-03-27 05:45:00,8358.28
2026-03-27 06:00:00,8165.35
2026-03-27 06:15:00,8374.35
2026-03-27 06:30:00,8328.39
2026-03-27 06:45:00,8371.46
2026-03-27 07:00:00,7949.24
2026-03-27 07:15:00,8137.73
2026-03-27 07:30:00,8663.75
2026-03-27 07:45:00,8687.39
2026-03-27 08:00:00,8496.95
2026-03-27 08:15:00,8261.93
2026-03-27 08:30:00,8228.13
2026-03-27 08:45:00,8268.54
2026-03-27 09:00:00,8537.77
2026-03-27 09:15:00,8751.38
2026-03-27 09:30:00,8961.01
2026-03-27 09:45:00,9036.07
2026-03-27 10:00:00,8659.42
2026-03-27 10:15:00,8122.88
2026-03-27 10:30:00,7078.57
2026-03-27 10:45:00,7419.04
2026-03-27 11:00:00,7783.11
2026-03-27 11:15:00,7943.56
2026-03-27 11:30:00,7309.21
2026-03-27 11:45:00,6636.33
2026-03-27 12:00:00,7390.15
2026-03-27 12:15:00,7513.92
2026-03-27 12:30:00,7106.62
2026-03-27 12:45:00,6375.37
2026-03-27 13:00:00,6553.24
2026-03-27 13:15:00,6490.6
2026-03-27 13:30:00,6285.86
2026-03-27 13:45:00,5966.38
2026-03-27 14:00:00,6086.49
2026-03-27 14:15:00,6332.65
2026-03-27 14:30:00,6832.08
2026-03-27 14:45:00,7570.52
2026-03-27 15:00:00,7480.67
2026-03-27 15:15:00,7313.7
2026-03-27 15:30:00,7678.39
2026-03-27 15:45:00,8054.93
2026-03-27 16:00:00,8241.7
2026-03-27 16:15:00,8308.84
2026-03-27 16:30:00,8319.5
2026-03-27 16:45:00,8892.7
2026-03-27 17:00:00,9106.94
2026-03-27 17:15:00,9362.32
2026-03-27 17:30:00,9835.42
2026-03-27 17:45:00,9936.59
2026-03-27 18:00:00,10206.2
2026-03-27 18:15:00,10429.1
2026-03-27 18:30:00,10453.0
2026-03-27 18:45:00,10657.3
2026-03-27 19:00:00,10463.2
2026-03-27 19:15:00,10812.7
2026-03-27 19:30:00,10513.2
2026-03-27 19:45:00,10400.4
2026-03-27 20:00:00,10479.8
2026-03-27 20:15:00,10553.4
2026-03-27 20:30:00,10421.9
2026-03-27 20:45:00,10436.5
2026-03-27 21:00:00,10295.0
2026-03-27 21:15:00,10589.6
2026-03-27 21:30:00,10506.8
2026-03-27 21:45:00,10048.3
2026-03-27 22:00:00,9650.15
2026-03-27 22:15:00,9127.13
2026-03-27 22:30:00,8810.76
2026-03-27 22:45:00,8599.57
2026-03-27 23:00:00,8315.82
2026-03-27 23:15:00,7788.26
2026-03-27 23:30:00,7564.79
2026-03-27 23:45:00,7167.29
2026-03-28 00:00:00,9477.22
2026-03-28 00:15:00,9142.21
2026-03-28 00:30:00,9291.8
2026-03-28 00:45:00,8932.85
2026-03-28 01:00:00,8930.5
2026-03-28 01:15:00,8907.42
2026-03-28 01:30:00,8598.63
2026-03-28 01:45:00,8954.12
2026-03-28 02:00:00,8846.14
2026-03-28 02:15:00,8602.89
2026-03-28 02:30:00,8531.7
2026-03-28 02:45:00,8422.02
2026-03-28 03:00:00,8480.44
2026-03-28 03:15:00,8346.75
2026-03-28 03:30:00,8453.0
2026-03-28 03:45:00,8181.2
2026-03-28 04:00:00,7864.68
2026-03-28 04:15:00,7548.87
2026-03-28 04:30:00,7296.99
2026-03-28 04:45:00,7197.85
2026-03-28 05:00:00,7193.78
2026-03-28 05:15:00,7322.89
2026-03-28 05:30:00,7573.22
2026-03-28 05:45:00,7836.05
2026-03-28 06:00:00,7815.24
2026-03-28 06:15:00,7924.8
2026-03-28 06:30:00,7948.9
2026-03-28 06:45:00,7846.34
2026-03-28 07:00:00,8296.08
2026-03-28 07:15:00,8620.67
2026-03-28 07:30:00,8968.67
2026-03-28 07:45:00,8883.21
2026-03-28 08:00:00,8868.93
2026-03-28 08:15:00,8900.45
2026-03-28 08:30:00,8897.0
2026-03-28 08:45:00,8946.8
2026-03-28 09:00:00,9008.6
2026-03-28 09:15:00,8638.11
2026-03-28 09:30:00,8409.18
2026-03-28 09:45:00,8311.34
2026-03-28 10:00:00,8572.25
2026-03-28 10:15:00,8805.84
2026-03-28 10:30:00,8871.37
2026-03-28 10:45:00,8837.51
2026-03-28 11:00:00,8812.05
2026-03-28 11:15:00,9002.44
2026-03-28 11:30:00,8787.14
2026-03-28 11:45:00,8301.06
2026-03-28 12:00:00,8369.85
2026-03-28 12:15:00,8303.64
2026-03-28 12:30:00,8113.18
2026-03-28 12:45:00,7585.54
2026-03-28 13:00:00,7475.24
2026-03-28 13:15:00,7326.94
2026-03-28 13:30:00,7371.58
2026-03-28 13:45:00,6768.37
2026-03-28 14:00:00,6638.0
2026-03-28 14:15:00,6812.02
2026-03-28 14:30:00,6968.63
2026-03-28 14:45:00,7213.8
2026-03-28 15:00:00,7065.92
2026-03-28 15:15:00,6910.03
2026-03-28 15:30:00,7256.18
2026-03-28 15:45:00,7716.03
2026-03-28 16:00:00,7738.79
2026-03-28 16:15:00,8301.56
2026-03-28 16:30:00,8599.89
2026-03-28 16:45:00,8788.11
2026-03-28 17:00:00,9003.45
2026-03-28 17:15:00,8877.65
2026-03-28 17:30:00,9005.95
2026-03-28 17:45:00,9263.43
2026-03-28 18:00:00,9530.21
2026-03-28 18:15:00,9896.31
2026-03-28 18:30:00,9999.33
2026-03-28 18:45:00,10598.3
2026-03-28 19:00:00,10854.7
2026-03-28 19:15:00,10914.2
2026-03-28 19:30:00,10335.8
2026-03-28 19:45:00,10248.6
2026-03-28 20:00:00,10353.6
2026-03-28 20:15:00,10510.5
2026-03-28 20:30:00,10584.8
2026-03-28 20:45:00,10407.9
2026-03-28 21:00:00,10389.4
2026-03-28 21:15:00,10293.6
2026-03-28 21:30:00,10377.0
2026-03-28 21:45:00,10021.3
2026-03-28 22:00:00,9096.88
2026-03-28 22:15:00,8482.61
2026-03-28 22:30:00,8119.32
2026-03-28 22:45:00,7945.38
2026-03-28 23:00:00,8037.94
2026-03-28 23:15:00,7940.21
2026-03-28 23:30:00,7582.54
2026-03-28 23:45:00,7224.5
2026-03-29 00:00:00,9816.42
2026-03-29 00:15:00,9387.99
2026-03-29 00:30:00,9462.87
2026-03-29 00:45:00,9186.32
2026-03-29 01:00:00,9481.98
2026-03-29 01:15:00,9328.59
2026-03-29 01:30:00,8853.14
2026-03-29 01:45:00,8260.46
2026-03-29 02:00:00,8308.2
2026-03-29 02:15:00,8401.62
2026-03-29 02:30:00,8507.96
2026-03-29 02:45:00,8293.57
2026-03-29 03:00:00,8278.43
2026-03-29 03:15:00,8290.65
2026-03-29 03:30:00,8118.31
2026-03-29 03:45:00,8214.88
2026-03-29 04:00:00,8095.64
2026-03-29 04:15:00,7997.27
2026-03-29 04:30:00,8007.18
2026-03-29 04:45:00,8131.37
2026-03-29 05:00:00,8126.93
2026-03-29 05:15:00,8033.65
2026-03-29 05:30:00,7835.21
2026-03-29 05:45:00,7788.33
2026-03-29 06:00:00,7537.25
2026-03-29 06:15:00,8219.42
2026-03-29 06:30:00,8599.99
2026-03-29 06:45:00,8967.3
2026-03-29 07:00:00,8879.65
2026-03-29 07:15:00,8686.86
2026-03-29 07:30:00,8641.82
2026-03-29 07:45:00,8564.9
2026-03-29 08:00:00,8455.18
2026-03-29 08:15:00,8766.98
2026-03-29 08:30:00,9007.79
2026-03-29 08:45:00,9142.46
2026-03-29 09:00:00,9175.74
2026-03-29 09:15:00,9193.18
2026-03-29 09:30:00,9213.92
2026-03-29 09:45:00,8910.0
2026-03-29 10:00:00,8588.26
2026-03-29 10:15:00,8464.79
2026-03-29 10:30:00,8562.01
2026-03-29 10:45:00,8740.57
2026-03-29 11:00:00,8601.9
2026-03-29 11:15:00,8560.06
2026-03-29 11:30:00,8435.47
2026-03-29 11:45:00,8403.23
2026-03-29 12:00:00,8803.13
2026-03-29 12:15:00,8772.1
2026-03-29 12:30:00,8773.08
2026-03-29 12:45:00,8518.03
2026-03-29 13:00:00,8505.54
2026-03-29 13:15:00,8522.62
2026-03-29 13:30:00,8577.68
2026-03-29 13:45:00,8427.8
2026-03-29 14:00:00,8434.74
2026-03-29 14:15:00,8203.0
2026-03-29 14:30:00,8098.47
2026-03-29 14:45:00,7660.84
2026-03-29 15:00:00,7761.61
2026-03-29 15:15:00,8292.32
2026-03-29 15:30:00,8176.31
2026-03-29 15:45:00,8469.77
2026-03-29 16:00:00,8556.08
2026-03-29 16:15:00,8901.14
2026-03-29 16:30:00,8758.31
2026-03-29 16:45:00,8889.03
2026-03-29 17:00:00,9426.69
2026-03-29 17:15:00,10202.9
2026-03-29 17:30:00,10027.9
2026-03-29 17:45:00,10146.8
2026-03-29 18:00:00,10480.8
2026-03-29 18:15:00,10579.7
2026-03-29 18:30:00,10604.1
2026-03-29 18:45:00,10709.4
2026-03-29 19:00:00,10728.5
2026-03-29 19:15:00,10838.5
2026-03-29 19:30:00,10885.4
2026-03-29 19:45:00,10957.5
2026-03-29 20:00:00,10872.0
2026-03-29 20:15:00,10726.0
2026-03-29 20:30:00,10438.1
2026-03-29 20:45:00,10231.4
2026-03-29 21:00:00,10257.7
2026-03-29 21:15:00,10165.5
2026-03-29 21:30:00,10026.3
2026-03-29 21:45:00,9604.09
2026-03-29 22:00:00,9144.94
2026-03-29 22:15:00,8758.52
2026-03-29 22:30:00,8441.16
2026-03-29 22:45:00,8320.85
2026-03-29 23:00:00,8282.27
2026-03-29 23:15:00,8265.26
2026-03-29 23:30:00,7919.38
2026-03-29 23:45:00,7895.62
2026-03-30 00:00:00,10157.9
2026-03-30 00:15:00,9961.02
2026-03-30 00:30:00,9783.4
2026-03-30 00:45:00,9450.46
2026-03-30 01:00:00,9394.78
2026-03-30 01:15:00,9021.65
2026-03-30 01:30:00,8679.25
2026-03-30 01:45:00,8585.29
2026-03-30 02:00:00,8518.73
2026-03-30 02:15:00,8590.24
2026-03-30 02:30:00,8581.79
2026-03-30 02:45:00,8488.64
2026-03-30 03:00:00,8492.38
2026-03-30 03:15:00,8272.66
2026-03-30 03:30:00,8077.86
2026-03-30 03:45:00,8167.12
2026-03-30 04:00:00,8319.66
2026-03-30 04:15:00,8039.11
2026-03-30 04:30:00,7896.61
2026-03-30 04:45:00,7807.44
2026-03-30 05:00:00,8203.06
2026-03-30 05:15:00,8060.99
2026-03-30 05:30:00,8082.5
2026-03-30 05:45:00,7795.75
2026-03-30 06:00:00,7861.94
2026-03-30 06:15:00,7924.35
2026-03-30 06:30:00,8308.87
2026-03-30 06:45:00,8852.56
2026-03-30 07:00:00,8846.58
2026-03-30 07:15:00,8295.45
2026-03-30 07:30:00,8007.98
2026-03-30 07:45:00,8908.63
2026-03-30 08:00:00,9629.34
2026-03-30 08:15:00,9742.15
2026-03-30 08:30:00,9130.04
2026-03-30 08:45:00,8779.26
2026-03-30 09:00:00,8787.37
2026-03-30 09:15:00,8482.0
2026-03-30 09:30:00,8531.31
2026-03-30 09:45:00,8841.59
2026-03-30 10:00:00,8938.01
2026-03-30 10:15:00,8876.61
2026-03-30 10:30:00,8413.34
2026-03-30 10:45:00,8365.29
2026-03-30 11:00:00,8693.74
2026-03-30 11:15:00,8816.18
2026-03-30 11:30:00,8654.0
2026-03-30 11:45:00,8171.65
2026-03-30 12:00:00,8846.2
2026-03-30 12:15:00,9048.14
2026-03-30 12:30:00,8776.65
2026-03-30 12:45:00,8801.73
2026-03-30 13:00:00,8528.41
2026-03-30 13:15:00,8583.12
2026-03-30 13:30:00,8353.34
2026-03-30 13:45:00,7867.21
2026-03-30 14:00:00,7504.88
2026-03-30 14:15:00,7331.73
2026-03-30 14:30:00,7476.61
2026-03-30 14:45:00,7592.76
2026-03-30 15:00:00,7701.16
2026-03-30 15:15:00,7793.29
2026-03-30 15:30:00,7700.49
2026-03-30 15:45:00,7894.49
2026-03-30 16:00:00,8215.43
2026-03-30 16:15:00,8308.51
2026-03-30 16:30:00,9058.88
2026-03-30 16:45:00,9478.81
2026-03-30 17:00:00,9889.33
2026-03-30 17:15:00,10257.4
2026-03-30 17:30:00,10432.4
2026-03-30 17:45:00,10648.4
2026-03-30 18:00:00,10805.9
2026-03-30 18:15:00,10908.4
2026-03-30 18:30:00,10877.6
2026-03-30 18:45:00,11063.2
2026-03-30 19:00:00,10885.1
2026-03-30 19:15:00,11009.8
2026-03-30 19:30:00,10910.3
2026-03-30 19:45:00,10757.2
2026-03-30 20:00:00,10859.2
2026-03-30 20:15:00,10810.5
2026-03-30 20:30:00,10710.5
2026-03-30 20:45:00,10357.0
2026-03-30 21:00:00,10529.7
2026-03-30 21:15:00,10341.1
2026-03-30 21:30:00,10005.4
2026-03-30 21:45:00,9470.69
2026-03-30 22:00:00,9191.14
2026-03-30 22:15:00,8854.87
2026-03-30 22:30:00,8760.88
2026-03-30 22:45:00,8558.45
2026-03-30 23:00:00,8495.87
2026-03-30 23:15:00,8495.53
2026-03-30 23:30:00,8290.83
2026-03-30 23:45:00,7858.23
2026-03-31 00:00:00,9577.4
2026-03-31 00:15:00,9739.46
2026-03-31 00:30:00,9733.47
2026-03-31 00:45:00,9630.19
2026-03-31 01:00:00,9317.75
2026-03-31 01:15:00,8779.54
2026-03-31 01:30:00,8602.47
2026-03-31 01:45:00,8616.32
2026-03-31 02:00:00,8421.13
2026-03-31 02:15:00,8147.3
2026-03-31 02:30:00,8160.35
2026-03-31 02:45:00,8003.0
2026-03-31 03:00:00,8011.12
2026-03-31 03:15:00,8070.97
2026-03-31 03:30:00,8163.86
2026-03-31 03:45:00,8060.95
2026-03-31 04:00:00,8143.16
2026-03-31 04:15:00,8165.38
2026-03-31 04:30:00,8118.29
2026-03-31 04:45:00,8168.07
2026-03-31 05:00:00,8058.93
2026-03-31 05:15:00,8103.2
2026-03-31 05:30:00,8053.21
2026-03-31 05:45:00,8065.43
2026-03-31 06:00:00,8027.45
2026-03-31 06:15:00,8433.56
2026-03-31 06:30:00,8843.3
2026-03-31 06:45:00,9315.24
2026-03-31 07:00:00,9558.14
2026-03-31 07:15:00,9698.32
2026-03-31 07:30:00,9713.45
2026-03-31 07:45:00,9937.89
2026-03-31 08:00:00,10319.9
2026-03-31 08:15:00,10212.6
2026-03-31 08:30:00,9817.42
2026-03-31 08:45:00,9050.53
2026-03-31 09:00:00,9120.99
2026-03-31 09:15:00,9768.48
2026-03-31 09:30:00,9974.48
2026-03-31 09:45:00,9819.88
2026-03-31 10:00:00,9758.95
2026-03-31 10:15:00,9715.54
2026-03-31 10:30:00,9858.38
2026-03-31 10:45:00,9804.77
2026-03-31 11:00:00,9924.93
2026-03-31 11:15:00,9915.96
2026-03-31 11:30:00,9654.93
2026-03-31 11:45:00,8863.34
2026-03-31 12:00:00,10267.5
2026-03-31 12:15:00,10081.0
2026-03-31 12:30:00,9645.03
2026-03-31 12:45:00,9075.83
2026-03-31 13:00:00,9172.45
2026-03-31 13:15:00,8604.98
2026-03-31 13:30:00,8565.97
2026-03-31 13:45:00,8506.03
2026-03-31 14:00:00,8485.21
2026-03-31 14:15:00,8512.46
2026-03-31 14:30:00,7904.82
2026-03-31 14:45:00,7661.98
2026-03-31 15:00:00,7422.13
2026-03-31 15:15:00,7389.28
2026-03-31 15:30:00,8237.86
2026-03-31 15:45:00,8521.78
2026-03-31 16:00:00,9286.06
2026-03-31 16:15:00,10001.7
2026-03-31 16:30:00,10229.7
2026-03-31 16:45:00,10480.5
2026-03-31 17:00:00,10701.8
2026-03-31 17:15:00,11071.9
2026-03-31 17:30:00,11179.7
2026-03-31 17:45:00,11648.2
2026-03-31 18:00:00,11097.6
2026-03-31 18:15:00,12109.1
2026-03-31 18:30:00,12132.6
2026-03-31 18:45:00,11884.1
2026-03-31 19:00:00,11469.4
2026-03-31 19:15:00,12044.8
2026-03-31 19:30:00,11924.2
2026-03-31 19:45:00,11612.7
2026-03-31 20:00:00,11602.6
2026-03-31 20:15:00,12117.1
2026-03-31 20:30:00,12094.0
2026-03-31 20:45:00,11958.5
2026-03-31 21:00:00,11366.5
2026-03-31 21:15:00,10893.8
2026-03-31 21:30:00,10678.0
2026-03-31 21:45:00,10896.0
2026-03-31 22:00:00,9962.17
2026-03-31 22:15:00,10253.4
2026-03-31 22:30:00,10486.5
2026-03-31 22:45:00,10223.9
2026-03-31 23:00:00,9927.19
2026-03-31 23:15:00,9339.32
2026-03-31 23:30:00,8842.38
2026-03-31 23:45:00,7776.0
2026-04-01 00:00:00,9670.23
2026-04-01 00:15:00,10218.6
2026-04-01 00:30:00,10671.0
2026-04-01 00:45:00,10029.8
2026-04-01 01:00:00,9633.75
2026-04-01 01:15:00,9526.36
2026-04-01 01:30:00,9282.7
2026-04-01 01:45:00,9199.05
2026-04-01 02:00:00,9190.13
2026-04-01 02:15:00,9262.75
2026-04-01 02:30:00,9263.25
2026-04-01 02:45:00,9196.94
2026-04-01 03:00:00,9308.3
2026-04-01 03:15:00,9193.33
2026-04-01 03:30:00,9001.56
2026-04-01 03:45:00,8898.0
2026-04-01 04:00:00,8847.97
2026-04-01 04:15:00,8828.25
2026-04-01 04:30:00,8750.73
2026-04-01 04:45:00,8801.18
2026-04-01 05:00:00,8802.75
2026-04-01 05:15:00,9010.87
2026-04-01 05:30:00,9034.08
2026-04-01 05:45:00,9401.52
2026-04-01 06:00:00,9251.37
2026-04-01 06:15:00,9843.79
2026-04-01 06:30:00,9910.91
2026-04-01 06:45:00,9471.66
2026-04-01 07:00:00,8796.35
2026-04-01 07:15:00,8415.87
2026-04-01 07:30:00,8304.42
2026-04-01 07:45:00,8126.92
2026-04-01 08:00:00,8701.33
2026-04-01 08:15:00,8430.19
2026-04-01 08:30:00,8100.7
2026-04-01 08:45:00,7318.54
2026-04-01 09:00:00,6743.89
2026-04-01 09:15:00,6496.34
2026-04-01 09:30:00,6058.72
2026-04-01 09:45:00,5356.45
2026-04-01 10:00:00,5024.22
2026-04-01 10:15:00,4737.3
2026-04-01 10:30:00,4208.53
2026-04-01 10:45:00,4602.73
2026-04-01 11:00:00,4949.63
2026-04-01 11:15:00,4916.77
2026-04-01 11:30:00,4809.24
2026-04-01 11:45:00,4419.01
2026-04-01 12:00:00,5594.21
2026-04-01 12:15:00,5652.09
2026-04-01 12:30:00,5150.85
2026-04-01 12:45:00,5214.07
2026-04-01 13:00:00,5189.39
2026-04-01 13:15:00,5528.0
2026-04-01 13:30:00,5689.04
2026-04-01 13:45:00,5630.3
2026-04-01 14:00:00,4781.44
2026-04-01 14:15:00,4324.39
2026-04-01 14:30:00,4484.54
2026-04-01 14:45:00,4883.23
2026-04-01 15:00:00,4882.62
2026-04-01 15:15:00,5369.15
2026-04-01 15:30:00,4999.99
2026-04-01 15:45:00,4792.33
2026-04-01 16:00:00,5102.82
2026-04-01 16:15:00,5319.55
2026-04-01 16:30:00,5691.26
2026-04-01 16:45:00,7069.61
2026-04-01 17:00:00,8580.31
2026-04-01 17:15:00,9388.21
2026-04-01 17:30:00,10068.6
2026-04-01 17:45:00,10292.4
2026-04-01 18:00:00,10230.5
2026-04-01 18:15:00,10106.9
2026-04-01 18:30:00,10139.8
2026-04-01 18:45:00,10284.9
2026-04-01 19:00:00,10282.7
2026-04-01 19:15:00,10281.9
2026-04-01 19:30:00,9870.56
2026-04-01 19:45:00,10169.7
2026-04-01 20:00:00,9985.26
2026-04-01 20:15:00,10260.8
2026-04-01 20:30:00,10174.8
2026-04-01 20:45:00,10156.6
2026-04-01 21:00:00,10254.0
2026-04-01 21:15:00,10782.5
2026-04-01 21:30:00,10095.0
2026-04-01 21:45:00,10416.3
2026-04-01 22:00:00,9850.64
2026-04-01 22:15:00,9552.23
2026-04-01 22:30:00,9164.47
2026-04-01 22:45:00,8937.99
2026-04-01 23:00:00,8346.28
2026-04-01 23:15:00,7666.6
2026-04-01 23:30:00,7219.96
2026-04-01 23:45:00,6939.17
2026-04-02 00:00:00,10164.9
2026-04-02 00:15:00,10144.0
2026-04-02 00:30:00,10115.8
2026-04-02 00:45:00,10128.5
2026-04-02 01:00:00,10018.5
2026-04-02 01:15:00,9847.99
2026-04-02 01:30:00,9781.59
2026-04-02 01:45:00,9835.19
2026-04-02 02:00:00,9941.38
2026-04-02 02:15:00,9767.8
2026-04-02 02:30:00,9468.59
2026-04-02 02:45:00,9519.49
2026-04-02 03:00:00,9562.38
2026-04-02 03:15:00,9592.56
2026-04-02 03:30:00,9825.2
2026-04-02 03:45:00,9679.24
2026-04-02 04:00:00,9834.27
2026-04-02 04:15:00,9633.83
2026-04-02 04:30:00,9899.25
2026-04-02 04:45:00,9824.28
2026-04-02 05:00:00,9587.19
2026-04-02 05:15:00,9500.94
2026-04-02 05:30:00,9558.34
2026-04-02 05:45:00,9460.67
2026-04-02 06:00:00,9456.08
2026-04-02 06:15:00,10179.9
2026-04-02 06:30:00,10045.7
2026-04-02 06:45:00,9419.93
2026-04-02 07:00:00,9578.59
2026-04-02 07:15:00,9719.06
2026-04-02 07:30:00,9661.87
2026-04-02 07:45:00,9620.82
2026-04-02 08:00:00,9524.97
2026-04-02 08:15:00,9723.81
2026-04-02 08:30:00,9902.21
2026-04-02 08:45:00,9275.0
2026-04-02 09:00:00,9471.37
2026-04-02 09:15:00,9261.54
2026-04-02 09:30:00,9360.08
2026-04-02 09:45:00,9377.06
2026-04-02 10:00:00,9159.26
2026-04-02 10:15:00,8945.03
2026-04-02 10:30:00,8630.04
2026-04-02 10:45:00,8248.5
2026-04-02 11:00:00,8099.79
2026-04-02 11:15:00,8062.65
2026-04-02 11:30:00,8011.46
2026-04-02 11:45:00,7819.33
2026-04-02 12:00:00,7745.16
2026-04-02 12:15:00,7957.14
2026-04-02 12:30:00,7793.55
2026-04-02 12:45:00,7614.97
2026-04-02 13:00:00,7822.74
2026-04-02 13:15:00,7672.21
2026-04-02 13:30:00,7931.97
2026-04-02 13:45:00,7836.79
2026-04-02 14:00:00,7600.37
2026-04-02 14:15:00,7588.7
2026-04-02 14:30:00,7296.98
2026-04-02 14:45:00,7531.28
2026-04-02 15:00:00,7499.29
2026-04-02 15:15:00,7501.25
2026-04-02 15:30:00,8034.19
2026-04-02 15:45:00,8133.04
2026-04-02 16:00:00,8431.51
2026-04-02 16:15:00,8836.46
2026-04-02 16:30:00,9257.41
2026-04-02 16:45:00,9396.91
2026-04-02 17:00:00,9319.92
2026-04-02 17:15:00,9660.94
2026-04-02 17:30:00,9793.71
2026-04-02 17:45:00,9791.68
2026-04-02 18:00:00,10389.0
2026-04-02 18:15:00,10050.9
2026-04-02 18:30:00,10276.5
2026-04-02 18:45:00,10512.1
2026-04-02 19:00:00,10452.2
2026-04-02 19:15:00,10972.8
2026-04-02 19:30:00,11062.6
2026-04-02 19:45:00,11004.8
2026-04-02 20:00:00,10735.5
2026-04-02 20:15:00,10649.5
2026-04-02 20:30:00,11083.3
2026-04-02 20:45:00,10942.3
2026-04-02 21:00:00,10888.2
2026-04-02 21:15:00,10821.5
2026-04-02 21:30:00,10545.9
2026-04-02 21:45:00,10116.5
2026-04-02 22:00:00,10015.7
2026-04-02 22:15:00,9809.37
2026-04-02 22:30:00,9399.42
2026-04-02 22:45:00,9231.98
2026-04-02 23:00:00,8557.25
2026-04-02 23:15:00,8502.95
2026-04-02 23:30:00,8186.67
2026-04-02 23:45:00,7685.83
2026-04-03 00:00:00,9564.48
2026-04-03 00:15:00,9612.98
2026-04-03 00:30:00,9622.66
2026-04-03 00:45:00,9526.04
2026-04-03 01:00:00,9099.43
2026-04-03 01:15:00,8633.87
2026-04-03 01:30:00,8379.59
2026-04-03 01:45:00,8494.25
2026-04-03 02:00:00,8328.13
2026-04-03 02:15:00,8217.63
2026-04-03 02:30:00,8214.3
2026-04-03 02:45:00,8586.98
2026-04-03 03:00:00,8430.26
2026-04-03 03:15:00,7995.26
2026-04-03 03:30:00,8217.25
2026-04-03 03:45:00,8143.13
2026-04-03 04:00:00,8190.13
2026-04-03 04:15:00,8264.37
2026-04-03 04:30:00,8019.71
2026-04-03 04:45:00,8297.73
2026-04-03 05:00:00,8269.28
2026-04-03 05:15:00,8156.99
2026-04-03 05:30:00,8251.52
2026-04-03 05:45:00,8611.19
2026-04-03 06:00:00,8713.05
2026-04-03 06:15:00,8569.95
2026-04-03 06:30:00,8826.45
2026-04-03 06:45:00,9232.09
2026-04-03 07:00:00,9439.24
2026-04-03 07:15:00,9755.26
2026-04-03 07:30:00,9888.64
2026-04-03 07:45:00,10176.0
2026-04-03 08:00:00,10438.2
2026-04-03 08:15:00,10608.1
2026-04-03 08:30:00,10471.1
2026-04-03 08:45:00,10422.2
2026-04-03 09:00:00,10389.3
2026-04-03 09:15:00,10529.8
2026-04-03 09:30:00,10252.6
2026-04-03 09:45:00,9987.8
2026-04-03 10:00:00,9761.21
2026-04-03 10:15:00,10086.6
2026-04-03 10:30:00,9774.94
2026-04-03 10:45:00,9774.02
2026-04-03 11:00:00,9490.71
2026-04-03 11:15:00,9466.96
2026-04-03 11:30:00,8943.57
2026-04-03 11:45:00,8889.58
2026-04-03 12:00:00,9406.64
2026-04-03 12:15:00,9358.93
2026-04-03 12:30:00,8950.95
2026-04-03 12:45:00,8787.14
2026-04-03 13:00:00,8916.49
2026-04-03 13:15:00,8646.75
2026-04-03 13:30:00,8395.19
2026-04-03 13:45:00,7999.39
2026-04-03 14:00:00,6802.62
2026-04-03 14:15:00,6820.57
2026-04-03 14:30:00,6216.14
2026-04-03 14:45:00,5970.62
2026-04-03 15:00:00,6034.7
2026-04-03 15:15:00,6610.19
2026-04-03 15:30:00,6796.75
2026-04-03 15:45:00,7259.26
2026-04-03 16:00:00,6539.52
2026-04-03 16:15:00,7066.38
2026-04-03 16:30:00,7708.58
2026-04-03 16:45:00,8154.62
2026-04-03 17:00:00,8934.21
2026-04-03 17:15:00,9543.86
2026-04-03 17:30:00,9867.76
2026-04-03 17:45:00,10199.2
2026-04-03 18:00:00,10443.8
2026-04-03 18:15:00,10404.5
2026-04-03 18:30:00,10370.5
2026-04-03 18:45:00,10495.5
2026-04-03 19:00:00,10883.0
2026-04-03 19:15:00,10773.0
2026-04-03 19:30:00,10765.3
2026-04-03 19:45:00,10682.2
2026-04-03 20:00:00,10524.6
2026-04-03 20:15:00,10709.0
2026-04-03 20:30:00,10615.0
2026-04-03 20:45:00,10566.4
2026-04-03 21:00:00,10955.1
2026-04-03 21:15:00,10943.6
2026-04-03 21:30:00,10492.3
2026-04-03 21:45:00,10032.5
2026-04-03 22:00:00,9509.91
2026-04-03 22:15:00,9400.93
2026-04-03 22:30:00,9188.72
2026-04-03 22:45:00,9167.04
2026-04-03 23:00:00,9436.6
2026-04-03 23:15:00,9054.87
2026-04-03 23:30:00,8522.49
2026-04-03 23:45:00,8591.8
2026-04-04 00:00:00,10390.3
2026-04-04 00:15:00,9989.94
2026-04-04 00:30:00,9668.63
2026-04-04 00:45:00,9638.48
2026-04-04 01:00:00,9285.34
2026-04-04 01:15:00,9326.67
2026-04-04 01:30:00,9242.84
2026-04-04 01:45:00,9141.51
2026-04-04 02:00:00,9270.64
2026-04-04 02:15:00,9579.59
2026-04-04 02:30:00,9617.31
2026-04-04 02:45:00,9633.56
2026-04-04 03:00:00,9537.77
2026-04-04 03:15:00,9220.21
2026-04-04 03:30:00,9142.35
2026-04-04 03:45:00,9114.19
2026-04-04 04:00:00,9388.25
2026-04-04 04:15:00,9517.64
2026-04-04 04:30:00,9383.98
2026-04-04 04:45:00,9520.09
2026-04-04 05:00:00,9453.46
2026-04-04 05:15:00,9427.14
2026-04-04 05:30:00,9343.34
2026-04-04 05:45:00,9447.62
2026-04-04 06:00:00,9149.98
2026-04-04 06:15:00,9456.92
2026-04-04 06:30:00,9748.59
2026-04-04 06:45:00,9653.55
2026-04-04 07:00:00,9309.47
2026-04-04 07:15:00,8898.0
2026-04-04 07:30:00,8544.24
2026-04-04 07:45:00,8937.42
2026-04-04 08:00:00,8617.09
2026-04-04 08:15:00,8565.21
2026-04-04 08:30:00,8610.26
2026-04-04 08:45:00,7896.09
2026-04-04 09:00:00,7728.65
2026-04-04 09:15:00,7743.89
2026-04-04 09:30:00,7734.69
2026-04-04 09:45:00,6800.3
2026-04-04 10:00:00,6406.25
2026-04-04 10:15:00,6071.83
2026-04-04 10:30:00,5808.86
2026-04-04 10:45:00,5938.05
2026-04-04 11:00:00,5727.07
2026-04-04 11:15:00,5536.92
2026-04-04 11:30:00,5861.65
2026-04-04 11:45:00,5850.81
2026-04-04 12:00:00,7219.59
2026-04-04 12:15:00,7091.68
2026-04-04 12:30:00,6926.09
2026-04-04 12:45:00,6723.02
2026-04-04 13:00:00,6920.6
2026-04-04 13:15:00,6484.58
2026-04-04 13:30:00,6553.75
2026-04-04 13:45:00,5785.95
2026-04-04 14:00:00,4818.71
2026-04-04 14:15:00,4461.81
2026-04-04 14:30:00,4388.47
2026-04-04 14:45:00,4410.18
2026-04-04 15:00:00,4560.32
2026-04-04 15:15:00,4919.34
2026-04-04 15:30:00,4888.33
2026-04-04 15:45:00,4977.95
2026-04-04 16:00:00,5472.16
2026-04-04 16:15:00,6307.44
2026-04-04 16:30:00,7203.36
2026-04-04 16:45:00,7164.07
2026-04-04 17:00:00,8167.72
2026-04-04 17:15:00,9325.4
2026-04-04 17:30:00,10291.2
2026-04-04 17:45:00,10581.5
2026-04-04 18:00:00,10584.8
2026-04-04 18:15:00,10777.7
2026-04-04 18:30:00,10846.5
2026-04-04 18:45:00,11152.4
2026-04-04 19:00:00,10725.2
2026-04-04 19:15:00,10736.9
2026-04-04 19:30:00,10731.4
2026-04-04 19:45:00,10649.8
2026-04-04 20:00:00,10535.4
2026-04-04 20:15:00,10505.0
2026-04-04 20:30:00,10687.9
2026-04-04 20:45:00,10725.1
2026-04-04 21:00:00,10897.0
2026-04-04 21:15:00,10757.5
2026-04-04 21:30:00,10640.3
2026-04-04 21:45:00,10209.7
2026-04-04 22:00:00,10188.6
2026-04-04 22:15:00,10056.3
2026-04-04 22:30:00,9604.65
2026-04-04 22:45:00,9627.0
2026-04-04 23:00:00,9572.0
2026-04-04 23:15:00,9394.93
2026-04-04 23:30:00,9484.35
2026-04-04 23:45:00,9387.69
2026-04-05 00:00:00,10431.7
2026-04-05 00:15:00,10413.4
2026-04-05 00:30:00,10446.9
2026-04-05 00:45:00,10503.9
2026-04-05 01:00:00,10262.0
2026-04-05 01:15:00,10188.6
2026-04-05 01:30:00,9995.53
2026-04-05 01:45:00,9962.17
2026-04-05 02:00:00,9617.16
2026-04-05 02:15:00,9321.1
2026-04-05 02:30:00,9220.99
2026-04-05 02:45:00,9061.78
2026-04-05 03:00:00,8736.28
2026-04-05 03:15:00,8207.5
2026-04-05 03:30:00,8324.79
2026-04-05 03:45:00,8260.99
2026-04-05 04:00:00,8327.96
2026-04-05 04:15:00,8340.69
2026-04-05 04:30:00,8271.8
2026-04-05 04:45:00,8275.19
2026-04-05 05:00:00,8300.66
2026-04-05 05:15:00,8337.75
2026-04-05 05:30:00,8625.64
2026-04-05 05:45:00,8676.58
2026-04-05 06:00:00,8936.79
2026-04-05 06:15:00,9345.88
2026-04-05 06:30:00,9367.02
2026-04-05 06:45:00,9280.2
2026-04-05 07:00:00,8126.33
2026-04-05 07:15:00,7847.21
2026-04-05 07:30:00,7711.06
2026-04-05 07:45:00,7417.7
2026-04-05 08:00:00,7295.25
2026-04-05 08:15:00,7277.06
2026-04-05 08:30:00,6699.85
2026-04-05 08:45:00,5662.26
2026-04-05 09:00:00,5164.18
2026-04-05 09:15:00,4900.27
2026-04-05 09:30:00,3896.83
2026-04-05 09:45:00,2942.5
2026-04-05 10:00:00,2712.07
2026-04-05 10:15:00,2696.23
2026-04-05 10:30:00,2531.19
2026-04-05 10:45:00,2496.14
2026-04-05 11:00:00,2514.35
2026-04-05 11:15:00,2425.65
2026-04-05 11:30:00,2560.87
2026-04-05 11:45:00,3018.11
2026-04-05 12:00:00,5324.13
2026-04-05 12:15:00,5318.39
2026-04-05 12:30:00,5327.35
2026-04-05 12:45:00,5858.65
2026-04-05 13:00:00,6395.34
2026-04-05 13:15:00,6116.88
2026-04-05 13:30:00,6031.53
2026-04-05 13:45:00,6452.71
2026-04-05 14:00:00,6333.77
2026-04-05 14:15:00,6406.86
2026-04-05 14:30:00,6387.81
2026-04-05 14:45:00,7185.31
2026-04-05 15:00:00,7378.92
2026-04-05 15:15:00,7779.22
2026-04-05 15:30:00,7885.55
2026-04-05 15:45:00,8065.94
2026-04-05 16:00:00,8324.33
2026-04-05 16:15:00,8887.82
2026-04-05 16:30:00,9624.28
2026-04-05 16:45:00,9251.67
2026-04-05 17:00:00,9487.52
2026-04-05 17:15:00,10505.0
2026-04-05 17:30:00,10843.2
2026-04-05 17:45:00,11136.2
2026-04-05 18:00:00,11116.7
2026-04-05 18:15:00,11078.0
2026-04-05 18:30:00,11022.8
2026-04-05 18:45:00,10659.7
2026-04-05 19:00:00,11185.3
2026-04-05 19:15:00,11741.3
2026-04-05 19:30:00,10971.1
2026-04-05 19:45:00,10667.5
2026-04-05 20:00:00,10758.4
2026-04-05 20:15:00,11167.0
2026-04-05 20:30:00,11574.0
2026-04-05 20:45:00,11390.2
2026-04-05 21:00:00,11479.9
2026-04-05 21:15:00,10772.0
2026-04-05 21:30:00,10262.2
2026-04-05 21:45:00,10722.4
2026-04-05 22:00:00,10588.0
2026-04-05 22:15:00,9899.4
2026-04-05 22:30:00,9098.5
2026-04-05 22:45:00,8576.48
2026-04-05 23:00:00,8441.11
2026-04-05 23:15:00,8273.09
2026-04-05 23:30:00,8235.02
2026-04-05 23:45:00,7521.88
2026-04-06 00:00:00,9941.52
2026-04-06 00:15:00,9664.51
2026-04-06 00:30:00,9543.61
2026-04-06 00:45:00,9300.95
2026-04-06 01:00:00,9291.0
2026-04-06 01:15:00,9384.87
2026-04-06 01:30:00,9325.33
2026-04-06 01:45:00,9131.4
2026-04-06 02:00:00,9070.24
2026-04-06 02:15:00,9103.18
2026-04-06 02:30:00,8954.38
2026-04-06 02:45:00,8643.06
2026-04-06 03:00:00,8423.69
2026-04-06 03:15:00,8250.1
2026-04-06 03:30:00,8282.2
2026-04-06 03:45:00,8212.45
2026-04-06 04:00:00,8408.55
2026-04-06 04:15:00,8303.51
2026-04-06 04:30:00,8196.49
2026-04-06 04:45:00,8209.67
2026-04-06 05:00:00,7985.0
2026-04-06 05:15:00,7824.21
2026-04-06 05:30:00,8086.94
2026-04-06 05:45:00,8243.96
2026-04-06 06:00:00,8182.9
2026-04-06 06:15:00,8524.8
2026-04-06 06:30:00,8694.58
2026-04-06 06:45:00,8661.73
2026-04-06 07:00:00,9118.61
2026-04-06 07:15:00,9347.67
2026-04-06 07:30:00,9372.94
2026-04-06 07:45:00,9647.84
2026-04-06 08:00:00,9823.56
2026-04-06 08:15:00,9926.83
2026-04-06 08:30:00,9514.23
2026-04-06 08:45:00,9352.91
2026-04-06 09:00:00,9100.11
2026-04-06 09:15:00,8857.72
2026-04-06 09:30:00,9129.84
2026-04-06 09:45:00,9642.26
2026-04-06 10:00:00,9697.53
2026-04-06 10:15:00,9875.76
2026-04-06 10:30:00,8844.09
2026-04-06 10:45:00,8471.02
2026-04-06 11:00:00,8775.81
2026-04-06 11:15:00,9727.09
2026-04-06 11:30:00,9715.41
2026-04-06 11:45:00,8945.57
2026-04-06 12:00:00,9647.45
2026-04-06 12:15:00,9728.25
2026-04-06 12:30:00,9723.35
2026-04-06 12:45:00,9426.0
2026-04-06 13:00:00,9299.48
2026-04-06 13:15:00,8975.22
2026-04-06 13:30:00,8576.81
2026-04-06 13:45:00,8270.35
2026-04-06 14:00:00,8345.79
2026-04-06 14:15:00,8327.06
2026-04-06 14:30:00,8083.2
2026-04-06 14:45:00,8292.45
2026-04-06 15:00:00,7799.26
2026-04-06 15:15:00,8127.39
2026-04-06 15:30:00,8073.15
2026-04-06 15:45:00,8140.7
2026-04-06 16:00:00,8853.6
2026-04-06 16:15:00,9531.09
2026-04-06 16:30:00,9905.61
2026-04-06 16:45:00,10330.4
2026-04-06 17:00:00,10131.6
2026-04-06 17:15:00,10042.1
2026-04-06 17:30:00,10157.8
2026-04-06 17:45:00,10022.7
2026-04-06 18:00:00,10490.1
2026-04-06 18:15:00,11025.6
2026-04-06 18:30:00,11596.8
2026-04-06 18:45:00,12058.9
2026-04-06 19:00:00,11713.7
2026-04-06 19:15:00,10507.4
2026-04-06 19:30:00,10704.1
2026-04-06 19:45:00,11688.3
2026-04-06 20:00:00,11614.6
2026-04-06 20:15:00,11552.6
2026-04-06 20:30:00,11858.5
2026-04-06 20:45:00,11524.5
2026-04-06 21:00:00,11404.9
2026-04-06 21:15:00,11156.5
2026-04-06 21:30:00,11135.2
2026-04-06 21:45:00,11379.1
2026-04-06 22:00:00,10779.6
2026-04-06 22:15:00,10326.6
2026-04-06 22:30:00,10093.7
2026-04-06 22:45:00,10345.7
2026-04-06 23:00:00,9845.69
2026-04-06 23:15:00,8978.81
2026-04-06 23:30:00,8485.09
2026-04-06 23:45:00,8405.73
2026-04-07 00:00:00,10167.2
2026-04-07 00:15:00,10093.7
2026-04-07 00:30:00,9587.89
2026-04-07 00:45:00,9369.83
2026-04-07 01:00:00,9740.73
2026-04-07 01:15:00,9809.7
2026-04-07 01:30:00,9667.77
2026-04-07 01:45:00,9752.68
2026-04-07 02:00:00,9793.52
2026-04-07 02:15:00,9795.53
2026-04-07 02:30:00,9811.14
2026-04-07 02:45:00,9642.25
2026-04-07 03:00:00,9163.93
2026-04-07 03:15:00,8864.19
2026-04-07 03:30:00,8785.5
2026-04-07 03:45:00,8585.93
2026-04-07 04:00:00,8437.7
2026-04-07 04:15:00,8730.18
2026-04-07 04:30:00,8565.68
2026-04-07 04:45:00,8667.14
2026-04-07 05:00:00,8673.93
2026-04-07 05:15:00,8744.23
2026-04-07 05:30:00,9075.85
2026-04-07 05:45:00,9399.16
2026-04-07 06:00:00,9775.81
2026-04-07 06:15:00,9782.06
2026-04-07 06:30:00,9673.78
2026-04-07 06:45:00,9690.05
2026-04-07 07:00:00,9568.55
2026-04-07 07:15:00,9934.56
2026-04-07 07:30:00,10109.0
2026-04-07 07:45:00,10564.8
2026-04-07 08:00:00,10848.0
2026-04-07 08:15:00,10918.0
2026-04-07 08:30:00,10546.6
2026-04-07 08:45:00,10620.8
2026-04-07 09:00:00,10576.4
2026-04-07 09:15:00,10155.2
2026-04-07 09:30:00,10383.5
2026-04-07 09:45:00,10499.3
2026-04-07 10:00:00,9861.21
2026-04-07 10:15:00,9888.59
2026-04-07 10:30:00,9878.22
2026-04-07 10:45:00,10072.5
2026-04-07 11:00:00,9996.01
2026-04-07 11:15:00,9958.12
2026-04-07 11:30:00,9997.08
2026-04-07 11:45:00,9319.71
2026-04-07 12:00:00,9963.17
2026-04-07 12:15:00,9978.69
2026-04-07 12:30:00,9907.27
2026-04-07 12:45:00,10115.2
2026-04-07 13:00:00,9790.56
2026-04-07 13:15:00,9390.38
2026-04-07 13:30:00,9480.51
2026-04-07 13:45:00,9272.08
2026-04-07 14:00:00,9044.5
2026-04-07 14:15:00,9215.21
2026-04-07 14:30:00,9235.26
2026-04-07 14:45:00,9382.12
2026-04-07 15:00:00,9030.79
2026-04-07 15:15:00,8644.61
2026-04-07 15:30:00,8701.6
2026-04-07 15:45:00,8909.06
2026-04-07 16:00:00,9213.95
2026-04-07 16:15:00,9681.15
2026-04-07 16:30:00,10121.0
2026-04-07 16:45:00,10259.9
2026-04-07 17:00:00,10281.5
2026-04-07 17:15:00,9960.44
2026-04-07 17:30:00,10024.8
2026-04-07 17:45:00,10348.7
2026-04-07 18:00:00,10645.2
2026-04-07 18:15:00,11050.2
2026-04-07 18:30:00,11499.1
2026-04-07 18:45:00,11565.3
2026-04-07 19:00:00,11271.9
2026-04-07 19:15:00,10658.5
2026-04-07 19:30:00,10602.0
2026-04-07 19:45:00,10937.0
2026-04-07 20:00:00,11078.3
2026-04-07 20:15:00,11307.9
2026-04-07 20:30:00,11313.3
2026-04-07 20:45:00,11136.9
2026-04-07 21:00:00,11157.7
2026-04-07 21:15:00,10958.8
2026-04-07 21:30:00,10832.2
2026-04-07 21:45:00,10746.2
2026-04-07 22:00:00,10819.9
2026-04-07 22:15:00,10810.5
2026-04-07 22:30:00,11146.9
2026-04-07 22:45:00,10855.5
2026-04-07 23:00:00,10674.0
2026-04-07 23:15:00,10359.1
2026-04-07 23:30:00,9655.57
2026-04-07 23:45:00,9454.21
2026-04-08 00:00:00,9854.61
2026-04-08 00:15:00,9814.42
2026-04-08 00:30:00,9250.12
2026-04-08 00:45:00,9514.44
2026-04-08 01:00:00,9329.57
2026-04-08 01:15:00,9340.24
2026-04-08 01:30:00,9318.38
2026-04-08 01:45:00,9297.49
2026-04-08 02:00:00,9195.73
2026-04-08 02:15:00,9209.74
2026-04-08 02:30:00,9104.26
2026-04-08 02:45:00,9162.93
2026-04-08 03:00:00,8869.3
2026-04-08 03:15:00,8743.6
2026-04-08 03:30:00,8809.45
2026-04-08 03:45:00,8781.25
2026-04-08 04:00:00,8604.28
2026-04-08 04:15:00,8628.48
2026-04-08 04:30:00,8522.3
2026-04-08 04:45:00,8545.4
2026-04-08 05:00:00,8574.66
2026-04-08 05:15:00,8651.44
2026-04-08 05:30:00,9107.97
2026-04-08 05:45:00,8921.14
2026-04-08 06:00:00,8983.34
2026-04-08 06:15:00,9158.81
2026-04-08 06:30:00,9045.25
2026-04-08 06:45:00,8967.83
2026-04-08 07:00:00,9110.61
2026-04-08 07:15:00,9186.43
2026-04-08 07:30:00,9451.82
2026-04-08 07:45:00,9304.42
2026-04-08 08:00:00,9426.92
2026-04-08 08:15:00,9494.09
2026-04-08 08:30:00,9320.92
2026-04-08 08:45:00,9178.85
2026-04-08 09:00:00,9400.42
2026-04-08 09:15:00,9149.88
2026-04-08 09:30:00,8561.06
2026-04-08 09:45:00,7939.87
2026-04-08 10:00:00,7280.37
2026-04-08 10:15:00,7359.7
2026-04-08 10:30:00,7412.55
2026-04-08 10:45:00,7486.73
2026-04-08 11:00:00,8087.28
2026-04-08 11:15:00,7982.0
2026-04-08 11:30:00,7847.9
2026-04-08 11:45:00,7542.76
2026-04-08 12:00:00,8056.65
2026-04-08 12:15:00,7907.48
2026-04-08 12:30:00,7764.23
2026-04-08 12:45:00,7930.15
2026-04-08 13:00:00,7861.09
2026-04-08 13:15:00,7725.31
2026-04-08 13:30:00,7647.61
2026-04-08 13:45:00,7335.61
2026-04-08 14:00:00,7141.47
2026-04-08 14:15:00,7073.21
2026-04-08 14:30:00,7012.55
2026-04-08 14:45:00,7273.02
2026-04-08 15:00:00,7437.72
2026-04-08 15:15:00,7695.81
2026-04-08 15:30:00,7888.03
2026-04-08 15:45:00,8508.41
2026-04-08 16:00:00,8484.41
2026-04-08 16:15:00,8944.75
2026-04-08 16:30:00,9239.01
2026-04-08 16:45:00,9796.78
2026-04-08 17:00:00,10542.4
2026-04-08 17:15:00,10750.8
2026-04-08 17:30:00,10703.1
2026-04-08 17:45:00,10651.0
2026-04-08 18:00:00,10659.9
2026-04-08 18:15:00,10481.5
2026-04-08 18:30:00,10397.8
2026-04-08 18:45:00,10372.5
2026-04-08 19:00:00,10320.1
2026-04-08 19:15:00,10438.2
2026-04-08 19:30:00,10262.8
2026-04-08 19:45:00,10052.8
2026-04-08 20:00:00,10110.5
2026-04-08 20:15:00,10338.0
2026-04-08 20:30:00,10065.6
2026-04-08 20:45:00,10199.4
2026-04-08 21:00:00,10107.1
2026-04-08 21:15:00,9668.09
2026-04-08 21:30:00,9660.52
2026-04-08 21:45:00,9368.8
2026-04-08 22:00:00,9280.87
2026-04-08 22:15:00,9140.22
2026-04-08 22:30:00,9176.83
2026-04-08 22:45:00,8676.36
2026-04-08 23:00:00,8337.98
2026-04-08 23:15:00,8260.29
2026-04-08 23:30:00,8369.33
2026-04-08 23:45:00,8597.9
2026-04-09 00:00:00,9153.64
2026-04-09 00:15:00,9269.66
2026-04-09 00:30:00,9479.18
2026-04-09 00:45:00,9101.83
2026-04-09 01:00:00,9096.67
2026-04-09 01:15:00,9054.36
2026-04-09 01:30:00,9301.47
2026-04-09 01:45:00,9061.82
2026-04-09 02:00:00,9208.37
2026-04-09 02:15:00,8998.53
2026-04-09 02:30:00,8815.12
2026-04-09 02:45:00,8847.54
2026-04-09 03:00:00,8740.51
2026-04-09 03:15:00,8958.45
2026-04-09 03:30:00,8807.19
2026-04-09 03:45:00,8538.34
2026-04-09 04:00:00,8873.9
2026-04-09 04:15:00,8896.01
2026-04-09 04:30:00,9124.96
2026-04-09 04:45:00,9279.5
2026-04-09 05:00:00,9205.51
2026-04-09 05:15:00,9201.45
2026-04-09 05:30:00,9130.27
2026-04-09 05:45:00,9081.95
2026-04-09 06:00:00,9357.52
2026-04-09 06:15:00,9617.94
2026-04-09 06:30:00,9316.86
2026-04-09 06:45:00,8858.27
2026-04-09 07:00:00,8868.21
2026-04-09 07:15:00,8976.58
2026-04-09 07:30:00,8845.49
2026-04-09 07:45:00,8937.84
2026-04-09 08:00:00,9057.47
2026-04-09 08:15:00,8816.18
2026-04-09 08:30:00,8526.53
2026-04-09 08:45:00,8701.51
2026-04-09 09:00:00,8350.12
2026-04-09 09:15:00,8223.84
2026-04-09 09:30:00,7837.74
2026-04-09 09:45:00,7523.23
2026-04-09 10:00:00,7238.92
2026-04-09 10:15:00,7090.85
2026-04-09 10:30:00,6968.0
2026-04-09 10:45:00,7080.39
2026-04-09 11:00:00,7419.14
2026-04-09 11:15:00,7352.86
2026-04-09 11:30:00,7437.72
2026-04-09 11:45:00,7480.53
2026-04-09 12:00:00,7913.92
2026-04-09 12:15:00,7256.31
2026-04-09 12:30:00,7614.81
2026-04-09 12:45:00,7735.99
2026-04-09 13:00:00,7054.64
2026-04-09 13:15:00,6905.57
2026-04-09 13:30:00,6519.3
2026-04-09 13:45:00,6305.59
2026-04-09 14:00:00,6203.76
2026-04-09 14:15:00,6074.0
2026-04-09 14:30:00,6276.38
2026-04-09 14:45:00,6140.74
2026-04-09 15:00:00,6324.27
2026-04-09 15:15:00,6516.34
2026-04-09 15:30:00,7015.17
2026-04-09 15:45:00,6950.83
2026-04-09 16:00:00,7142.05
2026-04-09 16:15:00,7720.54
2026-04-09 16:30:00,8524.67
2026-04-09 16:45:00,8981.72
2026-04-09 17:00:00,9273.35
2026-04-09 17:15:00,9556.85
2026-04-09 17:30:00,9918.16
2026-04-09 17:45:00,10149.5
2026-04-09 18:00:00,10144.1
2026-04-09 18:15:00,9877.76
2026-04-09 18:30:00,9938.63
2026-04-09 18:45:00,10062.7
2026-04-09 19:00:00,10391.8
2026-04-09 19:15:00,10350.2
2026-04-09 19:30:00,10409.0
2026-04-09 19:45:00,10439.1
2026-04-09 20:00:00,10123.1
2026-04-09 20:15:00,10519.5
2026-04-09 20:30:00,10190.5
2026-04-09 20:45:00,10056.1
2026-04-09 21:00:00,9748.8
2026-04-09 21:15:00,9591.46
2026-04-09 21:30:00,8937.49
2026-04-09 21:45:00,8970.53
2026-04-09 22:00:00,9249.67
2026-04-09 22:15:00,9104.55
2026-04-09 22:30:00,9050.61
2026-04-09 22:45:00,8623.38
2026-04-09 23:00:00,8883.13
2026-04-09 23:15:00,8698.37
2026-04-09 23:30:00,8563.29
2026-04-09 23:45:00,8297.43
2026-04-10 00:00:00,9291.22
2026-04-10 00:15:00,9707.53
2026-04-10 00:30:00,9840.81
2026-04-10 00:45:00,9842.85
2026-04-10 01:00:00,9370.21
2026-04-10 01:15:00,9405.32
2026-04-10 01:30:00,9404.89
2026-04-10 01:45:00,8896.88
2026-04-10 02:00:00,8671.87
2026-04-10 02:15:00,8448.59
2026-04-10 02:30:00,8629.09
2026-04-10 02:45:00,8595.28
2026-04-10 03:00:00,8052.34
2026-04-10 03:15:00,7969.01
2026-04-10 03:30:00,8077.8
2026-04-10 03:45:00,7761.95
2026-04-10 04:00:00,7832.04
2026-04-10 04:15:00,7895.83
2026-04-10 04:30:00,8183.83
2026-04-10 04:45:00,8190.69
2026-04-10 05:00:00,8344.96
2026-04-10 05:15:00,8484.44
2026-04-10 05:30:00,8902.42
2026-04-10 05:45:00,9328.74
2026-04-10 06:00:00,9463.82
2026-04-10 06:15:00,9548.61
2026-04-10 06:30:00,9294.68
2026-04-10 06:45:00,9234.98
2026-04-10 07:00:00,9670.03
2026-04-10 07:15:00,9724.76
2026-04-10 07:30:00,9581.36
2026-04-10 07:45:00,9684.59
2026-04-10 08:00:00,9634.71
2026-04-10 08:15:00,9919.52
2026-04-10 08:30:00,9651.0
2026-04-10 08:45:00,9371.46
2026-04-10 09:00:00,8766.07
2026-04-10 09:15:00,8743.02
2026-04-10 09:30:00,8755.26
2026-04-10 09:45:00,8948.04
2026-04-10 10:00:00,8960.61
2026-04-10 10:15:00,8954.21
2026-04-10 10:30:00,7932.31
2026-04-10 10:45:00,7983.96
2026-04-10 11:00:00,7829.05
2026-04-10 11:15:00,7972.22
2026-04-10 11:30:00,7923.42
2026-04-10 11:45:00,7144.06
2026-04-10 12:00:00,7971.78
2026-04-10 12:15:00,7822.9
2026-04-10 12:30:00,7869.61
2026-04-10 12:45:00,8074.18
2026-04-10 13:00:00,7717.6
2026-04-10 13:15:00,7430.68
2026-04-10 13:30:00,7014.61
2026-04-10 13:45:00,6867.32
2026-04-10 14:00:00,6627.56
2026-04-10 14:15:00,6811.2
2026-04-10 14:30:00,6562.54
2026-04-10 14:45:00,6359.85
2026-04-10 15:00:00,6117.36
2026-04-10 15:15:00,6433.06
2026-04-10 15:30:00,6634.14
2026-04-10 15:45:00,6849.02
2026-04-10 16:00:00,7840.85
2026-04-10 16:15:00,8252.74
2026-04-10 16:30:00,9150.8
2026-04-10 16:45:00,9460.4
2026-04-10 17:00:00,9327.61
2026-04-10 17:15:00,9193.04
2026-04-10 17:30:00,9499.4
2026-04-10 17:45:00,9605.96
2026-04-10 18:00:00,9705.05
2026-04-10 18:15:00,9544.25
2026-04-10 18:30:00,9767.62
2026-04-10 18:45:00,9850.33
2026-04-10 19:00:00,10110.8
2026-04-10 19:15:00,10242.8
2026-04-10 19:30:00,10702.5
2026-04-10 19:45:00,10523.1
2026-04-10 20:00:00,10250.7
2026-04-10 20:15:00,9829.78
2026-04-10 20:30:00,9965.02
2026-04-10 20:45:00,10444.6
2026-04-10 21:00:00,10147.5
2026-04-10 21:15:00,9534.49
2026-04-10 21:30:00,9330.46
2026-04-10 21:45:00,9687.54
2026-04-10 22:00:00,9773.24
2026-04-10 22:15:00,9923.55
2026-04-10 22:30:00,10242.2
2026-04-10 22:45:00,9924.19
2026-04-10 23:00:00,9351.71
2026-04-10 23:15:00,8614.39
2026-04-10 23:30:00,7952.26
2026-04-10 23:45:00,7500.64
2026-04-11 00:00:00,8651.14
2026-04-11 00:15:00,8644.69
2026-04-11 00:30:00,9001.96
2026-04-11 00:45:00,9015.22
2026-04-11 01:00:00,8647.53
2026-04-11 01:15:00,8649.03
2026-04-11 01:30:00,8356.71
2026-04-11 01:45:00,8208.11
2026-04-11 02:00:00,7776.42
2026-04-11 02:15:00,7784.6
2026-04-11 02:30:00,7931.35
2026-04-11 02:45:00,7729.92
2026-04-11 03:00:00,7405.96
2026-04-11 03:15:00,7086.45
2026-04-11 03:30:00,6964.39
2026-04-11 03:45:00,6778.8
2026-04-11 04:00:00,6773.09
2026-04-11 04:15:00,6984.93
2026-04-11 04:30:00,7160.59
2026-04-11 04:45:00,7159.62
2026-04-11 05:00:00,7322.78
2026-04-11 05:15:00,7456.57
2026-04-11 05:30:00,7667.9
2026-04-11 05:45:00,8213.61
2026-04-11 06:00:00,8303.2
2026-04-11 06:15:00,8264.42
2026-04-11 06:30:00,8644.2
2026-04-11 06:45:00,8911.83
2026-04-11 07:00:00,9129.12
2026-04-11 07:15:00,9020.85
2026-04-11 07:30:00,8815.53
2026-04-11 07:45:00,8855.83
2026-04-11 08:00:00,9270.38
2026-04-11 08:15:00,9305.33
2026-04-11 08:30:00,9026.22
2026-04-11 08:45:00,8957.58
2026-04-11 09:00:00,8985.86
2026-04-11 09:15:00,8854.79
2026-04-11 09:30:00,8870.92
2026-04-11 09:45:00,8407.04
2026-04-11 10:00:00,8240.48
2026-04-11 10:15:00,8312.27
2026-04-11 10:30:00,8218.14
2026-04-11 10:45:00,8381.43
2026-04-11 11:00:00,8386.91
2026-04-11 11:15:00,8537.03
2026-04-11 11:30:00,8329.18
2026-04-11 11:45:00,7945.77
2026-04-11 12:00:00,8799.55
2026-04-11 12:15:00,8322.98
2026-04-11 12:30:00,8144.35
2026-04-11 12:45:00,8149.85
2026-04-11 13:00:00,7895.54
2026-04-11 13:15:00,7686.07
2026-04-11 13:30:00,7492.28
2026-04-11 13:45:00,7421.6
2026-04-11 14:00:00,7237.68
2026-04-11 14:15:00,7399.82
2026-04-11 14:30:00,7581.41
2026-04-11 14:45:00,7559.55
2026-04-11 15:00:00,7696.81
2026-04-11 15:15:00,8011.08
2026-04-11 15:30:00,8222.44
2026-04-11 15:45:00,8201.33
2026-04-11 16:00:00,8362.59
2026-04-11 16:15:00,8959.74
2026-04-11 16:30:00,9702.74
2026-04-11 16:45:00,10244.9
2026-04-11 17:00:00,10671.8
2026-04-11 17:15:00,10748.7
2026-04-11 17:30:00,11041.0
2026-04-11 17:45:00,11373.7
2026-04-11 18:00:00,11481.6
2026-04-11 18:15:00,11433.0
2026-04-11 18:30:00,11644.0
2026-04-11 18:45:00,11447.0
2026-04-11 19:00:00,11612.5
2026-04-11 19:15:00,11489.3
2026-04-11 19:30:00,11180.2
2026-04-11 19:45:00,11026.6
2026-04-11 20:00:00,10885.9
2026-04-11 20:15:00,11065.3
2026-04-11 20:30:00,10974.4
2026-04-11 20:45:00,10951.4
2026-04-11 21:00:00,10997.1
2026-04-11 21:15:00,11009.3
2026-04-11 21:30:00,10896.6
2026-04-11 21:45:00,10905.4
2026-04-11 22:00:00,10566.9
2026-04-11 22:15:00,10588.9
2026-04-11 22:30:00,10084.7
2026-04-11 22:45:00,9379.17
2026-04-11 23:00:00,9164.25
2026-04-11 23:15:00,8231.86
2026-04-11 23:30:00,7583.12
2026-04-11 23:45:00,7458.94
2026-04-12 00:00:00,8830.99
2026-04-12 00:15:00,9539.1
2026-04-12 00:30:00,10003.0
2026-04-12 00:45:00,9062.77
2026-04-12 01:00:00,8647.52
2026-04-12 01:15:00,8472.92
2026-04-12 01:30:00,8753.73
2026-04-12 01:45:00,8653.08
2026-04-12 02:00:00,8448.77
2026-04-12 02:15:00,8412.18
2026-04-12 02:30:00,8440.84
2026-04-12 02:45:00,8300.61
2026-04-12 03:00:00,8428.96
2026-04-12 03:15:00,8062.05
2026-04-12 03:30:00,8257.08
2026-04-12 03:45:00,7578.2
2026-04-12 04:00:00,7944.87
2026-04-12 04:15:00,8124.42
2026-04-12 04:30:00,8163.02
2026-04-12 04:45:00,7655.54
2026-04-12 05:00:00,7748.35
2026-04-12 05:15:00,7908.46
2026-04-12 05:30:00,8413.74
2026-04-12 05:45:00,8959.34
2026-04-12 06:00:00,9251.67
2026-04-12 06:15:00,9362.4
2026-04-12 06:30:00,9374.75
2026-04-12 06:45:00,9417.79
2026-04-12 07:00:00,9462.54
2026-04-12 07:15:00,9560.45
2026-04-12 07:30:00,8766.22
2026-04-12 07:45:00,8968.91
2026-04-12 08:00:00,9067.74
2026-04-12 08:15:00,9204.51
2026-04-12 08:30:00,8702.77
2026-04-12 08:45:00,9654.94
2026-04-12 09:00:00,9448.8
2026-04-12 09:15:00,9336.88
2026-04-12 09:30:00,9377.21
2026-04-12 09:45:00,8960.83
2026-04-12 10:00:00,9340.41
2026-04-12 10:15:00,9478.05
2026-04-12 10:30:00,9349.33
2026-04-12 10:45:00,9339.79
2026-04-12 11:00:00,9117.96
2026-04-12 11:15:00,8968.21
2026-04-12 11:30:00,8631.62
2026-04-12 11:45:00,8508.66
2026-04-12 12:00:00,9069.79
2026-04-12 12:15:00,9220.95
2026-04-12 12:30:00,8671.44
2026-04-12 12:45:00,8638.07
2026-04-12 13:00:00,8141.51
2026-04-12 13:15:00,7632.94
2026-04-12 13:30:00,7355.86
2026-04-12 13:45:00,7355.46
2026-04-12 14:00:00,7795.21
2026-04-12 14:15:00,8446.33
2026-04-12 14:30:00,8620.64
2026-04-12 14:45:00,8919.95
2026-04-12 15:00:00,8852.75
2026-04-12 15:15:00,9216.7
2026-04-12 15:30:00,9622.66
2026-04-12 15:45:00,9473.2
2026-04-12 16:00:00,9779.12
2026-04-12 16:15:00,10310.1
2026-04-12 16:30:00,10442.6
2026-04-12 16:45:00,10014.5
2026-04-12 17:00:00,10605.5
2026-04-12 17:15:00,10766.3
2026-04-12 17:30:00,11046.3
2026-04-12 17:45:00,11046.2
2026-04-12 18:00:00,11441.4
2026-04-12 18:15:00,11756.7
2026-04-12 18:30:00,12078.7
2026-04-12 18:45:00,11879.0
2026-04-12 19:00:00,11577.9
2026-04-12 19:15:00,11986.2
2026-04-12 19:30:00,11553.8
2026-04-12 19:45:00,11752.7
2026-04-12 20:00:00,11953.5
2026-04-12 20:15:00,11723.1
2026-04-12 20:30:00,11970.9
2026-04-12 20:45:00,11914.6
2026-04-12 21:00:00,11755.7
2026-04-12 21:15:00,11700.8
2026-04-12 21:30:00,11498.6
2026-04-12 21:45:00,11493.3
2026-04-12 22:00:00,11058.7
2026-04-12 22:15:00,11281.8
2026-04-12 22:30:00,10838.7
2026-04-12 22:45:00,10423.7
2026-04-12 23:00:00,9723.21
2026-04-12 23:15:00,9318.25
2026-04-12 23:30:00,8916.67
2026-04-12 23:45:00,8220.82
